arrival_date;arrival_date_calc;cargo_list;crew_number;forced_arrival;master_name;master_role;parsed_text;passenger_account;publication_day;quarantine;raw_text;ship_flag;ship_name;ship_tons_capacity;ship_tons_unit;ship_type;source_file;travel_departure_port;travel_duration_unit;travel_duration_value
Día 15:;;N/A:  | N/A:  | N/A: ;;;Clark;cap.;;;;;De Scarsport en 15 días berg am. Isaac Carter, cap. Clark, ton. 196, con envasos, á D. S. O. F.undam y comp.;am.;Isaac Carter;;;berg;1852_01_01;Scarsport;;
Día 18:;;N/A: ;;;Porton do;cap.;;;;;De Liverpool en 18 días berg esp. Historia, cap. Porton do, ton. 124, con mercadería, a los Sres. Clarke y con p.;esp.;Historia;;;berg;1852_01_01;Liverpool;;
Día 20:;;N/A: ;;;Blake;cap.;;;;;De Portland en 20 días berg am. William H. Spear, capit. Blake, ton. 528, con envasos, a los Sres. Uriaci, P. y comp.;am.;William H. Spear;;;berg;1852_01_01;Portland;;
Día 10:;;N/A:  | N/A: ;;;Sandomark;cap.;;;;;Le New Port en 10 días frag. esp. Louis, cap. Sandomark, ton. 371, en caderas, á D. A. K. K. y comp.;esp.;Louis;;;frag.;1852_01_01;Le New Port;;
Día 15:;02-02-XXXX;N/A: ;;;Caste;cap.;;;18-01-XXXX;;Enero 18.—De Boston en 15 dias frag. am. Edwin Johnson, cap. Caste, ton. 200, con mercancías, a los Sres. Drake, II y comp.;am.;Edwin Johnson;;;frag.;1852_01_02;Boston;;
Día 75:;;N/A: ;;;Thomas;cap.;;;;;De Buenos Aires en 75 dias berg. franc. Candeibera, capitán Thomas, ton. 190, con tajaju, a los Sres. Saint y comp.;franc.;Candeibera;;;berg.;1852_01_02;Buenos Aires;;
Día 66:;;N/A: ;;;Broth;cp.;;;;;De Buenos Aires en 66 dias gl. ing. John Murray, cp. Broth, ton. 143, con tajaju, a los Sres. S. comp.;ing.;John Murray;;;gl.;1852_01_02;Buenos Aires;;
Día 65:;;N/A: ;;;Mercedes;cap.;;;;;De Buenos Aires y Matanzas en 65 dias frag. cap. Mercedes, cap. Oliver, ton. 230, con tajaju, a los Sres. Ricart, II y Cía.;;;;;frag.;1852_01_02;Buenos Aires y Matanzas;;
Día 1:;;N/A: ;;;Sawyer;cap.;;;;;De San Cayetano en 1 día frag. am. Cuba, cap. Sawyer, ton 100, con mineral de cobre, a los Sres. Drake, H. y comp.;am.;Cuba;;;frag.;1852_01_03;San Cayetano;;
Día 3:;;N/A: ;;;Magri;cap.;;;;;De San José de Sinaí berg esp. Matilde, cap. Magri, ton. 134, con efectos, a los tres harmonys comp.— Pausg 1.;esp.;Matilde;;;berg;1852_01_03;San José de Sinaí;;
Día 70:;;N/A: ;;;Meyer;cap.;;;;;De Amsterdam en 70 días berg, hot. Snelheid, cap. Meyer, ton, 165, con viveres a D. H. Lottmann.;;Snelheid;;;berg;1852_01_03;Amsterdam;;
Día 54:;;N/A: ;;;Taylor;cap.;;;;;De New-Cas le en 54 días berg ing Maxwell, cap. Taylor, ton. 308, con carbón, a los Sres. Crawford y E. charte.;ing;Maxwell;;;berg;1852_01_03;New-Cas;;
Día 62:;;N/A: ;;;Bredvick;cap.;;;;;De New-Castle en 62 días frag. ing. era Arindne, cap. Bredvick, ton 345, con carbón, a los Sres. Crawford y Echarte.;ing.;Arindne;;;frag.;1852_01_03;New-Castle;;
Día 7:;;;;;Smith;cap.;;;;;De New Orleans en 7 dias berg. un.  2. Soulé, cap. Smith;;un.;;;berg.;1852_01_04;New Orleans;;
Día 7:;;;;;Ruiz;cap.;;;;;De Veracruz en 7 dias gol. esp. Flor de Llanes, cap. Ruiz;esp.;Flor de Llanes;;;gol.;1852_01_04;Veracruz;;
Día 23:;;N/A: ;;;Herrymann;cap.;;;;;De Frankfort en 23 dias berg. am. Henry Mathews, capit. Herrymann, ton. 249 con envases, a los Sres. Morison, D. y Cª;am.;Henry Mathews;;;berg.;1852_01_06;Frankfort;;
Día 10:;10-01-XXXX;N/A: ;;;Mossman;cap.;;;05-01-XXXX;;Enero 5—De Mobile en 5 dias berg. am. E. W. Denton, cap. Mossman ton. 142, con maderas, a los Sres. Roig, S. y comp.;am.;E. W. Denton;;;berg.;1852_01_06;Mobile;;
Día 18:;;N/A: ;;;Elliot;cap.;;;;;De Portland en 18 dias frag. am. Old Fellow, capit. Elliot, ton. 233, con maderas, a D. S. U. Burnham y comp.;am.;Old Fellow;;;frag.;1852_01_06;Portland;;
Día 60:;;N/A: ;;;Prats;oap.;;;;;De Mallorca en 60 dins pol. esp. Concha, oap. Prats, tonel.;esp.;Concha;;;pol.;1852_01_11;Mallorca;;
Día 6:;;;;;capitan;cap.;;;;;De New-Orléans en 6 días frag. am. J. F. Hathorn, capitan;am.;J. F. Hathorn;;;frag.;1852_01_13;New-Orléans;;
;;N/A: ;;;Gabrera;cap.;;;;;pol. cap. Amalia, esp. Gabrera, ton. 57, con frutos, á D. G.;esp.;Amalia;;;pol.;1852_01_13;;;
Día 6:;;N/A:  | N/A: ;;;Porter;cap.;;;;;"De Otago en 6 dias vapor am. Georgia; cap. Porter, ton. 3000, en lastre, á los Sres. Drake, H. y comp.—Pasag. $25— Saló hasta á las 12 para New-York.";am.;Georgia;;;vapor;1852_01_14;Otago;;
Día 42:;;;;;Hermo;cap.;;;;;Enero 14—De Barcelona en 42 dias frag. cap. Hermo en Bais-;;;;;frag.;1852_01_15;Barcelona;;
Día 18:;;;;;Meyers;cap.;;;;;Do New-York en 18 dias berg. amer. Edgar, cap. Meyers,;amer.;Edgar;;;berg.;1852_01_15;New-York;;
Día 31:;;N/A: ;;;Gage;cap.;;;;;De Bath en 31 dias berg. am. Mary Jane, cap. Gage, ton.;am.;Mary Jane;;;berg.;1852_01_15;Bath;;
Día 13:;;;;;;cap.;;;;;Enero 15—Do New-York en 13 dias frag. am. Parody, cap.;am.;Parody;;;frag.;1852_01_16;New-York;;
Día 20:;;;;;Dutton;cap.;;;;;De Bath en 20 dias gol. am. Syam, cap. Dutton, ton. 149,;am.;Syam;;;gol.;1852_01_16;Bath;;
Día 60:;;N/A: ;;;Alday;cap.;;;;;De S. Sebastián y la Coruña en 60 días berg. esp. Nueva Carenecita, cap. Alday, ton. 193, con harina, á los Sres. Guterrez y Canal.—Pasag. 66.;esp.;Nueva Carenecita;;;berg.;1852_01_17;S. Sebastián y la Coruña;;
Día 13:;;N/A: ;;;Kents;cap.;;;;;De Wilmington en 13 días berg. am. Cleopatra, cap. Kents. ton. 191, con waderas, á D. S. C. Burnham y comp.;am.;Cleopatra;;;berg.;1852_01_17;Wilmington;;
Día 14:;;N/A: ;;;Callagher;cap.;;;;;De Filadelfia en 14 días frag. sin Japón, cap. Callagher, ton. 215, con morcones, á D. F. Alvarez y comp.—Pasag. 2.;sin Japón;;;;frag.;1852_01_17;Filadelfia;;
Día 4:;;N/A:  | N/A: ;;;Sawyer;cap.;;;;;De Kingston en 4 días vapor inglés Conway, cap. Sawyer, ton. 530, con dinero y correspondencia, al Sr. cónsul inglés.;inglés;Conway;;;vapor;1852_01_17;Kingston;;
Día 21:;;;;;Wooster;cap.;;;;;Do Bath en 21 días berg. am. B. Young, cap. Wooster, ton.;am.;B. Young;;;berg.;1852_01_18;Bath;;
Día 31:;;;;;Durham;cap.;;;;;Do Boston en 31 días berg. amor Montague, cap. Durham,;;Montague;;;berg.;1852_01_18;Boston;;
Día 8:;;;;;Rasken;cap.;;;;;Do Galveston en 8 días berg. bremés Herschol, cap. Rasken;bremés;Herschol;;;berg.;1852_01_18;Galveston;;
Día 55:;;;;;San Ginós;cap.;;;;;Do Liverpool en 55 días berg. cap. San Ginós, cap. Uribe,;;;;;berg.;1852_01_18;Liverpool;;
Día 10:;;;;;Mac;cap.;;;;;De Jamaica en 10 días berg ing. Loven Less, capitán Mac;ing.;Loven Less;;;berg;1852_01_18;Jamaica;;
Día 23:;;;;;Rçed;cap.;;;;;De Wiscasset en 23 días berg. amer. Wetsport, cap. Rçed,;amer.;Wetsport;;;berg.;1852_01_20;Wiscasset;;
Día 22:;;N/A: ;;;Mao Grillis;cap.;;;;;De Boston en 22 días berg. ain. Roscoso, cap. Mao Grillis, ton.;ain.;Roscoso;;;berg.;1852_01_20;Boston;;
Día 78:;;;;;capitán;cap.;;;;;De Palma (Mallorca) en 78 días berg. cap. Rosita, capitán;;Rosita;;;berg.;1852_01_20;Palma (Mallorca);;
Día 16:;;;;;;;;;;;De Barcelona, Matanzas en 16 días berg. érp. Segundo E.;éjp.;Segundo E.;;;berg.;1852_01_20;Barcelona;;
Día 50:;;;;;;cap.;;;;;Enero 19—De Santander y Matanzas en 50 días frag. cap.;;;;;frag.;1852_01_20;Santander y Matanzas;;
Día 32:;;;;;White;cap.;;;;;De Bath—32 días frag. am. Louisa Kilham, cap. White,;am.;Louisa Kilham;;;frag.;1852_01_20;Bath;;
Día 11:;;N/A: ;;;Bennett;cap.;;;;;De Wilmington en 11 días berg. amer. John Dowson, capit. Bennett, ton. 237, con maderas, á L. S. C. Burdham y Cía.;amer.;John Dowson;;;berg.;1852_01_22;Wilmington;;
Día 3:;;N/A: ;;;Schneider;cap.;;;;;De New-Orleans en 3 días berg. amer. Adams Gray, capitán Schneider, ton. 138, con víveres, á los Sres. Drake, H. y Cª.;amer.;Adams Gray;;;berg.;1852_01_22;New-Orleans;;
Día 47:;;N/A: ;;;Venus;cap.;;;;;De Barcelona en 47 días berg. cap. Prestigio, cap. Venus, ton. 149, con frutos, á D. J. R. Martí y comp.—Paso 5.;;Prestigio;;;berg.;1852_01_22;Barcelona;;
Día 40:;;N/A: ;;;Schroeder;cap.;;;;;De Valparaíso en 40 días frag. cuel. Enrique, cap. Schroeder, ton. 231, con cacao, al capitán.;cuel.;Enrique;;;frag.;1852_01_22;Valparaíso;;
Día 12:;;;;;Bigley;cap.;;;;;De Wilmington en 12 dias frag. am. Saranac, cap. Bigley,;am.;Saranac;;;frag.;1852_01_23;Wilmington;;
Día 20:;;;;;Stover;ep.;;;;;De Portland en 20 dias rag. am. Mercy E. len, ep. Stover,;am.;Mercy E. len;;;rag.;1852_01_23;Portland;;
Día 10:;;;;;Turlow;cap.;;;;;De Wilmington en 10 dias berg. am. Susan, cap. Turlow,;am.;Susan;;;berg.;1852_01_23;Wilmington;;
Día 12:;;;;;;coman.;;;;;De Vor cruz en 12 dias frag. de S. M. B. Alarm, su coman-;S. M.;Alarm;;;frag.;1852_01_23;Vor cruz;;
Día 55:;;N/A: ;;;Green;cap.;;;23-01-XXXX;;Enero 23.—De Northumberland 55 días berg. amer. Hibernia, cap. Green, ton. 200, con maderas, al capitán.;amer.;Hibernia;;;berg.;1852_01_24;Northumberland;;
Día 21:;;N/A: ;;;Geyer;cap.;;;;;De Wiresaset en 21 días berg. amer. William M. Grotón, cap. Geyer, con. 210, con envases, a los Sres. Morizon, D. y comp.;amer.;William M. Grotón;;;berg.;1852_01_24;Wiresaset;;
Día 21:;;N/A:  | N/A: ;;;Yates;cap.;;;;;De Boston en 21 días berg. am. Lucerne, cap. Yates, tonel. 199, con envases, a los Sres. Stoty, S. y comp.;am.;Lucerne;;;berg.;1852_01_24;Boston;;
Día 40:;;N/A: ;;;Mathen;cap.;;;;;De Cádiz en 40 días frag. esp. Marú de, cap. Mathen, ton. 276, con futos, a los Sres. Sainz y comp.—Paso. 12.;esp.;Marú;;;frag.;1852_01_24;Cádiz;;
Día XX:;;N/A: ;;;Garay;cap.;;;21-01-XXXX;;Enero 21—De Bilbao en 52 berg. esp. Javiera, cap. Garay, ton. 157, con harina, á D. F. Gómez. —Pasaj. 21.;esp.;Javiera;;;berg.;1852_01_25;Bilbao;;
Día 51:;;N/A: ;;;Mendezona;cap.;;;;;De la Santander en 51 días, cap. Muriel Zulúa, capitán Mendezona, ton. 169, con harina, á D. P. Martínez.;;Muriel Zulúa;;;;1852_01_25;Santander;;
Día 17:;;N/A: ;;;Hardy;cap.;;;;;De Boston en 17 días frag. am. Emblem, cap. Hardy, ton. 235, de viveres, á D. S. C. Burnham y comp.;am.;Emblem;;;frag.;1852_01_25;Boston;;
Día 50:;;N/A: ;;;Hoscoe;cap.;;;;;De Liverpool en 50 días frag. ing. Queen, cap. Hoscoe, ton. 383, de mercancía, á los Sres. Lawton y Volne. —Pasaj. 6.;ing.;Queen;;;frag.;1852_01_25;Liverpool;;
Día 21:;;N/A: ;;;Louguany;cap.;;;;;De Martinica y St. Thomas en 21 días frag. franc. Blonde, cap. Louguany, ton. 439, en lastre, á los Sres. Zangroniz, H. y comp.;franc.;Blonde;;;frag.;1852_01_25;Martinica y St. Thomas;;
Día 25:;;N/A:  | N/A: ;;;Orr;cap.;;;;;De Bath en 25 días berg. amer. Venus, cap. Orr, ton. 157, con maderas, á capitan.;amer.;Venus;;;berg.;1852_01_25;Bath;;
Día 22:;;N/A: ;;;Thurston;cap.;;;;;De Portland en 22 días frag. am. E. A. Kinsman, capitán Thurston, ton. 269, con maderas, á los Sres. Drake, H. y Cía.;am.;E. A. Kinsman;;;frag.;1852_01_25;Portland;;
Día 22:;;N/A: ;;;T. wood;cap.;;;;;De Portland en 22 días frag. am. F. A. Perley, cap. T. wood, ton. 219, con envases, á D. S. C. Burnham y comp.;am.;F. A. Perley;;;frag.;1852_01_25;Portland;;
Día 13:;13-01-1925;N/A:  | N/A: ;;;Church;cap.;;;07-01-1925;;7 Enero 25—De Nicaragua en 6 días vap. amer. Prometheus, cap. Church, ton. 1200, con dinero, a los Sres. Drake, H. y comp.—Pangueros 300.;amer.;Prometheus;;;vap.;1852_01_27;Nicaragua;;
Día 3:;;N/A: ;;;Rollins;cap.;;;;;De Charleston, Savannah y Cayo-Hueso en 3 días vapor am. Isabel, cap. Rollins, ton. 1115, con arroz, a los Sres. Drake, H. y comp.—Páez, 67 para esta plaza y 261 para California.;am.;Isabel;;;vapor;1852_01_27;Charleston, Savannah y Cayo-Hueso;;
Día 8:;;N/A: ;;;Bulloch;cap.;;;;;De Savannah en 8 días gol. amer. Sosa Guilt, cap. Bulloch, ton. 121, con arroz, a D. S. C. Burnham y comp.;amer.;Sosa Guilt;;;gol.;1852_01_27;Savannah;;
Día 55:;;N/A: ;;;Fraga;cap.;;;;;De Burdeos en 55 días, esp. San José, cap. Fraga, ton. 103, con mercancías, al capitán.;;San José;;;esp.;1852_01_27;Burdeos;;
Día 50:;;N/A: ;;;Tacou;cap.;;;;;De Mallorca en 50 días pol. esp. Josefina, cap. Tacou, ton. 105, con frutos, a D. F. Vontesa.;esp.;Josefina;;;pol.;1852_01_27;Mallorca;;
Día 38:;;N/A: ;;;Landola;cap.;;;;;De Santander en 38 días berg. esp. Aurora, cap. Landola, ton. 266, con harina, a D. J. A. Irigoyen.;esp.;Aurora;;;berg.;1852_01_27;Santander;;
Día 6:;;N/A: ;;;Woodburgham;cap.;;;;;De Nueva-Orleans en 6 días berg. am. Mount Vermont, cap. Woodburgham, ton. 140, con manteeca, a los Sres. Noriega, O. y comp.—Páez, 5.;am.;Mount Vermont;;;berg.;1852_01_27;Nueva-Orleans;;
Día 43:;;N/A: ;;;Río;cap.;;;;;De la Coruña en 43 días berg. esp. María Juana, cap. Río, ton. 136, con frutos, a los Sres. Noriega, O. y Cja.—Páez, 33;esp.;María Juana;;;berg.;1852_01_27;la Coruña;;
Día 52:;;N/A: ;;;Franco;cap.;;;;;De Bilbao en 52 dias berg. csp. Aurora, cap. Franco, ton. 127, con barina, á D. P. Martínez.—Parag. 1;csp.;Aurora;;;berg.;1852_01_28;Bilbao;;
Día 42:;;N/A: ;;;Palmer;cap.;;;;;De Mallorca en 42 dias pol. csp. Isabel, cap. Palmer, ton 157, con frutos, á D. F. Ventosa.;csp.;Isabel;;;pol.;1852_01_28;Mallorca;;
Día 41:;;N/A: ;;;Palmer;cap.;;;;;De Mallorca en 41 dias pol. csp. Columbus, capít. Palmer, ton. 197, con frutos, á D. F. Ventosa.;csp.;Columbus;;;pol.;1852_01_28;Mallorca;;
Día 7:;;N/A: ;;;Watron;cap.;;;;;De Charleston en 7 dias berg. amer. Somers, cap. Watron, ton. 111, con arroz, á D. S. C. Burnham y comp.;amer.;Somers;;;berg.;1852_01_28;Charleston;;
Día 5:;;N/A: ;;;Scherke;cap.;;;;;De Chagres en 5 dias vapor am. Ohio, cap. Scherke, ton. 5000, con 50,000$, á los Sres. Drake, H. y Cº —Par. 223;am.;Ohio;;;vapor;1852_01_28;Chagres;;
Día 61:;;N/A: ;;;Mirandell;csp.;;;;;De Buenos Aires en 61 dias berg. esp. Leopoldo, csp. Mirandell, ton. 217, con tarajo, á los Sres. Fontanilla y L'Anua.;esp.;Leopoldo;;;berg.;1852_01_28;Buenos Aires;;
Día 61:;;N/A: ;;;Adelardo;cap.;;;;;De Hamburgo en 61 dias berg. csp. Paquete de Mamburgo, cap. Adelardo, ton. 200, con mercancías, á D. J. Moyer y Cº;csp.;Paquete de Mamburgo;;;berg.;1852_01_28;Hamburgo;;
Día 54:;;N/A: ;;;Manau;cap.;;;;;De Tarragona y Matanzas en 54 dias pol. esp. Augusto, cap. Manau, ton. 211, con frutos, á D. F. Alvarez y comp.;esp.;Augusto;;;pol.;1852_01_28;Tarragona y Matanzas;;
Día 30:;;N/A: ;;;Sabater;csp.;;;;;De Santander en 30 dias berg. csp. Kozart, csp. Sabater, ton. 135, con harina, á D. G. Márquez.;;csp. Kozart;;;berg.;1852_01_28;Santander;;
Día 57:;;N/A: ;;;Calbujan;csp.;;;;;De Buenos Aires y Matanzas en 57 dias berg. csp. Palomar, csp. Calbujan, ton. 211, con tronjo, á los Sres. S. Sanz y comp.;csp.;Palomar;;;berg.;1852_01_28;Buenos Aires y Matanzas;;
Día 44:;;N/A: ;;;;ton.;;;;;De Barcelona en 44 dias pol. esp. Carroña, ton. 129, con frutos, á los Sres. Ricart, il. y comp.—Parag. 1.;esp.;Carroña;;;pol.;1852_01_28;Barcelona;;
Día 8:;;;;;Spencer;cap.;;;;;De Savannah en 8 dias berg. am Palo Alto, cap. Spencer,;am;Palo Alto;;;berg.;1852_01_29;Savannah;;
Día 20:;;;;;;;;;;;De Cádiz, Canarias y Pto. Río en 20 dia. y por correo de;;;;;;1852_01_30;Cádiz, Canarias y Pto. Río;;
Día 6:;;;;;Porter;cap.;;;;;De New York en 6 días vapor amer. Georgia, cap. Porter,;amer.;Georgia;;;vapor;1852_01_31;New York;;
Día 60:;;;;;;cap.;;;;;De Barcelona y Pto. Rico en 60 días frag. cap. Pohnania,;;Pohnania;;;frag.;1852_01_31;Barcelona y Pto. Rico;;
Día 14:;;;;;Cot-;cap.;;;;;Do Boston en 14 días frag. am. P. R. Hazeltune, cap. Cot-;am.;P. R. Hazeltune;;;frag.;1852_01_31;Boston;;
Día 5:;;;;;Burdick;cap.;;;;;Do Savannah en 5 días berg. amer. Randon, cap. Burdick,;amer.;Randon;;;berg.;1852_01_31;Savannah;;
Día 1:;;;;;Alwappen;cap.;;;;;Do Cádiz en 1 día gol. ing. Columbus, cap. Alwappen-;ing.;Columbus;;;gol.;1852_01_31;Cádiz;;
Día 60:;;;;;Federico;cap.;;;;;Do S. Sebastian en 60 días berg. cap. Federico, cap. Urbis-;;;;;berg.;1852_01_31;S. Sebastian;;
Día 17:;;;;;Huncoek;cap.;;;;;Do Portland en 17 días berg. am. Mosele, cap. Huncoek.;am.;Mosele;;;berg.;1852_02_01;Portland;;
Día 15:;;;;;Moore;cap.;;;;;Do Boston en 15 días frag. am. Mary H. Vore, cap. Moore,;am.;Mary H. Vore;;;frag.;1852_02_01;Boston;;
Día 68:;;;;;;cap.;;;;;Del Havre y Cowes, en 68 días berg. esp. Juan Emilio, cap.;esp.;Juan Emilio;;;berg.;1852_02_01;Havre y Cowes;;
Día 36:;;;;;Igartua;cap.;;;;;Do Burdeos en 36 días berg. esp. José María, cap. Igartua;esp.;José María;;;berg.;1852_02_01;Burdeos;;
Día 31:;;;;;;cap.;;;;;Do Londres en 31 días berg. esp. Ntra. Sra. del Pilar, cap.;esp.;Ntra. Sra. del Pilar;;;berg.;1852_02_01;Londres;;
Día 56:;;;;;Rentería;cap.;;;;;Do Hamburgo en 56 días berg. esp. Aguilu, cap. Rentería,;esp.;Aguilu;;;berg.;1852_02_01;Hamburgo;;
Día 11:;;;;;Copeland;cap.;;;;;De la Martínica en 11 días berg. faune. Copeland, capitán;;faune;;;berg.;1852_02_01;la Martínica;;
Día 18:;;;;;Perkins;cap.;;;;;Do Boston en 18 días frag. esp. Thorndick, cap. Perkins,;esp.;Thorndick;;;frag.;1852_02_01;Boston;;
Día 20:;;N/A: ;;;York;cap.;;;;;Do Portland en 20 días frag. au. Atuah, cap. York, tonel.;au.;Atuah;;;frag.;1852_02_01;Portland;;
Día 50:;;;;;Vila;cap.;;;;;Do Barcelona en 50 días berg. esp. Cisne, cap. Vila, ton. 205,;esp.;Cisne;;;berg.;1852_02_01;Barcelona;;
Día 83:;;N/A: ;;;Horzeland;cp.;;;;;De Hamburgo en 83 días berg. prus. Auguste, cp Horzeland, ton. 199, con mercancías, á los Sres. Picard y Albers.;prus.;Auguste;;;berg.;1852_02_03;Hamburgo;;
Día 11:;;N/A: ;;;Wilberg;cap.;;;;;De Jamaica en 11 días berg. noruego Treya, cap. Wilberg, ton. 206, en lastre, á su cónsul.;noruego;Treya;;;berg.;1852_02_03;Jamaica;;
Día 19:;;N/A: ;;;Line-kou;cap.;;;;;"De Portland en 19 días berg. ing. Phebe Paige, cap. Line-kou; ton. 174, con envases, á D. G. burnham y comp.";ing.;Phebe Paige;;;berg.;1852_02_03;Portland;;
Día 42:;;N/A: ;;;Roza;cap.;;;;;De Cádiz en 42 días berg. cap. Nuevo Andaluz, cap. Roza, ton. 117, con frutos, á los Sres. Noriega. (O. y Cb.)—Parag. 6.;;Nuevo Andaluz;;;berg.;1852_02_03;Cádiz;;
Día 61:;;N/A: ;;;Norvia;cap.;;;;;De Duodoo en 61 días berg. ing. Caroline, cap. Norvia, ton. 177, con carbon, á los Sres. Lawton y Tolmé.;ing.;Caroline;;;berg.;1852_02_03;Duodoo;;
Día 40:;;N/A:  | N/A: ;;;Fuentes;cap.;;;;;De Cádiz en 40 días corb. esp. Manolita, cap. Fuentes, ton. 192, con frutos y pertrechos, á los Sres: sobrinos de D. J. Go- mesy comp. —Pasag. 3.;esp.;Manolita;;;corb.;1852_02_03;Cádiz;;
Día 36:;;N/A: ;;;Armando;cap.;;;;;Santander y Matanzas en 36 días berg. cap. Sirena, capitán Armando, ton. 180, con harina, á D. Jose de Solano Alvear. — Pasag. 14.;;Sirena;;;berg.;1852_02_03;Santander;;
Día 41:;;N/A: ;;;Pedregal;cap.;;;02-02-XXXX;;Febrero 2—De Hamburgo en 41 días berg. esp. María, cap. Pedregal, ton. 118, con mercancías, al capitán.;esp.;María;;;berg.;1852_02_03;Hamburgo;;
;;;;;Andi- coeber;cap.;;;;;De arribada por hacer agua la frag. esp. Peria, cap. Andi- coeber, que salió ayer para Londres.;esp.;Peria;;;frag.;1852_02_03;;;
Día 46:;;N/A: ;;;Goicochea;cap.;;;;;De Amberes en 46 días berg. esp. Oceano, cap. Goicochea, ton. 266, con mercancías, á D. K. Meert y comp.;esp.;Oceano;;;berg.;1852_02_03;Amberes;;
Día 21:;;N/A:  | N/A: ;;;Snow-ton;ep.;;;;;De Bangor en 21 días berg. am. R. K. Huskings, ep. Snow-ton. 161, con maderas, á D. C. Tyng —el día 12 del parado perdió parte de la carga de cobre cubierta á causa de la mucha, mas y fuera vientos del O.;am.;R. K. Huskings;;;berg.;1852_02_03;Bangor;;
Día 10:;10-02-XXXX;N/A: ;;;Silver;cap.;;;03-02-XXXX;;Febrero 3—1o New-Orleans en 7 dias gol. am. Fairy, cap. Silver, ton. 113, con víveres, á D. F. Alvarez y comp.—Pasajeros 5.;am.;Fairy;;;gol.;1852_02_04;New-Orleans;;
Día 25:;;N/A: ;;;Mao Clare;cap.;;;;;De Portland en 25 días berg. am. Grand Turck, cap. Mao Clare, ten. 110, con madera, á los Sres. Africi, P. y comp.;am.;Grand Turck;;;berg.;1852_02_04;Portland;;
Día 50:;;N/A: ;;;Tuiholt;cap.;;;;;De Amsterdam en 50 días gol. hol. Isonoma, cap. Tuiholt, on. 89, con víveres, á D. P. Boudix.;hol.;Isonoma;;;gol.;1852_02_04;Amsterdam;;
Día 11:;;N/A: ;;;Melville;cap.;;;;;De Newport en 11 días berg. am. John Balch, cap. Melville ton 166, con víveres, á D. S. C. Burnham y comp.;am.;John Balch;;;berg.;1852_02_04;Newport;;
Día 4:;;N/A: ;;;Smith;cap.;;;;;De New-Orleans en 4 días berg. am. P. Soule, cap. Smith ton. 142, con víveres, á los Sres. Drake, H. y comp.—Pasajeros 3.;am.;P. Soule;;;berg.;1852_02_04;New-Orleans;;
Día 45:;;N/A: ;;;De Jong;cp.;;;;;De Harlingen en 45 días berg. hol. Zuiderzee, cp. De Jong, ton. 228, con víveres, a los Sres. Drake, H. comp.;hol.;Zuiderzee;;;berg.;1852_02_05;Harlingen;;
Día 24:;;N/A:  | N/A: ;;;Bell;cap.;;;05-02-XXXX;;Febrero 5—De Boston en 24 días frag. aun. Palmetto, cap. Bell, ton. 341, con envasas y víveres, a D. G. Tyng.;;Palmetto;;;frag.;1852_02_06;Boston;;
Día 48:;;N/A: ;;;Weeks;cp.;;;;;De Liverpool en 48 días berg. ing. Industriosa, cp. Weeks, ton. 300 con mercancías, a los Sres. Lawton y Tolumé.;ing.;Industriosa;;;berg.;1852_02_06;Liverpool;;
Día 42:;;N/A: ;;;Arriola;cap.;;;06-02-XXXX;;Febrero 6—De Hamburgo en 42 dins berg. esp. Ntra. Sra. de Bogotá, cap. Arriola, ton. 215, con mercancías, á los señores Baumann, B. y comp.;esp.;Ntra. Sra. de Bogotá;;;berg.;1852_02_07;Hamburgo;;
Día 7:;;N/A: ;;;Leech;cap.;;;;;De Mobila en 7 días berg. am. Knoch, cap. Leech, ton. 190, con maderas, á los Sres. Roig, S. y comp.;am.;Knoch;;;berg.;1852_02_07;Mobila;;
Día 11:;;N/A: ;;;Cabtrall;cap.;;;;;De Savannah en 11 dins berg. am. Caribeo, cap. Cabtrall, ton. 290, con maderas, á D. S. C. Burnham y comp.;am.;Caribeo;;;berg.;1852_02_07;Savannah;;
Día 13:;;N/A: ;;;Fugnieto;cap.;;;;;"De Tatasco y Sisalen 13 d. gol. Guadalupe, capitán Fugnieto, ton. 102, con efectos; á D. M. Santelices.—Pas. 5";;Guadalupe;;;gol.;1852_02_07;Tatasco y Sisalen;;
Día 41:;;;;;O. y comp.;cap.;;;;;Do Santander y Matanzas 41 días berg. cap. Victoria, O. y comp.;;Victoria;;;berg.;1852_02_07;Santander y Matanzas;;
Día 6:;;N/A:  | N/A: ;;;Gardner;cap.;;;;;De Savannah en 6 dins berg. am. R. B. Lawton, cap. Gardner, ton. 193, con arroz y maderas, á D. S. C. Burnham y C.;am.;R. B. Lawton;;;berg.;1852_02_07;Savannah;;
Día 67:;;N/A: ;;;Patrón;cap.;;;;;De Cádiz y Cuba en 67 días frag. cap. Anfitrite, cap. Patrón. ton. 312, con frutos, á D. J. R. Sulinar —Pasag. 16.;;Anfitrite;;;frag.;1852_02_08;Cádiz y Cuba;;
Día 10:;;N/A: ;;;Roempker;cap.;;;;;De New-Port en 10 días berg. suuco John, cap. Roempker. ton. 236, con carbon, al capitán.;;succo John;;;berg.;1852_02_08;New-Port;;
Día 8:;;N/A:  | N/A: ;;;Hammer;cap.;;;08-02-XXXX;;Febrero 8—De Charleston en 8 días frag. ain. Gen. Green, cap. Hammer, ton. 312, con maderas, á D. J. A. Peanut y Cª De Barcelona y Algeciras on 54 dins frag. orp. Modesta, cap. Gelabert, ton. 267, con frutos, á los Sres. Samá y comp.;;Gen. Green;;;frag.;1852_02_10;Charleston;;
Día 30:;;N/A: ;;;Jackson;cap.;;;;;De Sunderland on 30 días berg. ing. Henry. cap Jackson, ton. 310, con carbon, al capitan.;ing.;Henry;;;berg.;1852_02_10;Sunderland;;
Día 84:;;N/A: ;;;Champ- bell;cp.;;;;;De New Castle un 84 dins frag. ing. Endeavour, cp. Champ- bell, ton. 336, con carbon, al los Sres. Crawford y Echarte.;ing.;Endeavour;;;frag.;1852_02_10;New Castle;;
Día 52:;;N/A: ;;;Bescos;cap.;;;;;"De Santander on 52 dins berg. esp. Tres Hermanos, capitán Bescos; ton. 130, con harina, á los Sres. Samá y comp.";esp.;Tres Hermanos;;;berg.;1852_02_10;Santander;;
Día 10:;;N/A: ;;;Finlay;cap.;;;09-02-XXXX;;Febrero 9—De Cienfuegos on 10 días berg. ing. Leander, cap. Finlay, ton. 237, on lastro, á los Sres. Mangonga, D. y comp.;ing.;Leander;;;berg.;1852_02_10;Cienfuegos;;
Día 5:;15-02-XXXX;N/A:  | N/A: ;;;Rodgers;cap.;;;10-02-XXXX;;Febrero 10—De Nicaragua en 5 días vap. r. au. Falcon, cap. Rodgers, ton. 890, en lustre, a los Sres. Deake, H. y comp.—Pasag. 71.;;r. au. Falcon;;;vap.;1852_02_11;Nicaragua;;
Día 38:;;N/A: ;;;Perez;cap.;;;;;De Cádiz en 38 días frag. esp. Leontini, cap. Perez, tonel. 232, con frutos, a los Sres. Zarragoniz, H. y comp.—Pas. 10.;esp.;Leontini;;;frag.;1852_02_11;Cádiz;;
Día 48:;;N/A: ;;;Zim- merbon;cap.;;;;;De Rotterdam en 48 días frag. hol. Boerhaven, cap. Zim- merbon, tonel. 260, con víveres, a los Sres. Bulbiani, S. y comp.;hol.;Boerhaven;;;frag.;1852_02_11;Rotterdam;;
Día 81:;;N/A: ;;;Grey;cap.;;;;;De Alosund en 81 días gol. noruega Reform, cap. Grey, ton. 80, con bacalao, a los Sres. Bulbiani, S. y comp.;noruega;Reform;;;gol.;1852_02_11;Alosund;;
Día 43:;;N/A: ;;;Amesagasti;cap.;;;;;De Bilbao en 43 días berg. esp. Nicolás, cap. Amesagasti, ton. 171, con harina, á D. P. Martínez.—Pasag. 4.;esp.;Nicolás;;;berg.;1852_02_11;Bilbao;;
Día 60:;;N/A: ;;;Hullin;cap.;;;;;De Swansea en 60 días berg. ing. Sun Bean, cap. Hullin, ton. 266, con carbón, a los Sres. Crawford y Echarte.;ing.;Sun Bean;;;berg.;1852_02_11;Swansea;;
Día 25:;25-02-XXXX;N/A:  | N/A:  | N/A: ;;;Boumont;cap.;;;12-02-XXXX;;Febrero 12—De Veracruz en 13 días frag. franc. Leontino, cap. Boumont, ton. 268, con cl. est., a los Sres. Zangroniz, H. y comp.—Pasaj. 40, entre el 21 individuos naúfragos de las tripulaciones de la frag. belga Phulomene y frag. franc. Príncipe Francoi, que se perdieron en Veracruz el 13 de enero.;franc.;Leontino;;;frag.;1852_02_13;Veracruz;;
Día 4:;;N/A:  | N/A:  | N/A: ;;;Porter;cap.;;;;;De Chagres en 4 días vapor am. Georgia, cap. Porter, ton. 3000, con dinero y correspondencia, a los Sres. Brake, II. y comp.—Pasaj. 210.;am.;Georgia;;;vapor;1852_02_13;Chagres;;
Día 6:;;N/A:  | N/A: ;;;Chase;cap.;;;;;De Panzacola en 6 días frag. sun. Emma F. Chase, capitán Chase, ton. 210, con maletas, a los Sres. Sotolongo, á y comp.—Pasaj. 1.;sun.;Emma F. Chase;;;frag.;1852_02_13;Panzacola;;
Día 13:;;N/A:  | N/A: ;;;Cognaq;cap.;;;;;De Guadalup en 13 días frag. franc. L'eternité, cap. Cognaq, ton. 304, en la tre, a los Sres. Brake, II. y comp.;franc.;L'eternité;;;frag.;1852_02_13;Guadalup;;
Día 8:;08-02-XXXX;;;;Caridima;cap.;;;01-02-XXXX;;Febrero 1º. De Veracruz en 7 días gol. cap. Caridima, cap.;;;;;gol.;1852_02_14;Veracruz;;
Día 7:;;;;;Mercedes, cap. Burrios;cap.;;;;;De Tampico en 7 días gol. cap. Mercedes, cap. Burrios, ton.;;ton.;;;gol.;1852_02_14;Tampico;;
Día 5:;;N/A: ;;;Corrau;cap.;;;;;De Barcelona en 5 días berg. Francisco, cap. Corrau, ton.;;Francisco;;;berg.;1852_02_14;Barcelona;;
Día 6:;;;;;Arruza;cap.;;;;;De Cienfuegos en 6 días gol. cap. Vizcainarra, cap. Arruza,;;Vizcainarra;;;gol.;1852_02_14;Cienfuegos;;
Día 11:;;;;;Hud-;cap.;;;;;De Jamaica en 11 días frug. ing. Duke of York, cap. Hud-;ing.;Duke of York;;;frug.;1852_02_14;Jamaica;;
Día 11:;;;;;Almy;cap.;;;;;De Wilmington en 11 días berg. ain. Annawon, cap. Almy,;ain.;Annawon;;;berg.;1852_02_14;Wilmington;;
Día 17:;17-02-2023;N/A: ;;;Brown;cap.;;;14-02-2023;;Febrero 14. De New Orleans en 3 dias vap. am. Philadelphia, cap. Brown, ton. 1200, en lastre, a los Sres. Drake, H. y comp. — Parag. 513.;am.;Philadelphia;;;vap.;1852_02_15;New Orleans;;
Día 9:;;N/A: ;;;Soto;cap.;;;;;De Ponce (P. R.), en 9 dias berg. esp. Adeline, cap. Soto, ton. 92, con frutos, a los Sres. Carri y comp. — Pangu.;esp.;Adeline;;;berg.;1852_02_15;Ponce (P. R.);;
Día 40:;;N/A: ;;;Tur;cap.;;;;;De Málaga en 40 dias gol. esp. Aunta, cap. Tur, ton. 94, con frutos, a los Sres. Saura y comp.;esp.;Aunta;;;gol.;1852_02_15;Málaga;;
Día 6:;;N/A: ;;;Small;cap.;;;;;De Darién en 6 dias gol. am. Forest, cap. Small, ton. 138, con maderas, a D. S. C. Burharn y comp.;am.;Forest;;;gol.;1852_02_15;Darién;;
Día 4:;;N/A: ;;;Snow;cap.;;;;;De Boston en 4 dias frag. am. Macaenon, cap. Snow, ton. 414, con mercadería, al capitán. — Mác. 4.;am.;Macaenon;;;frag.;1852_02_15;Boston;;
Día 33:;;N/A: ;;;Rivo;cap.;;;;;De Arichatén en 33 dias gol. ing. Intendiel, cap. Rivo, ton. 67, con bacalao, a D. S. C. Burharn y comp.;ing.;Intendiel;;;gol.;1852_02_15;Arichatén;;
Día 5:;;N/A: ;;;Schenko;cap.;;;;;De New-York en 5 dias vapor am. Ohio, cap. Schenko, tn. 3000, en lastre, a los Sres. H. y comp.;am.;Ohio;;;vapor;1852_02_15;New-York;;
Día 27:;;N/A: ;;;Brazier;cap.;;;;;De Portland en 27 días frag. am. Gazeille, cap. Brazier, tn. 221, con maderas, a los Sres. Horison, D. y comp.;am.;Gazeille;;;frag.;1852_02_15;Portland;;
Día 64:;;N/A: ;;;Mas;cap.;;;;;De Barcelona en 64 dias berg. esp. Pepito, cap. Mas, ton. 217, con frutos, a los Sres. Sotolongo, A. y comp.;esp.;Pepito;;;berg.;1852_02_15;Barcelona;;
Día 40:;;N/A: ;;;Nichoias;cap.;;;15-02-XXXX;;Febrero 15—Del Havre en 40 dias frag. franc. Havre et Guadapoupe, cap. Nichoias, ton. 316, con mureancias, a los Sres. Mangoaga, D. y comp.;franc.;Havre et Guadapoupe;;;frag.;1852_02_17;Del Havre;;
Día 6:;;N/A: ;;;Mac Larty;cap.;;;;;De churderston en 6 dias berg. am. Adela, cap. Mac Larty, ton. 114, con arroz, a los Sres. Drake, H. y comp.;am.;Adela;;;berg.;1852_02_17;churderston;;
Día 25:;;N/A: ;;;Sewall;cap.;;;;;De Wincasret en 25 dias frag. amer. Canton, cap. Sewall, ton. 415, con envases, a D. S. G. Burdch y comp.;amer.;Canton;;;frag.;1852_02_17;Wincasret;;
Día 41:;;N/A: ;;;Pepion;cap.;;;;;De Santander en 41 dias frag. cap. Pepion, cap. Roig, ton. 242 con harina, a los Sres. Sama y comp. —Pasag. 7.;;;;;frag.;1852_02_17;Santander;;
Día 12:;;N/A:  | N/A: ;;;Merryman;cap.;;;;;De New-York en 12 dias frag. am. Sarah Ann, cap. Merryman, ton. 411, con llores y vatos, a los Sres. Drake, H. y comp.;am.;Sarah Ann;;;frag.;1852_02_17;New-York;;
Día 20:;;N/A: ;;;Swet ter;ep.;;;;;De Storspor en 20 dias berg. am. Mercia Trilou, ep. Swet ter, ton. 157, con envases, a D. S. G. Burdch y comp.;am.;Mercia Trilou;;;berg.;1852_02_17;Storspor;;
Día 6:;;N/A: ;;;Curtis ton. 175;cap.;;;;;De Portland en 6 dias berg. amer. Sea Bird, cap. Curtis ton. 175, con maderas, a los Sres. Utrici, P. y comp.;amer.;Sea Bird;;;berg.;1852_02_17;Portland;;
Día 11:;;N/A: ;;;Pockford;nt.;;;;;De Providencia en 11 dias gol. am. Frennd, nt. ep. Pockford, ton. 82, con viveres, a los Sres. Utrici, P. y comp.;am.;Frennd;;;gol.;1852_02_17;Providencia;;
Día XX:;;N/A: ;;;Mauri;cap.;;;16-02-XXXX;;Febrero 16—De New-Orleans a tidiar pol. asp. Concepcion, cap. Mauri, ton. 123, con harina, a los Sres. Sama y comp.;asp.;Concepcion;;;pol.;1852_02_17;New-Orleans;;
Día 8:;;N/A: ;;;Juan Aldamis;cap.;;;;;De Tabasco en 8 dias berg. e.p. Castro Hermanos, cap. Juan Aldamis, ton 135, con pasio, a los Sres. Mangoaga, D. y comp.;;e.p. Castro Hermanos;;;berg.;1852_02_17;Tabasco;;
Día 17:;;N/A: ;;;Moore;cap.;;;;;De Bath en 17 dias frag. am. Kate Swanton, cap. Moore, ton. 439, con envases, a los Sres. Drake, H. y comp.;am.;Kate Swanton;;;frag.;1852_02_17;Bath;;
Día 11:;;N/A: ;;;Ellis;cap.;;;;;De New-York en 11 dias frag. am. Norma, cap. Ellis, ton. 292, con mercancias, a los Sres. Drake, H. y comp. —Pasag. 9.;am.;Norma;;;frag.;1852_02_17;New-York;;
Día 11:;;N/A: ;;;Keon;cap.;;;;;De Charleston en 11 dias berg. am. Argu, cap. Keon, ton. 116, con arroz, a D. S. G. Burdch y comp.;am.;Argu;;;berg.;1852_02_17;Charleston;;
Día 5:;;;;;Holmes;cap.;;;;;Do Panzacca en 5 dias berg. am. Triton, cap. Holmes, ton.;am.;Triton;;;berg.;1852_02_18;Panzacca;;
Día 6:;;N/A: ;;;Davis;cap.;;;14-02-XXXX;;Febrero 14—De l'Anunciada en 6 días frag. am. Mary Horsey, cap. Davis, ton. 195, con maderas, a los Sres. Drako, H. y comp.;am.;Mary Horsey;;;frag.;1852_02_19;l'Anunciada;;
Día 36:;;N/A: ;;;Castillo;cap.;;;;;De Málaga en 36 días berg. orp. Manolo, cap. Castillo, ton. 39, con frutos, a D. L. García. «Pasag.» 1.;orp.;Manolo;;;berg.;1852_02_19;Málaga;;
Día 17:;;N/A: ;;;Lewis;cap.;;;;;De Bath en 17 días berg. am. Oronce, cap. Lewis, ton. 183, con envases, a los Sres. Drako, H. y comp.;am.;Oronce;;;berg.;1852_02_19;Bath;;
Día 19:;;N/A: ;;;York;cap.;;;;;De Portland en 19 días frag. amar. Nathaniel Blake, cap. York, ton. 265, con maderas, al capitán.;amar.;Nathaniel Blake;;;frag.;1852_02_19;Portland;;
Día 1:;;N/A: ;;;Pierce;cap.;;;;;De Gibraltar en 1 día berg. am. W. T. Safford, cap. Pierce, ton. 175, con miedes, a D. G. Tyng.;am.;W. T. Safford;;;berg.;1852_02_19;Gibraltar;;
Día 7:;;N/A:  | N/A:  | N/A: ;;;Gardner;cap.;;;;;De Savannah en 7 dias frag. sin. J. A. Hazard, cap. Gardner, ton 321, con arroz y maderas, y D. S. C. Burnham y co.;sin.;J. A. Hazard;;;frag.;1852_02_20;Savannah;;
Día 7:;;N/A: ;;;Moser;cap.;;;;;De Savannah en 7 dias frag. am. Martha Ann, cap. Moser, ton. 216, con maderas, á D. S. C. Burnham y comp.;am.;Martha Ann;;;frag.;1852_02_20;Savannah;;
Día 13:;;N/A: ;;;Blanchard;cap.;;;;;De Boston en 13 dias frag. am. Carolina C. Dow, capitán Blanchard, ton. 467, con efectos, y los Sres. Drake, H. y Cp.;am.;Carolina C. Dow;;;frag.;1852_02_20;Boston;;
Día 72:;;N/A: ;;;110 mex.;cap.;;;;;De Buenos Aires en 72 dias frag. ing. Jubaní, cap. 110 mex., ton. 246, con tatujo, á los Sres. Balbani, S. y comp.;ing.;Jubaní;;;frag.;1852_02_20;Buenos Aires;;
Día 12:;;N/A: ;;;Oliver;cap.;;;;;De Wilmington en 12 dias berg. am. J. R. Dow, cap. Oliver, ton. 192, con maderas, á los Sres. Drake, H. y comp.;am.;J. R. Dow;;;berg.;1852_02_20;Wilmington;;
Día 20:;;N/A: ;;;Page;cap.;;;;;De Bath en 20 dias frag. am. Princeton, cap. Page, tonel. 296, con envases, á D. S. C. Burnham y comp.;am.;Princeton;;;frag.;1852_02_20;Bath;;
Día 1:;;N/A: ;;;Marisany;cap.;;;;;De Matanzas en 1 dia pol. esp. María, cap. Marisany, ton. 160. en lartro, á los Sres. Sainz y comp.;esp.;María;;;pol.;1852_02_21;Matanzas;;
Día 29:;;N/A: ;;;Go yeneche;cap.;;;;;De Cádiz en 29 dias frag. cap. Pacquio Gaditano, cap. Go yeneche, ton. 160, con frutos, á D. J. de la Portilla — P. a. gos 28.;;cap. Pacquio Gaditano;;;frag.;1852_02_21;Cádiz;;
Día 20:;;N/A: ;;;Ilsloy;cap.;;;;;De Portland en 20 dias berg. nm. François Ellen, cap. Ilsloy ton 200, con envasac, á los Sres. Merison, D. y comp.;nm.;François Ellen;;;berg.;1852_02_21;Portland;;
Día 6:;;;;;;cap.;;;;;De Panzacola en 6 días frag. amor. Elizabeth Lowitt, cap.;;Elizabeth Lowitt;;;frag.;1852_02_22;Panzacola;;
Día 12:;;;;;Woorth;cap.;;;;;De Boston en 12 días frag. amor. Flora, cap. Woorth-;;amor. Flora;;;frag.;1852_02_22;Boston;;
Día 20:;;;;;Jou-;cap.;;;;;De Point-à-l’ître en 20 días berg. franco. Alfred, cap. Jou-;franco;Alfred;;;berg.;1852_02_22;Point-à-l’ître;;
Día 14:;;;;;Hues-;cap.;;;;;De Galveston en 14 días berg. hrem. Magist. cap. Hues-;;hrem. Magist.;;;berg.;1852_02_22;Galveston;;
Día 14:;;;;;;cap.;;;;;De Georgetown en 14 días gol. amor. Madawaska, capitán;;amor. Madawaska;;;gol.;1852_02_22;Georgetown;;
;;;;;Kupper;cap.;;;;;De arribada a frag. belga Fours d’Anvers, cap. Kupper-;belga;Fours d’Anvers;;;frag.;1852_02_22;;;
Día 20:;;N/A: ;;;Igorra;cap.;;;;;De Cádiz en 20 días gol. esp. Intrépida, cap. Igorra, ton;esp.;Intrépida;;;gol.;1852_02_22;Cádiz;;
Día 11:;;;;;Inchaustegui;cap.;;;;;Do Sisal en 11 días berg. esp. Matilde, cap. Inchaustegui,;esp.;Matilde;;;berg.;1852_02_22;Sisal;;
Día 30:;;;;;;cap.;;;;;De Cádiz en 30 días frag. esp. Hermosa Valenciana, cap.;esp.;Hermosa Valenciana;;;frag.;1852_02_22;Cádiz;;
Día 6:;;N/A: ;;;Byora;cap.;;;;;De Charleston en 6 días gol. am. Zephyr, cap. Byora, ton.;am.;Zephyr;;;gol.;1852_02_22;Charleston;;
;;;;;;;;;;;berg., sin reconocer y gol. am.;am.;;;;berg.;1852_02_22;;;
Día 11:;;;;;Mr. Platt;comandante;;;;;De San Juan de Nicaragua en 11 dias corbota de los E. U. Albany, comandante Mr. Platt.;E. U.;Albany;;;corbota;1852_02_25;San Juan de Nicaragua;;
Día 3:;;;;;;;;;;;De Clinicton. Savannah y Cayo-Lucero en 3 días vapor am.;am;;;;vapor;1852_02_26;Clinicton;;
Día 6:;;;;;Rontieris;cap.;;;;;De Maniaga en 6 días bor. cap. Neptune, cap. Rontieris,;;Neptune;;;bor.;1852_02_26;Maniaga;;
Día 15:;;;;;Brooks;cap.;;;;;De Filadelfia en 15 días frag. aun. Elizabeth J, cap. Brooks;;Elizabeth J;;;frag.;1852_02_26;Filadelfia;;
;;;;;;;;;;;por barlov. y berg. sop. y gol. sin reconocer á notario.;;;;;;1852_02_26;;;
Día 62:;;N/A: ;;;Parkinson;cap.;;;;;De New-port en 62 días frag. ing. Phoenix, cap. Parkinson, ton. 365, con carbon, a D. J. T. Crawford.;ing.;Phoenix;;;frag.;1852_02_27;New-port;;
Día 31:;;N/A: ;;;Segovia;cap.;;;;;De Barcelona en 31 días gol. esp. Isabel, cap. Segovia, ton. 210, con frutos, a los Sres. Fontanilles y Lennusa.;esp.;Isabel;;;gol.;1852_02_27;Barcelona;;
Día 10:;;N/A: ;;;Gonzales;cap.;;;;;De Sisal en 10 días berg. esp. Correo de Campeche, capit. Gonzales, ton. 130, con efectos, á D. M. Santelices.—P'asag. 3.;esp.;Correo de Campeche;;;berg.;1852_02_27;Sisal;;
Día 12:;;N/A:  | N/A: ;;;Parks;cap.;;;;;De Charleston en 12 días gol. am. G. W. Pickering, cap. Parks, ton. 150, en lente, a los Sres. Pesant y comp.;am.;G. W. Pickering;;;gol.;1852_02_27;Charleston;;
Día 59:;;N/A: ;;;Oliver;cap.;;;;;De Malloros en 59 días frag. erp. Constancia, cap. Oliver, ton. 240, con frutos, á los Sres. Swna y comp.;erp.;Constancia;;;frag.;1852_02_27;Malloros;;
Día 6:;;N/A: ;;;Mac Cilliston;cap.;;;;;Del Caimito en 6 días berg. am. Roscoe, cap. Mac Cilliston, ton. 180, con miedos, a D. J. Carrierru.;am.;Roscoe;;;berg.;1852_02_27;Caimito;;
Día 16:;;N/A: ;;;Playn;cap.;;;;;De St. Thomas en 16 días frag. hamb. Alida, cap. Playn, ton. 215, en lastre, á los Sres. Baumann, B. y comp.;hamb.;Alida;;;frag.;1852_02_27;St. Thomas;;
Día 9:;;N/A: ;;;Montaug;cap.;;;;;De Veracruz en 9 días frag. franc. Piquibot Mexicain: cap. Montaug, ton. 210, con efectos, al capitán.—Pasóg. 44;franc.;Piquibot Mexicain;;;frag.;1852_02_27;Veracruz;;
Día 19:;;N/A: ;;;Arjona;cap.;;;27-02-XXXX;;Febrero 27—De Veracruz en 19 dias berg. esp. Nuevo Enrique, cap. Arjona, ton. 142, con cueros, a los Sres. Noriega, O. y comp.—Pasag. 4.;esp.;Nuevo Enrique;;;berg.;1852_02_28;Veracruz;;
Día 8:;;N/A: ;;;Woolingham;cap.;;;;;De New Orleans en 8 dias berg. am. Mount Vernon, cap. Woolingham, ton. 115, con manteca, a los Sres. Noriega, O. y comp.—Pasag. 9.;am.;Mount Vernon;;;berg.;1852_02_28;New Orleans;;
Día 8:;;N/A: ;;;Mau Conuell;cap.;;;;;De New Orleans en 8 dias berg. am. Mary Elizabeth, cap. Mau Conuell, ton. 121, con ríveres, a los Sres. Herrera, Reyes y comp.—Pasag. 5.;am.;Mary Elizabeth;;;berg.;1852_02_28;New Orleans;;
Día 60:;;N/A: ;;;Lopez;cap.;;;;;De Buenos Aires en 60 dias pol. esp. Caballo Marino, cap. Lopez, ton. 166, con tarrojo, a D. L. Garcia.—Pasag. 1.;esp.;Caballo Marino;;;pol.;1852_02_28;Buenos Aires;;
Día 8:;;N/A: ;;;Doyle;cap.;;;;;De Mobita en 8 dias gal. am. Antelope, cap. Doyle, tonel. 88, con tablas, a los Sres. Roig, S. y comp.—Pasag. 2.;am.;Antelope;;;gal.;1852_02_28;Mobita;;
Día 10:;;N/A:  | N/A:  | N/A: ;;;Veron;cap.;;;;;De Veracruz en 10 dias berg. frane. Fumeller, cap. Veron, ton. 179, en lastru, a los Sres. Zangroniz, II. y comp.;;Fumeller;;;berg.;1852_02_28;Veracruz;;
Día 49:;;N/A: ;;;Millet;cap.;;;;;De Barcelona en 49 dias gol. esp. Lola, cap. Millet, tonel. 137. con frutos, a los Sres. Pesant y comp.—Pasag. 3.;esp.;Lola;;;gol.;1852_02_28;Barcelona;;
Día 34:;;N/A: ;;;Encechat;cap.;;;;;De Mallorca en 34 dias berg. esp. Félix, cap. Encechat, ton. 354 con frutos, a D. F. Ventosa.—Pasag. 4—Conducent co-pitan y tripulación del berg. am. Logan, que baró el dia 21 del corriente en la isla de la Anguila en su navegación de Boston para Sagua la Grande.;esp.;Félix;;;berg.;1852_02_28;Mallorca;;
Día 63:;;N/A: ;;;Acton;cap.;;;;;De New Castle en 63 dias frag. ing. Harold, cap. Acton, ton. 365, con carbon, a los Sres. Crawford y Echarte.;ing.;Harold;;;frag.;1852_02_28;New Castle;;
Día 62:;;N/A: ;;;Robertson;cap.;;;;;De Newport en 62 dias berg. ing. Perseverance, cap. Robertson, ton. 236, con carbon, a los Sres. Crawford y Echarte.;ing.;Perseverance;;;berg.;1852_02_28;Newport;;
Día 11:;;;;;Dinno;cap.;;;;;De New-York en 11 días frag. am. Vermont, cap. Dinno-;am.;Vermont;;;frag.;1852_02_29;New-York;;
Día 12:;;;;;;;;;;;De Charleston en 12 días berg. am. President Z. Taylor,;am.;President Z. Taylor;;;berg.;1852_02_29;Charleston;;
Día 48:;;;;;Sí. cap. Carcia;cap.;;;;;De Buenos-Aires en 48 días berg. cap. Sí. cap. Carcia, ton.;;;;;berg.;1852_02_29;Buenos-Aires;;
Día 6:;;N/A: ;;;Sobenck;cap.;;;;;De Chagres y Nicaragua en 6 días vapor am. Ohio, capitán Sobenck, ton. 3000, con dinero, a los Sres. Drake y comp.;am.;Ohio;;;vapor;1852_03_02;Chagres y Nicaragua;;
Día 21:;;N/A:  | N/A: ;;;Barizett;cap.;;;;;De New-York en 21 días berg am. Eliza Jane, cap. Barizett, ton. 222, con mercancías y víveres, 4 D. F. Alvarez y comp.;am.;Eliza Jane;;;berg;1852_03_02;New-York;;
Día 14:;;N/A: ;;;Blais-dell;cap.;;;;;De New-York en 14 días frag. am. Pedement, cap. Blais-dell, ton. 193, con in quinaria, a los Sres. Lawton y Tolme.;am.;Pedement;;;frag.;1852_03_02;New-York;;
Día 30:;;N/A: ;;;Merrill;cap.;;;;;De Portland en 30 días am. Vincennes, cap. Merrill, ton. 152, con envases, a los Sres. Drake y comp.;ing.;Vincennes;;;am.;1852_03_02;Portland;;
Día 9:;;N/A:  | N/A: ;;;Rodgers;cap.;;;;;De New-York en 9 días vapor am. Falcon, cap. Rodgers, ton. 830, con mercancías, a los Sres. Drake y comp —Pasaj. 5.;am.;Falcon;;;vapor;1852_03_02;New-York;;
Día 10:;;N/A: ;;;Bright-man;ep.;;;;;De Savannah en 10 días berg am. Enoch Pratt, ep. Bright-man, ton. 197, con aros, a los Sres. Drake y comp.;am.;Enoch Pratt;;;berg;1852_03_02;Savannah;;
Día 5:;;N/A: ;;;Stugo;cap.;;;;;De Buenos Aires en 5 días berg, hamb. Wilhelmine, cap. Stugo, ton. 180, con tasajo, a los Sres. Zangroniz, H. y comp.;hamb.;Wilhelmine;;;berg;1852_03_02;Buenos Aires;;
Día 57:;;N/A: ;;;Salvador;cap.;;;;;De Buenos Aires en 57 días berg, cap. Salvador, cap. Mifflet ton. 170, con tasajo, a los Sres. Sama y comp.;;;;;berg;1852_03_02;Buenos Aires;;
Día 60:;;N/A:  | N/A: ;;;Garay;cap.;;;;;De Canarias, Gibara y Cartenas en 60 días berg. cap. San Miguel, cap. Garay, ton. 120, con fuentes, al Sres. —Pasaj. 60.;;San Miguel;;;berg.;1852_03_02;Canarias, Gibara y Cartenas;;
Día 12:;;N/A: ;;;Ingraham;cap.;;;;;De Mobila en 12 días berg, am. Marina, cap. Ingraham, ton. 143, con maderas, a los Sres. Varei, P. y comp.;am.;Marina;;;berg;1852_03_02;Mobila;;
Día 17:;;N/A: ;;;Burk;cap.;;;;;De Boston en 17 días frag. am. Columbian, cap. Burk, ton. 399, con envases, al capitán.;am.;Columbian;;;frag.;1852_03_02;Boston;;
Día 21:;;N/A: ;;;White more;cap.;;;;;De New-York en 21 días frag. am. Sarah Boyd, cap. White more, ton. 343, con bocoyes, a los Sres. Mollon, D. y comp.;am.;Sarah Boyd;;;frag.;1852_03_02;New-York;;
Día 25:;;N/A: ;;;Soule;cap.;;;;;De Portland en 25 días frag. am. Teylor, cap. Soule, ton. 190, con maderas, a los Sres. Drake y comp.;am.;Teylor;;;frag.;1852_03_02;Portland;;
Día 14:;;;;;Richardson;cap.;;;;;De Portland en 14 dias berg. am. St. Leon, cap. Richardson,;am.;St. Leon;;;berg.;1852_03_03;Portland;;
Día 13:;;N/A: ;;;Foster;cap.;;;;;De Boston en 13 dias frag. am. Maria, cap. Foster, tonel.;am.;Maria;;;frag.;1852_03_03;Boston;;
Día 17:;;;;;Dos de Agos;cap.;;;;;Do Canarias y Matanzas en 17 dias berg. cap. Dos de Agos-;;;;;berg.;1852_03_03;Canarias y Matanzas;;
Día 61:;;;;;Pratt;cap.;;;;;Do Buenos Aires en 61 dias berg. franc. Oscar, cap. Pratt,;;franc. Oscar;;;berg.;1852_03_03;Buenos Aires;;
Día 15:;;;;;Fisher;cap.;;;;;Do Boston en 15 dias frag. am. Kossuth, cap. Fisher, ton.;am.;Kossuth;;;frag.;1852_03_03;Boston;;
Día 13:;;;;;Berg;cap.;;;;;Do rio Janeiro en 13 dias berg. sueco Mentor, cap. Berg;sueco;Mentor;;;berg.;1852_03_03;rio Janeiro;;
Día 18:;;;;;Laren;cap.;;;;;Del Havre en 18 dias frag. am. Theresia Right, cap. Laren-;am.;Theresia Right;;;frag.;1852_03_03;Havre;;
Día 18:;;;;;Howe;cap.;;;;;D. Boston en 18 dias frag. am. Lennox, cap. Howe, ton. 370,;am.;Lennox;;;frag.;1852_03_05;Boston;;
Día 15:;;;;;Nor-;cp.;;;;;De Machias en 15 dias goi. am. Henry Lawrence, cp. Nor-;am.;Henry Lawrence;;;goi.;1852_03_05;Machias;;
Día 27:;;;;;Orr;cap.;;;;;De Bath en 27 dias frag. am. f. de Embil, cap. Orr, ton.;am.;f. de Embil;;;frag.;1852_03_05;Bath;;
Día 14:;;;;;Puring;cap.;;;;;De Boston en 14 dias frag. am. Robert Patten, cap. Puring-;am.;Robert Patten;;;frag.;1852_03_05;Boston;;
Día 16:;;N/A: ;;;Perry;cap.;;;;;De Wiscaeset en 16 dias frag. am. Vesta, cap. Perry, tonel;am.;Vesta;;;frag.;1852_03_05;Wiscaeset;;
Día 27:;;;;;;op.;;;;;De Veracruz y Tuxpan en 27 días berg. franc. Oceán, op.;franc.;Oceán;;;berg.;1852_03_06;Veracruz y Tuxpan;;
Día 17:;;;;;Bocklin;cp.;;;;;De Boston en 17 días frag. am. Josephine, cp. Bocklin, ton.;am.;Josephine;;;frag.;1852_03_06;Boston;;
Día 8:;;;;;Young;cp.;;;;;De New-Orleans en 8 días berg. ing. Telegraph, cp. Young,;ing.;Telegraph;;;berg.;1852_03_06;New-Orleans;;
Día 1:;;;;;;cap.;;;;;De Sierra Morona en 1 dia b. r. g. am. Isaac Carver, capitán;am.;Isaac Carver;;;b.;1852_03_07;Sierra Morona;;
Día 41:;;;;;Pujol;cap.;;;;;Da Mallorca en 41 dias berg. esp. Americano, cap. Pujol,;esp.;Americano;;;berg.;1852_03_07;Mallorca;;
Día 7:;;;;;;cap.;;;;;De St. Thomas en 7 dias frag. am. T. P. Wordward, cap.;am.;T. P. Wordward;;;frag.;1852_03_07;St. Thomas;;
;;;;;;;;;;;conocer y berg. ing., y por sotov. frag. sin reconocer.;ing.;;;;berg.;1852_03_07;;;
Día 7:;;N/A:  | N/A: ;;;Goodmason;cap.;;;07-03-XXXX;;Marzo 7—De New-Orleans en 7 días gol. am. Cornelia, cap. Goodmason, ton. 183, con manícoa y algodón, á los Sres. Sotolongo, A. y comp.—Pun. 1.;am.;Cornelia;;;gol.;1852_03_09;New-Orleans;;
Día 66:;;N/A: ;;;Shults;cap.;;;;;De New-Port en 66 días frag. prusiana Oceana, cap. Shults, ton. 864, con carbon, á los Sres. Picard y Alberts.;prusiana;Oceana;;;frag.;1852_03_09;New-Port;;
Día 66:;;N/A: ;;;Brown;cap.;;;;;De New-York en 66 días frag. ing. Barragana, cap. Brown, ton. 258, con carbon, al capitán.;ing.;Barragana;;;frag.;1852_03_09;New-York;;
Día 10:;;N/A: ;;;Waid;cap.;;;;;De New-York en 10 días frag. limor. Cornelia, cap. Waid, ton. 238, con mercancías, á los Sres. Drake, H. y comp.—Pun. 4.;;Cornelia;;;frag.;1852_03_09;New-York;;
Día 12:;;N/A: ;;;Gallagher;cap.;;;;;De la Filadelfia en 12 días frag. am. Japonés, cap. Gallagher, ton. 245, con efectos, á D. F. Aivres y comp.—Pun. 2.;am.;Japonés;;;frag.;1852_03_09;Filadelfia;;
Día 7:;;N/A: ;;;Lighthorn;cap.;;;;;De la Savannah en 7 días berg. am. Robert M. Charlton, cap. Lighthorn, ton. 147, con maderas, á D. S. O. Buraham y Cía.—Pun. 1.;am.;Robert M. Charlton;;;berg.;1852_03_09;Savannah;;
Día 16:;;N/A: ;;;Quine;cap.;;;;;De New-Orleans en 16 días frag. ing. Funny, cap. Quine, ton. 420, con efectos, al capitán.;ing.;Funny;;;frag.;1852_03_09;New-Orleans;;
Día 49:;;N/A: ;;;Bagasti;cap.;;;08-03-XXXX;;Marzo 8—Del Havre en 49 días berg. cap. Faustino, cap. Bagasti, ton. 172, con morocucías, á los Sres. Mangonga, D. y comp.;;cap. Faustino;;;berg.;1852_03_09;Havre;;
Día 18:;;;;;De Meiro;cap.;;;;;New-York en 18 días frag. belga Van Dyck, cap. De Meiro, ton. 820, en la tre, á D. E. Meurt y comp.;belga;Van Dyck;;;frag.;1852_03_09;New-York;;
Día 82:;;N/A: ;;;Guirieroz;cap.;;;;;De Cádiz en 82 días frag. esp. Tétil, cap. Guirieroz, tonel. 247, con frutos, a los Sres. Alemánles y II.—Pun. 4.;esp.;Tétil;;;frag.;1852_03_09;Cádiz;;
Día 15:;;N/A: ;;;Hills;cap.;;;;;De Boston on 15 díes frag. nm. Lucinda, cap. Hills, tonel.;;Lucinda;;;frag.;1852_03_11;Boston;;
Día 56:;;;;;;cap.;;;;;Do New-Castle en 56 díes frag. sucesa Princesa Louisa. cap.;;sucesa Princesa Louisa;;;frag.;1852_03_11;New-Castle;;
Día 2:;;N/A: ;;;Linckman;esp.;;;;;De Sierra Morena en 2 días gol. am. Ph. be A. Paigo, esp. Linckman, ton. 174, con muelas, a los Sres. Storey y comp.;am.;Ph. be A. Paigo;;;gol.;1852_03_12;Sierra Morena;;
Día 30:;;N/A: ;;;Vial;cap.;;;;;De Santander en 30 días frag. esp. Fama Habanera, capit. Vial, ton. 333, con harina, a D. J. de Solano Alvear.;esp.;Fama Habanera;;;frag.;1852_03_12;Santander;;
Día 37:;;N/A: ;;;Goitiz;cap.;;;;;De Santander en 37 días berg. esp. Seraña, cap. Goitiz, ton. 195, con harina, a los Sres. Noriega, O, y comp.;esp.;Seraña;;;berg.;1852_03_12;Santander;;
Día 64:;;N/A: ;;;Robson;cap.;;;;;De New-Port en 64 días borg. ing. Phoebus, cap. Robson, ton. 216, con carbón, al capitán;ing.;Phoebus;;;borg.;1852_03_12;New-Port;;
Día 25:;;N/A: ;;;Foster;cap.;;;;;De Machias y Matanzas en 25 días berg. am. North American, cap. Foster, ton. 139, con tablar, a D. S. G. Burnham y comp.;am.;North American;;;berg.;1852_03_12;Machias y Matanzas;;
Día 11:;;N/A: ;;;Abbott;cap.;;;;;De Charleston en 11 días gol. rm. General % Taylor, cap. Abbott, ton. 124, con arroz, a D. S. Burnham y comp.;rm.;General % Taylor;;;gol.;1852_03_12;Charleston;;
Día 63:;;N/A: ;;;Sanderson;cap.;;;;;De Sander en 63 días frag. ing. Credonia, cap. Sanderson, ton. 368, con carbón, a los Sres. Lawton y Tolmé.;ing.;Credonia;;;frag.;1852_03_12;Sander;;
Día 14:;;;;;Robinson;cap.;;;;;De New York en 14 días frag. am. Millinder, cap. Robinson, ton. 446, en laire, al capitán.;am.;Millinder;;;frag.;1852_03_12;New York;;
Día 29:;;N/A: ;;;Curi;cap.;;;12-03-XXXX;;Marzo 12—De la Coruña en 29 dias berg. esp. Junita, cap. Curi, ton. 172, con frutos, á los Sres. Riera H.—Parag. 153.;esp.;Junita;;;berg.;1852_03_13;La Coruña;;
Día 18:;;N/A: ;;;it. Hopper;cap.;;;;;De New York en 18 dias frag. amer. Home, cap. it. Hopper, ton. 331, en lestre, al capitan;amer.;Home;;;frag.;1852_03_13;New York;;
Día 16:;;;;;Delane;cap.;;;;;De New York en 16 dias frag. amer. Andover, cap. Delane, ton. 484, en lestre, al capitan.;amer.;Andover;;;frag.;1852_03_13;New York;;
Día 6:;;N/A:  | N/A: ;;;Keen;cap.;;;;;De Mobil en 6 dias gol. am. Henrietta, cap. Keen, tonel. 146, con tablas, ó D. S. C. Burnham y comp.;am.;Henrietta;;;gol.;1852_03_13;Mobil;;
Día 10:;;N/A:  | N/A: ;;;Web ter;cap.;;;;;De New York en 10 dias frag. am. Pungustuk, cap. Web ter, ton. 448, con heno y bocoyes, al cap tan;am.;Pungustuk;;;frag.;1852_03_13;New York;;
Día 8:;;N/A: ;;;Schneider;cap.;;;;;De New-Orleans en 8 dias berg. am. Adams Gray, capitán Schneider, ton. 137, con víveres, á los Sres. Herrera, M. y comp.;am.;Adams Gray;;;berg.;1852_03_13;New-Orleans;;
Día 12:;;N/A: ;;;Bars;cap.;;;;;De New York en 12 dias frag. am. Tamaro, cap. Bars, ten 499, en lastro, al capitan.;am.;Tamaro;;;frag.;1852_03_13;New York;;
Día 9:;;N/A:  | N/A: ;;;Win- chester;cp.;;;;;De New-York en 9 dias frzz. am. Warren White, cp. Win- chester, con mercancias y víveres, á los Sres. Drake y comp.;am.;Warren White;;;frzz.;1852_03_13;New-York;;
Día 16:;;N/A:  | N/A: ;;;Rich;cap.;;;;;De Boston en 16 dias frag. am. Cheshire, cap. Rich, ton. 299, con víveres y bocoyes, a D. S. C. Burnham y comp.;am.;Cheshire;;;frag.;1852_03_13;Boston;;
Día 24:;;N/A: ;;;Sproul;cap.;;;;;De Frankfort en 24 dias gol. am. State of Maine, capitán Sproul, ton. 136 con envases, á los Sres. Ulrici, P., y comp.;am.;State of Maine;;;gol.;1852_03_13;Frankfort;;
Día 18:;;N/A: ;;;Stearn;cap.;;;;;De Boston en 18 dias frag. am. Matanzas, cap. Stearn, ton. 627, con bocoyes vacíos, a D. S. C. Burnham y comp.;am.;Matanzas;;;frag.;1852_03_13;Boston;;
Día 13:;;N/A: ;;;Watson;cap.;;;;;De Charleston en 13 dias berg. am. Somera, cap. Watson, ton. 111, con arroz, á D. S. C. Burnham y comp.;am.;Somera;;;berg.;1852_03_14;Charleston;;
Día 75:;;N/A: ;;;Rívero;cap.;;;23-04-XXXX;;De Santander y Cuba en 75 dias freg. esp. María Luisa, cap. Rívero, ton. 407, con frutos, á los Sres. Cobaltos y Rua, abr. 23.;esp.;María Luisa;;;freg.;1852_03_14;Santander y Cuba;;
Día 7:;;N/A: ;;;Spencer;cap.;;;;;De Charleston en 7 dias berg. am. Palo Alto, cap. Spencer, ton. 140, con arroz, á D. S. C. Burnham y comp.;am.;Palo Alto;;;berg.;1852_03_14;Charleston;;
Día 13:;;N/A:  | N/A:  | N/A: ;;;Eddy;cap.;;;;;De New Port en 13 dias gol. am. Windo Pass, cap. Eddy, ton. 26, con envases, á D. S. C. Burham y y comp.;am.;Windo Pass;;;gol.;1852_03_14;New Port;;
Día 21:;;N/A: ;;;Endicott;cap.;;;;;De Boston en 21 dias freg. amer. Peterhoff, cap. Endicott, ton. 454, con hielo, á los Sres. Murison, D. y comp.;amer.;Peterhoff;;;freg.;1852_03_14;Boston;;
Día 30:;;N/A: ;;;Straut;cap.;;;;;De Portland en 30 dias berg. amer. Pinta, cap. Straut, ton. 156, con envases, á D. S. C. Burnham y comp.;amer.;Pinta;;;berg.;1852_03_14;Portland;;
Día 27:;;N/A: ;;;Benker;cap.;;;;;De Portland en 27 dias berg. am. J. Dutton, cap. Benker, ton. 198, con envases, á los Sres. Drake y comp.;am.;J. Dutton;;;berg.;1852_03_14;Portland;;
Día 21:;;N/A: ;;;Pike;cap.;;;;;De Machines en 21 dias berg. am. Pambroke, cap. Pike, ton. 191, con madres, á los Sres. Adot. S. y comp.;am.;Pambroke;;;berg.;1852_03_14;Machines;;
Día 17:;;N/A: ;;;Atoy;cap.;;;;;De New Port en 17 dias berg. am. Julia Aicy, cap. Atoy, ton. 184, con envases, á los Sres. Morison, D. y comp.;am.;Julia Aicy;;;berg.;1852_03_14;New Port;;
Día 16:;;N/A: ;;;Roby;cap.;;;;;De Portland en 16 dias freg. am. Medora, cap. Roby, ton. 127, con madres, á los Sres. Morison, D. y comp.;am.;Medora;;;freg.;1852_03_14;Portland;;
Día 10:;;N/A: ;;;Higgins;cap.;;;;;De New York en 10 dias freg. am. Orlando, cap. Higgins, ton. 299, con víveres, al capitán.;am.;Orlando;;;freg.;1852_03_14;New York;;
Día 25:;null;N/A: ;;;Cottor;cap.;;;14-03-XXXX;;Marzo 14—Do Boston en 11 días frag. am. Baring Brothers, cap. Cottor, ton. 291 con boeoyes, a los Sres. Drake y comp.;am.;Baring Brothers;;;frag.;1852_03_16;Boston;;
Día 14:;;N/A: ;;;Merrill;cap.;;;;;De Portima en 14 días frag. am. Osippe, cap. Merrill, ton. 469, con envases, al capitán —Pasag. 1.;am.;Osippe;;;frag.;1852_03_16;Portima;;
Día 4:;;N/A:  | N/A:  | N/A: ;;;Schenke;cap.;;;;;De Chagres en 4 días vapor am. Ohio, cap. Schenke, tonel. 3000, en lastro, a los Sres. Drake y comp. —Pasag. 203;am.;Ohio;;;vapor;1852_03_16;Chagres;;
Día 8:;;N/A:  | N/A: ;;;Leslie;cap.;;;;;De Charleston en 8 días gol. am. Aid, cap. Leslie, ton. 97, con arroz y maderas, a D. J. A. P. Grant y comp.;am.;Aid;;;gol.;1852_03_16;Charleston;;
Día 10:;;N/A: ;;;West;ep.;;;;;De Bristol en 10 días berg. am. Henry Marshall, ep. West, ton. 146, con ríveres, a los Sres. Uriel, P. y comp.;am.;Henry Marshall;;;berg.;1852_03_16;Bristol;;
Día 71:;;N/A: ;;;West;cap.;;;;;Do New-Castle en 71 días frag. am. Sweden, cap. West, man, ton. 870, con carbón, a los Sres. Steil y Wolff.;am.;Sweden;;;frag.;1852_03_16;New-Castle;;
Día 14:;;N/A: ;;;Lumbard;cap.;;;;;De Fild. Iba en 14 días frag. amer. Rainbow, cap. Lumbard, ton. 291, con carbón, a los Sres. Drake y comp.;amer.;Rainbow;;;frag.;1852_03_16;Fild.;;
Día 10:;;;;;capitan;cap.;;;;;De Wilmington en 10 dias berg am. Eliza Waite, capitan;am.;Eliza Waite;;;berg;1852_03_17;Wilmington;;
Día 12:;;N/A: ;;;D. S. O. Burnham;;;;;;De Newport en 12 diasberg am. Confidence, con 193, con areos, a D. S. O. Burnham y comp.;am.;Confidence;;;berg.;1852_03_17;Newport;;
Día 50:;;;;;César;cap.;;;;;De Santander y Rivadesella en 50 dias berg, csp. César.;csp.;;;;berg;1852_03_17;Santander y Rivadesella;;
Día 8:;;;;;;ep.;;;;;De New York en 8 dias frag am. Childe Harold, ep. Com-;am.;Childe Harold;;;frag;1852_03_17;New York;;
Día 34:;;N/A: ;;;Soto;cap.;;;;;De Sevilla en 34 dias gol. esp. Pega. Soto, tonel. 135.;esp.;Pega.;;;gol.;1852_03_17;Sevilla;;
Día 42:;;;;;Menario;cnp.;;;;;De Santander en 42 dias here, csp. Carmen, cnp. Menario;csp.;Carmen;;;here;1852_03_17;Santander;;
Día 36:;;;;;Conra;cap.;;;;;De Genova en 36 dias berg. cargo Sci Fortelli, cap Conra-;;Sci Fortelli;;;berg.;1852_03_17;Genova;;
Día 37:;;N/A: ;;;Talio;cap.;;;;;De Barcelona en 37 dias frag, cap. Talio, cap. Sust. tonel.;;;;;frag;1852_03_17;Barcelona;;
Día 31:;;;;;Larrin;cap.;;;;;De Santander en 31 dias berg, esp. Malagro, cap. Larrin-;esp.;Malagro;;;berg;1852_03_17;Santander;;
Día 37:;;;;;Brown;cap.;;;;;De Troon en 37 dias frag. ing. Elizabeth, cap. Brown, ton;ing.;Elizabeth;;;frag.;1852_03_18;Troon;;
Día 41:;;;;;Lorrieta;cap.;;;;;De Santander en 41 dias berg esp. Eloise, cap. Lorrieta:;esp.;Eloise;;;berg;1852_03_19;Santander;;
Día 12:;;;;;Higging;cap.;;;;;De New-York en 12 dias frag. am. Trébess, cap. Higging,;am.;Trébess;;;frag.;1852_03_19;New-York;;
Día 13:;;;;;Smith;cap.;;;;;De New-Orleans en 13 dias berg am. P. Soulé, cap. Smith,;am.;P. Soulé;;;berg;1852_03_19;New-Orleans;;
Día 1:;;;;;Ran-;cap.;;;;;De Santa Cruz en 1 dia got. am. Madagascar, cap. Ran-;am.;Madagascar;;;got.;1852_03_19;Santa Cruz;;
Día 75:;;;;;Kraff;cap.;;;;;De New Castle en 75 dias frag. enca. Eildid, cap. Kraff,;;Eildid;;;frag.;1852_03_19;New Castle;;
;;N/A: ;;;D. V. Gostada;;;;;;De Santander, ton. 125, con harina, a D. V. Gostada.;;;;;ton.;1852_03_19;Santander;;
Día 8:;;N/A: ;;;Escalza;cap.;;;;;Do Sinal en 8 días berg. esp. Martín, cap. Escalza, ton. 161;esp.;Martín;;;berg.;1852_03_20;Sinal;;
;;;;;comandante;cap.;;;;;De la mar. berg. de S. M. Valdés, comandante el capitán de;;S. M. Valdés;;;berg.;1852_03_20;la mar;;
Día 15:;;;;;Hunt;cap.;;;;;Do Montevideo en 15 días frag. nm. Saxonville, cap. Hunt-;;Saxonville;;;frag.;1852_03_20;Montevideo;;
Día 7:;;;;;Butler;cap.;;;;;De New Orleans en 7 dias fra. am. Millaudon, cap. Butler.;am.;Millaudon;;;fra.;1852_03_21;New Orleans;;
Día 10:;;;;;Tigro;cap.;;;;;De Vornacruz en 10 dias gol. cap. Catísima, capitán Tigro.;;Catísima;;;gol.;1852_03_21;Vornacruz;;
Día 57:;;;;;Onwe-;cap.;;;;;De Hartlepool en 57 dias frag. hol. Kindekijk, cap. Onwe-;hol.;Kindekijk;;;frag.;1852_03_21;Hartlepool;;
Día 11:;;;;;;cap.;;;;;De Trinidad en 11 dias frag. ing. William Broderick, cap.;ing.;William Broderick;;;frag.;1852_03_21;Trinidad;;
Día 32:;;;;;Schwarty;cap.;;;;;De Bremen en 32 dias frag. brem. Orion, cap. Schwarty.;brem.;Orion;;;frag.;1852_03_21;Bremen;;
Día 14:;;;;;Stockbrid-;cap.;;;;;De Mombia en 14 dias berg. sur. Jane Botten, cap. Stockbrid-;sur.;Jane Botten;;;berg.;1852_03_21;Mombia;;
Día 6:;;;;;;cap.;;;;;De New-Orleans en 6 dias berg. ing. Queen Victoria, cap.;ing.;Queen Victoria;;;berg.;1852_03_21;New-Orleans;;
Día 40:;;;;;Woe-;cap.;;;;;De New Port en 40 dias frag. ruso. Vostorwik, cap. Woe-;ruso;Vostorwik;;;frag.;1852_03_21;New Port;;
Día 66:;;N/A: ;;;Calixt;cap.;;;21-03-XXXX;;Marzo 21—De Hamburg y Rango—te en 66 días frag. dan Doria, cap. Calixt, ton. 21, con efectos, a los Sres. Sthaw-mer y comp.;;dan Doria;;;frag.;1852_03_23;Hamburg;;
Día 88:;;N/A: ;;;Carl;cap.;;;;;De esperpagueo en 88 días berg. dan de Rotta, cap. Carl, ton. 20, con barco, a los Sres. Rubiani y comp.;dan;Rotta;;;berg.;1852_03_23;esperpagueo;;
Día 12:;16-08-XXXX;N/A: ;;;Perez;cap.;;;;;De Veracruz en 11 días frag. cap. Perez, ton. 232 con cuerpo, a D. R. Arranzu, 12—ag. 16.;;;;;frag.;1852_03_23;Veracruz;;
Día 5:;;N/A: ;;;Gardiner;cap.;;;;;De New-Orlean en 5 días berg. a. R. R. Lawton, capit. Gardiner, ton. 18, con víveres, a D. H. Calixt.;;R. R. Lawton;;;berg.;1852_03_23;New-Orlean;;
;;;;;D. José de Vélez;cap.;;;;;De la marbarg. de S. M. Ponce, su capitán el capitán de fragata D. José de Vélez.;;;;;fragata;1852_03_23;marbarg. de S. M. Ponce;;
Día 63:;;N/A: ;;;Duncan;cap.;;;;;De Glasgow en 63 días frég. urg. Harrat, cap. Duncan, tn. 807, con mercancía, á los Sres. Robertson, V. y comp.;;Harrat;;;frég.;1852_03_24;Glasgow;;
Día 5:;;N/A: ;;;Ewell;cap.;;;;;De Mobil en 5 días gol. nw. John Albert, cap. Ewell, ton. 184, con maderas, a D. S. C. Burnham y comp.;nw.;John Albert;;;gol.;1852_03_24;Mobil;;
Día 3:;;;;;;;;;;;De Charleston, Savannah y Cayo-Huera en 3 días vagón;;;;;vagón;1852_03_26;Charleston;;
Día 9:;;N/A: ;;;Latty;cap.;;;;;Do Charleston en 9 días berg. aun. Adela, cap. Latty, ton. 111, con arroes, á los Sres. Brako y comp.;;Adela;;;berg.;1852_03_27;Charleston;;
Día 4:;;N/A: ;;;Pujol;cap.;;;;;Do Málaga en 4 días pol. cap. San Jose, capitán Pujol, ton. 124, con azúcar, á los Sres. Fontanilla y Llanus.;;San Jose;;;pol.;1852_03_27;Málaga;;
Día 17:;;N/A: ;;;Peeper;cap.;;;;;Do New-York en 17 días frag. aun. Isla de Cuba, cap. Peeper, ton. 216, con mercancías, á los Sres. Pechas y H. —Pas. 1;;Isla de Cuba;;;frag.;1852_03_27;New-York;;
Día 16:;;N/A:  | N/A: ;;;Choato;cap.;;;;;Do Boston en 16 días frag. aun. Lady Knight, cap. Choato, ton. 399, con hoces y viveres, á D. S. G. Rambún y comp.;;Lady Knight;;;frag.;1852_03_27;Boston;;
Día 59:;;N/A: ;;;Hunterman;cap.;;;27-03-XXXX;;Marzo 27.—De Bremen en 59 dias frag. brewer. Vironie, cap. Hunterman, tonel. 323, con víveres, a los Sres. Steil y Wolff.;;Vironie;;;frag.;1852_03_28;Bremen;;
Día 51:;;N/A: ;;;Leigh;cap.;;;;;De Copenhagen en 51 dias frag. dan. Neptune, cap. Leigh, ton. 260, con bacalao, a los Sres. Balbani y comp.;dan.;Neptune;;;frag.;1852_03_28;Copenhagen;;
Día 74:;;N/A: ;;;Bullock;cap.;;;;;De Savannah en 74 dias gol. am. Sea Gull, cap. Bullock, ton. 124, con cirros, a D. S. C. Burrough y comp.;am.;Sea Gull;;;gol.;1852_03_28;Savannah;;
Día 21:;;N/A: ;;;Porter;cap.;;;;;De Boston y Matanzas en 21 dias frag. am. Sea Duck, cap. Porter, ton. 329, con víveres, a los Sres. Storey, S. y comp.;am.;Sea Duck;;;frag.;1852_03_28;Boston y Matanzas;;
Día 15:;;N/A:  | N/A: ;;;Wittmore;cap.;;;;;De New York en 15 dias frag. amer. Globo, cap. Wittmore, ton. 316, en lastre, a D. C. Tyng.;amer.;Globo;;;frag.;1852_03_28;New York;;
Día 18:;;N/A: ;;;Crik;cap.;;;;;De Boston en 18 dias frag. amer. Henrietta, cap. Crik, ton. 251, con bocoyas vacíos, a D. C. Tyng.;amer.;Henrietta;;;frag.;1852_03_28;Boston;;
Día 17:;;N/A:  | N/A:  | N/A: ;;;Sumart;cap.;;;;;De Boston en 17 dias frag. am. Kettles, cap. Sumart, tonel. 616, con sillas y yudocines, a D. S. C. Burnham y comp.;am.;Kettles;;;frag.;1852_03_28;Boston;;
Día 17:;;N/A: ;;;Gau-trau;cap.;;;;;De St. Thomas en 17 dias frag. franco. Colonial, cap. Gau- trau, ton. 273, en lastre, a los Sres. Manguaga. D. y comp.;franco;Colonial;;;frag.;1852_03_28;St. Thomas;;
Día 2:;;N/A: ;;;Adams;cap.;;;;;De l'Pottland en 2 días berg. am. Narrasecket, cap. Adams, ton. 135, con envases, a los Sres. Uriel, P. y comp. Este buque tuvo que a-rojar al agua parte de su carga a causa de un fuerte tiempo del N. que experimentó.;am.;Narrasecket;;;berg.;1852_03_28;l'Pottland;;
Día 8:;;N/A: ;;;Byers;cap.;;;;;De Charleston en 8 días gol. am. Zephyr, cap. Byers, ton. 78, con arroz, a los Sres. Drake y comp.;am.;Zephyr;;;gol.;1852_03_28;Charleston;;
Día 1:;;N/A: ;;;Loverger;cap.;;;;;De Matanzas en 1 día frag. franc. Augusta, cap. Loverger, ton. 245, en lastre, a los Sres. Zangroniz. H. y comp.;franc.;Augusta;;;frag.;1852_03_28;Matanzas;;
Día 16:;;N/A: ;;;Dougby;cap.;;;;;De Filadelfia en 16 días frag. am. Tarquin, cap. Dougby, ton. 162, con carbón, a los Sres. Crawly, d. y Echarito.;am.;Tarquin;;;frag.;1852_03_28;Filadelfia;;
Día 5:;;N/A: ;;;S. Hette;cap.;;;;;De Chigres en 5 días vapor amer, Ohio, cap. S. Hette, ton. 3000, en lstre a los Sres. Drake y comp.—Paseo. 211.;amer;Ohio;;;vapor;1852_03_30;Chigres;;
Día 6:;;N/A: ;;;Gelpí;cap.;;;;;De New Orleans en 6 días berg, esp. Tíbldayo, cap. Gelpí, ton. 300, con algodón, al capitán.—Arríbá por haberse sentido el palo trinquete, y sigue para Barcelona.;esp.;Tíbldayo;;;berg;1852_03_30;New Orleans;;
Día 1:;;N/A: ;;;Mac Lare;cap.;;;;;De Sierra Morena en 1 diaberg, nav. Gran Turk cap. Mac Lare, ton. 140, con mules, a los Sres. Storey y comp.;;Gran Turk;;;diaberg;1852_03_30;Sierra Morena;;
Día 6:;;N/A: ;;;Granada;cap.;;;;;De Mallorca en 6 días pol. esp. Pitius, cap. Granada, ton. 246, con frutos, a D. F. Ventosa.—Paseo. 2.;esp.;Pitius;;;pol.;1852_03_30;Mallorca;;
Día 5:;;;;;Mr. Smith;comandante;;;;;De Panzaco en 5 días vapor de los E. V. Vixen, comandante Mr. Smith.;;de los E. V. Vixen;;;vapor;1852_03_30;Panzaco;;
Día 31:;31-03-XXXX;N/A: ;;;Herrymann;cap.;;;29-03-XXXX;;Marzo 29—De Sierra Morena en 2 días gol. am. Henrietta, cap. Herrymann, ton. 149, con mules, a los Sres. Adot, S. y comp.;am.;Henrietta;;;gol.;1852_03_30;Sierra Morena;;
Día 3:;;N/A: ;;;Beiran;esp.;;;;;De Gibara en 3 días gol. esp. Anuela, esp. Beiran, tonel. 133, con frutos, a los Sres. Risart, H. y comp.;esp.;Anuela;;;gol.;1852_03_30;Gibara;;
Día 47:;;N/A: ;;;Zagarranga;cap.;;;;;De Liverpool en 47 gol. esp. Anita, cap. Zagarranga, tonel. 150, con mercancías al capitán.;esp.;Anita;;;gol.;1852_03_30;Liverpool;;
Día 55:;;N/A: ;;;Ricouí;cap.;;;;;De Barcelona en 55 días berg, esp. Merceres, cap. Ricouí, ton. 187, con frutos, a los Sres. Sotomayor, A. y comp.;esp.;Merceres;;;berg;1852_03_30;Barcelona;;
Día 55:;;N/A: ;;;Pagés;cap.;;;;;De Barcelona en 55 días pol. esp. Pasto-gita, cap. Pagés, ton. 188, con frutos, a los Sres. Ricart, H. y comp.;esp.;Pasto-gita;;;pol.;1852_03_30;Barcelona;;
Día 64:;;N/A: ;;;Tousa;cap.;;;;;De Santander en 64 días berg, esp. Encantadora, cap. Tousa, ton. 159, con harina, a los Sres. Lamy y comp.;esp.;Encantadora;;;berg;1852_03_30;Santander;;
Día 21:;;;;;Mr. D. Byt-de Vroe;comandante;;;;;De Nicaragua en 21 días frag. hol. de guerra Prince d'Orange, comandante Mr. D. Byt-de Vroe.;hol.;Prince d'Orange;;;frag.;1852_03_31;Nicaragua;;
Día 5:;;;;;Mr. Pondernas;comand.;;;;;De Cuba en 5 días vapor de los E. U. Saranne, su comand. Mr. Pondernas. Conduce al comodoro Parker Esqr.;E. U.;Saranne;;;vapor;1852_03_31;Cuba;;
Día 67:;;N/A:  | N/A: ;;;Surls;cap.;;;;;De Barcelona en 67 días frag. esp. Céres. cap. Surls. tonel. 160, con frutos, a los Sres. Ricart, 11 y comp.—Pasaj. 4.;esp.;Céres;;;frag.;1852_03_31;Barcelona;;
Día 43:;;N/A: ;;;William;cp.;;;;;De New Port en 43 días frag. ing. Mauritius. cp. William, ton. 401, con carbon, a los Sres. Lawton y Tolué.;ing.;Mauritius;;;frag.;1852_03_31;New Port;;
Día 10:;;N/A: ;;;Marshall;cap.;;;;;Do Jamaica en 10 días frag. ing. May Flower. cap. Marshall, ton. 327. en lastre, al capitán.;ing.;May Flower;;;frag.;1852_03_31;Jamaica;;
Día 47:;;N/A: ;;;Contacta;cap.;;;;;De Liverpool en 47 días burg. esp. Ntra. Sra. del Cármen, cap. Contacta, ton. 124, con mercancías, a los Sres. Drako y comp.;esp.;Ntra. Sra. del Cármen;;;burg.;1852_03_31;Liverpool;;
Día 61:;;N/A: ;;;Domenech;cap.;;;;;De Buenos-Aires y Mantañas en 61 días frag. eep. Jóven A. gustina, cap. Domenech, tcu. 295, con tasajo, a los Sres. Fontanilla y Lanusa.;eep.;Jóven A. gustina;;;frag.;1852_04_01;Buenos-Aires y Mantañas;;
Día 38:;;N/A: ;;;Pancho;cap.;;;;;De San Sebastian en 38 días berg. cap. Pancho, cap. Ondarza, ton. 150, con harina, a los Sres. Riera H.;;;;;berg.;1852_04_01;San Sebastian;;
Día 10:;;N/A: ;;;Gago;cap.;;;;;De Charleston en 10 días pail. am. Isabella, cap. Gago, ton. 101, con arroz, a D. S. C. Burnham y comp.;am.;Isabella;;;pail.;1852_04_01;Charleston;;
Día 21:;;N/A: ;;;Percy;cap.;;;;;De Filadelfia en 21 días frag. amer. Scotland, capit. Percy, ton. 348, con carbon, al capitán.;amer.;Scotland;;;frag.;1852_04_01;Filadelfia;;
Día 70:;;N/A: ;;;Gaviva;cap.;;;;;De Liverpool en 70 días berg. cap. Bella Engracia, capitán Gaviva, ton. 226, con mercancías, a los Sres. Villoldo, W. y comp.;;Bella Engracia;;;berg.;1852_04_01;Liverpool;;
Día 16:;;N/A: ;;;Wookas;cap.;;;;;De Filadelfia en 16 días frag. am. Charlotte Reed, capitán Wookas, ton. 471, con carbon, a los Sres. Drake y comp.;am.;Charlotte Reed;;;frag.;1852_04_01;Filadelfia;;
Día 50:;;N/A: ;;;Albizu;cap.;;;;;De Liverpool en 50 días berg. cap. Secundina, cap. Albizu, ton. 217, con mercancías, a D. J. R. Aqueche.;;Secundina;;;berg.;1852_04_01;Liverpool;;
Día 47:;;N/A: ;;;Peck;cap.;;;;;De Elsenear en 47 días berg. dan. Charlotte Hage, capitán Peck, ton. 196, con ácricilos, a los Sres. Drake y comp.;dan.;Charlotte Hage;;;berg.;1852_04_01;Elsenear;;
Día 64:;;N/A: ;;;Miraumbell;cap.;;;;;De Buenos Aires en 64 días berg. cap. Amnistia, cap. Miraumbell, ton. 176, con tasajo, a los Sres. Fontanilla y Lanusa.;;Amnistia;;;berg.;1852_04_01;Buenos Aires;;
Día 44:;;N/A: ;;;Corda;cap.;;;;;De Mallorca en 44 días pol. eep. Atenas, cap. Corda, tonel. 280, con frutos, al capitán.—Pasaj. 2;;Atenas;;;pol.;1852_04_01;Mallorca;;
Día 1:;;N/A: ;;;Brazier;cap.;;;;;De Cayo-Blanco en 1 día berg. am. Gazelle, cap. Brazier, ton. 222, con mlees, a los Sres. Morison y comp.;am.;Gazelle;;;berg.;1852_04_01;Cayo-Blanco;;
Día 10:;;N/A: ;;;Hennett;cap.;;;;;De Wilmington en 10 días berg. am. John L'oson, cap. Hennett, ton. 237, con maderas, a D. S. C. Burnham y comp.;am.;John L'oson;;;berg.;1852_04_01;Wilmington;;
;;;;;capitan;cap.;;;;;De Buenos Aires, ton. 141, con sus go, al capitan;;;;;ton.;1852_04_02;Buenos Aires;;
Día 12:;;;;;Barton;cap.;;;;;De New York en 12 ins. frag. am. y ra, cap. Barton, ton;am.;;;;frag.;1852_04_02;New York;;
Día 1:;;;;;Ha-;cap.;;;;;D. Sierra Morena en 1 dia berg. un. su au route, cap. Ha-;;un.;;;berg.;1852_04_02;Sierra Morena;;
Día 1:;;;;;Sproul;cap.;;;;;De Braccon en 1 dia gol. am. St. de de Malau, cap. Sproul,;am.;St. de de Malau;;;gol.;1852_04_02;Braccon;;
;;;;;;cap.;;;;;De la mar vajor de S. M. Coion, su comandante el capitan;;S. M. Coion;;;;1852_04_02;;;
;;;;;S. M.;cap.;;;;;De la mar vajor de S. M. Blasco de Garay, su comandante;;Blasco de Garay;;;;1852_04_02;;;
;;;;;capitan;cap.;;;;;De la mar berg. de S. M. Pelayo, su comandante el capitan;;S. M. Pelayo;;;berg.;1852_04_02;;;
;;;;;;cap.;;;;;De la mar berg. de S. M. Vardés, en coman ante el capitan;;S. M. Vardés;;;berg.;1852_04_02;;;
;;;;;D. Manuel Sívira;cap.;;;;;De la mar vapor de S. M. Pizarro, su comandante el capitán de navío D. Manuel Sívira.;;S. M. Pizarro;;;vapor;1852_04_03;la mar;;
;;;;;D. José A. Mottes;cap.;;;;;De la mar b.r.g. de S. M. Habanero su comandante el capitán de fragata D. José A. Mottes.;;Habanero;;;b.r.g.;1852_04_03;;;
Día 27:;;N/A: ;;;Anderson;cap.;;;;;De Terranova y Cuba en 27 días gol. ing. Sprite, cap. Anderson, ton. 137, con bacalao, a D. S. C. Kurohama y comp.;ing.;Sprite;;;gol.;1852_04_03;Terranova y Cuba;;
Día 7:;;N/A: ;;;Mac Connell;cap.;;;;;De Orleans en 7 días b.r.g. am. Mary Elizabeth, cap. Mac Connell, ton 121, con víveres, a los Sres. Herrero, M. comp — Parag. 8;am.;Mary Elizabeth;;;b.r.g.;1852_04_03;Orleans;;
Día 21:;;N/A: ;;;Eustis;cap.;;;;;De Filadelfia en 21 días frag. am. Templeton, cap. Eustis, ton 217, con carbon, al capitán.;am.;Templeton;;;frag.;1852_04_03;Filadelfia;;
Día 6:;;N/A: ;;;Burdick;cap.;;;;;De Savannah en 6 días b.r.g. amer. Randon, cap. Burdick, ton. 144, con maderas, a D. S. G. Burhán y comp.;amer.;Randon;;;b.r.g.;1852_04_03;Savannah;;
Día 24:;;N/A:  | N/A: ;;;D. Pedro Rivera;cap.;;;;;De Cádiz, Canarias y Pto. Rico en 24 días vapor correo de S. M. Isabel la Cataluña, su comandante el teniente de navío D. Pedro Rivera, con correspondencia y 24 pasajeros.;;correo de S. M. Isabel la Cataluña;;;vapor;1852_04_03;Cádiz, Canarias y Pto. Rico;;
Día 44:;;N/A: ;;;Feiling;cap.;;;;;De Río-Janciro, en 44 días frag. noreca Gefle, cap. Feiling, ton. 520, en lastre, a los Lores. Balbiani y comp.;noreca;Gefle;;;frag.;1852_04_03;Río-Janciro;;
Día 48:;XX-XX-XXXX;N/A: ;;;Ekson;cap.;;;03-04-XXXX;;Abril 3.—De New-Castle en 48 dias frag. sueca Swan, cap. Ekson, ton. 312 con carbon á los Sres. Law on y Tolmé.;sueca;Swan;;;frag.;1852_04_04;New-Castle;;
Día 14:;;N/A: ;;;Schmidt;cap.;;;;;De Gauilupe en 14 dias frag. franc. Joseph, cap. Schmidt, ton. 206, en lastro á los Sres. Zangroniz. 1. y comp.;franc.;Joseph;;;frag.;1852_04_04;Gauilupe;;
Día 17:;;N/A: ;;;Novell;cap.;;;;;"De Boston en 17 dias frag. amer. Aquilla; cap. Novell, ton. 297, con morosones á 11 C. Tyng.";amer.;Aquilla;;;frag.;1852_04_04;Boston;;
Día 14:;;N/A: ;;;Cole;cap.;;;;;De New-York en 14 dias frag. amer. Rovor, cap. Cole, ton. 358, con mercancías al opritán.;amer.;Rovor;;;frag.;1852_04_04;New-York;;
Día 26:;;N/A:  | N/A:  | N/A: ;;;Wade;cap.;;;;;De Portland en 26 dias berg. amer. Lina, cap. Wade, ton. 260, con maderas á 11, S. C. Burnham y comp.;amer.;Lina;;;berg.;1852_04_04;Portland;;
Día 23:;;N/A:  | N/A: ;;;Eston;cap.;;;;;De New York en 23 dias frag. amer. Attica, cap. Eston, ton. 349, en lastro á D. S. C. Burnham y comp.;amer.;Attica;;;frag.;1852_04_04;New York;;
Día 54:;;N/A: ;;;Cortina;cap.;;;;;De Burdeos en 54 dias berg. esp. Carmen, cap. Cortina, ton. 126, con morosones á los Sres. Mangoga 11. y comp.;esp.;Carmen;;;berg.;1852_04_04;Burdeos;;
Día 15:;;N/A: ;;;Cann;cap.;;;;;De New-York en 15 dias frag. nm. Edvind Johnson, capit. Cann, ton. 288, con carbon, á los Sres. Drake y comp.;nm.;Edvind Johnson;;;frag.;1852_04_06;New-York;;
Día 18:;;N/A:  | N/A:  | N/A: ;;;Adams;cap.;;;;;De New-York en 18 dias frag. amer. Helicon, cap. Adams, ton. 413, con carbon, á los Drakes y comp.;amer.;Helicon;;;frag.;1852_04_06;New-York;;
Día 8:;;N/A: ;;;Gardner;cap.;;;;;De Savannah en 8 dias frag. am. J. A. Hazard, cap. Gardner, ton. 221, con artes, á los Sres. Drake y comp.;am.;J. A. Hazard;;;frag.;1852_04_06;Savannah;;
Día 4:;;N/A:  | N/A: ;;;Fitter;cap.;;;;;De Nassau en 4 dias frag. am. Marion, cap. Fitter, tonol. 549, con boucues á los Sres. Drake y comp. —Pasag. 2;am.;Marion;;;frag.;1852_04_06;Nassau;;
Día 15:;;N/A: ;;;Wyman;cap.;;;;;De Port'aud en 15 dias frag. amer. Florance, cap. Wyman, ton. 325, con envases, á los Sres. Drake y comp.;amer.;Florance;;;frag.;1852_04_06;Port'aud;;
Día 16:;;N/A: ;;;Nichols;cap.;;;;;De Boston en 16 dias frag. am. J. O. Chafee, cap. Nichols, ton. 466, con tasajo, á D. C. Tyng.;am.;J. O. Chafee;;;frag.;1852_04_06;Boston;;
Día 23:;;N/A:  | N/A:  | N/A: ;;;Miller;cap.;;;;;De Buenos Aires, y Matanzas en 23 dias gol. esp. Prisca, cap. Miller, ton. 172, con tarro, á D. J. A. Pescad y comp.;esp.;Prisca;;;gol.;1852_04_06;Buenos Aires, y Matanzas;;
Día 12:;;N/A: ;;;D. C. ton.;cap.;;;;;De Mobila en 12 dias pail. am. Autelque, cap. D. C. ton. 88 —con algodón, á los Sres. King, S. y comp. —Pasag. 2.;am.;Autelque;;;pail.;1852_04_06;Mobila;;
Día 18:;;N/A: ;;;Reed;cap.;;;;;De New-York en 18 dias frag. amer. Clara Ann, cap. Reed, ton. 421, con carbon, á los Sres. Drake y comp.;amer.;Clara Ann;;;frag.;1852_04_06;New-York;;
Día 42:;;N/A: ;;;Garay;cap.;;;;;De Hilbao en 42 dias berg. esp. Juba y Pepita, cap. Garay, ton. 120, con harina, á los Sres. Lawton y T. —Pasag. 18;esp.;Juba y Pepita;;;berg.;1852_04_06;Hilbao;;
Día 20:;;N/A: ;;;Trundy;cap.;;;;;De New-York en 20 dias frag. am. Kinawha, cap. Trundy, ton. 200, con carbon, á los Sres. Drake y comp. —Pasag. 8.;am.;Kinawha;;;frag.;1852_04_06;New-York;;
Día 1:;;;;;;cap.;;;;;De Bahia-Honda en 1 dia berg. nm. Presidente Z. Taylor,;nm.;Presidente Z. Taylor;;;berg.;1852_04_07;Bahia-Honda;;
;;;;;;;;;;;A los 6 quidadas por bari, frag. y berg. amor, y por sotav.;;amor;;;frag.;1852_04_07;;;
Día 66:;;N/A: ;;;Fulsthrop;cap.;;;;;De New-Castillo en 66 días berg. ing. Mary & Ellen, capit. Fulsthrop, tonel. 316. con carbon, a los Sres. Crawford y E. oharte.;ing.;Mary & Ellen;;;berg.;1852_04_22;New-Castillo;;
Día 3:;;N/A: ;;;Hamilton;ep.;;;;;De New-Oroanos en 3 días frag. ing. John Garrow, ep. Hamilton, ton. 819, con algodón, al capitano —Do arrivada por hacer aguas, y sigue para Liverpool.;ing.;John Garrow;;;frag.;1852_04_22;New-Oroanos;;
Día 1:;;N/A: ;;;Anderson;cap.;;;;;De Cabanas en 1 día gol. ing. Sprite, cap. Anderson, ton.;ing.;Sprite;;;gol.;1852_04_24;Cabanas;;
Día 3:;;N/A:  | N/A: ;;;Wilson;cap.;;;;;De Bolíso en 3 dias vapor inglés (100 cap. Wilson, tonel. 1141, con cochinita), al Sr. consul inglés.—Pasaj. 12.;inglés;;;;vapor;1852_04_25;Bolíso;;
Día 67:;;N/A: ;;;Peyra;cap.;;;;;De Barcelona en 67 dias pot. o.p. Trinitaria, cap. Peyra, ton. 21, con frutos, á D. J. Gomez.;o.p.;Trinitaria;;;pot.;1852_04_25;Barcelona;;
Día 40:;;N/A: ;;;Sandeliz;cap.;;;;;De Buenos Aires y Matanzas en 40 dias berg. cap. Arrogante Emilio, cap. Sandeliz, ton. 270, con tussajo, á D. José Jonquín Carreras.;;Arrogante Emilio;;;berg.;1852_04_25;Buenos Aires y Matanzas;;
Día 22:;;N/A: ;;;Spotford;cap.;;;;;De New-York en 22 dias berg. am. Amulet, cap. Spotford, ton. 194, con lento, á los Sres. Herrera, M. y comp.;am.;Amulet;;;berg.;1852_04_25;New-York;;
Día 23:;;N/A: ;;;Fabens;cap.;;;;;De Boston en 23 dias frag. am. Wausacuncon, cap. Fabens, ton. 320, con mercancías, al capitán.;am.;Wausacuncon;;;frag.;1852_04_25;Boston;;
Día 16:;;N/A: ;;;Vefort;cap.;;;;;De Santo Tomás en 16 dias berg. belga Flandre, cap. Vefort, ton. 187, con ladrillos, á los tres. Mangonga, D. y Cp.;belga;Flandre;;;berg.;1852_04_25;Santo Tomás;;
Día 20:;;N/A: ;;;Curialis;cap.;;;;;De Wyscasset en 20 dias frag. am. Homer, cap. Curialis, ton. 223, con ouvaries, á D. S. C. Burnham y comp.;am.;Homer;;;frag.;1852_04_25;Wyscasset;;
Día 22:;;N/A: ;;;Poland;cap.;;;;;De Portland en 22 dias pol. amer. Montrose, cap. Poland, ton. 182, con envases, á los Sres. Adot, S. y comp.;amer.;Montrose;;;pol.;1852_04_25;Portland;;
Día 29:;;N/A: ;;;Vener;cap.;;;;;De Boston en 29 dias berg. am. Leghorn, cap. Vener, ton. 190, con mercancías, á D. S. C. Burnham y comp.;am.;Leghorn;;;berg.;1852_04_25;Boston;;
Día 21:;;N/A: ;;;Tuckesbury;cap.;;;;;De Portland en 21 dias frag. am. Scott Dyer, cap. Tuckesbury, ton. 250, con maderas, á D. S. C. Burnham y comp.;am.;Scott Dyer;;;frag.;1852_04_25;Portland;;
Día 24:;;N/A: ;;;Willer;cap.;;;;;De Jacksonville en 24 dias berg. am. Hunter, cap. Willer, ton. 166, con maderas, á D. S. C. Burnham y comp.;am.;Hunter;;;berg.;1852_04_25;Jacksonville;;
Día 21:;;N/A: ;;;Reed;cap.;;;;;De Filadelfia en 21 dias frag. am. Lyman, cap. Reed, ton. 369, con carbon, á los Sres. Crawford y Ecarte.;am.;Lyman;;;frag.;1852_04_25;Filadelfia;;
Día 24:;;;;;Ingersoll;cap.;;;;;De Boston 24 días frag. am. Osmandi, cap. Ingersoll, ton.;am.;Osmandi;;;frag.;1852_04_27;Boston;;
Día 18:;;;;;Melvi;cap.;;;;;De la Savannah en 18 días berg. am. John Balch, cap. Melvi-;am.;John Balch;;;berg.;1852_04_27;Savannah;;
Día 11:;;;;;Yex;cap.;;;;;De Nassau en 11 días got. ing. Elisa & Susan, capit. Yex,;ing.;Elisa & Susan;;;got.;1852_04_27;Nassau;;
Día 63:;;;;;Mue-;cap.;;;;;De Amberes en 63 días frag, belga J. J. Anversois, cap. Mue-;belga;J. J. Anversois;;;frag;1852_04_27;Amberes;;
Día 57:;;;;;Pas-;cao.;;;;;De la Coruña en 57 días frag. esp. Nueva Luisa, cao. Pas-;esp.;Nueva Luisa;;;frag.;1852_04_27;la Coruña;;
Día 26:;;;;;Chase;cap.;;;;;Do Boston en 26 días frag. am. Zaratán, cap. Chase, ton.;am.;Zaratán;;;frag.;1852_04_27;Boston;;
Día 67:;;;;;Maristany;cap.;;;;;1e Santander en 67 dias frag. esp. Urrania, cap. Maristany,;esp.;Urrania;;;frag.;1852_04_28;Santander;;
;;N/A: ;;;Cutierrez;pat.;;;;;De Cabanas gol. Dos Amigos, pat. Cutierrez, con 230 cajas;;Dos Amigos;;;gol.;1852_04_28;Cabanas;;
Día 25:;;;;;Learned;cap.;;;;;Do Baltimore en 25 dias frag. am. Rio, cap. Learned, ton.;am.;Rio;;;frag.;1852_04_28;Baltimore;;
;;N/A: ;;;Rodriguez;pat.;;;;;Del Marial gol. Justa, pat. Rodriguez, con 174 o. azúcar.;;Justa;;;gol.;1852_04_28;Marial;;
;;;;;;cap.;;;;;reconocer, y por tota, berg. cap. y otro sia reconocer.;;;;;berg.;1852_04_28;;;
;;N/A: ;;;Vigucirn;pat.;;;;;De Jaruco gol. Ligera, pat. Vigucirn, con 172 cajas de a-;;Ligera;;;gol.;1852_04_28;Jaruco;;
;;N/A: ;;;Capclo;pat.;;;;;De Sierra Morcna gol. Lugarda, pat. Capclo, con 460 cajas;;Lugarda;;;gol.;1852_04_28;Sierra Morcna;;
;;N/A: ;;;Marin;pat.;;;;;De Sierra-Morcna gol. Angelita, pat. Marin, con 532 ca-;;Angelita;;;gol.;1852_04_28;Sierra-Morcna;;
;;N/A: ;;;Perez;pat.;;;;;Del Marial gol. Quintina, pat. Perez, con 320 c. de azúcar.;;Quintina;;;gol.;1852_04_28;Marial;;
;;N/A: ;;;Rivoro;pat.;;;;;De Santa Cruz gol. Herminia, pat. Rivoro, con 250 cajas;;Herminia;;;gol.;1852_04_28;Santa Cruz;;
;;N/A: ;;;Garcia;pat.;;;;;De Reinedos gol. Industria, pat. Garcia, con 60 @ de cera,;;Industria;;;gol.;1852_04_28;Reinedos;;
Día 57:;;N/A: ;;;Porlin;cap.;;;23-04-XXXX;;Abril 23—Do Santander en 57 dias frag. cap. Porlin, capit. Sierra, ton. 272, con barina, a los Sres. Sain y comp.—Parag. 57.;;;;;frag.;1852_04_29;Santander;;
Día 4:;;N/A: ;;;Power;cap.;;;;;De Filadelfia y Charleston en 4 dias del segundo vapor am. General Armored, cap. Power, ton. 335, en lastre, a los Sres. Ceballos y Rubira.—Pasag. 3.;am.;General Armored;;;vapor;1852_04_29;Filadelfia y Charleston;;
Día 6:;;N/A:  | N/A:  | N/A: ;;;Logan;cap.;;;;;De Trinidad en 6 dias frag. ing. Anna Logan, cap. Logan, ton. 295, en lastre, a D. S. Burnham y comp.;ing.;Anna Logan;;;frag.;1852_04_29;Trinidad;;
Día 104:;;N/A: ;;;Potts;cap.;;;;;De Sunderland en 104 dias berg ing. Hope, cap. Potts, ton. 731, con carbon, a los Sres. Lawton y Toltne.;ing.;Hope;;;berg;1852_04_29;Sunderland;;
Día 4:;;N/A:  | N/A:  | N/A: ;;;Gouverneur;cap.;;;;;De Nicaragua en 4 dias vapor rum. Philadelphia, cap. Gouverneur, ton. 1237, en lastre, a los Sres. Drake y comp.—Pasag. 393.;;rum. Philadelphia;;;vapor;1852_04_29;Nicaragua;;
Día 64:;;N/A: ;;;Vinjero;cap.;;;;;De Barcelona y Matanzar en 64 dias berg. cap. Vinjero, ep. Cuvell, ton. 200, con frutos, a los Sres. Sainá y comp.;;;;;berg.;1852_04_29;Barcelona y Matanzar;;
Día 26:;;N/A: ;;;Gogertey;cap.;;;;;De Providencia en 26 dias berg. am. Loreto, cap. Gogertey, ton. 202, con víveres, al capitán.;am.;Loreto;;;berg.;1852_04_29;Providencia;;
Día 7:;;N/A:  | N/A: ;;;Urchase;ep.;;;;;De Mobile en 7 dias gol. am. Martha Gordon, ep. Urchase, ton. 177, con maderas á D. J. Ricart y Marquez.;am.;Martha Gordon;;;gol.;1852_04_29;Mobile;;
Día 75:;;N/A: ;;;Cristina, cap. Domenoch;cap.;;;;;De Buenos Aires y Trinidad en 75 dias pol. cap. Cristina, cap. Domenoch, ton. 217, con tasajo, a los Sres. Sain y Cap.—Pasag. 1.;;;;;pol.;1852_04_29;Buenos Aires y Trinidad;;
Día 19:;;N/A: ;;;Abbot;cap.;;;;;De Charleston en 19 dias gol. am. General Taylor, capitán Abbot, ton. 124, con arroto, a D. S. C. Burnham y comp.;am.;General Taylor;;;gol.;1852_04_29;Charleston;;
Día 27:;;N/A: ;;;Morien;cap.;;;;;De Boston en 27 dias brg. ing. Pamelin, cap. Morien, ton. 189, con envases, a los Sres. Adot, S. y comp.;ing.;Pamelin;;;brg.;1852_04_29;Boston;;
Día 10:;;N/A: ;;;Carrimán;cap.;;;;;De Veracruz en 10 dias gol. cap. Carrimán, cap. Tiger, ton. 90, con efectos, a D. M. Sanctiíces —Pasag. 7.;;;;;gol.;1852_04_29;Veracruz;;
Día 11:;;N/A: ;;;Guadalupe;cap.;;;;;De Tabasco en 11 dias gol. cap. Guadalupe, cap. Faginoto, ton. 102, con efectos, a D. M. Sontelices —Pasag. 2.;;;;;gol.;1852_04_29;Tabasco;;
Día 27:;;N/A: ;;;Staunwood;cap.;;;20-04-XXXX;;Abril 20—De Portland en 27 dias frag. amer. I. A. Perloy, cap. Staunwood, ton. 249, con maderas, á D. S. C. Burnham y comp.;amer.;I. A. Perloy;;;frag.;1852_04_30;Portland;;
Día 3:;;N/A:  | N/A: ;;;Lo-de;cap.;;;;;De New-Orleans en 3 dias vapor am. Empire City, capitán Lo-de, ton. 1760, un lastre, á los Sres. Drake y comp. —Pasa- geros 184.;am.;Empire City;;;vapor;1852_04_30;New-Orleans;;
Día 25:;;N/A: ;;;Mao Crillia;cap.;;;;;De Newburyport en 25 dias berg. am. Rosece, cap. Mao Crillia, ton. 180, con maderas, á D. J. Carriocaburu.;am.;Rosece;;;berg.;1852_04_30;Newburyport;;
Día 10:;;N/A: ;;;Gago;cap.;;;;;De Charleston en 10 dias pait. am. Isabella, cap. Gago, ton. 201, con arroz, á D. S. C. Burnham y comp.;am.;Isabella;;;pait.;1852_04_30;Charleston;;
Día 24:;;N/A: ;;;Snow;cap.;;;;;De Boston en 24 dias frag. am. y D. Champion, cap. Snow, ton. 339, con envases, al capitán.;am.;D. Champion;;;frag.;1852_04_30;Boston;;
Día 63:;;N/A: ;;;Maritany;cap.;;;;;De Barcelona y Matarazas en 63 dias frag. esp. Arrogante Barcelona, cap. Maritany, ton. 250, con frutos, á los Sres. Ricart, H. y comp.;esp.;Arrogante Barcelona;;;frag.;1852_04_30;Barcelona y Matarazas;;
Día 75:;;N/A: ;;;Oliver;cap.;;;;;De Mallorca y Gibraltar en 75 dias gol. esp. Trinidad, capit. Oliver, ton. 91, con frutos, á D. F. Ventosa.;esp.;Trinidad;;;gol.;1852_04_30;Mallorca y Gibraltar;;
Día 05:;;;;;Generoso;cap.;;;;;Abril 29—De Santander en 6 días berg. cap. Generoso.;;;;;berg.;1852_05_01;Santander;;
Día 19:;;;;;Hos-;cap.;;;;;De Charleston en 19 días gol. rum. Anita Pannon, cap. Hos-;rum.;Anita Pannon;;;gol.;1852_05_01;Charleston;;
Día 27:;;;;;Cole;cap.;;;;;De Boston en 27 días frag. amer. Phoenix, cap. Cole, ton.;amer.;Phoenix;;;frag.;1852_05_01;Boston;;
Día 56:;;;;;Paris;cap.;;;;;De Liverpool en 56 días frag. c.p. Mongó, cap. Paris, ton.;c.p.;Mongó;;;frag.;1852_05_01;Liverpool;;
Día 61:;;;;;Urguhat;cap.;;;;;De Cardiff en 61 días berg. ing. Ottawa, cap. Urguhat,;ing.;Ottawa;;;berg.;1852_05_01;Cardiff;;
Día 56:;;;;;Bastar;cap.;;;;;De Bilbao en 56 días berg. esp. Joven María, cap. Bastar-;esp.;Joven María;;;berg.;1852_05_01;Bilbao;;
Día 22:;;N/A: ;;;Wallis;cap.;;;;;De Filadelfia en 22 días berg. am. Yatkee, cap. Wallis, ton.;am.;Yatkee;;;berg.;1852_05_01;Filadelfia;;
Día 14:;;;;;Hay;cap.;;;;;De Charleston en 14 días pail. am. Charleston, cap. Hay-;am.;Charleston;;;pail.;1852_05_01;Charleston;;
Día 21:;;;;;Robinson;cap.;;;;;De New York en 21 días frag. am. Meteor, cap. Robinson,;am.;Meteor;;;frag.;1852_05_01;New York;;
Día 1:;;;;;;cap.;;;;;De Sierra Morena en 1 día berg. am. Harnescket, capit.;am.;Harnescket;;;berg.;1852_05_01;Sierra Morena;;
Día 24:;;N/A: ;;;Otit;cap.;;;;;De Filadelfia en 24 días fragata americana Arkansas, cap. Otit, ton. 399, con carbón al capitán.;americana;Arkansas;;;fragata;1852_05_02;Filadelfia;;
Día 17:;;N/A: ;;;Boterfield;cap.;;;;;De New York en 17 días fragata americana N. H. Wolt, cap. Boterfield, ton. 419 en lastro á los señores Drake y compañía.;americana;N. H. Wolt;;;fragata;1852_05_02;New York;;
Día 65:;;N/A: ;;;Campers;cap.;;;;;De Barcelona en 65 días palaca española Antonieta, cap. Campers, ton. 227 con frutos á los señores Pují y compañía.;española;Antonieta;;;palaca;1852_05_02;Barcelona;;
Día 57:;;N/A: ;;;Borda- guer;cap.;;;;;De Málaga en 57 días palaca española María, cap. Borda- guer, ton. 131, con efectos á los señores Sama y compañía.;española;María;;;palaca;1852_05_02;Málaga;;
Día 51:;;N/A: ;;;Larraguita;cap.;;;;;De Londres en 51 días bergantín español Tridente, cap. Larraguita, ton. 115 con morsencias á los señores Mangongu D. y Comp.;español;Tridente;;;bergantín;1852_05_02;Londres;;
Día 67:;;N/A: ;;;Troncoso;cap.;;;;;De Aviles en 67 días bergantín español Patriota Asturiano, cap. Troncoso, ton. 142, con frutos á D. F. F. Coroyudo Pasag. 124.;español;Patriota Asturiano;;;bergantín;1852_05_02;Aviles;;
Día 50:;;N/A: ;;;Manso;cap.;;;;;De Santander en 50 días frag. osp. Santander, cap. Manso, ton. 289, con harina, á D. A. da la Torriente.—Pasag. 3.;osp.;Santander;;;frag.;1852_05_04;Santander;;
Día 21:;;N/A: ;;;Clark;cap.;;;;;De Portland en 21 días borg. au. Isaac Carver, cap. Clark, ton. 196, con m. doras, á los Sres. Adot. S. y comp.;au.;Isaac Carver;;;borg.;1852_05_04;Portland;;
Día 20:;;N/A: ;;;Kruse;cap.;;;;;De New-York en 20 días frag. dan. Nordskow, cap. Kruse, ton. 304, en lastro, á los Sres. Steil y Wolff.;dan.;Nordskow;;;frag.;1852_05_04;New-York;;
Día 56:;;N/A: ;;;Mejou;cap.;;;;;De Santander en 56 días frag. esp. Victoria, cap. Mejou, ton. 187, con harina, á D. P. Martinez.—Pasag. 10.;esp.;Victoria;;;frag.;1852_05_04;Santander;;
Día 54:;;N/A: ;;;Cabioses;cap.;;;;;De Hamburgo en 54 días borg. osp. Tablrol, cap. Cabioses, ton. 193, con murosancias, á D. M. Iasai.;osp.;Tablrol;;;borg.;1852_05_04;Hamburgo;;
Día 61:;;N/A: ;;;Oyarbi- do;cap.;;;;;De Santander en 61 días borg. osp. Laborinto, cap. Oyarbi- do, ton. 243, con harina, á los Sres. sobrinos du. D. J. Gomes y comp.—Pasag. 4.;osp.;Laborinto;;;borg.;1852_05_04;Santander;;
Día 17:;;N/A: ;;;Newton;cap.;;;;;De Baltimore en 17 días frag. am. Juniata, cap. Newton, ton. 299, en lastro, al capitán.;am.;Juniata;;;frag.;1852_05_04;Baltimore;;
Día 15:;;N/A: ;;;Ambury;cap.;;;;;De New-York en 15 días borg. am. Azores, cap. Ambury, ton. 271, con efectos, á los Sres. Horrora, M. y comp.;am.;Azores;;;borg.;1852_05_04;New-York;;
Día 14:;;N/A: ;;;Perkins;cap.;;;;;De Kingston en 14 días frag. sin. Hulyoko, cap. Perkins, ton. 453, en lastro, al capitán.;sin.;Hulyoko;;;frag.;1852_05_04;Kingston;;
Día 20:;;N/A: ;;;Sawyer;cap.;;;;;De New-York en 20 días frag. am. Roboca, cap. Sawyer, ton. 536, con heno, á D. S. C. Burnham y comp.;am.;Roboca;;;frag.;1852_05_04;New-York;;
Día 13:;;N/A:  | N/A: ;;;L'Abbé ton.;cap.;;;;;De Martínos en 13 días borg. franc, Ebbions, cap. L'Abbé ton. 216, en lastro, á D. L. A. Gugel y comp.;franc;Ebbions;;;borg.;1852_05_04;Martínos;;
Día 17:;;N/A: ;;;Winchost;cap.;;;;;De New-York en 17 días frag. John Bonson, cap. Winchost, ton. 215, con mercancías, á los Sres. Drake y comp.— Pasag. 1;;John Bonson;;;frag.;1852_05_04;New-York;;
Día 28:;;N/A: ;;;Buroet ton.;cap.;;;;;De Cayena en 28 días frag. f'ano. Gossoline, cap. Buroet ton. 230, en lastre, á los Sres. Zangroniz, H. y comp.;;Gossoline;;;frag.;1852_05_04;Cayena;;
Día 5:;;N/A:  | N/A: ;;;L. libro;cap.;;;;;De Trujillo en 5 días borg. osp. Sempsonian, cap. L. libro, ton. 93, con efectos, á D. J. R. Salazar.—Pasag. 2.;osp.;Sempsonian;;;borg.;1852_05_04;Trujillo;;
Día 9:;;N/A: ;;;Byers;cap.;;;;;De Charleston en 9 días pail. am. Zephyr, cap. Byers, ton. 178, con arros, á los Sres. Drake y comp.;am.;Zephyr;;;pail.;1852_05_04;Charleston;;
Día 53:;;;;;Joven Francisco;cap.;;;;;Do Barcelona en 53 días berg. cap. Joven Francisco, cap.;;;;;berg.;1852_05_05;Barcelona;;
Día 60:;;;;;Ma-;cap.;;;;;Del Havre en 60 días frag. franc. Louis Cezard, cap. Ma-;franc.;Louis Cezard;;;frag.;1852_05_05;Havre;;
Día 61:;;N/A: ;;;Villaverde;cap.;;;;;Del Cádiz en 61 días frag. orp. Apolo, cap. Villaverde, ton.;orp.;Apolo;;;frag.;1852_05_05;Cádiz;;
Día 11:;null;N/A: ;;;Boils;cap.;;;04-05-XXXX;;Mayo 4—De Stannab en 11 días gol. am William Howe, cap. Boils, ton. 163, con maderas, a los Sres. Herrera, M. y comp.;am;William Howe;;;gol.;1852_05_06;Stannab;;
Día 62:;;N/A: ;;;Dubuis;cap.;;;05-05-XXXX;;Mayo 5—Del Hoyo en 62 días frag. exp. Mathurin Cor, cap. Dubuis, ton. 145, con mercancía, a los Sres. Zungronz H y comp.—Pasaj. 4.;;Mathurin Cor;;;frag.;1852_05_06;Hoyo;;
Día 63:;;N/A: ;;;Escajadillo;cap.;;;;;De Santander en 63 días berg. exp. Colon, cap. Escajadillo, ton. 162, con harina, a D. J. Escouria.;exp.;Colon;;;berg.;1852_05_06;Santander;;
Día 1:;;N/A: ;;;Wright;cap.;;;;;De Baracoa en 1 día gol. amer. Mary Emily, cap. Wright, ton. 134, con mieses, a D. R. Morrison y comp.;amer.;Mary Emily;;;gol.;1852_05_06;Baracoa;;
Día 28:;;N/A: ;;;Futh;exp.;;;;;De Halifax y Cuba en 28 días berg. ing. l'Express, exp. Futh, ton. 143, con basaol, a D. N. G. Burnham y comp.;ing.;l'Express;;;berg.;1852_05_06;Halifax y Cuba;;
Día 26:;;N/A: ;;;Springer;cap.;;;;;De Bath en 26 días frag. un. Yorktown, cap. Springer, ton. 394, con cavaosos, á los Sres. Drake y comp.;un.;Yorktown;;;frag.;1852_05_07;Bath;;
Día 62:;;N/A:  | N/A:  | N/A: ;;;Menchaca;cap.;;;;;De Liverpool un 62 días berg, esp. Triunfante, cap. Menchaca, ton. 213, con vin. recaídas á los Sres. Fernández. P. y comp.;esp.;Triunfante;;;berg;1852_05_07;Liverpool;;
Día 60:;;N/A: ;;;Smith;cap.;;;;;De Sunderland en 60 días frag. ing. Eratne, cap. Smith, ton. 454, con carbon, á los Sres. Lawton y Tolin.;ing.;Eratne;;;frag.;1852_05_07;Sunderland;;
Día 62:;;N/A: ;;;Charn;cap.;;;;;De Cádiz en 62 días berg, esp. Lula, cap. Charn, ton. 157, con frutos, á D. J. R. Salazar.;esp.;Lula;;;berg;1852_05_07;Cádiz;;
Día 63:;;N/A: ;;;Bang;cap.;;;;;De Shields en 63 días frag. ing. Ottodine, cap. Bang, ton. 367, con carbón, á los Sres. Villodol, W. y comp.;ing.;Ottodine;;;frag.;1852_05_07;Shields;;
Día 12:;;N/A: ;;;Watson;cap.;;;;;De Charleston en 12 dias berg. am. Somers cap. Watson, ton. 111, con arz. a D. S. G. Burham y comp.;am.;Somers;;;berg.;1852_05_08;Charleston;;
Día 22:;;N/A: ;;;Piko;cap.;;;;;De Charleston en 22 dias berg. amer. Sterling, cap. Piko, ton. 118, con underas, a D. J. A. Pesant y comp.;amer.;Sterling;;;berg.;1852_05_08;Charleston;;
Día 10:;;N/A: ;;;Brightman;cap.;;;;;De Savannah en 10 dias berg. amer E. Pratt, cap. Brightman, tor. 197, con arroz, a D. S. G. Burham y comp.;amer;E. Pratt;;;berg.;1852_05_08;Savannah;;
Día 7:;;N/A: ;;;Melville;cap.;;;07-05-XXXX;;Mayo 7.—De Savannah en 7 dias berg. amor. Cardiff, cap. Melville, ton. 183, con arroz, á los Sres. Hurrera, M. y cp. Do Santander en 64 dias berg. esp. Guincho, cap. Salvidea, ton. 179, con barina, á D. J. S. Alvort.—Pasaje. 2;amor.;Cardiff;;;berg.;1852_05_09;Savannah;;
Día 19:;;N/A: ;;;Wilson;cap.;;;;;De Portland en 19 dias berg. amor. Norman, Wilson, ton. 189, con cortes, á los Sres. A. lot, S. y comp.;;amor. Norman;;;berg.;1852_05_09;Portland;;
Día 7:;;N/A:  | N/A: ;;;Sugato;cap.;;;08-05-XXXX;;Mayo 8.—110 Mobil en 7 dias berg. amor. Vermont, cap. Sugato, ton. 170, con madera, á los Sres. Roig, S. y comp. Do Filadelfia en 15 dias frag. amer. Japúdica, cap. G. Hagher, ton. 216, con mercancías, á D. F. Alvarez y comp.— Pasajeros 4.;amer.;Vermont;;;berg.;1852_05_09;Filadelfia;;
Día 8:;;N/A: ;;;Gardner;cap.;;;;;De Charleston en 8 dias berg. amer. Robert B. Lawton, cap. Gardner, ton. 193, con arroz, á D. S. C. Burnham y comp. De Bath en 27 dias berg. amer. Ellon Rerd, cap. Chapman, ton. 167, con envases, á D. S. C. Burharn y comp.— Pasaje 1.;amer.;Robert B. Lawton;;;berg.;1852_05_09;Charleston;;
Día 10:;;N/A:  | N/A:  | N/A: ;;;Sprague;cap.;;;;;De Charleston en 10 dias frag. amer. T. J. Rogers, cap. Sprague, ton. 643, en lastro, á D. C. Tyne.;amer.;T. J. Rogers;;;frag.;1852_05_09;Charleston;;
Día 11:;;N/A: ;;;Trott;cap.;;;;;De Baltimore en 11 dias frag. amer. Mary Florence, capit. Trott, ton. 160, en lastro, al capitano.;amer.;Mary Florence;;;frag.;1852_05_09;Baltimore;;
Día 30:;;N/A: ;;;Spurling;cap.;;;;;De Portland en 30 dias berg. am. Abigail & Maria, capitán Spurling, ton. 181, con envases, á D. R. Morison y comp.;am.;Abigail & Maria;;;berg.;1852_05_09;Portland;;
Día 11:;;N/A: ;;;Sparks;cap.;;;09-05-XXXX;;Mayo 9—De New-Orleans en 11 días berg. am. Charlotte, cap. Sparks, ton. 178, con ríveres, á D. S. Burnham y comp.;am.;Charlotte;;;berg.;1852_05_11;New-Orleans;;
Día 50:;;;;;Malbran;ep.;;;;;De Rotterdam 50 días frag. hol. Arlequín, ep. Malbran, ton. 324, al lante, á D. L. A. Giegel y comp.;hol.;Arlequín;;;frag.;1852_05_11;Rotterdam;;
Día 20:;;N/A: ;;;Curtis;cap.;;;;;De Portland en 20 días berg. amer. Sen Bird, cap. Curtis, ton. 125, con envases, á los Sres. Adot. S. y comp.;amer.;Sen Bird;;;berg.;1852_05_11;Portland;;
Día 23:;;N/A: ;;;Horrman;cap.;;;;;De Boston en 23 días frag. am. D. S. Goodell, cap. Horrman, ton. 196, con mercancía, á los Sres. Adot. S. y comp.;am.;D. S. Goodell;;;frag.;1852_05_11;Boston;;
Día 25:;;N/A: ;;;Raynos;cap.;;;;;De Boston en 25 días frag. am. John Caskie, cap. Raynos, ton. 350, con hielo, a los Sres. Druko y comp.;am.;John Caskie;;;frag.;1852_05_11;Boston;;
Día 72:;;N/A: ;;;Rosita;cap.;;;;;De Buenos Aires y Matanzas en 72 días pol. cap. Rosita, cap. Girbau, ton. 350, con tarsajo, á D. Jose Dotes.;;;;;pol.;1852_05_11;Buenos Aires y Matanzas;;
Día 78:;;N/A: ;;;Nordolber;cap.;;;;;De Rotterdam y St Thomas en 78 días berg. hol. Pio Nomo, en. Nordolber, ton. 210, con carbon, al capitán.;hol.;Pio Nomo;;;berg.;1852_05_11;Rotterdam y St Thomas;;
Día 1:;;N/A: ;;;Bonnet;cap.;;;;;De Cabahá en 1 día berg. amer. John Dowson, cap. Bonnet, ton. 217, con miele, á D. S. C. Burnham y comp.;amer.;John Dowson;;;berg.;1852_05_11;Cabahá;;
Día 65:;;N/A: ;;;Anderson;cap.;;;;;De New-Cast en 65 días berg. su-eco Clara, cap. Anderson, ton. 231, con carbon, al capitán.;;Clara;;;berg.;1852_05_11;New-Cast;;
Día 30:;;N/A: ;;;Robertson;cap.;;;;;De New York en 30 días berg. inglés Livozia, cap. Robertson, ton. 164, con instro, al capitán.;ing.;Livozia;;;berg.;1852_05_11;New York;;
Día 42:;;N/A: ;;;S. t. cap. Gaffa;cap.;;;;;De Burdeos en 42 días berg. cap. S. t. cap. Gaffa, ton. 187, con mercancías, á D. R. Arrigun.;;;;;berg.;1852_05_11;Burdeos;;
Día 14:;;N/A: ;;;Ellis;cap.;;;;;De New-York en 14 días frag. y de Norma, cap. Ellis, ton. 292, con mercancías, á los Sres. Drake y comp.—Passag. 9.;;Norma;;;frag.;1852_05_11;New-York;;
Día 23:;;N/A: ;;;Ponnell;cap.;;;;;De Bath en 23 días frag. amer. Chilton cap. Ponnell, ton. 278, con envases, á los Sres. Drake y comp.;amer.;Chilton;;;frag.;1852_05_11;Bath;;
Día 10:;;;;;Fortunato;cap.;;;;;De Boston, New York en 10 días del segundo vapor meg. Grjalba, cap. Fortunato, ton. 153, al lante al capitán.;;Grjalba;;;vapor;1852_05_11;Boston;;
Día 1:;;N/A: ;;;Percy;cap.;;;;;De Cabahá en 1 día berg. am. Hattrick, cap. Percy, ton. 160, con miele, al capitán.;am.;Hattrick;;;berg.;1852_05_11;Cabahá;;
Día 18:;;;;;Ellie;cap.;;;;;De New-York en 18 días frag. am. Frances, cap. Ellie, ton. 295, á la t. e., á D. C. Tyng.;am.;Frances;;;frag.;1852_05_11;New-York;;
Día 16:;;N/A: ;;;Morryman;cap.;;;;;De Boston en 16 días frag. am. Margarot, cap. Morryman, ton. 419, en lustra, al capitán.;am.;Margarot;;;frag.;1852_05_11;Boston;;
Día 32:;;N/A: ;;;Morten;cap.;;;;;De Portland en 32 días berg. am. Argo, cap. Morten, ton. 169, con maderas, a los Sres. D. R. D. y comp.;am.;Argo;;;berg.;1852_05_11;Portland;;
;;;;;D. Mariano de Luna;cap.;;;;;De la mar frag. de S. M. reparaz. su comandante el cap. de navío D. Mariano de Luna.;;S. M.;;;frag.;1852_05_11;;;
;;;;;;;;;;;A puestas del sol quocaban por barl. frag. sin reconocer, y por solay. berg. it.;;;;;frag.;1852_05_11;;;
Día 65:;;N/A: ;;;Curbera;cap.;;;;;De Cadiz en 65 dias frag. esp. Asia, cap. Curbera, ton. 128;esp.;Asia;;;frag.;1852_05_12;Cadiz;;
Día 64:;;;;;Mac Lord;cap.;;;;;De Cardiff en 64 dias berg. ing. Rourke, cap. Mac Lord,;ing.;Rourke;;;berg.;1852_05_12;Cardiff;;
Día 1:;;;;;Robbi;cap.;;;;;De Bahia-Honda en 1 dia frag. am. Medora, cap. Robbi,;am.;Medora;;;frag.;1852_05_12;Bahia-Honda;;
Día 75:;;;;;Rai;cap.;;;;;Do Glasgow en 75 dias frag. ing. Muntinier, cap. Rai,;ing.;Muntinier;;;frag.;1852_05_12;Glasgow;;
Día 52:;;;;;Coll;cap.;;;;;Do Buenos Aires en 52 dias berg. esp. Felipe, cap. Coll, tu.;esp.;Felipe;;;berg.;1852_05_12;Buenos Aires;;
Día 61:;;;;;Puchot;cap.;;;;;Do Barcelona en 61 dias berg. esp. Luisa, cap. Puchot, tn.;esp.;Luisa;;;berg.;1852_05_12;Barcelona;;
Día 69:;;N/A: ;;;Pepits;cap.;;;;;De Barcelona en 69 dias berg. cap. Pepits, cap. Estapó, tn 259, con frutos, a los Sres. Fontanills y Llanusa.;;;;;berg.;1852_05_13;Barcelona;;
Día 61:;;N/A: ;;;Diego Leon;cap.;;;;;De Liverpool en 61 dias berg. cap. Diego Leon, cap. Mulllet, ton. 206, con mercancía, a los Sres. Johnston y comp.;;;;;berg.;1852_05_13;Liverpool;;
Día 49:;;N/A: ;;;Villalonga;cap.;;;;;De Santander en 49 dias frag. cap. Hermoso Ballen, capit. Villalonga, ton. 268, con harina, a los Sres. sobrinos de D.J. Gomes y comp.;;Hermoso Ballen;;;frag.;1852_05_13;Santander;;
Día 39:;;N/A: ;;;Brachet;cap.;;;;;De Boston en 39 dias frag. am. Felicie, cap. Brachet, ton. 221, con adquienes, a los Sres. Zangroniz, H. y comp.;am.;Felicie;;;frag.;1852_05_13;Boston;;
Día 49:;;N/A: ;;;Mendezona;cap.;;;;;De Bilbao en 49 dias berg. cap. Tambien, cap. Mendezona, ton. 142, con harina, a D. J. de S. Alvear.;;cap. Tambien;;;berg.;1852_05_13;Bilbao;;
Día 18:;;N/A: ;;;Bartlett;cap.;;;;;De Portland en 18 dias berg. am. Copeland, Bartlett, ton. 161, con envases, a D. S. C. Burnshaw y comp.;am.;Copeland;;;berg.;1852_05_13;Portland;;
Día 68:;;N/A: ;;;Henson;cap.;;;;;De Emsburg en 68 dias gol. dan. Courier, cap. Henson, ton. 100, con carbon, a D. G. Sthammer y comp.;dan.;Courier;;;gol.;1852_05_13;Emsburg;;
Día 24:;;N/A: ;;;Green;cap.;;;;;De Portland en 24 dias berg. am. r. Hilerona, cap. Green, ton. 211, con maderas, a los Sres. Utriel, P. y comp.;am.;Hilerona;;;berg.;1852_05_13;Portland;;
Día 1:;;N/A: ;;;Porce;cap.;;;;;De Hab. Honda, en 1 dia berg. am. Allston, cap. Porce, ton. 146, con mieras, a D. C. Tyng.;am.;Allston;;;berg.;1852_05_13;Hab. Honda;;
Día 60:;;N/A: ;;;Pardoy;cap.;;;;;De Liverpool en 60 dias berg. ing. Nnucy, cap. Pardoy, ton. 124, con carbon, al capitán.;ing.;Nnucy;;;berg.;1852_05_13;Liverpool;;
Día 12:;;N/A:  | N/A: ;;;Lawry ton.;cap.;;;;;De Boston en 12 dias frag. am. Sylphide, cap. Lawry ton. 348, con envasas y adoquines, á D. S. C. Burnham y comp.;am.;Sylphide;;;frag.;1852_05_14;Boston;;
Día 20:;;N/A:  | N/A: ;;;Mac Carty;cap.;;;;;De Boston en 20 dias berg. am. Tornado cap. Mac Carty, ton. 183, con envasas, y adoquines, á D. S. C. Burnham y comp.;am.;Tornado;;;berg.;1852_05_14;Boston;;
Día 60:;;N/A: ;;;Maristany;cap.;;;;;De Barcelona en 60 dias berg. exp. Industria, cap. Maristany, ton. 150, con frutos, á los Sres. Nanni y comp.;exp.;Industria;;;berg.;1852_05_14;Barcelona;;
Día 5:;;N/A: ;;;Goodman;cap.;;;;;De New Orleans en 5 dias grol. am. Cornelia, capit. Goodman, ton. 185, con víveres, á los Sres. Sotolongo, A. y comp.;am.;Cornelia;;;grol.;1852_05_14;New Orleans;;
Día 12:;;N/A: ;;;Down;cap.;;;;;De Filadelfia en 12 dias frag. am. Robert Morris, capitán Down, ton. 280, con carbon, á D. R. Moriton y comp.;am.;Robert Morris;;;frag.;1852_05_14;Filadelfia;;
Día 10:;;N/A: ;;;Preble;ep.;;;;;De New-York en 10 dias frag. am. Macedonia, ep. Preble, ton. 114, con lastro, al capitán.;am.;Macedonia;;;frag.;1852_05_14;New-York;;
Día 1:;;N/A: ;;;Brewer;cap.;;;;;De Cannes en 1 dia berg. amer. Poconocket, cap. Brewer, ton. 149, con miel, á los Sres. Adot. N. y comp.;amer.;Poconocket;;;berg.;1852_05_14;Cannes;;
Día 15:;;N/A: ;;;Bartenga ton.;cap.;;;;;De Campeche en 15 dias berg. exp. Hércules, cap. Bartenga ton. 168, con efectos, á D. A. Bolívar.;;exp. Hércules;;;berg.;1852_05_14;Campeche;;
Día 42:;;N/A:  | N/A:  | N/A: ;;;Salas;cap.;;;;;De Cádiz en 42 dias frag. exp. Union, cap. Salas, ton. 308, con frutos, á D. M. Pereda.—1 arro. 128, entre ellos 118 de tropa.;exp.;Union;;;frag.;1852_05_14;Cádiz;;
Día 42:;;N/A:  | N/A:  | N/A: ;;;Villanueva;cap.;;;;;De Cádiz en 42 dias frag. exp. Europa, cap. Villanueva, ton. 235, con frutos, á los Sres. Alejandria y H.—1 arro. 137, entre ellos 116 de tropa.;exp.;Europa;;;frag.;1852_05_14;Cádiz;;
Día 76:;;N/A: ;;;Morgan;cap.;;;;;De Swanson en 76 dias berg. ing. Appleton, cap. Morgan, ton. 290, con carbon, á los Sres. Lawton y Tolme.;ing.;Appleton;;;berg.;1852_05_14;Swanson;;
Día 80:;;;;;Var-;cap.;;;;;De New-Castle en 80 días frag. lug. Elizabeth, cap. Var-;lug.;Elizabeth;;;frag.;1852_05_15;New-Castle;;
Día 41:;;;;;;cap.;;;;;De Boston y Nassau en 41 días frag. am. Geo. Turner, cap.;am.;Geo. Turner;;;frag.;1852_05_15;Boston y Nassau;;
Día 13:;;;;;Rosso;cap.;;;;;De Jamaica en 13 días frag. ing. Express, cap. Rosso, ton.;ing.;Express;;;frag.;1852_05_15;Jamaica;;
Día 66:;;;;;;cp.;;;;;De Alesund y Westport en 66 días berg. noruego Nord, cp.;noruego;Nord;;;berg.;1852_05_15;Alesund y Westport;;
Día 70:;;;;;;;;;;;De New-Port y st Thomas en 70 días frag. ing. Prome-;ing.;Prome-;;;frag.;1852_05_15;New-Port y st Thomas;;
Día 20:;;;;;Berry;cap.;;;;;De Boston en 20 días frag. am. Cochinito, cap. Berry, ton.;am.;Cochinito;;;frag.;1852_05_15;Boston;;
Día 20:;;N/A: ;;;Sargeant;cap.;;;;;De Boston en 20 días frag. am. Swoze, cap. Sargeant, ton.;am.;Swoze;;;frag.;1852_05_15;Boston;;
Día 20:;;;;;Davia;cap.;;;;;De Boston en 20 días frag. 1n Hyperion, cap. Davia, ton.;;Hyperion;;;frag.;1852_05_15;Boston;;
Día 16:;;;;;Dickey;cap.;;;;;De Port-aud on 16 días berg. am. Champion, cap. Dickey,;am.;Champion;;;berg.;1852_05_15;Port-aud;;
Día 52:;;;;;Rengo;cap.;;;;;De Barcelona y Matanzas en 52 días berg. cap. Rengo, cp.;;;;;berg.;1852_05_15;Barcelona y Matanzas;;
Día 52:;;;;;Noell;cap.;;;;;De Liverpool en 52 días berg. ing. Acorn, cap. Noell, ton.;ing.;Acorn;;;berg.;1852_05_15;Liverpool;;
Día 18:;;;;;Clifford;cap.;;;;;De Searspor en 18 días berg. am. Mars Hill, cap. Clifford;am.;Mars Hill;;;berg.;1852_05_15;Searspor;;
Día 60:;;N/A: ;;;Comata;cap.;;;;;De Mallorca y Pto. Rico en 60 dias pol. cap. Comata, cap. Capó, ton. 59, con frutos, a los Sres. Samá y comp.;;;;;pol.;1852_05_17;Mallorca y Pto. Rico;;
Día 16:;;N/A: ;;;Mitchell;cap.;;;;;De Halifax en 16 dias berg. ing. Brooklyn, cap. Mitchell, ton. 143, con bacalao, a los Sres. Drake y comp.;ing.;Brooklyn;;;berg.;1852_05_17;Halifax;;
Día 14:;;N/A: ;;;Volkwar;cap.;;;;;De Cristianó en 14 dias berg. uno de los Sres. Noruego Solorzandigheder, cap. Volkwar, ton. 114, con bacalao, a los Sres. Ralliani y comp.;noruego;Solorzandigheder;;;berg.;1852_05_17;Cristianó;;
Día 33:;;N/A: ;;;Magnifico;cap.;;;;;De Cayenne en 33 dias frag. franc. Jeune Marsillain, cap. Magnifico, ton. 317, un lastro, al capitán;franc.;Jeune Marsillain;;;frag.;1852_05_17;Cayenne;;
Día 2:;;N/A:  | N/A: ;;;Duran ton.;cap.;;;;;De Cayo-Hueso en 2 dias berg. ani. Montague, cap. Duran ton. 148, en lastre, a D. J. Carricaburu;ani.;Montague;;;berg.;1852_05_17;Cayo-Hueso;;
Día 8:;;N/A: ;;;Hulbman;cap.;;;;;De New Port en 8 dias berg. suceso Zephyr cap. Hulbman, ton. 215, con carbón, a los Sres. Crawford y Ficharte.;;suceso Zephyr;;;berg.;1852_05_17;New Port;;
Día 14:;;N/A:  | N/A: ;;;Wood;emp.;;;;;De Boston en 14 dias frag. un. T. Upbyr, emp. Wood, ton. 438, en lastre, afuera ton.;;T. Upbyr;;;frag.;1852_05_17;Boston;;
Día 13:;;N/A: ;;;Woolward;cap.;;;;;De Boston en 13 dias frag. aun Champion, cap. Woolward, ton. 600, en lastre, a D. C. Tyng.;;Champion;;;frag.;1852_05_17;Boston;;
Día 15:;;N/A:  | N/A: ;;;Kinsian;cap.;;;;;De Portland en 15 dias berg. am. Geo. F. Williams, cap. Kinsian, ton. 189, con maderas y viveres, á U. S. C. Burnham y comp.;am.;Geo. F. Williams;;;berg.;1852_05_19;Portland;;
Día 96:;;N/A: ;;;Borr;cap.;;;;;De Havre y Falmouth en 96 dias frag. franc. Ocean, capit. Borr, ton. 262, con mercancías, á los Sres. Zaugroulz, H. y comp.;franc.;Ocean;;;frag.;1852_05_19;Havre y Falmouth;;
Día 1:;;N/A: ;;;Lightborn;op.;;;;;De Santa Cruz en 1 dia berg. am. Robert M. Chariton, op. Lightborn, ton. 117, con mieles, á los Sres. Horrera, M. y comp.;am.;Robert M. Chariton;;;berg.;1852_05_19;Santa Cruz;;
Día 79:;;N/A: ;;;Visser;cap.;;;;;De Cardiffen 79 dias berg. hol. Indurtey, cap. Visser, ton. 178, con for-esto, á los Sres. Lawton y Tonné.;hol.;Indurtey;;;berg.;1852_05_19;Cardiff;;
Día 69:;;N/A: ;;;Van der der;cap.;;;;;De Rotterdam en 69 dins berg, bol. Piet Heijn, cap. Van der der, tou. 103, con víveres, á los Sres. Baibiani y comp.;bol.;Piet Heijn;;;berg;1852_05_20;Rotterdam;;
Día 14:;;N/A:  | N/A:  | N/A: ;;;Escalza;cap.;;;;;De Sinal en 14 días berg. esp. Martín, cap. Escalza, tonel. 161, con oficios, á D. M. Sanolice. —Pasaj. 6;esp.;Martín;;;berg.;1852_05_21;Sinal;;
Día 12:;;N/A: ;;;Wunlonghun;cap.;;;;;De New-Orleans en 12 días berg. am. Mount Vernon, cap. Wunlonghun, ton. 162, con víveres, á los Sres. Noriega, O. y comp. —Pasaj. 2.;am.;Mount Vernon;;;berg.;1852_05_21;New-Orleans;;
Día 6:;;N/A:  | N/A: ;;;Smith;cap.;;;;;De New-Orleans en 6 días berg. am. P. Souvé, cap. Smith, ton. 142, con víveres, á los Sres. Druko y comp. —Pasaj. 5.;am.;P. Souvé;;;berg.;1852_05_21;New-Orleans;;
Día 12:;;;;;Noble;cap.;;;;;De Bollise en 12 dias gol. ing. Janotto, cap. Noble, ton. 59,;ing.;Janotto;;;gol.;1852_05_22;Bollise;;
Día 7:;;;;;Silver;cap.;;;;;21.—De New-Orleans en 7 dias gol. am. Fairey, cap. Silver,;am.;Fairey;;;gol.;1852_05_22;New-Orleans;;
Día 12:;;;;;Gardner;cap.;;;;;De Savannah en 12 dias frag. am. J. A. Hazzard, cap. Gardner,;am.;J. A. Hazzard;;;frag.;1852_05_22;Savannah;;
Día 65:;;N/A: ;;;Smith;cap.;;;;;De Troodos en 65 dias berg. ing. Spinner, cap. Smith, ton.;ing.;Spinner;;;berg.;1852_05_22;Troodos;;
Día 67:;;;;;Poland;cap.;;;;;De New-Port en 67 dias frag. ing. Shamrock, cap. Poland,;ing.;Shamrock;;;frag.;1852_05_22;New-Port;;
Día 65:;;;;;;;;;;;De New-Port en 65 dias frag. meklcmb. Wilhelm von Fio-;;Wilhelm von Fio-;;;frag.;1852_05_22;New-Port;;
Día 18:;;;;;Samps;cap.;;;;;De Baltimore en 18 dias frag. am. Glonbur, cap. Samps-;am.;Glonbur;;;frag.;1852_05_22;Baltimore;;
Día 11:;;;;;;cap.;;;;;De Cádiz y Matanzas en 11 dias frag. emp. Júven Luis, cap;;Júven Luis;;;frag.;1852_05_22;Cádiz y Matanzas;;
Día 6:;;N/A: ;;;Cox- ton 53;cap.;;;;;De Nassau en 6 días gol. ing. Adventure, cap. Cox- ton 53, con efectos, á D. J. R. Salazar.;ing.;Adventure;;;gol.;1852_05_23;Nassau;;
Día 55:;;N/A: ;;;Juliá;cap.;;;;;De Barcelona en 55 días berg. esp. Victorin, cap. Juliá, tn. 162, con frutos, á los Sres. Sotolongo, A. y comp.;esp.;Victorin;;;berg.;1852_05_23;Barcelona;;
;;;;;D. Fernando Guerra;tenien- de navío;;;;;De la mar berg. do S. M. Pelayo, su consu·dante el tenien- de navío D. Fernando Guerra.;;do S. M. Pelayo;;;berg.;1852_05_23;la mar;;
Día 12:;;N/A: ;;;Spen- cer;cap.;;;;;De Charleston en 12 días berg. am. Palo Alto, cap. Spen- cer, ton. 140, con arro·s, á los Sres. Adot, S. y comp.;am.;Palo Alto;;;berg.;1852_05_23;Charleston;;
Día 23:;;N/A: ;;;Herrera;ep.;;;;;De Tabasco en 23 días berg. erp. General Armnero, ep. Her- rera, tn. 119, con efectos: á D. R. Carballo.—Pasag. 4;;General Armnero;;;berg.;1852_05_23;Tabasco;;
Día 18:;;N/A: ;;;Smith;cap.;;;;;De Boston en 18 días feng. am. Mary Smith, cap. Smith, ton. 322, en lastre, al capitán.;am.;Mary Smith;;;feng;1852_05_23;Boston;;
Día 16:;;N/A: ;;;Merry-man;cap.;;;;;De New-York en 16 días frag. am. Sarah Ann, cap. Merry-man, ton. 431, en lastre, á los Sres. Drake y comp.;am.;Sarah Ann;;;frag.;1852_05_23;New-York;;
Día 58:;;;;;Josépho;cap.;;;;;De Liverpool en 58 días frag. cap. Josépho, cap. Calvo, ton;;;;;frag.;1852_05_25;Liverpool;;
Día 51:;;;;;;;;;;;De Barcelona y Málaga en 51 días frag. esp. San Andrés,;esp.;San Andrés;;;frag.;1852_05_25;Barcelona y Málaga;;
Día 42:;;;;;Santos;cap.;;;;;De Málaga en 42 días berg. cap. Pan-hita, cap. Santos, ton;;Pan-hita;;;berg.;1852_05_25;Málaga;;
Día 48:;;;;;Chunito;cap.;;;;;De Barcelona en 48 días berg. cap. Chunito, cap. Gelpi, ton;;;;;berg.;1852_05_25;Barcelona;;
Día 47:;;;;;Joven;cap.;;;;;De Barcelona y Pto. Rico en 47 días pol. cap. Joven · Dolo-;;;;;pol.;1852_05_25;Barcelona y Pto. Rico;;
Día 18:;;;;;;cap.;;;;;De New-Yo. k 18 días gol. broñosa Nancy & Emma, cap.;;broñosa Nancy & Emma;;;gol.;1852_05_25;New-Yo.;;
Día 10:;;;;;Goodell;cap.;;;;;De Charleston en 10 días frag. au. Sheltor, cap. Goodell,;au;Sheltor;;;frag.;1852_05_25;Charleston;;
Día 38:;;;;;Manulo;cap.;;;;;De Málaga en 38 días berg. cap. Manulo, cap. Castillo, en;;;;;berg.;1852_05_25;Málaga;;
Día 18:;;;;;Aldrich;cap.;;;;;De Providencia en 18 días b r g. cap. Patriot, cap. Aldrich,;;Patriot;;;b r g;1852_05_25;Providencia;;
Día 62:;;;;;Augusto;cap.;;;;;De Barcelona y Cád’z en 62 días berg. cap. Augusto, cap.;;;;;berg.;1852_05_25;Barcelona y Cád’z;;
Día 51:;;;;;Besson;cap.;;;;;Del -navre on 51 días frag. franc. Marie, cap. Besson, ton.;franc.;Marie;;;frag.;1852_05_25;;;
Día 53:;;;;;Huro;cap.;;;;;De Barcelona en 53 días frag. cap. Huro, cap. Ferrer, ton.;;;;;frag.;1852_05_25;Barcelona;;
Día 13:;;;;;Keesan;cap.;;;;;De Savannah en 13 días gol. au. cap. Phnix, cap. Keesan,;au.;Phnix;;;gol.;1852_05_25;Savannah;;
Día 53:;;;;;Paquete;cap.;;;;;De Canarias y Matanzas en 53 días berg. cap. Paquete de;;;;;berg.;1852_05_25;Canarias y Matanzas;;
Día 23:;;;;;Catalina Fomento;cap.;;;;;Cádiz en 23 días frag. cap. Catalina Fomento, cap. Po-;;;;;frag.;1852_05_25;Cádiz;;
Día 42:;;;;;Lempitad;cap.;;;;;De Mallorca en 42 días b.erg. cap. Lempitad, cap. Caras, ton.;;;;;berg.;1852_05_25;Mallorca;;
Día 36:;;;;;Ca men;cap.;;;;;De Santander en 36 días frag. cap. Ca men, cap. Villaman-;;;;;frag.;1852_05_25;Santander;;
Día 43:;;;;;Alva;cap.;;;;;De Barcelona en 43 días berg. cap. Previsor, cap. Alva, tn.;;Previsor;;;berg.;1852_05_25;Barcelona;;
Día 43:;;;;;Saf, cap. Ari-;cap.;;;;;De Santander y Ferrol en 43 días gol. cap. Saf, cap. Ari-;;;;;gol.;1852_05_25;Santander y Ferrol;;
Día 60:;;;;;Gali;cap.;;;;;De Buenos Aires en 60 díasberg. cap. San José, cap. Gali,;;San José;;;berg.;1852_05_25;Buenos Aires;;
Día 46:;;;;;Puig;cap.;;;;;De Santander en 46 días frag. esp. Mozart, cap. Puig, tn.;esp.;Mozart;;;frag.;1852_05_25;Santander;;
Día 63:;;;;;Oli-;cap.;;;;;De Buenos Aires en 63 días berg. esp. Mercedes, cap. Oli-;esp.;Mercedes;;;berg.;1852_05_25;Buenos Aires;;
Día 16:;;;;;Cousman;cap.;;;;;De Boston en 16 días frag. amér. Lillias, cap. Cousman,;amér.;Lillias;;;frag.;1852_05_25;Boston;;
Día 18:;;;;;Har-;cap.;;;;;De New-York en 18 días frag. amer. Mangola, cap. Har-;amer.;Mangola;;;frag.;1852_05_25;New-York;;
Día 15:;;;;;;cap.;;;;;De New-York en 15 días frag. amér. J. C. Hluapbrey, cap.;amér.;J. C. Hluapbrey;;;frag.;1852_05_25;New-York;;
Día 44:;;;;;Perdiguero;cap.;;;;;De Santander en 44 días berg. cap. Perdiguero, cap. Gam-;;;;;berg.;1852_05_25;Santander;;
Día 56:;;;;;Singales;cap.;;;;;De Mallorca en 56 días berg. esp. Brillante, cap. Singales,;esp.;Brillante;;;berg.;1852_05_25;Mallorca;;
Día 39:;;;;;Aonau s;cap.;;;;;De Santander en 39 días pol. cap. Aonau s, cap. Millot,;;;;;pol.;1852_05_25;Santander;;
Día 63:;;;;;Tacio;cap.;;;;;De Barcelona en 63 días frag. cap. Tacio, cap. Foronlle,;;;;;frag.;1852_05_25;Barcelona;;
Día 62:;;;;;Bellingham;cap.;;;;;De Cardiff en 62 días gol. ing. Hostelino, cap. Bellingham,;ing.;Hostelino;;;gol.;1852_05_25;Cardiff;;
;;;;;;;;;;;frag. y berg., todos mercantes sin reconocer.;;;;;frag. y berg.;1852_05_25;;;
Día 44:;;;;;Granada;cap.;;;;;De Mallorca en 44 días borg. esp. Pelayo, cap. Granada,;esp.;Pelayo;;;borg.;1852_05_26;Mallorca;;
Día 68:;;;;;Warden;cap.;;;;;De Sanderland en 68 días borg. ing. Elbe, cap. Warden,;ing.;Elbe;;;borg.;1852_05_26;Sanderland;;
Día 15:;;;;;Bird;cap.;;;;;De New York en 15 días frag. amor. John Bird, cap. Bird,;;amor;;;frag.;1852_05_26;New York;;
Día 51:;;;;;Nord-;cap.;;;;;De Rotterdam en 51 días queche hol. Fortune, cap. Nord-;hol.;Fortune;;;queche;1852_05_26;Rotterdam;;
Día 62:;;;;;Forest;cap.;;;;;De Glasgow en 62 días berg. ing. St. Mary, capit. Forest,;ing.;St. Mary;;;berg.;1852_05_26;Glasgow;;
Día 3:;;;;;;;;;;;De Charleston, Savannah y Cayo-Hueso en 3 días vapor;;;;;vapor;1852_05_26;Charleston, Savannah y Cayo-Hueso;;
Día 63:;;;;;Macayo;cap.;;;;;De Amberes en 63 días berg. usp. Serantes, cap. Macayo,;usp.;Serantes;;;berg.;1852_05_26;Amberes;;
Día 46:;;;;;;;;;;;De Santander y Matanzas en 46 días frag. esp. Gertrudis,;esp.;Gertrudis;;;frag.;1852_05_26;Santander y Matanzas;;
Día 42:;;N/A: ;;;Senande;cap.;;;26-05-XXXX;;Mayo 26—De la Coruña en 42 días frag. esp. Nemia, cap. Senande, ton. 200 con frutos, á los circ. Noriega, O. y Cp.* —Pasg. 132.;esp.;Nemia;;;frag.;1852_05_27;La Coruña;;
Día 12:;;N/A: ;;;Ward;cap.;;;;;De New-York en 12 días frag. amer. Cornelia, cap. Ward, ton. 23d, con mercancías, a los Sre- Drake y comp. Pas. 3.;amer.;Cornelia;;;frag.;1852_05_27;New-York;;
Día 23:;;N/A:  | N/A: ;;;Richard;cap.;;;;;De Guadassuar y St. Thomas en 23 días frag. franc. Juliette, cap. Richard, ton. 214, en lastre, á D. L. A. Gogel y comp.;franc.;Juliette;;;frag.;1852_05_27;Guadassuar y St. Thomas;;
Día 1:;;N/A: ;;;Spark;cap.;;;;;De Cabanas en 1 día berg. am. Charlotte, cap. Spark, ton. 178, con mieres, á D. S. C. Burnham y comp.;am.;Charlotte;;;berg.;1852_05_27;Cabanas;;
Día 22:;;N/A: ;;;Halsey;cap.;;;;;De Portland en 22 días berg. am. Francis Ellen, cap. Halsey, ton. 210, con envases, á D. R. Morison y comp.;am.;Francis Ellen;;;berg.;1852_05_27;Portland;;
Día 36:;;N/A: ;;;Ferrer;cap.;;;;;De Málaga en 36 días berg. esp. Ibisenco, cap. Ferrer, tn. 226, con frutos, á los Sre. Riera H.—Pasag. 2.;esp.;Ibisenco;;;berg.;1852_05_27;Málaga;;
Día 39:;;N/A: ;;;Franco;cap.;;;27-05-XXXX;;Mayo 27—De Bilbao y Agudilla en 39 dias berg. esp. Aurora, cap. Franco, ton. 127, con harina á D. P. Martínez —;esp.;Aurora;;;berg.;1852_05_28;Bilbao y Agudilla;;
Día 5:;;N/A: ;;;Allen;cap.;;;;;De Wilmington en 5 díz. berg. am. Watson, cap. Allen, ton. 146, con materas, á D. S. G. Burnham y comp.;am.;Watson;;;berg.;1852_05_28;Wilmington;;
Día 20:;;N/A: ;;;Magrath;cap.;;;;;De New York en 20 dias berg. amer. Ellis Jnto, cap. Magrath, ton. 206, con efectos á los Sres. Crawford y charto.;amer.;Ellis Jnto;;;berg.;1852_05_28;New York;;
Día 39:;;N/A: ;;;Franklin;cap.;;;;;De Liverpool en 39 dias frag. ing. Lady Frankclín, capitán Franklin, ton. 416, con mercancías, á los Sres. Lawton y Tol-;ing.;Lady Frankclín;;;frag.;1852_05_28;Liverpool;;
Día 8:;;N/A: ;;;Barney;cap.;;;;;De Mobila en 8 dias berg. am. Indian Qu. en, cap. Barney, ton. 180, con materas, á D. J. Ricart.;am.;Indian Qu.;;;berg.;1852_05_28;Mobila;;
Día 21:;;;;;Douane;cap.;;;;;De Halifax en 21 dias frag. irg. Josephine, cap. Douane,;irg.;Josephine;;;frag.;1852_05_29;Halifax;;
Día 50:;;;;;Hau;cap.;;;;;De Rotterdam en 50 dias frag. bol. Mario Julie, cap. Hau-;bol.;Mario Julie;;;frag.;1852_05_29;Rotterdam;;
Día 24:;;;;;Verry;cap.;;;;;De Bangor en 24 dias berg. am. Madonna, cap. Verry, ton.;am.;Madonna;;;berg.;1852_05_29;Bangor;;
Día 54:;;;;;;;;;;;De Canarias, Pto. Rico y Matanzas en 54 dias berg. esp.;esp.;;;;berg.;1852_05_29;Canarias, Pto. Rico y Matanzas;;
Día 16:;;;;;;cap.;;;;;De Filadelfia en 16 dias frag. am. Hannah Tohraton, cap.;am.;Hannah Tohraton;;;frag.;1852_05_29;Filadelfia;;
Día 6:;;N/A: ;;;Zabala;cap.;;;;;De Cienfuegos en 6 dias berg. esp. P. pito, cap. Zabala, ton;esp.;P. pito;;;berg.;1852_05_29;Cienfuegos;;
Día XX:;;N/A:  | N/A: ;;;Fau- se;cap.;;;29-05-XXXX;;Mayo 29.—Como á las 9 de la mañana han llegado dos botes del berg. gol. frano. L' Irma conduciendo al capitán Fau- se y 6 individuos de la tripulación de dicho buque, que nave- gando de New Orleans al Senegal naufragó bajo una fuerte neblina á las 2 de la madrugada del 19 del corriente en Cayo Ropalo, en los Colorados, no habiéndose podido salvar ningu- na parte de su cargamento, consistente en tabaco y maderas.;gol.;L' Irma;;;berg.;1852_05_30;New Orleans;;
Día 23:;;N/A: ;;;Seris;cap.;;;;;De Tenerife en 23 días frag. esp. María Julia, cap. Seris, ton. 300, con frutos, á D. S Bautista.—Pasag 303.;esp.;María Julia;;;frag.;1852_05_30;Tenerife;;
Día 14:;;N/A: ;;;Bab- cock;cap.;;;;;De New-Port en 14 días berg. am. Confidence, cap. Bab- cock, ton. 185, con envasas, al capitán.;am.;Confidence;;;berg.;1852_05_30;New-Port;;
Día 71:;;N/A: ;;;Pe- terson;cap.;;;;;De Copenhagen en 71 días gol. danesa Christian, cap. Pe- terson, ton. 115, con carbón á los Sres. Picard y Albers.;danesa;Christian;;;gol.;1852_05_30;Copenhagen;;
Día 66:;;N/A: ;;;Peterson;cap.;;;;;De Copenhagen en 66 días frag. danesa Indiana, cap. Pe- terson, ton. 306, con ladrillos á los Sres. Picard y Albers.;danesa;Indiana;;;frag.;1852_05_30;Copenhagen;;
Día 85:;;N/A: ;;;Gibson;cap.;;;;;De Neu-Castle en 85 días berg. ing. Saxon Shuice, capitán Gibson, ton. 318, con carbón á los Sres. Halblani y comp.;ing.;Saxon Shuice;;;berg.;1852_05_30;Neu-Castle;;
Día 21:;;N/A: ;;;Sola;emp.;;;;;De Barcelona y Algir cirros en 45 días frag. esp. Antoniota, emp. Sola, ton. 456, con frutos, a los Sres. Sama y comp.— Pase. 21.;esp.;Antoniota;;;frag.;1852_06_01;Barcelona y Algir;;
Día 50:;;N/A: ;;;Laguarda;cap.;;;;;De Cadiz en 50 días frag. esp. Ana Teresa, cap. Laguarda, ton. 274, con frutos, a los Sres. Noriega, O. y comp. Pase. 14.;esp.;Ana Teresa;;;frag.;1852_06_01;Cadiz;;
Día 21:;;N/A: ;;;Browo;cap.;;;;;De Boston en 21 días gol. am. Antoniette, cap. Browo, ton. 161, con envases, a los Sres. Ajot. S. y comp.—Pase. 1.;am.;Antoniette;;;gol.;1852_06_01;Boston;;
Día 27:;;N/A: ;;;Williams;cap.;;;;;De Boston en 27 días frag. am. John Parker, cap. Williams, ton. 291, con envases, a U. S. C. Burham y comp.;am.;John Parker;;;frag.;1852_06_01;Boston;;
Día 27:;;N/A: ;;;Pillock;cap.;;;;;De New Castile en 27 días frag. ing. Marthin Luthr, cap. Pillock, ton. 422 con carbon, a los Sres. Lawton y Toulmé.;ing.;Marthin Luthr;;;frag.;1852_06_01;New Castile;;
Día 40:;;N/A: ;;;Fedeuna;cap.;;;;;De Burdeos en 40 días berg. esp. Emilia, cap. Fedeuna, ton: 141, con frutos, a los Sres. Awenabar y comp.—Pase. 6.;esp.;Emilia;;;berg.;1852_06_01;Burdeos;;
Día 38:;;N/A: ;;;Mesurio;cap.;;;;;De Santander en 38 días berg. esp. Enrique Federico, cap. Mesurio, ton. 148, con harina, a los Sres. Drako y comp.;esp.;Enrique Federico;;;berg.;1852_06_01;Santander;;
Día 22:;;N/A:  | N/A: ;;;Bilard;cap.;;;;;De Boston en 22 días berg. frano Reanmar, capit. Bilard, ton. 149, a 3 boeoves y adquines, al capitán.;;Reanmar;;;berg.;1852_06_01;Boston;;
Día 40:;;N/A: ;;;Ruiz;cap.;;;;;De Málaga y Matanzas en 40 días pol. esp. Pepita, capit. Ruiz, ton. 123, 00 frutos, a los Sres. Riera Hi.;esp.;Pepita;;;pol.;1852_06_01;Málaga y Matanzas;;
Día 28:;;N/A: ;;;Company;cap.;;;;;De Mallorca en 28 días pol. esp. Catalina, cap. Company, ton. 143, con 00 frutos, a 1. F. Vauto.;esp.;Catalina;;;pol.;1852_06_01;Mallorca;;
Día 45:;;N/A: ;;;Walker;cap.;;;;;De Cardiff en 45 días frag. ing. Favorite, cap. Walker, ton. 330, con carbon, a los Sres. Villoido, W. y comp.;ing.;Favorite;;;frag.;1852_06_01;Cardiff;;
Día 6:;;;;;Mitchell;osp.;;;;;De New-York en 6 días vapor am. Dorado, osp. Mitchell,;am.;Dorado;;;vapor;1852_06_02;New-York;;
Día 36:;;N/A: ;;;Guerrero;cap.;;;03-05-XXXX;;Mayo 3—De Málaga en 36 días berg. csp. Margarita, cap. Guerrero, ton. 181, con frutos, á D. L. Garcia.—Pasag. 177.;csp.;Margarita;;;berg.;1852_06_04;Málaga;;
Día 40:;;N/A: ;;;Torro;can.;;;;;De Barcelona en 40 días frag. csp. Union. can. Torro, ton. 206, con frutos, á los Sres. Comes y Biada.—Pasag. 6;csp.;Union;;;frag.;1852_06_04;Barcelona;;
Día 21:;;N/A: ;;;Means;cap.;;;;;De Portland en 21 días frag. am. C. B. Hamilton, capitán Means, ton. 257, con maderas, al capitán.;am.;C. B. Hamilton;;;frag.;1852_06_04;Portland;;
Día 64:;;N/A:  | N/A: ;;;Pifá;cap.;;;;;De Buenos Aires y maderas en 64 días pol. esp. Júven A. del. cap. Pifá, ton. 128, con tasa jo, á los Sres. Sotolongo, A. y comp.;esp.;Júven A. del.;;;pol.;1852_06_04;Buenos Aires;;
Día 20:;;N/A: ;;;Combe;cap.;;;;;De New-York en 20 días berg. am. John R. Dow, capitán Combe, ton. 197, con carbon. á los Sres. Drake y comp.;am.;John R. Dow;;;berg.;1852_06_04;New-York;;
Día 48:;;N/A: ;;;Astoriza;cap.;;;;;Le Bilbao y Eto. Klio en 48 días berg. csp. Gertrudis, cap. Astoriza, ton. 120, con harinas, á D. P. Martínez.—Pasag. 4.;csp.;Klio;;;berg.;1852_06_04;Bilbao;;
Día 4:;;N/A: ;;;Stanwood;cap.;;;;;De Sierra Morena en 4 dias frag. am. F. A. Perley, capit. Stanwood, ton. 205, con mieres, a D. S. G. Burhham y comp.;am.;F. A. Perley;;;frag.;1852_06_05;Sierra Morena;;
Día 48:;;N/A:  | N/A: ;;;Ruiten;cap.;;;;;De Amsterdam en 48 dias gol. hol. Antjis, cap. Ruiten, ton. 104, con ríveres y ladrillos, a los Sres. Dr. ko y comp.;hol.;Antjis;;;gol.;1852_06_05;Amsterdam;;
Día 80:;;N/A: ;;;Bayer;cap.;;;;;De Copenhague en 80 dias berg. d. de Anno, capit. Bayer, tan. 238, con ladrillos, a los Sres. Picurd y Albera.;;d. de Anno;;;berg.;1852_06_05;Copenhague;;
Día 19:;;N/A: ;;;Sturdivant;cap.;;;;;"De New-York en 19 dias frag. am. Sarah Bridge, cap. Sturdivant, ton. 42; en lastro, al capitán.";am.;Sarah Bridge;;;frag.;1852_06_05;New-York;;
Día 24:;;N/A: ;;;Beckman;op.;;;;;De New-York en 24 dias frag. bolga Koophandel, op. Beckman, ton. 390, en lastro, a los Sres. Babilany comp.;;Koophandel;;;frag.;1852_06_05;New-York;;
Día 61:;;N/A: ;;;Henry;cap.;;;;;De Cardiff y St. Thomas en 61 dias frag. ingl. Brothers, cap. Henry, ton. 259, con carbon, a Sres. Drake y comp.;ingl.;Brothers;;;frag.;1852_06_05;Cardiff y St. Thomas;;
Día 7:;;;;;;;;;;;De Campesos con 7 dias borg español Correo de Campeche,;español;Correo de Campeche;;;borg;1852_06_06;Campesos;;
Día 14:;;;;;Incháustegui;cap.;;;;;De Sisal en 14 dias borg. esp. Yontecoo, cap. Incháustegui,;esp.;Yontecoo;;;borg.;1852_06_06;Sisal;;
Día 36:;;;;;Plá;cap.;;;;;De Santander en 36 dias pol. esp. Caraqueña, capit. Plá,;esp.;Caraqueña;;;pol.;1852_06_06;Santander;;
Día 3:;;;;;Bayley;cp.;;;;;De Sierra Morena en 3 dias frag. am. Saranac, cp. Bayley,;am.;Saranac;;;frag.;1852_06_06;Sierra Morena;;
Día 60:;null;;;;;cap.;;;06-06-2023;;Junio 6 De Buenos Aires en 60 dias gol. dan. Sucours, cap.;dan.;Sucours;;;gol.;1852_06_08;Buenos Aires;;
Día 41:;;N/A: ;;;Gaviria;cap.;;;;;De Hamburgo en 41 dias gol. esp. Gualdupe, cap. Gaviria, ton. 110, con mercancías, á D. M. Isasi.;esp.;Gualdupe;;;gol.;1852_06_08;Hamburgo;;
Día 39:;;;;;;cap.;;;;;De Cádiz en 39 dias frag. esp. Primera de Guatemala, cap.;esp.;Primera de Guatemala;;;frag.;1852_06_08;Cádiz;;
Día 4:;;N/A: ;;;Wilson;cap.;;;;;De Sierra Morena en 4 dias berg. am. Norman, cap. Wilson, ton. 199, con muelos, á los Sres. Adet, S. y comp.;am.;Norman;;;berg.;1852_06_08;Sierra Morena;;
Día 10:;;;;;Burdick;cap.;;;;;De Savannah en 10 dias berg. am. Randon, cap. Burdick,;am.;Randon;;;berg.;1852_06_09;Savannah;;
Día 2:;;;;;Mor-;cp.;;;;;De la Ortigosa en 2 dias berg. am. Knoch Benner, cp. Mor-;am.;Knoch Benner;;;berg.;1852_06_09;Ortigosa;;
Día 13:;;;;;;cap.;;;;;De New Orleans en 13 dias berg. am. Adams Gray, capit.;am.;Adams Gray;;;berg.;1852_06_09;New Orleans;;
Día 40:;;;;;;cap.;;;;;De Santander y Nuevitas en 40 dias berg. esp. Indio, cap.;esp.;Indio;;;berg.;1852_06_09;Santander y Nuevitas;;
Día 4:;;N/A: ;;;Celia;cap.;;;;;De Nuevitas en 4 dias pol. cap. Celia, cap. Pujol, ton. 97,;;;;;pol.;1852_06_09;Nuevitas;;
Día 7:;;N/A: ;;;Mo. Crillia;cap.;;;09-06-XXXX;;Junio 9—Del Caimito en 7 dias berg. am. Roscoe, cap. Mo. Crillia, ton. 180, con mieses, á D. J. Carricaburu.;am.;Roscoe;;;berg.;1852_06_10;Caimito;;
Día 35:;;N/A:  | N/A: ;;;Bru- man;cap.;;;;;"De río Janeiro en 35 dias frag. sucesa Leonida, ""cap. Bru- man, ton. 516, en lastre, á los Sres. Babiliani y comp.";;sucesa Leonida;;;frag.;1852_06_10;río Janeiro;;
Día 22:;;N/A: ;;;Roig;cap.;;;;;De Santander en 22 dias frag. o.p. Pepita, cap. Roig, ton. 262, con harina, a los Sres. Sém. y comp.;o.p.;Pepita;;;frag.;1852_06_10;Santander;;
Día 14:;;N/A: ;;;Schouda;cap.;;;;;De Sta Cruz (isla danesa) en 14 dias berg den Christian cap. Schouda, ton. 20, en lastre, á los Sres. Babiliani y Cpº.;;den Christian;;;berg.;1852_06_10;Sta Cruz (isla danesa);;
Día 29:;;;;;Kino;cap.;;;;;De Portland en 29 días beig. am Henry Leeds, cap. Kino-;am;Henry Leeds;;;beig.;1852_06_11;Portland;;
Día 27:;;N/A: ;;;Noble;cap.;;;11-06-XXXX;;Junio 11.—De New York en 27 dias frag. frano. Coquete, cap. Noble, ton. 236, en lustre, a los Sres. Drako y comp.;frano;Coquete;;;frag.;1852_06_12;New York;;
Día 25:;;N/A: ;;;Houbiota;cap.;;;;;De Boston en 25 dias frag. am. Waltam, cap. Houbiota, ton. 463, en lustre, al capitán.;am.;Waltam;;;frag.;1852_06_12;Boston;;
Día 18:;;N/A: ;;;Cutter;cap.;;;;;De New-York en 18 dias frag. am. Baring Brothers, capit. Cutter, ton. 291, en lustre, al capitán.;am.;Baring Brothers;;;frag.;1852_06_12;New-York;;
Día 22:;;N/A: ;;;Bisbee;cap.;;;;;De Alejandria en 22 dias frag. am. Lucia Field, cap. Bisbee, ton. 319, en lustre, al capitán.;am.;Lucia Field;;;frag.;1852_06_12;Alejandria;;
Día 14:;;;;;Merrill;op.;;;;;De New-York en 14 dias frag. am. Sarah Boy, op. Merrill, ton. 842, en lustre, al capitán.;am.;Sarah Boy;;;frag.;1852_06_12;New-York;;
Día 23:;;N/A: ;;;Hammell;cap.;;;;;De Boston en 23 dias frag. am. John S. Harris, cap. Hammell, ton. 344, en lustre, a los Sres. Drako y comp.;am.;John S. Harris;;;frag.;1852_06_12;Boston;;
Día 47:;;N/A: ;;;Lopez;cap.;;;;;De Londres en 47 dias berg. exp. Paco, cap. Lopez, tonel. 200, de morancián, al capitán.;exp.;Paco;;;berg.;1852_06_12;Londres;;
Día 24:;;N/A: ;;;Brooks;cp.;;;;;De Filadelfia en 24 dias frag. am. Elizabeth J., cp. Brooks, ton. 246, con mercancías, a D. F. Alvar y comp.;am.;Elizabeth J.;;;frag.;1852_06_12;Filadelfia;;
Día 18:;;N/A:  | N/A: ;;;Tigero;cap.;;;;;De Versalles en 18 dias gol. exp. Caricias, cap. Tigero, ton. 90, con cientos, a D. M. Suntelices —Passeg. 16;;Caricias;;;gol.;1852_06_12;Versalles;;
Día 13:;;N/A: ;;;Butler;cap.;;;;;De Charleston en 13 dias frag. am. Miliaudou, cap. Butler, ton. 216, con arroz, a los Sres. Sotolouso, A. y comp.;am.;Miliaudou;;;frag.;1852_06_12;Charleston;;
Día 1:;;N/A: ;;;Chapman;exp.;;;;;De C. bahías en 1 dia berg. am. Ellen Reed, exp. Chapman, ton. 167, con m. e.les, a D. S. G. Burhham y comp.;am.;Ellen Reed;;;berg.;1852_06_12;C. bahías;;
Día 1:;;N/A: ;;;Spurting;cap.;;;;;De Bahía Honda en 1 dia berg. amer. Abigail Ann Maria, cap. Spurting, ton. 167, con m. e.les, a D. R. Morison y Cp.;amer.;Abigail Ann Maria;;;berg.;1852_06_12;Bahía Honda;;
Día 1:;;N/A: ;;;Babcock;cap.;;;;;De Jaruco en 1 dia berg. amer. Confidence, cap. Babcock, ton. 193, con m. e.les, a D. S. C. Burnham y comp.;amer.;Confidence;;;berg.;1852_06_12;Jaruco;;
Día 19:;;N/A: ;;;Jones;cap.;;;;;De Bath en 19 dias frag. am. Mary E. Whittier, capitán Jones, ton. 493, con maderas, al capitán.;am.;Mary E. Whittier;;;frag.;1852_06_12;Bath;;
Día 3:;;N/A:  | N/A: ;;;Rollius;cap.;;;;;De Charleston, Savannah y Cayo-Hueso en 3 dias vapor am. Isabel, cap. Rollius, ton. 1115, en lustre, a los Sres. Drako y comp.—Passeg. 16.;am.;Isabel;;;vapor;1852_06_12;Charleston, Savannah y Cayo-Hueso;;
Día 11:;;N/A:  | N/A: ;;;Ruiz;cap.;;;;;De Cabañas en 11 días gol. esp. Flor de Llanos, cap. Ruiz, ton. 77, en lastre, á D. R. Alvarez.;esp.;Flor de Llanos;;;gol.;1852_06_13;Cabañas;;
Día 25:;;;;;Porter;cap.;;;;;De Boston en 25 días frag. am. Florence, cap. Porter, ton. 349, en lastre, á el capitán.;am.;Florence;;;frag.;1852_06_13;Boston;;
Día 48:;;N/A: ;;;Lund;cap.;;;;;Del Cabo de Buena Esperanza en 48 días frag. dan. Emmet, cap. Lund, ton. 260, en lastre, á los Sres. Balbini y comp.;dan.;Emmet;;;frag.;1852_06_13;Cabo de Buena Esperanza;;
Día 17:;;N/A: ;;;Hutchinson;cap.;;;;;De New-York en 17 días frag. minor. Saxonville, cap. Hutchinson, ton. 421, en lastre, al capitán.;;Saxonville;;;frag.;1852_06_13;New-York;;
Día 4:;;N/A: ;;;Sarchága;cap.;;;;;De Santander en 4 días gol. cap. Victoria, cap. Sarchága, ton. 129, con harinas, á D. P. Martínez.;;Victoria;;;gol.;1852_06_13;Santander;;
Día 10:;;N/A: ;;;Rodovich;op.;;;;;De New-Orleans en 10 días brg. am. Otawa, op. Rodovich, ton. 117, con víveres, á los Sres. Sám y comp.—Pasag. 4;am.;Otawa;;;brg.;1852_06_13;New-Orleans;;
;;;;;D. Ángel Almeda;c.;;;;;De Tamaulipas transporte del S. M. Eiro, comandó el teniente de navío D. Ángel Almeda.;;S. M. Eiro;;;transporte;1852_06_13;Tamaulipas;;
Día 12:;;N/A:  | N/A:  | N/A: ;;;Herringway;cap.;;;;;De Boston en 12 días berg. am. Toledo, cap. Herringway, ton. 184, con adquienes, á D. S. C. Euroham y comp.;am.;Toledo;;;berg.;1852_06_13;Boston;;
Día 7:;;N/A: ;;;Goodman;cp.;;;;;De New-Orleans en 7 días gol. am. Cornelia, cp. Goodman, ton. 85, con víveres, á los Sres. Sotolongo, A. y Cp.— Pasag. 2;am.;Cornelia;;;gol.;1852_06_13;New-Orleans;;
Día 19:;;N/A:  | N/A: ;;;Tono;cap.;;;;;De New-York en 19 días gol. e.r.p. Enriqueza, capit. Tono, ton. 237, en lastre, á D. M. de Eubert y comp.;e.r.p.;Enriqueza;;;gol.;1852_06_13;New-York;;
Día 3:;;N/A: ;;;Brown;cap.;;;;;De New-Orleans en 3 días vapor am. Philadelphia, capitán Brown, ton. 1239, en lastre, á los Sres. Drake y comp.—Pasag. 139.;am.;Philadelphia;;;vapor;1852_06_15;New-Orleans;;
Día 25:;;N/A: ;;;York;cap.;;;;;De Wiscasset en 25 días frag. am. Nathaniel Bisko, capit. York, ton. 265, con envases, á D. R. Morison y comp.;am.;Nathaniel Bisko;;;frag.;1852_06_15;Wiscasset;;
Día 25:;;N/A: ;;;Loon;cap.;;;;;De Boston en 25 días frag. am. Massiland, cap. Loon, ton. 462, en lastre, al capitán.;am.;Massiland;;;frag.;1852_06_15;Boston;;
Día 11:;;N/A: ;;;Hammes;cap.;;;;;De Charleston en 11 días frag. am. General Green, capit. Hammes, ton. 242, con maderas, á D. A. Pesant y comp.;am.;General Green;;;frag.;1852_06_15;Charleston;;
Día 36:;;N/A:  | N/A:  | N/A:  | N/A:  | N/A: ;;;D. Jose Julian Gomes;comandante;;;;;De Cadiz, Canarias y Pto. Rico en 36 días frag. transporte de S. M. Pinta, comandante el teniente de navío D. Jose Julian Gomes.—Conduzca la correspondencia publica y de oficio, 6 pasajeros, 40 artilleros de marina, 34 soldados de infantería y un matriculado.;;transporte de S. M. Pinta;;;frag.;1852_06_15;Cadiz;;
Día 11:;;N/A: ;;;Trot;cap.;;;;;De New-York en 11 días frag. am. Ranger, cap. Trot, ton. 225, con maderas, á los Sres. Drake y comp.;am.;Ranger;;;frag.;1852_06_15;New-York;;
Día 29:;;N/A: ;;;Haskell;cap.;;;;;De Portland en 29 días berg. am. Alosiz, cap. Haskell, ton. 168, con maderas, á D. S. C. Burnham y comp.;am.;Alosiz;;;berg.;1852_06_15;Portland;;
Día 29:;;N/A: ;;;Baker;cap.;;;;;De Machias en 29 días frag. am. Amanda, cap. Baker, ton. 193, con maderas, á los Sres. Adot, S. y comp.;am.;Amanda;;;frag.;1852_06_15;Machias;;
Día 27:;;N/A: ;;;Hamlew;cap.;;;;;De Boston en 27 días frag. am. Gleaner, cap. Hamlew, ton. 288, con mercancías, y los Sres. Drake y comp.;am.;Gleaner;;;frag.;1852_06_15;Boston;;
Día 39:;;N/A: ;;;Rosaritu;cap.;;;;;De Sautander en 39 días berg. cap. Rosaritu, cap. Zabater, ton. 185, con harina, á D. G. Madrazo.—Pasag. 6 y 21 de tropa.;;;;;berg.;1852_06_15;Sautander;;
Día 48:;;N/A: ;;;Susan;cap.;;;;;Del Havre en 48 días berg. cap. Susan, cap. Mondicola, ton. 184, con mercancías, á D. J. A. Irigoyen.;;;;;berg.;1852_06_15;Havre;;
Día 41:;;N/A: ;;;Sobarán;cap.;;;;;De Santander en 41 días berg. cap. Laurana Rita, capitán Sobarán, ton. 167, con harina, á los Sres. Mangonga, D. y comp.;;Laurana Rita;;;berg.;1852_06_15;Santander;;
Día 21:;;N/A: ;;;Safford;cap.;;;;;De Portland en 21 días berg. am. Portland, cap. Safford, ton. 193, con maderas, á los Sres. Adot, S. y comp.;am.;Portland;;;berg.;1852_06_15;Portland;;
Día 21:;;N/A: ;;;Burke;cap.;;;;;De Portland en 21 días berg. am. John Dutton, cap. Burke, ton. 196, con maderas, á los Sres. Adot, S. y comp.;am.;John Dutton;;;berg.;1852_06_15;Portland;;
Día 42:;;N/A: ;;;Ellis;cap.;;;;;De Rio Janeiro en 42 días frag. cap. Ellis, capit. Roldos, ton. 28, con tambo, á D. J. Ricart.;;;;;frag.;1852_06_15;Rio Janeiro;;
Día 14:;;N/A: ;;;York;cap.;;;;;"De Portland en 14 días frag. am. Gerv Parrio, cap. York; ton. 275, con maderas, á D. S. C. Burnham y comp.";am.;Gerv Parrio;;;frag.;1852_06_15;Portland;;
Día 27:;XX-XX-XXXX;N/A: ;;;Seybura;cap.;;;15-06-XXXX;;Junio 15—De Mobilla en 12 días berg. am. B. H. Monoure, cap. Seybura, ton. 197, con maderas, a los Sres. Kolg. S. y comp.;am.;B. H. Monoure;;;berg.;1852_06_16;Mobilla;;
Día 52:;;N/A: ;;;Neto;cap.;;;;;De Barcelona en 52 días frag. cap. Aurelia, cap. Neto, ton. 474, con frutos, a los Sres. Rebuelta, 12. y comp.—pas. 367.;;Aurelia;;;frag.;1852_06_16;Barcelona;;
Día 49:;;N/A: ;;;Venus;cap.;;;;;De la cotoa en 49 días berg. esp. Progigio, cap. Venus, ton. 145, con frutos, a los Sres. Ricart, H. y comp.;esp.;Progigio;;;berg.;1852_06_16;cotoa;;
Día 13:;;N/A: ;;;Lóchero;cp.;;;;;De New-York en 13 días frag. hecha Colombus, cp. Lóchero, ton. 411, con ladrillos, a D. H. Rottman;;Colombus;;;frag.;1852_06_16;New-York;;
Día 26:;;N/A: ;;;Oliver;cap.;;;;;De Bath en 26 días frag. am. Charles & Jane, cap. Oliver, ton. 499, en lastre, al capitán;am.;Charles & Jane;;;frag.;1852_06_16;Bath;;
Día 6:;;N/A: ;;;Sears;cap.;;;;;De Mobilla en 6 días frag. am. Lucinda Soars, cap. Sears, ton. 218, en lastre, al capitán;am.;Lucinda Soars;;;frag.;1852_06_16;Mobilla;;
Día 25:;;N/A: ;;;Killey;cap.;;;;;De Bath en 25 días frag. am. Tonquin, cap. Killey, tonel 406, con maderas, al capitán;am.;Tonquin;;;frag.;1852_06_16;Bath;;
Día 6:;;N/A:  | N/A: ;;;Landa;cp.;;;;;De New-York en 6 días vapor am. Empire City, cp. Landa, ton 1750, con dinero y correspondencia a los Sres. Drako y comp.—Pas. 213.;am.;Empire City;;;vapor;1852_06_16;New-York;;
Día 8:;;N/A:  | N/A: ;;;Gardner;cap.;;;;;De Savannah en 8 días borg. am. Robert. B. Lawton, cap. Gardner, ton. 193. con arro. a D. S. C. Burhham y comp.;am.;Robert. B. Lawton;;;borg.;1852_06_17;Savannah;;
Día 10:;;N/A: ;;;Melville;cap.;;;;;De Savannah en 10 días borg. am. John Balch, cap. Melville, ton. 168, con arro., a D. S. C. Burnham y comp.;am.;John Balch;;;borg.;1852_06_17;Savannah;;
Día 9:;;N/A: ;;;Richardson;cap.;;;;;De Wilmington en 9 días borg. am. St. Leon, cap. Richardson, ton. 140, con maderas, a los Sres. Crawford y Echard.;am.;St. Leon;;;borg.;1852_06_17;Wilmington;;
Día 43:;;N/A: ;;;Lauretia;cap.;;;;;De Santander en 43 días borg. erp. Dos Adelaidas, capitán Lauretia, ton. 208, con barina, a D. J. Escaruriza.—Pasajeros 70.;erp.;Dos Adelaidas;;;borg.;1852_06_17;Santander;;
Día 44:;;N/A: ;;;Boix;cap.;;;;;De Barcelona en 44 días frag. esp. Sirena, cap. Boix, ton. 380, con frutos, a los Sres. Sotolongo, A. y comp.—Pas. 8.;esp.;Sirena;;;frag.;1852_06_17;Barcelona;;
;;;;;;;;;;;De arrribada por hacer agua la frag. Petronille, que salió esta mañana para Amberes:;;Petronille;;;frag.;1852_06_17;;;
Día 25:;25-06-XXXX;N/A: ;;;Gallegher;cap.;;;17-06-XXXX;;Junio 17—De Filadelfia en 8 días frag. am. Japón, cap. Gallegher, ton. 215, con mercancías, a D. F. Alvarez y Cº —Paga 3.;am.;Japón;;;frag.;1852_06_18;Filadelfia;;
Día 31:;;N/A: ;;;Palfrey;cap.;;;;;De Torranoa en 31 días berg. ing. New-Era, capa Palfrey, ton. 117, con bacalao, a los Sres. Adr. S. y comp.;ing.;New-Era;;;berg.;1852_06_18;Torranoa;;
Día 10:;;N/A: ;;;Wood;cap.;;;;;De Filadelfia en 10 días frag. am. Margaret, cap. Wood, ton. 219, con carbon, a D. S. G. Burham y comp.;am.;Margaret;;;frag.;1852_06_18;Filadelfia;;
Día 2:;;N/A: ;;;Howes;cap.;;;;;De Mobile en 2 días frag. am. Mary Varary, cap. Howes, ton. 199, con maderas, a D. J. Ricart.;am.;Mary Varary;;;frag.;1852_06_18;Mobile;;
Día 12:;;N/A:  | N/A: ;;;Chare;cap.;;;;;De New-York en 12 días frag. am. R. Noble, cap. Chare, ton. 252 en lastre, a D. S. C. Barham y comp.;am.;R. Noble;;;frag.;1852_06_18;New-York;;
Día 42:;;N/A: ;;;B. and;cap.;;;;;De Río Janeiro en 42 días frag. dan. Sani, cap. B. and, ton. 198, con tarrón, a D. F. Alvarez y comp.;dan.;Sani;;;frag.;1852_06_18;Río Janeiro;;
Día 8:;;N/A: ;;;Popper;cap.;;;;;De New-York en 8 días frag. am. Isla de Cuba, cap. Popper, ton. 216 con rum, a los Sres. P. Baraco II. —Paga 1.;am.;Isla de Cuba;;;frag.;1852_06_18;New-York;;
Día 16:;;N/A: ;;;Young;cap.;;;;;De Boston en 16 días frag. am. Hampton, cap. Young, ton. 413, con adquites, a D. S. C. Barham y comp.;am.;Hampton;;;frag.;1852_06_18;Boston;;
Día 27:;;N/A: ;;;Rogers;cap.;;;;;De Boston en 27 días frag. am. Fritia, cap. Rogers, tonel 326, con adquites, a los Sres. Adr. S. y comp.;am.;Fritia;;;frag.;1852_06_18;Boston;;
Día 26:;null;N/A: ;;;Lothrop;cap.;;;13-06-2023;;Junio 13 de New-York en 13 dias frag. am. Ann Johnson, cap. Lothrop, ton. 416, en lastre, al capitán.;am.;Ann Johnson;;;frag.;1852_06_19;New-York;;
Día 74:;;N/A: ;;;Knudsen;cap.;;;;;De Hamburgo y Galveston en 74 dias frag. Hamb Franklin, cap. Knudsen, ton. 240, con ladrillos. S. D. G. Schrmer y Cp.;;Franklin;;;frag.;1852_06_19;Hamburgo y Galveston;;
Día 9:;;N/A:  | N/A: ;;;B. R. Iles;cap.;;;;;De Savannah en 9 dias gol. am. William Jone, cap. B. R. Iles, ton. 167, con arroz y madras, á los Sres. Herrera, M. y comp.;am.;William Jone;;;gol.;1852_06_19;Savannah;;
Día 9:;;N/A: ;;;Bernard;cap.;;;;;De New-York en en 9 dias frag. belga Clotilde, cap. Ber- nard, ton. 384, con ladrillos. á la Sra. Bubirly y comp.;belga;Clotilde;;;frag.;1852_06_19;New-York;;
Día 6:;;;;;Windle;cap.;;;;;De New-York en 6 dias vapor amer. Empire City, cap. Windle,;amer.;Empire City;;;vapor;1852_06_20;New-York;;
Día 11:;;;;;Nelson;cap.;;;;;De Charleston en 11 dias gol. am. T. P. Allston, cap. Nelson,;am.;T. P. Allston;;;gol.;1852_06_20;Charleston;;
Día 63:;;N/A: ;;;Pons;cap.;;;;;De Buenos Aires en 63 dias berg. esp. Generoso, cap. Pons, ton.;esp.;Generoso;;;berg.;1852_06_20;Buenos Aires;;
Día 22:;;N/A: ;;;Sturney;cap.;;;;;De Halifax en 22 dias berg. ing. Emely, cap. Sturney, ton. 123,;ing.;Emely;;;berg.;1852_06_20;Halifax;;
Día 50:;;;;;Seguí;cap.;;;;;De Buenos Aires en 50 dias frag. esp. Jóven Mariana, cap. Seguí,;esp.;Jóven Mariana;;;frag.;1852_06_20;Buenos Aires;;
Día 11:;;;;;Bradfor;cap.;;;;;De Savannah en 11 dias gol. am. Woodbridge, cap. Bradfor, ton.;am.;Woodbridge;;;gol.;1852_06_20;Savannah;;
Día 120:;;;;;;cap.;;;;;De Aquiab (Chin) en 120 dias frag. op. Encarnacion, cap.;;Encarnacion;;;frag.;1852_06_22;Aquiab (Chin);;
;;;;;;;;;;;solav. frag. y berg. am. todos mercantes.;am.;;;;frag.;1852_06_24;;;
Día 24:;;N/A: ;;;Mac Kenzie;cap.;;;;;Día 24—O C. navi en 1 día frag. am. Río, cap. Mac Kenzie, ton. 226, con miedos. A D. G. Tyng.;am.;C. navi;;;frag.;1852_06_25;Río;;
Día 3:;;N/A: ;;;Silver;cap.;;;25-06-XXXX;;Junio 25—De New-Orleans en 8 dias gol. nm. Fairy, cap. Silver, ton. 113, con víveres, a D. F. Alvarez y comp.—Pasajeros 4.;nm.;Fairy;;;gol.;1852_06_26;New-Orleans;;
Día 9:;;N/A:  | N/A: ;;;Smith;cap.;;;;;De New-Orleans en 9 dias berg. am. P. Soule, cap. Smith, ton. 142, con víveres, a los Sres. Drake y comp.—Pasaj. 2.;am.;P. Soule;;;berg.;1852_06_26;New-Orleans;;
Día 3:;;N/A:  | N/A: ;;;Kolling;cap.;;;;;De Charleston, Savannah y Cayo-Hueso en 3 dias vapor amir. Isabel, cap. Kolling, ton. 115, en lastre, a los Sres. Drake y comp.—Pasaj. 12.;am;Isabel;;;vapor;1852_06_26;Charleston, Savannah y Cayo-Hueso;;
Día 66:;;N/A: ;;;Schloer;cap.;;;;;De Liverpool en 66 dias berg. ruso St Paul, cap. Schloer, ton. 152, con efectos, al capitán.;ruso;St Paul;;;berg.;1852_06_26;Liverpool;;
Día 49:;;N/A:  | N/A: ;;;Leona;cap.;;;;;De Málorca en 49 dias pol. cap. Leona, cap. Bataller, ton. 150, con frutos, á D. F. Voutosa. —Passeg. 44 individuos de tropa.;;;;;pol.;1852_06_27;Málorca;;
Día 20:;;N/A: ;;;Fugg;cap.;;;;;De Portland en 20 dias berg. am. Cárdenat, cap. Fugg, ton. 207 con maderas, á los Sres. Adel, S. y comp.;am.;Cárdenat;;;berg.;1852_06_27;Portland;;
Día 40:;;N/A: ;;;Timmerman;cap.;;;;;De Rotterdam en 40 dias frag. hol. Esterháyn, cap. Timmerman, ton. 310, con víveres, á los Sres. Balbiani y comp.;hol.;Esterháyn;;;frag.;1852_06_27;Rotterdam;;
Día 21:;;N/A: ;;;Sewall;cap.;;;;;De Wisconsin en 21 dias frag. am. Cano, cap. Sewall, ton. 400, con envases, á D. S. G. Burnham y comp.;am.;Cano;;;frag.;1852_06_27;Wisconsin;;
Día 47:;;N/A: ;;;Morey;cap.;;;;;De Málorca en 47 días frag. esp. Prov. de la, cap. Morey, ton. 425, con frutos, á los Sres. Santa y comp. —Passeg. 1.;esp.;Prov. de la;;;frag.;1852_06_27;Málorca;;
Día 50:;;N/A: ;;;Antonio;cap.;;;;;De Barcelona en 50 dias berg. cap. Antonio, cap. Garriga, ton. 102, con frutos, á los Sres. Fontanilles y Llarull. —Passeg. 9.;;;;;berg.;1852_06_27;Barcelona;;
Día 26:;;N/A: ;;;Brazior;cap.;;;;;De Portland en 26 dias berg. amer. Gazeile, cap. Brazior, ton. 231, con maderas, á D. S. G. Hurtubise y comp.;amer.;Gazeile;;;berg.;1852_06_27;Portland;;
Día 21:;;N/A: ;;;Sturdivant;cap.;;;;;De Portland en 21 dias berg. am. Henrietta, cap. Sturdivant, ton. 157, con maderas, á los Sres. Adel, S. y comp.;am.;Henrietta;;;berg.;1852_06_27;Portland;;
Día 17:;;N/A: ;;;Perkins;cap.;;;;;De Mobile en 17 dias frag. am. Cherepeaks, cap. Perkins, ton. 247, con maderas, á los Sres. Icog, S. y comp.;am.;Cherepeaks;;;frag.;1852_06_27;Mobile;;
Día 17:;;N/A: ;;;Orr;cap.;;;;;De New-York en 17 dias frag. am. M. de Embii, cap. Orr, ton. 499, con lacre, á D. M. de Embii y comp.;am.;M. de Embii;;;frag.;1852_06_27;New-York;;
;;;;;;;;;;;A las 6 quedó n. p. r. bar. frag. franc. y berg. hol., y por botay. un berg. esp. de guerra y otro am. mercante.;;;;;;1852_06_27;;;
Día 36:;;N/A: ;;;Nicolas;cap.;;;;;Junio 26—D 1 Havro en 36 dias frag. franco Havre & Guadaloupe, cap. Nicolas, ton. 319, con mercancías, a los Sres. Magougoua, D. y comp.;franco;Havre & Guadaloupe;;;frag.;1852_06_29;Havro;;
Día 51:;;N/A: ;;;Jerusal;cap.;;;;;De Liverpool en 51 dias berg. cap. Jerusal, cap. Algora, ton. 170, con mercancías, á las Sres. Bimbini y comp.;;;;;berg.;1852_06_29;Liverpool;;
Día 14:;;N/A: ;;;Woo org. & comp.;cap.;;;27-06-XXXX;;Junio 27—De New-Orleans en 14 dias berg. am. Mount Vernon, cap. Woo org. & comp., ton. 152, con víveres, a los Sres. Noreiga, U. y comp.—P'asag. 10;am.;Mount Vernon;;;berg.;1852_06_29;New-Orleans;;
;;;;;D. Federico Enlido;cap.;;;;;De la war frag. do S. M. Cortes, su comandante el capitan de navio D. Federico Enlido.;;Cortes;;;frag.;1852_06_29;;;
Día 51:;;N/A:  | N/A: ;;;Sitchet;cap.;;;;;De Barcelona y Porto Rico en 51 dias frag. cap. Primera de Cataluña, cap. Sitchet, ton. 425, con frutos, a los Sres. Sama y comp.—P'asag. 111, entre ellos 102 de tropa;;Primera de Cataluña;;;frag.;1852_06_29;Barcelona y Porto Rico;;
Día 1:;;N/A:  | N/A:  | N/A:  | N/A:  | N/A: ;;;Butler;cap.;;;;;De Santa Cruz en 1 dia frag. am. Millaudon, cap. Butler, ton. 210, con una gr. á los señor. Sutolongo, Asunio y op.;am.;Millaudon;;;frag.;1852_06_29;Santa Cruz;;
Día 48:;;N/A: ;;;vouchs;cap.;;;;;De Maforos en 48 dias pol. cap. vouchs, cap. Frats, tonel. 137, con frutos, al capitán.—P'asag. 1;;;;;pol.;1852_06_29;Maforos;;
Día 9:;;N/A:  | N/A:  | N/A: ;;;Stevenand;cap.;;;;;De Cienfuegos en 9 dias berg. franc. Saphir, cap. Stevenand, ton 187, en lares, los señores Zangreozas, H. y op.;franc.;Saphir;;;berg.;1852_06_29;Cienfuegos;;
Día 51:;;N/A: ;;;Chimba;cap.;;;;;De Amberes en 51 días berg. cap. Chimba, cap. Arriola, ton. 161, con mercancías, a D. M. Ixami.;;;;;berg.;1852_06_29;Amberes;;
Día 10:;;N/A: ;;;Marstow;cap.;;;;;De Savannah en 10 dias berg. sin Harriet, cap. Marstow, ton. 160, con arroz, á los Sres. Drake y comp.;;sin Harriet;;;berg.;1852_06_29;Savannah;;
Día 49:;;N/A: ;;;Fauo;cap.;;;;;De Gijón y Porto Rico en 49 dias f. ag. cap. Villa de Gijon, cap. Fauo, ton. 299, con frutos, a los Sres. Ceballos y Kubi- ra—P'asag. 121.;;Villa de Gijon;;;f. ag.;1852_06_29;Gijón y Porto Rico;;
Día 40:;;N/A: ;;;Haarkon;cap.;;;;;De Amsterdam y St. Thomas en 40 dias berg. bsl. Havana Packet, cap. Haarkon, ton. 189, con víveres, a D. Henrique Kottmann.;bsl.;Havana Packet;;;berg.;1852_06_29;Amsterdam y St. Thomas;;
Día 40:;;N/A: ;;;Amadora;cap.;;;;;De Cadiz en 40 dias berg. cap. Amadora, cap. Zabala, ton. 247, con frutos, a D. J. de la Portilla.;;;;;berg.;1852_06_29;Cadiz;;
Día 2:;;N/A: ;;;Ibley;cap.;;;;;De Tierra Móreana en 2 dias berg. am. Frances Ellen, cap. Ibley, ton. 200, con mieros, a D. R. Moron y comp.;am.;Frances Ellen;;;berg.;1852_06_29;Tierra Móreana;;
Día 3:;;N/A: ;;;Leeds;cap.;;;;;De New-Orleans en 3 dias vapor am. Empíro City, capitán. Leeds, ton. 1750, con dinero, a los Sres. Drako y comp.—P'asag. 73.;am.;Empíro City;;;vapor;1852_06_29;New-Orleans;;
Día 46:;;N/A: ;;;Segundo Emilio;cap.;;;;;De Barcelona en 46 dias berg. cap. Segundo Emilio, capitán. Sust, ton. 157, con frutos, a los Sres. Comas y Blada.;;cap. Segundo Emilio;;;berg.;1852_06_29;Barcelona;;
Día 16:;;N/A: ;;;Isabel;cap.;;;;;De Liverpool en 16 dias berg. cap. Isabel, cap. Arenti, ton. 100, con frutos, a los Sres. Villalba, W. y comp.;;;;;berg.;1852_06_29;Liverpool;;
Día 17:;;N/A:  | N/A:  | N/A: ;;;Pero;cap.;;;;;De New-York en 17 dias frag. am. Scotland, cap. Pero, ton. 315, en laerte, a D. M. de Kishel y comp.;am.;Scotland;;;frag.;1852_06_29;New-York;;
Día 12:;;N/A: ;;;Costa;cap.;;;;;De Barcelona en 12 dias berg. Vence, cap. Costa, ton. 19, con frutos, a D. J. Muzoñay comp.—P'asag. 2;;Vence;;;berg.;1852_06_29;Barcelona;;
Día 16:;;N/A: ;;;Palmer;cap.;;;29-06-YYYY;;Junio 29. De Málaga en 16 días pol. c.p. Columbus, cap. Palmer, tu. 19, con frutas, a 11 P. Vent. s.;;Columbus;;;pol.;1852_06_30;Málaga;;
Día 50:;;N/A:  | N/A: ;;;Alvarez;cap.;;;;;De Hamburgo en 50 días, berg. c.p. Elv. c. c.p. Audi oc. cher, ton. 176, con mercadería, a 10 S. S. Bering, S y C.p. Del Havre en 39 días, b. 10, con minería, cap. Alvarez, tu. 130, con mercadería, a 1 J. Mendez.;;c.p. Elv. c. c.p. Audi oc. cher;;;berg.;1852_06_30;Hamburgo;;
Día 60:;null;N/A: ;;;Roberts;cap.;;;30-06-XXXX;;Junio 30—De Copenhague en 60 dias gol. danera Thomas Lawrence, cap. Roberts, ton. 130, con carbon, a los Sres Balbiani y comp.;danera;Thomas Lawrence;;;gol.;1852_07_01;Copenhague;;
Día 13:;;;;;Can.;cap.;;;;;De N. y York en 13 dias frag. am. Elvia Johnson, capit. Can., ton. 214 en insure, al capitán.;am.;Elvia Johnson;;;frag.;1852_07_01;N. y York;;
Día 45:;;N/A: ;;;Isabel;cap.;;;;;De Mallorca en 45 dias pol. cap. Isabel, cap. Palmer, ton. 136, con frutos, a D. F. Vontosa.;;;;;pol.;1852_07_01;Mallorca;;
Día 12:;;N/A: ;;;Mc Larty;cap.;;;;;De Charleston en 12 dias berg. am. Adela, cap. Mc Larty, ton. 114, con arroz, a los Sres. Draks y comp.;am.;Adela;;;berg.;1852_07_01;Charleston;;
Día 6:;;N/A:  | N/A: ;;;Davenport;cap.;;;;;De New York en 6 dias vapor. Cher. Kne, cap. Davenport, ton. 1214, con dinero, a los Sres. Drako y comp.—Pasajeros 181.;;Cher;;;vapor;1852_07_01;New York;;
Día 60:;;;;;De;cap.;;;;;De Harlingen en 60 días. berg. holand. Zuidersoe, cap. De;holand.;Zuidersoe;;;berg.;1852_07_02;Harlingen;;
Día 41:;;;;;A.;cap.;;;02-07-XXXX;;Julio 2.—De Liverpool en 41 días berg. esp. Claro, cap. A.;esp.;Claro;;;berg.;1852_07_03;Liverpool;;
Día 52:;;;;;;cap.;;;;;De Santander y Matanzas en 52 días gol. esp. Aurelia, cap.;esp.;Aurelia;;;gol.;1852_07_03;Santander y Matanzas;;
Día 1:;;;;;;cap.;;;;;De Baracoa en 1 día berg. am Robert B. Lawton, capitán;am;Robert B. Lawton;;;berg.;1852_07_03;Baracoa;;
Día 65:;;;;;;cap.;;;;;De Santander y Arviles en 65 días freg. esp. Eusebio, cap.;esp.;Eusebio;;;freg.;1852_07_03;Santander y Arviles;;
Día 20:;;;;;Kon-;cap.;;;;;De Halifax y Cuba en 20 días berg. ing. Vivid, cap. Kon-;ing.;Vivid;;;berg.;1852_07_03;Halifax y Cuba;;
;;;;;;cap.;;;;;De la mar berg. de S. M. Peñayo, su comandante el capitán;;S. M. Peñayo;;;berg.;1852_07_03;;;
Día 42:;;N/A:  | N/A:  | N/A: ;;;Garay;cap.;;;;;De Bilbao en 42 dias berg. esp. Javiero, cap. Garay, tonel. 167, con harina, á los Sros. Goicoura, 1. y comp. Pasaj. 18.;esp.;Javiero;;;berg.;1852_07_04;Bilbao;;
Día 35:;;N/A:  | N/A: ;;;Zaba le;cap.;;;;;De Sevilla en 35 dias berg. esp. San Foronda, cap. Zaba le, ton. 143, con frutos, á D. J. de la Portilla.—Pasaj. 4.;esp.;San Foronda;;;berg.;1852_07_04;Sevilla;;
Día 1:;;N/A: ;;;Melville;cap.;;;;;De Sierra-Morens en 1 dia berg. am. John Balch, capitán Melville, ton. 126, con mieles, á D. S. C. Burnham y comp.;am.;John Balch;;;berg.;1852_07_04;Sierra-Morens;;
Día 39:;;N/A:  | N/A: ;;;Ugarte;cap.;;;;;De Santander en 39 dias frag. esp. F.é. cap. Ugarte, tonel. 235, con harina, á D. P. M. do la Ayuela.—Pasaj. 8.;esp.;F.é.;;;frag.;1852_07_04;Santander;;
Día 18:;;;;;E'an;cap.;;;;;De Boston en 18 dias borg. am. A. Bianchard, cap. E'an-;am.;A. Bianchard;;;borg.;1852_07_06;Boston;;
Día 21:;;;;;;cap.;;;;;De Veracruz en 21 dias frag. esp. María Victorina, capit.;esp.;María Victorina;;;frag.;1852_07_06;Veracruz;;
Día 67:;;;;;;;;;;;De Hamburgo y Galveston en 67 dias frag. hamb. Miles,;hamb.;Miles;;;frag.;1852_07_06;Hamburgo y Galveston;;
Día 23:;;;;;Divoort;cap.;;;;;De New-York en 23 dias frag. belga Europa, cap. Divoort,;belga;Europa;;;frag.;1852_07_06;New-York;;
Día 12:;;;;;Leslie;cap.;;;;;De Charleston en 12 dias gol. am. Aid, cap. Leslie, tn. 97,;am.;Aid;;;gol.;1852_07_07;Charleston;;
Día 10:;;;;;Curtis;cap.;;;;;Del Calminto en 10 dias berg. amer. Sen Bird, cap. Curtis,;amer.;Sen Bird;;;berg.;1852_07_07;Calminto;;
Día 16:;;;;;Benniss;cap.;;;;;De New-York en 16 dias frag. am. Lyra, cap. Benniss, ton.;am.;Lyra;;;frag.;1852_07_07;New-York;;
Día 11:;;;;;;cap.;;;;;De Savannah en 11 dias berg. am. R. M. Chalton, capitán;am.;R. M. Chalton;;;berg.;1852_07_07;Savannah;;
Día 19:;;;;;Waite;cap.;;;;;De New-York en 19 dias frag. am. Glem, cap. Waite, ton.;am.;Glem;;;frag.;1852_07_07;New-York;;
;;;;;el ca-;comandante;;;;;De la mar frag. de S. M. Esperanza, au comandante el ca-;;Esperanza;;;frag.;1852_07_07;;;
Día 13:;;;;;Baker;cap.;;;;;De New-Oriéses en 13 dias berg. amer. Henry, cap. Baker,;amer.;Henry;;;berg.;1852_07_07;New-Oriéses;;
Día 13:;;;;;Dickman;cap.;;;;;De Mobila en 13 dias frag. am. Sarah Ann, cap. Dickman,;am.;Sarah Ann;;;frag.;1852_07_07;Mobila;;
Día 23:;;N/A: ;;;Chase;cap.;;;07-07-XXXX;;Julio 7.—De Boston en 23 días frag. am. Chase, cap. Chase, ton. 381, en lastre, al capitán.;am.;Chase;;;frag.;1852_07_08;Boston;;
Día 49:;;N/A: ;;;Hanschell;cap.;;;;;De Copehougue en 49 días berg. danés Bolette Puggard. cap. Hanschell, ton. 200, con carbon, a los Sres. Drake y Cª.;danés;Bolette Puggard;;;berg.;1852_07_08;Copehougue;;
Día 39:;;N/A: ;;;Larrinaga;cap.;;;;;De Santander en 39 días berg. esp. Millagro, cap. Larrinaga, ton. 217, con harina, a los Sres. sobrinos de D. J. Gomes y comp.—Pasaj. 6.;esp.;Millagro;;;berg.;1852_07_08;Santander;;
Día 11:;;N/A: ;;;Brightman;cap.;;;;;De New-Orleans en 11 días berg. am. Enoch Pratt, capit. Brightman, ton. 197, con víveres, a los Sres. Drake y comp.;am.;Enoch Pratt;;;berg.;1852_07_08;New-Orleans;;
Día 7:;;N/A:  | N/A:  | N/A: ;;;Anzaguasti;cap.;;;;;De Mayagues en 7 días berg. esp. Nicolás, cap. Anzaguasti, ton. 177, en lastre, a D. Pedro Martínez.;esp.;Nicolás;;;berg.;1852_07_08;Mayagues;;
Día 1:;;N/A: ;;;Schmidt;cap.;;;;;De Matanzas en 1 día frag. hamb. Julias & Carl, capitán Schmidt, ton. 297, con azúcar, a los Sres. Picard y Albarr.;hamb.;Julias & Carl;;;frag.;1852_07_08;Matanzas;;
Día 42:;;N/A: ;;;Arned;cap.;;;;;De Amberes en 42 días frag. belga Packet, capitán Arned, ton. 230, con ladrillos, a D. R. Mórbion y comp.;belga;Packet;;;frag.;1852_07_08;Amberes;;
Día 32:;;N/A: ;;;Mathou;cap.;;;;;De Cádiz en 32 días frag. esp. Manuela, cap. Mathou, ton. 276, con frutos, a los Sres. Sainy y comp.—Pasaj. 14;esp.;Manuela;;;frag.;1852_07_08;Cádiz;;
Día 41:;;N/A: ;;;Lonsfes- ley;cap.;;;;;De Guerras y en 41 días frag. ing. Charlotte, cap. Lonsfes- ley, ton. 108, en lastre, á los Sres. Drako y comp.;ing.;Charlotte;;;frag.;1852_07_09;Guerras;;
Día 17:;;;;;;cap.;;;;;De Campeche en 17 días gol. de S. M. B. Scorpion, su co-;;S. M. B. Scorpion;;;gol.;1852_07_10;Campeche;;
Día 45:;;;;;Rowly;cap.;;;;;De Liverpool en 45 dias frag. ing. Woodman, cap. Rowly,;ing.;Woodman;;;frag.;1852_07_13;Liverpool;;
Día 9:;;;;;Smith;cp.;;;;;De Mobila en 9 dias berg. am. Francis P. Beck, cp. Smith,;am.;Francis P. Beck;;;berg.;1852_07_13;Mobila;;
Día 28:;;;;;Leeds;cap.;;;;;De Boston en 28 dias frag. am. Empres. cap. Leeds, ton;am.;Empres;;;frag.;1852_07_13;Boston;;
Día 8:;;;;;Daven-;cap.;;;;;De New Orleans en 8 días vapor am. Cherokee, cap. Daven-;am.;Cherokee;;;vapor;1852_07_14;New Orleans;;
Día 13:;;N/A: ;;;Mimi;cap.;;;14-07-XXXX;;·Julio 14—Do Belize on 13 dias gol. cap. Mimi, cap. Gual, ton. 65, con pala, á los Sres. Johnston y comp.;;;;;gol.;1852_07_15;Belize;;
Día 15:;;N/A: ;;;Baboock;cap.;;;15-07-XXXX;;Julio 15.—De Charleston en 15 días berg. am. Confidence, cap. Baboock, ton. 195° con arroz, á D. S. C. Burhham y C.;am.;Confidence;;;berg.;1852_07_16;Charleston;;
Día 10:;;N/A: ;;;Crabbe;cap.;;;;;De Mobile en 10 días berg. sin. Caribee, cap. Crabbe, ton. 219, con envases, á los Sres. Sum y comp.;;Caribee;;;berg.;1852_07_16;Mobile;;
Día 67:;;N/A: ;;;Do Boo;cap.;;;;;De Amberes en 67 días berg. belga Ortelins, cap. Do Boo, ton. 211, con ladrillos, á D. R. Morrison y comp.;belga;Ortelins;;;berg.;1852_07_16;Amberes;;
Día 7:;;N/A: ;;;Libbre;cap.;;;;;De Trajillo en 7 días esp. Semproniana, cap. Libbre, ton. 90, con efectos, á D. J. R. Salazar.;;Semproniana;;;esp.;1852_07_16;Trajillo;;
Día 1:;;N/A: ;;;Haskell;cap.;;;;;De Cabanas en 1 día berg. am. Alessia, cap. Haskell, ton. 107, con muelos, á D. C. Tyng.;am.;Alessia;;;berg.;1852_07_16;Cabanas;;
Día 34:;;;;;Ar-;cap.;;;16-07-XXXX;;· Julio 16—De Cádiz en 34 días berg. exp. Victoria, cap. Ar-;;Victoria;;;berg.;1852_07_17;Cádiz;;
Día 43:;;;;;Lasi;cap.;;;;;· De Santander en 43 días frag. exp. Dos Amigos, cap. Lasi-;;Dos Amigos;;;frag.;1852_07_17;Santander;;
Día 29:;;;;;Mao;cap.;;;;;· D. Boston en 29 días frag. am. John W. White, cap. Mao;am.;John W. White;;;frag.;1852_07_17;Boston;;
Día 17:;;;;;Spen-;cap.;;;;;a Charleston en 17 dias berg. am. Palo Alto, cap. Spen-;am.;Palo Alto;;;berg.;1852_07_18;;;
Día 13:;;;;;Rich;cap.;;;;;a New York en 13 dias frag. am. Parodi, cap. Rich, ton.;am.;Parodi;;;frag.;1852_07_18;New York;;
Día 69:;;N/A: ;;;Ripa;cap.;;;;;a Cádiz en 69 dias berg. cap. Ripa, cap. Zobará, tonel.;;;;;berg.;1852_07_18;Cádiz;;
Día 19:;;N/A:  | N/A: ;;;Meyers;ospit.;;;;;De New-York en 19 días berg. am. Edgar, ospit. Meyers, ton. 143, con mercancías, & D. F. Alvarres y comp.—Paseg. 1;am.;Edgar;;;berg.;1852_07_20;New-York;;
Día 50:;;N/A:  | N/A: ;;;Gondra;cap.;;;;;. De Santander en 50 días berg. esp. Cármen, cap. Gondra, ten. 154, con harinas, & D. J. de S. A.vear.;esp.;Cármen;;;berg.;1852_07_20;Santander;;
Día 30:;;N/A:  | N/A: ;;;Aroces;cap.;;;20-07-XXXX;;Julio 20.—De Tenerife en 30 dias frag. cap. Las Palmas, cap. Aroces, ton. 334, con frutos a. D. I. Padrón —Pasaj. 250.;;Las Palmas;;;frag.;1852_07_21;Tenerife;;
Día 25:;;N/A: ;;;Japon;cap.;;;;;De Bangor en 25 dias berg. a.m. Nígera, cap. Japon, ton. 200, con maderas, á D. C. Tyng.;a.m.;Nígera;;;berg.;1852_07_21;Bangor;;
Día 10:;;N/A:  | N/A: ;;;Mas Connell;cp.;;;;;De New-Orleans en 10 dias berg. am Mary Elizabeth, cp. Mas Connell, ton. 124, con viveres, & los Sres. Herrera, M y comp.;am;Mary Elizabeth;;;berg.;1852_07_22;New-Orleans;;
Día 28:;;N/A: ;;;Elliot;cap.;;;;;De Portland en 28 dias frag. am. Odd Fellow, cap. Elliot, ton. 238, con maderas, & los Sres. Ulrich, P. y comp.;am.;Odd Fellow;;;frag.;1852_07_22;Portland;;
Día 24:;;N/A:  | N/A: ;;;Thagson;cap.;;;;;De New York en 24 dias frag. belge Maria, cap. Thagson, ton. 276, con ladrillos, & los Sres. Balbanti y comp.;belge;Maria;;;frag.;1852_07_22;New York;;
Día 28:;;N/A:  | N/A: ;;;Pendleton;cap.;;;;;De Hoston en 28 dias berg. am. Leghorn, cap. Pendleton, ton. 190, con adquisiciones y madera, & D. H. Cabusao.;am.;Leghorn;;;berg.;1852_07_22;Hoston;;
Día 25:;;N/A: ;;;Brown;cap.;;;22-07-XXXX;;Julio 22.—De New-York en 25 dias frag. am. Norma, cap. Brown. ton. 292, con carbon. á los Sres. Drake y comp.;am.;Norma;;;frag.;1852_07_23;New-York;;
Día 6:;;N/A: ;;;Goodman;cap.;;;;;De New Orleans en 6 dias gol. amor. Cornelia, cap. Goodman. ton. 185, con viveres. á los Sres. Sotolongo, A. y Cª;;amor. Cornelia;;;gol.;1852_07_23;New Orleans;;
Día 36:;;N/A: ;;;Bettes;cap.;;;;;1a Boston en 36 días frag. am. Paraná, cap. Bettes, tonel.;am.;Paraná;;;frag.;1852_07_24;Boston;;
Día 12:;;;;;Inchakutegui;cap.;;;;;De Sisal en 12 días berg. esp. Yucateco, cap. Inchakutegui,;esp.;Yucateco;;;berg.;1852_07_24;Sisal;;
Día 5:;;;;;Weller;cap.;;;;;De N. Thomas en 5 días vapor ing. Medway, cap. Weller,;ing.;Medway;;;vapor;1852_07_24;N. Thomas;;
Día 23:;;N/A: ;;;Pierce;cap.;;;;;De Bangor en 23 días berg. am. Alston, cap. Pierce, tonel.;am.;Alston;;;berg.;1852_07_24;Bangor;;
Día 16:;;N/A: ;;;;cap.;;;24-07-XXXX;;Julio 24.—D) Tabaco en 16 dias gol. osp. Guadalupe, cap.;osp.;;;;gol.;1852_07_25;Guadalupe;;
;;;;;;;;;;;De Cadiz, Cabeño y Pino, no se había repuesto de;;Cabeño y Pino;;;;1852_07_27;Cadiz;;
;;;;;;;;;;;por actas, frag. y berg. franc. anc. encerrado.;franc;;;;frag.;1852_07_27;;;
Día 17:;;N/A:  | N/A: ;;;Gallet;cap.;;;27-07-XXXX;;Julio 27.—De la Martinica en 17 dias frag. franco. D. Juan, cap. Gallet, ton. 4:7, en lastre, á los Sres. Mangonga, D. y comp.;franco;D. Juan;;;frag.;1852_07_28;Martinica;;
Día 26:;;N/A:  | N/A: ;;;Roig;cap.;;;;;De Sevilla en 26 dias gol. esp. Mariana, cap. Roig, tonel. 203, con frutos, á los Sres. Roig y comp. P.ang. 3.;esp.;Mariana;;;gol.;1852_07_28;Sevilla;;
Día 20:;;N/A:  | N/A:  | N/A: ;;;Gigaud;cap.;;;;;"De Guadalupe en 20 dias frag. franco. J. J. Despauz, cap. Gigaud, ton. 165; en lastre, á los Sres. Zangronix, H. y C.p.";franco;J. J. Despauz;;;frag.;1852_07_28;Guadalupe;;
Día 20:;;N/A: ;;;Pe- ny;cap.;;;;;De Guadalupe en 20 dias berg. franco. La Louise, cap. Pe- ny, ton. 193, con ladrillos, á D. N. Campbell.;;La Louise;;;berg.;1852_07_28;Guadalupe;;
Día 50:;;N/A: ;;;Manau;cap.;;;;;De Santander en 50 dias pol. osp. Angelita, cap. Manau, ton. 241, con harina, á D. F. Alvaro y comp.;osp.;Angelita;;;pol.;1852_07_28;Santander;;
Día 34:;;N/A: ;;;Villar;cap.;;;;;De Cádiz en 34 dias frag. esp. Bética, cap. Villar, ton. 232 con frutos, á los Sres. sobrinos de D. J. Gomez y comp.—Pasegros 1/2.;esp.;Bética;;;frag.;1852_07_28;Cádiz;;
Día 46:;;;;;Larran;cap.;;;21-07-XXXX;;Julio 21—De Cádiz en 46 d as frag. esp. Iris. cap. Larran-;esp.;Iris;;;frag.;1852_07_29;Cádiz;;
Día 45:;;;;;Aur-;cap.;;;;;De San Sebastián en 45 días berg. esp. Almirante, cap. Aur-;esp.;Almirante;;;berg.;1852_07_29;San Sebastián;;
Día 67:;;;;;Fon-;cap.;;;;;De Barcelona en 67 días berg. esp. Restaurador, cap. Fon-;esp.;Restaurador;;;berg.;1852_07_29;Barcelona;;
Día 34:;;;;;Paroja;cap.;;;;;De Málaga en 34 días frag. cap. Tres Amigos, cap. Paroja,;;Tres Amigos;;;frag.;1852_07_29;Málaga;;
Día 2:;;;;;;cap.;;;;;De San Cayotano en 2 días frag. am. General Gipuz, cap.;am.;General Gipuz;;;frag.;1852_07_29;San Cayotano;;
Día 54:;;;;;Lio;cap.;;;;;De Alicante en 54 d as pol. esp. Nueva Ilocres, cap. Lio-;esp.;Nueva Ilocres;;;pol.;1852_07_29;Alicante;;
Día 64:;;;;;;cap.;;;;;De Santander en 64 dias frag. esp. María Clotilde, capit.;esp.;María Clotilde;;;frag.;1852_07_30;Santander;;
Día 40:;;;;;;;;;;;De Santander y la Coruña en 40 dias frag. esp. Guía do;esp.;Guía do;;;frag.;1852_07_30;Santander y la Coruña;;
Día 45:;;;;;capitan;cap.;;;;;De Liverpool en 45 dias berg. esp. Dulce Nombre, capitan;esp.;Dulce Nombre;;;berg.;1852_07_30;Liverpool;;
Día 29:;;;;;Sures;cap.;;;;;De la Coruña en 29 dias frag. esp. Abella, capit. Sures,;esp.;Abella;;;frag.;1852_07_30;la Coruña;;
Día 51:;;N/A: ;;;A. róeza;cap.;;;;;De San Sebastian en 51 dias berg. esp. Ederrena, cap. A. róeza, ton. 133, con frutos, á D. J. A. Irigoyen.—Paseg. 26;esp.;Ederrena;;;berg.;1852_07_31;San Sebastian;;
Día 20:;;N/A: ;;;Tigro;cap.;;;;;De Veracruz en 20 dias gol. esp. Carisima, caplt. Tigro, ton. 90, con efectos, á D. M. S. Tello.—Paseg. 3;esp.;Carisima;;;gol.;1852_07_31;Veracruz;;
Día 70:;;N/A: ;;;Carbú;cap.;;;;;De Tarragona y Algeiras en 70 dias berg. esp. Laquete de Tarragona, cap. Carbú, ton. 251, con frutos, á D. J. A. Irigoyen.—Paseg. 7.;esp.;Laquete de Tarragona;;;berg.;1852_07_31;Tarragona y Algeiras;;
Día 70:;;N/A: ;;;Camundi;cap.;;;;;De Malloros y Algeciras en 70 días berg. esp. Rosita, cap. Camundi, ton. 180, con frutos, á los Sres. Samá y comp.—Pasag. 6.;esp.;Rosita;;;berg.;1852_08_01;Malloros y Algeciras;;
Día 23:;;N/A:  | N/A: ;;;Bromier;cap.;;;;;De Lagusa de Tórmín os en 23 días fragata franc. Bruno, esp. Bromier, ton. 212, con palo, á los Sres. Zangroniz. H. y comp.—Pasag. 1.;franc.;Bruno;;;fragata;1852_08_01;Lagusa de Tórmín;;
Día 26:;;N/A:  | N/A: ;;;Guarda;cap.;;;;;De Veracruz en 26 días frag. esp. Ana Teresa, cap. Guarda, ton. 275, en lastre, á los Sres. Noriega, O. y comp.—Pasag. 10.;esp.;Ana Teresa;;;frag.;1852_08_01;Veracruz;;
Día 56:;;N/A: ;;;Merit;cap.;;;;;De Barcelona en 56 días p. l. esp. Atrovida, cap. Merit, ton. 181, con frutos, á los Sres. Samá y comp.—Pasag. 2.;esp.;Atrovida;;;p.;1852_08_01;Barcelona;;
Día 1:;01-08-XXXX;N/A:  | N/A: ;;;Fogg;cap.;;;01-08-XXXX;;Agosto 1º—De Sierra Morena en 1 día berg. am. Cárdenas, cap. Fogg, ton. 207, con mules, a los Sres. Adot, S. y C.º De Maloros, ton. 57, días frag. 619, Constancio, cap. Oliver, ton. 349, con frutos, a los Sres. Slem y comp. —Paseo 3.;am.;Cárdenas;;;berg.;1852_08_03;Sierra Morena;;
Día 27:;;N/A: ;;;Fuentes;cap.;;;;;De Cádiz en 27 días frag. cap. Nueva Manzanilla capitán Fuentes, ton. 197, con frutos, a los Sres. sobrinos de D. J. Ooms y comp. —Paseo 3.;;Nueva Manzanilla;;;frag.;1852_08_03;Cádiz;;
Día 6:;;N/A: ;;;Daniel;cap.;;;;;De Mar del Plata en 6 días frag. franco. Sta. Anne, cap. Daniel, ton. 217, en tistro, a D. R. Morison y comp.;franco;Sta. Anne;;;frag.;1852_08_03;Mar del Plata;;
Día 10:;null;N/A: ;;;Henry;cap.;;;02-08-XXXX;;Agosto 2.—De Nou Orleans en 8 días berg. amer. Adams Gray, cap. Henry, ton. 144, con víveres, a los Sres. Herrera, M. y comp. —Paseo 4.;amer.;Adams Gray;;;berg.;1852_08_03;Nou Orleans;;
Día 3:;;N/A: ;;;York;cap.;;;;;De Sierra Morena en 3 días frag. americano. Nathaniel Blake, cap. York, ton. 261, con mules, a D. R. Morison y comp.;americano;;;;frag.;1852_08_03;Sierra Morena;;
Día 1:;;N/A: ;;;York;cap.;;;;;De Sierra Morena en 1 día frag. am. Gobernador Paris, cap. York, ton. 275, con mules, a D. S. C. Burnham y comp.;am.;Gobernador Paris;;;frag.;1852_08_03;Sierra Morena;;
Día 5:;;N/A:  | N/A: ;;;Ewing;cap.;;;;;De Tampico en 5 días v por ing.—Tamaulipas, cap. Ewing, ton. 331, en lastre, á los Sres. Villoido, W. y comp.—Paseo 1.;ing.;Tamaulipas;;;vapor;1852_08_04;Tampico;;
Día 39:;;N/A: ;;;Lopes;cap.;;;;;De Santander en 39 días frag. esp. Torez, cap. Lopes, tn. 160, con harina, á los Sres. Sama y comp.;esp.;Torez;;;frag.;1852_08_04;Santander;;
Día 60:;;N/A: ;;;Zulueta;cap.;;;;;De Bilbao y Forol en 60 días berg. esp. Mun-lagues, cap. Zulueta, ton. 135, con harina, á los Sres. Pardo, San Polayo y comp.—Paseo 7.;esp.;Mun-lagues;;;berg.;1852_08_04;Bilbao y Forol;;
Día 3:;;N/A: ;;;Hansen;cap.;;;;;De Cabanas en 3 días frag. am. Mary Varney, cap. Hansen, ton. 199, con mielos, á D. G. T'vag.;am.;Mary Varney;;;frag.;1852_08_04;Cabanas;;
Día 62:;;N/A: ;;;Colon;cap.;;;;;Dj Malloros en 62 días frag. esp. Balcer, cap. Colon, ton. 546, con frutos, á D. J. A. Fesant y comp.;esp.;Balcer;;;frag.;1852_08_04;;;
Día 221:;;N/A: ;;;Marcaida;cap.;;;;;De Manila, Singapore, Arracon y Pto. Rio en 221 días frag. esp. Gertrudis, cap. Marcaida, ton. 534, con efectos, á D. José Pastor.—Paseo 7.;esp.;Gertrudis;;;frag.;1852_08_04;Manila, Singapore, Arracon y Pto. Rio;;
Día 62:;;N/A: ;;;Larrain;cap.;;;06-08-XXXX;;Agosto 6.—De Santander y Matanzas en 62 días berg. esp. Antelope, cap. Larrain, ton. 136, con harina, a D. U. F. Somayor.—Trae rendido el nalo mayor por dos rayos que le cayeron en lat. 20° y long. 50°;esp.;Antelope;;;berg.;1852_08_06;Santander y Matanzas;;
Día 65:;;N/A: ;;;Mataró;cap.;;;;;De Buenos Aires y Matanzas en 65 días berg. esp. Rápido cap. Mataró, ton. 211, con tazno, a D. J. Mazorra y comp.;esp.;Rápido;;;berg.;1852_08_06;Buenos Aires y Matanzas;;
Día 57:;;N/A: ;;;Ochoa;cap.;;;;;De Alesund en 57 días berg. esp. Veloz Ricardo, capitán Ochoa, ton. 161, con bacalao, al capitán.;esp.;Veloz Ricardo;;;berg.;1852_08_06;Alesund;;
Día 83:;;N/A: ;;;Bandrich;cap.;;;;;De Barcelona en 83 días frag. esp. Isabel, cap. Bandrich, ton. 300, con frutos, a los Sres. Sotolongo, A. y comp.;esp.;Isabel;;;frag.;1852_08_06;Barcelona;;
Día 64:;;N/A: ;;;Arias;cap.;;;;;De Burdeos en 64 días berg. esp. Jose Maria, cap. Arias, ton. 156, con mercancías, a D. H. Arrigunaga.;esp.;Jose Maria;;;berg.;1852_08_06;Burdeos;;
Día 9:;;N/A: ;;;Silver;cap.;;;07-08-XXXX;;Agosto 7.—De New Orleans en 9 días gol. am. Fairy, cap. Silver, ton. 93, con víveres, a D. F. Alvarez y comp.—Pas. 3 De Barcelona con 40 días berg. cap. Papita, cap. Mas, ton. 210, con fratos, a los Sres. Sotolongo, A. y comp.—Pasag. 2 De Buenos Aires y Matarazas en 63 días pol. esp. Rosario, cap. Daralli, ton. 171, con (tasuj), a los Sres. Fontanillas y Llanos.;am.;Fairy;;;gol.;1852_08_08;New Orleans;;
Día 3:;;N/A: ;;;Butler;cap.;;;08-08-XXXX;;Agosto 8.—De New-Orleans en 3 dias frag. am. Millaudon, cap. Butler, ton. 216, con víveres, á los Sres. Sotolongo, A. y comp.—Pasag. 5.;am.;Millaudon;;;frag.;1852_08_10;New-Orleans;;
Día 5:;;N/A: ;;;Smith;cap.;;;;;De New-Orleans en 5 dias berg. am. P. Soulé, cap. Smith, ton. 142, con víveres, á los Sres. Drake y comp.—Pasag. 5.;am.;P. Soulé;;;berg.;1852_08_10;New-Orleans;;
Día 7:;;N/A: ;;;Weller;cap.;;;;;De Tamplico y Veracruz en 7 dias vaporing. Madway, cap. Weller, ton. 1260, con dinero, al Sr. cónsul inglés.—Pasag. 15.;;Madway;;;vaporing;1852_08_10;Tamplico y Veracruz;;
Día 9:;;N/A: ;;;Aria;cap.;;;09-08-XXXX;;Agosto 9.—De Belize en 9 dias gol. guatemalteca Cecilia, cap. Aria, ton. 78, con oficios, á D. J. A. Irigoyen.;guatemalteca;Cecilia;;;gol.;1852_08_10;Belize;;
Día 12:;;N/A:  | N/A: ;;;Miguel;cap.;;;;;De Barcelona y Tenerife en 12 dias berg. cap. Miguel, cap. Serra, ton. 269, con frutos, á los Sres. Sotolongo, A. y comp. ton. 180, con tassajo, á los Sres. Ricart, H. y comp.;;;;;berg.;1852_08_10;Barcelona y Tenerife;;
Día 66:;;N/A: ;;;Esquua;cap.;;;;;De Buenos Aires en 66 días pol. esp. Dosenda, cap. Esquua, ton. 180, con tassajo, á los Sres. Ricart, H. y comp.;esp.;Dosenda;;;pol.;1852_08_10;Buenos Aires;;
Día 64:;null;N/A: ;;;Bejorn;cap.;;;10-08-XXXX;;Agosto 10—De Christiansund en 64 dias gol. noruega Hermoder, cap. Bejorn, ton. 80, con bacalao, al capitán..;noruega;Hermoder;;;gol.;1852_08_11;Christiansund;;
Día 48:;;N/A:  | N/A:  | N/A: ;;;Martorell;cap.;;;;;De Barcelona en 48 dias berg. cap. Tres de Mayo, capitán Martorell, ton. 260, con frutos, á los Sres. Puig y Llopert—Paseo. 5 y 16 arti ferros.;;Tres de Mayo;;;berg.;1852_08_11;Barcelona;;
Día 41:;;N/A: ;;;Rívero;cap.;;;;;De Santander en 41 dias frag. cap. María Luisa, cap. Rívero, ton. 374, con harina, á los Sres. Ceballos y Rubí.—Paseo. 7.;;María Luisa;;;frag.;1852_08_11;Santander;;
Día 56:;;N/A: ;;;Boset;cap.;;;;;De Barcelona en 56 dias berg. cap. Conchita, capit. Boset, ton. 109, con frutos, á los Sres. Lrake y comp.—Paseo. 10.;;Conchita;;;berg.;1852_08_11;Barcelona;;
Día 24:;;N/A: ;;;Brooks;op.;;;;;De Filadelfia en 24 dias frag. sm. Elizabeth J., op. Brooks, ton. 168, con mercancí: s, á D. F. Álvares y comp.;;Elizabeth J.;;;frag.;1852_08_11;Filadelfia;;
Día 56:;;N/A: ;;;Ojinaga;cap.;;;18-08-XXXX;;Agosto 18—De Liverpool en 56 dias frag. esp. Josefa Juana, cap. Ojinaga, ton. 462, con mercancías. á D. M. de Embri y comp.;esp.;Josefa Juana;;;frag.;1852_08_14;Liverpool;;
Día 2:;;N/A: ;;;Wilson;cp.;;;;;De Cayo Hueso en 2 dias pali. am. Euthomia, cp. Wilson, ton. 34, en lastre, á D. H. Rottmann.—Kasag. 10.;am.;Euthomia;;;pali;1852_08_14;Cayo Hueso;;
Día 8:;;N/A:  | N/A:  | N/A: ;;;Porter;cap.;;;;;De New-Orleans en 8 días vapor am. Crescent City, capit. Porter, ton. 1800, con dinero, & los Sres. Drake y comp.—Pasag. 17 y 33 artilleros.;am.;Crescent City;;;vapor;1852_08_15;New-Orleans;;
Día 51:;;N/A:  | N/A:  | N/A: ;;;Rocafall;cap.;;;;;De Cádiz y Cuba en 51 días frag. esp. Hermosa Valenciana, cap. Rocafall, ton. 390, con frutos, & D. J. de la Portilla.—Pasag. 17 y 33 artilleros.;esp.;Hermosa Valenciana;;;frag.;1852_08_15;Cádiz y Cuba;;
Día 33:;;N/A: ;;;Hart;cap.;;;;;De la mar berg. de S. M. Soipion, su comandante el teniente de navío D. Carlos Varecarle, de Portland de 33 días frag. am. R. H. Knight, capitan Hart, ton. 2/8, con maderas, y los Sres. Drake y comp.;am.;R. H. Knight;;;berg.;1852_08_15;Portland;;
Día 28:;;N/A: ;;;Mora;cap.;;;;;De Cádiz en 28 días frag. esp. Diana, cap. Mora, ton. 338, con frutos, & D. J. de la Portilla.—Pasag. 40.;esp.;Diana;;;frag.;1852_08_15;Cádiz;;
Día 65:;;N/A: ;;;Dar-vie;cap.;;;;;De Glasgow en 65 días frag. ing. Earl of Ripon, cap. Dar- vie, ton. 1313, con maquinaria, al capitan.;ing.;Earl of Ripon;;;frag.;1852_08_15;Glasgow;;
Día 52:;;;;;;cap.;;;15-08-YYYY;;Agosto 15.—Del Havre en 52 días berg. esp. Amade, cap.;esp.;Amade;;;berg.;1852_08_17;Havre;;
Día 68:;;;;;Hermoso;cap.;;;;;De Hamburgo en 68 días berg. cap. Hermoso Ha banero,;;Ha banero;;;berg.;1852_08_17;Hamburgo;;
Día 43:;;;;;;cap.;;;;;Del Havre en 43 días berg. esp. Cuatro Hermanos, cap.;esp.;Cuatro Hermanos;;;berg.;1852_08_17;Havre;;
Día 58:;;;;;Strait;cap.;;;;;De Portland en 58 días berg. esp. amer. Eimira, cap. Strait,;esp.;amer. Eimira;;;berg.;1852_08_17;Portland;;
Día 36:;;;;;;cap.;;;;;De Portland en 36 días berg. amer. F. A. Forley, capitán;amer.;F. A. Forley;;;berg.;1852_08_17;Portland;;
Día 40:;;;;;Martínez;cap.;;;;;De Liverpool en 40 días berg. esp. Carolina, cap. Martínez,;esp.;Carolina;;;berg.;1852_08_17;Liverpool;;
Día 43:;;;;;Rabasa;cap.;;;;;De Barcelona en 43 días pel. esp. Matilde, cap. Rabasa,;esp.;Matilde;;;pel.;1852_08_17;Barcelona;;
Día 33:;;;;;;cap.;;;16-08-XXXX;;Agosto 16.—De Portland en 33 días frag. am. Medora, cap.;am.;Medora;;;frag.;1852_08_17;Portland;;
Día 2:;;;;;Bra-;cap.;;;;;De Sierra Morena en 2 días berg. amer. Gaselle, cap. Bra-;amer.;Gaselle;;;berg.;1852_08_17;Sierra Morena;;
Día 49:;;;;;Cortazar;cap.;;;;;De Liverpool en 49 días berg. esp. Luisito, cap. Cortazar,;esp.;Luisito;;;berg.;1852_08_17;Liverpool;;
Día 69:;;;;;Echken;cap.;;;;;De Breman en 69 días berg. bremés Garonne, cap. Echken-;bremés;Garonne;;;berg.;1852_08_17;Breman;;
Día 51:;;;;;Goicoechea;cap.;;;;;De Amberes en 51 días berg. esp. Occano, cap. Goicoechea,;esp.;Occano;;;berg.;1852_08_17;Amberes;;
Día 42:;;;;;A-;cap.;;;;;De Liverpool en 42 días berg. esp. María Ignacia, cap. A-;esp.;María Ignacia;;;berg.;1852_08_17;Liverpool;;
Día 46:;;;;;Touret;cap.;;;;;Del Havre en 46 días frag. franco. Clementina, cap. Touret,;franco;Clementina;;;frag.;1852_08_17;Havre;;
Día 42:;;;;;Vi-;cap.;;;;;De Barcelona en 42 días frag. esp. Florida Blanca, cap. Vi-;esp.;Florida Blanca;;;frag.;1852_08_17;Barcelona;;
Día 30:;;;;;;cap.;;;;;De New-Brunswick en 30 días frag. ing. Havana, capitán;ing.;Havana;;;frag.;1852_08_17;New-Brunswick;;
Día 9:;;N/A: ;;;Jackson;cap.;;;17-08-XXXX;;Agosto 17.—De Mobile en 9 días frag. am. James Smith, cap. Jackson, ton. 236, con maderas, á D. J. Ricert.;am.;James Smith;;;frag.;1852_08_18;Mobile;;
Día 48:;;N/A: ;;;De Meire;cap.;;;;;De Amberes en 48 días frag. belga New-York Packet, cap. De Meire, ton. 825, con efectos, á D. E. Meert y comp.;belga;New-York Packet;;;frag.;1852_08_18;Amberes;;
Día 36:;;N/A:  | N/A: ;;;Iniesta;cap.;;;;;De Cádiz en 36 días frag. cap. Esmeralda, cap. Iniesta, ton. 250, con frutos, á D. P. Martínez.—Pasaj. 11.;;;;;frag.;1852_08_18;Cádiz;;
Día 22:;;;;;Taylor;cap.;;;;;De Filadelfia, en 22 dias frag. am. Japonios, cap. Taylor,;am.;Japonios;;;frag.;1852_08_19;Filadelfia;;
Día 21:;;N/A: ;;;Win- shaster;cap.;;;;;De New-York en 21 días frig. am. John Besson, cap. Win- shaster, ton. 230, con mercancías, a los Sres. Drake y comp. —Paseo 8.;am.;John Besson;;;frig.;1852_08_20;New-York;;
Día 53:;;N/A: ;;;Fernandez;cap.;;;;;De Hamburgo en 53 días berg. esp. Carlos Habanero, cap. Fernandez, ton. 178 con mercancía, á los Sres. Ohlmeyer y comp.;esp.;Carlos Habanero;;;berg.;1852_08_20;Hamburgo;;
Día 12:;01-09-XXXX;N/A: ;;;Byers;cap.;;;20-08-XXXX;;Agosto 20—De Charleston en 12 días gol. am. Zephyr, cap. Byers, ton. 77, con arros, á los Sres. Drake y comp.;am.;Zephyr;;;gol.;1852_08_21;Charleston;;
Día 20:;;N/A: ;;;Cook;cap.;;;;;De Boston en 20 días frag. am. Frankia, cap. Cook, tonel. 196, con hielo, al capitán.;am.;Frankia;;;frag.;1852_08_21;Boston;;
Día 14:;;;;;;cap.;;;21-08-XXXX;;Agosto 21—De Tampico on 14 dias gol. esp. Mercedes, cap.;esp.;Mercedes;;;gol.;1852_08_22;Tampico;;
Día 47:;;;;;;;;;;;De New-Porton 47 dias borg. bromo Eliza & Charlotte,;;bromo Eliza & Charlotte;;;borg.;1852_08_22;New-Porton;;
Día 61:;;;;;Sensat;cap.;;;;;De Cusco, Aires en 61 dias borg. esp. Júlito, cap. Sensat,;esp.;Júlito;;;borg.;1852_08_22;Cusco;;
Día 41:;;;;;;cap.;;;;;De Santander en 41 dias borg. esp. Juan y Matilde, capít.;esp.;Juan y Matilde;;;borg.;1852_08_22;Santander;;
Día 47:;;;;;capitan;cap.;;;;;De Liverpool en 47 dias borg. esp. Luisa y Jeana, capitan;esp.;Luisa y Jeana;;;borg.;1852_08_22;Liverpool;;
Día 31:;;N/A: ;;;Soto;cap.;;;;;De Savilla en 31 dias gol. otr. Popa, cap. Soto, ton. 155,;;otr. Popa;;;gol.;1852_08_22;Savilla;;
Día 43:;;;;;Mauve;cap.;;;;;De Santander en 43 días frag. exp. Angelita, cap. Mauve,;;Angelita;;;frag.;1852_08_24;Santander;;
Día 1:;22-08-XXXX;N/A: ;;;Pierce;cap.;;;21-08-XXXX;;Agosto 21—De Bahía Honda en 1 día berg. cm. Allston, cap. Pierce, ton. 146 con muelas, á D. G. Tyng.;;cm. Allston;;;berg.;1852_08_25;Bahía Honda;;
Día 32:;;N/A: ;;;Smith;cap.;;;;;De Navy-Hay en 32 días berg. am. Fawn, cap. Smith, ton. 180 en mastro, al capitan. —De arribo por hacer agua.;am.;Fawn;;;berg.;1852_08_25;Navy-Hay;;
Día 5:;;N/A:  | N/A: ;;;Wilson;cap.;;;;;De St Thomas ou 5 días vapor ing. Dov, cap. Wilson, ton. 1142, con efectos y correspondencia, al Sr. Consul inglés.;ing.;Dov;;;vapor;1852_08_25;St Thomas;;
Día 60:;;N/A:  | N/A: ;;;Bies;cap.;;;;;De Holterdam en 60 días gol. hol. Regina, cap. Bies, ton. 94, en a vivires, á los tres. Zangroux, H. y comp.;hol.;Regina;;;gol.;1852_08_25;Holterdam;;
Día 45:;;N/A: ;;;On-dante;cap.;;;;;De San Sebastian en 45 dias berg. a.p. Pancha, cap. On- dante, ton. 150, con ferroletas a los Sres. Ferran y comp., De St. Th. in. s. en 11 dias frag. hamb. Emily, cap. Lubork, ton. 200, en lastr. a los Sres. Balbino y comp. 4.;a.p.;Pancha;;;berg.;1852_08_26;San Sebastian;;
Día 41:;;N/A: ;;;B. soni;cap.;;;26-08-XXXX;;Agosto 26.—De Santander en 41 días berg. o.p. Tres Hermanos, cap. B. soni, ton. 129, con harinas, a D. J. de Solano Alvear.—Puang. 4;;Tres Hermanos;;;berg.;1852_08_27;Santander;;
Día 11:;;N/A:  | N/A: ;;;Ward;o.p.;;;;;"De New-York en 11 días frag. a.m. Corneilla, o.p. Ward, ton. 238, con mercancías, a los Sres. Drak; y comp.—Pan. 2.";a.m.;Corneilla;;;frag.;1852_08_27;New-York;;
Día 51:;;N/A: ;;;Gómez;o.p.;;;;;De Santander en 51 días berg. o.p. Pizarro, o.p. Gómez, ton. 100, con harina, a los S. es. Noriega, O. y comp.—P. 2.;o.p.;Pizarro;;;berg.;1852_08_27;Santander;;
Día 50:;;N/A: ;;;Urbano;;;;;;De Santander en 50 días berg. o.p. San Ginés, o.p. Urbano, ton. 50, con harina, a los Sres. Santi y comp.;o.p.;San Ginés;;;berg.;1852_08_27;Santander;;
Día 71:;;N/A: ;;;;cap.;;;;;De Alicant en 71 días gél. o.p. Nueva Cármen, o.p. Cuenca, a. 100, con bacalao, al capitán.;o.p.;Nueva Cármen;;;gél.;1852_08_27;Alicant;;
;;N/A: ;;;Rodríguez;pat.;;;;;Del Marial gol. Justicia, pat. Rodríguez, con 80 cajas de a-;;Justicia;;;gol.;1852_08_28;;;
;;N/A: ;;;Gonzales;pat.;;;;;De Guane gol. Isabel II, pat. Gonzales, con 440 tercios de;;Isabel II;;;gol.;1852_08_28;Guane;;
;;N/A: ;;;Fecandell;pat.;;;;;De Bahía Honda gol. Antonia, pat. Fecandell, con 170 ca-;;Antonia;;;gol.;1852_08_28;Bahía Honda;;
;;N/A: ;;;Gutiérrez;pat.;;;;;De Cabanas gol. Dos Amigos, pat. Gutiérrez, con 160 ca-;;Dos Amigos;;;gol.;1852_08_28;Cabanas;;
Día :;;N/A: ;;;Marques;pat.;;;;;De Bahía Honda gol. Clara, pat. Marques, con 289 ca-;;Clara;;;gol.;1852_08_28;Bahía Honda;;
;;N/A: ;;;Cruz;pat.;;;;;De Gibara gol. Voraorazana, pat. Cruz, con 79 tercios de;;Voraorazana;;;gol.;1852_08_28;Gibara;;
;;N/A:  | N/A: ;;;Cobos;pat.;;;;;De Trujillo gol. Neptuno, pat. Cobos, con 130 cajas y 3 es-;;Neptuno;;;gol.;1852_08_28;Trujillo;;
;;N/A: ;;;Padrón;pat.;;;;;De Sierra Morena gol. Dos Antonios, pat. Padrón, con 701;;Dos Antonios;;;gol.;1852_08_28;Sierra Morena;;
Día 40:;;N/A:  | N/A:  | N/A: ;;;Triarte;cap.;;;;;"De Barcelona, en 40 días, frag. esp. Ignacia, Cap. Triarte, tonel. 330; con barones, 40; A. Irigoyen. —Pasag. 4.";esp.;Ignacia;;;frag.;1852_08_29;Barcelona;;
Día 41:;;N/A: ;;;Pano;cap.;;;;;De la Cámara y Pto. Rico en 41 días, frag. esp. Guadalupe, capitán Pano, ton. 300, con frutas, á los Sres. Noriega, O. y comp.—Pasag. 48.;esp.;Guadalupe;;;frag.;1852_08_29;Cámara y Pto. Rico;;
Día 60:;;N/A: ;;;Windle;rp.;;;;;De New Orleans en 60 horas, vap. am. Ampire City, rp. Windle, ton. 120, con mercancías, á los Sres. Drake y comp.—Pasag. 48.;am.;Ampire City;;;vap.;1852_08_29;New Orleans;;
Día 06:;06-09-XXXX;N/A: ;;;Woolongham;cap.;;;29-08-XXXX;;Agosto 29—De New-Orleans en 8 dias berg. am. Mount Vernon, cap. Woolongham, ton. 152, con viveres, a los Sres. Noriega, O. y comp.—Pasaj. 9.;am.;Mount Vernon;;;berg.;1852_08_31;New-Orleans;;
Día 58:;;N/A: ;;;Balaguer;cap.;;;30-08-XXXX;;Agosto 30—De Tenerife y Pto. Rico en 58 dias frag. esp. Nivaris, cap. Balaguer, ton. 151, con frutos, al capitán.—Pasaj. 367.;esp.;Nivaris;;;frag.;1852_08_31;Tenerife y Pto. Rico;;
;;;;;D. Narciso Roca de Togores;c.;;;;;De la mar berg. de S. M. Habanero, su comandante el teniente de navío D. Narciso Roca de Togores.;;Habanero;;;berg.;1852_08_31;la mar;;
Día 42:;;N/A: ;;;Ondarza;cap.;;;;;De Santander y Ponce en 42 dias berg. esp. Gloriana de María, cap. Ondarza, ton. 186, con harina, á los Sres. Ricart, H. y comp.;esp.;Gloriana de María;;;berg.;1852_08_31;Santander y Ponce;;
Día 31:;;N/A: ;;;Mazzini;cap.;;;;;De Genova en 31 dias frag. sarda María Luisa, cap. Mazzini, ton. 263, con efectos, á D. M. de Embly y comp.;;María Luisa;;;frag.;1852_08_31;Genova;;
Día 50:;;N/A:  | N/A: ;;;Martí;cap.;;;;;De Santander y Pto. Rico en 50 dias pol. esp. Casimira, capitán Martí, ton. 192, con harina, á D. J. Mazonra, y comp.;esp.;Casimira;;;pol.;1852_08_31;Santander y Pto. Rico;;
Día 5:;;;;;A. Durousker;Mr.;;;;;De Pto. del Príncipe Hatty en 5 dias vapor franc. de guerra Ardent, su comandante Mr. A. Durousker.;franc.;Ardent;;;vapor;1852_08_31;Pto. del Príncipe;;
Día 8:;;N/A: ;;;Meyer;cap.;;;;;De Amsterdam en 8 días vapor. hol. Activo, cap. Meyer, ton. 200, con viveres, a D. H. Rottmann.;hol.;Activo;;;vapor;1852_09_01;Amsterdam;;
Día 31:;;N/A: ;;;Hus;cap.;;;;;De Amsterdam en 31 días vapor. hol. De Arend, cap. Hus, tonel. 250, con viveres, a D. P. Bondix.;hol.;Arend;;;vapor;1852_09_01;Amsterdam;;
;;;;;;cap.;;;;;De la mar vayó el S. M. Colón, en comandando al capitán de;;S. M. Colón;;;;1852_09_03;;;
;;;;;;cap.;;;;;Aquesta que va a la mar, quedó por bord. frag. cap. y berg. sin rago.;;;;;berg.;1852_09_03;;;
Día 100:;;N/A:  | N/A: ;;;Sorabana;cap.;;;;;De Manila y Tito, Río en 100 días frag. cap. Sorabana, cap. Caldiz, Qued. 818, con cacao y artes, a los Sres. Villalba, W., y comp.—Pa-;;;;;frag.;1852_09_04;Manila y Tito;;
Día 17:;;;;;Ingraham;cap.;;;;;De Bristol en 17 dias berg. am. Maria, cap. Ingraham, ton. 145,;am.;Maria;;;berg.;1852_09_08;Bristol;;
Día 12:;;;;;Deanson;cap.;;;;;De Liverpool en 12 dias berg. esp. Vasongando, cap. Deanson-;esp.;Vasongando;;;berg.;1852_09_08;Liverpool;;
Día 10:;;N/A: ;;;Gage;cap.;;;;;De Charleston en 10 dias gol. am. Isabella, cap. Gage, ton. 101,;am.;Isabella;;;gol.;1852_09_08;Charleston;;
Día 16:;;N/A: ;;;Bryant;cap.;;;;;"De Pineda en 16 días frag. san. Sarah Naveh; cap. Bryant, ton. 120 con maquinaría, a los Sres. Drake y comp.";;san. Sarah Naveh;;;frag.;1852_09_10;Pineda;;
Día 26:;;N/A: ;;;Pennell;cap.;;;;;De Portland en 26 días frag. am. Chilton, cap. Pennell, ton. 21, con maderas, a Capitán.;am.;Chilton;;;frag.;1852_09_10;Portland;;
Día 01:;;N/A: ;;;Jisley;cap.;;;10-09-XXXX;;Septiembre 10.—De Portland en 21 dias berg. am. Frances Ellen, cap. Jisley, ton. 200, con maderas, a D. H. Morison y comp.;am.;Frances Ellen;;;berg.;1852_09_11;Portland;;
Día 12:;;;;;Posnanovich;cap.;;;;;De Cuba en 12 dias frag. aust. Ida Kix, cap. Posnanovich, ton. 735, en cubana, al capitán.;aust.;Ida Kix;;;frag.;1852_09_11;Cuba;;
Día 17:;;N/A: ;;;Rauch;cap.;;;;;De New-York on 17 dias gol. amer. Midas, cap. Rauch, ton. 168, con efectos, a D. M. Santichies. H.;amer.;Midas;;;gol.;1852_09_11;New-York;;
Día 11:;;N/A: ;;;Gonzalez;cap.;;;;;De Sial en 11 dias berg. esp. Correo de Campeche, cap. Gonzalez, ton. 150, con efectos, a D. M. Santichies.—Pasaj. 5.;esp.;Correo de Campeche;;;berg.;1852_09_11;Sial;;
Día 7:;;N/A: ;;;Symons;cap.;;;;;De New-Orleans en 7 dias berg. am. Octavia, cap. Symons, ton. 117, con víveres, a los Sres. Sama y comp.—Pasaj. 2.;am.;Octavia;;;berg.;1852_09_11;New-Orleans;;
Día 27:;;N/A: ;;;Green;cap.;;;;;De Portland en 27 dias berg. am. Hibernia, cap. Green, ton. 227, con maderas, al capitán.;am.;Hibernia;;;berg.;1852_09_11;Portland;;
Día 30:;;N/A: ;;;Wallace;cap.;;;;;De Halifax en 30 dias berg. ing. Mary, cap. Wallace, tonel. 107, con bacalao, a los Sres. Utric. P. y comp.;ing.;Mary;;;berg.;1852_09_11;Halifax;;
Día 9:;;N/A: ;;;Henry;cap.;;;;;De New-Orleans en 9 días berg. am. Adams Gray, cap. Henry, ton. 135, con viveres, á los Sres. Herrera, M. y comp.;am.;Adams Gray;;;berg.;1852_09_12;New-Orleans;;
Día 15:;;N/A: ;;;Aulnay;cap.;;;;;De Guadalupe en 15 días berg. ing. Arthur, cap. Aulnay, tonel. 193, con ladrijos, á los Sres. Zaungrunz, H. y comp.;ing.;Arthur;;;berg.;1852_09_12;Guadalupe;;
Día 21:;01-10-XXXX;N/A: ;;;Espino;cap.;;;15-09-XXXX;;Septiembre 15.-De Sisal en 6 días berg. esp. Yucateco, cap. Espino, ton. 154, con efectos, a 0. A. Bolívar.- Pasaj. 8.;esp.;Yucateco;;;berg.;1852_09_14;Sisal;;
Día 5:;;N/A:  | N/A: ;;;Carcicar;cap.;;;16-09-XXXX;;Septiembre 16.—De Cádiz y Pto Rico en 5 días frag. esp. Hispano Cuba, cap. Carcicar, ton. 164, con frutos, a los Sres. Atr- ta. V. y comp. —Pasaj. 12.;esp.;Hispano Cuba;;;frag.;1852_09_17;Cádiz y Pto Rico;;
Día 50:;;N/A: ;;;Sagasti;cap.;;;;;Del Havíe en 50 días frag. esp. Faustina, cap. Sagasti, ton. 172, con mercancías, a los Sres. Mangogna, D. comp.;esp.;Faustina;;;frag.;1852_09_17;Havíe;;
Día 25:;25-09-XXXX;N/A: ;;;Goodmanson;cap.;;;17-09-XXXX;;Septiembre 17—De New-Orleans en 8 días gol. am. Cornelia, cap. Goodmanson, ton. 185, con viveres, á los Sres. Sotolongo, A. y comp.—Pasag. 2.;am.;Cornelia;;;gol.;1852_09_18;New-Orleans;;
Día 18:;;N/A: ;;;Bigley;cap.;;;;;De New-Port en 18 días frag. am. Saranac, cap. Bigley, (tonel. 490) con viveres, á D. S. C. Burnham y comp.;am.;Saranac;;;frag.;1852_09_18;New-Port;;
Día 16:;;N/A: ;;;Crawther;cap.;;;;;De Portland en 16 dias frag. am. Sarah B. Hale, cap. Crawther, ton. 235, con maderas, á los Srs. Adoh, N. y comp.;am.;Sarah B. Hale;;;frag.;1852_09_19;Portland;;
Día 7:;;N/A: ;;;Leighton;cap.;;;;;De Portland en 7 dias frag. am. Rio, cap. Leighton, tonel. 226, con maderas, á D. C. Tyng.;am.;Rio;;;frag.;1852_09_19;Portland;;
Día 31:;;N/A: ;;;Benau;cap.;;;19-09-XXXX;;Septiembre 19.-De Terranova en 31 dias berg. franc. Jacques cap. Benau, ton. 114, con barcalao, á D. L. A. Gogel y comp.;;franc. Jacques;;;berg.;1852_09_21;Terranova;;
Día 6:;;N/A: ;;;Windle;cap.;;;;;De New-York en 6 dias vapor amur. Empire City, cap. Windle, ton. 1731, en lastre, á los Sres. Drake y comp.--Pasag. 176.;am;Empire City;;;vapor;1852_09_21;New-York;;
Día 11:;;N/A: ;;;Nelson;cap.;;;;;De Charleston en 11 dias gol. am. T. P. Allston, cap. Nelson, ton. 135, con arroz, á D. J. A. Pesant y comp.;am.;T. P. Allston;;;gol.;1852_09_21;Charleston;;
Día 63:;;N/A: ;;;Pons;cap.;;;;;De Buenos Aires en 63 dias berg. esp. Generoso, cap. Pons, ton. 136, con tasajo, á los Sres. Sami y comp.;esp.;Generoso;;;berg.;1852_09_21;Buenos Aires;;
Día 22:;;N/A: ;;;Sturney;cap.;;;;;De Halifax en 22 dias berg. ing. Emily, cap. Sturney, ton. 123, con bacalao, á D. S. C. Burnham y comp.;ing.;Emily;;;berg.;1852_09_21;Halifax;;
Día 50:;;N/A: ;;;Segui;cap.;;;;;De Buenos Aires en 50 dias frag. esp. Joven Mariana, cap. Segui, ton. 250, con tasajo, á los Sres. Ramires II.;esp.;Joven Mariana;;;frag.;1852_09_21;Buenos Aires;;
Día 11:;;N/A: ;;;Bradfor;cap.;;;;;De Savannah en 11 dias gol. am. Woodbridge, cap. Bradfor, ton. 160, con arroz, á los Sres. Drake y comp.--Pasag. 5.;am.;Woodbridge;;;gol.;1852_09_21;Savannah;;
Día 16:;;N/A: ;;;Lescomb;cap.;;;;;De Portland en 16 dias frag. am. Canadá, cap. Lescomb, ton. 280 con maderas, á los Sres. Brake y comp.;am.;Canadá;;;frag.;1852_09_22;Portland;;
Día 6:;;N/A: ;;;Guebardin;cap.;;;;;De Amberes y New-York en 6 dias frag. belga Leopoldo I, cap. Guebardin, ton. 656, con efectos, á los Sres. Balliani y comp.;belga;Leopoldo I;;;frag.;1852_09_22;Amberes y New-York;;
Día 15:;;N/A: ;;;Olmstead;cap.;;;;;De New-york, en 15 dias frag. am. Childs Harold, cap. Olmstead, ton. 201, con mercancias, á los Sres. Herreta, M. y comp.—Pasajeros 4.;am.;Childs Harold;;;frag.;1852_09_22;New-york;;
Día 5:;;;;;;cap.;;;22-09-XXXX;;Septiembre 22.—De Charleston en 5 días berg. am. Gularce, cap.;am.;Gularce;;;berg.;1852_09_23;Charleston;;
Día 69:;;;;;Standburg;cap.;;;;;De New-Port en 69 días frag. ing. Apolline, cap. Standburg, ton.;ing.;Apolline;;;frag.;1852_09_23;New-Port;;
Día 11:;;;;;Brooks;cap.;;;;;De Filisbela en 11 días frag. am. Elizabeth J., cap. Brooks, ton.;am.;Elizabeth J.;;;frag.;1852_09_23;Filisbela;;
Día 15:;;;;;Crowell;cap.;;;;;De Halifax en 15 días berg. ing. Rapid, cap. Crowell, ton. 79,;ing.;Rapid;;;berg.;1852_09_23;Halifax;;
Día 38:;;N/A: ;;;Smith;cap.;;;;;De Cádiz en 38 días berg. Leiga Transit, cap. Smith, tonel. 210,;;Leiga Transit;;;berg.;1852_09_23;Cádiz;;
Día 55:;;;;;Albizu;cap.;;;;;De Liverpool en 55 días berg. esp. Secundina, cap. Albizu, ton.;esp.;Secundina;;;berg.;1852_09_23;Liverpool;;
Día 23:;;N/A:  | N/A: ;;;Landry;cap.;;;25-09-XXXX;;· Setiembre 25.—De Cayenne 23 dias berg. franc. Eugenie, cap. Landry, ton. 100, de lastre, a los Sres. Drake & comp.;franc.;Eugenie;;;berg.;1852_09_24;Cayenne;;
Día 7:;;N/A: ;;;Smith;cap.;;;;;De Savannah en 7 días herg. amer. R. R. Haskins, cap. Smith, ton. 162, con arroz. A. D. S. C. Burnham y comp.;amer.;R. R. Haskins;;;herg.;1852_09_25;Savannah;;
Día 11:;;N/A: ;;;Nolling;cap.;;;27-09-XXXX;;Setiembre 27.—De Sto. Tomas (Guatemala) en 11 días frag. belga Progress, cap. Nolling, ton. 272, con ladrillos, á D. E. Meert y comp.—Pasag. 11.;belga;Progress;;;frag.;1852_09_28;Sto. Tomas (Guatemala);;
Día 17:;;N/A:  | N/A: ;;;Burpee;cap.;;;;;De Boston en 17 días frag. am. Cloelia, cap. Burpee, ton. 218, con efectos y pólvora, al capitán.;am.;Cloelia;;;frag.;1852_09_28;Boston;;
Día 9:;;;;;Simonson;cap.;;;;;De New-Orleans en 9 días frag. amer. Fanny, cap. Simonson,;amer.;Fanny;;;frag.;1852_09_29;New-Orleans;;
Día 16:;;N/A: ;;;Escalza;cap.;;;;;De Veracruz en 16 días berg. esp. Martín, cap. Escalza, ton. 161;esp.;Martín;;;berg.;1852_09_29;Veracruz;;
Día 5:;;N/A: ;;;Stanwood;cap.;;;;;De Cabanas en 5 días frag. am. F. A. Perley cap. Stanwood, ton. 250, con muelles, a D. S. G. Buruhau y comp.;am.;F. A. Perley;;;frag.;1852_09_30;Cabanas;;
Día 3:;;N/A: ;;;Ruby;cap.;;;;;De la Ortigosa en 3 días frag. am. Nedora, cap. Ruby, ton. 197, con muelles, a D. R. Morison y comp.;am.;Nedora;;;frag.;1852_09_30;la Ortigosa;;
Día 7:;;N/A:  | N/A: ;;;Eweny;cap.;;;;;De Charleston y Cayo.—Lluco en 7 dias pail. am. Lucas, capitán Eweny, ton. 30, con correspondencia, a los Sres. Drake y comp.—Paseg. 3.;am.;Lucas;;;pail.;1852_10_02;Charleston y Cayo;;
Día 5:;;N/A: ;;;Smith;cap.;;;;;De New-Orleans en 5 dias berg. amr. P. Soule, cap. Smith, ton. 382, con viveres, á los Sres. Drake y comp.—Paseg. 2.;amr.;P. Soule;;;berg.;1852_10_02;New-Orleans;;
Día 17:;;N/A: ;;;Cull;cap.;;;02-10-XXXX;;Octubre 2.—De Halifax en 17 días gol. ing. Sylph, cap. Cull, ton. 187, con bacalao, á los Sres. Adot, S. y comp.;ing.;Sylph;;;gol.;1852_10_03;Halifax;;
Día 1:;;N/A: ;;;Smith;cap.;;;;;De Sierra-Morena en 1 día frag. ing. Havana, cap. Smith, ton. 217, con mierces, á D. A. Kobbe y comp.;ing.;Havana;;;frag.;1852_10_03;Sierra-Morena;;
Día 52:;;N/A: ;;;Coray;cap.;;;;;De Santander en 52 días frag. cap. Níña de Santander, capitán Coray, ton. 290, con harina, á los Sres. Drake y comp. —Pasag. 8.;;Níña de Santander;;;frag.;1852_10_03;Santander;;
Día 18:;;N/A: ;;;York;cap.;;;;;De Boston en 18 días frag. am. Nathaniel Blake, cap. York, ton. 240, con electores, á los Sres. Adot. S. y comp. —Pasag. 3.;am.;Nathaniel Blake;;;frag.;1852_10_03;Boston;;
Día 14:;;N/A: ;;;West;cap.;;;;;De New-Port en 14 días burg. am. Henry Marshall, cap. West, ton. 146, con víveres, á los Sres. Ucriei, P. y comp.;am.;Henry Marshall;;;burg.;1852_10_03;New-Port;;
Día 10:;;N/A: ;;;West;cap.;;;;;De New-York en 10 días frag. am. Isla de Cuba, cap. West, ton. 215, con efectos, á los Sres. Peñasco H. —Pasag. 10.;am.;Isla de Cuba;;;frag.;1852_10_03;New-York;;
Día 20:;;;;;D. Eusobio Salcedo;cap.;;;;;De Cádiz, Canarias y Pto. Rico en 20 días vapor de S. N. Isabel II, su comandante el capitán de navío D. Eusobio Salcedo.;;S. N. Isabel II;;;vapor;1852_10_03;Cádiz, Canarias y Pto. Rico;;
Día 11:;;N/A:  | N/A: ;;;Aldrich;cap.;;;05-10-XXXX;;Octubre 5.—De Reistel en 11 dias berg. amer. A. G. Washburn, cap. Aldrich, ton. 121, con viveres, a los Sres. Urie, P. y comp. De New-York en 6 días y por amor. Crescent City, cap. Porter, ton. 120, con dinero, a los Sres. Drake y comp., Pasag. 138.;amer.;A. G. Washburn;;;berg.;1852_10_05;Reistel;;
Día 80:;;N/A: ;;;Purington;cap.;;;01-10-XXXX;;Octubre 1.—De Liverpool en 80 dias frag. amer. Robert Patten, cap. Purington, ton. 377, con efectos, a los Sres. Lawton y Tolme.;amer.;Robert Patten;;;frag.;1852_10_05;Liverpool;;
Día 62:;;;;;Blan-;cap.;;;06-10-XXXX;;Octubre 6.—De Santander en 62 días frag., cap. Union, cap. Blan-;;Union;;;frag.;1852_10_07;Santander;;
Día 45:;;N/A: ;;;Mundaca;cap.;;;;;De Bilbao en 45 días gol, esp. Amalia, cap. Mundaca, tonel. 117,;esp.;Amalia;;;gol;1852_10_07;Bilbao;;
Día 43:;;N/A: ;;;Apolo, cap. Villaverde;cap.;;;;;De Cádiz en 43 días frag., cap. Apolo, cap. Villaverde, ton. 207,;;;;;frag.;1852_10_07;Cádiz;;
Día 6:;;;;;Ga-;cap.;;;;;Caminó 7.- De Philadelphia en 6 días frag. am. Japonica, cap. Ga-;am.;Japonica;;;frag.;1852_10_08;Philadelphia;;
Día 8:;;;;;Pennis;cap.;;;;;De New York en 7 d. y 8 frag. am. Lyra, cap. Pennis, ton. 217,;am.;Lyra;;;frag.;1852_10_08;New York;;
Día 14:;;N/A: ;;;Molville;cap.;;;;;De New-Port en 14 días berg. am. Confidence, cap. Molville, ton. 195, con víveres, á D. S. C. Burnham y comp.;am.;Confidence;;;berg.;1852_10_09;New-Port;;
Día 65:;;N/A: ;;;Rami- rée;cap.;;;;;"De Cuzco y Matanzas en 65 días berg. t.s.p. Marinero, cap. Rami- rée; ton. 151, con frutos de D. J. de la Portilla.";t.s.p.;Marinero;;;berg.;1852_10_12;Cuzco y Matanzas;;
Día 11:;;N/A: ;;;Smith;cap.;;;12-10-XXXX;;Octubre 12—De New-Port en 11 dias berg. amer. Ellen Hayden, cap. Smith, ton. 170, con ríveres, á D. S. C. Burnham y comp.;amer.;Ellen Hayden;;;berg.;1852_10_13;New-Port;;
Día 14:;;N/A: ;;;Nichols;cap.;;;;;De Portland en 14 dias frag. amer. C. B. Hamilton, cap. Nichols, ton. 257, con maderas, á los Sres. Drake y comp.;amer.;C. B. Hamilton;;;frag.;1852_10_13;Portland;;
Día 2:;;;;;Erkston;cap.;;;;;"De Cádiz, en 2 dias frag. am. Charles Brewer, cap. Erkston, ton. 318; en Istre, á D. C. Tyng.";am.;Charles Brewer;;;frag.;1852_10_13;Cádiz;;
Día 13:;;;;;Butler;cap.;;;;;De New-Orleans en 13 días frag. am. Millaudon, cap. Butler, ton.;am.;Millaudon;;;frag.;1852_10_14;New-Orleans;;
Día 1:;;;;;Ilsley;cap.;;;;;De Nueva-Orleans en 1 día berg. am. Francis Ellen, cap. Ilsley,;am.;Francis Ellen;;;berg.;1852_10_14;Nueva-Orleans;;
Día 40:;;N/A: ;;;Berdaguer;cap.;;;;;De Maiana en 40 días frag. am. San Andrés, cap. Berdaguer, ton.;am.;San Andrés;;;frag.;1852_10_14;Maiana;;
Día 60:;;N/A: ;;;Burau;cap.;;;;;De New-Port en 60 dias frag. franc. Colonial, cap. Burau, ton. 270, con carbon, á los Sres. Crawford y Echara.;franc.;Colonial;;;frag.;1852_10_15;New-Port;;
Día 51:;;N/A: ;;;Baello;cap.;;;;;De la Coruña y Marín en 51 dias pol. esp. Purísima Concepción, cap. Baello, ton 101, con frutos, á D. J. l'astor.;esp.;Purísima Concepción;;;pol.;1852_10_15;la Coruña y Marín;;
Día 60:;;N/A: ;;;Ferrer;cap.;;;15-10-XXXX;;Octubre 15.—De Buenos Aires en 60 das berg. esp. Lindo, cap. Ferrer, ton. 193, con tasajo, a los Sres. Sama y comp.;esp.;Lindo;;;berg.;1852_10_16;Buenos Aires;;
Día 68:;;N/A: ;;;Fenech;cap.;;;;;De Barcelona en 68 das berg. esp. Sabina, cap. Fenech, tonel. 238, con frutos, a los dres. Rebucilla, O. y comp.;esp.;Sabina;;;berg.;1852_10_16;Barcelona;;
Día 2:;;N/A: ;;;Bigley;cap.;;;;;De Cabanas en 2 días frag. am. Suranac, cap. Bigley, ton. 198, con miqueles, a D. S. C. Burnham y comp.;am.;Suranac;;;frag.;1852_10_16;Cabanas;;
Día 19:;;N/A: ;;;Fogg;cap.;;;;;De Portland en 19 dias berg. am. Cárdenas, cap. Fogg, ton. 203, con maderas, á los Sres. Adm. S. y comp.;am.;Cárdenas;;;berg.;1852_10_20;Portland;;
Día 57:;;N/A: ;;;Abaiú;cap.;;;;;"De Santander en 57 dias berg. esp. Fé, cap. Abaiú, ton. 159, con harina; á los Sres. Ceballos y Ruhira.";esp.;Fé;;;berg.;1852_10_20;Santander;;
Día 10:;;N/A: ;;;Johnson;cap.;;;;;De Bristol en 10 dias berg. am. Ilio, cap. Johnson, ton. 179, con viveres, á los Sres. Ulriec, P. y comp.;am.;Ilio;;;berg.;1852_10_20;Bristol;;
Día 53:;;N/A: ;;;Franco;cap.;;;;;"De Santander en 53 dias berg. esp. Aurora, cap. Franco, tonel. 127, con harina; á D. P. Martínez.";esp.;Aurora;;;berg.;1852_10_20;Santander;;
Día 6:;;N/A: ;;;Mac Connell;cap.;;;;;"De New-Or. en 6 días berg. am. Mary Elizal eth; cap. Mac Connell, to. 121, con víveres, a los Sres. Herrera, M y comp.— Pasaje. 4.";am.;Mary Elizal eth;;;berg.;1852_10_21;New-Or.;;
Día 77:;;N/A:  | N/A: ;;;Goltiz;cap.;;;;;"De Hamburgo en 77 días berg. esp. Serafin, cap. Goltiz, ton. 195 con mermoración, a D. P. Mar inez.—Pasaj. 2.—Este buque sufrió del 26 al 27 del pasado, ballandose en lat. N. 20° 2' y long. 39° 14', un temporal con vientos del NNO; al NO. Que le obligó a picar el polo mayor y to. hizo varias averías.";esp.;Serafin;;;berg.;1852_10_21;Hamburgo;;
Día 10:;;N/A: ;;;Babcock;cap.;;;;;De Nao-Port en 10 días frag. am. Martha Ann, cap. Babcock, ton. 816, con víveres, a D. S. C. Burnham y comp.;am.;Martha Ann;;;frag.;1852_10_21;Nao-Port;;
Día 65:;;N/A: ;;;Larrinaga;cap.;;;;;De Liverpool en 65 días berg. cap. Jóven Luis, cap. Larrinaga, ton. 112, con mermoración, a los Sres. Johnston, H. y comp.;;Jóven Luis;;;berg.;1852_10_21;Liverpool;;
Día 6:;;N/A:  | N/A: ;;;Catter;cap.;;;;;De New-Orleans en 6 días frag. am. Mary Broughton, cap. Catter, ton. 322, con carbon, al ca. lat. N.—Pasaje. 12.;am.;Mary Broughton;;;frag.;1852_10_21;New-Orleans;;
Día 91:;;;;;Sit-;cap.;;;;;De Barcelona y Algeciras en 91 días gol. esp. Isabel, cap. Sit-;esp.;Isabel;;;gol.;1852_10_22;Barcelona y Algeciras;;
Día 7:;;;;;Gardner;cap.;;;;;De New-Port en 7 días berg. amer. H. J. Lawton, cap. Gardner,;amer.;H. J. Lawton;;;berg.;1852_10_22;New-Port;;
Día 17:;;N/A: ;;;Kellock;cap.;;;;;De Mobile en 17 días berg. am. H. Kellock, cap. Kellock, tonel.;am.;H. Kellock;;;berg.;1852_10_22;Mobile;;
Día 16:;;;;;Curtis;cap.;;;;;De Boston en 16 días frag. am. Henry Kelsey, cap. Curtis, ton.;am.;Henry Kelsey;;;frag.;1852_10_22;Boston;;
Día 22:;;N/A: ;;;Mas;cap.;;;;;Del Maratón en 22 días berg. esp. Colón, cap. Mas, ton. 206, con arres, á los Sres. Sotolongo, A. y comp.;esp.;Colón;;;berg.;1852_10_23;Maratón;;
Día 59:;;N/A: ;;;Arriaga;cap.;;;;;De Burdeos en 59 días berg. esp. Ramon, cap. Arriaga, tn. 159, con mercancías, á D. R. Arrigagna.;esp.;Ramon;;;berg.;1852_10_23;Burdeos;;
Día 68:;;N/A: ;;;Menchaca;cap.;;;;;De Liverpool en 68 días frag. esp. Cornelia, cap. Menchaca, ton. 300, con mercancías, á los Sres. Balbiano y comp.;esp.;Cornelia;;;frag.;1852_10_23;Liverpool;;
Día 81:;;N/A: ;;;Ferrer;cap.;;;;;De Buenos Aires y Río Janeiro en 81 días berg. esp. Willredo, cap. Ferrer, ton. 247, con tasajo, á D. J. Marzorra y comp.;esp.;Willredo;;;berg.;1852_10_23;Buenos Aires y Río Janeiro;;
;;;;;D. Tomás de Acha;cap.;;;;;De la mar vapor de S. M. Blasco de Garay, su comandante el capitán de fragata D. Tomás de Acha.—Salió anoche.;;Blasco de Garay;;;vapor;1852_10_24;;;
;;;;;D. Agustín Almeda;c.;;;;;De la mar corbeta transporte de S. M. Ebro, su comandante el teniente de navío D. Agustín Almeda.;;Ebro;;;corbeta;1852_10_24;;;
Día 12:;;N/A: ;;;Maristany;cap.;;;;;De Buenos-Aires en 12 días berg. cap. Atalayador, cap. Maristany, ton. 263, con tasajo, á D. Juan Ricart y Marquez.;;Atalayador;;;berg.;1852_10_24;Buenos-Aires;;
Día 11:;;N/A: ;;;Anderson;cap.;;;;;De Kingston en 11 días berg. lug. Margarota Martínez, cap. Anderson, ton. 120, con efectos, al capitan.;lug.;Margarota Martínez;;;berg.;1852_10_24;Kingston;;
Día 8:;;N/A: ;;;Ruitén;cap.;;;;;De Amsterdam en 8 días gol. hol. Antjo, cap. Ruitén, ton. 104, con víveres, á los Sres. Drake y comp.;hol.;Antjo;;;gol.;1852_10_24;Amsterdam;;
Día 7:;;N/A: ;;;Smidt;cap.;;;;;De Bremen en 7 días berge, prems Germania, cap. Smidt, ton. 200, con víveres, á los Sres. Steil y Wolff.;;Germania;;;berge;1852_10_24;Bremen;;
Día 34:;;N/A:  | N/A: ;;;Pagés;cap.;;;;;De Buenos-Aires en 34 días berg. esp. Monarca, cap. Pagés, ton. 218, con tasajo, y D. J. Mazorra, cap. comp.;esp.;Monarca;;;berg.;1852_10_26;Buenos-Aires;;
Día 62:;;N/A: ;;;Igartua;cap.;;;;;De Buenos-Aires en 62 berg. esp. José María, cap. Igartua, ton. 179, con tasajo, á los Sres. Sainz y comp.;esp.;José María;;;berg.;1852_10_26;Buenos-Aires;;
Día 10:;;N/A: ;;;Brown;cap.;;;;;De New-York en 10 días frag. am. Norma, cap. Brown, ton. 2½, con mercancías, á los Sres. Drake y comp.—Pasaj. 2.;am.;Norma;;;frag.;1852_10_26;New-York;;
Día 8:;;N/A: ;;;Westendorff;cap.;;;;;"De Charleston en 8 días berg. am. Adela, cap. Westendorff, ton. 114, con arros; á los Sres. Drake y comp.";am.;Adela;;;berg.;1852_10_26;Charleston;;
Día 64:;;N/A: ;;;Muelentar;cap.;;;;;De Amberes en 64 días frag. beiga L'Anversols, cap. Muelentar, ton. 330, con víveres, á D. E. Meert y comp.;beiga;L'Anversols;;;frag.;1852_10_26;Amberes;;
Día 67:;;N/A: ;;;Mataró;cap.;;;02-10-XXXX;;Octubre 2.—De Buenos Aires y Matanzas en 67 días pol. espan. Union, cap. Mataró, ton. 212, con tasajo, á los Sres. Sotolongo, A. y comp.;espan.;Union;;;pol.;1852_10_26;Buenos Aires y Matanzas;;
Día 16:;;N/A: ;;;Handy;cap.;;;;;De New-Port en 16 días berg. am. John Balch, cap. Handy, ton. 166, con víveres, á D. S. C. Burnham y comp.;am.;John Balch;;;berg.;1852_10_26;New-Port;;
Día 10:;;;;;Adams;cap.;;;;;De Falmouth (Jamaica) en 10 días gol. ing. Eagle, cap. Adams,;ing.;Eagle;;;gol.;1852_10_27;Falmouth (Jamaica);;
Día 54:;;N/A: ;;;Arana;cap.;;;;;De Liverpool en 54 días frag. esp. Conchita, cap. Arana, tonel.;esp.;Conchita;;;frag.;1852_10_27;Liverpool;;
Día 4:;;N/A:  | N/A:  | N/A: ;;;Chur-chill;cap.;;;;;De Nicaragua en 4 días vapor amer. Prometheus, cap. Chur- chill, ton. 1200, en lastre, 5 los Sres. Drake y comp.—Pasaj. 192.;amer.;Prometheus;;;vapor;1852_10_28;Nicaragua;;
Día 4:;;N/A: ;;;Leightburn;cap.;;;;;De Savannah en 4 días berg. amer. Robert M. Charlton, capít. Leightburn, ton. 147, con arroz, a los Sres. Herrera, M. y comp.;amer.;Robert M. Charlton;;;berg.;1852_10_28;Savannah;;
Día 5:;;N/A: ;;;Wilson;cap.;;;;;De S. Thomas en 5 días vapor m. c. 100, cap. Wilson, ton. 1142, con efectos, al Sr. consul Ingles.—Pasag. 49.;ing.;m. c. 100;;;vapor;1852_10_29;S. Thomas;;
Día 12:;;;;;D. Nicolás Chicarro;cap.;;;;;De 12 días berg. de S. M. Habanero, comandante el capitán de fragata: D. Nicolás Chicarro.;;S. M. Habanero;;;berg.;1852_10_29;;;
Día 59:;;;;;Gárrmen;cap.;;;29-10-2023;;Octubre 29. De la Coruña en 59 días berg. cap. Gárrmen, capit.;;;;;berg.;1852_10_30;la Coruña;;
Día 6:;;;;;Keller;cap.;;;;;De Charleston en 6 días gol. amer. Aid, cap. Keller, ton. 97, con;amer.;Aid;;;gol.;1852_10_30;Charleston;;
Día 50:;;;;;Lar-;cap.;;;;;De Hamburgo en 50 días berg. esp. Corazón de María, cap. Lar-;esp.;Corazón de María;;;berg.;1852_10_30;Hamburgo;;
Día 52:;;;;;;cap.;;;;;De Buenos Aires y Matanzas en 52 días berg. esp. Alfonso, capit.;esp.;Alfonso;;;berg.;1852_10_30;Buenos Aires y Matanzas;;
;;;;;D. Rueschio Salcedo;cap.;;;;;De la mar vapor de S. M. Isabel II, comandante el capitán de navío D. Rueschio Salcedo.;;S. M. Isabel II;;;vapor;1852_10_31;la mar;;
;;;;;D. Mariano Pery;cap.;;;;;De la mar vapor de S. M. Colón, comandante el capitán de fragata D. Mariano Pery.;S. M.;Colón;;;vapor;1852_10_31;;;
Día 15:;;N/A: ;;;Echavarría;cap.;;;;;De Hamburgo en 15 días berg. esp. Paquete de Hamburgo, cap. Echavarría, ton. 200, con mercancías, a D. J. Mooyer.;esp.;Paquete de Hamburgo;;;berg.;1852_10_31;Hamburgo;;
Día 22:;;N/A:  | N/A: ;;;D. Pedro Rívera;cap.;;;;;De Cádiz, canarias y Pto. Río en 22 días vapor correo de S. M. Isabel la Católica, su comandante el capitán de fragata D. Pedro Rívera, con correspondencia y 45 pasajeros.;;correo de S. M. Isabel la Católica;;;vapor;1852_10_31;Cádiz;;
Día 15:;;N/A: ;;;Gual;cap.;;;;;De Cartagena de Indias en 15 días berg. esp. General Armero, cap. Gual, ton. 119, con efectos, a D. J. Saavedra.;esp.;General Armero;;;berg.;1852_10_31;Cartagena de Indias;;
Día 30:;;N/A: ;;;Degen;cap.;;;;;De Hamburgo en 30 días frag. hamb. Cuba, cap. Degen, ton. 365, con mercancías, a los Sres. Baumann, B. y comp.;hamb.;Cuba;;;frag.;1852_11_02;Hamburgo;;
Día 25:;25-11-YYYY;N/A: ;;;Portuondo;cap.;;;10-11-YYYY;;Noviembre 10—De Liverpool en 15 días berg. esp. Pastorita, cap. Portuondo, ton. 120, con mercancías, a D. J. R. Aqueche.;esp.;Pastorita;;;berg.;1852_11_02;Liverpool;;
;;;;;Ravenport;cp.;;;;;De New-York en Gallas vapor am. Crescent City, cp. Ravenport,;am.;Crescent City;;;vapor;1852_11_03;New-York;;
Día 15:;;N/A: ;;;libre;cap.;;;05-11-XXXX;;Noviembre 5.—De Honduras en 15 dias berg. csp. Semproniana, cap. libre, ton. 90, con efectos, á D. J. R. Salazar.—Pasag. 4.;;Semproniana;;;berg.;1852_11_04;Honduras;;
Día 24:;;N/A: ;;;Herbozo;cap.;;;;;De Tampico en 24 dias gol. csp. Mercedes, cap. Herbozo, tonel. 102, con efectos, á D. M. Santelices.;csp.;Mercedes;;;gol.;1852_11_04;Tampico;;
Día 78:;;N/A: ;;;Martinez;cap.;;;;;Del Havre en 78 dias gol. esp. Nueva Ignacia, cap. Martinez. to. 105, con mercancías, á los Sres. Manguaola, D. y comp.;esp.;Nueva Ignacia;;;gol.;1852_11_05;Havre;;
Día 1:;;N/A:  | N/A: ;;;Ellis;cap.;;;;;De Cayo Hueso en 1 dia frag. au. Benj. R. Milan, cap. Ellis, tn. 474, con carbon, y los Sres. Drake, D. y comp.;au;Benj. R. Milan;;;frag.;1852_11_05;Cayo Hueso;;
Día 49:;;;;;;cap.;;;;;De Mallorca y Mataba en 49 dias corb. esp. Esperanza, capit.;esp.;Esperanza;;;corb.;1852_11_05;Mallorca y Mataba;;
Día 76:;;;;;;cpi.;;;;;De Santander, Rivasdesella y Vigo en 76 dias frag. esp. Tuya, cpi.;esp.;Tuya;;;frag.;1852_11_06;Santander, Rivasdesella y Vigo;;
Día 75:;;;;;Casas;cap.;;;;;De Barcelona en 75 días berg. esp. Joven Modesta, cap. Casas,;esp.;Joven Modesta;;;berg.;1852_11_07;Barcelona;;
Día 71:;;N/A: ;;;Reig;cap.;;;09-11-XXXX;;Noviembre 9.—De Barcelona en 71 dias berg. esp. Unico, cap. Reig, ton. 168, con frutos, á D. J. Ricart.;esp.;Unico;;;berg.;1852_11_10;Barcelona;;
Día 55:;;N/A: ;;;Soto;cap.;;;;;De Liverpool en 55 dias frag. esp. Gertrudis, cap. Soto, ton. 291,;esp.;Gertrudis;;;frag.;1852_11_10;Liverpool;;
Día 61:;;;;;Stoodnath;cap.;;;;;De Bergen en 61 dias berg. noruego Alboen, cap. Stoodnath.;noruego;Alboen;;;berg.;1852_11_10;Bergen;;
Día 57:;;N/A: ;;;Garay;cap.;;;;;De Marseilles en 57 dias berg. esp. Neptuno, cap. Garay, ton. 217,;esp.;Neptuno;;;berg.;1852_11_10;Marseilles;;
Día 15:;;N/A: ;;;Faquinetto;cap.;;;;;De Tabasco en 15 dias gol. esp. Guadalupe, cap. Faquinetto, ton.;esp.;Guadalupe;;;gol.;1852_11_10;Tabasco;;
Día 6:;;N/A: ;;;Ewing;cap.;;;;;De Tampico en 6 dias vapor ing. Tamaulipas, cap. Ewing, ion.;ing.;Tamaulipas;;;vapor;1852_11_10;Tampico;;
Día 48:;;;;;An-;cap.;;;;;De Santander y Matanzas en 48 dias frag. esp. Bona Sol, cap. An-;esp.;Bona Sol;;;frag.;1852_11_10;Santander y Matanzas;;
Día 60:;;;;;Faro;cap.;;;;;Del Havre en 60 días berg. cap. Faro, cap. Fernandez, ton. 86,;;;;;berg.;1852_11_11;Havre;;
;;;;;;;;;;;frag. y berg., todos mercantes sin reconocer.;;;;;frag. y berg.;1852_11_11;;;
Día 57:;;N/A: ;;;Encenat;cap.;;;;;De Mallorca en 57 días herv. esp. Fénix, cap. Encenat, ton. 351, con frutos, á D. F. Ventosa. —Pasag. 2.;esp.;Fénix;;;herv.;1852_11_12;Mallorca;;
Día 5:;;N/A: ;;;Wilson;cap.;;;;;De Veracruz en 5 días vapor inglés Dee, cap. Wilson, ton. 1142, con dinero, al Sr. consular inglés.—Pasag. 21.;inglés;Dee;;;vapor;1852_11_13;Veracruz;;
Día 51:;;;;;Fano;cap.;;;;;De la Coruña en 51 días frag. esp. Nueva Luisa, cap. Fano, ton.;esp.;Nueva Luisa;;;frag.;1852_11_16;la Coruña;;
Día 68:;;N/A: ;;;Sust;cap.;;;;;De Barcelona en 68 das frag. esp. Tulo, cap. Sust, ton. 500, con;esp.;Tulo;;;frag.;1852_11_16;Barcelona;;
Día :;;;;;Bastar-;cap.;;;;;De San Sebastián en Gijón a berg. esp. Casualidad, cap. Bastar-;esp.;Casualidad;;;berg.;1852_11_16;San Sebastián;;
Día 50:;;;;;Marshall;cap.;;;;;De Halifax y Cuba en 50 días herz. ing. Mary, cap. Marshall,;ing.;Mary;;;herz.;1852_11_16;Halifax y Cuba;;
Día 18:;18-11-XXXX;;;;;cap.;;;13-11-XXXX;;Noviembre 13—De New-Orleans en 5 días gol. am. Cornelia, cap.;am.;Cornelia;;;gol.;1852_11_16;New-Orleans;;
Día 90:;;;;;Lawson;cap.;;;;;De Shields en 90 días frag. ing. Felicity, cap. Lawson, ton. 297,;ing.;Felicity;;;frag.;1852_11_16;Shields;;
Día 11:;;;;;Gage;cap.;;;;;De Charleston en 11 días gol. am. Isabella, cap. Gage, ton. 101,;am.;Isabella;;;gol.;1852_11_16;Charleston;;
Día 30:;;;;;Mencacha;cap.;;;;;De Liverpool en 30 das berg. esp. Truemente, cap. Mencacha,;esp.;Truemente;;;berg.;1852_11_16;Liverpool;;
Día :;;;;;Sarragachon;cap.;;;;;De Amberes entró días berg. esp. Ramoneto, cap. Sarragachon,;esp.;Ramoneto;;;berg.;1852_11_16;Amberes;;
Día 62:;;;;;Vidademonte;cap.;;;;;De la Santander en 62 das frag. esp. Paujita, cap. Vidademonte,;esp.;Paujita;;;frag.;1852_11_16;Santander;;
Día 30:;;;;;Corbera;cap.;;;;;De Cadiz en 30 de trans. frag. esp. Asia, cap. Corbera, ton. 128, con;esp.;Asia;;;frag.;1852_11_17;Cadiz;;
Día 16:;;;;;Fernandez;cap.;;;;;De Santander en 16 das frag. esp. Acollosa, cap. Fernandez,;esp.;Acollosa;;;frag.;1852_11_17;Santander;;
;;;;;;cap.;;;;;De la mar vapor de S. M. Israel II, su comandante el capitán;;Israel II;;;vapor;1852_11_17;;;
;;;;;;;;;;;De 1 a 4 entraban dos frag. y un berg. amer., una frag. y dos;amer.;;;;;1852_11_17;;;
Día 16:;;N/A: ;;;Gardner;cap.;;;;;De New-Port en 16 días frag. am. J. A. Hazard, cap. Gardner, ton. 221, con víveres, a D. S. G. Burahard y comp.;am.;J. A. Hazard;;;frag.;1852_11_18;New-Port;;
Día 10:;;N/A: ;;;Putting;comp.;;;;;De Savannah en 10 días berg. am. Caroline, comp. Putting, ton. 166, con arroz, a D. S. G. Buraham y comp.;am.;Caroline;;;berg.;1852_11_18;Savannah;;
Día 79:;;N/A: ;;;Pujol;cap.;;;;;De Barcelona en 79 días pol. esp. San Jose, cap. Pujol, ton. 127, con frutos, a los Sres. Fontanills y Llanusa.;esp.;San Jose;;;pol.;1852_11_18;Barcelona;;
Día 40:;;N/A: ;;;Mejon;cap.;;;;;De Cadiz en 40 días frag. esp. Victoria, cap. Mejon, ton. 127, con efectos, a D. P. Martinez.;esp.;Victoria;;;frag.;1852_11_18;Cadiz;;
Día 62:;;N/A: ;;;Pujol;cap.;;;;;De Malloreca en 62 días berg. esp. Americano, cap. Pujol, tonel. 187, con frutos, a los Sres. Sana y Comp.;esp.;Americano;;;berg.;1852_11_18;Malloreca;;
Día 73:;;N/A: ;;;Vila;cap.;;;;;De Barcelona en 73 días berg. esp. Cisne, cap. Vila, tonel. 202, con frutos, a D. M. de Embil y comp.;esp.;Cisne;;;berg.;1852_11_18;Barcelona;;
;;;;;D. Pedro del Castillo;cap.;;;;;De la mar berg. de S. M. Gravina, su comandante el capitán de fragata D. Pedro del Castillo;;S. M. Gravina;;;berg.;1852_11_18;;;
Día XX:;;;;;Vaello;cap.;;;17-11-XXXX;;Noviembre 17.—Se arribada por hacer agua pol. esp. Purisima Concepcion, cap. Vaello, que salio el 13 para la Coruña.;esp.;Purisima Concepcion;;;pol.;1852_11_18;;;
Día 2:;;N/A: ;;;Rowland;cap.;;;;;De S. Cayetano en 2 días gol. am. S. H. Townsend, cap. Rowland, ton. 182, con cobre a los Sres. Geballos y Rubira.;am.;S. H. Townsend;;;gol.;1852_11_18;S. Cayetano;;
Día 9:;;N/A: ;;;Henry;cap.;;;;;De New-Orleans en 9 días berg. am. Adams Gray, cap. Henry, ton. 152, con víveres, a los Sres. Herrero, M. y comp.;am.;Adams Gray;;;berg.;1852_11_18;New-Orleans;;
Día 13:;;N/A:  | N/A: ;;;Morton;cap.;;;;;De Boston en 13 días berg. am. Enoch Benner, cap. Morton, tn. 266, con víveres y maquinaria, a los Sres. Adol. S. y comp.;am.;Enoch Benner;;;berg.;1852_11_18;Boston;;
Día 12:;;N/A: ;;;Rentzon;cap.;;;;;De Galveston en 12 días frag. dan. Sophia, cap. Rentzon, tonel. 353, con ladrillos, a D. G. Sthamer y comp.;dan.;Sophia;;;frag.;1852_11_19;Galveston;;
Día 65:;;;;;Fer-;cap.;;;;;De Buenos Aires en 65 días frag. esp. Amabé Rosa, cap. Fer-;esp.;Amabé Rosa;;;frag.;1852_11_20;Buenos Aires;;
Día 100:;;;;;;cap.;;;;;De Valparaíso en 100 días frag. cholma Centro-America, cap.;;cholma Centro-America;;;frag.;1852_11_20;Valparaíso;;
Día 31:;;;;;Lountil;cap.;;;;;De Liverpool en 31 días frag. ing. Suttle, cap. Lountil, ton. 639,;ing.;Suttle;;;frag.;1852_11_20;Liverpool;;
Día 9:;;N/A: ;;;Monserate;cap.;;;;;De Trinidad en 9 días berg. esp. Ricardo, cap. Monserate, ton.;esp.;Ricardo;;;berg.;1852_11_20;Trinidad;;
Día 15:;;;;;Main;cap.;;;;;De Liverpool en 15 días frag. ing. Ceresa, cap. Main, ton. 282,;ing.;Ceresa;;;frag.;1852_11_20;Liverpool;;
Día 35:;;;;;;cap.;;;;;De la Santander en 35 días berg. esp. Juanita, capit.;esp.;Juanita;;;berg.;1852_11_20;Santander;;
Día 11:;;;;;Mathes;cap.;;;;;De Wilmington en 11 días gol. amer. Balmer, cap. Mathes,;amer.;Balmer;;;gol.;1852_11_20;Wilmington;;
Día 8:;;;;;Gonza-;cap.;;;;;De Sisal en 8 días berg. esp. Correo de Campeche, cap. Gonza-;esp.;Correo de Campeche;;;berg.;1852_11_20;Sisal;;
Día 16:;;;;;Gui-;cap.;;;;;De Cartagena de Indias en 16 días berg. esp. Luchana, cap. Gui-;esp.;Luchana;;;berg.;1852_11_20;Cartagena de Indias;;
Día 41:;;;;;Mole;cap.;;;;;De Liverpool, en 41 dias berg. esp. Diego de Leon, cap. Mole,;esp.;Diego de Leon;;;berg.;1852_11_21;Liverpool;;
Día 25:;;;;;Woodbury;cap.;;;;;De Portland, en 25 dias berg. am. Henrietta, cap. Woodbury, ton.;am.;Henrietta;;;berg.;1852_11_21;Portland;;
Día 8:;;;;;Bullock;cap.;;;;;de Savannah en 8 días gol. amer. Isaac G. Herts, cap. Bullock,;amer.;Isaac G. Herts;;;gol.;1852_11_23;Savannah;;
Día 10:;;N/A: ;;;Hudgins;cap.;;;;;De New-York en 10 días berg. am. Calvert, cap. Hudgins, ton.;am.;Calvert;;;berg.;1852_11_23;New-York;;
Día 27:;;;;;Sarachaga;cap.;;;;;De Marañón en 27 días gal. esp. Victoria, cap. Sarachaga, ton.;esp.;Victoria;;;gal.;1852_11_23;Marañón;;
Día 11:;;;;;Amy;cap.;;;;;De New-Port en 11 días berg. am. S. P. Brown, cap. Amy, ton.;am.;S. P. Brown;;;berg.;1852_11_23;New-Port;;
Día 63:;;;;;Millet;cap.;;;;;De Santander en 63 días frag. esp. Buenaventura, cap. Millet,;esp.;Buenaventura;;;frag.;1852_11_23;Santander;;
Día 15:;;;;;Church;cap.;;;;;De Boston en 15 días frag. amer. Empires, cap. Church, tons.;amer.;Empires;;;frag.;1852_11_23;Boston;;
Día 67:;;N/A: ;;;Sierra;cap.;;;;;De Santander en 67 días frag. esp. Isla, cap. Sierra, tons. 411,;esp.;Isla;;;frag.;1852_11_23;Santander;;
;;;;;D. Ramón Pery;cap.;;;;;De la mar trans. de S. M. Goo, su comandante el capitán de fragata D. Ramón Pery.;;Goo;;;;1852_11_24;;;
;;;;;D. Amé de Mina;teniente;;;;;De la mar trans. de S. M. Ebro, su comandante el teniente de navío D. Amé de Mina.;;S. M. Ebro;;;trans.;1852_11_24;;;
Día 5:;;N/A: ;;;M. Avila;cap.;;;;;De Pinar del Río en 5 días leg. 2. aut. Guiníche, e. cap. M. Avila, ton. 19, con mercancías a los Srs. Eutimian y comp.;;Guiníche;;;leg.;1852_11_25;Pinar del Río;;
Día 6:;;N/A:  | N/A: ;;;Landi;cap.;;;;;De Santiago en 6 días leg. 3. esp. Añota, cap. Landi, ton. 266, con barco a D. J. y Antonio Irigoyen.;esp.;Añota;;;leg.;1852_11_25;Santiago;;
Día 40:;;N/A:  | N/A: ;;;Colvá;cap.;;;;;De Liverpool en 40 días leg. esp. Jackson, e. cap. Colvá, ton. 511, con mercancías a D. J. Prieto y comp. Pasaj. 2.;esp.;Jackson;;;leg.;1852_11_25;Liverpool;;
Día 40:;;N/A: ;;;Vi- Pamanzantia;cap.;;;;;De Santander en 40 días leg. 2. esp. Catalina Fomento, cap. Vi- Pamanzantia, ton. 558, en route a D. J. de S. Ávila. Pasaj. 284 de tropa.;esp.;Catalina Fomento;;;leg.;1852_11_25;Santander;;
Día 70:;;N/A: ;;;Juan;cap.;;;;;De Mahara y Cuba en 70 días que he esp. San José, cap. Juan, ton. 91, con frutos a los Sres. Saba y comp.;esp.;San José;;;esp.;1852_11_25;Mahara y Cuba;;
Día 6:;;N/A: ;;;Watson;c.;;;;;De Gibraltar en 6 días leg. 2. ame., Sanders, c. cap. Watson, ton. 411, con tránsito a los Sres. Adel, S. y comp.;ame.;Sanders;;;leg.;1852_11_25;Gibraltar;;
Día 5:;;N/A:  | N/A: ;;;Bevitz;cap.;;;;;De St. Thomas en 5 días vapor ing. Trent, cap. Bevitz, ton. 973 contenedores, al Sr. Consul inglés - Pasaj. 15.;ing.;Trent;;;vapor;1852_11_26;St. Thomas;;
Día 10:;;N/A:  | N/A: ;;;Durall;cap.;;;;;De Barcelona en 10 días berg. esp. Josefa Francisco, cap. Durall, ton. 214, con fratos a los Sres. Pons y Llopis. - Pasaj. 11.;esp.;Josefa Francisco;;;berg.;1852_11_26;Barcelona;;
;;;;;W. H. Robbie Esqr.;comand.;;;;;De la mar vapor de S. M. B. Bazzari, comand. W. H. Robbie Esqr.;;B. Bazzari;;;vapor;1852_11_26;la mar;;
Día 10:;;N/A:  | N/A: ;;;Ferres;cap.;;;;;De Barcelona en 10 días berg. esp. Chico, cap. Ferres, ton. 214, contenedores a B. J. Ricart & comp. - Pasaj. 11.;esp.;Chico;;;berg.;1852_11_26;Barcelona;;
Día 9:;;N/A: ;;;Dinas;cap.;;;;;De New-York en 9 días trae, señor Cuidad Harrod, cap. Dinas, ton. 201, con mercancías, a los Sres. Herrera, M. y comp.;;;;;;1852_11_27;New-York;;
Día 17:;;N/A: ;;;Gabriel;cap.;;;;;De Liverpool en 17 días llega, cap. Gabriel, cap. Gobineses, ton. 45, con mercancías, a los Sres. Clarke y comp.;;;;;;1852_11_27;Liverpool;;
Día 10:;;N/A:  | N/A: ;;;Mota;cap.;;;;;De Barcelona en 10 días llega, cap. Mota, cap. Alsina, ton. 201, con frutos, a los Sres. Garay y comp. Pasaje, 20.;;;;;;1852_11_27;Barcelona;;
Día 15:;;N/A: ;;;Cortada;cap.;;;;;De Burdeos en 15 días llega, cap. Ntra. Sra. del Cármen, capitán Cortada, ton. 185, con efectos, a los Sres. Campbell y Gatos. Pasaje, 1.;;Ntra. Sra. del Cármen;;;;1852_11_27;Burdeos;;
Día 15:;;N/A: ;;;Kleinworth;cap.;;;;;De New-Port en 15 días trae, pues. Adelina, cap. Kleinworth, ton. 127, con carbón, a los Sres. Braxe y comp.;;Adelina;;;;1852_11_27;New-Port;;
Día 53:;;N/A: ;;;Mendiclanda;cap.;;;;;De Liverpool en 53 días berg. esp. Suvana, cap. Mendiclanda, ton. 181, con mercancías, a D. R. A. Alpuche y comp.;esp.;Suvana;;;berg.;1852_11_30;Liverpool;;
Día 5:;;N/A:  | N/A: ;;;Butler;cap.;;;;;De N. W. Orleansen 5 días larg. am. Milburn, cap. Butler, ton. 218, con víveres, los Sres. Saldongos, A. y comp. — Pasaje, 12.;am.;Milburn;;;larg.;1852_11_30;N. W. Orleans;;
Día 2:;;;;;Mr. Jackson;subordinado;;;;;De Parácia en 2 días vapor de José E. F. Follon, subordinado Mr. Jackson.;;José E. F. Follon;;;vapor;1852_11_30;Parácia;;
Día 15:;;N/A: ;;;Tre- yz;cap.;;;29-11-XXXX;;Noviembre 29.—De Malaga en 15 días berg. esp. Felz, cap. Tre- yz, ton. 97, con fletes, a D. A. de la Portilla, esp. Pasaje, 2.;esp.;Felz;;;berg.;1852_11_30;Malaga;;
Día 5:;;N/A: ;;;Wundle;cap.;;;;;De New-Orleans en 5 días vapor am. Pampa City, cap. Wundle, ton. 1730, en lastre, a los Sres. Drake y comp. — Pasaje, 15.;am.;Pampa City;;;vapor;1852_11_30;New-Orleans;;
Día 20:;;N/A:  | N/A: ;;;D. Chau- de Alvar González;c.;;;;;De Cádiz, Canarias y Pto. Rico en 20 días vapor corto de S. M. Fernan lo el Gáldico, a comandante el teniente de navío D. Chau- de Alvar González, con correspondencia y 95 pasajeros.;;S. M. Fernan lo el Gáldico;;;vapor;1852_11_30;Cádiz, Canarias y Pto. Rico;;
Día 10:;;N/A:  | N/A: ;;;Berton;cap.;;;;;De New York en 10 días trág. am. Gerttania, cap. Berton, ton. 996, con mercancías, a los Sres. Drake y comp. — Pasaje, 8.;am.;Gerttania;;;trág.;1852_11_30;New York;;
Día 10:;;;;;S. S. W.;cap.;;;;;De Savannah en 10 dias berg. sunt. C. R. R. Hoskins, cap. S. S. W.,;sunt.;C. R. R. Hoskins;;;berg.;1852_12_01;Savannah;;
Día 16:;;N/A:  | N/A: ;;;Barandera;cap.;;;;;De Santander y Génova en 16 días frag. esp. Esperanza, cap. Barandera, ton. 225, con harina, y D. P. M. de la Ayuela.—Pasajeros 18.;esp.;Esperanza;;;frag.;1852_12_02;Santander y Génova;;
Día 43:;;N/A: ;;;Mathew;cap.;;;;;De Cádiz en 43 dias ira, esp. Manuel, cap. Mathew, ton. 256,;esp.;Manuel;;;ira;1852_12_03;Cádiz;;
Día 8:;;N/A:  | N/A: ;;;Espino;cap.;;;;;De Sisal en 8 días berg. esp. Yucateco, cap. Espino, tonel. 151, con efectos, a D. A. Bonvan.;esp.;Yucateco;;;berg.;1852_12_04;Sisal;;
Día 10:;;N/A: ;;;Váez;cap.;;;;;De Matanzas, Minerva, Pte. Río en 10 días leg. esp. Sánchez y comp., e. cap. Váez, ton. 151, con frutos, a los Sres. Somo y comp.;esp.;Minerva;;;leg.;1852_12_05;Matanzas;;
Día 15:;;;;;Gazals;cap.;;;;;De Pire, cabotaje en 15 dias pol. esp. Pinta Muna, cap. Gazals, ton.;esp.;Pinta Muna;;;pol.;1852_12_07;Pire;;
Día 5:;;;;;;cap.;;;;;De San Sebastian y Gernforges en 5 dias berg. esp. Aguila, cap.;esp.;Aguila;;;berg.;1852_12_07;San Sebastian y Gernforges;;
Día 8:;;N/A: ;;;Westendorff;cap.;;;;;De Chile, rest. en 8 dias berg. san. Adela, cap. Westendorff, ton.;;san. Adela;;;berg.;1852_12_07;Chile;;
;;;;;;;;;;;De C. cruz en Codoce, 2m. estrozo, a los Sres. Estancio, 0, y comp.;;;;;;1852_12_07;C. cruz;;
Día 10:;;N/A: ;;;Ganyay;cap.;;;;;De Bilbao en 10 dias berg. Julián y Pepita, cap. Ganyay, ton. 127,;;Julián y Pepita;;;berg.;1852_12_07;Bilbao;;
Día 10:;;;;;Blay;cap.;;;;;De Barcelona en 10 dias berg. cap. Apacenter, cap. Blay, tonch.;;Apacenter;;;berg.;1852_12_07;Barcelona;;
Día 10:;;N/A: ;;;Christie;cap.;;;;;En New castle en 10 dias frag. ing. Fulta Iris, cap. Christie, ton.;ing.;Fulta Iris;;;frag.;1852_12_07;New castle;;
Día 13:;;;;;Gurolla;cap.;;;;;De Bubora en 13 días berg. esp. No. cap. Gurolla, ton. 193, con;esp.;No.;;;berg.;1852_12_08;Bubora;;
Día 7:;;N/A: ;;;Granados;cap.;;;;;De Málaga en 7 días carabela esp. Pitinas, cap. Granados, ton.;esp.;Pitinas;;;carabela;1852_12_09;Málaga;;
Día 12:;;;;;Ferreras;cap.;;;;;De Gáldar y Gáldar en 12 días gol. esp. Gabriela, cap. Ferreras,;esp.;Gabriela;;;gol.;1852_12_09;Gáldar;;
Día 11:;;;;;;cap.;;;09-12-YYYY;;Diciembre 9.—De Frankfort en 11 días berg., am. Russia, cap.;am.;Russia;;;berg.;1852_12_10;Frankfort;;
Día 51:;;N/A: ;;;Julia;cap.;;;;;De Barcelona en 51 días berg., esp. Victoria, cap. Julia, ton. 108;esp.;Victoria;;;berg.;1852_12_10;Barcelona;;
Día 10:;;;;;;cap.;;;;;De Santander y Cárdenas en 10 días berg., esp. Pedro Antonio,;esp.;Pedro Antonio;;;berg.;1852_12_10;Santander y Cárdenas;;
Día 6:;;;;;;;;;;;De Tampico y Veracruz en 6 días vapor y es. Trent, en. Re-;es.;Trent;;;vapor;1852_12_10;Tampico y Veracruz;;
Día 6:;;N/A: ;;;Casas;cap.;;;;;De Málaga en 6 días pol. esp. Lecchi, cap. Casas, ton. 238,;esp.;Lecchi;;;pol.;1852_12_10;Málaga;;
Día 16:;;N/A: ;;;Farrar;cap.;;;;;De Boston, en 16 días berg., am. Northmann, cap. Farrar, tn. 139,;am.;Northmann;;;berg.;1852_12_10;Boston;;
;;;;;;cap.;;;;;De la marinería, de S. M. Pelayo, su comandante el capitan de;;S. M. Pelayo;;;;1852_12_10;;;
Día 51:;;N/A: ;;;Julio;cap.;;;;;De Barcelona en 51 das berg, esp. Victoria, cap. Julio, ton. 168;esp.;Victoria;;;berg;1852_12_11;Barcelona;;
Día 51:;;;;;;;;;;;De Santander y Girona en 51 das berg, esp. Pedro Antonio,;esp.;Pedro Antonio;;;berg;1852_12_11;Santander y Girona;;
Día 6:;;;;;;;;;;;De Tampico y Veracruz en 6 das tapering es Trent, en. Re-;;Trent;;;tapering;1852_12_11;Tampico y Veracruz;;
Día 16:;;N/A: ;;;Farrar;cap.;;;;;De Boston en 16 das berg, am. Southampton, cap. Farrar, tn. 199,;am.;Southampton;;;berg;1852_12_11;Boston;;
;;;;;;cap.;;;;;De la mar de S. M. Palayo, su comandante el capitán de;;S. M. Palayo;;;;1852_12_11;;;
Día 104:;;;;;;;;;;;De Barcelona, Pro. Río, la Agudailla y Mayagüez en 104 días;;Río, la Agudailla y Mayagüez;;;Pro.;1852_12_12;Barcelona;;
Día 18:;;N/A: ;;;Letessier;cap.;;;;;De Tuxpan en 18 días berg. G. N. Amulie, cap. Letessier, ton.;;G. N. Amulie;;;berg.;1852_12_12;Tuxpan;;
Día :;;;;;West;cap.;;;;;De New York en Goinas berg. am. Henry Mar-Hall, cap. West,;am.;Henry Mar-Hall;;;berg.;1852_12_12;New York;;
Día 2:;;N/A: ;;;Shufeld;cap.;;;12-12-XXXX;;Diciembre 12.—De Móntila en 2 días vapor amar. Black Warrior, cap. Shufeld, ton. 130, con efectos, a D. G. Tyng.—Pasag. 21, de Portland en 15 días frag. am. F. A. Perley, cap. Collin, ton. 240, con maderas, a D. S. G. Borchham y comp.;am.;Black Warrior;;;vapor;1852_12_14;Móntila;;
Día 4:;;N/A: ;;;Smith;cap.;;;;;De Sisal en 4 días frag. ing. Advantager, cap. Smith, ton. 61, con efectos, a D. J. R. Salazar.;ing.;Advantager;;;frag.;1852_12_14;Sisal;;
Día 38:;;N/A:  | N/A: ;;;Pierce;cap.;;;;;De Santander en 38 días berg. cap. Milagro, cap. Larrinaga, ton. 197, con harina, a los Sres. sobrinos de D. J. Gomez.—Pasag. 21, De Franckfort en 18 días berg. am. Ann A. Tyng, cap. Pierce, ton. 187, con maderas, a D. G. Tyng.;am.;Ann A. Tyng;;;berg.;1852_12_14;Santander;;
Día 30:;;N/A: ;;;Rodriguez;cap.;;;;;De Cadiz y Cuba en 30 días berg. esp. Iris, cap. Rodriguez, ton. 95, con frutos, a los Sres. Noticiga, O. y comp.;esp.;Iris;;;berg.;1852_12_14;Cadiz y Cuba;;
Día 38:;;N/A: ;;;L. ona;cap.;;;;;De B-Blan en 38 días frag. esp. cap. L. ona, cap. Echavarria, ton. 156 con harina, a los Sres. Samá y comp.;esp.;;;;frag.;1852_12_14;B-Blan;;
Día 5:;;;;;Hutchinson;cap.;;;;;De Parizacola en 5 días frag. am. Buziance, cap. Hutchinson,;am.;Buziance;;;frag.;1852_12_15;Parizacola;;
Día 2:;;;;;;cap.;;;;;De Terranova y Matala en 2 días frag. am. Gazelle, capit.;am.;Gazelle;;;frag.;1852_12_15;Terranova y Matala;;
Día 9:;;;;;Light;cp.;;;;;De Savannah en 9 días frag. am. Robert M. Chilton, cp. Light-;am.;Robert M. Chilton;;;frag.;1852_12_15;Savannah;;
Día 58:;;N/A: ;;;Klein;cap.;;;;;D. Ainesard en 58 dias berg., esp. Desrado, cap. Klein, ton. 111,;esp.;Desrado;;;berg.;1852_12_18;;;
;;N/A: ;;;Gelpu;cap.;;;;;De Sant. náer en todas berg., esp. Chanito, cap. Gelpu, tonel.;esp.;Chanito;;;berg.;1852_12_18;Sant.;;
Día 6:;;N/A: ;;;Orta;cap.;;;18-12-XXXX;;Diciembre 18.—De Barcelona y Málaga en 6 días berg. esp. Paco, cap. Orta, ton. 158, con frutos, a los Sres. Sama y comp.—Pasos 5.;esp.;Paco;;;berg.;1852_12_19;Barcelona y Málaga;;
Día 52:;;N/A: ;;;Estapé;cap.;;;;;De Barcelona en 52 días berg. esp. Pepita, cap. Estapé, tonel. 239, con frutos, a los Sres. Fontanilles y Llanusa.;esp.;Pepita;;;berg.;1852_12_19;Barcelona;;
Día 68:;;N/A: ;;;Gelabert;cap.;;;;;De Barcelona en 68 días frag. esp. Modesta, cap. Gelabert, ton. 267, con frutos, a los Sres. Sama y comp.—Pasos 55.;esp.;Modesta;;;frag.;1852_12_19;Barcelona;;
Día 65:;;N/A: ;;;Solom;cap.;;;;;De Málaga, Pto. Rico, Trinidad en 65 días pol. esp. Joselina, cap. Solom, ton. 105, con frutos, a D. F. Ventosa.;esp.;Joselina;;;pol.;1852_12_19;Málaga, Pto. Rico, Trinidad;;
Día 20:;;N/A:  | N/A: ;;;Gilpatrick;cap.;;;;;De Boston en 20 días berg. am. General Boyd, cap. Gilpatrick, ton. 127, con envases y derramantes, al criptán.;am.;General Boyd;;;berg.;1852_12_19;Boston;;
Día 2:;;N/A: ;;;Patten;cap.;;;;;De Cabadas en 2 días berg. am. Caroline, cap. Patten, ton. 160, con mieles, al capitán.;am.;Caroline;;;berg.;1852_12_19;Cabadas;;
Día 10:;;N/A: ;;;Lopategui;cap.;;;;;De Gienfuegos en 10 días berg. esp. Rita, cap. Lopategui, ton. 115, con carbon, a los Sres. Fontanilla y Llanusa.;esp.;Rita;;;berg.;1852_12_19;Gienfuegos;;
Día 6:;;N/A: ;;;Windle;cap.;;;;;De N-w-York en 6 días vapor amer. Empire City, cap. Windle, tan, 1730, con efectos, a los Sres. Drake y comp.—Pasag. 76.;amer.;Empire City;;;vapor;1852_12_21;N-w-York;;
Día 8:;;N/A: ;;;Bauch;cap.;;;;;De New Orleans en 8 días gol. sm. Midas, cap. Bauch, ton. 180, con viviera, a los Sres. Gahuzze H.—Pasag. 2.;sm.;Midas;;;gol.;1852_12_21;New Orleans;;
Día 61:;;N/A:  | N/A: ;;;Finhold;cap.;;;;;De Amsterdam en 61 días gol. hol. Pomena, cap. Finhold, ton. 98, con vivieres, y B. S. C. Furnham y comp.;hol.;Pomena;;;gol.;1852_12_21;Amsterdam;;
Día 12:;;N/A: ;;;Gárdner;cp.;;;;;De New-York en 12 días berg. am. Robert B. Lawton, cp. Gárdner, ton. 128, con vivieres, a B. S. C. Furnham y comp.;am.;Robert B. Lawton;;;berg.;1852_12_21;New-York;;
Día 65:;;N/A: ;;;Zuiderduin;cap.;;;;;De Amsterdam en 65 días queche hol. Anna Maria, cap. Zuiderduin, ton. 170, con vivieres, a B. H. Rottmann.;hol.;Anna Maria;;;queche;1852_12_21;Amsterdam;;
Día 61:;;N/A: ;;;Zalvidea;cap.;;;;;De Bremen en 61 días berg. esp. Guincho, cap. Zalvidea, tonel. 179, con mercaderías, a B. J. de S. Atscar.;esp.;Guincho;;;berg.;1852_12_21;Bremen;;
Día 12:;01-01-XXXX;N/A: ;;;Schneider;cap.;;;20-12-XXXX;;Diciembre 20.—De Baltimore en 12 días gol. am. Edwin Borse, cap. Schneider, ton. 110, con cacao, a los Sres. Utrici, P. y comp.;am.;Edwin Borse;;;gol.;1852_12_21;Baltimore;;
Día 6:;;N/A: ;;;Company;cp.;;;;;De Mallorca en 6 días pol. esp. Galiana, cp. Company, ton. 118 con frutos, a B. P. Ventosa.;esp.;Galiana;;;pol.;1852_12_21;Mallorca;;
Día 11:;;N/A: ;;;Tigeró;cap.;;;;;De Veracruz en 11 días gol. esp. Carisima, cap. Tigeró, ton. 90, con efectos, a D. M. Santelices.—Pasag. 9.;esp.;Carisima;;;gol.;1852_12_21;Veracruz;;
Día 11:;;N/A:  | N/A: ;;;Perez;cap.;;;;;De Veracruz en 11 días tras. esp. Lamentina, cap. Perez, en las tre, a los Sres. Noriega, 0, y comp.—Pasag. 6.;esp.;Lamentina;;;tras.;1852_12_21;Veracruz;;
;;;;;D. José R. de Atlas;cap.;;;;;De la mar hère, de S. M. Vandes, su comandante el capitán de fragata D. José R. de Atlas.;;Vandes;;;fragata;1852_12_22;la mar hère;;
Día 4:;;N/A: ;;;Byers;cap.;;;;;De Charleston en 4 días gol. am. Zephyr, cap. Byers, ton. 78, con arroz, a los Sres. Drake, y comp.;am.;Zephyr;;;gol.;1852_12_22;Charleston;;
Día 21:;;N/A: ;;;Cock;cap.;;;;;De Boston en 21 das. frag. amer. Franklin, cap. Cock, ton. 196, con víveres, a los Sres. Adot. S. y comp.;amer.;Franklin;;;frag.;1852_12_22;Boston;;
;;;;;;;;;;;A puestas del Sol quedó por barl dos frag. am. mercantes, y por solay un berg. de guerra y otro mercante, ambos esp.;am.;;;;;1852_12_22;;;
Día 75:;;N/A: ;;;Marti;cap.;;;21-12-XXXX;;Diciembre 21—De Marsella, Alicante y Cuba en 75 días pol. csp. Santiago (a) Arrogante, cap. Marti, ton. 142, con frutos, a D. José de la Portilla.;csp.;Santiago (a) Arrogante;;;pol.;1852_12_23;Marsella, Alicante y Cuba;;
Día 13:;;N/A: ;;;Land;cap.;;;;;De Wilmington en 13 días frag. am. Thomas A. Taylor, capitán Land, ton. 211, con maderas, al capitán.;am.;Thomas A. Taylor;;;frag.;1852_12_23;Wilmington;;
Día 27:;;N/A: ;;;Page;cap.;;;;;De Rute en 27 días ag. ancr. Princeton, cap. Page, ton. 296, con envases y el capitán.;;Princeton;;;ancr.;1852_12_23;Rute;;
Día 2:;;N/A:  | N/A: ;;;Smith;cap.;;;22-12-YYYY;;Diciembre 22—De Cayo-Hueso en 2 días gol. am. Brindas, cap. Smith, ton. 53, en lastre, a D. J. Morland.—Pasag. 1.;am.;Brindas;;;gol.;1852_12_23;Cayo-Hueso;;
Día 43:;;N/A: ;;;Suhol;cap.;;;;;De Barcelona en 43 días pol. esp. Celia, cap. Suhol, ton. 97, con frutos, a los Sres. Sama y comp.;esp.;Celia;;;pol.;1852_12_23;Barcelona;;
Día 15:;;N/A: ;;;Melville;cap.;;;;;De Newport en 15 días berg. am. Cardiff, cap. Melville, ton. 198 con víveres, a D. S. G. Burhunh y comp.;am.;Cardiff;;;berg.;1852_12_23;Newport;;
Día 45:;;N/A: ;;;Mirey;cap.;;;;;De M. Morea en 45 días berg. esp. Providencia, cap. Mirey, ton. 445, con frutos, a los Sres. Sama y comp.—Pasag. 10.;esp.;Providencia;;;berg.;1852_12_23;M. Morea;;
Día 18:;;N/A: ;;;Meaurio;cap.;;;;;De Santander en 18 días berg. esp. Esperanza, cap. Meaurio, ton. 126, con harina, al capitán.;esp.;Esperanza;;;berg.;1852_12_23;Santander;;
Día 20:;;N/A:  | N/A: ;;;Martín;cap.;;;;;Diciembre 25—De Cadiz en 20 días frag. esp. Paquete Gaditano, cap. Martín, ton. 181, con frutos, a D. J. de la Portilla.—Pasag. 15, de Filadelfia en 10 días berg. amer. New-World, cap. Sunner, ton. 210, con carbón, al capitán.;esp.;Paquete Gaditano;;;frag.;1852_12_24;Cadiz;;
Día 18:;;N/A: ;;;Sola;cap.;;;;;De Barcelona en 18 días frag. esp. Antonieta, cap. Sola, ton. 435 con frutos, a los Sres. Sama y comp.—Pasag. 55.;esp.;Antonieta;;;frag.;1852_12_24;Barcelona;;
Día 10:;;N/A: ;;;Manso;cap.;;;;;De Santander en 10 días frag. esp. Sant. mier, cap. Manso, ton. 257, con harina, a D. A. de la Torre.—Pasag. 60.;esp.;Sant. mier;;;frag.;1852_12_24;Santander;;
Día 15:;;N/A: ;;;Pater;cap.;;;;;De Santander en 15 días en 60 días pol. esp. Monquiza, capitán Pater, ton. 161, con harina, a los Sres. Fontanilis y Llanusa.;esp.;Monquiza;;;pol.;1852_12_24;Santander;;
Día 10:;;N/A: ;;;Ricoma;cap.;;;;;De Barcelona en 10 días berg. esp. Merced, cap. Ricoma, ton. 187, con fuegos, a los Sres. Sama y comp.—Pasag. 2.;esp.;Merced;;;berg.;1852_12_24;Barcelona;;
Día 5:;;N/A: ;;;Moristiny;cap.;;;;;De Buenos Aires en 5 días pol. esp. Síncero, cap. Moristiny, ton. 181, con tasas, a los Sres. Sama y comp.;esp.;Síncero;;;pol.;1852_12_24;Buenos Aires;;
Día 5:;;N/A: ;;;Sensat;cap.;;;;;De Buenos Aires en 5 días frag. esp. Carmencita, cap. Sensat, ton. 20, con vasos, a los Sres. Sama y comp.;esp.;Carmencita;;;frag.;1852_12_24;Buenos Aires;;
;;;;;Wilson;Mr.;;;;;De la mar vapor de S. M. i. Geipser, su comandante Mr. Wilson.;;Geipser;;;vapor;1852_12_24;la mar;;
;;;;;Hamilton;Mr.;;;;;De la mar fragata de S. M. E. Vestal, su comandante Mr. Hamilton.;;Vestal;;;fragata;1852_12_24;;;
Día 54:;;N/A:  | N/A: ;;;Miró;cap.;;;21-12-XXXX;;Diciembre 21.—De Mallorca en 54 días berg. esp. Pelayo, cap. Miró, ton. 145, con frutos de D. F. Ventosa, —Pasag. 5.;esp.;Pelayo;;;berg.;1852_12_25;Mallorca;;
Día 15:;;N/A: ;;;Lop ez;cap.;;;;;De Cádiz en 15 días berg. esp. María de los Reyes, cap. Lop ez, ton. 228, con efectos, a D. José de la Partida, —Pasag. 15.;esp.;María de los Reyes;;;berg.;1852_12_25;Cádiz;;
Día 7:;;N/A: ;;;Goodman;cap.;;;;;De New-Orleans en 7 días gol. am. Cornelia, cap. Goodman son, ton. 180, con víveres, a los Sres. Sotolongo, A. y comp.;am.;Cornelia;;;gol.;1852_12_25;New-Orleans;;
Día 22:;;N/A: ;;;Elliot;cap.;;;;;De Portland en 22 días flag. am. Old Fellow, cap. Elliot, ton. 235, con maderas, a los Sres. Ullier, P. y comp.;am.;Old Fellow;;;;1852_12_25;Portland;;
Día 16:;;N/A: ;;;Donnall;cap.;;;;;De Boston en 16 días berg. am. Julia Moulton, cap. Donnall, ton. 158, con víveres, a D. R. Morrison y comp.;am.;Julia Moulton;;;berg.;1852_12_25;Boston;;
Día 18:;;N/A: ;;;Funes;cap.;;;;;De la Gomera en 18 días frág. esp. Teresa, cap. Funes, ton. 261, con frutos, a los Sres. Santa y comp. —Pasag. 11.;esp.;Teresa;;;frág.;1852_12_25;la Gomera;;
Día 11:;;N/A: ;;;Bright man;cap.;;;;;De Fall River en 11 días berg. am. Enoch Pratt, cap. Bright man, ton. 197, con maderas, a los Sres. Brake y comp.;am.;Enoch Pratt;;;berg.;1852_12_25;Fall River;;
Día 5:;;N/A: ;;;Aiba;cap.;;;;;De Barcelona en 5 días berg. esp. Provisor, cap. Aiba, ton. 120, con frutos, a los Sres. Sotolongo, A. y comp.;esp.;Provisor;;;berg.;1852_12_25;Barcelona;;
Día 5:;;N/A: ;;;Geyt;cap.;;;;;De New-Castle en 5 días berg. ing. Centurion, cap. Geyt, ton. 175, con carbón, al capitán.;ing.;Centurion;;;berg.;1852_12_25;New-Castle;;
Día 50:;;N/A: ;;;Mendexona;cap.;;;;;De Liverpool en 50 días berg. esp. También, cap. Mendexona, ton. 115, con mercaderías, a los Sres. Balbiano y comp.;esp.;;;;berg.;1852_12_25;Liverpool;;
Día 41:;;N/A: ;;;Tono;cap.;;;;;De Liverpool en 41 días gol. esp. Enriqueeta, cap. Tono, ton. 226, mercaderías, a los Sres. Lawton y Tole.;esp.;Enriqueeta;;;gol.;1852_12_25;Liverpool;;
Día 74:;;N/A: ;;;Ferreira;cap.;;;;;De Cadiz y Pto. Rico en 74 días berg. esp. Joaquinito, cap. Ferreira, ton. 84, con frutos, a D. J. de la Porolla.—Pasag. 8.;esp.;Joaquinito;;;berg.;1852_12_26;Cadiz y Pto. Rico;;
Día 6:;;N/A:  | N/A: ;;;Schrønke;cap.;;;;;De New-York en 6 días vapor am. El Bordo, Schrønke, ton. 120, en lastre, a los Sres. Drako y comp.—Pasag. 208.;am.;El Bordo;;;vapor;1852_12_26;New-York;;
Día 5:;;N/A: ;;;Torre;cap.;;;;;De Valencia en 5 días frag. esp. Union, cap. Torre, ton. 563, con arroz, a los Sres. Comas y Viada.;esp.;Union;;;frag.;1852_12_26;Valencia;;
Día 5:;;N/A: ;;;Bevis;cap.;;;;;De St. Thomas en 5 días vapor inglés Trent, cap. Bevis, ton. 978 con efectos, a St. Eustis.—Pasag. 45;ing.;Trent;;;vapor;1852_12_26;St. Thomas;;
Día 48:;;N/A: ;;;Kellock;cap.;;;;;De Málorca en 48 días berg. esp. Lola, cap. Kellock, ton. 457, con frutos, a D. J. B. Salazar.;esp.;Lola;;;berg.;1852_12_26;Málorca;;
Día 17:;;N/A: ;;;Kellock;cap.;;;;;De Boston en 17 días frag. am. Pario, cap. Kellock, ton. 209, con biejo, al capitán.;am.;Pario;;;frag.;1852_12_26;Boston;;
Día 56:;;N/A: ;;;Pereira;cap.;;;;;De Sevilla en 56 días días here. esp. Bella Ursula, cap. Pereira, ton. 103, con frutos, a los Sres. Penasco II.—Pasag. 6;esp.;Bella Ursula;;;here;1852_12_26;Sevilla;;
Día 12:;;;;;Fer-;cap.;;;;;De la Coruña y Pto. Río—en 12 días—berg. cap. Federal, cap. Fer-;;Federal;;;berg.;1852_12_28;la Coruña y Pto. Río;;
Día 12:;;N/A: ;;;Rennolds;cap.;;;;;D. New-York en 12 días frag. am. Lava, cap. Rennolds, ton. 217,;am.;Lava;;;frag.;1852_12_28;New-York;;
Día 11:;;;;;Littlejohn;cap.;;;;;De Portland en 11 días—berg. amer. Henry Leeds, cap. Littlejohn,;amer.;Henry Leeds;;;berg.;1852_12_28;Portland;;
Día 12:;;N/A: ;;;Bayley;cap.;;;;;De Portland en 12 días—frag. am. William, cap. Bayley, ton. 250,;am.;William;;;frag.;1852_12_28;Portland;;
Día 68:;;;;;Mar-;cap.;;;;;De Glasgow y la Antigua—en 68 días frag. ing. Edward, cap. Mar-;ing.;Edward;;;frag.;1852_12_28;Glasgow;;
;;;;;;;;;;;A puestas del Sol que daban por sotav. frag. esp. y berg. sin re-;esp.;;;;frag.;1852_12_28;;;
Día 28:;;;;;;cap.;;;;;Diciembre 28 - De Terranova en 47 dias berg. ing. Creole, cap.;ing.;Creole;;;berg.;1852_12_29;Terranova;;
Día 10:;;;;;Fogg;cap.;;;;;De Mobile en 10 dias berg. super. Gardenas, cap. Fogg, ton. 207,;;Gardenas;;;berg.;1852_12_29;Mobile;;
Día 20:;;N/A: ;;;Corbett;cap.;;;;;De Boston en 20 dias berg. ton. Four Sons, cap. Corbett, tonel.;;Four Sons;;;berg.;1852_12_29;Boston;;
Día 6:;;;;;Constanzo;cap.;;;;;De Buenos-Aires en 6 días iraq. esp. Mercedita, cap. Constanzo,;esp.;Mercedita;;;iraq.;1852_12_29;Buenos-Aires;;
