arrival_date;arrival_date_calc;cargo_list;crew_number;forced_arrival;master_name;master_role;parsed_text;passenger_account;publication_day;quarantine;raw_text;ship_flag;ship_name;ship_tons_capacity;ship_tons_unit;ship_type;source_file;travel_departure_port;travel_duration_unit;travel_duration_value
Día null:;null;N/A:  | N/A: ;;;Mayans;pat.;;;null;;De Mantua gol. Anuta pat. Mayans, con 392 tercios de tabaco, 20 % de cera.;;Anuta;;;gol.;1852_01_01;Mantua;;
;;N/A: ;;;Casull;pat.;;;;;De los Perros gol. Juanita, pat. Casull con 299 tercios de tabaco.;;Juanita;;;gol.;1852_01_01;los Perros;;
;;N/A: ;;;González;pat.;;;;;De Jaruco gol. Cuatro kilos, pat. González, con 45 bocoyes de miel.;;Cuatro kilos;;;gol.;1852_01_03;Jaruco;;
;;N/A: ;;;Torres;pat.;;;;;De Jaruco gol. 1 ligera, pat. Torres, con 30 bocoyes de miel,;;1 ligera;;;gol.;1852_01_03;Jaruco;;
;;N/A: ;;;Pachon;pat.;;;;;De Guanaco gol. Feliz, pat. Pachon, con 400 tercios de taba;;Feliz;;;gol.;1852_01_03;Guanaco;;
;;N/A: ;;;Sánchez;pat.;;;;;De Cárdenas gol Joven Carlota, pat. Sánchez, con 169 ca-;;Joven Carlota;;;gol;1852_01_04;Cárdenas;;
;;;;;Pastoriza;pat.;;;;;"De Sierra-Morona gol. Los Antonios, pat. Pastoriza; con";;Los Antonios;;;gol.;1852_01_06;Sierra-Morona;;
;;N/A: ;;;González;pat.;;;;;De Caboñas gol. Juanita, pat. González, con 91 tercios de;;Juanita;;;gol.;1852_01_06;Caboñas;;
;;N/A: ;;;García;pat.;;;;;De Santa Cruz gol. Lina y Silvia, pat. García, con 85 bo-;;Lina y Silvia;;;gol.;1852_01_06;Santa Cruz;;
;;N/A:  | N/A: ;;;Rodríguez;pat.;;;;;Del Maríel gol. Justa, pat. Rodríguez, con 13 cajas de azúcar, 18 pipas de aguardiente.;;Justa;;;gol.;1852_01_08;Maríel;;
;;N/A: ;;;Marrero;pat.;;;;;De Jarnao gol. reserva, pat. Marrero, con 49 bocoyes de miel.;;reserva;;;gol.;1852_01_08;Jarnao;;
;;N/A: ;;;Sanchez;pat.;;;;;De Bahía-Honda gol. Caruana, pat. Sanchez, con 56 pipas de aguardiente.;;Caruana;;;gol.;1852_01_08;Bahía-Honda;;
;;N/A: ;;;González;pat.;;;;;De Sierra-Morena gol. Seis Manuales, pat. González, con 18 bocoyes de miel.;;Seis Manuales;;;gol.;1852_01_08;Sierra-Morena;;
;;N/A: ;;;Camuera;pat.;;;;;Del Júcar gol. Prudencia, pat. Camuera, con 44 bocoyes de miel.;;Prudencia;;;gol.;1852_01_08;Júcar;;
;;N/A:  | N/A: ;;;Martínez;pat.;;;;;Del Júcar gol. Lucina, pat. Martínez, con 660 cajas de azúcar, 8 pipas de aguardiente.;;Lucina;;;gol.;1852_01_08;Júcar;;
;;N/A: ;;;Langer;pat.;;;;;De Cárdenas gol. Victoria, pat. Langer, con 350 cajas de;;Victoria;;;gol.;1852_01_10;Cárdenas;;
;;N/A: ;;;García;pat.;;;;;De Sierra Morena gol. Dos Amigos, pat. García, con 95 ca-;;Dos Amigos;;;gol.;1852_01_10;Sierra Morena;;
;;N/A: ;;;Vidal;pat.;;;;;De Cárdenas gol. Mercedita, pat. Vidal, con 150 cajas de;;Mercedita;;;gol.;1852_01_10;Cárdenas;;
;;N/A: ;;;Concepion;pat.;;;;;De Sagua la Grande gol. Eugenia, pat. Concepion, con 1;;Eugenia;;;gol.;1852_01_11;Sagua la Grande;;
;;N/A: ;;;Gonzales;pat.;;;;;Del Maríol gol. Altgracia, pat. Gonzales, con 160 cajas de;;Altgracia;;;gol.;1852_01_11;Maríol;;
;;N/A: ;;;Fernández;pat.;;;;;De la Ortigosa goleta Bonifacia, pat. Fernández, con 19 pipas de aguardiente,;;Bonifacia;;;goleta;1852_01_13;Ortigosa;;
;;N/A: ;;;Pagés;pat.;;;;;De Jaruco gol. Natividad, pat. Pagés, con 53 o. de azúcar.;;Natividad;;;gol.;1852_01_13;Jaruco;;
;;N/A:  | N/A: ;;;Romero;pat.;;;;;De Carabantes gol. Diego, pat. Romero, con 300 cejas de azúcar, 20 pipas de aguardiente.;;Diego;;;gol.;1852_01_13;Carabantes;;
;;N/A: ;;;García;pat.;;;;;De Cabadas gol. Tercita, pat. García, con 18 pipas de aguardiente.;;Tercita;;;gol.;1852_01_13;Cabadas;;
;;N/A:  | N/A:  | N/A: ;;;Palet;pat.;;;;;De Canast gol. Manuel, pat. Palet, con 1 caja de azúcar, 4 pipas de aguardiente, 72 bocoyes de miel.;;Manuel;;;gol.;1852_01_13;Canast;;
;;N/A: ;;;Lnechal;pat.;;;;;De Sierra-Morena gol. Molastadora, pat. Lnechal, con 50;;Molastadora;;;gol.;1852_01_14;Sierra-Morena;;
;;;;;Baraons;pat.;;;;;De Cádiz ao San Mateo gol. Segunda. Anita, pat. Baraons,;;Segunda;;;gol.;1852_01_14;Cádiz;;
;;N/A: ;;;Murin;pat.;;;;;"De Sierra-Morena gol. Angelita, pat. Murin; con 21 cajas";;Angelita;;;gol.;1852_01_16;Sierra-Morena;;
;;N/A: ;;;Bella;pat.;;;;;De Matanzas gol. Antonio, pat. Bella, con 80 o. de azúcar.;;Antonio;;;gol.;1852_01_18;Matanzas;;
;;N/A: ;;;Rodríguez;pat.;;;;;De Cárdenas gol. Generala, pat. Rodríguez, con 318 cajas de azúcar.;;Generala;;;gol.;1852_01_20;Cárdenas;;
;;N/A:  | N/A:  | N/A: ;;;Govaíos;pat.;;;;;De Jarnico gol. Cuatro Hijos, pat. Govaíos, con 21 cajas de azúcar, 40 sacos de café, 60 bocoyes de miel.;;Cuatro Hijos;;;gol.;1852_01_20;Jarnico;;
;;N/A: ;;;Sanchez;pat.;;;;;De Hanes gol. Mercedita, pat. Sanchez, con 62 o. azúcar.;;Mercedita;;;gol.;1852_01_20;Hanes;;
;;N/A: ;;;Palaoio;pat.;;;;;De Cansá gol. Josefa, pat. Palaoio, con 62 bocoyes de miel.;;Josefa;;;gol.;1852_01_20;Cansá;;
;;N/A: ;;;Rivero;pat.;;;;;De Santa Cruz gol. Herminia, pat. Rivero, con 24 bocoyes de miel.;;Herminia;;;gol.;1852_01_20;Santa Cruz;;
;;N/A:  | N/A:  | N/A: ;;;González;pat.;;;;;De Baracón gol. Manuela, pat. González, con 36 bocoyes de miel, 20 pipas de aguardiente, 3 quarterolas miel de abejas.;;Manuela;;;gol.;1852_01_20;Baracón;;
;;N/A: ;;;Púrez;pat.;;;;;De Cárdenas gol. Villanueva, pat. Púrez, con 600 cajas de azúcar.;;Villanueva;;;gol.;1852_01_20;Cárdenas;;
;;N/A:  | N/A: ;;;Marrero;pat.;;;;;De Matanans gol. Ignacita, pat. Marrero, con 144 cajas de azúcar, 40 @ de cera.;;Ignacita;;;gol.;1852_01_20;Matanans;;
;;N/A: ;;;Marrero;pat.;;;;;De Cardenas gol. Lucina, pat. Marrero, con 650 c. azúcar.;;Lucina;;;gol.;1852_01_20;Cardenas;;
;;N/A: ;;;Carratalá;pat.;;;;;· De Saganla Grande gol. Segunda Rosa, pat. Carratalá, con 80 cajas de azúcar.;;Segunda Rosa;;;gol.;1852_01_21;Saganla Grande;;
;;N/A:  | N/A:  | N/A: ;;;Anciuzo;pat.;;;;;De Remedios gol. Mercedita, pat. Anciuzo, con 640 @ de cera, 25 cueros, 9 millares de tibacos;;Mercedita;;;gol.;1852_01_21;Remedios;;
;;N/A:  | N/A: ;;;García;pat.;;;;;No Remedios gol. Industria, pat. García, con 250 @ cera, 80 cueros.;;Industria;;;gol.;1852_01_21;Remedios;;
;;N/A: ;;;Felin;pat.;;;;;Del Maríel gol. María, pat. Felin, con 140 cajas de azúcar;;María;;;gol.;1852_01_21;Maríel;;
;;N/A:  | N/A: ;;;Cordero;pat.;;;;;Del Maríol gol. Dolores, pat. Cordero, con 156 c. de azúcar, 16 pipas de aguardiente.;;Dolores;;;gol.;1852_01_21;Maríol;;
;;N/A:  | N/A: ;;;Capelo;pat.;;;;;· De Sierra-Morena gol. Lugarda, pat. Capelo, con 124 boeys de miel, 3 pipas de aguardiente;;Lugarda;;;gol.;1852_01_21;Sierra-Morena;;
;;N/A: ;;;Badaré;pat.;;;;;De Bajas gol. Reglita, pat. Badaré, con 56 tercios de tabaco.;;Reglita;;;gol.;1852_01_21;Bajas;;
Día 01:;;N/A:  | N/A: ;;;Bistorte;pat.;;;;;De Gibara gol. Coineta, pat. Bistorte, con 50 tercios de tabaco, : 8 @ de cola.;;Coineta;;;gol.;1852_01_22;Gibara;;
;;N/A:  | N/A: ;;;Alonso;pat.;;;;;De Carabatas gol. Tres Hermanos, pat. Alonso, con 430 cajas de azucar, 19 pipas de aguardiente.;;Tres Hermanos;;;gol.;1852_01_22;Carabatas;;
;;N/A: ;;;Miranda;pat.;;;;;De Sagua de Tabacal gol. Gran Canal, pat. Miranda, con 41 millares de tabacos.;;Gran Canal;;;gol.;1852_01_22;Sagua de Tabacal;;
;;N/A:  | N/A: ;;;Sierra;pat.;;;;;De Bahía Honda gol. Diamante, pat. Sierra, con 20 pipas de aguardiente, 1 millar de tabacos.;;Diamante;;;gol.;1852_01_22;Bahía Honda;;
;;N/A: ;;;Lorenzo;pat.;;;;;De Cuba gol. Emma, pat. Lorenzo, con 127 millares de ta-;;Emma;;;gol.;1852_01_25;Cuba;;
;;N/A: ;;;Guevara;pat.;;;;;De Bolo, pat. Solerante, pat. Guevara, con 20 @ de cera.;;Solerante;;;;1852_01_28;Bolo;;
;;N/A: ;;;Loreiro;pat.;;;;;De Cabañas gol. Caballo Marino, pat. Loreiro, con 39 pipas de aguardiente.;;Caballo Marino;;;gol.;1852_01_28;Cabañas;;
;;N/A: ;;;Gonzalez;pat.;;;;;De Cuba gol. Juanita, pat. Gonzalez, con 51 pipas de aguardiente.;;Juanita;;;gol.;1852_01_28;Cuba;;
;;N/A:  | N/A: ;;;Marrero;pat.;;;;;De Jaruco gol. Oscura, pat. Marrero, 99 cajas de azúcar, 33 bocoyes de miel.;;Oscura;;;gol.;1852_01_28;Jaruco;;
;;N/A: ;;;Flores;pat.;;;;;De Jaruco gol. Águila, pat. Flores, con 56 bocoyes de miel.;;Águila;;;gol.;1852_01_28;Jaruco;;
;;N/A: ;;;Villarín;pat.;;;;;De Cárdenas gol. Correo, pat. Villarín, con 76 bocoyes de miel.;;Correo;;;gol.;1852_01_28;Cárdenas;;
;;N/A:  | N/A: ;;;Sevilla;pat.;;;;;De Nueva York gol. Águila de Oro, pat. Sevilla, con 1063 cueros, 300 pipas de vino.;;Águila de Oro;;;gol.;1852_01_28;Nueva York;;
;;N/A:  | N/A: ;;;Rodríguez;pat.;;;;;De Bolo gol. El Caribá, pat. Rodríguez, con 26 bocoyes de miel, 6 cuartorolas miel de abejas.;;El Caribá;;;gol.;1852_01_28;Bolo;;
;;N/A: ;;;S. vo;pat.;;;;;Del Líquero gol. G. Loeveya, pat. S. vo, con 330 s. de azúcar;;G. Loeveya;;;gol.;1852_01_29;Líquero;;
;;N/A: ;;;L. o;pat.;;;;;De Cádiz gol. Panchita pat. L. o, con 364 s. azúcar,;;Panchita;;;gol.;1852_01_29;Cádiz;;
;;;;;Gonzalez;pat.;;;;;De Sierra Morena gol. S. de Manchica, pat. Gonzalez, con;;S. de Manchica;;;gol.;1852_01_29;Sierra Morena;;
;;;;;Buraona;pat.;;;;;Del Canal de San Antonio gol. Segunda Anita, pat. Buraona;;Segunda Anita;;;gol.;1852_01_29;Canal de San Antonio;;
;;N/A: ;;;Marroco;pat.;;;;;De Sierra Morena gol. Tres Amigos, pat. Marroco, con 129;;Tres Amigos;;;gol.;1852_01_29;Sierra Morena;;
;;N/A: ;;;Rosa;pat.;;;;;De Cádiz gol. Clío, pat. Rosa, con 40 cajas de azúcar,;;Clío;;;gol.;1852_01_29;Cádiz;;
;;N/A: ;;;Langer;pat.;;;;;De Cádiz gol. Victoria, pat. Langer, con 300 s. azúcar.;;Victoria;;;gol.;1852_01_29;Cádiz;;
;;N/A: ;;;Torres;pat.;;;;;De La Teja gol. Dorotea, pat. Torres, con 160 becos de miel.;;Dorotea;;;gol.;1852_01_29;La Teja;;
;;N/A: ;;;Marquez;pat.;;;;;De Bitero gol. Legua, pat. Marquez, con 130 cajas de azú-;;Legua;;;gol.;1852_01_29;Bitero;;
;;N/A: ;;;Pujal;pat.;;;;;De Carmona gol. L. de, pat. Pujal, con 259 cajas de azúcar,;;L. de;;;gol.;1852_01_29;Carmona;;
;;N/A: ;;;Perez;pat.;;;;;Del Manuel gol. Antonia, pat. Perez, con 147 cajas de azú-;;Antonia;;;gol.;1852_01_29;Manuel;;
;;N/A: ;;;Garcia;pat.;;;;;De Santa Cruz gol. Lina y Sevilla, pat. Garcia, con 23 cajas;;Lina y Sevilla;;;gol.;1852_01_29;Santa Cruz;;
;;N/A: ;;;Naveiro;pat.;;;;;De Matanzas gol. Mercedes, pat. Naveiro, con 60 cajas de;;Mercedes;;;gol.;1852_01_29;Matanzas;;
;;N/A: ;;;Jordá;pat.;;;;;De Montaña gol. Isabel II, pat. Jordá, con 250 tercios de ta-;;Isabel II;;;gol.;1852_01_29;Montaña;;
;;N/A:  | N/A: ;;;;;;;;;De Motas, con 200 sacos de azúcar, 200 sacos de tabaco.;;;;;;1852_01_30;Motas;;
;;N/A: ;;;Nobo;pat.;;;;;Del Júcaro gol. Propiedad, pat. Nobo, con 630 e. azúcar.;;Propiedad;;;gol.;1852_01_31;Júcaro;;
;;N/A: ;;;Pelin;pat.;;;;;Del Marisol gol. María, pat. Pelin, con 140 cuartos de azúcar.;;María;;;gol.;1852_01_31;Marisol;;
;;N/A: ;;;Arocha;pat.;;;;;Del Marisol gol. Manuela, pat. Arocha, con 2000 de azúcar.;;Manuela;;;gol.;1852_01_31;Marisol;;
;;N/A: ;;;Gonzalez;pat.;;;;;De Baracoa gol. Maucula, pat. Gonzalez, con 31 bocacos;;Maucula;;;gol.;1852_01_31;Baracoa;;
;;N/A: ;;;Mas;pat.;;;;;Del Júcaro gol. Norma, pat. Mas, con 410 caja de azúcar.;;Norma;;;gol.;1852_01_31;Júcaro;;
;;N/A:  | N/A:  | N/A: ;;;Cano;pat.;;;;;De Manati gol. Concepción, pat. Cano, con 36 tercios de tabaco, 123 cueros, 67 millares de tabacos.;;Concepción;;;gol.;1852_01_31;Manati;;
;;N/A: ;;;Barraza;pat.;;;;;De Cárdenas gol. Antonia, pat. Barraza, con 300 cajas de azúcar.;;Antonia;;;gol.;1852_02_01;Cárdenas;;
;;N/A:  | N/A: ;;;Rodríguez;pat.;;;;;Del Marisol gol. Juana, pat. Rodríguez, con 106 cajas de azúcar, 21 pipas de aguarrás.;;Juana;;;gol.;1852_02_01;Marisol;;
;;N/A:  | N/A:  | N/A:  | N/A: ;;;González;pat.;;;;;De Jarumo gol. Cuatro Híos, pat. González, con 163 cajas de azúcar, 34 sacos de café, 30 sacos de mier, 1 cuarto de miel de abejas.;;Cuatro Híos;;;gol.;1852_02_01;Jarumo;;
;;N/A: ;;;Campos;pat.;;;;;De Cárdenas gol. Lígra, pat. Campos, con 330 cajas de azúcar.;;Lígra;;;gol.;1852_02_01;Cárdenas;;
;;N/A:  | N/A: ;;;Gutiérrez;pat.;;;;;De Cárdenas gol. Dos Amigos, pat. Gutiérrez, con 37 cajas de azúcar, 23 pipas de aguarrás.;;Dos Amigos;;;gol.;1852_02_01;Cárdenas;;
;;N/A: ;;;Orballo;pat.;;;;;De Cárdenas gol. Ravo, pat. Orballo, con 325 cajas de azúcar.;;Ravo;;;gol.;1852_02_01;Cárdenas;;
;;N/A: ;;;González;pat.;;;;;De id. gol. Merced, pat. González, con 565 cajas de azúcar.;;Merced;;;gol.;1852_02_01;id.;;
;;N/A: ;;;Aguirre;pat.;;;;;De Matanzas gol. Adelina, pat. Aguirre, con 182 cajas de azúcar.;;Adelina;;;gol.;1852_02_01;Matanzas;;
;;N/A:  | N/A:  | N/A: ;;;Ríos;pat.;;;;;De Santa Cruz gol. Hierta, pat. Ríos, con 177 cajas de azúcar, 163 sacos de café, 7 cuartos de miel de abejas.;;Hierta;;;gol.;1852_02_01;Santa Cruz;;
;;N/A: ;;;Martínez;pat.;;;;;Del Júcaro gol. Lucina, pat. Martínez, con 680 cajas de azúcar.;;Lucina;;;gol.;1852_02_01;Júcaro;;
;;N/A:  | N/A: ;;;Romaguera;pat.;;;;;De Cárdenas gol. Tres Hermanos, pat. Romaguera, con 150 cajas de azúcar, 43 pipas de aguarrás.;;Tres Hermanos;;;gol.;1852_02_01;Cárdenas;;
;;N/A: ;;;Calvo;pat.;;;;;Del Júcaro gol. José, pat. Calvo, con 750 cajas de azúcar.;;José;;;gol.;1852_02_01;Júcaro;;
;;N/A:  | N/A:  | N/A: ;;;Meléndez;pat.;;;;;De Manzanillo gol. Justa, pat. Meléndez, con 18 tercios de tabaco, 300 cueros, 421 millares de tabacos.;;Justa;;;gol.;1852_02_01;Manzanillo;;
;;N/A: ;;;Llanger;pat.;;;;;De Cárdenas gol. Victoria, pat. Llanger, con 510 cajas de azúcar.;;Victoria;;;gol.;1852_02_04;Cárdenas;;
;;N/A: ;;;Capelo;pat.;;;;;De Sierra Morena gol. Lugardí, patron Capelo, con 420 cajas de azúcar.;;Lugardí;;;gol.;1852_02_04;Sierra Morena;;
;;N/A: ;;;Márreo;pat.;;;;;De Jaruco gol. Reserva, pat. Márreo, con 200 cajas de azúcar.;;Reserva;;;gol.;1852_02_04;Jaruco;;
;;N/A: ;;;Richard;pat.;;;;;Del Júcaro gol. Carlota, pat. Richard, con 216 cajas de azúcar.;;Carlota;;;gol.;1852_02_04;Júcaro;;
;;N/A: ;;;Camuoras;pat.;;;;;De Haracon gol. Prudencia, pat. Camuoras, con 170 cajas de azúcar.;;Prudencia;;;gol.;1852_02_04;Haracon;;
;;N/A: ;;;Llorens;pat.;;;;;De Jaruco gol. Regla, pat. Llorens, con 60 boroces de miel.;;Regla;;;gol.;1852_02_04;Jaruco;;
;;N/A: ;;;García;pat.;;;;;Del Júcaro gol. Amistad, pat. García, con 830 cajas de azúcar.;;Amistad;;;gol.;1852_02_04;Júcaro;;
;;N/A:  | N/A:  | N/A: ;;;Eireiñ;pat.;;;;;De Banos gol. Paquete, pat. Eireiñ, con 152 cajas y 18 sacos de azúcar, 17 pipas de aguardiente.;;Paquete;;;gol.;1852_02_04;Banos;;
;;N/A: ;;;Porcer;pat.;;;;;De Cárdenas gol. Villanueva, pat. Porcer, con 600 cajas de azúcar.;;Villanueva;;;gol.;1852_02_04;Cárdenas;;
;;N/A: ;;;Gomez;pat.;;;;;De Mutanzas gol. Josefa, pat. Gomez, con 220 cajas de azúcar.;;Josefa;;;gol.;1852_02_04;Mutanzas;;
;;N/A: ;;;Salvo;pat.;;;;;Del Júcaro gol. Ginerova, pat. Salvo, con 530 cajas de azúcar.;;Ginerova;;;gol.;1852_02_04;Júcaro;;
;;N/A:  | N/A: ;;;P'ale;pat.;;;;;De Canas gol. Manuel, pat. P'ale, con 270 cajas de azúcar, 4 pipas de aguardiente.;;Manuel;;;gol.;1852_02_04;Canas;;
;;N/A: ;;;Eneecnat;pat.;;;;;Do Sierra-Morena gol. Molestadoru, pat. Eneecnat, con 688;;Molestadoru;;;gol.;1852_02_07;Sierra-Morena;;
;;N/A: ;;;Cordero;pat.;;;;;Del Maricl gol. Dolores, pat. Cordero, con 202 c. de azúcar;;Dolores;;;gol.;1852_02_07;Maricl;;
;;N/A: ;;;Laborde;pat.;;;;;De Cárdenas gol, Generala, pat. Laborde, con 310 cajas de;;Generala;;;gol;1852_02_07;Cárdenas;;
;;N/A: ;;;Barrera;pat.;;;;;De Cárdenas gol. Antonia, pat. Barrera, con 300 c. azúcar.;;Antonia;;;gol.;1852_02_07;Cárdenas;;
;;N/A: ;;;Sanchez;pat.;;;;;Do Bunes gol. Mercedita, pat. Sanchez, con 107 cajas de a-;;Mercedita;;;gol.;1852_02_07;Bunes;;
;;N/A: ;;;Picon;pat.;;;;;De Cárdenas gol. Riegl, pat. Picon, con 300 c. do azúcor.;;Riegl;;;gol.;1852_02_07;Cárdenas;;
;;N/A: ;;;Feliu;pat.;;;;;Del Maricl gol. Maria, pat. Feliu, con 140 cajas de azúcar.;;Maria;;;gol.;1852_02_07;Maricl;;
;;N/A: ;;;Campos;pat.;;;;;De Cárdenas gol. Ligeru, pat. Campos, con 300 c. azúcar.;;Ligeru;;;gol.;1852_02_07;Cárdenas;;
;;N/A: ;;;Carbonell;pat.;;;;;De Cárdenas gol. Muriunta, pat. Carbonell, con 300 cajas;;Muriunta;;;gol.;1852_02_07;Cárdenas;;
;;N/A: ;;;Seijo;pat.;;;;;De la Teja gol. Dea Solia, pat. Seijo, con 170 c. de azúcar.;;Dea Solia;;;gol.;1852_02_07;la Teja;;
;;N/A: ;;;Terrada;pat.;;;;;De Cárdenas gol. Rita, pat. Terrada, con 470 cajas de a-;;Rita;;;gol.;1852_02_07;Cárdenas;;
;;N/A: ;;;Salvo;pt.;;;;;Del Júcaro gol. Norma, pt. Salvo, con 410 cajas do azúcar,;;Norma;;;gol.;1852_02_07;Júcaro;;
;;N/A: ;;;Pujol;pat.;;;;;De Cárdenas gol. Inés, pat. Pujol, con 277 cajas de azúcar;;Inés;;;gol.;1852_02_07;Cárdenas;;
;;N/A: ;;;Calvo;pat.;;;;;Del Jucaro gol. Jos fina, pat. Calvo, con 750 cajas azúcar.;;Jos fina;;;gol.;1852_02_07;Jucaro;;
;;N/A: ;;;Martínez;pat.;;;;;Del Júcaro gol. L. toin, pat. Martínez, con 680 o azúcar.;;L. toin;;;gol.;1852_02_07;Júcaro;;
;;N/A: ;;;Vega;pat.;;;;;De Cárdenas gol. Favorita, pat. Vega, con 250 c. azúcar.;;Favorita;;;gol.;1852_02_07;Cárdenas;;
;;N/A: ;;;Torres;pat.;;;;;Del Jucaro gol. Merced, pat. Torres, con 350 cajas azúcar.;;Merced;;;gol.;1852_02_07;Jucaro;;
;;N/A: ;;;Garcia;pat.;;;;;De Santa Cruz gol. Linn y Silvina, pat. Garcia, con 61 cajas;;Linn y Silvina;;;gol.;1852_02_07;Santa Cruz;;
;;N/A: ;;;Arocha;pat.;;;;;Del Maricl gol. Manuela, pat. Arocha, con 306 c. azúcar.;;Manuela;;;gol.;1852_02_07;Maricl;;
;;N/A: ;;;Gonzalez;pat.;;;;;De Jaruco gol. Cuatro Hijos, pat. Gonzalez, con 130 cajas;;Cuatro Hijos;;;gol.;1852_02_07;Jaruco;;
;;N/A:  | N/A: ;;;Villarin;pat.;;;;;De Canseí gol. Correo. pat. Villarin, con 230 cajas de azúcar, 20 @ do cera.;;Correo;;;gol.;1852_02_08;Canseí;;
;;N/A:  | N/A: ;;;Marroco;pat.;;;;;De Jaruco gol. Reservn. pat. Marroco, con 185 cajas de azúcar, 36 sacos de café.;;Reservn.;;;gol.;1852_02_08;Jaruco;;
;;N/A: ;;;Perez;pat.;;;;;Del Marío gol. Quintina. pat. Perez, con 315 cajas azúcar.;;Quintina;;;gol.;1852_02_08;Marío;;
;;N/A:  | N/A: ;;;Segui;pat.;;;;;De la Teja gol. Cuatro Nictos, pat. Segui, con 108 cajas de azúcar, 52 bocoyos de mion.;;Cuatro Nictos;;;gol.;1852_02_08;la Teja;;
;;N/A:  | N/A: ;;;Gonzalez;pat.;;;;;Del Marío gol. Altagraia, pat. Gonzalez, con 230 cajas de azúcar, 23 pipas de aguardiente.;;Altagraia;;;gol.;1852_02_08;Marío;;
;;N/A: ;;;Marquez;pt.;;;;;De Puerto Escondido gol. Lígera, pt. Marquez, con 172 cajas de azúcar.;;Lígera;;;gol.;1852_02_08;Puerto Escondido;;
;;N/A: ;;;Naranjo;pat.;;;;;De Cárdenas gol. Margarita, pat. Naranjo, con 190 cajas;;Margarita;;;gol.;1852_02_10;Cárdenas;;
;;N/A: ;;;Gutiérrez;pat.;;;;;De Cabañas gol. Dos Amigos, pat. Gutiérrez, con 296 cajas;;Dos Amigos;;;gol.;1852_02_10;Cabañas;;
;;N/A: ;;;Feliu;pat.;;;;;Del Marítimo gol. Marina, pat. Feliu, con 110 cajas de azúcar;;Marina;;;gol.;1852_02_10;Marítimo;;
;;N/A: ;;;Quirola;pat.;;;;;De Puerto Escondido gol. Vicente, pat. Quirola, con 149;;Vicente;;;gol.;1852_02_10;Puerto Escondido;;
;;N/A: ;;;González;pat.;;;;;De Cárdenas gol. Rosita, pat. González con 500 c. azúcar.;;Rosita;;;gol.;1852_02_10;Cárdenas;;
;;N/A: ;;;Rivera;pat.;;;;;De Santa Cruz gol. Hermínia, pat. Rivera, con 160 cajas de;;Hermínia;;;gol.;1852_02_10;Santa Cruz;;
;;N/A: ;;;González;pat.;;;;;De Baracoa gol. Manuel, pat. González, con 82 cajas de a-;;Manuel;;;gol.;1852_02_10;Baracoa;;
;;N/A: ;;;Coyula;pat.;;;;;De Río la Palma gol. Cármen, pat. Coyula, con 25 cajas de;;Cármen;;;gol.;1852_02_10;Río la Palma;;
;;N/A: ;;;Suero;pat.;;;;;De Cárdenas gol. Villanueva, pat. Suero, con 500 cajas de;;Villanueva;;;gol.;1852_02_10;Cárdenas;;
;;N/A: ;;;Juan;pat.;;;;;De Cárdenas gol. Camila, pat. Juan, con 550 cajas de azu-;;Camila;;;gol.;1852_02_10;Cárdenas;;
;;N/A: ;;;Gomez;pat.;;;;;De Matanzas gol. Josefa, pat. Gomez, con 310 c. de azúcar;;Josefa;;;gol.;1852_02_10;Matanzas;;
;;N/A: ;;;Cordero;pat.;;;;;Del Maricl gol Delores, pat. Cordero con 255 e azúcar.;;Delores;;;gol;1852_02_11;Maricl;;
;;N/A: ;;;Cabrera;pat.;;;;;De Sierra Morena gol. Liconer, pat. Cabrera, con 516 cajas;;Liconer;;;gol.;1852_02_11;Sierra Morena;;
;;N/A: ;;;González;pat.;;;;;De Cárdenas gol. Mercelita, pat. González, con 375 cajas;;Mercelita;;;gol.;1852_02_11;Cárdenas;;
;;N/A: ;;;Romaguera;pt.;;;;;De Cárdenas gol. Tres Hermanos, pt. Romaguera, con 250;;Tres Hermanos;;;gol.;1852_02_11;Cárdenas;;
;;N/A: ;;;Díaz;pat.;;;;;De Cárdenas gol. General Lamar, pat. Díaz, con 370 cajas;;General Lamar;;;gol.;1852_02_11;Cárdenas;;
;;N/A: ;;;Mician;pat.;;;;;De Cárdenas gol. Araucana, pat. Mician, con 210 cajas de;;Araucana;;;gol.;1852_02_11;Cárdenas;;
;;N/A: ;;;Suárez;pat.;;;;;De Sagua gol. Palmerita, pat. Suárez, con 20 e. de azúcar;;Palmerita;;;gol.;1852_02_11;Sagua;;
;;;;;González;pat.;;;;;De Sierra Morena gol. Seis Muros, pat. González, con;;Seis Muros;;;gol.;1852_02_11;Sierra Morena;;
;;N/A: ;;;García;pat.;;;;;Del Júesro gol. Amistad, pat. García, con 870 cajas de a-;;Amistad;;;gol.;1852_02_11;Júesro;;
;;N/A: ;;;Perez;pat.;;;;;Del Marit gol. Aronís, pat. Perez, con 117 cajas de azu-;;Aronís;;;gol.;1852_02_11;Marit;;
;;N/A:  | N/A:  | N/A:  | N/A: ;;;Ferra;pat.;;;;;De Bajas gol. Visitieron pat. Ferra, con 40 tercios de tabaco, 6 millares de tabaco, 33 to de cera, 10 cueros.;;Visitieron;;;gol.;1852_02_13;Bajas;;
;;N/A: ;;;Vega;pat.;;;;;De Cárdenas gol. Evaro, pat. Vega, con 200 c. azúcar.;;Evaro;;;gol.;1852_02_13;Cárdenas;;
;;N/A: ;;;Barrera;pat.;;;;;De Cárdenas gol. Antonia, pat. Barrera, con 300 c. azúcar.;;Antonia;;;gol.;1852_02_13;Cárdenas;;
;;N/A: ;;;Arroyo;pat.;;;;;Del Mar del gol. Manuel, pat. Arroyo, con 712 c. azúcar.;;Manuel;;;gol.;1852_02_13;Mar del;;
;;N/A:  | N/A: ;;;Rave;pat.;;;;;Del Júcar gol. Genoveva, pat. Rave, con 650 cejas de azúcar, 6 pipas de aguardiente.;;Genoveva;;;gol.;1852_02_13;Júcar;;
;;N/A: ;;;Pricta;pat.;;;;;De Muiata gol. Mariano, pat. Pricta, con 10 bocoyes de miel.;;Mariano;;;gol.;1852_02_13;Muiata;;
;;N/A: ;;;Nolbo;pat.;;;;;Del Júcar gol. Prosperidad, pat. Nolbo, con 627 c. azúcar.;;Prosperidad;;;gol.;1852_02_13;Júcar;;
;;N/A: ;;;Alonso;pat.;;;;;De Carahatas gol. Tres Hermanos, pat. Alonso, con 530;;Tres Hermanos;;;gol.;1852_02_14;Carahatas;;
;;N/A: ;;;Hinojosa;pt.;;;;;De Bara, en gol. Flor del Mar, pt. Hinojosa, con 243 tercios;;Flor del Mar;;;gol.;1852_02_14;Bara;;
;;N/A: ;;;;pat.;;;;;De Cárdenas gol. Panchita, pat. 1.-pez. con 380 o. azúcar.;;Panchita;;;gol.;1852_02_15;Cárdenas;;
;;N/A: ;;;1.-oz.;pat.;;;;;De Cárdenas gol. Clio, pat. 1.-oz. con 530 cajas de azúcar,;;Clio;;;gol.;1852_02_15;Cárdenas;;
;;N/A: ;;;Carbonel;pat.;;;;;De Cárdenas gol. Marienita, pat. Carbonel, con 300 cajas;;Marienita;;;gol.;1852_02_15;Cárdenas;;
;;N/A: ;;;Calvo;pat.;;;;;Del Jucaro gol. Josefa, pat. Calvo, con 760 cajas de azu-;;Josefa;;;gol.;1852_02_15;Jucaro;;
;;N/A: ;;;Marrero;pat.;;;;;De Sierra-Monte, gol. Tres Amigos, pat. Marrero, con 316;;Tres Amigos;;;gol.;1852_02_17;Sierra-Monte;;
;;N/A: ;;;Su. ro;pat.;;;;;De Cándidos, gol. Villanueva, pat. Su. ro, con 500 cajas de;;Villanueva;;;gol.;1852_02_17;Cándidos;;
;;N/A: ;;;Martínez;pat.;;;;;Del Juaré, gol. Lucena, pat. Martínez, con 610 cajas de a;;Lucena;;;gol.;1852_02_17;Juaré;;
;;N/A: ;;;Torres;pat.;;;;;Do la Teja gol. Dorotea, pat. Torres, con 310 c. de azucar.;;Dorotea;;;gol.;1852_02_18;la Teja;;
;;N/A: ;;;Milian;pat.;;;;;Do Cardenas gol. Arancain, pat. Milian, con 310 cajas de;;Arancain;;;gol.;1852_02_18;Cardenas;;
;;N/A: ;;;Fernández;pat.;;;;;Do Banes gol. Merced, pat. Fernández, con 112 c. azucar.;;Merced;;;gol.;1852_02_18;Banes;;
;;N/A: ;;;Escandell;pat.;;;;;Do Bañía Honda gol. Antonia, pat. Escandell, con 110 cajas;;Antonia;;;gol.;1852_02_18;Bañía Honda;;
;;N/A: ;;;González;pat.;;;;;Do el Jucaro gol. Merced, pat. González, con 870 c. azúcar.;;Merced;;;gol.;1852_02_18;el Jucaro;;
;;N/A: ;;;Pujol;pat.;;;;;Do el Cárdenas gol. Inés, pat. Pujol, con 20 cajas de azúcar,;;Inés;;;gol.;1852_02_18;Cárdenas;;
;;N/A: ;;;Puxat;pat.;;;;;De Banes gol. Segunda Aun. pat. Puxat, 260 con. ex-;;Segunda Aun;;;gol.;1852_02_19;Banes;;
;;N/A: ;;;Richard;pat.;;;;;De Carbenar gol. Carlota, pat. Richard, con 216 cajas de;;Carlota;;;gol.;1852_02_19;Carbenar;;
;;N/A: ;;;Gonzaloz;pat.;;;;;De Jaqueco gol. Centro Hijos, pat. Gonzaloz, con 303 cajas;;Centro Hijos;;;gol.;1852_02_19;Jaqueco;;
;;N/A: ;;;Cordere;pat.;;;;;Del Marigel gol. Dolores, pat. Cordere, con 207 cajas azuc.;;Dolores;;;gol.;1852_02_19;Marigel;;
;;N/A: ;;;Perez;pat.;;;;;De ld gol. Quintina, pat. Perez, con 315 cajas de azucar.;;Quintina;;;gol.;1852_02_19;ld;;
;;N/A: ;;;Pagor;pat.;;;;;De Jaroo gol. Natividad, pat. Pagor, con 201 cajas de a-;;Natividad;;;gol.;1852_02_19;Jaroo;;
;;N/A: ;;;Gonzaloz;pat.;;;;;Del Marigel gol. Aitagracion, pat. Gonzaloz, con 224 cajas de;;Aitagracion;;;gol.;1852_02_19;Marigel;;
;;N/A: ;;;Rodriguez;pat.;;;;;De idem gol. Justa, pat. Rodriguez, con 130 cajas de azú-;;Justa;;;gol.;1852_02_19;idem;;
;;N/A: ;;;Felíu;pat.;;;;;De idem gol. Maria, pat. Felíu, con 140 cajas de azucar.;;Maria;;;gol.;1852_02_19;idem;;
;;N/A:  | N/A: ;;;Torres;pat.;;;;;Del Júcaro gol. Merced, pat. Torres, con 340 cajas de azúcar. 13 pipas de aguardiente.;;Merced;;;gol.;1852_02_20;Júcaro;;
;;N/A:  | N/A: ;;;Guirola;pt.;;;;;De río Escandado gol. Vicenta, pt. Guirola, con 160 cajas de azúcar, 4 pipas de aguardiente.;;Vicenta;;;gol.;1852_02_20;río Escandado;;
;;N/A: ;;;Llanger;pat.;;;;;De Cárdenas gol. Victoria, pat. Llanger, con 510 cajas de azúcar.;;Victoria;;;gol.;1852_02_20;Cárdenas;;
;;N/A: ;;;Laborde;pat.;;;;;De Cárdenas gol. Generala, pat. Laborde, con 340 cajas de azúcar.;;Generala;;;gol.;1852_02_20;Cárdenas;;
;;N/A: ;;;Martínez;pat.;;;;;De Cárdenas gol. Especulación, pat. Martínez, con 370 cajas de azúcar.;;Especulación;;;gol.;1852_02_20;Cárdenas;;
;;N/A: ;;;García;pat.;;;;;De Cárdenas gol. Ruperta, pat. García, con 610 o. azúcar.;;Ruperta;;;gol.;1852_02_21;Cárdenas;;
;;;;;Barona;pat.;;;;;Del Canal de San Mateo gol. Segunda Anita, pat. Barona;;Segunda Anita;;;gol.;1852_02_21;Canal de San Mateo;;
;;N/A: ;;;Capelo;pat.;;;;;De Sierra Morena gol. Lugarda, pat. Capelo, con 464 cajas;;Lugarda;;;gol.;1852_02_21;Sierra Morena;;
;;N/A: ;;;Seijo;pt.;;;;;De la Teja gol. Dos Sofías, pt. Seijo, con 430 cajas azúcar.;;Dos Sofías;;;gol.;1852_02_21;la Teja;;
;;N/A: ;;;Romagosa;pat.;;;;;De Cárdenas gol. Tres Hermanos, pat. Romagosa, con 280;;Tres Hermanos;;;gol.;1852_02_21;Cárdenas;;
;;N/A: ;;;Loreiro;pat.;;;;;De Caballos gol. Caballo Marino, pat. Loreiro, con 360 ca-;;Caballo Marino;;;gol.;1852_02_21;Caballos;;
;;N/A:  | N/A: ;;;Iopez;pat.;;;;;De Cárdenas gol. Panohita, pat. Iopez, con 370 cajas de azúcar, 88 sacos de café.;;Panohita;;;gol.;1852_02_22;Cárdenas;;
;;N/A: ;;;Sanchez;pat.;;;;;De Cárdenas gol. Jóven Carlota, pat. Sanchez, con 516 cajas de azúcar.;;Jóven Carlota;;;gol.;1852_02_22;Cárdenas;;
;;N/A: ;;;Dinz;pat.;;;;;De Cárdenas gol. General Lumar, pat. Dinz, con 330 cajas de azúcar.;;General Lumar;;;gol.;1852_02_22;Cárdenas;;
;;N/A: ;;;Juan;pat.;;;;;De Cárdenas gol. Camila, pat. Juan, con 645 cajas azúcar.;;Camila;;;gol.;1852_02_22;Cárdenas;;
;;N/A: ;;;Arocha;pat.;;;;;Del Marisol gol. Manuela, pat. Arocha, con 311 c. azúcar.;;Manuela;;;gol.;1852_02_22;Marisol;;
;;N/A:  | N/A:  | N/A: ;;;Brabut;;;;;;De Gibara gol. Herminita, Brabut, con 211 teros de tabaco, 1703 millares de tabacos, 12 cueros.;;Herminita;;;gol.;1852_02_22;Gibara;;
;;N/A: ;;;Felíu;pat.;;;;;Del Maríel gol. María, pat. Felíu, con 140 cajas de azúcar, de Cárdenas gol. Clito, pat. Basa, con 550 cajas de azúcar, 55 sacos de café, 48 pipas de aguardiente.;;María;;;gol.;1852_02_25;Maríel;;
;;N/A: ;;;Cordero;pat.;;;;;Del Maríel gol. Dolores, pat. Cordero, con 201 c. de azúcar.;;Dolores;;;gol.;1852_02_25;Maríel;;
;;N/A: ;;;Marrero;pat.;;;;;De Jaruco gol. Reserva, pat. Marrero, con 202 c. azúcar.;;Reserva;;;gol.;1852_02_25;Jaruco;;
;;N/A:  | N/A: ;;;Pages;pat.;;;;;De Jaruco gol. Natividad, pat. Pages, con 102 cajas de azúcar, 4 pipas de aguardiente.;;Natividad;;;gol.;1852_02_25;Jaruco;;
;;N/A: ;;;González;pat.;;;;;De Cárdenas gol. Mercedita, pat. González, con 375 cajas de azúcar.;;Mercedita;;;gol.;1852_02_25;Cárdenas;;
;;N/A:  | N/A: ;;;Barcia;pat.;;;;;De Banes gol. Paquito, pat. Barcia, con 125 cajas de azúcar, 31 pipas de aguardiente.;;Paquito;;;gol.;1852_02_25;Banes;;
;;N/A:  | N/A:  | N/A:  | N/A: ;;;Lora;pat.;;;;;De Cuba gol. Unión, pat. Lora, con 203 tercios de tabaco, 13 millares de tabacos, 12 @ décera, 410 cueros.;;Unión;;;gol.;1852_02_25;Cuba;;
;;N/A: ;;;González;pat.;;;;;Del Maríel gol. Altugracia, pat. González, con 292 cajas;;Altugracia;;;gol.;1852_02_26;Maríel;;
;;N/A:  | N/A: ;;;Perez;pat.;;;;;Del Maríel gol. Quintina, pat. Perez, con 296 cajas de azúcar, 22 cuarteroles de abejas.;;Quintina;;;gol.;1852_02_26;Maríel;;
;;N/A: ;;;Hurtado;pat.;;;;;Do Cansai gol. Galatea, pat. Hurtado, con 200 c. de azúcar.;;Galatea;;;gol.;1852_02_26;Cansai;;
;;N/A: ;;;Villarin;pat.;;;;;Do Cansai gol. Correo, pat. Villarin, con 200 c. de azúcar.;;Correo;;;gol.;1852_02_26;Cansai;;
;;N/A:  | N/A:  | N/A: ;;;Arocha;pat.;;;;;Del Matiel gol. Manuela, pat. Arocha, 313 cajas de azúcar, 60 sacos de cete, 6 pipas de aguardiente.;;Manuela;;;gol.;1852_02_26;Matiel;;
;;N/A: ;;;Guirola;pat.;;;;;De Puerto Revenido gol. Vicentu, pat. Guirola, con 161;;Vicentu;;;gol.;1852_02_26;Puerto Revenido;;
;;N/A: ;;;Rodriguez;pat.;;;;;Dot Maríel gol. Justa, pat. Rodriguez, con 221 cajas de;;Justa;;;gol.;1852_02_26;;;
;;N/A: ;;;Iglesias;pat.;;;;;De Puerto E-condide gol. Conseculo, pat. Iglesias, con 140;;Conseculo;;;gol.;1852_02_26;Puerto E-condide;;
;;N/A: ;;;Camueras;pat.;;;;;De Jaruco gol. Prudencia, pat. Camueras, con 170 cajas de;;Prudencia;;;gol.;1852_02_26;Jaruco;;
;;N/A: ;;;Palacio;pat.;;;;;De Cansai gol. Josefa, pat. Palacio, con 260 cajas azúcar.;;Josefa;;;gol.;1852_02_26;Cansai;;
;;N/A: ;;;Rivero;pat.;;;;;De Cansai y ruz gol. Herencia, pat. Rivero, con 231 cajas;;Herencia;;;gol.;1852_02_26;Cansai y ruz;;
;;N/A: ;;;Garcia;pat.;;;;;De Cabanas gol. Teresita, pat. Garcia, con 300 cajas de;;Teresita;;;gol.;1852_02_26;Cabanas;;
;;N/A: ;;;García;pat.;;;;;De Santa Cruz gol. Lina y Silvia, pat. García, con 108 bo;;Lina y Silvia;;;gol.;1852_02_26;Santa Cruz;;
;;N/A: ;;;Rodriguez;pat.;;;;;De Bange gol. Caridad, pat. Rodriguez, con 23 boceyes de;;Caridad;;;gol.;1852_02_26;Bange;;
;;N/A:  | N/A: ;;;Marquez;pat.;;;;;De Jaruco gol. Ligeria, pat. Marquez, con 170 cajas de azúcar, 4 pipas de aguacient.;;Ligeria;;;gol.;1852_02_27;Jaruco;;
;;N/A:  | N/A: ;;;Gonzalez;pat.;;;;;De Jaruco gol. Cuatro Hijos, pat. Gonzalez, con 35 cajas de azúcar, 83 hondos de azúcar.;;Cuatro Hijos;;;gol.;1852_02_27;Jaruco;;
;;N/A:  | N/A: ;;;Sanchez;pat.;;;;;De Belén tienda gol. Carmín, pat. Sanchez, con 274 cajas de azúcar, 14 pipas de aguacient.;;Carmín;;;gol.;1852_02_27;Belén;;
;;N/A: ;;;Suero;pat.;;;;;Del Juárez gol. Villanueva, pat. Suero, con 500 c. de azúcar.;;Villanueva;;;gol.;1852_02_27;Juárez;;
;;N/A: ;;;Calvo;pat.;;;;;Del Juárez gol. Josefa, pat. Calvo, con 750 c. de azúcar.;;Josefa;;;gol.;1852_02_27;Juárez;;
;;N/A: ;;;Palet;pat.;;;;;De Cansá gol. Manuela, pat. Palet, con 270 c. de azúcar.;;Manuela;;;gol.;1852_02_27;Cansá;;
;;N/A: ;;;Sanchez;pat.;;;;;Del Júcaro gol. Jóron Carlota, pat. Sanchez, con 500 cajas de azúcar.;;Jóron;;;gol.;1852_02_28;Júcaro;;
;;N/A: ;;;Labords;pat.;;;;;Do Cárdenas gol. Generala, pat. Labords, en 318 cajas de azúcar.;;Generala;;;gol.;1852_02_28;Cárdenas;;
;;N/A:  | N/A: ;;;Seguí;pat.;;;;;Do la Teja gol. Cuatro Nietos, pat. Seguí, con 200 cajas de azúcar, 90 bocoyos de miel.;;Cuatro Nietos;;;gol.;1852_02_28;la Teja;;
;;N/A:  | N/A:  | N/A: ;;;Gutiérrez;pat.;;;;;Do Cabanas gol. Dos Amigos, pat. Gutiérrez, con 250 cajas de azúcar, 50 sacos de café, 16 pipas de aguardiente.;;Dos Amigos;;;gol.;1852_02_28;Cabanas;;
;;N/A: ;;;Rodríguez;pat.;;;;;Do Cárdenas gol. Habana, pat. Rodríguez, con 250 cajas de azúcar.;;Habana;;;gol.;1852_02_28;Cárdenas;;
;;N/A: ;;;Marrero;pat.;;;;;Do Jaruco gol. Reserva, pat. Marrero, con 202 o. de azúcar.;;Reserva;;;gol.;1852_02_28;Jaruco;;
;;N/A: ;;;Many;pat.;;;;;Do Cárdenas gol. Antonia, pat. Many, con 350 c. azúcar.;;Antonia;;;gol.;1852_02_28;Cárdenas;;
;;N/A:  | N/A: ;;;Fierro;pat.;;;;;Del Júcaro gol. Vengativa, pat. Fierro, con 594 cajas de azúcar, 14 pipas de aguardiente.;;Vengativa;;;gol.;1852_02_28;Júcaro;;
;;N/A: ;;;Torres;pat.;;;;;Do la Teja gol. Doroteo, pat. Torres, con 350 c. de azúcar.;;Doroteo;;;gol.;1852_02_28;la Teja;;
;;N/A: ;;;Líanger;pat.;;;;;Do Cárdenas gol. Victorina, pat. Líanger, con 600 cajas de azúcar.;;Victorina;;;gol.;1852_02_28;Cárdenas;;
;;N/A: ;;;Cuyula;pat.;;;;;Do Río la Palma gol. Cármen, pat. Cuyula, con 310 cajas de azúcar.;;Cármen;;;gol.;1852_02_28;Río la Palma;;
;;N/A: ;;;Carbonell;pat.;;;;;Do Cárdenas gol. Marianita, pat. Carbonell, con 300 cajas de azúcar.;;Marianita;;;gol.;1852_02_28;Cárdenas;;
;;N/A:  | N/A: ;;;Carratalá;pt.;;;;;Do Sagua gol. Segunda Rosa, pt. Carratalá, con 125 cajas de azúcar, 400 tercios de tabaco.;;Segunda Rosa;;;gol.;1852_02_28;Sagua;;
;;N/A:  | N/A: ;;;Concepción;pat.;;;;;Do Sagua gol. Eugenia, pat. Concepción, con 122 cajas de azúcar, 20 @ de cera.;;Eugenia;;;gol.;1852_02_28;Sagua;;
;;N/A: ;;;Salvo;pat.;;;;;Del Júcaro gol. Genovera, pat. Salvo, con 550 c. azúcar.;;Genovera;;;gol.;1852_02_28;Júcaro;;
;;N/A:  | N/A: ;;;Escalera;pat.;;;;;Del Júcaro gol. Bolla Cubana, pat. Escalera, con 855 cajas de azúcar, 8 pipas de aguardiente.;;Bolla Cubana;;;gol.;1852_02_28;Júcaro;;
;;N/A: ;;;Loreiro;pat.;;;;;Do Cabanas gol. Cabello Marino, pat. Loreiro, con 350 cajas de azúcar.;;Cabello Marino;;;gol.;1852_02_28;Cabanas;;
;;N/A: ;;;García;pat.;;;;;De Sierra Morena gol. Dos Amigos, pat. García, con 239;;Dos Amigos;;;gol.;1852_02_29;Sierra Morena;;
;;N/A:  | N/A: ;;;Sanchez;pat.;;;;;De Banoz gol. Mercedita, pat. Sanchez, con 109 cajas y 15;;Mercedita;;;gol.;1852_02_29;Banoz;;
;;N/A: ;;;Perez;pat.;;;;;Del Marisol gol. Antonia, pat. Perez, con 199 cajas de azú-;;Antonia;;;gol.;1852_02_29;Marisol;;
;;N/A: ;;;Feliu;pat.;;;;;Del Marisol gol. María, pat. Feliu, con 119 cajas azúcar.;;María;;;gol.;1852_02_29;Marisol;;
;;N/A: ;;;Rodríguez;pat.;;;;;Del Marisol gol. Juana, pat. Rodríguez, con 222 cajas de a-;;Juana;;;gol.;1852_02_29;Marisol;;
;;N/A: ;;;Gonzalez;pat.;;;;;De Baracoa gol. Manuela, pat. Gonzalez, con 38 cajas de a-;;Manuela;;;gol.;1852_02_29;Baracoa;;
;;;;;Barao;pat.;;;;;Del Canal de San Mateo gol. Segunda Anita, pat. Barao-;;Segunda Anita;;;gol.;1852_02_29;Canal de San Mateo;;
;;N/A: ;;;García;pat.;;;;;De Santa Cruz gol. Lina y Silvia, pat. García, con 323 ca-;;Lina y Silvia;;;gol.;1852_02_29;Santa Cruz;;
;;N/A: ;;;García;pat.;;;;;Del Júcaro gol. Ruperta, pat. García, con 655 lb. azúcar.;;Ruperta;;;gol.;1852_02_29;Júcaro;;
;;N/A: ;;;Guiruola;pat.;;;;;De Puerto Escondido gol. Vicenta, pat. Guiruola, con 158;;Vicenta;;;gol.;1852_02_29;Puerto Escondido;;
;;N/A: ;;;Cordero;pat.;;;;;Del Marisol gol. Dolores, pat. Cordero, con 19 cajas de a-;;Dolores;;;gol.;1852_02_29;Marisol;;
;;N/A: ;;;Pagés;pat.;;;;;De Jaruco gol. Natividad, pat. Pagés, con 66 cajas de azú-;;Natividad;;;gol.;1852_02_29;Jaruco;;
;;N/A: ;;;Martírez;pat.;;;;;De Cárdenas gol. Especulación, pat. Martírez, con 360 ca-;;Especulación;;;gol.;1852_02_29;Cárdenas;;
;;N/A: ;;;Pujol;pat.;;;;;De Garden gol. Inés, pat. Pujol, con 150 cajas de azúcar;;Inés;;;gol.;1852_02_29;Garden;;
;;N/A: ;;;Díaz;pat.;;;;;De Cárdenas gol. General Laim, pat. Díaz, con 363 cajas;;General Laim;;;gol.;1852_02_29;Cárdenas;;
;;N/A: ;;;Quoral;pat.;;;;;De Matanzas gol. Ignavita, pat. Quoral, con 459 cajas de azúcar.;;Ignavita;;;gol.;1852_02_29;Matanzas;;
;;N/A: ;;;Puente;pat.;;;;;De Mulaia gol. Potosí, pat. Puente, con 400 tercios de tu-;;Potosí;;;gol.;1852_02_29;Mulaia;;
;;N/A: ;;;Torres;pat.;;;;;Del Júcaro gol. Merceda, pat. Torres, con 380 c. azúcar.;;Merceda;;;gol.;1852_03_02;Júcaro;;
;;N/A: ;;;Arreola;pat.;;;;;Del Marid gol. Manuela, pat. Arreola, con 360 c. azúcar.;;Manuela;;;gol.;1852_03_02;Marid;;
;;N/A: ;;;Vega;pat.;;;;;De Cárdenas gol. Favorita, pat. Vega, con 230 c. azúcar.;;Favorita;;;gol.;1852_03_02;Cárdenas;;
;;N/A: ;;;Marco;pat.;;;;;Del Jaruco gol. Reserva, pat. Marco, con 202 c. azúcar.;;Reserva;;;gol.;1852_03_02;Jaruco;;
;;N/A: ;;;Gomez;pat.;;;;;Del Jucaro gol. Rosita, pat. Gomez, con 50 c. de azúcar.;;Rosita;;;gol.;1852_03_02;Jucaro;;
;;N/A:  | N/A: ;;;Pons;pat.;;;;;De Cabafas gol. Reserva, pat. Pons, con 439 cajas de azúcar, 39 pipas de aguardiente.;;Reserva;;;gol.;1852_03_02;Cabafas;;
;;N/A:  | N/A: ;;;Compan;pat.;;;;;Del Marid gol. Flor de Regla, pat. Compan, con 140 cajas de azúcar, 2 pipas de aguardiente.;;Flor de Regla;;;gol.;1852_03_02;Marid;;
;;N/A: ;;;Peña;pat.;;;;;De Sierra Morena gol. Marta, pat. Peña, con 500 cajas de azúcar.;;Marta;;;gol.;1852_03_02;Sierra Morena;;
;;N/A: ;;;Gonzalez;pat.;;;;;De Sierra-Morena gol. Seis Manuelina, pat. Gonzalez, con 764 cajas de azúcar.;;Seis Manuelina;;;gol.;1852_03_02;Sierra-Morena;;
;;N/A:  | N/A: ;;;Marquez;pat.;;;;;Del Jaruco gol. Lígera, pat. Marquez, con 170 cajas de azúcar, 2 pipas de aguardiente.;;Lígera;;;gol.;1852_03_02;Jaruco;;
;;N/A: ;;;Garcia;pat.;;;;;De Baracoa gol. Bonifacia, pat. Garcia, con 170 c. azúcar.;;Bonifacia;;;gol.;1852_03_02;Baracoa;;
;;N/A: ;;;Cobo;pat.;;;;;De la Traja gol. Neptune, pat. Cobo, con 255 c. azúcar.;;Neptune;;;gol.;1852_03_02;Traja;;
;;N/A:  | N/A:  | N/A: ;;;Pachon;pat.;;;;;De Guane gol. Feliz, pat. Pachon, 60 tercios de tabaco, 50 de cera, 70 cueros.;;Feliz;;;gol.;1852_03_02;Guane;;
;;N/A: ;;;Milian;pat.;;;;;De Cár. cas gol. Arnuacana, pat. Milian, con 315 c. azúcar.;;Arnuacana;;;cas;1852_03_02;Cár.;;
;;N/A: ;;;Palacio;pat.;;;;;De Canari gol. Josefa, pat. Palacio, con 200 c. de azúcar.;;Josefa;;;gol.;1852_03_02;Canari;;
;;N/A:  | N/A:  | N/A: ;;;Alonso;pat.;;;;;De Carahatás gol. Tres Hermanos, pat. Alonso, con 530 cajas de azúcar, 15 pipas de aguardiente, 25 tercios de tabaco.;;Tres Hermanos;;;gol.;1852_03_02;Carahatás;;
;;N/A: ;;;Camurri;pat.;;;;;De Jaruco gol. Prudencia, pat. Camurri, con 170 cajas de azúcar.;;Prudencia;;;gol.;1852_03_02;Jaruco;;
;;N/A: ;;;Cordero;pat.;;;;;De Puerto Escondido gol. Consuelo, pat. Cordero, con 141 cajas de azúcar.;;Consuelo;;;gol.;1852_03_02;Puerto Escondido;;
;;N/A:  | N/A: ;;;Gonzalez;pat.;;;;;De Cabafas gol. Juanita, pat. Gonzalez, con 263 cajas de azúcar, 40 pipas de aguardiente.;;Juanita;;;gol.;1852_03_02;Cabafas;;
;;N/A: ;;;Carballo;pat.;;;;;Del Júcaro gol. Rayo, pat. Carballo, con 320 c. de azúcar.;;Rayo;;;gol.;1852_03_02;Júcaro;;
;;N/A:  | N/A: ;;;Martinez;pat.;;;;;Del Júcaro gol. Lucena, pat. Martinez, con 651 cajas de azúcar, 8 pipas de aguardiente.;;Lucena;;;gol.;1852_03_02;Júcaro;;
;;N/A: ;;;Belfut;pat.;;;;;De Matanzas gol. Antonio, pat. Belfut, con 400 c. azúcar.;;Antonio;;;gol.;1852_03_02;Matanzas;;
;;N/A: ;;;Alonde;pat.;;;;;De Matanzas gol. Dos Hermanos, pat. Alonde, con 510 cajas de azúcar.;;Dos Hermanos;;;gol.;1852_03_02;Matanzas;;
;;N/A:  | N/A: ;;;Rivero;gat.;;;;;De Santa Cruz gol. Hermína, gat. Rivero, con 240 cajas de azúcar, 60 rac. s. de café.;;Hermína;;;gol.;1852_03_02;Santa Cruz;;
;;N/A: ;;;Juan;pat.;;;;;De Cárdenas gol. Camila, pat. Juan, con 570 c. de azúcar.;;Camila;;;gol.;1852_03_02;Cárdenas;;
;;N/A:  | N/A: ;;;Mar;pat.;;;;;Del Jucaro gol. Norma, pat. Mar, con 440 cajas de azúcar, 6 pipas de aguardiente.;;Norma;;;gol.;1852_03_02;Jucaro;;
;;N/A:  | N/A: ;;;Garcia;pat.;;;;;Del Jucaro gol. Ansidad, pat. Garcia, con 850 cajas de azúcar, 10 pipas de aguardiente.;;Ansidad;;;gol.;1852_03_02;Jucaro;;
;;N/A: ;;;Gomez;pat.;;;;;De Matanzas gol. Josefa, pat. Gomez, con 240 c. azúcar.;;Josefa;;;gol.;1852_03_02;Matanzas;;
;;N/A:  | N/A: ;;;Fernandez;pat.;;;;;De Cárdenas gol. Rita, pat. Fernandez, con 180 cajas de azúcar, 111 sacos de café.;;Rita;;;gol.;1852_03_02;Cárdenas;;
;;N/A:  | N/A:  | N/A: ;;;Laguarda;pat.;;;;;De Gihara gol. Mireya, pat. Laguarda, con 160 tercios de tabaco, 100 sacos de café, 200 cueros.;;Mireya;;;gol.;1852_03_02;Gihara;;
;;N/A: ;;;Al micro;pat.;;;;;Do Sierra Morena gol. Tres Am goy, pat. Al micro, con 230;;Tres Am;;;gol.;1852_03_03;Sierra Morena;;
;;N/A: ;;;González;pat.;;;;;De Jaruco gol. Cuatro Hijos, pat. González, con 300 cajas;;Cuatro Hijos;;;gol.;1852_03_03;Jaruco;;
;;N/A: ;;;Pérez;pat.;;;;;De Córdoba gol. Blanquillo, pat. Pérez, con 100 cajas de azúcar.;;Blanquillo;;;gol.;1852_03_03;Córdoba;;
;;N/A: ;;;Chapo;pat.;;;;;De Cárdenas gol. Liger, pat. Chapo, con 500 cajas de azúcar.;;Liger;;;gol.;1852_03_03;Cárdenas;;
;;N/A: ;;;Unico;pat.;;;;;Del Jugo gol. Josina, pat. Unico, con 750 cajas de azúcar.;;Josina;;;gol.;1852_03_03;Jugo;;
;;N/A: ;;;Gierzales;pat.;;;;;Del Jugo gol. Merced, pat. Gierzales, con 225 cajas de azúcar.;;Merced;;;gol.;1852_03_03;Jugo;;
;;N/A: ;;;Barcia;pat.;;;;;Do Banesco gol. Paqueto, pat. Barcia, con 130 cajas de azúcar;;Paqueto;;;gol.;1852_03_03;Banesco;;
;;N/A: ;;;Paez;pat.;;;;;De Canna gol. Mestuela, pat. Paez, con 900 oyes de miel;;Mestuela;;;gol.;1852_03_03;Canna;;
;;N/A:  | N/A: ;;;Savio;pat.;;;;;Del Júcar gol. Genoveva, pat. Savio, con 530 cajas de azúcar, 6 pipas de aguariente.;;Genoveva;;;gol.;1852_03_04;Júcar;;
;;N/A: ;;;Llanger;pat.;;;;;De Cárdenas gol. Victoria, pat. Llanger, con 500 cajas de azúcar.;;Victoria;;;gol.;1852_03_04;Cárdenas;;
;;N/A: ;;;Many;pat.;;;;;De Cárdenas gol. Antonia, pat. Many con 250 c. azúcar.;;Antonia;;;gol.;1852_03_04;Cárdenas;;
;;N/A: ;;;Pico;pat.;;;;;De Cárdenas gol. Regia, pat. Pico con 360 cajas de azúcar.;;Regia;;;gol.;1852_03_04;Cárdenas;;
;;N/A: ;;;Capelo;pat.;;;;;De Sierra Morena gol. Llageria, pat. Capelo, con 400 cajas de azúcar.;;Llageria;;;gol.;1852_03_04;Sierra Morena;;
;;N/A: ;;;Pagés;pat.;;;;;De Jarque gol. Natividad, pat. Pagés, con 208 c. azúcar.;;Natividad;;;gol.;1852_03_04;Jarque;;
;;N/A:  | N/A: ;;;Gonzal.z;pat.;;;;;Del Marí gol. Ataquería, pat. Gonzal.z, con 526 cajas de azúcar, 12 pipas de aguariente.;;Ataquería;;;gol.;1852_03_04;Marí;;
;;N/A: ;;;Sierra;pat.;;;;;De Bahía Honda gol. Diamante, pat. Sierra, con 300 cajas de azúcar.;;Diamante;;;gol.;1852_03_04;Bahía Honda;;
;;N/A:  | N/A:  | N/A:  | N/A: ;;;La Flor;pat.;;;;;De Gibara gol. Veracruzno, pat. La Flor, con 190 tercios de tabaco, 58 millares de tabacos, 58 cientos, 147 c. de vera.;;Veracruzno;;;gol.;1852_03_04;Gibara;;
;;N/A: ;;;Sánchez;pat.;;;;;De Cárdenas gol. Joven G. Riota, pat. Sánchez, con 515 cajas de azúcar.;;Joven G.;;;gol.;1852_03_05;Cárdenas;;
;;N/A: ;;;Marquez;pat.;;;;;De Jaruco gol. Lígera, pat. Marquez, con 172 c. de azúcar.;;Lígera;;;gol.;1852_03_05;Jaruco;;
;;N/A: ;;;Barrio;pat.;;;;;Del Jucaro gol. Margarita, pat. Barrio, con 193 c. azúcar.;;Margarita;;;gol.;1852_03_05;Jucaro;;
;;N/A: ;;;Marin;pat.;;;;;De Sierra-Morena gol. Angelita, pat. Marin, con 595 cajas de azúcar.;;Angelita;;;gol.;1852_03_05;Sierra-Morena;;
;;N/A: ;;;Feijó;pat.;;;;;Del Jucaro gol. Don Sof. a. pat. Feijó, con 310 c. de azúcar.;;Don Sof.;;;gol.;1852_03_05;Jucaro;;
;;N/A:  | N/A: ;;;Laborde;pat.;;;;;Del Jucaro gol. Generala, pat. Laborde, con 525 cajas de azúcar. 50 sacos de café.;;Generala;;;gol.;1852_03_05;Jucaro;;
;;N/A:  | N/A: ;;;Corduro;pat.;;;;;Del Maríl gol. 1 o tres, pat. Corduro, con 226 cajas de azúcar, 10 pipas de aguardiente.;;1 o tres;;;gol.;1852_03_05;Maríl;;
;;N/A: ;;;Felín;pat.;;;;;Del Maríl col. Marpa, pat. Felín, con 140 cajas azúcar.;;Marpa;;;col.;1852_03_05;Maríl;;
;;N/A: ;;;Murtero;pat.;;;;;De Jaruco gol. Reserva, pat. Murtero, con 202 c. azúcar.;;Reserva;;;gol.;1852_03_05;Jaruco;;
;;N/A: ;;;Villarin;pat.;;;;;De Canaíl gol. Correo, pat. Villarin, con 230 c. de azúcar.;;Correo;;;gol.;1852_03_05;Canaíl;;
;;N/A: ;;;Perez;pat.;;;;;Del Maríl gol. Quintina, pat. Perez, con 515 c. de azúcar.;;Quintina;;;gol.;1852_03_05;Maríl;;
;;N/A: ;;;Romagosa;pat.;;;;;Del Jucaro gol. Tres Hermanos, pat. Romagosa, con 281 cajas de azúcar.;;Tres Hermanos;;;gol.;1852_03_05;Jucaro;;
;;N/A: ;;;Escalera;pat.;;;;;Del Jucaro gol. Bella Cubana, pat. Escalera, con 550 cajas de azúcar.;;Bella Cubana;;;gol.;1852_03_05;Jucaro;;
;;N/A:  | N/A: ;;;Ferrer;pat.;;;;;De Babin II nda gol. Clarita, pat. Ferrer, con 280 cajas de azúcar. 12 pipas de aguardiente.;;Clarita;;;gol.;1852_03_05;Babin;;
;;N/A: ;;;Caimurtas;pat.;;;;;De Jaruco gol. Pueden, pat. Caimurtas, con 170 cajas de azúcar.;;Pueden;;;gol.;1852_03_05;Jaruco;;
;;N/A: ;;;Agres;pat.;;;;;Do Matanzas gol. Ad la, pat. Agres, con 430 c. de azúcar.;;Ad la;;;gol.;1852_03_05;Matanzas;;
;;N/A:  | N/A: ;;;Paluier;pat.;;;;;De Carabias gol. Di, pat. Paluier, con 350 cajas de azúcar. 6 pipas de aguardiente.;;Di;;;gol.;1852_03_05;Carabias;;
;;N/A:  | N/A: ;;;Bisquet;pat.;;;;;De Gibara gol. Cefiro, pat. Bisquet, con 63 tercios de tabaco. 924 mililitros de tabaco.;;Cefiro;;;gol.;1852_03_05;Gibara;;
;;N/A:  | N/A: ;;;Sevilla;pat.;;;;;De Navitas gol. Agüera de Oro, pat. Sevilla, con 853 cajas. 5 millones de tabaco. 2-4 c. de cera.;;Agüera de Oro;;;gol.;1852_03_05;Navitas;;
;;N/A: ;;;García;pat.;;;;;De Cárdenas gol. Juana Ruporta, pat. García, con 560 cajas;;Juana Ruporta;;;gol.;1852_03_06;Cárdenas;;
;;N/A: ;;;Martínez;pat.;;;;;"De Cárdenas gol. Especulación; pat. Martínez, con 230 ca-";;Especulación;;;gol.;1852_03_06;Cárdenas;;
;;N/A: ;;;Quirola;pat.;;;;;De Puerto Escondido gol. Vicenta, pat. Quirola, con 158;;Vicenta;;;gol.;1852_03_06;Puerto Escondido;;
;;N/A: ;;;Palacio;pat.;;;;;Del Canas gol. Jorcera, pat. Palacio, con 200 cajas azúcar.;;Jorcera;;;gol.;1852_03_06;Canas;;
;;N/A: ;;;Díez;pat.;;;;;Del Júcar gol. General Lamar, pat. Díez, con 380 cajas de;;General Lamar;;;gol.;1852_03_06;Júcar;;
;;N/A: ;;;Carbonell;pat.;;;;;De Cárdenas gol. Marianita, pat. Carbonell, con 300 cajas;;Marianita;;;gol.;1852_03_06;Cárdenas;;
;;N/A: ;;;Mas;pat.;;;;;Del Júcar gol. Norma, pat. Mas, 410 cajas de azúcar, 6;;Norma;;;gol.;1852_03_06;Júcar;;
;;N/A: ;;;García;pat.;;;;;De Rowerdios gol. Industria, pat. García, con 600 cajas de;;Industria;;;gol.;1852_03_06;Rowerdios;;
;;N/A: ;;;García;pat.;;;;;De Sierra Morena gol. Dos Amigos, pat. García, con 230 ca-;;Dos Amigos;;;gol.;1852_03_07;Sierra Morena;;
;;N/A: ;;;Rosa;pat.;;;;;De Cárdenas gol. Clio, pat. Rosa, con 560 cajas de azúcar.;;Clio;;;gol.;1852_03_07;Cárdenas;;
;;N/A: ;;;Gonzal-z;pat.;;;;;De Jaruco gol. Cuatro Hijos, pat. Gonzal-z, con 300 cajas;;Cuatro Hijos;;;gol.;1852_03_07;Jaruco;;
;;N/A: ;;;Rodríguez;pat.;;;;;Del Marisol gol. Justa, pat. Rodríguez, con 195 cajas de azú-;;Justa;;;gol.;1852_03_07;Marisol;;
;;N/A: ;;;Aroelu;pat.;;;;;Del Marisol gol. Manuela, pat. Aroelu, con 300 cajas de azú-;;Manuela;;;gol.;1852_03_07;Marisol;;
;;N/A: ;;;Lercero;pat.;;;;;De Cabañas gol. Caballo Marino, pat. Lercero, con 350 ca-;;Caballo Marino;;;gol.;1852_03_07;Cabañas;;
;;N/A: ;;;Lórens;pat.;;;;;De Jaruco gol. Regla, pat. Lórens, con 125 c. de azúcar.;;Regla;;;gol.;1852_03_07;Jaruco;;
;;N/A: ;;;García;pat.;;;;;De Santa Cruz gol. Lina y Selva, pat. García, con 225 ca-;;Lina y Selva;;;gol.;1852_03_07;Santa Cruz;;
;;N/A: ;;;González;pat.;;;;;De Cabahas gol. Junnita, pat. González, con 200 c. azúcar.;;Junnita;;;gol.;1852_03_07;Cabahas;;
;;N/A: ;;;Martínez;pat.;;;;;Del Júcaro gol. Lucena, pat. Martínez, con 620 c. azúcar.;;Lucena;;;gol.;1852_03_07;Júcaro;;
;;N/A: ;;;Ceyuna;pat.;;;;;De Rio la Palma gol. Carmen, pat. Ceyuna, con 500 cajas;;Carmen;;;gol.;1852_03_07;Rio la Palma;;
;;N/A: ;;;Badaró;pat.;;;;;De Bajas gol. Reglita, pat. Badaró, con 255 tercios de ta-;;Reglita;;;gol.;1852_03_07;Bajas;;
;;N/A: ;;;Prieto;pat.;;;;;De la Mulata gol. Marianita, pat. Prieto, con 200 tercios;;Marianita;;;gol.;1852_03_07;la Mulata;;
;;N/A: ;;;Gutiérrez;pat.;;;;;De Cabañas gol. Los Amigos, pat. Gutiérrez, con 200 cajas;;Los Amigos;;;gol.;1852_03_09;Cabañas;;
;;N/A: ;;;Feliu;pat.;;;;;Del Marle' gol. María, pat. Feliu, con 110 cajas de azúcar.;;María;;;gol.;1852_03_09;Marle';;
;;N/A: ;;;Gomez;pat.;;;;;Del Jucaro gol. Rosita, pat. Gomez, con 500 c. de azúcar.;;Rosita;;;gol.;1852_03_09;Jucaro;;
;;N/A: ;;;Marrero;pat.;;;;;Do Jaruco gol. Reverón, pat. Marrero, con 201 c. de azúcar;;Reverón;;;gol.;1852_03_09;Jaruco;;
;;N/A: ;;;Fernandez;pat.;;;;;Do la Ortigosa gol. Elvira, pat. Fernandez con 216 cajas de;;Elvira;;;gol.;1852_03_09;la Ortigosa;;
;;N/A: ;;;Nobo;pat.;;;;;Del Jucaro gol. Prosperidad, pat. Nobo, con 700 cajas de;;Prosperidad;;;gol.;1852_03_09;Jucaro;;
;;N/A: ;;;Pagés;pat.;;;;;De Jaruco go. Natividad, pat. Pagés, con 198 cajas de a-;;Natividad;;;go.;1852_03_09;Jaruco;;
;;N/A: ;;;Campos;pat.;;;;;De Cárdenas gol. Lígeros, pat. Campos, con 300 c. azúcar.;;Lígeros;;;gol.;1852_03_09;Cárdenas;;
;;N/A: ;;;Torrea;pat.;;;;;De la Teja gol. Dorotea, pat. Torrea, con 340 caja azúcar.;;Dorotea;;;gol.;1852_03_09;la Teja;;
;;N/A: ;;;Gonzalez;pat.;;;;;De Biraña gol. Manuela, pat. Gonzalez, con 75 cajas de a-;;Manuela;;;gol.;1852_03_09;Biraña;;
;;N/A: ;;;Perez;pat.;;;;;Del Marle gol. Antonia, pat. Perez, con 214 c. de azúcar.;;Antonia;;;gol.;1852_03_09;Marle;;
;;N/A: ;;;Jun;pat.;;;;;Del Jucaro gol. Camila, pat. Jun, con 550 cajas de azúcar.;;Camila;;;gol.;1852_03_09;Jucaro;;
;;N/A: ;;;Carriilo;pat.;;;;;Del Jucaro gol. Rayo, pat. Carriilo, con 520 c. de azúcar.;;Rayo;;;gol.;1852_03_09;Jucaro;;
;;N/A: ;;;Lopez;pat.;;;;;De Cárdenas gol. Panchita, pat. Lopez, con 350 cajas de a-;;Panchita;;;gol.;1852_03_09;Cárdenas;;
;;N/A: ;;;Gonzalez;pat.;;;;;Del Marle gol. Altagracia, pat. Gonzalez, ton 310 cajas de;;Altagracia;;;gol.;1852_03_09;Marle;;
;;N/A: ;;;Sanchez;pat.;;;;;De Banes gol. Merced, pat. Sanchez, con 110 cajas de azu-;;Merced;;;gol.;1852_03_09;Banes;;
;;N/A: ;;;Navoira;pat.;;;;;De Matanzas gol. Merced, pat. Navoira, con 200 c. azúcar.;;Merced;;;gol.;1852_03_09;Matanzas;;
;;N/A: ;;;Pujol;pat.;;;;;De Cárdenas gol. Inés, pat. Pujol, con 280 cajas de azúcar,;;Inés;;;gol.;1852_03_09;Cárdenas;;
;;N/A: ;;;Queran';pat.;;;;;De Matanzas gol. Ignacita, pat. Queran', con 470 cajas de;;Ignacita;;;gol.;1852_03_09;Matanzas;;
;;N/A: ;;;Alorde;pat.;;;;;De Matanzas gol. Dos Hermanas, pat. Alorde, con 380 ca-;;Dos Hermanas;;;gol.;1852_03_09;Matanzas;;
;;N/A: ;;;Calvo;pat.;;;;;Del Jucaro gol. Josefin, pat. Calvo, con 750 cajas de azú-;;Josefin;;;gol.;1852_03_09;Jucaro;;
;;N/A: ;;;Bolfat;pat.;;;;;De Matanzas gol. Antonia, pat. Bolfat, con 143 c. azúcar.;;Antonia;;;gol.;1852_03_09;Matanzas;;
;;N/A: ;;;Garcia;pat.;;;;;Del Jucaro gol. Amistad, pat. Garcia, con 351 cajas de a-;;Amistad;;;gol.;1852_03_09;Jucaro;;
;;N/A: ;;;Escandell;pat.;;;;;Do Bahía Honda gol. Antonia, pat. Escandell, con 250 ca-;;Antonia;;;gol.;1852_03_09;Bahía Honda;;
;;N/A: ;;;Vega;pat.;;;;;Do Cárdenas gol. Favorita, pat. Vega, con 250 c. de azúcar.;;Favorita;;;gol.;1852_03_10;Cárdenas;;
;;N/A: ;;;Perez;pat.;;;;;Do Cárdenas gol. Blanca, pat. Perez, con 700 c. azúcar.;;Blanca;;;gol.;1852_03_10;Cárdenas;;
;;N/A: ;;;Cordero;pat.;;;;;Del Marici gol. Dolores, pat. Cordero, con 156 c. azúcar.;;Dolores;;;gol.;1852_03_10;Marici;;
;;N/A: ;;;Pons;pat.;;;;;Do Cabañas gol. Reserva, pat. Pons, con 400 c. de azúcar.;;Reserva;;;gol.;1852_03_10;Cabañas;;
;;N/A: ;;;Laborde;pat.;;;;;Do Cárdenas gol. Generala, pat. Laborde, con 350 cajas de azúcar.;;Generala;;;gol.;1852_03_10;Cárdenas;;
;;N/A: ;;;Fierro;pat.;;;;;Del Júcaro gol. Vengativa, pat. Fierro, con 606 c. azúcar.;;Vengativa;;;gol.;1852_03_10;Júcaro;;
;;N/A: ;;;Móny;pat.;;;;;Do Cárdenas gol. Antonia, pat. Móny, con 200 c. azúcar.;;Antonia;;;gol.;1852_03_10;Cárdenas;;
;;N/A: ;;;Hurtado;pat.;;;;;Do Canari gol. Galata, pat. Hurtado, con 175 c. azúcar.;;Galata;;;gol.;1852_03_10;Canari;;
;;N/A: ;;;Cámara;pat.;;;;;Do Jaruco gol. Prudencia, pat. Cámara, con 175 c. azúcar.;;Prudencia;;;gol.;1852_03_10;Jaruco;;
;;N/A: ;;;Sucre;pat.;;;;;Do Cárdenas gol. Villanueva, pat. Sucre, con 600 cajas de azúcar.;;Villanueva;;;gol.;1852_03_10;Cárdenas;;
;;N/A: ;;;Barcia;pat.;;;;;Do Bines gol. Paquete, pat. Barcia, con 138 cajas de azúcar.;;Paquete;;;gol.;1852_03_10;Bines;;
;;N/A: ;;;Palet;pat.;;;;;Do Canari gol. Manuel, pat. Palet, con 270 c. de azúcar.;;Manuel;;;gol.;1852_03_10;Canari;;
;;N/A: ;;;Palacio;pat.;;;;;Do Canari gol. Josefa, pat. Palacio, con 200 c. azúcar.;;Josefa;;;gol.;1852_03_10;Canari;;
;;N/A: ;;;Iglesias;pat.;;;;;Do Canari gol. Consuelo, pat. Iglesias, con 25 c. de azúcar.;;Consuelo;;;gol.;1852_03_10;Canari;;
;;N/A: ;;;González;pat.;;;;;Del Júcaro gol. Merced, pat. González, con 175 c. azúcar.;;Merced;;;gol.;1852_03_10;Júcaro;;
;;N/A:  | N/A: ;;;Escalera;pat.;;;;;Del Júcaro gol. Beila Cubana, pat. Escalera, con 555 cajas de azúcar, 10 pipas de aguardiente.;;Beila Cubana;;;gol.;1852_03_10;Júcaro;;
;;N/A: ;;;Millian;pat.;;;;;De Cárdenas gol. Araucana, pat. Millian, con 310 cajas de;;Araucana;;;gol.;1852_03_11;Cárdenas;;
;;N/A: ;;;Quirola;pat.;;;;;De Puerto Escondido gol. Vicenta, pat. Quirola, con 136;;Vicenta;;;gol.;1852_03_11;Puerto Escondido;;
;;N/A: ;;;Marquez;pat.;;;;;de Jaruco gol. Líger, pat. Marquez, con 172 cajas de azú-;;Líger;;;gol.;1852_03_11;Jaruco;;
;;N/A: ;;;Llanger;pat.;;;;;De Cárdenas gol. Victoria, pat. Llanger, con 500 cajas de;;Victoria;;;gol.;1852_03_11;Cárdenas;;
;;;;;Gonzalez;pat.;;;;;De Sierra-Morcuña gol. Seis Manueles, pat. Gonzalez, con;;Seis Manueles;;;gol.;1852_03_11;Sierra-Morcuña;;
;;N/A: ;;;Cobos;pat.;;;;;De la Teja gol. Neptuno, pat. Cobos, con 230 c. de azúcar.;;Neptuno;;;gol.;1852_03_11;la Teja;;
;;N/A: ;;;Rodríguez;pat.;;;;;Del Maríel gol. Ju- ta, pat. Rodríguez, con 222 cajas de a-;;Ju- ta;;;gol.;1852_03_11;Maríel;;
;;N/A: ;;;Fluxat;pat.;;;;;De Cabucoa gol. Segunda Amistad, pat. Fluxat, con 160;;Segunda Amistad;;;gol.;1852_03_11;Cabucoa;;
;;N/A: ;;;Arocha;pat.;;;;;Del Maríel gol. Manueles, pat. Arocha, con 325 c. azúcar.;;Manueles;;;gol.;1852_03_11;Maríel;;
;;N/A: ;;;Salvo;pat.;;;;;Del Júcaro gol. Genoveva, pat. Salvo, con 300 c. de azúcar.;;Genoveva;;;gol.;1852_03_11;Júcaro;;
;;N/A: ;;;Rivero;pat.;;;;;Do Santa Cruz gol. Hermita, pat. Rivero, con 250 cajas;;Hermita;;;gol.;1852_03_11;Santa Cruz;;
;;N/A: ;;;Lorenc;pat.;;;;;De Júcaro gol. Rogla, pat. Lorenc, con 60 cajas de azúcar,;;Rogla;;;gol.;1852_03_11;Júcaro;;
;;N/A: ;;;Marrero;pat.;;;;;Do Jaruco gol. Reserva, pat. Marrero, con 200 c. azúcar.;;Reserva;;;gol.;1852_03_12;Jaruco;;
;;N/A: ;;;Villarin;pat.;;;;;De Canasí gol. Correo, pat. Villarin, con 250 c. azúcar.;;Correo;;;gol.;1852_03_12;Canasí;;
;;N/A:  | N/A:  | N/A: ;;;Gómez;pat.;;;;;Do Cabahús gol. Juanita, pat. Gómez, con 354 cajas de azúcar, 11 sacos de café, 20 pipas de aguardiente.;;Juanita;;;gol.;1852_03_12;Cabahús;;
;;N/A:  | N/A: ;;;Oliver;pat.;;;;;Do Cárdenas gol. Rita, pat. Oliver, con 510 cajas de azúcar, 60 sacos de café.;;Rita;;;gol.;1852_03_12;Cárdenas;;
;;N/A: ;;;Mas;pat.;;;;;Del Júcaro gol. Norma, pat. Mas, con 410 c. de azúcar.;;Norma;;;gol.;1852_03_12;Júcaro;;
;;N/A: ;;;Martínez;pat.;;;;;Del Júcaro gol. Lucina, pat. Martínez, con 650 c. azúcar.;;Lucina;;;gol.;1852_03_12;Júcaro;;
;;N/A: ;;;Gómez;pat.;;;;;Do Mutanzas gol. Josefi, pat. Gómez, con 130 c. azúcar.;;Josefi;;;gol.;1852_03_12;Mutanzas;;
;;N/A: ;;;Castro;pat.;;;;;Del Morrillo gol. Torosita, pat. Castro, con 200 c. azúcar.;;Torosita;;;gol.;1852_03_12;Morrillo;;
;;N/A:  | N/A: ;;;Segui;pat.;;;;;Do la Tola gol. Cuatro Nietos, pat. Segui, con 130 cajas de azúcar, 109 hocoyes de miel.;;Cuatro Nietos;;;gol.;1852_03_13;la Tola;;
;;N/A: ;;;Pagét;pat.;;;;;Del Jaruco gol. Natividad, pat. Pagét, con 205 c. azúcar.;;Natividad;;;gol.;1852_03_13;Jaruco;;
;;N/A: ;;;Sanchez;pat.;;;;;Del Jucaro gol. Joven Carlota, pat. Sanchez, con 315 cajas de azúcar.;;Joven Carlota;;;gol.;1852_03_13;Jucaro;;
;;N/A: ;;;Feliu;pat.;;;;;Del Mariel gol. Maria, pat. Feliu, con 110 rajas de azúcar.;;Maria;;;gol.;1852_03_13;Mariel;;
;;N/A:  | N/A: ;;;Sanchez;pat.;;;;;De Banes gol. Merced, pat. Sanchez, con 105 cajas y 20 rajas de azúcar.;;Merced;;;gol.;1852_03_13;Banes;;
;;N/A: ;;;Serrano;pt.;;;;;De Cárdenas gol. Manuela, pt. Serrano, con 350 c. azúcar.;;Manuela;;;gol.;1852_03_13;Cárdenas;;
;;N/A: ;;;Marroño;pat.;;;;;De Sierra Morena gol. Tres Amigos, pat. Marroño, con 324 cajas de azúcar.;;Tres Amigos;;;gol.;1852_03_13;Sierra Morena;;
;;N/A:  | N/A: ;;;Torres;pat.;;;;;Del Júcaro gol. Merced, pat. Torres, con con 380 cajas de azúcar, 6 pipas de aguardiente.;;Merced;;;gol.;1852_03_13;Júcaro;;
;;N/A:  | N/A: ;;;L'uento;pat.;;;;;De Mulata gol. Potosí, pat. L'uento, con 130 rajas de azúcar, 25 pipas de aguardiente.;;Potosí;;;gol.;1852_03_13;Mulata;;
;;N/A: ;;;García;pat.;;;;;De Cabañas gol. Turasito, pat. García, con 340 c. azúcar.;;Turasito;;;gol.;1852_03_13;Cabañas;;
;;N/A: ;;;Carbonell;pat.;;;;;De Cárdenas gol. Marianita, pat. Carbonell, con 240 cajas de azúcar.;;Marianita;;;gol.;1852_03_13;Cárdenas;;
;;N/A: ;;;Agro;pat.;;;;;De Matanzas gol. Adela, pat. Agro, con 150 c. de azúcar.;;Adela;;;gol.;1852_03_13;Matanzas;;
;;N/A:  | N/A: ;;;Cuívo;pat.;;;;;Del Júcaro gol. Josefin, pat. Cuívo, con 700 cajas de azúcar, 10 pipas de aguardiente.;;Josefin;;;gol.;1852_03_13;Júcaro;;
;;N/A: ;;;Diego;pat.;;;;;De los Porros gol. Restaurada, pat. Diego, con 120 cajas de azúcar.;;Restaurada;;;gol.;1852_03_13;los Porros;;
;;N/A:  | N/A:  | N/A: ;;;Anciano;pat.;;;;;De Remedios gol. Merced, pat. Anciano, con 100 tercios de tabaco, 200 @ do cara, 50 cueros.;;Merced;;;gol.;1852_03_13;Remedios;;
;;N/A:  | N/A: ;;;Arocha;pat.;;;;;De Cárdenas gol. Mascula, pat. Arocha, con 233 o. azúcar, 600 cajón de café.;;Mascula;;;gol.;1852_03_14;Cárdenas;;
;;N/A:  | N/A: ;;;Pérez;pat.;;;;;Del Mariel gol. Quintín, pat. Pérez, con 316 cajas de azúcar, 8 millares de zanacón.;;Quintín;;;gol.;1852_03_14;Mariel;;
;;N/A: ;;;Martínez;pat.;;;;;De Cárdenas gol. Especulación, pat. Martínez, con 880 cajas de azúcar.;;Especulación;;;gol.;1852_03_14;Cárdenas;;
;;N/A: ;;;Gonzales;pat.;;;;;De Cárdenas gol. Habensera, pat. Gonzales, con 259 cajas de azúcar.;;Habensera;;;gol.;1852_03_14;Cárdenas;;
;;N/A: ;;;García;pat.;;;;;De Gardenas gol. Ruperta, pat. García, con 600 c. azúcar.;;Ruperta;;;gol.;1852_03_14;Gardenas;;
;;N/A: ;;;Cammeral;pat.;;;;;De Jarama gol. Prudencio, pat. Cammeral, con 175 cajas de azúcar.;;Prudencio;;;gol.;1852_03_14;Jarama;;
;;N/A: ;;;Palacio;pat.;;;;;De Canasi, gol. Iogel, pat. Palacio, con 200 o. do azúcar.;;Iogel;;;gol.;1852_03_14;Canasi;;
;;N/A:  | N/A: ;;;Pérez;pat.;;;;;Del Mariel gol. Áltoula, pat. Pérez, con 143 cajas de azúcar, 873 píld. de azúcar.;;Áltoula;;;gol.;1852_03_14;Mariel;;
;;N/A:  | N/A: ;;;Díaz;pat.;;;;;De Cárdenas gol. General Lázar, pat. Díaz, con 330 cajas de azúcar, 6 cajas de aguardiente.;;General Lázar;;;gol.;1852_03_14;Cárdenas;;
;;N/A:  | N/A: ;;;Sierra;pat.;;;;;De Bahía Hunda gol. Diamante, pat. Sierra, con 203 cajas de azúcar, 10 @ de cera.;;Diamante;;;gol.;1852_03_14;Bahía Hunda;;
;;N/A: ;;;Huitado;pat.;;;;;De Cárdenas gol. (Gran Canal), pat. Huitado, con 80 millares de tabaco.;;(Gran Canal);;;gol.;1852_03_14;Cárdenas;;
;;N/A:  | N/A: ;;;Genzaic;pat.;;;;;Del Marisol gol. Altigrasia, pat. Genzaic, con 290 cajas de azúcar, 31 sacos de café.;;Altigrasia;;;gol.;1852_03_16;Marisol;;
;;N/A: ;;;Campos;pat.;;;;;De Cárdenas gol. Lígera, pat. Campos, con 300 c. azúcar.;;Lígera;;;gol.;1852_03_16;Cárdenas;;
;;N/A:  | N/A: ;;;Viguera;pat.;;;;;De Jaruco gol. Lígera, pat. Viguera, con 172 cajas de azúcar, 4 pipas de aguardiente.;;Lígera;;;gol.;1852_03_16;Jaruco;;
;;N/A: ;;;Compan;pat.;;;;;Del Marisol gol. Flor do Regla, pat. Compan, con 150 cajas de azúcar.;;Flor do Regla;;;gol.;1852_03_16;Marisol;;
;;N/A: ;;;Labor lo;pat.;;;;;De Cárdenas gol. Generala, pat. Labor lo, con 350 cajas de azúcar.;;Generala;;;gol.;1852_03_16;Cárdenas;;
;;N/A: ;;;Cordoro;pat.;;;;;Del Marisol gol. Dolores, pat. Cordoro, con 197 c. de azúcar;;Dolores;;;gol.;1852_03_16;Marisol;;
;;N/A: ;;;Marreco;pat.;;;;;De Jaruco gol. reserva, pat. Marreco, con 241 c. de azúcar.;;reserva;;;gol.;1852_03_16;Jaruco;;
;;N/A:  | N/A: ;;;García;pat.;;;;;De Sierra Morena gol. Dos Amigos, pat. García, con 220 cajas de azúcar, 15 pipas de aguardiente.;;Dos Amigos;;;gol.;1852_03_16;Sierra Morena;;
;;N/A:  | N/A: ;;;Loresco;pat.;;;;;De Cubanas gol. Caballo Marino, pat. Loresco, con 359 cajas de azúcar, 20 pipas de aguardiente.;;Caballo Marino;;;gol.;1852_03_16;Cubanas;;
;;N/A:  | N/A: ;;;Rodríguez;pat.;;;;;Del Marisol gol. Justa, pat. Rodríguez, con 219 cajas de azúcar, 6 pipas de aguardiente.;;Justa;;;gol.;1852_03_16;Marisol;;
;;N/A: ;;;Romagosa;pat.;;;;;De Cárdenas gol. Tres Hermanos, pat. Romagosa, con 280 cajas de azúcar.;;Tres Hermanos;;;gol.;1852_03_16;Cárdenas;;
;;N/A: ;;;Gomez;pat.;;;;;Del Jucaro gol. Rosita, pat. Gomez, con 500 c. de azúcar;;Rosita;;;gol.;1852_03_16;Jucaro;;
;;N/A: ;;;Murri;pat.;;;;;De Sierra Morena gol. Angolita, pat. Murri, con 510 cajas.;;Angolita;;;gol.;1852_03_16;Sierra Morena;;
;;N/A: ;;;Paet;pat.;;;;;De Canasí gol. Manucia, pat. Paet, con 270 c. de azúcar.;;Manucia;;;gol.;1852_03_16;Canasí;;
;;N/A: ;;;Alongo;pat.;;;;;De Carahatas gol. Tres Hermanos, pat. Alongo, con 550 cajas de azúcar.;;Tres Hermanos;;;gol.;1852_03_16;Carahatas;;
;;N/A:  | N/A:  | N/A:  | N/A: ;;;Várci;pat.;;;;;De Santa Cruz gol. Lina y Silvia, pat. Várci, con 205 cajas de azúcar, 37 sacos de café, 5 quarterolas miel de abajas, 12 @ de cera.;;Lina y Silvia;;;gol.;1852_03_16;Santa Cruz;;
;;N/A: ;;;Carballo;pat.;;;;;Del Jucaro gol. Rayo, pat. Carballo, con 550 cajas azúcar.;;Rayo;;;gol.;1852_03_16;Jucaro;;
;;N/A: ;;;Queral;pat.;;;;;De Matanzas gol. Ignacio, pat. Queral, con 440 c. azúcar.;;Ignacio;;;gol.;1852_03_16;Matanzas;;
;;N/A: ;;;Juan;pat.;;;;;De Cárdenas gol. Cami'n, pat. Juan, con 370 c. de azúcar.;;Cami'n;;;gol.;1852_03_16;Cárdenas;;
;;N/A:  | N/A: ;;;Suivo;pat.;;;;;Del Jucaro gol. Genoveva, pat. Suivo, con 530 cajas de azúcar, 6 pipas de aguardiente.;;Genoveva;;;gol.;1852_03_16;Jucaro;;
;;N/A: ;;;Ferrer;pat.;;;;;De Bahía Honda gol. Clarita, pat. Ferrer, con 250 cajas de;;Clarita;;;gol.;1852_03_17;Bahía Honda;;
;;N/A: ;;;Fernandez;pat.;;;;;De Bahía Honda gol. Elvira, pat. Fernandez, con 309 cajas;;Elvira;;;gol.;1852_03_17;Bahía Honda;;
;;N/A: ;;;Gutierrez;pat.;;;;;De Cabanas gol. Dos Amigos, pat. Gutierrez, con 280 cajas;;Dos Amigos;;;gol.;1852_03_17;Cabanas;;
;;N/A: ;;;Gonzalez;pat.;;;;;De Jaruco gol. Cuatro Hijos, pat. Gonzalez, con 305 cajas;;Cuatro Hijos;;;gol.;1852_03_17;Jaruco;;
;;N/A: ;;;Bore;pat.;;;;;De Cárdenas gol. Clío, pat. Bore, con 560 cajas de azúcar,;;Clío;;;gol.;1852_03_17;Cárdenas;;
;;N/A: ;;;Aluny;pat.;;;;;De Cárdenas gol. Antoniu, pat. Aluny, con 50 c. azúcar.;;Antoniu;;;gol.;1852_03_17;Cárdenas;;
;;N/A: ;;;Schlido;pat.;;;;;De Jaruco gol. Dichoza, patron Schlido, con 33 bocoyes;;Dichoza;;;gol.;1852_03_17;Jaruco;;
;;N/A: ;;;Perez;pat.;;;;;De Cárdenas gol. Blanca, pat. Perez, con 700 c. de azúcar.;;Blanca;;;gol.;1852_03_18;Cárdenas;;
;;N/A: ;;;Bariño;pat.;;;;;De Cárdenas gol. Margarita, pat. Bariño, con 190 cajas de azúcar.;;Margarita;;;gol.;1852_03_18;Cárdenas;;
;;N/A:  | N/A:  | N/A: ;;;Arocha;pat.;;;;;Del Maríel gol. Manuela, pat. Arocha, con 248 cajas de azúcar, 70 sacos de café, 6 pipas de aguardiente.;;Manuela;;;gol.;1852_03_18;Maríel;;
;;N/A:  | N/A: ;;;Cordero;pat.;;;;;De Puerto Escondido gol. Consuelo, pat. Cordero, con 142 cajas de azúcar, 30 @ de cera.;;Consuelo;;;gol.;1852_03_18;Puerto Escondido;;
;;N/A: ;;;Gonzalez;pat.;;;;;De Baracoa gol. Manuel, pat. Gonzalez, con 100 cajas de azúcar.;;Manuel;;;gol.;1852_03_18;Baracoa;;
;;N/A: ;;;Martínez;pat.;;;;;Del Júcaro gol. Lucina, pat. Martínez, 62@, de azúcar.;;Lucina;;;gol.;1852_03_18;Júcaro;;
;;N/A:  | N/A: ;;;Escalera;pat.;;;;;Del Júcaro gol. Bulla Cubana, pat. Escalera, con 550 cajas de azúcar, 10 pipas de aguardiente.;;Bulla Cubana;;;gol.;1852_03_18;Júcaro;;
;;N/A:  | N/A:  | N/A: ;;;Gonzalez;pat.;;;;;De Cabañas gol. Juanita, pat. Gonzalez, con 230 cajas de azúcar, 90 sacos de café, 20 pipas de aguardiente.;;Juanita;;;gol.;1852_03_18;Cabañas;;
;;N/A:  | N/A:  | N/A: ;;;Morón;pat.;;;;;De Guane gol. Centella, pat. Morón, con 219 torcios de tabaco, 100 cueros, 50 @ de cera.;;Centella;;;gol.;1852_03_18;Guane;;
;;N/A: ;;;Pons;pat.;;;;;De Gabarrán gol. Reserva, pat. Pons, con 400 cajas de azú-;;Reserva;;;gol.;1852_03_19;Gabarrán;;
;;N/A: ;;;Perez;pat.;;;;;Del Mariel gol. Antonia, pat. Perez, con 210 e. de azúcar.;;Antonia;;;gol.;1852_03_19;Mariel;;
;;N/A: ;;;Barcia;pat.;;;;;Del Banes gol. Paquete, pat. Barcia, con 100 cajas de azúcar,;;Paquete;;;gol.;1852_03_19;Banes;;
;;N/A: ;;;Vega;pat.;;;;;Del Júcaro gol. Favorita, pat. Vega, con 210 c. azúcar.;;Favorita;;;gol.;1852_03_20;Júcaro;;
;;N/A: ;;;Pagés;pat.;;;;;Del Júcaro gol. Natividad, pat. Pagés, con 203 c. de azúcar.;;Natividad;;;gol.;1852_03_20;Júcaro;;
;;N/A: ;;;Mas;pat.;;;;;Del Júcaro gol. Norma, pat. Mas, con 440 cajas de azúcar,;;Norma;;;gol.;1852_03_20;Júcaro;;
;;N/A: ;;;Millán;pat.;;;;;Del Júcaro gol. Araucana, pat. Millán, con 300 c. azúcar.;;Araucana;;;gol.;1852_03_20;Júcaro;;
;;N/A: ;;;Calvo;pat.;;;;;Del Júcaro gol. Jos fin, pat. Calvo, con 750 cajas azúcar.;;Jos fin;;;gol.;1852_03_20;Júcaro;;
;;N/A: ;;;Sánchez;pat.;;;;;De Bahía Honda gol. Carinita, pat. Sánchez, con 270 cajas;;Carinita;;;gol.;1852_03_20;Bahía Honda;;
;;N/A: ;;;Cuyula;pat.;;;;;De Río la Pasion gol. Carmen, pat. Cuyula, con 310 cajas;;Carmen;;;gol.;1852_03_20;Río la Pasion;;
;;N/A: ;;;García;pat.;;;;;De Cabahas gol. Teresita, pat. García, con 300 c. azúcar;;Teresita;;;gol.;1852_03_20;Cabahas;;
;;N/A: ;;;Encogat;pat.;;;;;De Sierra-Morena gol. Melezu dora, pat. Encogat, con 410;;Melezu dora;;;gol.;1852_03_20;Sierra-Morena;;
;;N/A: ;;;Pujol;pat.;;;;;De Cárdenas gol. Inés, pat. Pujol, con 200 cajas de azúcar;;Inés;;;gol.;1852_03_20;Cárdenas;;
;;N/A: ;;;González;pat.;;;;;Del Júcaro gol. Mercod, pat. González, con 374 cajas de a-;;Mercod;;;gol.;1852_03_20;Júcaro;;
;;N/A: ;;;Carboneil;pat.;;;;;De Cárdenas gol. Marininita, pat. Carboneil, con 230 cajas;;Marininita;;;gol.;1852_03_20;Cárdenas;;
;;N/A: ;;;Suero;pat.;;;;;De Cárdenas gol. Villanueva, pat. Suero, con 200 cajas de;;Villanueva;;;gol.;1852_03_20;Cárdenas;;
;;N/A: ;;;Belfat;pat.;;;;;De Matanzas gol. Antonia, pat. Belfat, con 400 c. azúcar.;;Antonia;;;gol.;1852_03_20;Matanzas;;
;;N/A: ;;;Llanger;pat.;;;;;De Cárdenas gol. Victoria, pat. Llanger, con 308 cajas de;;Victoria;;;gol.;1852_03_20;Cárdenas;;
;;N/A: ;;;González;pat.;;;;;De Cárdenas gol. Habanera, pat. González, con 225 cajas;;Habanera;;;gol.;1852_03_20;Cárdenas;;
;;N/A: ;;;Garcia;pat.;;;;;Del Jueca gol. Aunistad, pat. Garcia, con 620 c. de azúcar;;Aunistad;;;gol.;1852_03_21;Jueca;;
;;N/A: ;;;;pat.;;;;;De Sierra Morena gol. Maita, pat. Perú, con 520 cajas de;Perú;Maita;;;gol.;1852_03_21;Sierra Morena;;
;;N/A: ;;;Sanchez;pat.;;;;;Do Panes gol. M. reed, pat. Sanchez, con 58 cajas de azúcar;;M. reed;;;gol.;1852_03_21;Panes;;
;;N/A: ;;;Caimurias;pat.;;;;;De Baracoa gol. Frudencia, pat. Caimurias, con 170 cajas;;Frudencia;;;gol.;1852_03_21;Baracoa;;
;;N/A: ;;;Sanchez;pat.;;;;;De Cárdenas gol. Júven Car iota, pat. Sanchez, con 515 ca-;;Júven Car;;;gol.;1852_03_23;Cárdenas;;
;;N/A: ;;;Padrón;pat.;;;;;Do Sierra Morena gol. Dos Antonios, pat. Padrón, con 712;;Dos Antonios;;;gol.;1852_03_24;Sierra Morena;;
;;N/A: ;;;Perez;pat.;;;;;Del Marisol gol. Quintina, pat. Perez, con 314 cajas de azú-;;Quintina;;;gol.;1852_03_24;Marisol;;
;;N/A: ;;;Arocha;pat.;;;;;Del Marisol gol. Manuela, pat. Arocha, con 209 c. azúcar.;;Manuela;;;gol.;1852_03_24;Marisol;;
;;N/A: ;;;Corlero;pat.;;;;;Del Marisol gol. Dolores, pat. Corlero, con 195 c. azúcar.;;Dolores;;;gol.;1852_03_24;Marisol;;
;;N/A: ;;;Fierro;pat.;;;;;Del Jauco gol. Vengativa, pat. Fierro, con 500 cajas de a-;;Vengativa;;;gol.;1852_03_24;Jauco;;
;;N/A: ;;;Gomez;pat.;;;;;Do Cardenais gol. Rosita, pat. Gomez, con 360 cajas de azú-;;Rosita;;;gol.;1852_03_24;Cardenais;;
;;N/A: ;;;Picon;pat.;;;;;Do Cardenais gol. Regla, pat. Picon, con 361 cajas de azú-;;Regla;;;gol.;1852_03_24;Cardenais;;
;;N/A: ;;;Loreiro;pat.;;;;;Do Cabañas gol. Caballo Marino, pat. Loreiro, con 310 en-;;Caballo Marino;;;gol.;1852_03_25;Cabañas;;
;;N/A: ;;;Erandeil;pt.;;;;;Do Bahía Honda gol. Arturia, pt. Erandeil, con 310 cajas;;Arturia;;;gol.;1852_03_25;Bahía Honda;;
;;N/A: ;;;Rodríguez;pat.;;;;;Del Marial gol. Juste pat. Rodríguez, con 189 enjas de azu-;;Juste;;;gol.;1852_03_25;Marial;;
;;N/A: ;;;Gonzalez;pat.;;;;;Do Cabañas gol. Juinita, pat. Gonzalez, con 280 e. azúcar.;;Juinita;;;gol.;1852_03_25;Cabañas;;
;;N/A: ;;;Palacio;pat.;;;;;Do Canoá gol. Josefa, pat. Palacio, con 230 e. de azúcar.;;Josefa;;;gol.;1852_03_25;Canoá;;
;;N/A: ;;;Suelvo;pat.;;;;;Del Golpe gol. Gervinova, pat. Suelvo, con 150 cajas de azu-;;Gervinova;;;gol.;1852_03_25;Golpe;;
;;N/A: ;;;Perez;pat.;;;;;De Cárdenas gol. Blanca, pat. Perez, con 700 c. de azúcar.;;Blanca;;;gol.;1852_03_27;Cárdenas;;
;;N/A: ;;;Many;pat.;;;;;De Cárdenas gol. Antonia, pat. Many, con 300 c. de azúcar.;;Antonia;;;gol.;1852_03_27;Cárdenas;;
;;N/A: ;;;Nobo;pat.;;;;;Del Jucaro gol. Propriedad, pat. Nobo, con 700 c. azúcar.;;Propriedad;;;gol.;1852_03_27;Jucaro;;
;;N/A: ;;;Gutierrez;pat.;;;;;De Cabahña gol. Dos Amigos, pat. Gutierrez, con 250 cajas;;Dos Amigos;;;gol.;1852_03_27;Cabahña;;
;;N/A: ;;;Garcia;pat.;;;;;Del Jucaro gol. Juan Ruperto, pat. Garcia, con 660 cajas;;Juan Ruperto;;;gol.;1852_03_27;Jucaro;;
;;N/A: ;;;Felin;pat.;;;;;Del Marial gol. María, pat. Felin, con 140 c. de azúcar.;;María;;;gol.;1852_03_27;Marial;;
;;N/A: ;;;Quitrola;pat.;;;;;Del Puerto Escondido gol. Vicente, pat. Quitrola, con 157;;Vicente;;;gol.;1852_03_27;Puerto Escondido;;
;;N/A: ;;;Gonzalez;pat.;;;;;Del Marial gol. Altgracia, pat. Gonzalez, con 532 cajas de;;Altgracia;;;gol.;1852_03_27;Marial;;
;;N/A: ;;;Laborde;pat.;;;;;De Cárdenas gol. Generala, pat. Laborde, con 348 cajas de;;Generala;;;gol.;1852_03_27;Cárdenas;;
;;N/A: ;;;Oliver;pat.;;;;;De Cárdenas gol. Rita, pat. Oliver, con 40 cajas de azúcar,;;Rita;;;gol.;1852_03_27;Cárdenas;;
;;N/A: ;;;Carbonell;pat.;;;;;De Cárdenas gol. Marianita, pat. Carbonell, con 300 cajas;;Marianita;;;gol.;1852_03_27;Cárdenas;;
;;N/A: ;;;Agtes;pat.;;;;;De Matanzas gol. A lein, pat. Agtes, con 490, c. de azúcar.;;A lein;;;gol.;1852_03_27;Matanzas;;
;;N/A: ;;;Santos;pat.;;;;;De Matanzas gol. Esperanza, pat. Santos, con 480 cajas de;;Esperanza;;;gol.;1852_03_27;Matanzas;;
;;N/A: ;;;Queral;pat.;;;;;De Matanzas gol. Ignacita, pat. Queral, con 150 cajas de;;Ignacita;;;gol.;1852_03_27;Matanzas;;
;;N/A: ;;;Alordo;pat.;;;;;De Matanzas gol. Dos Hermanos, pat. Alordo, con 500 cajas;;Dos Hermanos;;;gol.;1852_03_27;Matanzas;;
;;N/A:  | N/A: ;;;Serrante;pat.;;;;;Del Jucaro borg. Napoleón, pat. Serrante, con 12:0 cajas de azúcar, 14 pipas de aguardiente.;;Napoleón;;;borg.;1852_03_28;Jucaro;;
;;N/A:  | N/A: ;;;Compan;pat.;;;;;Del Marít. gol. Flor de Reina, pat. Compan, con 1:30 cajas de azúcar, 6 pipas de aguardiente.;;Flor de Reina;;;gol.;1852_03_28;Marít.;;
;;N/A: ;;;Gonzales;pat.;;;;;De Sierra Morena gol. Sóis Manuales, pat. Gonzales, con 780 cajas de azúcar.;;Sóis Manuales;;;gol.;1852_03_28;Sierra Morena;;
;;N/A: ;;;Marrero;pat.;;;;;De Sierra Morena gol. Tres Amigos, pat. Marrero, con 2:2 cajas de azúcar.;;Tres Amigos;;;gol.;1852_03_28;Sierra Morena;;
;;N/A:  | N/A: ;;;Torres;pat.;;;;;Del Jucaro gol. Merced, pat. Torres, con 320 cajas de azúcar, 6 pipas de aguardiente.;;Merced;;;gol.;1852_03_28;Jucaro;;
;;N/A: ;;;Marin;pat.;;;;;De Sierra Morena gol. Angelita, pat. Marin, con 500 cajas de azúcar.;;Angelita;;;gol.;1852_03_28;Sierra Morena;;
;;N/A:  | N/A: ;;;Hurtado;pat.;;;;;Do Canasig gol. Galatea, pat. Hurtado, con 190 cajas de azúcar, 20 bocoyes de miel.;;Galatea;;;gol.;1852_03_28;Canasig;;
;;N/A: ;;;Suarez;pat.;;;;;Do Ségura gol. Palmerita, pat. Suarez, con 150 c. azúcar.;;Palmerita;;;gol.;1852_03_28;Ségura;;
;;N/A: ;;;Iglesias;pat.;;;;;De Puerto Escocudido gol. Consecuo, pat. Iglesias, con 1:15 cajas de azúcar.;;Consecuo;;;gol.;1852_03_28;Puerto Escocudido;;
;;N/A:  | N/A: ;;;Arocha;pat.;;;;;Del Marít. gol. Manuela, pat. Arocha, con 293 cajas de azúcar, 105 sacos de café.;;Manuela;;;gol.;1852_03_28;Marít.;;
;;N/A: ;;;Díaz;pat.;;;;;De Cárdenas gol. General Lamar, pat. Díaz, con 350 cajas de azúcar.;;General Lamar;;;gol.;1852_03_28;Cárdenas;;
;;N/A: ;;;Martínez;pat.;;;;;De Cárdenas gol. Especulación, pat. Martínez, con 330 cajas de azúcar.;;Especulación;;;gol.;1852_03_28;Cárdenas;;
;;N/A: ;;;Pulmor;pat.;;;;;De Carahatas gol. Diego, pat. Pulmor, con 333 c. azúcar.;;Diego;;;gol.;1852_03_28;Carahatas;;
;;N/A: ;;;Mas;pat.;;;;;Del Jucaro gol. Norma, pat. Mas, con 410 cajas de azúcar.;;Norma;;;gol.;1852_03_28;Jucaro;;
;;N/A: ;;;Carballo;pat.;;;;;Del Jucaro gol. Kayo, pat. Carballo, con 320 c. de azúcar.;;Kayo;;;gol.;1852_03_28;Jucaro;;
;;N/A: ;;;Sierra;pat.;;;;;De Había Honda gol. Diamante, pat. Sierra, con 320 cajas de azúcar.;;Diamante;;;gol.;1852_03_28;Había Honda;;
;;N/A: ;;;Escalera;pat.;;;;;Del Jucaro gol. Bella Cubano, pat. Escalera, con 360 cajas de azúcar.;;Bella Cubano;;;gol.;1852_03_28;Jucaro;;
;;N/A:  | N/A: ;;;Pujol;pat.;;;;;De Cárdenas gol. Inés, pat. Pujol, con 240 cajas de azúcar, 60 sacos de café.;;Inés;;;gol.;1852_03_28;Cárdenas;;
;;N/A: ;;;Alemany;pat.;;;;;Del Morrito gol. Segunda Rosa, pat. Alemany, con 200 cajas de azúcar.;;Segunda Rosa;;;gol.;1852_03_28;Morrito;;
;;N/A: ;;;Raveña;pat.;;;;;De Sierra Morena gol. Conchita, pat. Raveña, con 216 ca-;;Conchita;;;gol.;1852_03_30;Sierra Morena;;
;;N/A: ;;;Fernando;pat.;;;;;Do la Ortega gol. Evara, pat. Fernando, con 311 cajas;;Evara;;;gol.;1852_03_30;la Ortega;;
;;N/A: ;;;García;pat.;;;;;De Sierra Morena gol. los Amigos, pat. García, con 243;;los Amigos;;;gol.;1852_03_30;Sierra Morena;;
;;N/A: ;;;Pons;pat.;;;;;De Cabañas gol. Reserva, pat. Pons, con 100 cajas de azú-;;Reserva;;;gol.;1852_03_30;Cabañas;;
;;N/A: ;;;Vega;pat.;;;;;Del Jucaro gol. Favorita, pat. Vega, con 250 cajas de azúcar.;;Favorita;;;gol.;1852_03_30;Jucaro;;
;;;;;Baracena;pat.;;;;;Del Canal de San Mateo gol. Segunda Antu, pat. Baracena,;;Segunda Antu;;;gol.;1852_03_30;Canal de San Mateo;;
;;N/A: ;;;Villarín;pat.;;;;;De Canoel gol. Correo, pat. Villarín, con 250 cajas de azú-;;Correo;;;gol.;1852_03_30;Canoel;;
;;N/A: ;;;Llanger;pat.;;;;;De Cárdenas gol. Victoria, pat. Llanger, con 549 cajas de;;Victoria;;;gol.;1852_03_30;Cárdenas;;
;;N/A: ;;;Sánchez;pat.;;;;;De Cardona gol. Joven Carriota, pat. Sánchez, con 515 ca-;;Joven Carriota;;;gol.;1852_03_30;Cardona;;
;;N/A: ;;;Feliu;pat.;;;;;Del Mariol gol. María, pat. Feliu, con 130 cajas de azúcar.;;María;;;gol.;1852_03_30;Mariol;;
;;N/A: ;;;Barcia;pat.;;;;;De Bánica gol. Paquitect, pat. Barcia, con 120 cajas de azú-;;Paquitect;;;gol.;1852_03_30;Bánica;;
;;N/A: ;;;Viguera;pat.;;;;;De Jaruco gol. Lígera, pat. Viguera con 172 cajas de azúcar.;;Lígera;;;gol.;1852_03_30;Jaruco;;
;;N/A: ;;;Rivero;pat.;;;;;De Santa Cruz gol. Hermania, pat. Rivero, con 203 cajas;;Hermania;;;gol.;1852_03_30;Santa Cruz;;
;;N/A: ;;;Seijas;pat.;;;;;De la Teja gol. De Sefián, pat. Seijas, con 320 cajas de azúcar.;;De Sefián;;;gol.;1852_03_30;la Teja;;
;;N/A: ;;;González;pat.;;;;;De Cabañas gol. Juanita, pat. González, con 320 cajas de;;Juanita;;;gol.;1852_03_30;Cabañas;;
;;N/A: ;;;López;pat.;;;;;De Cárdenas gol. Panchita, pat. López, con 380 cajas de azúcar.;;Panchita;;;gol.;1852_03_30;Cárdenas;;
;;N/A: ;;;Juvan;pat.;;;;;De Cárdenas gol. Cuman, pat. Juvan, con 50 cajas de azúcar.;;Cuman;;;gol.;1852_03_30;Cárdenas;;
;;N/A: ;;;Chilón;pat.;;;;;De Cárdenas gol. Joselín, pat. Chilón, con 70 cajas de azúcar.;;Joselín;;;gol.;1852_03_30;Cárdenas;;
;;N/A: ;;;Pérez;pat.;;;;;Del Mariol gol. Antonia, pat. Pérez, con 202 cajas de azúcar.;;Antonia;;;gol.;1852_03_30;Mariol;;
;;N/A: ;;;Navarro;pat.;;;;;De Matanzas gol. Mera, pat. Navarro, con 200 cajas de azúcar.;;Mera;;;gol.;1852_03_30;Matanzas;;
;;N/A: ;;;Lópiz;pat.;;;;;De Romollos gol. Donatela, pat. Lópiz, con 140 tercios de;;Donatela;;;gol.;1852_03_30;Romollos;;
;;N/A: ;;;Pérez;pat.;;;;;De los Perros gol. Adelaida, pat. Pérez, con 100 cajas de cera.;;Adelaida;;;gol.;1852_03_30;los Perros;;
;;N/A: ;;;Martínez;pat.;;;;;De Jaruco gol. Reserva, pat. Martínez con 70 sacos de miel.;;Reserva;;;gol.;1852_03_30;Jaruco;;
;;N/A: ;;;Llorente;pat.;;;;;De Jaruco gol. Regina, pat. Llorente, con 61 sacos de miel.;;Regina;;;gol.;1852_03_30;Jaruco;;
;;N/A: ;;;Velázquez;pat.;;;;;De Cabañas gol. Júpiter, pat. Velázquez, con 340 tercios de;;Júpiter;;;gol.;1852_03_30;Cabañas;;
;;N/A: ;;;Romaguera;pat.;;;;;De Cárdenas gol. Trus Hermanos, pat. Romaguera, con 230;;Trus Hermanos;;;gol.;1852_03_31;Cárdenas;;
;;N/A: ;;;Sanchez;pat.;;;;;De Banes gol. Merced, pat. Sanchez, con 114 cajas de azu-;;Merced;;;gol.;1852_03_31;Banes;;
;;N/A: ;;;Gonzalez;pat.;;;;;De Cárdenas gol. Habanora, pat. Gonzalez, con 240 cajas;;Habanora;;;gol.;1852_03_31;Cárdenas;;
;;N/A: ;;;Torres;pat.;;;;;De la Teja gol. Doroten, pat. Torres, con 300 c. de azucar.;;Doroten;;;gol.;1852_03_31;la Teja;;
;;N/A: ;;;Suero;pat.;;;;;De Cárdenas gol. Villanueva, pat. Suero, con 530 cajas de;;Villanueva;;;gol.;1852_03_31;Cárdenas;;
;;N/A: ;;;Perez;pat.;;;;;De Gibara gol. Nicolaita, pat. Perez, con 120 tercios de ta-;;Nicolaita;;;gol.;1852_03_31;Gibara;;
;;N/A: ;;;Gonzalez;pat.;;;;;De Jaruco gol. Cuatro Hijos, pat. Gonzalez, con 95 bocoyes;;Cuatro Hijos;;;gol.;1852_03_31;Jaruco;;
;;N/A: ;;;Martínez;pat.;;;;;De Cárdenas gol. Generala, pat. Martínez, con 317 cajas;;Generala;;;gol.;1852_04_01;Cárdenas;;
;;N/A: ;;;Gomez;pat.;;;;;De Cárdenas gol. Rosita, pat. Gomez, con 600 cajas de azú-;;Rosita;;;gol.;1852_04_01;Cárdenas;;
;;N/A: ;;;Arocha;pat.;;;;;Del Marisol gol. Manuela, pat. Arocha, con 609 c. azúcar.;;Manuela;;;gol.;1852_04_01;Marisol;;
;;N/A: ;;;Iglesias;pat.;;;;;De Puerto Escondido gol. Consuelo, pat. Iglesias, con 140;;Consuelo;;;gol.;1852_04_01;Puerto Escondido;;
;;N/A: ;;;Mas;pat.;;;;;Del Jucaro gol. Norma, pat. Mas, con 440 cajas de azúcar;;Norma;;;gol.;1852_04_01;Jucaro;;
;;N/A: ;;;Cordoro;pat.;;;;;Del Marisol gol. Dolores, pat. Cordoro, con 294 cajas de azú-;;Dolores;;;gol.;1852_04_01;Marisol;;
;;N/A: ;;;Saivo;pat.;;;;;Del Jucaro gol. Genovova, pat. Saivo, con 530 cajas de azú-;;Genovova;;;gol.;1852_04_01;Jucaro;;
;;N/A: ;;;Camueras;pat.;;;;;De Jaruco gol. Prudencia, pat. Camueras, con 175 cajas de;;Prudencia;;;gol.;1852_04_01;Jaruco;;
;;N/A: ;;;Palacio;pat.;;;;;De Jaruco gol. Josefa, pat. Palacio, con 200 c. de azúcar.;;Josefa;;;gol.;1852_04_01;Jaruco;;
;;N/A: ;;;García;pat.;;;;;De Santa Cruz gol. Lina y Silva, pat. García, con 330 ca-;;Lina y Silva;;;gol.;1852_04_01;Santa Cruz;;
;;N/A: ;;;Belfat;pat.;;;;;De Matanzas gol. Antonin, pat. Belfat, con 400 c. azúcar.;;Antonin;;;gol.;1852_04_01;Matanzas;;
;;N/A: ;;;Sevilla;pat.;;;;;De Nuevitas gol. Aguilin do Oro, pat. Sevilla, con 8 mil-;;Aguilin do Oro;;;gol.;1852_04_01;Nuevitas;;
;;N/A:  | N/A: ;;;Bosa;pat.;;;;;De Cárdenas gol. Clio, pat. Bosa, con 300 cajas de azúcar, 60 sacos de café.;;Clio;;;gol.;1852_04_02;Cárdenas;;
;;N/A:  | N/A: ;;;Rodríguez;pat.;;;;;Del Marisol gol. Justa, pat. Rodríguez, con 155 cajas de azúcar, 16 pipas de aguardiente.;;Justa;;;gol.;1852_04_02;Marisol;;
;;N/A: ;;;Cruz;pat.;;;;;De la Ortigosa gol. Casualidad, pat. Cruz, con 197 cajas de azúcar.;;Casualidad;;;gol.;1852_04_02;Ortigosa;;
;;N/A:  | N/A: ;;;Fierro;pat.;;;;;Del Júcaro gol. Vengativa, pat. Fierro, con 105 cajas de azúcar, 30 sacos de café.;;Vengativa;;;gol.;1852_04_02;Júcaro;;
;;N/A:  | N/A: ;;;Gutiérrez;pat.;;;;;De Cabañas gol. Dos Amigos, pat. Gutiérrez, con 250 cajas de azúcar, 12 pipas de aguardiente.;;Dos Amigos;;;gol.;1852_04_02;Cabañas;;
;;N/A: ;;;Marrero;pat.;;;;;De Júcaro gol. Reserva, pat. Marrero, con 251 s. de azúcar.;;Reserva;;;gol.;1852_04_02;Júcaro;;
;;N/A: ;;;Feliu;pat.;;;;;De Maríel gol. María, pat. Feliu, con 110 cajas de azúcar.;;María;;;gol.;1852_04_02;Maríel;;
;;N/A: ;;;Pena;pat.;;;;;Del Maríel gol. Quitas, pat. Pena, con 201 s. de azúcar.;;Quitas;;;gol.;1852_04_02;Maríel;;
;;N/A:  | N/A: ;;;Fuxi;pat.;;;;;De Cabañas gol. Segunda Amistad, pat. Fuxi, con 130 cajas de azúcar, 20 pipas de aguardiente.;;Segunda Amistad;;;gol.;1852_04_02;Cabañas;;
;;N/A:  | N/A: ;;;Pagés;pat.;;;;;De Jaramo gol. Naturaleza, pat. Pagés, con 201 cajas de azúcar, 4 pipas de aguardiente.;;Naturaleza;;;gol.;1852_04_02;Jaramo;;
;;N/A: ;;;González;pat.;;;;;Del Maríel gol. Altatagisa, pat. González, con 355 cajas de azúcar.;;Altatagisa;;;gol.;1852_04_02;Maríel;;
;;N/A:  | N/A: ;;;Loroiro;pat.;;;;;De Cabañas gol. Caballo-Marino, pat. Loroiro, con 300 cajas de azúcar, 30 pipas de aguardiente.;;Caballo-Marino;;;gol.;1852_04_02;Cabañas;;
;;N/A: ;;;Coyula;pat.;;;;;De Río la Palma gol. Cármen, pat. Coyula, con 168 cajas de azúcar.;;Cármen;;;gol.;1852_04_02;Río la Palma;;
;;N/A: ;;;Agrex;pat.;;;;;De Matanzas gol. A Ida, pat. Agrex, con 500 cajas de azúcar.;;A Ida;;;gol.;1852_04_02;Matanzas;;
;;N/A: ;;;Varretto;pat.;;;;;De Cabañas gol. Aumable Rosita, pat. Varretto, con 102 sacos de café.;;Aumable Rosita;;;gol.;1852_04_02;Cabañas;;
;;N/A: ;;;Mary;pat.;;;;;De Cardenas gol. Antonio, pat. Mary, con 30 c. de azúcar;;Antonio;;;gol.;1852_04_03;Cardenas;;
;;N/A: ;;;badaró;pat.;;;;;De Bajas gol. Regilda, pat. badaró, con 150 cajas de azúcar;;Regilda;;;gol.;1852_04_03;Bajas;;
;;N/A: ;;;Gonzalez;pat.;;;;;Del Júcaro gol. Merced, pat. Gonzalez, con 375 c. azúcar.;;Merced;;;gol.;1852_04_03;Júcaro;;
;;N/A: ;;;Martínez;pt.;;;;;Del Júcaro gol. Lucina, pt. Martínez, con 60 c. de azúcar.;;Lucina;;;gol.;1852_04_03;Júcaro;;
;;N/A: ;;;Diaz;pat.;;;;;De Cádiz, naz gol. General Lamar, pat. Diaz, con 150 cajas;;General Lamar;;;naz;1852_04_03;Cádiz;;
;;N/A: ;;;Viguera;pat.;;;;;Del Júcaro gol. Lígera, pat. Viguera, con 172 cajas de azú-;;Lígera;;;gol.;1852_04_04;Júcaro;;
;;N/A: ;;;Sanchez;pat.;;;;;De Binos gol. Merced, pat. Sanchez, con 11 c. de azúcar.;;Merced;;;gol.;1852_04_04;Binos;;
;;N/A: ;;;Curulllo;pat.;;;;;"De Cárdenas gol. Rayo; pat. Curulllo, con 533 c. de azúcar";;Rayo;;;gol.;1852_04_04;Cárdenas;;
;;N/A: ;;;Arocha;pat.;;;;;Del Maríel gol. Manuela, pat. Arocha, con 300 cajus de a-;;Manuela;;;gol.;1852_04_04;Maríel;;
;;N/A: ;;;Martínez;pat.;;;;;De Cárdenas gol. Especulación, pat. Martínez, con 340 ca-;;Especulación;;;gol.;1852_04_04;Cárdenas;;
;;N/A: ;;;gonz.lez;pat.;;;;;De Cabalas gol. Juanita, pat. (gonz.lez, con 200 c. azúcar;;Juanita;;;gol.;1852_04_04;Cabalas;;
;;N/A: ;;;Gonzalez;pat.;;;;;De Jaruco gol. Cuatro Hijos, pat. Gonzalez, con 303 cajas;;Cuatro Hijos;;;gol.;1852_04_04;Jaruco;;
;;N/A: ;;;Lángor;pat.;;;;;De Cárdenas gol. Victoria, pat. Lángor, con 500 c. azúcar.;;Victoria;;;gol.;1852_04_04;Cárdenas;;
;;N/A: ;;;Camuvar;pat.;;;;;De Jaruco gol. Prudencia, pat. Camuvar, con 170 cajas de;;Prudencia;;;gol.;1852_04_04;Jaruco;;
;;N/A: ;;;Quirola;pat.;;;;;De Puerto Escondido gol. Vicenta, pat. Quirola, con 165;;Vicenta;;;gol.;1852_04_04;Puerto Escondido;;
;;N/A: ;;;Pérez;pat.;;;;;Del Maríel gol. Antonia, pat. Pérez, don 212 cajas azúcar;;Antonia;;;gol.;1852_04_04;Maríel;;
;;N/A: ;;;Murero;pat.;;;;;De Jaruco gol. Reserva, pat. Murero, con 200 c. azúcar;;Reserva;;;gol.;1852_04_04;Jaruco;;
;;N/A: ;;;Sanbeez;pat.;;;;;De Cárdenas gol. Jóven Carlota, pat. Sanbeez, con 311 ca-;;Jóven Carlota;;;gol.;1852_04_04;Cárdenas;;
;;N/A: ;;;Barcís;pat.;;;;;De Binos gol. Paquito, pat. Barcís, con 127 cajas de azú-;;Paquito;;;gol.;1852_04_04;Binos;;
;;N/A:  | N/A: ;;;Pagés;pat.;;;;;De Jarez gol. Natividad, pat. Pagés, con 203 cajas de azúcar, 1 pipa de aguardiente.;;Natividad;;;gol.;1852_04_06;Jarez;;
;;N/A: ;;;Picou;pat.;;;;;Del Cárdenas gol. Plegia, pat. Picou, con 400 c. azúcar.;;Plegia;;;gol.;1852_04_06;Cárdenas;;
;;N/A:  | N/A:  | N/A: ;;;Arroyo;pat.;;;;;Del Maríot gol. Matuela, pat. Arroyo, con 271 cajas de azúcar, 40 ramos de café, 6 pipas de aguardiente.;;Matuela;;;gol.;1852_04_06;Maríot;;
;;N/A:  | N/A: ;;;Gatierrre;pat.;;;;;De Cibanes gol. Dos Amigos, pat. Gatierrre, con 240 cajas de azúcar, 12 pipas de aguardiente.;;Dos Amigos;;;gol.;1852_04_06;Cibanes;;
;;N/A:  | N/A: ;;;Baraons;pat.;;;;;Del Canni de San Mateo gol. Segunda Arita, pat. Baraons, con 31 cajas de azúcar, 45 bocceyes de miel.;;Segunda Arita;;;gol.;1852_04_06;San Mateo;;
;;N/A: ;;;Riera;pat.;;;;;De Río La Palma gol. Pajaro verde, pat. Riera, con 160 cajas de azúcar.;;Pajaro verde;;;gol.;1852_04_06;Río La Palma;;
;;N/A:  | N/A:  | N/A: ;;;Pons;pat.;;;;;La Cabahar gol. Reserva, pat. Pons, con 150 cajas de azúcar, 40 sacos de café, 20 pipas de aguardiente.;;Reserva;;;gol.;1852_04_06;;;
;;N/A:  | N/A: ;;;Sanchez;pat.;;;;;De Bahía Honda gol. Carmita, pat. Sanchez, con 270 cajas de azúcar, 14 pipas de aguardiente.;;Carmita;;;gol.;1852_04_06;Bahía Honda;;
;;N/A:  | N/A: ;;;Compan;pat.;;;;;Del Maríel gol. Flor de Regla, pat. Compan, con 160 cajas de azúcar, 6 pipas de aguardiente.;;Flor de Regla;;;gol.;1852_04_06;Maríel;;
;;N/A: ;;;Vega;pat.;;;;;De Cárdenas gol. Faverita, pat. Vega, con 260 c. azúcar.;;Faverita;;;gol.;1852_04_06;Cárdenas;;
;;N/A:  | N/A: ;;;Torres;pat.;;;;;De Cárdenas gol. Merced, pat. Torres, con 340 cajas de azúcar, 6 pipas de aguardiente.;;Merced;;;gol.;1852_04_06;Cárdenas;;
;;N/A: ;;;Cobos;pat.;;;;;De la Teja gol. Neptuno, pat. Cobos, con 200 c. azúcar.;;Neptuno;;;gol.;1852_04_06;la Teja;;
;;N/A: ;;;Corduro;pat.;;;;;Del Maríel gol. Dolores, pat. Corduro, con 196 c. azúcar.;;Dolores;;;gol.;1852_04_06;Maríel;;
;;N/A: ;;;Nuñez;pat.;;;;;De Cárdenas gol. General, pat. Nuñez, ton 345 c. azúcar.;;General;;;gol.;1852_04_06;Cárdenas;;
;;N/A: ;;;Gómez;pat.;;;;;Del Jucaro gol. Rosta, pat. Gómez, con 600 c. de azúcar.;;Rosta;;;gol.;1852_04_06;Jucaro;;
;;N/A: ;;;García;pat.;;;;;Del Jucaro gol. Ruperta, pat. García, con 660 c. azúcar.;;Ruperta;;;gol.;1852_04_06;Jucaro;;
;;N/A: ;;;Ferrer;pat.;;;;;De Bahía Honda gol. Clatius, pat. Ferrer, con 240 cajas de azúcar.;;Clatius;;;gol.;1852_04_06;Bahía Honda;;
;;N/A:  | N/A: ;;;Palacio;pat.;;;;;De Canari gol. Josefín, pat. Palacio, con 200 cajas de azúcar, 3 pipas de aguardiente.;;Josefín;;;gol.;1852_04_06;Canari;;
;;N/A:  | N/A:  | N/A: ;;;Gonzalez;pat.;;;;;De Baracena gol. Manuela, pat. Gonzalez, con 153 cajas de azúcar, 31 sacos de café, 3 pipas de aguardiente.;;Manuela;;;gol.;1852_04_06;Baracena;;
;;N/A:  | N/A: ;;;Pujol;pat.;;;;;De Cárdenas gol. Lues, pat. Pujol, con 200 cajas de azúcar, 57 sacos de café.;;Lues;;;gol.;1852_04_06;Cárdenas;;
;;N/A: ;;;García;pat.;;;;;De Cabahas gol. Teresita, pat. García, con 300 c. azúcar.;;Teresita;;;gol.;1852_04_06;Cabahas;;
;;N/A: ;;;Iglesias;pat.;;;;;De Puerto Econdido gol. Consuelo, pat. Iglesias, con 140 cajas de azúcar.;;Consuelo;;;gol.;1852_04_06;Puerto Econdido;;
;;N/A:  | N/A: ;;;Serrantos;pat.;;;;;Del Jucaro terg. Napoleon, pat. Serrantos, con 1230 cajas de azúcar, 20 pipas de aguardiente.;;Napoleon;;;terg.;1852_04_06;Jucaro;;
;;N/A: ;;;Colivo;pat.;;;;;Del Jucaro gol. José, pat. Colivo, con 730 c. azúcar.;;José;;;gol.;1852_04_06;Jucaro;;
;;N/A: ;;;Oliver;pat.;;;;;De Cárdenas gol. Ría, pat. Oliver, con 630 c. azúcar.;;Ría;;;gol.;1852_04_06;Cárdenas;;
;;N/A: ;;;Gonzalez;pat.;;;;;De Cárdenas gol. Habanera, pat. Gonzalez, con 310 cajas de azúcar.;;Habanera;;;gol.;1852_04_06;Cárdenas;;
;;N/A: ;;;Gomez;pat.;;;;;De Mutanzas gol. Josefa, pat. Gomez, con 310 c. azúcar.;;Josefa;;;gol.;1852_04_06;Mutanzas;;
;;N/A:  | N/A: ;;;Segui;pat.;;;;;De la Teja gol. Cuatro Nietos, pat. Segui, con 300 cajas de azúcar, 65 c. bocceyes de miel.;;Cuatro Nietos;;;gol.;1852_04_06;la Teja;;
;;N/A:  | N/A: ;;;Queral;pat.;;;;;De Mutanzas gol. Ignecita, pat. Queral, con 310 cajas de azúcar, 110 sacos de café.;;Ignecita;;;gol.;1852_04_06;Mutanzas;;
;;N/A: ;;;Naveira;pat.;;;;;De Matanzas gol. Merced, pat. Naveira, con 240 c. azúcar.;;Merced;;;gol.;1852_04_06;Matanzas;;
;;N/A: ;;;Alorde;pat.;;;;;De Matanzas gol. Dos Hermanas, pat. Alorde, con 530 cajas de azúcar.;;Dos Hermanas;;;gol.;1852_04_06;Matanzas;;
;;N/A:  | N/A: ;;;Hurtado;pat.;;;;;De Cárdenas gol. Citalia, pat. Hurtado, con 160 cajas de azúcar, 36 bocceyes de miel.;;Citalia;;;gol.;1852_04_06;Cárdenas;;
;;N/A: ;;;Romagosa;pat.;;;;;Do Cárdenas gol Tres Hermanos, pat. Romagosa, con 291;;Tres Hermanos;;;gol.;1852_04_07;Cárdenas;;
;;N/A: ;;;Folin;pat.;;;;;Del Marítol gol. Marin, pat. Folin, con 140 c. de azúcar.;;Marin;;;gol.;1852_04_07;Marítol;;
;;N/A: ;;;Mas;pat.;;;;;Del Júcaro gol. Norma, pat. Mas, con 416 cajas de azúcar.;;Norma;;;gol.;1852_04_07;Júcaro;;
;;N/A: ;;;Escalera;pat.;;;;;Del Júcaro gol. Bella Cubana, pat. Escalera, con 679 cajas;;Bella Cubana;;;gol.;1852_04_07;Júcaro;;
;;N/A: ;;;Loroiro;pat.;;;;;Do Caballos gol. Cavalllo Marino, pat. Loroiro, con 200 ca-;;Cavalllo Marino;;;gol.;1852_04_07;Caballos;;
;;N/A: ;;;García;pat.;;;;;Del Júcaro gol. Aumistad, pat. García, con 351 c. de azúcar;;Aumistad;;;gol.;1852_04_07;Júcaro;;
;;N/A: ;;;Cuniereras;pat.;;;;;Do Jarao gol. Prudencio, pat. Cuniereras, con 170 cajas de;;Prudencio;;;gol.;1852_04_07;Jarao;;
;;N/A: ;;;Alonso;pat.;;;;;Do Carabatas gol. Tres Hermanos, pat. Alonso, con 500 ca-;;Tres Hermanos;;;gol.;1852_04_07;Carabatas;;
;;N/A: ;;;Palet;pst.;;;;;Do Canasí gol. Manuela, pst. Palet, con 270 c. azúcar.;;Manuela;;;gol.;1852_04_07;Canasí;;
;;N/A: ;;;Chiqueras;pat.;;;;;De Haracos gol. Prudencia, pat. Chiqueras, con 170 cajas;;Prudencia;;;gol.;1852_04_21;Haracos;;
;;N/A: ;;;Gutierrez;pat.;;;;;De Cabñas gol. Dos Amigas, pat. Gutierrez, con 390 cn-;;Dos Amigas;;;gol.;1852_04_22;Cabñas;;
;;N/A: ;;;Gallardo;pat.;;;;;De Mutaita gol. Mariunta, pat. Gallardo, con 113 cajas y;;Mariunta;;;gol.;1852_04_22;Mutaita;;
;;N/A: ;;;Horror;pat.;;;;;De Bahía Honda gol. Clarita, pat. Horror, con 250 cajas de;;Clarita;;;gol.;1852_04_22;Bahía Honda;;
;;N/A: ;;;Sanchez;pat.;;;;;De Guajabon gol. Joselita, pat. Sanchez, con tejas.;;Joselita;;;gol.;1852_04_23;Guajabon;;
;;N/A:  | N/A: ;;;Atocha;pat.;;;;;Del Marici goleta Manuasia, pat. Atocha, con 313 cajas de azúcar, 40 sacos de oso.;;Manuasia;;;goleta;1852_04_25;Marici;;
;;N/A: ;;;Cúvio;pat.;;;;;Del Jugo go. J. araña, pat. Cúvio, con 713 c. de azúcar.;;J. araña;;;go.;1852_04_25;Jugo;;
;;N/A: ;;;Marquez;pat.;;;;;De Puerto Escondido go. Consuelo, pat. Marquez, con 146 cajas de azúcar.;;Consuelo;;;go.;1852_04_25;Puerto Escondido;;
;;N/A: ;;;L'orera;pat.;;;;;De Jaro go. Regla, pat. L'orera, con 177 c. de azúcar.;;Regla;;;go.;1852_04_25;Jaro;;
;;N/A:  | N/A:  | N/A: ;;;Rívero;pat.;;;;;De Santa Cruz go. Hermínida, pat. Rívero, con 210 cajas de azúcar, 80 sacos de café, ó pipas de agua ardiente.;;Hermínida;;;go.;1852_04_25;Santa Cruz;;
;;N/A: ;;;Núñez;pat.;;;;;De Cárdenas go. Generala, pat. Núñez, con 350 cajas de azúcar.;;Generala;;;go.;1852_04_25;Cárdenas;;
;;N/A:  | N/A: ;;;Sangúez;pat.;;;;;De Benes gol. M. rood, pat. Sangúez, con 109 cajas de azúcar, 4 pipas de aguardiente.;;M. rood;;;gol.;1852_04_27;Benes;;
;;N/A: ;;;L. roiro;pat.;;;;;De Cabañas gol. Caballos Marino, pat. L. roiro, con 200 cajas de azúcar.;;Caballos Marino;;;gol.;1852_04_27;Cabañas;;
;;N/A:  | N/A:  | N/A: ;;;Pujol;pat.;;;;;De Cárdenas gol. Inés, pat. Pujol, con 201 cajas de azúcar 3 sacos de café, 11 pipas de aguardiente.;;Inés;;;gol.;1852_04_27;Cárdenas;;
;;N/A: ;;;Pinedo;pat.;;;;;Del Canal de San Mateo gol. Pajaro Verde, pat. Pinedo, con 100 bocoyos de miel.;;Pajaro Verde;;;gol.;1852_04_27;Canal de San Mateo;;
;;N/A: ;;;Feliu;pat.;;;;;Del Marisol gol. María, pat. Feliu, con 140 c. de azúcar.;;María;;;gol.;1852_04_27;Marisol;;
;;N/A: ;;;González;pat.;;;;;De Sierra Moras gol. Seis Manuas, pat. González, con 700 cajas de azúcar.;;Seis Manuas;;;gol.;1852_04_27;Sierra Moras;;
;;N/A:  | N/A: ;;;Gonzalez;pat.;;;;;De Jaruco gol. Cuatro Hijos, pat. Gonzalez, con 200 cajas de azúcar, 4 sacos de café.;;Cuatro Hijos;;;gol.;1852_04_27;Jaruco;;
;;N/A: ;;;Villarín;pat.;;;;;De Canari gol. Correa, pat. Villarín, con 250 c. azúcar.;;Correa;;;gol.;1852_04_27;Canari;;
;;N/A: ;;;García;pat.;;;;;De Cardenas gol. Ruperta, pat. García, con 600 c. azúcar.;;Ruperta;;;gol.;1852_04_27;Cardenas;;
;;N/A: ;;;Many;pat.;;;;;De id. gol. Antonia pat. Many, con 300 c. de azúcar.;;Antonia;;;gol.;1852_04_27;id.;;
;;N/A: ;;;Forcés;pat.;;;;;De id. gol. Blanca, pat. Forcés, con 700 cajas de azúcar.;;Blanca;;;gol.;1852_04_27;id.;;
;;N/A:  | N/A:  | N/A: ;;;Bosa;pat.;;;;;De id. gol. Clio, pat. Bosa, con 650 cajas de azúcar, 80 sacos de café, 12 pipas de aguardiente.;;Clio;;;gol.;1852_04_27;id.;;
;;N/A: ;;;Vesa;pat.;;;;;De id. gol. Favorita, pat. Vesa, con 310 cajas de azúcar.;;Favorita;;;gol.;1852_04_27;id.;;
;;N/A: ;;;Llanger;pat.;;;;;De id. gol. Victoria, pat. Llanger, con 600 cajas de azúcar.;;Victoria;;;gol.;1852_04_27;id.;;
;;N/A:  | N/A: ;;;Rodríguez;pat.;;;;;De id. org. Napoleón, pat. Rodríguez, con 1300 cajas de azúcar, 12 pipas de aguardiente.;;Napoleón;;;org.;1852_04_27;id. org.;;
;;N/A: ;;;Sierra;pat.;;;;;De Bahís Honda gol. Dusmante, pat. Sierra, con 318 cajas de azúcar.;;Dusmante;;;gol.;1852_04_27;Bahís Honda;;
;;N/A: ;;;Camberos;pat.;;;;;De Baracoa gol. Prudencia, pat. Camberos, con 170 cajas de azúcar.;;Prudencia;;;gol.;1852_04_27;Baracoa;;
;;N/A: ;;;Torres;pat.;;;;;Del Jucaro gol. Merod, pat. Torres, con 372 c. azúcar.;;Merod;;;gol.;1852_04_27;Jucaro;;
;;N/A: ;;;Cordero;pat.;;;;;Del Marisol gol. Dolores, pat. Cordero, con 202 c. azúcar.;;Dolores;;;gol.;1852_04_27;Marisol;;
;;N/A: ;;;González;pat.;;;;;De id. gol. Aitagracia, pat. González, con 330 c. azúcar.;;Aitagracia;;;gol.;1852_04_27;id.;;
;;N/A: ;;;Fierro;pat.;;;;;Del Jucaro gol. Vergativa, pat. Fierro, con 611 c. azúcar.;;Vergativa;;;gol.;1852_04_27;Jucaro;;
;;N/A:  | N/A: ;;;Quinta;pat.;;;;;De Pto. Escondido gol. Vicente, pat. Quinta, con 161 cajas de azúcar, 4 pipas de aguardiente.;;Vicente;;;gol.;1852_04_27;Pto. Escondido;;
;;N/A: ;;;Reibido;pat.;;;;;De Jaruco gol. D'echosa, pat. Reibido, con 543 c. de miel.;;D'echosa;;;gol.;1852_04_27;Jaruco;;
;;N/A: ;;;Cobos;pat.;;;;;De la Teja gol. Neptune, pat. Cobos, con 200 c. de azúcar.;;Neptune;;;gol.;1852_04_27;la Teja;;
;;N/A:  | N/A: ;;;Torres;pat.;;;;;Del Jucaro gol. Merced, pat. Torres, con 330 c. de azúcar, 8 pipas de aguardiente.;;Merced;;;gol.;1852_04_27;Jucaro;;
;;N/A:  | N/A:  | N/A: ;;;Pagés;pat.;;;;;De Jaruco gol. Natividad, pat. Pagés, con 168 cajas de azúcar, 101 sacos de café, 4 pipas de aguardiente.;;Natividad;;;gol.;1852_04_27;Jaruco;;
;;N/A: ;;;Torres;pat.;;;;;De la Teja gol. Dorotea, pat. Torres, con 300 c. azúcar.;;Dorotea;;;gol.;1852_04_27;la Teja;;
;;N/A: ;;;;;;;;;De Cárdenas gol. Mercedita, con 30 hoc de miel.;;Mercedita;;;gol.;1852_04_27;Cárdenas;;
;;N/A: ;;;Picon;pat.;;;;;De id. gol. Regla, pat. Picon, con 400 c. azúcar.;;Regla;;;gol.;1852_04_27;id.;;
;;N/A: ;;;Gómez;pat.;;;;;Del Jucaro gol. Kollta, pat. Gómez, con 600 c. azúcar.;;Kollta;;;gol.;1852_04_27;Jucaro;;
;;N/A: ;;;Segui;pat.;;;;;De la Teja gol. Cuatro Nietos, pat. Segui, con 500 cajas de azúcar.;;Cuatro Nietos;;;gol.;1852_04_27;Teja;;
;;N/A: ;;;Sanchez;pat.;;;;;De Cárdenas gol. Jóven Carlota, pat. Sanchez, con 510 cajas de azúcar.;;Jóven Carlota;;;gol.;1852_04_27;Cárdenas;;
;;N/A: ;;;Baraona;pat.;;;;;Del Canal de San Mateo gol. Segunda Anita, pat. Baraona, con 470 cajas de azúcar.;;Segunda Anita;;;gol.;1852_04_27;Canal de San Mateo;;
;;N/A:  | N/A: ;;;Max;pat.;;;;;Del Jucaro gol. Bolla Cubana, pat. Max, con 850 cajas de azúcar, 8 pipas de aguardiente.;;Bolla Cubana;;;gol.;1852_04_27;Jucaro;;
;;N/A:  | N/A:  | N/A: ;;;González;pat.;;;;;De Caballos gol. Juanita, pat. González, con 311 cajas de azúcar, 120 sacos de café, 27 pipas de aguardiente.;;Juanita;;;gol.;1852_04_27;Caballos;;
;;N/A:  | N/A: ;;;Oliver;pat.;;;;;De Cárdenas gol. Rita, pat. Oliver, con 522 cajas de azúcar, 12 pipas de aguardiente.;;Rita;;;gol.;1852_04_27;Cárdenas;;
;;N/A: ;;;Palet;pat.;;;;;De id. gol. Manuela, pat. Palet, con 260 c. azúcar.;;Manuela;;;gol.;1852_04_27;id.;;
;;N/A: ;;;González;pat.;;;;;De Baracoa gol. Manuela, pat. González, con 161 cajas de azúcar.;;Manuela;;;gol.;1852_04_27;Baracoa;;
;;N/A: ;;;Carballo;pat.;;;;;De Cárdenas gol. Rayo, pat. Carballo, con 520 c. azúcar.;;Rayo;;;gol.;1852_04_27;Cárdenas;;
;;N/A:  | N/A: ;;;Palacio;pat.;;;;;De Canasi gol. Josefa, pat. Palacio, con 200 cajas de azúcar, 4 pipas de aguardiente.;;Josefa;;;gol.;1852_04_27;Canasi;;
;;N/A: ;;;García;pat.;;;;;De Cabañas gol. Terefita, pat. García, con 180 c. azúcar.;;Terefita;;;gol.;1852_04_27;Cabañas;;
;;N/A: ;;;Romagosa;pat.;;;;;Del Jucaro gol. Tres Hermanos, pat. Romagosa, con 250 cajas de azúcar.;;Tres Hermanos;;;gol.;1852_04_27;Jucaro;;
;;N/A:  | N/A: ;;;Hurtado;pat.;;;;;De Canasi gol. Galatea, pat. Hurtado, con 70 cajas de azúcar, 60 bocoyos de miel.;;Galatea;;;gol.;1852_04_27;Canasi;;
;;N/A: ;;;Garoña;pat.;;;;;De Santa Cruz gol. Lina y Silvia, pat. Garoña, con 330 cajas de azúcar.;;Lina y Silvia;;;gol.;1852_04_27;Santa Cruz;;
;;N/A: ;;;Rodríguez;pat.;;;;;De Cárdenas gol. Iubanera, pat, Rodríguez, con 210 cajas de azúcar.;;Iubanera;;;gol.;1852_04_27;Cárdenas;;
;;N/A: ;;;Noto;pat.;;;;;Del Jucaro gol. Prosperidad, pat. Noto, con 700 c. azúcar.;;Prosperidad;;;gol.;1852_04_27;Jucaro;;
;;N/A: ;;;Bell st;pat.;;;;;De Matanzas gol. Antonia, pat. Bell st, con 60 c. azúcar.;;Antonia;;;gol.;1852_04_27;Matanzas;;
;;N/A: ;;;Suro;pat.;;;;;Del Jucaro gol. Villanueva, pat. Suro, con 500 c. azúcar.;;Villanueva;;;gol.;1852_04_27;Jucaro;;
;;N/A: ;;;Cabello;pat.;;;;;De id. gol. Marianita, pat. Cabello, con 300 c. azúcar.;;Marianita;;;gol.;1852_04_27;id.;;
;;N/A:  | N/A: ;;;P. Pug;pat.;;;;;De la Mula gol. Teresa, pat. P. Pug, con 600 sacos de azúcar, 12 pipas de aguardiente.;;Teresa;;;gol.;1852_04_27;Mula;;
;;N/A: ;;;Llana;pat.;;;;;De Cárdenas gol. Genera, pat. Llana, con 350 cajas de azúcar.;;Genera;;;gol.;1852_04_27;Cárdenas;;
;;N/A:  | N/A: ;;;Perra;pat.;;;;;De Baja gol. Victoria, pat. Perra, con 18 millares de tabacos, 20 c. de café.;;Victoria;;;gol.;1852_04_27;Baja;;
;;N/A: ;;;Juan;pat.;;;;;De Cárdenas gol. Camila, pat. Juan, con 560 c. azúcar.;;Camila;;;gol.;1852_04_27;Cárdenas;;
;;N/A: ;;;Agros;pat.;;;;;De Matanzas gol. Adela, pat. Agros, con 150 c. azúcar.;;Adela;;;gol.;1852_04_27;Matanzas;;
;;N/A: ;;;Coyula;pat.;;;;;De Rio la Palma gol. Cármen, pat. Coyula, con 310 cajas de azúcar.;;Cármen;;;gol.;1852_04_27;Rio la Palma;;
;;N/A:  | N/A: ;;;Queral;pat.;;;;;De Matanzas gol. Igancita, pat. Queral, con 430 cajas de azúcar, 12 sacos de café.;;Igancita;;;gol.;1852_04_27;Matanzas;;
;;N/A:  | N/A: ;;;Alonzo;pat.;;;;;De Carabatagol. Tres Hermanos, pat. Alonzo, con 310 c. azúcar, 4 pipas de aguardiente.;;Tres Hermanos;;;gol.;1852_04_27;Carabat;;
;;N/A: ;;;Martínez;pat.;;;;;Del Jucaro gol. Lucina, pat. Martínez, con 660 c. azúcar.;;Lucina;;;gol.;1852_04_27;Jucaro;;
;;N/A:  | N/A: ;;;Pons;pat.;;;;;Do Cabalá gol. Reserv. pat. Pons, con 400 cajas de azúcar, 20 pipas de aguardiente.;;Reserv.;;;gol.;1852_04_29;Cabalá;;
;;N/A: ;;;Perez;pat.;;;;;Del Maríol gol. tonoña, pat. Perez, con 215 c. de azúcar.;;tonoña;;;gol.;1852_04_29;Maríol;;
;;N/A:  | N/A:  | N/A: ;;;Vouzquez;pat.;;;;;Do Gilar gol. Júpiter, pat. Vouzquez, con 310 tarcios de tabaco, 22 cueros, 14 c. de r. r.;;Júpiter;;;gol.;1852_04_29;Gilar;;
;;N/A:  | N/A: ;;;García;pat.;;;;;Del Júcaro gol. Amiudad, pat. García, con 460 cajas de azúcar, 12 pipas de aguardiente.;;Amiudad;;;gol.;1852_04_30;Júcaro;;
;;N/A: ;;;Corleto;pat.;;;;;Del Marío gol. Dolores, pat. Corleto, con 201 c. azúcar.;;Dolores;;;gol.;1852_04_30;Marío;;
;;N/A: ;;;Arocha;pat.;;;;;De id. gol. Manuel, pat. Arocha, con 261 c. azúcar.;;Manuel;;;gol.;1852_04_30;id.;;
;;N/A: ;;;Nuñez;pat.;;;;;De Cárdenas gol. Generola, pat. Nuñez, con 350 c. azúcar.;;Generola;;;gol.;1852_04_30;Cárdenas;;
;;N/A: ;;;Bustillo;pat.;;;;;Del Júcaro gol. Margarita, pat. Bustillo, con 180 c. azúcar.;;Margarita;;;gol.;1852_04_30;Júcaro;;
;;N/A: ;;;Martín;pat.;;;;;De Cárdenas gol. Especulación, pat. Martín, s, con 320 cajas de azúcar.;;Especulación;;;gol.;1852_04_30;Cárdenas;;
;;N/A: ;;;López;pat.;;;;;De id. gol. Panchito, pat. López, con 340 c. de azúcar.;;Panchito;;;gol.;1852_04_30;id.;;
;;N/A:  | N/A: ;;;García;pat.;;;;;De Sierra Morena gol. Dos Amigos, pat. García, con 220 cajas de azúcar, 20 pipas de aguardiente.;;Dos Amigos;;;gol.;1852_04_30;Sierra Morena;;
;;N/A: ;;;Marrero;pat.;;;;;De id. gol. Tres Amigos, pat. Marrero, con 252 c. azúcar.;;Tres Amigos;;;gol.;1852_04_30;id.;;
;;N/A: ;;;Marrero;pat.;;;;;De Jaruco gol. Reserva, pat. Marrero, con 314 c. azúcar.;;Reserva;;;gol.;1852_04_30;Jaruco;;
;;N/A: ;;;Fernández;pat.;;;;;De la Ortega gol. Elvira, pat. Fernández, con 313 cajas de azúcar.;;Elvira;;;gol.;1852_04_30;Ortega;;
;;N/A:  | N/A: ;;;García;pat.;;;;;De Santa Cruz gol. Lina y Silva, pat. García, con 340 dasjas de azúcar, 100 sacos de café.;;Lina y Silva;;;gol.;1852_04_30;Santa Cruz;;
;;N/A:  | N/A: ;;;García;pat.;;;;;De Banos gol. Paqueto, pat. García, con 126 cajas de azúcar, 21 pipas de aguardiente.;;Paqueto;;;gol.;1852_04_30;Banos;;
;;N/A: ;;;Navoira;pat.;;;;;De Matanzas gol. Mercedita, pat. Navoira, con 230 cajas de azúcar.;;Mercedita;;;gol.;1852_04_30;Matanzas;;
;;N/A: ;;;Santos;pat.;;;;;De id. gol. Esperanza, pat. Santos, con 410 cajas de azúcar.;;Esperanza;;;gol.;1852_04_30;id.;;
;;N/A: ;;;Aierde;pat.;;;;;De id. gol. Dos Hermanos, pat. Aierde, con 470 c. azúcar.;;Dos Hermanos;;;gol.;1852_04_30;id.;;
;;N/A: ;;;Many;pat.;;;;;De Cárdenas gol. Antonia, pat. Many, con 330 c. azúcar.;;Antonia;;;gol.;1852_05_01;Cárdenas;;
;;N/A: ;;;González;pat.;;;;;Dol d. gol. labanera, pat. González, con 240 c. azúcar.;;labanera;;;gol.;1852_05_01;null;;
;;N/A: ;;;Carballo;pat.;;;;;Del Jucar gol. Rayo, pat. Carballo, con 530 c. de azúcar.;;Rayo;;;gol.;1852_05_01;Jucar;;
;;N/A: ;;;Seljo;pat.;;;;;De la Teja gol. Dos Sóñis, pat. Seljo, con 830 c. de azúcar.;;Dos Sóñis;;;gol.;1852_05_01;la Teja;;
;;N/A: ;;;Llang.r;pat.;;;;;De Cárdenas gol. Victoria, pat. Llang.r, con 500 c. azúcar.;;Victoria;;;gol.;1852_05_01;Cárdenas;;
;;N/A: ;;;Rivero;pat.;;;;;De Santa Cruz gol. Hermínia, pat. Rivero, con 237 cajas de azúcar.;;Hermínia;;;gol.;1852_05_01;Santa Cruz;;
;;N/A:  | N/A:  | N/A: ;;;Quirolu;pat.;;;;;De puerto Estmolido gol. Vicenta pat. Quirolu, con 160 cajas de azúcar, 4 pipas, 1 aguardiente.;;Vicenta;;;gol.;1852_05_01;Estmolido;;
;;N/A: ;;;Militano;pat.;;;;;De Cárdenas gol. Amanzana, pat. Militano, con 310 cajas de azúcar.;;Amanzana;;;gol.;1852_05_01;Cárdenas;;
;;N/A: ;;;González;pat.;;;;;De id. gol. Moroed, pat. González, con 370 c. de azúcar.;;Moroed;;;gol.;1852_05_01;id.;;
;;N/A: ;;;Carbemolt;pat.;;;;;De id. gol. Marisita, pat. Carbemolt, con 300 c. azúcar.;;Marisita;;;gol.;1852_05_01;id.;;
;;N/A: ;;;Calv;pat.;;;;;De Canari gol. Manuel, pat. Calv, con 270 c. de azúcar.;;Manuel;;;gol.;1852_05_01;Canari;;
;;N/A:  | N/A:  | N/A: ;;;García;pat.;;;;;De Cabañas gol. Teresa, pat. García, con 200 cajas de azúcar, 18 pipas, 1 aguardiente.;;Teresa;;;gol.;1852_05_01;Cabañas;;
;;N/A:  | N/A: ;;;Hinojosa;pat.;;;;;De Sagua de Tánano gol. Pior del Mar, pat. Hinojosa, con 255 cientos de tabaco, 32 millares de tabaco.;;Pior del Mar;;;gol.;1852_05_01;Sagua de Tánano;;
;;N/A:  | N/A: ;;;Bujast;pat.;;;;;De Matanzas gol. Antonia, pat. Bujast, con 15) cajas de azúcar, 243 codos de café.;;Antonia;;;gol.;1852_05_01;Matanzas;;
;;N/A: ;;;Romaguera;pat.;;;;;Del Júcaro gol. Tres. Hermanos, pat. Romaguera, con 280 cajas de azúcar.;;Tres.;;;gol.;1852_05_02;Júcaro;;
;;N/A: ;;;González;pat.;;;;;De Cabanas gol. Juanita, pat. González, con 200 o. azúcar.;;Juanita;;;gol.;1852_05_02;Cabanas;;
;;N/A: ;;;Gonzalez;pat.;;;;;Del Marisol gol. Aitagarcía, pat. Gonzalez, con 330 cajas de azúcar.;;Aitagarcía;;;gol.;1852_05_02;Marisol;;
;;N/A: ;;;Juan;pat.;;;;;Del Júcaro gol. Camila, pat. Juan, con 650 c. de azúcar.;;Camila;;;gol.;1852_05_02;Júcaro;;
;;N/A: ;;;Gomez;pat.;;;;;De Cárdenas gol. Rosita, pat. Gomez, con 500 c. azúcar.;;Rosita;;;gol.;1852_05_02;Cárdenas;;
;;N/A: ;;;García;pat.;;;;;De id. gol. Ruperta, pat. García, con 650 c. de azúcar.;;Ruperta;;;gol.;1852_05_02;id.;;
;;N/A: ;;;Sánchez;pat.;;;;;De id. gol. Joven Carlos, pat. Sánchez, con 515 c. azúcar.;;Joven Carlos;;;gol.;1852_05_02;id.;;
;;N/A: ;;;Gonzalez;pat.;;;;;De Jaruco gol Cuatro Hijos, pat. Gonzalez, con 312 cajas de azúcar.;;Cuatro Hijos;;;gol;1852_05_02;Jaruco;;
;;N/A: ;;;Cimurras;pat.;;;;;De id. gol Prudencia, pat. Cimurras, con 170 c. azúcar.;;Prudencia;;;gol;1852_05_02;id.;;
;;N/A: ;;;Marquez;pat.;;;;;De id. gol. Consuelo, pat. Marquez, con 142 c. azúcar.;;Consuelo;;;gol.;1852_05_02;id.;;
;;N/A: ;;;Arocha;pat.;;;;;Del Marisol gol. Maquela, pat. Arocha, con 320 c. azúcar.;;Maquela;;;gol.;1852_05_02;Marisol;;
;;N/A: ;;;Feliú;pat.;;;;;De id. gol. María, pat. Feliú, con 140 c. azúcar.;;María;;;gol.;1852_05_02;id.;;
;;N/A: ;;;Palacio;pat.;;;;;De Cimas gol. Josafa, pat. Palacio, con 200 c. azúcar.;;Josafa;;;gol.;1852_05_02;Cimas;;
;;N/A: ;;;Sucre;pat.;;;;;De Cárdenas gol. Villanueva, pat. Sucre, con 500 c. azúcar.;;Villanueva;;;gol.;1852_05_02;Cárdenas;;
;;N/A: ;;;Picon;pat.;;;;;De id. gol. Regla, pat. Picon, con 400 c. azúcar.;;Regla;;;gol.;1852_05_02;id.;;
;;N/A:  | N/A: ;;;Escondell;pat.;;;;;De Babi Honda gol. Antonio, pat. Escondell, con 340 cajas de azúcar, 14 pipas de aguardiente.;;Antonio;;;gol.;1852_05_02;Babi Honda;;
;;N/A:  | N/A: ;;;Havaes;pat.;;;;;De id. gol. Cochita, pat. Havaes, con 24 i cajas de azúcar 10 pipas de aguardiente.;;Cochita;;;gol.;1852_05_02;id.;;
;;N/A:  | N/A: ;;;Grandall;pat.;;;;;De Moron gol. Torosita, pat. Grandall, con 1000 @ de cero, 100 cueros.;;Torosita;;;gol.;1852_05_02;Moron;;
;;N/A: ;;;Calvo;pat.;;;;;Del Jucaro gol. Josefina, pat. Calvo, con 753 c. azúcar.;;Josefina;;;gol.;1852_05_02;Jucaro;;
;;N/A: ;;;Fluxat;pat.;;;;;De Cabanas gol. Amistad, pat. Fluxat, con 200 c. azúcar.;;Amistad;;;gol.;1852_05_02;Cabanas;;
;;N/A:  | N/A:  | N/A: ;;;Oliver;pat.;;;;;De Cárdenas gol. Rica, pat. Oliver, con 150 c. azúcar, 62 sacos de café, 8 pipas de aguardiente.;;Rica;;;gol.;1852_05_02;Cárdenas;;
;;N/A: ;;;Romuero;pat.;;;;;De Carabatas gol. Diego, pat. Romuero, con 352 c. azúcar.;;Diego;;;gol.;1852_05_02;Carabatas;;
;;N/A: ;;;Quesral;pat.;;;;;De Matanzas gol. Igualita, pat. Quesral, con 170 c. azúcar.;;Igualita;;;gol.;1852_05_02;Matanzas;;
Día null:;;N/A: ;;;Viguer;pat.;;;03-05-YYYY;;Mayo 3.—De Jarucogol. Ligeru, pat. Viguer, con 170 ca-;;Ligeru;;;gol.;1852_05_05;Jarucogol;;
;;N/A: ;;;Nuñez;pat.;;;;;De Cárdenas gol. General, pat. Nuñez, con 350 o. azúcar.;;General;;;gol.;1852_05_05;Cárdenas;;
;;N/A: ;;;Veen;pat.;;;;;Del Jucaro gol. Favorita, pat. Veen, con 250 cajas azúcar.;;Favorita;;;gol.;1852_05_05;Jucaro;;
;;N/A: ;;;Eusefnt;pat.;;;;;De Sierra Morena gol. Molestadora, pat. Eusefnt, con 430;;Molestadora;;;gol.;1852_05_05;Sierra Morena;;
;;N/A: ;;;Díez;pat.;;;;;Del Jucaro gol. Gral. Lamar, pat. Díez, con 380 o. azúcar.;;Gral. Lamar;;;gol.;1852_05_05;Jucaro;;
;;N/A: ;;;Perez;pat.;;;;;Del Marisol gol. Antonia, pat. Perez, con 218 cajas azúcar.;;Antonia;;;gol.;1852_05_05;Marisol;;
;;N/A: ;;;Quiroia;pat.;;;;;De Puerto-Escondido gol. Vicente, pat. Quiroia, con 162;;Vicente;;;gol.;1852_05_05;Puerto-Escondido;;
;;N/A: ;;;Sanchez;pat.;;;;;De Banes gol. Mercedita, pat. Sanchez, con 112 cajas 13;;Mercedita;;;gol.;1852_05_05;Banes;;
;;N/A: ;;;Sierra;pat.;;;;;De Bahia-Honda gol. Diamante, pat. Sierra, con 316 cajas;;Diamante;;;gol.;1852_05_05;Bahia-Honda;;
;;N/A: ;;;Torro;pat.;;;;;Del Jucaro gol. Mercedita, pat. Torro, con 380 cajas de;;Mercedita;;;gol.;1852_05_05;Jucaro;;
;;N/A: ;;;Rodriguez;pat.;;;;;Del Marisol gol. Justicia, pat. Rodriguez, con 201 cajas de;;Justicia;;;gol.;1852_05_05;Marisol;;
;;N/A: ;;;Jordán;pat.;;;;;De Mantua gol. Isabel, pat. Jordán, con 52 tercios de taba-;;Isabel;;;gol.;1852_05_05;Mantua;;
;;N/A: ;;;Perez;pat.;;;;;De Cárdenas gol. E'anza, pat. Perez, con 700 o. de azúcar.;;E'anza;;;gol.;1852_05_05;Cárdenas;;
;;N/A: ;;;Agro;pat.;;;;;De Matanzas gol. Adola, pat. Agro, con 430 cajas azúcar.;;Adola;;;gol.;1852_05_05;Matanzas;;
;;N/A: ;;;Pujol;pat.;;;;;De Cárdenas gol. Ilesita, pat. Pujol, con 290 cajas de azu-;;Ilesita;;;gol.;1852_05_05;Cárdenas;;
;;N/A: ;;;Gutiérrez;pat.;;;;;De Cabanas gol. Dos Amigos, pat. (Gutiérrez, con 300 ca-;;Dos Amigos;;;gol.;1852_05_05;Cabanas;;
;;N/A: ;;;Gómez;pat.;;;;;De Matanzas gol. Segunda Jorca, pat. Gómez, con 250;;Segunda Jorca;;;gol.;1852_05_05;Matanzas;;
;;N/A:  | N/A: ;;;Marrero;pat.;;;;;De Jaruco gol. Rectora, pat. Marrero, con 170 cajas y 6;;Rectora;;;gol.;1852_05_05;Jaruco;;
;;N/A: ;;;Rodriguez;pat.;;;;;Del Jucaro berg. Napoleón, pat. Rodriguez, con 1800 ca-;;Napoleón;;;berg.;1852_05_05;Jucaro;;
;;N/A: ;;;Pachun;pat.;;;;;De Guano gol. Feliz, pat. Pachun, con 176 tercios de taba-;;Feliz;;;gol.;1852_05_05;Guano;;
;;;;;Barao;pat.;;;;;Del Canal do San Mateo gol. Segunda Anita, pat. Barao-;;Segunda Anita;;;gol.;1852_05_05;Canal do San Mateo;;
;;N/A: ;;;Perez;pat.;;;;;Del Marisol gol. Quintina, pat. Perez, con 217 o. azúcar.;;Quintina;;;gol.;1852_05_05;Marisol;;
;;N/A: ;;;Compau;pat.;;;;;Del Marisol gol. Flor do Regla, pat. Compau, con 160 ca-;;Flor do Regla;;;gol.;1852_05_05;Marisol;;
;;N/A: ;;;Garcia;pat.;;;;;De Santa Cruz gol. Lina y Silvia, pat. Garcia, con 330 ca-;;Lina y Silvia;;;gol.;1852_05_05;Santa Cruz;;
;;N/A: ;;;Barrera;pat.;;;;;De Sierra-Morona gol. Don Antonio, pat. Barrera, con 550;;Don Antonio;;;gol.;1852_05_05;Sierra-Morona;;
;;N/A: ;;;Vano;pat.;;;;;De Manatí gol. Concepción, pat. Vano, con 127 cueros, 72;;Concepción;;;gol.;1852_05_05;Manatí;;
;;;;;Bonitos;pat.;;;;;De Sagua de Táumano gol. Gran Canal, pat. Bonitos, con;;Gran Canal;;;gol.;1852_05_05;Sagua de Táumano;;
;;N/A: ;;;Mario Gura;pat.;;;;;De Cabanas gol. Cabaño Mario, pat. Gura, con 300 cajas;;Cabaño;;;gol.;1852_05_05;Cabanas;;
;;N/A:  | N/A: ;;;Andron;pat.;;;;;De Mayajigas gol. Fran o. ariz, pat. Andron, con 41 66;;Fran;;;gol.;1852_05_05;Mayajigas;;
;;;;;Curat-lá;pat.;;;;;De Sagua la Girande gol. Pelerita, pat. Curat-lá, con;;Pelerita;;;gol.;1852_05_05;Sagua la Girande;;
;;N/A:  | N/A: ;;;Luno;pat.;;;;;De Baracoa gol. Unión, pat. Luno, con 52 6 de cera, 25 ca-;;Unión;;;gol.;1852_05_05;Baracoa;;
;;N/A: ;;;Peha;pat.;;;;;De Sierra-Morona gol. María, pat. Peha, con 500 o. azúcar.;;María;;;gol.;1852_05_05;Sierra-Morona;;
Día null:;;N/A: ;;;Martinez;pat.;;;04-05-2023;;Mayo 4.—Del Jucaro gol. Lucina, pat. Martinez, con 680;;Lucina;;;gol.;1852_05_05;Jucaro;;
;;N/A: ;;;Feliz;pat.;;;;;Del Marisol gol. María, pat. Feliz, con 140 o. de azúcar.;;María;;;gol.;1852_05_05;Marisol;;
;;N/A: ;;;Arueho;pat.;;;;;De id. gol. Manuela, pat. Arueho, con 52 tercios de azúcar,;;Manuela;;;gol.;1852_05_05;id.;;
;;N/A: ;;;Cabillo;pat.;;;;;Del Jucaro gol. Rayo, pat. Cabillo, con 520 o. azúcar.;;Rayo;;;gol.;1852_05_05;Jucaro;;
;;;;;Gonzalez;pat.;;;;;De Sierra Morona gol. Zoil Mancuera, pat. Gonzalez, con;;Zoil Mancuera;;;gol.;1852_05_05;Sierra Morona;;
;;N/A: ;;;González;pat.;;;;;Del Jucaro gol. Mercedita, pat. González, con 375 cajas de;;Mercedita;;;gol.;1852_05_05;Jucaro;;
;;N/A: ;;;Luis;pat.;;;;;De Cabanas gol. Reserva, pat. Luis, con 400 cajas de azu-;;Reserva;;;gol.;1852_05_05;Cabanas;;
;;N/A: ;;;Fierro;pat.;;;;;Del Jucaro gol. Vengativa, pat. Fierro, con 516 cajas de a-;;Vengativa;;;gol.;1852_05_05;Jucaro;;
;;N/A: ;;;Barcia;pat.;;;;;De Banes gol. Paquete de Banes, pat. Barcia, con 187 cajas;;Paquete;;;gol.;1852_05_05;Banes;;
;;N/A: ;;;Pagés;pat.;;;;;De Jaruco gol. Natividad, pat. Pagés, con 182 cajas de a-;;Natividad;;;gol.;1852_05_05;Jaruco;;
;;N/A: ;;;Villarín;pat.;;;;;De Canasi gol. Correo, pat. Villarín, con 145 o. de azúcar.;;Correo;;;gol.;1852_05_05;Canasi;;
;;N/A: ;;;Rivero;pat.;;;;;De Santa Cruz gol. Herminia, pat. Rivero, con 200 cajas de;;Herminia;;;gol.;1852_05_05;Santa Cruz;;
;;N/A: ;;;Llanger;pat.;;;;;De Cárdenas gol. Victoria, pat. Llanger, con 500 cajas de;;Victoria;;;gol.;1852_05_05;Cárdenas;;
;;N/A: ;;;Sanchez;pat.;;;;;De Bahia Honda gol. Carmita, pat. Sanchez, con 180 ca-;;Carmita;;;gol.;1852_05_05;Bahia Honda;;
;;N/A: ;;;Coyula;pat.;;;;;De Río la Palma gol. Carmen, pat. Coyula, con 310 cajas;;Carmen;;;gol.;1852_05_05;Río la Palma;;
;;N/A: ;;;Marquez;pat.;;;;;De Puerto Escondido gol. Consuelo, pat. Marquez, con 142;;Consuelo;;;gol.;1852_05_05;Puerto Escondido;;
;;N/A: ;;;Cobos;pat.;;;;;De la Teja gol. Neptuno, pat. Cobos, con 120 o. azúcar.;;Neptuno;;;gol.;1852_05_05;la Teja;;
;;N/A: ;;;Carbonell;pat.;;;;;Del Jucaro gol. Marianita, pat. Carbonell, con 380 cajas;;Marianita;;;gol.;1852_05_05;Jucaro;;
;;N/A: ;;;Mba;pat.;;;;;De id. gol. Bella Cubana, pat. Mba, con 240 cajas de azú-;;Bella Cubana;;;gol.;1852_05_05;id.;;
;;N/A: ;;;Garcia;pat.;;;;;De Cabanas gol. Teresita, pat. Garcia, con 300 o. azúcar.;;Teresita;;;gol.;1852_05_05;Cabanas;;
;;N/A: ;;;Garcia;pat.;;;;;De Jaimanita, gol. Bibiana, pat. Garcia, con 6000 tejas.;;Bibiana;;;gol.;1852_05_05;Jaimanita;;
;;N/A: ;;;Ferrer;pat.;;;;;De Bahia-Honda gol. Clarita, pat. Ferrer, con 250 cajas de;;Clarita;;;gol.;1852_05_05;Bahia-Honda;;
;;N/A:  | N/A: ;;;Garcia;pat.;;;;;Del Jucaro gol. Amiñest, pat. Garcia, con 850 cajas de azúcar, 15 pipas de aguardiente.;;Amiñest;;;gol.;1852_05_06;Jucaro;;
;;N/A: ;;;Martinez;pat.;;;;;De Cádiz gol. Especulacion, pat. Martinez, con 380 cajas de azúcar.;;Especulacion;;;gol.;1852_05_06;Cádiz;;
;;N/A:  | N/A: ;;;Mayans;pat.;;;;;De Mautas gol. Aaita, pat. Mayans, con 5 osuros, 16 @ de cera.;;Aaita;;;gol.;1852_05_06;Mautas;;
;;N/A: ;;;Sanchiz;pat.;;;;;De Cádiz gol. Joven Carlota, pat. Sanchiz, con 500 cajas de azúcar.;;Joven Carlota;;;gol.;1852_05_06;Cádiz;;
;;N/A: ;;;Gonzales;pat.;;;;;Del gol. Habasori, pat. Gonzales, con 250 c. de azúcar.;;Habasori;;;gol.;1852_05_06;;;
;;N/A: ;;;Torres;pat.;;;;;De la Fría gol. Dorotea, pat. Torres, con 300 c. de azúcar.;;Dorotea;;;gol.;1852_05_06;Fría;;
;;N/A: ;;;Goméz;pat.;;;;;De Cádiz gol. Ruporza, pat. Goméz, con 600 c. de azúcar.;;Ruporza;;;gol.;1852_05_06;Cádiz;;
;;N/A:  | N/A: ;;;Rosa;pat.;;;;;Del gol. Cis, pat. Rosa, con 550 cajas de azúcar, 9 pipas de aguardiente.;;Cis;;;gol.;1852_05_06;;;
;;N/A: ;;;Mírez;pat.;;;;;Del Jucaro gol. Antonin, pat. Mírez, con 250 c. de azúcar.;;Antonin;;;gol.;1852_05_06;Jucaro;;
;;N/A: ;;;González;pat.;;;;;De Jarojo gol. Cuatro Hijos, pat. González, con 304 cajas de azúcar.;;Cuatro Hijos;;;gol.;1852_05_06;Jarojo;;
;;N/A:  | N/A: ;;;González;pat.;;;;;Del Marisol gol. Altaracía, pat. González, con 281 cajas de azúcar, 15 pipas de aguardiente.;;Altaracía;;;gol.;1852_05_06;Marisol;;
;;N/A:  | N/A: ;;;González;pat.;;;;;Del Marisol gol. Juarista, pat. González, con 355 cajas de azúcar, 20 pipas de aguardiente.;;Juarista;;;gol.;1852_05_06;Marisol;;
;;N/A: ;;;Palacio;pat.;;;;;De Canari gol. Josefa, pat. Palacio, con 200 c. de azúcar.;;Josefa;;;gol.;1852_05_06;Canari;;
;;N/A: ;;;Palist;pat.;;;;;Del gol. Manuela, pat. Palist, con 270 c. de azúcar.;;Manuela;;;gol.;1852_05_06;;;
;;N/A: ;;;Cimnuer;pat.;;;;;De Jarojo gol. Prudencia, pat. Cimnuer, con 270 c. azúcar.;;Prudencia;;;gol.;1852_05_06;Jarojo;;
;;N/A: ;;;Bellido;pat.;;;;;De id. gol. Dicho, pat. Bellido, con 61 barroes de mien.;;Dicho;;;gol.;1852_05_06;id.;;
;;N/A:  | N/A:  | N/A: ;;;Suarez;pat.;;;;;De Ságan gol. Palmerita, pat. Suarez, con 230 cajas de azúcar, 6 pipas de aguardiente, 44 torc. de tabaco.;;Palmerita;;;gol.;1852_05_06;Ságan;;
;;N/A: ;;;Gómez;pat.;;;;;Del Júcaro gol. Rosita, pat. Gómez, con 500 c. de azúcar.;;Rosita;;;gol.;1852_05_07;Júcaro;;
;;N/A: ;;;Víctor;pat.;;;;;Del Júcaro gol. Lívora, pat. Víctor, con 172 s. de azúcar.;;Lívora;;;gol.;1852_05_07;Júcaro;;
;;N/A: ;;;Juan;pat.;;;;;De Cárdenes gol. Catalina, pat. Juan, con 509 c. de azúcar.;;Catalina;;;gol.;1852_05_07;Cárdenes;;
;;N/A: ;;;Marrero;pat.;;;;;Del Jaraño gol. Ríos, pat. Marrero, con 201 c. azúcar.;;Ríos;;;gol.;1852_05_07;Jaraño;;
;;N/A: ;;;Romagüera;pat.;;;;;Del Júcaro gol. Tres Hermanos, pat. Romagüera, con 250;;Tres Hermanos;;;gol.;1852_05_07;Júcaro;;
;;N/A: ;;;González;pat.;;;;;De Baracal gol. Maruca, pat. González, con 145 cajas de;;Maruca;;;gol.;1852_05_07;Baracal;;
;;N/A: ;;;Marrero;pat.;;;;;De Sierra-Morena gol. Tres Amigos, pat. Marrero, con 314;;Tres Amigos;;;gol.;1852_05_07;Sierra-Morena;;
;;N/A: ;;;Nobo;pat.;;;;;Del Júcaro gol. Proporidad, pat. Nobo, con 700 cajas de;;Proporidad;;;gol.;1852_05_07;Júcaro;;
;;N/A: ;;;Oliver;pat.;;;;;De Cárdenes gol. R. tá, pat. Oliver, con 520 c. de azúcar;;R. tá;;;gol.;1852_05_07;Cárdenes;;
;;N/A: ;;;Calvo;pat.;;;;;Del Júcaro gol. José, pat. Calvo, con 700 c. de azúcar.;;José;;;gol.;1852_05_07;Júcaro;;
;;N/A: ;;;Navaira;pat.;;;;;De Matasuna gol. Mercedita, pat. Navaira, con 240 cajas;;Mercedita;;;gol.;1852_05_07;Matasuna;;
;;N/A: ;;;Aorde;pat.;;;;;De id. gol. Dos Hermanos, pat. Aorde, con 510 c. azúcar,;;Dos Hermanos;;;gol.;1852_05_07;id.;;
;;N/A: ;;;Aguirre;pat.;;;;;Del Morillo gol. Segunda Rosa, pat. Aguirre, con 150 cajas;;Segunda Rosa;;;gol.;1852_05_07;Morillo;;
;;N/A: ;;;Rívigo;pat.;;;;;De Remedios gol. Dorotea, pat. Rívigo, con 81 tencios de tu-;;Dorotea;;;gol.;1852_05_07;Remedios;;
;;N/A: ;;;Lureiro;pat.;;;;;De Cabanas gol. Caballo Marino, pat. Lureiro, con 230 or-;;Caballo Marino;;;gol.;1852_05_08;Cabanas;;
;;N/A: ;;;Nuñez;pat.;;;;;De Cárdenas gol. Generala, pat. Nuñez, con 360 c. azucar.;;Generala;;;gol.;1852_05_08;Cárdenas;;
;;N/A: ;;;Martinez;pat.;;;;;Del Jucaro gol. Lucina, pat. Martinez, con 612 c. de azu-;;Lucina;;;gol.;1852_05_08;Jucaro;;
;;N/A: ;;;Segui;pat.;;;;;De la Teja gol. Cuatro Nietos, pat. Segui, con 116 bocoyes;;Cuatro Nietos;;;gol.;1852_05_08;la Teja;;
;;N/A: ;;;Marin;pt.;;;;;De Sierra Morena gol. Angelita, pt. Marin, con 506 orjas;;Angelita;;;gol.;1852_05_08;Sierra Morena;;
;;N/A: ;;;Garcia;pt.;;;;;De Sierra Morena gol. Dos Amigos, pt. Garcia, con 220 cu-;;Dos Amigos;;;gol.;1852_05_08;Sierra Morena;;
;;N/A: ;;;Díaz;pat.;;;;;Do Cárdenas gol. General Lamar, pat. Díaz, con 570 ojjas;;General Lamar;;;gol.;1852_05_09;Cárdenas;;
;;N/A: ;;;Carbonell;pat.;;;;;Do id. gol. Marianita, pat. Carbonell, con 500 c. de azúcar.;;Marianita;;;gol.;1852_05_09;id.;;
;;N/A: ;;;Perer;pat.;;;;;Do id. gol. Blanon, pat. Perer, con 500 ojjas de azúcar.;;Blanon;;;gol.;1852_05_09;id.;;
;;N/A: ;;;Cordero;pat.;;;;;Del Martel gol. 1 olera, pat. Cordero con 204 c. de azucar.;;1 olera;;;gol.;1852_05_11;Martel;;
;;N/A: ;;;Arcocha;pat.;;;;;De id. gol. Manuaria, pat. Arcocha, con 325 c. de azucar.;;Manuaria;;;gol.;1852_05_11;id.;;
;;N/A: ;;;Gonzalez;pat.;;;;;De id. gol. Altagracia, pat. Gonzalez, con 340 c. de azucar.;;Altagracia;;;gol.;1852_05_11;id.;;
;;N/A: ;;;Forza;pat.;;;;;De id. gol. Quintana, pat. Forza, con 312 c. de azucar.;;Quintana;;;gol.;1852_05_11;id.;;
;;N/A:  | N/A: ;;;Rodriguez;pat.;;;;;De id. gol. Jarta, pat. Rodriguez, con 201 cajas de azucar, 14 pipas de aguardiente.;;Jarta;;;gol.;1852_05_11;id.;;
;;N/A: ;;;Breilio;pat.;;;;;De Card. de gol. Margarita, pat. Breilio, con 190 cajas de azucar.;;Margarita;;;gol.;1852_05_11;Card.;;
;;N/A: ;;;Llanger;pat.;;;;;De id. gol. Victoria, pat. Llanger con 500 c. de azucar.;;Victoria;;;gol.;1852_05_11;id.;;
;;N/A: ;;;Vega;pat.;;;;;De id. gol. Vinita, pat. Vega con 250 c. de azucar.;;Vinita;;;gol.;1852_05_11;id.;;
;;N/A: ;;;Torres;pat.;;;;;De id. gol. Mora, pat. Torres, con 380 c. de azucar.;;Mora;;;gol.;1852_05_11;id.;;
;;N/A: ;;;Pena;pat.;;;;;De id. gol. Maldonado, pat. Pena, con 400 c. de azucar.;;Maldonado;;;gol.;1852_05_11;id.;;
;;N/A:  | N/A: ;;;Guitierrez;pat.;;;;;De id. gol. Mora, pat. Guitierrez, con 250 cajas de azucar, 12 pipas de aguardiente.;;Mora;;;gol.;1852_05_11;id.;;
;;N/A:  | N/A: ;;;Garcia;pat.;;;;;De id. gol. Santa Cruz, pat. Garcia, con 330 c. de azucar, 10 pipas de aguardiente.;;Santa Cruz;;;gol.;1852_05_11;id.;;
;;N/A:  | N/A: ;;;Lina y Nita, pat. Garcia;pat.;;;;;De id. gol. Santa Cruz, pat. Lina y Nita, pat. Garcia, con 330 c. de azucar, 12 pipas de agua mineral.;;Santa Cruz;;;gol.;1852_05_11;id.;;
;;N/A:  | N/A: ;;;Fernandez;pat.;;;;;De id. Ochavera, pat. Llave, pat. Fernandez, con 316 cajas de azucar, 12 pipas de aguardiente.;;Llave;;;;1852_05_11;id. Ochavera;;
;;N/A:  | N/A:  | N/A: ;;;Mendoza;pat.;;;;;De id. Matanzas, pat. Mendoza, pat. Sierro, con 460 cajas de azucar, 28 cajas de café, 10 cajas de aguardiente.;;;;;;1852_05_11;Matanzas;;
;;N/A:  | N/A:  | N/A: ;;;Llave;pat.;;;;;De id. gol. Sotomayor, pat. Llave, pat. Sierro, con 460 cajas de azucar, 28 cajas de café, 10 cajas de aguardiente.;;Sotomayor;;;gol.;1852_05_11;id.;;
;;N/A:  | N/A:  | N/A: ;;;Mendoza;pat.;;;;;De id. gol. Cárdenas, pat. Mendoza, pat. Sierro, con 460 cajas de azucar, 28 cajas de café, 10 cajas de aguardiente.;;Cárdenas;;;gol.;1852_05_11;id.;;
;;N/A:  | N/A:  | N/A: ;;;Vila;pat.;;;;;Del Juzgado, pat. Vila, pat. Sierro, con 460 cajas de azucar, 28 cajas de café, 10 cajas de aguardiente.;;;;;;1852_05_11;Juzgado;;
;;N/A:  | N/A: ;;;Garcia;pat.;;;;;De id. gol. Páez, pat. Garcia, con 380 cajas de azucar, 12 pipas de aguardiente.;;Páez;;;gol.;1852_05_11;id.;;
;;N/A: ;;;Biquet;pat.;;;;;De Gibara, gol. Llave, pat. Biquet, con 300 cajas de azucar.;;Llave;;;gol.;1852_05_11;Gibara;;
;;N/A: ;;;Mas;pat.;;;;;Del Júcaro gol. Bella Cubana, pat. Mas con 540 e. de azú-;;Bella Cubana;;;gol.;1852_05_12;Júcaro;;
;;N/A: ;;;Sanchez;pat.;;;;;De Banes gol. Merced, pat. Sanchez, con 112 e. de azúcar.;;Merced;;;gol.;1852_05_12;Banes;;
;;N/A: ;;;Carballo;pat.;;;;;De Cárdenas gol. Kayo, pat. Carballo, con 620 e. azúcar.;;Kayo;;;gol.;1852_05_12;Cárdenas;;
;;;;;Gonzalez;pat.;;;;;De Sierra-Morena gol. Seis Manzanas, pat. Gonzalez, con;;Seis Manzanas;;;gol.;1852_05_12;Sierra-Morena;;
;;N/A: ;;;Loreiro;pat.;;;;;De Cabanas gol. Cabullo Marino, pat. Loreiro, con 200 e.;;Cabullo Marino;;;gol.;1852_05_12;Cabanas;;
;;N/A: ;;;Lierens;pat.;;;;;De Jarujo gol. Regla, pat. Lierens, con 46 huecos de miel;;Regla;;;gol.;1852_05_12;Jarujo;;
;;N/A: ;;;Gonzalez;;;;;;De Cabánia gol. Juanita, Gonzalez, con 383 cajas de azú-;;Juanita;;;gol.;1852_05_12;Cabánia;;
;;N/A: ;;;Feliu;pat.;;;;;Del Marisol gol. María, pat. Feliu, con 140 e. de azúcar.;;María;;;gol.;1852_05_12;Marisol;;
;;N/A: ;;;Gonzalez;pat.;;;;;De Jaruco gol. Centro Hijo, pat. Gonzalez, con 302 cajas;;Centro Hijo;;;gol.;1852_05_12;Jaruco;;
;;N/A: ;;;Seij;pat.;;;;;De la Tejas gol. Dos Sofas, pat. Seij, con 400 e. azúcar.;;Dos Sofas;;;gol.;1852_05_12;Tejas;;
;;N/A: ;;;Escal;pat.;;;;;De Bahía Honda gol. Antonio, pat. Escal, con 300 e.;;Antonio;;;gol.;1852_05_12;Bahía Honda;;
;;N/A: ;;;Pujol;pat.;;;;;De Cárdenas gol. Inés, pat. Pujol, con 200 e. de azúcar.;;Inés;;;gol.;1852_05_12;Cárdenas;;
;;N/A: ;;;Pons;pat.;;;;;De Cárdenas gol. Reserva, pat. Pons, con 400 e. de azúcar,;;Reserva;;;gol.;1852_05_12;Cárdenas;;
;;N/A: ;;;Perez;pat.;;;;;Del Marisol gol. Antonia, pat. Perez, con 220 e. azúcar.;;Antonia;;;gol.;1852_05_12;Marisol;;
;;N/A: ;;;Serrante;pat.;;;;;Del Júcaro berg. Napoléon, pat. Serrante, con 130 cajas;;Napoléon;;;berg.;1852_05_12;Júcaro;;
;;N/A: ;;;Calvo;pat.;;;;;Del Jucaro gol. Josefina, pat. Calvo, con 750 cajas de azú-;;Josefina;;;gol.;1852_05_13;Jucaro;;
;;N/A: ;;;Fluxat;pat.;;;;;Dj id. gol. Amistad, pat. Fluxat, con 850 c. de azúcar.;;Amistad;;;gol.;1852_05_13;Dj;;
;;N/A: ;;;Hurtado;pat.;;;;;De Canas: gol. Galatea, pat. Hurtado, con 220 c. azúcar.;;Galatea;;;gol.;1852_05_13;Canas;;
;;N/A: ;;;Helfert;pat.;;;;;De Matanzas gol. Antonia, pat. Helfert, con 400 c. azúcar.;;Antonia;;;gol.;1852_05_13;Matanzas;;
;;N/A: ;;;Aroba;pat.;;;;;Del Maricel gol. Manuela, pat. Aroba, con 333 c. de azú-;;Manuela;;;gol.;1852_05_13;Maricel;;
;;N/A: ;;;Many;pat.;;;;;De Cárdenas gol. Antonia, pat. Many, con 300 c. azúcar.;;Antonia;;;gol.;1852_05_13;Cárdenas;;
;;N/A: ;;;Puent;pat.;;;;;De Mulata gol. Poto-i, pat. Puent, con 200 cajas de azú-;;Poto-i;;;gol.;1852_05_13;Mulata;;
;;N/A: ;;;Compan;pat.;;;;;Del Mariel gol. Flor de Regla, pat. Compan, con 160 cajas;;Flor de Regla;;;gol.;1852_05_13;Mariel;;
;;N/A: ;;;Rivoro;pat.;;;;;De Santa Cruz gol. Herminia, pat. Rivoro, con 289 cajas;;Herminia;;;gol.;1852_05_13;Santa Cruz;;
;;N/A: ;;;Villarío;pat.;;;;;De Canas: gol. Correo, pat. Villarío, con 214 c. de azúcar;;Correo;;;gol.;1852_05_13;Canas;;
;;N/A: ;;;Sierra;pat.;;;;;De Bahía Honda gol. Diamante, pat. Sierra, con 312 cajas;;Diamante;;;gol.;1852_05_13;Bahía Honda;;
;;N/A: ;;;Sánchez;pat.;;;;;Del Jucaro gol. Júven Carlota, pat. Sánchez, con 600 cajas;;Júven Carlota;;;gol.;1852_05_13;Jucaro;;
;;N/A: ;;;Quirola;pat.;;;;;De Pto. Escandón gol. Vicente, pat. Quirola, con 161 ca-;;Vicente;;;gol.;1852_05_13;Pto. Escandón;;
;;N/A: ;;;Marquez;pat.;;;;;De id. gol. Consuelo, pat. Marquez, con 141 c. de azúcar.;;Consuelo;;;gol.;1852_05_13;id.;;
;;N/A: ;;;Pérez;pat.;;;;;De Baracoa gol. Daina, pat. Pérez, con 40 tercios de taba-;;Daina;;;gol.;1852_05_13;Baracoa;;
;;N/A:  | N/A: ;;;Martinez;pat.;;;;;Del Júcar gol, Lucina, pat. Martinez, con 650 cajas de azúcar, 8 pipas de aguardiente.;;Lucina;;;gol;1852_05_14;Júcar;;
;;N/A:  | N/A: ;;;Cordoro;pat.;;;;;Del Marisol gol. Dolores, pat. Cordoro, con 200 cajas de azúcar, 4 pipas de aguardiente.;;Dolores;;;gol.;1852_05_14;Marisol;;
;;N/A:  | N/A: ;;;Marrero;pat.;;;;;De Jaruco gol. Reserva, pat. Marrero, con 200 cajas de azúcar, 20 pipas de aguardiente.;;Reserva;;;gol.;1852_05_14;Jaruco;;
;;N/A:  | N/A: ;;;Lej;pat.;;;;;De Cabechos gol. Amistad, pat. Lej, con 200 cajas de azúcar, 20 pipas de aguardiente.;;Amistad;;;gol.;1852_05_14;Cabechos;;
;;N/A:  | N/A:  | N/A: ;;;Badarán;pat.;;;;;De Santa Lucía gol. Regitla, pat. Badarán, con 215 cajas de azúcar, 4 pipas de aguardiente, 4 cajas de cera.;;Regitla;;;gol.;1852_05_14;Santa Lucía;;
;;N/A: ;;;Rodríguez;pat.;;;;;De Banes gol. Caridad, pat. Rodríguez, con 28 bocoyes de miel.;;Caridad;;;gol.;1852_05_14;Banes;;
;;N/A: ;;;Pichorro;pat.;;;;;Del Canal de San Mateo gol. Pájaro Verde, pat. Pichorro, con 400 cajas de azúcar.;;Pájaro Verde;;;gol.;1852_05_14;Canal de San Mateo;;
;;N/A: ;;;Palacio;pat.;;;;;De Canario gol. Josefa, pat. Palacio, con 200 cajas de azúcar.;;Josefa;;;gol.;1852_05_14;Canario;;
;;N/A:  | N/A: ;;;Agrer;pat.;;;;;De Matanzas gol. Adela, pat. Agrer, con 500 cajas de azúcar, 36 sacos de café.;;Adela;;;gol.;1852_05_14;Matanzas;;
;;N/A: ;;;Cuyula;pat.;;;;;De Río la Palma gol. Carmen, pat. Cuyula, con 317 cajas de azúcar.;;Carmen;;;gol.;1852_05_14;Río la Palma;;
;;N/A: ;;;Capelo;pat.;;;;;De Sierra Morena gol Lugarja, pat. Capelo, con 468 cajas de azúcar.;;Lugarja;;;gol.;1852_05_15;Sierra Morena;;
;;N/A: ;;;González;pat.;;;;;De Corderas gol. Habanera, pat. González, con con 300 cajas de azúcar.;;Habanera;;;gol.;1852_05_15;Corderas;;
;;N/A: ;;;Arreola;pat.;;;;;Del Matiel gol. Manuela, pat. Arreola, con 326 c. azúcar.;;Manuela;;;gol.;1852_05_15;Matiel;;
;;N/A:  | N/A: ;;;Ruvona;pat.;;;;;De Bahía 11 ruda gol. Conchita, pat. Ruvona, con 210 cajas de azúcar, 16 pipas de aguardiente.;;Conchita;;;gol.;1852_05_15;Bahía;;
;;N/A: ;;;García;pat.;;;;;De id. gol. Bonifacia, pat. García, con 175 c. azúcar.;;Bonifacia;;;gol.;1852_05_15;id.;;
;;N/A: ;;;García;pat.;;;;;De Cárdenas gol. Generala, pat. García, con 350 c. azúcar.;;Generala;;;gol.;1852_05_15;Cárdenas;;
;;N/A: ;;;Peñaz;pat.;;;;;De id. gol. Blanca, pat. Peñaz, con 700 c de azúcar.;;Blanca;;;gol.;1852_05_15;id.;;
;;N/A: ;;;Díaz;pat.;;;;;De id. gol. General Lamar, pat. Díaz, con 380 c. azúcar.;;General Lamar;;;gol.;1852_05_15;id.;;
;;N/A: ;;;Carlonell;pat.;;;;;De id. gol. Marianita, pat. Carlonell, con 200 c. azúcar.;;Marianita;;;gol.;1852_05_15;id.;;
;;N/A:  | N/A: ;;;Pagón;pat.;;;;;De Jarama gol. Natividad, pat. Pagón, con 200 cajas de azúcar, 1 pipas de aguardiente.;;Natividad;;;gol.;1852_05_15;Jarama;;
;;N/A:  | N/A: ;;;Guadalupe;pat.;;;;;De Bananera gol. Manuela, pat. Guadalupe, con 160 cajas de azúcar, 6 pipas de aguardiente.;;Manuela;;;gol.;1852_05_15;Bananera;;
;;N/A: ;;;Cimarron;pat.;;;;;De Jarama gol. Prudencio, pat. Cimarron, con 170 cajas de azúcar.;;Prudencio;;;gol.;1852_05_15;Jarama;;
;;N/A:  | N/A: ;;;Villarín;pt.;;;;;De Canari gol Correo, pt. Villarín, con 216 c. de azúcar, 4 pipas do aguardiente.;;Correo;;;gol;1852_05_17;Canari;;
;;N/A: ;;;Carballe;pt.;;;;;Del Jucaro gol. Bayo, pt. Carballe, con 630 c. de azúcar.;;Bayo;;;gol.;1852_05_17;Jucaro;;
;;N/A: ;;;González;pt.;;;;;De Jaruco gol. Cuatro Hijos, pt. González, con 349 c. de azúcar.;;Cuatro Hijos;;;gol.;1852_05_17;Jaruco;;
;;N/A:  | N/A: ;;;Brici;pt.;;;;;De Raca gol. Paquete, pt. Brici, con 136 c. de azúcar, 30 pipas de aguardiente.;;Paquete;;;gol.;1852_05_17;Raca;;
;;N/A:  | N/A: ;;;Torres;pat.;;;;;Del Jucaro gol. Merced, pat. Torres, con 380 c. de azúcar, 4 pipas de aguardiente.;;Merced;;;gol.;1852_05_17;Jucaro;;
;;N/A:  | N/A: ;;;Quirida;pat.;;;;;De Pto. Escandido gol. Vecenta, pat. Quirida, con 149 c. de azúcar, 4 pipas de aguardiente.;;Vecenta;;;gol.;1852_05_17;Pto. Escandido;;
;;N/A: ;;;Palanca;pat.;;;;;De Canari gol. Josefa, pat. Palanca, con 230 c. de azúcar.;;Josefa;;;gol.;1852_05_17;Canari;;
;;N/A: ;;;Virginia;pat.;;;;;De Jaruco gol. Lígera, pat. Virginia, con 172 c. de azúcar.;;Lígera;;;gol.;1852_05_17;Jaruco;;
;;N/A:  | N/A: ;;;Ponce;pat.;;;;;De Cubalís gol. Reserva, pat. Ponce, con 400 c. de azúcar, 20 p. pas de aguardiente.;;Reserva;;;gol.;1852_05_17;Cubalís;;
;;N/A: ;;;Olivar;pat.;;;;;De Cardona gol. Rita, pat. Olivar, con 520 c. de azúcar.;;Rita;;;gol.;1852_05_17;Cardona;;
;;N/A:  | N/A: ;;;Gutiérrez;pat.;;;;;De Cabalía gol. Dos Amigos, pat. Gutiérrez, con 300 c. de azúcar, 12 pipas de aguardiente.;;Dos Amigos;;;gol.;1852_05_17;Cabalía;;
;;N/A: ;;;Perez;pat.;;;;;Del Marisol gol. Quintina, pat. Perez, con 317 c. de azúcar.;;Quintina;;;gol.;1852_05_17;Marisol;;
;;N/A: ;;;Cabrera;pat.;;;;;De Sierra Morena gol. Marín, pat. Cabrera, con 400 c. de azúcar.;;Marín;;;gol.;1852_05_17;Sierra Morena;;
;;N/A: ;;;Hundo;pat.;;;;;De Canari gol. Galatos, pat. Hundo, con 220 c. de azúcar.;;Galatos;;;gol.;1852_05_17;Canari;;
;;N/A: ;;;Aloido;pat.;;;;;De Matanza gol. Dos Hermanas, pat. Aloido, con 470 c. de azúcar.;;Dos Hermanas;;;gol.;1852_05_17;Matanza;;
;;N/A:  | N/A: ;;;Atocha;pat.;;;;;Del Marisol gol. Manuela, pat. Atocha, con 327 c. de azúcar, 6 pipas de aguardiente.;;Manuela;;;gol.;1852_05_17;Marisol;;
;;N/A:  | N/A: ;;;Ferrer;pat.;;;;;De Bahía Honda gol. Clarita, pat. Ferrer, con 260 c. de azúcar, 6 pipas de aguardiente.;;Clarita;;;gol.;1852_05_17;Bahía Honda;;
;;N/A:  | N/A: ;;;Poderos;pat.;;;;;Del Marisol gol. Dolores, pat. Poderos, con 201 c. de azúcar, 6 pipas de aguardiente.;;Dolores;;;gol.;1852_05_17;Marisol;;
;;N/A:  | N/A: ;;;Rodríguez;pat.;;;;;De id. gol. Justa, pat. Rodríguez, con 231 c. de azúcar, 6 pipas de aguardiente.;;Justa;;;gol.;1852_05_17;id.;;
;;N/A:  | N/A: ;;;Mora;pat.;;;;;Del Jucaro gol. Bolla Cubana, pat. Mora, con 300 c. de azúcar, 4 pipas de aguardiente.;;Bolla Cubana;;;gol.;1852_05_17;Jucaro;;
;;N/A: ;;;Núñez;pat.;;;;;Del id. gol. Propiedad, pat. Núñez, con 100 c. de azúcar.;;Propiedad;;;gol.;1852_05_17;id.;;
;;N/A: ;;;Cobos;pat.;;;;;De la Tja gol. Neptuno, pat. Cobos, con 240 c. de azúcar.;;Neptuno;;;gol.;1852_05_17;la Tja;;
;;N/A: ;;;Torres;pat.;;;;;De id. gol. Dorotea, pat. Torres, con 309 c. de azúcar.;;Dorotea;;;gol.;1852_05_17;id.;;
;;N/A:  | N/A: ;;;García;pat.;;;;;De Sierra-Morena gol. Dos Amigos, pat. García, con 280 c. de azúcar, 10 pipas de aguardiente.;;Dos Amigos;;;gol.;1852_05_17;Sierra-Morena;;
;;N/A: ;;;Barao;pat.;;;;;Del Canal de San Mateo gol. Segunda Anita, pat. Barao, con 460 c. de azúcar.;;Segunda Anita;;;gol.;1852_05_17;Canal de San Mateo;;
;;N/A: ;;;Sanchez;pat.;;;;;De Banes gol. Merced, pat. Sanchez, con 112 c. de azúcar.;;Merced;;;gol.;1852_05_17;Banes;;
;;N/A: ;;;Calvo;pat.;;;;;Del Júcaro gol. Josefina, pat. Calvo, con 760 cajas de azú-;;Josefina;;;gol.;1852_05_19;Júcaro;;
;;N/A: ;;;Marrero;pat.;;;;;De Jaruco gol. Roserva, pat. Marrero, con 201 c. azúcar.;;Roserva;;;gol.;1852_05_19;Jaruco;;
;;N/A: ;;;Llorens;pat.;;;;;De Jaruco gol. Regla, pat. Llorens, con 98 o de azúcar.;;Regla;;;gol.;1852_05_19;Jaruco;;
;;N/A: ;;;García;pat.;;;;;De Cárdenas gol. Arancana, pat. García, con 240 o. azúcar;;Arancana;;;gol.;1852_05_19;Cárdenas;;
;;N/A: ;;;Vega;pat.;;;;;De id gol. Favorita, pat. Vega, con 260 c. de azúcar.;;Favorita;;;gol.;1852_05_19;id;;
;;N/A: ;;;Pores;pat.;;;;;De Cabanas gol. Antonia, pat. Pores, con 240 o. azúcar.;;Antonia;;;gol.;1852_05_19;Cabanas;;
;;N/A: ;;;Fernández;pat.;;;;;De la Ortigosa gol. Elvira, pat. Fernández, con 316 cajas;;Elvira;;;gol.;1852_05_19;Ortigosa;;
;;N/A: ;;;Prijol;pat.;;;;;De Cárdenas gol. Iues, pat. Prijol, con 290 c. de azúcar.;;Iues;;;gol.;1852_05_19;Cárdenas;;
;;N/A: ;;;Marquez;pat.;;;;;De Pío. Escondido gol. Consuelo, pat. Marquez, con 142;;Escondido;;;gol.;1852_05_19;Pío;;
;;N/A: ;;;Camuerras;pat.;;;;;De Baracos gol. Pradenola, pat. Camuerras, con 170 cajas;;Pradenola;;;gol.;1852_05_19;Baracos;;
;;N/A: ;;;Feliu;pat.;;;;;Del Marial gol. María, pat. Feliu, con 113 c. de azúcar.;;María;;;gol.;1852_05_19;Marial;;
;;N/A: ;;;Concepción;pat.;;;;;De Sagna gol. Eugenia, pat. Concepción, con 596 cajas de;;Eugenia;;;gol.;1852_05_19;Sagna;;
;;N/A: ;;;García;pat.;;;;;De Cabanas gol. Torosita, pat. García, con 300 c. azúcar.;;Torosita;;;gol.;1852_05_19;Cabanas;;
;;N/A: ;;;Alawau;pat.;;;;;Del Morrillo gol. Toronita, pat. Alawau, con 80 cajas de a-;;Toronita;;;gol.;1852_05_19;Morrillo;;
;;N/A: ;;;Coyula;pat.;;;;;De Río la Palma gol. Cármen, pat. Coyula, con 317 cajas;;Cármen;;;gol.;1852_05_20;Río la Palma;;
;;N/A: ;;;Rodríguez;pat.;;;;;Del Júcaro burg. Napoleón, pat. Rodríguez, con 12c0 ca;;Napoleón;;;burg.;1852_05_20;Júcaro;;
;;N/A: ;;;Arocha;pat.;;;;;Del Marisol gol. Manuela, pat. Arocha, con 228 c. azúcar.;;Manuela;;;gol.;1852_05_20;Marisol;;
;;N/A: ;;;Páez;pat.;;;;;De Jaroño gol. Natividad, pat. Páez, con 191 cajas de azu-;;Natividad;;;gol.;1852_05_20;Jaroño;;
;;N/A: ;;;Núñez;pat.;;;;;De Cardonas gol. Generoso, pat. Núñez, con 550 c. azúcar.;;Generoso;;;gol.;1852_05_20;Cardonas;;
;;N/A: ;;;Mazy;pat.;;;;;De Cádiz gol. Antonio, pat. Mazy, con 280 c. azúcar.;;Antonio;;;gol.;1852_05_20;Cádiz;;
;;N/A: ;;;Lorcero;pat.;;;;;De Cabanas gol. Caballío Marino, pat. Lorcero, con 300 ca-;;Caballío Marino;;;gol.;1852_05_20;Cabanas;;
;;;;;González;pat.;;;;;De Sierra, Mores gol. Seis Manuelaz, pat. González, con;;Seis Manuelaz;;;gol.;1852_05_20;Sierra;;
;;N/A: ;;;Sánchez;pat.;;;;;De Bibia Honda gol. Carmiña, pat. Sánchez, con 300 cajas;;Carmiña;;;gol.;1852_05_20;Bibia Honda;;
;;N/A: ;;;Sierra;pat.;;;;;Del Id. gol. Disuante, pat. Sierra, con 290 c. de azúcar.;;Disuante;;;gol.;1852_05_20;Id.;;
;;N/A: ;;;Llanuz;pat.;;;;;Del Marisol gol. Pilar de Regla, pat. Llanuz, con 160 cajas;;Pilar de Regla;;;gol.;1852_05_20;Marisol;;
;;N/A: ;;;García;pat.;;;;;Del Júcaro gal. Amistad, pat. García, con 800 c. de azúcar;;Amistad;;;gal.;1852_05_20;Júcaro;;
;;N/A: ;;;Cordero;pat.;;;;;Del Maríel gol. Dolores, pat. Cordero, con 186 c. de azucar;;Dolores;;;gol.;1852_05_22;Maríel;;
;;N/A: ;;;Gonzalez;pat.;;;;;De Baracoa gol. Manuela, pat. Gonzalez, con 57 c. azúcar,;;Manuela;;;gol.;1852_05_22;Baracoa;;
;;N/A: ;;;Martinez;pat.;;;;;Del Júcaro gol. Lucina, pat. Martinez, con 611 c. de azú-;;Lucina;;;gol.;1852_05_22;Júcaro;;
;;N/A: ;;;Juan;pat.;;;;;De Cárdenas gol. Catalina, pat. Juan, con 640 c. do azucar,;;Catalina;;;gol.;1852_05_22;Cárdenas;;
;;N/A: ;;;Garcin;pat.;;;;;Del id. gol. Juana Ruocorn, pat. Garcin, con 650 c. azúcar.;;Juana Ruocorn;;;gol.;1852_05_22;id.;;
;;N/A: ;;;Viguera;pat.;;;;;Del Jaruco gol. Ligera, pat. Viguera con 17 c. azucar.;;Ligera;;;gol.;1852_05_22;Jaruco;;
;;N/A: ;;;Gomez;pat.;;;;;Del Júcaro gol. Rosita, pat. Gomez, con 640 c. azúcar.;;Rosita;;;gol.;1852_05_22;Júcaro;;
;;N/A: ;;;Quirolo;pat.;;;;;De Puerto Escocado gol. Vicenta, pat. Quirolo, con 147 c.;;Vicenta;;;gol.;1852_05_22;Puerto Escocado;;
;;N/A: ;;;Palet;pat.;;;;;De Cansas gol. Manuela, pat. Palet, con 270 c. azúcar.;;Manuela;;;gol.;1852_05_22;Cansas;;
;;N/A: ;;;Sanchez;pat.;;;;;De Banes gol. Mareced, pat. Sanchez, con 112 c. azúcar.;;Mareced;;;gol.;1852_05_22;Banes;;
;;N/A: ;;;Diaz;pat.;;;;;Del Jucaro gol. General Lumar, pat. Diaz, con 200 cajas de;;General Lumar;;;gol.;1852_05_22;Jucaro;;
;;N/A: ;;;Rodriguez;pat.;;;;;Del Maríel gol. Justa, pat. Rodriguez, con 204 c. azúcar,;;Justa;;;gol.;1852_05_22;Maríel;;
;;N/A: ;;;Marin;pat.;;;;;De Siores. Muron gol. Angelita, pat. Marin, con 500 c. do;;Muron;;;gol.;1852_05_22;Siores;;
;;N/A: ;;;Sanchez;pat.;;;;;Del Júcaro gol. Joven Carlota, pat. Sanchez, con 500 cajas;;Joven Carlota;;;gol.;1852_05_22;Júcaro;;
;;N/A: ;;;Gomez;pat.;;;;;De Matanzas gol. Josef, pat. Gomez, con 318 c. azúcar.;;Josef;;;gol.;1852_05_22;Matanzas;;
;;N/A: ;;;Gonzalez;pat.;;;;;Del Marí. gol. Altagracia, pat. Gonzalez, con 330 c. de a-;;Altagracia;;;gol.;1852_05_22;Marí;;
;;N/A: ;;;Rivero;pre.;;;;;De Santa Cruz gol. Hierminin, pre. Rivero, con 214 c. do;;Hierminin;;;gol.;1852_05_22;Santa Cruz;;
;;N/A: ;;;Feti;pat.;;;;;Del Maríel gol. Maria, pat. Feti, 140 c. azúcar.;;Maria;;;gol.;1852_05_22;Maríel;;
;;N/A: ;;;Palacio;pat.;;;;;De Cansas gol. Josina, pat. Palacio, con 200 c. azúcar.;;Josina;;;gol.;1852_05_22;Cansas;;
;;N/A: ;;;Gonzalez;pat.;;;;;De Jaruco gol. Cunero Hijos pat. Gonzalez, con 206 cajas;;Cunero Hijos;;;gol.;1852_05_22;Jaruco;;
;;N/A: ;;;Martinez;pat.;;;;;De Cárdenas gol. Esperancion, pat. Martinez, con 180 c.;;Esperancion;;;gol.;1852_05_22;Cárdenas;;
;;N/A: ;;;Gonzalez;pat.;;;;;Del id. gol. Habauer, pat. Gonzalez, con 210 c. do azúcar.;;Habauer;;;gol.;1852_05_22;id.;;
;;N/A: ;;;Queral;pat.;;;;;De Matanzas gol. Ignacia, pat. Queral, con 380 c. azúcar.;;Ignacia;;;gol.;1852_05_22;Matanzas;;
;;N/A: ;;;Villarion;pat.;;;;;De Cansas gol. Correo, pat. Villarion, con 250 c. azúcar, 6;;Correo;;;gol.;1852_05_22;Cansas;;
;;N/A: ;;;E. Hidal;pat.;;;;;De Jaruco gol. Dicho, pat. E. Hidal, con 108 c. de azúcar.;;Dicho;;;gol.;1852_05_22;Jaruco;;
;;N/A: ;;;Gonzalez;pat.;;;;;De Cabañas gol. Juanita, pat. Gonzalez, con 300 c. azúcar;;Juanita;;;gol.;1852_05_22;Cabañas;;
;;N/A: ;;;Gonzalez;pat.;;;;;Del Jucaro gol. Merced, pat. Gonzalez, con 173 c. azúcar.;;Merced;;;gol.;1852_05_22;Jucaro;;
;;N/A: ;;;Fuentes;pat.;;;;;De Cárdenas gol. Blanca, pat. Fuentes, con 700 c. azúcar.;;Blanca;;;gol.;1852_05_22;Cárdenas;;
;;N/A: ;;;Siero;pat.;;;;;Do id. gol. Villanueva, pat. Siero, con 500 c. de azúcar.;;Villanueva;;;gol.;1852_05_22;id.;;
;;N/A: ;;;Romaguera;pat.;;;;;De id. gol. Tres Hermanos, pat. Romaguera, con 280 cajas;;Tres Hermanos;;;gol.;1852_05_22;id.;;
;;N/A: ;;;Hurtado;pat.;;;;;De Cansas gol. Galatas, pat. Hurtado, con 230 c. azúcar.;;Galatas;;;gol.;1852_05_22;Cansas;;
;;N/A: ;;;Arocha;pat.;;;;;Del Maríel gol. Manuela, pat. Arocha, con 317 c. de azú-;;Manuela;;;gol.;1852_05_22;Maríel;;
;;N/A:  | N/A: ;;;Maa;pat.;;;;;Del Jucaro gol. Bella Cubana, pat. Maa, con 511 c. de azúcar, 16 pipas de aguardiente;;Bella Cubana;;;gol.;1852_05_23;Jucaro;;
;;N/A: ;;;Carballo;pat.;;;;;Do id gol. Hoyo, pat. Carballo, con 520 c. azúcar.;;Hoyo;;;gol.;1852_05_23;id;;
;;N/A: ;;;Marquez;pat.;;;;;Do id Jarneco gol. Consuelo, pat. Marquez con 132 d. azúcar.;;Consuelo;;;gol.;1852_05_23;id Jarneco;;
;;N/A: ;;;Marroco;pat.;;;;;Do id gol. Reserva, pat. Marroco, con 201 c. azúcar.;;Reserva;;;gol.;1852_05_23;id;;
;;N/A:  | N/A: ;;;Comueras;pat.;;;;;Do id gol. Prudencia, pat. Comueras, con 120 c. azúcar, 4 pipas de aguardiente;;Prudencia;;;gol.;1852_05_23;id;;
;;N/A: ;;;Núñez;pat.;;;;;Do Gardenos gol. Generala, pat. Núñez, con 250 c. azúcar;;Generala;;;gol.;1852_05_23;Gardenos;;
;;N/A: ;;;Langer;pat.;;;;;Do id. gol. Victoria, pat. Langer, con 500 c. azúcar.;;Victoria;;;gol.;1852_05_23;id.;;
;;N/A: ;;;Picon;pat.;;;;;Do id. gol. Regla, pat. Picon, con 300 ejas de azúcar,;;Regla;;;gol.;1852_05_23;id.;;
;;N/A:  | N/A: ;;;Barcén;pat.;;;;;1/2 janas gol. Paquete de Ranes, pat. Barcén, con 135 cajas de azúcar, 30 pipas de aguardiente;;Paquete de Ranes;;;gol.;1852_05_23;janas;;
;;N/A: ;;;Pidero;pat.;;;;;Del Canal de San Mateo gol. Pájaro Verde, pat. Pidero, con 403 c. de azúcar.;;Pájaro Verde;;;gol.;1852_05_23;Canal de San Mateo;;
;;N/A: ;;;Pons;pat.;;;;;Do id. gol. Reserva, pat. Pons, con 400 c. de azúcar.;;Reserva;;;gol.;1852_05_23;id.;;
;;N/A: ;;;Garcia;pat.;;;;;Do id. gol. Tercerita, pat. Garcia, con 250 c. azúcar.;;Tercerita;;;gol.;1852_05_23;id.;;
;;N/A: ;;;Marroco;pat.;;;;;Do Sierra Morena gol. Tres Antiguos, pat. Marroco, con 314 cajas de azúcar.;;Tres Antiguos;;;gol.;1852_05_23;Sierra Morena;;
;;N/A: ;;;Seijo;pat.;;;;;Do la Teja gol. Dos Solías, pat. Seijo, con 400 c. azúcar.;;Dos Solías;;;gol.;1852_05_23;la Teja;;
;;N/A:  | N/A: ;;;Sevilla;p.;;;;;Do Nuevitas gol. Aguiar de Oro, p. Sevilla, con 1016 cueros, 323 millares de tabacos;;Aguiar de Oro;;;gol.;1852_05_23;Nuevitas;;
;;N/A:  | N/A: ;;;Calvo;pat.;;;;;Del Juario gol. Josefa, pat. Calvo, con 756 o. de azucar, 8 pipas de aguardiente.;;Josefa;;;gol.;1852_05_25;Juario;;
;;N/A: ;;;García;pat.;;;;;Del id. gol. Amistad, pat. García, con 860 o. azucar.;;Amistad;;;gol.;1852_05_25;id.;;
;;N/A: ;;;Perez;pat.;;;;;Del Maríel gol. Antonia, pat. Perez, con 218 o. azucar.;;Antonia;;;gol.;1852_05_25;Maríel;;
;;N/A: ;;;Carbonell;pat.;;;;;De Cárdenas gol. Mariana, pat. Carbonell, con 300 cajas de azucar.;;Mariana;;;gol.;1852_05_25;Cárdenas;;
;;N/A: ;;;Arrocha;pat.;;;;;Del Maríel gol. Manuela, pat. Arrocha con 323 c. azucar.;;Manuela;;;gol.;1852_05_25;Maríel;;
;;N/A: ;;;Ezechat;pat.;;;;;De Sierra Morena gol. Mulestadora, pat. Ezechat, con 372 cajas de azucar.;;Mulestadora;;;gol.;1852_05_25;Sierra Morena;;
;;N/A: ;;;Perez;pat.;;;;;Del Maríel gol. Quintiva, pat. Perez, con 318 o. azúcar.;;Quintiva;;;gol.;1852_05_25;Maríel;;
;;N/A:  | N/A: ;;;Lirona;pat.;;;;;De Jaruco gol. Ilegla, pat. Lirona, con 176 o. de azucar, 6 pipas de aguardiente.;;Ilegla;;;gol.;1852_05_25;Jaruco;;
;;N/A:  | N/A: ;;;Gatirozo;pat.;;;;;De Cabahas gol. Dos Amigos pat. Gatirozo, con 300 cajas de azucar, 16 pipas de aguardiente.;;Dos Amigos;;;gol.;1852_05_25;Cabahas;;
;;N/A: ;;;Cordero;pat.;;;;;Del Marisol gol Dolores, pat. Cordero, con 201 o. azucar.;;Dolores;;;gol.;1852_05_26;Marisol;;
;;N/A:  | N/A: ;;;Pagés;pat.;;;;;De Jaruco gol. Naturidad, pat. Pagés, con 203 o. de azucar, 2 pipas de aguardiente.;;Naturidad;;;gol.;1852_05_26;Jaruco;;
;;N/A: ;;;Rodriguez;pat.;;;;;De Banes gol. Curidad, pat. Rodriguez, con 28 bocoyes de miel.;;Curidad;;;gol.;1852_05_26;Banes;;
;;N/A:  | N/A: ;;;Garcia;pat.;;;;;De Sierra Morena gol. Los Amigos, pat. Garcia, con 250 ojus de azucar, 14 pipas de aguardiente.;;Los Amigos;;;gol.;1852_05_26;Sierra Morena;;
;;N/A: ;;;Peña;pat.;;;;;De id, gol. Maria, pat. Peña, con 500 o. de azucar.;;Maria;;;gol.;1852_05_26;id;;
;;N/A: ;;;Capelo;pat.;;;;;De id, gol. Lugarda, pat. Capelo, o n 230 c. azucar.;;Lugarda;;;gol.;1852_05_26;id;;
;;N/A: ;;;Gonzalez;pat.;;;;;Del Murciel gol. Altagracia, pat. Gonzalez, con 350 cajas de azucar.;;Altagracia;;;gol.;1852_05_26;Murciel;;
;;N/A: ;;;Vega;pat.;;;;;De Cérdones gol. Favorita, pat. Vega, con 250 o. azucar.;;Favorita;;;gol.;1852_05_26;Cérdones;;
;;N/A:  | N/A: ;;;Oliver;pat.;;;;;De id, gol. Rita, pat. Oliver, con 520 ojus de azucar, 5 pipas de aguardiente.;;Rita;;;gol.;1852_05_26;id;;
;;N/A: ;;;Sierra;pat.;;;;;De Babia Honda gol. Diamante, pat. Sierra, con 310 ojus de azucar.;;Diamante;;;gol.;1852_05_26;Babia Honda;;
;;N/A: ;;;González;pat.;;;;;Del Júcaro gol. Merced, pat. González, con 375 c. azucar.;;Merced;;;gol.;1852_05_26;Júcaro;;
;;N/A: ;;;Nubu;pat.;;;;;De id, gol. Prosperidad, pat. Nubu, con 700 o. azucar.;;Prosperidad;;;gol.;1852_05_26;id;;
;;N/A: ;;;Sánchez;pat.;;;;;De Banes gol. Merced, pat. Sánchez, con 112 o. azucar.;;Merced;;;gol.;1852_05_26;Banes;;
;;N/A: ;;;Murero;pat.;;;;;De Jaruco gol. Reserva, pat. Murero, con 101 c. azucar.;;Reserva;;;gol.;1852_05_26;Jaruco;;
;;N/A: ;;;Rodriguez;pat.;;;;;De Mulaña gol. Marianita, pat. Rodriguez, con 40 cuartero- las miel de abejas.;;Marianita;;;gol.;1852_05_26;Mulaña;;
;;N/A:  | N/A: ;;;Palet;pat.;;;;;De Canasí gol. Manuela, pat. Palet, con 270 c. azúcar, 10 pipas aguardiente.;;Manuela;;;gol.;1852_05_26;Canasí;;
;;N/A: ;;;Serrano;pat.;;;;;Del Juárez borg. Napoleon, pat. Serrano, con 1:00 cajas de azucar.;;Napoleon;;;borg.;1852_05_26;Juárez;;
;;N/A: ;;;Fuliú;pat.;;;;;Del Marisol gol. María, pat. Fuliú, con 140 c. ej de azúcar.;;María;;;gol.;1852_05_27;Marisol;;
;;N/A: ;;;Gonzalez;pat.;;;;;De Jaruco gol. Cuatro Hijos, pat. Gonzalez, con 296 cajas;;Cuatro Hijos;;;gol.;1852_05_27;Jaruco;;
;;N/A: ;;;Juan;pat.;;;;;De Cardonaa gol. Camila, pat. Juan, con 650 c. azúcar.;;Camila;;;gol.;1852_05_27;Cardonaa;;
;;N/A: ;;;Marquez;pat.;;;;;De Puerto Escondido gol. Consuelo, pat. Marquez, con 144;;Consuelo;;;gol.;1852_05_27;Puerto Escondido;;
;;N/A: ;;;Sandoz;pat.;;;;;Del Júcaro gol. Jóven Carlota, pat. Sandoz, con 600 cajas;;Jóven Carlota;;;gol.;1852_05_27;Júcaro;;
;;N/A: ;;;García;pat.;;;;;Del Júcaro gol. Ruperta, pat. García, con 616 c. azúcar.;;Ruperta;;;gol.;1852_05_27;Júcaro;;
;;N/A: ;;;Palacio;pat.;;;;;De Canasí gol. Josefa, pat. Palacio, con 200 c. azúcar.;;Josefa;;;gol.;1852_05_27;Canasí;;
;;N/A: ;;;Gomez;pat.;;;;;Del Júcaro gol. Rosita, pat. Gomez, con 600 c. azúcar.;;Rosita;;;gol.;1852_05_27;Júcaro;;
;;N/A: ;;;Díaz;pat.;;;;;De id. gol. General Lamar, pat. Díaz, con 340 c. de azúcar.;;General Lamar;;;gol.;1852_05_27;id.;;
;;N/A: ;;;Balcía;pat.;;;;;De Bases gol. Paqueta, pat. Balcía, con 161 c. de azúcar,;;Paqueta;;;gol.;1852_05_27;Bases;;
;;N/A: ;;;García;pat.;;;;;De Cabañas gol. Tercaita, pat. García, con 300 c. azúcar.;;Tercaita;;;gol.;1852_05_27;Cabañas;;
;;N/A: ;;;Rivero;pat.;;;;;De Santa Cruz gol. Herminia, pat. Rivero, con 760 cajas de;;Herminia;;;gol.;1852_05_27;Santa Cruz;;
;;N/A: ;;;Perez;pat.;;;;;De Gijara gol. Nicolaita, pat. Perez, con 23 tercios de ta-;;Nicolaita;;;gol.;1852_05_27;Gijara;;
;;N/A: ;;;Barrera;pat.;;;;;De Sierra Morena gol. Dos Antonios, pat. Barrera, con 681;;Dos Antonios;;;gol.;1852_05_28;Sierra Morena;;
;;N/A: ;;;Arocha;pat.;;;;;Del Marisol gol. Mannela, pat. Arocha, con 327 o. de azúcar;;Mannela;;;gol.;1852_05_28;Marisol;;
;;N/A: ;;;Mas;pat.;;;;;Del Jú aro gol. Bella Cubana, pat. Mas, con 100 cajas de;;Bella Cubana;;;gol.;1852_05_28;Jú aro;;
;;N/A: ;;;González;t.;;;;;De Barroso gol. Mañuela, t. González, con 170 o. azúcar.;;Mañuela;;;gol.;1852_05_28;Barroso;;
;;N/A: ;;;González;pat.;;;;;De Caballos gol. Juanita, pat. González, con 300 cajas de a.;;Juanita;;;gol.;1852_05_28;Caballos;;
;;N/A: ;;;Viguera;pat.;;;;;De Jaruco gol. Ligeira, pat. Viguera, con 172 o. de azúcar.;;Ligeira;;;gol.;1852_05_28;Jaruco;;
;;N/A: ;;;Pérez;pat.;;;;;De Cárdenas gol. Bianca, pat. Pérez, con 700 o. de azúcar.;;Bianca;;;gol.;1852_05_28;Cárdenas;;
;;N/A: ;;;Cibes;pat.;;;;;De la T. j. gol. Neptuno, pat. Cibes, con 200 o. de azúcar.;;Neptuno;;;gol.;1852_05_28;la T. j.;;
;;N/A: ;;;Villarin;pat.;;;;;De Canoñi gol. Correo, pat. Villarin, con 240 o. azúcar.;;Correo;;;gol.;1852_05_28;Canoñi;;
;;N/A: ;;;Compan;pat.;;;;;Del Marisol gol. Flor do Regla, pat. Compan, con 100 cajas;;Flor do Regla;;;gol.;1852_05_28;Marisol;;
;;N/A: ;;;Parra;pat.;;;;;De Bahía Honda gol. Visitación, pat. Parra, con 123 tercios;;Visitación;;;gol.;1852_05_28;Bahía Honda;;
;;N/A: ;;;Torres;pat.;;;;;De la Teja gol. Doroteo, pat. Torres, con 300 o. azúcar.;;Doroteo;;;gol.;1852_05_28;la Teja;;
;;N/A: ;;;Martínez;pat.;;;;;De Cárdenas gol. Especulación, pat. Martínez, con 390 ca-;;Especulación;;;gol.;1852_05_28;Cárdenas;;
;;N/A: ;;;Alcánt;pat.;;;;;De Sagua gol. Constancia, pat. Alcánt, con 370 cajas de;;Constancia;;;gol.;1852_05_28;Sagua;;
;;N/A: ;;;Díaz;pat.;;;;;De Cárdenas gol. Generales, pat. Díaz, con 350 o. azúcar.;;Generales;;;gol.;1852_05_29;Cárdenas;;
;;N/A: ;;;Cordero;pat.;;;;;Del Maríel gol. Dolores, pat. Cordero, con 186 o. de azúcar;;Dolores;;;gol.;1852_05_29;Maríel;;
;;N/A: ;;;Calvo;pat.;;;;;Del Júcaro gol. Josefina, pat. Calvo, con 750 o. azúcar, 9;;Josefina;;;gol.;1852_05_29;Júcaro;;
;;N/A: ;;;González;pat.;;;;;De Cárdenas gol. Ibananora, pat. González, con 240 cajas;;Ibananora;;;gol.;1852_05_29;Cárdenas;;
;;N/A: ;;;Flux;pt.;;;;;De Cabañas gol. Amistad, pt. Flux, con 200 o. de azúcar;;Amistad;;;gol.;1852_05_29;Cabañas;;
;;N/A: ;;;Torres;pat.;;;;;Del Júcaro gol. Marced, pat. Torres, con 380 o. azúcar.;;Marced;;;gol.;1852_05_29;Júcaro;;
;;N/A: ;;;Llanger;pat.;;;;;De id. gol. Victoria, pat. Llanger, con 500 o. de azúcar.;;Victoria;;;gol.;1852_05_29;id.;;
;;N/A: ;;;Pons;pat.;;;;;De Cabañas gol. Reserva, pat. Pons, con 400 o. de azúcar,;;Reserva;;;gol.;1852_05_29;Cabañas;;
;;N/A: ;;;Palmer;pat.;;;;;De Carahatas gol. Victoria, pat. Palmer, con 314 o. azúcar.;;Victoria;;;gol.;1852_05_29;Carahatas;;
;;N/A: ;;;Lloren;pat.;;;;;De Jaruco gol. Regla, pat. Lloren, con 167 o. azúcar.;;Regla;;;gol.;1852_05_29;Jaruco;;
;;N/A: ;;;Baltido;pat.;;;;;De id. Dickusa, pat. Baltido, con 64 bocoyes de miel.;;Dickusa;;;;1852_05_29;id.;;
;;N/A: ;;;Alorúe;pat.;;;;;De Matannas gol. Dos Hermanos, pat. Alorúe, con 530 o.;;Dos Hermanos;;;gol.;1852_05_29;Matannas;;
;;N/A: ;;;Pujol;pat.;;;;;De Cárdenas gol. Inés, pat. Pujol, con 230 o. azúcar.;;Inés;;;gol.;1852_05_29;Cárdenas;;
;;N/A: ;;;Fernando;p.;;;;;De Cabañas gol. Tres Hermanos, p. Fernando, con 562;;Tres Hermanos;;;gol.;1852_05_29;Cabañas;;
;;N/A: ;;;García;pat.;;;;;Del Jucreo gol. Amistad, pat. García, con 860 c. azúcar.;;Amistad;;;gol.;1852_05_30;Jucreo;;
;;N/A: ;;;Carballo;pat.;;;;;De id. gol. Rayo, pat. Carballo, con 621 c. de azúcar.;;Rayo;;;gol.;1852_05_30;id.;;
;;N/A: ;;;Martínez;pat.;;;;;De id. gol. Lucina, pat. Martínez, con 660 c. azúcar.;;Lucina;;;gol.;1852_05_30;id.;;
;;N/A: ;;;Págés;pat.;;;;;De Jareos gol. Natividad, pat. Págés, con 201 c. de azúcar;;Natividad;;;gol.;1852_05_30;Jareos;;
;;N/A: ;;;Ferrer;pat.;;;;;De Habia Honda gol. Clarita, pat. Ferrer, con 230 ojas de;;Clarita;;;gol.;1852_05_30;Habia Honda;;
;;N/A: ;;;Guas;pat.;;;;;De Caballos gol. Caballo Marico, pat. Guas, con 300 ca-;;Caballo Marico;;;gol.;1852_05_30;Caballos;;
;;N/A: ;;;Many;pat.;;;;;De Cárdenas gol. Antonia, pat. Many, con 300 c. azúcar.;;Antonia;;;gol.;1852_05_30;Cárdenas;;
;;N/A: ;;;Feliu;pat.;;;;;Del Marisol gol. María, pat. Feliu, con 140 c. de azúcar.;;María;;;gol.;1852_05_30;Marisol;;
;;N/A: ;;;Gorzoliz;pat.;;;;;De id. gol. Altagnacia, pat. Gorzoliz, con 338 c. azúcar.;;Altagnacia;;;gol.;1852_05_30;id.;;
;;N/A: ;;;Arocha;pat.;;;;;De id. gol. Manuela, pat. Arocha, con 227 c. de azúcar.;;Manuela;;;gol.;1852_05_30;id.;;
;;;;;Gonzales;pat.;;;;;De Sierra Morana gol. Sois Manuales, pat. Gonzales, con;;Sois Manuales;;;gol.;1852_05_30;Sierra Morana;;
;;N/A: ;;;Palacio;pat.;;;;;De Canasí gol. Josefa, pat. Palacio, con 290 c. azúcar,;;Josefa;;;gol.;1852_05_30;Canasí;;
;;N/A: ;;;Rodriguez;pat.;;;;;Del Júcaro borg. Napoleon, pat. Rodriguez, con 1300 cajas;;Napoleon;;;borg.;1852_06_02;Júcaro;;
;;N/A: ;;;Arocha;pat.;;;;;Del Marisol gol. Manuela pat. Arocha, con 325 cajas de a-;;Manuela;;;gol.;1852_06_02;Marisol;;
;;N/A: ;;;Perez;pat.;;;;;De id, gol. Antonio, pat. Perez, con 216 c. de azúcar.;;Antonio;;;gol.;1852_06_02;id;;
;;N/A: ;;;Diaz;pat.;;;;;De Cárdenas gol. General Lamar, pat. Diaz, con 340 cajas;;General Lamar;;;gol.;1852_06_02;Cárdenas;;
;;N/A: ;;;Rodriguez;pat.;;;;;Del Marisol gol. Justa, pat. Rodriguez, con 176 cajas de a-;;Justa;;;gol.;1852_06_02;Marisol;;
;;N/A: ;;;Viguera;pat.;;;;;De Jaraoso gol. Ligera, pat. Viguera, con 1760. azúcar.;;Ligera;;;gol.;1852_06_02;Jaraoso;;
;;N/A: ;;;Garcia;pat.;;;;;De Cárdenas gol. Ruperto, pat. Garcia, con 660 c. azúcar.;;Ruperto;;;gol.;1852_06_02;Cárdenas;;
;;N/A: ;;;Correr;pat.;;;;;De Cárdenas gol. Cunilla, pat. Correr, con 520 c azúcar.;;Cunilla;;;gol.;1852_06_02;Cárdenas;;
;;N/A: ;;;Sanches;pat.;;;;;Del Júcaro gol. Joven Carlota, pat. Sanches, 600 cajas de;;Joven Carlota;;;gol.;1852_06_02;Júcaro;;
;;N/A: ;;;Romaguera;pt.;;;;;De Cárdenas gol. Tres Hermanos, pt. Romaguera, con 280;;Tres Hermanos;;;gol.;1852_06_02;Cárdenas;;
;;N/A: ;;;Gonzaloz;pat.;;;;;De id gol. Moroed, pat. Gonzaloz, con 375 c. de azúcar.;;Moroed;;;gol.;1852_06_02;id;;
;;N/A: ;;;Maria;pat.;;;;;De Sierra-Morena gol. Angelita, pat. Maria, con 605 cajas;;Angelita;;;gol.;1852_06_02;Sierra-Morena;;
;;N/A: ;;;Gomez;pat.;;;;;De Cárdenas gol. Rosita, pat. Gomez, con 250 c. azúcar.;;Rosita;;;gol.;1852_06_02;Cárdenas;;
;;N/A: ;;;Gonzales;pt.;;;;;De Baraosa gol. Manuela, pt. Gonzales, con 1320. azúcar.;;Manuela;;;gol.;1852_06_02;Baraosa;;
;;N/A: ;;;Mariero;pat.;;;;;De Sierra Morena gol. Tres Amigos, pat. Mariero, con 250;;Tres Amigos;;;gol.;1852_06_02;Sierra Morena;;
;;N/A: ;;;Perez;pat.;;;;;Del Marisol gol. Quintina, pat. Perez, con 300 c. azúcar.;;Quintina;;;gol.;1852_06_02;Marisol;;
;;N/A: ;;;Vega;pat.;;;;;De Cárdenas gol. Favería, pat. Vega, con 240 c. azúcar.;;Favería;;;gol.;1852_06_02;Cárdenas;;
;;N/A: ;;;Camucar;pat.;;;;;De Jaraoso gol. Prudencía, pat. Camucar, con 170 cajas de;;Prudencía;;;gol.;1852_06_02;Jaraoso;;
;;N/A: ;;;Rivero;pt.;;;;;De Santa Cruz gol. Horminin, pt. Rivero, con 262 cajas de;;Horminin;;;gol.;1852_06_02;Santa Cruz;;
;;N/A: ;;;Marquez;pat.;;;;;De Puerto Esccondido gol. Conzuelo, pat. Marquez, con 164;;Conzuelo;;;gol.;1852_06_02;Puerto Esccondido;;
;;N/A: ;;;Gonzalez;pat.;;;;;De Jaraoso gol. Cuatro Hijos, pat. Gonzalez, con 302 cajas;;Cuatro Hijos;;;gol.;1852_06_02;Jaraoso;;
;;N/A: ;;;Baro'á;pt.;;;;;De Banos gol. Puqueto, pt. Baro'á, con 167 caja de azúcar,;;Puqueto;;;gol.;1852_06_02;Banos;;
;;N/A: ;;;Gutiérrez;pat.;;;;;De Caballos gol. Dos Amigos, pat. Gutiérrez, con 200 cajas;;Dos Amigos;;;gol.;1852_06_02;Caballos;;
;;N/A: ;;;Quirola;pat.;;;;;De Puerto Esccondido gol. Vicente, pat. Quirola, con 163;;Vicente;;;gol.;1852_06_02;Puerto Esccondido;;
;;N/A: ;;;Pallet;pat.;;;;;De Canari gol. Manuela, pat. Pallet, con 270 c. de azúcar;;Manuela;;;gol.;1852_06_02;Canari;;
;;N/A: ;;;Garcia;pat.;;;;;De Caballos gol. Teresa, pat. Garcia, con 300 c. de azúcar,;;Teresa;;;gol.;1852_06_02;Caballos;;
;;N/A: ;;;Queral;pat.;;;;;De Matanzas gol. Ignacia, pat. Queral, con 450 cajas de a-;;Ignacia;;;gol.;1852_06_02;Matanzas;;
;;N/A: ;;;Gonzalez;pat.;;;;;De Cab. Ras gol. Juanita, pat. Gonzalez, con 300 cajas de;;Juanita;;;gol.;1852_06_02;Cab. Ras;;
;;N/A: ;;;Buaró;pat.;;;;;De Santa Luría gol. Ioguita, pat. Buaró con 205 cajas de;;Ioguita;;;gol.;1852_06_02;Santa Luría;;
;;N/A: ;;;Cordero;pat.;;;;;Del Moriel gol. Dolores, pat. Cordero, con 186 o. de azúcar;;Dolores;;;gol.;1852_06_03;Moriel;;
;;N/A: ;;;Fallu;pat.;;;;;De id. gol. María, pat. Fallu, con 140 o. de azúcar.;;María;;;gol.;1852_06_03;id.;;
;;N/A: ;;;Villarino;pat.;;;;;De Canseí gol. Correo, pat. Villarino, con 250 o. de azúcar.;;Correo;;;gol.;1852_06_03;Canseí;;
;;N/A: ;;;Sanches;pat.;;;;;De Benes gol. Merced, pat. Sanches con 116 o. de azúcar.;;Merced;;;gol.;1852_06_03;Benes;;
;;N/A: ;;;Lorente;pat.;;;;;De Cabañas gol. Caballo Marino, pat. Lorente, con 300 ca-;;Caballo Marino;;;gol.;1852_06_03;Cabañas;;
;;N/A: ;;;García;pat.;;;;;De Sierra-Moreno gol. Dos Amigos, pat. García, con 280;;Dos Amigos;;;gol.;1852_06_03;Sierra-Moreno;;
;;N/A: ;;;Finsiro;pat.;;;;;De Cadami gol. Pájaro Verde, pat. Finsiro, con 400 cajas de;;Pájaro Verde;;;gol.;1852_06_03;Cadami;;
;;N/A: ;;;Fluxat;pt.;;;;;De id. gol. Segunda Amistad, pt. Fluxat, con 230 ojas de;;Segunda Amistad;;;gol.;1852_06_03;id.;;
;;N/A: ;;;Martínez;pat.;;;;;De Cárdenas gol. Especulación, pat. Martínez, con 385 ca-;;Especulación;;;gol.;1852_06_03;Cárdenas;;
;;N/A: ;;;Bosa;pat.;;;;;De Cárdenas gol. Clio, pat. Bosa, con 660 o. de azúcar, 6;;Clio;;;gol.;1852_06_03;Cárdenas;;
;;N/A: ;;;Lopez;pat.;;;;;De id. gol. Panchita, pat. Lopez, con 330 o. de azúcar.;;Panchita;;;gol.;1852_06_03;id.;;
;;N/A: ;;;Llorons;pat.;;;;;De Jarago gol. Regla, pat. Llorons, con 94 c. de azúcar.;;Regla;;;gol.;1852_06_03;Jarago;;
;;N/A: ;;;Santos;pat.;;;;;De Matanzas gol. Esperanza, pat. Santos, con 460 ojas de;;Esperanza;;;gol.;1852_06_03;Matanzas;;
;;N/A:  | N/A: ;;;Mas;pat.;;;;;D. l Júcaro gol. Bella Cabana, pat. Mas, con 540 cajas de azúcar, 6 pipas de aguardiente.;;Bella Cabana;;;gol.;1852_06_04;Júcaro;;
;;N/A: ;;;Nobo;pat.;;;;;De id. gol. Prosperidad, pat. Nobo, con 700 o. de azúcar.;;Prosperidad;;;gol.;1852_06_04;id.;;
;;N/A:  | N/A:  | N/A: ;;;pat. 10ns;pat.;;;;;De Cabanas gol. Reserva, pat. pat. 10ns, con 400 cajas de azúcar, 30 sacas de café, 20 pipas de aguardiente.;;Reserva;;;gol.;1852_06_04;Cabanas;;
;;N/A: ;;;Pages;pt.;;;;;De Jarnoso gol. Natividad, pt. Pages, con 206 o. de azúcar.;;Natividad;;;gol.;1852_06_04;Jarnoso;;
;;N/A: ;;;Marrero;pat.;;;;;De id. gol. Reserva, pat. Marrero, con 201 o. de azúcar.;;Reserva;;;gol.;1852_06_04;id.;;
;;N/A: ;;;Llanzer;pat.;;;;;De Cárdenas gol. Victoria, pat. Llanzer, con 600 o. azúcar.;;Victoria;;;gol.;1852_06_04;Cárdenas;;
;;N/A: ;;;Núñez;pat.;;;;;De id. gol. General, pat. Núñez, con 350 o. de azúcar.;;General;;;gol.;1852_06_04;id.;;
;;N/A: ;;;Sierra;pat.;;;;;De Bahia Honda gol. Diamante, pat. Sierra, con 315 cajas;;Diamante;;;gol.;1852_06_05;Bahia Honda;;
;;N/A: ;;;Calvo;pat.;;;;;Del Júcaro gol. José dos, pat. Calvo, con 750 o. de azúcar,;;José dos;;;gol.;1852_06_05;Júcaro;;
;;N/A: ;;;Viguera;pat.;;;;;Del Jaruco gol. Lígera, pat. Viguera, ccn 172 o. azúcar.;;Lígera;;;gol.;1852_06_05;Jaruco;;
;;N/A: ;;;Arocha;;;;;;Del Marcial gol. Manuela, pt. Arocha, con 327 o. de azúcar;pt.;Manuela;;;gol.;1852_06_05;Marcial;;
;;N/A: ;;;Seijo;pat.;;;;;De la Teja gol. Dos Sofas, pat. Seijo, con 337 o. de azúcar;;Dos Sofas;;;gol.;1852_06_05;la Teja;;
;;N/A: ;;;Belilín;pat.;;;;;De Jaruco gol. Dicho, pat. Belilín, con 51 doc. de miel.;;Dicho;;;gol.;1852_06_05;Jaruco;;
;;N/A: ;;;Palacio;pat.;;;;;De Canoal gol. Josefa, pat. Palacio, con 290 c. de azúcar.;;Josefa;;;gol.;1852_06_05;Canoal;;
;;N/A: ;;;Cunmeras;pat.;;;;;De Jaruco gol. Prudencia, pat. Cunmeras, con 170 cajas de;;Prudencia;;;gol.;1852_06_05;Jaruco;;
;;N/A: ;;;Fierro;pat.;;;;;Del Jucaro gol. Vengativa, pat. Fierro, con 529 cajas de a-;;Vengativa;;;gol.;1852_06_05;Jucaro;;
;;N/A: ;;;Rodriguez;pat.;;;;;De Cárdenas gol. Habuera, pat. Rodriguez, con 240 ca-;;Habuera;;;gol.;1852_06_05;Cárdenas;;
;;N/A: ;;;Martinez;pat.;;;;;Del Jucaro gol. Lucina. pat. Martinez, con 660 o. azúcar.;;Lucina;;;gol.;1852_06_08;Jucaro;;
;;N/A: ;;;Garcia;pat.;;;;;De id. gol. Ami-tad, pat. Garcia, con 60 o. azúcar.;;Ami-tad;;;gol.;1852_06_08;id.;;
;;N/A: ;;;Garcia;pat.;;;;;De la Ortigosa gol. Bonifacia, pat. Garcia, con 570 cajas de azúcar.;;Bonifacia;;;gol.;1852_06_08;Ortigosa;;
;;N/A: ;;;Porez;pat.;;;;;De Cárdenas gol. Blanca, pat. Porez, con 700 o. azúcar.;;Blanca;;;gol.;1852_06_08;Cárdenas;;
;;N/A:  | N/A: ;;;Sanchez;pat.;;;;;De Bahía Honda gol. Carmi-ta, pat. Sanchez, con 210 cajas de azúcar, 10 pipas de aguardiente.;;Carmi-ta;;;gol.;1852_06_08;Bahía Honda;;
;;N/A:  | N/A:  | N/A: ;;;Agres;pat.;;;;;De Matanzas gol. Adela, pat. Agres, con 540 cajas de azúcar, 40 sacos de café, 29 trecenas de tabaco.;;Adela;;;gol.;1852_06_08;Matanzas;;
;;N/A: ;;;Cruz;pat.;;;;;De la Ortigosa gol. Casualidad, pat. Cruz, con 200 cajas de azúcar.;;Casualidad;;;gol.;1852_06_08;Ortigosa;;
;;N/A: ;;;Llorors;pat.;;;;;De Jaruco gol. Regla, pat. Llorors, con 61 boñeyes miel.;;Regla;;;gol.;1852_06_08;Jaruco;;
;;N/A:  | N/A: ;;;Arocha;pat.;;;;;Del Marisol gol, Matuella, pat. Arocha, con 326 cajas de azúcar, 12 pipas de aguardiente.;;Matuella;;;gol;1852_06_08;Marisol;;
;;N/A: ;;;Carballo;pat.;;;;;De Cárdenas gol. Kayo, pat. Carballo, con 500 o. azúcar.;;Kayo;;;gol.;1852_06_08;Cárdenas;;
;;N/A:  | N/A: ;;;Cordero;pat.;;;;;Del Marisol gol. Poloros, pat. Cordero, con 191 c. de azúcar, 9 pipas de aguardiente.;;Poloros;;;gol.;1852_06_08;Marisol;;
;;N/A: ;;;Feliu;dat.;;;;;De id. gol. María, dat. Feliu, con 140 o. azúcar.;;María;;;gol.;1852_06_08;id.;;
;;N/A: ;;;Juan;pat.;;;;;De Cárdenas gol. (Camilia, pat. Juan, con 550 o. azúcar.;;Camilia;;;gol.;1852_06_08;Cárdenas;;
;;N/A:  | N/A:  | N/A: ;;;Gonzalez;pat.;;;;;Del Marisol gol. Altagra-cia, pat. Gonzalez, con 304 cajas de azúcar, 20 pipas de aguardiente, 50 @ de cera.;;Altagra-cia;;;gol.;1852_06_08;Marisol;;
;;N/A: ;;;Gonzalez;pat.;;;;;De Sierra-Morena gol. Seis Hana-llas, pat. Gonzalez, con 760 cajas de azúcar.;;Seis Hana-llas;;;gol.;1852_06_08;Sierra-Morena;;
;;N/A:  | N/A: ;;;Camu-cras;pat.;;;;;De Jaruco gol. Prudencia, pat. Camu-cras, con 170 cajas de azúcar, 6 pipas de aguardiente.;;Prudencia;;;gol.;1852_06_08;Jaruco;;
;;N/A: ;;;Lopez;pat.;;;;;De id. gol. Panchita, pat. Lopez, con 390 c. azúcar.;;Panchita;;;gol.;1852_06_08;id.;;
;;N/A: ;;;Gonzalez;pat.;;;;;De Barracon gol. Manuela, pat. Gonzalez, con 170 cajas de azúcar.;;Manuela;;;gol.;1852_06_08;Barracon;;
;;N/A: ;;;Marquez;pat.;;;;;De Puerto Escondido gol. Consuelo, pat. Marquez, con 143 cajas de azúcar.;;Consuelo;;;gol.;1852_06_08;Puerto Escondido;;
;;N/A: ;;;Cobos;pat.;;;;;De la Teja gol. Neptuno, pat. Cobos, con 260 o. de azúcar.;;Neptuno;;;gol.;1852_06_08;la Teja;;
;;N/A: ;;;Diaz;pat.;;;;;De Cárdenas gol. General Lamar, pat. Diaz, con 380 cajas de azúcar.;;General Lamar;;;gol.;1852_06_08;Cárdenas;;
;;N/A: ;;;Garcia;pat.;;;;;De id. gol. Ruperta, pat. Garcia, con 660 o. de azúcar.;;Ruperta;;;gol.;1852_06_08;id.;;
;;N/A: ;;;Gonzalez;pat.;;;;;De id. gol. Merced, pat. Gonzalez, con 370 c. azúcar.;;Merced;;;gol.;1852_06_08;id.;;
;;N/A: ;;;Picon;pat.;;;;;De id. gol. Araucana, pat. Picon, con 310 c. azúcar.;;Araucana;;;gol.;1852_06_08;id.;;
;;N/A: ;;;Many;pat.;;;;;De id. gol. Antonia, pat. Many, con 300 c. azúcar.;;Antonia;;;gol.;1852_06_08;id.;;
;;N/A:  | N/A: ;;;Encandell;pat.;;;;;De Bahía Honda gol. Antonin, pat. Encandell, con 340 cajas de azúcar, 14 pipas de aguardiente.;;Antonin;;;gol.;1852_06_08;Bahía Honda;;
;;N/A: ;;;Perez;pat.;;;;;Del Marisol gol. Antonia, pat. Perez, con 217 o. azúcar.;;Antonia;;;gol.;1852_06_08;Marisol;;
;;N/A: ;;;Guzméz;pat.;;;;;De Cárdenas gol. Ronite, pat. Guzméz, con 500 c. azúcar.;;Ronite;;;gol.;1852_06_08;Cárdenas;;
;;N/A: ;;;Carbonell;pat.;;;;;De id. gol. Maria-ita, pat. Carbonell, con 300 c. azúcar.;;Maria-ita;;;gol.;1852_06_08;id.;;
;;N/A:  | N/A: ;;;Garcia;pat.;;;;;De Santa Cruz gol. Lina y Silvia, pat. Garcia, con 320 cajas de azúcar, 14 pipas de aguardiente.;;Lina y Silvia;;;gol.;1852_06_08;Santa Cruz;;
;;N/A:  | N/A: ;;;Oliver;pat.;;;;;De Cárdenas gol. Rita, pat. Oliver, con 520 cajas de azúcar, 11 pipas de aguardiente.;;Rita;;;gol.;1852_06_08;Cárdenas;;
;;N/A: ;;;Serrantza;pat.;;;;;Del Jucaro berg. Napoleon, pat. Serrantza, con 1300 cajas de azúcar.;;Napoleon;;;berg.;1852_06_08;Jucaro;;
;;N/A:  | N/A: ;;;Barcia;pat.;;;;;De Banos gol. Paquete, pat. Barcia, con 146 cajas de azúcar, 30 pipas de aguardiente.;;Paquete;;;gol.;1852_06_08;Banos;;
;;N/A: ;;;Villarín;pat.;;;;;De Cansel gol. Correo, pat. Villarín, con 250 o. de azúcar.;;Correo;;;gol.;1852_06_09;Cansel;;
;;N/A: ;;;Núñez;pat.;;;;;De Cárdenas gol. General, pat. Núñez, con 350 o. de azúcar.;;General;;;gol.;1852_06_09;Cárdenas;;
;;N/A: ;;;Basilio;pat.;;;;;Deid. gol. Margarita, pat. Basilio, con 190 o. de azúcar.;;Margarita;;;gol.;1852_06_09;Deid.;;
;;N/A: ;;;Sanchez;pat.;;;;;Del Jucaro gol. Joven Carlota, pat. Sanchez, con 500 cajas;;Joven Carlota;;;gol.;1852_06_09;Jucaro;;
;;N/A: ;;;Loreiro;pat.;;;;;De Cabanés gol. Caballo Marino, pat. Loreiro, con 300 cm;;Caballo Marino;;;gol.;1852_06_09;Cabanés;;
;;N/A: ;;;Gutiérrez;pat.;;;;;De id. gol. Dos Amigos, pat. Gutiérrez, con 300 o. azúcar.;;Dos Amigos;;;gol.;1852_06_09;id.;;
;;N/A: ;;;Capelo;pat.;;;;;De Sierra Morena gol. Lugard, pat. Capelo, con 240 cajas;;Lugard;;;gol.;1852_06_09;Sierra Morena;;
;;N/A: ;;;Padrón;pat.;;;;;De id. gol. Dos Antonios, pat. Padrón, con 670 o. azúcar.;;Dos Antonios;;;gol.;1852_06_09;id.;;
;;N/A: ;;;Pagé;pat.;;;;;De Jaraico gol. Natividad, pat. Pagé, con 202 orjas de a-;;Natividad;;;gol.;1852_06_09;Jaraico;;
;;N/A: ;;;Pujol;at.;;;;;De Cárdenas gol. L.és., at. Pujol, con 290 cajas de azúcar;;L.és.;;;gol.;1852_06_09;Cárdenas;;
;;N/A:  | N/A: ;;;Calvo;pat.;;;;;Del Júcaro gol. Joschina, pat. Calvo, con 751 cajas de azúcar. 10 pipas de aguacate.;;Joschina;;;gol.;1852_06_10;Júcaro;;
;;N/A: ;;;Sanchez;pat.;;;;;De Banes gol. Merced, pat. Sanchez, con 112 o. de azúcar.;;Merced;;;gol.;1852_06_10;Banes;;
;;N/A: ;;;Llanzer;pat.;;;;;De Cárdenas gol. Victoria, pat. Llanzer, con 600 o. azúcar.;;Victoria;;;gol.;1852_06_10;Cárdenas;;
;;N/A: ;;;Gonzalez;pat.;;;;;De Barcoa gol. Bonifacia, pat. Gonzalez. con 170 esajas de azúcar.;;Bonifacia;;;gol.;1852_06_10;Barcoa;;
;;N/A: ;;;Viguera;pat.;;;;;De Jaruco gol. Ligera, pat. Viguera, con 172 o. de azúcar.;;Ligera;;;gol.;1852_06_10;Jaruco;;
;;N/A: ;;;Mas;pat.;;;;;Del Júcaro gol. Belia Cubana, pat. Mas, con 860 cajas de azúcar.;;Belia Cubana;;;gol.;1852_06_10;Júcaro;;
;;N/A: ;;;Ravena;pat.;;;;;De Bahía Honda gol. Conchita, pat. Ravena, con 160 esajas de azúcar.;;Conchita;;;gol.;1852_06_10;Bahía Honda;;
;;N/A: ;;;;pat.;;;;;De Matandas gol. Antonia, pat. Belfast, con 400 o. azúcar.;Belfast;Antonia;;;gol.;1852_06_10;Matandas;;
;;N/A: ;;;Alordo;pat.;;;;;De id. gol. Dos Hermanos, pat. Alordo, con 630 o. azúcar.;;Dos Hermanos;;;gol.;1852_06_10;id.;;
;;N/A: ;;;Cabrera;pat.;;;;;De Slorra-Morena gol Leonor, pat. Cabrera, con 650 cajas de azúcar.;;Leonor;;;gol.;1852_06_12;Slorra-Morena;;
;;N/A: ;;;Marquer;pat.;;;;;De Puerto Escondido gol. Consuelo, pat. Marquer, con 142 cajas de azúcar.;;Consuelo;;;gol.;1852_06_12;Puerto Escondido;;
;;N/A: ;;;Marquez;pat.;;;;;Del Júcaro gol. Lucina, pat. Marquez, con 610 o. azúcar.;;Lucina;;;gol.;1852_06_12;Júcaro;;
;;N/A:  | N/A: ;;;Cordero;pat.;;;;;Del Marlet gol. Dolores, pat. Cordero, con 187 cajas de azúcar, 12 pipas de aguardiente.;;Dolores;;;gol.;1852_06_12;Marlet;;
;;N/A: ;;;Perez;pat.;;;;;De id. gol. Antonio, pat. Perez, con 217 o. de azúcar.;;Antonio;;;gol.;1852_06_12;id.;;
;;N/A: ;;;García;pat.;;;;;De Cabahes gol. Torres, pat. García, con 90 boos de miel.;;Torres;;;gol.;1852_06_12;Cabahes;;
;;N/A:  | N/A: ;;;Quirola;pat.;;;;;De Puerto Escondido gol. Vicenta, pat. Quirola, con 164 cajas de azúcar, 3 pipas de aguardiente.;;Vicenta;;;gol.;1852_06_12;Puerto Escondido;;
;;N/A: ;;;Coyula;pat.;;;;;De Rio la Palma gol. Carmen, pat. Coyula, con 350 cajas de azúcar.;;Carmen;;;gol.;1852_06_12;Rio la Palma;;
;;N/A: ;;;Romeguera;pat.;;;;;Del Júcaro gol. Tres Hermanos, pat. Romeguera, con 200 cajas de azúcar.;;Tres Hermanos;;;gol.;1852_06_12;Júcaro;;
;;N/A: ;;;Rivero;pat.;;;;;De Santa Cruz gol. Herminia, pat. Rivero, con 260 cajas de azúcar.;;Herminia;;;gol.;1852_06_12;Santa Cruz;;
;;N/A: ;;;Pincero;pt.;;;;;De Canasí gol. Píjaro Verde, pt. Pincero, con 120 boocoyes de miel.;;Píjaro Verde;;;gol.;1852_06_12;Canasí;;
;;N/A:  | N/A:  | N/A:  | N/A: ;;;Canales;pat.;;;;;De Bajas gol. Reglita, pat. Canales, con 5 cuarterolas miel de abejas, 7 cueros, 1 tercio de tabaco, 7 @ de cera.;;Reglita;;;gol.;1852_06_12;Bajas;;
;;N/A:  | N/A: ;;;González;pat.;;;;;De Cabahes gol. Juanita, pat. González, con 300 cajas de azúcar, 100 sacos de café.;;Juanita;;;gol.;1852_06_12;Cabahes;;
;;N/A: ;;;Torres;pat.;;;;;De la Teja gol. Dorotea, pat. Torres, con 300 o. de azúcar.;;Dorotea;;;gol.;1852_06_12;la Teja;;
;;N/A: ;;;Gonzales;pat.;;;;;De Guanacos gol. Isabel II, pat. Gonzales con 90 tercios de tabaco.;;Isabel II;;;gol.;1852_06_12;Guanacos;;
;;N/A: ;;;Camueras;pat.;;;;;De Jaruco gol. Prudencia, pat. Camueras, 170 o. azúcar.;;Prudencia;;;gol.;1852_06_12;Jaruco;;
;;N/A: ;;;Berurdres;pat.;;;;;De Carahatas gol. Tras Hermatos, pat. Berurdres, 552 cajas de azúcar.;;Tras Hermatos;;;gol.;1852_06_12;Carahatas;;
;;N/A: ;;;Queral;pat.;;;;;De Matanzas gol. Ignacio, pat. Queral, con 480 o. azúcar.;;Ignacio;;;gol.;1852_06_12;Matanzas;;
;;N/A: ;;;Garcia;pat.;;;;;Del Jucar gol. Amistad, pat. Garcia, con 660 o. azucar.;;Amistad;;;gol.;1852_06_13;Jucar;;
;;N/A:  | N/A: ;;;Fluxat;pat.;;;;;De Cabanas gol. Awisted, pat. Fluxat, con 200 cajas de azúcar, 18 pipas de aguardiente.;;Awisted;;;gol.;1852_06_13;Cabanas;;
;;N/A: ;;;Barraza;pat.;;;;;Del Canal de San Mateo gol. Segunda Anita, pat. Barraza, con 478 cajas de azúcar.;;Segunda Anita;;;gol.;1852_06_13;Canal de San Mateo;;
;;N/A: ;;;Encenat;pat.;;;;;De Sierra Morena gol. Molestadora, pat. Encenat, con 5300 cajas de azúcar.;;Molestadora;;;gol.;1852_06_13;Sierra Morena;;
;;N/A: ;;;Vega;pat.;;;;;De Cárdenas gol. Favorita, pat. Vega, con 250 o. de azúcar.;;Favorita;;;gol.;1852_06_13;Cárdenas;;
;;N/A: ;;;Palanco;pat.;;;;;De Cánovas gol. Josefa, pat. Palanco, con 200 o. de azúcar.;;Josefa;;;gol.;1852_06_13;Cánovas;;
;;N/A: ;;;Palet;pat.;;;;;De id. gol. Manuela, pat. Palet, con 210 o. de azúcar.;;Manuela;;;gol.;1852_06_13;id.;;
;;N/A: ;;;Polin;pat.;;;;;Del Marisol gol. María, pat. Polin, con 140 o. de azúcar.;;María;;;gol.;1852_06_15;Marisol;;
;;N/A: ;;;L'orena;pt.;;;;;De Jaruco gt. Rogla, pt. L'orena, con 61 bocoyas de miel.;;Rogla;;;gt.;1852_06_15;Jaruco;;
;;N/A:  | N/A:  | N/A: ;;;Marrero;pat.;;;;;De Cabanas gol. Reserva, pat. Marrero, con 200 cajas de azúcar, 30 sacos de café, 70 p.p. de aguardiente.;;Reserva;;;gol.;1852_06_15;Cabanas;;
;;N/A:  | N/A: ;;;Arocha;pat.;;;;;Del Marisol gol. Manuel, pat. Arocha, con 328 cajas de azúcar, 4 pipas de aguardiente.;;Manuel;;;gol.;1852_06_15;Marisol;;
;;N/A:  | N/A: ;;;Barciá;pat.;;;;;De Bana gol. Esgueta, pat. Barciá, con 132 cajas de azúcar, 4 pipas de aguardiente.;;Esgueta;;;gol.;1852_06_15;Bana;;
;;N/A: ;;;Hollido;pat.;;;;;De Jaruco gol. Lichosa, pat. Hollido, con 51 hoc. de miel.;;Lichosa;;;gol.;1852_06_15;Jaruco;;
;;N/A: ;;;Marrero;pat.;;;;;De Sierra Morena gol. Tres Amigos, pat. Marrero, con 260 cajas de azúcar.;;Tres Amigos;;;gol.;1852_06_15;Sierra Morena;;
;;N/A: ;;;Díaz;pat.;;;;;De Cárdenas gol. General Lamar, pat. Díaz, con 340 cajas de azúcar.;;General Lamar;;;gol.;1852_06_15;Cárdenas;;
;;N/A: ;;;Garcia;pat.;;;;;De id. gol. Ruperta, pat. Garcia, con 640 o. de azúcar.;;Ruperta;;;gol.;1852_06_15;id.;;
;;N/A: ;;;Gomez;pat.;;;;;De id. gol. Ko ita, pat. Gomez, con 600 c. de azúcar.;;Ko;;;gol.;1852_06_15;id.;;
;;N/A: ;;;Sierra;pat.;;;;;De Bahía Honda gol. Diamante, pat. Sierra, con 320 cajas de azúcar.;;Diamante;;;gol.;1852_06_15;Bahía Honda;;
;;N/A: ;;;Marin;pat.;;;;;De Sierra Morena gol. Argelita, pat. Marin, con 492 cajas de azúcar.;;Argelita;;;gol.;1852_06_15;Sierra Morena;;
;;N/A: ;;;Many;pat.;;;;;De Cárdenas gol. Antonia, pat. Many, con 300 o. azúcar.;;Antonia;;;gol.;1852_06_15;Cárdenas;;
;;N/A:  | N/A: ;;;Gonzalez;pat.;;;;;De Jaruco gol. Cuatro Hijos, pat. Gonzalez, con 297 cajas de azúcar, 6 pipas de aguardiente.;;Cuatro Hijos;;;gol.;1852_06_15;Jaruco;;
;;N/A:  | N/A: ;;;García;pat.;;;;;De Santa Cruz gol. Lina y Silvia, pat. García, con 330 cajas de azúcar, 6 pipas de aguardiente.;;Lina y Silvia;;;gol.;1852_06_15;Santa Cruz;;
;;N/A:  | N/A: ;;;Ferrer;pat.;;;;;De Bibia Honda gol. Cárlos, pat. Ferrer, con 250 cajas de azúcar, 10 pipas de aguardiente.;;Cárlos;;;gol.;1852_06_15;Bibia Honda;;
;;N/A:  | N/A: ;;;Foroandez;pt.;;;;;De id. gol. Elvira, pt. Foroandez, con 310 cajas de azúcar, 14 p. de aguardiente.;;Elvira;;;gol.;1852_06_15;id.;;
;;N/A:  | N/A: ;;;Porez;pat.;;;;;Del Marisol gol. Quatina, pat. Porez, con 310 cajas de azúcar, 6 pipas de aguardiente.;;Quatina;;;gol.;1852_06_15;Marisol;;
;;N/A: ;;;Perez;pat.;;;;;De Cárdenas gol. Bianca, pat. Perez, con 700 o. azúcar.;;Bianca;;;gol.;1852_06_15;Cárdenas;;
;;N/A: ;;;Cruz;pat.;;;;;De la Octigua gol. Casualidad, pat. Cruz, con 200 cajas de azúcar.;;Casualidad;;;gol.;1852_06_15;Octigua;;
;;N/A:  | N/A:  | N/A: ;;;Pons;pat.;;;;;De Cabanas gol. Reserva, pat. Pons, con 270 cajas de azúcar, 30 an. os de café, 70 pipas de aguardiente.;;Reserva;;;gol.;1852_06_15;Cabanas;;
;;N/A:  | N/A: ;;;Loreiro;pat.;;;;;De id. gol. Caballó Mariano, pat. Loreiro, con 300 cajas de azúcar, 10 pipas de aguardiente.;;Caballó;;;gol.;1852_06_15;id.;;
;;N/A: ;;;Viguera;pat.;;;;;De Jarnaco gol. Liger, pat. Viguera, con 172 c. azúcar.;;Liger;;;gol.;1852_06_16;Jarnaco;;
;;N/A: ;;;Calvo;pat.;;;;;Del Júcaro gol. Josefa, pat. Calvo, con 750 c. azúcar.;;Josefa;;;gol.;1852_06_16;Júcaro;;
;;N/A: ;;;Rodríguez;pat.;;;;;De Cárdenas gol. H. Banera, pat. Rodríguez, con 260 cajas;;H. Banera;;;gol.;1852_06_16;Cárdenas;;
;;N/A: ;;;Bosa;pat.;;;;;De Cárdenas gol. Clío, pat. Bosa, con 660 cajas de azúcar,;;Clío;;;gol.;1852_06_16;Cárdenas;;
;;N/A: ;;;Villarin;pat.;;;;;De Canari gol. Correo, pat. Villarin, con 250 c. azúcar.;;Correo;;;gol.;1852_06_16;Canari;;
;;N/A: ;;;Serrante;pat.;;;;;Del Júcaro berg. Napoleon, pat. Serrante, con 1300 cajas;;Napoleon;;;berg.;1852_06_16;Júcaro;;
;;N/A:  | N/A: ;;;Cempán;pt.;;;;;Del Marial gol. Flor de Regla, pt. Cempán, con 150 cajas de azúcar, 6 pipas de aguardiente.;;Flor de Regla;;;gol.;1852_06_17;Marial;;
;;N/A:  | N/A: ;;;Pagés;pnt.;;;;;De Jaruco gol. Natividad, pnt. Pagés, con 135 cajas de azúcar, 39 cuartillas miel de abejas.;;Natividad;;;gol.;1852_06_17;Jaruco;;
;;N/A:  | N/A: ;;;Garcíl;pat.;;;;;De Sierra-Morona gol. Dos Amigos, pat. Garcíl, con 290 cajas de azúcar, 7 pipas de aguardiente.;;Dos Amigos;;;gol.;1852_06_17;Sierra-Morona;;
;;N/A:  | N/A: ;;;Grandall;pat.;;;;;De Moron gol. Torosita, pat. Grandall, con 800 @ de cera, 60 cueros.;;Torosita;;;gol.;1852_06_17;Moron;;
;;N/A: ;;;Caimarera;pat.;;;;;De Jaruco gol. Prudencia, pat. Caimarera, con 170 cajas de;;Prudencia;;;gol.;1852_06_18;Jaruco;;
;;N/A: ;;;González;pat.;;;;;De Cabahas gol. Juanita, pat. González, con 200 cajas de;;Juanita;;;gol.;1852_06_18;Cabahas;;
;;N/A: ;;;Cardello;pat.;;;;;Del Jucaro gol. Rayo, pat. Cardello, con 520 y azúcar.;;Rayo;;;gol.;1852_06_18;Jucaro;;
;;N/A: ;;;Cruz;pat.;;;;;De Gibara gol. Veracruzana, pat. Cruz, con 45 millares de;;Veracruzana;;;gol.;1852_06_18;Gibara;;
;;N/A: ;;;García;pat.;;;;;De Remodios gol. Industria, pat. García, con 60 cueros, 60;;Industria;;;gol.;1852_06_18;Remodios;;
;;N/A: ;;;Rodriguez;pat.;;;;;De Banos gol. Cardida, pat. Rodriguez, con 26 bocoyes de miel.;;Cardida;;;gol.;1852_06_19;Banos;;
;;N/A:  | N/A: ;;;Marrero;pat.;;;;;De Jarnos gol. Rosera, pat. Marrero, con 150 cajas de azúcar, 38 sacas de café.;;Rosera;;;gol.;1852_06_19;Jarnos;;
;;N/A: ;;;Langer;pat.;;;;;De Cárdenas gol. Victoria, pat. Langer, con 600 c. azúcar.;;Victoria;;;gol.;1852_06_19;Cárdenas;;
;;N/A:  | N/A: ;;;Rodrigues;pt.;;;;;De Maruel gol. Jutta, pt. Rodrigues, con 171 cajas de azúcar, 22 pipas de aguardiente.;;Jutta;;;gol.;1852_06_19;Maruel;;
;;N/A:  | N/A: ;;;Fierro;pat.;;;;;Del Júcar gol. Vongativa, pat. Fierro, con 510 cajas de azúcar, 3 pipas de aguardiente.;;Vongativa;;;gol.;1852_06_19;Júcar;;
;;N/A: ;;;Sanch.;pat.;;;;;De id. gol. Júven Carlos, pat. Sanch. z, con 500 c. azúcar.;;Júven Carlos;;;gol.;1852_06_19;id.;;
;;N/A: ;;;Martínez;pat.;;;;;De id. gol. Lucina, pat. Martínez, con 540 c. de azúcar.;;Lucina;;;gol.;1852_06_19;id.;;
;;N/A: ;;;padrón;pat.;;;;;De Sierra Morena gol. Dos Antonios, pat. padrón, con 577 cajas;;Dos Antonios;;;gol.;1852_06_20;Sierra Morena;;
;;N/A: ;;;García;pat.;;;;;De Remedios gl. Estrella, pat. García, con 445 tercios de tabaco;;Estrella;;;gl.;1852_06_20;Remedios;;
;;N/A: ;;;Sanches;pat.;;;;;De Bahía Honda gol. Carmite, pat. Sanches, con 230 cajas;;Carmite;;;gol.;1852_06_23;Bahía Honda;;
;;N/A: ;;;García;pat.;;;;;De Bahía Honda gol. Buñacim, pat. García, con 145 cajas;;Buñacim;;;gol.;1852_06_23;Bahía Honda;;
;;N/A: ;;;Gonzales;pat.;;;;;De J. raso gol. Cuatro 11 Jos, pat. Gonzales, con 266 cajas;;Cuatro 11 Jos;;;gol.;1852_06_23;J. raso;;
;;N/A: ;;;Viguera;pat.;;;;;De id gol Lígera, pat. Viguera, con 172 o. de azúcar.;;Lígera;;;gol;1852_06_23;id;;
;;N/A: ;;;Arocha;pat.;;;;;Del Martí gol. Menu cia, pat. Arocha, con 321 cajas de a-;;Menu;;;gol.;1852_06_23;Martí;;
;;N/A: ;;;Nuñoz;pat.;;;;;De Cardenas gol. Generala, pat. Nuñoz, con 350 cajas de;;Generala;;;gol.;1852_06_23;Cardenas;;
;;N/A: ;;;Escandell;pat.;;;;;De Bahía Honda gol. Antonia pat. Escandell, con 314 ca-;;Antonia;;;gol.;1852_06_23;Bahía Honda;;
;;N/A: ;;;L'agé;pat.;;;;;De Jara go. Natividad, pat. L'agé, con 201 cajas de a-;;Natividad;;;go.;1852_06_23;Jara;;
Día 01:;null;N/A: ;;;N. ho;pat.;;;null;;D'1 Ju a gol Propriedad, pat. N. ho, con 700 o. azúcar.;;Propriedad;;;gol.;1852_06_23;null;;
;;N/A: ;;;Oliver;pat.;;;;;De Cardenas gol. Ríu, pat. Oliver, con 6.0 cajas de azú-;;Ríu;;;gol.;1852_06_23;Cardenas;;
;;N/A: ;;;González;pat.;;;;;De id, gol. M. recd, pat. González con 37.0 azúcar.;;M. recd;;;gol.;1852_06_23;id;;
;;N/A: ;;;Car. O. n. ll;pat.;;;;;1- id. gol. M. Mari, pat. Car. O. n. ll, con 300 o. de azúcar.;;M. Mari;;;gol.;1852_06_23;;;
;;N/A: ;;;Romero;pat.;;;;;De Rio la Palma gol. Diego, pat. Romero, con 300 cajas;;Diego;;;gol.;1852_06_23;Rio la Palma;;
;;N/A: ;;;Rívero;pat.;;;;;De -anti- Cuz go. H. riniu, pat. Rívero, con 252 cajas;;H. riniu;;;go.;1852_06_23;Cuz;;
;;N/A: ;;;Calvo;pat.;;;;;De Júcar gol Josefa, pat. Calvo, con 750 o de azúcar.;;Josefa;;;gol;1852_06_24;Júcar;;
;;N/A: ;;;Corierto;pat.;;;;;Del Maríel gol. Volcres, pat. Corierto, con 189 cajas de a-;;Volcres;;;gol.;1852_06_24;Maríel;;
;;N/A: ;;;Carratalá;pat.;;;;;De Sagne la Grande gol. Dolorita, pat. Carratalá, con 240;;Dolorita;;;gol.;1852_06_24;Sagne la Grande;;
;;N/A: ;;;Puente;pat.;;;;;De la Muita gol. Potosf, pat. Puente, con 200 cajas de a-;;Potosf;;;gol.;1852_06_24;Muita;;
;;N/A: ;;;Loreiro;pat.;;;;;De Cabán gol. Caballo Marino, pat. Loreiro, con 300 ca-;;Caballo Marino;;;gol.;1852_06_24;Cabán;;
;;N/A: ;;;Sierra;pat.;;;;;De B. bia Honda gol. Diamante, pat. Sierra, con 216 cajas;;Diamante;;;gol.;1852_06_24;B. bia Honda;;
;;N/A: ;;;Jordá;pat.;;;;;De Mantua gol. Isabel, pat. Jordá, con 90 tercios de taba-;;Isabel;;;gol.;1852_06_24;Mantua;;
;;N/A: ;;;Viguera;pat.;;;;;De Jorico gol. Ligera, pat. Viguera, con 172 c. de azúcar.;;Ligera;;;gol.;1852_06_26;Jorico;;
;;N/A: ;;;Sorrantes;pat.;;;;;Del Jucaro berg. Napoleón, pat. Sorrantes, con 1300 cajas;;Napoleón;;;berg.;1852_06_26;Jucaro;;
;;N/A: ;;;Quirola;pat.;;;;;De Pto. Escondido gol. Vicenta, pat. Quirola, con 128 ca;;Vicenta;;;gol.;1852_06_26;Pto. Escondido;;
;;N/A: ;;;Torres;pat.;;;;;Del Júcaro gol. Merced, pat. Torres, con 340 cajas de azú-;;Merced;;;gol.;1852_06_26;Júcaro;;
;;N/A: ;;;Marrero;pat.;;;;;De Jarnoo gol. Reserva, pat. Marrero, o.n 184 cajas de a-;;Reserva;;;gol.;1852_06_26;Jarnoo;;
;;N/A: ;;;García;pat.;;;;;Del Jucaro gol. Juana Ruperta, pat. García, con 660 cajas;;Juana Ruperta;;;gol.;1852_06_26;Jucaro;;
;;N/A: ;;;Torres;pat.;;;;;De la Teja gol. Dorotea, pat. Torres, con 300 c. azúcar.;;Dorotea;;;gol.;1852_06_26;la Teja;;
;;N/A: ;;;Padrón;pat.;;;;;De Sierra Moreno gol. Dos Anónimos, pat. Padrón, con 721;;Dos Anónimos;;;gol.;1852_06_26;Sierra Moreno;;
;;N/A: ;;;Carballo;pat.;;;;;Del Júcaro gol. Royo, pat. Carballo, con 530 c. azúcar.;;Royo;;;gol.;1852_06_26;Júcaro;;
;;N/A: ;;;Vázquez;pat.;;;;;De Caballito gol. Torreita, pat. Vázquez, con 180 c. azúcar.;;Torreita;;;gol.;1852_06_26;Caballito;;
;;N/A: ;;;Palacio;pat.;;;;;De Canario gol. Jompi, pat. Palacio, con 210 c. de azúcar.;;Jompi;;;gol.;1852_06_26;Canario;;
;;N/A: ;;;Llorente;pat.;;;;;De Jaruco gol. Ilegla, pat. Llorente, con 61 bocoyos de miel;;Ilegla;;;gol.;1852_06_26;Jaruco;;
;;N/A:  | N/A: ;;;Mus.;patt.;;;;;Del Jécar gol. Bolín Cabana, patt. Mus., con 660 cajas de azúcar, 12 pipas de aguardiente;;Bolín;;;gol.;1852_06_27;Jécar;;
;;N/A: ;;;Pérez;pat.;;;;;De Córdenas gol. Bl. ca. pat. Pérez, con 700 o de azúcar.;;Bl. ca.;;;gol.;1852_06_27;Córdenas;;
;;;;;Concepclon;pat.;;;;;De Sagra la Grande gol. Eugerio, pat. Concepclon, con;;Eugerio;;;gol.;1852_06_29;Sagra la Grande;;
;;N/A: ;;;Romvgosa;pat.;;;;;Del Jucaro Tres Hermanos, pat. Romvgosa, con 230 cajas;;Tres Hermanos;;;;1852_06_29;Jucaro;;
;;N/A: ;;;Basilio;pat.;;;;;De Cárdenas gol. Margarite, pat. Basilio, con 180 cajas de;;Margarite;;;gol.;1852_06_29;Cárdenas;;
;;N/A: ;;;Fernandes;pat.;;;;;De la Ortigoz gol. Bonifaria, pat. Fernandes, con 163 ca;;Bonifaria;;;gol.;1852_06_29;Ortigoz;;
;;N/A: ;;;Feliu;pat.;;;;;Del Muriel gol. María, pat. Feliu, con 140 c de azúcar.;;María;;;gol.;1852_06_29;Muriel;;
;;N/A: ;;;Gutiérrez;pat.;;;;;De Cabanés gol. Dos Amigos, pat. Gutiérrez, con 200 cajas;;Dos Amigos;;;gol.;1852_06_29;Cabanés;;
;;N/A: ;;;Gonzalez;pat.;;;;;De Cabábar gol. Juanita, pat. Gonzalez, con 274 cajas de;;Juanita;;;gol.;1852_06_29;Cabábar;;
;;N/A: ;;;García;pat.;;;;;De Santa Cruz gol. Lina y Silvia, pat. García, con 250 ca;;Lina y Silvia;;;gol.;1852_06_29;Santa Cruz;;
;;N/A: ;;;Díaz;pat.;;;;;Del Jucaro gol. General Lamar, pat. Díaz, con 390 cajas;;General Lamar;;;gol.;1852_06_29;Jucaro;;
;;N/A: ;;;Martínez;pat.;;;;;De Cárdenas gol. Especulación, pat. Martínez, con 390 cajas de azucar.;;Especulación;;;gol.;1852_07_01;Cárdenas;;
;;N/A: ;;;González;pat.;;;;;De Jaruco gol. Cuatro Hijos, pat. González, con 201 cajas de azucar.;;Cuatro Hijos;;;gol.;1852_07_01;Jaruco;;
;;N/A:  | N/A: ;;;Pagés;pat.;;;;;De Jaruco gol. Natividad, pat. Pagés, con 203 cajas de azucar, 4 pipas de aguardiente.;;Natividad;;;gol.;1852_07_01;Jaruco;;
;;N/A: ;;;Marquez;pat.;;;;;De Puerto Escondido gol. Consuelo, pat. Marquez, con 146 cajas de azúcar.;;Consuelo;;;gol.;1852_07_01;Puerto Escondido;;
;;N/A:  | N/A: ;;;Padró;pat.;;;;;De Santa Lucía gol. Reglita, pat. Padró, con 164 cajas de azúcar, 26 pipas de aguardiente.;;Reglita;;;gol.;1852_07_01;Santa Lucía;;
;;N/A:  | N/A: ;;;González;pat.;;;;;De Sierra Morena gol. Seis Marañolas, pat. González, con 66 cajas de azúcar, 12 pipas de aguardiente.;;Seis Marañolas;;;gol.;1852_07_01;Sierra Morena;;
;;N/A:  | N/A:  | N/A: ;;;Pérez;pat.;;;;;Del Marisol gol. Quimina, pat. Pérez, con 275 cajas de azúcar, 16 pipas de aguardiente, 5 quarterelas wiel de abrus.;;Quimina;;;gol.;1852_07_01;Marisol;;
;;N/A:  | N/A: ;;;;;;;;;De id. gol. Manuela, pt. Artocha, con 325 cajas de azúcar, 7 pipas de aguardiente.;pt.;Manuela;;;gol.;1852_07_01;id.;;
;;N/A:  | N/A: ;;;Rodríguez;pat.;;;;;De id. gol. Justa, pat. Rodríguez, con 182 cajas de azúcar, 18 pipas de aguardiente.;;Justa;;;gol.;1852_07_01;id.;;
;;N/A: ;;;Villarin;pat.;;;;;De Cenami gol. Corvo, pat. Villarin, con 260 c. de azúcar.;;Corvo;;;gol.;1852_07_01;Cenami;;
;;N/A:  | N/A: ;;;Calvo;pat.;;;;;Del Júcaro gol. Josafías, pat. Calvo, con 730 cajas de azúcar, 7 pipas de aguardiente.;;Josafías;;;gol.;1852_07_01;Júcaro;;
;;N/A:  | N/A:  | N/A: ;;;Pujol;pt.;;;;;De Cárdenas gol. Lucía, pt. Pujol, con 290 cajas de azúcar, 23 sacos de café, 23 pipas de aguardiente.;;Lucía;;;gol.;1852_07_01;Cárdenas;;
;;N/A:  | N/A: ;;;Barcia;pal.;;;;;De Banes gol. Paquete, pal. Barcia, con 135 cajas de azúcar, 20 pipas de aguardiente.;;Paquete;;;gol.;1852_07_01;Banes;;
;;N/A: ;;;Agres;pat.;;;;;De Matasbas gol. Adela, pat. Agres, con 475 c. de azúcar.;;Adela;;;gol.;1852_07_01;Matasbas;;
;;N/A:  | N/A: ;;;Bernardz;pt.;;;;;De Carabias gol. Tres Hermanos, pt. Bernardz, con 324 cajas de azúcar, 67 torcios de tabaco.;;Tres Hermanos;;;gol.;1852_07_01;Carabias;;
;;N/A: ;;;Many;pat.;;;;;De Cárdenas gol. Antonia, pat. Many, con 350 c. azúcar.;;Antonia;;;gol.;1852_07_02;Cárdenas;;
;;N/A: ;;;Lop;pat.;;;;;De id. gol. Panchitz, pat. Lop, s, con 380 c. azúcar.;;Panchitz;;;gol.;1852_07_02;id.;;
;;N/A: ;;;Loreiro;pat.;;;;;De Cabanas gol Cabaito Marino, pat. Loreiro, con 300 c.;;Cabaito Marino;;;gol;1852_07_02;Cabanas;;
;;N/A: ;;;Pcnr;pat.;;;;;De Cabanas gol. Reserva, pat. Pcnr, con 400 rejas de azú;;Reserva;;;gol.;1852_07_02;Cabanas;;
;;N/A: ;;;Compan;pat.;;;;;Del Marisol gol. Flor d. R. gis, pat. Compan, con 150 crjas;;Flor d. R. gis;;;gol.;1852_07_02;Marisol;;
Día XX:;;N/A: ;;;Pares;pat.;;;;;De id. gol. Antonia: pat. Pares, con 219 rejas de azúcar.;;Antonia;;;gol.;1852_07_02;id.;;
;;N/A: ;;;Búñol;pat.;;;;;De Jarugo gol. Ligar, pat. Búñol, con 172 c. de azúcar.;;Ligar;;;gol.;1852_07_02;Jarugo;;
;;N/A: ;;;González;pat.;;;;;Del Júcaro gol. Merced, pat. González, con 375 c. azúcar.;;Merced;;;gol.;1852_07_02;Júcaro;;
;;N/A: ;;;Núñez;pat.;;;;;Del Júcaro gol. Generala, pat. Núñez, con 348 c. azúcar.;;Generala;;;gol.;1852_07_03;Júcaro;;
;;N/A: ;;;Fell;pat.;;;;;Del Marial gol. María, pat. Fell, con 140 c. de azúcar.;;María;;;gol.;1852_07_03;Marial;;
;;N/A: ;;;Llanger;pat.;;;;;De Cárdenas gol. Victoria, pat. Llanger, con 6.0. azúcar.;;Victoria;;;gol.;1852_07_03;Cárdenas;;
;;N/A: ;;;Sánchez;pat.;;;;;De Banes gol. Merced, pat. Sánchez, con 112 c. de azúcar.;;Merced;;;gol.;1852_07_03;Banes;;
;;N/A: ;;;Quirola;pat.;;;;;De Puerto Escondido gol. Vicenta, pat. Quirola, con 161;;Vicenta;;;gol.;1852_07_03;Puerto Escondido;;
;;N/A: ;;;Sanches;pat.;;;;;Del Júcaro gol. Jóven Carlota, pat. Sanches, con 500 cajas;;Jóven Carlota;;;gol.;1852_07_03;Júcaro;;
;;N/A: ;;;Carbonell;pat.;;;;;De Cárdenas gol. Marianita, pat. Carbonell, con 300 cajas;;Marianita;;;gol.;1852_07_03;Cárdenas;;
;;N/A: ;;;Cordoro;pat.;;;;;Del Marcial gol. Dolores, pat. Cordoro, con 175 cajas de a-;;Dolores;;;gol.;1852_07_04;Marcial;;
;;N/A: ;;;Gonzalez;pat.;;;;;De Baracoa gol. Manuela, pat. Gonzalez, con 113 cajas de;;Manuela;;;gol.;1852_07_04;Baracoa;;
;;N/A: ;;;Cañmueras;pat.;;;;;De Baracoa gol. Prudencia, pat. Cañmueras, con 170 cajas;;Prudencia;;;gol.;1852_07_04;Baracoa;;
;;N/A:  | N/A: ;;;Rodriguez;ptt.;;;;;Del Mariel gol. Justa. ptt. Rodriguez, con 220 cajas de a. azucar, 6 pipas de aguardiente.;;Justa;;;gol.;1852_07_06;Mariel;;
;;N/A: ;;;Marin;pat.;;;;;De Sierra Morena gol. Angelits, pat. Marin, con 537 cajas de azucar.;;Angelits;;;gol.;1852_07_06;Sierra Morena;;
;;N/A:  | N/A: ;;;Arocha;pat.;;;;;Del Mariel gol. Manuela, pat. Arocha, con 328 cajas de a. azucar, 6 pipas de aguardiente.;;Manuela;;;gol.;1852_07_06;Mariel;;
;;N/A:  | N/A: ;;;Gonzalez;pat.;;;;;De id. gol. A tagracia, pat. Gonzalez, con 318 cajas de a. azucar, 14 pipas de aguardiente.;;A tagracia;;;gol.;1852_07_06;id.;;
;;N/A: ;;;Sorrantes;pat.;;;;;De Rom. de berg. Napoleon, pat. Sorrantes, con 1300 cajas de azucar.;;Napoleon;;;berg.;1852_07_06;Rom.;;
;;N/A:  | N/A: ;;;Pagés;pat.;;;;;De Jaruco gol. Natividad, pat. Pagés, con 234 cajas de a. azucar, 2 pipas de aguardiente.;;Natividad;;;gol.;1852_07_06;Jaruco;;
;;N/A:  | N/A: ;;;Calvo;pat.;;;;;Del Juzaro gol. Josefa, pat. Calvo, con 350 cajas de azucar, 20 pipas de aguardiente.;;Josefa;;;gol.;1852_07_06;Juzaro;;
;;N/A: ;;;Siora;pat.;;;;;De B. de Honda gol. Dimante, pat. Siora, con 321 cajas de azucar.;;Dimante;;;gol.;1852_07_06;B. de Honda;;
;;N/A:  | N/A: ;;;Rivero;pat.;;;;;De Santa Cruz gol. Hormiria, pat. Rivero, con 253 cajas y 48 sacos de azucar.;;Hormiria;;;gol.;1852_07_06;Santa Cruz;;
;;N/A: ;;;Carballo;pat.;;;;;Del Juzaro gol. Rayo, pat. Carballo, con 530 c. azucar.;;Rayo;;;gol.;1852_07_06;Juzaro;;
;;N/A: ;;;Liores;pat.;;;;;De Jaruco gol. Regla, pat. Liores, con 61 bocoyos de miel.;;Regla;;;gol.;1852_07_06;Jaruco;;
;;N/A: ;;;Sánchez;pat.;;;;;De Bahía Honda gol. Carmita, pat. Sánchez, con 230 cajas;;Carmita;;;gol.;1852_07_07;Bahía Honda;;
;;N/A: ;;;Escandell;pat.;;;;;De id. g ol. Antonia, pat. Escandell, con 300 cajas de azú-;;Antonia;;;g ol.;1852_07_07;id.;;
;;N/A: ;;;Boza;pat.;;;;;De Cárdenas gol. Clio, pat. Boza, con 565 cajas de azúcar,;;Clio;;;gol.;1852_07_07;Cárdenas;;
;;N/A: ;;;García;pat.;;;;;De Cabanas gol. Teresita, pat. García, con 272 cajas de a-;;Teresita;;;gol.;1852_07_07;Cabanas;;
;;N/A: ;;;González;pat.;;;;;De Cab. n.s gol. Juanita, pat. González, con 300 cajas de;;Juanita;;;gol.;1852_07_07;Cab.;;
;;N/A: ;;;Raveau;pat.;;;;;· De la Mulata gol. Conohita, pat. Raveau, con 102 tercios;;Conohita;;;gol.;1852_07_08;la Mulata;;
;;N/A: ;;;Suares;pat.;;;;;De Sagua la Grande gol. Constancia, pat. Suares, con 306;;Constancia;;;gol.;1852_07_08;Sagua la Grande;;
;;N/A: ;;;Loreiro;pat.;;;;;De Caballos gol. Caballo Marino, pat. Loreiro, con 300 ca-;;Caballo Marino;;;gol.;1852_07_08;Caballos;;
;;N/A: ;;;Seljo;pat.;;;;;De la Teja gol. Dos Sofías, pat. Seljo. 403 o. de azúcar.;;Dos Sofías;;;gol.;1852_07_08;la Teja;;
;;N/A: ;;;Felíu;pat.;;;;;Del Marisol gol. María, pat. Felíu, con 140 o. de azúcar.;;María;;;gol.;1852_07_08;Marisol;;
;;N/A: ;;;Marrero;pat.;;;;;De Jaruco gol. Roserva, pat. Marrero, con 201 o. azúcar.;;Roserva;;;gol.;1852_07_08;Jaruco;;
;;N/A: ;;;Coyula;pat.;;;;;De Rio la Palma gol. Carmen, pat. Coyula, con 316 cajas;;Carmen;;;gol.;1852_07_08;Rio la Palma;;
;;N/A: ;;;Concepción;pat.;;;;;De Canasí gol. Josefa, pat. Concepción, con 200 r. azúcar.;;Josefa;;;gol.;1852_07_08;Canasí;;
;;N/A: ;;;Díaz;pat.;;;;;Del Lucaro gol. General Lamar, pat. Díaz, con 330 cajas de;;General Lamar;;;gol.;1852_07_08;Lucaro;;
;;N/A: ;;;Sevilla;pat.;;;;;De Nuevitás gol. Aguilá de Oro, pat. Sevilla, con 72 ter-;;Aguilá de Oro;;;gol.;1852_07_08;Nuevitás;;
;;N/A: ;;;Fernández;patr.;;;;;De Bahía-Honda gol. Bonifacia, patr. Fernández, con 178;;Bonifacia;;;gol.;1852_07_08;Bahía-Honda;;
;;;;;Mendos;pt.;;;;;De Punta de Cartas gol. Nueva Empressa, pt. Mendos, con;;Nueva Empressa;;;gol.;1852_07_09;Punta de Cartas;;
;;N/A: ;;;Sanches;pat.;;;;;De Banes go. Merodita, pat. Sanches, con 112 o. azúcar.;;Merodita;;;go.;1852_07_09;Banes;;
;;N/A: ;;;Gutiérrez;pat.;;;;;De C.bañes gol. Los Amigos, pat. Gutiérrez, con 280 o. jas;;Los Amigos;;;gol.;1852_07_09;C.bañes;;
;;N/A: ;;;Carbonell;pat.;;;;;De Matanzas gol. Marinada, pat. Carbonell, con 314 ojaj;;Marinada;;;gol.;1852_07_09;Matanzas;;
;;N/A: ;;;Baroá;pat.;;;;;De Banes go. Paquete de Banes, pat. Baroá, con 135 cajas;;Paquete de Banes;;;go.;1852_07_09;Banes;;
;;N/A: ;;;Falcet;pat.;;;;;De Cimas go. Manuel, pat. Falcet, con 270 o. de azúcar.;;Manuel;;;go.;1852_07_09;Cimas;;
;;N/A:  | N/A: ;;;Compani;pat.;;;;;Del Marlet gol. Flor de Regla, pat. Compani, con 170 cajas de azúcar. 10 pipas de aguardiente.;;Flor de Regla;;;gol.;1852_07_10;Marlet;;
;;N/A: ;;;González;pat.;;;;;De Cárdenas gol. Mercedita, pat. González, con 360 crías de azúcar.;;Mercedita;;;gol.;1852_07_10;Cárdenas;;
;;N/A: ;;;Basilio;pat.;;;;;De Cárdenas gol. Margarita, pat. Basilio, con 130 cajas de azúcar.;;Margarita;;;gol.;1852_07_10;Cárdenas;;
;;N/A:  | N/A: ;;;Coursel;pat.;;;;;De Baracoa gol. Manpolita, pat. Coursel, con 139 caja de arroz, 12 pipas de aguardiente.;;Manpolita;;;gol.;1852_07_10;Baracoa;;
;;N/A:  | N/A: ;;;Fierro;pat.;;;;;Del Jácara gol. Vongativa, pat. Fierro, con 613 cajas de azúcar, 4 pipas de aguardiente.;;Vongativa;;;gol.;1852_07_10;Jácara;;
;;N/A:  | N/A: ;;;Garriga;pat.;;;;;De Santa Cruz gol. Lina y Silvia, pat. Garriga, con 210 crías de azúcar, 6 pipas de aguardiente.;;Lina y Silvia;;;gol.;1852_07_10;Santa Cruz;;
;;N/A: ;;;Cruz;pat.;;;;;De la Ortigues gol. Casualidad, pat. Cruz, con 192 cajas de azúcar.;;Casualidad;;;gol.;1852_07_10;Ortigues;;
;;N/A: ;;;L'anger;pat.;;;;;De Cárdenas gol. Victoria, pat. L'anger, con 500 o. azúcar.;;Victoria;;;gol.;1852_07_10;Cárdenas;;
;;N/A: ;;;Berrics;pat.;;;;;De Jarneo gol. Lígera, pat. Berrics, con 170 o. de azúcar.;;Lígera;;;gol.;1852_07_10;Jarneo;;
;;N/A: ;;;Feliu;pat.;;;;;Del Marisol gol. Marfa, pat. Feliu, con 140 cajas de azúcar.;;Marfa;;;gol.;1852_07_11;Marisol;;
;;N/A:  | N/A:  | N/A: ;;;Pachon;pat.;;;;;De Mantua gol. Felix, pat. Pachon, con 8 barriles miel de abejas, 30 ½ de cera, 131 tercios de tabaco.;;Felix;;;gol.;1852_07_11;Mantua;;
;;N/A:  | N/A:  | N/A:  | N/A: ;;;Peres;pat.;;;;;Del Marisol gol. Qudtania, pat. Peres, con 270 cajas de azúcar, 27 cuarteroias miel de abejar, 14 pipas de aguardiente, 40 ½ de cera.;;Qudtania;;;gol.;1852_07_11;Marisol;;
;;N/A: ;;;Briones;pat.;;;;;De Mulata gol. Marianita, pat. Briones, con 50 bocoyes miel de abejas.;;Marianita;;;gol.;1852_07_11;Mulata;;
;;N/A:  | N/A: ;;;González;pat.;;;;;Del Marisol gol. Altagaricia, pat. González, con 300 cajas de azúcar, 14 pipas de aguardiente.;;Altagaricia;;;gol.;1852_07_11;Marisol;;
;;N/A: ;;;Peres;pat.;;;;;Del Marisol gol. Antonia, pat. Peres, con 21,5 ½ de azúcar.;;Antonia;;;gol.;1852_07_11;Marisol;;
;;N/A:  | N/A:  | N/A: ;;;Alóxre;pat.;;;;;De Mantua gol. Adela, pat. Alóxre, con 477 pajas y 8 cuches de azúcar, 65 sacos de café, 31 ½ de cacao.;;Adela;;;gol.;1852_07_11;Mantua;;
;;N/A: ;;;Núñez;pat.;;;;;De Cárdenas gol. General, pat. Núñez, con 350 o. azúcar.;;General;;;gol.;1852_07_13;Cárdenas;;
;;N/A: ;;;Páez;pat.;;;;;De Jarmos gol. Natividad, pat. Páez, con 201 o. azúcar.;;Natividad;;;gol.;1852_07_13;Jarmos;;
;;N/A: ;;;Lopes;pat.;;;;;De Cárdenas gol. Cárdenas, pat. Lopes, con 380 o. azúcar.;;Cárdenas;;;gol.;1852_07_13;Cárdenas;;
;;N/A: ;;;Arocha;pat.;;;;;Del Marlo gol. Manuel, pat. Arocha, con 328 cajas de azúcar.;;Manuel;;;gol.;1852_07_13;Marlo;;
;;N/A:  | N/A:  | N/A:  | N/A:  | N/A: ;;;Mayans;pat.;;;;;De Mina, gol. Ania, pat. Mayans, con 150 tercios de tabaco, 40 o. de cera, 20 ocheros, 7 raíz y 8 ojones de tabaco.;;Ania;;;gol.;1852_07_13;Mina;;
;;N/A: ;;;García;pat.;;;;;De Sierra Mora gol. De Amigos, pat. García, con 280 ojones de azúcar.;;De Amigos;;;gol.;1852_07_13;Sierra Mora;;
;;N/A: ;;;Torres;pat.;;;;;De la Mina gol. Dórotera, pat. Torres, con 200 o. de azúcar.;;Dórotera;;;gol.;1852_07_13;la Mina;;
;;N/A:  | N/A: ;;;Rodríguez;pat.;;;;;Del Marlo gol. Justicia, pat. Rodríguez, con 184 ojones de azúcar, 17 pipas de aguardiente.;;Justicia;;;gol.;1852_07_13;Marlo;;
;;N/A:  | N/A: ;;;Márquez;pat.;;;;;De Pácer Econdio gol. Comercio, pat. Márquez, con 140 ojones de azúcar, 20 pipas de aguardiente.;;Comercio;;;gol.;1852_07_13;Pácer Econdio;;
;;N/A:  | N/A: ;;;Aleman;pat.;;;;;Del Mórrillo gol. Terecito, pat. Aleman, con 130 cajas de azúcar, 40 bocados de azucar.;;Terecito;;;gol.;1852_07_13;Mórrillo;;
;;N/A: ;;;Camuera;pat.;;;;;De Jarmos gol. Prudencio, pat. Camuera, con 170 cajas de azúcar.;;Prudencio;;;gol.;1852_07_13;Jarmos;;
;;N/A:  | N/A: ;;;Juan;pat.;;;;;De Cárdenas gol. General Lavar, pat. Juan, con 380 cajas de tabaco tercero, 30 tercios id. en rama.;;General Lavar;;;gol.;1852_07_13;Cárdenas;;
;;N/A: ;;;Concepción;pat.;;;;;De Cánal gol. Jose, pat. Concepción, con 200 o. azúcar.;;Jose;;;gol.;1852_07_13;Cánal;;
;;N/A:  | N/A:  | N/A:  | N/A:  | N/A: ;;;Santos;pat.;;;;;De Manzana gol. Esperanza, pat. Santos, con 480 cajas, 2 bocados, 24 estuchos y 14 panes de azúcar, 40300 tabacos.;;Esperanza;;;gol.;1852_07_13;Manzana;;
;;N/A:  | N/A: ;;;Ferrer;pat.;;;;;De Bahí. Honda gol. Clarita, pat. Ferrer, con 200 ojones y 2 estuchos de azúcar.;;Clarita;;;gol.;1852_07_13;Bahí;;
;;N/A:  | N/A: ;;;Fernandez;pat.;;;;;De la Ortega gol. Bonifacia, pat. Fernandez, con 165 cajas de azúcar. 12 pipas de aguardiente.;;Bonifacia;;;gol.;1852_07_14;Ortega;;
;;N/A: ;;;Sanchez;pat.;;;;;Del Júcar gol. Joven Carioya, pat. Sanchez, con 600 cajas de azúcar.;;Joven Carioya;;;gol.;1852_07_14;Júcar;;
;;N/A: ;;;Sanchez;pat.;;;;;De Bines hol. Mercedita, pat. Sanchez, con 113 o. azúcar.;;Mercedita;;;hol.;1852_07_14;Bines;;
;;N/A:  | N/A:  | N/A: ;;;Gonzales;pat.;;;;;De Jaruco gol. Cuatro Hijos, pat. Gonzales, con 234 cajas de azúcar, 32 sacos de café, 6 buooyes de muscabado.;;Cuatro Hijos;;;gol.;1852_07_14;Jaruco;;
;;N/A:  | N/A: ;;;Cordero;pat.;;;;;Del Maríel gol. Dolcres, pat. Cordero, con 204 cajas de azúcar, 4 pipas de aguardiente.;;Dolcres;;;gol.;1852_07_15;Maríel;;
;;N/A: ;;;Guirola;pat.;;;;;De Puerto Escondido gol. Vicente, pat. Guirola, con 169 cajas de azúcar.;;Vicente;;;gol.;1852_07_15;Puerto Escondido;;
;;N/A: ;;;Fella;pat.;;;;;Del Maríel gol. María, pat. Fella, con 140 o. de azúcar.;;María;;;gol.;1852_07_15;Maríel;;
;;N/A: ;;;Oliver;pat.;;;;;De Cárdenas gol. Rito, pat. Oliver, con 510 cajas de azúcar.;;Rito;;;gol.;1852_07_15;Cárdenas;;
;;N/A:  | N/A: ;;;Porez;pat.;;;;;Del Maríel gol. Antonia, pat. Porez, con 214 cajas de azúcar, 2 pipas de aguardiente.;;Antonia;;;gol.;1852_07_15;Maríel;;
;;N/A:  | N/A:  | N/A: ;;;Casales;pat.;;;;;De Bejasa gol. Reglita, pat. Casales, con 6 barriles de miel, 12 sueros, 1 tercio de tabaco.;;Reglita;;;gol.;1852_07_16;Bejasa;;
;;N/A:  | N/A: ;;;Gonzalez;pat.;;;;;De Guanajuato: Isabel II, pat. Gonzalez, con 400 torcios de tabaco, 35 marquesas de cera.;;Isabel II;;;;1852_07_16;Guanajuato;;
;;N/A: ;;;Uíaz;pat.;;;;;Del Júcaro berg. Napoleón, pat. Uíaz, con 130 o. azúcar.;;Napoleón;;;berg.;1852_07_16;Júcaro;;
;;N/A: ;;;Beriñol;pat.;;;;;De Jarama gol. Lígora, pat. Beriñol, con 170 o. azúcar.;;Lígora;;;gol.;1852_07_16;Jarama;;
;;N/A: ;;;Richard;pat.;;;;;Del Júcaro gol. Carlota, pat. Richard, con 218 o. azúcar.;;Carlota;;;gol.;1852_07_16;Júcaro;;
;;N/A:  | N/A:  | N/A:  | N/A: ;;;Enocfia;pat.;;;;;De Sierra Morena gol. Motetdorm, pat. Enocfia, con 372 cajas de azúcar, 20 boecoyes de mascabado, 70 pipas de aguardiente, 2 sacos de cera.;;Motetdorm;;;gol.;1852_07_16;Sierra Morena;;
;;N/A:  | N/A: ;;;Marrero;pat.;;;;;De Sierra Morena gol. Tres Amigos, pat. Marrero, con 280 cajas de azúcar, 8 pipas de aguardiente.;;Tres Amigos;;;gol.;1852_07_16;Sierra Morena;;
;;N/A:  | N/A:  | N/A:  | N/A: ;;;Rivero;pat.;;;;;De Santa Cruz gol. Hernina, pat. Rivero, con 160 cajas de azúcar, 20 boecoyes, 12 sacos y 3 estuchos de mascabado.;;Hernina;;;gol.;1852_07_16;Santa Cruz;;
;;N/A: ;;;Gutiérrez;pat.;;;;;De Cabañas gol. Dos Amigos, pat. Gutiérrez, con 280 cajas;;Dos Amigos;;;gol.;1852_07_17;Cabañas;;
;;N/A: ;;;Calvo;pat.;;;;;Del Júcaro gol. Josefa, pat. Calvo, con 750 cajas de azú-;;Josefa;;;gol.;1852_07_17;Júcaro;;
;;N/A: ;;;Gonzalez;pat.;;;;;De Barceona gol. Manuelita, pat. Gonzalez, con 1.7 cajas;;Manuelita;;;gol.;1852_07_17;Barceona;;
;;N/A: ;;;Barcís;pat.;;;;;De Banes gol. Paquete de Banes, pat. Barcís, con 135 ca-;;Paquete;;;gol.;1852_07_17;Banes;;
;;N/A: ;;;Langer;pat.;;;;;De Cárdenas gol. Victoria, pat. Langer, con 600 cajas de;;Victoria;;;gol.;1852_07_17;Cárdenas;;
;;N/A: ;;;González;pat.;;;;;De Cabañas gol. Juanita, pat. González, con 340 cajas de;;Juanita;;;gol.;1852_07_17;Cabañas;;
;;N/A: ;;;González;pat.;;;;;Del Marisol gol: Altagraçia, pat. González, con 300 cajas de azúcar.;;Altagraçia;;;gol;1852_07_18;Marisol;;
;;N/A: ;;;Gomes;pat.;;;;;De Cárdenas gol: Generala, pat. Gomes, con 350 cajas de azúcar.;;Generala;;;gol;1852_07_18;Cárdenas;;
;;N/A:  | N/A: ;;;Sanchez;pat.;;;;;De Banes gol: Mercedita, pat. Sanchez, con 89 cajas de azúcar, 12 pipas de aguardiente.;;Mercedita;;;gol:;1852_07_18;Banes;;
;;N/A: ;;;Pagés;pat.;;;;;De Jarocho gol: Natividad, pat. Pagés, con 202 o. azúcar.;;Natividad;;;gol.;1852_07_18;Jarocho;;
;;N/A: ;;;Marroño;pat.;;;;;De Jarocho gol: Reserva, pat. Marroño, con 200 o. azúcar.;;Reserva;;;gol.;1852_07_18;Jarocho;;
;;N/A:  | N/A: ;;;Romaguera;pat.;;;;;Del Jucaro gol: Tres Hermanos, pat. Romaguera, con 271 cajas de azúcar, 6 pipas de aguardiente.;;Tres Hermanos;;;gol:;1852_07_18;Jucaro;;
;;N/A:  | N/A:  | N/A: ;;;Concepción;pat.;;;;;De Cuenas gol: Josefa, pat. Concepción, con 200 cajas y 2 moños de azúcar, 4 galones de miel.;;Josefa;;;gol:;1852_07_18;Cuenas;;
;;N/A: ;;;Carballo;pat.;;;;;Del Jucaro gol: Itayo, pat. Carballo, con 526 o. de azúcar.;;Itayo;;;gol:;1852_07_18;Jucaro;;
;;N/A:  | N/A: ;;;Fernandez;pat.;;;;;De la Ortega gol. Bonifacia, pat. Fernandez, con 171 cajas de azucar, 6 pipas de aguardiente.;;Bonifacia;;;gol.;1852_07_20;Ortega;;
;;N/A:  | N/A: ;;;Azciano;pat.;;;;;De Remedios gol. Mercedita, pat. Azciano, con 80 cueros, 8 mementos de cora.;;Mercedita;;;gol.;1852_07_20;Remedios;;
;;N/A:  | N/A:  | N/A: ;;;Parra;pat.;;;;;De Mafas gol. Visitacion, pat. Parra, con 3 tercios de tabaco, 400 tabacos, 6 barriles de miel.;;Visitacion;;;gol.;1852_07_20;Mafas;;
;;N/A:  | N/A:  | N/A: ;;;Denis;pat.;;;;;De Sagu gol. Dulce Nombre, pat. Denis, con 66 cajas de azucar, 60 de cora, 35 tercios de tabaco.;;Dulce Nombre;;;gol.;1852_07_20;Sagu;;
;;N/A:  | N/A: ;;;Brraona;pat.;;;;;Del Casas gol. San Mateo gol. Segunda Anita, pat. Brraona, con 48 cajas de azucar, 101 bocoyes de miel.;;San Mateo;;;gol.;1852_07_20;Casas;;
;;N/A:  | N/A: ;;;Compan;pat.;;;;;Del Muriel gol. Flor de Ruzla, pat. Compan, con 160 cajas de azucar, 10 pipas de aguardiente.;;Flor de Ruzla;;;gol.;1852_07_20;Muriel;;
;;N/A:  | N/A: ;;;Fluxxt;pat.;;;;;De C. biaque gol. Segunda Amistad, pat. Fluxxt, con 200 cajas de azucar, 20 pipas de aguardiente.;;Segunda Amistad;;;gol.;1852_07_20;C. biaque;;
;;N/A:  | N/A: ;;;Vilarino;pat.;;;;;Del Canario gol. Correa, pat. Vilarino, con 240 cajas de azucar, 20 pipas de aguardiente.;;Correa;;;gol.;1852_07_20;Canario;;
;;N/A: ;;;Foliu;pat.;;;;;Del Mariel gol. Marii, pat. Foliu, con 140 c. azucar.;;Marii;;;gol.;1852_07_20;Mariel;;
;;N/A:  | N/A: ;;;Sanacex;pat.;;;;;De Bahia Honda gol. Carmita, pat. Sanacex, con 270 cajas de azucar, 14 pipas de aguardiente.;;Carmita;;;gol.;1852_07_20;Bahia Honda;;
;;N/A: ;;;Cruz;pat.;;;;;De la Ortega gol. Casualidad, pat. Cruz, con 200 cajas de azucar.;;Casualidad;;;gol.;1852_07_20;Ortega;;
;;N/A: ;;;Corloro;pat.;;;;;Del Mariel gol. Dolores, pat. Corloro, 200 c. azucar.;;Dolores;;;gol.;1852_07_20;Mariel;;
;;N/A: ;;;Man;pat.;;;;;Del Jucaro gol. Antonio, pat. Man, con 300 c. azucar.;;Antonio;;;gol.;1852_07_20;Jucaro;;
;;N/A: ;;;San-h-z;pat.;;;;;De la gol. Joven Carita, pat. San-h-z, con 530 c. azucar.;;Joven Carita;;;gol.;1852_07_20;la;;
;;N/A:  | N/A: ;;;Pujul;pat.;;;;;De Cárdenas gol. Irenita, pat. Pujul, con 250 cajas de azucar, 26 pipas de aguardiente.;;Irenita;;;gol.;1852_07_20;Cárdenas;;
;;N/A: ;;;Camneras;pat.;;;;;De Baracoa gol. I'rudencia, pat. Camneras, con 79 bocoyes de miel.;;I'rudencia;;;gol.;1852_07_20;Baracoa;;
;;N/A: ;;;Cozula;pat.;;;;;De Rio la Palma gol. Carmen, pat. Cozula, con 223 cajas de azucar.;;Carmen;;;gol.;1852_07_20;Rio la Palma;;
;;N/A: ;;;Juan;pat.;;;;;Del Jucaro gol. Fior del Mar, pat. Juan, con 280 cajas de azucar.;;Fior del Mar;;;gol.;1852_07_20;Jucaro;;
;;N/A: ;;;Belfat;pat.;;;;;De Matanzas gol. Antonia, pat. Belfat, con 240 c. azucar.;;Antonia;;;gol.;1852_07_20;Matanzas;;
;;N/A: ;;;Sierra;pat.;;;;;De Bahia Honda gol. Diamante, pat. Sierra, con 214 cajas de azucar.;;Diamante;;;gol.;1852_07_20;Bahia Honda;;
;;N/A: ;;;Tulle;pat.;;;;;De Sagu la Grande gol. Angelita, pat. Tulle, con 101 tercios de tabaco.;;Angelita;;;gol.;1852_07_20;Sagu la Grande;;
;;N/A: ;;;Pores;pat.;;;;;Del Maríel gol. Antonia, pat. Pores, con 219 o. azúcar.;;Antonia;;;gol.;1852_07_21;Maríel;;
;;N/A:  | N/A:  | N/A: ;;;Beldar;pat.;;;;;De Santa Lucía gol. Reglita, pat. Beldar, con 114 cajas de azúcar, 26 pipas de aguardiente, 74 tercios de tabaco.;;Reglita;;;gol.;1852_07_21;Santa Lucía;;
;;N/A: ;;;Briñol;pat.;;;;;De Jaroso gol. Lígera, pat. Briñol, con 69 hocoyes de miel.;;Lígera;;;gol.;1852_07_21;Jaroso;;
;;N/A:  | N/A: ;;;Puente;pat.;;;;;De Mulata gol. Potosi, pat. Puente, con 200 cajas de azúcar, 16 pipas de aguardiente.;;Potosi;;;gol.;1852_07_21;Mulata;;
;;N/A:  | N/A:  | N/A: ;;;González;pat.;;;;;De Sierra Morana gol. Manuela, pat. González, con 701 cajas de azúcar, 14 pipas de aguardiente, 21 hocoyes de maíz.;;Manuela;;;gol.;1852_07_21;Sierra Morana;;
;;N/A: ;;;Prieto;pat.;;;;;De Bahía Honda gol. Conchita, pat. Prieto, con 200 cajas de azúcar.;;Conchita;;;gol.;1852_07_21;Bahía Honda;;
;;N/A:  | N/A: ;;;García;pat.;;;;;De Cananas gol. Torosita, pat. García, con 300 cajas de azúcar, 6 pipas de aguardiente.;;Torosita;;;gol.;1852_07_21;Cananas;;
;;N/A: ;;;Cobos;pat.;;;;;De la Teja gol. Neptuno, pat. Cobos, con 115 c. azúcar.;;Neptuno;;;gol.;1852_07_22;Teja;;
;;N/A: ;;;Guañón;pat.;;;;;De Cabanillas gol. Caballo Marino, pat. Guañón con 280 cajas;;Caballo Marino;;;gol.;1852_07_22;Cabanillas;;
;;N/A: ;;;Escandell;pat.;;;;;De Bahía Honda gol. Antonia, pat. Escandell, con 230 c.;;Antonia;;;gol.;1852_07_22;Bahía Honda;;
;;N/A: ;;;Sanchez;pat.;;;;;De Bucer gol. Mercedita, pat. Sanchez, con 106 c. azúcar.;;Mercedita;;;gol.;1852_07_22;Bucer;;
;;N/A: ;;;Marquez;pat.;;;;;De Pto. Escondido gol. Consuelo, pat. Marquez, con 49;;Consuelo;;;gol.;1852_07_22;Pto. Escondido;;
;;N/A: ;;;Carbonell;pat.;;;;;De Cárdenas gol. Mariannita, pat. Carbonell, con 300 cajas;;Mariannita;;;gol.;1852_07_22;Cárdenas;;
;;N/A: ;;;Gonzalez;pat.;;;;;De Baracos gol. Manqueita, pat. Gonzalez, con 176 cajas de;;Manqueita;;;gol.;1852_07_22;Baracos;;
;;N/A: ;;;Dominguez;pat.;;;;;De Mayeri gol. Céfiro, pat. Dominguez, con 326 cajas de;;Céfiro;;;gol.;1852_07_22;Mayeri;;
;;N/A:  | N/A: ;;;Seijo;pat.;;;;;De la Tejera gol. Dos Sofías, pat. Seijo, con 160 cajas de azúcar, 20 bocoyes de massabado.;;Dos Sofías;;;gol.;1852_07_23;Tejera;;
;;N/A:  | N/A: ;;;Pons;pat.;;;;;De Caballero gol. Reserva, pat. Pons, con 400 cajas de azúcar, 16 pipas de aguardiente.;;Reserva;;;gol.;1852_07_23;Caballero;;
;;N/A: ;;;González;pat.;;;;;Del Marileg gol. Altagraña, pat. González, con 303 cajas de azúcar.;;Altagraña;;;gol.;1852_07_23;Marileg;;
;;N/A:  | N/A:  | N/A: ;;;Cordero;pat.;;;;;Del Marileg gol. Dolores, pat. Cordero, con 192 onzas y 30 barriles de azúcar, 4 pipas de aguardiente.;;Dolores;;;gol.;1852_07_23;Marileg;;
;;N/A: ;;;Palet;pat.;;;;;De Canoás gol. Manuelita, pat. Palet, con 270 o. de agriar.;;Manuelita;;;gol.;1852_07_23;Canoás;;
;;N/A: ;;;Concepción;pat.;;;;;De id. gol. Josefa, pat. Concepción, con 200 cajas azúcar.;;Josefa;;;gol.;1852_07_23;id.;;
;;N/A:  | N/A:  | N/A:  | N/A:  | N/A:  | N/A: ;;;Garó;pat.;;;;;De Santa Cruz gol. Lina y Silvia, pat. Garó, con 192 cajas de azúcar, 4 pipas de aguardiente, 200 sacos y 70 famas de maíz, 20 qts. de cobre viejo, 2 cajas de azúl.;;Lina y Silvia;;;gol.;1852_07_23;Santa Cruz;;
;;N/A: ;;;Obertín;pat.;;;;;De Jarugo gol. Serafina, pat. Obertín, con 600 caballos de leña.;;Serafina;;;gol.;1852_07_23;Jarugo;;
;;N/A:  | N/A: ;;;Arocha;pat.;;;;;Del Marípel gol. Manuela, pat. Arocha, con 330 cajas de azúcar, 4 pipas de aguardiente.;;Manuela;;;gol.;1852_07_24;Marípel;;
;;N/A:  | N/A: ;;;Gomez;pat.;;;;;De Cárdenas gol. Generales, pat. Gomez, con 340 cajas y 100 pares de azúcar.;;Generales;;;gol.;1852_07_24;Cárdenas;;
;;N/A:  | N/A: ;;;Calvo;pat.;;;;;Del Júcaró gol. Josefina, pat. Calvo, con 750 cajas de azúcar, 9 bocoyes de mascabado.;;Josefina;;;gol.;1852_07_24;Júcaró;;
;;N/A:  | N/A: ;;;Guirola;pat.;;;;;De Puerto Escondido gol. Vinenta, pat. Guirola, con 154 cajas de azúcar, 9 pipas de aguardiente.;;Vinenta;;;gol.;1852_07_24;Puerto Escondido;;
;;N/A: ;;;Pagés;pat.;;;;;De Jaro gol. Natividad, pat. Pagés, con 206 cajas de azúcar.;;Natividad;;;gol.;1852_07_24;Jaro;;
;;N/A: ;;;Díaz;pat.;;;;;De id. berg. Najo, con pat. Díaz, con 1300 cajas de azúcar.;;Najo;;;berg.;1852_07_24;id.;;
;;N/A: ;;;Graciano;pat.;;;;;De Remedios gol. Doñates, pat. Graciano, con 25 queros.;;Doñates;;;gol.;1852_07_25;Remedios;;
;;N/A:  | N/A: ;;;Gutiérrez;pat.;;;;;De Cañas gol. Los Amigos, pat. Gutiérrez, con 200 cajas de azúcar, 50 pipas de aguardiente.;;Los Amigos;;;gol.;1852_07_25;Cañas;;
;;N/A:  | N/A: ;;;González;pat.;;;;;De Jaruco gol. Cuatro Hijos, pat. González, con 388 cajas de azúcar, 6 bocoyas de manzana.;;Cuatro Hijos;;;gol.;1852_07_25;Jaruco;;
;;N/A:  | N/A:  | N/A: ;;;Capelo;pat.;;;;;De Sierra Morena gol. Lugardo, pat. Capelo, con 300 cajas de azúcar, 26 bocoyas de manzana, 19 pipas de aguardiente.;;Lugardo;;;gol.;1852_07_25;Sierra Morena;;
;;N/A:  | N/A: ;;;Peres;pat.;;;;;Del Maríel gol. Antonia, pat. Peres, con 188 cajas de azúcar, 16 pipas de aguardiente.;;Antonia;;;gol.;1852_07_25;Maríel;;
;;N/A:  | N/A:  | N/A: ;;;Agres;pat.;;;;;De Mestanza gol. Adola, pat. Agres, con 330 cajas de azúcar, 524 sacos de café, 30 millares de tabacos.;;Adola;;;gol.;1852_07_25;Mestanza;;
;;N/A: ;;;Felix;pat.;;;;;Del Márch gol. María, pat. Felix, con 140 o. de suces.;;María;;;gol.;1852_07_27;Márch;;
;;N/A: ;;;Cruz;pat.;;;;;De la Ortegina gol. Cavallidad, pat. Cruz, con 180 cajas de azúcar.;;Cavallidad;;;gol.;1852_07_27;Ortegina;;
;;N/A:  | N/A:  | N/A: ;;;Gonzales;pat.;;;;;De Cabellos gol. Juanita, pat. Gonzales, con 160 cajas de azúcar, 30 moos de café, 20 pipas de aguardiente.;;Juanita;;;gol.;1852_07_27;Cabellos;;
;;N/A:  | N/A: ;;;Herold;pat.;;;;;De Bicas gol. Paquete de Bicas, pat. Herold, con 157 cajas de azúcar, 30 pipas de aguardiente.;;Paquete de Bicas;;;gol.;1852_07_27;Bicas;;
;;N/A:  | N/A: ;;;García;pat.;;;;;De Ondalos gol. Torreón, pat. García, con 100 cajas de azúcar, 4 pipas de aguardiente.;;Torreón;;;gol.;1852_07_27;Ondalos;;
;;;;;;pat.;;;;;De Bailen y Ponta de Cartas gol. Nueva Empera, patron;;Nueva Empera;;;gol.;1852_07_28;Bailen y Ponta de Cartas;;
;;N/A: ;;;Torres;pat.;;;;;De la Teja gol. Doroteca, pat. Torres, con 180 cajas de azú-;;Doroteca;;;gol.;1852_07_28;la Teja;;
;;N/A: ;;;Fernandes;pat.;;;;;De la Ortixosa gol. Bonifacia, pat. Fernandes, con 178 ca-;;Bonifacia;;;gol.;1852_07_28;Ortixosa;;
;;N/A: ;;;Sanchoz;pat.;;;;;De Bines gol. Mercedita, pat. Sanchoz, con 6 pipas de a-;;Mercedita;;;gol.;1852_07_28;Bines;;
;;N/A: ;;;García;pat.;;;;;De Remedios gol. Estrella, pat. García, con 6@ de ceros,;;Estrella;;;gol.;1852_07_28;Remedios;;
;;N/A: ;;;Juan;pat.;;;;;De Cárdenas gol. General Lamar, pat. Juan, 390 cajas de;;General Lamar;;;gol.;1852_07_28;Cárdenas;;
;;N/A: ;;;Rivero;pat.;;;;;"De Santa Cruz gol. Hermiña, pat. Rivero; con 261 cajas,";;Hermiña;;;gol.;1852_07_28;Santa Cruz;;
;;N/A: ;;;Gonzaloz;pat.;;;;;De Barraza gol. Manuchita, pat. Gonzaloz, con 61 cajas de;;Manuchita;;;gol.;1852_07_28;Barraza;;
;;N/A: ;;;Garcia;pat.;;;;;De Sierra Morena gol. Dos Amigos, pat. Garcia, con 28;;Dos Amigos;;;gol.;1852_07_29;Sierra Morena;;
;;N/A: ;;;Cordero;pat.;;;;;Del Marisol gol. Dolores, pat. Cordero, con 189 cajas de a-;;Dolores;;;gol.;1852_07_29;Marisol;;
;;N/A:  | N/A: ;;;Villarin;pat.;;;;;De Canasí gol. Correo, pat. Villarin, con 250 cajas y 37 pa-;;Correo;;;gol.;1852_07_29;Canasí;;
;;N/A: ;;;Romaguera;pat.;;;;;Del Suero gol. Tres Hermanos, pat. Romaguera, con 260;;Tres Hermanos;;;gol.;1852_07_29;Suero;;
;;N/A: ;;;Sánchez;pat.;;;;;Del Júcaro gol. Joven Carlos, pat. Sánchez, con 600 cajas;;Joven Carlos;;;gol.;1852_07_29;Júcaro;;
;;N/A: ;;;Compan;pat.;;;;;Del Marisol gol. Flor de Rezle, pat. Compan, con 160 cajas;;Flor de Rezle;;;gol.;1852_07_29;Marisol;;
;;N/A: ;;;García;pat.;;;;;De la Mulata gol. Teresa, pat. García, con 30 @ de cera,;;Teresa;;;gol.;1852_07_29;Mulata;;
;;N/A: ;;;Llorens;pat.;;;;;De Jaruco gol. Regla, pat. Llorens, con 61 hocoyes de miel;;Regla;;;gol.;1852_07_29;Jaruco;;
;;N/A: ;;;Concepcion;pat.;;;;;De Canasí gol. Josefa, pat. Concepcion, con 200 a. azúcar;;Josefa;;;gol.;1852_07_29;Canasí;;
;;N/A: ;;;Torrado;pat.;;;;;De Cárdenas gol. Panchita, pat. Torrado, con 340 cajas de;;Panchita;;;gol.;1852_07_29;Cárdenas;;
;;N/A: ;;;Camueras;pat.;;;;;De Baracoa gol. Prudencio, pat. Camueras, con 160 cajas;;Prudencio;;;gol.;1852_07_29;Baracoa;;
;;N/A: ;;;Lama;pat.;;;;;De Manati Berg. Gusman, pat. Lama, con 18 cueros.;;Gusman;;;Berg.;1852_07_30;Manati;;
;;N/A: ;;;Marrero;pt.;;;;;De Sierra Morena gol. Tres Amigos, pt. Marrero, con 290;;Tres Amigos;;;gol.;1852_07_30;Sierra Morena;;
;;N/A: ;;;Rodriguez;pat.;;;;;Del Mar del gol. Justicia, pat. Rodriguez, con 119 cajas de;;Justicia;;;gol.;1852_07_30;Mar del;;
;;N/A: ;;;Pagés;pat.;;;;;De Jaraco gol. Natividad, pat. Pagés, con 201 o. azúcar.;;Natividad;;;gol.;1852_07_30;Jaraco;;
;;N/A: ;;;Marin;pat.;;;;;De Sierra Morena gol. Angelita, pat. Marin, con 260 cajas;;Angelita;;;gol.;1852_07_30;Sierra Morena;;
;;N/A:  | N/A: ;;;Arocha;pat.;;;;;Del Marfil gol. Manuela, pat. Arocha, con 329 cajas de azúcar, 58 bocoyes de mascabado.;;Manuela;;;gol.;1852_07_31;Marfil;;
;;N/A: ;;;Briones;pat.;;;;;De la Mulata gol. Marisalita, pat. Briones, con 68 cuartos de miel de purga.;;Marisalita;;;gol.;1852_07_31;Mulata;;
;;N/A: ;;;Gómez;pat.;;;;;De Cárdenas gol. General, pat. Gómez, con 350 cajas de azúcar.;;General;;;gol.;1852_07_31;Cárdenas;;
;;N/A:  | N/A:  | N/A: ;;;Carballo;pat.;;;;;Del Júcar gol. Rayo, pat. Carballo, con 630 cajas de azúcar, 24 panes y 6 estuches de idént.;;Rayo;;;gol.;1852_07_31;Júcar;;
;;N/A:  | N/A:  | N/A: ;;;Pujol;pat.;;;;;De Cárdenas gol. Inés, pat. Pujol, con 250 cajas de azúcar 18 pipas de aguardiente, 4 marquesitas de cera.;;Inés;;;gol.;1852_07_31;Cárdenas;;
;;N/A:  | N/A:  | N/A:  | N/A: ;;;Histórico;pat.;;;;;De Gibara gol. Gloria, pat. Histórico, con 288 tercios de tabaco, 1 millar de tabacos, 83 cueros, 14 bocoyes de azúcar.;;Gloria;;;gol.;1852_07_31;Gibara;;
;;N/A: ;;;Llanger;pt.;;;;;De Cárdenas gol. Victoria, pt. Llanger, con 530 o. azúcar.;;Victoria;;;gol.;1852_08_01;Cárdenas;;
;;N/A: ;;;Cont;pat.;;;;;Del Muriel gol. María, pat. Cont, con 140 cajas de azúcar.;;María;;;gol.;1852_08_01;Muriel;;
;;N/A:  | N/A: ;;;González;pat.;;;;;Del Marial gol. Ataígracia, pat. González, con 230 cajas de azúcar, 33 pipas de aguardiente.;;Ataígracia;;;gol.;1852_08_01;Marial;;
;;N/A: ;;;Birigol;pat.;;;;;De Jarque gol. L'gern, pat. Birigol, con 68 o. azúcar.;;L'gern;;;gol.;1852_08_01;Jarque;;
;;N/A:  | N/A:  | N/A: ;;;Ferrer;pat.;;;;;De Bahía Honda gol. Clarita, pat. Ferrer, con 200 cajas de azúcar, 4 pipas de aguardiente, 1 saco de cera.;;Clarita;;;gol.;1852_08_01;Bahía Honda;;
;;N/A:  | N/A: ;;;Suero;pat.;;;;;De Bahía Honda gol. Diamante, pat. Suero, con 240 cajas de azúcar, 13 pipas de aguardiente.;;Diamante;;;gol.;1852_08_01;Bahía Honda;;
;;N/A: ;;;González;pat.;;;;;De Baracoa gol. Manuelita, pat. González, con 145 cajas de azúcar.;;Manuelita;;;gol.;1852_08_01;Baracoa;;
;;N/A: ;;;Llanger;pat.;;;;;De Cár'aras gol. Victoria, pat. Llanger, con 500 c. azúcar.;;Victoria;;;gol.;1852_08_03;Cár'aras;;
;;N/A: ;;;Coni;pat.;;;;;Lol Mariel gol. Muria, pat. Coni, con 140 c. de azúcar.;;Muria;;;gol.;1852_08_03;;;
;;N/A: ;;;Colzales;pat.;;;;;1x1 Mariel gol. Altagracia, pat. Colzales, con 230 cajas de;;Altagracia;;;gol.;1852_08_03;1x1;;
;;N/A: ;;;Birlínol;pat.;;;;;De Juroco, gol. Líquora, pat. Birlínol, con 65 cajas azúcar.;;Líquora;;;gol.;1852_08_03;Juroco;;
;;N/A: ;;;Ferrer;pat.;;;;;De Béhi, Houda gol. Clarita, pat. Ferrer, con 200 cajas de;;Clarita;;;gol.;1852_08_03;Béhi;;
;;N/A: ;;;Sierra;pat.;;;;;De id. gol. Mamante, pat. Sierra, con 210 c. de azúcar.;;Mamante;;;gol.;1852_08_03;id.;;
;;N/A: ;;;González;pat.;;;;;De Baracoa gol. Manueita, pat. González, 148 cajas de a-;;Manueita;;;gol.;1852_08_03;Baracoa;;
;;N/A: ;;;Calvo;pat.;;;;;Del Jucaro gol. Joséfes, pat. Calvo, con 750 c. azúcar.;;Joséfes;;;gol.;1852_08_03;Jucaro;;
;;N/A: ;;;Marquez;pat.;;;;;De Puerto Escondido gol. Consuelo, pat. Marquez, con 142;;Consuelo;;;gol.;1852_08_03;Puerto Escondido;;
;;N/A: ;;;Cruz;pat.;;;;;1x1 la Ortigua gol. Casualidad, pat. Cruz, con 150 cajas de;;Casualidad;;;gol.;1852_08_03;1x1 la Ortigua;;
;;N/A: ;;;Gutiérrez;pat.;;;;;1x1 Cabalhas gol. Dos Amigos, pat. Gutiérrez, con 300 cajas;;Dos Amigos;;;gol.;1852_08_03;Cabalhas;;
;;N/A: ;;;Perez;pat.;;;;;De Mayagüez gol. Juana, pat. Perez, con 60 @ de cera.;;Juana;;;gol.;1852_08_03;Mayagüez;;
;;N/A: ;;;Guirón;pat.;;;;;De Puerto Escondido gol. Vicenta, pat. Guirón, con 166;;Vicenta;;;gol.;1852_08_03;Puerto Escondido;;
;;N/A:  | N/A: ;;;Pagés;pat.;;;;;De Jaruco gol. Natividad, pat. Pagés, con 204 cajas y 25;;Natividad;;;gol.;1852_08_03;Jaruco;;
;;N/A: ;;;Agres;cat.;;;;;De Matanzas gol. Adela, cat. Agres, con 460 cajas de ará-;;Adela;;;gol.;1852_08_03;Matanzas;;
;;N/A: ;;;Junn;pat.;;;;;De Cardenas gol. Tenorol Lamar, pat. Junn, con 830 cajas;;Tenorol;;;gol.;1852_08_03;Cardenas;;
;;N/A: ;;;Llorens;pat.;;;;;De Jarnao gol. Regla, pat. Llorens, con 67 bocoyas de miel;;Regla;;;gol.;1852_08_03;Jarnao;;
;;N/A: ;;;Gomez;pat.;;;;;De Mutanés gol. Seguadá Josefa, pat. Gomez, con 310 ca-;;Seguadá;;;gol.;1852_08_03;Mutanés;;
;;N/A: ;;;González;pat.;;;;;De Cardenas gol. Mercedita, pat. González, con 375 cajas;;Mercedita;;;gol.;1852_08_03;Cardenas;;
;;;;;Moreira;pat.;;;;;De Segura de Tánamo gol. Gran Canal, pat. Moreira, con;;Gran Canal;;;gol.;1852_08_03;Segura de Tánamo;;
;;N/A: ;;;Barcís;pat.;;;;;De Banes gol. Laqueta de Banes, pat. Barcís, con 141 cajas;;Laqueta de Banes;;;gol.;1852_08_03;Banes;;
;;N/A:  | N/A: ;;;Alemany;pat.;;;;;Del Morriño gol. Torelita, pat. Alemany, con 128 cajas de azúcar, 70 cuartelos miel de abres.;;Torelita;;;gol.;1852_08_04;Morriño;;
;;N/A:  | N/A: ;;;Escandell;pat.;;;;;De Bahía Honda gol. Antonia, pat. Escandell, con 300 cajas de azúcar, 25 pipas de aguardiente.;;Antonia;;;gol.;1852_08_04;Bahía Honda;;
;;N/A:  | N/A: ;;;Fernandes;pat.;;;;;De la Ortigues gol. Bonifacia, pat. Fernandes, con 158 cajas de azúcar, 6 pipas de aguardiente.;;Bonifacia;;;gol.;1852_08_04;Ortigues;;
;;N/A:  | N/A: ;;;Romaguera;pat.;;;;;Del Suque gol. Tres Hermanos, pat. Romaguera, con 260 cajas de azúcar, 12 pipas de aguardiente.;;Tres Hermanos;;;gol.;1852_08_04;Suque;;
;;N/A:  | N/A: ;;;Sanchez;pat.;;;;;De Bahía Honda gol. Carminta, pat. Sanchez, con 270 cajas de azúcar, 16 pipas de aguardiente.;;Carminta;;;gol.;1852_08_04;Bahía Honda;;
;;N/A:  | N/A:  | N/A: ;;;García;pat.;;;;;De Santa Cruz gol. Lina y Silvia, pat. García, con 120 cajas y 120 sacos de azúcar, 30 @ de cora.;;Lina y Silvia;;;gol.;1852_08_04;Santa Cruz;;
;;N/A: ;;;Cuni;pat.;;;;;Del Maríol gol. Maria, pat. Cuni, con 140 cajas de azúcar;;Maria;;;gol.;1852_08_05;Maríol;;
;;N/A: ;;;Carbonell;pat.;;;;;De Cárdenas gol. Marianita, pat. Carbonell, con 410 cajas;;Marianita;;;gol.;1852_08_05;Cárdenas;;
;;N/A: ;;;Grandal;pat.;;;;;De Morón gol. Teresita, pat. Grandal, con 200 @ de cera;;Teresita;;;gol.;1852_08_05;Morón;;
;;N/A: ;;;Camueras;pat.;;;;;De Barcos gol. Prudencia, pat. Camueras, con 59 bocoyes;;Prudencia;;;gol.;1852_08_05;Barcos;;
;;N/A: ;;;García;pat.;;;;;De Caballos gol. Teresita, pat. García, con 300 ojajas de;;Teresita;;;gol.;1852_08_05;Caballos;;
;;N/A: ;;;Cordero;pat.;;;;;Del Marile gol Dolores, pat. Cordero, con 159 cejas de a-;;Dolores;;;gol.;1852_08_06;Marile;;
;;N/A: ;;;Birlhni;pat.;;;;;De Jaruco gol Lígera, pat. Birlhni, con 172 o. de azucar.;;Lígera;;;gol;1852_08_06;Jaruco;;
;;N/A: ;;;Queral;pat.;;;;;De Malauxas gol Ignacio, pat. Queral, con 340 o. azucar;;Ignacio;;;gol.;1852_08_06;Malauxas;;
;;N/A: ;;;Sánchez;pat.;;;;;De Cárdones gol. Jóven Carlotá, pat. Sánchez, con 450 ca-;;Jóven Carlotá;;;gol.;1852_08_07;Cárdones;;
;;N/A: ;;;Company;pat.;;;;;Del Marial gol. F'or de Regla, pat. Company, con 160 ca-;;F'or de Regla;;;gol.;1852_08_07;Marial;;
;;N/A: ;;;Cobos;pat.;;;;;De la Teja gol. Neptune, pat. Cobos, con 150 o. de azúcar.;;Neptune;;;gol.;1852_08_07;la Teja;;
;;;;;González;pat.;;;;;De Sierra Morena gol. Seia Manuela, pat. González, con;;Seia;;;gol.;1852_08_07;Sierra Morena;;
;;N/A: ;;;Marrero;pat.;;;;;De Jaruco gol. Receta, pat. Marrero, con 200 o. azúcar.;;Receta;;;gol.;1852_08_07;Jaruco;;
;;N/A: ;;;Gonzalez;pat.;;;;;De Cabanas gol. Juanito, pat. Gonzalez, con 330 cajas de;;Juanito;;;gol.;1852_08_07;Cabanas;;
;;N/A: ;;;Palet;pat.;;;;;De Camañ gol. Manuelita, pat. Palet, con 300 o. de azúcar;;Manuelita;;;gol.;1852_08_07;Camañ;;
;;N/A: ;;;Terrada;pat.;;;;;De Cárdenas gol. Panohita, pat. Terrada, con 330 cajas de;;Panohita;;;gol.;1852_08_08;Cárdenas;;
;;N/A: ;;;Llanger;pat.;;;;;De Cárdenas gol. Victoria, pat. Llanger, con 500 o. azúcar;;Victoria;;;gol.;1852_08_08;Cárdenas;;
;;N/A: ;;;Porez;pat.;;;;;Del Maríel gol. Antonia, pat. Porez, con 182 cajas de azu-;;Antonia;;;gol.;1852_08_08;Maríel;;
;;N/A:  | N/A:  | N/A: ;;;Caro;pat.;;;;;De Mayari gol. Concepción, pat. Caro, con 687 tercios de tabaco, 71 millares de tabacos, 21 cueros.;;Concepción;;;gol.;1852_08_10;Mayari;;
;;N/A: ;;;Peña;pat.;;;;;De Sierra Morena gol. María, pat. Peña, con 600 cajas de azúcar.;;María;;;gol.;1852_08_10;Sierra Morena;;
;;N/A: ;;;Guirola;pat.;;;;;De Puerto Escondido gol. Vicenta, pat. Guirola, con 161 cajas de azúcar.;;Vicenta;;;gol.;1852_08_10;Puerto Escondido;;
;;N/A:  | N/A: ;;;Loreiro;pat.;;;;;De Cabanas gol. Caballo Marino, pat. Loreiro, con 280 cajas de azúcar, 20 pipas de aguardiente.;;Caballo Marino;;;gol.;1852_08_10;Cabanas;;
;;N/A: ;;;Cuni;pat.;;;;;Del Maríel gol. María, pat. Cuni, con 1:10 o. de azúcar.;;María;;;gol.;1852_08_10;Maríel;;
;;N/A: ;;;Guerra;pat.;;;;;De la Mula gol. Moiserrat, pat. Guerra, con 7 @ de cera.;;Moiserrat;;;gol.;1852_08_10;Mula;;
;;N/A:  | N/A:  | N/A: ;;;Pujol;pat.;;;;;De Cristinas gol. Inés, pat. Pujol, con 200 cajas de azúcar, 16 pipas de aguardiente, 64 tercios de tabaco.;;Inés;;;gol.;1852_08_10;Cristinas;;
;;N/A: ;;;Naveira;pat.;;;;;De Matanzas gol. Mercedita, pat. Naveira, con 210 cajas de azúcar.;;Mercedita;;;gol.;1852_08_10;Matanzas;;
;;N/A: ;;;Garcés;pat.;;;;;De Sierra Morena gol Dos Amigons, pat. Garcés, con 230;;Dos Amigons;;;gol.;1852_08_11;Sierra Morena;;
;;N/A: ;;;Romaguera;pt.;;;;;Del Júcaro gol. Tres Hermanos, pt. Romaguera, con 260;;Tres Hermanos;;;gol.;1852_08_11;Júcaro;;
;;N/A: ;;;Morón;pat.;;;;;De Guana gol Centolla, pat. Morón, con 230 tercios de ta-;;Centolla;;;gol.;1852_08_11;Guana;;
;;N/A: ;;;Pagés;pat.;;;;;De Jarajo gol. Natividad, pat. Pagés, con 200 o. azúcar.;;Natividad;;;gol.;1852_08_11;Jarajo;;
;;N/A: ;;;Esperon;pat.;;;;;De Maniabon gol. Prosperidad, pat. Esperon, con 71 tercios;;Prosperidad;;;gol.;1852_08_11;Maniabon;;
;;N/A: ;;;Coyula;pat.;;;;;De Rio la Palma gol. Carmen, pat. Coyula, con 120 cajas;;Carmen;;;gol.;1852_08_11;Rio la Palma;;
;;N/A: ;;;Sancho;pat.;;;;;De Banes gol. Mercedita, pat. Sancho, con 26 o. azúcar.;;Mercedita;;;gol.;1852_08_11;Banes;;
;;N/A: ;;;Gutierrez;pat.;;;;;De Cabasfás gol. Dos Amigons, pat. (Gutierrez, con 150 ca-;;Dos Amigons;;;gol.;1852_08_11;Cabasfás;;
;;N/A: ;;;Gonzalez;pat.;;;;;De Barrosa gol Manuelita, pat. Gonzalez, con 106 cajas;;Manuelita;;;gol.;1852_08_11;Barrosa;;
;;N/A: ;;;Gomez;pat.;;;;;Del Júcaro gol. General, pat. Gomez, con 330 cajas de a-;;General;;;gol.;1852_08_11;Júcaro;;
;;N/A: ;;;Rivero;pat.;;;;;De Santa Cruz gol. Herminia, pat. Rivero, con 70 cajas de;;Herminia;;;gol.;1852_08_11;Santa Cruz;;
;;N/A:  | N/A: ;;;Fernandes;pat.;;;;;De la Ortigosa gel. Bonifacia, pat. Fernandes, con 162 cajas de azucar, 12 pipas de aguardiente.;;Bonifacia;;;gel.;1852_08_12;Ortigosa;;
;;N/A:  | N/A: ;;;Fluxat;pat.;;;;;De Cabanas gel. Segunda Amistad, pat. Fluxat, con 160 cajas de azucar, 40 pipas de aguardiente.;;Segunda Amistad;;;gel.;1852_08_12;Cabanas;;
;;N/A:  | N/A: ;;;Barolá;pat.;;;;;De Banes gel. Paquete de Banes, pat. Barolá, con 66 cajas de azucar, 40 pipas de aguardiente.;;Paquete de Banes;;;gel.;1852_08_12;Banes;;
;;N/A: ;;;Ferrer;pat.;;;;;De Bahía Honda gel. Clarita, pat. Ferrer, con 230 cajas de azucar.;;Clarita;;;gel.;1852_08_12;Bahía Honda;;
;;N/A: ;;;Cunl;rat.;;;;;Del Maricel gol. Marin, rat. Cunl, con 140 cajas de azúcar.;;Marin;;;gol.;1852_08_13;Maricel;;
;;N/A:  | N/A: ;;;Garcia;pt.;;;;;De Remedios gol. Industria, pt. Garcia, con 285 tercios de tabaco, 5 © de cera.;;Industria;;;gol.;1852_08_14;Remedios;;
;;N/A: ;;;Cordero;pat.;;;;;Del Marisol gol. Dolores, pat. Cordero, con 142 cajas de a-;;Dolores;;;gol.;1852_08_14;Marisol;;
;;N/A: ;;;Gonzalez;pat.;;;;;Del Marisol gol. Altagracia, pat. Gonzalez, con 338 cajas de;;Altagracia;;;gol.;1852_08_14;Marisol;;
;;N/A: ;;;Domingues;pat.;;;;;De la Mulata gol. Conchita, pat. Domingues, con 319 ter-;;Conchita;;;gol.;1852_08_14;la Mulata;;
;;N/A: ;;;Padron;pat.;;;;;De Sierra-Murena gol. Dos Antonios, pat. Padron, con 707;;Dos Antonios;;;gol.;1852_08_17;Sierra-Murena;;
;;N/A: ;;;Badaró;pat.;;;;;De Santa Lucía gol. Reglita, pat. Badaró, con 110 cajas de;;Reglita;;;gol.;1852_08_17;Santa Lucía;;
;;N/A: ;;;Losada;pat.;;;;;De Puerto Escondido gol. Consuelo, pat. Losada, con 110;;Consuelo;;;gol.;1852_08_17;Puerto Escondido;;
;;N/A: ;;;Puesto;pat.;;;;;De la Muinta gol. Potosí, pat. Puesto, con 200 cajas de a-;;Potosí;;;gol.;1852_08_17;Muinta;;
;;N/A: ;;;Sánchez;pat.;;;;;Del Jácomo gol. Jóven Carlota, pat. Sánchez, con 600 cajas;;Jóven Carlota;;;gol.;1852_08_17;Jácomo;;
;;N/A: ;;;Serrano;pat.;;;;;De Cárdenas gol. Manuela, pat. Serrano, con 96 o. azúcar.;;Manuela;;;gol.;1852_08_17;Cárdenas;;
;;;;;Mendez;pat.;;;;;De Punta de Cartes gol. Nueva Empresa, pat. Mendez,;;Nueva Empresa;;;gol.;1852_08_17;Punta de Cartes;;
;;N/A: ;;;Pujol;pat.;;;;;De Cárdenas gol. Incisita, pat. Pujol, con 285 cajas de a-;;Incisita;;;gol.;1852_08_17;Cárdenas;;
;;N/A: ;;;Carratalá;pat.;;;;;De Segura la Grande gol. Doloritas, pat. Carratalá, con 5;;Doloritas;;;gol.;1852_08_17;Segura la Grande;;
;;N/A: ;;;Garcís;pat.;;;;;De Santa Cruz gol. Lina y Silvia, pat. Garcís, con 170 ca-;;Lina y Silvia;;;gol.;1852_08_17;Santa Cruz;;
;;N/A: ;;;Alorde;pat.;;;;;De Maturana gol. Dos Hermanas, pat. Alorde, con 50,000;;Dos Hermanas;;;gol.;1852_08_17;Maturana;;
;;N/A: ;;;Carbonell;pat.;;;;;De Cárdenas gol. Marianita, pat. Carbonell, con 250 cajas;;Marianita;;;gol.;1852_08_17;Cárdenas;;
;;N/A: ;;;ferrer;ot.;;;;;De Bajas gol. Reglita, ot. ferrer, con 22 torolos de tabaco.;;Reglita;;;gol.;1852_08_17;Bajas;;
;;;;;Concepción;pat.;;;;;De según la Grande gol. Eugevín, pat. Concepción, con;;Eugevín;;;gol.;1852_08_17;según la Grande;;
;;N/A:  | N/A: ;;;Soijo;pat.;;;;;De la Teja gol. Dos Scias, pat. Soijo, con 80 cajas de azúcar, 90 boocoyes de miel.;;Dos Scias;;;gol.;1852_08_18;la Teja;;
;;N/A: ;;;Calvo;pt.;;;;;Del Júcaro gol. San fina, pt. Calvo, con 742 cajas de azúcar.;;San fina;;;gol.;1852_08_18;Júcaro;;
;;N/A:  | N/A: ;;;Torres;pat.;;;;;De la Tija gol. Dorotes, pat. Torres, con 28 boocoyes de azúcar, 54 boocoyes miel de purga.;;Dorotes;;;gol.;1852_08_18;Tija;;
;;N/A: ;;;Mani;pat.;;;;;Del Júcaro gol. Antonia, pat. Mani, con 700 c. de azúcar.;;Antonia;;;gol.;1852_08_18;Júcaro;;
;;N/A: ;;;;;;;;;De Cuba frag. orp. H. rmosa Valenciana, con 209 millares;orp.;H. rmosa Valenciana;;;frag.;1852_08_19;Cuba;;
;;N/A:  | N/A: ;;;Pagés;pat.;;;;;De Jaruco tol. Natividad, pat. Pagés, con 73 cajas y 8 bc;;Natividad;;;tol.;1852_08_19;Jaruco;;
;;N/A: ;;;Gionsales;pat.;;;;;De Cárdenas gol. Mercedita, pat. Gionsales, con 400 cajas;;Mercedita;;;gol.;1852_08_19;Cárdenas;;
;;N/A:  | N/A: ;;;Arocha;pat.;;;;;Del Maríel gol. Manuel, pat. Arocha, con 315 cajas de azúcar, 16 pipas de aguardiente.;;Manuel;;;gol.;1852_08_20;Maríel;;
;;N/A: ;;;Maríero;pat.;;;;;De Jarduco gol. Resarve, pat. Maríero, con 192 o. d. azúcar.;;Resarve;;;gol.;1852_08_20;Jarduco;;
;;N/A:  | N/A: ;;;Cordero;pat.;;;;;Del Maríel gol. Dolores, pat. Cordero, con 142 cajas de azúcar, 24 pipas de aguardiente.;;Dolores;;;gol.;1852_08_20;Maríel;;
;;N/A: ;;;Fola;pat.;;;;;Del Maríel gol. Móvi, pat. Fola, con 140 cajas azúcar.;;Móvi;;;gol.;1852_08_20;Maríel;;
;;N/A:  | N/A: ;;;Márre;pat.;;;;;De Sierra Moresa gol. Tres Amigos, pat. Márre, con 230 cajas y 90 pipas de azúcar.;;Tres Amigos;;;gol.;1852_08_20;Sierra Moresa;;
;;N/A: ;;;Gonzales;vat.;;;;;. De Búraco gol. Manuelita, vat. Gonzales, con 7 cajas de;;Manuelita;;;gol.;1852_08_21;Búraco;;
;;N/A: ;;;Villa;pat.;;;;;De Remedios gol. Constancia, pat. Villa, con 661 tercios de;;Constancia;;;gol.;1852_08_21;Remedios;;
;;;;;Barro;pat.;;;;;"Del Canal de San Mateo gol. Segunda Anita; pat. Barro";;Segunda Anita;;;gol.;1852_08_22;Canal de San Mateo;;
;;N/A: ;;;Gonzalez;pat.;;;;;Del Marisol gol. Altgracia, pat. Gonzalez, con 280 cajas de;;Altgracia;;;gol.;1852_08_22;Marisol;;
;;N/A: ;;;Compan;pat.;;;;;Del Marisol gol. Flor de Regla, pat. Compan, con 132 ca-;;Flor de Regla;;;gol.;1852_08_22;Marisol;;
;;N/A: ;;;Gonzales;pat.;;;;;De Caballos gol. Juanita, pat. Gonzales, con 150 cajas de;;Juanita;;;gol.;1852_08_22;Caballos;;
;;N/A: ;;;Rivero;pat.;;;;;De Santa Cruz gol. Hermine, pat. Rivero, con 241 cajas y;;Hermine;;;gol.;1852_08_22;Santa Cruz;;
;;N/A:  | N/A: ;;;Gonzalez;pat.;;;;;De Sotero Moreno gol. Seis Manucas, pat. Gonzalez, con 494 onzas de azucar, 15 pipas de aguardiente.;;Seis Manucas;;;gol.;1852_08_24;Sotero Moreno;;
;;N/A:  | N/A:  | N/A: ;;;Gonzalez;pat.;;;;;De la Orduña gol. Bustfacio, pat. Gonzalez, con 19 onzas de azucar, 12 pipas de aguardiente, 42 oocotes de miel.;;Bustfacio;;;gol.;1852_08_24;Orduña;;
;;N/A:  | N/A: ;;;Kumagura;pat.;;;;;Del Janero gol. Tres Horrinos, pat. Kumagura, con 261 onzas de azucar, 12 p.pas de aguardiente.;;Tres Horrinos;;;gol.;1852_08_24;Janero;;
;;N/A: ;;;;;;;;;Del Marisol gol. Antonia, pet. Perca, con 213 c. de azúcar.;;Antonia;;;gol.;1852_08_25;Marisol;;
;;N/A: ;;;Barcia;pet.;;;;;De Banes gol. Paquetes de Binas, pet. Barcia, con 44 cajas;;Paquetes de Binas;;;gol.;1852_08_25;Banes;;
;;N/A: ;;;Sánchez;pet.;;;;;De Banes gol. Mercedita, pet. Sánchez, con 67 c. azúcar.;;Mercedita;;;gol.;1852_08_25;Banes;;
;;N/A: ;;;Poliu;;;;;;Del Marisol gol. María, pet. Poliu, con 103 cajas de azúcar.;;María;;;gol.;1852_08_25;Marisol;;
Día 15:;;N/A: ;;;Jordá;pat.;;;;;De Manitas gol. Isabel 15, pat. Jordá, con 489 tercios de tabaco.;;Isabel;;;gol.;1852_08_26;Manitas;;
;;N/A: ;;;Morud;pat.;;;;;Del Morrillo gol. Teresita, pat. Morud, con 151 cajas de azúcar.;;Teresita;;;gol.;1852_08_26;Morrillo;;
;;N/A: ;;;García;pat.;;;;;De Cárdenas gol. Gnorala, pat. García, con 950 crías de;;Gnorala;;;gol.;1852_08_27;Cárdenas;;
;;N/A: ;;;Loreiro;pat.;;;;;De Caballes gol. Caballo Martínez, pat. Loreiro, con 200 ca-;;Caballo;;;gol.;1852_08_27;Caballes;;
;;N/A: ;;;Calvo;pat.;;;;;Del Juzgado gol. Juzg. 14, pat. Calvo, con 316 o de azúcar.;;Juzg. 14;;;gol.;1852_08_27;Juzgado;;
;;N/A: ;;;Pujol;pat.;;;;;De Cárdenas gol. Inés, pat. Pujol, con 290 o. de azúcar.;;Inés;;;gol.;1852_08_27;Cárdenas;;
;;N/A: ;;;Rodríguez;pat.;;;;;Del Marial gol. Justo, pat. Rodríguez, con 80 cajas de a-;;Justo;;;gol.;1852_08_28;Marial;;
;;N/A: ;;;González;pat.;;;;;De Guineo gol. Isabel II, pat. González, con 440 tercios de;;Isabel II;;;gol.;1852_08_28;Guineo;;
;;N/A: ;;;Escandón;pat.;;;;;De Bahía Honda gol. Antonia, pat. Escandón, con 170 ca-;;Antonia;;;gol.;1852_08_28;Bahía Honda;;
;;N/A: ;;;Gutiérrez;pat.;;;;;De Caballos gol. Dos Amigos, pat. Gutiérrez, con 150 ca-;;Dos Amigos;;;gol.;1852_08_28;Caballos;;
;;N/A: ;;;Marques;pat.;;;;;De Bahía Honda gol. Clarita, pat. Marques, con 289 ca-;;Clarita;;;gol.;1852_08_28;Bahía Honda;;
;;N/A: ;;;Cruz;pat.;;;;;De Gibara gol. Veracrazans, pat. Cruz, con 79 tercios de;;Veracrazans;;;gol.;1852_08_28;Gibara;;
;;N/A:  | N/A: ;;;Cobos;pat.;;;;;De la Trj. gol. Neptuno, pat. Cobos, con 130 cajas y 3 es-;;Neptuno;;;gol.;1852_08_28;la Trj.;;
;;N/A: ;;;Padron;pat.;;;;;De Sierra Morena gol. Dos Antonios, pat. Padron, con 701;;Dos Antonios;;;gol.;1852_08_28;Sierra Morena;;
;;N/A: ;;;Pachon;pat.;;;;;De Mantequilla, Feliz, pat. Pachon, con 574 tercios de tabaco,;;Feliz;;;;1852_08_29;Mantequilla;;
;;N/A: ;;;Palacio;pat.;;;;;De Cimarrón, gel. Josefa, pat. Palacio, con 200 cajas de azúcar.;;Josefa;;;gel.;1852_08_29;Cimarrón;;
;;N/A:  | N/A: ;;;Villariñ;pat.;;;;;De Canasí gol. Correo, pat. Villariñ, con 210 cajas de azúcar, 4 pipas de aguardiente.;;Correo;;;gol.;1852_08_31;Canasí;;
;;N/A:  | N/A: ;;;García;pat.;;;;;De Santa Cruz gol. Lina y Silvia, pat. García, con 150 cajas de azúcar, 8 boroyes de mascabado.;;Lina y Silvia;;;gol.;1852_08_31;Santa Cruz;;
;;N/A:  | N/A:  | N/A:  | N/A: ;;;Perez;pat.;;;;;De Carahatas gol. Tres Hermanos, pat. Perez, con 40 cajas y 24 euches de azúcar, 30 pipas de aguardiente, 30 boroyes miel de purga.;;Tres Hermanos;;;gol.;1852_08_31;Carahatas;;
Día 31:;31-08-2023;N/A: ;;;Staubfeld;cap.;;;31-08-2023;;Agosto 31.—De New-York en 8 días vapor amer. Black Warrior, cap. Staubfeld, ton. 800, con dinero, a D. G. Tyngh.—Pasvg. 65.;amer.;Black Warrior;;;vap.;1852_09_01;New-York;;
;;N/A:  | N/A: ;;;Pilon;pat.;;;;;De Córdoba gel. Araucana, pat. Pilon, con 111 cajas y 56 hococ;;Araucana;;;gel.;1852_09_01;Córdoba;;
;;N/A:  | N/A: ;;;Lopez;pat.;;;;;De Pro. Hacendado gel. Vicenta, pat. Lopez, con 124 cajas y 9 pa;;Vicenta;;;gel.;1852_09_01;Pro.;;
Día 08:;;N/A: ;;;Meyer;cap.;;;;;De Amsterdam en 8 días vapor. hol. Activo, cap. Meyer, ton. 200, con vivires, a D. H. R.ottmann.;hol.;Activo;;;vapor.;1852_09_01;Amsterdam;;
;;N/A: ;;;Anciano;pat.;;;;;"De la misma gel. Mercedita, pat. Anciano; con 353 larcias de la";;Mercedita;;;gel.;1852_09_01;la misma;;
Día 31:;;N/A: ;;;Hus;cap.;;;;;De Amsterdam en 31 días vapor. hol. De Arend, cap. Hus, tonel. 250, con vivires, a D. P. Bondix.;hol.;De Arend;;;vapor.;1852_09_01;Amsterdam;;
;;N/A: ;;;Sevilla;pat.;;;;;De Mayitas gol. Aguila de Oro, pat. Sevilla, con 610 cueros.;;Aguila de Oro;;;gol.;1852_09_02;Mayitas;;
;;N/A: ;;;García;pat.;;;;;De Sierra Morena gol Dos Amigos, pat. García, con 180 cajas de;;Dos Amigos;;;gol.;1852_09_02;Sierra Morena;;
;;N/A: ;;;;;;;;;De Mayari berg. Amable Malagueño, con 103 millares de tabacos,;;Amable Malagueño;;;berg.;1852_09_02;Mayari;;
;;N/A: ;;;Pages;pat.;;;;;De Jaruco hol. Natividad, pat. Pages, con 206 cajas de azúcar y;;Natividad;;;hol.;1852_09_03;Jaruco;;
;;N/A:  | N/A: ;;;Puente;pat.;;;;;De la Mulata gol. Potosi, pat. Puente, con 400 tercios de tabaco, 12 pipas de aguardiente.;;Potosi;;;gol.;1852_09_04;la Mulata;;
;;N/A:  | N/A:  | N/A: ;;;Sanchez;pat.;;;;;De Bunes gol. Mercedita, pat. Sanchez, con 1 caja de azúcar, 12 pipas de aguardiente, 18 hoces de miel de abejas.;;Mercedita;;;gol.;1852_09_04;Bunes;;
;;N/A: ;;;Félix;pat.;;;;;Del Mariel gol. Maria, pat. Félix, con 11 cajas de azúcar.;;Maria;;;gol.;1852_09_04;Mariel;;
;;N/A: ;;;Carbonell;pat.;;;;;De Cárdenas gol. Marianita, pat. Carbonell, con 60 c. de azúcar.;;Marianita;;;gol.;1852_09_04;Cárdenas;;
;;N/A: ;;;Sanchez;pat.;;;;;De Cárdenas gol. Jóven Carlota, pat. Sanchez, con 200 cajas de;;Jóven Carlota;;;gol.;1852_09_05;Cárdenas;;
;;N/A: ;;;Graciano;pat.;;;;;De Remedios gol. Dorotea, pat. Graciano, con 755 tercios de ta-;;Dorotea;;;gol.;1852_09_05;Remedios;;
;;N/A: ;;;Mayans;pat.;;;;;De Manina gol. Anita, pat. Mayans, con 514 tercios de tabaco.;;Anita;;;gol.;1852_09_07;Manina;;
;;N/A:  | N/A: ;;;Maricio;pat.;;;;;De Jaruco gol. Reserva, pat. Maricio, con 70 cajas de azúcar, 13 tercios de tabaco.;;Reserva;;;gol.;1852_09_07;Jaruco;;
;;N/A:  | N/A:  | N/A:  | N/A:  | N/A: ;;;Parra;pat.;;;;;De Bajas gol. Visitación, pat. Parra, con 256 tercios de tabaco, 15 millares y 2 cajas de torcido, 25 arrobas de cera, 15 cueros.;;Visitación;;;gol.;1852_09_07;Bajas;;
;;N/A: ;;;Mender;pat.;;;;;De Punta gol. Nueva Empresa, pat. Mender, con 900 tercios de tabaco.;;Nueva Empresa;;;gol.;1852_09_07;Punta;;
;;N/A: ;;;Marin;pat.;;;;;De Sierra-Morena gol. Ancelita, pat. Marin, con 550 cajas de azú-;;Ancelita;;;gol.;1852_09_10;Sierra-Morena;;
;;N/A: ;;;Guarda;pat.;;;;;Cádiz gol. Minerva, pat. Guarda, con 878 tercios de tabaco,;;Minerva;;;gol.;1852_09_10;Cádiz;;
;;N/A: ;;;;;;;;;Cádiz gol. Pujol, con 150 cajas de azúcar, 22;;Pujol;;;gol.;1852_09_10;Cádiz;;
;;N/A: ;;;Serrano;pat.;;;;;Cádiz gol. Manuelita, pat. Serrano, con 6 cajas de azúcar.;;Manuelita;;;gol.;1852_09_10;Cádiz;;
;;N/A: ;;;Gonzalez;pat.;;;;;De Cabanas gol. Juanita, pat. Gonzalez, con 210 cajas de azúcar,;;Juanita;;;gol.;1852_09_11;Cabanas;;
;;N/A: ;;;Barcia;pat.;;;;;· De Banes gol. paquete de Banes, pat. Barcia, con 61 cajas de a-;;paquete de Banes;;;gol.;1852_09_12;Banes;;
;;N/A: ;;;Belfat;pat.;;;;;· De Mataura gol. Antonia, pat. Belfat, con 5 milares de tabacos,;;Antonia;;;gol.;1852_09_12;Mataura;;
;;N/A: ;;;Cabrera;pat.;;;;;· De Sierra-Morona gol. Leonor, pat. Cabrera, con 284 c. azúcar.;;Leonor;;;gol.;1852_09_12;Sierra-Morona;;
;;N/A:  | N/A: ;;;Escandell;pat.;;;;;De Bahía-Honola-gol. Antonia, pat. Escandell, con 215 cajas de azúcar, 61 pipas de aguacate.;;Antonia;;;gol.;1852_09_16;Bahía-Honola;;
;;N/A: ;;;Campani;pat.;;;;;• Del Mariel gol. Flor de Recla, pat. Campani, con 90 cajas de a-;;Flor de Recla;;;gol.;1852_09_17;Mariel;;
;;N/A: ;;;Juan;pat.;;;;;De Cárdenas y el Jucaro gol. General Lamar, pat. Juan, con 200;;General Lamar;;;gol.;1852_09_17;Cárdenas y el Jucaro;;
;;N/A:  | N/A: ;;;Loreiro;pat.;;;;;· De Cabanas gol. Caballo Marino, pat. Loreiro, con 95 cajas de azúcar, 50 pipas de aguardiente.;;Caballo Marino;;;gol.;1852_09_18;Cabanas;;
;;N/A: ;;;Deuis;pat.;;;;;De Sagua la Grande gol. Dulce Nombre, pat. Deuis, con 36 tercios de tabaco en rama.;;Dulce Nombre;;;gol.;1852_09_18;Sagua la Grande;;
;;N/A:  | N/A: ;;;Queral;pat.;;;;;De Matanzas gol. Ignacita, pat. Queral, con 430 cajas y 20 panes de azúcar.;;Ignacita;;;gol.;1852_09_18;Matanzas;;
;;N/A:  | N/A: ;;;Palacio;pat.;;;;;De Canasí gol. Josefita, pat. Palacio, con 160 cajas de azúcar, 15 pipas de aguardiente.;;Josefita;;;gol.;1852_09_18;Canasí;;
;;N/A:  | N/A:  | N/A:  | N/A: ;;;Villarin;pat.;;;;;De Camasí gol. Corroso, pat. Villarin, con 258 cajas y 35 sacos de azúcar, 6 pipas gol. guardiante, 11 arrobas de cera amarilla.;;Corroso;;;gol.;1852_09_19;Camasí;;
;;N/A:  | N/A:  | N/A: ;;;Mas;pat.;;;;;Del Jérculo gol. Joséllus, pat. Mas, con 268 cajas de azúcar, 10 bocoyes de manzabedo, 40 bocoyes de arroz.;;Joséllus;;;gol.;1852_09_19;Jérculo;;
;;N/A:  | N/A: ;;;García;pat.;;;;;De Sierra-Morena gol. Dos Amigos, pat. García, con 20 cajas de azúcar, 4 pipas de aguacate.;;Dos Amigos;;;gol.;1852_09_19;Sierra-Morena;;
;;N/A: ;;;Padrón;pat.;;;;;De Sierra Morena gol. Dos Antonios, pat. Padrón, con 577 cajas;;Dos Antonios;;;gol.;1852_09_21;Sierra Morena;;
;;N/A: ;;;García;pat.;;;;;De Romedios gl. Estrella, pat. García, con 445 tercios de tabaco;;Estrella;;;gl.;1852_09_21;Romedios;;
;;N/A:  | N/A:  | N/A: ;;;García;pat.;;;;;De Remedios gol. Industria, pat. García, con 20 arrobas de cera amarilla, 400 cueros, 571 tercios de tabaco.;;Industria;;;gol.;1852_09_22;Remedios;;
;;N/A:  | N/A: ;;;Mendoza;pat.;;;;;De Sagua de Tánano gol. Unión, pat. Mendoza, con 91 tercios de tabaco, 252 millares de tabacos.;;Unión;;;gol.;1852_09_22;Sagua de Tánano;;
;;N/A: ;;;Nua;pat.;;;;;De Ranes gol. Mercredi, pat. Nua, con 5 hocoyes miel de purga, 10 pipas gol. Casualidad, pat. Cruz, con 16 hocoyes miel de purga.;;Mercredi;;;gol.;1852_09_23;Ranes;;
;;N/A: ;;;Rodríguez;pat.;;;;;De los Perros gol. Habanera, pat. Rodríguez, con 5 sacos de cera.;;Habanera;;;gol.;1852_09_25;los Perros;;
;;N/A: ;;;Sanchez;pat.;;;;;De Cárdenas gol. Jóven Carlota, pat. Sanchez, con 90 cajas de azúcar.;;Jóven Carlota;;;gol.;1852_09_25;Cárdenas;;
;;N/A:  | N/A: ;;;Dosa;pat.;;;;;De Cienfuegos gol. Clio, pat. Dosa, con 103 tercios de tabaco, 50 millares de tabaco.;;Clio;;;gol.;1852_09_25;Cienfuegos;;
;;N/A:  | N/A:  | N/A: ;;;Pagés;pat.;;;;;De Jarama gol. Natividad, pat. Pagés, con 101 cajas de azúcar, 15 bocados de maíz, 12 tercios de tabaco.;;Natividad;;;gol.;1852_09_25;Jarama;;
;;N/A:  | N/A: ;;;López;pat.;;;;;De Puerto Escondido gol. Vicenta, pat. López, con 25 cajas de azúcar, 27 pipas de aguardiente.;;Vicenta;;;gol.;1852_09_25;Puerto Escondido;;
;;N/A:  | N/A: ;;;Rodríguez;pat.;;;;;Del Mar del Golfo. Justicia, pat. Rodríguez, con 30 cajas de azúcar, 20 arrobas de cera.;;Justicia;;;;1852_09_25;Mar del Golfo;;
;;N/A: ;;;Campos;pat.;;;;;De Guane gol. Centella, pat. Campos, con 320 tercios de tabaco.;;Centella;;;gol.;1852_09_25;Guane;;
;;N/A: ;;;Lema;pat.;;;;;De Maníabon gol. Guzmán, pat. Lema, con 220 tercios de tabaco.;;Guzmán;;;gol.;1852_09_25;Maníabon;;
;;N/A: ;;;Badaró;;;;;;De Bajas gol. Regilita, Badaró, con 112 tercios de tabaco, 50;;Regilita;;;gol.;1852_09_26;Bajas;;
;;N/A: ;;;Puente;par.;;;;;De Bolesta gol. Potosi, par. Puente, con 50 cajas de azúcar, 15;;Potosi;;;gol.;1852_09_26;Bolesta;;
;;N/A:  | N/A: ;;;Oliver;pat.;;;;;De Cárdenas gol. Inesita, pat. Oliver, con 210 cajas y 5 estuches;;Inesita;;;gol.;1852_09_28;Cárdenas;;
;;N/A: ;;;Dominguez;pat.;;;;;Bolívarí gol. Céfiro, pat. Dominguez, con 812 tercios de taba-;;Céfiro;;;gol.;1852_09_28;Bolívarí;;
;;N/A: ;;;Coyula;pat.;;;;;De Río la Palma gol. Cármen, pat. Coyula, con 12 c. de azúcar,;;Cármen;;;gol.;1852_09_28;Río la Palma;;
;;N/A: ;;;Carretero;pat.;;;;;De Cabañas gol. Ainala Ilosita, pat. Carretero, con 52 sacos de;;Ainala Ilosita;;;gol.;1852_09_28;Cabañas;;
;;N/A: ;;;Perez;pat.;;;;;Del Marial gol. Antinía, pat. Perez, con 202 cajas de azúcar, 6;;Antinía;;;gol.;1852_09_28;Marial;;
;;N/A: ;;;Encénat;pat.;;;;;De Puerto Escondido gol. Consuelo, pat. Encénat, con 55 cajas;;Consuelo;;;gol.;1852_09_29;Puerto Escondido;;
;;N/A: ;;;Perez;pat.;;;;;De Gibara gol. Nicolásita, pat. Perez, con 900 tercios de tabaco;;Nicolásita;;;gol.;1852_09_29;Gibara;;
;;N/A: ;;;Pons;pat.;;;;;Del Morrillo gol. Teresita, pat. Pons, con 66 cajas de azúcar.;;Teresita;;;gol.;1852_09_29;Morrillo;;
;;N/A: ;;;Gonzalez;pat.;;;;;De Guane gol, Isabel II, pat. Gonzalez, con 410 tercios de taba-;;Isabel II;;;gol;1852_09_30;Guane;;
;;N/A:  | N/A: ;;;Rivero;pat.;;;;;De Cabadas gol, Herminia, pat. Rivero, con 210 cajas y 8 sacos;;Herminia;;;gol;1852_09_30;Cabadas;;
;;N/A: ;;;Gonzalez;pat.;;;;;De Cabanas gol, Juanita, pat. Gonzalez, con 50 pipas de aguar-;;Juanita;;;gol;1852_09_30;Cabanas;;
;;N/A: ;;;Burecía;pat.;;;;;De Banes gol, Paquete de Banes, pat. Burecía, con 59 cajas de a-;;Paquete de Banes;;;gol;1852_09_30;Banes;;
;;N/A: ;;;Juan;pat.;;;;;Del Súcreo gol. General Lamar, pat. Juan, con 120 c. de azúcar.;;General Lamar;;;gol.;1852_10_03;Súcreo;;
;;N/A: ;;;Ferrer;pat.;;;;;De Bajos gol. Reglita, pat. Ferrer, con 51 tercios de tabaco.;;Reglita;;;gol.;1852_10_03;Bajos;;
;;N/A: ;;;Dominguez;pat.;;;;;De la Mulata gol. Conchita, pat. Dominguez, con 400 tercios de;;Conchita;;;gol.;1852_10_05;la Mulata;;
;;N/A: ;;;Many;pat.;;;;;De Cárdenas gol. Antonia, pat. Many, con 100 cajas de azúcar.;;Antonia;;;gol.;1852_10_07;Cárdenas;;
;;N/A: ;;;Queral;pat.;;;;;De Matanzas gol. Ignacita, pat. Queral, con 530 cajas de azúcar.;;Ignacita;;;gol.;1852_10_07;Matanzas;;
;;N/A: ;;;Mas;pat.;;;;;Del Júcaro gol. Josefina, pat. Mas, con 317 cajas de azúcar.;;Josefina;;;gol.;1852_10_07;Júcaro;;
;;N/A: ;;;Villarin;p.;;;;;De Canast gol. Correo, paje. Villarin, con 249 cajas de azúcar, 5;;Correo;;;gol.;1852_10_10;Canast;;
;;N/A:  | N/A:  | N/A: ;;;Vistorto;pat.;;;;;De Cihara gol. Gloria, pat. Vistorto, con 357 tercios de tabaco, 47 cuartos, 30 sacos de cera.;;Gloria;;;gol.;1852_10_14;Cihara;;
;;N/A:  | N/A: ;;;Baraona;pat.;;;;;Del Capitán de San Mateo gol. Segunda Anilla, pat. Baraona, con 228 libras de sal y 100 libras de purga.;;Segunda Anilla;;;gol.;1852_10_14;Capitán de San Mateo;;
;;N/A: ;;;Beriniol;pat.;;;;;De Sargento gol. Manueltita, pat. Beriniol, con 10 pipas de agu-;;Manueltita;;;gol.;1852_10_14;Sargento;;
;;N/A: ;;;Grandall;pat.;;;;;De Heron y Remedios gol. Teresita, pat. Grandall, con 504 ter-;;Teresita;;;gol.;1852_10_14;Heron y Remedios;;
;;N/A:  | N/A: ;;;Gonzalez;pat.;;;;;Del Maríel gol. Altagarcía, pat. Gonzalez, con 100 cajas de azúcar, 35 gal. de aguardiente.;;Altagarcía;;;gol.;1852_10_15;Maríel;;
;;N/A: ;;;Companí;pat.;;;;;De id. gol. Flor de Regla, pat. Companí, con 58 pipas de aguardiente.;;Flor de Regla;;;gol.;1852_10_15;id.;;
;;N/A:  | N/A: ;;;Barcís;pat.;;;;;De Banes gol. Paquete de Banes, pat. Barcís, con 20 cajas de azúcar, 35 pipas de aguardiente.;;Paquete;;;gol.;1852_10_15;Banes;;
;;N/A:  | N/A: ;;;Loreiro;pat.;;;;;De Cabana gol. Caballo Marino, pat. Loreiro, con 300 cajas de arrotor, 10 pipas gol. Guardiante.;;Caballo Marino;;;gol.;1852_10_16;Cabana;;
;;N/A:  | N/A:  | N/A: ;;;Perez;pat.;;;;;De los Perros gol. Juana, pat. Perez, con 58 terrios de tabaco, 150 arrobas de cera, 10 cueros.;;Juana;;;gol.;1852_10_16;los Perros;;
;;N/A: ;;;Enreñat;pat.;;;;;De Puerto Escondido gol. Consuelo, pat. Enreñat, con 26 cajas de azúcar.;;Consuelo;;;gol.;1852_10_16;Puerto Escondido;;
;;N/A:  | N/A:  | N/A: ;;;Oliver;pat.;;;;;De Cárdenas gol. Inés, pat. Oliver, con 200 cajas de azúcar, 66 sacos de café, 21 pipas de aguardiente.;;Inés;;;gol.;1852_10_16;Cárdenas;;
;;N/A:  | N/A:  | N/A:  | N/A:  | N/A: ;;;Garcia;pat.;;;;;De Santa Cruz gol. Lina, y Silvia, pat. Garcia, con 12 cajas y 5 destilados de azúcar, 63 bocoyes mier de purga, 18 pipas de aguardiente, 12 sacos de café.;;Lina, y Silvia;;;gol.;1852_10_16;Santa Cruz;;
;;N/A: ;;;Juan;pat.;;;;;De Cárdenas gol. General Lamar, pat. Juan, con 300 cañas de;;General Lamar;;;gol.;1852_10_19;Cárdenas;;
;;N/A: ;;;Mas;pat.;;;;;Del Júcaro gol. 2c.esfina, pat. Mas, con 612 cajas de azúcar, 50;;2c.esfina;;;gol.;1852_10_21;Júcaro;;
;;N/A: ;;;Barrera;pat.;;;;;Do Sierra Morena gol. Tres Amigos, pat. Barrera, con 100 cajas;;Tres Amigos;;;gol.;1852_10_22;Sierra Morena;;
;;N/A: ;;;Llorens;pat.;;;;;Del Marielgo. Regla, pat. Llorens. con 56 cajas de azúcar, 16;;;;;Regla;1852_10_23;Marielgo;;
;;N/A:  | N/A: ;;;Arocha;pat.;;;;;Del Maríel gol. Justicia, pat. Arocha, con 23 cajas de azúcar, 28 pipas de aguadoriente.;;Justicia;;;gol.;1852_10_26;Maríel;;
Día null:;;N/A:  | N/A: ;;;Jordá;pat.;;;;;De Maniua gol. Isabel II, pat. Jordá, con 450 tercios de tabaco, 30 arrobas de cera.;;Isabel II;;;gol.;1852_10_26;Maniua;;
;;N/A:  | N/A: ;;;García;pat.;;;;;De Remedios gol. Estrella, pat. García, con 187 tercios de tabaco, 200 cueros.;;Estrella;;;gol.;1852_10_26;Remedios;;
;;N/A: ;;;Gonzalez;pat.;;;;;De Carabias gol. Tres Hermanos, pat. Gonzalez, con 25 boco-;;Tres Hermanos;;;gol.;1852_10_27;Carabias;;
;;N/A: ;;;Garcia;pat.;;;;;- De Remedios gol. Industria, pat. Garcia, con 70 arrobas de cera.;;Industria;;;gol.;1852_10_28;Remedios;;
;;N/A: ;;;Pons;pat.;;;;;- Del Morrillo gol. Teresita, pat. Pons, con 51 cajas de azucar.;;Teresita;;;gol.;1852_10_28;Morrillo;;
;;N/A: ;;;Suas;pat.;;;;;- De Cabanas bal. Tortuga, pat. Suas, con 15 arrobas de cera.;;Tortuga;;;bal.;1852_10_28;Cabanas;;
;;N/A: ;;;Palet;pt.;;;;;De Canasí gl. Manuela, pt. Palet, con 30 bocoyes miel de purga.;;Manuela;;;gl.;1852_10_29;Canasí;;
;;N/A:  | N/A: ;;;Sanchez;pat.;;;;;· De Cárdenas gol. Jóven Carlota, pat. Sanchez, con 330 cajas de azúcar, 44 pipas de aguardiente.;;Jóven Carlota;;;gol.;1852_10_30;Cárdenas;;
;;N/A:  | N/A: ;;;Valero;pat.;;;;;· De Gibara gol. Carlota, pat. Valero, con 191 tercios de tabaco, 42 bocores de miel.;;Carlota;;;gol.;1852_10_30;Gibara;;
;;N/A: ;;;Martinez;pat.;;;;;De Baracoa. gol. Mercadita, pat. Martinez, con 18 pipas de aguardiente.;;Mercadita;;;gol.;1852_10_31;Baracoa;;
;;N/A: ;;;Juan;pat.;;;;;De Cárdenas. gol. General Lamar, pat. Juan, con 23 mililitros de tabacos.;;General Lamar;;;gol.;1852_10_31;Cárdenas;;
;;N/A: ;;;Villarin;pat.;;;;;. De Canasi gol. Correo, pat. Villarin, con 3 bocoyes de miel.;;Correo;;;gol.;1852_11_03;Canasi;;
;;N/A: ;;;Polo;pat.;;;;;De Gibara gol. Venus, pat. Polo, con 800 tercios de tabaco, 10;;Venus;;;gol.;1852_11_03;Gibara;;
;;N/A: ;;;Pagés;pat.;;;;;. De Jaruco gol. Natividad, pat. Pagés, con 65 cajas de azúcar,;;Natividad;;;gol.;1852_11_03;Jaruco;;
;;N/A: ;;;Pachon;pat.;;;;;De Mantua y Guane gol. Feliz, pat. Pachon, con 452 tercios de;;Feliz;;;gol.;1852_11_03;Mantua y Guane;;
;;N/A: ;;;Mas;pat.;;;;;. Del Júcar gol. Josefina, pat. Mas, con 600 cajas de azúcar, 18;;Josefina;;;gol.;1852_11_03;Júcar;;
;;N/A: ;;;Vila;pat.;;;;;De Remedios gol. Constancia, pat. Vila, con 802 tercios de ta-;;Constancia;;;gol.;1852_11_03;Remedios;;
;;N/A: ;;;Mayana;pat.;;;;;De Nantos gol. Anita, pat. Mayana, con 160 tercios de tabaco, 9;;Anita;;;gol.;1852_11_03;Nantos;;
;;N/A: ;;;Badaró;pat.;;;;;De Bajas gol. Reglita, pat. Badaró, con 166 tercios de tabaco,;;Reglita;;;gol.;1852_11_03;Bajas;;
;;N/A:  | N/A: ;;;Rivero;pat.;;;;;. De Santa Cruz gol. Hermín, pat. Rivero, con 110 cajas y 51;;Hermín;;;gol.;1852_11_03;Santa Cruz;;
;;N/A:  | N/A: ;;;Oliver;pat.;;;;;. De Cárdenas gol. Inés, pat. Oliver, con 88 cajas y 1 estuche de;;Inés;;;gol.;1852_11_03;Cárdenas;;
;;N/A: ;;;Gonzalez;pat.;;;;;. De Cabanas gol. Juanita, pat. Gonzalez, con 56 cajas de azúcar,;;Juanita;;;gol.;1852_11_03;Cabanas;;
;;N/A: ;;;Barcís;pat.;;;;;De Banes gol. Paquete de Banes, pat. Barcís, con 55 pipas de;;Paquete;;;gol.;1852_11_03;Banes;;
;;N/A: ;;;Santos;pat.;;;;;. De Matanzas gol. Esperanza, pat. Santos, con 2 c. de azúcar.;;Esperanza;;;gol.;1852_11_03;Matanzas;;
;;N/A: ;;;Cruz;pat.;;;;;. De la Ortiz gol. Casualidad, pat. Cruz, con 20 bocoyes miel;;Casualidad;;;gol.;1852_11_03;la Ortiz;;
;;N/A: ;;;Fluxat;pat.;;;;;. De Cabanas gol. Segunda Amistad, pat. Fluxat, con 159 cajas;;Segunda Amistad;;;gol.;1852_11_03;Cabanas;;
;;N/A: ;;;Carbonell;pat.;;;;;. De Matanzas gol. Marianita, pat. Carbonell, con 700 c. azúcar.;;Marianita;;;gol.;1852_11_03;Matanzas;;
;;N/A: ;;;García;pat.;;;;;De Sierra Morena gol. Dos Amigos, pat. García, con 57 bocoyes;;Dos Amigos;;;gol.;1852_11_03;Sierra Morena;;
;;N/A: ;;;Gonzalez;pat.;;;;;De Guanó gol. Isabel II, pat. Gonzalez, con 470 tercios de tabaco;;Isabel II;;;gol.;1852_11_04;Guanó;;
;;N/A: ;;;Escandell;pat.;;;;;De Babia Honda gol. Antonia, pat. Escandell, con 40 pipas de;;Antonia;;;gol.;1852_11_04;Babia Honda;;
;;N/A: ;;;Parra;pat.;;;;;De Bajas gol. Visitación, pat. Parra, con 180 tercios de tabaco,;;Visitación;;;gol.;1852_11_04;Bajas;;
;;N/A:  | N/A: ;;;Fraga;pat.;;;;;De Sagua la Chica gol. Magdalena, pat. Fraga, con 10 tercios de tabaco, 20 arrobas de cera.;;Magdalena;;;gol.;1852_11_05;Sagua la Chica;;
;;N/A: ;;;Goiry;pat.;;;;;De la Colonia gol. Reemplazo, pat. Goiry, con 500 tercios de tabaco.;;Reemplazo;;;gol.;1852_11_05;Colonia;;
;;N/A: ;;;Marrero;pat.;;;;;De Jaruco gol. Reserva, pat. Marrero, con 100 rajas de azúcar.;;Reserva;;;gol.;1852_11_05;Jaruco;;
;;N/A: ;;;Campos;pat.;;;;;De Guanaco gol. Centella, pat. Campos, con 500 tercios de tabaco.;;Centella;;;gol.;1852_11_05;Guanaco;;
;;N/A: ;;;Perez;pt.;;;;;Del Mariel gol. Quintina, pt. Perez, con 16 pipas de aguardiente;;Quintina;;;gol.;1852_11_05;Mariel;;
;;N/A: ;;;Garcia;pat.;;;;;Del liceo gol. Amistad, pat. Garcia, con 240 cajas de azúcar,;;Amistad;;;gol.;1852_11_06;liceo;;
;;N/A: ;;;Richar;pat.;;;;;De Matanzas gol. Carlota, pat. Richar, con 51 cajas de azúcar.;;Carlota;;;gol.;1852_11_06;Matanzas;;
;;N/A: ;;;Concepcion;pat.;;;;;De Sagua la Grande gol. Eugenia, pat. Concepcion, con 40 cajas;;Eugenia;;;gol.;1852_11_06;Sagua la Grande;;
;;N/A: ;;;Gutierrez;pat.;;;;;De Cahañas gol. Dos Amigos, pat. Gutierrez, con 70 pipas de a-;;Dos Amigos;;;gol.;1852_11_07;Cahañas;;
;;N/A: ;;;Many;pat.;;;;;De Cárdenas gol. Antonia, pat. Many, con 50 cajas de azúcar.;;Antonia;;;gol.;1852_11_07;Cárdenas;;
;;N/A: ;;;Loreiro;pat.;;;;;De Cahañas gol. Caballo Marino, pat. Loreiro, con 40 pipas de;;Caballo Marino;;;gol.;1852_11_07;Cahañas;;
;;N/A: ;;;Fernandez;pit.;;;;;De la Oxtigosa gol. Elvira, pit. Fernandez, con 19 pipas de a-;;Elvira;;;gol.;1852_11_09;Oxtigosa;;
;;N/A: ;;;Ferrer;pat.;;;;;De Bahía Honda gol. Clarita, pat. Ferrer, con 12 pipas de agua-;;Clarita;;;gol.;1852_11_09;Bahía Honda;;
;;N/A: ;;;Sanchez;pat.;;;;;De Cárdenas gol. Carlota, pat. Sanchez, con 500 cajas de azú-;;Carlota;;;gol.;1852_11_10;Cárdenas;;
;;N/A: ;;;Puente;pat.;;;;;De la Mulata gol. Potosí, pat. Puente, con 15 pipas aguardiente.;;Potosí;;;gol.;1852_11_10;la Mulata;;
;;N/A: ;;;Barrera;pat.;;;;;De Sierra Morena gol. Tres Amigos, pat. Barrera, con 43 cajas;;Tres Amigos;;;gol.;1852_11_13;Sierra Morena;;
;;N/A: ;;;Sanchez;pat.;;;;;De Banes gol. Mercedita, pat. Sanchez, con 6 pipas de aguar-;;Mercedita;;;gol.;1852_11_13;Banes;;
;;N/A: ;;;Mondez;pat.;;;;;De Punta de Cartas gol. Nueva Empresa, pat. Mondez, con 178;;Nueva Empresa;;;gol.;1852_11_13;Punta de Cartas;;
;;N/A: ;;;Rodríguez;pat.;;;;;Del Mariel got. Justicia, pat. Rodríguez, con 52 pipas de aguar-;;Justicia;;;got.;1852_11_14;Mariel;;
;;N/A: ;;;Basilio;pat.;;;;;De agua la Grande gol. Palmerita, pat. Basilio, con 252 tercios;;Palmerita;;;gol.;1852_11_21;agua la Grande;;
;;N/A: ;;;Escalera;pat.;;;;;De Puerto del Padre gol. Conchita, pat. Escalera, con 7 cueros.;;Conchita;;;gol.;1852_11_21;Puerto del Padre;;
;;N/A: ;;;Domingo;pat.;;;;;De la Mula gol. Conchita, pat. Domingo, con 140 tercios de;;Conchita;;;gol.;1852_11_21;Mula;;
;;N/A: ;;;Zuaño;pat.;;;;;De Canas gol. Correo, pat. Zuaño, con 217 cajas de azúcar, 7;;Correo;;;gol.;1852_11_21;Canas;;
;;N/A: ;;;Fluxat;pat.;;;;;De Cabanas gol. Segunda Amistad, pat. Fluxat, con 9 pipas de;;Segunda Amistad;;;gol.;1852_11_21;Cabanas;;
;;N/A: ;;;Suero;pat.;;;;;De Matanzas gol. Diamante, pat. Suero, con 500 cajas de azúcar;;Diamante;;;gol.;1852_11_21;Matanzas;;
;;N/A: ;;;Queralt;pat.;;;;;De Matanzas col. Ignacia, pat. Queralt, con 130 cajas de azúcar;;Ignacia;;;col.;1852_11_23;Matanzas;;
;;N/A: ;;;Sanchez;pat.;;;;;De Gárdenas gol. Juventud, da. pat. Sanchez, con 90 cajas de;;Juventud;;;gol.;1852_11_24;Gárdenas;;
;;N/A:  | N/A:  | N/A: ;;;Gómez;pat.;;;;;Del Marcial gol. Alvaro, pat. Gómez, con 130 cajas de azúcar, 34 pipas de aguardiente, 11 cajas.;;Alvaro;;;gol.;1852_11_25;Marcial;;
;;N/A: ;;;Sánchez;pat.;;;;;De Barazas gol. Mendoza, pat. Sánchez, con 21 pipas de aguardiente.;;Mendoza;;;gol.;1852_11_25;Barazas;;
;;N/A: ;;;Lorente;pat.;;;;;De Cabanas gol. Caballero Marino, pat. Lorente, con 40 pipas de aguardiente.;;Caballero Marino;;;gol.;1852_11_25;Cabanas;;
;;N/A: ;;;Denis;pat.;;;;;De Sagua la Grande gol. Duice Nombre, pat. Denis, con 158 ter-;;Duice Nombre;;;gol.;1852_11_26;Sagua la Grande;;
;;N/A: ;;;Garcia;pat.;;;;;De Sierra-Morena gol. Dos Amigos, pat. Garcia, con 4 pipas de;;Dos Amigos;;;gol.;1852_11_26;Sierra-Morena;;
Día 12:;12-06-1845;;;;;;;;12-06-1845;;De Gueñou, 12 de junio de 1845.;;;;;;1852_11_28;Gueñou;;
Día 21:;21-06-1845;;;;;;;;21-06-1845;;De Sotomayor, 21 de junio de 1845.;;;;;;1852_11_28;Sotomayor;;
Día 01:;;;;;;;;;01-07-1845;;De Ríos, 1 de julio de 1845.;;;;;;1852_11_28;Ríos;;
Día 01:;;;;;;;;;01-07-1845;;De Gueñou, 1 de julio de 1845.;;;;;;1852_11_28;Gueñou;;
;;N/A: ;;;P. A.;pat.;;;;;De Gibara gol. Elise, pat. P. A. con 106 tercios de tabaco.;;Elise;;;gol.;1852_11_30;Gibara;;
;;N/A:  | N/A: ;;;Guayara;pt.;;;;;De Mula 12 gol. Nonsertor, pt. Guayara, con 58 gallones miel de abejas, 10 arrobas de cera.;;Nonsertor;;;gol.;1852_11_30;Mula;;
;;N/A: ;;;Granados;pat.;;;;;De Gibara gol. Numbantina, pat. Granados, con 1020 tercios de tabaco.;;Numbantina;;;gol.;1852_11_30;Gibara;;
;;N/A:  | N/A: ;;;D. Manquez;pat.;;;;;De Mayari gol. Cefiro, pat. D. Manquez, con 154 tercios de tabaco, 18 mayores de tabaco.;;Cefiro;;;gol.;1852_11_30;Mayari;;
;;N/A: ;;;Rodriguez;pat.;;;;;De Gibara gol. Mais. pat. Rodriguez, con 118 tercios de tabaco;;Mais;;;gol.;1852_12_03;Gibara;;
;;N/A:  | N/A:  | N/A:  | N/A: ;;;Mártero;pat.;;;;;De Remedios gol. Dorotea, pat. Mártero, con 200 litros de tabaco, 11 millares de tabaco, 5 manojos de cera, 185 cueros.;;Dorotea;;;gol.;1852_12_04;Remedios;;
;;N/A: ;;;Fictor;pat.;;;;;Del Júcar gol. Vengativa, pat. Fictor, con 18 pipas de aguardiente.;;Vengativa;;;gol.;1852_12_04;Júcar;;
;;N/A:  | N/A:  | N/A: ;;;Pujol;pat.;;;;;De Gardenas gol. Iares, pat. Pujol, con 5 torcios y 4 barriles de tabaco, 15 pipas de aguardiente.;;Iares;;;gol.;1852_12_04;Gardenas;;
;;N/A: ;;;Gonzalez;p.;;;;;De Cabanas gol. Junita, p.t. Gonzalez, con 30 pipas de agua-;;Junita;;;gol.;1852_12_05;Cabanas;;
;;N/A:  | N/A: ;;;Escandent;pat.;;;;;De Balsa Bonda gol. Antonia, pat. Escandent, con 26 tercios de tabaco, 12 pipas de aguardiente.;;Antonia;;;gol.;1852_12_07;Balsa Bonda;;
;;N/A: ;;;Gutiérrez;pat.;;;;;De Cabanas gol. Dos Amigos, pat. Gutiérrez, con 30 pipas de aguardiente.;;Dos Amigos;;;gol.;1852_12_07;Cabanas;;
;;N/A:  | N/A:  | N/A: ;;;Garriga;pat.;;;;;De Nunez gól. Isabelita, pat. Garriga, con 5000 cueros, 111 tercios y 6 arrobas de cera.;;Isabelita;;;gól.;1852_12_07;Nunez;;
;;N/A: ;;;Martínez;pat.;;;;;De Canastí gol Correo, pat. Martínez, con 162 cajas de azúcar.;;Correo;;;gol;1852_12_08;Canastí;;
;;N/A: ;;;Encuent;pat.;;;;;De Gardenias gol. Dos Marías, pat. Encuent, con 110 c. azúcar.;;Dos Marías;;;gol.;1852_12_08;Gardenias;;
;;N/A: ;;;González;pat.;;;;;De Garañitas gol. Tres Hermanos, pat. González, con 15 barroes de purga.;;Tres Hermanos;;;gol.;1852_12_08;Garañitas;;
;;N/A:  | N/A:  | N/A: ;;;Gómez;pat.;;;;;De Santa Cruz gol. Lino y Silvia, pat. Gómez, con 11 barroes de miel, 11 pajas de aguardiente, 2 sacos de arroz.;;Lino y Silvia;;;gol.;1852_12_08;Santa Cruz;;
;;N/A:  | N/A: ;;;Barcia;pat.;;;;;De Canes, Papeque de Banes, pat. Barcia, con 6 cajas de aguá y 31 pajas de aguardiente.;;Banes;;;Papeque;1852_12_08;Canes;;
;;;;;Baraona;pat.;;;;;Del Canal de San Miteo gol. Segunda Anta, pat. Baraona, con;;Segunda Anta;;;gol.;1852_12_12;Canal de San Miteo;;
;;N/A: ;;;Marrero;pat.;;;;;De Sierra-Morena gol. Tres Amigos, pat. Marrero, con 125 cajas;;Tres Amigos;;;gol.;1852_12_15;Sierra-Morena;;
;;N/A: ;;;Rivas;pat.;;;;;De Gardenas gol. María, pat. Rivas, con 8 pipas de aguardiente.;;María;;;gol.;1852_12_16;Gardenas;;
;;N/A: ;;;Puente;pat.;;;;;De la Múlata gol. Polost, pat. Puente, con 200 tercios de tabaco.;;Polost;;;gol.;1852_12_16;Múlata;;
;;N/A: ;;;García;pat.;;;;;De Cabanas gol. Teresita, pat. García, con 40 pipas de aguardiente.;;Teresita;;;gol.;1852_12_16;Cabanas;;
;;N/A: ;;;Perez;pat.;;;;;Del Marial gal. Quintana, pat. Perez, con 50 cueros.;;Quintana;;;gal.;1852_12_17;Marial;;
;;N/A: ;;;Ferrer;p.s.;;;;;De Nuevitas gal. Vilanueva, p.s. Ferrer, con 25 millares de ta-;;Vilanueva;;;gal.;1852_12_17;Nuevitas;;
;;N/A: ;;;Frennio;pat.;;;;;De Sierra Marana gol. Hincaba, pat. Frennio, con 1 caja azucar,;;Hincaba;;;gol.;1852_12_18;Sierra Marana;;
;;N/A: ;;;Santos;pat.;;;;;De Cibanas gol. Dolontas, pat. Santos, con 6 pipas de aguar-;;Dolontas;;;gol.;1852_12_18;Cibanas;;
;;N/A: ;;;Hernandez;pat.;;;;;De Bahia Honda gol. B. miticia, pat. Hernandez, con 40 pipas;;B. miticia;;;gol.;1852_12_18;Bahia Honda;;
;;N/A: ;;;Caíez;pat.;;;;;De Canasagol. Manuchilla, pat. Caíez, con 56 bocoyes miel de;;Manuchilla;;;;1852_12_18;Canasagol;;
;;N/A:  | N/A: ;;;Mas;pat.;;;;;Del Jucaro gol. Joselu, pat. Mas, con 26 cueros, 12 macutos de;;Joselu;;;gol.;1852_12_18;Jucaro;;
;;N/A: ;;;Grindall;pat.;;;;;De Maron gol. Teresita, pat. Grindall, con 820 arrobas de cera,;;Teresita;;;gol.;1852_12_18;Maron;;
;;N/A: ;;;Gonzalez;pat.;;;;;de Baracoa gol. Monuchilla, pat. Gonzalez, con 27 bocoyes miel de;;Monuchilla;;;gol.;1852_12_18;Baracoa;;
;;N/A: ;;;Ibadaró;pat.;;;;;De Santa Lucía gol. Reglita, pat. Ibadaró, con 8 pipas de agu-;;Reglita;;;gol.;1852_12_19;Santa Lucía;;
;;N/A: ;;;Iba;pat.;;;;;De San Cayetano gol. Francisca, pat. Iba, con 40 barriles miel;;Francisca;;;gol.;1852_12_19;San Cayetano;;
;;N/A: ;;;Matin;pat.;;;;;De Bajas gol. Regleta, pat. Matin, con 1 cajón de tabaco torcido,;;Regleta;;;gol.;1852_12_21;Bajas;;
;;N/A: ;;;Cumpos;pat.;;;;;De Guano gol. Centella, pat. Cumpos, con 520 tercios de tabaco.;;Centella;;;gol.;1852_12_22;Guano;;
;;N/A: ;;;Aroche;pat.;;;;;Del Marisol gol. Maquela, pat. Aroche, con 15 cajas de azúcar.;;Maquela;;;gol.;1852_12_22;Marisol;;
;;N/A: ;;;Sierra;pat.;;;;;Del Marisquel. Fier de Regia, pat. Sierra, con 12 pipas de agua-;;Regia;;;fier;1852_12_22;Marisquel;;
;;N/A: ;;;Anciano;pat.;;;;;De Remedios gol. Mercedita, pat. Anciano, con 130 arrobas de;;Mercedita;;;gol.;1852_12_22;Remedios;;
;;N/A: ;;;Naveira;pat.;;;;;De Matanzas gol. Mercedita, pat. Naveira, con 13 pipas de aguar-;;Mercedita;;;gol.;1852_12_22;Matanzas;;
;;N/A: ;;;Cobriera;pat.;;;;;De Sierra Morena gol. Ignacita, pat. Cobriera, con 101 cajas de;;Ignacita;;;gol.;1852_12_22;Sierra Morena;;
;;N/A: ;;;García;pat.;;;;;De Santa Cruz gol. Lina y Silvia, pat. García, con 11 cuartero-;;Lina y Silvia;;;gol.;1852_12_22;Santa Cruz;;
;;N/A: ;;;Sevilla;pat.;;;;;De Nueva Vistagol. Nueva Empresa, pat. Sevilla, con 201 cueros,;;Nueva Empresa;;;gol.;1852_12_22;Nueva Vistagol;;
;;N/A: ;;;Oliver;pat.;;;;;De Cárdenas gol. Rita, pat. Oliver, con 37 sacos de café.;;Rita;;;gol.;1852_12_23;Cárdenas;;
;;N/A: ;;;Sanchez;pat.;;;;;De Matanzas berg. Napoleon, pat. Sanchez, con 111 rajas y Jes-;;Napoleon;;;berg.;1852_12_24;Matanzas;;
;;N/A: ;;;Dupotet;pat.;;;;;De Mayagó Gol Herminia, pat. Dupotet, con 611 tercios de taba-;;Herminia;;;Gol;1852_12_24;Mayagó;;
;;N/A: ;;;Concepción;pat.;;;;;De Sagua la Grande p.p. Eugenia, pat. Concepción, con 151 ca-;;Eugenia;;;p.p.;1852_12_25;Sagua la Grande;;
;;N/A: ;;;P fierro;pat.;;;;;De Gardenas gol. Vengativa, pat. P fierro, con 6 pipas de aguar-;;Vengativa;;;gol.;1852_12_29;Gardenas;;
;;N/A: ;;;Prieto;pat.;;;;;De Banes gol. Caridad, patron Prieto, con 25 hocoyes miel de;;Caridad;;;gol.;1852_12_29;Banes;;
;;N/A: ;;;Romero;pat.;;;;;De Gitarra gol. Nico'asita, pat. Romero, con 40l tercios de ta-;;Nico'asita;;;gol.;1852_12_29;Gitarra;;
;;N/A: ;;;Gámez;pat.;;;;;De Mttanzas gol. Josefina, pat. Gámez, con 500 cajas de azúcar.;;Josefina;;;gol.;1852_12_29;Mttanzas;;
;;N/A: ;;;Gonzalez;pat.;;;;;De Gabanás gol. Juanita, pat. Gonzalez, con 45 pipas de aguar-;;Juanita;;;gol.;1852_12_29;Gabanás;;
;;N/A: ;;;Gonzalez;pat.;;;;;De Baracoa gol. Mencelita, pat. Gonzalez, con 25 hocoyes mie-;;Mencelita;;;gol.;1852_12_29;Baracoa;;
;;N/A: ;;;Perez;pat.;;;;;De Batabanó gol. Carlota, pat. Perez, con 28 pipas de aguar-;;Carlota;;;gol.;1852_12_29;Batabanó;;
