arrival_date;arrival_date_calc;cargo_list;master_name;master_role;publication_day;raw_text;ship_flag;ship_name;ship_type;source_file;travel_departure_port
;;N/A:  | N/A:  | N/A:  | N/A:  | N/A:  | N/A: ;on.;cap.;;Bro 39.- De Guyo-Huero vir. am. Neptune, cap. on. 35. con perado, a los Sres. Schnebeliusy C.A. Inmig. en 6 dias berg. am. John Baich, capitan op. 169, con maderas, a los Sres. S. C. Burnham, y land ou 16 dias berg. am. Forest City, cap. Bais, ou carrasas, 4 D. J. M. Morales y comp. Mis en 39 dias berg. emp. Ban Jom, cap. Zabala, on frutos, a D. J. de la Portilla—Pascal. A ascofa en 10 maderas, am. Rowlais, cap. Drink- l. 179, con maderas, A.D. S. C. Burnham y comp. De Nueva-York en 3 dias vapor am. Quaker-City, Reid. ton. 1423, con efectos, a D. I. M. Zangrulis y asaj. 57.;am.;Neptune;berg.;1861_01_01;Guyo-Huero
Día 8:;;N/A:  | N/A:  | N/A:  | N/A:  | N/A: ;Car- l. 287;cp.;;York en 8 dias berg. am. S. C. Adams, cp. Car- l. 287, con maderas. A la señora Vlada de Horn 6 y Pto. Rico en 41 dias frag. cep. Victorina, cap. ton. 253, con efectos, a los Sres. Polisoc y comp. -nzanillo en 8 dias pol. cep. Ropita, ep. Guverman, con lema & los Sres. Ganel y Garvaka. -Iland en 17 dias berg. am. Canimar, ep. Perkin- .24, con envase, a los Sres. Don I. M. Zangrulis y a. -Conduce al capitán y 3 mariperos del pail. am. r. que navegando de Bath para Boston se perdí en 12 y loaghad 74: 10 in. 5 14 millon del cabo Eliza-;am.;S. C. Adams;berg.;1861_01_01;York
Día 10:;;N/A:  | N/A: ;Manau;cap.;;De Curazao en 10 días pol. esp. Anita, cap. Manau, ton. 153, con sál. los Sres. Escaturiza y Serpa.;esp.;Anita;pol.;1861_01_02;Curazao
Día 10:;;N/A: ;Miller;cap.;;De Bath en 10 días barca amor thie, cap. Miller, ton. 458, c 5 envases, á D. J. M. Morales y comp.;;amor thie;barca;1861_01_02;Bath
Día 32:;;N/A: ;Hamon;cap.;;De Cardiff en 32 días berg. francés Pollux, cap. Hamon, ton. 198, con carbon al cap.;francés;Pollux;berg.;1861_01_02;Cardiff
Día 21:;;N/A: ;Lewis;cap.;;De Portland en 21 días berg. am. George Thomas, cap. Lewis, ton. 934, con envases á los Sres. Gibson y Fisher.;am.;George Thomas;berg.;1861_01_02;Portland
Día 57:;;N/A: ;Bombarello;cap.;;De Cardiff en 57 días berg. aust. Pravolavini, cap. Bombarello, ton. 365, con carbon al cap.;aust.;Pravolavini;berg.;1861_01_02;Cardiff
Día 28:;;N/A: ;Bradley;cap.;03-01-YYYY;Enero 3.- De Wiscasset en 25 días berg. am. J. M. Sawyer, cap. Bradley, ton. 231, con envasos a los Sres. S. y cp.;am.;J. M. Sawyer;berg.;1861_01_04;Wiscasset
Día 7:;;N/A: ;Reed;cap.;;De Panaacola en 7 días frag. am. W. E. Anderson, cap. Reed, ton. 462, con maderas a los Sres. S. C. Burnham y cp.;am.;W. E. Anderson;frag.;1861_01_04;Panaacola
Día 11:;;N/A: ;Foster;cap.;;De Portland en 11 días gol. am. J. A. Griffin, cap. Foster, ton. 296, con maderas, á D. J. Gómez y comp.;am.;J. A. Griffin;gol.;1861_01_04;Portland
Día 10:;;N/A: ;Tahbot;cap.;;De Portland en 10 días berg. am. S. H. Small, cap. Tahbot, ton. 197, con maderas, á los Sres. Guillen, Galvez y comp.;am.;S. H. Small;berg.;1861_01_04;Portland
Día 12:;;N/A: ;Captain Strong;cap.;;De Wiscasset en 12 días berg. am. E. M. Strong, cap. Captain Strong, ton. 266, con envasos, á D. J. N. Gómez y comp.;am.;E. M. Strong;berg.;1861_01_04;Wiscasset
Día 9:;;N/A:  | N/A: ;Chase;cap.;;Enerp 4.—De New-Port en 9 días frag. am. Martha Ann, cap. Chase, ton. 240, con vivieres y arcos, à D. S. C. Burhain y comp.;am.;Martha Ann;frag.;1861_01_05;New-Port
;;N/A: ;Rathburn;cp.;;De Cayo-Hucho viv. am. Wanderer, cp. Rathburn, ton. 33, con pecado, à los Sros. Schnabelins x cp.;viv.;Wanderer;am.;1861_01_05;Cayo-Hucho
Día 11:;;N/A: ;Staples;cp.;;De Belfast en 11 días berg. am. Deunarh, cp. Staples, ton. 318, con envase, à los Sres. S. C. Burnham y cp.;am.;Deunarh;berg.;1861_01_05;Belfast
Día 12:;;;;cap.;;De Wicaset en 12 días berg. amer. Phebo A. Page, cap.;amer.;Phebo A. Page;berg.;1861_01_06;Wicaset
Día 12:;;;Benson;cap.;;De Portland, en 12 días berg. amer. Bumpio, cap. Benson,;amer.;Bumpio;berg.;1861_01_06;Portland
;;;Williams;cap.;;De Cayo-Huano vivero amer. Rattler, cap. Williams, ton.;;Rattler;vivero;1861_01_06;Cayo-Huano
Día 35:;;;Mr.;cap.;;De Terranova en 35 días berg. ing. Ann Jonston, cap. Mr.;ing.;Ann Jonston;berg.;1861_01_06;Terranova
Día 14:;;N/A: ;Piacis;cap.;;De Buenos Aires y Matanzas en 14 dias frag. franc. independencon, cap. Piacis, ton. 195, con tassjo, á los Sro. Caro y compa.;franc.;independcon;frag.;1861_01_08;Buenos Aires y Matanzas
Día 1:;;N/A: ;Gomez;cp.;;De Sagu, la Grande en 1 dia berg. esp. Fabian, cp. Gomez, ton. 112, en lastre, á los Srea. San Pelayo, P. y comp.;esp.;Fabian;berg.;1861_01_08;Sagu, la Grande
Día 6:;;N/A: ;Carmin;cap.;;De Charleston en 6 dias apal. amer. Plyng Stud, cap. Carmin. ton. 145, con arroz, á D. J. M. Morales y comp.;amer.;Plyng Stud;apal.;1861_01_08;Charleston
Día 11:;;N/A: ;Coombs;cap.;;De New-York en 11 dias berg. amer. Bolle Barnard, cap. Coombs, toh. 325, con efectos, á los Sro. Bascariza y Ser.;amer.;Bolle Barnard;berg.;1861_01_08;New-York
Día 4:;;N/A:  | N/A: ;Berry;cap.;;De Panascola en 4 dias berg. amir. L. M. Merritt, cap. Berry, ton. 90, con maderas y ladrillos, á D. S. C. Burnham y comp.;am;L. M. Merritt;berg.;1861_01_08;Panascola
Día 12:;;N/A: ;Wright;cap.;;De Mobila en 12 dias gol. amer. Eduard Barnard, cap. Wright, ton. 143, con maderas, á D. A. Roig y comp.;amer.;Eduard Barnard;gol.;1861_01_08;Mobila
Día 5:;;N/A: ;Bullock;cap.;;De New-York en 5 dias vapor am. Bienjillo, cap. Bullock, ton. 1600, con efectos, á los Srea. Cahuzac H. -Pasag. 10x.;am.;Bienjillo;vapor;1861_01_08;New-York
Día 6:;;N/A: ;Lewis;cap.;;De Tampico y Veracruz en 6 dias vapor ing. Clyde, cap. Lewis, ton. 1070, con efectos, al Sr. Cónsal ingl. -Pasag. 20.;ing.;Clyde;vapor;1861_01_08;Tampico y Veracruz
Día 2:;;N/A: ;Johnston;cap.;;De New-Orleans en 2 dias rap. am. De Soto, cap. Johnston, ton. 1600, con efectos, á los Srea. Cahuzac H. -Pasag. 33. -Salo mañana á las 12 para New-York.;am.;De Soto;rap.;1861_01_08;New-Orleans
Día 11:;;N/A: ;Ellingwood;cap.;;De New-York en 11 dias berg. am. Yanthe, cap. Ellingwood, ton. 242, con efectos, á los Srea. Perez y Martínez.;am.;Yanthe;berg.;1861_01_08;New-York
Día 55:;;N/A:  | N/A:  | N/A: ;Oliver;cap.;;De Buenos-Aires en 55 dias pol. esp. Isabell, cap. Oliver, ton. 305, con tassjo á los Srea. Sam. y cp.;esp.;Isabell;pol.;1861_01_08;Buenos-Aires
Día 2:;;N/A:  | N/A: ;Weir;cap.;;Rnro 8.—Do Tampa y Cayo-Hueco en 2 días vap. am. Salvador, cap. Weir, tom. 430. con ganado y aves á los Sres. D. S. C. Burnham y cp.;am.;Salvador;vap.;1861_01_09;Tampa y Cayo-Hueco
Día 10:;;N/A: ;Morrows;cap.;;De New-York en 10 días pail. am. Phoe, cap. Morrows, tom. 123, con efectos, á los Sres. Ulricl, P. y cmp.;am.;Phoe;pail.;1861_01_09;New-York
Día 44:;;N/A:  | N/A: ;Walte;cap.;;De Liverpool en 44 días frag. am. Abby Blanchard, cap. Walte. 590, con carbon, á la compañía del gas. De Mobila en 3 días pail. am. Chevist, esp. Strout, tom. 120, con maderas, á los Sres. S. Pelayo. P. y comp.;am.;Abby Blanchard;frag.;1861_01_09;Liverpool
Día 10:;;N/A: ;Reed;cap.;;De Savannah en 10 días borg. am. Gem, cap. Reed, tom. 101, con maderas, á los Sres. S. O. Burnham y comp.;am.;Gem;borg.;1861_01_09;Savannah
Día 5:;;;Vright;cap.;;De Jacksonville en 5 dias pail. am. Atlantic, cap. Vright,;am.;Atlantic;pail.;1861_01_10;Jacksonville
Día 65:;;;;;;De Buenos Aires en 65 dias berg. esp. Jóven Eduardo,;esp.;Jóven Eduardo;berg.;1861_01_10;Buenos Aires
;;;Francisco;cap.;;Para Avilés berg. cap. Francisco, cap. Fuenti, por don J. de la Partilla.;;;berg.;1861_01_10;
Día 6:;;;Sullivan;cap.;;De Pausacola en 6 dias berg. ing. Triumph, cap. Sullivan,;ing.;Triumph;berg.;1861_01_10;Pausacola
;;;Bernard;cap.;;Para Cárdenas frag. frane. Tarene, cap. Bernard, por los sedores C. Caro y comp.;;Tarene;frag.;1861_01_10;Cárdenas
;;;D. José Rodríguez de Arias;cap.;10-01-YYYY;Enero 10.- De Nueva-York frag. de hélice do S. M. Reenguela, comand. el cap. de navío D. José Rodríguez de Arias.;;Reenguela;frag.;1861_01_11;Nueva-York
;;;Griffin Esqr.;com.;;De Mobila vapor de los Estados-Unidos Crusader, com. Griffin Esqr.;Estados-Unidos;Crusader;vapor;1861_01_11;Mobila
Día 19:;;N/A: ;Crosby;cap.;12-01-XXXX;Enero 12.- De Colon en 19 dias berg. ing. Martha, cap. cap. Crosby, ton. 271, en lastre, al capitan.;ing.;Martha;berg.;1861_01_13;Colon
Día 3:;;N/A:  | N/A:  | N/A:  | N/A:  | N/A: ;Minana;cap.;;De Matanzas en 3 dias berg. esp. Cid, cap. Minana, toneladas 225, en lastre, a los Sre. Noriega, O. y cp.;esp.;Cid;berg.;1861_01_13;Matanzas
Día :;;;;;;De arribada por bacer agua el berg. esp. Firmé, que había salido el 6 para santand.;esp.;Firmé;berg.;1861_01_13;
Día 60:;;N/A: ;Bengochea;cap.;;De Amberes en 60 días berg. esp. Ramon, cap. Bengochea, ton. 175, con mercancías, á los Sres. Balbiani y cp.;esp.;Ramon;berg.;1861_01_15;Amberes
Día 60:;;N/A: ;Prince;cap.;;De Troon en 60 días frag. am. Rialto, cap. Prince, tonel. 499, con carbón, al capitán.;am.;Rialto;frag.;1861_01_15;Troon
Día 60:;;N/A: ;Alcina;cap.;;De Montevideo en 60 días pol. esp. Silencio, cap. Alcina, ton. 164, con taxajo, á los Sres. Samá, S. y cp.;esp.;Silencio;pol.;1861_01_15;Montevideo
Día 47:;;N/A: ;Bastarrechea;cap.;;De Liverpool en 47 días berg. esp. Esperanza, cap. Bastarrechea, ton. 267, con mercancías, al capitán.;esp.;Esperanza;berg.;1861_01_15;Liverpool
Día 1:;;N/A: ;Arceña;cap.;;De Canarias y Matanzas en 1 día del segundo frag. esp. Gran Canaria, cap. Arceña, ton. 523, con efectos, á los señores Vale Icis y Cruz.;esp.;Gran Canaria;frag.;1861_01_15;Canarias y Matanzas
Día 55:;;N/A:  | N/A: ;Coll.;cap.;;De Montevideo en 55 días pol. esp. Anita, cap. Coll. ton. 200, con tazao, á los señores Escauriza y Serpa.;esp.;Anita;pol.;1861_01_16;Montevideo
Día 25:;;N/A: ;Mier;cap.;;De Santander en 25 días vapor esp. Montañesa, cap. Mier, ton. 366, con harina, á D. J. M. Morales y comp. —Pasag. 291.;esp.;Montañesa;vapor;1861_01_16;Santander
Día 51:;;N/A: ;Achutegui;cap.;;De Liverpool en 51 días frag. cap. Perfecta, cap. Achutegui, ton. 237, con mercancías, á los Srec. Caro y comp.;;Perfecta;frag.;1861_01_16;Liverpool
;;N/A: ;Reed;cap.;;De Cayo-Huevo vivero am. Prulie, cap. Reed, ton. 27, cou pescado, á D. F. Schnabellus y comp.;am.;Prulie;vivero;1861_01_16;Cayo-Huevo
Día 19:;;N/A: ;Rocá;cap.;;De Curazao en 19 días frag. cap. Julieta, cap. Rocá, ton. 266, con rai, á los Srec. Torres y Comellas.;;Julieta;frag.;1861_01_16;Curazao
Día 12:;;N/A:  | N/A: ;Holsé;cap.;;De Savannah en 12 días berg. amir. H. Balch, cap. Holsé, ton. 144, con arroz y maderas, á D. M. A. Herrera y comp.;am;H. Balch;berg.;1861_01_16;Savannah
Día 6:;;N/A: ;Brewster;cap.;;De St. Mary's en 6 días pail. am. James M. Holmes, cap. Brewster, ton. 295, con maderas, á D. J. M. Morales y comp.;am.;James M. Holmes;pail.;1861_01_17;St. Mary's
Día 11:;;N/A: ;Goodl;cap.;;De Jacksonville en 11 días berg. am. Frances Arthemic, cap. Goodl, ton. 154, con maderas, á los Sres. Cahuzac hermanos.;am.;Frances Arthemic;berg.;1861_01_17;Jacksonville
Día 15:;;N/A:  | N/A: ;Meare;cap.;;De Boston en 15 días pail. am. B. Flaner, cap. Meare, ton. 257, con envasas, á los Sres. Cahuzac hermanos.—Pasaj. 3.;am.;B. Flaner;pail.;1861_01_17;Boston
Día 21:;;N/A: ;Henderson;cap.;;De Portland en 21 días berg. am. May Flower, cap. Henderson, ton. 153, con maderas, á D. N. J. Gomez y cp. Young.;am.;May Flower;berg.;1861_01_17;Portland
Día 18:;;N/A: ;D. N. J. Gomez;cap.;;De Portland en 18 días pail. am. Harriett, cap. D. N. J. Gomez y cp. ton. 147, con durmientes á los Sres. D. N. J. Gomez y cp.;am.;Harriett;pail.;1861_01_17;Portland
Día 8:;;N/A: ;Lencurier;cap.;;De New-York y Nassau en 8 días vap. ing. Karnak, cap. Lencurier, ton. 997, con efectos, á los Sres. D. J. M. Morales y cp.—Pasaj. 22.;ing.;Karnak;vap.;1861_01_17;New-York y Nassau
Día 6:;;N/A: ;Osmís;cap.;17-01-XXXX;Enero 17.- De Sisal on 6 días pol. esp. Tercita, cap. Osmís, tou. 97, con efectos, á D. S. Villaverde.;esp.;Tercita;pol.;1861_01_18;Sisal
Día 52:;;N/A: ;Bulloch;cap.;;De Nueva-Orleans on 52 horas vaporam. Bienville, cap. Bulloch, tou. 1633, con efectos, á los Sres. Cahuzac H.-Pasageros 59.;;Bienville;vapor;1861_01_18;Nueva-Orleans
Día 50:;;N/A: ;Iseu;cap.;;De Montevideo y Matanzas en 50 días pl. esp. María Arunta, cap. Iseu, ton. 156, con taxajo. á los Sres. Samá, S. y comp.;esp.;María Arunta;pl.;1861_01_18;Montevideo y Matanzas
Día 19:;;N/A: ;Palmer;cp.;;De Portland en 19 días pail. amer. M. Roxana, cp. Palmer, tons. 1-4, con envasas, al capitan.;amer.;M. Roxana;pail.;1861_01_18;Portland
Día 14:;;N/A: ;Thorp;cp.;;De Savannah en 14 días berg. amor. Hope, cp. Thorp, ton. 183, con maderas, á los señores D. M. A. Herrera y comp.;;amor. Hope;berg.;1861_01_18;Savannah
Día 62:;;N/A: ;Rodriguez;cap.;;De Montevideo en 62 días pol. esp. Nueva Angelita, capitan Rodriguez, tons. 152, con taxajo, á los señores Llanuza y comp.;esp.;Nueva Angelita;pol.;1861_01_18;Montevideo
Día 90:;;N/A: ;Fábregas;cp.;;De Montevideo y Matanzas en 90 días pol. esp. Felicia, cp. Fábregas, ton. 212, con taxajo, á los señores Samá, Sotolongo y 11.;esp.;Felicia;pol.;1861_01_18;Montevideo y Matanzas
Día 26:;26-01-XXXX;N/A: ;Lawless;cap.;19-01-XXXX;Enero 19.- De New-York en 7 días vap. am. W. G. Howe, cap. Lawless, ton. 747, con efectos, á los Sres. Cahuza H.-Parag. 52.;am.;W. G. Howe;vap.;1861_01_19;New-York
;;N/A: ;Charles;cap.;;De Caxo-Hueco viv. am. C. W. Chipman, cap. Charles, ton. 39, con pescado, á D. F. Schnabeliuy y cp.;am.;C. W. Chipman;am.;1861_01_19;Caxo-Hueco
Día 13:;;N/A: ;Melville;cap.;;De New-Port en 13 días berg. am. Redwood, cap. Melville, ton. 144, con viveres, á D. S. C. Burnham y cp.;am.;Redwood;berg.;1861_01_19;New-Port
Día 47:;;N/A:  | N/A:  | N/A: ;Ana;cap.;;De Montovide y Matanzas en 47 días frag. esp. cap. Ana, cap. Sensat, ton. 245, cont. tas. á los Sres. Samí, S. y comp.;esp.;;frag.;1861_01_19;Montovide y Matanzas
Día 18:;;N/A: ;Cook;cap.;;De New-York en 18 días pail. am. Pilots Bride, cap. Cook, ton. 22, con efectos, al capitán.;am.;Pilots Bride;pail.;1861_01_19;New-York
Día 19:;;N/A: ;Thompson;cp.;;De N. York en 19 días berg. am. Jacob Dock, cp. Thompson, ton. 393, con mercancías, al cap.;am.;Jacob Dock;berg.;1861_01_19;N. York
Día 10:;;N/A: ;Gulde;cp.;;De N. York en 10 días frag. am. D. Jex, cp. Gulde, tn. 319, comerciarias.;am.;D. Jex;frag.;1861_01_19;N. York
;;N/A: ;Cunningham;cap.;;De Cayo-Hueso viv. am. Jessie Pinckney, cap. Cunningham, ton. 36, con pecado, á los Srea. Schnabelius y comp.;am.;Jessie Pinckney;viv.;1861_01_22;Cayo-Hueso
Día 8:;;N/A: ;Briggs;cap.;;De Mobla en 8 días pail. am. los Srea. Panny Porr, cap. Briggs, ton. 119, con maderas, á D. A. Roig y comp.;am.;Srea. Panny Porr;pail.;1861_01_22;Mobla
;;N/A: ;Rogers;cap.;;De Cayo-Hueso viv. am. Comet, cap. Rogers, ton. 43, con pecado, á los Srea. Schnabelius y comp.;am.;Comet;viv.;1861_01_22;Cayo-Hueso
Día 16:;;N/A: ;Sleeper;cap.;;De Boston en 16 días frag. am. Pathhinder, cap. Sleeper, ton. 400, con efectos, á D. M. Herrera y comp.;am.;Pathhinder;frag.;1861_01_22;Boston
Día 5:;;N/A: ;capitán Shafield;cap.;;De New-York en 5 días vap. amer. Quaker City, cap. capitán Shafield, ton. 1435, con efectos, á D. I. M. Zangroniz y compa.;amer.;Quaker City;vap.;1861_01_22;New-York
Día 54:;;N/A: ;Isern;cp.;;De Barcelona y Manzanillo en 54 días pol. esp. Ronda, cp. Isern, ton. 135, con efectos, á los Sres. Llanuza. H? y compañía.;esp.;Ronda;pol.;1861_01_23;Barcelona y Manzanillo
Día 4:;;N/A:  | N/A:  | N/A: ;D. Francisco de P. Ramos Izquierdo;cap.;;De la mar vapor de S. M. Francisco de Asía, su command. el Sr. capitán don navío D. Francisco de P. Ramos Izquierdo. De Sántomas en 4 días rop. Ing. Teviot, Gilluts, ts. 1,130, con efectos, al Sr. Cónsul inglés.—Pañag. 50.;ing.;Francisco de Asía;vapor;1861_01_23;Sántomas
Día 14:;;N/A: ;Shute;cap.;;De Pansacola en 14 días berg. am. Isaac Carver, cap. Shute, ta. 196, con maderas, á los Sres. Adot, S. y Cp.;am.;Isaac Carver;berg.;1861_01_23;Pansacola
;;N/A: ;Donnison;cap.;;De Cayo-Hueso viv. am. William Batty, cap. Donnison, ton. 63, con percado, á D. F. Schnabelius y cp.;viv.;William Batty;am.;1861_01_24;Cayo-Hueso
Día 53:;;N/A: ;Sennat;cap.;;De Buenos-Aires en 53 días berg. esp. Celestina, cap. Sennat, ton. 254, con tazos, á los Sres. Escauriza y Serpa.;esp.;Celestina;berg.;1861_01_24;Buenos-Aires
;;;D. Victor Suarez;cap.;23-01-2023;Fenero 23.- De la Guaira berg. de S. M. Habanero, conte el cap. de frag. D. Victor Suarez.;;Habanero;berg.;1861_01_25;La Guaira
Día 7:;;N/A: ;Carolina;cap.;;De Cuba 'en 7 dias pol. cap. Carolina, cap. Arimom, ton. 115, con efectos al cap.;;;pol.;1861_01_25;Cuba
Día 14:;;N/A: ;Mc. Gill;cap.;24-01-XXXX;Enero 24.- De New-York en 14 dias frag. amer. James Welsh, cap. Mc. Gill, ton 327, con mercancías, á los señores Galdiz y Nenminger.;amer.;James Welsh;frag.;1861_01_25;New-York
Día 18:;;N/A: ;Noyes;cap.;;De Baltimore en 18 dias frag. am. John Knox, cap. Noyes, ton. 330, con carbon, al capitan.;am.;John Knox;frag.;1861_01_25;Baltimore
Día 17:;;N/A:  | N/A:  | N/A: ;Haynes;cap.;;De Portland en 17 dias berg. am. Mecosta, cap. Haynes, tons. 222, con cuvas, al capitan.;am.;Mecosta;berg.;1861_01_25;Portland
Día 11:;;N/A: ;West;cap.;;De Wilmington en 11 dias berg. am. (Geo. Albert, capitan West) ton. 199, con maderas, á D. S. de la Huerta.;am.;Geo. Albert;berg.;1861_01_25;Wilmington
Día 16:;;N/A: ;Bartlett;cap.;;De Portland en 16 dias frag. am. Mary Sawyer, cap. Bartlett, ton. 276, con envases, á D. J. M. Morales y Comp.;am.;Mary Sawyer;frag.;1861_01_25;Portland
Día 10:;;N/A: ;Bangs;cap.;;De Filadelfia en 10 dias pail. am. Nightingale, cap. Bangs, ton. 164, con efectos, á D. J. Carricaburu.;am.;Nightingale;pail.;1861_01_25;Filadelfia
;;N/A: ;Perez;cap.;;De Cayo-Hueco viv. am. Julia Latham, cap. Perez, ton. 50, con pescado á D. P. Marty.;am.;Julia Latham;am.;1861_01_25;Cayo-Hueco
Día 73:;;N/A: ;Vau- Yos;cap.;;De New-Castle en 73 dias berg. hol. Libra, cap. Vau- Yos, ton. 219, con carbon á la Comp. del gas.;hol.;Libra;berg.;1861_01_25;New-Castle
Día 7:;;N/A: ;Rodriguez;cap.;;De Tabasco en 7 dias berg. cap. Yucatán, cap. Rodriguez, ton. 133, con efectos á los Sres. Bustamante y Cp.;;Yucatán;berg.;1861_01_25;Tabasco
Día 5:;;;S. M.;cap.;;De Yeracruz en 5 días vap. de S. M. Blanco de Garay, su;;Blanco de Garay;vap.;1861_01_26;Yeracruz
Día 58:;;;;;;De Bremen y Matanzas en 58 días frag. brem. Meridian,;brem.;Meridian;frag.;1861_01_26;Bremen y Matanzas
Día 20:;;;Wright;cp.;;De Filadelfia en 20 días berg. ing. Ashley, cp. Wright, in.;ing.;Ashley;berg.;1861_01_26;Filadelfia
Día 11:;;N/A: ;Collins;cp.;;De Còon en 11 días pall. ing. Binerca, cp. Collins, in. 64,;ing.;Binerca;pall.;1861_01_26;Còon
Día 18:;;N/A: ;Cook;cap.;;De Píldad elíq en 18 días pall. am. Dirge, cap. Cook, tos.;am.;Dirge;pall.;1861_01_26;Píldad
Día 7:;;N/A: ;Sanders;cap.;;De Michell en 7 días pall. am. Rautfras, cap. Sanders, ton.;am.;Rautfras;pall.;1861_01_26;Michell
Día 17:;;;capitan;cap.;;De Bristol en 17 días berg. am. Mary C. Pierce, capitan;am.;Mary C. Pierce;berg.;1861_01_26;Bristol
Día 6:;;N/A: ;Johnston;cap.;;De New-York en 6 días vapor am. De-Soto, cap. Johnston, ton. 1600, con efectos, à los Sres. Cahucac H.-Pasag. 84.;am.;De-Soto;vapor;1861_01_29;New-York
Día 74:;;N/A:  | N/A:  | N/A: ;H.-low;cap.;;De Amberes en 74 días frag: am. W. A. Banks, cap. H.-low, ton. 467, con larrillos, à los Sres. Schasfeunberg. T. v.-Dol Havro en 75 días berg, cse. Antonio, cap. cap. 1°-28, ton. 242, con mercancías, à los Sres. Caro y comp.-P. oidea, De Hamburg en 61 días berg, cap. Nuevo Senor A. G. Larrabazal, ton. 240, con mercancías, à los Sres. A. D. J. M. Morales y comp.;am.;W. A. Banks;frag;1861_01_29;Amberes
Día 7:;;N/A: ;Thompson;cap.;;De Nassau en 7 días pail. inglés Annie, cap. Thompson, ton. 23, en lastre, à los Sres. Solá y Carbovell.;inglés;Annie;pail.;1861_01_29;Nassau
Día 16:;;N/A: ;Shaw;cap.;;De Norfolk en 16 días pail. am. J. W. Fich, cap. Shaw, te. 257, con afe, à los Sres. N. J. Gomez y comp.;am.;J. W. Fich;pail.;1861_01_29;Norfolk
Día 45:;;N/A: ;Obe (Oberador), cap. Vidal;cap.;23-01-XXXX;Enero 23.- De Cláiz y Tenerife en 45 días frag. cap. Obe (Oberador), cap. Vidal, ton. 255, con frutos, à los Sres. García y Barón.-Page. 34.-Adomán conduce 27 náuticos de la frag. am. David Brown, cuyos individuos reconocen el 14 de enero en latitud 19° 19' Oeste y long. 41° 23' minutos.;am.;David Brown;frag.;1861_01_29;Cláiz y Tenerife
Día 56:;;N/A: ;Larrauri;cap.;;Del Havre en 56 días berg. cap. Ntra. Sra. del Carmen, cap. Larrauri, ton. 174, con mercancías, à los Sres. Higal D. y cp.;;Ntra. Sra. del Carmen;berg.;1861_01_29;Havre
Día 43:;;N/A: ;García;cap.;;De la Coruña en 43 días frag. cap. Teresa, cap. García, ton. 200, con frutos, à los Sres. Samá S. y comp.-Pasag. 45.;;;frag.;1861_01_29;la Coruña
Día 4:;;N/A: ;Grant;cap.;;De Panzacola en 4 días berg. am. Fanny Field, cap. Grant, ton. 331, con maderas, al Sr. Bonet.;am.;Fanny Field;berg.;1861_01_29;Panzacola
Día 10:;;N/A: ;Heyzen;cp.;;De Norfolk en 10 días frag. danesa Helvitten, cp. Heyzen, ton. 434, con maderas, al cap.;danesa;Helvitten;frag.;1861_01_29;Norfolk
Día 15:;;N/A: ;Stapley;cap.;;Kerme 39 - De Portland en 15 días berg. am. James B. Davis, cap. Stapley, ton. 17 con derrames en los Sres. N. J. Gomez y cp.;am.;James B. Davis;berg.;1861_01_30;Portland
Día 15:;;N/A:  | N/A: ;Fiod.;cp.;;De Cardiff en 15 días frag. una Ferrovia cp. Fiod. ton. 285, con carbón, sleep.;;Ferrovia;frag.;1861_01_30;Cardiff
Día 5:;;N/A: ;Smith;cp.;;De Tron en 5 días frag. am. Ben. Porrance, cp. Smith, ton. 225, con carbón, al capitán.;am.;Ben. Porrance;frag.;1861_01_30;Tron
Día 15:;;N/A: ;Wilkins;cap.;;De Cardiff en 15 días frag. am. Lexington, cap. Wilkins, ton. 341, con carbón, al Capitán.;am.;Lexington;frag.;1861_01_30;Cardiff
Día 12:;;N/A:  | N/A:  | N/A: ;Higley;cap.;;De Wilmington en 12 días berg. am. Walash, cap. Higley, ton. 355, con madera, 4 D. S. C. Burnham y cp.;am.;Walash;berg.;1861_01_30;Wilmington
Día 15:;;N/A: ;Mc Donald;cap.;;De Portland en 15 días berg. am. Elmer, cap. Mc Donald, ton. 179, con madera, al capitán.;am.;Elmer;berg.;1861_01_30;Portland
Día 14:;;N/A: ;Hathaway;cap.;;De Wiscons en 14 días frag. am. Samuel Shepherd, cap. Hathaway, ton. 357, con cuervos, a los Sres. Adol. S. y C.;am.;Samuel Shepherd;frag.;1861_01_30;Wiscons
Día 21:;;N/A: ;Green-lant;cap.;;De Portland en 21 días berg. am. Rio Grande, cap. Green-lant, ton. 195, con cuervos, al capitán.;am.;Rio Grande;berg.;1861_01_30;Portland
Día 1:;;N/A:  | N/A: ;Littlefield;cap.;;De Portland en 1 días paíl. am. White, Sop. cap. Littlefield, ton. 177, con madera, 5 D. J. M. Morales y comp.;am.;White, Sop.;paíl.;1861_01_30;Portland
Día 15:;;N/A: ;Fede-Vaft;cap.;;De Liverpool en 15 días frag. esp. María Justa, cap. Fede-Vaft, ton. 225, con mercancías, al capitán.;esp.;María Justa;frag.;1861_01_30;Liverpool
Día 6:;;N/A: ;capitán Cooper;cap.;;De Liverpool en 6 días frag. am. Almanda Sper, cap. capitán Cooper, ton. 497, con efectos, a los Sres. Scharenberg, T. y comp.;am.;Almanda Sper;frag.;1861_01_30;Liverpool
Día 12:;;N/A:  | N/A: ;Deve-reux;cap.;;De New-York en 12 días frag. am. Orychila, cap. Deve-reux, ton. 357, con efectos, a los Sres. Adol. S. y cp. -Pasageros 6.;am.;Orychila;frag.;1861_01_30;New-York
Día 65:;;N/A: ;Pode ton.;cap.;;De Tron en 65 días frag. am. Martha Rideout, cap. Pode ton. 778, con carbón, al capitán.;am.;Martha Rideout;frag.;1861_01_30;Tron
Día 17:;;N/A:  | N/A: ;Freub;cap.;;De Bórt en 17 días frag. am. John W. Andrews, capitan Freub, ton. 418, con hielo y efectos, a D. L. M. Zangroniz y compañía.;am.;John W. Andrews;frag.;1861_01_30;Bórt
Día 16:;;N/A: ;Lane;cap.;;De New-York en 16 días berg. am. Africa, cap. Lane, ton. 193, con mercancías, al capitán.;am.;Africa;berg.;1861_01_30;New-York
Día 20:;;N/A: ;Aguilar;cap.;;Euro 39.- De Fernandina en 20 días frag. csp. Joselina, cap. Aguilar, ton. 259, con maderas, á los Sres. Valencia y Cruz.;csp.;Joselina;frag.;1861_01_31;Fernandina
Día 54:;;N/A: ;Bastarache;cap.;;De Liverpool en 54 días frag. csp. Felipe y Víctora, cap. Bastarache, ton. 270, con efectos, á los Sres. Scharfberg y comp?;csp.;Felipe y Víctora;frag.;1861_01_31;Liverpool
Día 23:;;N/A: ;Artaza;cap.;;De Fernandina en 23 días berg. csp. Juana Teresa, cap. Artaza, ton. 133, con maderas, á los Sres. Mauri y Sobrino.;csp.;Juana Teresa;berg.;1861_01_31;Fernandina
Día 56:;;N/A:  | N/A: ;Maun- ken;cap.;;De Rotterdam en 56 días berg. hol. Ceres, cap. Maun- ken, ton. 145, con ríveres y lacrúidos, al cap. an.;hol.;Ceres;berg.;1861_01_31;Rotterdam
Día 11:;;N/A:  | N/A: ;Baynes;csp.;;De Béstón en 11 días frag. am. Preet Balc, csp. Baynes, ton. 350, con efectos, á los Sres. M. A. Herrera y comp. - Para- geras 3.;am.;Preet Balc;frag.;1861_01_31;Béstón
Día 50:;;N/A: ;Ibínga;cap.;31-01-1892;Bueno 31.- De Liverpool en 50 dias berg. esp. Manuel cap. Ibínga, ton. 191, con mercancías, al capitán.;esp.;Manuel;berg.;1861_02_01;Liverpool
Día 8:;;N/A: ;Thompson;cap.;;De Pansacola en 8 días berg. um. Nebraska, cap. Thompson, ton. 379, con maderas, á los Sres. Adot S. y cp.;;Nebraska;berg.;1861_02_01;Pansacola
Día 21:;;N/A: ;Marrill;cap.;;De Portland en 21 días pail. am. Wave, cap. Marrill, ton. 109, con maderas, á los Sres. I. M. Waugroniz y cp.;am.;Wave;pail.;1861_02_01;Portland
Día 47:;;N/A: ;Light man;cp.;;De New-Port en 47 días berg. am. J. W. Sawyer, cp. Light man, ton. 4:0, con carbon, al capitán.;am.;J. W. Sawyer;berg.;1861_02_01;New-Port
Día 46:;;N/A: ;Llano;cap.;;De Santander en 46 días berg. cap. Llano, cp. Andújar, tn. 127, con harina, á los Sres. San Pelayo, P. y cp.;;;berg.;1861_02_01;Santander
Día 43:;;N/A: ;Harrraran;cap.;;De Amberes en 43 días frag. belga Bourse d'Anvers, cap. Harrraran, ton. 292, con efecto, á los Sres. D. P. Meert y cp.;belga;Bourse d'Anvers;frag.;1861_02_01;Amberes
Día 41:;;N/A:  | N/A: ;Triunfo;cap.;;De Vigo en 41 días frag. cap. Triunfo, cap. Arigta, ton. 225, con efectos, á los Sres. Alcineles y Rubira.-Pasageros 139.;;;frag.;1861_02_01;Vigo
Día 51:;;N/A: ;Ferglund;cap.;;De Troon en 51 días frag. rusa Constantino, cap. Ferglund, ton. 304, con carbon, al capitán.;rusa;Constantino;frag.;1861_02_01;Troon
Día 51:;;N/A: ;Gillmore;cap.;;De Cardiff en 51 días frag. am. Lillias, cap. Gillmore, ton. 388, con carbon, al cap.;am.;Lillias;frag.;1861_02_01;Cardiff
Día 88:;;N/A:  | N/A: ;Thorndike;cap.;;De Macao y Santa Helena en 88 días frag. am. Live Yankee, cap. Thorndike, ton. 1635, en lastre, á los Sres' Torices P. y cp. (Gondó 528 asíáticos);am.;Live Yankee;frag.;1861_02_01;Macao y Santa Helena
Día 40:;;N/A:  | N/A:  | N/A: ;Barceló;cap.;;De Santander y Tenerife en 40 días berg. cap. Pensativo, cap. Barceló, ton. 211, con harina, á los Sres. Rigel, D. y Cp.-Pasajeros 100, entre ellos un géfe con 95 individuos de tropa.;;Pensativo;berg.;1861_02_02;Santander y Tenerife
Día 13:;;N/A: ;Snow;cap.;;De New York en 13 días pail. am. Fanny Keating, cap. Snow, ton. 236, con efectos, á los señores Samá, S. y Cp.;am.;Fanny Keating;pail.;1861_02_02;New York
Día 48:;;N/A: ;Pizarro;cap.;;De Santander en 48 días burg. cap. Pizarro, cap. Vecos, ton. 180, con harina, á los Sres. Samá, B. y Cp.;;;burg.;1861_02_02;Santander
Día 50:;;N/A: ;Edwards;cap.;;"De Liverpool en 50 días frag. am. Chance, cap. Edwards, ton. 647, con mercancías; á los señores]Scharfenberg, T. y Cp.";am.;Chance;frag.;1861_02_02;Liverpool
Día 53:;;N/A:  | N/A: ;Perry;cap.;;De Liverpool en 53 días frag. am. Tanaro, cap. Perry, ton. 499, con carbon, á la Compañía del gaa.;am.;Tanaro;frag.;1861_02_02;Liverpool
Día 17:;;N/A: ;Wiley;cap.;;De Pansacola en 17 días berg. am. L. C. Carver, cap. Wiley, ton. 337, con envases, al capitán.;am.;L. C. Carver;berg.;1861_02_08;Pansacola
Día 57:;;N/A:  | N/A: ;Street;cap.;;De Amberes en 57 días frag. am. Gienoa, cap. Street, ton. 549, con ladrillos y beno, á los Sres R. Balbiani y cp.;am.;Gienoa;frag.;1861_02_08;Amberes
;;;B. W. Pinkering Esqr.;comandante;;De Cayo-Huevo pais. de las R.-Unidos Florida, comandante B. W. Pinkering Esqr.;R.-Unidos;;;1861_02_08;Cayo-Huevo
Día 58:;;N/A: ;Boddie;cap.;;De Troon en 58 días frag. ing. Nugget, cap. Boddie, ton. 243, con carbon, al capitán.;ing.;Nugget;frag.;1861_02_08;Troon
Día 5:;;N/A: ;Treat;cap.;;De Pansacola en 5 días berg. am. George Amos, cap. Treat, ton. 200, con maderas, á los Sres. S. C. Burnham y compañía.;am.;George Amos;berg.;1861_02_08;Pansacola
Día 2:;;N/A: ;Johnston;cap.;;De New-Orleans en 2 días cap. am. De Soto, cap. Johnston, ton. 1340, con efectos, á los Sres. Cabuzac H.-Pasagros 60.;am.;De Soto;;1861_02_08;New-Orleans
Día 4:;;N/A: ;Hauson;cap.;;De New-Orleans en 4 días pais. am. Isaac Toney, cap. Hauson, ton. 118, con viveres, al cap.;am.;Isaac Toney;pais;1861_02_08;New-Orleans
Día 13:;;N/A: ;Evans;cap.;;De Filadelfia en 13 días berg. am. Loango, Evans, ton. 134, con efectos, al cap.;am.;Loango;berg.;1861_02_08;Filadelfia
Día 4:;;N/A: ;Leviva;cap.;;De Sierra Morena en 4 días berg. am. Phebo A. Page, cap. Leviva, ton. 174, con miele, á los Sres. Adot, S. y C.;am.;Phebo A. Page;berg.;1861_02_08;Sierra Morena
Día 5:;;N/A: ;Shiba;cap.;;De New-Oriente 5 días berg. am. Virginia Antoineta, cap. Shiba. ton. 119, con viveres, á D. N. J. Gomez y comp.;am.;Virginia Antoineta;berg.;1861_02_09;New-Oriente
Día 11:;;N/A: ;Raymond;cap.;;De St. Marys en 11 días berg. am. Judith Somes, cap. Raymond. ton. 115, con maderas, á D. J. M. Morales y comp.;am.;Judith Somes;berg.;1861_02_09;St. Marys
Día 14:;;N/A: ;Pote;cap.;;De New-York en 14 días berg. am. Caroline E. Kelly, cap. p. Pote. ton. 199, con efectos, al capitán.;am.;Caroline E. Kelly;berg.;1861_02_09;New-York
Día 11:;;N/A:  | N/A: ;Smith;cap.;02-02-XXXX;Febrero 2. - Do Jacksonville en 11 días berg. am. Keko cap. Smith, ton. 156, con maderas, á los Sres. Cahuzac H. De Montevideo en 34 días berg. exp. Pto. de Pto Rico. cap. pitan Roche, ton. 160, cont. tanjo. á los Sres. Canet y Garla- lona.;am.;Keko;berg.;1861_02_10;Jacksonville
Día 51:;;N/A: ;Olseig;cp.;;De Christianaund en 51 días berg. nor. Poroldreno Christie cp. Olseig, tn. 262, con bacalao, á los Sres. Encuarriza y Ser- pa.;nor.;Poroldreno Christie;berg.;1861_02_10;Christianaund
Día 16:;;N/A: ;Rondell;cap.;;De Scarporth en 16 días frag. am. Garibaldi, cap. Rondell, ton. 598, con envasos, á D. J. M. Morales y cp. De Liverpool y Matanzas en 57 días frag. exp. Jóven. En- rique, cap. Oliver, ton. 195, con erroz, á D. J. M. Morales y compañía.;am.;Garibaldi;frag.;1861_02_10;Scarporth
Día 118:;;N/A: ;Young;cap.;;De Macao, Anger y Santa Helena, ton. 1255, en 118 días frag. am. Wakefield, cap. Young, ton. 1255, en lastr. á los Sres. Tor- rice, P. y cp. - Conduce 502 asfáricos.;am.;Wakefield;frag.;1861_02_10;Macao
Día 120:;;N/A:  | N/A: ;Casanova;cap.;10-02-XXXX;Febrero 10.—De Barcelona y Gibraltar en 120 días frag. esp. Catalana. cap. Casanova, ton. 204, con frutos, á los señores Samá, S. y comp.—Pacag. 244 de ellos 198 de tropa.;esp.;Catalana;frag.;1861_02_12;Barcelona y Gibraltar
Día 5:;;N/A: ;Bailey;cap.;;De New-Castle y Matanzas en 5 días frag. ing. Juan Ann, cap. Bailey, ton. 365, con carbon, á los Sres. Póser y comp.;ing.;Juan Ann;frag.;1861_02_12;New-Castle y Matanzas
Día 29:;;N/A: ;Patten;cap.;;De Portland en 29 días frag. am. R. A. Allen, cap. Patten, ton. 452, con envase, á D. J. M. Morales y comp.;am.;R. A. Allen;frag.;1861_02_12;Portland
Día 27:;;N/A: ;Packer;cap.;;De Cayo-Hueso ríver. am. Welcome, cap. Packer, ton. 27, con pescado, á D. F. Schnabelius y comp.;am.;Welcome;ríver;1861_02_12;Cayo-Hueso
Día 23:;;N/A: ;Burgos;cap.;;De Port Medway en 23 días frag. ing. Billows, cap. Burgos, ton. 121, con envase, á los Sres. Kobbe y comp.;ing.;Billows;frag.;1861_02_12;Port Medway
Día 9:;;N/A: ;Hill;cap.;;De Jacksonville en 9 días berg. am. Resolute, cap. Hill, ton. 171, con maderas, al capitán.;am.;Resolute;berg.;1861_02_12;Jacksonville
Día 72:;;N/A: ;Guide;cap.;;De Cardiff y Matanzas en 72 días frag. norenga Kristiansund, cap. Guide, ton. 230, con carbon, á los Sres. Póser y comp.;norenga;Kristiansund;frag.;1861_02_12;Cardiff y Matanzas
;;N/A: ;Arteaga;cap.;;De Cayo-Hueso viv. am. L. Dudley, cap. Arteaga, ton. 37, con pescado, á D. P. Marty.;am.;L. Dudley;viv.;1861_02_12;Cayo-Hueso
Día 16:;;N/A: ;Harris;cap.;;De Portland en 16 días pail. am. Christiana, cap. Harris, ton. 159, con maderas, al capitán.;am.;Christiana;pail.;1861_02_12;Portland
Día 32:;;N/A: ;Rocafull;cap.;;De Cádiz en 32 días frag. esp. Hermosa Valenciana, cap. Rocafull, ton. 390, con efectos, á los Sres. Dominguez y cp. Fasag. 14.;esp.;Hermosa Valenciana;frag.;1861_02_12;Cádiz
Día 47:;;;De;cap.;;De Harlingen en 47 dias borg. hol. Zuiderzo, cap. De;hol.;Zuiderzo;borg.;1861_02_13;Harlingen
Día 44:;;;Madriloño;cap.;;De Bilbao en 44 dias berg. cap. Madriloño, cap. Onandí,;;;berg.;1861_02_13;Bilbao
Día 73:;;N/A:  | N/A: ;Volchman;cap.;;De Christiansund en 73 días frag. noruega Free Trade, cap. Volchman, ton. 240, con bacalao y ladrillos, al capitán.;noruega;Free Trade;frag.;1861_02_14;Christiansund
Día 60:;;N/A: ;Leauder;cap.;;De Cadiff en 60 días frag. rusa, Johannes, cap. Leauder, ton. 460, con carbon á los señores Sain, S. y comp.;rusa;Johannes;frag.;1861_02_14;Cadiff
Día 6:;;N/A: ;Le Mesurier;cap.;;De Nueva-York y Nassau en 6 días vapor ing. Karuak, cap. Le Mesurier, ton. 297, con efectos, á los señores J. M. Morales y cp.—Parg. 13.;ing.;Karuak;vapor;1861_02_14;Nueva-York y Nassau
Día 67:;;N/A: ;Liinde;cap.;;Do Hull en 67 días berg. prus. Johannes, cap. Liinde, t. 259, con carbon, al capitán.;prus.;Johannes;berg.;1861_02_14;Hull
Día 8:;;N/A: ;Jonkins;cp.;;De Manzanillo en 8 días frag. ing. Macdaff, cp. Jonkins, ton. 352, en lastre, al capitán.;ing.;Macdaff;frag.;1861_02_14;Manzanillo
Día 50:;;N/A: ;Arregui;cap.;;De San Sebastián en 50 días berg, esp. Bigarrena, capitán Arregui, tons. 128, con harina, á D. J. de la Portilla.;esp.;Bigarrena;berg;1861_02_15;San Sebastián
Día 9:;;N/A:  | N/A: ;Mc. Car-ty;cap.;;De Mobla on 9 días gol. am. Independence, cap. Mc. Car-ty, ton. 113, con maderas. á D. A. hoig y comp. Pasaj. 2.;am.;Independence;gol.;1861_02_15;Mobla
Día 1:;;N/A: ;Ondina;cap.;15-02-YYYY;Febrero 15.- De Matanzas en 1 día pol. cap. Ondina, cap. Sonnat, ta. 146. con maíz, á los Srec. Samá, S. y Cp.;;;pol.;1861_02_16;Matanzas
Día 15:;;N/A: ;Cumming;cap.;;De N.-York en 15 días frag. am. Reinder, cap. Cumming, ta. 27. con electos, á los Srec. Perez y Martínez.;am.;Reinder;frag.;1861_02_16;N.-York
Día 11:;;N/A: ;Smith;cap.;17-02-XXXX;Febrero 17.—De Pascagoula en 11 días berg. am. Allston, cap. Smith, ton. 147, con maderas, á D. S. C. Burnham y compañía.;am.;Allston;berg.;1861_02_19;Pascagoula
Día 4:;;N/A:  | N/A: ;Caughlan;cap.;;De New-Orleans en 4 días vap. am. General Miramon, cap. Caughlan, ton. 298, con víveres, á los Sres. Noriega, O. y comp.—Pasaj. 10.;am.;General Miramon;vap.;1861_02_19;New-Orleans
Día 2:;;N/A:  | N/A: ;Bullock;cap.;;De New-Orleans en 2 días vap. am. Bienville, cap. Bullock, ton. 1427, con efectos, á los Sres. Cahuzac H.—Pasajeros 66, de ellos 23 para esta.;am.;Bienville;vap.;1861_02_19;New-Orleans
Día 6:;;N/A:  | N/A:  | N/A: ;Smith;cap.;;De New-York en 6 días vapor am. Cahawba, cap. Smith, ton. 1427, con efectos, á los Sres. Cahuzac H.—Pasaj. 58, de ellos 28 para esta.;am.;Cahawba;vapor;1861_02_19;New-York
Día 79:;;N/A: ;Bourdet;cap.;;Del Havre y Martinica en 79 días frag. franc. Stephane, cap. Bourdet, ton. 264, con carbón, al capitán.—Conduce al capitán y diez tripulantes, incluso uno de color del berg. am. Stephen G. Bass, que en navegación de la isla de Aves á Baltimore con cargamento de huano se fué á pique á 40 millas al S. E. de Santiago de Cuba á causa de un mal tiempo que le motivó una vía de agua, y habérselo tupido las bombas.;franc.;Stephane;frag.;1861_02_19;Havre y Martinica
Día 17:;;N/A: ;Morton;cap.;;De Portland en 17 días berg. am. May Queen, cap. Morton, ton. 194, con maderas, á D. J. M. Morales y comp.;am.;May Queen;berg.;1861_02_19;Portland
Día 2:;;N/A: ;Strandberg;cap.;;De Cayo-Hueso en 2 días berg. am. Toccoa, cap. Strandberg, ton. 227, con efectos, á los Sres. Gautherin, Le Moro y Cruzat.—Pasaj. 5.;am.;Toccoa;berg.;1861_02_19;Cayo-Hueso
Día 7:;;N/A: ;Simpson;cap.;;De New-Orleans en 7 días berg. am. Hope, cap. Simpson, ton. 146, con víveres, á los Sres. Cahuzac H.;am.;Hope;berg.;1861_02_19;New-Orleans
Día 12:;;N/A:  | N/A: ;Ponch;cap.;;De Izabal en 12 días berg. esp. Isabel (ó Ourrutaco), cap. Ponch, ton. 182, con efectos, á D. F. Blanco.—Pasaj. 4.;esp.;Isabel (ó Ourrutaco);berg.;1861_02_19;Izabal
Día 7:;;N/A: ;Gray;cap.;;De Mobile en 7 días gol. am. Yankee Blade, cap. Gray, ton. 154, con maderas, á los Sres. Perez y Martínez.;am.;Yankee Blade;gol.;1861_02_19;Mobile
Día 36:;;N/A: ;Knight;cap.;;De San Juan de Terranova en 36 días berg. ing. Claudia, cap. Knight, ton. 173, con bacalao á los Sres. Kobbe L. y cp.;ing.;Claudia;berg.;1861_02_19;San Juan de Terranova
Día 46:;;N/A: ;Diudale;cap.;18-02-XXXX;Febrero 18.—De Cabo Bretón (Nueva Escocia) en 46 días berg. ing. Young Donchester, cap. Diudale, ton. 215, con carbón, al capitán.;ing.;Young Donchester;berg.;1861_02_19;Cabo Bretón (Nueva Escocia)
Día 14:;;N/A:  | N/A: ;Lampher;cap.;;De Boston en 14 días berg. am. Henry Mathews, cap. Lampher, ton. 239, con cortes y boroyes, al capitán.;am.;Henry Mathews;berg.;1861_02_19;Boston
Día 18:;;N/A: ;Tapley;cap.;;De Portland en 18 días berg. am. Abner Taylor, cap. Tapley, ton. 173, con cayuas á los Sres. N. J. Gómez y cp.;am.;Abner Taylor;berg.;1861_02_19;Portland
;;N/A: ;Johnson;cap.;;De Cayo-Hueso viv. am. Ellen Gallagher, cap. Johnson, ton. 26, con pescado, á los Sres. Schnabelius y cp.;am.;Ellen Gallagher;viv.;1861_02_19;Cayo-Hueso
Día 15:;;N/A: ;Mac Cobb;cap.;;De Camden en 15 días pail. am. Abby Brackett. cap. Mac Cobb. ton. 165. con manderas. á los Sres. Adot. S. y cp.;am.;Abby Brackett;pail.;1861_02_20;Camden
Día 1:;;N/A: ;Johnstov;cap.;;De Cayo-Huero en 1 día pail. am. Anna Taylor. capitan Johnstov. ton. 63. en lastre. al capitan. —Pass. 3.;am.;Anna Taylor;pail.;1861_02_20;Cayo-Huero
Día 22:;;N/A: ;pitan Flambard;cap.;;Del Hiver y Cardenas en 22 días frag. franc. Laplace. cap. pitan Flambard. ton. 817. con maquinaria. al capitan.;franc.;Laplace;frag.;1861_02_20;Hiver y Cardenas
Día 45:;;N/A: ;Vázquez;cap.;;De Canarias y Matanzas en 45 días berg. esp. Aloria. capitan Vázquez. ton. 144. con oficetes. á los Sres. Valencia y Cruz. —Pase 10.;esp.;Aloria;berg.;1861_02_20;Canarias y Matanzas
Día 1:;;N/A:  | N/A: ;Sagunto;cap.;20-02-XXXX;Febrero 20.—Do Matanzas en 1 día berg. cap. Sagunto, cap. Roig, ton. 183, conazúcar, á los Sres. Ilanda y cp. 49, con pescado, á D. F. Schnabelius y cp.;;;berg.;1861_02_21;Matanzas
;;N/A: ;Appleman;cap.;;De Nassa (N. P.) viv. am. Pacific, cap. Appleman, ton. 49, con pescado, á D. F. Schnabelius y cp.;am.;Pacific;viv.;1861_02_21;Nassa (N. P.)
;;N/A: ;Gardner;cap.;;De Cayo Huaso viv. am. Silas Henry, cap. (Gardner, ton. 41, con pescado, á D. P. Schnabelius y cp.;am.;Silas Henry;;1861_02_21;Cayo Huaso
;;N/A: ;Weatherford;cap.;;De Cayo Huaso viv. am. Prima Donna, cap. Weatherford ton. 31, con pescado, á D. P. Schnabelius y cp.;am.;Prima Donna;am.;1861_02_21;Cayo Huaso
Día 52:;;N/A: ;Julián;cap.;;¿ De Barcelona en 52 días berg. esp. Moratidad, cap. Julián, ton. 293, con frutos, al capitán—Pa-gas. 2.;esp.;Moratidad;berg.;1861_02_21;Barcelona
Día 61:;;N/A: ;Bartley;cap.;21-02-XXXX;Febrero 21.—De Grangemouth y Matanzas en 61 días berg. iug. George Ann. cap. Bartley, ton. 264, con carbon, á los Sres. Scharfberg. T. y ep.;iug.;George Ann;berg.;1861_02_22;Grangemouth y Matanzas
Día 42:;;N/A: ;Holmboe;cap.;;De New-Port en 42 días berg. noruego Pohlymnia, cap. Holmboe, ton. 253, con carbon, al Sr. Consul inglés.;noruego;Pohlymnia;berg.;1861_02_22;New-Port
;;N/A: ;Reed;cap.;;De Cayo-Huero viv. am. Princess, cap. Reed, ton. 24, con pescado, á los Sres. Schenabelis y ep.;;Princess;am.;1861_02_22;Cayo-Huero
;;;Payno Esgr.;comandante;;De Tampico vapor de S. M. B. Jasper. comandante Payno Esgr.;;S. M. B. Jasper;vapor;1861_02_22;Tampico
Día 35:;;N/A: ;Casab.;cap.;;De Barcelona en 35 días frag. esp. Maipí, cap. Casab. Ba- ton. 432, con frutos, á los Sres. Samá, S. y cp. —Pasag. 6.;esp.;Maipí;frag.;1861_02_23;Barcelona
Día 32:;null;N/A: ;Villa;cap.;null;Febrero 32.—De Barcelona en 79 días berg. esp. Vilasar, cap. Villa, ton. 232, con frutos, á los Sres. Babbiani y cp.—Pasageras 14.;esp.;Vilasar;berg.;1861_02_23;Barcelona
Día 34:;;N/A: ;Sos- sat. ton. 224;cap.;;De Barcelona en 34 días pol. esp. Clementina, cap. Sos- sat. ton. 224, con frutos, á los Sres. Samá, S. y cp.;esp.;Clementina;pol.;1861_02_23;Barcelona
Día 56:;;N/A:  | N/A: ;Herman;cap.;;De Tarragona en 56 días gol. española Mojicé, esp. Herman, ton. 117, confectos, á los Sres. Brunet y cp.—Pasag. 13.;española;Mojicé;gol.;1861_02_23;Tarragona
Día 68:;;N/A:  | N/A: ;Estar- lla;cap.;;De Mallorca en 68 días pol. esp. Frasquita, cap. Estar- lla, ton. 237, con frutos, 6 los Sres. Samá, S. y cp.—Pasageras 4.;esp.;Frasquita;pol.;1861_02_23;Mallorca
;;N/A: ;Perez;cap.;;De Cayo-Husco viv. am. Julia Lathana, cap. Perez, ton- ladas 50, con pescado, á don P. Marty.;am.;Julia Lathana;am.;1861_02_23;Cayo-Husco
Día 49:;;N/A: ;Monde- zona;cp.;;Del Hârve en 49 días berg. esp. Laurecana Rita, cp. Monde- zona, tons. 126, con mercancías, á los Sres. Rizal, D. y compañía.;esp.;Laurecana Rita;berg.;1861_02_23;Hârve
Día 8:;;N/A: ;Brightman;cap.;;De Gálveston en 8 días paíl. am. Harriet Gardner, capitan Brightman, tons. 10, con maderas, á los Sres. S. C. Burnham y compañía.;am.;Harriet Gardner;paíl.;1861_02_23;Gálveston
Día 34:;;N/A: ;Caraca;cap.;;De Barcelona en 34 días pol. esp. Ninfá, cap. Caraca, ton. 129, con frutos, á los Sres. Samá, S. y cp.;esp.;Ninfá;pol.;1861_02_23;Barcelona
Día 33:;;N/A: ;García;cap.;;De Tenerifé en 33 días berg. esp. Luisa, cap. García, ton. 243, con frutos, á los Sres. Valencia y Cruz.—Pasag. 40.;esp.;Luisa;berg.;1861_02_23;Tenerifé
Día 63:;;N/A: ;Abelfa;cap.;;De Lauray y Ferrol en 63 días berg. esp. Villa de Luar- ca, cap. Abelfa, tons. 159, con frutos, al capitan.—Pasageros 147.;esp.;Villa de Luar- ca;berg.;1861_02_23;Lauray y Ferrol
Día 46:;;N/A:  | N/A: ;Ferrer;cap.;;De la Coruña en 46 días fráz. esp. Eloisa, cap. Ferrer, tons. 204, con frutos, á los Sres. Alecineles y Ruibra.—Pasageras 45.;esp.;Eloisa;fráz.;1861_02_23;la Coruña
Día 46:;;N/A: ;Tomasi;cap.;;De Barcelona en 46 días fráz. esp. Curra, cap. Tomasi- no, tons. 326, con frutos, á los sforres Samá, Sueloeng y Cz.—Pasag. 35.;esp.;Curra;fráz.;1861_02_23;Barcelona
Día 52:;;N/A: ;Estrala;cap.;;De Barcelona en 52 días pol. esp. Delía, cap. Estrala, to- 124, con efectos. Á los Sres. solá y Cadonell.;esp.;Delía;pol.;1861_02_23;Barcelona
Día 29:;;N/A:  | N/A: ;Johns- ton;cp.;;De Port Medway en 29 días berg. ing. Laonna, cp. Johns- ton, ton. 171, con envasos y carbon, á los Sres. Kobbé, L. y cp.;ing.;Laonna;berg.;1861_02_23;Port Medway
Día 51:;;N/A: ;Cardoca;cp.;;De Barcelona en 51 días frag. esp. Tereisa, cp. Cardoca, ton. 439, con frutos, á los Sres. Illamá y cp.;esp.;Tereisa;frag.;1861_02_23;Barcelona
Día 42:;;N/A: ;Tur;cap.;;De Málaga en 42 días fráz. esp. Fortuna, cap. Tur, tons. 251, con frutos, á los Sres. Samá, S. y cp.;esp.;Fortuna;fráz.;1861_02_23;Málaga
Día 7:;;N/A:  | N/A: ;Floi;cp.;;De Mayagüez en 7 dias berg. esp. Almirante, cp. Floi, tn. 200, con maíz y café, á los Sres. Fernández, García y compañia.;esp.;Almirante;berg.;1861_02_24;Mayagüez
Día 6:;;N/A: ;Manola;cap.;;De Málaga y Cienfuegos en 6 días del último berg. cap. Manola, cp. Ostronol, ton. 93, con frutos, á los Sres. Escan- riza y Kerpa.;;;berg.;1861_02_24;Málaga y Cienfuegos
Día 5:;;N/A: ;Leeds;cap.;;De Santomas en 5 días cap. ing. Solent, cap. Leeds, ton. 1064, con efectos, al Sr. Cónaut inglés.—Par. 32.;ing.;Solent;;1861_02_24;Santomas
Día 14:;;N/A: ;Wiley ton.;cp.;;De Jacksonville en 14 días berg. am. Australia, cp. Wiley ton. 125, con maderas, á los Sres. Cahuzac II.;am.;Australia;berg.;1861_02_24;Jacksonville
Día 6:;;N/A: ;Cun-sene;cap.;;De Fernandina en 6 días gol. am. N. A. Hagan, cap. Cun-sene, ton. 179, con maderas, á los Sres. Maruri y Sobrino.;am.;N. A. Hagan;gol.;1861_02_24;Fernandina
Día 36:;;N/A: ;Duran;cap.;;De Santander en 36 días pol. cap. Mercedita, cap. Duran, ton. 145, con barina, á los Sres. Torres y Comella.;;Mercedita;pol.;1861_02_24;Santander
Día 56:;;N/A: ;Spic- cer;cap.;;De Liverpool en 56 días berg. ing. E. Chapman, cap. Spic- cer, ton. 293, con efectos, á los Sres. Páñer y cp.;ing.;E. Chapman;berg.;1861_02_24;Liverpool
Día 35:;;N/A: ;Ponce;cap.;;De Cádiz en 35 días frag. exp. Mannelita, cap. Ponce, ton. 262, con frutos, á los Sres. Pedasco y Marhan.—Parag. 5.;exp.;Mannelita;frag.;1861_02_24;Cádiz
Día 92:;;N/A: ;Enseñat;cap.;;De Mallorca en 92 días berg. cap. Pénix, capit. Enseñat, ton. 256, con frutos, á los Sres. Rigel, D. y cp.;;Pénix;berg.;1861_02_24;Mallorca
Día 43:;;N/A: ;Remedios;cap.;;De Ibiza y Alicante en 43 días berg. cap. Remedios, cap. González, ton. 191, con frutos, á D. G. Madrazo.;;;berg.;1861_02_24;Ibiza y Alicante
Día 50:;;N/A: ;D. Juan;cap.;;De Liverpool en 50 días berg. cap. D. Juan, cap. Arrotoqui, ton. 218, con mercancías, á D. N. Deulofeu.;;;berg.;1861_02_24;Liverpool
Día 89:;;N/A: ;Sufia;cap.;;De Barcelona en 89 días pol. cap. Sufia, cap. Garriga, ton. 224, con frutos, á los Sres. Solá y Carbonell.—Parag. 11.;;;pol.;1861_02_24;Barcelona
Día 103:;;N/A: ;Rosita;cap.;;De Mallorca en 103 días pol. cap. Rosita, capit. Gamundi, n. 140, con frutos á los Sres. Imanu y cp.—Pasag. 6.;;;pol.;1861_02_24;Mallorca
Día 43:;;N/A: ;Alvarrez;cap.;;De Cádiz en 43 días frag. exp. Encanto, cap. Alvarrez, ton. 250, con frutos, á los Sres. Noriega, O. y Comp.—Pasag. 6.;exp.;Encanto;frag.;1861_02_24;Cádiz
Día 46:;;N/A: ;Julia;cap.;;De Gijón y Avilés en 46 días pol. cap. Julia, cap. Men- nendez, ton. 105, en lastre, á los Sres. Noriega, O. y C?—Pasag. 105.;;;pol.;1861_02_24;Gijón y Avilés
Día 59:;;N/A: ;Deu-nberg;cap.;;De Cardiff en 59 días frag. sueca Amazona, cap. Deu- nberg, ton. 367, con carbon, al cap.;sueca;Amazona;frag.;1861_02_24;Cardiff
Día 13:;;N/A: ;Bine-melis;cap.;;De Mallorca en 93 días frag. cap. Nannicia, cap. Bine-melis, ton. 189, con frutos, al cap.—Pasag. 13.;;Nannicia;frag.;1861_02_24;Mallorca
Día 103:;;N/A: ;Véns;cap.;;De Génova y Málaga en 103 días berg. cap. S. José (á Véns, cap. Quirich, ton. 150, con efectos, á los señores Rigel, D. y comp.—Pasag. 12.;;S. José;berg.;1861_02_24;Génova y Málaga
Día 16:;;N/A: ;Jenkins;cap.;;De New-York en 16 días berg. am. Ida Baynes, cap. Jenkins, ton. 363, con mercancías, á los señores Cahuzar H.;am.;Ida Baynes;berg.;1861_02_24;New-York
Día 32:;;N/A: ;Pepa;cap.;;De Málaga en 32 días berg. cap. Pepa, cap. Muñoz, ton. 173, con frutos, á los señores Escanriza y Srpá.;;;berg.;1861_02_24;Málaga
Día 25:;;N/A: ;Perez;cap.;24-02-YYYY;Febrero 24.- De Ponce en 25 días berg. esp. Buen Cona-jo, cap. Perez, ton. 151, con maíz, á los Sres. Escauriza y Serpa.;esp.;Buen Cona-jo;berg.;1861_02_26;Ponce
Día 23:;;N/A: ;Larrañabal;cap.;;De Santander en 23 días vapor. esp. La Cubana, cap. Larrañabal, ton. 472, con mercancías, á los Sres. D. J. M. Morales y Cp. Pas. 64.;esp.;La Cubana;vapor;1861_02_26;Santander
Día 11:;;N/A: ;Bowers;cap.;;De New-York en 11 días berg. am. Mary Laurentia, cap. Bowers, ton. 412, con efectos, á cap. Pas. 2.;am.;Mary Laurentia;berg.;1861_02_26;New-York
Día 16:;;N/A: ;Hallett;cap.;;De Boston en 16 días berg. am. Randolph, cap. Hallett, ton. 345, con efectos, á los Sres. M. A. Herrera y Cp.;am.;Randolph;berg.;1861_02_26;Boston
Día 44:;;N/A: ;Sibils;cap.;;De Barcelona y Málaga en 44 días frag. cap. Victoria, cap. Sibils, ton. 253, con frutos, á los Sres. Sola y Carbonell.-Pasag. 24.;;Victoria;frag.;1861_02_26;Barcelona y Málaga
Día 64:;;N/A:  | N/A: ;Galan;cap.;;De Málaga en 64 días pol. esp. Constancia, cap. Galan, ton. 12, con efectos, á los Sres. Samá S. y cp. Parag. 11s. de tropa.;esp.;Constancia;pol.;1861_02_26;Málaga
Día 3:;null;N/A: ;Anderson;cap.;25-02-YYYY;Febrero 25.- De Cabañas en 3 días berg. sueco Maria, cap. Anderson, ton. 276, con miedos, á los Sres. Galdiz y Nenninger.;sueco;Maria;berg.;1861_02_26;Cabañas
Día 25:;;N/A: ;Brandt;cap.;;De Cardiff en 25 días frag. sueco Daniel, cap. Brandt, ton. 43, con carbón, al capitán.;sueco;Daniel;frag.;1861_02_26;Cardiff
Día 51:;;N/A: ;Hull;cap.;;De Cardiff en 51 días frag. am. Fairfield, cap. Hull, ton. 331, con carbón, al capitán.;am.;Fairfield;frag.;1861_02_26;Cardiff
Día 58:;;N/A: ;Whil ton;cap.;;De New-Castle en 58 días frag. in. Volunteer, cap. Whil ton. 418, con carbón, al capitán.;in.;Volunteer;frag.;1861_02_26;New-Castle
Día 43:;;N/A: ;Ausoategui;cap.;;De Cádiz en 43 días berg. Joaquina, cap. Ausoategui, ton. 161, con efectos, á D. J. de la Portilla.-Pasag. 3.;;Joaquina;berg.;1861_02_26;Cádiz
;;N/A: ;Williams;cap.;;De Cayo-Hueso viv. am. Rattler, cap. Williams, ton. 36, con pecado. á los Sres. Schnabelius y comp.;am.;Rattler;viv.;1861_02_27;Cayo-Hueso
;;N/A: ;Bartian;cap.;;De Cayo-Hueso viv. am. Wye, cap. Bartian, ton. 52, con pecado. á los Sres. Schnabelius y comp.;am.;Wye;viv.;1861_02_27;Cayo-Hueso
Día 2:;;N/A: ;Trinidad;cap.;;De Cayo-Hueso viv. en 2 días pail. cap. Trinidad, cap. Perra-das, ton. 35, con vino, á los Sres. Schnabelius y comp.;;;pail.;1861_02_27;Cayo-Hueso
Día 50:;;N/A: ;Adela;cap.;;De Barcelona en 50 días fráz. cap. Adela, cap. Cortés, ton. 412, con frutos á los Sres. Samá, S. y cp. Pas. 7.;;;fráz.;1861_02_27;Barcelona
Día 167:;;N/A: ;Camps;cap.;;De Barcelona y Alicante en 167 días berg. cap. Tres de Mayo, cap. Camps, ton. 251, con frutos, á los Sres. Villa y cp. Pasag. 9.;;Tres de Mayo;berg.;1861_02_27;Barcelona y Alicante
Día 9:;;N/A: ;Morrows;ep.;;De New-York en 9 días pail. am. Phee, ep. Morrows, ton. 125, con viveres. á los Sres. Ulrici y Barroso.;am.;Phee;pail.;1861_02_27;New-York
Día 16:;;N/A: ;Nelson;cap.;;De Boston en 16 días berg. am. China, cap. Nelson, ton. 250, con efectos al capitán.;am.;China;berg.;1861_02_27;Boston
Día 3:;;N/A:  | N/A: ;Smith;cap.;;De New-Orleans en 3 días vapor. amer. Cahawba, capil. Smith. ton. 1247, con efectos, á los Sres. Cahuzac y H. - Pasageros 32.;amer.;Cahawba;vapor;1861_02_28;New-Orleans
Día 6:;;N/A:  | N/A: ;Johnston;cap.;;De New-York en 6 días vapor am. De Soto, cap. Johnston, ton. 1600, con efectos, á los Sres. Cahuzac y H. - Pasageros 51.;am.;De Soto;vapor;1861_02_28;New-York
Día 15:;;N/A:  | N/A:  | N/A:  | N/A: ;Rancio;cap.;;De Cádiz y Pto. Río en 15 días frag. cap. Nueva Apolo, cap. Rancio, ton. 3 3, con frutos, á los Sres. Bustamante, R. y ep. - Pasageros 140 de ellos á oficiales con 130 de tropa.;;Nueva Apolo;frag.;1861_02_28;Cádiz y Pto. Río
Día 18:;;N/A: ;Nickerson;cap.;;De Bristol en 18 días frag. am. Edmund Dwight, capitan Nickerson, ton. 199, convivere, á los Sres. Guillen, Galvez y comp.;am.;Edmund Dwight;frag.;1861_02_28;Bristol
Día 12:;;N/A: ;York;cap.;;De Filadelfia en 12 días pail. am. Eveline, cap. York, ton. 162, con efectos, á D. J. R. Marquetti.;am.;Eveline;pail.;1861_02_28;Filadelfia
Día 9:;;N/A: ;Durall;cap.;;De Sisal en 9 días berg. erp. Juanita, cap. Durall, ton. 193, con efectos, á los Sres. Poccy y comp.;erp.;Juanita;berg.;1861_02_28;Sisal
Día 7:;;N/A: ;Watson;cap.;;De New-Orleans en 7 días frag. am. Grapshot, capitán Watson, ton. 345, con manteca, á los Sres. Cahuzac II.;am.;Grapshot;frag.;1861_02_28;New-Orleans
Día 6:;null;N/A: ;White;cap.;28-02-XXXX;Febrero 28—De Jacksonville en 6 días gol. am. Kensington cap. White, ton. 149, con maderas, á los Sres. Cahuzac II.;am.;Kensington;gol.;1861_03_01;Jacksonville
Día 38:;;N/A:  | N/A: ;Gelpi;cap.;;De Barcelona en 38 días berg. esp. Chazito, cap. Gelpi, to-meladas 244, con frutos, á los Sres. Canet y Garbalena,—Pasagía.;esp.;Chazito;berg.;1861_03_01;Barcelona
Día 29:;;N/A: ;York;cap.;;De Portland en 29 días berg. am. Thomas Coomor, cap. York, ton. 188, con maderas, al cap.;am.;Thomas Coomor;berg.;1861_03_01;Portland
Día 14:;;N/A: ;Hughes;cap.;;De Norfolk en 14 días frag. am. Kate Lincoln, cap. Hughes, ton. 252, con durmientes, á los Sres. Perez y Martinez.;am.;Kate Lincoln;frag.;1861_03_01;Norfolk
Día 22:;;N/A:  | N/A: ;Tucker;cap.;;De New-York en 22 días pail. am. W. B. Alexander, cap. Tucker, ton. 148, con heno y adoquines, á D. M. A. Herrer y cap.;am.;W. B. Alexander;pail.;1861_03_01;New-York
Día 6:;;N/A: ;Ridgway;cap.;;De Wilmington en 6 días pail. am. T. R. Hughleit, capitán Ridgway, ton. 25, con efectos, á los Sres. Escauriza y Serpa.;am.;T. R. Hughleit;pail.;1861_03_01;Wilmington
Día 10:;;N/A: ;Scudder;cap.;;De Nueva-York en 10 días pail. am. G. Manghbusin, capitán Scudder, ton. 274, con efectos, á los Sres. Cahuzac II.;am.;G. Manghbusin;pail.;1861_03_01;Nueva-York
Día 14:;;N/A:  | N/A: ;Lokander;cap.;;De Amberes y Falmouth en 14 días burg. entre Johnna, cap. Lokander, ton. 194, con bao y ladrillos, a los Srs. Ra-biini y comp.;;Johnna;burg.;1861_03_03;Amberes y Falmouth
;;N/A: ;Armaro;cap.;;De Cayo-fluero vivaro am. Gen. W. Chipxon, capitan Armaro, ton. 19, con poejo. à D. P. Merry.;am.;Gen. W. Chipxon;;1861_03_03;Cayo-fluero
Día 24:;;N/A:  | N/A: ;Kchararria;cap.;;De Santander en 24 días frz. cap. Jóven Emilia, capitan Kchararria, ton. 286, con harina a las Srs. Sanl. S. y cp. De Páncacela en 8 días frag. am. Josie Nicholas, capitan Nicholas, ton. 565, con maderas, a las Srs. S. C. Burnham y comp.;am.;Jóven Emilia;frz.;1861_03_03;Santander
Día 41:;;N/A: ;Pienis;cap.;;De Bilbao en 41 días berg. cap. Pienis, ep. leza, in. 147 con harina al cap.—Par. 4.;;;berg.;1861_03_03;Bilbao
Día 15:;;N/A:  | N/A:  | N/A: ;Jansara;cap.;;De Manzanillo en 15 días frag. cap. Victoria, ep. Jansara ton. 322, con maderas à D. L. Barion y ep.;;Victoria;frag.;1861_03_03;Manzanillo
Día 45:;;N/A: ;Vega;cap.;;De Gijón y Pto. Rico en 45 días frag. cap. Villa de Gijon cap. Vega, ton. 269, con frutos á los srs. Noriega, O. y cp.—Par. 189.;;Villa de Gijon;frag.;1861_03_03;Gijón y Pto. Rico
Día 43:;;N/A:  | N/A:  | N/A: ;Villa de Avilés;cap.;;De Avilés en 43 días frag. cap. Villa de Avilés, ep. Tras-arcas, ton. 393, con efectos à los Srs. Noriega, O. y cp. Pa-ramos 281 y 52 do tropa.;;Villa de Avilés;frag.;1861_03_03;Avilés
Día 62:;;N/A: ;Cardell;cap.;;De Barcelona y Pto. en 62 días frz. cap. Jóven Elvira, cap. Cardell, ton. 696, con efectos, á los srs. Torre y Comes-Bas.—Par. 9 y 104 de tropa.;;Jóven Elvira;frz.;1861_03_03;Barcelona y Pto.
Día 42:;;N/A: ;Rívero;cap.;;De Canarias y Matanzas en 42 días berg. cap. Jóven Agustin, ep. Rívero, ton. 236, con efectos á los Srs. Valencia, Cruz y cp.—Paa. 11.;;Jóven Agustin;berg.;1861_03_03;Canarias y Matanzas
Día 6:;;;Murphy Esqr.;comandante;;De Veracruz en 6 días vap. de los R. I. Powhattan, comandante Murphy Esqr.;;de los R. I. Powhattan;vap.;1861_03_05;Veracruz
Día 6:;;N/A:  | N/A: ;Shuffel;cap.;;De New-York en 6 días vap. am. Quaker City, capitan Shuffel, ton. 1492, con efectos, á D. I. M. Zangroniz y C5 —Pasaj. 41.;am.;Quaker City;vap.;1861_03_05;New-York
Día 23:;;N/A: ;Strout;cap.;;De Portland en 23 días pail. am. Fannie Westbrook, cap. Strout, ton. 153, con efectos, á D. I. M. Zangroniz y comp. De New-York en 16 días frag. am. James Cook, cap. Arcy, ton. 999, con efectos, á los Sres. Cahuzac II.;am.;Fannie Westbrook;pail.;1861_03_05;Portland
Día 44:;;N/A: ;Gil;cap.;;De Tenerifo y Matanzas en 44 días berg. esp. Victoria, cap. Gil, ton. 209, con frutos, á los Sres. Escarriza y Serpa. —Pasaj. 34.;esp.;Victoria;berg.;1861_03_05;Tenerifo y Matanzas
Día 37:;;N/A: ;Cap-deville;cap.;;De Nantes en 37 días frag. franc. Jeune France, cap. Cap-deville, ton. 374, con efectos, á los Sres. Cahuzac II.;franc.;Jeune France;frag.;1861_03_05;Nantes
Día 1:;;N/A: ;Chase;cap.;;Del Mariel en 1 día frag. am. Martha Ann, cap. Chase, ton. 220, con niel, á los Sres. Burnham y comp.;am.;Martha Ann;frag.;1861_03_05;Mariel
Día 51:;;N/A: ;Font;cap.;;De Málaga y Algeciras en 51 días berg. esp. Ramon, cap. Font, ton. 123, con frutos, al capitán. —Pasag. 9.;esp.;Ramon;berg.;1861_03_05;Málaga y Algeciras
Día 60:;;N/A: ;Grone-man;cap.;;De Cardiff en 60 días frag. ham. Marmion, cap. Grone-man, ton. 339, con carbon, al capitán.;ham.;Marmion;frag.;1861_03_05;Cardiff
Día 37:;;N/A: ;Cañas;cap.;;De Mallorca en 37 días frag. cep. Paquita, cap. Cañas, ton. 223, con frutos, á los Sres. Rigal, D. y C5.—Pasag. 1.;;Paquita;frag.;1861_03_05;Mallorca
Día 4:;;N/A: ;Caughlin;cap.;;De N. Orleans en 4 días vap. am. General Miramón, cap. Caughlin, ton. 296, con viveres, á los Sres. Bustamante, R. y comp.—Pasag. 91.;am.;General Miramón;vap.;1861_03_05;N. Orleans
Día 33:;;N/A: ;Wascoe;cap.;;De Troon en 33 días frag. ing. S. Wascoe, cap. Wascoe, ton. 399, con carbon á los Sres. Féster y cp.;ing.;S. Wascoe;frag.;1861_03_05;Troon
Día 45:;;N/A: ;Marman;cp.;;De Liverpool en 45 días frag. am. J. S. Harris, cp. Marman, ton. 546, con carbon, al capitán.;am.;J. S. Harris;frag.;1861_03_05;Liverpool
;;;Murray Esqr.;comandante;;De Veracruz vapor de los Estados-Unidos Pocahontas, comandante Murray Esqr.;Estados-Unidos;Pocahontas;vapor;1861_03_05;Veracruz
Día 63:;;N/A:  | N/A: ;Frag;cap.;;De Ambéres en 63 días berg. hol. Activo, cap. Frag, ton. 267, con viveres y heno, á los Sres. Rottman y Flinke.;hol.;Activo;berg.;1861_03_05;Ambéres
Día 23:;;N/A: ;Kaler;cap.;;De Portland en 23 días frag. am. Trindelín, cap. Kaler, ton. 247, con maderas, á D. I. M. Zangróniz y C5;am.;Trindelín;frag.;1861_03_05;Portland
Día 65:;;N/A: ;Pearson;cap.;;De Swansea en 65 días berg. ing. Mary Jomg, capitan Pearson, ton. 256, con carbon, al capitán.;ing.;Mary Jomg;berg.;1861_03_05;Swansea
Día 13:;;N/A: ;Daggett;cap.;;De Wisconset en 13 días berg. am. W. C. Clark, capitan Daggett, ton. 277, con maderas, á D. N. J. Gomez y compañías.;am.;W. C. Clark;berg.;1861_03_05;Wisconset
Día 35:;;N/A: ;Oliver;cap.;;De Barcelona en 35 días pol. esp. Dorotea, cap. Oliver, ton. 283, con frutos, á los Sres. Escarriza y Serpa.;esp.;Dorotea;pol.;1861_03_05;Barcelona
Día 64:;;N/A: ;Hilton;cap.;;De Troon en 64 días frag. ing. W. B. Dean, cap. Hilton, ton. 328, con carbon, al capitán.;ing.;W. B. Dean;frag.;1861_03_05;Troon
Día 78:;;N/A: ;Ferrer;cp.;;De Buenos-Aires, Río Janciro y Cárdenas en 78 días pol. Dorotea, cp. Ferrer con traje, á los Sres. Samá, S. y cp.;;Dorotea;pol.;1861_03_06;Buenos-Aires
Día 4:;;N/A:  | N/A: ;Butler;cp.;;De Nueva-Orleans en 4 días berg. am. Margaret A. Stevens, cp. Butler, top. 176, con vivires y efectos, á los Sres. Canet y Garbuleña.;am.;Margaret A. Stevens;berg.;1861_03_06;Nueva-Orleans
Día 5:;;N/A: ;Laurent;cad.;;De New-Orleans en 5 días berg. am. A. A. Chapman, cad. Laurent, ton. 120, con vivires, á los señores Cahuzac y heras.;am.;A. A. Chapman;berg.;1861_03_06;New-Orleans
Día 22:;;N/A: ;Wyatt;cap.;;De Bucksport en 22 días pail. am. Mississippi, cap. Wyatt, ton. 160, con maderas, á los Sres. Adot. S. y Cª.;am.;Mississippi;pail.;1861_03_06;Bucksport
;;;Pickering Kegr;comandante;;De Cayo-Hugo pail. de los Estados-Unidos Florida, comandante Pickering Kegr.;Estados-Unidos;Florida;pail.;1861_03_06;Cayo-Hugo
Día 8:;;N/A:  | N/A: ;Ward;cap.;;De New-Orleans en 8 días berg. ing. Vénus, cap. Ward, ton. 164, con vivires y muníc, á los Sres. Rigal, D. y comp.;ing.;Vénus;berg.;1861_03_06;New-Orleans
Día 34:;;N/A: ;Terera;cap.;;De Alicante en 34 días berg. cap. Terera, cap. Soler, ton. 184, con frutos, á D. C. Madrazo.—Pasageros 2.;;;berg.;1861_03_06;Alicante
Día 19:;;N/A: ;Sabater;cap.;;De Tabasco en 19 días pail. mej. Union, cap. Sabater, ton. 73, con efectos, á los Sres. Bustamante, R. y Cª.;mej.;Union;pail.;1861_03_06;Tabasco
Día 3:;;N/A: ;Taylor;cap.;;De Panacola en 3 días berg. am. Matron, cap. Taylor, ton. 140, con maderas, á los Sres. S. C. Burnham y Cª.;am.;Matron;berg.;1861_03_06;Panacola
Día 43:;;N/A: ;Manan;cap.;;De Barcelona en 43 días fras. esp. Angelita, cap. Manan, ton. 236, con frutos, á los Sres. Ercuriza y S. rpa.;esp.;Angelita;fras.;1861_03_06;Barcelona
Día 14:;;N/A: ;Newkirk;cap.;;De Portland en 14 días pail. am. Cordelia, cap. Newkirk, ton. 246, con envases, á los Sres. J. M. Morales y Comp.;am.;Cordelia;pail.;1861_03_06;Portland
;;N/A: ;Cunningham;cap.;;De Cayo Hueso viv. am. Jessie Pinckney, cap. Cunningham, ton. 36, con pescado. D. F. Schnabelins y cp.;am.;Jessie Pinckney;viv.;1861_03_09;Cayo Hueso
Día 18:;;N/A: ;Pocaroy;cap.;;De Boston 18 días pail. á M. Senwall, cap. Pocaroy, ton. 169, con efectos, á D. M. A. Herrera y cp.;;M. Senwall;pail.;1861_03_09;Boston
Día 6:;;N/A: ;Leclés;cap.;;De Tampico y Veracruz en 6 días cap. inc. Solent, cap. Leclés, ts. 1.664, con efectos, al Cónsul inglés, Pasag. st. 19.;ing.;Solent;;1861_03_09;Tampico y Veracruz
Día 18:;;N/A: ;Look;cap.;;De Portland en 18 días berg. á Mechanich, cap. Look, te. 219, con envases, á los Sres. D. I. M. Zaugroniz y Cp.;;Mechanich;berg.;1861_03_09;Portland
Día 15:;;N/A:  | N/A:  | N/A: ;Elentorio;cap.;;De Málaga, Algeciras y Pto-Rico en 15 días berg. cap. Elentorio, cap. Valentin, ts. 146, con fuentes, á D. José de la Portilla, Pasag. 113, de ellos 168 de tropa.;;;berg.;1861_03_09;Málaga, Algeciras y Pto-Rico
Día 4:;null;N/A: ;Johnson;cap.;09-03-XXXX;Marzo 9.—De New-Orleans en 4 días vap. am. De Soto, cap. Johnson, ton. 187, con efectos, á los Sres. Cahuzac H.—Pas. 41.;am.;De Soto;vap.;1861_03_10;New-Orleans
Día 12:;;N/A:  | N/A: ;Collins;cap.;;De Filadelfia en 12 días frag. am. Washington Butcher, cap. Collins, ton. 314, con carbón y carbón, á los señores Porto Hº.—Pas. 12.;am.;Washington Butcher;frag.;1861_03_10;Filadelfia
Día 5:;;N/A: ;Briggs;cap.;;De Mobile en 5 días pat. am. Pass y Jún., cap. Briggs, ton. 168, con maderas, á D. A. Ruiz.;am.;Pass y Jún.;pat.;1861_03_10;Mobile
Día 8:;;N/A: ;Hopkins;cap.;;De Panscola en 8 días berg. am. H. Bruce, cap. Hopkins, ton. 287, con ladrillos, á los Sres. S. C. Burnham y comp.;am.;H. Bruce;berg.;1861_03_10;Panscola
Día 18:;;N/A: ;Sundberg;cap.;;De Hartlepool en 18 días berg. am. E. Hollstein, capitán Sundberg, ton. 240, con carbón, á la Compañía de Gas.;am.;E. Hollstein;berg.;1861_03_10;Hartlepool
Día 17:;;N/A: ;Oden;cap.;;De Cardiff en 17 días frag. am. Seven Sisters, cap. Oden, ton. 284, con carbón, al capitán.;am.;Seven Sisters;frag.;1861_03_10;Cardiff
Día 16:;;N/A: ;Colby;cap.;;De Portland en 16 días gol. am. W. H. Mather, cap. Colby, ton. 192, con maderas, á D. J. M. Morales y cp.;am.;W. H. Mather;gol.;1861_03_10;Portland
Día 10:;;N/A: ;Cedeño;cap.;;De Cienfuegos en 10 días berg. esp. Tito Capitán, Cedeño, ton. 219, con miel, á D. J. G. Barba y cp.;esp.;Tito;berg.;1861_03_10;Cienfuegos
Día 14:;;N/A: ;Loman;cap.;;De Boston en 14 días berg. am. R. B. Mackin, capitán Loman, ton. 163, con efectos, á los Sres. Pereda y cp.;am.;R. B. Mackin;berg.;1861_03_10;Boston
Día 24:;24-03-XXXX;N/A: ;Lun;cap.;10-03-XXXX;Marzo 10.—De Filadelfia en 14 días berg. am. S. Thurlow, cap. Lun, ts. 240, con carbon al capitán.;am.;S. Thurlow;berg.;1861_03_12;Filadelfia
Día 15:;;N/A:  | N/A: ;Smith;cap.;;De Portland en 15 días pail. am. Arcade, cap. Smith, ton. 121, con canaves y maderas, 4 los Sres. D. J. M. Morales y Comp.;am.;Arcade;pail.;1861_03_12;Portland
Día 56:;;N/A: ;Peñón;cap.;;De Santander, Cuba y Trinidad en 56 días frz. cap. Peñón, cap. Ugarte, ts. 236, con frutas a los Sres. Saná, S. y Comp.;;;frz.;1861_03_12;Santander, Cuba y Trinidad
Día 6:;;N/A: ;María;cap.;;De Cienfuegos en 6 días pol. cap. María, cap. Maristamp, ts. 116, con maiz, al capitán.;;;pol.;1861_03_12;Cienfuegos
Día 5:;;N/A: ;Lindtew;cap.;;De New-Castle en 5 días berg. sarg. Hilda, cap. Lindtew, ts. 212, con carbon, al capitán.;;Hilda;berg.;1861_03_12;New-Castle
Día 55:;;N/A: ;Gregor;cap.;;De Cardiff en 55 días frag. not. Fray, cap. Gregor, ts. 210, con carbon, al capitán.;;Fray;frag.;1861_03_12;Cardiff
Día 10:;;N/A: ;Herdley;cap.;;De St. Thomas en 10 días herz. fr. Car. ard, cap. Herdley, ts. 123, con ladridos.;fr.;Car. ard;herz.;1861_03_12;St. Thomas
Día 50:;;N/A:  | N/A: ;Hog.;cap.;;De New-Castle en 50 días berg. ing. Ongas, cap. Hog. ton. 44, con cargón, 6 los Sres. Pesser y Comp.;ing.;Ongas;berg.;1861_03_12;New-Castle
Día 15:;;N/A: ;Tracy;cap.;;De Portland en 15 días pail. app. Nautius, cap. Tracy, ton. 126, con canaves, al capitán.;;Nautius;pail.;1861_03_12;Portland
Día 17:;;N/A: ;Palo;cap.;;De Canarias, Gilbara y Matanzas en 17 días herz. cap. Palo, cap. Perez, ts. 231, con efectos, á los Sres. Valencia y Cruz.;;Gilbara y Matanzas;herz.;1861_03_12;Canarias
Día 8:;;N/A: ;Paxton;cap.;;De Belize en 8 días frag. ing. Tower Hanks, cap. Paxton, ts. 277, con carbon, al capitán.;ing.;Tower Hanks;frag.;1861_03_12;Belize
Día 2:;;N/A:  | N/A: ;Reed;cap.;;De Portland en 2 días berg. am. Mayatland, cap. Reed, ton. 15, con entra y maderas, á los Sres. D. J. M. Morales y Cp.;am.;Mayatland;berg.;1861_03_12;Portland
Día 6:;;N/A: ;Whaley;cap.;;De Wilmington en 6 días berg. amer. John Balch, cap. Whaley, ts. 142, con maderos al capitán.;amer.;John Balch;berg.;1861_03_12;Wilmington
Día 7:;null;N/A: ;Democres;cap.;null;Mz. 11.—De Vigo y Pto. Ricen en 7 días del 22 berg. esp. A- defina, cap. Democres, ton. 134, con trutos, á los Sres. Mendoza y Comp.;esp.;A- defina;berg.;1861_03_12;Vigo y Pto. Ricen
Día 10:;;N/A: ;Hardy;cap.;;De Filadelfia en 10 días pail. am. Geo. Byron, cap. Hardy, ton. 125, con efectos, á los señores Cahuzac H.;am.;Geo. Byron;pail.;1861_03_13;Filadelfia
Día 11:;;N/A: ;Cornwall;cap.;;De New-York en 11 días berg. am. Mary Cobb, capitán Cornwall, ton. 266, con efectos, á los Sres. J. Perez y Martínez.;am.;Mary Cobb;berg.;1861_03_13;New-York
Día 9:;;;D. José Carranza;teniente;;De New-York en 9 días vapor de S. M. Velasco, con- dante el teniente de novio D. José Carranza.;;S. M. Velasco;vapor;1861_03_13;New-York
Día 10:;;N/A: ;David;cap.;;De Filadelfia en 10 días berg. am. Ella Reed, cap. David, ton. 239, con maquinaria, á D. J. R. Marquette.;am.;Ella Reed;berg.;1861_03_13;Filadelfia
Día 14:;;N/A:  | N/A: ;Smith;cap.;;De Filadelfia en 14 días gol. am. Jane C. Patterson, cap. Smith, ton. 191, con maderas y envases, á los Sres. J. M. Morales y ep.;am.;Jane C. Patterson;gol.;1861_03_13;Filadelfia
Día 18:;;N/A: ;Webber;cap.;;De Portland en 18 días berg. am. J. D. Lincoln, cap. Webber, ton. 234, con envases, á los Sres. J. M. Morales y ep.;am.;J. D. Lincoln;berg.;1861_03_13;Portland
Día 29:;;N/A: ;Kevlly;cap.;;De Scarsport en 29 días berg. am. C. Mathews, cap. Kevlly, ton. 172, con invases, á D. J. Morales y ep.;am.;C. Mathews;berg.;1861_03_13;Scarsport
Día 27:;;N/A: ;Mills;cap.;;De Portland en 27 días berg. ing. St. Agnes, cap. Mills, ton. 154, con envases, á D. J. M. Morales y ep.;ing.;St. Agnes;berg.;1861_03_13;Portland
Día 11:;;N/A: ;Crosby;cap.;;De New-York en 11 días frag. am. C. Hoddle, cap. Crosby, ton. 413, con efectos, á D. J. M. Morales y ep.;am.;C. Hoddle;frag.;1861_03_13;New-York
Día 15:;;N/A: ;Lang;cap.;;De New-York en 15 días frag. al capitan. Lang, ton. 236, con efectos, al capitan.;;;frag.;1861_03_13;New-York
Día 6:;;N/A: ;Philip;cap.;;De St. Thomas en 6 días pall. am. Walter Ruleigh. cap. Philip. ton. 472, en lastre, al capitán.;am.;;pall.;1861_03_16;St. Thomas
Día 41:;;N/A: ;Lai- nú.;cap.;;De Nantes en 41 días frag. frane. A. bert Cezard, cap. Lai- nú. 531, en lastre, á los Sres. Péser y cp.;frane.;A. bert Cezard;frag.;1861_03_16;Nantes
Día 47:;;N/A:  | N/A: ;Toure;cap.;;Del Havre en 47 días frag. frane. Charles. cap. Toure, to- neadas 350, con ladrillos, á los Sres. Rigal. D. y cp.;frane.;Charles;frag.;1861_03_16;Havre
Día 5:;;N/A: ;Wright;cap.;;De Jacksonville en 5 días pall. am. Atlantic. cap. Wright, ton. 156, con maderas. á los Sres. Cahug. II.;am.;Atlantic;pall.;1861_03_16;Jacksonville
Día 8:;;N/A: ;Le Mesurier;cap.;;De Nueva-York y Nassau en 8 días vapor. inz. Karuak. cap. Le Mesurier. ton. 793, con efevor, á los Sres. J. M. Morales y cp. -Pax. 59.;inz.;Karuak;vapor;1861_03_16;Nueva-York y Nassau
Día 69:;;N/A: ;Howard;cap.;;De New-Castle en 69 días berg. ing. Aonic, cap. Howard, ton. 281, con carbon, al capitán.;ing.;Aonic;berg.;1861_03_16;New-Castle
Día 11:;;N/A: ;tan Pierce;cap.;;De Boston en 11 días berg amer. Walter Howes, capi- tan Pierce, toas. 187, con envasos, á los Sres. Adot. Spal- ding y cp.;amer.;Walter Howes;berg;1861_03_16;Boston
Día 1:;;N/A: ;Richardson;cp.;;De Cayo Hueso y Charlesharbour, tons 1 día del último vapor. am. Salvador, cp. Richardson, tons 459, con ganado, á los señores D. S. C. Burnham y cp.;am.;Salvador;vapor;1861_03_16;Cayo Hueso y Charlesharbour
Día 315:;;N/A: ;Bridge;cap.;;De Wampoo y Cabo de Huenas Esperanza, ton. 315 días frag. chil. Grey Houn, cap. Bridge. ton. 339, en lastre á los Sres. Turics. P. y cp.-Conduce 200 a-líticos.;chil.;Grey Houn;frag.;1861_03_16;Wampoo y Cabo de Huenas
Día 51:;;N/A: ;Christensen;cap.;;De Cardiff en 51 días frag. vor. Pall, cap. Christensen, ton. 257, con carbon, al capitán.;vor.;Pall;frag.;1861_03_16;Cardiff
Día 15:;;N/A: ;Bush;ep.;;De N. York en 15 dias gol. am. Anna Lewis, ep. Bush, ton. 98, con efectos, a los Sres. Findlay y Gândaca.;am.;Anna Lewis;gol.;1861_03_17;N. York
Día 11:;;N/A: ;Veezie;ep.;;De Newport en 11 dias berg. am. Dazzie, ep. Veezie, top. 192, con viveres, a los Sres. Guillen y Galvez.;am.;Dazzie;berg.;1861_03_17;Newport
Día 6:;;N/A: ;Goold;cap.;;De Jacksonville en 6 dias berg. am. Frances Archenius, cap. Goold, ton. 153, con maderas, a los Sres. Cahuzac H.;am.;Frances Archenius;berg.;1861_03_17;Jacksonville
Día 6:;;N/A: ;Ripper;cap.;;De Cienfuegos en 6 dias berg. nor. Anna Elizabeth, capitan Ripper, ton. 173, con miedos, al cap.;nor.;Anna Elizabeth;berg.;1861_03_17;Cienfuegos
Día 26:;;N/A: ;Mahiman;cap.;;De Trom en 26 dias berg. am. Angostura, cap. Mahiman, ton. 357, con carbon al cap.;am.;Angostura;berg.;1861_03_17;Trom
Día 71:;;N/A: ;Ballet;cap.;;De Sunderland en 71 dias fraz. inz. Eroness, cap. Ballet, ton. 353, con carbon al cap.;;Eroness;fraz.;1861_03_17;Sunderland
Día 5:;;N/A: ;Finc.;ep.;;De Chris-dansand en 5 dias berg. nor. A. Hertzberg, ep. Finc. ton. 159, con bacoal al cap.;nor.;A. Hertzberg;berg.;1861_03_17;Chris-dansand
Día 13:;;N/A: ;Debroc ton.;ep.;;De Orona en 13 dias pail. hondro no Progreso, ep. Debroc ton. 46, con efectos, a D. 2. M. Moresly, ep.;;hondro no Progreso;pail.;1861_03_17;Orona
;;;Hinckley Eser;com.;;De Vera cruz vap. de S. M. B. Glaziator, su com. Hinckley Eser.;;Glaziator;vap.;1861_03_17;Vera cruz
Día 3:;;N/A:  | N/A: ;Pullock;cap.;;De New Orleans en 3 días vap. am. Bienve- de, cap. Pullock, ton. 118, con efecto á los Sres. Cahuzac H.-Pascagoula, 51.;am.;Bienve- de;vap.;1861_03_19;New Orleans
Día 3:;;N/A:  | N/A: ;Smith;cap.;;De New York en 3 días vap. cap. Cahawba, cap. Smith, ton. 118, con efecto á los Sres. Cahuzac H.-Pascagoula, 51. - Adelantado, cap. C. C. Scott con 6 maniúrmas, mas del yate am. Jerry Kingland, de New-York, que se perdió sobre la costa de la Florida unas 16 milles al S. de Júpiter 17.;am.;Cahawba;vap.;1861_03_19;New York
Día 1:;;N/A:  | N/A:  | N/A: ;Kate Stewart;cap.;;De Formosa en 1 día, pas. cap. Kate Stewart, cp. Ma- drid, con 12000, á los Sres. Zangoriz y esp.;cp.;Kate Stewart;pas.;1861_03_19;Formosa
;;N/A:  | N/A: ;B. Capitán;cp.;;De Montevideo, con 25000, á los Sres. Zangoriz y esp. Restaurador, cp. B. Capitán, 34, con 12000, á los Sres. Llanusa hermanos.;;Restaurador;;1861_03_19;Montevideo
Día 3:;;N/A:  | N/A: ;Grif;cap.;;De Cayenne, en 3 días, cap. Grif, cap. Barrows, ton. 41, con 12000, á los Sres. Cahuzac y comp. - Pasaje 8.;;;;1861_03_19;Cayenne
Día 3:;;N/A: ;W. Batty;cap.;;De Coro-Kuruvic, en 3 días, cap. W. Batty, cap. Dennison, ton. 41, con 12000, á los Sres. Schenbelius y esp.;;;;1861_03_19;Coro-Kuruvic
Día 15:;;N/A:  | N/A:  | N/A: ;Nor- vest;cp.;;De Port, en 15 días, larg. am. P. R. Curtis, cp. Nor- vest, con 12000, á los Sres. Zangoriz y esp.;am.;P. R. Curtis;larg.;1861_03_19;Port
Día 15:;;N/A:  | N/A: ;Rodriguez;cap.;;De Sial en 15 días berg. c.p. Vucant, cap. Rodriguez, ts. con efectos, a los Sres. Bustamante, R. y Cp. De Troon en 40 días frag. am. Highland Chief, cap. Barstow, 325, con carbón, al Capitan.;c.p.;Vucant;berg.;1861_03_21;Sial
Día 98:;;N/A:  | N/A:  | N/A:  | N/A: ;Teléda;cap.;;De Montevidéo y Matanzas en 98 días berg. esp. Corina, cap. Teléda, cens. 193, con tasajo, a los señores Rigel, Dar-7 y 3.;esp.;Corina;berg.;1861_03_21;Montevidéo y Matanzas
Día 55:;;N/A: ;Audiuza;cap.;;4. Liverpool en 55 días berg. op. Elorriano, cap. Audiuza, ton 224, con la vencida, a los Sres. Jimenez y sobrino.;;Elorriano;berg.;1861_03_21;Liverpool
Día 61:;;N/A: ;Curtis;cap.;;De Troon en 61 dias frag. am. Abby Brown, cap. Curtis, ton. 463, con carbon, al capitán.;am.;Abby Brown;frag.;1861_03_22;Troon
Día 41:;;N/A: ;Bla-de'l;cap.;;De Cardiff en 41 dias frag. am. Village Belle, cap. Bla-de'l, ton. 659, con carbon, al capitán.;am.;Village Belle;frag.;1861_03_22;Cardiff
Día 17:;;N/A: ;Coombs;cap.;;De Bucksport en 17 dias berg. am. Judge Blany, capitán Coombs, ton. 217, con maderas, á D. J. M. Morales y comp.;am.;Judge Blany;berg.;1861_03_22;Bucksport
;;N/A: ;Tabbot;cap.;;De Cayo Huego rív. am. Neptuno, cap. Tabbot, ton. 21, con pescado, á los Sres. Schnabelius y cp.;am.;Neptuno;rív.;1861_03_22;Cayo Huego
Día 1:;null;N/A: ;Tapley;cap.;23-03-YYYY;Marzo 23.—De Sierra-Morona en 1 día berg. am. Abner Taylor, cap. Tapley, ton. 147. con miel, á D. N. J. Gomez y compañía.;am.;Abner Taylor;berg.;1861_03_24;Sierra-Morona
Día 15:;;N/A: ;Lord;cap.;;De Portland en 15 días berg. am. Fredonia, cap. Lord, ton. 230, con envases, al capitán.;am.;Fredonia;berg.;1861_03_24;Portland
Día 12:;;N/A: ;Handy;cap.;;De Portland en 12 días berg. am. Chastelain, cap. Handy, ton. 233, con envases, á los Sres. Mora y Alfonso.;am.;Chastelain;berg.;1861_03_24;Portland
;;N/A:  | N/A: ;Donald;cp.;;De Cayo-Husco viv. aín, Cambridge, cp. Donald, ton. 43, con pescado, á D. F. Schrabelins y cp. William Jones, cp. Jones, ton. 144 con envases, al capitán.;;;;1861_03_24;Cayo-Husco
Día 12:;;N/A: ;Ryder;cap.;;De Norfolk en 12 días frag. am. Escoriaza, capit. Ryder, ton. 245, con durmientes, al capitán.;am.;Escoriaza;frag.;1861_03_24;Norfolk
Día 14:;;N/A: ;Wyman;cad.;;De New-York en 14 días berg. am. Winyan, cad. Wyman, ton. 242, con efectos, al capitán.;am.;Winyan;berg.;1861_03_24;New-York
Día 10:;;N/A: ;Hammond;cap.;;De Wilmington en 10 días berg. am. S. P. Brown, capitán Hammond, ton. 152, con maderas, á D. S. C. Burnham y cp.;am.;S. P. Brown;berg.;1861_03_24;Wilmington
;;N/A: ;Weather;cap.;;De Cayo-Huceso viv. am. Prima Donna, cap. Weather, ton. 37, con pescado, a los Sres. Schnabelius y cp.;am.;Prima Donna;viv.;1861_03_26;Cayo-Huceso
Día 10:;;N/A: ;Heller;cap.;;De New-York en 10 días frag. am. Evening Star, cap. Heller, ton. 266, con mercancías, a los señores, Cahuzac Herm.;am.;Evening Star;frag.;1861_03_26;New-York
Día 32:;;N/A: ;Buenaventura;cap.;;De Barcelona en 32 días frag. cap. Buenaventura, cap. Millet. ton. 470, con frutos: a los Sres. Samá, S. y cp.;;;frag.;1861_03_26;Barcelona
Día 11:;;N/A: ;Biddle;cap.;;De Belice en 11 días frag. am. Pallas, cap. Biddle, ton. 366, con lastre, al capitán.;am.;Pallas;frag.;1861_03_26;Belice
Día 17:;;N/A: ;Linneell;cap.;;. De Boston en 17 días frag. am. Mary Kimboll, cap. Linneell, ton. 450, con efectos, a D. M. B. Herrera y cp.;am.;Mary Kimboll;frag.;1861_03_26;Boston
Día 14:;;N/A: ;Bartlett;cap.;25-03-YYYY;Marzo 25.-De New-York en 14 días frag. am. Atlas, cap. Bartlett, ton. 433, con mercancías, a los Sres. J. M. Morales y comp.;am.;Atlas;frag.;1861_03_26;New-York
;;N/A: ;Sitches;cap.;;De Cayo-Hueco viv. am. I. Burrows, cap. Sitches, ton. 35, con pescado, a D. F. Marty.;am.;I. Burrows;am.;1861_03_26;Cayo-Hueco
Día 63:;;N/A: ;Crocker;cap.;;De Cardiff en 63 días berg. cap. Mary Macrao, cap. Crocker, ton. 290, con carbon, al capitán.;;Mary Macrao;berg.;1861_03_26;Cardiff
Día 1:;;N/A: ;Oliver;cap.;;De Matanzas en 1 día berg. esp. Cisneros, cap. Oliver, ton. 225, con azúcar, a los Sres. Solá, Carbonell y cp.;esp.;Cisneros;berg.;1861_03_26;Matanzas
Día 55:;;N/A: ;Urriola;cp.;;Del Havre en 55 días berg. esp. Napoleón, cp. Urriola, ton. 254, con mercancías, al cap.;esp.;Napoleón;berg.;1861_03_26;Havre
Día 51:;;N/A: ;María;cap.;;De Buenos Aires en 51 días pol. cap. María, cp. Sisa, ton. 119, con tasajo, a los Sres. Rital. D. y cp.;;;pol.;1861_03_26;Buenos Aires
Día 17:;;N/A: ;Mulford;cp.;;De Boston en 17 días pail. am. G. W. Andernreid, cp. Mulford, ton. 267, con envases, a los Sres. Adot. S. y cp.;am.;G. W. Andernreid;pail.;1861_03_26;Boston
Día 10:;;N/A: ;Wyman;cap.;;De N. York en 10 días berg. am. A. E. Merryman, capit. Wyman, ton. 225, con mercancías, a los Sres. Adot. S. y cp.;am.;A. E. Merryman;berg.;1861_03_26;N. York
Día 16:;;N/A: ;Dole;cp.;;De Boston en 16 días pail. am. Ephraim & Anna cp. Dole, ton. 197, con bocoyes, a los Sres. Adot. S. y cp.;am.;Ephraim & Anna;pail.;1861_03_26;Boston
Día 11:;;N/A:  | N/A: ;Collins;cap.;;Matzo 25. De Aspinwall en 11 dias paring. C. Minerva, cap. Collins, tons. 64, con envasos. a D. J. Calzada. Paazeros 8.;;C. Minerva;paring;1861_03_27;Aspinwall
Día 12:;;N/A: ;Coleman;cap.;;De Boston en 12 dias frag. amer. Lavoy cap. Coleman. tons. 304, con envasos, a los Sres. Adot. S. C.;amer.;Lavoy;frag.;1861_03_27;Boston
Día 13:;;N/A: ;Bate;cp.;;De Boston en 13 dias poil. amer. H. M. Alridge, cp. Bate. tons. 140, con efectos, al capitan.;amer.;H. M. Alridge;poil.;1861_03_27;Boston
Día 10:;;N/A: ;Barton;cap.;26-03-YYYY;Marzo 26. De New-York en 10 dias frag. am. Albertina. cap. Barton. ton. 304, con mercancías, a D. J. M. Morales y comp.;am.;Albertina;frag.;1861_03_27;New-York
Día 14:;;N/A: ;Winlow;cap.;;De New-York en 14 dias frag. am. Philom. cap. Winlow, ton. 270, con mercancías, a los Sres. Torres y Comillas.;am.;Philom;frag.;1861_03_27;New-York
Día 46:;;N/A: ;Anderson;cap.;;De Greenock en 46 dias frag. ing. Belle Allianco, cap. Anderson. ton. 699, con carbon, a los Sres. Fisser y comp.;ing.;Belle Allianco;frag.;1861_03_27;Greenock
Día 32:;;N/A: ;Inés;cap.;;De Mallorca en 32 dias frag. cap. Inés, cap. Bauzan. ton. 103, con frutos, a los Sres. Canet y Garbolens. —Passa. 16 y 7 de tropa.;;;frag.;1861_03_27;Mallorca
Día 40:;;N/A:  | N/A: ;Ellis;cap.;;Del Harre en 40 dias frag. amer. Maverick, cap. Ellis, tons. 689, en lastre, al capitan.;amer.;Maverick;frag.;1861_03_27;Del Harre
Día 46:;;N/A: ;Hiltchborn;cap.;;De Liverpool en 46 dias frag. amer. F. Sherman, cap. tan Hiltchborn, tons. 606, con carbon, a la Compañía del Gas.;amer.;F. Sherman;frag.;1861_03_27;Liverpool
Día 44:;;N/A: ;Drinot;cap.;;Del Harre en 44 dias frag. france. Mathurin Cor. capitan Drinot, tons. 353, con mercancías, a los Sres. Vignier, R. y C. —Passa. 7.;france;Mathurin Cor;frag.;1861_03_27;Harre
Día 76:;;N/A: ;Lant;cap.;;De Montevideo en 76 dias frag. ing. Elizabeth, cap. Lant, ton. 311, en lastre, a los Sres. Meek y cp.;ing.;Elizabeth;frag.;1861_03_27;Montevideo
Día 15:;;N/A: ;Berry;cap.;;De New-York en 15 dias gol. am. Mountain Avenue, cap. Berry, ton. 175, con efectos, a los Sres. J. M. Morales y compañía.;am.;Mountain Avenue;gol.;1861_03_27;New-York
Día 33:;;N/A: ;Fano;cap.;;De Santandar en 33 dias berg. cep. Gonchita, cap. Fano, ton. 941, con harina, a los Sres. J. M. Morales y cp.;;Gonchita;berg.;1861_03_27;Santandar
Día 32:;;N/A: ;Véna;cap.;;De Cádiz en 32 dias frag. cap. Véna, cap. Fernández, ton. 331, con frutos, a los Sres. Peñasco. M. y cp. —Paa. 40.;;;frag.;1861_03_27;Cádiz
Día 15:;;N/A: ;Hoyt;cap.;;De Pórtland en 15 dias frag. am. Pilot Fish, capitan Hoyt, ton. 347, con maderas, a los Sres. J. M. Morales y comp.;am.;Pilot Fish;frag.;1861_03_27;Pórtland
Día 21:;;N/A: ;Holmes;cap.;;De Pórtland en 21 dias frag. am. Glen, cap. Holmes, ton. 251, con envasos, a los Sres. Zangróniz y cp.;am.;Glen;frag.;1861_03_27;Pórtland
Día 22:;;N/A: ;Perla;cap.;;De la Coruña en 22 dias frag. cap. Perla, cap. Lopez, ton. 203, con frutos, a los Sres. Samá, S. y comp. —Passa. 53.;;;frag.;1861_03_27;la Coruña
Día 46:;;N/A: ;Doane;cap.;;De Troon en 46 dias pail. am. Hortetene, cap. Doane, ton. 660, con carbon, al capitan.;am.;Hortetene;pail.;1861_03_27;Troon
Día 75:;;N/A: ;Major;cap.;;De Cardiff en 75 días berg. nor. Shamrock, caplt. Major, ton. 216, con corbon, al capitán;nor.;Shamrock;berg.;1861_03_28;Cardiff
Día 60:;;N/A: ;Lawenadler;cap.;;De Liverpool en 60 días frag sueca Nikanor, cap. Lawenadler, ton. 423 con carbon, al cap.;sueca;Nikanor;frag;1861_03_28;Liverpool
Día 43:;;N/A:  | N/A:  | N/A:  | N/A: ;Atemany ton.;cap.;;De Valencia en 43 días berg. esp. Tres Hermanos, cap. Atemany ton. 263, con frutos, á los Srec. Sam, S. y cp.;esp.;Tres Hermanos;berg.;1861_03_28;Valencia
Día 54:;;N/A:  | N/A: ;Fleming;cap.;;De Ambéres en 54 días berg. ing. Maid of Perth, capitan Fleming, ton. 208, con heno y tacrillos á los Srec. E. Meert y cp.;ing.;Maid of Perth;berg.;1861_03_28;Ambéres
Día 17:;;N/A: ;Griffin;cap.;;Do Béton en 17 días frag. am. John Carver, cap. Griffin, ton. 236, con bielo, al cap. tan.;am.;John Carver;frag.;1861_03_28;Béton
Día 12:;;N/A: ;Baker;cap.;;De New-York en 12 días frag. am. Harmon, cap. Baker, ton. 38, con mercancías, á los Srec. Fischl y cp.;am.;Harmon;frag.;1861_03_28;New-York
Día 16:;;N/A:  | N/A: ;Treat;cap.;;De Frankford en 16 días frag. am. J. M. Churchill, capitan Treat, ton. 110, con maderas, á los Srec. M. A. Herrara y cp. Del Havre en 35 días frag. am. Annie Hodgman, cap. Hylar, ton. 639, en lastro, al cap. tan.;am.;J. M. Churchill;frag.;1861_03_28;Frankford
Día 11:;;N/A: ;Graham;cap.;;De Filadelfia en 11 días berg. am. H. A. Didifer, cap. Graham, ton. 100, con efectos, al capitan.;am.;H. A. Didifer;berg.;1861_03_28;Filadelfia
Día 30:;30-03-YYYY;N/A: ;Smart;cap.;28-03-YYYY;Marzo 28—De Naveau en 2 días berg. ing. Georgina, cap. Smart. ton. 224, en lastre, al Sr. Consul inglés.;ing.;Georgina;berg.;1861_03_30;Naveau
Día 34:;;N/A: ;Goyeneche;cap.;;De Cádiz en 34 días berg. esp. Intrépido, cap. Goyeneche. ton. 119, con frutos, á D. J. de la Portilla.—Pasajeros 11.;esp.;Intrépido;berg.;1861_03_30;Cádiz
Día 46:;;N/A: ;Berry;cap.;;De Liverpool en 46 días frag. am. William, cap. Berry, ton. 522, con carbon, á la Compañía de Gas.;am.;William;frag.;1861_03_30;Liverpool
Día 53:;;N/A: ;Hutchins;cap.;;De Liverpool en 53 días frag. am. Canova, cap. Hutchins, ton. 58, con carbon, á capitán.;am.;Canova;frag.;1861_03_30;Liverpool
Día 45:;;N/A:  | N/A: ;Nuguet;cop.;;De Amberes en 45 días frag. am. Edwin, cop. Nuguet, ton. 449, con ladrillos y heno, al capitán.;am.;Edwin;frag.;1861_03_30;Amberes
Día 13:;;N/A: ;Brown;cap.;;De New-York en 13 días frag. am. Harry Clark, capitán Brown, ton. 572, en lastre, á D. J. M. Morales y comp.;am.;Harry Clark;frag.;1861_03_30;New-York
Día 15:;;N/A: ;Smith;cap.;;De New-York en 15 días berg. am. L. P. Snow, capitán Smith, ton. 137, con mercancías, á D. J. M. Morales y cop.;am.;L. P. Snow;berg.;1861_03_30;New-York
Día 11:;;N/A: ;Gilley;cap.;;De New-York en 11 días gol. am. Cernopolite, capitán Gilley, ton. 55, con heno, al capitán.;am.;Cernopolite;gol.;1861_03_30;New-York
;;N/A: ;Johnston;cap.;;De Cavo-Hueso vivo-ero am. Ellen Gallagher, cap. Johnston, ton. 43, con presado, á los Sres. Schnabelius y cp.;am.;Ellen Gallagher;;1861_03_30;Cavo-Hueso
Día 37:;;;Curtis;cap.;;De Génova en 37 días frag. am. Lisbon, cap. Curtis, ton. 436, en lastre, al capitán.;am.;Lisbon;frag.;1861_03_30;Génova
Día 45:;;N/A: ;Oudarza;cap.;;De Amberes en 45 días berg. esp. Hermoso Habanero, cap. Oudarza, ton. 163, con mercancías, á los Sres. Runge, Ballián y Cp.;esp.;Hermoso Habanero;berg.;1861_03_30;Amberes
Día 12:;;N/A: ;Hart;cap.;;De New-York en 12 días frag. am. Cera, cap. Hart, ton. 433, con carbon, al cap.;am.;Cera;frag.;1861_03_30;New-York
Día 6:;;;Blair;cap.;;De Savannah en 6 días frag. am. Brazil, cap. Blair, ton. 664, en lastre, al capitán.;am.;Brazil;frag.;1861_03_30;Savannah
Día 47:;;N/A: ;Bartlett;cop.;;De Cardiff en 47 días frag. am. Caroline C. Dow, cop. Bartlett, ton. 517, con carbon, al capitán.;am.;Caroline C. Dow;frag.;1861_03_30;Cardiff
Día 50:;;N/A: ;Elias;cap.;;De Liverpool y Holy Head en 50 días frag. cap. Elias, cop. Sierra, ton. 474, con mercancías, á los Sres. Scharfenberg. Tolmé y comp.;;Sierra;frag.;1861_03_30;Liverpool y Holy Head
Día 11:;;N/A: ;Harmon;cap.;;De Filadelfia en 11 días frag. am. Hamilton, cap. Harmon, ton. 187, con efectos, á D. J. R. Marquette.;am.;Hamilton;frag.;1861_03_30;Filadelfia
Día 46:;;N/A: ;Elor.;cap.;;De Liverpool en 46 días frag. am. Esmeralda, cap. Elor. ton. 250, con nericarcias, á los Sres. Clarke y comp.;am.;Esmeralda;frag.;1861_03_30;Liverpool
Día 18:;;N/A: ;Leveller;cap.;;De Guadalupó en 18 días frag. franc. Ismael Suarez, cap. Leveller, ton. 224, en lastre, al capitán.;franc.;Ismael Suarez;frag.;1861_03_30;Guadalupó
Día 9:;;N/A: ;Ayars;cap.;23-03-XXXX;Marzo 23.—De Gálveston en 9 días frag. am. 'Texas, cap. Ayars, ton. 534, en lastre, al cap.;am.;Texas;frag.;1861_03_30;Gálveston
Día 14:;;N/A: ;Raynes;cop.;;De N. York en 14 días frag. am. R. D. Walker, cop. Raynes, ton. 247, con efectos, al cap.;am.;R. D. Walker;frag.;1861_03_30;N. York
Día 47:;;N/A:  | N/A: ;Cole;cop.;;De Liverpool en 47 días frag. am. Callender, cop. Cole, ton. 450, con carbon, á la Compañía del gas.;am.;Callender;frag.;1861_03_30;Liverpool
Día 48:;;N/A: ;Pichot;cap.;;Del Havre en 48 días frag. fr. Perrier, cap. Pichot, ton. 792, en la stre. á los Sres. Scharfenberg, Tolvé y Cp. Pennell, ton. 259, con envases, á D. J. M. Morales y comp. De Filadelfia en 10 días frag. am. Sanseol, cap. Robinson, ton. 455, con carbon, al capitán.;fr.;Perrier;frag.;1861_03_31;Havre
Día 10:;;N/A:  | N/A:  | N/A: ;Burniar;cap.;;De Guadalujar en 10 días berg. fr. Rosell, cap. Burniar, tn. 165, en la stre. á los señores Cahuzac H.;fr.;Rosell;berg.;1861_03_31;Guadalujar
Día 60:;;N/A: ;Puentes;cap.;;De Buenos Aires en 60 días berg. esp. Invencible, capitán Puentes, ton. 179, con tasajo, al capitán -Pasag. 9.;esp.;Invencible;berg.;1861_03_31;Buenos Aires
Día 50:;;N/A: ;Melgrin;cap.;;De Cardiff en 50 días berg. ing. Jeddo, cap. Melgrin, ton. 242, con carbon, al capitán.;ing.;Jeddo;berg.;1861_03_31;Cardiff
;;;Mr. Wilson;comandante;;De Cayo-Hueco pail. de los E.-U. Tortugas, comandante Mr. Wilson.;E.-U.;Tortugas;pail.;1861_03_31;Cayo-Hueco
Día 76:;;N/A:  | N/A: ;George;cap.;;De Sunderland en 76 días berg. ing. Lord Harding, cap. George, ton. 334, con carbon, á la compañía del Gae.;ing.;Lord Harding;berg.;1861_03_31;Sunderland
Día 14:;;N/A: ;Poster;cp.;;De N. York en 14 días pail. am. J. H. Strout, cp. Poster, ton. 179, con mercancías, á los Sres. Brougham y cp.;am.;J. H. Strout;pail.;1861_03_31;N. York
Día 47:;;N/A: ;Lopez;cp.;;De Cádiz en 47 días frag. esp. D. Echague, cp. Lopez, tn. 235, con frutón, á D. J. d. la Portilla. -Pas. 13.;esp.;D. Echague;frag.;1861_03_31;Cádiz
Día 52:;;N/A: ;Nemst;cap.;;De Cardiff en 52 días frag. succa H. Sophia, cap. Nemst, ton. 358, con carbon, á los Sres. Samá, S. y cp.;;H. Sophia;frag.;1861_03_31;Cardiff
Día 31:;;N/A: ;Marletany;cap.;;De Valencia en 31 días frag. esp. Rosa y Cármen, capitán Marletany, ton. 402, con frutos, á los Sres. Samá, S. y cp.;esp.;Rosa y Cármen;frag.;1861_03_31;Valencia
Día 10:;;N/A: ;Arlaza;cap.;31-03-YYYY;Marzo 31.—Do Fernandina on 10 dias berg. esp. Juana Teresa, cap. Arlaza, ton. 130, con madera, á los señores Máruri y Sobrino.;esp.;Juana Teresa;berg.;1861_04_02;Fernandina
Día 44:;;N/A: ;Madrona;cap.;;Do Barcelona en 44 dias pol. cap. Madrona, cp. Alsina, tn. 130, con frutos, á los Sdes. Sold y Carbonell.;;;pol.;1861_04_02;Barcelona
Día 42:;;N/A: ;Clus;cap.;;De Barcelona en 42 dias frag. cap. Zefiro, cap. Clus. ton. 905, con frutos, á los señores Solá y Carbonell.—Pasag. 15.;;Zefiro;frag.;1861_04_02;Barcelona
Día 38:;;N/A: ;Mascaro;cap.;;Do Mallorca en 38 dias frag. cap. Aténas, cp. Mascaro, tn. 235, con frutos, á los Sres. Samá, S. y cp.;;Aténas;frag.;1861_04_02;Mallorca
Día 34:;;N/A: ;Cresceucia;cap.;;De Falmouth en 34 dias frag. cap. Cresceucia, cap. Albizuri, ton. 225, con mercancías, á los señores San Pelayo, 1. y comp.;;;frag.;1861_04_02;Falmouth
Día 42:;;N/A:  | N/A: ;Mathews;cp.;;De Liverpool en 42 dias frg. am. Mary Siorer, cp. Mathews ton. 523, con carbon, á la Compañía del gas.;am.;Mary Siorer;frg.;1861_04_02;Liverpool
Día 50:;;N/A: ;Artamoniz;cap.;;De Amberes en 50 dias berg. csp. Amistad, cap. Artamoniz, ton. 158, con mercancías, á los señores Sainz y Rodil.;csp.;Amistad;berg.;1861_04_02;Amberes
Día 15:;;N/A: ;Bartlett;cp.;;De Boston en 15 dias berg. am. American Union, cp. Bartlett, ton. 274, con efectos. á Don M. A. Herrera y cp.;am.;American Union;berg.;1861_04_02;Boston
;;N/A: ;Reed;cap.;;De Cayo-Hueco rivero am. Welcome, cap. Reed, ton. 27, con pecado, á los señores Schnabellus y comp.;am.;Welcome;ton.;1861_04_02;Cayo-Hueco
Día 49:;;N/A: ;Salma;cp.;;De Valencia en 49 dias frg. esp. Escolástica, cp. Salma, ton. 380, con frutos, á los Sres. Samá, S. y cp.;esp.;Escolástica;frg.;1861_04_02;Valencia
Día 14:;;N/A: ;Russ;cap.;;De Portland en 14 dias frag. am. Laura Russ, cap. Russ, ton. 281, con maderas, al cap. Condu toda la tripulación de la gol. ing. Bounding Billow, que navegando de Yarmouth á New-York, fué abordada y echada á pique por la amedicida fragata en la noche del 19 del pasado.;am.;Laura Russ;frag.;1861_04_02;Portland
Día 37:;;N/A: ;Salon;cap.;;De Palma (Mallorca) en 37 dias pol. cap. Ruperanza, cap. Salon, ton. 160, con frutos, á los señores Rígal, D. y comp.—Pasag. 1.;;Ruperanza;pol.;1861_04_02;Palma (Mallorca)
Día 60:;;N/A: ;Peterson;cap.;;De Cardiff en 60 dias frag. noruega Norren, cap. Peterson, ton. 272, con carbon, al cap.;noruega;Norren;frag.;1861_04_02;Cardiff
Día 14:;;N/A: ;Anderson;cap.;;De Portland en 14 dias berg ing. Ada Purvis, cap. Anderson, ton. 242, con maderas, á los señores D. J. M. Morales y comp.;ing.;Ada Purvis;berg;1861_04_02;Portland
Día 62:;;N/A: ;Bakhor;cap.;;De Liverpool en 62 dias frag. prus. Samuel, cap. Bakhor, ton. 409, con carbon, al cap.;prus.;Samuel;frag.;1861_04_02;Liverpool
Día 22:;;N/A: ;Gomez;cap.;;De Tampico en 22 dias berg. esp. Fabian, cap. Gomez, ton. 102, con efectos, á los señores Noreiga, O. y comp.—P. 3.;esp.;Fabian;berg.;1861_04_02;Tampico
Día 56:;;N/A: ;Diaz;cap.;;De Ibiza en 56 dias frag. cap. Teresita, cap. Diaz, ton. 185, con sal, á D. G. Madrazo.—P. 1.;;Teresita;frag.;1861_04_02;Ibiza
Día 63:;;N/A: ;Coombe;cap.;;De Newport en 63 dias frag. am. Clara Ann, cap. Coombe, ton. 421, con carbon, al cap.;am.;Clara Ann;frag.;1861_04_02;Newport
Día 21:;;N/A: ;Faller;cap.;;De Portland en 21 dias pail. am. Ocean Herald, cap. Faller, ton. 168, con envasos, al cap.;am.;Ocean Herald;pail.;1861_04_02;Portland
Día 92:;;N/A: ;Conill;cap.;;De Macao y Cabo de Buena-Esporanza en 92 dias vapor francés Francois Ier. cap. Conill, ton. 661, 'en lastre, á los señores J. Campbell y comp.—Conduce 773 asífáticos.;francés;Francois Ier;vapor;1861_04_02;Macao y Cabo de Buena-Esporanza
Día 49:;;N/A: ;Durond;cap.;;De Nantes en 49 dias fra. franc. Goujon, cap. Durond, ton. 378, con carbon, á los señores Fossier y comp.;franc.;Goujon;fra.;1861_04_02;Nantes
Día 5:;;;Hamilton Esgr.;comand.;;De Jamaica en 5 dias vapor de S. M. B. Hydra, comand. Hamilton Esgr.;S. M.;Hydra;vapor;1861_04_02;Jamaica
Día 20:;;N/A:  | N/A: ;Reba del Oceano;cap.;;De Macao y Santa Blanca en 20 dias frag. cap. Reba del Oceano, cap. Sarachaga, ton. 819, con efectos, á los Gres. Troncoso y Bustamante.—Conduce 497 aráfeos.;;Oceano;frag.;1861_04_02;Macao y Santa Blanca
Día 20:;;N/A: ;Brown;cp.;;De Wiscasset en 20 dias pail. am. Voluntier, cp. Brown, ton. 148, con envasos, á los señores Don José María Móriles.;am.;Voluntier;pail.;1861_04_02;Wiscasset
Día 48:;;N/A:  | N/A: ;Durand;cap.;;Abril. 1º. De Nantes en 48 días frag. franc. Oriou, cap. Durand. ton. 32º. con heno y ladrillos á los señores Pecor y Cp.;franc.;Oriou;frag.;1861_04_03;Nantes
Día 26:;;N/A: ;Espino;cap.;;De Cadiz en 23 días frag. esp. Ana Teresa, cap. Espino, ton. 24º. con frutos, al capitan. -Pas. 26.;esp.;Ana Teresa;frag.;1861_04_03;Cadiz
Día 60:;;N/A: ;Arce- thep. ton.;cap.;;De Cardiff en 60 días berg. ing. Margareth, cap. Arce- thep. ton. 167, con carbon, al cap.;ing.;Margareth;berg.;1861_04_03;Cardiff
;;N/A: ;Perez;cap.;;De Cao-Huero riv. am. Rattler, cap. Perez, ton. 60, con pescado á D. F. Marly.;am.;Rattler;riv.;1861_04_03;Cao-Huero
Día 31:;;N/A: ;Pano;cap.;;De la Coruna en 31 días frag. esp. Gertrudía, cap. Pano, ton. 291, con frutos, á los señores Rigal, D. y Cp. -Pas. 3.;esp.;Gertrudía;frag.;1861_04_03;La Coruña
Día 20:;;N/A: ;Strout;cp.;;De Portland en 20 días pail. am. Constitution, cp. Strout ton. 192, con cuvas, á D. N. J. Gomez y cp.;am.;Constitution;pail.;1861_04_03;Portland
Día 35:;;N/A: ;Henniquin;cap.;;De Cardiff en 35 días frag. franc. Ville de Vale, cap. Hen- niquin, ton. 439, con carbon, á D. J. M. Morales y cp.;franc.;Ville de Vale;frag.;1861_04_03;Cardiff
Día 42:;;N/A: ;Fernandez;cap.;;De Málaga en 42 días berg. esp. Panlita, cap. Fernandez, ton. 143, con frutos, á los Sres. Samá, S. y comp. -Pasag- ros 3.;esp.;Panlita;berg.;1861_04_03;Málaga
Día 32:;;N/A:  | N/A: ;Mc-Cay;cap.;;De Amberes en 32 días frag. ing. Saxe, cap. Mc-Cay, ton. 319, con heno y ladrillos, al cap.;ing.;Saxe;frag.;1861_04_03;Amberes
Día 1:;;N/A: ;Crawford;cap.;;De Cavo-Huero en 1 día pail. am. Welcome R. Beebe, cap. Crawford, ton. 310, en lastre al cap.;am.;Welcome R. Beebe;pail.;1861_04_03;Cavo-Huero
Día 35:;;N/A: ;Ramis;cap.;;De Mallorca en 35 días frag. esp. Balear, cap. Ramis, ton. 434, con frutos, á los señores Canet y Garbalena;esp.;Balear;frag.;1861_04_03;Mallorca
Día 21:;;N/A:  | N/A: ;Mc-Roy;cap.;;De Hálifax en 21 días gol. lug. Dart, cap. Mc-Roy, ton. 82, con bacalao, al cap. tan.;;Dart;gol.;1861_04_03;Hálifax
Día 22:;;N/A: ;Haley;cp.;;De Portland en 22 días pail. am. E. M. Haley, cp. Haley, ton. 252, con maderas, al cap.;am.;E. M. Haley;pail.;1861_04_03;Portland
Día 39:;;N/A: ;Julia;cap.;;De Málaga en 39 días frag. cap. Julia, cp. Casamão, ton. 429, con frutos, á los Sres. Escarizta y Serpa. -Pas. 6.;;;frag.;1861_04_03;Málaga
Día 11:;;N/A:  | N/A: ;Kender;cap.;;De N. -Orleans en 11 días pail. am. Reindeer, cap. Kender, to. 195, con viveres, á los Sres. S. C. Burnham y Cp. De Caso-Huevo viv. am. Jessie Pinkuoy, cap. Dealma, ton. 36, con percoso, á don P. Marty.;am.;Reindeer;pail.;1861_04_04;N. -Orleans
Día 15:;;N/A: ;Jones;cap.;;De Portland en 15 dias frag. am. Lucy Frances, cap. Jones, (on. 274, con envase, á D. M. A. Herrera y comp.;am.;Lucy Frances;frag.;1861_04_04;Portland
Día 15:;;N/A: ;Burnie;cap.;;De Portland en 15 dias berg. ing. Allandalo, cap. Burnie, ton. 147, con maderas, á D. J. M. Morales y comp.-El 23 del pasado perdió dos marineros «arrastados por un golpe de mar, que le lleró la obra muerta de babor y parte de la carga do sobrecuberta.;ing.;Allandalo;berg.;1861_04_04;Portland
Día 39:;;N/A: ;Cleaves;cap.;;De Cardiff en 39 días frag. amor. General Berry, capitan Cleaves, tons. 469, con carbon, al capitan.;;General Berry;frag.;1861_04_06;Cardiff
Día 30:;;N/A:  | N/A: ;Ochoa;cap.;;De la Coruña en 30 días frag. cap. Sofia Matilde, capitan Ochoa, tons. 279, con frutos, á los Sres. Rigal, D. y Cª—Pasageros 14.;;Sofia Matilde;frag.;1861_04_06;la Coruña
Día 47:;;N/A: ;Gillette;cap.;;De Cardiff en 47 días frag. fran. Malouin, cap. Gillette, toneladas 495, con carbon, al capitan.;fran.;Malouin;frag.;1861_04_06;Cardiff
Día 22:;;N/A:  | N/A: ;Carmin;cap.;;De Portland en 22 días pafl. am. (Oseuns, cap. Carmin, ton. 160, con envases, á los Sres. I. M. Zangroutz y cp. De Savannah, en 8 días berg. am. Redwood, cap. Melville, ton. 195, con arroz, á los Sres. S. C. Burnham y cp.;am.;Oseuns;pafl.;1861_04_06;Portland
;;N/A: ;Fogarty;cap.;;De Cayo-Hueso viv. am. G. G. King, cap. Fogarty, toneladas 36, con pescado, á D. F. Marty.;am.;G. G. King;viv.;1861_04_06;Cayo-Hueso
Día 73:;;N/A: ;Denham;cap.;;De New-Castle en 73 días frag. ing. Henry Lee, capitan Denham, ton. 359, con carbon, al capitan.;ing.;Henry Lee;frag.;1861_04_06;New-Castle
Día 40:;;N/A:  | N/A: ;Pritto;cap.;;Del Havre en 40 días frag. am. Riga, cap. Pritto, tou. 536, en lastre, al capitan.;am.;Riga;frag.;1861_04_06;Havre
Día 63:;;N/A: ;Justo;cap.;;De Buenos-Aires en 63 días berg. cap. Justo, cap. Salas, ton. 206, con tasajo, al capitan.;;;berg.;1861_04_06;Buenos-Aires
Día 39:;;;Lucas;cap.;;De Liverpool en 39 días frag. am. Redgauntlet, cap. Lucas, ton. 1080, en lastre, á los Sres. Tyng y cp.;am.;Redgauntlet;frag.;1861_04_06;Liverpool
Día 5:;;N/A:  | N/A:  | N/A: ;Hull;cap.;;De New-Orleans en 5 días frag. am. Pacific, cap. Hull, toneladas 541, en lastre, al capitan.—Pasag. 5.;am.;Pacific;frag.;1861_04_06;New-Orleans
Día 5:;;N/A: ;Bulloch;cap.;;De New-York en 5 días cap. am. Bienville, cap. Bulloch, ton. 175, con efectos, a los Sres. Calvazac II.—Pasag. 50.;am.;Bienville;;1861_04_07;New-York
Día 16:;;N/A: ;Sylvester;cap.;;De Filadelfia en 16 días gol. am. E. Hill, cap. Sylvester, ton. 56, con efectos, al capitán.;am.;E. Hill;gol.;1861_04_07;Filadelfia
Día 23:;;N/A: ;Christof;cap.;;De Liverpool N. E. en 23 días berg' ing. Franklin, capitán Christof, ton. 131, con maderas, al capitán.;ing.;Franklin;berg.;1861_04_07;Liverpool N. E.
Día 144:;;N/A: ;Echavaria;cap.;;De Hamburgo y Vigo en 144 días berg. esp. Manolo, cap. Echavaria, ton. 147, con mercancías, a los Sres. Galdiz y Neugger.;esp.;Manolo;berg.;1861_04_07;Hamburgo y Vigo
Día 31:;;;Vicontica;cap.;;Do Cádiz en 31 días frag. cap. Vicontica, cp. Hernandez,;;;frag.;1861_04_09;Cádiz
Día 15:;;;Curtis;cap.;;Do New York en 15 días berg. am. Havana, cap. Curtis,;am.;Havana;berg.;1861_04_09;New York
Día 32:;;N/A: ;Catalina;cap.;;Do Cádiz en 32 días frag. cap. Catalina, cap. Alvarez, ton.;;;frag.;1861_04_09;Cádiz
;;N/A: ;Gondra;cap.;;berg. cap. Adelaida, cap. Gondra, ton. 253, con mercancías,;;;berg.;1861_04_09;
Día 3:;;;Johnston;cp.;;De New-Orléans en 3 días vapor am. De Soto, cp. Johnston,;am.;De Soto;vapor;1861_04_09;New-Orléans
Día 8:;;;capitan;cap.;;De New York en 8 días pail. am. Florence Rogers, capitan;am.;Florence Rogers;pail.;1861_04_09;New York
Día 48:;;;Goniizol;cap.;;De Liverpool en 48 días berg. esp. Isurquiza, cap. Goniizol,;esp.;Isurquiza;berg.;1861_04_09;Liverpool
Día 19:;;;;cap.;;De Buckport en 19 días berg. am. Frances Newton, cap.;am.;Frances Newton;berg.;1861_04_09;Buckport
Día 14:;;;Lampher;cap.;;De New York en 14 días frag. am. Almoner, cap. Lampher,;am.;Almoner;frag.;1861_04_09;New York
Día 14:;;;Baker;cap.;;De Boston en 14 días gol. am. H. Nuth, cap. Baker, ton.;am.;H. Nuth;gol.;1861_04_09;Boston
Día 8:;;;capitan;cap.;;De New York en 8 días gol. am. M. C. Braactrale, capitan;am.;M. C. Braactrale;gol.;1861_04_09;New York
Día 39:;;;Dau;cap.;;Du Marsella en 39 días frag. franc. A. Drouhet, cap. Dau-;franc.;A. Drouhet;frag.;1861_04_09;Marsella
Día 19:;;N/A: ;Holmes;cap.;;De Halifax en 19 días berg. ing. Tyro, cap. Holmes, ton.;ing.;Tyro;berg.;1861_04_09;Halifax
Día 39:;;;;cap.;;De Santander en 39 días frag. osp. H. de Trasmiera, cap.;osp.;H. de Trasmiera;frag.;1861_04_09;Santander
Día 8:;;;;cap.;;De New-York y Nassau en 8 días cap. ing. Karnak, cap.;ing.;Karnak;;1861_04_09;New-York y Nassau
Día 14:;;;Picó;cap.;;De New-York en 14 días berg. am. G. Hound, cap. Picó,;am.;G. Hound;berg.;1861_04_09;New-York
Día 7:;;;Tizon;cap.;;De Veracruz y Sinalo en 7 días rap. osp. Union, cap. Tizon,;osp.;Union;rap.;1861_04_09;Veracruz y Sinalo
Día 10:;;;Parland;cap.;;De Boston en 10 días berg. am. Ortolan, cap. Parland, ta.;am.;Ortolan;berg.;1861_04_09;Boston
Día 22:;;;Berry;cap.;;De Portland en 22 días frag. am. St. Jago, cap. Berry, ton.;am.;St. Jago;frag.;1861_04_09;Portland
Día 10:;;;capitan;cap.;;De Portland en 10 días frag. am. G. Warren, capitan;am.;G. Warren;frag.;1861_04_09;Portland
Día 9:;;;;;;De Nueva-York en 9 días frag. am. Virginia Siellens,;am.;Virginia Siellens;frag.;1861_04_09;Nueva-York
Día 21:;;N/A: ;Mann;cap.;09-04-XXXX;Abril 9.-Do N.-York en 21 dias gol. inglesa Adela, cap. Mann, ta. 155, con efectos, a los Sres. Cahuzac II?;inglesa;Adela;gol.;1861_04_10;N.-York
Día 12:;;N/A: ;Marshman;cap.;;De Filadelfia en 12 dias gol. am. J. W. Hall, cap. Marshman, ta. 223, con envasos, a los Sres. D. J. M. Morales y comp.;am.;J. W. Hall;gol.;1861_04_10;Filadelfia
Día 76:;;N/A:  | N/A: ;Dodezo;cap.;;De Montovideo en 76 dias frag. cap. Amistad, cap. Dodezo, ta. 409, con tasajo, a los Sres. Peñasco, M. y cp. 16 Baltimore en 20 dias bar. lam. J. M. Chadbourne, cap. Marson, ta. 318, con efectos, a los Sres. D. J. M. Mora's y comp.;;Amistad;frag.;1861_04_10;Montovideo
Día 18:;;N/A:  | N/A: ;Bramhall;cap.;;De N.-York en 18 dias berg. am. Progressivo, cap. Bramhall, ta. 370, con adoquines y heno, a los Sres. D. N. J. Gomez y comp.;am.;Progressivo;berg.;1861_04_10;N.-York
Día 91:;;N/A: ;Lewis;cap.;;De Portland en 91 dias pall. am. Ocean Ranger, cap. Lewis, ta. 158, con envasos a los Sres. Adot, S. y comp.;am.;Ocean Ranger;pall.;1861_04_10;Portland
Día 11:;;N/A: ;Hall;cap.;;De Boston en 11 dias frag. am. William H. Hall, cap. Hall, ta. 474, con envasos al capitán.;am.;William H. Hall;frag.;1861_04_10;Boston
Día 1:;;;D. Ellis Esqr.;comandante;;De Cayo-Huero en 1 día pail. de los E. C. Tortugas, comandante D. Ellis Esqr.;;los E. C. Tortugas;pail.;1861_04_11;Cayo-Huero
Día 1:;;N/A: ;Weir;cap.;;De Charlotte-Harbour en 1 día vapor am. Salvor, capitan Weir, ton. 450, con ganado, & los Sres. S. C. Burnham y comp.;am.;Salvor;vapor;1861_04_11;Charlotte-Harbour
Día 55:;;N/A: ;Phillips;cap.;;De Dundee en 55 días frag. ing. Sisters, cap. Phillips, ton. 247, con carbon, á los Sres. Meeks y cp.;ing.;Sisters;frag.;1861_04_11;Dundee
;;N/A: ;Park;cap.;;De Cayo-Hueso viv. am. Archillius, cap. Park, ton. 43, con parcedo, á los Sres. Schnabell y cp.;am.;Archillius;viv.;1861_04_11;Cayo-Hueso
Día 55:;;N/A:  | N/A: ;Ricomk;cap.;;De Barcelona en 55 días frag. cap. Reina del Mediterráneo, cap. Ricomk, ton. 401, con fruto, á los Sres. Sam. S. y cp.—Pasag. 3.;;Reina del Mediterráneo;frag.;1861_04_11;Barcelona
Día 9:;;N/A: ;Sep- plon;cap.;;De New-York en 9 días gol. am. A Middleton cap. Sep- plon, ton. 217, con efector, á los Sres. D. S. C. Burnham y comp.;am.;Middleton;gol.;1861_04_11;New-York
Día 9:;;N/A: ;Wiggw;cap.;;De New-York en 9 días berg. am. Thomas Aehorn, cap. Wiggw, ton. 247, con carbon, al cap.;am.;Thomas Aehorn;berg.;1861_04_11;New-York
Día 16:;;N/A: ;Paellz;cap.;;De Filadelfia en 16 días berg. am. Humming Bird, cap. Paellz, ton. 342, con carbon, al cap.;am.;Humming Bird;berg.;1861_04_11;Filadelfia
Día 12:;;N/A:  | N/A: ;Bigley;cap.;11-04-XXXX;Abril 11. De Filadelfia en 12 dias berg. am. Wabash. cap. Bigley, ton. 180, con durmientes, á los Sres. Cahuzac H. De Cayo-Huero vivero am. Henry Sillas, cap. Lowe, ton. 36. con pescado, & D. F. Schnabelius y comp.;am.;Wabash;berg.;1861_04_12;Filadelfia
Día 11:;;N/A:  | N/A:  | N/A: ;Bowdein;cap.;;De New-York en 11 dias pall. am. Albert 'Treat, capitán Bowdein, ton. 182, con efectos, á los Sres. Cahuzac H. De Santander en 38 dias frag. esp. Carolina, cap. Sagaz, ton. 249, con barilas, á los Sres. Fernandez, Garcia y comp. De Portland en 18 dias pall. am. John Parnun, cap. Hall, ton. 229, con envases, á los Sres. Adot, S. y comp.;am.;Albert 'Treat;pall.;1861_04_12;New-York
Día 19:;;N/A: ;Tro-worg;c/p.;;De New-York en 19 dias berg. am. H. Means, c/p. Tro-worg, ton. 247, con efectos, á los Sres. Mora y Alt. uso.;am.;H. Means;berg.;1861_04_12;New-York
Día 10:;;N/A: ;Vance;cap.;;De Filadelfia en 10 dias pall. am. Fannie, cap. Vance, ton. 193, con efectos, á los Srs. Golcouria y comp.;am.;Fannie;pall.;1861_04_12;Filadelfia
Día 19:;;N/A: ;Teasler;cap.;;De Boston en 19 dias berg. am. David B. Doane, capitán Teasler, ton. 199, con maderas, á los Sres. Adot, S. y Cp?;am.;David B. Doane;berg.;1861_04_12;Boston
Día 14:;;N/A: ;Columbus;cap.;;De Cayo-Huero vivero am. Aristides, cap. Columbus, 14. 33, con pescado, á D. F. Schnabelius y comp.;am.;Aristides;;1861_04_12;Cayo-Huero
Día 17:;;N/A: ;Lows;cap.;;De Boston ou 17 dias pall. am. H. D. Holt, capit. Lows, ton. 273, con efectos, á los Sres. Herrera y cp.;am.;H. D. Holt;pall.;1861_04_12;Boston
;;N/A: ;Asby;cap.;;De Cayo Huero viv. am. Harriet Croker, cap. Asby, ton. 50, con pescado, á D. F. Schnabolius y cp.;am.;Harriet Croker;am.;1861_04_12;Cayo Huero
Día 63:;;N/A: ;Heet-meyer;cap.;;De Bremen en 63 dias frag. brem. Richard, cap. Heet-meyer, ton. 621, en lastro, al capitán.;brem.;Richard;frag.;1861_04_12;Bremen
Día 13:;;N/A: ;Duprat;cap.;;De Sial en 13 dias frag. fran. La Garonne, cap. Duprat, ton. 333, con efectos, á D. I. M. Zangroniz y comp.;fran.;La Garonne;frag.;1861_04_12;Sial
Día 57:;;N/A:  | N/A: ;Allaire;cap.;;De Liverpool en 57 dias berg. franc. Reine Hortense, capitán Allaire, ton. 211, con carbon y sal, á los Sres. Mock, P. y cp.;franc.;Reine Hortense;berg.;1861_04_12;Liverpool
Día 16:;;N/A: ;Williams;cap.;;De Nueva-York en 16 dias pall. am. N. Berry, cap. Williams, ton. 149, con maderas, á los Sres. Adot, S. y cp.;am.;N. Berry;pall.;1861_04_12;Nueva-York
Día 150:;;N/A: ;Bolla R. Ios;cap.;;De Malencia, Alante, Málaga y Kuvitias en 150 dias pol. cap. Bolla R. Ios, cap. Ibahez, to. 110, con efectos, al cap. pitan.;;;pol.;1861_04_13;Malencia
Día 30:;;N/A:  | N/A: ;Per- kins;cap.;;De N. York en 30 dias berg, am. H. B. Bumry, cap. Per- kins, to. 236, con efectos, & los Eros. D. J. M. Morales y comp.;am.;H. B. Bumry;berg;1861_04_13;N. York
Día 3:;;N/A:  | N/A:  | N/A: ;Stanhope;cap.;;De cays-Huoso en 3 dias frag. am. Mary J. Kimball, cap. Stanhope, to. 308, en lastre, & los Eros. D. J. M. Morales y comp.;am.;Mary J. Kimball;frag.;1861_04_13;cays-Huoso
Día 14:;;N/A:  | N/A:  | N/A:  | N/A: ;Melville;cap.;;De Newport en 14 dias berg. am. John Pierce, cap. Melville, ton. 169, con envases, & los Eros. S. C. Burnham y ep.;am.;John Pierce;berg.;1861_04_13;Newport
Día 60:;;;Brown;cap.;;De Buenos Aires en 60 dias frag. am. Handy King, cap- tain Brown, (to. 411, en lastre, al capitán.;am.;Handy King;frag.;1861_04_13;Buenos Aires
Día 17:;;N/A:  | N/A:  | N/A:  | N/A: ;Atwell;cap.;;De New-York en 17 dias frag. am. General Groce, cap. Atwell, ton. 214, con efectos, & los Eros. Perez y Martínez.;am.;General Groce;frag.;1861_04_13;New-York
Día 33:;;N/A:  | N/A:  | N/A: ;B. Scoundrel;cap.;;De Portland en 33 dias frag. am. Baron de Castine, cap. B. Scoundrel, ton. 267, con maderas, & D. M. A. Herrera y cp.;am.;Baron de Castine;frag.;1861_04_13;Portland
Día 23:;;N/A:  | N/A: ;Wilson;cap.;;De Portland en 23 días berg. am. Comm. Stewart, capi. Wilson, ton. 157, con enclaves, á D. J. M. Morales y cp. Lewis, ton. 259, con efectos. á D. J. M. Morales y cp. De New-York en 21 días bca. am. George Thomas, cap. Lewis, ton. 259, con efectos. á D. J. M. Morales y cp. De Filadelfia en 24 días frag. amer. Powhittan, cap. Winchester, ton. 404, con carbon. á D. M. A. Herrera y compa.;am.;Comm. Stewart;berg.;1861_04_14;Portland
Día 9:;;N/A: ;Neil;cap.;;De Pausacule en 9 días pail am. Emma D. Russo, cap. Neil. ton. 118 con ladrillos á D. S. de la Huerta.;am.;Emma D. Russo;pail;1861_04_16;Pausacule
Día 8:;;N/A: ;Cole;cap.;;. De New-Orleans en 8 días frag. am. Lenox, cap. Cole, ton. 370, en lastre, á los Sres. Cahuzar II.;am.;Lenox;frag.;1861_04_16;New-Orleans
Día 6:;;N/A: ;Richard;cap.;;De Mobila en 6 días fraz. am. Geo. Washington, cap. Richard, ton. 631, en lastre, á los Sres. Solá y Carbunell.;am.;Geo. Washington;fraz.;1861_04_16;Mobila
;;N/A: ;Bartlum;cap.;;De Cayo-Huero viv. am. Wye, cap. Bartlum, ton. 52, con pe-cado. á los Sres. Schnabelius y comp.;viv.;Wye;am.;1861_04_16;Cayo-Huero
Día 18:;;N/A:  | N/A: ;Smith;cap.;;De la Barbada en 18 días frag. am. Simoda, cap. Smith, ton. 614, en lastre, al capitán.—Pasag. 6.;am.;Simoda;frag.;1861_04_16;la Barbada
Día 104:;;N/A: ;Jordán;cap.;;De Marco y Santa Helena en 104 días fraz. am. May Queen, cap. Jordán, ton. 619, en lastre, á los Sres. Turcias, Puente y comp.—Conduce 307 asilátros.;am.;May Queen;fraz.;1861_04_16;Marco y Santa Helena
Día 48:;;N/A: ;Doughty;frag.;;De Liverpool en 48 días frag. am. Marengo, frag. Doughty, ton. 367, con carbon, á la Compañía del Gua.;am.;Marengo;frag.;1861_04_16;Liverpool
Día 47:;;N/A: ;Blanchard;cap.;;De Cardiff en 47 días frag. am. Wilkin, cap. Blanchard, ton. 480, con carbon, al capitán.;am.;Wilkin;frag.;1861_04_16;Cardiff
Día 54:;;N/A:  | N/A: ;Pettersen;cp.;;De Amberes en 54 días berg. sueco Nathalia, cp. Pettersen, ton. 176, con beno y ladrillos al cap.;sueco;Nathalia;berg.;1861_04_16;Amberes
Día 13:;;N/A:  | N/A:  | N/A: ;Chase;cap.;;De Galveston en 13 días frag. am. Houston, cap. Chase, ton. 583, con sal y carbon al cap.;am.;Houston;frag.;1861_04_16;Galveston
Día 17:;;N/A: ;Lewis;cap.;;De Wiscascel in 17 días berg. am. Phebo A. Paige, vap. capit. Lewis, ton. 174, con envases á D. N. J. Gomez y cp.;am.;Phebo A. Paige;berg.;1861_04_16;Wiscascel
Día 6:;;N/A: ;Little;cap.;;De New-Orleans en 6 dins berg. am. Benj. Haliet, cap. Little, ton. 348, en lastre, á las Sres. Cahuzac H.;am.;Benj. Haliet;berg.;1861_04_16;New-Orleans
Día 19:;;N/A: ;Jarden;cap.;;De Martín en 19 días frag. frang. Minerre, cap. Jarden, ton. 402, en la tre. á D. J. M. Morales y cp.;frang.;Minerre;frag.;1861_04_16;Martín
Día 17:;;N/A: ;Shute;cap.;;De Belfast en 17 días berg. am. Charles Eduard, capitán Shute, ton. 172, con maderas, á D. M. A. Herrera y comp.;am.;Charles Eduard;berg.;1861_04_16;Belfast
Día 1:;null;N/A:  | N/A: ;Pl4;cap.;16-04-XXXX;Abril 16.—De Buenos Aires y Matanzas en 1 día del segundo pol. esp. Encantadora, cap. Pl4, tón. 215, con tasajo, 8 los Sres. Rígal, D. y cp.;esp.;Encantadora;pol.;1861_04_17;Buenos Aires y Matanzas
Día 1:;;N/A: ;Rosés;cap.;;De Montevideo y Matanzas en 1 día del segundo pol. esp. pasola Temeraria, cap. Rosés, ton. 217, con tasajo, al capitan.;esp.;Temeraria;pol.;1861_04_17;Montevideo y Matanzas
Día 51:;;N/A: ;Reed;cap.;;De Liverpool en 51 días frag. am. Borneo, cap. Reed, ton. 610, con carbon, á los Sres. Meeks y P.;am.;Borneo;frag.;1861_04_17;Liverpool
Día 12:;;N/A: ;Drisko;cap.;;De Portland en 12 días frag. am. J. and H. Crowley cap. Drisko, ton. 234, con maderas, á los señores J. M. Morales y cp.;am.;J. and H. Crowley;frag.;1861_04_17;Portland
Día 74:;;N/A: ;Campbell;cap.;;De Shields en 74 días berg. ing. Abana, cap. Campbell, ton 194, con carbon, á los señores Scharfouberg, T. y cp.;ing.;Abana;berg.;1861_04_17;Shields
Día 74:;;N/A: ;Tillman;cp.;;De Swansea en 74 días berg. ing. Hobe, cp. Tillman, ton. 331, con carbon al cap.;ing.;Hobe;berg.;1861_04_17;Swansea
Día 76:;;N/A: ;Anderson;cp.;;De Hull en 76 días frag. aueca Mentor, cp. Anderson, tom. 368, con carbon al cap.;;Mentor;frag.;1861_04_17;Hull
Día 17:;;N/A:  | N/A: ;Green;cap.;17-04-XXXX;Abril 17.—Do Halifax en 17 días berg. ing. Ada, capitan Green, ton. 133. con wanderas, á los Sres Cahuzac Herman- nos. De New-Orleans en 3 días vapor am. Bienville, cap. Bu- lloch, ton 1538, con efectos, á los Sres. Cahuzac Herman- nos. —Passagers 78.;ing.;Ada;berg.;1861_04_18;Halifax
Día 26:;;N/A: ;Detchan;cap.;;De Shields en 26 días frag. ing. Handl, cap. Detchan, ton 338. con carbon, al capitán.;ing.;Handl;frag.;1861_04_18;Shields
;;;M. J. Duncan Esqr.;c.;;De Cayo-Hueco pal. de los Estados-Unidos John Apple-ton, comandante el teniente M. J. Duncan Esqr.;Estados-Unidos;John Apple-ton;pal.;1861_04_18;Cayo-Hueco
Día 13:;;N/A:  | N/A:  | N/A: ;Tenaúl;cap.;;De Guadalupo en 13 días frag. franc. Girando Aztille, cap. Tenaúl, ton. 351, en lastre, á D. F. Fosser y cp De Indiana (Tejas) en 5 días vapor am. Empire City, cap. Br. wn, ton. 1753, en lastro. á los Sres. J. M. Morales y Cí. —Conduce 6. 0 individuos de tropa.;franc.;Girando Aztille;frag.;1861_04_18;Guadalupo
Día 6:;;N/A:  | N/A: ;Laurent;cap.;;Do New-Orleans en 6 días berg. am. A. A. Chapman, cap. Laurent, ton. 129, con vireores, á los sordos Cahuz- zte herm.;am.;A. A. Chapman;berg.;1861_04_18;New-Orleans
Día 10:;;N/A: ;Balcon;cp.;;De Halifax en 10 días berg. ing. Margaret, cp. Balcon, ton. 133, con carbon al capitán.;ing.;Margaret;berg.;1861_04_18;Halifax
Día 7:;;N/A:  | N/A: ;Smith;cp.;;De Nueva-York en 7 días vapor am. Cahawba, cp. Smith. ton. 1933, con efectos, á los Sres Cahuzac H.—Pássagers 45.;am.;Cahawba;vapor;1861_04_19;Nueva-York
Día 15:;;N/A:  | N/A: ;Putnam;cp.;;De Portland en 15 días frag. am. Goldfinch, cp. Putnam, ton 316, con maderas y invases, á los Sres. J. M. Morales y compañía.;am.;Goldfinch;frag.;1861_04_19;Portland
Día 14:;;N/A: ;Robbing;cap.;;De New-York en 14 días frag. am. Mary R. Barney, capitán Robbing, ton. 581, con efectus, al capitán.;am.;Mary R. Barney;frag.;1861_04_19;New-York
Día 5:;;N/A: ;Hawkins;cp.;;De Mobila en 5 días pail. am. H. Brewster, cp. Hawkins, ton. 214, en lastre, al capitán.;am.;H. Brewster;pail.;1861_04_19;Mobila
Día 4:;;N/A: ;Billings;cap.;;De Mobila en 4 días berg. am. Maria White, cap. Billings, ton. 247, con maderas, al capitán.;am.;Maria White;berg.;1861_04_19;Mobila
Día 163:;;N/A: ;Mc. Donald;cap.;;De New-Cantor en 163 días frag. 1ug. Juliana, capit. Mc. Donald, ton. 231, con carbon, á los Sres Samá S. y cp.;;Juliana;frag.;1861_04_19;New-Cantor
Día 4:;;N/A:  | N/A: ;Lankford;cap.;;De M'obila en 4 días pail. am. Maryland, cap. Lankford, ton. 121, en lastre, á D. V. J. Gomez y comp.;am.;Maryland;pail.;1861_04_19;M'obila
Día 80:;;N/A:  | N/A: ;Cousin;cap.;;De Nantes en 80 días frag. franc. Ficar de María, capitán Cousin, ton. 251, con ladrillos y efectos, á D. J. R. Maqnet-ít.;franc.;Ficar de María;frag.;1861_04_19;Nantes
Día 5:;;N/A:  | N/A: ;Prevost;cap.;;De Laguna de Términos en 5 días frag. franc. Leontins, cap. Prevost, ton. 335, con palo de tinto. al capitán.—Pasagers 3.;franc.;Leontins;frag.;1861_04_20;Laguna de Términos
Día 6:;;N/A: ;Colbert;cap.;;De Baltimore en 6 días vapor amer. Baltimore, cap. Colbert, ton. 229, con merc. á los Sre. N. J. Gomez y comp. Parag. 3.;amer.;Baltimore;vapor;1861_04_21;Baltimore
Día 41:;;N/A:  | N/A:  | N/A:  | N/A:  | N/A: ;Marrero;cap.;;De Canarias y Matanzas en 41 días berg, exp. Amalia, cap. Marrero, ton. 214, con fa. á los Sre. Valencia, Cruz y comp. Parag. 13.;exp.;Amalia;berg;1861_04_21;Canarias y Matanzas
Día 20:;;N/A:  | N/A: ;Robins;cp.;21-04-XXXX;Abril 21—De Port Medway y (N. E.) en 20 días berg. ing. Northern Light, cp. Robins, ton. 130, con carbon y maderas al cap.;ing.;Northern Light;berg.;1861_04_23;Port Medway
Día 11:;;N/A: ;García;cap.;;De Tabaco en 11 días berg. esp. Pablit, cap. García, ton. 103, con efectos, á los Sres. Bustamante, R. y comp—Pasag. 11.;esp.;Pablit;berg.;1861_04_23;Tabaco
Día 7:;;N/A: ;Herrick;cp.;;De Pansacola en 7 días pait. am. Agrícola, cp. Herrick, tu. 91, con durmientes, á los Sres. Don. N. J. Gomez y cp.;am.;Agrícola;pait.;1861_04_23;Pansacola
Día 17:;;N/A: ;Gray;cp.;;De Boston en 17 días bcn. am. M. Stetson, cp. Gray, ton. 318, con efectos, á los Sres. Adm. S. y cp.;am.;M. Stetson;bcn.;1861_04_23;Boston
Día 8:;;N/A: ;Hutchins;cp.;;De N. Orleans y Cayo-Hueso en 8 vap. am. (Gálveston, cp. Hutchins, ton. 945, con ganado, á D. J. M. Murales y cp. Pasag. 7.;am.;Gálveston;vap.;1861_04_23;N. Orleans y Cayo-Hueso
Día 14:;;N/A: ;Colomer;cap.;;De Savannah en 14 días berg. esp. Pachita, cap. Colomer, ton. 170, con arroz, á los Sres. Canot y Garbalena.;esp.;Pachita;berg.;1861_04_23;Savannah
;;N/A: ;Menendez;cap.;;De Cayo-Hueso vivero am. Northern Light, cap. Menendez, ton. 28, con pescado, á D. P. Schnabelius y comp.;am.;Northern Light;vivero;1861_04_23;Cayo-Hueso
Día 18:;;N/A: ;Rogers;cap.;;De Filadelfia en 18 días berg. am. Nauancang, cap. Rogers, ton. 287, con efectos, á D. F. Goicouria.;am.;Nauancang;berg.;1861_04_23;Filadelfia
Día 5:;;N/A: ;Post;cap.;;De Mobila en 5 días berg. am. Winthrop, cap. Post, ton. 191, con maderas, al capitán.;am.;Winthrop;berg.;1861_04_23;Mobila
Día 6:;;N/A: ;Berington;cap.;;De Mobila en 6 días frag. am. Mustang, cap. Berington, ton. 313, en lastre, ál capitán.;am.;Mustang;frag.;1861_04_23;Mobila
;;;John J. Rons;cap.;;De Jamaica frag. do hélice de S. M. B. Desperate, con. John J. Rons. Exgr.;;Desperate;frag.;1861_04_23;Jamaica
Día 11:;;;;cap.;;De Martinica en 11 días frag. franc. Regulus Nantala cap.;franc.;Regulus Nantala;frag.;1861_04_24;Martinica
;;;Bonlon;cap.;;De Cayo-Huene viv. am. William Batty, cap. Bonlon,;am.;William Batty;viv.;1861_04_24;Cayo-Huene
Día 1:;;;Young;cap.;;De Cayo-Huene en 1 día frag. am. Stambul, cap. Young,;am.;Stambul;frag.;1861_04_24;Cayo-Huene
Día 10:;;;Heagan;cap.;;De Boston en 10 días frag. am. Azzan, cap. Heagan, ta.;am.;Azzan;frag.;1861_04_24;Boston
Día 16:;;;Lynch;cap.;;De N. York en 16 días pail. am. Enchanted, cap. Lynch,;am.;Enchanted;pail.;1861_04_24;N. York
Día 21:;;;;cap.;;De Frankford en 21 días berg. am. New-Globe, capitán;am.;New-Globe;berg.;1861_04_24;Frankford
Día 85:;;;Niles;cap.;;De New-Castle en 85 días berg. suceso María, cap. Niles,;;suceso María;berg.;1861_04_24;New-Castle
Día 2:;;;Carolina;cap.;;De Gibara en 2 días berg. cap. Carolina, cap. Trmop, tone-;;;berg.;1861_04_24;Gibara
Día 3:;;;;cap.;;De Charlotte Harbor en 3 días vapor am. Malvor, capitán;am.;Malvor;vapor;1861_04_24;Charlotte Harbor
Día 12:;;N/A:  | N/A: ;Tilton;cp.;;De N. York en 12 días pail. am. Marilletta Tilton, cp. Tilton, ton. 231, con heno y efectos, al cap.;am.;Marilletta Tilton;pail.;1861_04_27;N. York
Día 51:;;N/A: ;Larragan;cap.;;De Bilbao en 51 días berg. cap. Artu-Emon, cap. Larragan, ton. 116, con frutos, á J. Zulueta y comp.;;Artu-Emon;berg.;1861_04_27;Bilbao
Día 21:;;N/A: ;Iurip;cap.;;De Baracoa, Sagus y Matauzas en 21 días gol. esp. Baracoa, cap. Iurip, ton. 61, con efectos, á los Sres. Canet y Garbalea.;esp.;Baracoa;gol.;1861_04_27;Baracoa
Día 69:;;N/A: ;Josefa;cap.;;De Montevideo on 69 días pol. cap. Josefa, cap. Sensit, toneladas 200, con tarea, á los Sres. Escariza y Sorpa.;;;pol.;1861_04_27;Montevideo
Día 41:;;N/A:  | N/A: ;Garcia;cap.;;De La Corna en 41 días frag. esp. Ritu, cap. Garcia, toneladas 159, con frutos, á los Sres. Alecianelles, lt. y cp. —Pasageros 39.;esp.;Ritu;frag.;1861_04_27;La Corna
Día 6:;;N/A:  | N/A: ;Mariatany;cap.;;De Cayo-Hueso vivero am. Cambrige, cap. M. Donald, ton. 18, con pecado, á los Srea. Schnabelius y comp. De Manzanillo en 6 días pol. esp. Rosa, cap. Mariatany, ton. 81, con maderas, á los Srea. Llanusa y comp.;esp.;Rosa;pol.;1861_04_28;Cayo-Hueso
Día 43:;;N/A:  | N/A:  | N/A: ;Parte;cap.;;De la Coruña en 43 días frag. esp. Nueva Luisa, cap. Parte, ton. 289, con frutos, al capitán.-Pasag. 130, de ellos 97 de tropa.;esp.;Nueva Luisa;frag.;1861_04_28;la Coruña
Día 51:;;N/A: ;Bryant;cap.;;Del Harre en 51 días frag. am. Recort, cap. Bryant, ton. 770, en lastre, al capitán.;am.;Recort;frag.;1861_04_28;Harre
Día 15:;;N/A:  | N/A: ;Packard;cap.;;De Filadelfia en 15 días frag. am. Carolina, cap. Packard, ton. 442, con efectos y pólvora, á los Srea. Cahuzac H.;am.;Carolina;frag.;1861_04_28;Filadelfia
;;N/A: ;Perez;cap.;;De Cayo-Hucho viv. am. Jeséle Pinkney, cap. Perez, ton. 36, con pecado, á los Srea. Schnabelius y comp.;am.;Jeséle Pinkney;viv.;1861_04_28;Cayo-Hucho
;;N/A:  | N/A:  | N/A:  | N/A:  | N/A:  | N/A:  | N/A: ;Weir;cap.;;Maro 1º—De Cayo-Huezo vapor. am. Salor, cap. Weir, ton. 450, con ganado, á los Srea. S. C. Burnham y cp. De Málaga con 40 dias frag. esp. San Andrés, cap. Nodar-quer, ton 230, con frutos, á los Srea. Samá, S. y cp. Del Havre con 62 dias frag. franc. Villo de Motz, capitan Machet, n 720, en lastre, alcapitan. De Cayo-Huezo vir. am. Julia Latham, cap. Cimiano, ton 36, con pecado, á D. Francisco Marty. De Santander y Gibara con 56 bias berg. esp. Angéla, cap. Ostrato, ton. 111, con barina, á los Srea. Galdiz y Neungar. De Amberes en 64 dias berg. cap. Teresa, cap. Plinora, ton. 235, con mercancías, á los Srea. R. Balbani y comp. De Barcelona, Cuba y Cienfuegos en 62 dias frag. esp. Ví-let, cp. Juliá, ton. 409, con fruto, á los Srea. Vila y cp.—Pá. 3.;am.;Salor;vapor;1861_05_02;Cayo-Huezo
Día 66:;;N/A: ;Mariño;cap.;;Mayo R.—De Montevideo en 66 días frag. esp. Eva, cap. Mariño, ton. 230, con taceo, á los Sra. Lianusa H?;esp.;Eva;frag.;1861_05_03;Montevideo
;;N/A: ;Pérez;cap.;;De Cyno-Hueso viv. am. Ratler, cap. Pérez, ton. 60, con pescado, á D. F. Marty.;am.;Ratler;am.;1861_05_03;Cyno-Hueso
Día 18:;;N/A: ;Hatch;cap.;;De Campeche en 18 días frag. am. Cora, cap. Hatch, ton 403, con carbón, al capitán.;am.;Cora;frag.;1861_05_03;Campeche
Día 7:;;N/A: ;Tí-non;cap.;;De Varenas y Simón en 7 días vapor esp. Union, cap. Tí-non, ton. 497, con efectos, á los Sra. Bustamente, R. y cp. Pase. 48.;esp.;Union;vapor;1861_05_03;Varenas y Simón
Día 12:;;N/A: ;Butler;cap.;;De New-Orleans viv. 12 días berg. am. Margaret A. Steven, cap. Butler, ton. 176. con víveres, á los Srea. Caet y Garbalena.;am.;Margaret A. Steven;berg.;1861_05_04;New-Orleans
Día 39:;;N/A:  | N/A:  | N/A:  | N/A: ;Mathos;cap.;;De Amberes en 39 días frag. am. Santoga: cap. Mathos, ton. 521, con heno y ladrillos á los Srea. B. Meert y cp. Phillips, ton. 50, con pescado, á los Srea. Schnabelius y cp. Del Marlelen en 1 día frag. am. St. Jago, cp. Berry, tu. 259, con miele, á los Srea. Galdiz y Nenninger.;am.;Santoga;frag.;1861_05_04;Amberes
Día 9:;;N/A: ;Gillman;cp.;;De Panacola en 9 días pail. am. West Wind, cp. Gillman, ton. 181, con maderas, al cap.;am.;West Wind;pail.;1861_05_04;Panacola
Día 49:;;N/A: ;Dahmell;cp.;;De Newport en 49 días berg. franc. Souvenir, cp. Dahmell, ton. 153, con carbon, al cap.;franc.;Souvenir;berg.;1861_05_04;Newport
Día 36:;;N/A: ;Fuentes;cp.;04-05-XXXX;Mayo 4.—De Cádiz en 36 dias frag. e.p. Nueva Mano'i-ta, cp. Fuentes, tons. 196, con frutos, á D. R. Toca.—Pasajeros 5.;;Nueva Mano'i-ta;frag.;1861_05_05;Cádiz
Día 7:;;N/A:  | N/A:  | N/A:  | N/A: ;Messurier;cap.;;De New-York y Nassau en 7 dias vap. ing. Karnak, cap. Messurier, ton. 978 con efectos, correspondencia y 500,00$ á los Sres. J. M. Morales y Cª—Pasaj. 49.;ing.;Karnak;vap.;1861_05_05;New-York y Nassau
Día 50:;;N/A: ;Berry;cap.;;De Cardiff en 50 dias frag. am. Harrest Home, cap. Berry, ton. 595, con carbon, á los Sres. Samá, S. y cp.;am.;Harrest Home;frag.;1861_05_05;Cardiff
Día 21:;;N/A: ;Benton;cp.;;De N. York en 21 días frag. am. Louisa, cp. Benton, ton. 193, con efectos, al cap.;am.;Louisa;frag.;1861_05_12;N. York
Día 16:;;N/A:  | N/A: ;Sundberg;cap.;;De N. York en 16 días frag. am. Express, cap. Sundberg, ton. 237, con mercancías, á D. J. Morales y cp. De Pórtland en 26 días pail. am. Witch Queen, cp. Gang. ton. 137, con maderas, á D. N. J. Gómez y cp.;am.;Express;frag.;1861_05_12;N. York
Día 10:;;N/A: ;Hawes;cap.;;De Pansarola en 10 días frag. am. Ella, cap. Hawes, ton. 195, con maderas, á D. S. de la Huerta.;am.;Ella;frag.;1861_05_12;Pansarola
Día 27:;;N/A: ;Grant;cp.;;De Portland en 27 días berg. ing. Eliza Ann Mc. Adam, cp. Grant, ton. 163, con envases, á D. I. M. Zangroniz y compañía.;ing.;Eliza Ann Mc. Adam;berg.;1861_05_12;Portland
Día 15:;;N/A: ;Ase;cap.;;De St. Mary's en 15 días berg. amer. Capella, cap. Ase, ton. 124, con maderas á los Sres. Mr. rurl y robíno.;amer.;Capella;berg.;1861_05_12;St. Mary's
Día 24:;;N/A:  | N/A: ;Hoffes;cap.;;De New York en 24 días berg. amer. Leviatan, cap. Hoffes, ton. 198, con adoquines y efectos, al cap.;amer.;Leviatan;berg.;1861_05_12;New York
Día 15:;;N/A: ;Barton;cap.;;De New-York en 15 días fr. ing. amer. Cornelia, cap. Barton, toneladas 306, con mercancías á los señores J. M. Morales y C?;ing.;Cornelia;fr.;1861_05_12;New-York
Día 17:;;N/A: ;Wheeler;cap.;;De Portland en 17 días berg. amer. María Wheeler, cap. Wheeler, ton. 301, con maderas, á los señores J. M. Morales y C?;amer.;María Wheeler;berg.;1861_05_12;Portland
Día 15:;;N/A: ;Chase;cap.;;De Portland en 15 días frag. amer. C. B. Hamilton, cap. Chase, ton. 250, con envase, al capitán.;amer.;C. B. Hamilton;frag.;1861_05_12;Portland
Día 25:;;N/A: ;French;cap.;;De Filadelfia en 25 días berg. am. T. B. Martin, capitan French, ton. 252, con mercancías, al cap.;am.;T. B. Martin;berg.;1861_05_12;Filadelfia
Día 22:;;N/A:  | N/A: ;Swasey;cap.;;De New-York en 22 días berg. am. L'lan, cap. Swasey, ton. 175, con maquinaria y efectos, á los señores Ulrici y Barroso.;am.;L'lan;berg.;1861_05_12;New-York
Día 22:;;N/A: ;Collins;cap.;;De New-York en 22 días frag. am. Young America, cap. Collins, ton. 312, con heno, á los Sres. Cabuzac H.;am.;Young America;frag.;1861_05_12;New-York
Día 27:;;N/A: ;Bolger;cap.;;De Portland en 27 días frag. am. West Wind, cap. Bolger, ton. 300, con envases, á los Sres. Adot, S. y comp.;am.;West Wind;frag.;1861_05_12;Portland
Día 62:;;N/A: ;Lancetel;cap.;;Del Havre en 62 días berg. frances Entreprise, cap. Lancetel, ton. 131, con ladrillos, á los Sres. Sres. Vignier, R. y comp.;frances;Entreprise;berg.;1861_05_12;Havre
Día 13:;;N/A: ;York;cap.;;De Filadelfia en 13 días pail. am. Eveline, cap. York, ton. 172, con efectos, á D. J. R. Marquette;am.;Eveline;pail.;1861_05_12;Filadelfia
Día 47:;;;;cap.;;Del Havre en 47 días frag. am. Aramede Snow, vap. Morrison, ton. 553, al lastre, al capitán.;am.;Aramede Snow;frag.;1861_05_12;Havre
Día 23:;;N/A: ;Harri-mau;cap.;;De Portland en 23 días berg. am. Forest State, cap. Harri-mau, ton. 196, con maderas, á los Sres. D. J. M. Morales y comp.;am.;Forest State;berg.;1861_05_12;Portland
Día 25:;;N/A: ;Patterson;cap.;;De Portland en 25 días frag. am. Ecelyne, cap. Patterson, ton. 195, con envases, á los Sres. D. J. M. Morales y comp.;am.;Ecelyne;frag.;1861_05_12;Portland
Día 48:;;N/A: ;Robinson;cap.;;Del Havre en 48 días frag. am. Ewing Star, cap. Robinson, ton. 176, en lastre, á los Sres. Cabarga y comp.;am.;Ewing Star;frag.;1861_05_12;Havre
Día 15:;;N/A: ;Máns;cap.;;De Macao y Santa Bl-na en 15 días frag. esp. Encarnación, cap. Máns, ton. 433, en la tro, á los Sres. Troncoso, B. y comp. —Conduce 296 asiáticos.;esp.;Encarnación;frag.;1861_05_12;Macao y Santa Bl-na
Día 64:;;N/A: ;Kleinwort;cap.;;De Tristu en 64 días frag. prus. Adeline, cap. Kleinwort, ton. 437, con efectos, al capitán.;prus.;Adeline;frag.;1861_05_12;Tristu
Día 42:;;N/A: ;Iraquen;cap.;;De Nantos en 42 días frag. fran. Celeste, cap. Iraquen, ton. 421, con carbon, al capitán.;fran.;Celeste;frag.;1861_05_12;Nantos
Día 47:;;N/A: ;Park;cap.;;De Cardiff en 47 días frag. am. Henry B. Wright, cap. Park, ton. 676, con carbon, al capitán.;am.;Henry B. Wright;frag.;1861_05_12;Cardiff
Día 59:;;N/A: ;Andrea;cap.;;De Copenhague en 59 días frag. dan. Johne 'Hage, cap. Andrea, ton. 284, con carbon, á D. J. Morales y comp.;dan.;Johne 'Hage;frag.;1861_05_12;Copenhague
Día 22:;;N/A: ;Hopkins;cap.;;De New-York en 22 días berg. am. John Stevens, capitan Hopkins, ton. 286, con efectos, á D. J. M. Morales y comp.;am.;John Stevens;berg.;1861_05_12;New-York
Día 34:;;N/A:  | N/A:  | N/A: ;Lowe;cap.;;De Cayo-Hueco en 34 días, viv. am. Silas Henry, cap. Lowe, ton. 34, con pescado á Schnabellus y cp.;am.;Silas Henry;viv.;1861_05_14;Cayo-Hueco
Día 45:;;N/A: ;Ravilly;cap.;;De Nantes en 45 días frag. francesa Ritoile de la Mer, cap. Ravilly, ton. 500, con carbon, á los señores S. C. Burnham y cp.;francesa;Ritoile de la Mer;frag.;1861_05_14;Nantes
Día 45:;;N/A: ;Cockford;cap.;;De Troon en 45 días pail. am. W. L. Burrows, capitán Cockford, ton. 217, con carbon, al cap.;am.;W. L. Burrows;pail.;1861_05_14;Troon
Día 80:;;N/A: ;Roux;cap.;;De New-Castle en 80 días frag. ing. Philo, cap. Roux, ton. 230, con carbon, á los Sres. Scharfenberg y cp.;ing.;Philo;frag.;1861_05_14;New-Castle
Día 53:;;N/A: ;Durham;cap.;;De Troon en 53 días frag. am. Gibraltar, cap. Durham, ton. 750, con carbon, al cap.;am.;Gibraltar;frag.;1861_05_14;Troon
Día 51:;;N/A: ;Rechavaria;cap.;;De Hamburgo en 51 días berg. esc. Isabel, cap. Rechavaria, ton. 227, con mercancías, á D. J. M. Morales y comp.;esc.;Isabel;berg.;1861_05_14;Hamburgo
Día 47:;;N/A: ;Haskell;cap.;;De Liverpool en 47 días frag. am. M. L. Franke, cap. Haskell, ton. 504, con carbon, al capitán.;am.;M. L. Franke;frag.;1861_05_14;Liverpool
Día 45:;;N/A: ;Volden;cap.;;De Nantes en 45 días frag. fran. Anne Marie, cap. Volden, ton. 417, con ladrillos, á D. J. M. Morales y comp.;fran.;Anne Marie;frag.;1861_05_14;Nantes
Día 17:;;N/A: ;Chase;cap.;;De New-York en 17 días berg. am. Trdewind, capitán Chase, ton. 248, con adoquines, al capitán.;am.;Trdewind;berg.;1861_05_14;New-York
Día 75:;;N/A: ;Russell;cap.;13-05-XXXX;Moy 13.—De Liverpool en 75 días frag. am. Sheridan, cap. Russell, ton. 800, con carbon, á la Compañía del Gau.;am.;Sheridan;frag.;1861_05_14;Liverpool
Día 68:;;N/A: ;Greenman;cap.;;De New-port en 68 días frag. am. L. Wing, cap. Greenman, ton. 477, con carbon, al capitán.;am.;L. Wing;frag.;1861_05_14;New-port
Día 90:;;N/A: ;Lorkman;cp;;De Freundhijan (Noruega) en 90 días gol. noruega Mercurius, cp Lorkman, ton. 130, con bacalao, á los Sres. Escaurias y Sper.;noruega;Mercurius;gol.;1861_05_14;Freundhijan (Noruega)
Día 18:;;N/A: ;Groenbaff;cap.;;De Wiscasset en 18 días berg. am. Rio-Grande, cap. Groenbaff, ton. 195, con enrañas, á los Sres. D. N. J. Gomez y comp.;am.;Rio-Grande;berg.;1861_05_14;Wiscasset
Día 47:;;N/A: ;Bassett;cap.;;De Liverpool en 47 días frag. am. Harriet, cap. Bassett, ton. 534, con carbon, al cap.;am.;Harriet;frag.;1861_05_14;Liverpool
Día 43:;;;Deccason;cap.;;De Liverpool en 43 días frag. francesa Iris, cap. Deccason, ton. 450, en lustro, á los Sres. Rottman y Pinker.;francesa;Iris;frag.;1861_05_14;Liverpool
Día 90:;;N/A: ;Johnson;cap.;;De Maese y Santa Helena en 90 días frag. am. amar. Kate Hooper, cap. Johnson, ton. 1483, en lustro, á los Sres. Torricos, P. y cp.—Conduce 559 asiláticos.;am.;Kate Hooper;frag.;1861_05_14;Maese y Santa Helena
Día 59:;;N/A: ;Saow;cap.;;De Cardiff en 59 días frag. am. Avon, cap. Saow, ton. 544, con carbon, al capitán.;am.;Avon;frag.;1861_05_14;Cardiff
Día 18:;;N/A: ;Dunham;cap.;;De New-York en 18 días frag. am. St. Shephard, cap. Dunham, ton. 300, con efectos, á los Sres. Cahuzac y II.;am.;St. Shephard;frag.;1861_05_14;New-York
Día 47:;;N/A:  | N/A: ;Andueza;cap.;14-05-XXXX;Mayo 14.—De San Sebastián en 47 días frag. esp. Conchita, cap. Andueza, ton. 202, con barina, al capitán.—Pasajes 35.;esp.;Conchita;frag.;1861_05_15;San Sebastián
;;N/A: ;Weather;cap.;;De Cayo-Hueso viv. am. Prima Donna, cap. Weather, tolelladas 38, con pescado, á D. F. Schnabelius y cp.,;am.;Prima Donna;viv.;1861_05_15;Cayo-Hueso
Día 28:;;N/A: ;Ferreros;cap.;;De Vigo en 43 días berg. esp. Nuevo Péliz, cap. Ferreros, ton. 180, con frutos, á los Sres. Mendoza, P. y cp.—Pasajes 28.;esp.;Nuevo Péliz;berg.;1861_05_15;Vigo
Día 37:;;N/A: ;Fogarty;cap.;;De Cayo-Hueso viv. am. Gov. G. King, cap. Fogarty, ton. 37, con pescado, á D. F. Marty.;am.;Gov. G. King;viv.;1861_05_15;Cayo-Hueso
Día 13:;;N/A:  | N/A:  | N/A:  | N/A: ;Mr. Small;cap.;;De Port-Levao en 13 días pall. trasporto de los E. U. Urbana, cap. Mr. Small.—Conduce 2 oficiales con 100 soldados de tropas federales, y 10 mujeres con 28 niñas.;E. U.;Urbana;pall.;1861_05_15;Port-Levao
Día 37:;;;Loteller;cap.;;De St. Maló en 37 días frag. franc. Vleir, cap. Loteller, ton. 343, en fastré, á los Sres. Fesser y Cp.;franc.;Vleir;frag.;1861_05_15;St. Maló
Día 49:;;N/A: ;A-guirre;cap.;14-05-XXXX;Mayo 14.—De Burdoso en 49 días berg. esp. No. cap. A-guirre, ton. 179, con efectos. á D. C. H. Lavis.;esp.;No;berg.;1861_05_16;Burdoso
;;;Mr. Bunker;cap.;;De Indiano pail. transporte am. Horace, cap. Mr. Bunker.;am.;Horace;pail.;1861_05_16;Indiano
Día 70:;;N/A: ;Leavitt;cap.;15-05-XXXX;Mayo 15.—De New-Port en 70 días frag. am. Kearnsage, cap. Leavitt, ton. 672, con carbon, al capitán.;am.;Kearnsage;frag.;1861_05_16;New-Port
Día 8:;;N/A: ;Swanton;cp.;;De Santómas en 8 días frag. am. Junius, cp. Swanton, tu 468, en lastre al cap.;am.;Junius;frag.;1861_05_16;Santómas
;;;Wilson Fegr.;comand.;;De Cayo Hueso pail. de los E. C. Nonpareil, en comand. Wilson Fegr.;;Nonpareil;pail.;1861_05_16;Cayo Hueso
Día 72:;;N/A: ;Allemes;cap.;16-05-XXXX;Mayo 16.—De Cardiff en 72 días frag. franc. Ville de Dunkerque. cap. Allemes, ton. 285, con carbón, al capitán.;franc.;Ville de Dunkerque;frag.;1861_05_17;Cardiff
Día 63:;;N/A:  | N/A: ;Forestall;cap.;;De Ambéres en 63 días berg. ing. Trial, cap. Forestall, ton. 113, con efectos y ladrillos, á los Sres. R. Balbiani y comp.;ing.;Trial;berg.;1861_05_18;Ambéres
Día 55:;;N/A: ;Boardman;cap.;;De Liverpool en 55 días frag. am. Ocean Travaller, cap. Boardman, ton. 205, con carbon, á los Sres. Samá, Sotolongo y cp.;am.;Ocean Travaller;frag.;1861_05_18;Liverpool
Día 58:;;N/A: ;Copenholle;cap.;;De Ambéres en 58 días frag. belga Quentin. Metave, cap. pitan Copenholle, ton. 444, con efectos, á los Sres. R. Meert y cp.;belga;Quentin;frag.;1861_05_18;Ambéres
;;;Duncan Esqr.;com.;;De Cayo Huaso vap. de los E. U. Suwanee, com. el teniente Duncan Esqr.;E. U.;Suwanee;vap.;1861_05_19;Cayo Huaso
Día 45:;;N/A: ;Bautá;c.;;De Barcelona en 45 días pol. c. p. Palma, c. Bautá, tn. 250, de frutos á los Sres. Samá, S. y cp.;;Palma;pol.;1861_05_19;Barcelona
Día 4:;;N/A: ;Pisogar;cap.;;De Santandery y Matanzas en 4 días berg. cap. Pisogar, cap. Vich. ton. 262, con harina á los Sres. Font y cp.;;;berg.;1861_05_19;Santandery y Matanzas
Día 50:;;;Chauvols;cp.;;De Nantes en 50 días frag. franc. Les Piot, cp. Chauvols, ton. 450, en la tire á los Sres. Fécer y cp.;franc.;Les Piot;frag.;1861_05_19;Nantes
Día 64:;;N/A: ;Olivier;cap.;;De Cardiff en 64 días frag. franc. Alexandre Delfine, cap. Olivier, ton. 412, con carbón, al capitan.;franc.;Alexandre Delfine;frag.;1861_05_19;Cardiff
Día 63:;;N/A: ;Mc. Ken Ezqr.;cap.;10-05-XXXX;Mayo 10.—De la mar fragata de húlico delos E. U. N árara, comandante el mar capitan de navío Mc. Ken Ezqr. Do Barcelona en 63 días frag. exp. Herna: Cortés, cap. Sitjes, ton. 413, con frutos, al capitan. —Para. 7.;E. U.;N árara;frag.;1861_05_21;Barcelona
Día 9:;;N/A: ;Laurent;cap.;;Do New-Orleans en 9 días berg. am. A. A. Chapman, cap. Laurent, ton. 120, con viveros, á los Sres. Calzac H.;am.;A. A. Chapman;berg.;1861_05_21;New-Orleans
;;N/A: ;Park;cap.;;De Cayo-Hueso rivoero am. Archilius, cap Park, ton. 45, con pescado, á D. F. Schnabelius y comp.;am.;Archilius;rivoero;1861_05_21;Cayo-Hueso
Día 27:;;N/A: ;lled;cap.;;De Cayo-Hueso rivoero am. Welcome, caplled, ton. 27, con pescado, á D. F. Schnabelius y comp.;am.;Welcome;rivoero;1861_05_21;Cayo-Hueso
;;N/A: ;William;cap.;;De Cayo-Hueso vivero am. Wm. A. Wiler, cap. William, ton. 43, con pescado, á D. F. Schnabelius y comp.;am.;Wm. A. Wiler;vivero;1861_05_21;Cayo-Hueso
Día 25:;;N/A: ;Stitches;ca.;;De Cayo-Hueso vivero am. L. Burrows, ca. Stitches, ton. 25, con pescado, á D. F. Marty.;am.;L. Burrows;vivero;1861_05_21;Cayo-Hueso
Día 61:;;N/A: ;Durall;cap.;;De Montevideo en 61 días frag. am. cap. Moniquita, cap. Durall, ton. 165, con tazao, á los Sres. Llanuza M.;am.;Moniquita;frag.;1861_05_21;Montevideo
Día 49:;;N/A: ;Brown;cap.;;De Hamburgo en 49 días frag. am. William & Jane, cap. Brown, 401, en lastre, al capitan.;am.;William & Jane;frag.;1861_05_21;Hamburgo
Día 81:;;N/A: ;Moore;cap.;;De Liverpool y Holy Head en 81 días frag. m. Minerva, cap. Moore, ton. 501, con carbon, al capitan.;;Minerva;frag.;1861_05_21;Liverpool y Holy Head
Día 57:;;N/A: ;Brooks;cap.;;De Liverpool en 57 días frag. am. Hannah-Sros, capitan Brooks, ton. 605, con piedras, al capitan.;am.;Hannah-Sros;frag.;1861_05_21;Liverpool
Día 3:;;N/A: ;Blanchard;cap.;;Do Cayo-Hueso en 3 días frag. am. M. B. Harinán, cap. Blanchard, ton. 398, en lastre, á los Sres. Moyery comp.;am.;M. B. Harinán;frag.;1861_05_21;Cayo-Hueso
Día 62:;;N/A: ;Estape;cap.;;De Montevideo en 62 días frag. exp. Pla, cap. Estape, ton. 407, con tazao, al capitan.;;exp. Pla;frag.;1861_05_21;Montevideo
Día 48:;;N/A: ;lea- mi;cap.;;De Santander en 48 días frag. cap. Dos Amipes, cap. lea- mi, ton. 235, con harina, á los Sres. Samá, S. y omp.;;Dos Amipes;frag.;1861_05_21;Santander
Día 56:;;N/A: ;Piko;cap.;;De Cardiff en 56 días frag. am. Charles Stague, cap. Piko, ton. 733, con carbon, á D. J. T. Crawford.;am.;Charles Stague;frag.;1861_05_21;Cardiff
Día 46:;;N/A: ;Thurlow;cap.;;De Halifax en 46 días frag. am. Lucy Kinjcap. Thurlow, ton. 237, con carbon, á D. J. M. Morales y comp.;am.;Lucy Kinj;frag.;1861_05_21;Halifax
Día 34:;;N/A: ;French;cap.;;De Car-diffen 34 días frag. am. Golden Rok, cap. French, ton. 700, con carbon, á los Sres. Samá, S. y omp.;am.;Golden Rok;frag.;1861_05_21;Car-diffen
Día 25:;;N/A: ;Thestrup;cap.;;De Portland en 25 días frag. am. Perl, cap Thestrup, ton. 250, con maderas, á D. N. J. Gomez y comp.;am.;Perl;frag.;1861_05_21;Portland
Día 63:;;N/A: ;Bencoff;cap.;;De Génova en 63 días frag. am. William Voodside, cap. Bencoff, ton. 401, en lastre, al capitan.;am.;William Voodside;frag.;1861_05_21;Génova
Día 50:;;;Wyman;cap.;;Do Bristol en 50 días frag. am. H. J. Venard, cap. Wyman, ton. 569, en lastre, al capitan.;am.;H. J. Venard;frag.;1861_05_21;Bristol
Día 83:;;N/A:  | N/A: ;Delonge;cap.;;Do Liverpool en 83 días frag. am. Sewall cap. Delonge, ton. 507, con carbon, á la Compañía del Gas.;am.;Sewall;frag.;1861_05_21;Liverpool
Día 21:;;N/A: ;Tibbetts;cap.;;Do New-York en 21 días frag. am. James .. Ward, cap. Tibbetts, ton. 213, con mercancías, al capitan.;am.;James .. Ward;frag.;1861_05_21;New-York
Día 19:;;N/A: ;Tilton;cap.;;De Portland en 19 días frag. am. Howland cap. Tilton, ton. 275, con arcos, á D. I. M. Zangrouiz y comp.;am.;Howland;frag.;1861_05_21;Portland
Día 19:;;N/A: ;Raze;cap.;;De Boston en 19 días berg. am. H. G. Herr, cap. Raze, ton. 250, con mercancías, á D. M. A. Herrera y comp.;am.;H. G. Herr;berg.;1861_05_21;Boston
Día 72:;;N/A: ;Amechezurra;cap.;;De Londres y Rangete en 72 días berg. am. Providencia, cap. Amechezurra, ton. 192, con mercancías, los Sres. S. Pelayo, P. y comp.;am.;Providencia;berg.;1861_05_21;Londres y Rangete
Día 52:;;N/A: ;Carney;cap.;20-05-XXXX;Mayo 20.—De Ambres en 52 días frag. am. City of Bath, cap. Carney, ton. 760, con heno, á los señores E. Meer y Cp.;am.;City of Bath;frag.;1861_05_22;Ambres
Día 51:;;N/A: ;Crockett;cap.;;De Liverpool en 51 días frag. am. J. W. Brookman, cap. Crockett, ton. 594, con carbon, al cap. De Cayo-Huevo vapor de los Estados-Unidos Cruzader, comandante J. Maffitt Enzg.;am.;J. W. Brookman;frag.;1861_05_22;Liverpool
Día 14:;;N/A:  | N/A: ;Goublet;cap.;;De Mayagüez y Matanzas en 14 días berg. esp. Veloz, cap. Goublet, ton. 85, con café y almíndon, á los señores Fernández, G y Cp.;esp.;Veloz;berg.;1861_05_22;Mayagüez y Matanzas
Día 47:;;N/A: ;Ledun;cap.;;Del Havre en 47 días frag. franc. Mere de Familie, cap. tan Ledun, ton. 294, con lastre, al capitan.;franc.;Mere de Familie;frag.;1861_05_22;Havre
;;;D. Sebastián Martínez;teniente;;De la mar vapor de S. M. General Lezo, con el teniente de navío D. Sebastián Martínez.;;General Lezo;vapor;1861_05_22;la mar
Día 7:;;N/A: ;Mariatany;cap.;;De Savannah en 7 días o. p. Rosa, cap. Mariatany, ta 183, con arroz, á los Sres. Llanuza H.;;Rosa;o. p.;1861_05_23;Savannah
Día 31:;;N/A: ;Johnson;cap.;;De Cayo-Hueso viv. am. Ellen Gallagher, cap. Johnson, ta 31, con pescado, á los Sres. Schnabellus y cp.;am.;Ellen Gallagher;viv.;1861_05_23;Cayo-Hueso
;;N/A: ;Perez;cp.;;De Cayo-Hueso viv. am. Ratler, cp. Perez, ton. 60, con pescado, á D. P. Marty.;am.;Ratler;viv.;1861_05_23;Cayo-Hueso
Día 10:;;N/A: ;Vincel;cp.;;De Charleston en 10 días pail. Ing. Victoria, cp. Vincel, ton. 77, con arroz, al cap.;Ing.;Victoria;pail.;1861_05_23;Charleston
Día 32:;;N/A: ;Ternien;cap.;;De Nanticoke en 32 días- fragata francesa St. Louis, capitán Ternien, ton. 404, con lastro, á los Sres. D. J. M. Morales y c. mp.;francesa;St. Louis;fragata;1861_05_23;Nanticoke
;;N/A: ;Menendez;cap.;;De Cayo-Hueso vivero am Northern Light, cap. Menendez ton 28, con pescado, á los Sres. Schnabellus y comp.;am;Northern Light;vivero;1861_05_23;Cayo-Hueso
Día 59:;;N/A: ;Havighurst;cap.;;De Liverpool en 59 días frag. bremes. Phoenix, capitan Havighurst, ton. 300, con lastro, al cap.;bremes;Phoenix;frag.;1861_05_23;Liverpool
Día 3:;;N/A: ;Rathbone;cap.;;De New York en 3 días vapor am. Bienvi le. cap. Rathbone, ton. 1340. con efectos, á los Sres. Cabuzac H.—P. 27.;am.;Bienvi le;vapor;1861_05_23;New York
Día 47:;;N/A: ;Tuan;cap.;22-05-XXXX;Mayo 22.—Del Havre en 47 dias frag. franc. Golconde cap. Tuan, ton. 579 con efectos á los Sres. Zangroniz y Cp.— Entró ayer á puertas del Sol.;franc.;Golconde;frag.;1861_05_24;Del Havre
;;N/A: ;Franklin;cap.;;De Cayo Hueso vivero am. Sultan, cap. Franklin, ton. 26 con pescado á los Sres. Schnabelius y cp.;am.;Sultan;vivero;1861_05_24;Cayo Hueso
Día 26:;;N/A: ;Armas;cap.;;De Cayo Hueso vivero am. Jessie Pinkney, cap. Armas t. 26 con pescado á D. P. Marty.;am.;Jessie Pinkney;vivero;1861_05_24;Cayo Hueso
;;N/A:  | N/A:  | N/A: ;Barium;cap.;;De Cayo Hueso vivero am. Wye, cap. Barium, ton. 50 con pescado á Schnabelius y cp.;am.;Wye;vivero;1861_05_24;Cayo Hueso
Día 7:;;N/A: ;Maucom;cap.;;De New-Orleans en 7 dias pall. ing. Isaac Toucey, cap. Maucom, ton. 118 con víveres á los Sres. Cahuzac y H.;ing.;Isaac Toucey;pall.;1861_05_24;New-Orleans
Día 84:;;N/A: ;Blyth;cap.;;De Sunderland en 84 dias frag. ing. Chaturanga, cap. Blyth, ton. 363 con carbon al cap.;ing.;Chaturanga;frag.;1861_05_24;Sunderland
Día 69:;;N/A: ;Enriqueta Hamel;cap.;;De Liverpool en 69 dias frag. cap. Enriqueta Hamel, cap. Labrador, ton. 450 con mercancías á los Sres Zangroniz y cp.;;;frag.;1861_05_24;Liverpool
;;N/A: ;D' Carlos del Camino;cap.;;De Santo Domingo vapor de S. M. Isabel la Católica, co mandante el Sr. Capitan de navío D' Carlos del Camino.— Conduce al Esemo. Sr. Comandante general de este Apos- tadero.;;Isabel la Católica;vapor;1861_05_24;Santo Domingo
Día 2:;;N/A:  | N/A: ;Geolding;cap.;;De Nueva-Orleans en 2 dias vapor ing. General Miramon, cap. Geolding, ton. 207, con víveres, á los Sres. Busta- mante, R. y cp.—Pasaj. 14.;ing.;General Miramon;vapor;1861_05_24;Nueva-Orleans
;;N/A: ;Raymond;cap.;;De Cayo-Huéeopail. viv. am. Neptune, cap. Raymond, ton. 31, con pescado, á los Sres. F. Schnabelius y cp.;am.;Neptune;viv.;1861_05_25;Cayo-Huéeopail
Día 42:;;N/A: ;Solf;cap.;;De Barcelona en 42 días frag. esp. Antonieta, cap. Solf, ton. 32, con frutos, á los Sres. Solá, Carbonell y cp.—Paga-geros 21.;esp.;Antonieta;frag.;1861_05_25;Barcelona
Día 15:;;N/A: ;Tyler;cap.;;De Portland en 15 días pail. am. Stephen Duncan, capitán Tyler, ton. 287, con envases, á los Sres. Adot. S. y cp.;am.;Stephen Duncan;pail.;1861_05_25;Portland
Día 45:;;N/A: ;Vander Hof;cap.;;De Amsterdam en 45 días frag. hol. Sophie Elizabeth, cap. Vander Hof, ton. 275, con efectos, á los Sres. Meert y cp.;hol.;Sophie Elizabeth;frag.;1861_05_25;Amsterdam
Día 4:;;N/A: ;Corson;cap.;;De Ship Irland en 4 dias pail. am. Alice Leo, cap. Corson, ton. 241, con maderas, á D. N. J. Gomez y cp.;am.;Alice Leo;pail.;1861_05_25;Ship Irland
Día 106:;;N/A:  | N/A: ;Pasterrá;cap.;;De Macao y Santa Helena en 106 días frag. esp. María Clotilde, cap. Pasterrá, ton. 560, con efectos, á los señores Trochoso, Bustamante y cp.—Conduce 256 asist. loc.;esp.;María Clotilde;frag.;1861_05_25;Macao y Santa Helena
Día 42:;;N/A: ;Ledemot;cap.;;"De St. Malen en 42 días frag. franc. Harriet, cap. Ledemot, ton. 334, en lastre, á los Sres. Vignier; R. y cp.";franc.;Harriet;frag.;1861_05_25;St. Malen
Día 51:;;N/A: ;Arnau;cap.;;De Grand Bassan en 51 días berg. franc. Antonielle Victorine, cap. Arnau, ton. 243, en lastre, al capitán.;franc.;Antonielle Victorine;berg.;1861_05_25;Grand Bassan
Día 41:;;N/A: ;French;cap.;;De Amberes en 41 días frag. am. Bluo Wing, cap. French, ton. 497, con efectos, al capitán.;am.;Bluo Wing;frag.;1861_05_25;Amberes
Día 45:;;N/A: ;Rapp;cap.;;De Amsterdam en 45 días frag. hol. Cuba Pickett, cap. Rapp, 260, con ríveres, á los Sres. Rottman y Pinker,;hol.;Cuba Pickett;frag.;1861_05_25;Amsterdam
Día 51:;;N/A: ;Savin;cap.;;De Liverpool en 51 días frag. am. Saint Peter, capitán Savin, tonelada 437, con carbon, á la Compañía del Gag.;am.;Saint Peter;frag.;1861_05_25;Liverpool
Día 4:;null;N/A: ;Robledo;cap.;25-05-XXXX;Mayo 25.-De New-Orleans en 4 días vap. mojicano Constitucion. cap. Robledo, ton. 371, con vivires, á los señores Bustamante R y cp.-Pasaga 10.;;Constitucion;vap.;1861_05_26;New-Orleans
Día 52:;;N/A: ;Acebedo;cap.;;De Gijon en 52 días berg. exp. Pastora, cap. Acebedo, ton. 125, con frutos, al capitán.;;Pastora;berg.;1861_05_26;Gijon
Día 55:;;N/A: ;Erquinga;cap.;;De Glasgow en 55 días berg. exp. Oquendo, cap. Erquinga, ton. 135, con ferretería, á los Sres Viguler R. y cp.;exp.;Oquendo;berg.;1861_05_26;Glasgow
Día 53:;;N/A: ;Fuentes;cap.;;De Santander y Avilés en 53 días berg. exp. Francisco, cap. Fuentes, ton. 215, con harina, á D. J. de la Portilla.-Pasaga 19.;exp.;Francisco;berg.;1861_05_26;Santander y Avilés
Día 13:;;N/A: ;Philips;cap.;;De New-York en 13 días pail. am. Walter Raleigh, cap. Philips, ton. 479, con carbon, al capitán.;am.;Walter Raleigh;pail.;1861_05_26;New-York
Día 55:;;N/A: ;Viennella;cap.;;De Liverpool en 55 días frag. am. Louisa Blies, cap. Viennella, ton. 395 con carbon, al capitán.;am.;Louisa Blies;frag.;1861_05_26;Liverpool
Día 61:;;N/A: ;Iñteria;cap.;;De Amberes en 61 días frag. exp. Iris, cap. Iñteria, ton. 247, con mercancías á D. E. Meert y comp.;;Iris;frag.;1861_05_26;Amberes
Día 49:;;N/A: ;Carl-son;cap.;;De Greenock en 49 días frag. am. Scandinavian, cap. Carl-son, ton. 301, con carbon al capitán.;am.;Scandinavian;frag.;1861_05_26;Greenock
Día 14:;;N/A: ;Smith;cap.;;De New-York en 14 días pail. am. May, cap. Smith, ton. 283, con efectos, al capitán.;am.;May;pail.;1861_05_26;New-York
Día 48:;;N/A: ;Mendezona;cap.;;Del Havre en 48 días frag. exp. Politena, cap. Mendezona, ton. 266, con mercancías, á D. C. Caro y comp.;;Politena;frag.;1861_05_26;Havre
Día 7:;;N/A: ;Den-kin;cap.;;De Baltimore en 7 días vapor am. Baltimore, cap. Den-kin, t.n. 250, con efectos, á D. N. J. Gomez y cp.;am.;Baltimore;vapor;1861_05_26;Baltimore
Día 5:;;N/A: ;Adams;cap.;;De New-York en 5 días vap. am. Columbia, cap. Adams, ton. 1347, con efectos, á D. J. M. Morales y cp.-Pasago-ros 3.;am.;Columbia;vap.;1861_05_26;New-York
Día 48:;;N/A: ;Alda-miz;cap.;;De Hamburg en 48 días berg. exp. Gerónimo, cap. Alda-miz, ton. 200, con mercancías, al capitán.;;Gerónimo;berg.;1861_05_26;Hamburg
Día 47:;;N/A: ;Ormachea;cap.;;De Brémen en 47 días berg. exp. Nuestra Señora de las Victor as, cap. Ormachea, ton. 198, con efectos, á los Sres. Rottman y Flinker.;;Nuestra Señora de las Victor as;berg.;1861_05_26;Brémen
;;N/A:  | N/A: ;D. José Carranza;cap.;26-05-XXXX;Mayo 26.-De Santo Domingo vap. de S. M. Velasco, un com. el tentiente de navío D. José Carranza. De Cardiff, ton. 177, con carbon al cap. Etillo de la Mer, capít. Legoff, ton. 177, con carbon al cap.;;S. M. Velasco;vap.;1861_05_28;Santo Domingo
Día 16:;;N/A: ;Ingraham;cp.;;De Bristol en 16 días berg. am. Croton, cp. Ingraham, in 142, con bocoyes vacíos al cap.;am.;Croton;berg.;1861_05_28;Bristol
Día 102:;;N/A:  | N/A: ;Huba;cap.;;De Liverpool y Palmouth en 102 días frag. ing. Argentine, cap. Huba, ton. 216, con ferretería y efectos á los Sres. Scharfenberg, T. cp.;ing.;Argentine;frag.;1861_05_28;Liverpool y Palmouth
Día 70:;;N/A: ;Echavarria;cp.;;De Sau Sebastián y Santander en 70 días berg. esp. María Natalia, cp. Echavarria, ton. 113, con harina á los Sres. Amébar y cp. Pag. 3.;esp.;María Natalia;berg.;1861_05_28;Sau Sebastián y Santander
Día 6:;;N/A: ;Artaza;cp.;;De Fernándina en 6 días berg. esp. Juana Teresa, cp. Artaza, ton. 130, con maderas á los Sres. Maruri, Sobrino y comp.;esp.;Juana Teresa;berg.;1861_05_28;Fernándina
Día 1:;;N/A: ;Ferrary;cp.;;De Matanzas en 1 día frag. francesa Union, cp. Ferrary, ton. 591, en lastre á los Sres. Samá, S. y cp.;francesa;Union;frag.;1861_05_28;Matanzas
Día 63:;;N/A:  | N/A: ;Lopez;cap.;;De Amburés y Rívadeco en 63 días berg. cap. San José, cp. Lopez, ton. 130, con mercancía á los Sres. Meert y comp. Pas. 3.;;San José;berg.;1861_05_28;Amburés y Rívadeco
Día 8:;;;José Rodríguez de Arias;cap.;;De Nueva-York en 8 días frag. de hélice de S. M. Breguella, su comandante el Sr. capitán de navío Don José Rodríguez de Arias.;;Breguella;frag.;1861_05_28;Nueva-York
Día 49:;;N/A:  | N/A:  | N/A: ;Baece;cap.;;De Altante en 49 dias berg. esp. Joven Guillermo, capitan Baece, ton. 152, en lastro, a D. J. de la Portilla.-Pasajeros 14, de ellos 139 de tropa.;esp.;Joven Guillermo;berg.;1861_05_30;Altante
Día 49:;;N/A: ;Longa;cap.;;De Liverpool en 49 dias frag. esp. Antonia, cap. Longa, ton. 256, comerciales, a los Sres. San Pelayo, P. y cp. De Cayo-Hueco pail. de los E.-C. Nompareil, comandante N. Wilson Esq.-Pasag. 2.;esp.;Antonia;frag.;1861_05_30;Liverpool
Día 51:;;N/A:  | N/A: ;Guadidola;cap.;;De Barcelona en 51 dias berg. esp. Paquete de Tarragona, cap. Guadidola, ton. 254, con efectos, a los Sres. Lledó y H.- Pasajeros 2.;esp.;Paquete de Tarragona;berg.;1861_05_30;Barcelona
Día 41:;;N/A: ;Letembre;cap.;;Del Havre en 41 dias frag. franc. Victoria, cap. Letembre, ton. 367, en lastro, a los Sres. Fessor y cp. De la mar vapor de S. M. Venadito, comandante el teniente de navío don Diego M. Casariego.;franc.;Victoria;frag.;1861_05_30;Havre
Día 86:;;N/A:  | N/A: ;Simona;cap.;30-05-XXXX;Mayo 30.—De Amíreres en 86 días frág. prus. Mamá. cap. Simona, ton. 612, con heno y ladrillos, á los Sra. Scharfenberg. T. comp.;prus.;Mamá;frág.;1861_05_31;Amíreres
Día 6:;;N/A:  | N/A: ;Johnson;cap.;;De Nueva York en 6 días vap. am. De Soín, cap. Johnson top. 1600, con efectos, á los Sra. Cahuzac H.—Pasageros 22.;am.;Soín;vap.;1861_05_31;Nueva York
Día 47:;;N/A: ;Carrillo;cp.;;De Cádiz en 47 días frág. esp. Minerva, cp. Carrillo, ton. 2-5, con frutos, á los Sra. Bustamante, R. y comp.—Pasageros 22.;esp.;Minerva;frág.;1861_05_31;Cádiz
Día 57:;;N/A: ;Colomina;cp.;;De Valencia en 57 días gal. csp. Clementina, cp. Colomina ton. 139, con frutos, á los sra. Iñanras Hermanos y comp.;csp.;Clementina;gal.;1861_05_31;Valencia
Día 49:;;N/A:  | N/A: ;Sierra;cap.;;De Cádiz en 49 días frag. esp. Ile, capít. Sierra. tonelas 419, con efectos, á Don Gaspar Madrazo.—Pasageros 10.;esp.;Ile;frag.;1861_05_31;Cádiz
Día 60:;;N/A: ;Igar-tu ton 2-3;cp.;;De Santander en 60 días frag. esp. Casualidad cp. Igar-tu ton 2-3, con harina, á los Sra. Fernández y cp.;esp.;Casualidad;frag.;1861_05_31;Santander
Día 10:;;N/A:  | N/A: ;Paig;cap.;;De Maunzani loen 10 días pol. csp. Dolores, cap. Paig, ton. 100, con maderas á los Sra. Martínez y comp.;csp.;Dolores;pol.;1861_05_31;Maunzani
Día 53:;;N/A: ;Nelson;cap.;;De Hull en 53 d a 4 berg. danés a los Sra. Bolette Buggard. capitán Nelson, ton. 76, con carbón á los Sra. D. J. M. Morales y comp.;danés;Bolette Buggard;berg.;1861_05_31;Hull
Día 45:;;N/A: ;Larrinaga;cap.;;De Liverpool en 45 días frag. esp. Pilita, cap. Larrinaga, ton. 293 con mer. ancias, á los Sra. Scharfenberg. T. y cp.;esp.;Pilita;frag.;1861_05_31;Liverpool
;;N/A: ;Burrowa;cap.;;De Cayo Huco y viv. ram. Ocilla, cap. Burrowa, ton. 41, con pescado á D P. Mar y.;;Ocilla;ram.;1861_05_31;Cayo Huco
Día 47:;;N/A: ;Corneille;cap.;30-05-XXXX;Mayo 30—Del Havreo en 47 días frag. fran. Corneille, cap. Corneille, cap. L. Lubin, ta. 422, con ladrillos, al Capitan.;fran.;Corneille;frag.;1861_06_01;Havreo
Día 48:;;N/A: ;Lund;cap.;;De Londres en 48 días berg. sueco Christina, cap. Lund, ta. 163, con hierro, al Capitan.;sueco;Christina;berg.;1861_06_01;Londres
Día 46:;;N/A:  | N/A: ;Lefo;cap.;;De Buenos Aires en 46 días frag. fran. Tonkin, cap. Lefo, ta. 460, en lastre, á los Sres. D. I. M. Zantroniz y cp. May. 31—De Barcelona en 37 días frag. exp. Panchita, cap. Bosch, te. 421, con frutos, á los Sres. zolá y C.—Pasa- geros 19.;fran.;Tonkin;frag.;1861_06_01;Buenos Aires
Día 37:;;N/A: ;Rog;cap.;;De Santander en 37 días frag. exp. Nueva Buenaventura, cap. Rog, ta. 513, con harinas, á los Sres. Samá, S. y cp.—Pas. 3.;;Nueva Buenaventura;frag.;1861_06_01;Santander
Día 16:;;N/A:  | N/A: ;Dosun;cap.;;De N.-York en 16 días pail. am. Stephen Hotchkiss, cap. Dosun, ta. 200, con mercandías, á los Sres. Perez y M.—Pas- sageros 5.;am.;Stephen Hotchkiss;pail.;1861_06_01;N.-York
Día 37:;;N/A: ;Artesaga;cap.;;De Cayo-Hueso viv. am. I. Dudley, cap. Artesaga, ta. 37, con pescado, á D. F. Marty.;;I. Dudley;am.;1861_06_01;Cayo-Hueso
Día 48:;;N/A:  | N/A: ;Casariego;cap.;;De Avilés en 48 días frag. exp. Euseblo, cap. Casariego, ta. 250, con frutos, á los Sres. Zaldúa y C.—Pasag. 232 de ellos 107 de tropa.;exp.;Euseblo;frag.;1861_06_01;Avilés
Día 59:;;N/A: ;Minott;cap.;;De Liverpool en 59 días frag. amer. Transit, cap. Minott, ta. 434, con carbon, al Capitan.;amer.;Transit;frag.;1861_06_01;Liverpool
;;;M. Wilson;comandante;;De Cayo-Hueso pail. de los E.- Nompsrell, comandante M. Wilson.;;Nompsrell;pail.;1861_06_01;Cayo-Hueso
Día 41:;;N/A: ;Juliá;cap.;;De Barcelona en 41 días berg. exp. Amable Tercera, cap. Juliá, ta. 815, con frutos, á los Sres. Samá, S. y cp.;exp.;Amable Tercera;berg.;1861_06_01;Barcelona
Día Sudia:;;N/A: ;Chisholm;cap.;;De Hálifax en Sudia, berg. Ing. Esquimaux, cap. Chis- holm, ta. 92, con bacalao, al Capitan.;Ing.;Esquimaux;berg.;1861_06_01;Hálifax
Día 146:;;N/A: ;Park;cap.;;De Sunderland en 146 días berg. ingles Allerston, cap. Park, ta. 881, con carbon, al Capitan.;ingles;Allerston;berg.;1861_06_01;Sunderland
Día 17:;;N/A: ;Håke;cap.;;De Brémen en 17 días berg. bremes Elise, cap. Håke, ton. 150, con efectos, á los Sres. Torices, P. y comp.;;bremes Elise;berg.;1861_06_01;Brémen
Día 36:;;N/A: ;Sober-ran;cap.;;De Burdeos en 36 días berg. exp. Secundina, cap. Sober-ran, ton. 317, con mercancías, á los Sres. C. Caro y comp. Pas-agros 3.;;Secundina;berg.;1861_06_01;Burdeos
Día 43:;;N/A: ;Packard;cap.;;De Cardiff en 43 días frag. am. Our Union, cap. Packard, ton. 378, con carbon al capitán.;am.;Our Union;frag.;1861_06_01;Cardiff
Día 35:;;N/A: ;Gartie;cap.;;De Bilbao en 35 días berg. exp. Salve, cap. Gartie, ton- ladas 134, con harina, á los Sres. San Pelayo, Pardo y cp.;exp.;Salve;berg.;1861_06_01;Bilbao
Día 49:;;N/A: ;Hóbiller;cap.;;De Barcelona en 49 días frag. exp. Vistoria, cap. Hóbiller, ton. 219, con frutos, á los Sres. Ríjal, D. y cp.;;Vistoria;frag.;1861_06_01;Barcelona
Día 48:;;N/A: ;Carmou Rialdo;cap.;15-06-XXXX;Junio 15-De Avilés, pa 48 días berg. cap. Carmou Rialdo, cap. Baudil, tom. 100, en postp. a los Snes Zaldun, Cernos y temp.-Pasag. 185 de tropa.;;;berg.;1861_06_02;Avilés
Día 42:;;N/A: ;Mas;cap.;;De Santander en 42 días frag. esp. Corsa, cap. Mas, ton. 541 con harina, á los Sres. Samá, S. y comp.;esp.;Corsa;frag.;1861_06_02;Santander
Día 16:;;N/A:  | N/A: ;Narwick;cap.;;Do Portland el 16 días berg. adm. Costitlían, cap. Narwick, 300, con pegan y mieduras, a los Bro. D. J. M. Morales y coom.;;Costitlían;berg.;1861_06_02;Portland
;;N/A: ;Chabert;cap.;;De Cayo-Hueco vivieron, cap. Chabert ton 37, con pescado, á los Sres. Schnabelius y comp.;;;;1861_06_02;Cayo-Hueco
Día 32:;;N/A: ;García;cap.;;De la Cornha en 32 días frag. esp. Teresa, cap. García, ton 200, con efectos, á los Sres. Samá, S. y comp.-Pasg. 103 de ellos el 1º de tropa.;esp.;Teresa;frag.;1861_06_02;Cornha
Día 13:;;N/A: ;Onken;cp.;;De N. York, en 13 días berg. brem. Guayant, cp. Onken. ton. 290, con arcos, á los Sres. Rottman y Flinker.;brem.;Guayant;berg.;1861_06_02;N. York
Día 74:;;N/A:  | N/A:  | N/A: ;Gregor;cp.;;De Barcelona en 74 días frag. julia, cp. Gregor, ton 472, con efectos, á los Sres. Solá y Carbonell.-Pas. 103 dt ellos 88 de tropa.;;julia;frag.;1861_06_02;Barcelona
Día 16:;;N/A: ;Billeby;cp.;;De N. York en 16 días pail. am. B. Watson, cp. Billeby. ton. 298, con efectos, al cap.;am.;B. Watson;pail.;1861_06_02;N. York
Día 41:;;N/A: ;Auld;cp.;;De Glasgow en 41 días frag. am. Gam Eden, cp. Auld, ton. 283, con carbon, al cap;am.;Gam Eden;frag.;1861_06_02;Glasgow
Día 35:;;N/A: ;Oliver;cap.;;Del Harvo en 35 días frag. franc. Augusto et Victor, capít Oliver, ton 410, con carbon, al cap.;franc.;Augusto et Victor;frag.;1861_06_02;Harvo
Día 46:;;N/A: ;Howes;cp.;;De Cardiff en 46 días frag. am. Ellen Stevens, cp. Howes ton 270, con carbon, á los Sres. Samá, S. y cp.;am.;Ellen Stevens;frag.;1861_06_02;Cardiff
Día 22:;;N/A: ;Po- to;cap.;;De New-York en 22 días berg. am. F. C. Kelly, cap. Po- to, ton. 199 con efectos, al cap.;am.;F. C. Kelly;berg.;1861_06_02;New-York
Día 48:;;N/A: ;Messemenake;cap.;;De Cardiff en 48 días frag. franc. Paul Augusto, capitán Messemenake, ton. 457 con carbon, al capitan.;franc.;Paul Augusto;frag.;1861_06_02;Cardiff
Día 61:;;N/A: ;Mataró;cap.;;Ur Huinos-Alres y Matanzas en 61 días berg. am. Antonio María, cap. Mataró, con tasajo, á los Sres. Solá y Carbonell.;am.;Antonio María;berg.;1861_06_02;Ur Huinos-Alres y Matanzas
Día 70:;;N/A: ;Honnaya;cap.;;De Christiansund en 70 días gol. noruega Jane, cap. Honnaya, ton. 70, con bacalao, al capitán.;noruega;Jane;gol.;1861_06_04;Christiansund
Día 8:;;N/A: ;Lemeurler;cap.;;De New York y Nassau en 8 días vap. ing. Karnak, cap. Lemeurler, ton. 790, con efectos, á D. J. M. Morales y Cª —Pasajeros 32.;ing.;Karnak;vap.;1861_06_04;New York y Nassau
Día 68:;;N/A: ;Egurola;cap.;;De Liverpool y H ly Head en 68 días berg. exp. Jesús, cap. Egurola, ton. 249, con mercancías, á los Sres. Scharfenberg. T.-y comp.;;Jesús;berg.;1861_06_04;Liverpool y H ly Head
Día 120:;;N/A: ;Brock;cap.;;De Sunderland en 120 días berg. noruega Solide, capitau Brock, ton. 408, con carbon al capitán.;noruega;Solide;berg.;1861_06_04;Sunderland
Día 34:;;N/A: ;Cusi;cap.;;Dela Coruña en 34 días frag. exp. Isabel, cap. Cusi, ton. 282, con frutos, á los Sres. Rebuelta y comp.—Pasajeros 163, de ellos 80 tropa.;exp.;Isabel;frag.;1861_06_04;Coruña
Día 61:;;N/A: ;Pirro;cap.;;De Bueno-Aires y Matanzas en 61 días frag. cap. Pirro, cap. Guardiola, ton. 212, con tasajo, á los Sres. S. C. Caro y cp.;;;frag.;1861_06_04;Bueno-Aires y Matanzas
Día 53:;;N/A: ;Mundford;cap.;;De Nantes en 53 días frz. franc. Jules, cap. Mundford, ton. 365, con ladrillos, á los Sres. Pomer y cp.;franc.;Jules;frz.;1861_06_04;Nantes
;;N/A: ;Cusi;cap.;;De Santo Domingo vapor exp. Cárdenas, cap. Cusi, con efectos, á los Sres. San Pelayo, Pardo y comp.—Pasajeros 96.;;Cárdenas;vapor;1861_06_04;Santo Domingo
Día 32:;;N/A: ;Novas;cap.;;De Bilbao en 32 días berg. exp. Bernabé, cap. Novas, toneladas 183, con harina, á los Sres. San Pelayo, P. y cp.—Pasajeros 4.;exp.;Bernabé;berg.;1861_06_04;Bilbao
Día 52:;;N/A: ;Loqest;cap.;;De Cardiff en 52 frag. franc. Amelia, cap. Loqest, toneladas 343, con carbon, al capitán.;franc.;Amelia;frag.;1861_06_04;Cardiff
Día 6:;;N/A: ;Granier;cap.;;De Martínica en 6 días frag. franc. Laurence, cap. Granier, ton. 384, con carbon, á los Sres. Fesser y cp.;franc.;Laurence;frag.;1861_06_04;Martínica
Día 8:;;N/A: ;Tizon;cap.;;De Vora Cruz. Sinal y Mariel en 8 días vapor exp. Union, cap. Tizon, ton. 407, con efectos, á los Sres. Bustamante R. y cp.—Pasajeros 13.;;Union;vapor;1861_06_04;Vora Cruz
Día 42:;;N/A: ;Lachondo;cap.;;De Liverpool en 42 días frag. exp. Lima, cap. Lachondo, ton. 338, con mercancías á los Sres. Clarke y cp.;;exp. Lima;frag.;1861_06_04;Liverpool
Día 43:;;N/A: ;Ballona;cap.;;De Glasgow en 43 días frag. exp. Ana Jonquina, cap. Ballona, ta. 173 con mercancías, á los Sres. Richardson y compañía.;exp.;Ana Jonquina;frag.;1861_06_04;Glasgow
Día 47:;;N/A: ;Poliver;cap.;;De Mallorca y Pto.-Río on 47 días pol. exp. Aristides, cap. Poliver, ta. 152, con frutos, á los Sres. Rigal, D. y compañía.;;Aristides;pol.;1861_06_04;Mallorca y Pto.-Río
Día 41:;;N/A: ;Balleux;cap.;;De Dunkerque en 41 días frag. fran. Ocean, cap. Balleux, ta. 299, con carbon, á los Sres. Cahuzac H.;fran.;Ocean;frag.;1861_06_04;Dunkerque
Día 57:;;N/A: ;Henderson;cap.;;De New-Castle en 57 días frag. inglesa New-Castle, cap. Henderson, ta. 344, con carbon, á los Sres. Scharfenberg, T. y cp.;inglesa;New-Castle;frag.;1861_06_04;New-Castle
Día 54:;;N/A: ;Hunter;cap.;;De Glasgow en 54 días berg. em. James Gray, cap. Hunter, ta. 299, con carbon, al cap.;;James Gray;berg.;1861_06_04;Glasgow
Día 55:;;N/A: ;D. emares;cap.;;De Marcella en 55 días frag. fran. Victor Amadeo, cap. D. emares, ta. 336, con ladrillos, á D. J. R. Franco.;fran.;Victor Amadeo;frag.;1861_06_04;Marcella
Día 36:;;N/A: ;Goñi;cap.;;De San Sebastián en 36 días berg. exp. Paquete de San Sebastián, cap. Goñi, ta. 149, con frutos, á los Sres. Betelú y Leunda. —Pasajeros 5.;exp.;Paquete de San Sebastián;berg.;1861_06_04;San Sebastián
Día 40:;;N/A:  | N/A: ;Zavala;cap.;04-06-XXXX;"Junio 4-De Sevilla y Salmucar en 40 dias berg. esp. San José, cap. Zavala, too. 224, con frutos; á los Sros. Saluz, Rodiy, comp. -Pasaj. 2.";esp.;San José;berg.;1861_06_05;Sevilla y Salmucar
Día 34:;;N/A: ;Triquet;cap.;;De Nantes en 34 dias berg. franc. Pierro Leder, cap. Triquet, ton. 331, en lastre, al capitan.;franc.;Pierro Leder;berg.;1861_06_05;Nantes
Día 10:;;N/A:  | N/A: ;Je neet;cap.;;De New-York en 10 dias frag. ing. North Wind, cap. Je neet, ton. 900, cou carbon y maiz, á D. S. C. Burnham y comp.;ing.;North Wind;frag.;1861_06_05;New-York
Día 2:;;N/A: ;Weir;cap.;;De 'Tampa y Cayo-Huceso' en 2 dias vapor am. Salvador, capitan Weir, ton. 425, con ganado, á los Sros. Sres. S. C. Burnham y cp. -Pasaj. 4.;am.;Salvador;vapor;1861_06_05;Tampa y Cayo-Huceso
Día 6:;;N/A: ;Thompson;cap.;;De Black River (Jamaica) en 6 dias frag. ing. Pearl, capitan Thompson, ton. 605 con arroz, á los Sres. C. Caro y cp.;ing.;Pearl;frag.;1861_06_05;Black River (Jamaica)
Día 39:;;N/A: ;Duran;cap.;;De Mallorca en 39 dias pol. cap. Dos Magdalenas, capitan Duran, ton. 162, con frutos, á los Sres. Canet y Garbalena. - Par. 7.;;Dos Magdalenas;pol.;1861_06_06;Mallorca
Día 33:;;N/A: ;Hawk;cap.;;De Cardiff en 33 dias frag. am. Flight, cap. Hawk, tons. 391, con carbon, á los Sres. Sam. S. y comp.;am.;Flight;frag.;1861_06_06;Cardiff
;;;Mr. Wilson;comandante;;De Cayo Hugo so pail de los E. F. Nompareil, comandante Mr. Wilson.;;Nompareil;pail;1861_06_06;Cayo Hugo
Día 6:;;N/A:  | N/A: ;Heeman;cap.;;De Tampico y Veracruz en 6 dias vapor ingles Clyde, cap. Heeman, tons 970, con efectos, al Sr. Cónsul Ingles. - Pas. 70.;ingles;Clyde;vapor;1861_06_06;Tampico y Veracruz
Día 49:;;N/A: ;Hull;cap.;;De Hartlepool en 49 dias berg sueco Rio, cap. Hull, ton. 198, con carbon, á los Sres. Meek y comp.;sueco;Rio;berg;1861_06_06;Hartlepool
Día 57:;;N/A: ;Hezeltine;cp.;;De Troom en 57 días frag. amer. Diana, cp. Hezeltine, ton. 470, con carbon, al capitán.;amer.;Diana;frag.;1861_06_07;Troom
Día 14:;;N/A: ;Neill;cap.;;De New-Orleans en 14 días gol. ing. Emma Russey, cap. Neill, ton. 112, con víveres, a Ó. S. de la Huerta y comp.—Pasaj. 5.;ing.;Emma Russey;gol.;1861_06_07;New-Orleans
Día 34:;;N/A: ;Pickol;cap.;;De Málaga en 34 días berg. esp. Cazador, [cap. Pickol, ton. 160, con frutos, a D. J. M. de la Portilla.—Pasaj. 103 de tropa.;esp.;Cazador;berg.;1861_06_07;Málaga
Día 9:;;N/A:  | N/A:  | N/A: ;Reimer;cap.;;De New-York en 9 días vap. am. Primero, cap. Reimer, ton. 331, en lastr. á los Sres. Torica, P. y comp.;am.;Primero;vap.;1861_06_07;New-York
;;;;;;De once% una visitaban un berg. y una gol. españoles,;españoles;;;1861_06_08;
;;;;;;una barca francesa, una frag, un berg. y una gol. ameri-;francesa;;;1861_06_08;
Día 11:;;;Nickerson;cap.;;De New-York en 11 días pall. am. Emily, cap. Nickerson,;am.;Emily;pall.;1861_06_08;New-York
Día 17:;;;;cap.;;De Voracruz en 17 días frag. franc. Monterideo, capitán;franc.;Monterideo;frag.;1861_06_08;Voracruz
Día 64:;;;;;;De Buenos Aires y Matanzas en 64 días berg. esp. Manu-;esp.;Manu-;berg.;1861_06_08;Buenos Aires y Matanzas
Día 10:;;;Fowler;cap.;;De Filadelfia en 10 días frag. am. Marion, cap. Fowler,;am.;Marion;frag.;1861_06_08;Filadelfia
Día 13:;;;Sym-;cap.;;De Filadelfia en 13 días berg. am. Vermont, cap. Sym-;am.;Vermont;berg.;1861_06_08;Filadelfia
Día 75:;;N/A: ;Cervantes;cap.;;De Liverpool en 75 días frag. cap. Cervantes, cap. Buigas, ton. 357, con mercancías, a don A. de la Torricente.;;;frag.;1861_06_09;Liverpool
;;N/A: ;Cimiano;cap.;;De Cayo Hueco viv. am. Julia Latham, cap. Cimiano, ton. 30, con pescado, à D. F. Marty.;;Julia Latham;am.;1861_06_09;Cayo Hueco
Día 11:;;N/A: ;Díaz;cap.;;De New-Orleans en 11 días frag. esp. Teresita, capitan Díaz, ton. 25.1viveres, à D. G. Madrazo.—Pasag. 5.;esp.;Teresita;frag.;1861_06_09;New-Orleans
Día 6:;;;D. José Ruibal;cap.;;De Santo Domingo en 6 días fragata trasporte esp. Número 1, cap. D. José Ruibal.;esp.;Número 1;fragata;1861_06_09;Santo Domingo
Día 41:;;;Elvira;cap.;;Del Havre en 41 días frag. cap. Elvira, cap. Santulari, ta.;;;frag.;1861_06_12;Havre
;;;;comandante;;De Cayo-Hueso vapor de los E. U. Mahawk, comandante;E. U.;Mahawk;vapor;1861_06_12;Cayo-Hueso
;;;Don Pablo Lugo Vilás;c.;;De Cádiz y Canarias vapor transporte de S. M. Ferroli, comandante el teniente de navío Don Pablo Lugo Vilás.;;transporte de S. M. Ferroli;vapor;1861_06_12;Cádiz y Canarias
;;;B. U. Nomparell;peil.;;De Cayo-Hueso peil. de los B. U. Nomparell, comandante;;;;1861_06_12;Cayo-Hueso
Día 14:;;;Jerry;cp.;;De N York en 14 días frag. am. John Pageon, cp. Jerry,;am.;John Pageon;frag.;1861_06_12;N York
Día 10:;;N/A: ;Simpson;cap.;;De las bocas del Mississippi en 10 días brg. am. Hope, cap. Simpson, ton. 147, en lastre, á los Sres. Cahuzac H. De Cayo-Hueso viv. am. Prima Dona, capit. Weatford, ton. 57, con pescado, á D. F. Schnabelius y cp.;am.;Hope;brg.;1861_06_13;bocas del Mississippi
;;N/A: ;Bell;cap.;;De Cayo-Hueso viv. am. Lemuel Burrows, cap. Bell, ton. 25, con pescado, á D. F. Marty.;am.;Lemuel Burrows;viv.;1861_06_13;Cayo-Hueso
;;N/A: ;Thorp;cap.;;De Cayo-Hueso viv. am. Wanderer, capit. Thorp, ton. 28, con pescado, á D. F. Schnabelius y cp.;am.;Wanderer;viv.;1861_06_13;Cayo-Hueso
;;;Park;cap.;;De Cayo-Hueco viv. am. Archillius, cap. Park ta. 23, con;am.;Archillius;viv.;1861_06_14;Cayo-Hueco
;;;Archer;cap.;;De Cayo-Hueco viv. am. Silas Henry, cap. Archer, con;am.;Silas Henry;viv.;1861_06_14;Cayo-Hueco
Día 44:;;;F. U.;cap.;;De Santander y Nuevitas en 44 dias frag. cap. F. U. cap.;;;frag.;1861_06_14;Santander y Nuevitas
Día 40:;;;Nuevo Pe-;cap.;;De la Coruña y Canarias en 40 dias berg. cap. Nuevo Pe-;;;berg.;1861_06_14;la Coruña y Canarias
;;;Perez;cap.;;De Cayo-Hueco viv. am. Ratter, cap: Perez, ton. 6', con;;Ratter;am.;1861_06_14;Cayo-Hueco
Día 63:;;;;cap.;;De Liverpool on 63 dias frag. bremsa II. Ven Gagern, cap-;Ven;Gagern;frag.;1861_06_14;Liverpool
Día 19:;;;Jaruco;cap.;;De Nueva Orleans en 19 dias frag. cap. Jaruco, capitan;;;frag.;1861_06_14;Nueva Orleans
;;;;;;De Cayo-Hueco vap. transporte de los F. U. Chesapeake,;;transporte de los F. U. Chesapeake;vap.;1861_06_14;Cayo-Hueco
;;;Spicer;cp.;;De Cayo-Hueco viv. am. W. H. Willer, cp. Spicer, to. 46;am.;W. H. Willer;am.;1861_06_14;Cayo-Hueco
Día 47:;;;Stur-;cp.;;De New-Port on 47 dias frag. ing. Symmetry, cp. Stur-;ing.;Symmetry;frag.;1861_06_14;New-Port
;;;Pá-;cap.;;De Santander, Pto. Rico, Pto. Plata y Cuba vap. cap. Pá-;;;vap.;1861_06_14;Santander, Pto. Rico, Pto. Plata y Cuba
Día 36:;;N/A: ;Vertior;cp.;15-06-XXXX;Junio 15.—Del Havre en 36 días frag. franc. Louise Amelia, cp. Vertior, tons. 423, con efectos, á los señores Péser y comp.;franc.;Louise Amelia;frag.;1861_06_16;Havre
Día 8:;;N/A:  | N/A: ;Ackley;cap.;;De Nueva-Orleans en 8 días gol. ing. Tamaulipas, capitán Ackley, tons. 199, con viveres, á los Sres. D. N. J. (Gomez y C.)—Pasag. 2.;ing.;Tamaulipas;gol.;1861_06_16;Nueva-Orleans
Día 59:;;N/A:  | N/A: ;Lange;cap.;;De New-Castle en 59 días berg. danés Elizabeth, cap Lange, ton. 236, con carbon á los Sres. Fesser y cp. De New-York con 5 días vap. am. Columbia, cap Adams, ton. 1347, con efectos á los Sres. D. J. M. Morales y cp.—Pasag. 14.;danés;Elizabeth;berg.;1861_06_16;New-Castle
Día 18:;;N/A: ;Cowley;cap.;;De la Barbada en 18 días frag. log. Ellerelle, cap. Cowley, ton. 199. con carbon a los Sres. Féder y comp. —Entró a yer á puertas del Sol;;Ellerelle;frag.;1861_06_19;la Barbada
Día 45:;;N/A:  | N/A: ;Burns;cp.;;De Amberes en 45 días frag. am. Realm, cp. Burns, ton. 547, beno y ladrillos, á los Sres. Meert y cp.;am.;Realm;frag.;1861_06_20;Amberes
Día 1:;;N/A: ;Jenkins;cap.;;De Cárdenas en 1 día berg. am. Idá Reynes, cap. Jenkins, ton. 303, en lastro, á los Sres. Calhuac H.;am.;Idá Reynes;berg.;1861_06_20;Cárdenas
Día 6:;;N/A:  | N/A:  | N/A: ;Denkin;cap.;;De Baltimore en 6 días vapor am. Baltimore, cap. Denkin, toncadas 252, con efectos á los Sres. N. J. Gómez y cp. Pasagers 4.;am.;Baltimore;vapor;1861_06_20;Baltimore
Día 50:;;N/A: ;Burnett;cap.;;De Liverpool en 50 días pail. am. Thomas Ho’combe, capitan Burnett, ton. 392, con carbon á los Sres. Scharfenberg, T. y cp.;am.;Thomas Ho’combe;pail.;1861_06_20;Liverpool
Día 5:;;N/A:  | N/A:  | N/A: ;Johnson;cap.;;De New-York en 5 días vapor am. De Soto, cap. Johnson, toncadas 1600, con efectos, á los Sres. Calhuac H. -Pasagers 8.;am.;De Soto;vapor;1861_06_20;New-York
Día 27:;;N/A: ;Cann;cap.;22-06-XXXX;Junio 22.—De Yarmouth en 27 días frag. ing. Itt. Return, cap. Cann, ton. 339, con carbon, al capitán.;ing.;Itt. Return;frag.;1861_06_21;Yarmouth
Día 40:;;N/A:  | N/A: ;Anza;cap.;;De San Sebastián en 40 días frag. cap. Las Artes, capi- tan Anza, ton. 173, con harina y ferretería, á los Sres. Be- tél, L. y cp. Parag. 9.;;Las Artes;frag.;1861_06_21;San Sebastián
Día 37:;;N/A: ;Chovallier;cap.;;De Nantes e 37 días frag. franc. Alphonse N. Cezard, capi- tan Chovallier, ton. 470, en lastre, á los Sres. Fesser y compañía.;franc.;Alphonse N. Cezard;frag.;1861_06_21;Nantes
Día 1:;;N/A: ;Chase;cap.;;De Sierra-Morena en 1 día frag. am. C. B. Hamilton, cap. Chase. ton. 357, con miele, al capitán.;am.;C. B. Hamilton;frag.;1861_06_21;Sierra-Morena
Día 37:;;N/A: ;Alvarez;cap.;;De Gijón en 37 días berg. eep. Carlos, cap. Alvarez, ton. 154, con fctos, á D. R. Perez de la Sala.—Pasag. 29.;;eep. Carlos;berg.;1861_06_21;Gijón
Día 45:;;N/A: ;Beltran;cap.;;De Montevideo y Matavíde en 45 días herz. esp. Amalia, cap. Beltran, ta. 202, con tasajo, al Cap.;esp.;Amalia;herz.;1861_06_22;Montevideo y Matavíde
Día 2:;;N/A: ;Brown;cap.;;De Cayo-Hueco viv. am. Jessie Pinkney, cap. Brown, ta. 54, con pescado, al Cap —Pasag. 2.;am.;Jessie Pinkney;am.;1861_06_22;Cayo-Hueco
Día 12:;;N/A: ;Robert;cap.;;De N.-Orleansen 12 días pail. ing. Major Barbour, cap. Robert, ta. 109, con vivier, á los Srea. Solá y Carbonell.—Pasag. 15. Entró ayer á puesta del Sol.;ing.;Major Barbour;pail.;1861_06_22;N.-Orleans
Día 10:;;N/A: ;Simpson;cp.;;De las bocas del Mississippi en 10 dias brg. am. Hope, cp. Simpson, ton. 147, en lastre, á los Sres. Cahuzac H.;am.;Hope;brg.;1861_06_23;bocas del Mississippi
;;N/A: ;Weateford;cap.;;De Cayo-Hueso viv. am. Prima Donna, capit. Weateford, ton. 57, con pescado, á D. F. Schnabelius y cp.;am.;Prima Donna;viv.;1861_06_23;Cayo-Hueso
;;N/A: ;Bell;cap.;;De Cayo-Huco viv. am. Lemuel Burrows, cap. Bell, ton. 25, con pescado, á D. F. Marty.;am.;Lemuel Burrows;viv.;1861_06_23;Cayo-Huco
;;N/A: ;Thorp;cap.;;De Cayo-Hueso viv. am. Wanderer, capit. Thorp, ton 28, con pescado, á D. F. Schnabelius y cp.;viv.;Wanderer;am.;1861_06_23;Cayo-Hueso
Día 38:;;N/A: ;Anza;cap.;;De San Sebastián en 38 días frag. esp. María, cap. Anza, con harina, á los Sres. Leunda y Betelu.;esp.;María;frag.;1861_06_25;San Sebastián
Día 11:;;N/A:  | N/A: ;Warren;cap.;24-06-XXXX;Junio 24.—De Baltimore en 11 días berg. ing. Los Amigos, cap. Warren, ton. 120, con carbon y efectos, á los Sres. J. M. Morales y cp.;ing.;Los Amigos;berg.;1861_06_25;Baltimore
Día 16:;;N/A: ;Davis;cap.;;De Filadelfia en 16 días berg. am. Ella Reed, cap. Davis, ton. 230, con efectos, á D. J. R. Marquette.;am.;Ella Reed;berg.;1861_06_25;Filadelfia
Día 22:;;N/A: ;David;cap.;;De Cayena en 22 días frag. franc. Pere Chaigneaux, cap. David, ton. 233, en lastre, á los Sres. Fesser y cp.;franc.;Pere Chaigneaux;frag.;1861_06_25;Cayena
Día 50:;;N/A: ;Amezaga;cap.;;De Hamburg en 50 días berg. esp. Genovera, cap. Amezaga, ton. 125, con mercancías, á los Sres. Arrigunaga, P. y compañía.;esp.;Genovera;berg.;1861_06_25;Hamburg
Día 78:;;N/A: ;Michaelis;cap.;;"De Liverpool y boca del Mialsipli en 78 días frag. prus. He- ro, capit Michaelis, ton. 530, con efectos; al Sr. Cónsul de Prusia.-Pausag. .3.";prus.;He- ro;frag.;1861_06_26;Liverpool y boca del Mialsipli
Día 46:;;N/A:  | N/A:  | N/A: ;Robi- quet;cap.;;De Buenos Aires en 46 días frag. franc. Aklat, cap. Robi- quet, ton. 526, en lastre, á D. I. M. Za. gron. y cp.;franc.;Aklat;frag.;1861_06_26;Buenos Aires
Día 52:;;N/A: ;Rosa;cap.;25-06-YYYY;Junio 25.-Do Buenos Aires en 52 días frag. cap. Rosa, cap. pitan Roig, ton. 188, con tarajo, á los señores Escauriza y Serpa.;;;frag.;1861_06_26;Buenos Aires
Día 48:;;N/A: ;Stromberg;cap.;;De Cardiff en 48 días frag. sueca Maria Theresia, capitan Stromberg, ton. 433, con carbon, al capitán.;sueca;Maria Theresia;frag.;1861_06_26;Cardiff
Día 39:;;N/A:  | N/A: ;Mak-kaw;cap.;;De Nantes en 39 días frag. franc. Washington, cap. Mak-kaw, ton. 303, con heno y ladrillos, á los señores Fésser y compañía.;franc.;Washington;frag.;1861_06_26;Nantes
Día 42:;;N/A: ;Douglas;cap.;;De Liverpool en 42 días frag. ing. Aden, cap. Douglas, ton. 316, con carbon, á los Sres. Fésser y C.;ing.;Aden;frag.;1861_06_26;Liverpool
Día 56:;;N/A: ;Acebado;cap.;;De Amberes en 56 días berg. esp. Pepito, cap. Acebado, ton. 200, con mercancías, á los Sres. Runge, Balbíani y compañía.;esp.;Pepito;berg.;1861_06_26;Amberes
Día 90:;;N/A: ;Cook;cap.;;De Nueva-York en 90 días pall. am. Eclipse, cap. Cook, ton. 269, con efectos, al capitán.;am.;Eclipse;pall.;1861_06_26;Nueva-York
Día 38:;;N/A: ;Garay;cap.;;De Santander en 38 días frag. esp. Anónima, cap. Garay, ton. 293, con harinas, á los Sres. Escauriza y Serpa.;esp.;Anónima;frag.;1861_06_26;Santander
Día 12:;;N/A: ;Bally;cap.;;De St. Thomas en 12 días frag. fran. Christopher Colomba cap. Bally, ton. 459, en lastre, á los Sres. C. Caro y cp.;fran.;Christopher Colomba;frag.;1861_06_26;St. Thomas
Día 53:;;N/A: ;Gibbs;cap.;;De Greenock en 53 días frag. am. Culloma, cap. Gibbs, ton. 359, con carbon, al capitán.;am.;Culloma;frag.;1861_06_26;Greenock
Día 57:;;N/A: ;Wood;cap.;;De Fernambuco y Panambo en 57 días berg. ingles Sir Henry Parnell, cap. Wood, ton. 209, en lastre, al capitán.;ingles;Sir Henry Parnell;berg.;1861_06_26;Fernambuco y Panambo
Día 27:;;N/A: ;Collins;cap.;;De Filadelfia en 27 días frag. am. Washington Butcher, cap. Collins, ton. 340, con carón, al Sr. Cónsul de los Estados Unidos.;am.;Washington Butcher;frag.;1861_06_26;Filadelfia
Día 54:;;N/A: ;pitan Gaste;cap.;;De Amsterdam en 54 días berg. holandés Neptunus, cap. pitan Gaste, ton. 168, con viveres, á los Sres. J. M. Morales y cp.;holandés;Neptunus;berg.;1861_06_26;Amsterdam
Día 31:;;N/A: ;Roig;cp.;;De Barcelona en 31 días frag. esp. Julia, cp. Roig, tn. 270 con frutos, al cap.;esp.;Julia;frag.;1861_06_26;Barcelona
Día 26:;;N/A: ;Newton;cap.;;Junio 26—De Troon en 49 días frag. am. Priscilla, cap. Newton, ton. 469, con carbon al cap.;am.;Priscilla;frag.;1861_06_27;Troon
Día 26:;;N/A:  | N/A: ;Langs;cap.;;De Nueva-York en 26 días frag. amer. N. W. Bridge, capit. Langs, ton. 257, con adoquines y heno, á los Sres. Fésser y cp.;amer.;N. W. Bridge;frag.;1861_06_27;Nueva-York
Día 169:;;N/A: ;Thraune;cp.;;De Wampoa y Santa Elena en 169 días frag. am. Independencia, cp. Thraune, ton. 768, en lastre, á los Sres. Torlés, Puente y compañía.;am.;Independencia;frag.;1861_06_27;Wampoa y Santa Elena
Día 47:;;N/A: ;Lowe;cap.;;De Liverpool en 47 días frag. am. Osbourne House, capitán Lowe, ton. 365, en lastre al cap.;am.;Osbourne House;frag.;1861_06_27;Liverpool
Día 27:;;N/A: ;Jenius;cp.;;De Halifax en 27 días berg. ing. Chebchuto, cp. Jenius, ton. 113, con barcalo, al cap.;ing.;Chebchuto;berg.;1861_06_27;Halifax
;;N/A:  | N/A: ;Cole;cp.;;De Cayo-Hueso viv. am. Statesman, cp. Cole, ton. 65, con pecado, á los Sres. Schnabelius y cp.—Pas. 5.;am.;Statesman;am.;1861_06_27;Cayo-Hueso
Día 16:;;;D. Manuel Manjon;cap.;;De la Guaira en 16 días frag. de S. M. Alcodo, comandante el cap. pe frag. D. Manuel Manjon.;;S. M. Alcodo;frag.;1861_06_27;la Guaira
Día 39:;;N/A: ;Ruiz;cap.;;De Málaga en 39 días frag. esp. Cármen, cap. Ruiz, te. 402, con frutos, á los Sres. Samí, S. y cp.—Pas. 2.;esp.;Cármen;frag.;1861_06_27;Málaga
Día 12:;;N/A: ;Dela-barre;cap.;;De Santómas en 12 días frag. franc. Camoens, cap. Dela-barre, ton. 244, en lastre, á los Sres. Caro y cp.;franc.;Camoens;frag.;1861_06_27;Santómas
Día 12:;;N/A: ;Valentin;cap.;;De la Martínica en 12 días frag. franc. St. Louis, capitán Valentin, ton. 194, en lastre, á los Sres. Schmidt y Stern.;franc.;St. Louis;frag.;1861_06_27;la Martínica
Día 44:;;N/A: ;Mc. Alister;cap.;;De Glasgow en 44 días frag. ing. Anonima, cap. Mc. Alister, ton. 687, con carbon, á los Sres. Fésser y cp.;ing.;Anonima;frag.;1861_06_27;Glasgow
Día 54:;;N/A: ;Polley;cap.;;De Liverpool en 54 días frag. amer. Savannah, capitán Polley, tous. 437, con efectos, á los Sres. Scharfenberg, T. y compañía.;amer.;Savannah;frag.;1861_06_27;Liverpool
Día 43:;;;Nielsen;cap.;;De Waterford en 43 días frag. nor. Queen Victoria, cap. Nielsen, ton. 345, en lastre, al capitán.;nor.;Queen Victoria;frag.;1861_06_27;Waterford
Día 67:;;N/A: ;Botet;cap.;27-06-XXXX;Junio 27.—De Barcelona y Nuevitas en 67 días berg. esp. Carmita, cap. Botet, ton. 240, con frutos, al capitan.—Parageros 2.;esp.;Carmita;berg.;1861_06_28;Barcelona y Nuevitas
;;N/A:  | N/A: ;Armaro;cp.;;De Cayo-Hueso vivero am. G. W. Chipman, cp. Armaro, ton. 46, con pescado, & D. F. Marty.;am.;G. W. Chipman;vivero;1861_06_28;Cayo-Hueso
Día 48:;;N/A:  | N/A:  | N/A: ;Lisly;cap.;;De Montevideo en 48 días frag. franc. Aleyon, cap. Lisly, ton. 362, en lastre, & los Sres. Cahuzac H.;franc.;Aleyon;frag.;1861_06_28;Montevideo
Día 46:;;N/A: ;Pajés;cap.;;De Barcelona en 46 días pol. esp. Dulcines, cap. Pajés, ton. 206, con frutos, á los Sres. Gil, R. y comp.;esp.;Dulcines;pol.;1861_06_28;Barcelona
Día 39:;;N/A:  | N/A: ;Gaspar;cap.;;De St. Nazaire en 39 días frag. franc. Jacques Langlois, cap. Gaspar, ton. 383, en lastre, á los Sres. Füsser y comp.;franc.;Jacques Langlois;frag.;1861_06_28;St. Nazaire
Día 40:;;N/A:  | N/A: ;Andujar;cap.;;De Santauder en 40 días berg. esp. Llano, cap. Andujar, ton. 127, con harina y efectos, al capitan.—Passag. 5.;esp.;Llano;berg.;1861_06_28;Santauder
Día 37:;;N/A:  | N/A: ;Arrupe;cap.;;De Bilbao y Puerjo-Rico en 37 días berg. esp. Jo'á, cap. Arrupe, ton. 152, con harina, al capitan.;esp.;Jo'á;berg.;1861_06_28;Bilbao y Puerjo-Rico
Día 13:;;N/A: ;Artaza;cap.;;De la Boca de St. Mary (Florida) en 13 días berg. cap. Artaza, ton 130, en lastre, á los Sres. Tellería y c.p.;;;berg.;1861_06_29;Boca de St. Mary (Florida)
;;;Wilson Esqr.;comandante;;De Cayo-Hueso pail. de los Rastados-Onidos Nonparcel, comandante Wilson Esqr.;;Rastados-Onidos Nonparcel;pail.;1861_06_29;Cayo-Hueso
;;N/A: ;Menendez;cap.;;De Cayo-Hueso viv. am. Northern Ligut, cap. Menendez, ton. 28, con pescado, á los Sres. Schnabelius y c.p.;am.;Northern Ligut;viv.;1861_06_29;Cayo-Hueso
;;N/A: ;Burrows;cap.;;De Cayo-Hueso viv. am. Sres. Ocillá, cap. Burrows, ton. 42, con pescado á D. F. Marty.;am.;Sres. Ocillá;viv.;1861_06_29;Cayo-Hueso
Día 30:;;N/A: ;Ross;cap.;;De Terranova en 30 días berg. ing. James Stewart, capitán Ross, tons. 169, con bacalao, á los señores Adot, S. y compañía.;ing.;James Stewart;berg.;1861_06_29;Terranova
Día 48:;;N/A: ;Denker;cap.;;De Brémen en 48 días berg. hannov. Mathildo Denker, cap. Denker, ton. 200, con efectos, á los Sres. Torices, P. y compañía.;hannov.;Mathildo Denker;berg.;1861_06_29;Brémen
Día 29:;;N/A: ;Sauline;cap.;;De Boston en 29 días frag. franc. Fleurian de Bellevue, cap. Sauline, tons. 222, con efectos, á los señores Cahuzac hermano.;franc.;Fleurian de Bellevue;frag.;1861_06_29;Boston
Día 11:;;N/A: ;Echavarria;cap.;;De Liverpool en 11 días frag. esp. Carmen, capit. Echavarria, ton. 201, con mercancías, á los señores Herrera, H. y compañía.;esp.;Carmen;frag.;1861_06_29;Liverpool
Día 32:;;N/A: ;Stewart;cap.;;De Londres en 32 días carbon. ing. M. M. Peters, capit. Stewart, ton. 400, con carbon, á los Sres. Samá, S. y comp.;ing.;M. M. Peters;carbon;1861_06_29;Londres
Día 53:;;N/A: ;Hana-chell;cap.;;De Copenhague en 53 días frag. das. Najaden, cap. Hana-chell, ton. 332, con carbon, á los Sres. J. M. Morales y comp.;;Najaden;frag.;1861_06_29;Copenhague
Día 55:;;N/A: ;Síster;cap.;;De Barcelona y Valencia en 55 días go. esp. Valencia, cap. Síster, ton. 181, con frutos, á los Sres. Canet y Garbalona.;esp.;Valencia;go.;1861_06_29;Barcelona y Valencia
Día 40:;;;Hedley;cap.;;De Londres en 40 días frag. ing. Chryseia, cap. Hedley, ton. 477, en lastre, á los Sres. Fesser y c.p.;ing.;Chryseia;frag.;1861_06_29;Londres
Día 23:;;N/A: ;Morrows;cap.;;De Canarias en 23 días pail. am. Phebe, cap. Morrows, ton. 128, en lastre, á los Sres. Ulric y Barroso.;am.;Phebe;pail.;1861_06_29;Canarias
Día 23:;;N/A:  | N/A: ;Beut-hall;cap.;;De New-York en 23 días frag. am. Warren, cap. Beut-hall, ton. 271, con efectos y adoquines, á los Sres. Ulric y Barroso.;am.;Warren;frag.;1861_06_29;New-York
Día 43:;;N/A: ;Mendoza;cap.;;De Burdeos en 43 días berg. cap. Buen Jesús, cap. Mendoza, ts. 129, con efectos, á los Sres. Cahuazc H.;;Buen Jesús;berg.;1861_06_30;Burdeos
Día 70:;;N/A: ;Liverbeck;cap.;;Lie Ca-diff en 70 días frag. dan. Frigga, cap. Liverbeck. ts. 340, con carbon, á los Sres Samá, S. y cp.;dan.;Frigga;frag.;1861_06_30;Ca-diff
Día 44:;;N/A: ;Bativil;cap.;;Lie Barcelona en 44 días frag. esp. Nuevo Lautaro, cap. Bativil, ts. 500, con frutos, á los Sres. Samá, S. y cp.—Pa- sag. 2.—Entrar a ver a puesta del Sol.;esp.;Nuevo Lautaro;frag.;1861_06_30;Barcelona
Día 38:;;;Zabala;caplt.;;De Santander en 38 dias berg. cep Algorta, caplt. Zabala,;;cep Algorta;berg.;1861_07_03;Santander
Día 37:;;;Mendezona;cap.;;De Bibao en 37 dias frag exp. Linda, caplt. Mendezona,;;Linda;frag;1861_07_03;Bibao
Día 32:;;;;cap.;;De Cádiz en 32 dias frag. esp. Hermosa Valenciana, cap.;esp.;Hermosa Valenciana;frag.;1861_07_03;Cádiz
Día 42:;;;;;;De St. Nazaire, en 42 dias frag. franc. Enfenta Nantais,;franc.;Enfenta Nantais;frag.;1861_07_03;St. Nazaire
Día 46:;;;capltan;cap.;;De New-Port en 46 dias frag. dan. Herluff Trolle, capltan;dan.;Herluff Trolle;frag.;1861_07_03;New-Port
Día 27:;;;Murray;cap.;;De Boston en 27 dias frag. am. Sophi, cap. Murray, to-;am.;Sophi;frag.;1861_07_03;Boston
Día 43:;;;Bilbao;cp.;;De Liverpool en 43 dias berg. exp. Santa Ana, cp. Bilbao,;exp.;Santa Ana;berg.;1861_07_03;Liverpool
Día 59:;;;;;;De Barcelona y Valencia en 59 dias berg exp. Joaquina,;exp.;Joaquina;berg;1861_07_03;Barcelona y Valencia
Día 6:;;;Figurola;cp.;;De Trinidad en 6 dias gol. exp. Diamante, cp. Figurola,;exp.;Diamante;gol.;1861_07_03;Trinidad
Día 24:;;N/A: ;Anderson;cap.;;De Boston en 24 días berg. ing. William Dodgo, cap. Anderson, ton. 195, con efectos, á los Sres. Kobbe y Luling.;ing.;William Dodgo;berg.;1861_07_04;Boston
Día 37:;;N/A: ;Sust;cap.;;De Barcelona en 37 días pol. esp. Regeneradora. capitan Sust, ton. 204, con frutos, á los Sres. Sami, S. y cp. Parageros 2.;esp.;Regeneradora;pol.;1861_07_04;Barcelona
Día 5:;;N/A: ;Adams;cap.;;De New-York en 5 dias vap. am. Columbia, cap. Adams, ton. 1347, con efectos, á D. J. M. Morales y Cª.—Pasaj. 28;am.;Columbia;vap.;1861_07_06;New-York
Día 32:;;N/A: ;Sosvilla;cp.;;"De La Palma (Canarias) y Cárdenas en 32 dias berg. esp. Bella Eugracia; cp. Sosvilla, ton. 206, con efectos á los Sres. Valencia, Cruz y cp.—Pas. 22. - -";esp.;Bella Eugracia;berg.;1861_07_06;La Palma (Canarias) y Cárdenas
Día 61:;;N/A: ;Nyland;cap.;;De Rotterdam en 61 dias gol. hol. Speculaut, cap. Nyland ton. 185, con víveres, á D. J. M. Morales y cp.;hol.;Speculaut;gol.;1861_07_06;Rotterdam
Día 51:;;N/A: ;Lieutard;cap.;;De Marsella en 51 dias frag. franc. Louise Gobriello, cap. Lieutard, ton. 417, con efectos, á los Sres. Cahuzac hermanos.;franc.;Louise Gobriello;frag.;1861_07_06;Marsella
Día 36:;;N/A: ;Maristany;cap.;06-07-XXXX;Julio 6.—De Barcelona en 36 dias pol. esp. Modesta, cap. Maristany. ts. 205, con frutos, á los Srea. Samá. S. y compañía.;esp.;Modesta;pol.;1861_07_07;Barcelona
Día 25:;;N/A: ;Beil;cap.;;De Cayo-Huezo viv. amer. Leumel Burrow, cap. Beil, ts. 25, con pecado, á D. F. Marty.;amer.;Leumel Burrow;viv.;1861_07_07;Cayo-Huezo
Día 35:;;N/A: ;Chabeat;cap.;;De Cayo-Huevo viv. am. Elisa Beckwith, cap. Chabeat, ts. 35, con pecado, á los Srea. Schnabeliuy ep.;am.;Elisa Beckwith;viv.;1861_07_07;Cayo-Huevo
;;;M. Wilson;comand.;;De Cayo-Huevo pal. los E.-V. Nompareil, comand. M. Wilson.;;Nompareil;pal.;1861_07_07;Cayo-Huevo
Día 25:;;N/A: ;Harding;cap.;;De Hálifax en 25 dias berg. ing. Marklayd, cap. Harding, ts. 270, con carbon, á los Srea. Carrera y cp.;ing.;Marklayd;berg.;1861_07_07;Hálifax
Día 21:;;N/A: ;Harton;cap.;;De N.-York en 21 dias frag. am. Albrituna, cap. Harton, ts. 304, con efectos, á los Srea. D. J. Morales y cp.;am.;Albrituna;frag.;1861_07_07;N.-York
Día 6:;;N/A:  | N/A: ;Heenan;cp.;;De Tampico y Veracruz en 6 dias vapor ingles Clyde, cp Heenan, tong. 1070, con efectos, el Sr. Consul ingles.—Passar, 40.;ingles;Clyde;vapor;1861_07_07;Tampico y Veracruz
;;N/A: ;Freeman;cap.;;De Cayo-Hueso viv. amer. Archillius, capitan Freeman, ton. 43, con pescado á los señores P. Schnabellus y compañía.;amer.;Archillius;viv.;1861_07_09;Cayo-Hueso
Día 37:;;N/A: ;Blanca;cap.;;De Cédiz en 37 días berg. esp. cap. Blanca, cap. Ramírez. ton. 125, con pertrochés, al cap. Pac. 3.;esp.;;berg.;1861_07_09;Cédiz
Día 45:;;N/A:  | N/A: ;Iafuen;cap.;;De Mallorca en 45 días frag. esp. Marleta, cap. Iafuen, to. 231, con efectos, & los redores Sam, Sotolongo y cp.-Pas. 3.;esp.;Marleta;frag.;1861_07_09;Mallorca
Día 47:;;N/A: ;Mahnher;cap.;;De Rotterdam en 47 días berg. hol. bol. Céros, capitan Mahnher, ton. 168 con viv., á los señores Runge, Balbien y comp.;hol.;Céros;berg.;1861_07_09;Rotterdam
Día 1:;;N/A: ;Theodory;cap.;;De Sierra-Morena en un día frag. amer. Peri, capitan Theodory, ton. 200, con miel, á los señores Mora y Alfonso.;amer.;Peri;frag.;1861_07_09;Sierra-Morena
Día 14:;;N/A:  | N/A: ;Cowney;cap.;;De Filadelfia en 14 días frag. am. Wenona, cap. Cowney, to. 310, con carbon al Sr. Cónsal americano.;am.;Wenona;frag.;1861_07_09;Filadelfia
Día 22:;;N/A:  | N/A:  | N/A: ;Coklin;cap.;;De New York en 22 días frag. am. Smithsonian, capitan Coklin, to. 399, con mercancías y víveres, al capitán.-Pas. 4.;am.;Smithsonian;frag.;1861_07_09;New York
Día 41:;;N/A: ;Henty;cap.;;De Londres en 41 días frag. ing. Brothers, cap. Henty, to. 379, en lastro, á los Sres. Fésser y cp.;ing.;Brothers;frag.;1861_07_09;Londres
;;N/A: ;Perez;cap.;;De Cayo-Huero vivero am. Rattr, cap. Perez, ton. 63, con pescado, á D. F. Marty.;am.;Rattr;vivero;1861_07_10;Cayo-Huero
Día 33:;;N/A: ;Morin;cap.;;Del Havre en 33 días frag. frant. Albert, cap. Morin, ton. 330, con ladrillos, á las Sres. Ruvée, Balbiani y coap.;frant.;Albert;frag.;1861_07_10;Havre
Día 15:;;N/A: ;Vessel;cop.;;De Filadelfia en 15 días berg. Jan. Minna, cop. Vessel, ton. 258, con carbon al cap.;;Jan. Minna;berg.;1861_07_10;Filadelfia
Día 20:;;N/A:  | N/A: ;Cook;cap.;;De New-York en 20 días gol. am. Dirigo, cap. Cook, ton. 313, con mercancías y vivires, á los Sres. Jimenez y Martínez.;am.;Dirigo;gol.;1861_07_10;New-York
Día 113:;;N/A: ;Wood;cap.;;De Canton y Santa Elena en 113 días frag. am. Leonidas, cap. Wood, ton. 635, en lestre, á los Sres. Caro y ep. - Conduce 275 asistícos.;am.;Leonidas;frag.;1861_07_10;Canton y Santa Elena
;;N/A: ;Williams;cap.;;De Cayo-Huero viv. viv. am. Cambridge, cap. Williams, ton. 18, con pescado, á D. F. Schnabelius y ep.;am.;Cambridge;viv.;1861_07_10;Cayo-Huero
Día 14:;;N/A: ;Arbev;cap.;;De Matamoros en 14 días pal. am. Andromeda, cap. Arbev, ton. 235, en lestre, al capitán.;am.;Andromeda;pal.;1861_07_10;Matamoros
;;;D. José Oreyro;comandante;;De la mar corbeta de S. M. Colon, comandante de fragata D. José Oreyro.;;Colon;corbeta;1861_07_10;
Día 12:;;N/A:  | N/A: ;Blanco;cap.;;De Sial en 12 días gol. esp. Cantinera Catalana, capitan Blanco, ton. 127, con maíz y arroz, á Don Santa Villaverde.;esp.;Cantinera Catalana;gol.;1861_07_12;Sial
Día 46:;;N/A: ;Pa-gás;cap.;;De Buenos Aires en 46 dias berg. esp. Juanit, cap. Pa-gás, ton. 214, con trabajo, al cap.;esp.;Juanit;berg.;1861_07_14;Buenos Aires
Día 43:;;N/A: ;Jolland;cap.;;De Dublin en 43 dias gol. inz. Madeira Pot, cap. Jolland, ton. 123, con carbon, á D. J. M. Morales y cp.;;Madeira Pot;gol.;1861_07_14;Dublin
Día 24:;;N/A: ;Len-nan;cap.;;De Boston en 24 dias berg. am. R. R. Haskins, cap. Len-nan, ton. 132, con bocoyas vacíos, al capitán.;am.;R. R. Haskins;berg.;1861_07_14;Boston
Día 47:;;N/A: ;Sagunto;cap.;;De Valencia en 47 dias berg. cap. Sagunto, cap. Roig, ton. 159, con frutos, á los Sres. Lianusa H.;;;berg.;1861_07_14;Valencia
Día 46:;;N/A: ;Goya;cap.;;De Santander en 46 dias berg. esp. Milagro, cap. Goya, ton. 197, con harina, á D. ft. Toca.;esp.;Milagro;berg.;1861_07_14;Santander
;;N/A: ;Page;cap.;;De Cayo-Huero viv. am. William Batty, cap. Page, ton. 33, con pescado á D. F. Mart.;am.;William Batty;am.;1861_07_14;Cayo-Huero
Día 53:;;N/A:  | N/A: ;Clements;cap.;;De New-Castle en 53 dias berg. ing. Alice Franklin, cap. Clements, ton. 300, con carbon, á la Compañía del Gas.;ing.;Alice Franklin;berg.;1861_07_14;New-Castle
Día 42:;;N/A: ;Johnston;cap.;;De Troon en 42 días frag. ing. Prípia Donna, capitán Johnston, ton. 293, con carbon, al cap.;ing.;Prípia Donna;frag.;1861_07_16;Troon
Día 42:;;N/A: ;Barceló;cap.;;De Mallorca y Cauarias en 42 días berg. esp. Penitativo, cap. Barceló, ton 211, con frutos, 5 los Sres. Rígal, D. y cp.;esp.;Penitativo;berg.;1861_07_16;Mallorca y Cauarias
Día 36:;;N/A: ;Creighton;cap.;;De Yarmouth en 36 días berg. log. Napier, cap. Creighton, ton. 150, con carbon, á los señores J. M. Morales y comp.;;Napier;berg.;1861_07_16;Yarmouth
Día 43:;;N/A: ;Sias;cap.;;De Mallorcas en 43 días pol. esp. Columbus, cap. Sias, ton 180, con frutos, á los Sres. Llauru y hermano.;esp.;Columbus;pol.;1861_07_16;Mallorcas
Día 12:;;N/A: ;Brooke;cap.;;De Filadelfia cu 12 días pail. amer. S. A. Douglas, cap. Brooke, ton. 30, con cabellas, al cap.;amer.;S. A. Douglas;pail.;1861_07_16;Filadelfia
Día 16:;;N/A: ;Miller;cap.;;De Filadelfia en 16 días frag. ing. am. A. J. Harvey, cap. Miller, ton, 195, con carbon al cap.;ing.;A. J. Harvey;frag.;1861_07_16;Filadelfia
Día 53:;;N/A:  | N/A:  | N/A: ;Bosch;cap.;15-07-XXXX;Julio 15.—De Mallorca, Mayagüez y Matanzas en 53 días pol. esp. Margarita, cap. Bosch, ton. 148, con frutos á los Sres Llanos y cp.;esp.;Margarita;pol.;1861_07_16;Mallorca, Mayagüez y Matanzas
Día 3:;null;;Forayt;cap.;null;De Nassau X. P. on 3 días frag. ing. Ann Heaton, capitan Forayt ton. 1840, en lastre, al capitan.;ing.;Ann Heaton;frag.;1861_07_16;Nassau
Día 43:;;N/A: ;Pujol;cap.;;De Liverpool en 43 días fragata española Tres Hermanos, cap. Pujol, ton. 428, con mercancías, á los Sres. Aqueche hermano.;española;Tres Hermanos;fragata;1861_07_16;Liverpool
Día 1:;;N/A:  | N/A:  | N/A: ;Perez;cap.;16-07-XXXX;Julio 16.-De Matanzas en 1 día berg. esp. Buen Consejo, cap. Perez. ton. 131, con efectos a D. J. Zolubeta y comp. De Nova York en 19 días berg. am. Ocean Wave, cap. James, ton 284, con mercancías, á los Sres. Ca. nzac H. De Card f en 46 días berg. ing. D. Isracli, cap. Harris, ts. 217, con carbon, al capitán.;esp.;Buen Consejo;berg.;1861_07_17;Matanzas
Día 23:;;N/A: ;Díaz;cap.;;De Tampico en 23 días pail. mejor no Eduardo, capitán Díaz, ton. 59, con maíz, el capitán. -Parag. 6.;;mejor no Eduardo;pail.;1861_07_17;Tampico
Día 26:;;N/A:  | N/A: ;Flint;cap.;;De New York en 26 días frag. ing. W. B. Dean, capitán Flint ton. 312, con adquines y heno, al capitán.;ing.;W. B. Dean;frag.;1861_07_17;New York
Día 33:;;N/A: ;Aroncena;cap.;;De Canarias y Matanzas en 33 días frag. esp. Gran Caquaria, cap. Aroncena, ton. 523, con frutos, á los Sres. Valencia, Cruz y ep. -Pasag. 6.;esp.;Gran Caquaria;frag.;1861_07_19;Canarias y Matanzas
Día 3:;;;D. José Carranza;c.;;De Santo Domingo en 3 días vap. de S. M. Velasco, comandante el teniente de navío D. José Carranza.;;S. M. Velasco;vap.;1861_07_19;Santo Domingo
Día 20:;;N/A: ;Kennedy;cap.;18-07-XXXX;Julio 18.-De St. Vincent (Cabo Verde) en 20 días frag. ing. Medway, cap. Kennedy, ton. 633, en lastre, al cap. ing. De la Orotava en 21 días berg. esp. Luisa, cap. García, ton. 213, con efectos, á los Sres. Valencia, Cruz y ep. -Pasag. 6.;ing.;Medway;frag.;1861_07_19;St. Vincent (Cabo Verde)
Día 33:;;N/A: ;Campo;cap.;;De Cádiz en 33 días berg. esp. Nuestra Señora del Cármen (a) Veloz, cap. Campo, tou. 131, con efectos, á los Sres. Rebuelta y comp.-Pasag. 1.;esp.;Nuestra Señora del Cármen (a) Veloz;berg.;1861_07_21;Cádiz
Día 123:;;N/A: ;Arsenal;cap.;;De Macao y St. Helena en 123 días frag. brm. F des. cap. Arsenal, ton. 650, en lastre, á los Srs. Ch. Caro y ep. Conduce 252 aastas.;brm.;F des.;frag.;1861_07_21;Macao y St. Helena
Día 41:;;N/A: ;Larrazabal;cp.;21-07-XXXX;Julio 21.- De Bilbao en 41 días berg. esp. Nuevo Sono- riano, cp. Larrazabal, tons. 210, con harinaa, á los señores D. J. Zulueta y C?;esp.;Nuevo Sonoriano;berg.;1861_07_23;Bilbao
Día 45:;;N/A:  | N/A: ;Bungochee;cap.;;De Liverpool en 45 dias berg. esp. Esperanza, cap. Bungochee, ton. 200 con ferretería y efectos, á los Sres. Galbraith y cp.;esp.;Esperanza;berg.;1861_07_23;Liverpool
Día 46:;;N/A: ;Bengoc- chea;cp.;;De Amberes en 46 días berg. esp. Ramon, cp. Bengoc- chea, tons. 165, con mercancías, á los Sres. Runque, Balbla- ni y C?;esp.;Ramon;berg.;1861_07_23;Amberes
;;N/A: ;Ited;cp.;;De Cayo-Hueco viv. amer. Welcom, cp. Ited, tons. 27, con pescado, á los Sres. D. P. Schnabelius y C?;;Welcom;amer.;1861_07_23;Cayo-Hueco
Día 7:;;N/A: ;Sirinbeck;cap.;;De Santa Cruz en 7 días berg. bremes Mazepa, capi- taun Sirinbeck. tons. 224, con frutos de la isla, á los señores Rottman y Flocker.-De arribada. por averías en el timon, y signo para Bremer.;bremes;Mazepa;berg.;1861_07_23;Santa Cruz
Día 4:;;N/A: ;Huéman;cp.;;De Santomas en 4 días vapor ingles Glyde, cp. Huéman, tons. 330, con efectos, al Sr. Cónsul inglés-Parag. 91.;ingles;Glyde;vapor;1861_07_23;Santomas
Día 28:;;N/A:  | N/A:  | N/A:  | N/A: ;Serle;cap.;;De Tenerife en 28 días berg. esp. Guanche, cap. Serle, tons. 224, con frutos, al capitan. Pasag. 8.;esp.;Guanche;berg.;1861_07_23;Tenerife
Día 37:;;N/A: ;Artesaga;cp.;;De Cayo-Hueco viv. amor. L. Dudley, cp. Artesaga, tone. 37, con pescado/á D. F. Martí.;;L. Dudley;;1861_07_23;Cayo-Hueco
Día 29:;;N/A: ;Dixon;cap.;21-07-XXXX;Julio 21 -- De Béton en 29 días frag. am. Bama Cushing cap. Dixon, ton. 204, con hielo. á los srec. Adot, S. y Compañía.;am.;Bama Cushing;frag.;1861_07_24;Béton
Día 21:;;N/A: ;Droyan;cp.;;De Filadelfia en 21 días berg. hol. Cornelia, cp. Droyan, ton. 129, con carbon el cap.;hol.;Cornelia;berg.;1861_07_24;Filadelfia
Día 41:;;N/A: ;Arriandiza;cap.;;De Sautander en 41 días bergantín español Pronto, capitán Arriandiza, ton. 246, con harina, a los señores Barbon y comp.;español;Pronto;bergantín;1861_07_25;Sautander
Día 52:;;N/A: ;L’ho-tellier;cap.;;De Cardiff en 52 bergantín francés Anglés, capitán L’ho-tellier, toneladas 183, con carbon a los señores Vignier y comp.;francés;Anglés;bergantín;1861_07_25;Cardiff
Día 51:;;;Elders;cap.;;De Londres en 51 días fragata inglesa Arabia, capitán Elders, toneladas 369, en la stre, a los señores Burnhaun y comp.;inglesa;Arabia;fragata;1861_07_25;Londres
Día 47:;;N/A: ;Fleming;cup.;;De Londres y la Barbada en 47 días fraz. ing. Woodcott cup. Fleming, ton. 473, en lastre, al cap.;ing.;Woodcott;fraz.;1861_07_25;Londres y la Barbada
Día 6:;;N/A:  | N/A: ;Cheeseman;cap.;;De Nueva-York en 6 días vap. am. 'Santiago de Cuba, cap. Cheeseman, ton. 1518, con efectos, al capitán —Pasageros 13;am.;Santiago de Cuba;vap.;1861_07_25;Nueva-York
Día 15:;;N/A: ;Andrew;esp.;;De Demerara en 15 días frag. ing. Suriman, esp. Andrew, ton. 497, en lastre, a los Sres. Zangroniz y cp.;ing.;Suriman;frag.;1861_07_25;Demerara
Día 41:;;N/A: ;Landeta;cap.;;De Santander en 41 días frag. esp. Juliana, cap. Landeta, ton. 250, con harina, a los Señores Gutierrez y Cai-val.;esp.;Juliana;frag.;1861_07_25;Santander
Día 55:;;N/A: ;Martin;ep.;;De Marsella en 55 días frag. franc. Amiral, ep. Martin, ton. 253, con ladrillos á los Sres. Fósser y ep.;franc.;Amiral;frag.;1861_07_26;Marsella
Día 13:;;N/A: ;Aillet;ep.;;De Santémas en 13 días berg. franc. Emile, ep. Aillet, ton. 115, en lastre á D. J. Campbell.;;franc. Emile;berg.;1861_07_26;Santémas
Día 37:;;N/A:  | N/A:  | N/A:  | N/A: ;Rey;cap.;;"- De Havre en 37 días frag. fran. Isard, cap. Rey, ts. 333; en la tre. á los Sres. Fécer y cp.";fran.;Isard;frag.;1861_07_27;Havre
Día 60:;;N/A: ;Maristany;cap.;;- De Buenos Aires y Matanzas en 60 días berg. esp. Bellerio, cap. Maristany, ton. 210, con tasajo, á los Sres. Sárn. S. y cp.;esp.;Bellerio;berg.;1861_07_27;Buenos Aires y Matanzas
Día 26:;;;;cap.;;De Veracruz en 26 días fragata francesa Gironde, capitan;francesa;Gironde;fragata;1861_07_28;Veracruz
Día 52:;;;capitan;cap.;;De Liverpool en 52 días fragata española Cármen, capitan;española;Cármen;fragata;1861_07_28;Liverpool
Día 48:;;;Andu-;cap.;;De Liverpool en 48 días berg. esp. Blorriano, cap. Andu-;esp.;Blorriano;berg.;1861_07_28;Liverpool
Día 15:;;;;cap.;;De Tampico en 15 días pail. Ingles Carrie Sanford, cap.;Ingles;Carrie Sanford;pail.;1861_07_28;Tampico
Día 39:;;N/A: ;Carreño;cap.;;De Giljon en 39 días berg esp. Pepo, cap. Carreño, ton.;esp.;Pepo;berg;1861_07_28;Giljon
Día 41:;;;Cielpi;cap.;;De Barcelona en 41 días gol. cap. Iria de Cuba' cap. Cielpi,;;Iria de Cuba;gol.;1861_07_28;Barcelona
Día 50:;;N/A: ;Betic;cap.;30-07-XXXX;Julio 30.—De Liverpool en 50 dias frag. ing. Jane Brown, cap. Betic, ton. 281, con carbon. à la Compañía del Gas.;ing.;Jane Brown;frag.;1861_07_31;Liverpool
Día 51:;;N/A: ;Pouvreux;cap.;;De Burdons en 51 dias frag. franc. Jeune Franco, cap. Pouvreux, ton 304, con efectos. à los Sres. Cajuzac II.;franc.;Jeune Franco;frag.;1861_07_31;Burdons
Día 37:;;N/A: ;Tor;cap.;01-08-XXXX;Agosto 1º.—De Málaga en 37 dias frag. cap. Fortuna e capitán Tor, tons. 297, con efectos, á los Sres. Samá, S. y Cª.;;Fortuna;frag.;1861_08_02;Málaga
Día 42:;;N/A: ;Palma;cap.;;De Barcelona en 42 dias frag. cap. Palma, cap. Mió tonelada 459, con efectos al capitán.—Pasag. 3.;;;frag.;1861_08_02;Barcelona
Día 15:;;N/A: ;Iylo;cap.;02-08-XXXX;Agosto 2—De Demerara en 13 días frag. ing. Archibald Mc Millan, cap. Iylo, ton. 494, en lastre al cap.;ing.;Archibald Mc Millan;frag.;1861_08_03;Demerara
Día 45:;;N/A: ;Lequinte;cap.;;De St. Nazaire en 45 días frag. franc. Nouvel Alfred, cap- pitan Lequinte, ton. 318, en lasire, á los señores Cahuzac Hermanos.;franc.;Nouvel Alfred;frag.;1861_08_03;St. Nazaire
Día 42:;;N/A: ;Fortin;cap.;;Del Havre en 42 días frag. franc. Constance, cap. Fortin, ton. 455, con carbon al cap.;franc.;Constance;frag.;1861_08_03;Havre
Día 33:;;N/A:  | N/A: ;Woysen;cap.;;Do Amberes en 33 días frag. belga Philotax, cap. Woysen, ton. 403, con ladrillos y bono, á los señores Rottman y Pinker.;belga;Philotax;frag.;1861_08_04;Amberes
;;N/A: ;Williams;cp.;;De Cayo Hueso viv. am. Cambridge, cp. Williams, ton. 12, com.pescado, á los Sres. Schnabelius y cp.;;Cambridge;am.;1861_08_07;Cayo Hueso
;;N/A: ;Streightorf;cap.;;De Cayo Hueso viv. am. L. Burrows, cap. Streightorf, tn. 25, con pescado, á Don F. Marty.;am.;L. Burrows;viv.;1861_08_07;Cayo Hueso
Día 34:;;N/A: ;Wade;cp.;;De Boston en 34 días berg. ing. Mistry, cp. Wade, ton. 125, con hilo al cap.;ing.;Mistry;berg.;1861_08_07;Boston
Día 57:;;N/A: ;Thoreen;cap.;;De Christiansund en 57 días gol. nor. Hermoder, capitan Thoreen, tn. 59, con baeziano, al cap.;nor.;Hermoder;gol.;1861_08_07;Christiansund
Día 13:;;N/A: ;Sutton;cp.;;De Filadelfia en 13 días gol. am. Sultan, cp. Sutton, ton. 269, con carbon, al Sr. Consul de los E. U.;am.;Sultan;gol.;1861_08_07;Filadelfia
Día 43:;;N/A: ;Nicolas ton.;cp.;;De Marcella en 43 días frag. franc. Conflance, cp. Nicolas ton. 329, en lastre, á los Sres. Cahuzac H.;franc.;Conflance;frag.;1861_08_07;Marcella
Día 53:;;N/A: ;Suvi-rach;cap.;;De Barcelona en 53 días frag. esp. Favorita, cap. Suvi-rach, tn. 680, con efectos, al Cap.-Pasag. 3.;esp.;Favorita;frag.;1861_08_07;Barcelona
Día 42:;;N/A: ;Goloschen;cp.;07-08-XXXX;Ago 7.—De Liverpool en 42 dias frag. esp. Legal, cp. Goloschen, ton. 315 con mercancías, al cap.;esp.;Legal;frag.;1861_08_08;Liverpool
Día 45:;;N/A: ;Antuñuzal;cap.;;De Barcelona en 45 dias frag. esp. Aurelia, cap. Antuñuzal, ton. 479, con frutos, á los Sres. Demestre y comp.—;esp.;Aurelia;frag.;1861_08_08;Barcelona
Día 10:;;N/A:  | N/A: ;Sanchez;cp.;;De Canarias, Gibara y Cárdenas en 10 dias borg. esp. San Miguel, cp. Sanchez, ton. 156, con frutos, á Don J Zulueta y comp.;esp.;San Miguel;borg.;1861_08_08;Canarias, Gibara y Cárdenas
Día 23:;;N/A: ;Carter;cap.;;De Boston en 23 dias paq. am. Fred Howell, cap. Carter, ton. 142, con efectos, á los Sres. Herrera y cp.;am.;Fred Howell;paq.;1861_08_08;Boston
Día 17:;;N/A: ;Neil;cap.;;De Trinidad en 17 dias frag. ing. Cora, cap. Neil, ton. 477, en lastre, á los Sres. P. Fisher.;ing.;Cora;frag.;1861_08_08;Trinidad
;;N/A: ;Berry;cap.;;De Cayo-Huso viv. gm. Neptune, cap. Berry, ton. 35, con pescado á los Sres. Schaabelius y cp.;;Neptune;gm.;1861_08_08;Cayo-Huso
Día 5:;;N/A: ;Lziro;cap.;;De Yucatan en 5 dias viv. mej. Justa, cap. Lziro, ton. 19, con pescado, al cap.;mej.;Justa;viv.;1861_08_08;Yucatan
;;N/A: ;Coe;cap.;;De Cayo-Hueso vivero am. State-man, cap. Coe, ton. 72, con pescado, á D. F. Schmabelius y comp.;am.;State-man;vivero;1861_08_08;Cayo-Hueso
Día 56:;;;Sust;cap.;;De Barcelona en 56 días frag. cap. Pequita, cp. Sust, ton.;;Pequita;frag.;1861_08_09;Barcelona
Día 33:;;;Rodriguez;cap.;;De Caiuz en 33 días berg. cap. Yucatan, cp. Rodriguez,;;Yucatan;berg.;1861_08_09;Caiuz
Día 44:;;;Fajiviers;cap.;;De Liverpool en 44 días frag. cap. Fajiviers, cp. Urriola, to-;;;frag.;1861_08_09;Liverpool
Día 39:;;;Eche-;cap.;;De Santander en 39 días berg. esp. Justita, cap. Eche-;esp.;Justita;berg.;1861_08_09;Santander
Día 42:;;;Mendico;cap.;;Del Havre en 42 días berg. esp. Susana, cap. Mendico-;esp.;Susana;berg.;1861_08_09;Havre
Día 39:;;;Augusto;cap.;;De Cádiz en 39 días berg. cap. Augusto, cap. Treviño, to-;;;berg.;1861_08_09;Cádiz
Día 63:;;;Guis-;cap.;;De Génova en 63 días berg. rando Francisco, cap. Guis-;;Francisco;berg.;1861_08_09;Génova
Día 15:;;;;;;De Tampico en 15 días pailebot mujicano Zorro Colora-;mujicano;Zorro Colora;pailebot;1861_08_09;Tampico
Día 8:;;;;;;De New-Orleans en 8 días pailebot ing. Major Har-;ing.;Major Har-;pailebot;1861_08_09;New-Orleans
Día 42:;;N/A: ;Penguem;cap.;;De Nantes en 42 días frag. franc. Canjam, cap. Penguem, ton. 359, en lastro, á los Sres. Fesser y comp.;franc.;Canjam;frag.;1861_08_11;Nantes
Día 51:;;N/A:  | N/A: ;Mc. Kirby;cap.;;De Liverpool en 51 días frag. ing. Wabler, cap. Mc. Kirby, ton. 760, con carbon y efectos, al capitán.;ing.;Wabler;frag.;1861_08_11;Liverpool
Día 34:;;N/A:  | N/A: ;Higzine;cap.;;De Boston en 34 días berg. ing. Onward, cap. Higzine, ton. 121, con maderas y piedras, al capitán.;ing.;Onward;berg.;1861_08_11;Boston
Día 41:;;N/A: ;Durand;cap.;;De Nantes en 41 días frag. franc. Orion, cap. Durand, toneladas 320, con ladrillos, á los Sres. Fesser y cp.;franc.;Orion;frag.;1861_08_11;Nantes
Día 40:;;N/A: ;Pous-in;cap.;;Del Havre en 40 días frag. franc. Nicolás, cap. Pous-in, ton. 44, con locetos, al capitán.;franc.;Nicolás;frag.;1861_08_11;Havre
Día 49:;;N/A: ;Trabanco;cp.;;De Santander en 49 días frag. esp. Rosario, cp. Trabanco, ton. 384, con harina, á los Sres. Sami, S. y cp.;esp.;Rosario;frag.;1861_08_13;Santander
;;N/A: ;Wilson Reag.;com.;;De Cayo-Huero pail. de los E. U. Nomparel', com. Wilson Reag. Pas. 4.;E. U.;Nomparel';pail.;1861_08_13;Cayo-Huero
Día 27:;;N/A: ;Harman;cp.;;De Philadelphi en 27 días frag. am. Hamilton, cp. Harman, ton. 187, con carbon, al cap.;am.;Hamilton;frag.;1861_08_13;Philadelphi
Día 57:;;N/A: ;Dotroyat;cap.;;De Burdos en 57 días frag. franc. Pisco, cap. Dotroyat, ton. 553, con ladrillos, á los Sres. Cuhuzac II.;franc.;Pisco;frag.;1861_08_13;Burdos
Día 15:;;N/A: ;Bros-deau;cap.;;De la Martínez en 15 días berg. franc. Dioma, cap. Bros-deau, ten. 148, en lastre, al cap.;franc.;Dioma;berg.;1861_08_13;la Martínez
Día 53:;;N/A: ;Anzutegui;cp.;;De Hamburgo en 53 días frag. esp. Perfects, cp. Anzutegui, ton. 217, con mercancías, al cap.;esp.;Perfects;frag.;1861_08_13;Hamburgo
Día 22:;;N/A: ;Gilroy;cp.;;De New-York en 22 días col. am. Cosmopolite, cp. Gilroy, ton. 56, con efecto, á los Sres. Mora y Alfonso.—Parage-ros.;am.;Cosmopolite;col.;1861_08_13;New-York
Día 34:;;N/A: ;Robillard;cap.;;De Dublin en 34 días frag. inz. Restless, cap. Robillard, ten. 315, con carbon, á D. J. M. Morales y comp.;;Restless;frag.;1861_08_13;Dublin
;;;D. Bernardino Malagamba;c.;;De la marg. de S. D. Isabel Francisco, comandando el teniente de navío D. Bernardino Malagamba.;;;;1861_08_13;S. D. Isabel Francisco
Día 46:;;N/A: ;Tomasi-no;cap.;;De Barcelona en 46 días frag. exp. Curra, cap. Tomasi-no, ton. 325, con frutos, á los Sres. Samá, S. y comp.—Pasajes 13.;;Curra;frag.;1861_08_14;Barcelona
Día 34:;;N/A:  | N/A:  | N/A: ;Page;cap.;;De Cayo-Hueco viv. am. William Batty cap. Page, to- neladas 33, con pescado, á los Sres. Schnabelius y cp. De Cádiz en 34 días frag. exp. Catalina, cap. Alvarez, to- neladas 162, con efectos, á los Sres. Peñasco, M. y cp.—Pasajes 5.;;William Batty;am.;1861_08_14;Cayo-Hueco
Día 30:;;N/A: ;Lopez;cap.;;De Cádiz en 30 días frag. exp. Vénus, cap. Lopez, ton. 137, con frutos, á los Sres. Peñasco, M. y comp.—Pasajes 4.;exp.;Vénus;frag.;1861_08_14;Cádiz
Día 44:;;N/A:  | N/A: ;Schrott;cp.;;De Rotterdam en 44 días berg. hol. Sirena, cp. Schrott, toleladas 178, con vivieres, á los señores S. C. Burnham y compañía.;hol.;Sirena;berg.;1861_08_14;Rotterdam
;;N/A: ;Chabert;cap.;;De Cayo-Hueso viv. am. Elisha Beckwitt, cap. Chabert, toneladas 25, con pescado, á los señores Schnabelius y compañía.;am.;Elisha Beckwitt;viv.;1861_08_16;Cayo-Hueso
Día 29:;;N/A: ;Gill;cap.;;De Tenerife en 29 días berg. cep. Victoria, capitán Gill, toneladas 269, con frutos, á los señores Camacho y compañía.;;cep. Victoria;berg.;1861_08_16;Tenerife
Día 45:;;N/A: ;Mora;cap.;;De Barcelona y Valencia en 45 días frag. esp. Josefa, cap. Mora, ton. 459, con frutos, á los Sres. Solá y Carbonell.;esp.;Josefa;frag.;1861_08_16;Barcelona y Valencia
Día 53:;;N/A: ;Fonts;cap.;;De Buenos Aires en 53 días berg. esp. Jóven Eduardo, cap. Fonts, ton. 210, con tassjo, á los Sres. Samá, Sotolongo y compañía.;esp.;Jóven Eduardo;berg.;1861_08_16;Buenos Aires
Día 47:;;N/A: ;Hou't;cap.;;De Ruan en 47 días frag. franc. Alfred et Mario, capitán Hou't, ton. 243, en lastre, á los Sres. Cabuzac H;franc.;Alfred et Mario;frag.;1861_08_18;Ruan
Día 13:;;N/A:  | N/A: ;Casariego;cap.;;De Sual on 13 días gol. esp. Cautinera Cat-lana capitan Casariego, ton. 127, con efecto y más, á D. S. Villa-verde.;esp.;Cautinera Cat-lana;gol.;1861_08_18;Sual
Día 53:;;N/A: ;Lemolino;cap.;18-08-XXXX;Agosto 18—De Marsella en 53 días frag. franc. St. Denis, cap. Lemolino, ton. 312, en lastre, al capitán.;franc.;St. Denis;frag.;1861_08_20;Marsella
Día 29:;;N/A: ;Mitchell;cap.;;De Hortland en 29 días frag. am. Cavada, cap. Mitchell, ton. 250, con maderas, a D. R. Morion y cp.;am.;Cavada;frag.;1861_08_20;Hortland
Día 65:;;N/A: ;Bidstrup;cap.;;De New-Castle en 65 días gl. dan Hygga, cap. Bidstrup, ton. 168, con carbón, á la Compañía del gas.;dan;Hygga;gl.;1861_08_20;New-Castle
Día 49:;;N/A: ;Gatter;cap.;;De Bilbao en 49 días btrg. exp. Immaculada, cap. Gatter, ton. 123, con hering, á los Sres. San Peleyo, P. y cp.;exp.;Immaculada;btrg.;1861_08_20;Bilbao
;;N/A: ;Adams;cap.;;De Cay Hueso viv. am. Belleofthe Cape, cap. Adams, ton. 33, con pescado. á D. P. Schanabellus y cp.;;Belleofthe Cape;am.;1861_08_20;Cay Hueso
;;N/A: ;Bennett;cap.;;De Cay Hueso viv. am. Wye: cap. Bennett, ton. 52, con pescado, á D. F. Schanabellus y cp.;am.;Wye;viv.;1861_08_20;Cay Hueso
;;N/A: ;Reid;cap.;;De Cay Hueso viv. am. Welcome, cap. Reid, ton. 27, con pescado, al capitán.;am.;Welcome;viv.;1861_08_20;Cay Hueso
Día 6:;;;D. Carlos del Camino;cap.;;De Santo Domingo y Cuba en 6 días vap. de S. M. Isabel la Católica, comandante el Sr. Capitán don navío D. Carlos del Camino. Conduce al Sr. Capitán do navío D. Carlos del Camino. Sr. Gobernador Capitán General de esta Isla con sus ayudantes y Plana Mayor.;;S. M. Isabel la Católica;vap.;1861_08_20;Santo Domingo y Cuba
Día 21:;;N/A: ;Vance;cap.;;De Filadelfia en 21 días paíl. am. Fannie, cap. Vance, ton. 197, con mercancías, á D. F. (Gobernador).;am.;Fannie;paíl.;1861_08_20;Filadelfia
Día 16:;;N/A: ;Bryant;cap.;;De New-York en 16 días frag. am. Virgin's Aun, capitán Bryant, ton. 250, comerciarias, á los Sres. Rottman y Fincker.;am.;Virgin's Aun;frag.;1861_08_20;New-York
Día 8:;null;N/A:  | N/A: ;Brown;cap.;23-08-2023;Agosto 23: De Cayo Huero viv. amer. G. W. Chipman, cap. Aromao, ton. 49, con pescado, á D. F. Marty. cap. De Portland en 8 días berg. am. Lauretta, capit. Brown. ton. 180, con maderas, al capitán.;am.;Lauretta;berg.;1861_08_21;Cayo Huero
Día 40:;;N/A: ;Jauso- ro. 222;cap.;;De San Andrés 40 días berg. cap. Victoria, cap. Jauso- ro. 222, con harina, á los Sres. Samá, S. y cp.;;cap. Victoria;berg.;1861_08_21;San Andrés
Día 43:;;;Ronquier;cap.;;De Marsella en 43 días frag. fran. Clovis, cap. Ronquier, ts. 674, en Istre, á los Sres. D. J. M. Morales y cp.;fran.;Clovis;frag.;1861_08_21;Marsella
Día 132:;;N/A:  | N/A: ;Mackensie;cap.;;De Calcuta en 132 días frag. inglesa Stag, cap. Mackensie, ts. 269, con arroz, al capi. au.;inglesa;Stag;frag.;1861_08_21;Calcuta
Día 45:;;N/A: ;Pírdad;cap.;;De Bilbao en 45 días berg. cap. Pírdad, cap. Garay, ts. 160, con harina, á los Sres. Zulueta y cp.;;;berg.;1861_08_21;Bilbao
Día 40:;;;Me. Millan;cap.;;De Londres en 40 días frag. ing. ing. John Ferzuson, cap. Me. Millan, ts. 499, en Istre, al capitán.;ing.;John Ferzuson;frag.;1861_08_21;Londres
Día 10:;;N/A: ;Fletcher;cap.;;De Dummera en 10 dias frag. inc. Torunner. capitan Fletcher. ton. 558, en lastre, á los Sres. Scharfenberg, T. y cp.;;Torunner;frag.;1861_08_22;Dummera
Día 20:;;N/A:  | N/A: ;Bradg.;cap.;;De Portland en 20 dias frag. am. Theodoro Curtis, cap. Bradg. 270, con maderas, al cap. Trent, cap. Moir, ton. 1235, con efectos, al señor Consul inglés.—Pasajes-ros 31.;am.;Theodoro Curtis;frag.;1861_08_22;Portland
Día 5:;;N/A: ;Moir;cap.;;De Santó in 5 dias cap. log. Trent, cap. Moir, ton. 1235, con efectos, al señor Consul inglés.—Pasajes-ros 31.;ing.;Trent;;1861_08_22;Santó
Día 22:;;N/A: ;Prots;cap.;;De New-Yor. en 22 dias frag. brumesa Clara, capitan Prots, ton. 455, el lastre, á los Sres. Rottman y Finker.;brumesa;Clara;frag.;1861_08_22;New-Yor
Día 42:;;N/A: ;Ploming;cap.;;De New-Port 6 42 dias frag. ing. Maid of the Perth, cap. Ploming, ton. 103, con carriles, al cap. Rottman y Finker.;ing.;Maid of the Perth;frag.;1861_08_22;New-Port
Día 44:;;N/A: ;Pages;cap.;;De Marsella en 44 dias frag. franc. Rocher do St. Malo, cap. Pages, ton. 250, con lastre, á los Sres. Rottman y Finker.;franc.;Rocher do St. Malo;frag.;1861_08_22;Marsella
Día 14:;;N/A: ;Sundberg;cap.;;De New-York en 14 dias frag. am. Express, cap. Sundberg, ton. 237, con mercancías, 4 D. J. M. Morales y cp.;am.;Express;frag.;1861_08_22;New-York
Día 34:;;N/A: ;Paulita;cap.;;De Cádiz en 34 dias berg. cap. Paulita, cap. Ferrandiz, ipn. 148, con tratos, á los Sres. Sama, S. y cp.;;;berg.;1861_08_22;Cádiz
Día 47:;;N/A: ;Christie;cap.;;De Christianand en 47 dias berg. norneg. Foraldro. Christie, cap. Olaviz, ton. 168, con bacalao, á D. J. Zuluetta.;norneg.;Foraldro;berg.;1861_08_22;Christianand
;;N/A: ;González;cap.;;De Cayo-Hueso viv. am. Northern Light, cap. González, con pescado á los Sres. Schnabelius y cp.;am.;Northern Light;viv.;1861_08_23;Cayo-Hueso
Día 55:;;N/A: ;Harraran;cap.;;De Copenhazuo en 55 días frag. belga Bourse d'Anvers, cap. Harraran, ton. 232, en la 23, á los Sres. R. Meort y cp.;belga;Bourse d'Anvers;frag.;1861_08_23;Copenhazuo
Día 33:;;N/A: ;Hiley;cap.;;De Portland en 33 días berg. am. P. R. Curtis, cap. Hiley, ton. 258, con maderas, á los Sres. C. P. Fisher.;am.;P. R. Curtis;berg.;1861_08_23;Portland
Día 47:;;N/A:  | N/A: ;Patterson;cap.;;De Liverpool en 47 días frag. ing. Elizabeth, cap. Patterson, ton. 311, con carbón, á la compañía de gas.;ing.;Elizabeth;frag.;1861_08_23;Liverpool
Día 51:;;N/A: ;Baones;cap.;;De Santander en 51 dias berg. esp. Tres Hermanos, cap. Baones, te. 176, con harina, á los Sres. San Pelayo P. y cp.;esp.;Tres Hermanos;berg.;1861_08_24;Santander
Día 36:;;N/A:  | N/A: ;Rosas;cap.;;De Canarias y Cárdenas en 36 dias frag. esp. Rosa Palmera, cap. Rosas, ta. 302, con efectos, á los Sres. Zulueta y cp.—Pasag. 32.;esp.;Rosa Palmera;frag.;1861_08_24;Canarias y Cárdenas
Día 51:;;N/A: ;Suet;cap.;;De Barcelona y Valencia en 51 dias frag. esp. Integridad, cap. Suet, ta. 401, con frutos, á los Sres. D. J. M. Morales y cp.;esp.;Integridad;frag.;1861_08_24;Barcelona y Valencia
;;;Moir;cap.;;De arribada por averías en la máquina vap. ing. Treut, cap. Moir, que salió anoche para Veracruz.;ing.;Treut;vap.;1861_08_24;
Día 51:;;N/A: ;Ursquine;cap.;;De Boston en 51 dias frag. am. Junius, cap. Ursquine, toneladas 447, con hielo, al capitan.;am.;Junius;frag.;1861_08_24;Boston
Día 63:;;N/A: ;Ferrer;cap.;;De Barcelona y Valencia en 63 dias frag. esp. Joven Enrique, cap. Ferrer, ton. 195, con efectos, á los Sres. Rigal, D. y cp.;esp.;Joven Enrique;frag.;1861_08_24;Barcelona y Valencia
Día 13:;;N/A: ;Ponce;cap.;24-08-XXXX;Agosto 24-De Cuba en 13 dias frag. esp. Manuela, cap. Ponce, ton. 276, con cafe, a los Sres. Puliasco, Maran y compa.;esp.;Manuela;frag.;1861_08_25;Cuba
Día 16:;;N/A:  | N/A: ;Sorlie;cap.;;De Demerara en 16 dias frag. ing. Trinidad, cap. Sorlie, ton. 534, en lastro, a D. I. M. Zangroniz y cp.;ing.;Trinidad;frag.;1861_08_25;Demerara
Día 43:;;N/A: ;Zimmerman;cap.;;De Liverpool en 43 dias frag. prus. Lisette, cap. Zimmerman, ton. 269, con carbon, al cap.;prus.;Lisette;frag.;1861_08_25;Liverpool
Día 60:;;N/A: ;Baudrich;cap.;;De Buenos Aires en 60 días berg. esp. Julio, cap. Baudrich, ton. 236, con tasajo, á los señores Samá, Sotolongo y Cp.;esp.;Julio;berg.;1861_08_27;Buenos Aires
Día 29:;;N/A:  | N/A: ;Gordia;cap.;;De Cádiz en 29 días franz. esp. América, cap. Gordia, ton. 602, en listre á los Sren. Troncoso y cp. Pasag. 1 y 276 de tropa.;esp.;América;franz.;1861_08_27;Cádiz
Día 27:;;N/A: ;Boe;cap.;;Agosto 27—Do Alesund en 53 días berg. noruego Louise cap. 'Boe, ton 162, con bacalao, D. L. G. Barbon;noruego;Louise;berg.;1861_08_28;Alesund
;;;D. Ignacio Gomez Quijano;c.;;De la mar gol. de S. M. Cristina, comandante el teniente de navio D. Ignacio Gomez Quijano.;;S. M. Cristina;gol.;1861_08_28;
Día 8:;;N/A: ;Figueroa;cap.;;De Trinidad en 8 días pol. esp. Diamante, cap. Figueroa, ton. 70, en lastre, á los Sres. Pedasco, M. y cp.;esp.;Diamante;pol.;1861_08_29;Trinidad
Día 1:;;N/A:  | N/A: ;Weir;cap.;;De Cayo-Hueco en 1 día vap. am. Salvador, cap. Weir, ton. 450, en lastre, á D. S. C. Burnham y cp.—Pasag. 4.;am.;Salvador;vap.;1861_08_29;Cayo-Hueco
Día 6:;;N/A: ;Hoff;cap.;;De Troundjen en 6 días frag. nor. Thotis, cap. Hoff, ton. 200, con bocalao, al capitán.;nor.;Thotis;frag.;1861_08_29;Troundjen
Día 42:;;N/A: ;Arrotegui;cap.;29-08-XXXX;Agosto 29.—De Liverpool en 42 días berg. esp. Don Juan, cap. Arrotegui, ton. 218, con mercancías, á dou R. Blan-;esp.;Don Juan;berg.;1861_08_30;Liverpool
Día 35:;;;;cap.;;De Boston en 35 días paillebot americano St. Mary, capi-;americano;St. Mary;paillebot;1861_08_30;Boston
Día 44:;;;capitan;cap.;;De San Sebastián en 44 días berg. esp. Intrépido, capitan;esp.;Intrépido;berg.;1861_08_30;San Sebastián
;;;;comandante;;De Nassau (N.-P.) berg. de S. M. B. Georgine, comandante;;Georgine;berg.;1861_08_30;Nassau
Día 50:;;;Fabrique;cap.;;De Marsella en 50 días frag. franc. Paulin, cap. Fabrique,;franc.;Paulin;frag.;1861_08_30;Marsella
Día 49:;;;Codinat;cap.;;De Barcelona en 49 días berg. esp. Mazin, cap. Codinat,;esp.;Mazin;berg.;1861_08_30;Barcelona
Día 30:;;N/A: ;Marrero;cap.;;Aposto 30.—De Alcante y Matanzas en 37 días berg. esp. Amilia. cap. Marrero, ts. 214, con frutos, á los Sres. Valencia. C. y ep.—Pasag. 9.;esp.;Amilia;berg.;1861_08_31;Alicante y Matanzas
Día 20:;;N/A:  | N/A: ;Nadal;cap.;;De Colon en 20 días frz. fran. Sta. Marie, cap. Nadal, ts. 175, con cacao y efectos, á los Sres. Vignier. R. y cp.;fran.;Sta. Marie;frz.;1861_08_31;Colon
Día 29:;;N/A: ;Gage;cap.;;De New-Bern en 29 días pail. iug. Robert Peel, cap. Gage, ts. 150, con arroz, al Cap.;iug.;Robert Peel;pail.;1861_08_31;New-Bern
Día 40:;;N/A:  | N/A: ;Areste;cap.;;De la corona en 40 días berg. esp. Galgo, cap. Areste, ts. 172, con frutos, á D. F. Carricarte.—Pasag. 192 de ellos 97 de tropa.;esp.;Galgo;berg.;1861_08_31;la corona
Día 53:;;N/A: ;Cob;cap.;12-09-XXXX;Septiembre 12—De Valencia y Matanzas en 53 días berg. esp. Cid. cap. Cob. no. ton. 235, con efectos, á los Sres. Sámas S. rep.;esp.;Cid;berg.;1861_09_03;Valencia y Matanzas
Día 52:;;N/A:  | N/A: ;Weber;cap.;;De Swansea en 52 días frag. 1mg. Ella, cap. Weber, con carbon. & P. J. Crawford.;;Ella;frag.;1861_09_03;Swansea
Día 44:;;N/A:  | N/A: ;Caileo;cap.;;De Santander en 44 días berg. esp. Tita, cap. Caileo, ton. 229 con barina á D. l. G. Barhon —Pasaje. 3.;esp.;Tita;berg.;1861_09_03;Santander
Día 31:;;N/A:  | N/A: ;Guerra;cap.;02-09-XXXX;Septiembre 2—De Córdoba en 31 días berg. esp. Concepción, cap. Guerra, ton. 134 con efectos, á los Sres. Pedraco M. y cp. Pasaje 1 oficial con 31 de tropas.;esp.;Concepción;berg.;1861_09_03;Córdoba
Día 53:;;N/A:  | N/A: ;Orinachea ton. 159;cap.;;De San Sebastián en 53 días berg. cap. Nueva Cármen- cia, capitán Orinachea ton. 159, con harina, & D. R. To- cia. 10.;;Nueva Cármen- cia;berg.;1861_09_04;San Sebastián
;;N/A:  | N/A: ;Hempstead;cap.;;De Cayo-Huco viv. ain. Ociita, cap. Hempstead, ton. 41, con pescado & D. F. Marty.-Págs. 2.;;Ociita;;1861_09_04;Cayo-Huco
Día 2:;;N/A:  | N/A: ;Olephant;cap.;;De Cayo-Huevo en 2 dias berg. ing. Nahum Stetson, capitan Olephant, tons. 177, en lastre, al capitan.—Pasage-013.;ing.;Nahum Stetson;berg.;1861_09_05;Cayo-Huevo
Día 36:;;N/A:  | N/A: ;Coombs;cap.;;De Liverpool on 36 dias frag. amer. P. R. Hazeltine, capitan Coombs, tm. 393, á los Srea. Wooney ycp.—Pasage-01.;amer.;P. R. Hazeltine;frag.;1861_09_05;Liverpool
Día 44:;;N/A: ;Roddie;cap.;;De Rio Janeiro en 44 dias frag. ing. Gem of the Nith, cap. Roddie, ton. 336, en lastre, al cap.;ing.;Gem of the Nith;frag.;1861_09_05;Rio Janeiro
Día 57:;;N/A:  | N/A: ;Haut-bois;cap.;;Dl Havre en 57 días frag. franc. Occident. cap. Haut-bois, ton. 239, en lastre. á D. J. M. Morales y comp.;franc.;Occident;frag.;1861_09_07;Havre
Día 46:;;N/A: ;Cord-nar;cap.;;De Granville en 46 días berg. fran. L'Alestro, cap. Cord-nar, ton. 205, en lastre. á D. J. M. Morales y comp.;fran.;L'Alestro;berg.;1861_09_07;Granville
Día 77:;;N/A: ;D. J. Meck;ton.;;De Dundee en 77 días frag. ing. Champion y Comp. ton. 222, con carbon, á D. J. Meck y comp.;ing.;Champion y Comp.;frag.;1861_09_07;Dundee
;;N/A: ;Johnson;cap.;;De Cayo-Huero viv. am. Princess. cap. Johnson, ton. 25, con pescado á los Sres. Schnabelius y cp.;;Princess;am.;1861_09_08;Cayo-Huero
Día 4:;;N/A: ;Leed;cap.;;De S. Thomas en 4 días vap. Ing. Solent. cap. Leed, ton. 1133, en lastre, al Sr. Consul Inglés.;Ing.;Solent;vap.;1861_09_08;S. Thomas
;;N/A: ;Armas;cap.;;De Cayo-Huesso viv. am. Jede Plukoy, cap. Armas, ton. 36, con pescado á D. F. Narty.;am.;Jede Plukoy;viv.;1861_09_08;Cayo-Huesso
Día 9:;;N/A:  | N/A: ;Tizon;cap.;;De Veracruz, Sial y Mariel en 9 días vap. cap. Union, cap. Tizon. ton. 400, con efectos, á los rederos. Bustamente lt. y cp -Pas. 24.;;Union;vap.;1861_09_08;Veracruz, Sial y Mariel
Día 14:;;N/A: ;Blarres;cap.;;De St. Pierre (Martínica) (cn 14 días frag. franc. Holliver, cap. Blarres, ton. 333, con carbon, á los Señores Cahuzar Herm.;franc.;Holliver;frag.;1861_09_08;St. Pierre (Martínica)
Día 63:;;N/A:  | N/A:  | N/A: ;Laduturo;cap.;;De Liverpool, Cárdenas y Matuozas en 63 días berg. esp. Torre de Oro, cap. Laduturo, ton. 340, en lastre, á D. J. M. Morales y cp.;esp.;Torre de Oro;berg.;1861_09_08;Liverpool
Día 27:;;N/A: ;Ar-tega;cap.;;De Portland en 27 días berg. esp. Juana Terera, cap. Ar-tega, ton. 130, con maderas, á los Sres. Tallería y cp.;esp.;Juana Terera;berg.;1861_09_08;Portland
Día 54:;;N/A: ;Casabolla;cap.;08-09-XXXX;Setiembre 8.—Do Barcelona en 54 días frag. esp. Maipí, cap. Casabolla, tou. 4°2, con frutos, á los Sres. Samá, S. y cp.—Paa 6.;esp.;Maipí;frag.;1861_09_10;Barcelona
Día 52:;;N/A: ;Wilson;cap.;09-09-XXXX;Setiembre 9.—De Cayó-Huaso pail. de los Estados-Unidos Namparel, comandante Mr. Wilson. Del Havre en 52 días berg. o.p. Dolores Norherts., cap. Albizuri, ton. 140, con mercancías, á los Sres. Ch. Caro y Cª.;Estados-Unidos;Namparel;berg.;1861_09_10;Cayó-Huaso
Día 13:;;N/A: ;Penington;cap.;;De Nueva-Orleans en 13 días gol. ing. J. H. Toone, cap. Penington, ton. 145, con víveres, al cap.—Paa 3.;ing.;J. H. Toone;gol.;1861_09_10;Nueva-Orleans
Día 40:;;N/A:  | N/A:  | N/A: ;Casilda;cap.;;De Cádiz en 40 días frag. cap. Casilda, ep. Collazo, toneladas 202, con frutos, á los Sres. Samá, S. y Cpª.—Paa 3, 3 oficiales con 146 individuos de tropa.;;;frag.;1861_09_10;Cádiz
Día 3:;;N/A: ;Caprira;cap.;;De Gibara en 3 días berg. esp. Concha, cap. Caprira, ton. 123, con tabaco, al capitan.;esp.;Concha;berg.;1861_09_10;Gibara
Día 52:;;N/A:  | N/A:  | N/A: ;Vorrigo;cap.;;De Marolla en 52 días frag. franc. Rhone, cap. Vorrigo, ton. 277, en lastro, por los Sres. Schmith y Stern.;franc.;Rhone;frag.;1861_09_12;Marolla
;;N/A: ;Cole;cap.;;De Cayo-Hueso vir. am. Statesman, cap. Cole, ton. 37, con pescado, al capitán.;am.;Statesman;vir.;1861_09_12;Cayo-Hueso
Día 47:;;;D. Alejandro Rodríguez;c.;;De Cadiz y Samaná en 47 días frag. transporte de S. M. Santa María, comandante el teniente de navío D. Alejandro Rodríguez.;;transporte de S. M. Santa María;frag.;1861_09_12;Cadiz y Samaná
Día 44:;;N/A: ;Rabel;cap.;;De St. Nazal en 44 días frag. franc. Junon, cap. Rabel, ton. 378, en lastro, al capitán.;franc.;Junon;frag.;1861_09_12;St. Nazal
;;;D. José Lozano;cap.;;De la mar frag. de S. M. Petronilla, comandante el señor capitán de navío D. José Lozano.;;S. M. Petronilla;frag.;1861_09_12;
Día 66:;;N/A: ;Villa;cap.;;De Bremen en 66 días berg. esp. Higinia, cap. Villa, ts. 104, con mercancías, á los Sres. Scharfenberg, T. y comp.;esp.;Higinia;berg.;1861_09_13;Bremen
Día 33:;;N/A: ;Pega ts.;cap.;;De Cayo-Hueso vivero am. William Batty, cap. Pega ts. 33, con pescado, á D. F. Marty.;am.;William Batty;vivero;1861_09_13;Cayo-Hueso
;;N/A: ;Stroeltorf;cap.;;De Cayo-Hueso viv. am. Lemuel Burrows, cap. Stroeltorf, ton. 25, con pescado, al capitán.;am.;Lemuel Burrows;viv.;1861_09_13;Cayo-Hueso
Día 11:;;N/A: ;Farrucha;cap.;;De Cuba en 11 días berg. esp. Nieves, cap. Farrucha, ta. 105, con café, á don L. L. G. Harbon.;esp.;Nieves;berg.;1861_09_13;Cuba
Día 90:;;N/A: ;Williams;cap.;;De Boston en 90 días berg. am. Susan Duncan, cap. Williams, ton. 141, con mercancías, al capitán.;am.;Susan Duncan;berg.;1861_09_13;Boston
Día 74:;;N/A: ;Meurao;cap.;;De Liverpool y Weymouth en 74 días berg. esp. Tomás, caq. Meurao, ton. 244, con mercancías, á los Sres. Herrera, B y comp.;esp.;Tomás;berg.;1861_09_13;Liverpool y Weymouth
Día 17:;;N/A:  | N/A: ;Bihner;cap.;;De Portland en 17 días frag. am. Albion Lincoln, capitán Bihner, ton. 207, comandares y papas, á D. J. M. Morales y comp.;am.;Albion Lincoln;frag.;1861_09_14;Portland
Día 37:;;N/A:  | N/A: ;Muño;cap.;;De Málaga y Pto.—Rico en 37 días berg. emp. Paco Hernández, cap. Muño, ts 221. con frutos, & los Sres. Peñasco, M. y cp. Pasag. 3 y 124 individuos de tropa.;;Paco Hernández;berg.;1861_09_15;Málaga y Pto.—Rico
Día 64:;;N/A: ;Ojínaga;cap.;;De Christiansund en 64 días berg. emp. Joven José, cap. Ojínaga, ts 150, con balealos, al Cap.;;Joven José;berg.;1861_09_15;Christiansund
Día 34:;;N/A:  | N/A: ;Allen;cap.;;De Machias en 34 días berg. am. Centaur, cap. Allen, ts 220, con maderas, & los Sres. Adot. S. y cp.;am.;Centaur;berg.;1861_09_15;Machias
Día 27:;XX-09-XXXX;N/A: ;Dominguez;cap.;15-09-XXXX;Septiembre 15-De Cuba en 12 días pol. osp. Primera de Algeciras, cap. Dominguez, con café, á las Sres. Peñasco, M. y comp.;osp.;Primera de Algeciras;pol.;1861_09_17;Cuba
Día 55:;;N/A: ;Husman;cap.;;De Rio Janeiro en 55 días frag. brem. Doda, cap. Husman, ton. 288, con café, al capitán.;brem.;Doda;frag.;1861_09_17;Rio Janeiro
Día 3:;;N/A:  | N/A: ;Gladding;cap.;;De Nassau (N. P.) con 3 días pall. ing. Parliament, cap. Gladding, tou. 116, con arroz 4. D. M. Herrera y comp. Septiembre 16-De Cayo-Huasco vir. am. Lennell Dudley, cap. Arceaga, ton. 36, con pescado, al capitán —Pasaj. 4.;ing.;Parliament;pall.;1861_09_17;Nassau (N. P.)
;;N/A: ;Perez;cap.;;De Cayo-Huasco vir. am. Rattler, cap. Perez, ton. 60, con pescado al cap.;am.;Rattler;vir.;1861_09_17;Cayo-Huasco
Día 56:;;N/A: ;Pichot;cap.;;1 el Havre en 56 días frag. fran. Porrere, cap. Pichot, ton. 790, en lastre, á los Sres. Tchafonberg, T. y Comp.;fran.;Porrere;frag.;1861_09_17;Havre
;;;D. Ramon Blardar;c.;;De la mar vapor de S. M. Neptuno, comandante el teniente navío D. Ramon Blardar.;S. M.;Neptuno;vapor;1861_09_17;
;;;D. Adolfo Navarro;c.;;De la mar vapor de S. M. Guadalquivir, comandante el teniente navío D. Adolfo Navarro.;S. M.;Guadalquivir;vapor;1861_09_17;la mar
Día 42:;;N/A:  | N/A:  | N/A: ;Valparaiso;cap.;;De Barcelona en 42 días frag. cap. Valparaiso, cap. Salas, ton. 63, en lastre á D. C. Caro y cp. —Pasag. 5.;;;frag.;1861_09_17;Barcelona
Día 37:;;N/A:  | N/A:  | N/A: ;Francaech;cap.;;De Santander en 37 días frag. cap. Polar, cap. Francaech, ton. 288, con barina, á los Sres. Canet y Garbalena, pasaje- 101 y 144 individuos de tropa.;;Polar;frag.;1861_09_18;Santander
Día 55:;;N/A: ;Arriaga;cap.;;De Bilbao en 55 días berg. cap. Deseo, capitán Arriaga, ton. 190, con efectos, á los Sres. Rígal, D. y comp.;;Deseo;berg.;1861_09_18;Bilbao
Día 16:;;;Eddy;cap.;;De Bristol en 16 días berg. am. Crotton, cap. Eddy, ton.;am.;Crotton;berg.;1861_09_19;Bristol
;;;Chabett;cap.;;De Cayo-Hueco viv. am. Elisa Beckwith, cap. Chabett,;am.;Elisa Beckwith;viv.;1861_09_19;Cayo-Hueco
;;;Gonzalez;cap.;;De Cayo-Hueco viv. am. Northern Light, cap. Gonzalez,;am.;Northern Light;viv.;1861_09_19;Cayo-Hueco
Día 52:;;N/A: ;Carlo too;cap.;;Del Havre en 52 días frag. franc. St. Andre, cap. Carlo too. 2-47, en lacre, al capitan;franc.;St. Andre;frag.;1861_09_21;Havre
Día 5:;;N/A:  | N/A: ;Mór;cap.;22-09-XXXX;Setiembre 22.-Do Santómas en 5 días vap. ing. Trent. cap. Mór, (s. 1.236, con efectos, al Sr. Cónsul inglés.-Pa-sig. 71.;ing.;Trent;vap.;1861_09_24;Do Santómas
Día 70:;;N/A: ;Bastar-rechec;cap.;;De Amberes en 70 días berg. esp. Juanito. cap. Bastar-rechec, (a. 200, con mercacués, á los Sres. Moert y compa-nía.;esp.;Juanito;berg.;1861_09_24;Amberes
Día 15:;;N/A: ;Thom-án;cap.;;De N. York en 15 días pail. am. A. B. Terry, cap. Thom-án, (s. 143 con efectos, á los Sres. Ulrricí y Barroso.;am.;A. B. Terry;pail.;1861_09_24;N. York
;;;Caldwell Erqr.;comandante;;De Veracruz frag. de hélice de S. M. B. Murce, comandante Caldwell Erqr.;;S. M. B. Murce;frag.;1861_09_24;Veracruz
Día 55:;;N/A: ;Lomai-tre;cap.;;De New-York en 55 días frag. franc. Jason, cap. Lomai-tre, ton 552 con carbon, á los Sres. Fesser y cp.;franc.;Jason;frag.;1861_09_24;New-York
Día 20:;;N/A: ;York;cap.;;De Filadelfia en 20 días pail. am. Evel'no cap. York, ton 162, con efectos, á D. J. R. Marquíti.;am.;Evel'no;pail.;1861_09_24;Filadelfia
Día 4:;;N/A: ;Barbar;cap.;;De Copenhague en 4 días frag. dan. Birgitte Melchior, cap. Barbar, ton. 560, con carbon, álos Sres. Runge, B. y compañía.;dan.;Birgitte Melchior;frag.;1861_09_25;Copenhague
Día 1:;;N/A: ;Mangaloua;cap.;;De Cárdenas en 1 día berg. esp. Jóven Gavina, capitán Mangaloua, en 122, con azúcar, a los señores Vignier, R. y comp.;esp.;Jóven Gavina;berg.;1861_09_25;Cárdenas
Día 67:;;N/A:  | N/A: ;Blechler;cap.;;De Amberes en 67 días frag. prus. Claudia, cap. Blechler, ton. 332, con heno y efectos, a los Sres. Meert y cp.;prus.;Claudia;frag.;1861_09_25;Amberes
Día 21:;;N/A: ;Cartep;cap.;;De Baltimore en 21 días berg ing. Rosewy Belle, capit. Cartep, ton. 191, con efectos á D. N. J. Gomoz y comp. De la mer vapor de S. M. Bazo, comandante el teniente de ravo D. Rafael Aragon.;ing.;Rosewy Belle;berg;1861_09_26;Baltimore
Día 44:;;N/A:  | N/A: ;Resco;cap.;;De Santander en 44 días berg. cup. Pizarro cap. Resco, ton. 183, con harina á los Sres. Sami, S y comp.;cup.;Pizarro;berg.;1861_09_26;Santander
Día 44:;;N/A:  | N/A: ;Dium;cap.;;De Liverpool on 44 días frag. ing. Kate Watr, cap. Dium, ton. 580, con efectos, 6 los Sres. Adot, S. y comp.;ing.;Kate Watr;frag.;1861_09_26;Liverpool
Día 51:;;N/A: ;David;cap.;;De St. Nazaire 66 51 días frag. franc. Junno Marie, cap. David, ton. 208 con efectos, á los Sres. Péser y comp.;franc.;Junno Marie;frag.;1861_09_26;St. Nazaire
Día 65:;;N/A: ;Avellanal;cap.;26-09-XXXX;Setiembre 26. - De Bilbao en 65 dias berg. exp. Villa de Luarca, cap. Avellanal ton. 112, con harina, á D. A. de la Torricante.;;Villa de Luarca;berg.;1861_09_27;Bilbao
Día 22:;;N/A:  | N/A: ;Maxwell;cap.;;De New-York en 22 dias frag. am. Oregon, cap. Maxwell, ton. 369, con mercancías y víveres, al cap. - Paseg. 8.;am.;Oregon;frag.;1861_09_27;New-York
Día 36:;;N/A: ;Landa;cap.;;De Liverpool en 36 dias berg. exp. Seguro, cap. Landa, ton. 236, con efectos, á D. J. R. Aqueche y hermano.;exp.;Seguro;berg.;1861_09_27;Liverpool
Día 23:;;N/A: ;Neill;cap.;;De Boston en 23 dias pail. ing. E. Russie, cap. Neill, ton. 118, con maderas, á los Sres. Adot. S. cp.;ing.;E. Russie;pail.;1861_09_27;Boston
Día 11:;;N/A: ;Swasey;cap.;;De Beaufort en 11 dias pail. ing. Prince of Wales, cap. Swasey, ton. 123, con arroz, á los Sres. D. J. M. Morales y comp.;ing.;Prince of Wales;pail.;1861_09_27;Beaufort
Día 62:;;N/A: ;Nielsen;cap.;;De Liverpool en 62 dias frag. ing. Felicia, cap. Nielsen, ton. 1300, con carbón, á la Compañía del Gas.;ing.;Felicia;frag.;1861_09_27;Liverpool
Día 69:;;N/A: ;Pity;cap.;27-09-XXXX;Setiembre 27. - De New-Castle en 69 días frag. am. Merrimac, cap. Pity, ton. 371, con carbon à la Comp. del gas.;am.;Merrimac;frag.;1861_09_28;New-Castle
Día 29:;;N/A: ;Alegría;cap.;;Septiembre 29—De Burdeos y Manlid en 67 días berg. cap. Nuevo Sranfin, cap. Alegría, ton. 132, con cobre. A los Sres. Kottmann y Flicker.;;Nuevo Sranfin;berg.;1861_09_29;Burdeos y Manlid
Día 76:;;N/A:  | N/A:  | N/A: ;Gil-bao;cap.;;De Gualeguaychu en 76 días berg. esp. Rorita, cap. Gil-bao, tcn. 134, cuy tas. 4 los Sres. Rottman y Flicker.;esp.;Rorita;berg.;1861_09_29;Gualeguaychu
Día 23:;;N/A:  | N/A: ;Wool;cap.;;De New-York en 23 días berg. am. Old Dominion, cap. Wool. ton. 328, con maquinaria y efectos, a los Sres. Ca-huzac hermanos.;am.;Old Dominion;berg.;1861_09_29;New-York
Día 49:;;N/A: ;Barceló;cap.;29-09-XXXX;Septiembre 29.—Do Barcelona on 49 días frag. esp. Olympia, cap. Barceló, ton. 432 con efectos, á los Sres. Demostro y comp.;esp.;Olympia;frag.;1861_10_01;Barcelona
Día 1:;;N/A: ;Chapman;cap.;;De Cárdenas en 1 día berg. ing. Rílnor Chapman, capitán Chapman, ton. 234, con carbon mineral á los señores Fesser y esp.;ing.;Rílnor Chapman;berg.;1861_10_01;Cárdenas
Día 72:;;N/A:  | N/A: ;Littlejohn;cap.;;De Shields en 72 días frag. am. Charles Edwin, capitán Littlejohn, ton. 264, con carbon, á la Compañía del gas.;am.;Charles Edwin;frag.;1861_10_01;Shields
Día 5:;;N/A: ;Adam;cap.;;De New-York en 5 días vapor am. Columbia, capitán Adam, ton. 1427, con efectos, á los Sres. J. M. Morales y cp. Pas-ge 71.;am.;Columbia;vapor;1861_10_01;New-York
Día 22:;;N/A: ;Cha- se;cap.;;De Newport en 22 días frag. am. Marths Ann, cap. Cha- se, ton. 240, con vivorer, & lo Sres. Burnham y comp.;am.;Marths Ann;frag.;1861_10_02;Newport
;;N/A: ;Hagg;cap.;;De Cayo-Huevo vivoro am. Archilus, cap. Hagg, ton. 41, con porcado, a D. F. Martv.;am.;Archilus;vivoro;1861_10_02;Cayo-Huevo
;;N/A: ;Roberta;cap.;;De Cayo-Huevo viv. ant. W. Middleton, cap. Roberta, ton. 69, con pescado á los Sres. P. Schnabelius y c.p.;;W. Middleton;viv.;1861_10_02;Cayo-Huevo
Día 1:;;N/A: ;Laverly;cap.;;De Cayo-Huevo en 1 día pail. ing. C. P. Knapp, cap. Laverly, ton. 109, con arroz, al capitan.;ing.;C. P. Knapp;pail.;1861_10_02;Cayo-Huevo
Día 57:;;N/A: ;250;ton.;;De Bilbao en 57 dias berg. esp. Nap. D. comp. Urriola, ton. 250, con harina. a los Srea. Rigel, D. comp. De Hamburgo en 53 dias berg. esp. Hermoso Habanero, cap. Ondarza, ton. 170, con mercancías, a los Srea. Hamel y comp.;esp.;Nap. D. comp. Urriola;berg.;1861_10_04;Bilbao
Día 1:;;N/A: ;William;cap.;;De Santa Cruz en 1 dia berg, am. Susan Duncan, cap. William, ton. 141, con mieles, á D. F. Noy.;am.;Susan Duncan;berg;1861_10_04;Santa Cruz
Día 19:;;N/A: ;Sparrow;cap.;;De Boston en 19 dias frag. am. Gen. Warren, cap. Sparrow, ton. 326, con efectos, á D. M. A. Herrera y cp.;am.;Gen. Warren;frag.;1861_10_04;Boston
Día 1:;;N/A: ;Caen;cap.;;De Matanzas en 1 dia pail. ing. Mira, cap. Caen, ton. 62, con barcelos, á D. J. M. Morales y cp.;ing.;Mira;pail.;1861_10_04;Matanzas
Día 24:;24-10-2023;N/A: ;Chase;cap.;04-10-2023;Octubre 4. - De Portland en 20 días frag. am. C. B. Hamil- lon. cap. Chase, ton. 257, con maderas, al capitan;am.;C. B. Hamil- lon;frag.;1861_10_05;Portland
Día 18:;;N/A: ;Dunn;cap.;;De Terranova en 18 días berg lug. Amalia, cap. Dunn, ton. 172, con bocal, á los Sres. Samá, S. y cp.;lug.;Amalia;berg;1861_10_05;Terranova
Día 23:;;N/A: ;Calla-way;cap.;;De Baltimore en 23 días pail. ibg. Lone Star, cap. Calla-way, ton. 54, con viveres, á los Sres. Cabozac H.;ibg.;Lone Star;pail.;1861_10_05;Baltimore
Día 51:;;N/A: ;Mondezona;cap.;;Del Havre en 51 días berg. cap. Laureana Rita, cap. Mon- dezona, ton. 157, con mercancías, á los Sres. Riga, Dar- det y comp.;;Laureana Rita;berg.;1861_10_05;Havre
Día 92:;;N/A: ;Thestrup;cap.;;Dj Portland en 92 días frag. am. Peri, cap. Thestrup, ton. 224, con maderas, á D. J. M. Morales y comp.;am.;Peri;frag.;1861_10_05;Portland
Día 91:;;N/A: ;Zubiaga;cap.;;De New- Castle en 91 días berg. esp. Antonio, cap. Zubiaga, ton. 242, con merci'c's, al capitan.;esp.;Antonio;berg.;1861_10_05;New-Castle
Día 42:;;N/A: ;Zubiaga;cap.;;De Liverpool en 42 días berg. esp. Antonio, cap. Zubiaga, ton. 242, con merci'c's, al capitan.;esp.;Antonio;berg.;1861_10_05;Liverpool
Día 1:;;N/A:  | N/A:  | N/A:  | N/A: ;Hoyt;cap.;;De Cayo Hueso en 1 día gol. am. Henry W. Johnson, cap. Hoyt, ton. 141, en lastre, à D. J. M. Morales y comp. - Paragros 3.;am.;Henry W. Johnson;gol.;1861_10_06;Cayo Hueso
Día 53:;;N/A: ;Poonegart;cap.;;De Swansea en 53 días gol. d. ne-a Family, cap. Poonegart, ton. 439, con carbon, al capitán.;;Family;gol.;1861_10_06;Swansea
Día 18:;;N/A: ;Caun;cap.;;De Bristol en 18 días berg. am. California, cap. Caun, ton. 181, con viveres, à los Sres. Adot, S. y comp.;am.;California;berg.;1861_10_06;Bristol
Día 63:;;N/A: ;Taylor;cap.;;De Liverpool en 63 días frag. ing. Keisaw, cap. Taylor, son. 319, con carbon, al capitán.;ing.;Keisaw;frag.;1861_10_06;Liverpool
Día 16:;;N/A:  | N/A: ;Johnston;cp.;;De New-York en 16 días frag. am. Hannah Thornton, cp. Johnston, ton. 440, con viveres y mercancías, à D. J. M. Morales y comp.;am.;Hannah Thornton;frag.;1861_10_06;New-York
Día 77:;;N/A: ;Solnety;cp.;;De Christiansund en 77 días berg. noruego, noruego Victoria, cp. Solnety, ton. 132, con bacalao, à los Sres. Rottmann y F.;noruego;Victoria;berg.;1861_10_06;Christiansund
Día 60:;;N/A: ;Urrechaga;cap.;08-10-XXXX;Octubre 8.—De Santander en 60 dies berg. esp. Contine- la, cap. Urrechaga, ton. 210, con harina, á los Srea. Rial, D y comp.;esp.;Contine- la;berg.;1861_10_09;Santander
;;N/A: ;Bennett;cap.;;De Cayo-Hueso viviero am. Wyc, cap. Bennett, ton. 52, ccn. pecado, á D. F. Schnabellis y comp.;am.;Wyc;vivero;1861_10_09;Cayo-Hueso
Día 74:;;N/A:  | N/A:  | N/A:  | N/A: ;Cando- lo;cap.;09-10-XXXX;Octubre 9.—De Martinica, frag. franc. Alm. cap. Cando- lo. ton. 350, en lastre, á los Sres. J. M. Morales y cp. De Swansea y Scilly en 74 días borg. franc. Marie Ana, cap. Fraont, ton. 175, con carbon, á los Sres. Sam, S. y cp. De Trienlo y Gibraltar en 91 días frag. austriaca Box- dar Opuch, cap. Yeostramich, ton. 405, con mármolos y e- fectos, al capitán.—Pasag. 3.;franc.;Alm.;frag.;1861_10_10;Martinica
;;;Mr. Wilson;comandante;;De Cavo-Huero pai* de los E. U. Nompareil, comandante Mr. Wilson.;E. U.;Nompareil;pai*;1861_10_12;Cavo-Huero
Día 1:;;N/A:  | N/A: ;Fddy;cap.;;De Cabadas en 1 día berg. am. Croton, cap. Fddy, tone- lidas 143, con miele, á los Sres. Adot. S. y cp.;am.;Croton;berg.;1861_10_12;Cabadas
Día 61:;;N/A: ;Grave;cap.;;De Liverpool en 61 días gol. ing. Sir William Wallace, cap. Grave, ton. 162, con carbon, al capita.;ing.;Sir William Wallace;gol.;1861_10_12;Liverpool
;;N/A: ;Armario;cap.;;De Cayo Hueso viv. am. Julia Latham, cap. Armario, ton. 36, con pecado á D. F. M. R.;am.;Julia Latham;viv.;1861_10_16;Cayo Hueso
Día 24:;;N/A:  | N/A: ;Howard;cap.;;De Portland en 24 días pail. Ing. Gilbert Bent, capitan Howard, ton. 98, con maderas y papas a los reidores J. M. Morales v. C2.;Ing.;Gilbert Bent;pail.;1861_10_18;Portland
Día 77:;;N/A: ;Mate-w. od;cap.;;De Liverpool en 77 días berg. Ing. Premier, cap. Mate-w. od, ton. 18, con efectos al cap.;Ing.;Premier;berg.;1861_10_18;Liverpool
;;N/A: ;Adamo;cap.;;De Cayo-Huense vivero amer. Belle of the Cape, capitan Adamo, ton. 33, con pescado a los señores Schnabellus y C2.;amer.;Belle of the Cape;vivero;1861_10_18;Cayo-Huense
Día 56:;;N/A: ;Zarragoza;cap.;;De Barcelona y Alicante en 56 días frar. cap: Primera de Alicante, cap. Zarragoza, ton 518, con frutos, á los señores Llopis, V. y comp.;;Primera de Alicante;frar.;1861_10_19;Barcelona y Alicante
Día 59:;;N/A: ;Artam-niz 1. n. les;cap.;;De Atocha en 59 días berz. esp. Amistad, cap. Artam- niz 1. n. les con mercancías á los Sres. Rottman y Pin- ker.;esp.;Amistad;berz.;1861_10_19;Atocha
Día 5:;;N/A: ;Adams;cp.;;De New-York en 5 dias vap. am. Columbia, cp. Adams, ton. 1 47, con mercancías, á Don J. M. Morales y cp.—Pagar 217.;am.;Columbia;vap.;1861_10_22;New-York
Día 20:;;N/A: ;Batista;cap.;;De Campéche y Sial en 20 días berg. mej. Hércules, cap. Batista, ton. 193, con efectos. á los Srem. Bustamante, R. a r. — Parg. 13.;mej.;Hércules;berg.;1861_10_22;Campéche y Sial
Día 6:;;N/A:  | N/A: ;Robert;cp.;;De New-Orleans en 6 dias pail. ing. Major Barbour, cp. Robert, ton. 102, con algodon y aguarrás, á los Sres. Solís y Carbonell.—Pax 4.;ing.;Major Barbour;pail.;1861_10_22;New-Orleans
Día 1:;;N/A:  | N/A: ;Neil;cap.;;De Cabanas en un día pail. ingles Roma de Rucio, cap. Neil, ton. 118, con miles, á don S. de la Huerta.;ingles;Roma de Rucio;pail.;1861_10_22;Cabanas
Día 10:;;N/A:  | N/A: ;Prennel;cap.;;De Laguna de Términos en 10 días frag. amer. Chilton, cap. Prennel, ton. 251, en lastre, al capitán.;amer.;Chilton;frag.;1861_10_22;Laguna de Términos
Día 4:;;N/A:  | N/A: ;Moir;cap.;;De St Thomas en 4 días vapor inglés Trent, cap. Moir, tonelas 1917, con efectos, al Sr. Cónsul inglés — Paseo- ror 78.;ing;Trent;vapor;1861_10_22;St Thomas
;;;;;;De Cayo-Huerto paí. de los Estados Unidos Nomprevi,;de los Estados Unidos;Nomprevi;paí.;1861_10_23;Cayo-Huerto
Día 56:;;N/A: ;Storn;cap.;;De Rotterdam en 56 días berg. hol. Hollander, cap. Storn, ton. 249, con viveres, á los Sres. Runge, B. y comp. Del Hare en 53 días berg. cap. Neptuneo, cap. Garay, la 127, con mercancías, á los Sres. Caro y comp. De New-York en 50 días berg. am. Phlewa, cap. Morrow, ton. 125, con viveres, á los Sres. Ulric y Barroco.-Pase-heros 1.;hol.;Hollander;berg.;1861_10_24;Rotterdam
Día 33:;;N/A: ;Forbes;cap.;;De Terranova en 33 días berg. ing. J. Congdon, cap. Forbes, ton. 154, con bacaño, á los Sres. Samá, S. y comp.;ing.;J. Congdon;berg.;1861_10_24;Terranova
Día 3:;;;Mr. Richardson;cap.;;De Cayo-Huero pait. de los E. U. Florida, su comandante Mr. Richardson.-Passe 3.;E. U.;Florida;pait.;1861_10_24;Cayo-Huero
Día 53:;;N/A: ;Torres;cap.;;De Amberes en 53 días berg. cap. Salve Virgen María, cap. Torres, ton. 296, con mercancías, á los Sres. J. M. Morales.;;Virgen María;berg.;1861_10_24;Amberes
Día 10:;;N/A: ;Miller;cap.;24-10-YYYY;O tubre 24 - De Filadelfia en 10 dias berg. am. Calvert, cap. Miller. ton. 160, con armaduras de casas, á D. Guillermo Nelson.-Pasag. 6.;am.;Calvert;berg.;1861_10_25;Filadelfia
Día 23:;;N/A:  | N/A: ;Berry;cap.;;De Portland en 23 dias frag. am. St. Jago, cap. Berry, ton. 259, con maderas y envases al capitán.;am.;St. Jago;frag.;1861_10_25;Portland
Día 26:;;N/A: ;Lauge;cap.;;De Portland en 26 dias frag. am. N. W. Bridge, cap. Lauge, ton. 250, con maderas, á D. I. M. Zangrouiz y comp.-Pasag. 2.;am.;N. W. Bridge;frag.;1861_10_25;Portland
Día 21:;;N/A: ;Davis;cap.;;De Filadelfia en 21 dias berg. am. Ella Reed, cap. Davis, ton. 236, con mercancías, á D. J. R. Marquetti.;am.;Ella Reed;berg.;1861_10_25;Filadelfia
Día 21:;;N/A:  | N/A: ;Doat;cap.;;De Halifax en 21 dias berg. ing. Rover, cap. Doat, tons. 145, con bacalao y maderas, al capitán.;ing.;Rover;berg.;1861_10_25;Halifax
Día 46:;;N/A: ;Ochoa;cap.;;De la Coruña en 46 dias frag. cap. Sofia Matilde, capitán Ochoa, ton. 270, con frutos, á D. A. de la 'Torriente', -Pasag. 10.;;Sofia Matilde;frag.;1861_10_25;la Coruña
Día 54:;;N/A: ;Albizury;cap.;;De Liverpool en 54 dias frag. cap. Creconia, cap. Albizury, ton. 225, con mercancías, á los Sres. Galbraith. B. y compañía.;;Creconia;frag.;1861_10_25;Liverpool
Día 54:;;N/A: ;Gondra;cap.;;De Liverpool en 54 dias berg. esp. Adelaida, cap. Gondra, ta. 232, con mercancías, á los Sres. París, C. Cp.;esp.;Adelaida;berg.;1861_10_25;Liverpool
Día 30:;;N/A: ;Gessy;cap.;;De N. York en 30 dias frag. am. Laura Russ, cap. Gessy, ta. 269, con mercancías, al Cp.;am.;Laura Russ;frag.;1861_10_25;N. York
Día 120:;;N/A: ;Beltran;cap.;;De Montevideo y Matanzas en 120 dias pol. osp. Conchilín, cap. Beltran, ta. 150, con tazajo, á los Sres. Samá, S. y Comp.;osp.;Conchilín;pol.;1861_10_25;Montevideo y Matanzas
Día 43:;;N/A: ;Lopez;cap.;25-10-XXXX;Octubre 25.- De la Coruña en 43 días frag. exp. Perla, cap. Lopez, ton. 201, con efectos, á los Sres. Samá, S. y cp. -Paracoros 93.;exp.;Perla;frag.;1861_10_26;La Coruña
Día 129:;;;;;;De Buenos-Alres y Fernambuco en 129 días pol. espan-;espan-;;pol.;1861_10_26;Buenos-Alres y Fernambuco
Día 18:;;;capitan;cap.;;De St. Andrews en 18 días gol. ing. Templeton, capitan;ing.;Templeton;gol.;1861_10_26;St. Andrews
Día 41:;;;capitan;cap.;;De Rio Jancere en 41 días frag. nueva Hedwing, capitan;;nueva Hedwing;frag.;1861_10_26;Rio Jancere
Día 53:;;N/A: ;Escolástica;cap.;;De Valencia on 53 días frag. cap. Escolástica, cap. Solma, ton. 380, con frutos, á los Sres. Samk, S y comp.-Pagaros 2.;;;frag.;1861_10_26;Valencia
Día 7:;;N/A:  | N/A: ;Guerra;cap.;;De Canarí en 7 días berg. esp. Alerta cap. Guerra, ton. 1-1, con frutos, á los Sres. Valencia C. y comp.-Pasageros 3.;esp.;Alerta;berg.;1861_10_29;Canarí
Día 47:;;N/A:  | N/A:  | N/A: ;Israel;cap.;;De Santand in 47 días berg. esp. Dos Aujigas capitán Israel, tou 235, co 1 horina, á los Sres. Samá, S. 5 comp.-Pasageros 9.;esp.;Dos Aujigas;berg.;1861_10_29;Santand
Día 16:;;N/A:  | N/A: ;Mc Clean;cap.;;De Jamaica en 16 días pail. ing. Jackson, cap. Mc Clean, ton. 92, con azúcar y café, al capitán.;ing.;Jackson;pail.;1861_10_29;Jamaica
Día 9:;;N/A:  | N/A: ;Cox;cap.;;De Nueva-Orleans en 9 días pail. ing. Henry Travers, cap. Cox, ton. 93, con aguarras y efectos, al capitán.;ing.;Henry Travers;pail.;1861_10_29;Nueva-Orleans
;;N/A: ;Winnerton;cap.;;De Nueva York frag. amer. Kauawba, cap. Winnerton, ton. 260, cos. efectos, a los Sres. Lígans y comp.;amer.;Kauawba;frag.;1861_10_30;Nueva York
;;;Mr. Wilson;comandante;;De Cayo-Huero pallebot de los E. U. Nomiparell, comandante Mr. Wilson.;E. U.;Nomiparell;pallebot;1861_10_30;Cayo-Huero
Día 23:;;N/A: ;Larrazabal;cap.;;De Santand, r. 23 días frag. esp. La Cubana, cap. Larrazabal, ton. 472, con efectos, á los Sres. J. M. Mordiles y cp. —Paracros 174.;esp.;La Cubana;frag.;1861_10_30;Santand
Día :;;N/A: ;Columb;cp.;;De Cayo-Huero viv. am. Aristider, cp. Columb, ton. 35, con percuso, á D. P. Martí.;viv.;Aristider;am.;1861_10_30;Cayo-Huero
Día 133:;;N/A:  | N/A:  | N/A: ;Munategul;cp.;;De Liverpool y la Coruña en 133 días berg. c.p. Oceano, cp. Munategul, ton. 192, con mercancías, á los Sres. Scharfenben, T. y con. Demarara en 111 días frag. ing. Lucknow, cap. Mix. ton. 32, con arroz y efectos, al capitán.;c.p.;Oceano;berg.;1861_10_30;Liverpool y la Coruña
Día 14:;;N/A: ;Melville;cap.;;De New-Port en 14 días berg. am. Redwood, cap. Melville, ton. 141, con viveres, á los Sres. S. C. Burnham y compañía.;am.;Redwood;berg.;1861_10_30;New-Port
Día 34:;;N/A: ;Arana;cap.;;De Bilbo y Cuba en 34 días berg. esp. Santiago, cap. Arana, ton. 153 con barinas, al capitán.;esp.;Santiago;berg.;1861_10_30;Bilbo y Cuba
Día 16:;;N/A: ;Williams;cp.;;De Portland en 16 días berg. am. Iza, cp. Williams, toneladas 220, con euvases, á los amores J. M. Morales y compañía.;am.;Iza;berg.;1861_10_30;Portland
Día 20:;;N/A: ;Anderson;cap.;;De Portland en 20 días berg. am. Martha Washington, capitán Anderson, tod. 212, con entraves, á los Sres. C. P. Fisher y cp.;am.;Martha Washington;berg.;1861_10_30;Portland
;;;D. Manuel Duelo;cap.;;De la mar berg. de S. M. Habanero, comandante el cap. de frag. D. Manuel Duelo.;;Habanero;berg.;1861_10_30;la mar
;;;Mr. L. Rivolt;comandante;;De la mar vapor franc. de guerra Lavolssier, comandante Mr. L. Rivolt.;;Lavolssier;vapor;1861_10_30;la mar
Día 12:;;;Gats;cap.;;De N.-York en 12 dias pail. am. Sunny South, cap. Gats-;am.;Sunny South;pail.;1861_10_31;N.-York
;;;;;;De Cieu fuegos fra. de hélice de los E.-U. St. Jacinto,;E.-U.;St. Jacinto;fra.;1861_10_31;Cieu
Día 50:;;;Sullivan;cap.;;De N. Port. en 50 dias frag. ing. Choice, cap. Sullivan, ts.;ing.;Choice;frag.;1861_10_31;N. Port.
Día 51:;;;Errella;cap.;;De Cadiz y Tenerife en 51 dias frag. cap. Errella, cap.;;;frag.;1861_10_31;Cadiz y Tenerife
Día 89:;;;;;;De New Castle en 89 dias borg. aust. Meadi Slavisin.;aust.;Meadi Slavisin;borg.;1861_10_31;New Castle
Día 22:;;;Titcomb;cap.;;De Portland en 22 dias berg. am. Harriet, cap. Titcomb,;am.;Harriet;berg.;1861_10_31;Portland
Día 89:;;;Biggs;cp.;;De Troon en 89 dias borg. ing. Ridesdale, cp. Biggs, ton;ing.;Ridesdale;borg.;1861_10_31;Troon
Día 31:;;;;;;De Cidiz y Cañarias en 31 dias urcas de S. M. Mariga-;S. M.;Mariga;urcas;1861_10_31;Cidiz y Cañarias
;;;Franklin;cp.;;De Cayo Huero siv. am. Sultan, cp. Franklin, ton. 27,;am.;Sultan;siv.;1861_10_31;Cayo Huero
Día 18:;;;El-;cap.;;De Boston en 18 dias bra. am. John' Wootrop, cap. El-;am.;John' Wootrop;bra.;1861_10_31;Boston
Día 1:;;N/A: ;Drinot;cp.;;De Matanzas en 1 dia frag. franc. M Cor, cp. Drinot, tn. 350, con efectos, á los Sres. Viznier y cp.;franc.;M Cor;frag.;1861_11_01;Matanzas
Día 10:;;N/A: ;Whaley;cp.;;De New-Port en 10 dias berg. am. J. Balch, cp. Whaley ton 166, con víveres, al cap.;am.;J. Balch;berg.;1861_11_01;New-Port
Día 16:;;N/A: ;Adams;cp.;;De Filadelfia en 16 dias col. am. F. Edward cp. Adams, ton. 239, con efectos al cap.;am.;F. Edward;col.;1861_11_01;Filadelfia
Día 12:;;N/A:  | N/A: ;Lind-cy;cp.;;De Bristol en 12 dias bca. am. Aura, cp. Lind-cy, ton-el 293, con papas y cebollas, á los Sres. Ulrice y Barroso.—Pas. 2.;am.;Aura;bca.;1861_11_01;Bristol
Día 13:;;N/A: ;Ascenio ton 136;cap.;;De Sisal en 13 dias berg. cap. Yucatan, cap Ascenio ton 136, con efectos, á los Sres. Ilustante R. y cp.;;Yucatan;berg.;1861_11_01;Sisal
Día 11:;;N/A: ;Brand;cap.;;De New-York en 11 dias frag. am. Texana, cap. Brand, ton. 558, con mercancías, al Capitan.—Pasag. 11.;am.;Texana;frag.;1861_11_01;New-York
;;;D. Adolfo Navarrete;c.;;De la mar vapor de S. M. Guadalquivir, comandante el teniente de navío D. Adolfo Navarrete.;S. M.;Guadalquivir;vapor;1861_11_02;la mar
Día 10:;;N/A: ;Zu er-bier;cap.;;De New-York en 10 días pail. ing. Victoria, cap. Zu er-bier, ton. 72, con víveres, á los Sres. Oahuzac II.;ing.;Victoria;pail.;1861_11_02;New-York
Día 4:;;N/A: ;Black;cap.;;De Nassau en 4 días pail. ing. Mabel, cap. Black, ton. 74, con víveres, á los Sres. M. A. Herrera y cp.;ing.;Mabel;pail.;1861_11_02;Nassau
Día 18:;;N/A:  | N/A: ;Smith;cap.;;De New-York en 18 días pail. ing. Eugene Smith, cap. Smith, ton. 101, con efectos y víveres, á los Sres. Meyers y compañía.;ing.;Eugene Smith;pail.;1861_11_02;New-York
;;N/A: ;Smith;cap.;;De Cayo-Hygro viviero am. Prima Donna, cap. Smith, toneladas 23, con pescado, á los rehores F. Schnabulius y compañía.;am.;Prima Donna;;1861_11_02;Cayo-Hygro
Día 68:;;N/A: ;Pempayo;cap.;;De Barcelona y Trinidad en 68 días berg, cap. Pempayo, cap. Tajonera, ton. 134, con fruto, al cap.;;;berg;1861_11_03;Barcelona y Trinidad
Día 15:;;N/A:  | N/A: ;Mc Cobb;cap.;03-11-XXXX;Noviembre 3 - De Portland en 15 dias berg. am. Temp. cap. Mc Cobb, ton 200, con arco, al capitan. De Matanzas en 13 dias pail. mej. Zorro Colorado, cap. Gonzalez, ton. 86, con pieles, á los Srea. Lastra y comp. - Paeaceros 5.;am.;Temp;berg.;1861_11_05;Portland
Día 46:;;N/A: ;Miner;cap.;04-11-XXXX;Noviembre 4 - De Cidz en 46 dias frag. cap. Miner a cap. Cerrillo, ton 253, con efectos, á los Sres. Bustamante, R. y comp. 7.;;;frag.;1861_11_05;Cidz
Día 67:;;N/A: ;Guichen;cap.;;De Liverpool - Holy Head en 67 dias berg. franc. Julie Mario, cap. Guichen, ton. 165, con carbon al capitan.;franc.;Julie Mario;berg.;1861_11_05;Liverpool - Holy Head
Día 14:;;N/A: ;Puntington;cap.;;De Boston en 14 dias berz. ing. H. D. Buggles, cap. Puntington, ton. 103, con viveres, al cap. au.;ing.;H. D. Buggles;berz.;1861_11_05;Boston
Día 4:;;N/A: ;Smith;cap.;;De Na sau en 4 dias pail. log. Ad-line, cap. Smith, ton. 51, con efectos, al capitan.;log.;Ad-line;pail.;1861_11_05;Na sau
Día 11:;;N/A: ;tilading;cap.;;De Saranah en 11 dias pail. ing. Parliament, cap. tilading, ton. 116, con arroz, á D. M. A. Herrera y comp.;ing.;Parliament;pail.;1861_11_05;Saranah
Día 57:;;N/A: ;Kleinwort;cap.;;De Troon en 57 dias frag. prus. Adelie, cap. Kleinwort, ton. 425, con carbon, á D. J. M. Morales y comp.;prus.;Adelie;frag.;1861_11_05;Troon
Día 11:;;N/A: ;Smith;cap.;;De New-York en 11 dias pail. am. Senator, cap. Smith, ton. 173, con efectos, á los Sres. Cabuza H.;am.;Senator;pail.;1861_11_05;New-York
Día 16:;;;Mr. Dechellier;comandante;;De Hálifax y Gibara en 16 dias fragata de guerra de hólice francesa Foudre, comandante Mr. Dechellier;francesa;Foudre;fragata;1861_11_05;Hálifax y Gibara
Día 1:;;N/A:  | N/A: ;Hoot.;cap.;;De Cuyo-Huero en 1 día pail. am. H. W. Johnson, cap. Hoot. ton. 144, en lastro, á D. J. M. Mora'sy comp.;am.;H. W. Johnson;pail.;1861_11_06;Cuyo-Huero
Día 15:;;N/A: ;Davis;cap.;;De Halifax en 15 días pail. ing. Tone Sayers, cap. Davis. ton. 126, con entraves, á los Sres. Finlay y comp.;ing.;Tone Sayers;pail.;1861_11_06;Halifax
Día 13:;;N/A:  | N/A: ;Heas.;cap.;;De Boston en 13 días frag. am. Henry Darling, capitan Heas. ton. 400, con entraves y piedras, al capitan. -Pasagoros 5.;am.;Henry Darling;frag.;1861_11_06;Boston
Día 7:;;N/A: ;Captain Crocker;cap.;;De Nueva-York en 7 días cap. am. Cosmopolitan, cap. Captain Crocker. ton. 774. con efectos, á los Srea. Cahuzac H.—Pagar 19.;am.;Cosmopolitan;ton.;1861_11_07;Nueva-York
Día 16:;;N/A:  | N/A: ;Harriman;cap.;;De Portland en 16 días berg. amo. Marcia. cap. Harriman, ton. 157, con arcos y maderas, á D. J. M. Morales y comp. De San-ander en 57 días berg. esp. Paquete do Hamburg. cap. Tellera, ton. 160, con barinas. á D. L. G. Barbon. De Boston en 16 días frag. ing. R. H. Knight, cap. Can- nan. ton. 260, con hielo, á D. J. Diamond.;amo.;Marcia;berg.;1861_11_07;Portland
;;N/A: ;Reed;cap.;;De Cayo-Hueso vivero am. Welcome, cap. Reed, tons. 37 con pescado, á D. F. Schnabels y comp.;am.;Welcome;vivero;1861_11_07;Cayo-Hueso
Día 56:;;N/A:  | N/A:  | N/A: ;D. Francisco Lebato;cap.;07-11-XXXX;Noviembre 7-De Santo Domingo y Azua vapor de S M. Pizarro, su comandante el capitán de fragaía D. Francisco Lebato. Conduce el segundo batallon del regimiento de la Reina. De Amsterdam en 56 días berg. cap. Presidente, cap. Ventura, tu. 140, con mercancías y viveres, á los Sra. Sá-mf. S. y cp.;;S M. Pizarro;vapor;1861_11_08;Santo Domingo y Azua
Día 40:;;N/A: ;Devor;cap.;;De Macclias en 40 días pail. inglesa Zeland, cap. Devor, te. 66. con maderas, al capitán.;inglesa;Zeland;pail.;1861_11_08;Macclias
Día 6:;;;Ca-;cp.;;De New-Orleans en 6 días pail. mej. Hermoso, cp. Ca-;mej.;Hermoso;pail.;1861_11_09;New-Orleans
Día 13:;;;;cap.;;De New-York en 13 días pail. am. Abbie Bradford, cap.;am.;Abbie Bradford;pail.;1861_11_09;New-York
Día 14:;;N/A: ;Gooding;cap.;;De Portland en 14 días pail. am. Aid. cap. Gooding, ton.;am.;Aid;pail.;1861_11_09;Portland
Día 14:;;;Hutchinson;cap.;;De Portland en 14 días frag. am. Ionie, cap. Hutchinson,;am.;Ionie;frag.;1861_11_09;Portland
Día 14:;;;Poin-;cap.;;De New-York en 14 días frag. am. Mustang cap. Poin-;am.;Mustang;frag.;1861_11_09;New-York
Día 15:;;;;cap.;;De N.-York en 15 días pail. am. Lathe Rick, capi-;am.;Lathe Rick;pail.;1861_11_09;N.-York
Día 15:;;N/A: ;Hasting;cap.;09-11-XXXX;Noviembre 9.—De New-York en 15 dias berg. am. O. D. Gastner, cap. Hasting, ton. 296, con efectos, á los Sres. Ulrici y Barroso.—Pasag. 8.;am.;O. D. Gastner;berg.;1861_11_10;New-York
Día 25:;;N/A:  | N/A: ;Smith;cap.;;De Bangor en 25 dias berg. am. Dazzle, cap. Smith, ton. 193, con maderas y víveres, á los Sres. Adot. S. y cp.;am.;Dazzle;berg.;1861_11_10;Bangor
Día 42:;;N/A:  | N/A: ;Pano;cap.;;De la Coruña en 42 dias frag. esp. Vertrúdis, cap. Pano, ton. 391, con harina, por los Sres. Rigal D. y cp.—Pasageros 45.;esp.;Vertrúdis;frag.;1861_11_10;la Coruña
Día 97:;;N/A: ;Marsach;cap.;;De Amsterdam en 97 dias berg. hol. Ecuator, cap. Marsach, ton. 132, con víveres, á D. J. M. Morales y cp.;hol.;Ecuator;berg.;1861_11_10;Amsterdam
Día 59:;;N/A: ;Plana;cap.;;De Barcelona en 59 días berg. esp. Fortuna, cap. Plana, toneladas 234, con frutos á los soñores Rial, Dardet y compañía.;esp.;Fortuna;berg.;1861_11_12;Barcelona
Día 18:;;N/A:  | N/A: ;Wilkins;cap.;;De Bangor en 18 días berg. am. Robins, cap. Wilkins, toneladas 303, con maderas y papas á los Sres. M. A. Her- rera y ep.;am.;Robins;berg.;1861_11_12;Bangor
Día 25:;;N/A: ;Royals;cap.;;De Port Medway y Sagua en 25 días berg. am. [Thimothy Field, capitan Royals, toneladas 168, con maderas, al capitán.;am.;Thimothy Field;berg.;1861_11_12;Port Medway y Sagua
Día 52:;;N/A: ;I. Arringa ton.;cap.;;De Málaga en 52 días frag. esp. industria, cap. I. Arringa ton. 303, con frutos, á los Sres. J. Zulueta y ep.;esp.;industria;frag.;1861_11_12;Málaga
Día 16:;;N/A:  | N/A:  | N/A: ;Mar-tov;cap.;;De Portland en 16 días berg. am. Mechanic, cap. Mar-tov, ton. 892, con huevo y ver. á los Sres. C. P. Fim-her.;am.;Mechanic;berg.;1861_11_12;Portland
Día 29:;;N/A: ;Ville;cap.;;De I. Madres en 29 días frag. esp. Virenta, cap. Ville, toneladas 153, con arroz, á los Sres. San Peíayo, Pardo y compañía.;esp.;Virenta;frag.;1861_11_12;I. Madres
Día 17:;;N/A: ;Hopkins;cap.;;De Halifax en 17 días pail. log. Mary Jane, cap. Hopkins, ton. 74, con bacalao, á los Sres. Cabuza 11.;;Mary Jane;pail.;1861_11_12;Halifax
Día 5:;;N/A: ;Gage;cap.;;De Savannah en 5 días pail. log. Sir Robert Peel, capitan Gage, ton. 150, con arroz. á D. St. A. Herrera y ep.;;Sir Robert Peel;pail.;1861_11_12;Savannah
;;N/A: ;Streightorf;cap.;;De Cayo-Hueso viv. am. L. Burrows, cap. Streightorf, ton. 25, con pescado, á los Sres. Marty y comp.;am.;L. Burrows;viv.;1861_11_12;Cayo-Hueso
;;;D. Manuel Cantilla;cap.;;De la mar bergantin do St. M. Celayo, comandante el capitán de fragata D. Manuel Cantilla.;;St. M. Celayo;bergantín;1861_11_12;
Día 15:;;N/A:  | N/A: ;Adams;cap.;;De Boston en 15 días berg. am. Croustad, cap. Adams, ton. 229, con hielo y efectos, á D. C. P. Fisher.;am.;Croustad;berg.;1861_11_12;Boston
Día 90:;;N/A: ;Aguilar;cap.;;De Valencia y Tenorife en 90 días frag. esp. Joaquín cap. Aguilar, ton 352, con frutos, á los Sres. Valencia. C. y comp. -Pasajeros 6.;esp.;Joaquín;frag.;1861_11_12;Valencia y Tenorife
;;N/A: ;Armaro;cap.;;De Cayo-Hueso vivero am. Julia Latham, cap. Armaro, ton 37, con pescado, á D. F. Marty.;am.;Julia Latham;;1861_11_12;Cayo-Hueso
;;;Mr. Wilson;comandante;;De Cayo-Hueso pail. pail. R. U. Nomparoil, comandante Mr. Wilson.;;R. U. Nomparoil;pail.;1861_11_12;Cayo-Hueso
Día 88:;;N/A: ;Sagas;cap.;;De Londres en 88 días frag. esp. Carolina, cap. Sagas, ton 249, con arroz, á los Sres. Fernandez y comp.;esp.;Carolina;frag.;1861_11_12;Londres
Día nu:;;N/A: ;Landa;cap.;;De la Ortigosa en nu dia berg. esp. Seguro, cap. Landa, ton. 236 con miele, á D. N. Deulofeu.;esp.;Seguro;berg.;1861_11_12;la Ortigosa
Día 60:;;N/A: ;Allemes;cap.;;De Dunkerque en 60 días frag. fr. I.ze. Ville de Dunkerque, capitán Allemes, ton. 285, en lacre, á los Sres. Cahuzar 11.;fr.;I.ze. Ville de Dunkerque;frag.;1861_11_12;Dunkerque
Día 3:;;N/A:  | N/A: ;Gilly;cap.;;De Nareau en 3 días pail. log. Mary, cap. Gilly, ton. 42 con arroz, al cap. tan.;log.;Mary;pail.;1861_11_12;Nareau
Día 17:;;N/A:  | N/A: ;Palin;cap.;;De Belize en 17 días frag. suera Gustavvo, cap. Palin, ton. 546, con caobas y efectos, al capitán. -Este buque ba atribuido por estar baciendo aguá:;;Gustavvo;frag.;1861_11_12;Belize
Día 1:;;;Gardiner;cap.;;De Matanzas en 1 día pall. lug. Anna, cap. Gardiner,;lug.;Anna;pall.;1861_11_13;Matanzas
Día 14:;;;;cap.;;De New-York en 14 días berg. am. Samuel Welch, cap.;am.;Samuel Welch;berg.;1861_11_13;New-York
Día 50:;;N/A: ;Roig;cap.;;De Santander en 50 días frag. esp. Nueva Buenaventura, cap. Roig, ton. 513, con harina. á los Sra. Samá, S. y cp.—Pasagers 18.;esp.;Nueva Buenaventura;frag.;1861_11_14;Santander
Día 3:;;N/A:  | N/A: ;Butter;cap.;;De Nassau en 3 días bal. ing. Lids, cap. Butter, ton. 31, con arroz, á D. M. A. Herrera y comp.;ing.;Lids;bal.;1861_11_14;Nassau
Día 166:;;N/A:  | N/A: ;Heinrichu;cp.;14-11-XXXX;Noviembre 14.—De Amberes on 166 días berg. handover- riano Burgermeister, cp. Heinrichu, tons. 172, con maquinaría y efectos, al capitán.;;handover- riano Burgermeister;berg.;1861_11_15;Amberes
Día 14:;;N/A: ;Moore;cap.;16-11-XXXX;Noviembre 16.—De Terranova en 14 días gol. ing. J. V. Troon, cap. Moore, ton 80, con maderas, á los Sres. J. M. Morales y cp.;ing.;J. V. Troon;gol.;1861_11_17;Terranova
Día 19:;;N/A: ;Phil- brook;cap.;;De Fortland en 19 días berg. an. O. C. Clary, cap. Phil- brook, ton. 208, con envases, á los Sres. J. M. Morales y compañía.;an.;O. C. Clary;berg.;1861_11_17;Fortland
Día 66:;;;Leblanc;cap.;;De New-Port en 66 días berg. inc. Exact, cap Leblanc,;;Exact;berg.;1861_11_19;New-Port
Día 14:;;N/A: ;Moris;cap.;;De Matamoros en 14 días pail. int. T. S Harding, cap. Moris, ton 103, con efectos al capitán—Do arribada para hacer viveres y aguas y eique para New-York.;;T. S Harding;pail.;1861_11_20;Matamoros
Día 20:;;N/A: ;Lawrensen;cap.;;De Terranova y Cárdenas en 20 días berg. ing. Prince de Wales, cap. Lawrensen, ton. 193, con maderas, á los Bres. J. M. Morales y cp.;ing.;Prince de Wales;berg.;1861_11_21;Terranova y Cárdenas
Día 12:;;N/A: ;Henderson;cap.;;De New-York en 12 días pail. am. T. Nickerson: capitán Henderson, ton. 258, con efectos, a los Srea. Ulrici y Barroso.—Pasag. 3.;am.;T. Nickerson;pail.;1861_11_22;New-York
Día 17:;;N/A: ;Foxwell;cap.;;De Baltimore en 17 días berg. amer. Union State, cap. Foxwell, tu. 834, con efectos á los Sres. D. N. J. Gomoz y comp.;amer.;Union State;berg.;1861_11_22;Baltimore
Día 14:;;N/A: ;Hazleton;cap.;;De New-York en 14 días pail. am. James Jones, capitán Hazleton, ton. 240, con efectos, al capitán.—Pasag. 2.;am.;James Jones;pail.;1861_11_22;New-York
Día 17:;;N/A: ;Collins;cap.;;De Nueva-York en 17 días gol. am. Young América, cap. Collins, tu. 319, con efectos, á los Sres. Cabuzac H.—Pasag. 4.;am.;Young América;gol.;1861_11_22;Nueva-York
Día 20:;;N/A: ;Heather;cap.;;De Filadelfia en 20 días psil. am. Groeland, cap. Heather, tons. 130, con efectos, á los Sres. Gomez y Saías.;am.;Groeland;psil.;1861_11_22;Filadelfia
Día 60:;;N/A:  | N/A: ;Rossell;cap.;;De Montevideo en 60 días berg. esp. Joaquín, cap. Rossell, ton. 248, con tarj. á los Srea. Samé. S. y comp.—Pasageros 1.;esp.;Joaquín;berg.;1861_11_22;Montevideo
;;;;cap.;;Al ponerse el Sol quehaba por barlov berg. cap.;;;berg.;1861_11_22;
Día 12:;;;;cap.;;De Newport en 12 días berg. am. K. T. Newton, capitán;am.;K. T. Newton;berg.;1861_11_22;Newport
Día 15:;;N/A: ;Carballe;cap.;;De Campecho 6 islas Nugerés en 15 días vivero mejicano Justa, cap. Carballe, ton. 51, con pescado, al capitán.;mejicano;Justa;vivero;1861_11_27;Campecho
;;N/A: ;Fogarty;cap.;;De Cayo-Huceso vivero am. G. G. King, cap. Fogarty, ta. 36, con pescado. á D. F. Schnabelius y comp.;am.;G. G. King;;1861_11_27;Cayo-Huceso
Día 19:;;N/A: ;March;cap.;;De Portland en 19 días berg. ing. Mary Calfield, capitán March, ton. 117, con maderas, á los Srea. Ulrich y Barroco.;ing.;Mary Calfield;berg.;1861_11_27;Portland
Día 23:;;;;cap.;;De Saint Johus (N. B.) en 23 días pail. ing. Alice T., cap.;ing.;Alice T.;pail.;1861_11_28;Saint Johus (N. B.)
Día 27:;;;capitan;cap.;;De Boston en 27 días berg. am. Judge Hathaway, capitan;am.;Judge Hathaway;berg.;1861_11_28;Boston
Día 21:;;;esplían;;;De Portland en 21 días berg. am. G. L. Bucknam, esplían;am.;G. L. Bucknam;berg.;1861_11_28;Portland
Día 19:;;N/A:  | N/A: ;Salas;cp.;;De Portland en 19 días frag. osp. Valparaiso, cp. Salas, ton. 665, con maderas y envases, á los Sres. Samá, S. y cp. —Pas. 8.;osp.;Valparaiso;frag.;1861_11_29;Portland
Día 16:;;N/A:  | N/A: ;Dailey;cap.;;De Portland en 16 días berg. am. Philip Larrañé, capitán Dailey, ton. 243, con maderas y papas, á los Sres. Gomez y compañía.;am.;Philip Larrañé;berg.;1861_11_29;Portland
Día 15:;;N/A: ;Staples;cap.;;De Ellworthy en 15 días berg. am. James Davis, capitán Staples, ton. 171, con envases, á D. C. P. Fisher y cp.;am.;James Davis;berg.;1861_11_29;Ellworthy
Día 62:;;N/A: ;Larabia;cap.;;Del Havre en 62 días berg. esp. Nuestra Señora del Carmen. cap. Larabia ton. 174, con mercancías, á los Sres. Ríos, D. y comp.;esp.;Nuestra Señora del Carmen;berg.;1861_11_30;Havre
Día 21:;;N/A: ;Echavarria;cap.;;De Liverpool en 21 días berg. esp. Isabel. cap. Echavarria. ton. 227, con mercancías, al capitán.;esp.;Isabel;berg.;1861_11_30;Liverpool
Día 12:;;N/A: ;Nickerson;cap.;;De Boston en 12 días pail. amer. A. H. Manchester, capitán Nickerson, ton. 200, con efectos á los Sres. M. A. Herrera y op.;amer.;A. H. Manchester;pail.;1861_11_30;Boston
Día 24:;;N/A: ;D. Vicente Vial y Cives;c.;;De Cadié en 24 días trasporto de hélice de S. M. General Alava, comandante el teniente de navío D. Vicente Vial y Cives.—Conduce un batallón de marina de 743 plazas.;;S. M. General Alava;trasporto;1861_11_30;Cadié
Día 9:;;N/A:  | N/A: ;Mas. ton.;cap.;;De Caba en 9 días gol. esp. Salvador, cap. Mas. ton. 96, con café y cueros, á los Sres. Ll. 18a hermano.;esp.;Salvador;gol.;1861_11_30;Caba
Día 63:;;N/A: ;D. hes ton.;cap.;;De Santander en 63 dias herz. esp. Leon, cap. D. hes ton. 179, con harina al capitán;esp.;Leon;herz.;1861_12_03;Santander
Día 63:;;N/A: ;Anduza;cap.;;De San Sebastián en 63 dias frag. esp. Conchita, cap. Anduza, ton. 2, 2, con harina, á los Sres. Enizarán y cp. —Pas. 14.;esp.;Conchita;frag.;1861_12_03;San Sebastián
Día 58:;;N/A: ;Ferrer;cap.;;De la Coruña y Porto-Rico en 58 dias frag. esp. Rosa, cap. Ferrer, ton. 263 con efectos, á los Sres. Rigal, D. y cp. —Pas. 2.;esp.;Rosa;frag.;1861_12_03;la Coruña y Porto-Rico
;;N/A: ;Adams;cap.;;De Cayo-Husso viv. am. Bello of the Cape, cap. Adams, ton. 33, con perno, á los Sres. Schenabellis y cp.;am.;Bello of the Cape;;1861_12_03;Cayo-Husso
Día 52:;;N/A: ;Pls;cap.;;De Amhírea en 52 dias frag. cap. Zéfiro, cap. Pls, ton. 225, con mercancías, á los Sres. Ruízo, Balbizi y compañías.;;Zéfiro;frag.;1861_12_03;Amhírea
Día 15:;;N/A: ;Colo;cap.;;De Portland en 15 dias berg. amer. Black Hawk, capítu. Colo, tons. 291 con maderas, al capitán;amer.;Black Hawk;berg.;1861_12_03;Portland
Día 11:;;N/A: ;Uribes;cap.;;De Yucatán en 11 dias berg. cap. Yucatán, cap. Uribes, ton. 138, con efectos, á los Sres. Bustamante, R. y compañías.;;;berg.;1861_12_03;Yucatán
;;N/A:  | N/A: ;pitan Reed;cap.;04-12-XXXX;Diciembre 4 — De Cayo Hueso. viv. amer. Welcome, cap. pitan Reed, tons. 23. con pecado, & 1-8 Sres. D. F. Schnabel y Cp.;amer.;Welcome;viv.;1861_12_05;Cayo Hueso
Día 51:;;N/A:  | N/A: ;tan Haarken;cap.;;De Amberes en 51 días berg. hol. Havana Packet, cap. tan Haarken, tons. 169: con víveres, & los Sres. Rottman y Ficker.;hol.;Havana Packet;berg.;1861_12_05;Amberes
Día 26:;;N/A: ;Blair;cp.;;De Bath en 26 días frag. amer. Morning Light, cp. Blair, tons. 211, con madera, & a los Sres. D. J. M. Morales y cp.;amer.;Morning Light;frag.;1861_12_05;Bath
Día 65:;;N/A: ;Goitla;cp.;;De Brémen en 65 días berg. exp. Alfredo, cp. Goitla, ton. 20, con mercancías al capitán.;;Alfredo;berg.;1861_12_05;Brémen
Día 66:;;N/A: ;Ibínga;cap.;;De Santander en 66 días berg. cap. Manuela, cap. Ibínga, ton. 190, con harina, al capitán.;;cap. Manuela;berg.;1861_12_05;Santander
Día 78:;;N/A:  | N/A:  | N/A: ;Pizar;cap.;;De Cádiz en 78 días frag. exp. Travista, cap. Pizar, ton. 247, con frutos, al capitán. — Pasag. 77: de ellos 56 de trop.;exp.;Travista;frag.;1861_12_05;Cádiz
Día 65:;;N/A: ;Pifera;cap.;;De Santander en 65 días berg. esp. Teresa, cap. Pifera, ton. 235, con harina, & a los Sres. Rígal. D. y cp.;esp.;Teresa;berg.;1861_12_05;Santander
Día 69:;;N/A: ;Murphy;cap.;;De Amberes en 69 días berg. ing. Triumph, cap. Murphy, ton. 149, con efectos, al capitán.;ing.;Triumph;berg.;1861_12_05;Amberes
Día 63:;;N/A: ;Hinton;cap.;;De Amberes y Portsmouth en 63 días frag. am. Louisa, cap. Hinton, top. 492, con efectos, al capitán.;am.;Louisa;frag.;1861_12_05;Amberes y Portsmouth
Día 17:;;N/A: ;Corbett;cap.;;De New-York en 17 días berg. am. Charles W. King, cap. Corbett, ton. 173, con efectos, al capitán.;am.;Charles W. King;berg.;1861_12_05;New-York
Día 65:;;N/A:  | N/A: ;Halaguer;cap.;;De Santander en 65 días frag. esp. Ciscar, cap. Halaguer, ton. 331, con barinas, & los señores Llanusa y Bermudos.;esp.;Ciscar;frag.;1861_12_05;Santander
Día 55:;;N/A: ;Behavarría;cap.;;De Santander en 55 días berg. cap. María y Juana, cap. Behavarría, ton. 225, con barinas al capitán.;;María y Juana;berg.;1861_12_05;Santander
Día 11:;;N/A:  | N/A: ;Equilazo;cap.;;De Honduras en 11 días gol. esp. Ple. de Honduras, cap. Equilazo, ton. 89, con cueros á los Sres. Serra y cp.;esp.;Ple. de Honduras;gol.;1861_12_05;Honduras
Día 64:;;N/A: ;Rechavarría;cp.;;De Hamburgo en 64 días berg. exp. Poderico, cp. Rechavarría, ton. 219, con mercancías al capitán.;;Poderico;berg.;1861_12_05;Hamburgo
Día 3:;;;;cap.;;De Mobila en 3 días pail. confederado Wm. Ma'lovy, cap.;confederado;Wm. Ma'lovy;pail.;1861_12_06;Mobila
Día 75:;;;Lora;cap.;;De Liverpool en 75 días frag. esp. Esperanza, cap. Lora-;esp.;Esperanza;frag.;1861_12_06;Liverpool
Día 50:;;N/A: ;Alcina;cp.;;De Barcelona en 50 días pol. esp. Luisa, cp. Alcina, ton.;esp.;Luisa;pol.;1861_12_06;Barcelona
Día 10:;;;;p.;;De Liverpool en 10 días berg. e p. N. S. de las Victorias;;N. S. de las Victorias;berg.;1861_12_06;Liverpool
Día 50:;;;Aus-;cap.;;De San Sebastián en 50 días frag. esp. Lasa te, cap. Aus-;esp.;Lasa te;frag.;1861_12_06;San Sebastián
Día 64:;;;López;cap.;;De Burdeos en 64 días berg. esp. San José, cap. López,;esp.;San José;berg.;1861_12_06;Burdeos
Día 25:;;;capitan;cap.;;De Ellsworth en 25 días berg. am. Ocean Wave, capitan;am.;Ocean Wave;berg.;1861_12_06;Ellsworth
Día 9:;;;Kreut-;cap.;;De Vers cruz en 9 días berg. hamb. Toluca, cap. Kreut-;hamb.;Toluca;berg.;1861_12_06;Vers cruz
Día 20:;;;Pe-;cap.;;De St. John (N. B.) en 20 días pail. ing. Harriet, cap. Pe-;ing.;Harriet;pail.;1861_12_06;St. John (N. B.)
Día 68:;;;Mo-;cap.;;De Santander en 68 días berg. esp. Constante, cap. Mo-;esp.;Constante;berg.;1861_12_06;Santander
Día 23:;;;Fritz;cap.;;De Terranova en 23 días frag. ins. Twilight, cap. Fritz,;;Twilight;frag.;1861_12_06;Terranova
Día 15:;;;Dragoon;cap.;;De N. York en 15 días pail. am. Palmetto, cap. Dragoon,;am.;Palmetto;pail.;1861_12_06;N. York
Día 40:;;;Cármen;cap.;;De Liverpool en 40 días frag. cap. Cármen, cap. Arda-;;;frag.;1861_12_06;Liverpool
Día 45:;;;Mende;cap.;;De Liverpool en 45 días frag. esp. Polítena cap. 'Mende-;esp.;Polítena;frag.;1861_12_06;Liverpool
Día 50:;;;Sierra;cap.;;De Cádiz en 50 días frag. esp. Isla, cap. Sierra, ts. 119;esp.;Isla;frag.;1861_12_06;Cádiz
Día 46:;;N/A: ;Rapp;cap.;;De Amsterdam en 46 días frz, hol. Cuba Packet, capitan Rapp, ton. 340, con viveres, á los Sres. Rottman y Finker De Liverpool en 10 días frz, esp. Asunción, cap. Arri-0-a, ton. 210, con mercancías, á los Sres. Scharfenberg, T. y comp.;hol.;Cuba Packet;frz;1861_12_07;Amsterdam
Día 13:;;N/A:  | N/A: ;Pettee;cap.;;De Frankfurt en 13 días berg. am. Anna Elizabeth, cap. Pettee, ton. 175, con maderas y envases, á D. M. A. Herrera y comp.;am.;Anna Elizabeth;berg.;1861_12_07;Frankfurt
Día 21:;;N/A: ;Hubert;cap.;;De Baltimore, en 21 días berg, am. H. A. Bidier, cap. Hubert, ton. 235, con efectos, al capitan.;am.;H. A. Bidier;berg;1861_12_07;Baltimore
Día 15:;;N/A:  | N/A: ;Iron;cap.;;De Filadelfia en 15 días berg, am. Carolina A. White cap. Iron, ton. 175, con maquinaria y efectos, al capitan.;am.;Carolina A. White;berg;1861_12_07;Filadelfia
Día 6:;;N/A: ;Heran;cap.;;De Tampico y Veracruz en 6 días vapor, ing. Clyde, cap. Heran, ton. 297, con efectos, al Sr. Cónsul inglés.-Pasajeros 91.;ing.;Clyde;vapor;1861_12_07;Tampico y Veracruz
Día 40:;;N/A:  | N/A: ;Domiáé;cap.;07-12-XXXX;Diciembre 7. De la Coruña en 40 días berg. Pepillo, cap. pitun Domiáé, ton. 190, con frutos á los Sres. Lopez y cp. - Pasag. 120 de ellos al de tropa.;;Pepillo;berg.;1861_12_08;La Coruña
Día 65:;;N/A: ;Ortolozaga;cap.;;Da Brémen en 65 días berg. esp. María, cap. Ortolozaga, ta. 135, con efectos, á los Sres. Rottman y Finker.;esp.;María;berg.;1861_12_08;Brémen
Día 49:;;N/A:  | N/A: ;García;cap.;;De la Coruña en 49 días frag. esp. Teresa, cap. García, ton. 292, con frutos, á los Sres. Samá, S. y cp. - Pasagoros 40.;esp.;Teresa;frag.;1861_12_08;la Coruña
Día 60:;;N/A: ;Gufeld;cap.;;De Liverpool en 60 días berg. lng. Arenas, cap. Gufeld, ta. 260, con mercancías, á los Sres. Fésser y cp.;lng.;Arenas;berg.;1861_12_08;Liverpool
Día 42:;;N/A: ;Nods;cap.;;De Bilbao en 42 días berg. esp. Bernabé, cap. Nods, ton. 162, con efectos, á los Sres. S. Pelayo P. y cp.;esp.;Bernabé;berg.;1861_12_08;Bilbao
Día 48:;;N/A: ;Julio Dania;cap.;;De Londres en 48 días berg. cap. Julio Dania, cap. Velasco, ta. 180, con arroz. á D. J. de la Portilla.;;;berg.;1861_12_08;Londres
Día 45:;;N/A:  | N/A: ;Víñas;cap.;;De Brémen y St. Thomas en 45 días frar. esp. Piel, cap. Víñas, ton. 230, con arroz y piedras, á los señores Scharfenberg. T. y comp.;esp.;Piel;frar.;1861_12_08;Brémen y St. Thomas
Día 53:;;N/A: ;Arteaga;cap.;;"De Liverpool en 53 días berg. esp. Isuquiza, cap. Arteaga, ton. 193, con mercancías; á los señores Páris, B. y cp. De St. John (N.-B.) en 30 días berg. inz. Evergreen, cap. Letterer, ton. 160, con envas. á los señores D. J. M. Morales y comp.";esp.;Isuquiza;berg.;1861_12_10;Liverpool
Día 59:;;N/A: ;Lachondo;cap.;;De Londres en 59 frag. esp. Lima, cap. Lachondo, ton. 318, con arroz, á los señores Schmidt y Stern.;esp.;Lima;frag.;1861_12_10;Londres
Día 43:;;N/A:  | N/A: ;Curry;cap.;;De Liverpool en 43 días frag. ing. Princesa Royal, capitán Curry. ton. 939, con carbon, á la Compañía del gas.;ing.;Princesa Royal;frag.;1861_12_10;Liverpool
Día 63:;;N/A: ;Rámia;cap.;;De Barcelona en 63 días frag. esp. Balear. cap. Rámia, ton. 493, con frutas, al capitán. - Pasag. 13.;esp.;Balear;frag.;1861_12_10;Barcelona
Día 63:;;N/A: ;Isabel;cap.;;De Santander en 63 días frag. cap. Isabel, cap. Cursi, ton. 222, con harina, al capitán. - Pasag. 6.;;;frag.;1861_12_10;Santander
Día 53:;;N/A: ;García;cap.;;De Cádiz en 53 días berg. esp. Invecible, cap. García, ton. 177, con frutas, al capitán. - Pasag. 4.;esp.;Invecible;berg.;1861_12_10;Cádiz
Día 75:;;N/A:  | N/A: ;Pagés;cap.;;De Curaçao en 75 días pol. esp. Juanita, cap. Pagés, ton. 214, con ral, al cap.;esp.;Juanita;pol.;1861_12_10;Curaçao
;;;Le-Cardinal;comandante;;De Santa Marta (N.-G.) vapor francés de guerra Le-Reinaud, comandante Le-Cardinal.;francés;Le-Reinaud;vapor;1861_12_10;Santa Marta (N.-G.)
Día 73:;;N/A: ;Alverez;cap.;;De Christiansund en 73 días bergantin esp. Crescencia, cap. Alverez, ton. 127, con bacalao al cap.;esp.;Crescencia;berg.;1861_12_10;Christiansund
Día 49:;;N/A: ;N. gueroles;cap.;;De Liverpool en 49 días berg. esp. San José, cap. N. gueroles, ton. 131, con arroz, á los Sres. Páris, B. y comp.;esp.;San José;berg.;1861_12_10;Liverpool
Día 48:;;;alférez de navío don Joaquín del Rey;comandante;;De Cádiz y Canarias en 48 días urra de S M Pinta, comandante el alférez de navío don Joaquín del Rey.;;S M Pinta;urra;1861_12_10;Cádiz y Canarias
Día 69:;;N/A: ;Soló;cap.;;De Barcelona en 69 fr. esp. Florida Blanca, cap. Soló, ton. 463, con frutas, á los Sres. Samá, S. y cp. - Pasag. 7.;esp.;Florida Blanca;fr.;1861_12_10;Barcelona
Día 43:;;N/A: ;Arritola;cap.;;De Brémen en 43 días gol. esp. Santa Cruz, cap. Arritola, ton. 130, con mercancías, á los Sres. Rottman y Finker.;esp.;Santa Cruz;gol.;1861_12_10;Brémen
Día 52:;;N/A: ;Albóniga;cap.;;Del Havre en 52 días berg. esp. Fanatlas, cap. Albóniga ton. 119, con mercancías, á los Sres. Riga, D. y comp.;esp.;Fanatlas;berg.;1861_12_10;Havre
Día 58:;;N/A: ;Meñezona;cap.;;De Liverpool en 58 días berg. esp. Gulpuzano, capitán Meñezona, ton. 295, con arroz, á los Sres. Vósser y comp.;esp.;Gulpuzano;berg.;1861_12_10;Liverpool
Día 23:;23-12-XXXX;N/A:  | N/A: ;Carver;cap.;09-12-XXXX;Diciembre 9 - De New-York en 14 días berg. am. S. G. Adama, cap. Carver, ton. 307, con efectos y vivires á los señores Urici y Barroso. - Pasag. 3.;am.;S. G. Adama;berg.;1861_12_10;New-York
Día 8:;;N/A:  | N/A: ;Morrows;cap.;;De New-York en 8 días pail. am. Phobo, cap. Morrows, ton. 128, con efectos y vivires, á los señores Urici y Barroso. - Pasag. 3;am.;Phobo;pail.;1861_12_10;New-York
Día 9:;;N/A:  | N/A:  | N/A: ;Maristany;cap.;;De Cuba en 9 días berg. esp. Rota, cap. Maristany, ton. 83, con café, á D. L. ti. Barbon.;esp.;Rota;berg.;1861_12_10;Cuba
Día 9:;;N/A: ;Fuentes;cap.;;De Trojillo en 9 días pail. hondureño Delpin, cap. Fuentes, ton. 67, con efectos, á los Sres. Gil, R. y cp.;hondureño;Delpin;pail.;1861_12_10;Trojillo
Día 14:;;N/A: ;Hicks;cap.;;De New-York en 14 días berg. ing. Alliance, cap. Hicks, toneladas 166, con efectos, á los Sres. Reyes. Labat y cp.;ing.;Alliance;berg.;1861_12_10;New-York
Día 20:;;N/A: ;Hill;cap.;;De Portland en 20 días pail. ing. Daniel York. [cap. Hill, ton. 116, con envas. al capitán.;ing.;Daniel York;pail.;1861_12_10;Portland
Día 4:;;N/A:  | N/A:  | N/A: ;Ellison;cap.;;Diciembre 12—De Apalachicos en 4 días pall confederado Onward, cap. Ellison, ton. 70 con aguarrás, al cap. De Bangor en 13 días berg. am. David B. Doane, capitan Veaze, ton. 193, c. en envases y maderas, á lo r. Sres. Adot, S. y comp.;confederado;Onward;pall;1861_12_12;Apalachicos
;;N/A: ;González;cap.;;De Cayo-Hueco vivero am. Northern Light cap. González, ton. 27, con pescado, al cap.;am.;Northern Light;vivero;1861_12_12;Cayo-Hueco
Día 61:;;N/A:  | N/A: ;Rehgwate;cap.;;De Liverpool en 61 días frag. ing. C. N., cap. Rehgwate, ton. 963, con sal y carbon, á D. I. M. Zangroniz y comp.;ing.;C. N.;frag.;1861_12_12;Liverpool
Día 17:;;N/A:  | N/A: ;Jordan;cap.;;De Boston en 17 días frag. am. M. B. Stetson, cap. Jordan, ton. 260, con encajes y piedras, á D. S. C. Burnham y y comp.;am.;M. B. Stetson;frag.;1861_12_12;Boston
Día 16:;;N/A:  | N/A:  | N/A: ;Barker;cap.;;De New- Bedford en 16 días berg. am. Ormus, cap. Barker, ton. 174, con arcos y viveres al capitan.;am.;Ormus;berg.;1861_12_12;New-Bedford
Día 12:;;N/A:  | N/A: ;Carrera;cap.;;Dicimbre 12-De Manila en 165 dias frag. esp. Jesus, cap. Carrera. ton. 303, con arroz y efectos, a los señores Troncory y comp.;esp.;Jesus;frag.;1861_12_13;Manila
Día 1:;;N/A: ;Garcia;cap.;;De la Coruza y Cárdenas en 1 dia del ultimo frag. esp. Rita, cap. Garcia. ton. 159, con futos, a los Srex. Lopez y comp.-Pasag. 17.;esp.;Rita;frag.;1861_12_13;la Coruza y Cárdenas
Día 13:;;N/A:  | N/A: ;Bonnet;cap.;;De Bristol en 13 días pail. am. N. B. Borden, cap. Bonnet ton. 133. con vivires, a los Sres. Adot, S, y cp - Pasag. 1.;am.;N. B. Borden;pail.;1861_12_14;Bristol
Día 12:;;N/A: ;capitán Briga;cap.;;De New Port en 12 días pail. amer. Fanny Feru, cap. capitán Briga, tons. 109, con viviere, a los señores D. M. A. Herrera y cp.;amer.;Fanny Feru;pail.;1861_12_14;New Port
Día 11:;;N/A: ;Hawkins;co.;;De New York en 11 días pail. amer. Virginia, co. Hawkins, tons. 205, con piedra, a los señores Reyes, Labat y comp.;amer.;Virginia;pail.;1861_12_14;New York
;;;A. Coody;comandante;;De Port Royal vapor de S. M. B. Plave, comandante el honorable A. Coody.;;S. M. B. Plave;vapor;1861_12_14;Port Royal
;;;;;;De Cayo Mueco rap. de los Brotados-Unidos Santiago de;;Brotados-Unidos;rap.;1861_12_15;Cayo Mueco
Día 12:;;;capitan;cap.;;De New-York en 12 dias berg. am. Whapps capitan;am.;Whapps;berg.;1861_12_15;New-York
Día 47:;;;Put-het;cap.;;De Barcelona en 47 dias berg. cap. Put-het, cap. Serui,;;;berg.;1861_12_15;Barcelona
Día 12:;;;Hart;cp.;;De Portland en 12 dias gol. amer. J. H. Dalloy, cp. Hart,;amer.;J. H. Dalloy;gol.;1861_12_15;Portland
Día 45:;;;;;;De Liverpool y St. Thomas en 45 dias gol. ing. Souther;ing.;Souther;gol.;1861_12_15;Liverpool y St. Thomas
Día 12:;;;Mc-Dou;cap.;;De Baltimore en 12 dias berg. ing. Laufel, cap. Mc-Dou-;ing.;Laufel;berg.;1861_12_15;Baltimore
;;;Mr;comandante;;De la mar vapor de S. M. B. Bulldog, comandante Mr;S. M. B.;Bulldog;vapor;1861_12_15;la mar
Día 15:;;N/A: ;Isern;cp.;15-12-YYYY;Diciembre 15.—De Manzabillo en 15 días pol. esp. Ron- das, cp. Isern, tons. 135, con cueros, á los Sres. Llanusa y comp.;esp.;Rondas;pol.;1861_12_17;Manzabillo
Día 60:;;N/A: ;Romen-tol;cp.;;De Santander en 60 días pol. esp. Gabriela, cp. Romen- tol, tones. 165, con harina, al capitan.;esp.;Gabriela;pol.;1861_12_17;Santander
Día 6:;;N/A: ;Stickney;cp.;;De Cayo Hueso viv. amor. Artístides, cp. Stickney, tons. 47, con pescado, al capitan.—Pasag. 6.;;Artístides;;1861_12_17;Cayo Hueso
Día 13:;;N/A: ;Cook;op.;;De Boston en 13 días berg. amer. Marine, op. Cook, tons. 213, con efectos, á los Sres. D. M. A. Herrera y comp.;amer.;Marine;berg.;1861_12_17;Boston
Día 15:;;N/A:  | N/A: ;Mir;cp.;;De St. Thomas ou 15 días berz. esp. Morallidad, cp. Mir, tons. 208, en lastro, á los Sres. Font y Cp.—Pasag. 4.;esp.;Morallidad;berz.;1861_12_17;St. Thomas
Día 2:;;;Mr. Rathaway;comand.;;De Nassau en 2 días cañonera de lícito de S. M. B. Nim-ble, comand. Mr. Rathaway.;lícito de S. M.;B. Nim-ble;cañonera;1861_12_17;Nassau
Día 13:;;N/A:  | N/A: ;Meuns;cap.;;De Boston en 13 días berg. amer. Lincoln, cap. Meuns, tons. 100, con efectos, al capitan.—Pasag. 3.;amer.;Lincoln;berg.;1861_12_17;Boston
Día 15:;;N/A: ;Ba- tista;cap.;;De Campecho en 15 días berg. mejic. Hércules, cap. Ba- tista, ton. 108, con cueros, á los Sres. Bustamante, Romero y comp.;mejic.;Hércules;berg.;1861_12_17;Campecho
Día 54:;;N/A: ;Van der-Gast;cap.;17-12-XXXX;Diciembre 17-De Amsterdam en 54 días berg. hol. Nepenthus, cap. Van der-Gast, ton. 160, con viveres, á D. J. M. Morales y comp.;hol.;Nepenthus;berg.;1861_12_18;Amsterdam
Día 88:;;N/A:  | N/A: ;Henelin;cap.;;De Trieste en 88 días frag. russ Aeku, cap. Henelin, ton. 414, con heno y mármoles, á los Sres. Meyer y comp.;russ;Aeku;frag.;1861_12_18;Trieste
Día 50:;;N/A: ;Beckleondorf;cap.;;De Amberes y Falmouth en 50 días del segundo berg, da- nés Conrad Henrik, cap. Beckleondorf, ton. 300, con efectos, á los Sres. Runge, B. y comp.;danés;Conrad Henrik;berg;1861_12_18;Amberes y Falmouth
Día 15:;;N/A: ;McDonald;cap.;;De Portland en 15 días berg. am. Elmira, cap. McDonald, ton. 149, con maderas, á D. C. P. Fisher.;am.;Elmira;berg.;1861_12_18;Portland
Día 12:;;N/A:  | N/A: ;Heaveus;cap.;;De Nueva-York en 12 días frag. am. Charles Edwin, cap. Heaveus, ton. 287, con mercancías y viveres, á los re- flores Gomez y Salas.—Passageros 12.;am.;Charles Edwin;frag.;1861_12_18;Nueva-York
Día 63:;;N/A: ;Alemany;cap.;;De Valencia en 63 dias berg. esp. Tres Hermanos, cap. Alemany, ton. 260, con frutos, á los señores Samá, S. y comp.—Pasajeros 4.;esp.;Tres Hermanos;berg.;1861_12_19;Valencia
Día 48:;;N/A:  | N/A: ;Neto;cap.;;De Barcelona en 48 dias frag. esp. Plus-Ultra, cap. Neto, ton. 650, con frutos, á los señores Mestro y comp.—Pasajeros felices con 261 de tropa.;esp.;Plus-Ultra;frag.;1861_12_19;Barcelona
Día por hacer agua:;;;Caughling;cap.;;De arribada por hacer agua gol. ing. Hermosa, capitán Caughling, que había salido el 16 para Nassau.;ing.;Hermosa;gol.;1861_12_19;
Día 7:;;N/A: ;Mercuirier;cap.;;De New-York y Nassau en 7 dias vapor inglés Karnak, cap. Mercuirier ton. 973, con efectos, á los señores D. J. M. Morales y comp.—Pasag. 94.;inglés;Karnak;vapor;1861_12_19;New-York y Nassau
Día 63:;;N/A: ;Diaz;cap.;;De Santander y Rivadeo en 63 dias frag. esp. Teresita, cap. Diaz, ton. 155, con harina, á D. G. Madrazo—P. 7.;esp.;Teresita;frag.;1861_12_19;Santander y Rivadeo
Día 66:;;N/A: ;Benguecha;cap.;;De Christiansund y Madeira en 66 dias berg. esp. Vencedor, cap. Benguecha, ton. 123, con bacalao, al cap.;esp.;Vencedor;berg.;1861_12_19;Christiansund y Madeira
Día 56:;;N/A: ;Mirambell;cap.;;De Barcelona en 56 dias pol. esp. Rosalia, cap. Mirambell, ton. 2:3, con frutos, á los Sres. Solá y Carbonell.—Pasajeros 4.;esp.;Rosalia;pol.;1861_12_19;Barcelona
Día 12:;;N/A:  | N/A: ;Hall;cap.;;De New-York en 12 dias gol. am. Narraganset, cap. Hall, ton. 223, con mercancías y víveres á los Sres. Gomez y Salas.;am.;Narraganset;gol.;1861_12_19;New-York
Día 31:;;N/A: ;Echeverría;cap.;19-12-XXXX;Diciembre 19—De Santander en 31 días frag. esp. Jóven Emilia, cap. Echeverría, ton. 260, con harina, á los Sree Samá, S. y cp.;esp.;Jóven Emilia;frag.;1861_12_20;Santander
Día 46:;;N/A: ;Garraton;cap.;;De Cádiz en 46 días berg. esp. Veloz, cap. Garraton, ton. 131, con frutas, á D. J. M. Morales y cp.—Párag. 10.;esp.;Veloz;berg.;1861_12_20;Cádiz
Día 6:;;N/A: ;Donkin;cap.;;De Baltimore en 6 días vapor am. Baltimore, cap. Donkin, ton. 250, con efectos, á D. N. J. Gomez y cp.—Paragoros 3.;am.;Baltimore;vapor;1861_12_20;Baltimore
Día 46:;;N/A: ;Llenas;cap.;;De Santander en 46 días frag. esp. Pepita, cap. Llenas, ton. 252, con harina, á los Sree. Samá, S. y cp.;esp.;Pepita;frag.;1861_12_20;Santander
;;;Mr. Coovio;comandante;;De Cayo Huevo cañonera de S. M. N. Plover, comandante Mr. Coovio.;S. M.;Plover;cañonera;1861_12_20;Cayo Huevo
Día 61:;;N/A: ;Simons;cap.;;De Cardiff en 61 días frag. prus. Mania, cap. Simons, ton. 600, con carbon, á la Comp. del Gas.;prus.;Mania;frag.;1861_12_20;Cardiff
Día 38:;;N/A: ;Fano;cap.;;De Santander en 38 días berg. esp. Couchita, cap. Fano, ta. 248, con harina, á los Sree. Villa y cp.;esp.;Couchita;berg.;1861_12_20;Santander
Día 16:;;N/A: ;Given;cap.;;De Portland en 16 días pail. amer. Hillow, cap. Given, ta. 103, con envase, á los Sree. D. N. Gomez y cp.;amer.;Hillow;pail.;1861_12_20;Portland
Día 9:;;;;;;De New-York y cayo-Hineso en 9 di m vapor am. John;am.;John;vapor;1861_12_21;New-York y cayo-Hineso
Día 53:;;N/A:  | N/A: ;Antonieta cap. Solá;cap.;;De Génova y Barcelona en 53 días frag. cap. Antonieta cap. Solá, ton. 320, con efectos á los Sres. Solá, Carbonel y comp. - Pasag. 53.;;;frag.;1861_12_22;Génova y Barcelona
Día 5:;;;Mr. Jonquieres;comandante;;De St. Thomas en 5 días vapor francés do guerra Bertholet, comandante Mr. Jonquieres.;francés;Bertholet;vapor;1861_12_22;St. Thomas
;;N/A: ;Reid;cap.;;De Cayo-Hueco vivero am. Welcome, cap. Reid, ton. 27, con pescado, á los Sres. Schnabelius y comp.;am.;Welcome;vivero;1861_12_22;Cayo-Hueco
Día 39:;;N/A: ;Lopez;cap.;;De Cádiz en 39 días berg. cap. General Ros de Olano, cap. Lopez, ton. 120, con pertrechos, á D. J. de la Portilla.;;General Ros de Olano;berg.;1861_12_22;Cádiz
Día 29:;;;;;;De New-Orleans, 29 días bal. conf. William Henry;;William Henry;bal.;1861_12_26;New-Orleans
Día 66:;;N/A: ;Victoria;cap.;;De Barcelona en 66 días frag. cap. Victoria, cap. Xibller, ton. 242, con frutos, á los Sres. Rigal, Dardai y comp. -Pan. 21.;;;frag.;1861_12_26;Barcelona
Día 32:;;N/A: ;Ripoll;cap.;;De Veneruz y Sisal en 32 días frag. española Paloina de Canturaz, cap. Ripoll, ton. 360, con efectos, al cap. -Pasag. 8.;española;Paloina de Canturaz;frag.;1861_12_26;Veneruz y Sisal
Día 23:;;N/A: ;Josefa;cap.;;De Ponce (P. R.) en 23 días pol. cap. Josefa, cap. Villalongu, ton. 144, con frutos, á los señores Rafeas, Villa y comp. -Padía.;;;pol.;1861_12_26;Ponce (P. R.)
Día 14:;;;Oil-;cap.;;De Tamariz en 14 días ber. incó. Mischel, cap. Oil-;;incó. Mischel;ber.;1861_12_26;Tamariz
Día 29:;;N/A:  | N/A: ;Hansshaw;cap.;;De Grinsby en 29 días vapor ing. Labuan, cap. Hansshaw, ton. 723, con efectos, á los Sres. Kopbe, L. y cp. De Matanzas en 1 día berg. cap. Remedios, cap. Zulech, ton. 191, con frutos, á D. G. Madrazo.;ing.;Labuan;vapor;1861_12_27;Grinsby
Día 21:;;N/A: ;Kepech;cap.;;De Laguna de Términos en 21 días berg. hannor. Atlántic. cap. Kepech, ton. 166, con palo de tinte, al capitan.;;Atlántic;berg.;1861_12_27;Laguna de Términos
Día 13:;;N/A: ;Horday;cap.;;De Nueva-York en 13 días pail. am. Althea, cap. Horday, ton. 100, con viteres, á los Sres. Ulrici y Barroso.;am.;Althea;pail.;1861_12_27;Nueva-York
Día 5:;;;Nicolás Chicano;cap.;;De Vera cruz en 5 días vapor de S. M. Francisco de Asís, comandante el Sr. capitante návio D. Nicolás Chicano.;;Francisco de Asís;vapor;1861_12_27;Vera cruz
;;;Mr. Wilson;comandante;;De Cayo-Huexo paíl. de los Estados Unidos Nompareil, comandante Mr. Wilson.;Estados Unidos;Nompareil;paíl.;1861_12_28;Cayo-Huexo
Día 14:;;;Mr. Lago;comandante;;De Port-Royal (Jamaica) en 14 días vap. frág. de guerra (Chapal), comandante Mr. Lago.;;frág. de guerra (Chapal);vap.;1861_12_28;Port-Royal (Jamaica)
Día 15:;;N/A: ;Strout;cap.;;De Portland en 15 días frag. am. Merrimac, cap. Strout, ton. 336, con vases, a los Sres. Burnham y cp.;am.;Merrimac;frag.;1861_12_28;Portland
Día 14:;;N/A:  | N/A: ;Frederic Lemming;cap.;;De Nueva-York, en 14 días frag. am. Archer, Frederic Lemming cap. Seinner, ton. 316, con mercancías y víveres, a los Sres. Urric y Barroso.;am.;Archer;frag.;1861_12_28;Nueva-York
Día 14:;;N/A: ;Eddy;ep.;;De Bristol en 14 días berg. am. Croton, ep. Eddy, tn. 141, con víveres, al cap.;am.;Croton;berg.;1861_12_28;Bristol
Día 6:;;N/A: ;Ramentol;cap.;;De Barcelona y Cartagena en 6 días pol. esp. Manuela, cap. Ramentol, ton. 125, con frutos, a los Sres. Rígal, Dar-det y compañía.;esp.;Manuela;pol.;1861_12_28;Barcelona y Cartagena
Día 14:;;N/A:  | N/A: ;Hansen;cap.;;De Matamoros en 14 días paíl. ing. Isaac Toney, capitán Hansen, ton. 134, con mulas y efectos, a los Sres. Demestre y comp.—Pasag. 6.;ing.;Isaac Toney;paíl.;1861_12_28;Matamoros
;;;Mr. Kennedy;comandante;;De la mar frag. de helice de S. M. B. Challenger, comandante Mr. Kennedy.;;Challenger;frag.;1861_12_28;
;;;Mr. Grand;comandante;;De la mar vapor de S. M. B. Steady, comandante Mr. Grand.;;S. M. B. Steady;vapor;1861_12_28;la mar
;;;Mr. Coovy;comandante;;De la mar vapor de S. M. B. Plower, comandante Mr. Coovy.;;S. M. B. Plower;vapor;1861_12_28;la mar
;;;Mr. Rose;cap.;;De la mar navío de helice francés Massena, comandante el capitán de navío Mr. Rose, Conduce al Almirante Mr. J. le Graville.;francés;Massena;helice;1861_12_28;
;;;Mr. Selva;comandante;;De la mar frag. de helice francesa de guerra Guerriere, comandante Mr. Selva.;francesa;Guerriere;frag.;1861_12_28;
;;;Mr. Gizolme;comandante;;De la mar frag. de helice francesa de guerra L'Ardeute, comandante Mr. Gizolme.;francesa;L'Ardeute;frag.;1861_12_28;
;;;Mr. Duval;comandante;;De la mar frag. de helice francesa de guerra L'Astre, comandante Mr. Duval.;francesa;L'Astre;frag.;1861_12_28;
;;N/A: ;Armaro;cap.;;De Cayo-Hueso viv. am. Julia Latham, cap. Armaro, ton. 20, con pescado, a D. Francisco Marty.;am.;Julia Latham;viv.;1861_12_29;Cayo-Hueso
Día 13:;;N/A:  | N/A: ;Beatty;cap.;;De New York en 13 pail. am. Florence Rogers, capitan Beatty, 522, con mercancía y viviendas, a los Sres. Gómez y Salas, Pasage-5.;am.;Florence Rogers;pail.;1861_12_29;New York
Día 10:;;N/A:  | N/A:  | N/A: ;Baillen;cap.;;De Guadalupe en 10 días frag. frac. Ocean. cap. Baillen ton. 292, en lastr. a los Sres. Cahuazac H.;frac.;Ocean;frag.;1861_12_29;Guadalupe
Día 5:;;N/A: ;J ewton;cap.;;De Nassau en 5 días berg. ing. Byron, cap. J ewton, ton. 191, con sal, al capitán.;ing.;Byron;berg.;1861_12_29;Nassau
;;;Mr. Ross;comandante;;De la mar corb. de helice de S. M. B. Desperate, comandante Mr. Ross.;;Desperate;corb.;1861_12_29;
Día 4:;;;Brant;cap.;;De Jamaica en 4 días cap. francés de guerra Marceau, con. Mr. Brant.;;Marceau;francés de guerra;1861_12_29;Jamaica
Día 7:;;N/A: ;Rios;cap.;;De Sial en 7 días gol. esp. cap. Adela, cap. Rios, ton. 161, con efectos, a los Sres. Rígal, D. y cp.;esp.;Adela;gol.;1861_12_29;Sial
Día 4:;;N/A: ;Arriaga;cap.;;De Veracruz en 4 días vapor esp. Pájaro del Océano, capitan Arriaga, en laure, á los Sres. Herrera, B. y comp.;esp.;Pájaro del Océano;vapor;1861_12_31;Veracruz
Día 40:;;N/A:  | N/A:  | N/A: ;Llano;cap.;;Do Santander en 40 días berg. cap. Llano, cap. Andujar, ton. 127, con barina, al capitán. - Pasag. 1.;;;berg.;1861_12_31;Santander
Día 5:;;;Mr. Stewart;comandante;;De Nassau en 5 días berg. transporte de S. M. H. Georgina comandante Mr. Stewart.;;transporte de S. M. H. Georgina;berg.;1861_12_31;Nassau
Día 07:;07-01-2024;;Safo;cap.;30-12-2023;Diciembre 30. - De Cienfuegos en 8 días berg. cap. Safo,;;;berg.;1861_12_31;Cienfuegos
