arrival_date;arrival_date_calc;cargo_list;crew_number;forced_arrival;master_name;master_role;parsed_text;passenger_account;publication_day;quarantine;raw_text;ship_flag;ship_name;ship_tons_capacity;ship_tons_unit;ship_type;source_file;travel_departure_port;travel_duration_unit;travel_duration_value
Dia 15:;;N/A: ;;;Albury;cap.;;;;;Dia 15: De Nassau en 5 dias pail. ing. Star, cap. Albury, tons.;ing.;Star;;;pail.;1871_02_16;Nassau;;
Día 25:;;N/A: ;;;;cap.;;;;;111, con sal, & Ruthven, Whitman y cp. - St. John (N. B.) en 25 dias berg. ing. Otonoco, cap.;ing.;Otonoco;;;berg.;1871_02_16;St. John (N. B.);;
;;;;;Latirtegni;cap.;;;;;-Pto. Rico vap. esp. Triunfo, cap. Latirtegni.;esp.;Triunfo;;;vap.;1871_02_16;Pto. Rico;;
;;;;;Se il;cap.;;;;;Cárdenas gol. am Maggie Cam, cap. Se il;am;Maggie Cam;;;gol.;1871_02_16;Cárdenas;;
Día 1:;;;;;;cap.;;;;;Cayo Hueso en un dia vap. am, Tappahannock, cap.;am;Tappahannock;;;vap.;1871_02_17;Cayo Hueso;;
Día 1:;;;;;Bocker;cap.;;;;;-Cayo Hueso en un dia gol. hond. Indio, cap. Bocker,;hond.;Indio;;;gol.;1871_02_17;Cayo Hueso;;
Día 16:;;N/A: ;;;Rainding;cap.;;;;;-Sisal en 16 dias berg. ing. British Quoon, cap. Rainding, tons. 113, con ral, a S. Villaverde.;ing.;British Quoon;;;berg.;1871_02_17;Sisal;;
;;N/A: ;;;Pyforin;cap.;;;;;Pose, cap. Pyforin. tons. 23, con pescado vivo. A V.;;;;;;1871_02_17;;;
;;N/A: ;;;Marweck;cap.;;;;;cap. Marweck. tons. 501 con efectos, á B. Moll y;;;;;;1871_02_17;;;
Día 15:;;N/A: ;;;;cap.;;;;;ton. 12, en bacalao, á Ruthven W. y comp. - New York en 15 dias gol. amer. Ella Amsilon, cap.;amer.;Ella Amsilon;;;gol.;1871_02_18;New York;;
Dia 17:;;;;;Tiragalo;cap.;;;;;Dia 17: Para Barcelona berg. cap. Los Emilios, cp. Tiragalo;;Los Emilios;;;berg.;1871_02_18;Barcelona;;
;;;;;Agnew;cap.;;;;;New Orleans vap. ing. Lord Lowell, cap. Agnew.;ing.;Lord Lowell;;;vap.;1871_02_18;New Orleans;;
;;;;;Penny;cap.;;;;;-Caibarien gol. ing, Astra, cap. Penny.;ing;Astra;;;gol.;1871_02_18;Caibarien;;
Día 18:;;N/A:  | N/A: ;;;Jaureguizar;cap.;;;;;Dia 18. De Cádiz y escalas en 18 dias vap. cor. esp. Antonio Lopez, cap. Jaureguizar, ton. 510, con frutos & Samá ,;esp.;Antonio Lopez;;;vap.;1871_02_19;Cádiz;;
Día 18:;;;;;Keina;cap.;;;;;Dia 18. Para Cara las boa. esp. Ana, cap. Keina. -New-Orleans y escalas vap. fam. Tappahannock,;esp.;Tappahannock;;;vap.;1871_02_19;New Orleans;;
;;;;;Orts;cap.;;;;;-Genova, via Cárdenas pol. esp. Beatriz, cap. Orts.;esp.;Beatriz;;;pol.;1871_02_19;Cárdenas;;
;;;;;Coan;cap.;;;;;Boston gol. am. Addie M. Chadwick, cap.  Coan.;am.;Addie M. Chadwick;;;gol.;1871_02_19;Boston;;
;;;;;Adams;cap.;;;;;-New York vap. amor. Morro Castle, cap. Adams.;;Morro Castle;;;vap.;1871_02_19;New York;;
Día 19:;;;;;;cap.;;;;;Dia 19. Do Veracruz en 3 dias vap. francés Guadeloupe, cap.;francés;Guadeloupe;;;vap.;1871_02_21;Veracruz;;
Día 15:;;;;;;cap.;;;;;Mr. Poland. - New York on 15 dias berg. ing. M. A. Herrera, cap.;ing.;M. A. Herrera;;;berg.;1871_02_21;New York;;
;;N/A: ;;;Milohrust;cap.;;;;;ing. Atlantic, cap. Milohrust, tons. 473, on lastre, á;ing.;Atlantic;;;;1871_02_21;;;
Día 3:;;N/A:  | N/A:  | N/A: ;;;Deaken;cap.;;;;;la órden. - Veracruz y Sisal en 3 dias vap. amor. City of Merida. cap. Deaken, tons. 1970, con efectos, & Zaldo y cp.;;City of Merida;;;vap.;1871_02_21;Veracruz y Sisal;;
Día 12:;;N/A: ;;;Mo Cormick;cap.;;;;;Satilla (Georgia) on 12 dias gol. amer. Robert Caldwell, cap. Mo Cormick, tons. 349, oon maderas, &;amer.;Robert Caldwell;;;gol.;1871_02_21;Satilla (Georgia);;
Día 20:;;N/A:  | N/A:  | N/A: ;;;Puning;cap.;;;;;Dia 20. Do New York en 6 dias vap. amer. Havana, cap. Puning, tons. 500, con efectos, á Zaldo y cp.-Pasajeros 1. - N. Orleans en 8 dias goleta americana F. R. Bairs,;amer.;Havana;;;vap.;1871_02_21;New York;;
Día 20:;;;;;Bennis;cap.;;;;;Dia 20. Para New York berg. amer. Havana, cap. Bennis.;amer.;Havana;;;berg.;1871_02_21;New York;;
;;;;;Sitchee;cap.;;;;;-St. Thomas y escalas vap. esp. Pelayo, cap. Sitchee. - Sagua gol. amer. Henry Adalbert, cap, Fiske.;esp.;Pelayo;;;vap.;1871_02_21;St. Thomas;;
Día 20:;;;;;Brown;cap.;;;;;Dia 20 De Pauzacola en 20 dias gol. amer. Beta, cap. Brown, ts.;amer.;Beta;;;gol.;1871_02_22;Pauzacola;;
Día 17:;;N/A: ;;;;cap.;;;;;Keso, ton. 267, con cortes do caja, á Zaldo y comp - Baltimoro en 17 dias berg. amer. Addio Hale, cap.;amer.;Addio Hale;;;berg.;1871_02_22;Baltimoro;;
;;N/A: ;;;Bossie;cap.;;;;;cap. Bossie, tons. 390 en lastre. & Ducatel.-Pags. 159;;;;;;1871_02_22;;;
Día 6:;;N/A:  | N/A:  | N/A:  | N/A: ;;;Ferran;cap.;;;;;[colonos asiaticos). - Sisal en 6 dias, pol. esp. Dos Magdalenas, cap. Ferran, ts. 177 con frutos & Llanasa y Cp.;esp.;Dos Magdalenas;;;pol.;1871_02_22;;;
;;;;;Crowell;cap.;;;;;form _- New York gol. am. John H. Hancock, cap. Crowell;am.;John H. Hancock;;;gol.;1871_02_22;New York;;
;;;;;Godwood;cap.;;;;;-Cayo Hueso gol. am. Thomas P. Barkalow, cap. Godwood;am.;Thomas P. Barkalow;;;gol.;1871_02_22;Cayo Hueso;;
;;;;;Sagro;cap.;;;;;-Bilbao berg. eap. Pepita, cap. Sagro;;eap. Pepita;;;berg.;1871_02_22;Bilbao;;
Día 16:;;N/A: ;;;Zabalendicochea;cap.;;;;;Dix 2: De Liverpool en 16 dias barca eap. Sales, cap. Zabalendicochea, ta. 506, con mercs., A Matbias IIs. - Bosten en 12 dias berg. am. Adello Mc Loon, capitan;am.;Adello Mc Loon;;;barca;1871_02_23;Liverpool;;
Día 68:;;;;;Mr. Nicholson;cap.;;;;;-Jamaica frag. de vapor de S. M, B. Royal Afred, comandante Mr. Nicholson.-Conduco al vice-almirante Franshawe. - Palma de Mallorca en 68 dias corb. esp. Gerion, cap.;esp.;Royal Afred;;;frag.;1871_02_23;Jamaica;;
Dia 22:;;;;;Márquez;cap.;;;;;Dia 22: Para Marsella berg. esp. Villa de Tiedra. cap. Márquez.;esp.;Villa de Tiedra;;;berg.;1871_02_23;Marsella;;
;;;;;Senandes;cap.;;;;;-Coruña berg. cap. Nuevo Pepillo, cap. Senandes.;;Nuevo Pepillo;;;berg.;1871_02_23;-Coruña;;
;;;;;Baldwin;cap.;;;;;-Caibarien gol. ing. Cuba, cap. Baldwin.;ing.;Cuba;;;gol.;1871_02_23;Caibarien;;
;;;;;Planas;cap.;;;;;-Barcelona berg. ep. Beatriz, cap. Planas.;;Beatriz;;;berg.;1871_02_23;Barcelona;;
Día :;;N/A: ;;;Pons;cap.;;;;;Puchet, cap. Pons, tons. 320, en lastre, à Rafocas y;;;;;;1871_02_24;;;
Día 23:;;;;;Oar;cap.;;;;;Dia 23. Para Cardonas gol, am. Grace Webster, cap. Oar. - Matanzas berg. am. Martha A, Berry, cap. Chase.;am.;Grace Webster;;;gol.;1871_02_24;Cardonas;;
;;;;;Barbour;cap.;;;;;-Cárdenas gol. am. Emily Curls, cap. Barbour.;am.;Emily Curls;;;gol.;1871_02_24;Cárdenas;;
;;;;;;cap.;;;;;-New York, via Cárdenas, gol. am. Kate Ranger, cap.;am.;Kate Ranger;;;gol.;1871_02_24;Cárdenas;;
;;;;;Zaragoza;cap.;;;;;-Montevideo y Buenos Aires berg. esp. Amable RoRa, cap. Zaragoza;esp.;Amable RoRa;;;berg.;1871_02_24;Montevideo y Buenos Aires;;
;;;;;Fonellós;cap.;;;;;Marsella berg. esp. Progreso, cap. Fonellós.;esp.;Progreso;;;berg.;1871_02_24;Marsella;;
;;;;;Galt;cap.;;;;;New Orleans y escalas vap. am. Lavaca, cap. Galt.;am.;Lavaca;;;vap.;1871_02_24;New Orleans;;
Día 14:;;N/A:  | N/A: ;;;Ryan;cap.;;;;;ton. 723, con efectos A la órden. --St. John (N. B.] en 14 dias berg. gol. ing. Lilly, capitan Ryan, tons. 220, con bacalao, á Ruthren.;ing.;Lilly;;;berg.;1871_02_25;St. John (N. B.);;
Día 1:;;;;;Suriol;cap.;;;;;-Matanzas on 1 dia berg. esp. Miguel cap. Suriol, tns.;esp.;Miguel;;;berg.;1871_02_28;Matanzas;;
Día 27:;;N/A:  | N/A:  | N/A:  | N/A: ;;;Andrews;cap.;;;;;Albizurijtne. 100 con mercancias & N. Deulofeu . PaBags. 12. -Bath (Maine) en 23 dias gol. am. Eva May. cap. An• drews, tns. 265, con hielo, & Haarestron y op. Dia 27,;am.;Eva May;;;gol.;1871_02_28;Bath (Maine);;
;;;;;Smith;cap.;;;;;Para N. Orleans berg. am. R, W. Messer. cap. Smith.;am.;R, W. Messer;;;berg.;1871_02_28;N. Orleans;;
Día 3:;;;;;Cathari;cap.;;;;;De N. Orleans en 3 dias van, am, Xazoo, Cap. Cathari-;am;Xazoo;;;;1871_02_28;N. Orleans;;
;;;;;Gammon;cap.;;;;;N. York berg. ing. Chief, cap. Gammon.;ing.;Chief;;;berg.;1871_02_28;N. York;;
;;;;;Freoman;cap.;;;;;-Boston berg. am. J. Howland. cap. Freoman,;am.;J. Howland;;;berg.;1871_02_28;Boston;;
;;;;;Smith;cap.;;;;;-N. Orleans gol. am. James O'Donohue, .cap. Smith.;am.;James O'Donohue;;;gol.;1871_02_28;N. Orleans;;
;;;;;Alvarez;cap.;;;;;Cádiz pol. esp. Emilia cap. Alvarez;esp.;Emilia;;;pol.;1871_02_28;Cádiz;;
Dia 27:;;;;;Timmerman;cap.;;;;;-Sisal y Veracruz vap. am. City of México cap. Timmerman. Dia 27:;am.;City of México;;;vap.;1871_02_28;Sisal y Veracruz;;
;;;;;Leighton;cap.;;;;;Para Santandor boa. esp. Primera Sosana oap. Presno -Calbarien berg. am. Mary E. Leighton cap. Leighton.;am.;Mary E. Leighton;;;berg.;1871_02_28;Santandor;;
Día 2:;;N/A: ;;;;cap.;;;;;1. Gassol y op.-Pasajeros 5. -C. Huco en 2 dias gol. amer Sarah J. Bright, cap.;amer;Sarah J. Bright;;;gol.;1871_03_01;;;
Día 11:;;N/A:  | N/A: ;;;Lémns;cap.;;;;;tons. 237, con efectos, & Zaldo y cp. - St. Thomas y escalas en 11 dias vap. esp. Moctezuma, cap. Lémns, tons. 520, con efectos, & R. Herrera.;esp.;Moctezuma;;;vap.;1871_03_02;St. Thomas;;
Día 9:;;;;;Gilet;cap.;;;;;-Guayanilla en 9 dias pol. esp. Victoria, cap. Gilet,;esp.;Victoria;;;pol.;1871_03_02;Guayanilla;;
;;N/A: ;;;Bartlett;cap.;;;;;W. Bartlett, cap. Bartlett, tons. 300 con efectos, á;;;;;;1871_03_02;;;
;;;;;Salveraen;cap.;;;;;CALIZA, Para Falmouth berg. nor. Fatum, cap. Salveraen.;nor.;Fatum;;;berg.;1871_03_02;CALIZA;;
;;;;;Aparicio;cap.;;;;;-Barcelona y el extranjero berg. esp. Pepa, cap. Aparicio. --Sevilla borg. esp. San José, cap. A guris.;esp.;Pepa;;;berg.;1871_03_02;Barcelona;;
;;;;;Brunot;cap.;;;;;New York berg. esp. Virgenes, cap. Brunot.;esp.;Virgenes;;;berg.;1871_03_02;New York;;
;;;;;Coombs;cap.;;;;;New York berg. amer. Clara Jenkins, cap. Coombs.;amer.;Clara Jenkins;;;berg.;1871_03_02;New York;;
;;;;;Gibbon;cap.;;;;;-Bos ou berg. ing. Nereus, cap. Gibbon.;ing.;Nereus;;;berg.;1871_03_02;;;
;;;;;Barbice;cap.;;;;;-Sagua gol. amer. Tropic Bird, cap. Barbice.;amer.;Tropic Bird;;;gol.;1871_03_02;Sagua;;
Dia 2:;;;;;Soucɛsen;cap.;;;;;Dia 2: Para Falmouth berg. sueco Charles, cap. Soucɛsen.;sueco;Charles;;;berg.;1871_03_03;Falmouth;;
;;;;;Mc Bride;cap.;;;;;-Cabo Hatteras, via Matanzas, berg. ing'és Goldfinder, cap. Mc Bride.;ing.;Goldfinder;;;berg.;1871_03_03;Cabo Hatteras;;
;;;;;Duncan;cap.;;;;;-N. Orleans berg. am. Sarah E. Kennedy, cap. Duncan.;am.;Sarah E. Kennedy;;;berg.;1871_03_03;N. Orleans;;
;;;;;Colson;cap.;;;;;-N, Orleans berg. am. H. C. Sibley, cap. Colson.;am.;H. C. Sibley;;;berg.;1871_03_03;Orleans;;
;;;;;Lloret;cap.;;;;;-Valenois berg. esp. San Bruno, cap. Lloret.;esp.;San Bruno;;;berg.;1871_03_03;;;
;;;;;Clifford;cap.;;;;;-N. York gol. am. Sylvan, cap. Clifford.;am.;Sylvan;;;gol.;1871_03_03;N. York;;
;;;;;Eatou;cap.;;;;;Cornwallis berg. inglés Union, cap. Eatou.;inglés;Union;;;berg.;1871_03_03;;;
;;;;;Mar.;cap.;;;;;-Sagua la Grando gol. ing. Brothers Pride, cap. Mar.;ing.;Brothers Pride;;;gol.;1871_03_03;Sagua la Grando;;
;;;;;Evensen;cap.;;;;;New Orleans frag. nor. Elpis, cap. Evensen.;nor.;Elpis;;;frag.;1871_03_03;New Orleans;;
;;;;;Plá;cap.;;;;;Baroclona pol. esp. Angela, cap. Plá.;esp.;Angela;;;pol.;1871_03_03;;;
;;;;;Fábregas;cap.;;;;;-Barcelona pol. esp. Soledad, cap. Fábregas.;esp.;Soledad;;;pol.;1871_03_03;Barcelona;;
Día 11:;;N/A:  | N/A: ;;;Austin;cap.;;;;;De Now-York, en 11 dias, berg. am. B. Inginao, cap. Austin, ton. 235, con efectos & G. Ramos y Cp.;am.;B. Inginao;;;berg.;1871_03_04;Now-York;;
Día 1:;;N/A:  | N/A: ;;;Green;cap.;;;;;De Cayo-Hueso, en un dia, viv. am. Carlos Barry, cap. Green, tons. 36, con pescado vivo, & V. Carabia.;am.;Carlos Barry;;;viv.;1871_03_04;Cayo-Hueso;;
Día 1:;;N/A:  | N/A: ;;;Warfeld;cap.;;;;;De Cayo Hueso, en 1 dia, viv, am. J. Sawyer, capitan Warfeld, tons. 40, con pescado vivo, & V. Carabia.;am.;J. Sawyer;;;viv;1871_03_04;Cayo Hueso;;
Día 6:;;N/A:  | N/A: ;;;Phillips;cap.;;;;;Do New-York, en 6 dias, vap. am. Cleopatra, capitan Phillips, tons. 1020, con efectos á Zaldo y Cp,-Pasageros 9. _ New Orleans en 3 dias vapor germánico Frankfort,;am.;Cleopatra;;;vap.;1871_03_04;New-York;;
;;N/A:  | N/A:  | N/A: ;;;Barro;cap.;;;;;cap. Barro, tons. 2500 con efectos, Upman y C.Pasageros 8 y 11 de tránsito.;;Upman;;;;1871_03_04;;;
;;;;;Benguria;cap.;;;;;Para Falmouth, berg. esp. Ubidea, cap. Benguria.;esp.;Ubidea;;;berg.;1871_03_04;Falmouth;;
;;N/A:  | N/A:  | N/A: ;;;Reed;cap.;;;;;Cuba, cap. Ojinaga, tons. 800, con frutos, á Samá, Sotolongo yep-Pas. 1050. _New Orleans vapor am. Liberty, cap. Reed, ton. 740,;am.;Liberty;;;vapor;1871_03_05;Cuba;;
Dia 1:;;;;;;cap.;;;;;Dia 1: Para St. Thomas y escalas vap. osp. Moctezuma, cap.;;Moctezuma;;;vap.;1871_03_05;St. Thomas;;
;;;;;Rich.;cap.;;;;;Sagua gol. am. Abbot Doveroux, cap. Rich.;am.;Abbot Doveroux;;;gol.;1871_03_05;Sagua;;
Día 5:;;N/A: ;;;Orts;cap.;;;;;Dia 5 Do Nuevitas en 4 dias berg. esp. Cárlos, cap. Orts, ton.;esp.;Cárlos;;;berg.;1871_03_07;Nuevitas;;
;;N/A:  | N/A: ;;;Leighton;cap.;;;;;re, ton. 323, con mercancías, á Fésser y comp. -Cádiz en 38 dias berg. amer. Shamrock, cap. Leighton, ton. 475, con sal, á M. Saenz Izquierdo. -Panzacola en 8 dias pail. amer. Narraganset, cap.;amer.;Shamrock;;;berg.;1871_03_07;Cádiz;;
Día 7:;;N/A: ;;;Smith;cap.;;;;;Drisko, ton. 117, con maderas, á Lawton Hs. _ Pauzacola en 7 dias gol. amer. Isotta, cap. Smith, ts.;amer.;Isotta;;;gol.;1871_03_07;;;
;;;;;Merrill;cap.;;;;;-Baltimore gol. ain. Addie M. Bird, cap. Merrill;;Addie M. Bird;;;gol.;1871_03_07;Baltimore;;
;;;;;Sandstrom;cap.;;;;;N. Orleans bea. aneca Falco, cap. Sandstrom - Cárdenas berg. hol. Cárdenas Packet, cap. Owerhand.;hol.;aneca Falco;;;bea.;1871_03_07;N. Orleans;;
;;;;;Gil;cap.;;;;;Falmouth berg. esp. Elisa Villegas, cap. Gil - Barcelona rapor esp Castilla, cap. Pages.;esp.;Elisa Villegas;;;berg.;1871_03_07;Falmouth;;
Dia 7:;;;;;Isern;cap.;;;;;Dia 7: Para Mobila frag. esp. Joaquin Serra, cap. Isern. - Falmouth, via Cárdenas, bea. succa Carl, cap. Hallengren.;esp.;Joaquin Serra;;;frag.;1871_03_08;Cárdenas;;
;;;;;Borden;cap.;;;;;Signa la Grande gol. ing. Magnolia, cap. Borden.;ing.;Magnolia;;;gol.;1871_03_08;;;
;;;;;;cap.;;;;;-Sagua la Grande berg. am. Adella Mo Loon, cap.;am.;Adella Mo Loon;;;berg.;1871_03_08;Sagua la Grande;;
;;;;;Whitemore;cap.;;;;;-Baltimore gol. am. Mary A. Mc Cann, cap. Whitemore. -Mobila berg. cap. Arturito, cap. Burser.;am.;Mary A. Mc Cann;;;gol.;1871_03_08;Baltimore;;
;;;;;Hodedon;cap.;;;;;Sagua la Grando berg. am. Atlas, cap. Hodedon.;am.;Atlas;;;berg.;1871_03_08;Sagua la Grando;;
;;;;;Albary;cap.;;;;;Nassau gol. ing. Star, cap. Albary.;ing.;Star;;;gol.;1871_03_08;Nassau;;
;;;;;Norton;cap.;;;;;Matanzas berg. ing. Orinoco, cap. Norton.;ing.;Orinoco;;;berg.;1871_03_08;Matanzas;;
;;;;;Lauro;cap.;;;;;Falmouth berg. ital. Carlo, cap. Lauro.;ital.;Carlo;;;berg.;1871_03_08;Falmouth;;
;;;;;Barlett;cap.;;;;;-Boston gol. am. A. II. Edwards, cap. Barlett.;am.;A. II. Edwards;;;gol.;1871_03_08;Boston;;
;;;;;Rosario;cap.;;;;;-Canarias berg. cap. Rosario, cap. Soavilla.;;;;;berg.;1871_03_08;Canarias;;
;;;;;Estopañan;cap.;;;;;-Valencia berg. esp. Cid, cap. Estopañan.;esp.;Cid;;;berg.;1871_03_08;Valencia;;
Día 22:;;;;;;cap.;;;;;Comp! -St. John (N. B.) en 22 dias gol. ing. Kathleen, cap.;ing.;Kathleen;;;gol.;1871_03_09;St. John (N. B.);;
Día 19:;;N/A:  | N/A:  | N/A: ;;;;cap.;;;;;Wytman, ton. 144, con envases & Mojarrieta y C* - Boston en 19 dias berg. gol. amer. H. Houston, cap.;amer.;H. Houston;;;berg.;1871_03_09;Boston;;
;;;;;Lola;cap.;;;;;Mayagüez berg. cap. Lola, cp Munitis.;;;;;berg.;1871_03_09;Mayagüez;;
Día 11:;;N/A:  | N/A: ;;;Penmington;cap.;;;;;Dia 11. De Cayo Hueso en 1' dia vap, amer. Havana, cap. Penmington, tons. 883, con efectos, & Lawton hermanos.;amer.;Havana;;;vap.;1871_03_12;Cayo Hueso;;
Día 24:;;;;;;cap.;;;;;Nuova York en 24 dias berg. amer. Antelope, cap.;amer.;Antelope;;;berg.;1871_03_12;Nuova York;;
Día 55:;;N/A:  | N/A:  | N/A: ;;;Maristany;cap.;;;;;-Montevideo y Matanzas en 55 dias pol. esp. Eduvigis, cap. Maristany, tons. 163, con tasajo, & A. Serpa;esp.;Eduvigis;;;pol.;1871_03_12;Montevideo y Matanzas;;
Día 70:;;;;;Bolla;cap.;;;;;Buenos Aires y Matanzas en 70 dias pol. cap. Bolla;;;;;pol.;1871_03_12;Buenos Aires y Matanzas;;
;;N/A: ;;;Duran;cap.;;;;;Dolores, cap. Duran, tons. 195, con tasajo, á la órden.;;;;;;1871_03_12;;;
;;N/A: ;;;Catiné;cap.;;;;;berg. esp. Pluton, cap. Catiné, ton. 185. con taeajo, á;esp.;Pluton;;;berg.;1871_03_12;;;
;;;;;Mitchell;cap.;;;;;-Galbarien gol. amor. Ella M. Pennell, cap. Mitchell. -Caibarien gol. amer Beta, cap. Brown.;;Ella M. Pennell;;;gol.;1871_03_12;Galbarien;;
;;;;;Ireland;cap.;;;;;-Sierra Morena gol. amer. F. R. Baird, cap. Ireland.;amer.;F. R. Baird;;;gol.;1871_03_12;;;
;;;;;Oquendo;cap.;;;;;-Barcelona berg. cap. Oquendo, cap. Garcia.;;;;;berg.;1871_03_12;Barcelona;;
;;;;;Adams;cap.;;;;;Nueva York vap. amer. Morro Castle, cap. Adams.;amer.;Morro Castle;;;vap.;1871_03_12;Nueva York;;
;;;;;Grobbtram;cap.;;;;;-Falmouth berg. sueco Magnus, cap. Grobbtram.;sueco;Magnus;;;berg.;1871_03_12;Falmouth;;
;;;;;Kloster;cap.;;;;;-Falmouth berg. noruego Flor, cap. Kloster.;noruego;Flor;;;berg.;1871_03_12;Falmouth;;
Día 12:;;N/A: ;;;Osamis;cap.;;;;;Dia 12, Do Sisal en 9 dias berg, esp. Isabelita, cap. Osamis, tons.;esp.;Isabelita;;;berg;1871_03_14;Sisal;;
Día 13:;;;;;;cap.;;;;;Baltimore on 13 dias berg. ing. George W. Hall, cap.;ing.;George W. Hall;;;berg.;1871_03_14;Baltimore;;
Día 16:;;;;;Batista;cap.;;;;;-New York en 16 dias gol. maj. Retorno, cap. Batista,;;maj. Retorno;;;gol.;1871_03_14;New York;;
Día 2:;;;;;Simpson;cap.;;;;;-Matanzas en 2 dias gol. Ing. Salvador, cap. Simpson,;Ing.;Salvador;;;gol.;1871_03_14;Matanzas;;
;;;;;Uruchua;cap.;;;;;SALIDAS. Para Amberes berg. eap. Celta, cap. Uruchua..;;Celta;;;berg.;1871_03_14;Amberes;;
;;;;;Queen;cap.;;;;;Sagua la Grande gol. amer. Nelson, cap. Queen.;amer.;Nelson;;;gol.;1871_03_14;Sagua la Grande;;
;;;;;Odmér;cap.;;;;;Filadelfia gol. amer: Ocean Belle, cap. Odmér.;amer;Ocean Belle;;;gol.;1871_03_14;Filadelfia;;
;;;;;Pennington;cap.;;;;;Nuera Orleans vap. amer. Havana, cap. Pennington.;amer.;Havana;;;vap.;1871_03_14;Nuera Orleans;;
;;;;;Asqueta;cap.;;;;;Sisal pol. esp. Dos Magdalenas, cap. Asqueta.;esp.;Dos Magdalenas;;;pol.;1871_03_14;Sisal;;
Día 14:;;;;;Márques;cap.;;;;;Dia 14. De Málaga on 45 disa berg. cap. uri, ne, cap. Márques,;;;;;berg.;1871_03_15;Málaga;;
Día 7:;;;;;Douple;cap.;;;;;indian on 7 dias vap. m. Héraules, cap. Douple;;m. Héraules;;;vap.;1871_03_15;indian;;
Día 10:;;N/A:  | N/A: ;;;Ambray;cap.;;;;;-Padzacola on 10 días gel. ing. E. Hastings, cap. Ambray, ton, 122, con maderas a L Mojarrieta y op. -Boston en 23 dias berg. am. Alberti, cap. Harriman,;ing.;E. Hastings;;;gel.;1871_03_15;Padzacola;;
Día 10:;;N/A:  | N/A: ;;;Gonzalez;cap.;;;;;cap. Orr, ton. 145, con mieles M. Moll y cp.. _ Caba en 10 dias berg. esp. Rápido, cap. Gonzalez,;esp.;Rápido;;;berg.;1871_03_15;Caba;;
;;;;;Frasconsro;cap.;;;;;11. Para Valzouth berg. ital. Aguila, cap. Frasconsro.;ital.;Aguila;;;berg.;1871_03_15;Valzouth;;
;;;;;Pottengill;cap.;;;;;New Orleans berg. am. Anita Gwen, cap. Pottengill.;am.;Anita Gwen;;;berg.;1871_03_15;New Orleans;;
;;;;;Beadling;cap.;;;;;Filadella gol. am. II. B. Mo Canley, cap. Beadling.;am.;II. B. Mo Canley;;;gol.;1871_03_15;Filadella;;
;;;;;;cap.;;;;;Falmouth, Via Cárdenas, berg. sueco Hild gard, cap.;sueco;Hild gard;;;berg.;1871_03_15;Falmouth;;
Día 12:;;;;;Moists;cap.;;;;;Sisal on 12 dias berg. cap. Moists, cap. Domingo, tn.;;;;;berg.;1871_03_16;Sisal;;
;;;;;Johnston;cap.;;;;;N. York berg. ing. Salvo, cap. Johnston.;ing.;Salvo;;;berg.;1871_03_16;N. York;;
;;;;;Harding;cap.;;;;;Cárdenas gol. am. Mossos Paien, cap. Harding.;am.;Mossos Paien;;;gol.;1871_03_16;Cárdenas;;
;;;;;Aubrey;cap.;;;;;Matanzas gol. ing Helen Haetings, cap. Aubrey.;ing;Helen Haetings;;;gol.;1871_03_16;Matanzas;;
;;;;;Ashwood;cap.;;;;;Baltimore berg. ing. Arthur, cap. Ashwood.;ing.;Arthur;;;berg.;1871_03_16;Baltimore;;
;;;;;Doughty;cap.;;;;;N. Orleans vap. a. Hérculos, cap. Doughty.;;Hérculos;;;vap.;1871_03_16;N. Orleans;;
Dia 16:;;N/A: ;;;Corbett;cap.;;;;;Dia 16: De Bristol, Inglaterra, en 55 dias berg. am. Lena Thurlow. cap. Corbett, tons. 308, con sal, á Scharfenberg,;am.;Lena Thurlow;;;berg.;1871_03_17;Bristol, Inglaterra;;
Día 50:;;N/A:  | N/A:  | N/A:  | N/A: ;;;Aguirre;cap.;;;;;Cabo Rojo, P. R., en 9 dias gol, esp. Cinta, cap. Aguirre, ta. 88, con uaiz, & B. Zabala. - Liverpool en 50 dias barca inglesa Granton, capitan Grundell, tons. 414, con carbon, & la Empresa;esp.;Cinta;;;gol;1871_03_17;Cabo Rojo, P. R.;;
Día 23:;;N/A:  | N/A:  | N/A:  | N/A: ;;;Olsen;cap.;;;;;St. John on 23 dias barca inglesa Agenora, capttan Olsen,, toneladas 398, con córtes de caja & Zaldo y C _ Barcelona en 68 dias frag. eap. Magdalena, cap. Le;inglesa;Agenora;;;barca;1871_03_17;St. John;;
Día 53:;;N/A:  | N/A: ;;;Ferguson;cap.;;;;;Cardiff y Matanzas en 53 dias fragata inglesa Calodonian, cap. Ferguson, tons. 626 cen carbon de piedra, & Fesser y C;inglesa;Calodonian;;;fragata;1871_03_17;Cardiff y Matanzas;;
Dia 16:;;;;;Orr;cap.;;;;;Dia 16: Para Boston gol. am. Marcus Hunter, cap. Orr.;am.;Marcus Hunter;;;gol.;1871_03_17;Boston;;
;;;;;Daboll;cap.;;;;;Filadelfia gol. am Robert Palmer, cap. Daboll.;am;Robert Palmer;;;gol.;1871_03_17;Filadelfia;;
;;;;;OsLilly;cap.;;;;;-Sagua la Grande berg. am. Clara Brown, cap OsLilly, cap. Ryan.;am.;Clara Brown;;;berg.;1871_03_17;Sagua la Grande;;
Día 6:;;;;;Beltran;cap.;;;;;Aguadilla en 6 dias pol. esp. Frasquita, cap. Beltran,;esp.;Frasquita;;;pol.;1871_03_18;Aguadilla;;
Día 31:;;N/A:  | N/A: ;;;GostaDaga;cap.;;;;;ton. 179, con café y otros efectos, & A. Serpa y compabia - Burdeos en 31 dias berg. esp. Salvador, cap. GostaDaga ts 183, con efectos, á Mathias y cp.;esp.;Salvador;;;berg.;1871_03_18;Burdeos;;
Día 17:;;;;;Kopko;cap.;;;;;Dia 17 Para Liverpool berg. germ. Atlantic, cap. Kopko - New York gol. Ing. Transport, cap. yman Wy;germ.;Atlantic;;;berg.;1871_03_18;Liverpool;;
;;;;;Williams;cap.;;;;;-New York berg. ing. Juno, cap. Williams;ing.;Juno;;;berg.;1871_03_18;New York;;
;;;;;Coalfleot;cap.;;;;;-Baltimoro berg. Ing. Eanice, cap. Coalfleot;Ing.;Eanice;;;berg.;1871_03_18;Baltimoro;;
;;;;;Hopkins;cap.;;;;;-Caibarien berg. am. E. II. Rich, cap. Hopkins;am.;E. II. Rich;;;berg.;1871_03_18;Caibarien;;
;;;;;;cap.;;;;;Sagna la Grande gol. amer. Mabel F. Staples, cap.;amer.;Mabel F. Staples;;;gol.;1871_03_18;Sagna la Grande;;
;;;;;Johnston;cap.;;;;;-Sagua la Grande berg. ing. George Ann. cap. Johnston.;ing.;George Ann;;;berg.;1871_03_18;Sagua la Grande;;
Día 67:;;N/A:  | N/A:  | N/A:  | N/A: ;;;Malmstrom;cap.;;;;;-Liverpool en 67 dias frag. rosa Pallas, cap. Malmstrom, ton. 561, con carbon y sal, á Bussing y cp.;;rosa Pallas;;;frag.;1871_03_19;Liverpool;;
;;;;;Bonson;cap.;;;;;-Falmouth via Sagua barca am. Elverton, cap. Bonson _ Norto del Cabo Hatteras, via Matanzas, berg. amer.;am.;Elverton;;;barca;1871_03_21;Sagua;;
;;;;;Anza;cap.;;;;;San Sebastian berg. esp. Aguinaga, cap. Anza;esp.;Aguinaga;;;berg.;1871_03_21;San Sebastian;;
;;;;;Henley;cap.;;;;;-Lagana do Términos borg. osp. Tibidabo, cap. Gelp! -Matanzas berg. amer. J. Bickmoro, cap. Henley.;amer.;J. Bickmoro;;;berg.;1871_03_21;Matanzas;;
Día 6:;;;;;;;;;;;De Baltimore y Cayo Iluoso en 6 dias vapam. Liberty;;Liberty;;;vapam.;1871_03_22;Baltimore y Cayo Iluoso;;
Día 8:;;;;;Noyes;cap.;;;;;-Cedar Key on 8 dias gol. ing. Dearborn, cap. Noyes,;ing.;Dearborn;;;gol.;1871_03_22;Cedar Key;;
Día 3:;;N/A: ;;;Dukehart;cap.;;;;;tns. 132, con maderas á A. C. Telleria. -N. Orleans en 3 dias vap. am. Cuba, cap. Dukehart,;am.;Cuba;;;vap.;1871_03_22;N. Orleans;;
Día 18:;;;;;Bishop;cap.;;;;;-Satilla en 18 dias gol. am. L. S. Davis, cap. Bishop,;am.;L. S. Davis;;;gol.;1871_03_22;Satilla;;
Día 13:;;N/A: ;;;Glle;cap.;;;;;Minatitian en 13 dias berg. norge Catharine, cap. Glle, tns. 301, con caobas, á la órden.-Esto buquo navegaba para Falmouth y viene de arribada,;;norge Catharine;;;berg.;1871_03_22;Minatitian;;
;;;;;Simpson;cap.;;;;;N. Orleans gol. ing. Salvador, cap. Simpson.;ing.;Salvador;;;gol.;1871_03_22;N. Orleans;;
;;;;;Hedlund;cap.;;;;;-Caibarion berg. sueco Condor. cap. Hedlund.;sueco;Condor;;;berg.;1871_03_22;Caibarion;;
;;;;;Bar.fløtt;cap.;;;;;-Sagua la Grande gol. am. J. W. Barllett, cap. Bar.fløtt.;am.;J. W. Barllett;;;gol.;1871_03_22;Sagua la Grande;;
;;;;;Gilet;cap.;;;;;-Canarias pol. esp. Victoria, cap. Gilet.;esp.;Victoria;;;pol.;1871_03_23;Canarias;;
Dia 23:;;;;;Edwards;cap.;;;;;Dia 23: Do New York en 5 dias vap. am. Alissouri, cap. Edwards;am.;Alissouri;;;vap.;1871_03_24;New York;;
Día 7:;;;;;;cap.;;;;;Sierra Morena en 7 dias berg. am. Ella Maris, cap.;am.;Ella Maris;;;berg.;1871_03_24;Sierra Morena;;
;;N/A: ;;;Riestra;cap.;;;;;cap. Riestra, tons. 603, con carga general, & Deulofeu y C-Pasags. 21.;;;;;;1871_03_24;;;
Día 1:;;;;;;cap.;;;;;-Cayo Hueso en 1 dia gol. am. Sarah J. Bright, cap.;am.;Sarah J. Bright;;;gol.;1871_03_24;Cayo Hueso;;
;;;;;Coombs;cap.;;;;;-Filadelfia berg. am. Ellen Barnard, cap. Coombs.;am.;Ellen Barnard;;;berg.;1871_03_24;Filadelfia;;
;;;;;l'once;cap.;;;;;Cádiz berg. esp. Manuol, cap. l'once.;esp.;Manuol;;;berg.;1871_03_24;Cádiz;;
;;;;;Park;cap.;;;;;-Cárdenas berg. am. James E. Ward, cap. Park.;am.;James E. Ward;;;berg.;1871_03_24;Cárdenas;;
;;;;;Partridge;cap.;;;;;-Caibarien berg. am. James Davis, cap. Partridge.;am.;James Davis;;;berg.;1871_03_24;Caibarien;;
;;;;;Spencer;cap.;;;;;-Sagna la Grande berg. am, Raven, cap. Spencer.;am;Raven;;;berg.;1871_03_24;Sagna la Grande;;
;;;;;Hoxie;cap.;;;;;N. York y Filadelfia vap. am. Juniata, cap. Hoxie.;am.;Juniata;;;vap.;1871_03_24;N. York y Filadelfia;;
;;;;;Catherine;cap.;;;;;-N. Orleans vap. am. Yazoo, cap. Catherine.;am.;Yazoo;;;vap.;1871_03_24;N. Orleans;;
;;N/A: ;;;Bruce;cap.;;;;;cap. Bruce, tons. 1361, con efectos, á J. V. Crawford;;;;;tons.;1871_03_25;;;
Día 59:;;;;;Andrea;cap.;;;;;Cardiff en 59 dias frag. danesa Rota, cap. Andrea,;danesa;Rota;;;frag.;1871_03_25;Cardiff;;
Día 50:;;N/A: ;;;;cap.;;;;;tons. 420. con sal, á la órden. - Cardiff on 50 dias frag. noruega Hakon Jarl, cap.;noruega;Hakon Jarl;;;frag.;1871_03_25;Cardiff;;
Día 56:;;N/A: ;;;Alvarez;cap.;;;;;Malhesen, tons. 420, con carbon, á la órden. -Avilés en 56 dias frag. esp. Flora, cap. Alvarez, ton.;esp.;Flora;;;frag.;1871_03_25;Avilés;;
;;;;;Rumball;cap.;;;;;Gomez. -Sagua la Grando berg. amer. Antelope, cap. Rumball. _ Cardonas barea americana Annie M. Gray, capitan;amer.;Antelope;;;berg.;1871_03_25;Sagua la Grando;;
;;;;;Copp;cap.;;;;;-Cárdenas gol. amer. Rosewell, cap. Copp.;amer.;Rosewell;;;gol.;1871_03_25;Cárdenas;;
Día 25:;;;;;Pol;cap.;;;;;Dia 25. De Cárdenas en 1 dia bea. esp. Pepita, cap. Pol, tons.;esp.;Pepita;;;bea.;1871_03_26;Cárdenas;;
Día 49:;;N/A: ;;;Pomar;cap.;;;;;-Barcelona y Palma de Mallorca en 49 dias dol últino bca. eap. Rafael Pomar, cap. Pomar, tons. 482,;;dol últino;;;bca.;1871_03_26;Barcelona y Palma de Mallorca;;
Día 57:;;N/A:  | N/A: ;;;Larrinaga;cap.;;;;;con frutos, & Rigal y Dardet-Pasajeros 5. _ Liverpool en 57 dias boa. esp. Magallanes, cap. Larrinaga, tons. 479, con mercancias, & H. Upinanny;esp.;Magallanes;;;boa;1871_03_26;Liverpool;;
Día 50:;;N/A: ;;;Fano;cap.;;;;;comp. -Gijon en 50 dias berg._esp. Pepe. cap. Fano, tons.;esp.;Pepe;;;berg.;1871_03_26;Gijon;;
Día 54:;;N/A:  | N/A:  | N/A: ;;;Domenech;cap.;;;;;-Santander en 54 dias boa. osp. Panamá, cap. Domenech, tons. 230, con harina, & L. G. Barbon;osp.;Panamá;;;boa.;1871_03_26;Santander;;
Día 87:;;;;;Lead;cap.;;;;;-Marsella. en 87 dias berg. ing. Koodoo, cap. Lead,;ing.;Koodoo;;;berg.;1871_03_26;Marsella;;
Día 25:;;;;;Tonda;cap.;;;;;Dia 25. Para Cádiz pol. osp. Santisima Trinidad, cap. Tonda _Boston. via Sagua, boa. am. Lizzie, cap. Walton.;am.;Santisima Trinidad;;;pol.;1871_03_26;Sagua;;
;;;;;Drisko;cap.;;;;;-Cárdenas gol. am. James Warren, cap. Drisko - Norte del Cabo Hatteras berg. am. Ella Marla, cap.;am.;James Warren;;;gol.;1871_03_26;Cárdenas;;
;;;;;Smith;cap.;;;;;-Cárdenas gol. am. Izetta, cap. Smith;am.;Izetta;;;gol.;1871_03_26;Cárdenas;;
;;;;;Edwards;cap.;;;;;New York vap. am. Missouri, cap. Edwards;am.;Missouri;;;vap.;1871_03_26;New York;;
;;;;;Bruce;cap.;;;;;-Veracruz y Tampico, vap. ing. Eldor, cap. Bruce;ing.;Eldor;;;vap.;1871_03_26;Veracruz y Tampico;;
;;;;;Oulton;cap.;;;;;-Boston berg. ing. Jennie Clark, cap. Oulton;ing.;Jennie Clark;;;berg.;1871_03_26;Boston;;
Día 61:;;;;;Erichsen;cap.;;;;;Cardiff en 61 dias berg. nor. Loyal, cap. Erichsen,;nor.;Loyal;;;berg.;1871_03_28;Cardiff;;
;;N/A: ;;;Font;cap.;;;;;pol. esp. Jóvon Maria, cap. Font, ts. 906, con frutos,;esp.;Jóvon Maria;;;pol.;1871_03_28;;;
Dia 25:;;;;;Shephard;cap.;;;;;Dia 25: Para Baltimore berg. am. Addie Hale, cap. Shephard;am.;Addie Hale;;;berg.;1871_03_28;Baltimore;;
Dia 26:;;;;;Cabañas;cap.;;;;;Dia 26: -N. Orleans bea.eap. Jaruco, cap. Cabañas. -N. Orleans berg. esp. Vilasar, oap. Vila, -Falmouth boa. ing. Atlantic, cap. Melharsh. Carbarien gol. am. Bertha Sonder, eap. Wooster.;esp.;Jaruco;;;bea.;1871_03_28;N. Orleans;;
;;;;;Milllar;cap.;;;;;-N. York via Calbarien berg. Winfield, cap. Milllar.;;Winfield;;;berg.;1871_03_28;N. York;;
Día 43:;;N/A: ;;;Arqueta;cap.;;;;;-Sisal en Goias pol. cap. Des Magdalenas, cap Arqueta, ton. 117, con frutos. & Llanoza y cp. _ San Sebastian en 43 dias barca esp. Conchita. cap.;esp.;Conchita;;;pol.;1871_03_29;Goias;;
;;;;;Brooks;cap.;;;;;-Cárdenas gol. ing Kathleen, cap. Brooks;ing;Kathleen;;;gol.;1871_03_29;Cárdenas;;
;;N/A: ;;;Peney;cap.;;;;;Lavinia, cap. Peney, tons. 400, con carbon do piedra,;;Lavinia;;;;1871_03_30;;;
;;N/A: ;;;Lindstrom;cap.;;;;;cap. Lindstrom, tons. 210, con carbon de piedra, á la;;;;;tons.;1871_03_30;;;
Día 50:;;N/A: ;;;Velret;cap.;;;;;-Palma de Mallorca, en 50 dias, bca. esp. Providencla. cap. Velret, 'tons. 302, con frutos, á Rigal y Dardet. Pasagoros 11.;esp.;Providencla;;;bca.;1871_03_30;Palma de Mallorca;;
Día 51:;;;;;Lastra;cap.;;;;;-Coruña en 51 dias pol. esp. Flora, cap. Lastra, ts. 73,;esp.;Flora;;;pol.;1871_03_30;Coruña;;
;;;;;Whaioy;cap.;;;;;Sierra Morena, gol. am. Donna Anna, cap. Whaioy.;am.;Donna Anna;;;gol.;1871_03_30;;;
;;;;;Coombs;cap.;;;;;Cárdenas, berg. ani. Julla E. Azoy, cap. Coombs.;;Julla E. Azoy;;;berg.;1871_03_30;Cárdenas;;
;;;;;Himbeck;cap.;;;;;New Qleans, vap. germ. Hannover, cap. Himbeck.;germ.;Hannover;;;vap.;1871_03_30;New Qleans;;
;;;;;Phillips;cap.;;;;;New York, vap am. Cleopatra, cap. Phillips. _ -Sagua gol. americana Robert Carldwell, capitan M.;am.;Cleopatra;;;vap;1871_03_30;New York;;
Día 68:;;N/A: ;;;Salvesca;cap.;;;;;ton. 243, con frutos, & Boada y comp.-Pas. 1. -Troond en 68 dias frag. nor. Lesseps, cap. Salvesca,;nor.;Lesseps;;;frag.;1871_03_31;;;
Día 70:;;N/A: ;;;Westerlund;cap.;;;;;-Liverpool en 70 dias frag. rusa Lainetar, cap. Westerlund, ton. 470, con carbon, al cap.;rusa;Lainetar;;;frag.;1871_03_31;Liverpool;;
;;;;;Maria Isabel;cap.;;;;;Santander berg. cap. Maria Isabel, cp. Lloret;;;;;berg.;1871_03_31;Santander;;
Día 50:;;;;;;cap.;;;;;Marsella en 50 dias gol. am. Moses Williamson, cap.;am.;Moses Williamson;;;gol.;1871_04_01;Marsella;;
Día 56:;;N/A:  | N/A: ;;;SnellDian;cap.;;;;;550. con carton de piedra, al ferro-carril de la Habara. -Liverpool en 56 dias frag. Tusa Freden, cap. SnellDian, ton. 470, con cathoni, á la órden.;;Tusa Freden;;;frag.;1871_04_01;Liverpool;;
;;N/A:  | N/A:  | N/A: ;;;Revilla;cap.;;;;;Buenos Aires y Matanzas an 48 dias frag. cap. Arave, cap. Mas, ten. 504, con tasajo, á A. Serpa - Buonos Aires y Matanzas en 71 dias berg. esp. Vic101ia, cap. Revilla, ton. 212, con tasajo, & A. Sypa - Barcelona en 69 dias corb. esp Ntra. Sra. de la Lanzada, cap. Galats, ton. 273, con efectos, á Rencurells;esp.;Vic101ia;;;frag.;1871_04_01;Buenos Aires;;
;;;;;Dowdy;cap.;;;;;-Cayo Hueso gol. sm. Sara F. Bright, cap. Dowdy.;;Sara F. Bright;;;gol.;1871_04_01;Cayo Hueso;;
Día 63:;;N/A:  | N/A: ;;;Albina;cap.;;;10-04-YYYY;;Abril 10 De Buenos Aires y Matanzas on 63 dias bca. cap. Albina, cap. Torres, tons. 250, con tasajo, & L. Gassol y;;;;;bca.;1871_04_02;Buenos Aires y Matanzas;;
Día 59:;;;;;Alegria;cap.;;;;;-Barcelona en 59 dias berg. esp. Bat, cap. Alegria,;esp.;Bat;;;berg.;1871_04_02;Barcelona;;
;;;;;Sasustegui;cap.;;;;;-Gijon y Bilbao berg. esp. Tres Hermanos, cap. Sasustegui. -New York vapor am. City of Merida, op. Doaken;esp.;Tres Hermanos;;;berg.;1871_04_02;Gijon y Bilbao;;
Día 2:;;N/A:  | N/A:  | N/A: ;;;Mo Eachum;cap.;;;;;Dia 2. De Halifax en 22 dlas berg. ing. Maroella, cap. Mo Eachum, ton. 100, con bacalao & Ruthven W. y ep.;ing.;Maroella;;;berg.;1871_04_04;Halifax;;
Día 3:;;N/A:  | N/A: ;;;Llaveras;cap.;;;;;Dia 3. -Barcelona en 51 dias bes. esp. Polar, cap. Llaveras, ton. 211, con fentos & J. Rafooss.--Pasaz. 17. -N. Orleans on 3 dias vap. am. Yasoo. cap. Catharino,;esp.;Polar;;;bes.;1871_04_04;Barcelona;;
;;;;;Larrauri;cap.;;;;;-Bremen berg. esp. Jastita, cap. Larrauri;esp.;Jastita;;;berg.;1871_04_04;Bremen;;
Día 64:;;N/A:  | N/A: ;;;Moller;cap.;;;;;-Aalesund en 64 dias berg. nor. Emmanuel, cap. Moller, ta. 175, con bacalao, & L. G Barbon. -Liverpool en 58 dias barcs ing. Attie Durkee, cap.;nor.;Emmanuel;;;berg.;1871_04_05;Aalesund;;
Día 58:;;N/A: ;;;Ramires;cap.;;;;;ts. 300, con mercs., & J. R. Marquette. -Cádis en 58 dias berg. eap, Eduardo, cap. Ramires,;;Eduardo;;;berg.;1871_04_05;Cádis;;
;;N/A: ;;;Coter;cap.;;;;;Octavie, cap. Coter, tons. 411, con carbon de piedra,;;Octavie;;;;1871_04_05;;;
Día 5:;;;;;;cap.;;;;;Dia 5: Para Sevilla berg. tsp. Carlos cp. Ort. _ Valencia y el extranjero birz. esp. José María, cap.;esp.;José María;;;berg.;1871_04_06;Sevilla;;
;;;;;;cap.;;;;;Teruel. _ Barcelona y el extranjero pol. csp. Frasquita, cap.;;Frasquita;;;pol.;1871_04_06;Teruel;;
;;N/A: ;;;Mc Kenzie;cap.;;;;;cap. Mc Kenzie, tons. 497, con carbon de piedra, á la;;;;;;1871_04_08;;;
;;N/A: ;;;Gilman;cap.;;;;;cap. Gilman, tons. 150, eon efectos, A Moré, Ajuria;;;;;;1871_04_08;;;
;;N/A: ;;;Tooker;cap.;;;;;Brant, cap. Tooker, tons.210, con cortes do caja, A;;Brant;;;;1871_04_08;;;
Día 13:;;N/A: ;;;Perez;cap.;;;;;Owen, cap. Guptill, toneladas 257, con efectos á Raurell Ha. -Cádiz on 13 dias gol. cap. Oriolana, cap. Perez, tons.;;Oriolana;;;gol.;1871_04_08;Cádiz;;
;;;;;Corbert;cap.;;;;;-New York, via Calbarien, berg. amer. Lena Thurlow, cap. Corbert;amer.;Lena Thurlow;;;berg.;1871_04_08;New York;;
;;;;;Mo;cap.;;;;;Sagua la Grande gol. amer. M. C. Moseley, cap. Mo;amer.;M. C. Moseley;;;gol.;1871_04_08;Sagua la Grande;;
;;;;;Boker;cap.;;;;;Farland _ Cárdenas berg. amor. John Freeman, cap. Boker;;John Freeman;;;berg.;1871_04_08;Cárdenas;;
;;;;;;;;;;;Sagua la Grando berg. am. S. V. Merrick, cap. Lippincott -Valencia barca esp. Adonis, cap. Madrid -Baltimore barca ainer. D. Chapin, cap. Rose -Caibarion berg. amer. Alberts, cap. Harriman -Génova barca esp l'epits, cap. Pol -Cárdenas gol. amer. Nictor, cap. Drer -Baltimore berg. ing, Cheviot, cap. Whitney;;;;;;1871_04_08;;;
Día 7:;;;;;Towen;cap.;;;;;Dia 7 New York berg. ing. Boasie, cap. Towen New Orleans, via Sagua, barca ing. Torryburn, cap.;ing.;Boasie;;;berg.;1871_04_08;New York;;
;;;;;Hanley;cap.;;;;;Copo -New York berg. ing. Watter Lilly, cap. Hanley;ing.;Watter Lilly;;;berg.;1871_04_08;New York;;
Día 14:;;N/A:  | N/A:  | N/A: ;;;Rich;cap.;;;;;Filadelfia en 14 dias berg. am. J. H. Kennedy, cap. Rich, ton. 225, con efectos, & M. Moll y cp.;am.;J. H. Kennedy;;;berg.;1871_04_09;Filadelfia;;
Día 50:;;;;;Allen;cap.;;;;;Génova en 50 dias gol. ing. Alarm, cap. Allen, ton.;ing.;Alarm;;;gol.;1871_04_09;Génova;;
Día 14:;;N/A:  | N/A: ;;;Loriog;cap.;;;;;150, con mercancías, & Mathias Hno. - N. York on 14 dias gol. am. Ruth II. Baker, cap. Loriog, ton. 250, con adoquines y efectos, á J. Torres y;am.;Ruth II;;;gol.;1871_04_09;N. York;;
Día 52:;;N/A:  | N/A:  | N/A: ;;;Easton;cap.;;;;;- Liverpool en 52 dias berg. gol. log. Stella, cap. Easton, tons. 445, con carbon, & Sobrinos de Samá y Carreras. _ Canarlas en 34 dias frag. esp. Gran Canarias, cap.;gol.;Stella;;;berg.;1871_04_09;Liverpool;;
Día 55:;;N/A:  | N/A: ;;;Cibilo;cap.;;;;;Neyra, tons. 360, en lastre, á la órden.-Pasags. 40. - Barcelona en 55 dias corb. esp. Tesoria, cap. Cibilo,;esp.;Tesoria;;;corb.;1871_04_09;Barcelona;;
Día 45:;;;;;;cap.;;;;;-Barcelona en 45 dias berg. cap. Nuevo Sabino, cap.;;Nuevo Sabino;;;berg.;1871_04_09;Barcelona;;
Dia 8:;;;;;Agui ro;cap.;;;;;Dia 8: Para San Sebastian berg. esp. Cinta, cap. Agui ro.;esp.;Cinta;;;berg.;1871_04_09;;;
;;;;;Van Sice;cap.;;;;;-Falmouth, via Sagua, berg. cap. Salvador, cap. Gastañaga. _N. Yo:k vap. am. Columbia, cap. Van Sice.;am.;Columbia;;;berg.;1871_04_09;Falmouth;;
Día :;;;;;;cap.;;;;;Dia : De Filadelfia en 10 dias berg. an. Ocean Belle, cap.;;Ocean Belle;;;berg.;1871_04_11;Filadelfia;;
Día 56:;;N/A: ;;;Zaracondegui;cap.;;;;;-Barcelona en 56 dias berg. eap. Julfo, cap. Zaracondegui, ton, 252, con frutos, á J. Prats y cp. -Portland en 22 dias berg. am. Nimwaukee, cap. Wiswell, ton. 310, con cortes de caja, á F. K. Sowers.;eap.;Julfo;;;berg.;1871_04_11;Barcelona;;
;;;;;Pujol;cap.;;;;;-Barcelona berg. esp, Jóven Gavina, cap. Pujol.;esp;Jóven Gavina;;;berg.;1871_04_11;Barcelona;;
;;;;;Sendagorta;cap.;;;;;-San Sebastian berg. esp. Oria, cap. Sendagorta.;esp.;Oria;;;berg.;1871_04_11;San Sebastian;;
;;;;;Silfvius;cap.;;;;;-Tlacotalpa berg. ruso Olga, cap. Silfvius.;ruso;Olga;;;berg.;1871_04_11;Tlacotalpa;;
Día 10:;;;;;Goodsell;cap.;;;;;Dia 10. De Nassan en 2 dias gol. amer. Aretarus, cap. Goodsell,;amer.;Aretarus;;;gol.;1871_04_12;Nassan;;
Día 10:;;;;;;cap.;;;;;comp. _ Filadelfia en 10 dias gol. am. Lizzio Batchelor, cap.;am.;Lizzio Batchelor;;;gol.;1871_04_12;Filadelfia;;
Día 48:;;;;;Valle;cap.;;;;;-Gijon en 48 dias berg. esp. Etelvina, cap. Valle, ton.;esp.;Etelvina;;;berg.;1871_04_12;Gijon;;
Día 10:;;;;;Bocker;cap.;;;;;Dia 10 Para Cayo Hueso gol. hond? Indio, cap. Bocker;hond?;Indio;;;gol.;1871_04_12;Cayo Hueso;;
Día 12:;;N/A:  | N/A: ;;;Pennington;cap.;;;;;Dia 12. Ds Cayo Hueso en un dia vap. am. Havana, cap. Pennington, ton. 420, con efectos á Lawton hnos.-Pageros 25. -New Orleans en 3 dias vap. germ. Hannover, cap.;am.;Havana;;;vap.;1871_04_13;Cayo Hueso;;
Día 16:;;N/A: ;;;Petora;cap.;;;;;-Boston en 10 dias berg. am. John Avila, cep Petora, ton. 170, con viveres. á Lawton Hs. _ Wiscasset on 16 dias berg. gol. am. Tempest, cap.;am.;John Avila;;;berg.;1871_04_13;Boston;;
;;;;;Sapera;cap.;;;;;-New-Orleans pol. esp. Magdalens, cap. Sapera.;esp.;Magdalens;;;pol.;1871_04_13;New Orleans;;
;;;;;Dwyer;cap.;;;;;-Cárdenas berg. ing. Ellen II., cap. Dwyer.;ing.;Ellen II.;;;berg.;1871_04_13;Cárdenas;;
;;;;;Goodsoll;cap.;;;;;-Nassan gol. ain. Areturns, cap. Goodsoll.;;ain. Areturns;;;gol.;1871_04_13;Nassan;;
Día 6:;;N/A: ;;;Hoxie;cap.;;;;;tose. 511, con guano á Zangroniz. _ Filadelfia en 6 dias vap. amor. Juniata, cap. Hoxie,;;Juniata;;;vap.;1871_04_14;Filadelfia;;
;;;;;;cap.;;;;;-Sonthantony Bremen vap. germ. Hannover, cap.;germ.;Hannover;;;vap.;1871_04_14;Bremen;;
Día 14:;;;;;Anderson;op.;;;;;SALIDAS. Dia 14: Para Liverpool berg. norg. Frey, op. Anderson ad -Boston gol. ing. Annie E. cp.;norg.;Frey;;;berg.;1871_04_15;Liverpool;;
;;;;;Bradley;cap.;;;;;Sierra Morena berg. amer. Geo S. Berry, cap. Bradley.;amer.;Sierra Morena;;;berg.;1871_04_15;;;
Día 6:;;;;;Dosserray;cap.;;;;;Mobila en 6 dias gol. am. Afonewa, cap. Dosserray,;am.;Afonewa;;;gol.;1871_04_18;Mobila;;
;;;;;Trafton;cap.;;;;;"New York berg. ing."" Victoria, cap. Trafton.";ing.;Victoria;;;berg.;1871_04_19;New York;;
;;;;;;cap.;;;;;-Queenstown, via Sagua, frag. ing. Caledonia, cap.;ing.;Caledonia;;;frag.;1871_04_19;Queenstown;;
Día 53:;;;;;;;;;;;-Buenos Aires y Matanzas on 53 dias berg. gol. esp.;esp.;;;;berg.;1871_04_20;Buenos Aires y Matanzas;;
;;;;;Fisk;cap.;;;;;Filadelia gol. am. M. A. Fisk, cap. Fisk;am.;M. A. Fisk;;;gol.;1871_04_20;Filadelia;;
;;;;;Mc Yacharn;cap.;;;;;Barcelona berg. ing. Marcela, cap. Mc Yacharn;ing.;Marcela;;;berg.;1871_04_20;Barcelona;;
;;N/A: ;;;Timmerman;cap.;;;;;Mexico, cap. Timmerman, tons. 1400, con efectos, &;;;;;;1871_04_21;Mexico;;
;;;;;Font;cap.;;;;;-Charleston pol. esp. Jóven Maris, cap. Font.;esp.;Jóven Maris;;;pol.;1871_04_21;Charleston;;
;;;;;;;;;;;De Veracruz y Sisil, en el vapor amoricano CITY OF MEXICO:;amoricano;CITY OF MEXICO;;;vapor;1871_04_21;Veracruz y Sisil;;
Día 74:;;N/A:  | N/A: ;;;Segor;cap.;;;;;-Cádiz y Matanzas en 74 días pol. gol. esp. Revolucion, cap. Segor, ton. 168, con frutos, R. Morales.;esp.;Revolucion;;;pol.;1871_04_22;Cádiz y Matanzas;;
;;;;;;cap.;;;;;SALIDAS. Para Mallorca y el extranjero pol. esp. Frasquita, cap.;esp.;Frasquita;;;pol.;1871_04_22;Mallorca;;
;;;;;;cap.;;;;;Mota. _ Norte de Cabo Hatteras berg. am. Long Reach, cap.;am.;Long Reach;;;berg.;1871_04_22;Norte de Cabo Hatteras;;
;;;;;Cobins;cap.;;;;;-Sierra Morena gol. amer. Emma Green, cap. Cobins.;amer.;Emma Green;;;gol.;1871_04_22;Sierra Morena;;
Día 7:;;N/A:  | N/A: ;;;Azqueta;tap.;;;;;Sisal en 7 dias pol. esp. Dos Magdalenas, tap. Azqueta tons. 177, con efectos, & Llannza y cp.;esp.;Dos Magdalenas;;;pol.;1871_04_23;Sisal;;
Día 55:;;N/A: ;;;Guardiola;cap.;;;;;Liverpool on 55 dias corb. esp. Catalina, cap. Guardiola, tons. 400, con efectos, a Fe ser y cp. -New Port on 52 dias frag. norg. Bjorntraa, cap. Danielsen, tons. 420, con oarbon, a Fesser y cp.;esp.;Catalina;;;corb.;1871_04_23;Liverpool;;
Día 18:;;;;;Davis;cap.;;;;;-Portland en 18 dias gol. am. Segain, cap. Davis, ton.;am.;Segain;;;gol.;1871_04_25;Portland;;
Día 26:;;;;;;cap.;;;;;-St. John (N. B) en 26 dias berg. ing. Aylesford, cap.;ing.;Aylesford;;;berg.;1871_04_25;St. John (N. B);;
Día 15:;;N/A:  | N/A:  | N/A:  | N/A: ;;;Schate;copitan;;;;;ston en 15 dias berg. gol. am. J. II. Lano, copitan Schate: ton. 355, con hielo 4 Tudor y cp.;am.;J. II. Lano;;;berg.;1871_04_25;ston;;
Día 23:;;;;;Llorca;cap.;;;;;Dia 23. Para Trujillo gol. esp. Pepilla, cap. Llorca.;esp.;Pepilla;;;gol.;1871_04_25;;;
;;;;;Perez;cap.;;;;;-Cádiz gol. cap. Oriolana, cap. Perez. -Matanzas berg. ing. Camille, cap. Strout.;;Oriolana;;;gol.;1871_04_25;Cádiz;;
;;;;;Teglund;cap.;;;;;New York berg. succo Framat, cap. Teglund.;;succo Framat;;;berg.;1871_04_25;New York;;
Dia 25:;;;;;Sin Qaintin;cap.;;;;;Dia 25: Para Savannah berg. cap. Sin Qaintin, ep. Uuibaso;;Uuibaso;;;berg.;1871_04_26;Savannah;;
Día 17:;;N/A: ;;;York;cap.;;;;;"-N. York en 13 dias berg. am. Mattie B. Russell; cap. York, ton. 262, con efectos, á la órden. -St. John (N. B.) on 17 dias berg. ing. Mand Potter,";am.;Mattie B. Russell;;;berg.;1871_04_27;N. York;;
Día 3:;;N/A:  | N/A:  | N/A: ;;;Albiznri;cap.;;;;;N. Orleans en 3 diay vap. esp. Juan, cap. Albiznri, ton. 475, con algodon, de tránsito, & N. Deulofeu.-De arribada para hacer carbon y sigue para Liverpool.;esp.;Juan;;;vap.;1871_04_27;N. Orleans;;
;;;;;;;;;;;De N. Orleans, en el vapor am. JUNIATA:;am.;JUNIATA;;;vapor;1871_04_27;N. Orleans;;
;;;;;Catharine;cap.;;;;;N. Orleans vap. am. Yazoo, cap. Catharine.;am.;Yazoo;;;vap.;1871_04_27;N. Orleans;;
;;;;;Alegria;cap.;;;;;Matanzas berg. esp. Bat, cap. Alegria.;esp.;Bat;;;berg.;1871_04_27;Matanzas;;
;;;;;Aldamis;cap.;;;;;Matanzas berg. esp. Tomás cap. Aldamis.;esp.;Tomás;;;berg.;1871_04_27;Matanzas;;
Día 19:;;N/A:  | N/A: ;;;Bennis;cap.;;;;;Fesser y C -New York en 19 dias berg. amor. Havana, cap. Bennis, tons. 271, con efectos, á F. K. Sowers.;;amor.;;;berg.;1871_04_28;New York;;
Día 22:;;;;;;cap.;;;;;Herrera-Pasaja. 01. _ l'ortland on 22 dias berg. gol. amer. C. H. Kennedy,;amer.;C. H. Kennedy;;;berg.;1871_04_28;Herrera-Pasaja;;
Día 15:;;N/A: ;;;Hardy;cap.;;;;;cap. Dodge, ton. 166, con cfestos, á Zaldo y comp --New York on 15 dias berg. amor. Powers, cap. Hardy, ton. 200, con efectos, à Torros y comp;;Powers;;;berg.;1871_04_28;New York;;
Día 27:;;;;;Portals;cap.;;;;;Dia 27 Para Barcelona berg. esp. Juanito, cap. Portals.;esp.;Juanito;;;berg.;1871_04_28;Barcelona;;
;;;;;Valle;cap.;;;;;Gijon berg. gol. esp. Etelvina, cap. Valle.;esp.;Etelvina;;;berg.;1871_04_28;Gijon;;
;;;;;Diaz;cap.;;;;;-Gijon pol. esp. Flora, cap. Diaz.;esp.;Flora;;;pol.;1871_04_28;Gijon;;
;;;;;Fano;cap.;;;;;Gijon berg. esp. Pepó, cap. Fano.;esp.;Pepó;;;berg.;1871_04_28;Gijon;;
;;;;;Kock;cap.;;;;;New York berg. norg? Collega, cap. Kock.;;Collega;;;berg.;1871_04_28;New York;;
;;;;;MaB;cap.;;;;;New Orleans frag. esp. Arauco, cap. MaB.;esp.;Arauco;;;frag.;1871_04_28;New Orleans;;
Día 55:;;;;;White;cap.;;;;;A Lawton II-Pasag. 12. - Cardiff on 55 dias berg. am. Agenora, cap. White,;am.;Agenora;;;berg.;1871_04_29;Cardiff;;
Día 13:;;N/A: ;;;M. Gil;cap.;;;;;ton. 470, con carbon de piedra, M. Gil. -New York en 13 dias berg. am. Nellie Clifford, cap.;am.;Nellie Clifford;;;berg.;1871_04_29;New York;;
Dia 2:;;;;;Riberol;cap.;;;;;Dia 2: Para Canarias berg. esp. Dolores, cap. Riberol. _ Falmouth boa. succa Catharina, cap. Hultein.;esp.;Dolores;;;berg.;1871_04_29;Canarias;;
;;;;;Cook;cap.;;;;;-Baltimore berg. ing. Wolfville, cap. Cook.;ing.;Wolfville;;;berg.;1871_04_29;Baltimore;;
;;;;;Wilson;cap.;;;;;-Matanzas berg. am. Tempest, cap. Wilson.;am.;Tempest;;;berg.;1871_04_29;Matanzas;;
;;;;;Eano;cap.;;;;;-Coruña y el extranjero frag. esp. Sofia, cap. Eano.;esp.;Sofia;;;frag.;1871_04_29;-Coruña;;
Día 17:;;N/A: ;;;;cap.;;;;;cap. York, tons. 294, con bocoyes vacíos, & J. Carricabaru. _ Baltimore en 17 dias gol. amer. William Wilson. cap.;amer.;William Wilson;;;gol.;1871_04_30;Baltimore;;
;;N/A: ;;;Doane;cap.;;;;;Ida E., cap. Doane, tons. 371, con cortes de caja, &;;Ida E.;;;;1871_04_30;;;
;;N/A: ;;;Domati;cap.;;;;;cap. Domati, tons. 100, con café, à la órden.;;;;;tons.;1871_04_30;;;
;;;;;Fariol;cap.;;;;;Cádiz berg. esp. Miguel, cap. Fariol.;esp.;Miguel;;;berg.;1871_04_30;Cádiz;;
;;;;;Dnrall;cap.;;;;;-Charleston pol. eap. Bella Dolores, cap. Dnrall.;;Bella Dolores;;;pol.;1871_04_30;Charleston;;
;;;;;Pennington;cap.;;;;;-N. Orleans vap. amer. Havana, cap. Pennington.;amer.;Havana;;;vap.;1871_04_30;N. Orleans;;
;;;;;Riestra;cap.;;;;;-Liverpool y Coruña vap. eap. Rita, cap. Riestra.;;Rita;;;vap.;1871_04_30;Liverpool;;
;;;;;Azqueta;cap.;;;;;-Sisal pol. esp. Da Magdalenas. cap. Azqueta.;esp.;Da Magdalenas;;;pol.;1871_04_30;;;
;;;;;Joan;cap.;;;;;-Liverpool vap. cap. Joan, cap. Albizury.;;;;;vap.;1871_04_30;Liverpool;;
Día 1:;;N/A: ;;;;cap.;;;;;Fegarty, ton. 42, con pesca lo vive, & Y. Carabia _ Filadelfia on 1s dias berg. amer. II S. Bishop. cap.;amer.;II S. Bishop;;;berg.;1871_05_02;Filadelfia;;
Día cu:;;;;;Rayo;cap.;;;;;Trinidad cu dias berg. cap. T.inidad, cap. Rayo.;;T.inidad;;;berg.;1871_05_02;Trinidad;;
;;N/A: ;;;Romero;cap.;;;;;ten. 196, con cabotaja, & A. Serpa y comp _ Casiz en 42 is frag. cap. Nueva Burrera, cap. Romero, ton, 213, con fintos, á A. Serpa y comp-Paɛa|;;Casiz;;;frag.;1871_05_02;Nueva Burrera;;
Día 1:;;;;;Moran;cap.;;;;;Avilés en 1 dias berg. esp. Francisca, cap. Moran,;esp.;Francisca;;;berg.;1871_05_02;Avilés;;
Día 10:;;;;;;cap.;;;;;-Baltimore en 10 dias berg. gol. amer. Addie Hale,;gol.;Addie Hale;;;berg.;1871_05_02;Baltimore;;
;;;;;Marti;cap.;;;;;Cádiz pol. esp. Corvantes, cap. Marti.;esp.;Corvantes;;;pol.;1871_05_02;Cádiz;;
;;;;;Netto;cap.;;;;;Barcelona vap. esp. Maria, cap. Netto.;esp.;Maria;;;vap.;1871_05_02;Barcelona;;
;;;;;Maristany;cap.;;;;;-Barcelona pol. csp Eduviges, cap. Maristany.;;Eduviges;;;pol.;1871_05_02;Barcelona;;
;;;;;Picornell;cap.;;;;;-Barcelona pol. esp Panchita, cap. Picornell.;esp;Panchita;;;pol.;1871_05_02;Barcelona;;
;;;;;Neyrı;cap.;;;;;-Canarias frag. cap. Gran Canaria, cap. Neyrı.;;;;;frag.;1871_05_02;Canarias;;
;;;;;Lopez;cap.;;;;;-Vigo pol. cp. Resolucion. cap. Lopez.;;Resolucion;;;pol.;1871_05_02;Vigo;;
;;;;;Alchurra;cap.;;;;;Bilbao berg. esp Teres ta. cap. Alchurra.;esp;Teres ta;;;berg.;1871_05_02;Bilbao;;
;;;;;;cap.;;;;;New York berg. francés Architecte Renaud, cap.;francés;Architecte Renaud;;;berg.;1871_05_02;New York;;
;;;;;Gabriela;cap.;;;;;Montevideo y Buenos Aires pol. cap. Gabriela, cap.;;;;;pol.;1871_05_02;Montevideo y Buenos Aires;;
;;;;;Primɔs;cap.;;;19-05-2023;;Mayo 19 Para Falmouth frag. cap. Primɔs, cap. Anduiza.;;;;;frag.;1871_05_02;;;
Día 21:;;;;;;cap.;;;;;-Boston en 21 dias berg. amer. Lucy W. Snow, cap.;amer.;Lucy W. Snow;;;berg.;1871_05_03;Boston;;
Día XX:;;;;;;cap.;;;01-05-XXXX;;Mayo 1* Para Montevideo, via Matanzas, berg. esp. Miguel, cap.;esp.;Miguel;;;berg.;1871_05_03;Matanzas;;
;;;;;Raimundo;cap.;;;;;Mareelia berg. cap. Raimundo, cap. Capelo.;;Mareelia;;;berg.;1871_05_03;;;
;;;;;Guptili;cap.;;;;;Caso Hueso vivero am. Lantaro, cap. Stratch:of --Sagua la Grando berg. am. I boaias Owen, cap. Guptili.;am.;I boaias Owen;;;berg.;1871_05_03;Sagua la Grando;;
Día 3:;;;;;Dukehart;cap.;;;;;N. Oricans on 3 dias vap. am. Coba, cap. Dukehart,;am.;Coba;;;vap.;1871_05_04;N. Oricans;;
;;;;;Bradley;cap.;;;;;X. Yok berg. ara. George S. Forry, cap. Bradley,;;George S. Forry;;;berg.;1871_05_04;X. Yok;;
;;N/A:  | N/A: ;;;Berga;ep.;;;;;tou, 1015, con efectos á Zaldo y cp.-Pasajeros 1. - Gibara en 4 dias berg. esp. Joren Mariano, ep. Berga, tou. 120, con cabotajo á J. Rafecaa.-Pasajeros 1. - - Boston en 15 dias bea. am. E. 1. Yarrington, cap.;esp.;Joren Mariano;;;berg.;1871_05_05;Gibara;;
;;N/A: ;;;Vidal;cap.;;;;;Aros, cap. Vidal, tons. 626, con frutos, á J. Llanoza;;;;;;1871_05_06;;;
;;;;;Afo Lard;cap.;;;;;New York berg. Ing. Koodoo, cap. Afo Lard.;Ing.;Koodoo;;;berg.;1871_05_06;New York;;
Día 6:;;N/A: ;;;Reed;cap.;;;;;Baltimore y Cayo Hueso en 6 dias vap. ant. Liberty, cap. Reed, ton. 1230, con efectos á R. O. Wilfama Pasag 38. - Baenca Aires y Matanzas en 1 dia del último, berg.;;Liberty;;;vap.;1871_05_09;Baltimore y Cayo Hueso;;
Día 21:;;N/A: ;;;Gatas;cap.;;;;;New Orleans en 21 dias vap. am. Victor, cap. Gatas. ton. 723, con efectos á D. Mc Kellar.;am.;Victor;;;vap.;1871_05_09;New Orleans;;
Día 24:;;N/A: ;;;Catharine;cap.;;;;;Now-Orleans en 24 dias vap. am. Yazoo, cap. Catharine, ton. 1020, coa efectos á G. Neilson.-Pasag. 32.;am.;Yazoo;;;vap.;1871_05_09;Now-Orleans;;
;;;;;Phillips;cap.;;;;;-Now York vap. amor. Cleopatra, cap. Phillips.;;amor. Cleopatra;;;vap.;1871_05_09;Now York;;
;;;;;Kennedy;cap.;;;;;-Filadelfia berg. amer. John II. Kennedy, cap. Roch.;amer.;John II;;;berg.;1871_05_09;Filadelfia;;
;;;;;Dissaway;cap.;;;;;Shephard. - Sagua la Grando gol. amer. Menaws, cap. Dissaway.;amer.;Menaws;;;gol.;1871_05_09;Sagua la Grando;;
;;;;;Soull;cap.;;;;;Sagna la Grande gol. amer. Maggie Cain, cap. Soull.;amer.;Maggie Cain;;;gol.;1871_05_09;Sagna la Grande;;
Día 22:;;N/A: ;;;Gillet;cap.;;;;;en 22 dias vap. franc. Guadeloupe, cap. Gillet, tons;franc.;Guadeloupe;;;vap.;1871_05_10;;;
;;N/A:  | N/A:  | N/A: ;;;Crescencia;cap.;;;;;1,200, con efectos, á Caio, hermanos y Watson.-PaFageros 72. _ Barcelona en CO dias bea. cap. Crescencia, cap. Alegia, tons. 193, con frutos, á J. Torros y ep. -Abéres on 47 dias ca. cap. Mannel, cap. Aurrococchea, tone. 433, con mercancias, & L. Will y op;;;;;bea.;1871_05_10;Barcelona;;
;;;;;;cap.;;;;;-Sierra Morena en dias gol. amer. Emma Green, cap.;amer.;Emma Green;;;gol.;1871_05_10;Sierra Morena;;
Día 18:;;N/A:  | N/A:  | N/A:  | N/A:  | N/A: ;;;Erozuma;cap.;;;;;Liverpool on 18 dias vapor esp. Gracia, cap. Erozuma, tons. 165, con carga general, & N Deulofen. - New Orleans en 3 dias vap, gorm. Holm, cap. Franke, tons. 1321, con efectos á 1. Upmann yer-Pasajeros 7 y 195 de tránsito;esp.;Gracia;;;vapor;1871_05_10;Liverpool;;
;;;;;Mc Donald;cap.;;;;;Din 9. Para Boston berg. ing. Mc Stewart, cap. Mc Donald.;ing.;Mc Stewart;;;berg.;1871_05_10;Din;;
;;;;;York;cap.;;;;;-Serra Morena berg. amer. Gipsey Queen, cap. York.;amer.;Gipsey Queen;;;berg.;1871_05_10;;;
;;;;;Proctor;cap.;;;;;-Caibarien gol. amer. Quango, cap. Proctor.;amer.;Quango;;;gol.;1871_05_10;Caibarien;;
;;;;;Giliet;cap.;;;;;Veracruz vap. franc. Guadeloune, cap. Giliet.;franc.;Guadeloune;;;vap.;1871_05_10;Veracruz;;
;;;;;Barre;cap.;;;;;Now Orleans vap. germ. Frankfurt, cap. Barre.;germ.;Frankfurt;;;vap.;1871_05_10;Now Orleans;;
;;;;;Reed;cap.;;;;;New Orleans vap. am. Liberty, cap. Reed.;am.;Liberty;;;vap.;1871_05_10;New Orleans;;
;;;;;Lairauri;cap.;;;;;-Amberes berg. esp. Los Amigos, cap. Lairauri.;esp.;Los Amigos;;;berg.;1871_05_11;Amberes;;
Día 49:;;N/A: ;;;Onzain;cap.;;;;;Dial: De Santander en 49 dias bea. eap. Paquet de Cantaria, cap. Onzain, ton. 249, con harina, á J. de la Portilla. - Mobila en 6 dias gol. amer. Northern Light, cap.;amer.;Paquet de Cantaria;;;bea.;1871_05_12;Santander;;
Día i:;;;;;Ormachee;cap.;;;;;Pelegrin. - Matanzas en i dia berg. esp. Alicia, cap. Ormachee,;esp.;Alicia;;;berg.;1871_05_12;Matanzas;;
;;N/A: ;;;Vogto;cap.;;;;;cap. Vogto tons. 387, con carbon, a Gil.;;;;;;1871_05_12;;;
Día 11:;;;;;Collins;cap.;;;;;Ia 11: Para Filadelfia gol. amer. Emma Green. cap. Collins.;amer.;Emma Green;;;gol.;1871_05_12;Filadelfia;;
;;N/A: ;;;Paredes;cap.;;;;;Sra. del Carmen, cap. Paredes, tons. 174, con fratos,;;Sra. del Carmen;;;;1871_05_13;;;
;;;;;Smith;cap.;;;;;Sierra Morena berg. ing. Posle, cap. Smith.;ing.;Posle;;;berg.;1871_05_13;;;
;;;;;Handy;cap.;;;;;-Cárdenas berg. amer. Ponvert, cap. Handy.;amer.;Ponvert;;;berg.;1871_05_14;Cárdenas;;
;;;;;Barceló;cap.;;;;;Nuovitas pol. esp. Margarita, cap. Barceló..;esp.;Margarita;;;pol.;1871_05_14;Nuovitas;;
Dia 15:;;N/A: ;;;Deaken;can.;;;;;Dia 15: _ Veracruz y Sisal en 4 dias vap. amer. City of Merids, can. Deaken, tons. 1,500, con efectos, á Zaldo y;amer.;City of Merids;;;vap.;1871_05_16;Veracruz y Sisal;;
Día 56:;;N/A: ;;;Arrotogni;cap.;;;;;cp.-l'assgs. 47. - Liverpool en 56 dias frag. oep Alfrodo, cap. Arrotogni, 10n8, 262, con morcancias, A N. Deulofea.;;Alfrodo;;;frag.;1871_05_16;Liverpool;;
Día 61:;;N/A:  | N/A: ;;;Borotan;cap.;;;;;-Buoncs Aires cu 66 dias bcs. sp. Talia, cap Borotan, tons. 401, con tasajo, á I. Gassol y cp. -Barcelona en 61 dian bea. eap. América, cap. Manda;sp.;Talia;;;bcs.;1871_05_16;Buoncs Aires;;
;;N/A: ;;;Sorá;cap.;;;;;esp. Dolores, cap. Sorá, tons. 92, con frutos, & la;esp.;Dolores;;;;1871_05_16;;;
Día 52:;;;;;San Matco;cap.;;;;;Palma de Malloroa en 52 dias berg. cap. San Matco,;;;;;berg.;1871_05_16;Palma de Malloroa;;
;;;;;;cap.;;;;;Snellman -Barcelona y el extranjero berg. eap. Trinidad, cap.;;Trinidad;;;berg.;1871_05_16;Barcelona;;
;;N/A:  | N/A: ;;;BerFr;cap.;;;;;-Filadelfia on 2 dias berg. am Ella Maria, cap. BerFr. tons. 209, can bacalao á Carricaburu, - N. York on 21 dias berg. am. H. II. Bright, cap. Meyers, tons. 107, con efectos, á Lawton Hs. - St. John (N. B.) en 25 dias pail. am. Florenco Shay,;am;Ella Maria;;;berg.;1871_05_17;Filadelfia;;
;;N/A:  | N/A: ;;;Coombs;cap.;;;;;cap. Coombs, tons. 240, con cortes, & Mojarrista y;;;;;;1871_05_17;;;
Dia 16:;;;;;Andrea;cap.;;;;;Dia 16: Para Copenhagne frag. danesa Rota, cap. Andrea.;danesa;Rota;;;frag.;1871_05_17;Copenhague;;
;;;;;Hoxie;cap.;;;;;N. Orleans vap. am. Juniata. cap. Hoxie.;am.;Juniata;;;vap.;1871_05_17;N. Orleans;;
Día 33:;;N/A:  | N/A: ;;;;cap.;;;;;Chase, tone. 180, con naderas, & Zaldo y Ca --St. John (N. B.). en 33 dias. berg. ing. Robin, cap.;ing.;Robin;;;berg.;1871_05_18;St. John (N. B.);;
Día 13:;;N/A: ;;;RusBell;cap.;;;;;wers. - Caso Hueso, en 13 dias, pall. am. Frank, cap. RusBell, tons. 100, con ganado vacuno, á S. C. Burnham.;am.;Frank;;;pall.;1871_05_18;;;
Día 23:;;N/A:  | N/A:  | N/A: ;;;Finger;cap.;;;;;Didler, ton. 615, en lastre.-Conduce 332 colonos asiáticos -New York en 23 dias berg. inglés Liona, cap. Finger. ton. 299, con duelas, á Zaido y op,;ing.;Liona;;;berg.;1871_05_18;New York;;
;;;;;Davis;cap.;;;;;-Filadelfia, gol. am. Seguin, cap. Davis.;am.;Seguin;;;gol.;1871_05_18;Filadelfia;;
;;;;;Gaza;cap.;;;;;-Savanah, berg. esp. Lealtad, cap. Gaza.;esp.;Lealtad;;;berg.;1871_05_18;Savanah;;
;;;;;Littlefield;cap.;;;;;-Cienfurges, berg. am. Nellie Clifford, cap. Littlefield.:;am.;Nellie Clifford;;;berg.;1871_05_18;Cienfurges;;
;;;;;Wilsor;cap.;;;;;-Baltimoro gol. amer. Wm. Wilson, cap. Wilsor.;amer.;Wm. Wilson;;;gol.;1871_05_19;Baltimoro;;
;;;;;Rollins;cap.;;;;;-Calbarien gol. am. Charles Dennis, cap. Rollins.;am.;Charles Dennis;;;gol.;1871_05_19;Calbarien;;
Día 1:;;;;;Ladd;cap.;;;;;-Cayo Ineso en 1 da vap. amer. Gussie, cap. Ladd,;amer.;Gussie;;;vap.;1871_05_20;Cayo Ineso;;
;;N/A:  | N/A: ;;;Van Cice;cap.;;;;;cap. Van Cice, tons. 1500, con efectos & Drain-PaBageros 9;;;;;;1871_05_20;;;
Día 13:;;;;;;;;;;;Manzanillo en 13 dias berg. gol. esp. Glorias de;esp.;Glorias de;;;berg.;1871_05_20;Manzanillo;;
;;;;;Mc Carty;cap.;;;;;-Cayo Hueso vap. amer. Resolute, cap. Mc Carty.;amer.;Resolute;;;vap.;1871_05_20;Cayo Hueso;;
Día 1:;;;;;Lowe;cap.;;;;;Caye Hueso en un dia gol. ama Arietis, cap. Lowe,;ama;Arietis;;;gol.;1871_05_21;Caye Hueso;;
Día 52:;;N/A:  | N/A:  | N/A: ;;;Burnham;cap.;;;;;ten. 6 con ganado va no, & S. C. Burnham. -Batedona en 52 dias frag. cap. Favorita, can. Casabaton 678, con ftutia, & D. Balce ls-Pasageby escalas vapor esp. Polayo, cap. Sitches, con;esp.;Favorita;;;frag.;1871_05_21;Casabaton;;
Día 15:;;;;;;cap.;;;;;-New York en 15 dias berg. am. Mary A. Chase, cap.;am.;Mary A. Chase;;;berg.;1871_05_21;New York;;
Día 17:;;;;;;cap.;;;;;Baston en 17 dias gol. am. Addio M. Chadmick, cap.;am.;Addio M. Chadmick;;;gol.;1871_05_21;Baston;;
Día 35:;;N/A: ;;;Pang;cap.;;;;;Filadelfia 14 as bei am. Elliot Ritchie, capitau Pang, ton, 615, con efectos á Zado y ep. --St. John (N. B) en 35 dias gol. ing. N. J. Miller, cap.;ing.;N. J. Miller;;;gol.;1871_05_21;Filadelfia;;
Día 4:;;;;;;cap.;;;;;Pa'ma de Mallorca y I'de:to Rico en 4 dias pol. cap.;;;;;pol.;1871_05_21;Mallorca;;
Día 2:;;;;;Abando;cap.;;;;;-Burdeos eu 2 dias berg. cap. Abando, cap. I asi, tn.;;;;;berg.;1871_05_21;Burdeos;;
Día 2:;;;;;Mariana;cap.;;;;;-4uiz en 2 dias pol. cap. Mariana, cap. Villajoyosa,;;;;;pol.;1871_05_21;;;
Día 63:;;;;;;cap.;;;;;au Sebastinen 63 dias pol. g. eap.Swormore, cap.;;g. eap.Swormore;;;pol.;1871_05_21;Sebastinen;;
Día 20:;;N/A: ;;;Wade Hely;cp.;;;;;70, con cartes A Wade Hely cp. -iladelfia en 20 dias berg. gol. am. Ellen Bernard.;am.;Ellen Bernard;;;berg.;1871_05_21;Filadelfia;;
Día 26:;;N/A: ;;;;cap.;;;;;Giles, ton. 296, con efectos, a Mojarrieta y comp - St. John (N B.) en 26 dias berg. ing. Wanderer. cap.;ing.;Wanderer;;;berg.;1871_05_23;St. John (N B.);;
Dia 21:;;;;;Van Sico;cap.;;;;;Dia 21: Para New York vap. amer. Columbia, cap. Van Sico.;amer.;Columbia;;;vap.;1871_05_23;New York;;
;;;;;Malmstron;cap.;;;;;New York bea, rusa Pallaa, cap. Malmstron. --Filadelfia berg. germ. Holics, cap. Mencke.;rusa;Pallaa;;;bea;1871_05_23;New York;;
Día 3:;;;;;Bar;cap.;;;;;1:a 3: Do N. Orleans on 3 dias vap. germ. Frankfurt, cap. Bar;germ.;Frankfurt;;;vap.;1871_05_24;N. Orleans;;
Día 3:;null;N/A:  | N/A: ;;;Hovey;cap.;;;01-01-1900;;re, tha. 1900, con efectos & H. Upmann. Pasags. 112 - N. Orleaus en 3 dias vap. am. Lodona, cap. Hovey,;am.;Lodona;;;vap.;1871_05_24;N. Orleaus;;
Dia 22:;;;;;Bruce;cap.;;;;;Dia 22: Para Verseraz vap. ing. Eidor, cap. Bruce.;ing.;Eidor;;;vap.;1871_05_24;;;
Dia 24:;;N/A:  | N/A: ;;;Edwards;cap.;;;;;Dia 24: De New York y Nassau en 5 dias vapor amer. Missouri, cap. Edwards, tons. 1270, con efectos, a Drain y;amer.;Missouri;;;vapor;1871_05_25;New York y Nassau;;
Dia 24:;;;;;Malmernse;cap.;;;;;Dia 24: Para Falmouth berg. sueco Bore, cap. Malmernse.;sueco;Bore;;;berg.;1871_05_25;;;
;;;;;Moran;cap.;;;;;-Avilé[berg. eap. Francisca. cap. Moran.;;Francisca;;;berg.;1871_05_25;Avilé;;
Día 25:;;;;;Carabia;cap.;;;;;Fia 25: Do Liver ool en 53 dias frag. eap Feliz, cap. Carabia,;;Feliz;;;frag.;1871_05_26;Liverpool;;
;;;;;Isabel;cap.;;;;;Shielda. New Orleans bos, cap. Isabel, cap. Tomasino. -Mallorca y el extranjero berg. cap. Jóven Mariano,;;Shielda;;;berg.;1871_05_26;New Orleans;;
Día 17:;;;;;;cap.;;;;;New York en 17 dias frag. am. J. Bradler, cap.;am.;J. Bradler;;;frag.;1871_05_27;New York;;
;;;;;Alle;cap.;;;;;-Falmouth gol. Ing. Alarin, cap. Alle.;Ing.;Alarin;;;gol.;1871_05_27;Falmouth;;
;;N/A: ;;;Adams;cap.;;;;;berg. gol. ing. Teresa, cap. Adams, tors. 450, con;ing.;Teresa;;;berg.;1871_05_28;;;
Día 5:;;;;;Joaquina;cap.;;;;;Amberes. en 5 dias, berg. go!. cap. Joaquina. cap.;;go!;;;berg.;1871_05_28;Amberes;;
Día 23:;;N/A: ;;;Larkin;cap.;;;;;y Comp. -Boston. en 23 dias, berg. ing. Speed, cap. Larkin, toneladas 323, con efectos á Zaldo y C;ing.;Speed;;;berg.;1871_05_28;Boston;;
Día 10:;;;;;;cap.;;;;;Santhomae. Pto.-Rico y escalas, en 10 dias, vap. cap.;;;;;vap.;1871_05_28;Pto.-Rico;;
Día 27:;;;;;Vaguer;cap.;;;;;Dix 27: Para Boston gol. ing. Louisa D., cap. Vaguer.;ing.;Louisa D.;;;gol.;1871_05_28;Boston;;
;;;;;Kay;cap.;;;;;Caibien berg. ing. Harmony, cap. Kay.;ing.;Harmony;;;berg.;1871_05_28;Caibien;;
Día 23:;;;;;Bertran;cap.;;;;;Din 23: De Barcelona en 55 dias pol. eap. Paula, cap. Bertran,;;eap. Paula;;;pol.;1871_05_30;Barcelona;;
Día 40:;;N/A: ;;;Sast;cap.;;;;;51, con pescado vivo, á V. Carabia - Montevideo on 40 dias pol. esp. Elvira, cap. Sast,;esp.;Elvira;;;pol.;1871_05_30;Montevideo;;
;;;;;Maristany;cap.;;;;;New Orleans berg. esp. Jóven Miguel, cap. Maristany;esp.;Jóven Miguel;;;berg.;1871_05_30;New Orleans;;
;;;;;Argentol;cap.;;;;;Now Orleats frag. esp. India, cap. Argentol;esp.;India;;;frag.;1871_05_30;Now Orleats;;
;;;;;York;cap.;;;;;-Cienfuegos berg. am. Mattie B. Rassell, cap. York;am.;Mattie B. Rassell;;;berg.;1871_05_30;Cienfuegos;;
Día 1:;;;;;Ibi ña;cap.;;;;;Junio 1º Do Ambéres en 56 dias berg. esp. Manuela, cap. Ibi ña;esp.;Manuela;;;berg.;1871_06_02;Do Ambéres;;
Día 56:;;N/A: ;;;F. Van Assche;cap.;;;;;ga, tons. 180, con morcanciis, & F. Van Assche. -Liverpool en 56 dias bca. ing. Florence Barclay, cap.;ing.;Florence Barclay;;;bca.;1871_06_02;Liverpool;;
;;N/A:  | N/A: ;;;Llenas;cap.;;;;;Fortuna, cap. Llenas, tons. 202, con tasajo, á Rigal y;;Fortuna;;;;1871_06_02;;;
Día 18:;;N/A:  | N/A: ;;;White;cap.;;;;;da, tons. 267, con mercancia8, & L. Willy Cr - St. John (N. B) en 18 dias boa. amer. Sarah Hobart, cap. White, tons. 350. con cortes de caja, & M.;amer.;Sarah Hobart;;;boa.;1871_06_02;St. John (N. B);;
;;;;;Dɔlau;cap.;;;;;-Cienfuegos berg. am. Mary E. Chase, cap. Dɔlau;am.;Mary E. Chase;;;berg.;1871_06_03;Cienfuegos;;
;;N/A: ;;;Quintana;cap.;;;;;Comillas, cap. Quintana, tons. 480, con frutos, a vn;;;;;;1871_06_04;;;
Día 20:;;;;;;cap.;;;;;St. John (N. B.) en 20 dias berg. ing. Masonic, cap.;ing.;Masonic;;;berg.;1871_06_04;St. John (N. B.);;
Día 0:;;N/A: ;;;Codina;cap.;;;;;Carron, tons. 170..con maderas, M Molly cp. --arcelona en dias corb. esp, Amália, cap. Codina;esp;Amália;;;corb.;1871_06_04;Barcelona;;
Día 21:;;N/A: ;;;Lauront;cap.;;;;;Franos. cap. Lauront, tons. 1802, con efectos, á Caro Ha. y Watson-Pas. 21..;;Franos;;;;1871_06_04;;;
Dia 3:;;;;;Adams;cap.;;;;;Dia 3: Para New York vap. amor. Morro Castle, cap. Adams.;;Morro Castle;;;vap.;1871_06_04;New York;;
;;N/A: ;;;Overage;cap.;;;;;Prim. cap. Overage, tons. 135, con bacalao, á A. Ser.;;;;;;1871_06_06;;;
Día 5:;;N/A: ;;;Denken;cap.;;;;;Dia 5 New York en 5 dias vap. americano City of Mérida. cap. Denken, tons. 1,3.0, con efectos, a Zaldo y ca -Pasage. 37. -Veracruz on 43 dias vap. ing. Eider. capitan Bruce, tone, 1200, con efectos, á J. V. Crawford.-Pass geros 19. Cayo lineso en dia vivero americano Mary H. Boye. cap. Curry. toneladas 28, con pescado vivo, á V. Carabla.;americano;City of Mérida;;;vap.;1871_06_06;New York;;
;;;;;Laurent;cap.;;;;;Veracruz vap. fran, France. cap. Laurent.;France;fran;;;vap.;1871_06_06;Veracruz;;
Día 45:;;N/A:  | N/A:  | N/A: ;;;Sust;cap.;;;;;N. Deulofeu.-Pasag. 11. Barcelona on 45 dias berg. Integridad, cap. Sust, ton. 360, con frutos, & Gasol y cp.;;Integridad;;;berg.;1871_06_07;Barcelona;;
Día 7:;;;;;Wilson;cap.;;;;;Dia 7: --New York berg. am. Adelaido, cap. Wilson;am.;Adelaido;;;berg.;1871_06_08;New York;;
;;;;;Me Donald;cap.;;;;;St. John (N. B.) gol. ing. N. J. Miller, cap. Me Donald.;ing.;N. J. Miller;;;gol.;1871_06_09;St. John (N. B.);;
;;;;;Sora;cap.;;;;;Gibarn y Nuoritas pol. esp Dolores, cap. Sora.;esp;Dolores;;;pol.;1871_06_09;Gibarn y Nuoritas;;
;;;;;Douglas;cap.;;;;;Weeka. - Cárdenas berg. ing. Robin, cap. Douglas.;ing.;Robin;;;berg.;1871_06_09;Cárdenas;;
Día 45:;;;;;Wilson;cap.;;;;;res1 ---Cardiff en 45 dias frag. ing. Bina, cap. Wilson, ton.;ing.;Bina;;;frag.;1871_06_10;Cardiff;;
Día 50:;;N/A: ;;;Steward;cap.;;;;;Newcastle en 50 dias berg. ing. Citadel, cap. Steward. ton. 245, con carbon de piedra, á la Compañía;ing.;Citadel;;;berg.;1871_06_10;Newcastle;;
;;;;;Lowe;cap.;;;;;Larragecti -Cayo HRose gol. a. Ariotis, cap. Lowe.;;Ariotis;;;gol.;1871_06_11;Cayo HRose;;
Día 44:;;N/A:  | N/A: ;;;Serra;cap.;;;;;ts. 45, con pescado vivo, á F. Casteleiro. _ Barcelona en 44 dias pol. esp. Palmira, cap. Serra, ton. 230, con feutos, & Fabra, Kiera 5.op.;esp.;Palmira;;;pol.;1871_06_13;Barcelona;;
;;;;;Bastarochea;cp.;;;;;-Kingston (Jamaica) bca. cap. Elina, cp Bastarrochea. -Sidney (N. E.) berg. ing. Island Lass, op. Mo Load. -N. York gol. am. Gov. J. Smith, cp. Hoffard. Sagua la Graude berg. am. Martha A. Berry, cap Chaso. -Matanzas berg. esp. Jóvon Eduardo, op. Marlés. Calbarion gol. am. Clara W. Elwell, cp. Giles.;;Island Lass;;;bca.;1871_06_13;Kingston (Jamaica);;
;;;;;;cap.;;;;;-Mallorca y el extranjero berg. esp. Pensativo, cap.;esp.;Pensativo;;;berg.;1871_06_13;Mallorca;;
Día 13:;;N/A: ;;;D. Simon Manzane;cap.;;;;;-Gibara. vapor do guerra nacional Bazan, comandaute el teniente de avio D. Simon Manzane. -Londres, en 13 dias, bca. esp. Constanoi, cap. (iorordo, tons. 317, con mercancías, & la órdon.;esp.;Bazan;;;vapor;1871_06_14;Gibara;;
Día 12:;;N/A: ;;;Y. M. Zangronis;;;;;;Cosicot, tons. 463, con guano, & Y. M. Zangronis _Santhomas y escalas, en 12 dias, vap. eap. Barcelona;;Santhomas;;;vap.;1871_06_14;Barcelona;;
Día 3:;;N/A:  | N/A:  | N/A:  | N/A: ;;;Catharino;cap.;;;;;cap. Cacho, tons. 130, con efectos & R. Herrera.-Pasajeros 113. -New Orleans, en 3 dias, vap. am. Yazoo, cap. Catharino tons. 870, con efectos á G. Neilson-Pasageгos 25.;am.;Yazoo;;;vap.;1871_06_14;New Orleans;;
Día 3:;;N/A:  | N/A: ;;;Hetherigton;cap.;;;;;"-Greenock, en 3 ilias, bea. ing. Smyrna, cap. Hetherigton, tons. 354; con ladrillos y carbon do piedra, á";ing.;Smyrna;;;bea.;1871_06_14;Greenock;;
Día 55:;;N/A: ;;;Zaragoza;cap.;;;;;-Barcelona y Santa Pola en 55 dias berg. gol. orp. Pepita, cap. Zaragoza, ton. 202, con frutos. á Boada y;gol.;orp. Pepita;;;berg.;1871_06_14;Barcelona y Santa Pola;;
Día 48:;;;;;Juliana;cap.;;;;;comp. -Amberes en 48 dias berg. cap. Juliana, cap. Urruha.;;Amberes;;;berg.;1871_06_14;Amberes;;
Día 52:;;N/A: ;;;Casarlego;cap.;;;;;Glasgow en 2 dias corb. osp. Marina, cap. Casarlego, ton 2 con efectos. á la órden. _Barcelona on 52 dias berg. esp. Nuevo Victoria, cap.;esp.;Nuevo Victoria;;;berg.;1871_06_14;Glasgow;;
Día 3:;;;;;Barceló;cap.;;;;;-Nuevitas en 3 dias pol. esp. Margarita, cap. Barceló,;esp.;Margarita;;;pol.;1871_06_14;Nuevitas;;
Día 50:;;N/A: ;;;Juliá;cap.;;;;;tons. 332, con harina, á J. Demestre. - Cartagena en 50 dias corb. esp. Boa, cap. Juliá, tous.;esp.;Boa;;;corb.;1871_06_14;Cartagena;;
Día 4:;;;;;;cap.;;;;;Malaga en 4 dias berg. esp. Nuevo San José, cap.;esp.;Nuevo San José;;;berg.;1871_06_14;Malaga;;
;;;;;Tingloy;cap.;;;;;Delaware, berg. ing. Leona, cap. Tingloy.;ing.;Leona;;;berg.;1871_06_14;Delaware;;
Día 45:;;;;;Hasfield;cap.;;;;;Liverpool en 45 dias frag. ing. Mona, cap. Hasfield,;ing.;Mona;;;frag.;1871_06_15;Liverpool;;
Día 17:;;;;;Boff;cap.;;;;;-New Orleans on 17 diss berg. ing. Ruth, cap. Boff,;ing.;Ruth;;;berg.;1871_06_15;New Orleans;;
Día 14:;;;;;Lindstrom;cap.;;;;;Dia 14 Para Falmouth berg. sueco Armida, cap. Lindstrom;sueco;Armida;;;berg.;1871_06_15;;;
Día 6:;;N/A:  | N/A: ;;;Riera;cap.;;;;;- Barcelona en is dia berg. 6sp. Monjuich, cap. Riera, ton. 235 con frutos, & Mañó y ep. - Sisal en dia bea. esp. Cr.cencie, cap. Alegia,;esp.;Monjuich;;;berg.;1871_06_16;Barcelona;;
;;;;;White;cap.;;;;;New York berg. am. Agencra, cap. White.;am.;Agencra;;;berg.;1871_06_17;New York;;
Día 37:;;;;;Pores;cap.;;;;;102 17: De Cádiz on 37 dias frag. cap. Nuovo Apolo, cap. Pores,;;Nuovo Apolo;;;frag.;1871_06_18;Cádiz;;
Día 53:;;N/A:  | N/A: ;;;Herozuma;cap.;;;;;-Liverpool en 53 dias bez. esp. Paleta, cap. Herozuma. tons. 336, con ofectos, á N. Deulofeo. - Bero tonay Cartagena corb. cap. Union, cap. Sarriá;esp.;Paleta;;;bez.;1871_06_18;Liverpool;;
Día 1:;;N/A:  | N/A:  | N/A:  | N/A: ;;;Koberts;cap.;;;;;tons. 127 cm vinos y frutos, á Vegaor y C -Cayo Hueso en 1 dia gol, am. Beauregard, cap. Koberts, ons. 50, con gañado, & Burnham y Ca;am.;Beauregard;;;gol.;1871_06_18;Cayo Hueso;;
;;;;;Isasi;cap.;;;;;-Amberes berg. esp. Abando, cap. Isasi.;esp.;Abando;;;berg.;1871_06_18;Amberes;;
;;;;;Ewards;cap.;;;;;M. York vap. am. Mi-scurl cap Ewards. - Thomasy St. Nazaire vap. francés France, cap.;am.;Mi-scurl;;;vap.;1871_06_18;M. York;;
;;;;;Russell;cap.;;;;;Cavo Hueso gol. amer. F. Frank, cap. Russell.;amer.;F. Frank;;;gol.;1871_06_18;;;
Día 1:;;;;;Arteia;cap.;;;;;Dia 1 Para la Coruña berg. ep. Carmencita. cap. Arteia;;Carmencita;;;berg.;1871_06_20;La Coruña;;
Día 1:;;N/A: ;;;Lowe;cap.;;;;;10, 19, 33, con percado vivo, V. Carabia. - Cayo Hueso en 1 dia gol. am. Arietis, cap. Lowe is,;am.;Arietis;;;gol.;1871_06_21;Cayo Hueso;;
Día 7:;;N/A: ;;;Mir;cap.;;;;;Wiliams, con pesoado vivo, á V. Carabia. -Cienfuegoa en 7 dias berg. esp. Lorenzo, cap. Mir.;esp.;Lorenzo;;;berg.;1871_06_21;Cienfuegoa;;
Día 56:;;N/A: ;;;Arrigunaga;cap.;;;;;-Liverpool on 44 dias bea. cap. Tetuan, cap. Arrigunaga, tons 370, con efectos, á Walker, y cp. - Barcelona en 56 dias berg. gol. esp. Maria Cleofe,;esp.;Maria Cleofe;;;berg.;1871_06_23;Liverpool;;
;;N/A:  | N/A: ;;;Ferrer;cap.;;;;;cap. Ferrer, tons. 126, con fratos, & J. Boada y Op.;;;;;;1871_06_23;;;
Día 57:;;;;;General;cap.;;;;;-Genova y Matanzas on 57 dias berg. cap. General;;;;;berg.;1871_06_23;Genova;;
;;N/A: ;;;Amigó;cap.;;;;;Valmasoda, cap. Amigó tons. 105, con arrez, á J.;;Valmasoda;;;;1871_06_23;;;
;;;;;;cap.;;;;;-Suthampton y Brémen vap. germ. Aannover, cap.;germ.;Aannover;;;vap.;1871_06_23;Suthampton y Brémen;;
Día 5:;;N/A:  | N/A: ;;;Gomez;cap.;;;;;ford. -Cayo Hueso en 1 dia viv. am. Montezuma, cap. Gomez, ton. 32, con pescado vivo, a V. Carabia. - N. York en 5 dia vap. am. City of México, cap. Timmerman, ton. 1400, con efectos, A Zaldo y cp.-Pasijeros 2y 11 de tránsito.;am.;Montezuma;;;viv.;1871_06_24;Cayo Hueso;;
Día 16:;;;;;D. Enrique Albacete;comandante;;;;;la mar cañonoro nacional Linco, comandante ol toniento de cavio D. Enrique Albacete.. -Amberca en 16 dias berg. gol. esp. Nueva E'olsa,;esp.;Linco;;;berg.;1871_06_24;Nueva E'olsa;;
Día 52:;;;;;;cap.;;;;;Montevideo on 52 dias pol. osp. Lira de Saf>, cap.;osp.;Lira de Saf;;;pol.;1871_06_24;Montevideo;;
Día 21:;;;;;Gusñabens;cap.;;;;;Dia 21. Para New York berg. esp. Aim ranto, ep. Gusñabens. - New York berg. cap. Integridad, cp. Luit.;esp.;Aim ranto;;;berg.;1871_06_25;New York;;
Dia 25:;;;;;;cap.;;;;;Dia 25: De Beaufort (NC) on 18 dias berg. an. Hattie B., cap.;;Hattie B.;;;berg.;1871_06_27;Beaufort (NC);;
;;N/A: ;;;Stris;cap.;;;;;berg. ep. Guanche, cap. Stris, tou. 111, con frutos, a;;ep. Guanche;;;berg.;1871_06_27;;;
Día 1:;;N/A:  | N/A: ;;;;cap.;;;;;Binder, ton. 354, con corbon do piedra, & la Compania del gas. - -Cayo Hueso en un dia gol. am. M. N. Lunday, cap.;am.;M. N. Lunday;;;gol.;1871_06_27;Cayo Hueso;;
Día XX:;;;;;;cap.;;;;;Caso Hueso en undia gol. am. Harriet Maria. cap.;am.;Harriet Maria;;;gol.;1871_06_27;Hueso;;
Día 43:;;;;;Pepita;cap.;;;;;-Bilbao en 43 dias gol. cap. Pepita, cap. Yagro, tous.;;;;;gol.;1871_06_27;Bilbao;;
Día 4:;;;;;;cap.;;;;;Dia 4: Para Nassau y N. York vap. am Morro Castle cap.;am;Morro Castle;;;vap.;1871_06_27;Nassau y N. York;;
Dia 27:;;;;;Jnan;cap.;;;;;Dia 27: Do Liverpool on 23 dias vap. cap. Jnan, cap. Albizuri,;;;;;vap.;1871_06_28;Liverpool;;
Día 2:;;;;;;cap.;;;;;-New Orleans en 2 dias vap. amer. Juniata, cap.;amer.;Juniata;;;vap.;1871_06_28;New Orleans;;
;;;;;Osabell;cap.;;;;;Ji Para Filadelfia frag. cap. Favorita, cap. Osabell;;Favorita;;;frag.;1871_06_29;Ji;;
;;;;;Me Kay;cap.;;;;;-Cayo Hueso gol. am. M. N. Lindsey, cap. Me Kay.;am.;M. N. Lindsey;;;gol.;1871_06_29;Cayo Hueso;;
;;;;;Bocker;cap.;;;;;-Cayo Ineso gol. am. Harriet Marf. cap. Bocker.;am.;Harriet Marf;;;gol.;1871_06_29;Cayo Ineso;;
Día 3:;;N/A: ;;;Reod;cap.;;;;;N Orleans en 3 dias vap. am, Liberty cap. Reod, tus;am;Liberty;;;vap.;1871_07_01;N Orleans;;
;;;;;Adaris;cap.;;;;;Svi la en 41/as berg. cap. San José ep. Adaris.;;San José;;;berg.;1871_07_02;;;
;;;;;Dou Jus;cap.;;;;;Belle Isle berg. cap. Dou Jus. cap. Fraón.;;Belle Isle;;;berg.;1871_07_04;;;
;;;;;Sundberg;cap.;;;;;New York hea, amier. Cardenas, cap. Sundberg.;amier;Cardenas;;;;1871_07_04;New York;;
Día 3:;;;;;Ib'ig;cap.;;;;;Dia 3: -Laguna de Terminos berg. e.p. Masuala, cap. Ib'ig.;;Masuala;;;berg.;1871_07_04;Laguna de Terminos;;
Día 4:;;;;;い;cap.;;;;;Dia 4 Do San Sebastian en 44 dias berg. esp Aguina. a. cap. い 。;esp;Aguina;;;berg.;1871_07_05;San Sebastian;;
Día 4:;;N/A: ;;;En8;cap.;;;;;Dia 4 Para Mallorca y el extranjero berg. esp. Féuix, cap. En8: fat;esp.;Féuix;;;berg.;1871_07_05;Mallorca;;
Día 5:;;;;;Xi;cap.;;;;;Dia 5: Para Mallorca y el extranjero pol. esp. Resalia, cap. Xi.;esp.;Resalia;;;pol.;1871_07_06;Mallorca;;
;;;;;Carion;cap.;;;;;melis. - Baltimore berg. Ing. Masonic, cap. Carion.;Ing.;Masonic;;;berg.;1871_07_06;Baltimore;;
Día 12:;;N/A:  | N/A:  | N/A: ;;;Cordelora;cap.;;;;;Santander en 12 dias pol. cap. Cordelora, op. Sanjain, ton. Se, con harina, á B. Moll y comp-Ir. 2;;;;;pol.;1871_07_07;Santander;;
Día 6:;;;;;Nichols;cap.;;;;;Di 6. Para New York berg. Ingia Ruth, op. Rifkogel. -New York bea.m. J. B. Bradley, cap. Nichols.;ing.;Ingia Ruth;;;berg.;1871_07_07;New York;;
;;;;;Roberts;cap.;;;;;Cayo Hueso gol.am. Beanregard, cap. Roberts.;am.;Beanregard;;;gol.;1871_07_07;Cayo Hueso;;
;;;;;Correas;cap.;;;;;Christiansund berg. nor. General Prim, cap. Correas;nor.;General Prim;;;berg.;1871_07_07;Christiansund;;
Día 37:;;;;;Pedro Plandolit;cap.;;;;;comandante Me. Acosta. _ Barcelona en 37 dias frag. cap Pedro Plandolit, cap.;;;;;frag.;1871_07_09;Barcelona;;
Día 5:;;N/A: ;;;;cap.;;;;;Amengual, ts. 821, con frutos á 1. Gassol y cp—PaBejeros 5. - Mallorca y Gibara en al dias pol. esp. Ventura, cap.;esp.;Ventura;;;pol.;1871_07_09;Mallorca;;
;;N/A:  | N/A: ;;;Beotegut;cap.;;;;;nell, t. 107, con bacalso á Kuthven Whitman y cp. -- Liverpool en 46 dian berg. esp. Maria, cap. Beotegut, too. 780, con inorcaucias. A Morison Hls. -Cádiz en 39 dias boa eep. Dolores, cp. Guerra, ton;esp.;Maria;;;berg.;1871_07_09;Liverpool;;
Dia 9:;;N/A:  | N/A:  | N/A: ;;;Gardoqui;cap.;;;;;"Dia 9: De Liverpool en 40 dias bca. esp. Joaquina, cap. Gardoqui, tos. 338 con mercancías & Fesser y cp. -St Nazaire y escalas en 24 dias vap. frano. Wasbigton, cap. Beaufort, tas; 1998, con efectos & Care H.";esp.;Joaquina;;;bca.;1871_07_11;Liverpool;;
Día 48:;;;;;Cocks;cap.;;;;;-Liverpool en 48 dias berg. am. Star cap. Cocks tons.;am.;Star;;;berg.;1871_07_11;Liverpool;;
;;;;;Thompso;cap.;;;;;Cayo reso gol. ing. Ramsou cap Thompso I -Falmouth bea. esp. Isabel cap. Arriand ga;ing.;Ramsou;;;gol.;1871_07_11;Cayo reso;;
;;;;;Bocker;cap.;;;;;Cayo Hueso gel.itg. Dearborn cap. Bocker. _ Veracruz vap. frazc. Washington cap. Beaufort.;;Dearborn;;;gel.;1871_07_11;Cayo Hueso;;
Día 10:;;;;;;cap.;;;;;Filadelfia en 10 dias gol. am. Lizzio Batchelor, cap.;am.;Lizzio Batchelor;;;gol.;1871_07_12;Filadelfia;;
Día 48:;;N/A: ;;;Valle;cap.;;;;;-Gijon en 48 diss berg. esp. Etelvina, cap. Valle, ton.;esp.;Etelvina;;;berg.;1871_07_12;Gijon;;
Día 10:;;;;;Bocker;cap.;;;;;Dia 10 Para Cayo Hueso gol. hond? Indio, cap. Bocker;hond?;Indio;;;gol.;1871_07_12;Cayo Hueso;;
Día 7:;;;;;Roca;cap.;;;;;Luayanilla on 7 dias pol. esp. Venezuela, cap. Roca.;esp.;Venezuela;;;pol.;1871_07_13;Luayanilla;;
;;;;;Honor;cap.;;;;;Trolle. -N. York berg. cap. Honor, cap, Baracorda.;;Baracorda;;;berg.;1871_07_13;N. York;;
Día C:;;;;;Van;cap.;;;;;tos, Lawton Hnos.-Paa. 12. -Now York en C dias vap. am. Columbia, cap. Van;am.;Columbia;;;vap.;1871_07_14;Now York;;
Dia 13:;;;;;Mendezona;cap.;;;;;Dia 13: Para Falmouth berg. esp. Tres Sobrinos. cap. Mendezona.;esp.;Tres Sobrinos;;;berg.;1871_07_14;Falmouth;;
;;;;;Rosario;cap.;;;;;-Canarias berg. cap. Rosario, cap. Sosvilla.;;;;;berg.;1871_07_14;Canarias;;
Dia 14:;;;;;;cap.;;;;;Dia 14: Para N. York berg. ing. St. Joseph, op Beroi-r. -N. York bea. francesa Surcouf, op. Ger. - Barcelona y el extranjero frag. esp. Valparaiso, cap.;ing.;St. Joseph;;;berg.;1871_07_15;N. York;;
;;;;;Monar;cap.;;;;;dias del último pol. cap. Trinidad, cp. Monar, ton.;;Trinidad;;;pol.;1871_07_18;;;
Día 2:;;;;;;cap.;;;;;Cayo Hara> en 2 dias gol. &u. M. N. Lindsay, cap.;;M. N. Lindsay;;;gol.;1871_07_19;Cayo Hara;;
;;;;;Albizuri;cap.;;;;;-Liverpool vap. esp. Juan, cap. Albizuri.;esp.;Juan;;;vap.;1871_07_19;Liverpool;;
Día 20:;;;;;;cap.;;;;;Dia 20: De Veracruz en 3 dias vap. francés Washington, cap.;francés;Washington;;;vap.;1871_07_21;Veracruz;;
Día 1:;;;;;Lowo;cap.;;;;;-Cayo Hneso en un dia gol. am. Aietis, cap. Lowo,;am.;Aietis;;;gol.;1871_07_21;Cayo Hneso;;
Día 50:;;;;;;cap.;;;;;-Yalencia en 50 dias berg. esp. Cid Campeador, cap.;esp.;Cid Campeador;;;berg.;1871_07_21;Yalencia;;
Día 199:;;;;;Harkness;cap.;;;;;Dia 199 Para New York berg. am. R B. Gove, cap. Harkness.;am.;R B. Gove;;;berg.;1871_07_21;New York;;
Dia 2:;;;;;Fortuna;cap.;;;;;Dia 2: -Mallorca y ol extranjero pol. cap. Fortuna, capitan;;;;;pol.;1871_07_21;Mallorca;;
;;;;;Mol;cap.;;;;;-Mallorca y el extranjero pol.'oap. Morcy, cap. Mol;;Morcy;;;pol.;1871_07_21;Mallorca;;
;;;;;;cap.;;;;;-Barcelona y el extranjera berg. esp. Fortona, cap.;esp.;Fortona;;;berg.;1871_07_21;Barcelona;;
;;;;;Serra;cap.;;;;;-Terranova pol. e p. Palmira, cap. Serra, por Nisse,;;Palmira;;;pol.;1871_07_22;Terranova;;
Día 37:;;N/A:  | N/A: ;;;Pome;cap.;;;;;diz en 37 dias berg. o-p. Manuel, cap. Pome, fone. 261, con frator á Mazan H.-Pasajeros 15;;o-p. Manuel;;;berg.;1871_07_22;;;
;;;;;;cap.;;;;;Fuentes y op-168 bocoses miet do parga - Barcelona y el extranjero berg. esp. Amalia, cap.;esp.;Amalia;;;berg.;1871_07_22;Barcelona;;
;;;;;Lowo;cap.;;;;;-CaƑo Ineso gol. an. Arictla, cap. Lowo;an.;Arictla;;;gol.;1871_07_22;CaƑo Ineso;;
;;;;;Sitjar;cap.;;;;;-San Juan de Terranova pol. esp. Ventura, cap. Sitjar.;esp.;Ventura;;;pol.;1871_07_23;San Juan de Terranova;;
;;N/A:  | N/A: ;;;Blanchard;cap.;;;;;cap. Blanchard, tons. 900, con efectos, á Drain y C: -Pasageros 9.;;;;;;1871_07_25;;;
Día 4:;;N/A: ;;;Bruce;cap.;;;;;Brandt, toas. 334, con efectos, & J. A. del Rio. -St Thomas y Paerto Rico en 4 dias vap. inglés Elder, cap. Bruce, tens. 4C0, con efectos, à J. V. Craw;ing.;Elder;;;vap.;1871_07_25;St Thomas y Paerto Rico;;
;;N/A: ;;;Kiesira;cap.;;;;;cap. Kiesira, tons. 65), con mercancias, á N. Denlon-Pasageros 1.;;;;;;1871_07_25;;;
;;N/A: ;;;Demeritt;cap.;;;;;cap. Demeritt, tons. 75, con ganado vacnno, á S. C.;;;;;;1871_07_25;;;
;;;;;Ora;cap.;;;;;Codina. - Barcelona berg. osp. Popita. cap. Ora.;osp.;Popita;;;berg.;1871_07_25;Barcelona;;
Dia 25:;;;;;;cap.;;;;;Dia 25: Do Cayo Has a 1 dia gol. am. Asa Eldridge. cap.;am.;Asa Eldridge;;;gol.;1871_07_27;Cayo Has;;
Día 15:;;N/A: ;;;Bor- Восker;cap.;;;;;jeres 15. -Cavo Haeso en 2 dias gol. ing. Dearborn. cap. Bor- Восker, ton. 192, con ganado vacuno, á Caamaño y Bus;ing.;Dearborn;;;gol.;1871_07_27;Cavo Haeso;;
Día 6:;;;;;Aparicio;cap.;;;;;V>n Assche. -Málaga en 6 dias berg. csp. Pepa, cap. Aparicio.;csp.;Pepa;;;berg.;1871_07_27;Málaga;;
Día 0:;;N/A: ;;;Roberis;cap.;;;;;ann. -Caso Hueso en dias gol. amer, Beauregard, cap. Roberis, ton. 91. con ganado. á S. C. Barnham y cp!;amer;Beauregard;;;gol.;1871_07_27;;;
Día 11:;;N/A: ;;;Pájaro d;cap.;;;;;451 con carbon do piedra, á M. Gil. -S thomas y escalas en 11 dias vap. cap. Pájaro d;;;;;vap.;1871_07_28;S thomas;;
Dia 27:;;;;;Lanz;cap.;;;;;Dia 27: Para Rivadon berg. esp. Pend, cap. Lanz -Vigo y extranjero berg. tsp. Joaquina Barrera,;esp.;Pend;;;berg.;1871_07_28;Rivadon;;
;;;;;Urrechaga;cap.;;;;;N. York berg. esp Juliana, cip Urrechaga. -C. In gol. am. Thomas P. Barkalow, cap. Denorit;esp;Juliana;;;berg.;1871_07_28;N. York;;
;;;;;Bahrt;cap.;;;;;- Hao gol. am. Asa Eldridge, cap. Bahrt.;am;Asa Eldridge;;;gol;1871_07_28;;;
Dia 23:;;;;;Onaindi;cap.;;;;;Dia 23: Para Hong Kong frag. osp. Altagracia, cap. Onaindi.;osp.;Altagracia;;;frag.;1871_07_29;Hong Kong;;
;;;;;Roberts;cap.;;;;;-Caso Hueso gol. amer. Beauregard, cap. Roberts.;amer.;Beauregard;;;gol.;1871_07_29;;;
;;;;;Thompson;cap.;;;;;-Cayo Ilarso gol. amer. J. Ramson, cap. Thompson.;amer.;;;;gol.;1871_07_29;Cayo Ilarso;;
;;;;;Gastañaga;cap.;;;;;Liverpool boa. esp. Odulla, cap. Gastañaga. - Barcelona y el extranjero pol. esp. Paquete de VeBeznela. cap. Cardel. _ N, York y Nassau vap, am. Shorman, cap. Blanchard.;esp.;Odulla;;;boa.;1871_07_29;Liverpool;;
Día 20:;;;;;Tercer Barceló;cap.;;;;;D'a 20: De Bu-noires on s dias berg. cap. Tercer Barceló.;;;;;berg.;1871_07_30;Bu-noires;;
Día 32:;;;;;Ceballos;cap.;;;;;Santander en 32 dias berg. cap. Ceballos, cap. Lopez;;;;;berg.;1871_07_30;Santander;;
Día 2:;;N/A: ;;;Perez;cap.;;;;;(sp. Fara do Canarias, cap. Perez, ts. 385, con frutos, A Casanellas v cp-Pg4 39. - Cayo Hueso en 2 dias gol. am M N. Liedsey cap.;am;Fara do Canarias;;;gol.;1871_07_30;Cayo Hueso;;
;;;;;Gantes;cap.;;;;;SALIDAS Para la Corufi, bea. ep. Sisirga, cap. Gantes. -Luare. pol. osp. Cordelers, cap. San Julian.;;Sisirga;;;bea.;1871_08_01;Corufi;;
;;;;;Isla de Cuba;cap.;;;;;Santander y Cidiz, vap. correo cap. Isla de Cuba;;correo;;;vap.;1871_08_01;Santander;;
;;;;;Arozo;cap.;;;;;-Santander, berg. oap Sois Hermanos, cap. Arozo.;;Sois Hermanos;;;berg.;1871_08_01;Santander;;
;;;;;Seris;cap.;;;;;anarina, berg. can. Guinelo, cap. Seris.;can.;Guinelo;;;berg.;1871_08_01;;;
;;;;;Lowe;cap.;;;;;-Cayo Hueso gol. amer. Aretis, cap. Lowe.;amer.;Aretis;;;gol.;1871_08_02;Cayo Hueso;;
Día 1:;;N/A:  | N/A: ;;;Jams Maria y José;cap.;;;;;Matanzas en 1 dia barg. cap. Jams Maria y José, . rap. La honde, tons. 121. cun maíz y cafó, á 1. Zabala.;;Jams Maria y José;;;barg.;1871_08_05;Matanzas;;
Día 1:;;N/A: ;;;Torboline;cap.;;;;;Matanzas en 1 dia gol. cap Torboline. cap. Arrase.ito, tons. 11, con harina, AL. G. Baboi.;;;;;gol.;1871_08_05;Matanzas;;
Día 3:;;N/A:  | N/A:  | N/A: ;;;capitan;cap.;;;;;Barcelous en Go dias frag, esp. Aretusa, cap. RolCós, foLs, 407, con frntos, á Raurell, II. y Ca - New Orleans en 3 Gien vap. amer. Liborty, capitan;amer.;Liborty;;;vap.;1871_08_05;New Orleans;;
Día 3:;;;;;Monterola;cap.;;;;;Dla 3: Para New Orleansberg. ing. Hope, cap. Monterola.;ing.;Hope;;;berg.;1871_08_05;New Orleans;;
;;;;;Wood;cap.;;;;;New York frag. ing. Tiochrague, cap. Wood,;ing.;Tiochrague;;;frag.;1871_08_05;New York;;
;;;;;Garcia;cap.;;;;;-Can-rias berg. osp. Las Palmas, cap. Garcia.;;Can-rias;;;berg.;1871_08_05;Las Palmas;;
Dia 5:;;;;;General Valmaseda;cap.;;;;;Dia 5: Par Vigo y el extranjero berg. cap. General Valmaseda,;;;;;berg.;1871_08_06;Vigo;;
;;;;;Aduris;cap.;;;;;-Sevilla berg. cap. San José, cap. Aduris;;San José;;;berg.;1871_08_06;Sevilla;;
Día 12:;;N/A: ;;;Gaano;cap.;;;;;D'a C: tre Liverpool en 12 d'a bea. cp. Abnegacion, cap. Gaano, tons. 433 en merenucia, á B. B. Jimenez.;;Abnegacion;;;bea.;1871_08_08;Liverpool;;
Día 1:;;;;;Gaze;cap.;;;;;Cago Hueso en 1 dia viv. amer. Rio, cap. Gaze, tons.;amer.;Rio;;;viv.;1871_08_08;Cago Hueso;;
Día 9:;;;;;Mae;cap.;;;;;C-Pasaj. 1. -Tabasco en 9 dias gol. opp. Salvatora, cap. Mae, ts.;;Salvatora;;;gol.;1871_08_08;Tabasco;;
Día 5:;;;;;Lowe;cap.;;;;;Bias: De Cayo Hueso en 5 dias gol. am. Aristis, cap. Lowe,;am.;Aristis;;;gol.;1871_08_09;Cayo Hueso;;
Día 45:;;N/A: ;;;Moreno;cap.;;;;;FOR. Liverpool en 45 dias bea. esp. Luz, cap. Moreno, ton. 213, con mercancias, a la órdon. -Nassau, en 3 dias, gol. ing. Star, cap. Albury, tous. 111. en lastry, á R. Witman.;esp.;Luz;;;bea.;1871_08_09;Liverpool;;
;;;;;Lala;cap.;;;;;-Cadiz, berg. cap. Lala, cap. Gonzalez.;;;;;berg.;1871_08_10;Cadiz;;
;;;;;Faivt;cap.;;;;;2. Haoro gol. £m. A-a Eddridge, cap. Faivt.;;A-a Eddridge;;;gol.;1871_08_10;;;
Día 10:;;N/A:  | N/A: ;;;Bocker;cap.;;;;;Dia 10. De Cayo Hacao en 9 dias gol. ing. Dearborn, cap. Bocker. ton. 149 con ganado racuno & Caзms. BustaDantes en.;ing.;Dearborn;;;gol.;1871_08_11;Cayo Hacao;;
Día 14:;;N/A:  | N/A: ;;;Morten;cap.;;;;;-New York en 4 dias vap. am. Bienville, cap. Morten, ton. 1500, con factos & Drainy cp.-Pasag. 14. - neacs Aires en el dias pol. op. Sorprona, capitan;am.;Bienville;;;vap.;1871_08_11;New York;;
;;;;;Lowo;cap.;;;;;Cayo Hueso gol. am. Ariotis, cap. Lowo;am.;Ariotis;;;gol.;1871_08_11;Cayo Hueso;;
Día 47:;;;;;;cap.;;;;;1032 _ Ambéres en 47 días berg. esp. Nuova Union, cap.;esp.;Nuova Union;;;berg.;1871_08_12;Ambéres;;
Dia 11:;;;;;;cap.;;;;;Dia 11: Para Lagna de Términos berg. germ? Von Roon, cap.;germ?;Von Roon;;;berg.;1871_08_12;Lagna de Términos;;
;;;;;Horc';cap.;;;;;New Orleans bea. esp. Talia, cap Horc' - New Orleans frog cap. Nueva aurelia, cai an Polayo - Cois Huso gol. amer. Thomas P. Barkalow, cap.;esp.;Talia;;;bea.;1871_08_13;New Orleans;;
;;N/A: ;;;Mo Kay;cap.;;;;;N. Lindsay, cap. Mo Kay, tons. 135, con ganado vacano, & S. C. Barnliam.;;N. Lindsay;;;;1871_08_15;;;
;;N/A: ;;;Cacho;cap.;;;;;eap Barcelona, cap. Cacho, tons. 400, con efectos, á;;;;;;1871_08_15;Barcelona;;
Día 11:;;;;;Morell;cap.;;;;;Dia 11. - Cárdenas en 1 dia berg. esp. Amparo, cap. Morell,;esp.;Amparo;;;berg.;1871_08_15;Cárdenas;;
;;;;;Lopes Villamil;cap.;;;;;Santander bea. osp. Petronila, cap. Lopes Villamil. -Boston berg. am. Star, cap. Cook.;am.;Petronila;;;bea.;1871_08_15;Santander;;
Día 56:;;;;;Brine;cap.;;;;;14: Do Cardifon 56 dias frag. ing. Imposter, cap. Brine,;ing.;Imposter;;;frag.;1871_08_17;Cardifon;;
Día 53:;;N/A:  | N/A: ;;;Zárragton;cap.;;;;;ton. 65, con ganado vacure, á Caamaño, 1. y cp. - Londres on 53 dias berg. cap. San Josó, cap. Zárragton, 132, con mercancial, á Stephani y cp.;;San Josó;;;berg.;1871_08_17;Londres;;
Día 13:;;N/A: ;;;Asteinza;cap.;;;;;Pogreso en 13 dias berg. esp. Esperanza, cap. Asteinza, tou. 17%, con efectos, á Llanuza y ep.;esp.;Esperanza;;;berg.;1871_08_17;Pogreso;;
Día 1:;;N/A: ;;;Enrique;cap.;;;;;yo IIneso en 1 dia gol. cap. Enrique, cap. Lorenzo, ton. 204, con ganado vaouuo, & Gonzaloz Lina31.3.;;;;;gol.;1871_08_17;;;
Día 1:;;N/A: ;;;Lowe;cap.;;;;;cap. Ellis, ton. 691, con efectos, á D. Mo KollarPasaj. 1. -Cayo Hneso en 1 dia gol. am. Arietis, cap. Lowe, ton.;am.;Arietis;;;gol.;1871_08_18;Cayo Hneso;;
;;;;;Arnatt;cap.;;;;;-Punta de Banea berg. am. J. M. Burns, cap. Arnatt.;am.;J. M. Burns;;;berg.;1871_08_18;Punta de Banea;;
;;;;;Mc Gregor;cap.;;;;;-Boston berg. inglés Teazer, cap. Mc Gregor;inglés;Teazer;;;berg.;1871_08_19;Boston;;
;;;;;Lorenzo;cap.;;;;;-Cayo Huoso gol. esp. Enrique, cap. Lorenzo.;esp.;Enrique;;;gol.;1871_08_20;Cayo Huoso;;
;;;;;Adams;cap.;;;;;N. York vap. am. Morro Castle, cap. Adams.;am.;Morro Castle;;;vap.;1871_08_20;N. York;;
Dia 22:;;N/A:  | N/A: ;;;Guptill;cap.;;;;;Dia 22: Para Caibarien berg. amor. Thomas (wer, cap. Guptill. _ Guantánamo bea. acer. R. Murr: y, cap. Parrington..;;amor. Thomas;;;berg.;1871_08_23;Guantánamo;;
;;N/A: ;;;Baker;cap.;;;;;a1a. Margret cap. Baker, tons. 508. con efectos, á;;Margret;;;;1871_08_24;;;
;;;;;Amparo;cap.;;;;;Alicanto y Barcelona berg. cap. Amparo, capilan;;Barcelona;;;berg.;1871_08_24;Alicanto;;
;;;;;Pedro Plandolit;cap.;;;;;New Orleans frag. cap. Pedro Plandolit. cap. Aineu'al;;;;;frag.;1871_08_24;New Orleans;;
;;;;;Hasie;cap.;;;;;Filadella vap. am. Juniata, cap. Hasie.;am.;Juniata;;;vap.;1871_08_24;Filadella;;
;;;;;;cap.;;;;;-N. York vap. am. Gral [Sedgwick, cap.;am.;Gral Sedgwick;;;vap.;1871_08_24;N. York;;
Día 12:;;N/A:  | N/A: ;;;Urruchsca;cap.;;;;;Andueza, ton. 202, con efectos, & J. Rafscas y op. -Ambéres en 53 disa berg. esp. Celts, cap. Urruchsca, ton, 180, con mercancias, & L. Will y ep. _ Santander en 12 dias ba cap. Go:orii, cap. Sibila,;esp.;Celts;;;berg.;1871_08_25;Santander;;
Día 51:;;;;;Hormozo;cap.;;;;;Hamburgo en 51 dias berg. cap. Hormozo Habanero,;;Habanero;;;berg.;1871_08_25;Hamburgo;;
;;;;;Bahrt;cap.;;;;;San Sebastian bon, esp. Maria, osp. Carril. -Case Ineso gol. am. A Eldridgy, cap. Bahrt;am.;Eldridgy;;;gol.;1871_08_27;San Sebastian;;
Día 11:;;N/A: ;;;Frott;cap.;;;;;Mobila en 11 dias gol. am Elisabet, cap. Frott, tons.;am;Elisabet;;;gol.;1871_09_02;;;
;;;;;Arrascasti;cap.;;;;;Siombra 1? Pars Terranova gol. can Trbolino, cap. Arrascasti;can;Trbolino;;;gol.;1871_09_02;Siombra;;
Dia 2:;;;;;Bocker;cap.;;;;;Dia 2: De Cayo Hueso en 3 dias gol. ing. Dearborn, cap. Bocker,;ing.;Dearborn;;;gol.;1871_09_03;Cayo Hueso;;
Día 1:;;;;;;cap.;;;;;-Cayo Hueso en 1 dia gol. smer. Harriet Maria, cap.;;smer. Harriet Maria;;;gol.;1871_09_03;Cayo Hueso;;
Día 3:;;;;;Lowa;cap.;;;;;y cp - Cayo Huos on 3 dias gol. amer. Arletis, cap. Lowa,;amer.;Arletis;;;gol.;1871_09_03;Cayo Huos;;
Día 4:;;N/A: ;;;Vibab;cap.;;;;;tons 75, con ganado vacano, á Casmato By cp. _ Barselona en 4 dias berg. esp. Tibidabo, cap. Vibab.;esp.;Tibidabo;;;berg.;1871_09_03;Casmato;;
Día 53:;;N/A: ;;;Anzorandia;cap.;;;;;-Glasgow eu 53 dias berg. op. Victoriano, cap. Anzorandia, tons. 250, con mercancias, & Mori:on herголцов.;op.;Victoriano;;;berg.;1871_09_03;Glasgow;;
Dia 2:;;;;;Ponco;cap.;;;;;Dia 2: Par. Cadiz berg. cep Mannel, cap. Ponco.>;;cep Mannel;;;berg.;1871_09_03;Cadiz;;
;;;;;San Mignol;cap.;;;;;-St. Mary berg. cap San Mignol, cap. Carra.;;;;;berg.;1871_09_03;St. Mary;;
Día 64:;;N/A:  | N/A: ;;;Tunolty;cap.;;;;;10. 150. con chapapote á R. P. Santa Maria. _ Christiansund en 64 dias berg. nor. Oma, cap. Tunolty, ten. 117 con bacalao, & A. Serpa y op. -- Laveri ool on 54 dias berg esp. Lrisa, cap. Echavar11, to 20, con efectes, á B B Jimenez;nor.;Oma;;;berg.;1871_09_05;Christiansund;;
Día 6:;;;;;Anunciacion;cap.;;;;;Din 6: De Montevideo en 16 dias borg. gol. cap. Anunciacion;gol.;;;;borg.;1871_09_07;Montevideo;;
;;N/A: ;;;A'sins;cap.;;;;;Fomento, cap. A'sins, tons. 100, con tasajo, á Mañé,;;;;;;1871_09_07;Fomento;;
Día 6:;;;;;Arnotte;cap.;;;;;Tiv : 6 Para N. York berg, am. J. M Barne. cap Arnotte. -S:, Toomas vap. ing. Córelea, cap. West.;am.;J. M Barne;;;berg;1871_09_07;Tiv;;
Día 7:;;N/A: ;;;Adams;cap.;;;;;•Dia 7: Do N. York n 5 dias vap. an. Morro Caal. cap. Adams tin. 15. con efectos. á Draid y cp-Pa. 39. - Vernerez y Ingreso eu 4 dae vap. um Cry of Mo;an.;Morro Caal;;;vap.;1871_09_08;N. York;;
;;;;;Guipuzcoano, cap. Sendagorta;cap.;;;;;Dip Para Ambeies berg. cap. Guipuzcoano, cap. Sendagorta.;;;;;berg.;1871_09_08;Dip Para Ambeies;;
;;;;;Bickor;cap.;;;;;Cayo Hueso gol. ing. Dearborn, cap. Bickor T.njillo gol. fag. Nymph, cap. Ackerman Cardonas ben. eap. Abnogacion, cap. Galiana Cienfuegos berg. esp J. F, cap. Ferreyros;ing.;Dearborn;;;gol.;1871_09_12;Cayo Hueso;;
Día 44:;;N/A:  | N/A: ;;;Serra;cap.;;;;;ts. 43, con pescado vivo, á F. Casteleiro. _ Barcelona on 44 dias pol. esp. Palmira, cap. Serra, ton. 230, con frutos, & Fabra, Riera 5.op.;esp.;Palmira;;;pol.;1871_09_13;Barcelona;;
Dia 12:;;;;;Wiley;cp.;;;;;Dia 12: Para Boston, via Caibarien, berg. ing. Firm, cp. Wiley. -Filadelfia bia. am. Henry Knight, cap. Gelkey,;ing.;Firm;;;berg.;1871_09_13;Caibarien;;
;;;;;;cap.;;;;;Santander y Bilbao bca. esp. L. R. HI, op. Barreдo. _ Mallorca y el extranjero berg. esp. Pensativo, cap.;esp.;Pensativo;;;berg.;1871_09_13;Santander;;
Día 31:;;N/A:  | N/A: ;;;Munitiz;cap.;;;;;cap. Van Sice, tous. 1370, con efectos, à Drain y cpPga. 31 _ Caso Hueso en 2 dias gal, am. Beauregard, cap. Roberts, tons. 1. con ganado vacuno, & T. Salazar. - Liverpool en 45 dias bea. esp. Olano, cap. Munitiz,;esp.;Olano;;;bea.;1871_09_15;Liverpool;;
;;;;;Carmona;cap.;;;;;capitan Quistane. --Hondaras gol. erp. Leon, cap. Carmona;;Leon;;;gol.;1871_09_16;Honduras;;
Día 1:;;;;;;cap.;;;;;Cayo Hueso en 1 dia gol. amor. Harriet Maria, cap.;;amor. Harriet Maria;;;gol.;1871_09_17;Cayo Hueso;;
Día 1:;;;;;;cap.;;;;;-Cayo Hueso en 1 dia gol. am. T. P. Barkalow, cap.;am.;T. P. Barkalow;;;gol.;1871_09_17;Cayo Hueso;;
;;;;;;cap.;;;;;Norte do Cab Hatteras berg. am. B. J. Nash, cap.;am.;B. J. Nash;;;berg.;1871_09_17;;;
Dia 18:;;;;;Bennis;cap.;;;;;Dia 18: -N. York en 14 dias berg. am. Kavana, cap. Bennis.;am.;Kavana;;;berg.;1871_09_19;N. York;;
Dia 7:;;;;;Trott;cap.;;;;;Dia 7: Para N. Orleans gol. am. Elizabeth, cap. Trott. -0. IIueao gol. ing. Ramson. cap. Thompson.;am.;Elizabeth;;;gol.;1871_09_19;N. Orleans;;
;;;;;Glad;cap.;;;;;N. York vap. am. Victor, cap. Glad.;am.;Victor;;;vap.;1871_09_20;N. York;;
Día 33:;;N/A:  | N/A: ;;;Dodero;cap.;;;;;rajeros 19. _ Cadiz en 33 dias frag. ep. Tomás Havnes, cap. Dodero, ton. 419, con frutos, á M. Saenz Izquierdo―l'asajeros 17.;ep.;Tomás Havnes;;;frag.;1871_09_21;Cádiz;;
Día 4:;;N/A: ;;;Arana;cap.;;;;;l'aorto Rico en Sias berg. esp. Santiago, cap. Arana. ton. 183, con efectos, á J. Bosch.-Passj. 4.;esp.;Santiago;;;berg.;1871_09_21;Puerto Rico;;
Día 64:;;;;;;cap.;;;;;-Amlores en 64 dias berg. esp. Elisa Villegas, cap.;esp.;Elisa Villegas;;;berg.;1871_09_21;Amlores;;
Dia 20:;;;;;Crowell;cap.;;;;;Dia 20: Para N. York vap. am. Crescent City, cap. Crowell. - Cayo Hueso y Baltimore vapor amer. Caba, capitan;am.;Crescent City;;;vap.;1871_09_21;Cayo Hueso y Baltimore;;
Día 63:;;;;;Iglesias;cap.;;;;;D'al: De Ambéres en 63 dias berg. esp. F. P., cap. Iglesias.;esp.;F. P.;;;berg.;1871_09_22;Ambéres;;
Dia 24:;;;;;;cap.;;;;;Dia 24: De Panzacola on 7 dias gol. amer. Edward Thomas, cap.;amer.;Edward Thomas;;;gol.;1871_09_26;Panzacola;;
Día 2:;;N/A: ;;;Lawton hinor;cap.;;;;;Bayley, tons. 71, con nradoras, á Lawton hinor. -Bilbao y Cárdenas on 2 das bca. esp. Triano, cap.;esp.;Triano;;;bca.;1871_09_26;Bilbao;;
Día 2:;;;;;;cap.;;;;;Cavo Hueso on 2 dias gol. amor. Asa Eldridge, cap.;;Asa Eldridge;;;gol.;1871_09_26;Cavo Hueso;;
Dia 25:;;N/A:  | N/A: ;;;Coll;cap.;;;;;Dia 25: -Barceloun on 50 dias frag. osp. Resoluta, cap. Coll, tans 6:0 con fentos, a I. Gassol y cp. -New York en 5 dias vap. amer. Bienvillo, cap Baker, tous. 1,200, con efectos, á Drain y op.-Pas ge;osp.;Resoluta;;;frag.;1871_09_26;Barceloun;;
Día 60:;;N/A: ;;;Corier;cap.;;;;;TON 2. Liverpool en 60 dias frag. ing. Isabella Harnot, cap. Corier, 18. 404 con carbon, à Lopez.;ing.;Isabella Harnot;;;frag.;1871_09_26;Liverpool;;
;;;;;Monterola;cap.;;;;;-Now Orleans berg.ing Hope, cap. Monterola.;ing.;Hope;;;berg.;1871_09_26;Now Orleans;;
Dia 26:;;N/A: ;;;Roberts;cap.;;;;;Dia 26: De Caso Haeso en 1 dia gol. emer. Beauregard, cap. Roberts, tons. 93, con ganado vacuno, á Caamaño, By;emer.;Beauregard;;;gol.;1871_09_27;Caso Haeso;;
Día 5:;;;;;;cap.;;;;;-New York en 5 dias vap. amer. Morro Castle, cap.;amer.;Morro Castle;;;vap.;1871_09_27;New York;;
Dia 26:;;;;;Urrachua;cap.;;;;;Dia 26: Para Terranova berg. esp. Celta, cap. Urrachua.;esp.;Celta;;;berg.;1871_09_27;Terranova;;
;;;;;Lowe;cap.;;;;;-Cayo Ineso gol. am. Arietis, cap. Lowe.;am.;Arietis;;;gol.;1871_09_27;Cayo Ineso;;
;;N/A: ;;;Llovet;cap.;;;;;esp. l'ájaro del Océano, cap. Llovet. tons. 230, con;esp.;l'ájaro del Océano;;;;1871_09_28;;;
Día 4:;;N/A:  | N/A: ;;;Wakeley;cap.;;;;;efectos, & R. Herrera.-Pasajeros 120. _ N. Orleans en 4 dias vap. am. Pioner, cap. Wakeley,;am.;Pioner;;;vap.;1871_09_28;N. Orleans;;
Día 57:;;N/A: ;;;Huter;cap.;;;;;ts. 820 con efectos. A Lawton hermanos. _ Cardiff en 57 dias frag ing. Kola, cap. Huter, tons.;ing.;Kola;;;frag;1871_09_28;Cardiff;;
Dia 28:;;;;;Borker;cap.;;;;;Dia 28: l'ara Cayo Hueso gol. ing. Dearbon, cap. Borker -Cayo Hero vivero am. Rio, osp. Duckley;ing.;Dearbon;;;gol.;1871_09_29;Cayo Hueso;;
;;;;;Todd;cap.;;;;;-N. York berg. inglés Manlius, cap. Todd;ing.;Manlius;;;berg.;1871_09_29;N. York;;
Día 29:;;N/A:  | N/A: ;;;Owo-hand;cap.;;;;;• Dia 29. De Amsterdam en 53 dias berg. gol. hol. Cárdenas Packet, cap. Owo-hand, ton. 125, con efectos &  Niese,;hol.;Cárdenas Packet;;;berg.;1871_09_30;Amsterdam;;
Día 24:;;;;;;cap.;;;;;Annapolis (N. E) en 24 dias berg. ing. Teviot, cap.;ing.;Teviot;;;berg.;1871_09_30;Annapolis (N. E);;
Día 21:;;;;;Albizari;cap.;;;;;Liverpool en 21 dias vap. esp. José, cap. Albizari,;esp.;José;;;vap.;1871_09_30;Liverpool;;
;;;;;Roberts;cap.;;;;;-Cayc-Huezo gol. amer. Boaurogard, cap. Roberts.;amer.;Boaurogard;;;gol.;1871_09_30;Cayc-Huezo;;
Día 1:;;N/A:  | N/A: ;;;Davies;cap.;;;;;3 cp-Pas. 1. Caso Hueso on 1 dia gol. am. Harrioto Maris, cap. Davies, ton. 10%, con ganado, & S. C. Burnham Onyo Hueso y Pants Rasa en 1s dias gol. esp. Enrl. que, cap. Lorenzo, ton. 201, con ganado, á Gonzalez y Liusies;am.;Harrioto Maris;;;gol.;1871_10_01;Hueso;;
;;;;;Wakely;cap.;;;;;Din : Para Fi af vap. m. Pioncor, cap. Wakely.;;Pioncor;;;vap.;1871_10_01;;;
;;;;;Adama;cap.;;;;;. Yorkvap. em. Bioovile, cap. Baker. -N York vapor am. Marro Castle, cap. Adama;am.;Marro Castle;;;vap.;1871_10_01;York;;
Día 5:;;N/A:  | N/A: ;;;Winzen;cap.;;;;;New York en 5 diis vap. germ. Saxonia, cap Winzen, tons. 2700, con efectos, & D. E-dmann.-Pasajeros;germ.;Saxonia;;;vap.;1871_10_05;New York;;
Día 7:;;N/A:  | N/A: ;;;Lipincott;cap.;;;;;-Filadelda on 7 dias berg. am. S V. Merrick, cap. Lipincott, tons. 276, con efectis, & J. Carrioaburo.Pasjeros 1.;am.;S V. Merrick;;;berg.;1871_10_05;Filadelda;;
;;;;;Gavin;cap.;;;;;- Boston berg. ing. Marguerite, cap. Gavin.;ing.;Marguerite;;;berg.;1871_10_05;Boston;;
;;;;;;;;;;;De S. Nazaire: Sros. J. Schwartz-Jalio Thoat-J F. Figueroa antonio Burta-Nico's Bay on-Guillermo For N. Mignacaba!-L. Ocherl-N. Dabroc-Editar. do Labadie-N. Mongabaro-Josh Aussel-Antonio Ve nler-Do Santander: Sres. Agustin Isla Cabota-Jos6 Salas y Paente-Valontin Umaran-Francisco Umaran Pedro Bollada-Laureano F. Gutierrez-Segundo Roiz;;;;;;1871_10_07;S. Nazaire;;
Dia 7:;;;;;Unibazo;cap.;;;;;Dia 7: Para Panzacola berz. esp. San Quintin, cap. Unibazo. _ C. Hreso pal. esp. Eurique, cap Riverol. - C. Haeso gol. am. Arietis, cap. Lowe.;esp.;San Quintin;;;berz.;1871_10_08;Panzacola;;
;;;;;Langenieux;cap.;;;;;-C. Hatteras bca. ing. Times, oap. Frean. _ Veracruz vap. frano. Franos, cap. Langenieux.;ing.;Times;;;vap.;1871_10_08;Veracruz;;
Día 2:;;;;;;cap.;;;;;Din E: De Caro Hueso on 2 dias gol. am. T. P. Barkalow, cap.;am.;T. P. Barkalow;;;gol.;1871_10_10;Caro Hueso;;
Día 9:;;N/A: ;;;Reberts;cap.;;;;;Dia 9, Do Cayo Hueso en 1 dia gol. am. Beauregard, cap. Reberts, ton, 91, con ganado vacuna, á Čaamaño B. y;am.;Beauregard;;;gol.;1871_10_10;Cayo Hueso;;
Día 15:;;;;;Mc;cap.;;;;;Halifax en 15 dias berg. ing. Spanish Main, cap. Mc;ing.;Spanish Main;;;berg.;1871_10_11;Halifax;;
Día 3:;;N/A: ;;;Aslonise;cap.;;;;;-Progreso en 3 diss berg. esp. Esperanza, cap. Aslonise, tone. 177, con efectos, á Llanusa y cp.;esp.;Esperanza;;;berg.;1871_10_12;Progreso;;
;;;;;Estos;cap.;;;;;-Boston berg. ing. M. L. B., cap. Estos.;ing.;M. L. B.;;;berg.;1871_10_12;Boston;;
;;;;;Roberts;cap.;;;;;-Cayo Inero gol. amor. Beauregard, cap. Roberts.;;amor. Beauregard;;;gol.;1871_10_12;Cayo Inero;;
Día 46:;;N/A: ;;;LarTauri;cap.;;;;;Ambores en 46 diss berg. osp. Les Amigos, cap. LarTauri, ton. 163, con mercancias, & F. Van Assche y;osp.;Les Amigos;;;berg.;1871_10_14;Ambores;;
Día 18:;;;;;Martin;cap.;;;;;comp. - N. York en 18 dias vap. am. Fontine, cap. Martin,;am.;Fontine;;;vap.;1871_10_14;N. York;;
;;;;;Bennis;cap.;;;;;Para New York berg. am. Havara, cap. Bennis;am.;Havara;;;berg.;1871_10_14;New York;;
Dia 14:;;;;;Henitt;cap.;;;;;Dia 14: Do New York.en 13 dias gol. amer. Phobe, cap. Henitt,;amer.;Phobe;;;gol.;1871_10_15;New York;;
Día 1:;;;;;Lowe;cap.;;;;;-Cayo Hueso en 1 dia gol. amer. Arieti, cap. Lowe,;amer.;Arieti;;;gol.;1871_10_15;Cayo Hueso;;
;;N/A:  | N/A:  | N/A: ;;;Palirts;cap.;;;;;"ep. Pelayo, cap. Rom, tons. 45; coa efectos, & R. Herrera. Passis. 210. Caro Hueso en 1 dia vivero am. Mary H. Boya, cap Martinez, ton. 98, con picacado viro, á V. Carabia Cayo Hueso y Punta Raza on 3 dias gol. am. Asa Eldridge, cap. Palirts, ton. 10%, con ganado, & B. y Caam ho";am.;Asa Eldridge;;;gol.;1871_10_15;Cayo Hueso;;
Dia 14:;;;;;Bocker;cap.;;;;;Dia 14: Para Cayo Huero gol. ing. Dearborn, cap. Bocker.;ing.;Dearborn;;;gol.;1871_10_15;Cayo Huero;;
Día 6:;;N/A: ;;;Rivero;cap.;;;;;-Cayo Hueso y Punta Rasa en 6 dias gol. osp. Earique, cap. Rivero), ton. 204, con ganado vacuno, á;osp.;Earique;;;gol.;1871_10_17;Cayo Hueso y Punta Rasa;;
Día 24:;;N/A: ;;;J. Polledo;cap.;;;;;Collins, ton. 249, con efectos, & Za'do y cp. - St. John (N. B) en 24 dias berg. Ing. J. Polledo.. cap.;Ing.;Collins;;;berg.;1871_10_17;St. John (N. B);;
Día 14:;;;;;;cap.;;;;;New York en 14 dias berg. amer. Long Roach, cap.;amer.;Long Roach;;;berg.;1871_10_17;New York;;
;;;;;Phillips;cap.;;;;;Dial: Para N. York vap. am. Cleopatra, cap. Phillips.;am.;Cleopatra;;;vap.;1871_10_17;;;
Día 15:;;;;;Moran;cap.;;;;;Dia 15. N. York boa. eap. Luz, cap. Moran - Montreal vap. eap. Chorruca cap Egusquiza - Cádiz vap. correo esp. Guipúzcoa cap. Listra;esp.;Luz;;;boa.;1871_10_17;N. York;;
Día 16:;;;;;Byrne;cap.;;;;;Dia 16 Para Mobila frag. ing. Importer, cap. Byrne;ing.;Importer;;;frag.;1871_10_17;;;
Día 17:;;;;;Lange;cap.;;;;;Dia 17: De Veracruz on 3 dias vap. franc. France cap. Lange,;franc.;France;;;vap.;1871_10_18;Veracruz;;
Día 13:;;N/A:  | N/A: ;;;Rosendo;cap.;;;;;-Ferrol en 13 dias berg. gol, esp. Teresita, cap. Rosendo, tons, 41 con frutos, & Lago,;esp.;Teresita;;;berg.;1871_10_18;Ferrol;;
Día 17:;;;;;Lowe;cap.;;;;;Dia 17: Para Cayo Burso gol. am. Arfelis cap. Lowe.;am.;Arfelis;;;gol.;1871_10_18;;;
;;N/A: ;;;Villaverde;cap.;;;;;Meadiz Nuñez, cap. Villaverde, tons. 43, con fru;;;;;;1871_10_19;;;
;;;;;Me Cut look;cap.;;;;;Halitex berg. ing Spanish faic, cap. Me Cut look.;ing;Spanish faic;;;berg.;1871_10_19;;;
;;;;;Arana;cap.;;;;;-Laguna de Téraines berg. eap. Santiage, cap. Arana.;;Santiage;;;berg.;1871_10_20;Laguna de Téraines;;
Día 11:;;;;;Blek;cap.;;;;;Savannah on 11 d'as gol. am. W. Steole, cap. Blek,;am.;W. Steole;;;gol.;1871_10_21;Savannah;;
;;;;;Sundberg;cap.;;;;;New Creaus bea. amer. Cárdenas, cap. Sundberg.;amer.;New Creaus;;;bea.;1871_10_22;Cárdenas;;
;;;;;Adame;cap.;;;;;Niw York vap. amer. Morre Castle, cap. Adame.;amer.;Morre Castle;;;vap.;1871_10_22;Niw York;;
Día 1:;;;;;;cap.;;;;;Caso Hueso en 1 dia gol. amer. Bauregard, cap.;amer.;Bauregard;;;gol.;1871_10_24;;;
Día 5:;;N/A: ;;;Newton;cap.;;;;;Cole, ton. 98, con gauado vacuno, & T. Salazar. -Mobila en 5 dias gol. amer. Linda, cap. Newton, ts.;amer.;Linda;;;gol.;1871_10_24;Mobila;;
;;;;;Orts;cap.;;;;;Cadiz frag. cap. Maravilla, cap Orts.;;;;;frag.;1871_10_24;Cadiz;;
;;;;;Echavarria;cap.;;;;;-Filadolfla borg. esp. Luisa, cap. Echavarria. --Coroña berg. esp. Villa de Camariñas, cap. Ochoa.;esp.;Luisa;;;borg.;1871_10_24;Filadolfla;;
;;;;;Echavarilete;cap.;;;;;-New York berg. esp. Resuito, cap. Echavarilete.;esp.;Resuito;;;berg.;1871_10_24;New York;;
Dia 25:;;;;;Franko;cap.;;;;;Dia 25: Do New Orleans en 3 dias vap. gorm Kola, cap. Franko,;;gorm Kola;;;vap.;1871_10_26;New Orleans;;
Día 5:;;;;;Van;cap.;;;;;New York en 5 dias vap. amer. Columbia, cap. Van;amer.;Columbia;;;vap.;1871_10_26;New York;;
Día 7:;;N/A:  | N/A: ;;;Backer;cap.;;;;;Siss, tous. 1,500, con efectos, & Drain y cp.-Pasageг.8 27. - New Orleans y Caro Hueso en 7 dias vap. americano Margaret, cap. Backer, tons. 570, cou (fectos, &;americano;Margaret;;;vap.;1871_10_26;New Orleans;;
Día 53:;;;;;Albersen;cap.;;;;;-Cardiff on 53 dias frag. ror. Shiol, cap. Albersen,;ror.;Shiol;;;frag.;1871_10_26;Cardiff;;
Día 53:;;N/A: ;;;Townsend;cap.;;;;;cap. Townsend, tous. [17, con viveres, M Finlay _ Christiansund en 53 dias berg. noruego Fagerheim,;noruego;Fagerheim;;;berg.;1871_10_27;Christiansund;;
;;N/A: ;;;Kulce;cap.;;;;;cap. Kulce, tons. 112, con 'bacalao, á A. Serpa y;;;;;;1871_10_27;;;
;;N/A:  | N/A:  | N/A: ;;;Trosca;cap.;;;;;tos, & J. J. Co Leucdi-Pasag. 383 -Caso Hueso pa'l. am. M. N. Lindsey, cap. Trosca, 18 135, con garado, Artiz Caamaño y Martinez. -Cienfuegos on dias berg. osp. Paquete do Torranova, cap. Noguerdes, ta 160, en laatre, á J. Raficass cp-Esto bugno vieno de arribada a causa do fuertes;am.;M. N. Lindsey;;;berg.;1871_10_28;Cienfuegos;;
Día 14:;;N/A: ;;;Wa;cap.;;;;;cap. Biggot, tona. 516, con maquinaria, & G. H. Ros. -Pert'and en 14 dias berg gol. am. Merriwa, cap. Wa;am.;Merriwa;;;berg;1871_10_29;Pert'and;;
Día 1:;;;;;Lowe;cap.;;;;;-Caso Hneɛo en 1 dia gol. am. Ariotla, cap. Lowe,;am.;Ariotla;;;gol.;1871_10_29;;;
;;;;;Vansier;cap.;;;;;N. York vap. am. Columbia, cap. Vansier.;am.;Columbia;;;vap.;1871_10_29;N. York;;
Dia 31:;;;;;Nelson;cap.;;;;;Dia 31: Para Baltimoro berg. ing. Cheviot, cap. Nelson --Caro Hueso gol. amer. Harriot Maria, cap. Davis.;ing.;Cheviot;;;berg.;1871_11_01;Caro Hueso;;
;;;;;Low;cap.;;;;;Cajo Hueso gol. amor. Arietis, cap. Low.;;Arietis;;;gol.;1871_11_01;Hueso;;
;;;;;;cap.;;;;;Terra berg. esp. Paqueto do Terranova, cap.;esp.;Paqueto do Terranova;;;berg.;1871_11_02;;;
Día 1:;;;;;Eneas;cap.;;;10-11-XXXX;;Noviembre 10 Do Cayo Hueso en 1 dia gol. ing. Azorian, cap. Eneas,;ing.;Azorian;;;gol.;1871_11_03;Cayo Hueso;;
;;;;;Lippincott;cap.;;;;;Filadelfa berg. amer. S. V. Merrick, cap. Lippincott;amer.;S. V. Merrick;;;berg.;1871_11_03;Filadelfa;;
Día 54:;;;;;Cumings;cap.;;;;;-Cardiff en 54 dias frag. ing. India, cap. Cumings,;ing.;India;;;frag.;1871_11_03;Cardiff;;
Día 11:;;N/A: ;;;Araluzoa;cap.;;;;;lio reso en 11 dias frag. cap. Couchita M., cap. Araluzoa, ton. 3), con campechesia, á Ramoa do a;;Couchita M.;;;frag.;1871_11_04;;;
;;;;;l'endJeton;cap.;;;;;New Orleansy escalas vap.amer. Florids, cap. l'endJeton.;amer.;Florids;;;vap.;1871_11_04;New Orleans;;
;;;;;Knight;cap.;;;;;Btimore berg. amer. Agnes Barton, cap. Knight, - Hueso gol amer. Frank cap. Russoll.;amer.;Agnes Barton;;;berg.;1871_11_04;Btimore;;
Día :;;;;;;cap.;;;;;Dia : De Montevideo en 4 dias berg. esp. Maria Elisa, cap.;esp.;Maria Elisa;;;berg.;1871_11_05;Montevideo;;
Día:;;;;;Eacas;cap.;;;;;Dia: Pare Caso Hueso gol. ing. Azerian, cap. Eacas.;ing.;Azerian;;;gol.;1871_11_05;;;
;;N/A:  | N/A: ;;;Simonson;cap.;;;;;, cap. Simonson, tons. 193, con maderas, & M.;;;;;;1871_11_07;;;
Día 5:;;;;;;cap.;;;;;New Orleans en 5 dias berg. gol. ing. Hope, cap.;ing.;Hope;;;berg.;1871_11_07;New Orleans;;
Día 50:;;;;;;cap.;;;;;Liverpool en 50 dias frag. ig. War Spirit, cap.;ig.;War Spirit;;;frag.;1871_11_07;Liverpool;;
Dia Para:;;;;;Westberg;cap.;;;;;"Dia Para Santander lea. esp. Panam³, cap. Domor ceh."" -New York bos. am. John Griffin, cap. Westberg.";am.;John Griffin;;;bos.;1871_11_07;New York;;
;;;;;Dyer;cap.;;;;;St. Mary (Georgia) berg. ing. J Policdo cap. Dyer.;ing.;J Policdo;;;berg.;1871_11_07;St. Mary (Georgia);;
;;;;;Astenza;cap.;;;;;Progreso berg. esp, Esperanza, cap. Astenza.;esp;Esperanza;;;berg.;1871_11_07;Progreso;;
Día 1:;;N/A: ;;;Fi;cap.;;;;;con pescado vivo, & V. Carabia. .-Caso Huoso en 1 dia gol. am. Sarah Hall. cap. Fi;am.;Sarah Hall;;;gol.;1871_11_08;;;
Día 17:;;;;;Fergu;cap.;;;;;r08 45 - Halifax on 17 dias gol. ing. Sarah Jano, cap. Fergu;ing.;Sarah Jano;;;gol.;1871_11_08;Halifax;;
Día 4:;;N/A: ;;;Bohlgas;cap.;;;;;-Panzacola en 4 dias berg. esp. Francisco, cap. Bohlgas, ton. 202, con mideras. á la órden;esp.;Francisco;;;berg.;1871_11_09;Panzacola;;
Día 15:;;;;;;cap.;;;;;Filadelfia en 15 dias gol. am. Ramon de Ajaria, cap.;am.;Ramon de Ajaria;;;gol.;1871_11_09;Filadelfia;;
Día 9:;;;;;;cap.;;;;;Trujillo (Honduras) on 9 dias gol. ing. Selkirk, cap.;ing.;Selkirk;;;gol.;1871_11_09;Trujillo (Honduras);;
Día 5:;;N/A: ;;;Dɛaken;cap.;;;;;)!a!: Do N. York en 5 d'as vap.am. City of Mérida, cap. Dɛaken, ton. 11:0, con efectos, á Zaldo y cp.-Pas;am.;City of Mérida;;;vap.;1871_11_10;N. York;;
Día 19:;;;;;Tibbett;cap.;;;;;-Portland en 19 dias berg. am Torrent. cap. Tibbett,;am;Torrent;;;berg.;1871_11_10;Portland;;
Día 17:;;N/A:  | N/A: ;;;;cap.;;;;;ton. 235, con maderas y envases, á Zaldo y cp-St. John (N. B) en 17 dias berg. am. Mariposa, cap.;am.;Mariposa;;;berg.;1871_11_10;Zaldo;;
Día :;;;;;Arteta;cap.;;;;;Dia: Para Bilbao berg. esp. Asuncion, cap. Arteta.;esp.;Asuncion;;;berg.;1871_11_10;;;
;;;;;Le l'ane;cap.;;;;;N. York berg. ing. Fiorenca, cap. Le l'ane;ing.;Fiorenca;;;berg.;1871_11_10;N. York;;
;;;;;Me Chity;cap.;;;;;-Bosten berg. am. Clara M. Goodrich, cap. Me Chity.;am.;Clara M. Goodrich;;;berg.;1871_11_10;Bosten;;
;;;;;Landeta;cap.;;;;;-Chirleston berg. esp. Sirio, cap. Landeta.;esp.;Sirio;;;berg.;1871_11_10;Chirleston;;
;;;;;Kock;cap.;;;;;N. Yoik berg. nor. Collega, cap. Kock.;nor.;Collega;;;berg.;1871_11_10;;;
Día 6:;;;;;Kain;cap.;;;;;Y CA - Pauzacola en 6 dias berg. ing. Dashaway cap. Kain,;ing.;Dashaway;;;berg.;1871_11_11;Y CA;;
Día 5:;;N/A:  | N/A:  | N/A: ;;;Timmerman;cap.;;;;;tns. 192, con maderas á Mojarrieta y cp. _ Veracrus y Progreso en 5 dias vap. am. City of M6xloo, cap. Timmerman. ton. 1027, con efectos, & Zal;am.;City of M6xloo;;;vap.;1871_11_11;Mojarrieta;;
Dia 11:;;;;;;cap.;;;;;Dia 11: De Barceloza y Maga en 21 dins vap. esp. Maria cap.;esp.;Maria;;;vap.;1871_11_12;Barceloza y Maga;;
;;N/A: ;;;Backer;cap.;;;;;amov. Margaret. cap. Backer, tons. 508, con efectɔ̃a,;;Margaret;;;amov.;1871_11_14;;;
Día 1:;;;;;;cap.;;;;;-Cayo Hueso en 1 dia gol. amor. Harriet Maria, cap.;;amor. Harriet Maria;;;gol.;1871_11_14;Cayo Hueso;;
Día 58:;;N/A: ;;;capitan;cap.;;;;;Davis, tons. 100, con ganado vacuno, á Caamaño, -San Sebastian en 58 dlas berg. esp. Pronto, capitan;esp.;Pronto;;;berg.;1871_11_14;San Sebastian;;
;;N/A: ;;;Mas;cap.;;;;;bea. esp Aranco, cap. Mas, tons. 301, con frutos, á;esp;Aranco;;;bea.;1871_11_14;;;
Día 46:;;N/A: ;;;Fagorlund;cap.;;;;;Swansea on 46 dias frag. rosa Tarku, cap. Fagorlund, tons. 483, con carbon de piedra, á Sobrinos de;;rosa Tarku;;;frag.;1871_11_14;Swansea;;
Día 60:;;N/A:  | N/A:  | N/A: ;;;Palamós;cap.;;;;;-Montevideo en 60 dias berg. cap. Palamós, cap. Cabuja, tons. 170, con tasajo, & A. Serpa y op-Pasa;;;;;berg.;1871_11_14;Montevideo;;
Día 8:;;;;;;cap.;;;;;New York en 8 dias vap. am. Francis Wright, cap.;am.;Francis Wright;;;vap.;1871_11_14;New York;;
Día 33:;;N/A: ;;;López;cap.;;;;;-Cádiz en 33 dias frag. esp Vénus, cap. López, tons.;esp;Vénus;;;frag.;1871_11_14;Cádiz;;
Día 1:;;N/A:  | N/A: ;;;Ugalde;cap.;;;;;334, con fratos, & Marzan Ha.-Pasige. 17. -Cárdenas en 1 dia berg. esp. Bat, cap. Ugalde, tons.;esp.;Bat;;;berg.;1871_11_14;Cárdenas;;
;;N/A: ;;;Cacho;cap.;;;;;esp. Barcelona, cap. Cacho, tons. 183, con ofeotos,;esp.;;;;;1871_11_14;Barcelona;;
Dia 11:;;;;;Pazo;cap.;;;;;Dia 11: Para Canarias berg. cap. Dolores, cap. Pazo, --Progreso y Veraeraz vap. am. City of Mérida, cap.;am.;City of Mérida;;;berg.;1871_11_14;Canarias;;
;;;;;Blair;cap.;;;;;New York berg. amer Long Reach, cap. Blair.;;Long Reach;;;berg.;1871_11_14;New York;;
;;;;;Curtis;cap.;;;;;New Orleans gol. amer, Frank Atwood, cap. Curtis;amer;Frank Atwood;;;gol.;1871_11_15;New Orleans;;
;;;;;;;;;;;De N. Yo k, en el vapor amorie: no COLUMBIA:;COLUMBIA;amorie;;;vapor;1871_11_16;N. Yo k;;
Día 1:;;;;;Bocker;cap.;;;;;Saya Huso en 1 dia gol. ing. Dearborn, cap. Bocker;ing.;Dearborn;;;gol.;1871_11_17;;;
Día 16:;;;;;;cap.;;;;;Tia 16: Para Southampton y Brémen, vap. germ. Frankfurt, cap.;germ.;Frankfurt;;;vap.;1871_11_18;Southampton y Brémen;;
;;;;;Sewz;cap.;;;;;-N. Orleans frag. ing. Glendower, cap. Sewz.;ing.;Glendower;;;frag.;1871_11_18;N. Orleans;;
;;;;;Riestra;cap.;;;;;Savannah vap. esp Rita, cap. Riestra. - New York vap. amer. Columbia, cap. Van Stee.;esp.;Rita;;;vap.;1871_11_19;Savannah;;
;;N/A: ;;;Terri;cap.;;;;;Waver os cap. Terri, tons. 170 con carbou de piedra;;Waver;;;;1871_11_22;;;
;;N/A: ;;;Morten;cap.;;;;;cap. Morten. tons. 1271, con efcetos, a Dražu y Cp.;;;;;;1871_11_23;;;
Día 6:;;N/A:  | N/A: ;;;Soltau;cap.;;;;;cap. Soltau, tons. 96, con palo do tinte, & J. M. Avendaño-Pasɔgs. 3. - Ambéres en 6s dias bergantin germánico Lill, ca;germánico;Lill;;;bergantin;1871_11_23;;;
Día 45:;;N/A:  | N/A: ;;;Maipó;cap.;;;;;pitan Aib.rs, tons. 1, con maquinaria, á la órden. - Barcelona en 45 diss tea. cap. Maipó, cap. Estrader, tons 362, con frutos, á Samá Sotolongo y comp.;;Aib.rs;;;;1871_11_23;Barcelona;;
Día 1:;;;;;Raymond;cap.;;;;;Cayo Buoso in 1 da gol. am. Goddes, cap. Raymond;am.;Goddes;;;gol.;1871_11_24;Cayo Buoso;;
Dia 22:;;;;;West;cap.;;;;;Dia 22: Para Veracruz vap. ing. Corsica, cap. West.;ing.;Corsica;;;vap.;1871_11_24;Veracruz;;
;;;;;Melville;cap.;;;;;-Savannah berg. am. Hedwood, cap. Melville.;am.;Hedwood;;;berg.;1871_11_24;Savannah;;
;;;;;Evans;cap.;;;;;-Galveston vap. am. Bolivar, cap. Evans.;am.;Bolivar;;;vap.;1871_11_24;Galveston;;
;;;;;Kup;cap.;;;;;C. Haoso gol.am. Thomas P Barkalow. cap. Kup.;am.;Thomas P Barkalow;;;gol.;1871_11_24;;;
;;;;;Brown;cap.;;;;;Trajillo gol. ing. Silkirk, cap. Brown.;ing.;Silkirk;;;gol.;1871_11_24;Trajillo;;
;;;;;Bakat;cap.;;;;;-C. Iueso gol. am. Asa Eldrigo, cap. Bakat.;am.;Asa Eldrigo;;;gol.;1871_11_24;;;
;;;;;Philips;cap.;;;;;N. York vap. am. Cleopatra, cap. Philips.;am.;Cleopatra;;;vap.;1871_11_24;N. York;;
;;;;;Johnson;cap.;;;;;N. Orleans vap. ain. Maryland, cap. Johnson.;;Maryland;;;vap.;1871_11_24;N. Orleans;;
;;;;;Bigott;cap.;;;;;Galveston berg.ing. Rosalind, cap. Bigott.;ing.;Rosalind;;;berg.;1871_11_24;Galveston;;
;;N/A: ;;;Eneas;cap.;;;;;ton. 780, con efectos, á G. Neilson-l'asag. 20 -Caso lueso en 2 lias gol. ing. Azorian, cap. Eneas,;ing.;Azorian;;;gol.;1871_11_25;;;
Día 11:;;;;;;cap.;;;;;-Newport (R. I.) en 11 dias gol. am. Donna Anna, cap.;am.;Donna Anna;;;gol.;1871_11_25;Newport (R. I.);;
Día 1:;;;;;Zaragoza;cap.;;;;;Dia 1: Para Sevil a, vía Cárdenas, berg. cap. Parisima Concepcion, cap Zaragoza - Valencia y Barcelona berg, esp. Obzorvador, capitan;esp.;Obzorvador;;;berg.;1871_11_25;Sevil;;
;;;;;Thompson;cap.;;;;;Caso Hueso gol. ing. Ramson, cap. Thompson;ing.;Ramson;;;gol.;1871_11_25;;;
;;;;;Catherino;cap.;;;;;N. Orleans vap. am. Yazoo, cap. Catherino.;am.;Yazoo;;;vap.;1871_11_25;N. Orleans;;
;;N/A: ;;;Taylor;cap.;;;;;cap. Taylor, tons. 85, con maderas, à M. Finlay y;;;;;tons.;1871_11_26;;;
Día 2:;;;;;;cap.;;;;;comp. - Marsella en 2 dias frag. ital. Carolina Galatola, cap.;ital.;Carolina Galatola;;;frag.;1871_11_28;Marsella;;
Día 6:;;;;;Eneas;cap.;;;;;Dia 6: Para Cayo Hueso gol. ing. Azorian, cap. Eneas;ing.;Azorian;;;gol.;1871_11_28;Cayo Hueso;;
;;;;;Ferguson;cap.;;;;;-New York gol. ing. Sarah Jane, cap. Ferguson;ing.;Sarah Jane;;;gol.;1871_11_28;New York;;
;;;;;RichardBOD;cap.;;;;;-Panzazola berg. tr. Williams Mason, cap. RichardBOD;;Williams Mason;;;berg.;1871_11_28;;;
Dia 27:;;;;;Von Emstar;cap.;;;;;Dia 27: Para N. Or.cans vap. germ. Now York, cap. Von Emstar.;germ.;Now York;;;vap.;1871_11_29;N. Or.cans;;
Dia 29:;;;;;;cap.;;;;;Dia 29: Da New York en 5 dias vap. amer. Morro Castle. cap.;amer.;Morro Castle;;;vap.;1871_11_30;New York;;
Día 49:;;;;;Aldamis;cap.;;;;;-Londres on 49 dias berg. esp. Tomás. cap. Aldamis,;esp.;Tomás;;;berg.;1871_11_30;Londres;;
;;;;;San Bruno;cap.;;;;;Cádiz berg. cap. San Bruno, cap, Lloret.;;;;;berg.;1871_11_30;Cádiz;;
;;;;;Mnlford;cap.;;;;;-New York berg. ing. Flora, cap. Mnlford.;ing.;Flora;;;berg.;1871_11_30;New York;;
;;;;;Fontanilla;cap.;;;;;Charleston pol. esp. Sorpresa, cap. Fontanilla.;esp.;Sorpresa;;;pol.;1871_11_30;Charleston;;
;;;;;Roberts;cap.;;;;;Cayo Huero gol. amer. Beauregard, cap. Roberts.;amer.;Beauregard;;;gol.;1871_11_30;Cayo Huero;;
;;;;;Raymond;cap.;;;;;-Cayo Hueso gol. am. Goddess, cap. Raymond;am.;Goddess;;;gol.;1871_11_30;Cayo Hueso;;
