arrival_date;arrival_date_calc;cargo_list;master_name;master_role;publication_day;raw_text;ship_flag;ship_name;ship_type;source_file;travel_departure_port
;;N/A:  | N/A:  | N/A:  | N/A:  | N/A: ;Enseñat;pat.;;De Sagua la Graudo g. Paquete de Sagna, pat. Enseñat 100 tas sega majagua, 58 palosjúcaro, 30 fanegas maiz, 16 quintalos cáscara mangle, 14 estacas júcaro.;;Paquete de Sagna;g.;1871_02_15;Sagua la Graudo
;;N/A: ;Fobrer;pat.;;De Mantua gol. Neptuno, patron Fobrer, 800 sacos carbon.;;Neptuno;gol.;1871_02_15;Mantua
;;N/A:  | N/A:  | N/A: ;Lladó;p.;;De Santa Lucia. Leonor, p. Lladó, 275 c. azúcar, 22 pp. aguardiente, 20 tercios tabaco.;;Leonor;;1871_02_15;Santa Lucia
;;N/A:  | N/A: ;Lopez;p.;;De Cabañas g. Caballo Marino, p. Lopez, 400 c. azúcar 8pp. aguardiente.;;Caballo Marino;g.;1871_02_15;Cabañas
;;N/A:  | N/A: ;Rodriguez;p.;;De fem goleta Cefiro, p. Rodriguez, 360 c. azúcar, 8 Pp. aguardiente.;;Cefiro;goleta;1871_02_15;fem
;;N/A:  | N/A:  | N/A: ;Alejos;p.;;De Banes. Josefa, p. Alejos, 7000 ladrillos, 18 bocoyes y 16 cuarterolas miel de purga.;;Josefa;p.;1871_02_15;Banes
;;N/A: ;Sosa;p.;;De Jaimanitas boto San Anselmo, p. Sosa, 8000 ladrilles.;;San Anselmo;boto;1871_02_15;Jaimanitas
Día 01:;;N/A:  | N/A:  | N/A:  | N/A:  | N/A:  | N/A:  | N/A:  | N/A: ;Sitges;cap.;;De Santiago de Cuba y escalas vap. Pelayo, cap. Sitges, 8,000 plátanos, 100 racimos id. guineos, 33 bls. arcile de coco, 1 caja con una mesa y una banqueta, 1 caja con sombreros, martillos y auifato de quiulua.;;Pelayo;vap.;1871_02_15;Santiago de Cuba
;;N/A:  | N/A:  | N/A:  | N/A:  | N/A:  | N/A:  | N/A:  | N/A:  | N/A: ;Vega;op.;;"De Calbarien y Se la Grande vapor Nuevo Almendares op. Vega; & bar. grasa, 2 catros, 2 jabas arroz. 2c. pilon. 2 boc. frijoles, 1 c. azúcar, 1 jaba harina, 1 barril aguardiente, l'idem melado, 1 c. raspadura.";;Nuevo Almendares;vapor;1871_02_16;Calbarien
;;N/A:  | N/A:  | N/A:  | N/A: ;Turres;p.;;"De la Teja gol. Dorotea, p. Turres; 330 o. azúcar, 1 idm tasajo, 1 barril ferreteria, 30 czeros.";;Dorotea;gol.;1871_02_16;la Teja
;;N/A:  | N/A:  | N/A:  | N/A:  | N/A:  | N/A: ;Amat;p.;;"De Caibarien y Matanzas gl. Leonarda, p. Amat; 11300 cocos secos, 4 bultos muebles usados, 2 inesas, 1 bañadera. 1 paila chica. 1 c. azúcar.";;Leonarda;gl.;1871_02_16;Caibarien y Matanzas
;;N/A: ;Pujol;p.;;"De Cárdenas gh'. Clio, p. Pujol; 600 c. azúcar.";;Clio;gh';1871_02_16;Cárdenas
;;N/A:  | N/A: ;Pavía;p.;;"De idem gol. General Lamar, p. Pavía; 350 c. azúcar, 7 terc. miel do purga.";;General Lamar;gol.;1871_02_16;idem
;;N/A:  | N/A: ;Gorrin;p.;;"De B. Honda gol. Carmita, p. Gorrin; 130 caballos leña 34 boc. mascabalo.";;Carmita;gol.;1871_02_16;B. Honda
;;N/A: ;Cervera;p.;;"De Cabañas gal Maria, p. Cervera; 650 cajas de azúcar.";;Maria;gal;1871_02_16;Cabañas
;;N/A: ;Serella;p.;;De idem bal. Antoñica, p. Serella: 500 sacos carbon;;Antoñica;bal.;1871_02_16;idem
;;N/A: ;Casteleiro;p.;;"De Cayos de Sotavento vivero Dolores, p. Casteleiro; 500 pescados vivos.";;Dolores;vivero;1871_02_16;Cayos de Sotavento
;;N/A:  | N/A:  | N/A:  | N/A:  | N/A:  | N/A: ;Cabrera;p.;;De Sierra Morena g. Sels Manuelas, p. Cabrera, 21 c. azúcar, 24 bocs. id., 20 pp. aguardiente, 6 yugos, 2 bocs. carbon. 1 saquito clavos.;;Sels Manuelas;g.;1871_02_17;Sierra Morena
;;N/A: ;Galy;p.;;De Río de la Palma, pail. Gallego, p. Galy, 800 sacos carbon.;;Gallego;pail.;1871_02_17;Río de la Palma
;;N/A: ;Enseñat;pat.;;De idem goleta Tres Teresas, pat. Enseñat, 606 cajas azúcar.;;Tres Teresas;goleta;1871_02_17;idem
;;N/A:  | N/A:  | N/A:  | N/A:  | N/A:  | N/A: ;Cadillero;pat.;;De Matanzas g. María, pat. Cadillero, 1000 ar. tasajo, 300 a. azúcar, 500 cueros al pelo, 12 c. frutas 1 soron esponjas, 1 tercio sorones.;;María;g.;1871_02_17;Matanzas
;;N/A: ;Docurro;p.;;De Sonda do Campeche viv. Monroe. p. Docurro, 500 pescados vivos..;;Monroe;do;1871_02_17;Sonda
;;N/A:  | N/A: ;Leal;p.;;De S. Morena g. Armonia, p. Leal. 230 c. azúcar. 50 bocoyes mascabado.;;Armonia;g.;1871_02_17;S. Morena
;;N/A:  | N/A:  | N/A:  | N/A:  | N/A: ;Cusi;cap.;;De San Cayetano Rio Blanco y B. Honda vap. Babia Honda, cap. Cusi, 931 o. azúcar, 12.8. carbon, 2 matules carne. I tercio tabaco y 1 canasto gallinas;;Babia Honda;vap.;1871_02_17;San Cayetano
;;N/A:  | N/A: ;Inclan;p.;;"De Cabañas gol. Jozefa p; Inclan, 500 cajas y 10 bocoyes azúcar.";;Jozefa;gol.;1871_02_18;Cabañas
;;N/A:  | N/A:  | N/A:  | N/A:  | N/A: ;Marin;p.;;De Caibarien go'. Aguila de Oro, p. Marin, 120 roses. 300 doc. esponjas. 20 cueros al pelo, 1 caballo leña y ! caballo,;;Aguila de Oro;go';1871_02_18;Caibarien
;;N/A:  | N/A:  | N/A:  | N/A: ;Mas;ep.;;De Cárdo as vap. Clara, ep. Mas, 1500 cajas y 1 fardo azúcar. 2 cajas cietes, un barril naranjas y 1 garrafon melado.;;Clara;vap.;1871_02_18;Cárdo
;;N/A: ;Osuna;p.;;De Jaruco bote Ntra. Sra, del Carmen, p. Osuna, 104 c.jazúcar.;;Ntra. Sra, del Carmen;bote;1871_02_18;Jaruco
;;N/A:  | N/A:  | N/A: ;Rios;p.;;De Cardenas gol. Maria Luisa, p. Rios, 295 cajas azúcar, tercerolas miel de abejas v 1 bocoy cera.;;Maria Luisa;gol.;1871_02_18;Cardenas
;;N/A:  | N/A: ;Martin;p.;;De Cárdenas gal. Guacamaya, p. Martin, 320 cajas y y 10 bocoyes azúcar.;;Guacamaya;gal.;1871_02_18;Cárdenas
;;N/A:  | N/A: ;Juan;p.;;De Cárdenas gol. Generala, p. Juan, 300 cajas y 35 bocayes azucar y sillas.;;Generala;gol.;1871_02_18;Cárdenas
;;N/A: ;Dardot;p.;;De Cárdenas go Rosita, p. Dardot, 520 cojas azúC.r.;;Rosita;go;1871_02_18;Cárdenas
;;N/A:  | N/A:  | N/A: ;Perelló;p.;;De Cárdenas gol. Tres Mariss, p. Perelló, 55) cajas azúcar, 13 id. tabaco breva y 1 id. tabaco toacido.;;Tres Mariss;gol.;1871_02_18;Cárdenas
;;N/A: ;Belfast;p.;;De Matanzas go!. Amalia, p. Belfast, 760 cajas azúcar.;;Amalia;go!;1871_02_18;Matanzas
;;N/A:  | N/A: ;Doulofen;p.;;De Cabañas gal. Ntra. Sra. del Carmen, p. Doulofen, 316 cajas azúcar y 15 pp. agaardiente.;;Ntra. Sra. del Carmen;gal.;1871_02_18;Cabañas
;;N/A: ;Forrer;p.;;De Baracoa boto Cecilia y Manuela, p. Forrer, 36 bocoy es miel concentrada.;;Cecilia y Manuela;boto;1871_02_18;Baracoa
;;N/A: ;Rodriguez;pat.;;De la Teja gol. Dos Amigos, pat. Rodriguez, 310 cajas azúcar.;;Dos Amigos;gol.;1871_02_19;la Teja
;;N/A:  | N/A:  | N/A:  | N/A:  | N/A:  | N/A:  | N/A: ;Amengual;;;De Rio Blanco g. Catalina, p. Amengual, 84 atravesafios, it piezas madera, 40 estacas, 31 yugos, 20 camas carreta. 20 gorrafones miel abeja 10 c. cera.;p.;Catalina;g.;1871_02_19;Rio Blanco
;;N/A:  | N/A: ;Duran;patrón;;De Baracoa g. Doloritas, patron Duran, 115 c. azúcar, 4 boc. concentrado.;;Doloritas;g.;1871_02_19;Baracoa
;;N/A: ;Cobas;pat.;;Do idom gol. Caimita, pat. Cobas, 43 bocoyes mascabado.;;Caimita;gol.;1871_02_19;idom
;;N/A:  | N/A:  | N/A: ;Cordero;p.;;De S. Morena g. Molestadora, p. Cordero, 550 c. azncar, 25 beos id. 28 pp. aguardiente,;;Molestadora;g.;1871_02_19;S. Morena
;;N/A: ;Cabral;pat.;;De Sierra Morena gol. Engracia, pat. Cabral, 800 sacos carbon.;;Engracia;gol.;1871_02_19;Sierra Morena
;;N/A: ;Fariñas;patrón;;De idem goleta Anita, patron Fariñas, 860 cajas azucar.;;Anita;goleta;1871_02_19;idem
;;N/A: ;Amaya;pat.;;De la Dominica gol Isabelita, p. Amaya, 190 c. azúcar.;p.;Isabelita;gol.;1871_02_19;Dominica
;;N/A:  | N/A:  | N/A:  | N/A:  | N/A:  | N/A:  | N/A:  | N/A:  | N/A:  | N/A:  | N/A:  | N/A:  | N/A:  | N/A:  | N/A: ;Cacho;cap.;;Do Santiago de Cuba y escalas vap. Barcelona, cap. Cacho, fes tercios tabaco. 10 bar. aceite de coco, 25 sacos cacao, 13 aacos café, 25 cajas y 4 sacos pimonton, 3 sacos rabos de rés, 1 caja con 2 pailas de cobre, 1 caja ropa, 1 caja efectos militares, 1 caja con nu armario, 1 barrilto vino, 1 caja efectos, 1 caja quincalla, 1 caja aguardiente y 1 caja dulco.;;Barcelona;vap.;1871_02_21;Santiago de Cuba
;;N/A: ;Vega;cap.;;De Carbarien y Sagaa la Grande vap. Nuevo, Almendares, cap. Vega, 1 pipa azúcar.;;Nuevo;vap.;1871_02_21;Carbarien y Sagaa la Grande
;;N/A:  | N/A:  | N/A:  | N/A:  | N/A:  | N/A: ;Portilla;p.;;De Caibarien gol. Pepilla Alvarez, p. Portilla, 300 caballos leña. 200 estaquillas, 100 docenas esponjas. 100 paqustes tablilla, 44 roses, 12 palos sabicí.;;Pepilla Alvarez;gol.;1871_02_21;Caibarien
;;N/A:  | N/A:  | N/A:  | N/A:  | N/A:  | N/A:  | N/A:  | N/A:  | N/A: ;Alvarez;p.;;De Caibarien gol. Gorrion, p. Alvarez, 983 tendidos soga majagna, 218 arabos, 200 sacos cáscara de mangle, 177 cargas de leña, 36 cncros, 20 tosas madora, 13 torcerolas miel de abeja, 16 cuartos y 12 medias pipas vino, 3;;Gorrion;gol.;1871_02_21;Caibarien
;;N/A:  | N/A:  | N/A:  | N/A:  | N/A: ;Lago;p.;;De Sagua la Grande gol. Cuba, p. Lago, 1000 docenas sogas majagua, 100 fanegas maiz. 60 tercios majagua blanca, 4 pipas vacias y 2 bocoses frijoles.;;Cuba;gol.;1871_02_21;Sagua la Grande
;;N/A: ;López;p.;;De Ganusa gol. Amalia, p. López, 300 cajas azncar.;;Amalia;gol.;1871_02_21;Ganusa
;;N/A:  | N/A: ;Roselló;p.;;De Cabañas gol. Esmerrida, p. Roselló, 560 cajas azúcar, 20 pipas aguardiente.;;Esmerrida;gol.;1871_02_21;Cabañas
;;N/A: ;Vilar;p.;;De Cayos de Sotavento viv. Dos Marize, p. Vilar. 500 pescados vivos.;;Dos Marize;viv.;1871_02_21;Cayos de Sotavento
;;N/A:  | N/A: ;Colomar;p.;;De Sagna la Grande, g. Providencia, p. Colomar, 122 arabos, 100 palos redondos.;;Providencia;g.;1871_02_22;Sagna la Grande
;;N/A:  | N/A: ;Visella;p.;;De Cárdenas, g. Genoveva, p. Visella, 510 c. azúcar, 10 pipas aguardiente.;;Genoveva;g.;1871_02_22;Cárdenas
;;N/A:  | N/A: ;Hernandez;p.;;De id., g. Antonia, p. Hernandez, 270 c. y 30 bocoyes azúcar.;;Antonia;g.;1871_02_22;id.
;;N/A: ;l'eiez;p.;;De id., g. Justica, p. l'eiez, 240 c. azúcar.;;Justica;g.;1871_02_22;id.
;;N/A:  | N/A:  | N/A:  | N/A:  | N/A:  | N/A:  | N/A: ;Jofro;cap.;;Do Cárdenas, vapor Comanditario, cap. Jofro. 1400 c. azúcar, 7 tercios y 2 lios suela y vaqueta, 2 c. efectos, estuches azúcar, 1 o. vianda, 1 o. con una máquina do coser.;;Comanditario;vapor;1871_02_22;Cárdenas
;;N/A: ;Sans;p.;;De Sagna la Grando gol. Modesta, p. Sans, 230 fanegas;;Modesta;gol.;1871_02_23;Sagna
;;N/A:  | N/A: ;Padilla;pat.;;De Banes gol. Concha, pat. Padilla, 200 c. azúcar y 30 boca. miel de purga.;;Concha;gol.;1871_02_23;Banes
;;N/A: ;Gonzalez;p.;;De Sierra Morena go!. Sofia, p. Gonzalez, 500 cajas do azucar.;;Sofia;go!;1871_02_23;Sierra Morena
;;N/A: ;Gispert;p.;;De Rlo de la Palma g. Dos do Mayo, p. Gispert, 800 8. carbon.;;Dos;g.;1871_02_23;Rlo de la Palma
;;N/A: ;Rodriguez;p.;;De Rio de la Palma gol. Júcaro, p. Rodriguez, 800 sacos  carbou.;;Júcaro;gol.;1871_02_23;Rio de la Palma
;;N/A:  | N/A: ;Rodriguez;p.;;De Cabañas gol Cefiro, p. Rodriguez, 370 c. azúcar y 16 pipas aguardiente.;;Cefiro;gol.;1871_02_23;Cabañas
;;N/A: ;Pujol;p.;;De idem goleta Margarita, p. Pujol, 600 sacos de carbon.;;Margarita;goleta;1871_02_23;idem
;;N/A:  | N/A:  | N/A:  | N/A:  | N/A: ;Mas;cap.;;De Cárdenas vapor Clara, cap. Mas, 1240 c. azúcar, 5 tercios cueros, 4 id carnaza, 4 sacos pimenton y 2 llos saC09.;;Clara;vapor;1871_02_23;Cárdenas
;;N/A: ;Barrera;p.;;De Cárdenas berg. Amistad, p. Barrera, 840 cajas de #zúcar.;;Amistad;berg.;1871_02_23;Cárdenas
;;N/A: ;Roselló;p.;;De Cárdenas gol. Jóven.Gertúdis, p. Roselló, 500 cajas azúcar.;;Jóven.Gertúdis;gol.;1871_02_23;Cárdenas
;;N/A: ;Naranjo;pat.;;De Cárdenas golota Rayo, patron Naranjo, 560 cajas azúcar.;;Rayo;golota;1871_02_23;Cárdenas
;;N/A: ;Bosch;patron;;De Cárdenas golota Juanita, patron Bosch, COO cajas azúcar.;;Juanita;golota;1871_02_23;Cárdenas
;;N/A: ;Nuñez;pat.;;De Cárdenas goleta Carmen, patron Nuñez, 150 cajas azúcar.;;Carmen;goleta;1871_02_23;Cárdenas
;;N/A:  | N/A: ;Perelló;p.;;De Cárdenas goleta Trea Marias, p. Perelló, 550 cajas azúcar De Canasi gol. Sabás, patron Colomar, 96 boos. conDentrado,;;Trea Marias;goleta;1871_02_23;Cárdenas
;;N/A:  | N/A:  | N/A: ;Forror;pat.;;Del Morrillo gol. Correo do Canasi, pat. Forror, 1030 aacos carbon, C24 libras cera y 19 garrafones miel do a bejas.;;Correo do Canasi;gol.;1871_02_24;Morrillo
;;N/A:  | N/A: ;Palau;pas.;;De Babia Honda gol. Mercedita, pas. Palau, 233 c. azúcar y 1,600 ocujes.;;Mercedita;gol.;1871_02_24;Babia Honda
;;N/A:  | N/A: ;Inclan;pat.;;Cabañas gol. Josefa, pat. Inclan, 500 c. y 10 bocoyes azúcar.;;Josefa;gol.;1871_02_24;Cabañas
;;N/A:  | N/A:  | N/A:  | N/A:  | N/A: ;Piñeiro;pat.;;De Caibarien gol. Eugenia, pat. Piñeiro, 250 oneros, 100 sacos carbon, 100 ar. cáscara mangle, 82 resos y 70 caballos lens.;;Eugenia;gol.;1871_02_24;Caibarien
;;N/A: ;Mantell;pat.;;De Rio de la Palma gol. Maris, pat. Mantell, 600 sacos carbon.;;Maris;gol.;1871_02_24;Rio de la Palma
;;N/A:  | N/A: ;Pavia;pat.;;De Cárdenas gol. General la Mar, pat. Pavia, 256 c. y 38 bocores azúcar.;;General la Mar;gol.;1871_02_24;Cárdenas
;;N/A:  | N/A: ;Cobas;pat.;;Da Matanzas gol. Emilio, pat. Cobas, 500 c. y 96 boco509 aziicar.;;Emilio;gol.;1871_02_24;Matanzas
;;N/A: ;Macip;pat.;;De Santa Cruz gol. Maria del Rosario, pat. Macip, 300 c. azúcar.;;Maria del Rosario;gol.;1871_02_24;Santa Cruz
;;N/A:  | N/A:  | N/A: ;Cobas;pat.;;De Jaraco gol Cuatro Hermanas, pat. Cobas, 177 c: azúcar. 11 pipas aguardiente y 26 cuarts. vacias.;;Cuatro Hermanas;gol;1871_02_24;Jaraco
;;N/A: ;Osuna;pat.;;"Do Jaraco gol."" Ntra. Sra. del Cármen, pat. Osuna, 34 cuarts. miel do purga.";;Ntra. Sra. del Cármen;gol.;1871_02_24;Jaraco
;;N/A: ;Rivas;pail.;;De la Teja gol. Britannia, pail. Rivas, 600 sacos carbon.;;Britannia;gol.;1871_02_24;la Teja
;;N/A: ;Almanza;pat.;;De la Teja gol. Josefa, pat. Almanza, 600 saoos caron.;;Josefa;gol.;1871_02_24;la Teja
;;N/A: ;Hernandez;pat.;;De Sierra Morena gol. Angelita, pat. Hernandez, 640 c. antisar.;;Angelita;gol.;1871_02_24;Sierra Morena
;;N/A:  | N/A: ;Feliú;pat.;;Del Mariel gol. Vicenta, pat. Feliú, 211 c. azúcar y 15 pipas aguardiente.;;Vicenta;gol.;1871_02_24;Mariel
;;N/A: ;Monar;p.;;De Sierra Morena berg. Pinero, p. Monar, 171 tesas do madera.;;Pinero;berg.;1871_02_25;Sierra Morena
;;N/A: ;Pujol;p.;;De Cardenas g. Clio, p. Pujol, 610 c. azúcar.;;Clio;g.;1871_02_25;Cardenas
;;N/A: ;Segni;p.;;De Mantua pail. Fénix, p. Segni, 800 sacos carbon.;;Fénix;pail.;1871_02_25;Mantua
;;N/A:  | N/A: ;Vilasuso;p.;;De Cabañas g. Conchita, p. Vilasuso, 200 c. azúcar y 60 beos. mascabado.;;Conchita;g.;1871_02_25;Cabañas
;;N/A: ;Jofré;cap.;;De Cárdenas rap. Comanditario, cap. Jofré, 1500 c. azúcar.;;Comanditario;rap.;1871_02_25;Cárdenas
;;N/A:  | N/A:  | N/A:  | N/A: ;Mas;cap.;;De id. vap. Clara, cap. Mas, 673 c. azúcar, 2 c. efectos 2 garfs. melado y 1 c: aves.;;Clara;vap.;1871_02_25;id.
;;N/A: ;Virella;p.;;De idem g. Genovova, p. Virella, 530 c. azúcar.;;Genovova;g.;1871_02_25;idem
;;N/A:  | N/A:  | N/A:  | N/A:  | N/A: ;Cabrora;p.;;De Storra Morena g. Sela Manuelas, p. Cabrora, 840 cajas y 16 bocoyes azúcar, 2 bocs. concentrado, 18 pipas aguardiente, 4 bocs. carbon y garrafones melado.;;Sela Manuelas;g.;1871_02_28;Storra
;;N/A: ;Torres;patrón;;De la Teja goleta Dorotea, patron Torres, 330 cajas de azúcar.;;Dorotea;goleta;1871_02_28;la Teja
;;N/A: ;Ros;p.;;De idem goleta Manuela Sagus, p. Ros, E00 Bacos de carbon';;Manuela Sagus;goleta;1871_02_28;idem
;;N/A: ;Montero;p.;;De idem golota Habanera, p. Montero, 600 sacos do carbon.;;Habanera;golota;1871_02_28;idem
;;N/A:  | N/A: ;Badaró;p.;;De Cárdenas gol. Victoria, p. Badaró, 425 c. y 35 bons. Azúcar.;;Victoria;gol.;1871_02_28;Cárdenas
;;N/A: ;Perelló;p.;;De Cárdenas gol. Tres Marias, p. Perelló, 550 o. azúzúcar.;;Tres Marias;gol.;1871_02_28;Cárdenas
;;N/A: ;Fuentes;p.;;De Matanzas golota Adela, p, Fuentes, 600 cajas azúcar.;;Adela;golota;1871_02_28;Matanzas
;;N/A: ;Colomar;patrón;;De Canasi goleta Sabás, patron Colomar, 100 bocoyes concontrado.;;Sabás;goleta;1871_02_28;Canasi
;;N/A: ;Vilasuso;p.;;De Cabañas golota Conchita, p. Vilasuso, 110 bocoyos mascabado.;;Conchita;golota;1871_02_28;Cabañas
;;N/A:  | N/A: ;Rodriguez;p.;;De Cabañas goleta Cefiro, p. Rodriguez, 370 c, azúcar y 16 pps. aguardiente.;;Cefiro;goleta;1871_02_28;Cabañas
;;N/A: ;Cervera;pat.;;De Cabañas goleta Maris, patron Cervera, 645 cajas azúcar.;;Maris;goleta;1871_02_28;Cabañas
;;N/A: ;Feliu;pat.;;De idem goleta Viconta, patron Feliu, 240 cajas de azúcar,;;Viconta;goleta;1871_02_28;idem
;;N/A:  | N/A: ;Durau;p.;;De idem balandro Fernandita, p. Durau, 220 caballos lefia, 13 ancos lana miraguano.;;Fernandita;balandro;1871_02_28;idem
;;N/A: ;Duran;pat.;;De Baracoa gol. Doloritas, patron Duran, 78 bocoyes concentrade,;;Doloritas;gol.;1871_02_28;Baracoa
;;N/A:  | N/A: ;Padilla;p.;;De Banca gol. Concha, p. Padilla, 10 bocoyes mascabado y 36 id miel de purga;;Concha;gol.;1871_02_28;Banca
;;N/A:  | N/A:  | N/A:  | N/A:  | N/A:  | N/A:  | N/A:  | N/A:  | N/A:  | N/A:  | N/A:  | N/A:  | N/A: ;;;;De idem idem vivero Euriqueta, p. Vila, 500 pescalos vivos. De Cárdenas g. N. S. del Carmen, p. Nuñez, 510 cajas do azúcar. Dala Teja gol. Dos Amigos, patron Rodriguez, 340 c. azca. De Cárdenas gol. Jóven Carlota, p. Basilio, 500 cajas Azúcar. De Cárdenas vapor Comanditario, cap. Jofé, 1400 caas azúcar, 10 lios y 6 torcios cueros, 30. ropa y loza, 4 Tardos carnaza, 11d. tabaco y 1 c. cigarros.;;;;1871_02_28;
;;N/A: ;Virella;p.;;De Cárdenas berg, gol. Amistad, p. Virella, 850 c. azúcar.;;Amistad;berg;1871_03_01;Cárdenas
;;N/A: ;Suao;p.;;De Sierra Morena gol. Agustina, p. Suao, 700 sacos de carbon.;;Agustina;gol.;1871_03_01;Sierra Morena
;;N/A: ;Febres;patrón;;De Mantua goleta Neptuno, patron Febres, 800 ancos carbon.;;Neptuno;goleta;1871_03_01;Mantua
;;N/A:  | N/A:  | N/A:  | N/A:  | N/A:  | N/A:  | N/A:  | N/A: ;Lemus;cap.;;De Santiago do Cuba y escalas vap. Mectezama, cap. Lemus, 2 c. ropa, 1 c. cucajes, 1 c. con una silla, 1 asiento de cuero, 4 bar..sebo, 1 c. tabaco, 2 bar. cigarros y 1 c. niños lloroues.;;Mectezama;vap.;1871_03_02;Santiago
;;N/A:  | N/A:  | N/A:  | N/A:  | N/A:  | N/A:  | N/A:  | N/A:  | N/A:  | N/A:  | N/A:  | N/A:  | N/A:  | N/A:  | N/A:  | N/A:  | N/A:  | N/A:  | N/A:  | N/A:  | N/A:  | N/A:  | N/A:  | N/A:  | N/A:  | N/A:  | N/A: ;Arriaga;cp.;;De Santiago de Cuba vap. Cuba, cp. Arriaga, 66 ancos y 1 bar. café, 271 cueros, 40 bar. aceito do coco, 44 sacos cacao, 17 bultos para los voluntarios do Matanzas, 1 caja pastillas, 1 fardo becerro chiarolado, 2 c. membrillo, 9 bar. almidon, 3 c. sardinas, 1 baul calzado, 2 c. pañuelos, 11 serones plátanos, 18 racimos idem dátiles, 16 bar. limones, 2 bar. miol abeja, 1 c. chocolato, 2 c. ropa, 1 caja entregas, 40 fardos y 7 tercios suela, 5 bultos y 1 caja efectos, 1 c. mantas, 4 carretillas, 1 c. dulce, 1 fardo coco seco.;;Cuba;vap.;1871_03_02;Santiago de Cuba
;;N/A:  | N/A:  | N/A: ;Marin;p.;;De Sagua la Grande, g. Golondrina, p. Marin, 2 atravesañoa, 31 yugos, 16 palos júcaro.;;Golondrina;g.;1871_03_03;Sagua la Grande
;;N/A:  | N/A: ;Jaan;p.;;De Cárdenas, g. Genirala, p. Jaan, 350 c. y 18 bocoyes azúcar.;;Genirala;g.;1871_03_03;Cárdenas
;;N/A: ;Vazquez;p.;;"De id., g. Joaquina, p. Vazquez. 600 c; azúcar.";;Joaquina;g.;1871_03_03;id.
;;N/A:  | N/A: ;Gonzalez;p.;;De Mariel, g. Altagracia. p. Gonzalez, 320 c. azúcar, 6 pipas aguardiente.;;Altagracia;g.;1871_03_03;Mariel
;;N/A: ;Cuevas;p.;;De id., g. Inés, p. Cuevas, 460 c. azúcar.;;Inés;g.;1871_03_03;
;;N/A:  | N/A:  | N/A:  | N/A:  | N/A:  | N/A: ;Tur;p.;;De Caibarien. g. Daniel, p. Tur, 500 cocos secos, 200 paquetes tablilla, 192 docenas esponjas, 77 zese3, 1 caballos leña, 24 sacos cera.;;Daniel;g.;1871_03_04;Caibarien
;;N/A: ;Ventura;p.;;De Sagua la Grande, g. Trafalgar, p. Ventura, 364 s. carbon.;;Trafalgar;g.;1871_03_04;Sagua la Grande
;;N/A: ;Cabrer;p.;;De Sierra Morena, g. Maria, p. Cabrer, 500 e. azúcar.;;Maria;g.;1871_03_04;Sierra Morena
;;N/A: ;Joy;p.;;De Salto, g. Tros Hermanas, p. Joy, fen saros carbon.;;Tros Hermanas;g.;1871_03_04;Salto
;;N/A:  | N/A: ;tir;p.;;De Cárdenas, g. Guacamaya, p. tir, 400 c. y 30 bocovos azúcar.;;Guacamaya;g.;1871_03_04;Cárdenas
;;;Fariñas;p.;;De id., g. Anita, p. Fariñas, úr.;;Anita;g.;1871_03_04;id.
;;N/A: ;Belfate;p.;;De id., g. Amalia, p. Belfate, 760 o. azúcar.;;Amalia;g.;1871_03_04;id.
;;N/A:  | N/A:  | N/A: ;Viera;p.;;De Jarnco, g. Jaruqueña, p. Viera, 190 c. azúcar, 20 pipas aguardiente, 35 pipas vacíae.;;Jaruqueña;g.;1871_03_04;Jarnco
;;N/A: ;Lladó;p.;;De Santa Lucia, g. Leonor, p. Lladó. 310 c. azúcar.;;Leonor;g.;1871_03_04;Santa Lucia
;;N/A: ;Rodriguez;p.;;De Cabañas. g. Cófiro, p. Rodriguez, 370 c. azúcar.;;Cófiro;g.;1871_03_04;Cabañas
;;N/A:  | N/A:  | N/A: ;Planell;p.;;De Mariel, g. Salvo Virgen Maria, p. Planell, 300 caballos leña, 40 8. carbon, 32 arb. cera.;;Salvo Virgen Maria;g.;1871_03_04;Mariel
;;N/A: ;Ferrer;p.;;De Baracoa, bote Cecilia Manuela, p. Ferrer, 36 bocoses miel concontrada.;;Cecilia Manuela;bote;1871_03_04;Baracoa
;;N/A:  | N/A: ;Vilasuzo;p.;;De Cabañas, g. Conchita, p. Vilasuzo, 200 c. y 40 bocoyes azúcar.;;Conchita;g.;1871_03_04;Cabañas
;;N/A:  | N/A:  | N/A:  | N/A:  | N/A:  | N/A:  | N/A:  | N/A: ;Bernaza;p.;;De Naovitas, berg. gol. 23 Cantinera, p. Bernaza, 500 cortes de caja, 41 barril, 5 tercerolas, 3 cuarteroias, y A pipa sebo, 32 lios guano 1 pipa y 1 tercerola mil abeja.;gol.;23 Cantinera;berg.;1871_03_04;Naovitas
;;N/A:  | N/A:  | N/A:  | N/A: ;Cordero;p.;;De Sierra Morena, g. Molest dora, p. Cordero, 535 c. y 36 bocoyos azúcar, 20 piezas madera, 1 bocoy carbon, i cedro.;;Molest dora;g.;1871_03_04;Sierra Morena
;;N/A: ;Hernandez;p.;;De Cárdenas, g. Antonie, p. Hernandez, 360 c. azúcar.;;Antonie;g.;1871_03_04;Cárdenas
;;N/A: ;Cobas;p.;;De Baracoa, g. Carmita, p. Cobas, 48 bocores mascabadi;;Carmita;g.;1871_03_04;Baracoa
;;N/A: ;Bosch;p.;;De Carderas g. Juanita, p. Bosch, con 600 cajas do azúcar;;Juanita;g.;1871_03_05;Carderas
;;N/A: ;Naranjo;p.;;De Cárdenas g. Rayo, p. Naranjo, con 560 cajas de azúcar;;Rayo;g.;1871_03_05;Cárdenas
;;N/A:  | N/A: ;Perez;p.;;De Hinokl g. Justica, p. Perez, 122 cajas y 20 bocoyes azúcar;;Justica;g.;1871_03_05;Hinokl
;;N/A: ;Sosa;p.;;De Jaimmitas bote San Anselmo, p. Sosa, 8,000 ladrillos del pali;;San Anselmo;bote;1871_03_05;Jaimmitas
;;N/A:  | N/A: ;Deulofeo;p.;;De Cabalas g. Ntra. Sra. del Cármen, p. Deulofeo, 340 c.azúcar, 1 pipas aguardiente.;;Ntra. Sra. del Cármen;g.;1871_03_05;Cabalas
;;N/A: ;Amaya;p.;;De la Doinica g. Isabelita, p. Amaya, 189 cajas do azúcar;;Isabelita;g.;1871_03_05;Doinica
;;N/A:  | N/A: ;Durán;p.;;De Baraos g. Doloritas, p. Durán, 134 c azúcar y 34 bocoyes mal de purga.;;Doloritas;g.;1871_03_05;Baraos
;;N/A:  | N/A:  | N/A:  | N/A:  | N/A:  | N/A: ;Paz;pat.;;De Puerto Padre y Gibara, g. Espreso do Gibara, patrou Paz, 60 eneros al pelo, 43 barle. almidos, 40 bocoyes mascabado, 32 id. miel de purga, 3 tercerolas y 1 plpa sobo.;;Espreso;g.;1871_03_07;Puerto Padre y Gibara
;;N/A:  | N/A:  | N/A:  | N/A:  | N/A: ;Rodriguez;p.;;De Calbarien, paquete Moron, p. Rodriguez, 560 caballos lens, 500 cueros al pelo, 63 reses, 4 arb. cera y media pipa Bebo.;;Moron;paquete;1871_03_07;Calbarien
;;N/A:  | N/A:  | N/A:  | N/A:  | N/A:  | N/A: ;Gallegos;p.;;De Sigaa la Grande, g. Ramoncita, p. Gallegos, 1500 docenas aogas, 600 varaa madera, 300 zacos carbon, 50 torolos majagua blanca, 4 tercerolas miel de abeja, 3 serones cera.;;Ramoncita;g.;1871_03_07;Sigaa la Grande
;;N/A: ;Hernandez;p.;;De id.. g. Angelita, p. Hernandez, 640 o. azúcar.;;Angelita;g.;1871_03_07;id..
;;N/A: ;Badia;p.;;De Teja, g. Isabel Segunda, p. Badia, 700 sacos carbon.;;Isabel Segunda;g.;1871_03_07;Teja
;;N/A: ;Barrera;p.;;De Cárdenas, berg g. Amistad, p. Barrera, 850 cajas de azúcar.;g.;Amistad;berg;1871_03_07;Cárdenas
;;N/A:  | N/A: ;Badaró;p.;;De id., g. Victoria, p. Badaró, 410 caja2 y 30 boo0yes azúcar.;;Victoria;g.;1871_03_07;id.
;;N/A:  | N/A:  | N/A: ;Mascaró;p.;;De id., 2. Jóven Pilar. p. Mascaró, 11,500 kilógramos tasajo, 650 sacos de sal, 50 pipas vino.;;Jóven Pilar;p.;1871_03_07;id.
;;N/A:  | N/A: ;Alemsfy;p.;;De id., g. Panchita, p. Alemsfy, 49 c. azúcar, 3 bocoyea cobre viejo.;;Panchita;g.;1871_03_07;id.
;;N/A: ;Cudillero;p.;;De Matanzas, g, Maria, p. Cudillero, 600 o. azúcar.;;Maria;g;1871_03_07;Matanzas
;;N/A: ;Colomar;p.;;De Canasi, g. Sabas, p. Colomar, 98 boo. mascabado.;;Sabas;g.;1871_03_07;Canasi
;;N/A: ;Vives;p.;;De Mantua, g. Segunda Rosa, p. Vives, 600 sacos carbon.;;Segunda Rosa;g.;1871_03_07;Mantua
;;N/A:  | N/A:  | N/A: ;Bonet;p.;;De Malas Aguas, g. Aguedits, p. Bonet, 300 sacos carbon, 60 piezas de vuelta, 50 caballos leña.;;Aguedits;g.;1871_03_07;Malas Aguas
;;N/A: ;Mayans;p.;;De Mulata, g. Teresita, p. Mayans, 600 sacos carbon.;;Teresita;g.;1871_03_07;Mulata
;;N/A:  | N/A: ;Perera;p.;;De Ortigosa, g. Bonifacia, p. Perera, 260 c. azúcar y 8 pinas aguardiente.;;Bonifacia;g.;1871_03_07;Ortigosa
;;N/A:  | N/A: ;Gorrin;p.;;De Bahia Honda, g. Carmita, p. Gorrin, 210 caballos leña, 68 boooyes mascabado.;;Carmita;g.;1871_03_07;Bahia Honda
;;N/A: ;D. Gonzalez;;;De Mariel, g. Altagracia, D. Gonzalez, 340 o. azúcar.;;Altagracia;g.;1871_03_07;Mariel
;;N/A: ;Padilla;p.;;De Barces, . Concha, p. Padilla, 15,000 ladrillos pais.;;Concha;;1871_03_07;Barces
;;N/A:  | N/A:  | N/A:  | N/A:  | N/A:  | N/A: ;Vega;cap.;;De Caibarien y Ságua la Grande, vap. Nuevo Almendares, cap. Vega, 46 daeros al pelo, 41 tercios tabaco, 7 sacos arroz, 3 serones esponjas, 2 cajas ropa, 1 caja bragueros.;;Nuevo Almendares;vap.;1871_03_07;Caibarien y Ságua la Grande
;;N/A:  | N/A:  | N/A:  | N/A: ;Jofre;cap.;;De Cárdenas, vap. Comanditario, cap. Jofre, 1450 cajas azúcar, 5 tercios cueros curtidos, 2 c. tabaco, 1'c. y 1 barril efectos.;;Comanditario;vap.;1871_03_07;Cárdenas
;;N/A:  | N/A:  | N/A:  | N/A: ;Fuentes;p.;;De Matanzas, g. Adela' p. Fuentes, 580 cajas azúcar, 500 arb. taaajo, 3o. muebles, 1 c. efectos.;;Adela;g.;1871_03_07;Matanzas
;;N/A:  | N/A: ;Rodrigues;p.;;De Cabañas, g. Céfiro, p. Rodrigues, 300 o. azúcar, 33 pipas aguardiente.;;Céfiro;g.;1871_03_07;Cabañas
;;N/A:  | N/A: ;Inclan;p.;;De Cabañas, g. Josefa, p. Inclan, 500 c. y 10 bocoses azúcar;;Josefa;g.;1871_03_07;Cabañas
;;N/A: ;Fierro;p.;;De Canaat, g. Loba Marina, p. Fierro, 350 c. azúcar.;;Loba Marina;g.;1871_03_07;Canaat
;;N/A: ;Pujol;p.;;De Cárdenas gel. Clio, p. Pujol, 610 o. azúcar.;;Clio;gel.;1871_03_08;Cárdenas
;;N/A: ;Virella;p.;;De idem gol Genoveva, p. Virella, 510 c. azúcar.;;Genoveva;gol;1871_03_08;idem
;;N/A: ;Juan;p.;;De idem gol. Nueva Rosita, p. Juan, C00 e, azúcar.;;Nueva Rosita;gol.;1871_03_08;idem
;;N/A:  | N/A:  | N/A: ;Vázquez;p.;;De idem gol Joaquina, p. Vázquez, 466 c. y 10 bocoyes az car.;;Joaquina;gol.;1871_03_08;idem
;;N/A: ;Fariña;p.;;De idem goi Anita, p. Fariña, FC0 e. azúcar.;;Anita;goi;1871_03_08;idem
;;N/A: ;Perelló;p.;;De idem go Tros Marias, p. Perelló, 530 c. azúcar.;;Tros Marias;go;1871_03_08;idem
;;N/A:  | N/A: ;Cobas;p.;;De Jaruco gol Cuatro Hermanas, p. Cobas, 172 c. azúcar, 14 pipas aguardiente. 25 cuarto olas iniel do purga.;;Cuatro Hermanas;gol;1871_03_08;Jaruco
;;N/A: ;Mas;cap.;;De Cárdenas vapor Clara, cap. Mas, 1503 c. azúcar.;;Clara;vapor;1871_03_08;Cárdenas
;;N/A:  | N/A: ;Masip;p.;;De Santa Cruz gol Maria del Rosario. p. Masip, 310 c. azúcar, 26 ar. cera.;;Maria del Rosario;gol;1871_03_08;Santa Cruz
;;N/A: ;Duran;p.;;De Baracsa gol Dol-ritas, p. Duran. 260 c.szúcar.;;Dol-ritas;gol.;1871_03_08;Baracsa
;;N/A: ;Eerrer;p.;;De id., g. Sofia, p. Eerrer, 800 sacos carbon.;;Sofia;g.;1871_03_09;id.
;;N/A: ;Almansa;p.;;De id., g. Josefa, p. Almansa, 600 sacos carbon.;;Josefa;g.;1871_03_09;id.
;;N/A: ;Nunoll;p.;;De Corojal, g. Nuestra Señora del Cármen, p. Nunoll, 700 Bacos carbon.;;Nuestra Señora del Cármen;g.;1871_03_09;Corojal
;;N/A:  | N/A: ;Osuna;p.;;De Jaraco, bote Nuestra Señora del Carmen, p. Osuna 36 cuarterolas miel purga, 16 c. azúcar.;;Nuestra Señora del Carmen;bote;1871_03_09;Jaraco
;;N/A:  | N/A:  | N/A:  | N/A:  | N/A: ;Roca;p.;;De Ságua la Grando, g. Segunda Amistad, p. Roca, 1670 tondidos Boga majagua, 220 caballos leña, 55 arobos 6 barrilitos aceitunas, 3 c. coñao, 1 boo. y 1 c. cera.;;Segunda Amistad;g.;1871_03_09;Ságua la Grando
;;N/A: ;Dorav;p.;;De Mariel, g. Fornandita. p. Dorav, 200 caballos leña.;;Fornandita;g.;1871_03_09;Mariel
;;N/A:  | N/A: ;Arimon;cap.;;De Gibara. berg. Carolina, cap. Arimon, 490 sacos maíz, 2 balanzas.;;Carolina;berg.;1871_03_09;Gibara
;;N/A:  | N/A: ;Urrutia;cap.;;De Matanzas, barca Paraguaya, cap. Urrutia, 1,000 qq. tasajo, 35 pipas vino.;Paraguaya;;barca;1871_03_09;Matanzas
;;N/A:  | N/A: ;Palan;p.;;De Bahia Honda gol, Mercedita, p. Palan: 252 c. szúcay 381 camones;;Mercedita;gol;1871_03_11;Bahia Honda
;;N/A: ;Ferrer;p.;;"De la Ortigosa bote Cecilia Manuela, p. Ferrer; 40 pipas aguardiente.";;Cecilia Manuela;bote;1871_03_11;Ortigosa
;;N/A:  | N/A: ;Rodriguez;p.;;"De Cabañas gol. Cófiro, p. Rodriguez; 370 c. azúcar y 12 pipas agdto.";;Cófiro;gol.;1871_03_11;Cabañas
;;N/A:  | N/A: ;Deulofeo;p.;;"De Cabañas gol. Ntra. Sra. del Cirmen p. Deulofeo; 335 c. azúcar, 10 pipas agdts.";;Ntra. Sra. del Cirmen;gol.;1871_03_11;Cabañas
;;N/A:  | N/A: ;Cabrera;p.;;De Sierra Morena gol. Seis Manuelas, p. Cabrera: $50 cajas y 30 bocoyes azúcar;;Seis Manuelas;gol.;1871_03_11;Sierra Morena
;;N/A: ;Gurri;p.;;"De Rio de la Palma gol. Inés, p Gurri; 600 sacos carbon";;Inés;gol.;1871_03_11;Rio de la Palma
;;N/A:  | N/A: ;Badaró;p.;;De Cárdenas gol. Victoria, p. Badaró: 416 c. y 29 bocoves azúcar.;;Victoria;gol.;1871_03_11;Cárdenas
;;N/A:  | N/A: ;Basilio;p.;;"De Cárdenas gol. Carlota, p. Basilio; 500 c. azúcar y 12 bocoyes vacios.";;Carlota;gol.;1871_03_11;Cárdenas
;;N/A:  | N/A:  | N/A:  | N/A:  | N/A:  | N/A:  | N/A:  | N/A:  | N/A:  | N/A: ;Rodriguez;p.;;"De Matanzas gol. Elvira, p. Rodriguez; 500 c. azúcar, 1 moviliario usado, 32 baules estucher, 20. maletas y zapatos, 6 baules malotas, 1 baul carbon, 11 baules efectos y herramientas, 17 lios madera, 4 rollos esteras, 6 baules efectos peleteria";;Elvira;gol.;1871_03_11;Matanzas
;;N/A: ;Dardet;p.;;"De Cárdenas gol. Rosita, p. Dardet; 520 cajas azńcar.";;Rosita;gol.;1871_03_11;Cárdenas
;;N/A: ;Nuñez;p.;;"De Cárdenas gol. Ntra. Sra. del Cármen, p. Nuñez; 510 c. azúcar.";;Ntra. Sra. del Cármen;gol.;1871_03_11;Cárdenas
;;N/A: ;Arcinu;p.;;De Mantua g. Maria, p. Arcinu, con 800 sacos de carbon;;Maria;g.;1871_03_12;Mantua
;;N/A: ;Cubas;p.;;De Baracoa g. Carmita, p. Cubas, con 199 cajas de azncar;;Carmita;g.;1871_03_12;Baracoa
;;N/A: ;Gispert;p.;;De la Teja g. Dos de Mayo, p. Gispert, con 700 sacos carbon;;Dos de Mayo;g.;1871_03_12;la Teja
;;N/A: ;Herrera;p.;;De Cárdenas g. Mercedita, p. Herrera, con 500 cajas azúcar;;Mercedita;g.;1871_03_12;Cárdenas
;;N/A:  | N/A: ;Vázquez;p.;;De Cárdenas g. Joaquina, p. Vázquez, con 470 cajas y 44 bocoyes azúcar.;;Joaquina;g.;1871_03_12;Cárdenas
;;N/A:  | N/A: ;Cueras;p.;;De Cárdenas g. Inés, p. Cueras, con 460 caj is azúcar y 40 idem jabon;;Inés;g.;1871_03_12;Cárdenas
;;N/A:  | N/A:  | N/A: ;Colomar;p.;;De Canasi g. Fabás, p. Colomar, con 100 cajas azúcar, 62 bo:oyes miel concentrada y 8 pipas aguardfence;;Fabás;g.;1871_03_12;Canasi
;;N/A: ;Lopez;p.;;De Cayos do Barlovento vivero Feliz, p. Lopez, con 500 pescados vivo;;Feliz;vivero;1871_03_12;Cayos do Barlovento
;;N/A:  | N/A:  | N/A: ;Padilla;p.;;De Bancs g. Conchs, p. Padilla, cod 102 cajas y 30 bocoyos azúcar y 20 becoves miel do purga;;Conchs;g.;1871_03_12;Bancs
;;N/A:  | N/A:  | N/A:  | N/A:  | N/A:  | N/A:  | N/A:  | N/A:  | N/A:  | N/A:  | N/A:  | N/A:  | N/A:  | N/A: ;Cachio;cap.;;"Do Santiago do Cuba y escalas vapor Barcelona, cap. Cachio, con 720 torcios de tabaco. 122 sacos cacao; 50 bar aceite de coco, 23 sacos café, 20 cajas quesos, 10 idem do champaña, 4 idem ropa, 4 serones cabos de rea, 2 sacos cominos, 2 cajas, 2 baules y una maleta ropo usada, una caja carteras de viaje. una idem tabaco breva";;Barcelona;vapor;1871_03_12;Santiago do Cuba
;;N/A:  | N/A:  | N/A: ;Jofre;cap.;;De Cárdenas vapor Comanditario, cap. Jofre, con 1402 cajas azúcar, una idem efectos 1 barrit naraejao;;Comanditario;vapor;1871_03_12;Cárdenas
;;N/A: ;Bosch;p.;;De Cárdenas g. Juanita, p. Bosch, con 620 cajas azuсаг.;;Juanita;g.;1871_03_12;Cárdenas
;;N/A:  | N/A: ;Rivas;p.;;"De Nuevitas gol Dichosa do Nuovitas, p. Rivas; 2 tercios cera blanca y 5 tercerolas sebo";;Dichosa;gol.;1871_03_14;Nuevitas
;;N/A:  | N/A:  | N/A:  | N/A: ;Cordero;p.;;"De Sierra Morena gol Molestadora, p. Cordero; 620 d y 11 bocoyes azúcar, 7 gar. melado, 3 cajitas y un baul e fectos";;Molestadora;gol;1871_03_14;Sierra Morena
;;N/A: ;Gonzalez;p.;;"De Sierra Morena gol Sofia, p. Gonzalez; 500 cajas a zucar.";;Sofia;gol.;1871_03_14;Sierra Morena
;;N/A: ;Paz;p.;;"De la Teja gol Magdalena, p. Paz; 600 eacos de car bon";;Magdalena;gol.;1871_03_14;la Teja
;;N/A: ;Pujol;p.;;"De Rio de la Palma gol Margarita, p. Pujol; 600 saco carbon";;Margarita;gol;1871_03_14;Rio de la Palma
;;N/A: ;Garcla;p.;;"De Rio de la Palma gol San Francisco, p. Garcla; 70 sacos carbon";;San Francisco;gol.;1871_03_14;Rio de la Palma
;;N/A:  | N/A:  | N/A:  | N/A:  | N/A:  | N/A:  | N/A:  | N/A:  | N/A:  | N/A:  | N/A: ;Garcia;p.;;De Cárdenas gol Ceferina, p. Garcia: 9000 ar., 50 bo coyes y 39 Boroses tasajo, 102 yugos, 100 garrafones a guardiente, 40 garrafonos y 6 cajas alcaparras, 15 terce rolas miel do abejas, 3 caballos, 2 yeguas y un mulo.;;Ceferina;gol.;1871_03_14;Cárdenas
;;N/A:  | N/A: ;Roselló;p.;;"De Cárdenas gol Jóven Gertrudis, p. Roselló; 490 caja azúcar, 1 ajuar de casa usado";;Jóven Gertrudis;gol;1871_03_14;Cárdenas
;;N/A: ;Juan;p.;;"De Cárdenas gol 'Nuova Rosita, p. Juan; 570 cajas y bocoses azúcar";;Nuova Rosita;gol;1871_03_14;Cárdenas
;;N/A:  | N/A: ;Fuontes;p.;;"De Matanzas gol Adela, p. Fuontes; 245 cajas y 52 bo coves azúcar.";;Adela;gol;1871_03_14;Matanzas
;;N/A: ;Fierro;p.;;De Canasi gol Lola Marina, p. Fierro: 350 cajas azú car;;Lola Marina;gol.;1871_03_14;Canasi
;;N/A:  | N/A: ;Llapjer;p.;;"De Mantua gol Juana de Dios, p. Llapjer; 300 caballos leña y 18 sacos lana miraguano";;Juana de Dios;gol;1871_03_14;Mantua
;;N/A:  | N/A:  | N/A:  | N/A:  | N/A:  | N/A:  | N/A:  | N/A:  | N/A: ;Casteleiro;p.;;"De Mantua gol Manuelita, p. Casteleiro; 580 vatas madora, 200 sacos carbon, 90 miraguanos, 70 sans maiz, 50 docenas estacas, 25 arrobas cera 25 arrobas joles, 24 barriles miel do abeja y 20 córtes do yugo";;Manuelita;gol.;1871_03_14;Mantua
;;N/A:  | N/A: ;Perera;pat.;;Da la Ortigosa gol. Bonifacia, pat. Perera, 260 c. azúcar y 8 pipas aguardiento.;;Bonifacia;gol.;1871_03_14;Ortigosa
;;N/A:  | N/A: ;Rodriguez;pat.;;De Cabañas gol. Cefiro, pat. Rodriguez, 200 c. y 2 bocoves azúcar y 16 pipas aguardiente.;;Cefiro;gol.;1871_03_14;Cabañas
;;N/A:  | N/A: ;Lopez;pat.;;Da Idem gol. Caballo Marino, pat. Lopez, 360 c. azúcar y 16 pipas aguardiente,;;Caballo Marino;gol.;1871_03_14;Idem
;;N/A:  | N/A: ;Roselló;pat.;;De Idem gol. Esmeralda, pat. Roselló, 400 c. azúcar y 30 pipas aguardiente.;;Esmeralda;gol.;1871_03_14;Idem
;;N/A:  | N/A:  | N/A: ;Inclan;pat.;;Do Idem gol. Josefa, pat. Inclan, 500 c. y 10 bocoyes azdcar;;Josefa;gol.;1871_03_14;Idem
;;N/A:  | N/A: ;Vilasuso;pat.;;De Idem gol. Conchita pat. Vilasuso, 133 c. y 76 bocoyea azúcar.;;Conchita;gol.;1871_03_14;Idem
;;N/A:  | N/A: ;Feliú;pat.;;Del Mariel gol. Vicenta, pat. Feliú. 200 c. azúcar y 15 pipas aguardiente.;;Vicenta;gol.;1871_03_14;Mariel
;;N/A: ;Ferrer;pat.;;De Baracoa bote Cecilia y Manuela, pat. Ferrer, 36 bocoves miel concentrada.;;Cecilia y Manuela;bote;1871_03_14;Baracoa
;;N/A: ;Ricoy;pat.;;De Cayos de Barlovento viv. Esperanza, pat. Ricoy, 500 pescados vivos.;;Esperanza;viv.;1871_03_14;Cayos de Barlovento
;;N/A:  | N/A:  | N/A:  | N/A:  | N/A:  | N/A: ;Arbona;pat.;;Do Caibarlen gol. Engracia, pat. Arbona, 135 reses. 100 palancas, 50 caballos leñs, 15 cueros, 20 ar. cera y 8 tercs. miel de abejas.;;Engracia;gol.;1871_03_14;Caibarlen
Día null:;;N/A:  | N/A:  | N/A:  | N/A: ;Bernaza;pat.;;De Puerto del Padre pail. Paquete de Nuevitas, patron Bernaza, 70 bocoyes mascabado, 200 cueros al polo, ar. cera y 1 cuarterola sobo.;;Paquete de Nuevitas;pail.;1871_03_14;Puerto del Padre
;;N/A: ;Jofre;cap.;;De Cárdenas vapor Comanditario, cap Jofre, 1400 c. azúcar.;;Comanditario;vapor;1871_03_14;Cárdenas
;;N/A:  | N/A: ;Cobas;pat.;;De Jaruco gol. Caatro Hermanas, pat. Cobas, 200 c. azúcar y 25 cuarts vacias.;;Caatro Hermanas;gol.;1871_03_14;Jaruco
;;N/A:  | N/A:  | N/A:  | N/A:  | N/A:  | N/A:  | N/A: ;Voga;cap.;;De Calbarien y Sagua lo Grande vapor Nuevo Almendares, cap. Voga. 185 terolos tabaco, 10 pipas agaardionte, 1 bañadera, 1 mesa, 20. azúcar, 2 cuarts. mlél do abojas y 2 bar. ropa usada.;;Nuevo Almendares;vapor;1871_03_14;Calbarien
;;N/A: ;Sagua;pat.;;Do la Teja gol. Manuela do Sagua, pat. Ros-800 sacos carbon.;;Manuela;gol.;1871_03_15;la Teja
;;N/A: ;Hernandez;pat.;;De Cirlenas gol. Antonia, pat. Hernandez-360 cajas azúcar.;;Antonia;gol.;1871_03_15;Cirlenas
;;N/A: ;Osuna;pat.;;De Jaruco bote Ntra. Sra. del Carmen, pat. Osuna-125 cajas azúcar.;;Ntra. Sra. del Carmen;bote;1871_03_15;Jaruco
;;N/A:  | N/A:  | N/A: ;Amengual-C000;pat.;;Do Rio Blanco gol. Catalina, pat. Amengual-C000 tiras majagua, 478 varas madera y 67 camones.;am.;Catalina;gol.;1871_03_15;Rio Blanco
;;N/A: ;Amaya;pit.;;De Ja Dominica gol. Isabelita, pit. Amaya-183 cajas Azúcar.;Dominica;Isabelita;gol.;1871_03_15;Ja
;;N/A: ;Casteleiro;pat.;;De Cayos do Sotavento vivero Dolores, pat. Casteleiro -500 pescados vivos.;;Dolores;vivero;1871_03_15;Cayos do Sotavento
;;N/A:  | N/A: ;Badaró;pat.;;De Cárdenas gol. Victoria, pat. Badaró-136 cajas y 38 bocoyes azúcar.;;Victoria;gol.;1871_03_15;Cárdenas
;;N/A: ;Mascaró;pat.;;Do Cárdenas gol. Jóven Pilar, pat. Mascaró-500 cajas azúcar;;Jóven Pilar;gol.;1871_03_15;Cárdenas
Día 01:;;N/A: ;Gonzalez;pat.;;Del Maniel gol. Altagracia, pat. Gonzalez-3:0 cajas azúcar.;;Altagracia;gol.;1871_03_15;Maniel
;;N/A:  | N/A: ;Daulofuo;pat.;;Do Cabañas gol. Ntra. Sra. do! Cármen, pat. Daulofuo -310 cajas azúcar y 10 pipas aguardiento.;;Ntra. Sra. do! Cármen;gol.;1871_03_15;Cabañas
;;N/A: ;Torres;pat.;;Do la Tej gol. Dorotea, pat. Torres-330 cajas azúcar..;;Dorotea;gol.;1871_03_15;la Tej
;;N/A:  | N/A:  | N/A:  | N/A: ;Co'omar;p.;;De Sagun la Grando g. Paquets de Sagua, p. Co'omar, con 100 arabos, 91 fanegas maiz, 50 atravesaños y 37 es. tacas do jucaro;;Paquets de Sagua;g.;1871_03_16;Sagun
;;N/A: ;D. Bosch;;;De idem g. Union, D. Bosch, con 770 ojas de azúcar;;Union;g.;1871_03_16;idem
;;N/A: ;Lopez;p.;;De Gauusa g. Amalla, p. Lopez, con 300 cajas de azúcar;;Amalla;g.;1871_03_16;Gauusa
;;N/A: ;Barrera;p.;;De Cárdenas berg. g. Amistad, p. Barrera, con 830 cajan doazúcar;;Amistad;berg.;1871_03_16;Cárdenas
;;N/A:  | N/A: ;Herrera;p.;;De idem g. Mercedita, p. Herrera, con 500 cajas azúcar y 180 idem fideos;;Mercedita;g.;1871_03_16;idem
;;N/A:  | N/A: ;Martio;p.;;De idem g. Maria Josefa, p. Martio, con 400 cajas y 90 bocores azúcar;;Maria Josefa;g.;1871_03_16;idem
;;N/A:  | N/A: ;Naranjo;p.;;De idem g. Rayo, p. Naranjo, con 530 cajas de azúcar y 10 idem longanizas;;Rayo;g.;1871_03_16;idem
;;N/A: ;Dardet;p;;De flem g. Korita, p Dardet, con 520 cajas de azúcar;;Korita;g.;1871_03_16;flem
;;N/A:  | N/A: ;Zaragoza;p.;;De Camarioca g. Iberia, p. Zaragoza, 'oon 300 caballos. de les y 20081cos carbon;;Iberia;g.;1871_03_16;Camarioca
;;N/A:  | N/A:  | N/A:  | N/A:  | N/A:  | N/A:  | N/A:  | N/A:  | N/A: ;Llanes;cap.;;De Santiago de Cuba berg. Rápido, cap. Llanes, con 143 sacos cacao, 50 cajas jabon, $3 ascos café, 600 gair fones y 33 ouartos pipas aguarillente, 200 garrafanes y 40 barrilites almendra, 100 cañotes aceitunas y 13 bultos efectos;;Rápido;berg.;1871_03_16;Santiago de Cuba
;;N/A:  | N/A:  | N/A:  | N/A: ;Cual;cap.;;De San Cayetano, lo Blanco y Bahia Honda vapor Babis Henda, cap Cual, con 681 cajas asdcar, 12 sacos do carbon, 1 cajon gallinas y 1 canasto legambres;;Babis Henda;vapor;1871_03_16;San Cayetano
;;N/A: ;Cobas;p.;;De Banes g. Carmita, p. Cobas, con 46 bocores do ardcar;;Carmita;g.;1871_03_16;Banes
;;N/A:  | N/A: ;Daran;p.;;De Baracoa g, Doloritas, p. Daran, con 151 cajas y 36 bocoyes andcar;;Doloritas;g;1871_03_16;Baracoa
;;N/A: ;Hernandes;p.;;De Caros de Barlovento vivero Regla, p. Hernandes, con 500 pescados viros;;Regla;vivero;1871_03_16;Caros de Barlovento
;;N/A: ;Cobas;p.;;De Matanzas gol Emilio. p. Cobas: 900 cajas azúcar.;;Emilio;gol.;1871_03_17;Matanzas
;;N/A: ;Masip;p.;;De Santa Cruz gol Mfaria del Rosario, p. Masip: 300 cajas azúcar;;Mfaria del Rosario;gol.;1871_03_17;Santa Cruz
;;N/A:  | N/A: ;Rodriguez;p.;;De Cabañas gol Cefiro, p. Rodriguez: 200 c. y 32 bocoyes azúcar;;Cefiro;gol.;1871_03_17;Cabañas
;;N/A:  | N/A: ;Padilla;p.;;De Banes gol Concha, p. Padilla: 200 c. y 30 bocoyes azúcar;;Concha;gol.;1871_03_17;Banes
;;N/A: ;Veiga;p.;;De Cayos do Barlovento viv. Angelita, p. Veiga: 300 pescados vivos;;Angelita;viv.;1871_03_17;Cayos do Barlovento
Día null:;;N/A: ;Bosch;p.;;De Cárdenas gol. Jaanita, p. Bosch: 600 cajas de azúcar.;;Jaanita;gol.;1871_03_17;Cárdenas
;;N/A: ;Perelló;p.;;De Cárdenas gol. Tres Marias, p. Perelló: 550 cajas azúcar;;Tres Marias;gol.;1871_03_17;Cárdenas
;;N/A:  | N/A: ;Lopez;p.;;De Cabañas gol. Caballo Marino, p. Lopez: 360 c. azúcar y 16 pipas aguardiente;;Caballo Marino;gol.;1871_03_17;Cabañas
;;N/A: ;Feliú;pat.;;"Dol Mariel gol. Vicenta, pat. Feliú; 240 cajas azúcar.";;Vicenta;gol.;1871_03_17;Mariel
;;N/A:  | N/A:  | N/A:  | N/A: ;Jofre;cap.;;"De Cárdenas vapor Comanditario, cap. Jofre; 1400 cajas azúcar, 5 tercios cueros curtidos, 4 c. cigarros y 1 cailta ropa usada.";;Comanditario;vapor;1871_03_17;Cárdenas
;;N/A:  | N/A: ;Rodriguez;pat.;;De la Teja gol. Dos Amigos, pat. Rodriguez, 340 cajas azúcar, 4 cuarterolas miel de purga.;;Dos Amigos;gol.;1871_03_18;la Teja
;;N/A: ;Juan;pat.;;De Cárdenas gol. Generala, patron Juan, 400 cajas azúcar.;;Generala;gol.;1871_03_18;Cárdenas
;;N/A: ;Roselló;pat.;;De Cárdenas gol. Jóven Gertrudis, pat. Roselló, 501 c. azúcar.;;Jóven Gertrudis;gol.;1871_03_18;Cárdenas
;;N/A: ;Belfat;patron;;De Matanzas golota Amalla, patron Belfat, 760 cajas azúcar.;;Amalla;golota;1871_03_18;Matanzas
;;N/A: ;Febrer;patrón;;De Mantua goleta Neptuno, patron Febrer, 800 sacos carbon.;;Neptuno;goleta;1871_03_18;Mantua
;;N/A: ;Gorrion;pat.;;De Bahia Honda gol. Carmita, pat. Gorrion, 400 cajas azúcar.;;Carmita;gol.;1871_03_18;Bahia Honda
;;N/A: ;Deulofen;p.;;De Cabañas gol. Nuestra Sra. del Carmen, p. Deulofen 340 c. anticar, 10 pp. aguardiente.;;Nuestra Sra. del Carmen;gol.;1871_03_18;Cabañas
;;N/A: ;Inclan;pat.;;De Cabañas g. Josefa, pat. Inclan, 470 c. 18 bocoses azúcar.;;Josefa;g.;1871_03_18;Cabañas
;;N/A: ;Amaya;pat.;;De la Dominica gel. Isabelita, pat. Amaya, 167 cajas;;Isabelita;gel.;1871_03_18;Dominica
;;N/A: ;Sarra;p.;;De Jaimanitas boto San Anselmo, p. Sarra, 7,000 ladrillos.;;San Anselmo;boto;1871_03_18;Jaimanitas
;;N/A: ;Ferrer;pat.;;De Baracoa bote Cecilia Manuela, pat. Ferrer, 36 bocoves, miel concentrada.;;Cecilia Manuela;bote;1871_03_18;Baracoa
;;N/A: ;Dardet;pat.;;De Cárdenas goleta Rosita, patron Dardet, 520 cajas azúcar.;;Rosita;goleta;1871_03_18;Cárdenas
;;N/A:  | N/A: ;Carbonell;p.;;De Matanzas g. Margarita, p. Carbonell, 422 c. azúcar 48 bocs, concentrado.;;Margarita;g.;1871_03_18;Matanzas
Día 01:;;N/A: ;Paula;pat.;;De Cárdenas gol. Anita, pat. Paula: 660 cajas asúca;;Anita;gol.;1871_03_19;Cárdenas
;;N/A:  | N/A:  | N/A: ;Rodriguez;pat.;;De Matanzas gol. Eivira, pat. Rodriguez: 2,000 arrobas tasajo, 500 cajas azúcar y 20 barriles harina,;;Eivira;gol.;1871_03_19;Matanzas
Día 01:;;N/A:  | N/A: ;Lladó;pat.;;De Santa Lucía gol. Leonor, pat. Lladó: 250 cajas azúcar, 30 p.pas aguardiente.;;Leonor;gol.;1871_03_19;Santa Lucía
;;N/A: ;Planell;pat.;;Dal Morrillo gol. Salve Virgen Maria, pat. Planell: 200 quintales cascara manglo,;;Salve Virgen Maria;gol.;1871_03_19;Morrillo
;;N/A: ;Anglada;pat.;;De la Mulata gol Santa Ana, pat. Anglada: 600 sacos carbou.;;Santa Ana;gol.;1871_03_19;Mulata
;;N/A:  | N/A: ;Perora;pat.;;De la Ortigosa gol. Bonifacia, pat. Perora: 260 cajas aznicar y 20 pipas aguardiente.;;Bonifacia;gol.;1871_03_19;Ortigosa
;;N/A: ;Vazquez;pat.;;De Cayos do Barlovento vivero Segunda Polonia, pat, Vazquez: 500 pescados vivos.;;Segunda Polonia;vivero;1871_03_19;Cayos Barlovento
Día XX:;;N/A: ;Alvarez;pat.;;De Sonda de Campeche vivero Habanero, pat. Alvarez: 500 pescados vivos.;;Habanero;vivero;1871_03_19;Sonda de Campeche
;;N/A:  | N/A: ;Viera;pat.;;De Jarnco gol Jaruqueña, pat. Viera: 200 cajas azúcar y 14 pipas aguardiente.;;Jaruqueña;gol;1871_03_19;Jarnco
;;N/A: ;Montero;p.;;De la Teja gol. Habanera, p. Montero, 600 sacos carbon.;;Habanera;gol.;1871_03_21;Teja
;;N/A: ;Visquera;p.;;De Matanzas gol, Dos Hermanas, p. Visquera, 650 ca Jan artcar.;;Dos Hermanas;gol;1871_03_21;Matanzas
;;N/A:  | N/A:  | N/A:  | N/A: ;Torres;p.;;De Mantua gol. Marianita, p. Torres, 500 sacos carbon, 200 caballes leda, 100 onerve, be cajas lana miraguane, 50;;Marianita;gol.;1871_03_21;Mantua
;;N/A:  | N/A: ;Alemany;p.;;De Cárdenas gol. Panchita, p. Alemany, 490 c. azúcar. 4 c. bilo.;;Panchita;gol.;1871_03_22;Cárdenas
;;N/A:  | N/A:  | N/A: ;Lopez;p.;;De Cabañas gul Caballo Marino, p. Lopez, 402 o. azúcar 16 pipan aguai lente.;;Caballo Marino;gul;1871_03_22;Cabañas
;;N/A:  | N/A:  | N/A: ;Rodriguez;p.;;De idem gol Cefiro, p. Rodriguez, 200 c. y 30 bocoyts azocar.;;Cefiro;gol.;1871_03_22;idem
;;N/A:  | N/A:  | N/A: ;Roselló;p.;;De idem gol Esmeralds, p. Roselló, 130 c. y 100 bocoyes azúcar y 30 pipas aguardiente.;;Esmeralds;gol;1871_03_22;idem
;;N/A:  | N/A:  | N/A:  | N/A:  | N/A:  | N/A: ;Vega;cp.;;De Caibarien y 8agua la Grande vapor Nuevo Almendares, cp. Vega, 10 pipas aguardiente. 7 tero rolas miel de abejas, 6 8 rones esponjas, 1 o. efectos, 1 c. maquinaria, 1 bulto ropa naida.;;Nuevo Almendares;vapor;1871_03_22;Caibarien
;;N/A: ;Cau na;p.;;De Jaraco bote Nuestra S flora del Carmen, p. Cau na, 50 bocs. miel de purga.;;Nuestra S flora del Carmen;bote;1871_03_22;Jaraco
;;N/A: ;Pujol;pat.;;De Cárdenas gol. Clio, pat. Pujol, con 6!0 cajas de azúcar.;;Clio;gol.;1871_03_23;Cárdenas
;;N/A:  | N/A: ;Martin;p.;;De Cárdenas gol. María Josefa, p. Martin, con 450 cajas y 50 bocoyes do azúcar,;;María Josefa;gol.;1871_03_23;Cárdenas
;;N/A:  | N/A:  | N/A: ;Badaró;p.;;De Cárdenas g. Viotoria, p. Badaró, con 36 c. azúcar, 6 baules ropa usada y 1 cochosito.;;Viotoria;g.;1871_03_23;Cárdenas
;;N/A:  | N/A: ;Enseñat;p.;;De Cárdenas g. Tres Teresas, p. Enseñat, con 000 cajas azúcar y 100 garrafones anisado.;;Tres Teresas;g.;1871_03_23;Cárdenas
;;N/A: ;Fuentes;p.;;De Matanzas g. Adela, p. Fuentes, con 604 cajas azúcar.;;Adela;g.;1871_03_23;Matanzas
;;N/A:  | N/A:  | N/A:  | N/A:  | N/A:  | N/A:  | N/A: ;Cudillero;p.;;De Matanzas g. Maria, p. Cudillero, con 1,500 arrobas tasajo en serones, 500 cueros al pelo, 400 c. azúcar, 36 torcios tabaco, 34 bocores concentrado, 20 sacos garbanzos y 1 movillario de casa usado.;;Maria;g.;1871_03_23;Matanzas
;;N/A:  | N/A:  | N/A: ;Cobas;p.;;De Jaraco g. Cuatro Hermanas, p. Cobas, con 163 c. &zúcar, 14 pipas aguardiente, 28 cuarterolas vacías.;;Cuatro Hermanas;g.;1871_03_23;Jaraco
;;N/A: ;Mascaró;p.;;De Cárdenas g. Jóven Pllar, p. Mascaró, con 530 c. do azúcar.;;Jóven Pllar;g.;1871_03_23;Cárdenas
;;N/A: ;Cantó;p.;;De Sierra Morona g. Antonica, p. Cantó, con 550 c. de azúcar.;;Antonica;g.;1871_03_23;Sierra Morona
;;N/A: ;Virella;p.;;De Cárdenas g. Genovova, p. Virella, con 510 c. de azúcar.;;Genovova;g.;1871_03_23;Cárdenas
;;N/A: ;Barrera;p.;;De Cárdenas berg. gol. Amistad, p. Barrera, con 830 o. azúcar.;gol.;Amistad;berg.;1871_03_23;Cárdenas
;;N/A: ;Bosch;p.;;De Cárdenas g. Juanita, p. Bosch, con 600 cajas de azúcar.;;Juanita;g.;1871_03_23;Cárdenas
;;N/A: ;Nuñez;p.;;De Cárdenas g. Ntra. Sra. del Cármen, p. Nuñez, con 510 o. nzñoar.;;Ntra. Sra. del Cármen;g.;1871_03_23;Cárdenas
;;N/A: ;Cabrera;p.;;De Sierra Morena g. Marla, p. Cabrera, con 500 o. de aznicar.;;Marla;g.;1871_03_23;Sierra Morena
;;N/A: ;Basilio;p.;;De Cárdonas g. Jóven Cárlota, p. Basilio, con 500 c. de azioar.;;Jóven Cárlota;g.;1871_03_23;Cárdonas
;;N/A: ;Parelló;p.;;De Cárdenas g. Tres Marias, p. Parelló, con 550 c. de azúcar.;;Tres Marias;g.;1871_03_23;Cárdenas
;;N/A:  | N/A:  | N/A:  | N/A:  | N/A: ;Cabrera;p.;;De Sierra Morena g. Seis Mauuelas p. Cabrera, 750 c. y 32 becs. azacar, 39 pp. aguardiente, 4 cajitas efectos, 41 gar. melado.;;Seis Mauuelas;g.;1871_03_24;Sierra Morena
;;N/A: ;Rojas;p.;;De la Teja g. Castilla p. Rojas, 480 cajas azúcar.;;Castilla;g.;1871_03_24;Teja
;;N/A: ;Pavia;p.;;De id. g. General Lamar p. Pavia 380 c. azúcar.;;General Lamar;g.;1871_03_24;id.
;;N/A: ;Cuevas;p.;;De idom gol. Inés p. Cuevas 567 c. azúcar;;Inés;gol.;1871_03_24;idom
;;N/A: ;Martorell;pat.;;De id. g. Trinidad p. Martorell 310 c. azúcar;;Trinidad;p.;1871_03_24;id. g.
;;;Romero-Lastre;p.;;De id. g. Leonila p. Romero-Lastre;;Leonila;g.;1871_03_24;id. g.
;;N/A:  | N/A:  | N/A:  | N/A:  | N/A: ;Colomar;p.;;"De Canasi g. Sabis p. Colomar 100 bocores miel purga. ""De id. g. Lola Marina p: Fierro: 350 c. azúcar, 4 pp. aguardiente, 4 cuarts. miel purga 1 c. cera.";;Sabis;g.;1871_03_24;Canasi
;;N/A:  | N/A: ;Deulofeo;p.;;De id. g. N. S. del Cármen p. Deulofeo 340 c. azúcar 10 pp. aguardiente;;N. S.;p.;1871_03_24;Cármen
;;N/A: ;Durán;p.;;De Baracoa g. Dolorita p. Durán 209 c. y 16 bocs. azúcar.;;Dolorita;g.;1871_03_24;Baracoa
;;N/A: ;Rodriguez;cap.;;De Cárdenas vap. Cárdenas (cap. Rodriguez 1550 o. azúcar:;;Cárdenas;vap.;1871_03_24;Cárdenas
;;N/A: ;Macten;p.;;De id. g. Guacamaya p. Macten 520 o. azúcar;;Guacamaya;g.;1871_03_24;id.
;;N/A:  | N/A: ;Feliú;p.;;De id. g. Vicenta p. Feliú 80 c. azúcar 61 pp.aguardiento;;Vicenta;p.;1871_03_24;id. g.
;;N/A: ;Dinz;p.;;De Ganusa g. Amalia p. Dinz 300 c. azúcar;;Amalia;g.;1871_03_24;Ganusa
;;N/A:  | N/A:  | N/A:  | N/A:  | N/A:  | N/A:  | N/A:  | N/A:  | N/A:  | N/A:  | N/A:  | N/A:  | N/A: ;Llovet;cap.;;De Santiago de Cuba y escalas vap Pájaro del Occéano cap: Llovet, 240 tcs. tabaco, 51 bar. aceite de coco, 75 8. café, 1 fardo suela, 1 o. carne, 4 terca, sobo, 1 c. arros, 1 c. leche condensada, 6 b. almendras, 1 c. dulce, 2 b. meroancias 1c, tabaco.;;Pájaro del Occéano;vap;1871_03_24;Santiago de Cuba
;;N/A: ;O'Broa;p.;;De Nuevitas pail. Etallia, p. O'Broa ns, 4 planos.;;Etallia;pail.;1871_03_28;Nuevitas
;;N/A: ;Amat;p.;;De Sagua la Grande gol. Leonarda, p. Amat, 400 sacos carbon.;;Leonarda;gol.;1871_03_28;Sagua la Grande
;;N/A:  | N/A:  | N/A:  | N/A: ;Lago;p.;;De idem gol. Cuba, p. Lago, 607 tercios majagua blanda, 500 doc. sogas majagua, 103 caba, los leña, 11 gar. miel;;Cuba;gol.;1871_03_28;idem
;;N/A:  | N/A: ;Pelaez;p.;;De Sierra Morena gol. Engraois, p. Pelaez, 200 c. azúcar, 33 boc. miel de purga.;;Engraois;gol.;1871_03_28;Sierra Morena
;;N/A: ;Bosch;p.;;De idem gol. Union, p. Bosch, 770 c. azúcar.;;Union;gol.;1871_03_28;idem
;;N/A: ;Foy;p.;;De Salto gol. Tres Hermanas, p. Foy, 600 sacos carbon.;;Tres Hermanas;gol.;1871_03_28;Salto
;;N/A: ;Torres;p.;;De la Teja gol, Dorotea, p. Torres, 330 c. azúcar.;;Dorotea;gol;1871_03_28;Teja
;;N/A: ;Sardiña;p.;;De idem gol. Candita, p. Sardiña, 800 sacos carbon.;;Candita;gol.;1871_03_28;idem
;;N/A: ;Galy;p.;;De Rio de la Palma gol. Ga lego, p. Galy, 800 sacos carbon.;;Ga lego;gol.;1871_03_28;Rio de la Palma
;;N/A: ;Montel;p.;;De idem gol, Maria, p. Montel, 600 idem id.;;Maria;gol;1871_03_28;idem
;;N/A: ;Pavis;p.;;De Cárdenas gol. General Lamar, p. Pavis, 380 c. azú car.;;General Lamar;gol.;1871_03_28;Cárdenas
;;N/A:  | N/A: ;Juan;p.;;De idem gol. Nuova Rosita, p. Juan, 460 cajas y 35 boc. azúcar.;;Nuova Rosita;gol.;1871_03_28;idem
;;N/A: ;Roselló;p.;;De idem gol. Jóven Gertrúdls, p. Roselló, 490 cajas a– zúcar;;Jóven Gertrúdls;gol.;1871_03_28;idem
;;N/A: ;Nuñez;p.;;De idem gol. Cármen, p. Nuñez, 510 c. azúcar.;;Cármen;gol.;1871_03_28;idem
;;N/A: ;Herrera;p.;;De idem gol. Mercedita, p. Herrera, 520 o, azúcar.;;Mercedita;gol.;1871_03_28;idem
;;N/A: ;Virella;p.;;De idem gol. Genoveva, p. Virella, 510 c. azúcar;;Genoveva;gol.;1871_03_28;idem
;;N/A: ;Barrera;p.;;De idem berg. gol. Amistad, p. Barrera, 850 o. azúcar;;Amistad;berg.;1871_03_28;idem
;;N/A: ;Bosch;p.;;De idem gol. Juanita, p. Bosch, 600 c. azúcar 3 De idem gol. Victorla, p. Badaró, 425 c. y 22 boc. azúcar;;Juanita;gol.;1871_03_28;idem
;;N/A:  | N/A:  | N/A: ;Naranjo;p.;;De idem gol. Rayo, p. Naranjo, 560 c. azúcar, 6 tercios E auela, 6 c. bacalso;;Rayo;gol.;1871_03_28;idem
;;N/A: ;Ensellat;p.;;De idem gol. Tres Teresas, p. Ensellat, 600 o. azúcar;;Tres Teresas;gol.;1871_03_28;idem
;;N/A:  | N/A: ;Carbonell;p.;;De Matanzas gol. Margarita, p. Carbonell, 550 o. azú car, 16 boo. concentrado.;;Margarita;gol.;1871_03_28;Matanzas
;;N/A: ;;p.;;De idem gol. Amalia, p. Belfast,, 760 c. azúcar;;Amalia;gol.;1871_03_28;idem
;;N/A: ;Fierro;p.;;De Canasi gol. Loba Marins, p. Fierro, 102 bec. miel de purga;;Loba;gol.;1871_03_28;Canasi
;;N/A:  | N/A:  | N/A: ;Viera;p.;;De Jaruco gol. Jaruqueñs, p. Viera, 200 c. azúcar, 23 pipas aguardiente, 30 cuart. vacías;;Jaruqueñs;gol.;1871_03_28;Jaruco
;;N/A: ;Osuna;p.;;De idem bote N. S. del Cármen, p. Osuna, 130 c. azúcar;;N. S. del Cármen;bote;1871_03_28;idem
;;N/A: ;Vives;p.;;De Mantua gol. Segunda Rosa, p. Vives, 100 8. carbon;;Segunda Rosa;gol.;1871_03_28;Mantua
;;N/A: ;Montero;p.;;De idem vivero Enriqueta, p. Montero, 500 pescados vivos;;Enriqueta;p.;1871_03_28;idem vivero
;;N/A: ;Escanellas;p.;;De la Mulata gol. Dolores, p. Escanellas, 700 sacos carboa;;Dolores;gol.;1871_03_28;Mulata
;;N/A:  | N/A: ;Vidal;p.;;De Mauniman bal. Hilario, p. Vidal, 185 qs. cáscara mangle, 70 sacos carbon;;Hilario;bal.;1871_03_28;Mauniman
;;N/A:  | N/A: ;Riera;p.;;De Ortigosa gol. Bonifacia, p. Riera, 260 c. azúcar, 8 pipas aguardiente.;;Bonifacia;gol.;1871_03_28;Ortigosa
;;N/A:  | N/A: ;Escandell;p.;;De B. Honda gol. B. Honda, p. Escandell, 448 c. y 14 boc. azúcar, 60 sacos cáscara do mangle;;B. Honda;gol.;1871_03_28;B. Honda
;;N/A:  | N/A: ;Deulofeo;p.;;De Cabañas gol. N. S. del Cármen, p. Deulofeo, 340 c. azúcar, 10 pipas aguardiente;;N. S. del Cármen;gol.;1871_03_28;Cabañas
;;N/A: ;Dominguez;p.;;De idem gol. Amable Rosita, p. Dominguez, 700 sacos carbon;;Amable Rosita;gol.;1871_03_28;idem
;;N/A:  | N/A: ;Roselló;p.;;De idem gol. Esmeralda, p. Roselló, 560 c. azúcar, 20 pipas aguardiento;;Esmeralda;gol.;1871_03_28;idem
;;N/A:  | N/A: ;Lopez;p.;;De idem gol. Caballo Marino, p. Lopez, 400 c. azúcar, 16 pipas aguardiente;;Caballo Marino;gol.;1871_03_28;idem
;;N/A:  | N/A: ;Inclan;p.;;De idem gol. Josefa, p. Inclan, 500 c. y 10 boc. azúcar;;Josefa;gol.;1871_03_28;idem
;;N/A: ;Lopez;p.;;De idem gol. Quintina, p. Lopez, 226 c. azúcar.;;Quintina;gol.;1871_03_28;idem
;;N/A:  | N/A: ;Arocha;p.;;De idem gol. Manuela, p. Arocha, 200 c. azúcar, 18 pipas aguardiente;;Manuela;gol.;1871_03_28;idem
;;N/A: ;Amaya;p.;;De Dominica gol. Isabelita, p. Amaya, 188 c. azúcar;;Isabelita;gol.;1871_03_28;Dominica
;;N/A: ;Ferre;p.;;De Baracoa bote Cecilia Manuola, p. Ferre, 36 bocs. miel concentrada;;Cecilia Manuola;bote;1871_03_28;Baracoa
;;N/A: ;Vilar;p.;;De Cayos de Sotavento vivero Dos Marias, p. Vilar, 500 pescados vivos;;Dos Marias;vivero;1871_03_28;Cayos de Sotavento
;;N/A: ;Betancourt;p.;;De Sonda de Campeche vivero Julia, p. Betancourt, 500 pescados vivos;;Julia;vivero;1871_03_28;Sonda de Campeche
;;N/A: ;Gonzalez;p.;;De idem gol. Altagracia, p. Gonzalez, 102 boc. miel de purga;;Altagracia;gol.;1871_03_28;idem
;;N/A:  | N/A: ;Jofro;op.;;De Cárdenas vapor Comanditario, op. Jofro, 1430 c. azúcar, 2 tercios cueros;;Comanditario;vapor;1871_03_28;Cárdenas
;;N/A: ;Hernandez;p.;;De idem gol. Antonis, p. Hernandez, 370 o, azúcar;;Antonis;gol.;1871_03_28;idem
;;N/A: ;Martio;p.;;De idom gol. Maria Josefa, p. Martio, 700 o. azúcar;;Maria Josefa;gol.;1871_03_28;idom
;;N/A:  | N/A:  | N/A:  | N/A: ;Cusi;op.;;De San Cayetano, Rio Blanco y Bahia Honda vapor B. Honda, op. Cusi, 877 c. azúcar, 12 sacos carbon, 10 fusiles 1 caja municiones.;;B. Honda;vapor;1871_03_28;San Cayetano
;;N/A:  | N/A:  | N/A:  | N/A:  | N/A:  | N/A:  | N/A:  | N/A:  | N/A:  | N/A:  | N/A: ;Mas;cap.;;De Santiago de Caba y escalas vap. Clara, cap. Mas: 250 sacos maiz, 146 bultos frutas, 231 sacos café, 45 tercloa cera blanca, 10 los suola, 1 caja flores, 1 caja muestas, 16 sacos cacao, 1 barril plátanos, 5 cajas longanizas, ( 1 cajs dulce.;;Clara;vap.;1871_03_28;Santiago de Caba y escalas
Día 01:;;N/A:  | N/A:  | N/A:  | N/A:  | N/A:  | N/A:  | N/A: ;Vega;cap.;;De Caibarien y S. la Grande vap. Naevo Almendares, cap. Vega: 15 pipas y 2 ga rafones aguardiente, 9 pipas P coñao, 3 caballos, 1 mulo, 2 cajas azúcar, 1 caja ropa, 2 serones esponjas.;;Naevo Almendares;vap.;1871_03_28;Caibarien y S. la Grande
Día :;;;Carbonell;pat.;;De Casos de Sotavento vivero Ligero, pat. Carbonell:;;Ligero;vivero;1871_03_28;Casos de Sotavento
;;N/A: ;Masip;pat.;;De Santa Cruz gol. Maria Roiario, pat. Masip: 300 ca- da jas azúcar.;;Maria Roiario;gol.;1871_03_28;Santa Cruz
;;N/A: ;0.big;p.;;De la Teja gol. Ceferina, p. 0.big, 000 sancos de carbot.;;Ceferina;gol.;1871_03_29;la Teja
;;N/A: ;Colomar;p.;;De Canasi goleta Sabás, p. Colomar, 08 bocoyes miel concentrada.;;Sabás;goleta;1871_03_29;Canasi
;;N/A:  | N/A: ;Calvet;p.;;De Bajas gol. Matilde, p. Calvet, 200 sacos carben y 10 caballos lefia.;;Matilde;gol.;1871_03_29;Bajas
;;N/A: ;Selles;p.;;De Caibarien gol. Niña, p. Selles, 132 roses.;;Niña;gol.;1871_03_29;Caibarien
;;N/A: ;Dardet;p.;;"Do C rdenas gol. Rosita, p. Dardet; con 520 cajas azúcar.";;Rosita;gol.;1871_03_30;C rdenas
;;N/A: ;Basilio;p.;;"De Cárdenas gol. Jóven Carlota, p. Basilio; con 500 c. azúcar.";;Jóven Carlota;gol.;1871_03_30;Cárdenas
;;N/A:  | N/A:  | N/A:  | N/A:  | N/A:  | N/A:  | N/A: ;Rodriguez;p.;;"De Matanzas gol. Elvira, p. Rodriguez; con 1000 arrbs. tas jo, 310 c. azúcar. C0 boc. concentrado, 60 bar. harina, 50 ARCOз tapes, 20 pipas aguardiente, 2 c. tabaco braya";;Elvira;gol.;1871_03_30;Matanzas
;;N/A: ;Cepyora;p.;;"De Cabañas gol. Maria, p. Cepyora; con 652 cajas z car.";;Maria;gol.;1871_03_30;Cabañas
;;N/A: ;Villalonga;p.;;"De Salto gol. Teresita, p. Villalonga; con 600 sacos carbon.";;Teresita;gol.;1871_03_30;Salto
;;N/A: ;Amaya;p.;;De Dom'nica gol. Isabelita, p. Amaya, con 188 c. azú car.;;Isabelita;gol.;1871_03_30;Dom'nica
;;N/A:  | N/A: ;Badaró;p.;;De Cardeaas gol. Victoria, p. Badaró: con 430 c. y 36 boc, azúcar.;;Victoria;gol.;1871_03_30;Cardeaas
;;N/A: ;Virella;p.;;Do Cárdenas gol. Genoveva, p. Virella: con 510 c. azú car.;;Genoveva;gol.;1871_03_30;Cárdenas
;;N/A: ;Martic;p.;;"Do Cardenas gol. Guacamaya, p. Martic; con 30 clas azúcar.";;Guacamaya;gol.;1871_03_30;Cardenas
;;N/A:  | N/A:  | N/A: ;Cobas;p.;;"De Jaraco gol. Cuatro Hermanas, p. Cobas; con 165 c. azúcar, 10 pipas aguardient y 30 cuart. vacias.";;Cuatro Hermanas;gol.;1871_03_30;Jaraco
;;N/A:  | N/A: ;Contó;p.;;"Do Sierra Morena gol. Antonica, p. Contó; con 490 c. azúcar y 20 boc, miel de purga.";;Antonica;gol.;1871_03_30;Sierra Morena
;;N/A:  | N/A:  | N/A:  | N/A:  | N/A: ;Eastñat;p.;;De Sagua la Grande g. Gorrrlon, p. Eastñat, 3:0 tendidos soga majagua. 160 terolos majagua, Garabos, 40 palos labrados y 17 estacas.;;Gorrrlon;g.;1871_03_31;Sagua la Grande
;;N/A:  | N/A: ;Cabres;p.;;De idem g. Matin, p. Cabres, 500 cajas ezúcar y lea jeito huevos.;;Matin;g.;1871_03_31;idem
;;N/A: ;Lopez;p.;;De idem g. Amalia, p. Lopez, 700 e. azúcar.;;Amalia;g.;1871_03_31;idem
;;N/A: ;Rojas;p.;;De Teja g. Castilla, p. Rojas, 490 c. azúcar.;;Castilla;g.;1871_03_31;Teja
;;N/A: ;Pojol;p.;;De Hea g. Margarita, p. Pojol, 600 sacos carbon.;;Margarita;g.;1871_03_31;Hea
;;N/A:  | N/A:  | N/A:  | N/A:  | N/A:  | N/A:  | N/A: ;Pojol;p.;;De CarJonas R. Clio, p. Pojol, 280 c. azúcar, 69 c. jabou. 14 barriles fijoles, 3 seronaa ajos, 5 cuartos piga vino piano usado, 1c concernionto al piano.;;Clio;p.;1871_03_31;CarJonas
;;N/A: ;Easeña;p.;;De idem g. Tres Teresis, p. Easeña, 600 c. azúcar..;;Tres Teresis;g.;1871_03_31;idem
;;N/A: ;Herrera;p.;;De idem g. Mercedita, p. Herrera, 500 o. szúrar.;;Mercedita;g.;1871_03_31;idem
;;N/A: ;Durar;p.;;De Jarucn bote Nuestra Señora del Carmen, p. Durar, 140 n. azcar.;;Nuestra Señora del Carmen;bote;1871_03_31;Jarucn
;;N/A: ;Macip;p.;;De Santa Cruz g. Ma:ia del Rosario, p. Macip, 300 cajas azúcar.;;Ma:ia del Rosario;g.;1871_03_31;Santa Cruz
;;N/A:  | N/A:  | N/A: ;Rodriguez;p.;;De idem g. Cófiro, p. Rodriguez, 150 cajas y 41 bocoyes azúcar, 20 pipas aguardiente.;;Cófiro;g.;1871_03_31;idem
;;N/A:  | N/A: ;Arocho;p.;;De Mariel g. Manuele, p. Arocho, 320 cajas azúcar, 10 Tipas aguaadiente.;;Manuele;g.;1871_03_31;Mariel
;;N/A: ;Folin;p.;;De idem g Vicenta p. Folin, 240 cajas azúcar.;;Vicenta;g;1871_03_31;idem
;;N/A: ;Angelita;p.;;De Cayos do Barlovoate viv. Angelita, p. Volga, 500 pescados vives.;;Barlovoate;do;1871_03_31;Cayos
;;N/A:  | N/A:  | N/A:  | N/A:  | N/A:  | N/A:  | N/A:  | N/A:  | N/A:  | N/A:  | N/A:  | N/A:  | N/A:  | N/A:  | N/A:  | N/A: ;Marsal;cap.;;De Cienfuegos borg. Engracia, cap. Marsal, 800 cajas jahon, 300 cajas pasas, 50 barriles sobo, 5) galones anisado doble, 40 barelles almendras, 93 cajas frutas, 230 es. teras, 50s cueros al pso, 4 barrilos coñac, 10 cajas tocineta, 1 caja tabaco y 20 fardes, 12 tercerolas, 11 pipas, 4 marquetas, 1 barrily 1 caja cera amarilla.;;Engracia;borg.;1871_03_31;Cienfuegos
;;N/A: ;Rio;p.;;De Teja g. Manuela de Sagua, p. Rio, 800 sacos carbon,;;Manuela de Sagua;g.;1871_03_31;Teja
;;N/A:  | N/A:  | N/A:  | N/A:  | N/A:  | N/A:  | N/A:  | N/A:  | N/A:  | N/A: ;Jofré;cap.;;De idom vap. Comanditario, cap. Jofré, 101 ci nzicar, 1 caballo, 1 coche, 7 lios con 100 oueros, 3 cajas cigarros, 1t-rcio suola, 1 caja camisas, 1 baul ropa usado, i sombrerora.;;Comanditario;vap.;1871_03_31;idom
;;N/A:  | N/A:  | N/A: ;Gonzalez;p.;;De S Morena g. Sifla, p. Gonzalez, 500 c. azúcar, 9 garis. melado y i c. aves.;;Sifla;g.;1871_03_31;S Morena
;;N/A:  | N/A: ;García;pat.;;Do Sierra Morena gol. Ceferina, pat. García, 650 c. y o bocopes azúcar y tocoyes miel concentrada.;;Ceferina;gol.;1871_04_01;Sierra Morena
;;N/A: ;Vargnez;pat.;;De Cardenas gol. Joaquina, pat. Vargnez, 600 c. azúcar;;Joaquina;gol.;1871_04_01;Cardenas
;;N/A:  | N/A:  | N/A:  | N/A: ;Cudillero;pat.;;De Matanzas gol. Maria, pat. Cudillero, 2,500 arrogas tnaujo, 400 o. y 14 bocoyes azúcar y 16 garrafones anisale.;;Maria;gol.;1871_04_01;Matanzas
;;N/A: ;Febrer;pat.;;De Mántun gol. Neptune, pat. Febrer, 800 sacos carbon.;;Neptune;gol.;1871_04_01;Mántun
;;N/A: ;Amaya;pat.;;De la Dominica gol. Isabelita, pat. Amaya, les c. azú car.;;Isabelita;gol.;1871_04_01;Dominica
;;N/A: ;Vilasuso;pat.;;"De Cabana gol. Couchita, pat. Vilasuso; 400 c. azúcar.";;Couchita;gol.;1871_04_01;Cabana
;;N/A: ;Fierro;cap.;;De Canasi gol. Lola Marina, cap. Fierro, 450 e. azú car,;;Lola Marina;gol.;1871_04_01;Canasi
;;N/A: ;Mas;cap.;;De Cárdenas vapor Clara, capitau Mas, 2,00) c. azú car.;;Clara;vapor;1871_04_01;Cárdenas
;;N/A: ;Bosch;p.;;De Cárdenas gol. Juanita, p. Bosch: 600 cajas de azúcar.;;Juanita;gol.;1871_04_01;Cárdenas
;;N/A: ;Juan;pa.;;De Cárdenas gol. Nuora Rosita, pa. Juan, 600 c. azúсаг.;;Nuora Rosita;gol.;1871_04_01;Cárdenas
;;N/A: ;Barrera;pat.;;Do Cardonas berg. Amistad, pat. Barrera, 656 c. car.;;Amistad;berg.;1871_04_01;Cardonas
;;N/A:  | N/A:  | N/A:  | N/A: ;Perelló;p.;;"De Cárdenas gol. Tres Martas, p. Perelló; 540 cajas a zúcar, bultos efectes. 1 escritorio 5 1 o. hierro.";;Tres Martas;gol.;1871_04_01;Cárdenas
;;N/A: ;Cusf;cap.;;De San Cayetano y Babia Honda vapor Balia Honda, cap. Cusf, 550 c. azúcar.;;Balia Honda;vapor;1871_04_01;San Cayetano y Babia Honda
;;N/A:  | N/A: ;Doulofco;pat.;;De Cabañas gol. N. Sra. del Carmen, pat. Doulofco, 340 c. azúcar y 10 pinas agdta.;;N. Sra. del Carmen;gol.;1871_04_01;Cabañas
;;N/A: ;Sosá;pat.;;De Jainanitos botë San Anselmo, pat. Sosá, 8000 ladrille.;;San Anselmo;botë;1871_04_01;Jainanitos
;;N/A: ;Coyula;p.;;De la Teja g. Dos Sofias, p. Coyula. 200 atravesaños.;;Dos Sofias;g.;1871_04_02;Teja
;;N/A: ;Martin;p.;;"De Cárdenas g. Maria Josefa, p. Martin; 700 c. az 1C&T.";;Maria Josefa;g.;1871_04_02;Cárdenas
;;N/A:  | N/A: ;Perera;p.;;De Ortigosa g. Bonifacia, p. Perera, 261 c. azúcar, 8 pipas aguardiente.;;Bonifacia;g.;1871_04_02;Ortigosa
;;N/A:  | N/A: ;Inolan;p.;;De Cabañas g. Josefa, .p. Inolan, 504 c. y 10 bocoyes azúcar.;;Josefa;g.;1871_04_02;Cabañas
;;N/A: ;Duran;p.;;De idem balandro I'ernafidita, p. Duran, 7000 ladrillos del pais.;;I'ernafidita;balandro;1871_04_02;idem
;;N/A: ;Duran;p.;;De Baracoa g. Doloritas, p. Duran, isi c. y 21 bocoros azúcar.;;Doloritas;g.;1871_04_02;Baracoa
;;N/A:  | N/A: ;Pacs;p.;;De Hinojal g Justica, p. Pacs, 56 boca. mascabado, 8 pipas aguardiente.;;Justica;g;1871_04_02;Hinojal
;;N/A: ;Jofre;cp.;;De Cárdenas vapor Comanditario, cp. Jofre, 140 c, azúcar.;;Comanditario;vapor;1871_04_02;Cárdenas
;;N/A: ;Virella;p.;;De idem g. Genoveva, p. Virella, 510 c. azúcar.;;Genoveva;g.;1871_04_02;idem
;;N/A: ;;;;De los casos de Sotavento vivero Maipó, p. Marlin, 500 pescados vivos.;;Marlin;p.;1871_04_02;Sotavento
;;N/A: ;Segui;p.;;De Mantua pailebot Fenix p. Segui, 800 ɛacos carbon,;;Fenix;pailebot;1871_04_04;Mantua
;;N/A:  | N/A: ;Corvera;p.;;De Cabañas g. Maria p. Corvera. 300 c. azúcar, 130 pp. Aguardiento;;Maria;g.;1871_04_04;Cabañas
;;N/A: ;;p;;De Cárdenas g. General Lamar, p, Paria 380 cajas azúcar.;;General Lamar;g.;1871_04_04;Cárdenas
;;N/A:  | N/A: ;López;p.;;"De Cabañas gol. Caballo Marino, p. López; 300 c. azú cary 1 pipas agdte.";;Caballo Marino;gol.;1871_04_05;Cabañas
;;N/A:  | N/A:  | N/A:  | N/A: ;Rodriguez;p.;;"De Cabañas gol. Cefiro, p. Rodriguez; 242 c. y 30 boco. yes azúcar y 16 pipas agdte.";;Cefiro;gol.;1871_04_05;Cabañas
;;N/A:  | N/A: ;Vazquez;p.;;"De Cárdenas gol Joaquina, p. Vazquez; 530 c. y 42 bocoyes azúcar";;Joaquina;gol.;1871_04_05;Cárdenas
;;N/A:  | N/A: ;Ensofiat;p.;;De Cárdenas g. Tres Toresas, p. Ensofiat, 600 c. azúcar y 10 qq. cobre viejo;;Tres Toresas;g.;1871_04_05;Cárdenas
;;N/A: ;Bosch;p.;;De Cárdenas gol. Juanita, p. Bosch: 600 o. azúcar.;;Juanita;gol.;1871_04_05;Cárdenas
;;N/A: ;Jofre;cap.;;"De Cárdenas vap. Comanditario, cap. Jofre; 1450 c. azúcar";;Comanditario;vap.;1871_04_05;Cárdenas
;;N/A:  | N/A:  | N/A:  | N/A:  | N/A:  | N/A:  | N/A:  | N/A: ;Rodriguez;cap.;;"De Cárdenas vap, Cárdenas, cap. Rodriguez; 1500 cajas azúcar, 6 torcios cuetos, 4 pipas vino, 1 tarolo suela, 2 bultos barras de hierro, 2 cajas oigarros, 1 caja tabaco y 1 caja herramientas";;Cárdenas;vap;1871_04_05;Cárdenas
;;N/A:  | N/A:  | N/A:  | N/A:  | N/A: ;Marin;p.;;De Caibarien g. Agulla de Oro, p. Marin, con 363 caeros al pelo, 140 caballos de ioña, 121 reses, 80 arrobas de cera y caja efectos.;;Agulla de Oro;g.;1871_04_06;Caibarien
;;N/A:  | N/A:  | N/A: ;Santo Domingo;p.;;De Sierra Morena g. Brillante, p. Santo Domingo, con 400 cajas de azúcar, 20 bocores miel concentrada y'10 pipas aguardiente.;;Brillante;g.;1871_04_06;Sierra Morena
;;N/A: ;Bosch;p.;;De idem g. Union, p. Bosch, con 770 cajas de azúcar;;Union;g.;1871_04_06;idem
;;N/A: ;Belfast;p.;;De Mata zis g. Amalis, p. Belfast, con 760 cajas de azúcar;;Amalis;zis;1871_04_06;Mata
;;N/A:  | N/A: ;Carbonell;p.;;De idom g Margarita, p. Carbonell, con 501 cajas y 24 bocopes azúcar.;;Margarita;p.;1871_04_06;idom
;;N/A: ;Barrera;p.;;De Cirdeuns berg. g. Amistad, p. Barrera, con 830 cajas do szúcar;g.;Amistad;berg.;1871_04_06;Cirdeuns
;;N/A:  | N/A:  | N/A: ;Martin;p.;;De ideung. Maria Josefa, p. Martin, con 430 cajas y 90 bocoy: 8 azúc r;;Maria Josefa;;1871_04_06;ideung
;;N/A: ;Nuñez;p.;;De idem Nuestra Señora del Carmen, p. Nuñez, con 510 cajas de azúcar.;;Nuestra Señora del Carmen;p.;1871_04_06;idem
;;N/A: ;Felin;p.;;De idem g Vicenta, p. Felin, con 246 cajas azúcar;;Vicenta;g;1871_04_06;idem
;;N/A: ;Cabrel;p.;;De Sierra Morona g. Maria, p. Cabrel, con 500 cajas de Azúcar.;;Maria;g.;1871_04_06;Sierra Morona
;;N/A: ;Dardet;p.;;De Cárdenas g. Rosita, p. Dardet, con 520 cajas azúcar.;;Rosita;g.;1871_04_06;Cárdenas
;;N/A: ;Roselló;p.;;De idem g. Jóvon Gertrudis, p. Roselló, con 49' cajas de azúcar.;;Jóvon Gertrudis;g.;1871_04_06;idem
;;N/A:  | N/A:  | N/A: ;Cuebas;p.;;De idem g. Inés, p. Cuebas, con 300 cajas azúcar, 69 serones ta-8]y 2lios vaquetss.;;Inés;g.;1871_04_06;idem
;;N/A: ;Perelló;p.;;De idem g Tres Mariss, p. Perelló, con 550 cajas aznoar..;;Tres Mariss;g;1871_04_06;idem
;;N/A:  | N/A: ;Maoip;p.;;De Santa Craz g. Maria del Rosario, p. Maoip, con 100 cajas de azúcar y 10 bo oyes miel de purga.;;Maria del Rosario;g.;1871_04_06;Santa Craz
;;N/A: ;Amaya;p.;;De la Uominica g Isabelita. p. Amaya, con 183 cajas azúcar.;Am;Isabelita;p.;1871_04_06;Uominica
;;N/A: ;Portela;p.;;De Paerto del Padro g. Angelita, p. Portela, 84 bocoyea azúcar.;;Angelita;g.;1871_04_09;Paerto del Padro
;;N/A: ;Paz;p.;;De idem g. Expreso de Gibara, p. Paz, 154 bocores miel de purga.;;Expreso de Gibara;g.;1871_04_09;idem
;;N/A:  | N/A:  | N/A:  | N/A:  | N/A:  | N/A:  | N/A:  | N/A: ;Morales;p.;;De Caibarien g. Cuatro Hijos, p. Morales, 1200 galones miel de abejas, 000 ar. cáscara de mangle, 350 paquetes tablilla, 160 caoros, 65 ar. cera, 50 caballos leña, 30 r0309 vacunas, 3 caballos.;;Cuatro Hijos;g.;1871_04_09;Caibarien
;;N/A:  | N/A:  | N/A:  | N/A:  | N/A:  | N/A:  | N/A:  | N/A:  | N/A:  | N/A:  | N/A:  | N/A: ;Prats;p.;;"De id-m g. Providencia, p. Prats, 366 cueros al polo, 270 docenas esponja; 258 sacos cáscara de mangle, 200 tendidos majagua, 52 serones plátanos, 29 tirantesjúca ro, 23 bocoyes tasajo, 7 tercerolas miel de abejas. 4 sacos y 1 pipa cera, 4 tercerolas miel de abejas y 4 cajas efectoa.";;Providencia;g.;1871_04_09;id-m
;;N/A: ;Leal;p.;;De Sierra Morena g. América, p. Leal, 330 cajas azú car.;;América;g.;1871_04_09;Sierra Morena
;;N/A: ;Pelaez;p.;;De idem g. Eugenia, p. Pelaez, 310 c. azúcar.;;Eugenia;g.;1871_04_09;idem
;;N/A: ;Alemany;p.;;De idem g. Enriqueta, p. Alemany, 600 sacos carbon.;;Enriqueta;g.;1871_04_09;idem
;;N/A:  | N/A:  | N/A: ;Garcia;p.;;De idem g. Ceferina. p. Garcia, 550 c. azúcar, 52 bocoyes miel concentrada, garrafones melado.;;Ceferina;g.;1871_04_09;idem
;;N/A: ;Torres;p.;;De la Teja g. Dorotea, p. Torres, 330 c. azúcar.;;Dorotea;g.;1871_04_09;Teja
;;N/A: ;Ferrer;p.;;De idem g. Sofia, p. Ferrer, 800 sacos carbon.;;Sofia;g.;1871_04_09;idem
;;N/A: ;Torres;p.;;De idem g. Isabelita, p. Torres. 600 Bacos carbon.;;Isabelita;g.;1871_04_09;idem
;;N/A:  | N/A: ;Hernandez;p.;;De idem g. Antonia. p. Hernandez, 350 c. azúcar, 6 80rones tasajo.;;Antonia;g.;1871_04_09;idem
;;N/A:  | N/A: ;Virolla;p.;;De idem g. Genoveva, p. Virolla, 500 c. azúcar, 6 pipas aguardiente.;;Genoveva;g.;1871_04_09;idem
;;N/A: ;Martin;p.;;De idem g. Guacamnya, p. Martin, 530 c. azúcar.;;Guacamnya;g.;1871_04_09;idem
;;N/A:  | N/A: ;Basilio;pat.;;Do idem gol. Jóvon Carlota, pat. Basilio, 500 o. azúcar y 1 c. cobre viejo.;;Jóvon Carlota;gol.;1871_04_09;idem
;;N/A: ;Naranjo;pat.;;De idem gol. Rao, pat. Naranjo, 590 c. azúcar.;;Rao;gol.;1871_04_09;idem
;;N/A: ;Visquerra;pat.;;De Matauzas gol. Dos Hermanas, pat. Visquerra, 650 c. azúcar.;;Dos Hermanas;gol.;1871_04_09;Matauzas
;;N/A:  | N/A:  | N/A:  | N/A:  | N/A:  | N/A: ;Rodriguez;pat.;;De idem gol. Elvira, pat. Rodriguez, 500 c. azúcar, 22 bocores mlet concentrada, 20 pipas aguardiente, 50 c.pasar. 2 tercs. jamones y c. sardinas.;;Elvira;gol.;1871_04_09;idem
;;N/A: ;Fierro;pat.;;Do Canasi gol. Lola Marina, pat. Fierro, 100 bocs. miel concentrada,;;Lola Marina;gol.;1871_04_09;Canasi
;;N/A:  | N/A:  | N/A: ;Cobas;pat.;;De Jaruco gol. Cuatro Hermanas, pat. Cobas, 103, c. azúcar, 14 pipas aguardiente y 30 cuarts. vacías.;;Cuatro Hermanas;gol.;1871_04_09;Jaruco
;;N/A:  | N/A:  | N/A: ;Viera;pat.;;De idom gol. Jaraqueña, pat. Viera, 189 c. azúcar, 30 pipas agdte. 26 onarts. vacías.;;Jaraqueña;gol.;1871_04_09;idom
;;N/A:  | N/A:  | N/A: ;Escandoll;pat.;;De Balita Ilonda gol. Bahia Honda, pat. Escandoll, 270 c. y 32 bocores azúcar, 100 caballos leña y 100 sacos carbon.;;Ilonda;gol.;1871_04_09;Balita
;;N/A:  | N/A: ;Deulofen;pat.;;De Cabañis gol. Ntra. Sra. del Carmen, pat. Deulofen, 310 c. azúcar y 10 pipas aguardiente. Do Cárdenas vap. Cardenas, pat. Rodriguez, 1550 o. azúcar.;;Ntra. Sra. del Carmen;gol.;1871_04_09;Cabañis
;;N/A:  | N/A: ;Saao;pat.;;De Caussi gol. Correo de Cauast, pat. Saao, 250 c. azúcar y 10 pipas agdte.;;Correo de Cauast;gol.;1871_04_09;Caussi
;;N/A:  | N/A: ;Inclan;pat.;;Do Cabañas gol. Josefa, pat. Inclan, 500 c. y 10 bocoyos azúcar.;;Josefa;gol.;1871_04_09;Cabañas
;;N/A:  | N/A: ;Cervera;pat.;;Ds idem gol. Maria, pat. Cervera, 200 c. azúcar y 140 pipas agdte.;;Maria;gol.;1871_04_09;
;;N/A: ;Arochia;pat.;;Del Mariel gol. Manuela, pat. Arochia, 320 c. azúсат.;;Manuela;gol.;1871_04_09;Mariel
;;N/A: ;Gonzalez;pat.;;De idem gol. Altagracia, pat. Gonzalez. 310 c. azúcar.;;Altagracia;gol.;1871_04_09;idem
;;N/A:  | N/A: ;Lopez;pat.;;De idem gol. Qaintina, pat. Lopez, 320 c, azñcar y 18 pipas agdte.;;Qaintina;gol.;1871_04_09;idem
;;N/A:  | N/A: ;Padilla;pat.;;De Banes gol. Concha, pat. Padilla, 200 c. y 20 bocoyes azúcar.;;Concha;gol.;1871_04_09;Banes
;;N/A: ;Cobas;pat.;;De idem gol. Ntra. Sra. del Cármen, pat. Cobas, 48 bocoves nascabado.;;Ntra. Sra. del Cármen;gol.;1871_04_09;idem
;;N/A:  | N/A: ;Duran;pat.;;De Baracoa gol. Doloritas, pat. Duran, 200 c. azúcar y 12 pipas agdte.;;Doloritas;gol.;1871_04_09;Baracoa
;;N/A: ;Suao;pat.;;Do Sierra Morena gol. Agustina, pat. Suao, GOD sacos carbon.;;Agustina;gol.;1871_04_09;Sierra Morena
;;N/A: ;Colomar;pat.;;De Canasi gol. Sabas, pat. Colomar, 340 c. azúcar.;;Sabas;gol.;1871_04_09;Canasi
;;N/A:  | N/A:  | N/A:  | N/A:  | N/A: ;Casi;cap.;;De San Cayetano, Rio Blanco y Bahia Honda vapor Bahia Honda, cap. Casi, 367 c. azúcar'12 sacos carbon, 1 caja gallinas, 1 matul carne de puerco y 4 idem hueYes.;;Bahia Honda;vapor;1871_04_09;San Cayetano
;;N/A:  | N/A:  | N/A:  | N/A:  | N/A:  | N/A: ;Jofre;cap.;;De Cárdenas vapor Comanditario, cap. Jofre, 1450 c. azúcar, 180 cueros, 12 tercios cueros, 2 tercios vaqueta, 1 c. efectos de peleteria y 1 c. cigarros.;;Comanditario;vapor;1871_04_09;Cárdenas
;;N/A: ;Manar;p.;;De Nueritas berg. gol. Pirince, p. Manar, 34 qts. cobre viejo.;;Pirince;berg.;1871_04_12;Nueritas
;;;Rivas;p.;;De idem g. Dichoss, p. Rivas, on lastre.;;Dichoss;g.;1871_04_12;idem
;;N/A:  | N/A: ;Cabrera;p.;;De Sierra Morena g. Sels Manuelas, p. Cabrera, 850 c‹ y 18 boooyes azúcar.;;Sels Manuelas;g.;1871_04_12;Sierra Morena
;;N/A: ;Gonzalez;p.;;De idem g. Sofia, . pGonzalez, 500 o. azúcar.;;Sofia;g.;1871_04_12;idem
;;N/A:  | N/A: ;Castro;p.;;"De Carahataag. Victoria; p. Castro, 600 s400s RFbon, -";;Victoria;p.;1871_04_12;Carahataag
;;N/A: ;Torres;p.;;De la Teja g Magdalena, p. Torres, 380 c. azñoar.;;Magdalena;g;1871_04_12;Teja
;;N/A: ;Pavis;p.;;De Cárdenas g. General Lamar, p. Pavis, 380 c. azúcar. • •;;General Lamar;g.;1871_04_12;Cárdenas
;;N/A:  | N/A: ;Juan;p.;;De idem g. Nuera Resita, p. Juan, 525 o. y 25 boceyes azúcar.;;Nuera Resita;g.;1871_04_12;idem
;;N/A: ;Martin;p.;;De idem g.Maria Josofa, p. Martin, 420 o. 90 bocores azúcar.;;Maria Josofa;g.;1871_04_12;idem
;;N/A:  | N/A: ;Badaró;p.;;De idem g. Victoria, p. Badaró, 480 c. y 36 bocoyes azúcar.;;Victoria;g.;1871_04_12;idem
;;N/A: ;Herrera;p.;;De idem K. Mercedita, p. Herrera, 500 c. azúcar.;;Mercedita;p.;1871_04_12;idem
;;N/A: ;Bosch;p.;;De idem g. Juanita, p. Bosch, 600 c. azúcar.;;Juanita;g.;1871_04_12;idem
;;N/A: ;Dardet;p;;De idem g. Rosita, p Dardet, 520 c. azúcar.;;Rosita;g.;1871_04_12;idem
;;N/A: ;Cudi lero;p.;;De Matanzas g. Maria, p. Cudi lero, 611 o. azúcar.;;Maria;g.;1871_04_12;Matanzas
;;N/A: ;Daran;p.;;De Jaruco bote Nuestra Señora del Carmen, p. Daran, 140 c. azúcar..;;Nuestra Señora del Carmen;bote;1871_04_12;Jaruco
;;N/A:  | N/A:  | N/A: ;Lopez;p.;;De Cabañas g. Caballo Marine, p. Lopez, 100 o. y 50 bocoyes azúcar, 18 pipas aguardiente.;;Caballo Marine;g.;1871_04_12;Cabañas
;;N/A:  | N/A: ;Rodriguez;p.;;De idem g. Cefiro, p. Rodriguez, 310 c. azúcar, 16 pigas aguardiente.;;Cefiro;g.;1871_04_12;idem
;;N/A: ;Vilasuso;p.;;De idom g. Conchita, p. Vilasuso, 402 c. azúcar.;;Conchita;g.;1871_04_12;idom
;;N/A: ;Ferrer;p.;;De Baracon boto Cecilia Manuele, p. Ferrer, 36 bocoyes miel concentrada;;Cecilia;boto;1871_04_12;Baracon
;;N/A: ;Fariñas;p.;;De Cárdenas Anita, p. Fariñas, 900 o. azúcar.;;Anita;p.;1871_04_12;Cárdenas
;;N/A: ;Leiro;p.;;De Cays de Sotavento vivero Pronto,p. Leiro, 500 pes cados vivos.;;Pronto;vivero;1871_04_12;Cays de Sotavento
;;N/A:  | N/A:  | N/A:  | N/A:  | N/A:  | N/A:  | N/A:  | N/A:  | N/A:  | N/A:  | N/A:  | N/A:  | N/A:  | N/A:  | N/A:  | N/A:  | N/A: ;Arriaga;cap.;;De Santiago de Caba vap. Cuba cap, Arriaga, 163 oneros, 66 8. cacao, 135 terca. tabaco, 28 bar. limonos. 19 id aceite coco, 22 serones plátanos, 15 racimos id. dátiles 28 bar, guayabas. 7 fardos zuola, 2 bar. rom, 2c. ropa, 1 o. jabon, I c. costureros, 2 barrilitos café, 1 c. quesor, 5 bar. guayabas y limones y 1 un ajoar de casa usada.;;Cuba;vap.;1871_04_12;Santiago de Caba
;;N/A:  | N/A:  | N/A:  | N/A:  | N/A: ;Vega;cap.;;De Caibarlen y Sagua la Grande vap. Nuevo Almenda res cap. Vega 20 pp. aguardiente, 5 serones esponjas, 2 o. dulce, 1 c. quincalleria, 1 caballo;;Nuevo Almenda;vap.;1871_04_12;Caibarlen y Sagua la Grande
;;N/A:  | N/A:  | N/A: ;Jofre;cap.;;De Cárdenas vap. Comanditario cap. Jofre, 1100 c. azú car, 1 tercio vaqueta, 1 o. gallinas;;Comanditario;vap.;1871_04_12;Cárdenas
;;N/A: ;Macip;p.;;De Santa Cruz g. Maria p. Macip, 300 c. azúcar.;;Maria;g.;1871_04_12;Santa Cruz
;;N/A: ;Perera;p.;;De Ortigos g. Bonifacia p, Perera, GO o. azúcar.;;Bonifacia;g.;1871_04_12;Ortigos
;;N/A:  | N/A:  | N/A: ;Alvarez;p.;;De Calbarien g. Pepilla Alvarez p. Buyosa 100 reses, 100 caballos leña.;;Pepilla;g.;1871_04_12;Calbarien
;;N/A: ;Martorell;p.;;Do Cárdenas gol. Trinidad, [p. Martorell, con 310 cajas de azúcar.;;Trinidad;gol.;1871_04_13;Cárdenas
;;N/A: ;Perez;p.;;Del Hinojal gol. Justica, p. Perez, con 26 cajas do azúcar;;Justica;gol.;1871_04_13;Hinojal
;;N/A:  | N/A: ;Aleman;p.;;De idem gol. Panchita, p. Aleman, con 491 cajas de azúcar, y 1 palo para buques.;;Panchita;gol.;1871_04_13;idem
;;N/A:  | N/A: ;Feliú;p.;;Dol Mariol gol. Vicents, p. Feliú, con 200 cajas azúcar y 15 pipas aguardiento;;Vicents;gol.;1871_04_13;Dol
;;N/A: ;Gonzalez;p.;;De idem gol. Altagracia, p. Gonzalez, con 310 cajas de azúcar;;Altagracia;gol.;1871_04_13;idem
;;N/A:  | N/A: ;Planell;p.;;Do idem gol. Salvo Virgen María, p. Planell, con 60 saCoA carbon y 300 caballos de leña;;Salvo Virgen María;gol.;1871_04_13;idem
;;N/A: ;Duran;p.;;De idem balandro Fernandita, p. Duran, con 200 caballos leña;;Fernandita;balandro;1871_04_13;idem
;;N/A: ;Amaya;p.;;De la Dominica gol. Isabelits, p. Amaya, con 188 cajas do azúcar;;Isabelits;gol.;1871_04_13;Dominica
;;N/A:  | N/A: ;Deulofeo;p.;;Do Cabañas gol. Nuestra Señora del Carmen, p. Deulofeo, con 340 cajas de azúcar y 16 pipas aguardiente;;Nuestra Señora del Carmen;gol.;1871_04_13;Cabañas
;;N/A:  | N/A:  | N/A:  | N/A:  | N/A:  | N/A: ;Siclies;cap.;;De Santiago de Cuba y oscalas vapor Pelayo, cap. Siclies, con 100 bocoyes tasajo, 4 cajas calzado, 1 idem tabaco. 1 idem fentas, 1 tercerola sobo y 1 fardo ropa;;Pelayo;vapor;1871_04_13;Santiago de Cuba
;;N/A: ;Lopez;p.;;Del Mariel gol. Qaintina, p. Lopez, con 331 cajas do azúcar.;;Qaintina;gol.;1871_04_13;Mariel
;;N/A:  | N/A:  | N/A: ;Cacho;cap.;;De Santiago de Cuba y escalas vap. Barcalons, cap. Cacho. 1900 plátanos, 19 ravimos idem guineos. 56 tor-;;Barcalons;vap.;1871_04_14;Santiago de Cuba
;;N/A: ;Nuñez;pat.;;azúcar. gol. Ntra. Señora del Carmen, pat. Nuñez, 510 ja De idem  Cajas azúcar.;;Ntra. Señora del Carmen;gol.;1871_04_14;
;;N/A:  | N/A:  | N/A: ;Cust;cap.;;De San Cavo ano y Bahia Honda rap Bahia Honda, cap. Cust, 817 cajas izúcar, 12 ERCOs carbon, 1 caja de tabac.;;Bahia Honda;rap;1871_04_14;San Cavo
;;N/A: ;Rojae;pat.;;De Teja go. Castilla, pat. Rojae, 500 cajas azúcar;;Castilla;go.;1871_04_14;Teja
;;N/A: ;Dobarro;pat.;;De idem go!. Jóven Magdalena, pat. Dobarro, 1500 sacrs carbon.;;Jóven Magdalena;go!;1871_04_14;idem
;;N/A: ;Fernandez;pat.;;"Da Corejal gol. Josefa, pat. Fernandez; 000 83008 carbon.";;Josefa;gol.;1871_04_14;Corejal
;;N/A:  | N/A:  | N/A:  | N/A:  | N/A:  | N/A: ;Jofi6;cap.;;De Cárdenas vap. Comanditario, cap. Jofi6, 1500 cajas azúcar. 13 tereloз oarna, 14 idem suola. 10 baltos equipajes, 5 cajas cigarroa, 1 aballo.;;Comanditario;vap.;1871_04_14;Cárdenas
;;N/A: ;Pojel;pat.;;1:0 idom gol. Clio, pat. Pojel, 610 cajas azúcar.;;Clio;gol.;1871_04_14;idom
;;N/A: ;Mascaró;pat.;;De idem gl. Jóven Plar, pat. Mascaró, 500 cajas a zúcar.;;Jóven Plar;gl.;1871_04_14;idem
;;N/A: ;Fuentes;pat.;;De Matanzas gol. Adela, pat. Fuentes, 6:0 cajas azúCAT.;;Adela;gol.;1871_04_14;Matanzas
;;N/A:  | N/A:  | N/A: ;Roselló;pat.;;De Cabañas gol. Esmeralda, pat. Roselló, 400 cajas y 36 bocores azúcar y 20 pipas aguardiente.;;Esmeralda;gol.;1871_04_14;Cabañas
;;N/A: ;Cervora;pat.;;De idem gol. Matis, pat. Cervora, 00 cajas azúcar.;;Matis;gol.;1871_04_14;idem
;;N/A:  | N/A: ;Padilla;pat.;;De Banos gol. Concha, pat. Padilla, 200 cajnз y 30 bocoyes azúcar.;;Concha;gol.;1871_04_14;Banos
;;N/A: ;Sará;pat.;;De Jaimanitas bote San Anselmo, pat. Sará, 2000-ladrillos.;;San Anselmo;bote;1871_04_14;Jaimanitas
;;N/A: ;Bosch;pat.;;De Sierra Morena gol. Union, pat. Bosch, 7:0 cajas a zúcar.;;Union;gol.;1871_04_14;Sierra Morena
;;N/A:  | N/A: ;Rodriguez;pat.;;Do idem gol. Dos Amigos, pat. Rodriguez, 330 cɔjas azúcar, 12 booyos miel do purga,;;Dos Amigos;gol.;1871_04_14;idem
;;N/A: ;Acuña;pat.;;Do Carahatas gol. Marianita, pat. Acuña, 700 sacos carbon.;;Marianita;gol.;1871_04_15;Carahatas
;;N/A:  | N/A: ;Santo Dominge;pat.;;De Sierra Morena gol. Brillante, pat. Santo Dominge, 410 cajas y CO bocoyes azúcar y 27 pipas aguardiente.;;Brillante;gol.;1871_04_15;Sierra Morena
;;N/A: ;Cabré;pat.;;De Sierra Morena gol. Maria, pat, Cabré, 500 o. azúcar.;;Maria;gol.;1871_04_15;Sierra Morena
;;N/A: ;Montero;pat.;;De la Teja gol. Habanera, pat. Montero, 600 sacos carbon.;;Habanera;gol.;1871_04_15;la Teja
;;N/A: ;Juan;pat.;;De Cárdenas gol. Generala, patron Juan, 400 0. azúcar..;;Generala;gol.;1871_04_15;Cárdenas
;;N/A: ;Perelló;pat.;;Do Cárdenas gol. Tres Marias, pat. Perelló, 550 c. azú. car.;;Tres Marias;gol.;1871_04_15;Cárdenas
;;N/A: ;Martin;pat.;;De Cárdenas gol. Guacamaya, pat. Martin, 530 c. azú. car.;;Guacamaya;gol.;1871_04_15;Cárdenas
;;N/A: ;Basillo;pat.;;De Cárdenas gol. Jóven Carlota, pat. Basillo, 500 c. azúcar.;;Jóven Carlota;gol.;1871_04_15;Cárdenas
;;N/A:  | N/A:  | N/A:  | N/A:  | N/A:  | N/A:  | N/A: ;Cobas;pat.;;Da Matanzas gol. Emilio, pat. Cobas, 750 c. azúcar, 36 bocoyes idem, 100 barriles vino, 3 idem sebo, 2 c. cobre, 6 barriles y 1 o. efectos.;;Emilio;gol.;1871_04_15;Matanzas
;;N/A: ;Colomar;pat.;;De Canasi gol. Sabes, patron Colomar, 350, o. azncar.;;Sabes;gol.;1871_04_15;Canasi
;;N/A:  | N/A: ;Rodriguez;pat.;;De Cabañas gol. Céfiro, pat. Rodriguez, 355 c. azúcar y 21 pipas agate.;;Céfiro;gol.;1871_04_15;Cabañas
;;N/A: ;Vilasuco;pat.;;De Cabañas gol. Conchita, pat. Vilasuco, 401 c. azúcar.;;Conchita;gol.;1871_04_15;Cabañas
;;N/A:  | N/A:  | N/A: ;Lopez;pat.;;Do Cabañas gol. Caballo Marino, pat. Lopez, 370 c. y 15 bocoyes azúcar y 12 pipas agdte.;;Caballo Marino;gol.;1871_04_15;Cabañas
;;N/A:  | N/A: ;Inclan;pat.;;De Cabañas gol. Josefa, pat. Inclan, 500 o. azúcar y 16 pipas agate.;;Josefa;gol.;1871_04_15;Cabañas
;;N/A:  | N/A: ;Arocha;pat.;;Del Mariel gol. Manue'a, pat. Arocha, 240 c. azúcar y 20 pipas agdte.;;Manue'a;gol.;1871_04_15;Mariel
;;N/A:  | N/A: ;Torres;pat.;;Dol Mariel gol. Afortunado, pat. Torres, 100 qts. cáscara de mangle y 3 sacos picadura.;;Afortunado;gol.;1871_04_15;Mariel
;;N/A: ;Cobas;pat.;;De Baracoa gol. Carmita, patron Cobas, 193 o. azúear.;;Carmita;gol.;1871_04_15;Baracoa
;;N/A: ;Duran;pat.;;De Baracoa gol. Dolorita, pat. Duran, 260 c. azúcar y;;Dolorita;gol.;1871_04_15;Baracoa
;;N/A: ;Badia;pat.;;Do la Teja gol. Izabol II, pat. Badia, 600 sacos carbon.;;Izabol II;gol.;1871_04_15;la Teja
;;N/A: ;Rivas;pat.;;De Cayos do Sotavento viv. Dos Marias, pat. Rivas. 500 pescados vivos.;;Dos Marias;viv.;1871_04_15;Cayos do Sotavento
;;N/A:  | N/A:  | N/A: ;Lopez;pat.;;De Carahatas gol. Tres Hermanas, pat. Lopez, G60 o. azúcar, 8 caballos soga y 1 bocoy miel de abejas.;;Tres Hermanas;gol.;1871_04_15;Carahatas
;;N/A:  | N/A: ;Badaró;pat.;;De Cárdenas gol. Victoria, pat. Badaró, 435 c. y 35 bocoves azúcar.;;Victoria;gol.;1871_04_15;Cárdenas
;;N/A: ;Virella;pat.;;Do Cárdenas gol. Genoveva, pat. Virella, 510 c. azúCar.;;Genoveva;gol.;1871_04_15;Cárdenas
;;N/A: ;Dardet;pat.;;"De Cárdenas gol. Rosita, patron Dardet, 520 c. azúcar. ""De Jaruco gol. Jaruqueña, patron Viera, 240 c. azúcar";;Rosita;gol.;1871_04_15;Cárdenas
;;N/A: ;Amay;pat.;;De la Dominica gol. Isabolita, pat. Amay, 189 c. azúcar.;;Isabolita;gol.;1871_04_15;Dominica
;;N/A: ;Galy;pat.;;De Rio de la Pa'ma gol. Gallego, pat. Galy, έ00 sacos carbon.;;Gallego;gol.;1871_04_16;Rio de la Pa'ma
;;N/A:  | N/A: ;Vazquez;pat.;;De Cárdenas gol. Joaquins, pat. Vazquez, 480 c. y 39 bocoses azúcar.;;Joaquins;gol.;1871_04_16;Cárdenas
;;N/A: ;Martin;pat.;;Do Cárdenas gol. María Josefa, pat. Martin, 700 cajas azúcar.;;María Josefa;gol.;1871_04_16;Cárdenas
;;N/A: ;Juan;pat.;;De Cárdenas gol. Nueva Rosita, pat. Juan, 600 c. azácar.;;Nueva Rosita;gol.;1871_04_16;Cárdenas
;;N/A: ;Rosciló;cap.;;De Cárdenas gol, Jóven Gertrú lis, cap. Rosciló, 490 c. azúcar.;;Jóven Gertrú;gol;1871_04_16;Cárdenas
;;N/A: ;Enseñat;pat.;;De Cárdenas gol. Troa Teresas, pat. Enseñat, 600 c. azúcar.;;Troa Teresas;gol.;1871_04_16;Cárdenas
;;N/A:  | N/A: ;Carbonell;pat.;;Do Matanzas gol. Margarita, pat. Carbonell, 530 c. y 18 bocoyes azúcar.;;Margarita;gol.;1871_04_16;Matanzas
;;N/A:  | N/A: ;Cobas;pat.;;De Jaruco gol. Cuatro Hermanas, pat. Cobas, 119 c. azúcar y 26 pipas aguardiento.;;Cuatro Hermanas;gol.;1871_04_16;Jaruco
;;N/A: ;Alcina;pat.;;De Mantua gol. Maria, patron Alcina, 800 sacos carbon.;;Maria;gol.;1871_04_16;Mantua
;;N/A: ;Bonet;pat.;;Do Rio del Medio gol. Agaedita, pat. Bonet, 700 sacos carbon.;;Agaedita;gol.;1871_04_16;Rio del Medio
;;N/A:  | N/A: ;Villa;pat.;;Del Morrillo gol. Feliz, pat. Villa, 41 bocoyes mascabado y 18 cuarts. miel do purga.;;Feliz;gol.;1871_04_16;Morrillo
;;N/A:  | N/A: ;Vidal;pat.;;De Babia Honda gol. Mercedita, pat. Vidal, 230 c. azúcary 10 pipas agdte.;;Mercedita;gol.;1871_04_16;Babia Honda
;;N/A:  | N/A: ;Deulofeo;pat.;;De Cabañas gol. Nuestra Señora del Carmen, patron Deulofeo, 340 azúcar y 10 pipa, agdte.;;Nuestra Señora del Carmen;gol.;1871_04_16;Cabañas
;;N/A: ;Garreton;cap.;;De Cárdenas vapor Cardenas, cap. Garreton, 1500 c. azúcar.;;Cardenas;vapor;1871_04_16;Cárdenas
;;N/A:  | N/A:  | N/A:  | N/A:  | N/A:  | N/A: ;Sanchoz;p.;;De Caibarieng. Desengaño p. Sanchoz 800 docenas esponjas, 300 a. cáscara de mangle, 50 cueros al pelo, 8 sacos frijoles, 4 tercs. miel de abeja, 1 ajuar de casa usadlo.;;Desengaño;p.;1871_04_18;Caibarieng
;;N/A:  | N/A: ;Capula;p.;;De la Teja g. Dos Sofias p. Capula, 331 o. azúcar, 34 cts. miol de purga.;;Dos Sofias;g.;1871_04_18;Teja
;;N/A: ;Barrera;p.;;De Cárdenas borg. gol. Amistad p. Barrera, 850 c. aźńcar.;;Amistad;borg.;1871_04_18;Cárdenas
;;N/A:  | N/A: ;Bosch;p.;;De id. g. Juanita p. Bosch, 618 c. azúcar, 1 gar. melado.;;Juanita;g.;1871_04_18;id.
;;N/A: ;Belfat;p.;;De Matanzas goleta Amalia p. Belfat, 760 cajas azú⚫ car.;;Amalia;goleta;1871_04_18;Matanzas
;;N/A:  | N/A: ;Rodriguez;p.;;De Cabañas g. Cefiro p. Rodriguez 360 c. azúcar, 16 pp. guardiente.;;Cefiro;g.;1871_04_18;Cabañas
;;N/A: ;Vilasue;p.;;De idem g. Conchita p. Vilasuɛe, 110 bocoyes mascabado.;;Conchita;g.;1871_04_18;idem
;;N/A:  | N/A: ;Padilla;p.;;De Banes g. Concha p. Padilla, 136 c. azúcar, 200 quinta'es chapapote.;;Concha;g.;1871_04_18;Banes
;;N/A:  | N/A: ;Inclan;p.;;De Cabañas g. Josefa p. Inclan, 500 cajas y 10 bocores azúcar;;Josefa;g.;1871_04_18;Cabañas
;;N/A:  | N/A:  | N/A:  | N/A:  | N/A:  | N/A:  | N/A:  | N/A:  | N/A:  | N/A: ;Vega;cap.;;De Calbarien y Sagua la Grande vap, Nuevo Almendares cap. Vega, 250 tercios tabaco, 28 pp. aguardiente. 3 bar id. G rollos jarcia, 5 scrones esponjas, 2 c. y 1 fardo o fectos, 2 llos hilo, 2 bar. 1 tero. y 1's. viandas, 1 terce azúcar, 1 c. dulco y 2 gar. melado;;Nuevo Almendares;vap;1871_04_18;Calbarien
;;N/A:  | N/A:  | N/A:  | N/A:  | N/A:  | N/A: ;Jofre;cap.;;De Cárdenas vap. Comanditario cap. Jofre 1402 c. 1 bar azúcar, 13 llos cueros 10 fardos carnaza, 1 baual ropa 1dona. escobas.;;Comanditario;vap.;1871_04_18;Cárdenas
;;N/A:  | N/A: ;Gerrin;p.;;De Babia Honda g. Carmita p. Gerrin 140 c, y 80 bocs. azúcar, 22 pp. aguardiente.;;Carmita;g.;1871_04_18;Babia Honda
;;N/A:  | N/A:  | N/A:  | N/A: ;Colomar;p.;;De Sagua la Grande g. Paquete de Sagua, p. Colomar, con 250 ar. ciscaras mangle, 109 varas madera. 90 atravesaños y 80 estacasjacsro.;;Paquete de Sagua;g.;1871_04_19;Sagua la Grande
;;N/A: ;Leal;p.;;De Sierra Morena g. América, p. Leal, con 3:0 cajas azúcar;;América;g.;1871_04_19;Sierra Morena
;;N/A: ;Pavia;p.;;De Cárdenas g. General Lamar, p. Pavia, con 350 c. azúcar;;General Lamar;g.;1871_04_19;Cárdenas
;;N/A: ;Virella;p.;;De idem g. Genovevs, p. Virella, 510 c. atñcar;;Genovevs;g.;1871_04_19;idem
;;N/A: ;Herrera;p.;;"De idem g. Mercedita; p. Herrera. 500 c. azúcar";;Mercedita;g.;1871_04_19;idem
;;N/A: ;Juan;p.;;De idem g. Generala, p. Juan, 394 o. azficar;;Generala;g.;1871_04_19;idem
;;N/A: ;Mascaró;p.;;De idem g. Jóven Pilaa, p. Mascaró, 500 c. azúcar;;Jóven;g.;1871_04_19;idem
;;N/A: ;Dardet;p.;;De idem g. Rosita. p. Dardet. 520 o. azúcar;;Rosita;g.;1871_04_19;idem
;;N/A: ;Basilio;p.;;De idem g. Jóven Oarlota, p. Basilio, 500 c. azúc: r;;Jóven Oarlota;g.;1871_04_19;idem
;;N/A: ;Naranjo;p.;;De idem g. Rayo, p. Naranjo, 580 c. azúcar;;Rayo;g.;1871_04_19;idem
;;N/A: ;Parolló;pat.;;De idem Tros Afarias, p. Parolló, 550 c. azúcar;;Tros Afarias;p.;1871_04_19;idem
;;N/A:  | N/A:  | N/A:  | N/A:  | N/A:  | N/A: ;Cuebas;p.;;De idem g. Inés, p. Cuebas, 450 c. azñoar, 60 o. frutas, 37 c. muebles usados, 30 sacos garbanzos, 6 sacos pimenton y 4 tercios serones;;Inés;g.;1871_04_19;idem
;;N/A: ;Febrer;p.;;De Mantua g. Neptuno, p. Febrer, 800 ascos carton;;Neptuno;g.;1871_04_19;Mantua
;;N/A: ;Brito;p.;;De Sonda de Campeche vivero Carlota, p. Brito, 500 pescados vivos;p.;Carlota;vivero;1871_04_19;Sonda de Campeche
;;N/A: ;Lopez;p.;;De Sierra Morena g. Amalia, p. Lopez, 300 c. de azúcar;;Amalia;g.;1871_04_19;Sierra Morena
;;N/A: ;Rotelló;p.;;De Cárdenas g. Jóven Gertrudis, p. Rotelló, 490 c. de azúcar;;Jóven Gertrudis;g.;1871_04_19;Cárdenas
;;N/A: ;Vázquez;p.;;De Cárdenas gol. Joaquina, p. Vázquez, 600 cajas azúcar.;;Joaquina;gol.;1871_04_20;Cárdenas
;;N/A:  | N/A:  | N/A:  | N/A:  | N/A:  | N/A:  | N/A:  | N/A: ;Visquera;p.;;"De Matanzas gol. Dos Hermanas, p. Visquera; 560 cajas azúcar. (00 arrobas tas jo en serones, 32 bar. café, 25 sacos garbanzos, 19 idem pimonton, 4 cajas efectos, 1 bocov carbon y 2 scrones guano";;Dos Hermanas;gol.;1871_04_20;Matanzas
;;N/A:  | N/A:  | N/A: ;Macip;p.;;"De Santa Cruz g. Maria del Rosario; p. Macip, 90 cajas azúcar, 90 cuarterolas miel de purga y 30 arrobas cera.";;Maria del Rosario;g.;1871_04_20;Santa Cruz
;;N/A:  | N/A:  | N/A:  | N/A:  | N/A:  | N/A:  | N/A: ;Jofró;cap.;;Do Cárdenas vapor Comanditario, cap. Jofró, 1402 cajas de azúcar, 2 id cigarros, 7 tercios y 2 lios cueros, 2 s maiz, 1 caja con una bomba, 2 los tnbos para id.;;Comanditario;vapor;1871_04_21;Cárdenas
;;N/A:  | N/A: ;Boschi;p.;;De Sierra Morena g. Union, p. Boschi, 770 o. azúcar y 1 cajon huevos.;;Union;g.;1871_04_21;Sierra Morena
;;N/A:  | N/A:  | N/A: ;García;p.;;De Sierra Morena g. Ceferina, p. García, 500 c. azúcar CO boca. miel concentrada y 1 cabalo.;;Ceferina;g.;1871_04_21;Sierra Morena
;;N/A: ;Almanza;patron;;De la Teja g. Josefa, patron Almanza, 60) sacos carbon.;;Josefa;g.;1871_04_21;Teja
;;N/A: ;Martorell;p.;;De Cárdenasg Trinidad, p. Martorell, 310 cajas azúcar.;;Trinidad;p.;1871_04_21;Cárdenasg
;;N/A: ;Fariñas;p.;;De Cárdenas g. Anita, p. Fariñas, 900 cajas de azú car.;;Anita;g.;1871_04_21;Cárdenas
;;N/A: ;Nuñez;p.;;De Cárdenas g. Ntra. Sra. del Cármon, p. Nuñez, 510| c. zúcar.;;Ntra. Sra. del Cármon;g.;1871_04_21;Cárdenas
;;;Martin;p.;;De Cárdenas g. Guacamaya. p. Martin.;;Guacamaya;g.;1871_04_21;Cárdenas
;;N/A: ;Colomaa;p.;;De Canasi g. Sabia, p. Colomaa, 350 c. azúcar.;;Sabia;g.;1871_04_21;Canasi
;;N/A:  | N/A: ;;p.;;De Jaruco b. Ntra. Sra. del Cármon, p. 50 cuarterolas miel de purga y 9 sacos frijoles.;;Ntra. Sra. del Cármon;b.;1871_04_21;Jaruco
;;N/A:  | N/A: ;Deulofeo;p.;;De Cabañas g. Ntra. Sra del Carmen, p. Deulofeo, 340 c. azúcar y 10 pipas agdte.;;Ntra. Sra del Carmen;g.;1871_04_21;Cabañas
;;N/A:  | N/A: ;Rodriguez;p.;;De Cabañas g. Cefiro, p. Rodriguez, 370 o. azúcar y 16 pipas agdto.;;Cefiro;g.;1871_04_21;Cabañas
;;N/A:  | N/A: ;Inclan;pat.;;De Cabañas g. Josefa, patron Inclan, 500 cajas y 10 bocs azúcar.;;Josefa;g.;1871_04_21;Cabañas
;;N/A: ;Amaya;p.;;De Dominica g. Isabelita, p: Amaya, 188 cajas de azúcar.;;Isabelita;g.;1871_04_21;Dominica
;;N/A:  | N/A: ;Rodriguez;p.;;De la Teja g. Dos Amigos, p. Rodriguez, 330 c. azúcar y 8 bocs miel de purga.;;Dos Amigos;g.;1871_04_21;Teja
;;N/A: ;Toledo;;;De la Teja g. San José, n. Toledo, 650 atravesafios;;San José;g.;1871_04_21;la Teja
;;N/A:  | N/A:  | N/A:  | N/A:  | N/A:  | N/A:  | N/A:  | N/A:  | N/A:  | N/A:  | N/A:  | N/A:  | N/A:  | N/A: ;Mas;cap.;;De Stgo. do Cuba y oscalas vapor Clara, cap. Mas, 905 sacos maiz, 125 id café, 33 id cacao, 75 btos. frutas. 10 bar guayaba, 13 bar. tocinera, 3 c. calzado, 2id sombreros, 1 caja chorizo, 1 id poleteria, 1 id cuchillos, 1 bar. casabo, 1 fardo géneros y i caballo.;;Clara;vapor;1871_04_21;Cuba
;;N/A:  | N/A:  | N/A:  | N/A:  | N/A:  | N/A:  | N/A: ;;Arbona;;De Caibarieng. Engracia, p. Arbona, 102 cueros al pe lo, 100 caballos leña, 90 reses, 50 dnas. esponjas, 51 ar. cera y 4 bar, miel de abejas.;;p.;Engracia;1871_04_21;Caibarieng
;;N/A:  | N/A: ;Lladó;p.;;"De Santa Lucia gol. Leonor, p. Lladó; 210 c. azúcar, 23 pipas aguardiente.";;Leonor;gol.;1871_04_22;Santa Lucia
;;N/A:  | N/A: ;Perera;p.;;"De Ortigosa gol. Bonifacia, p. Perera; 210 c. azúcar, 8 pipas aguardiente.";;Bonifacia;gol.;1871_04_22;Ortigosa
;;N/A:  | N/A: ;Escandoll;p.;;"De Bahia Honda gol. Babia Honda, p. Escandoll; 374 c. y 28 boc. azúcar, 22 sacos cáscara manglo.";;Babia Honda;gol.;1871_04_22;Bahia Honda
;;N/A:  | N/A: ;Roselló;p.;;"De Cabañas gol. Esmeralda, p..Roselló; 400 c. y 16 boc. azúcar, 30 pipas aguardiente.";;Esmeralda;gol.;1871_04_22;Cabañas
;;N/A:  | N/A:  | N/A:  | N/A:  | N/A:  | N/A:  | N/A:  | N/A:  | N/A: ;Cervera;p.;;"De idem gol. Maria, p. Cervera; 626 c. azúcar, 113 piozas maquinaria, 98 parrillas, 50 tornillos, & tubos y 4 c. efectos para gas, 2 cadenas, 2 barras bronce, 2 pallas.";;Maria;gol.;1871_04_22;idem
;;N/A: ;Forrer;p.;;"De Baracoa boto Cecilia Manuela, p. Forrer; 22 bocs. msscabado.";;Cecilia Manuela;boto;1871_04_22;Baracoa
;;N/A: ;Nuñez;p.;;"De Sagua la Grande gol. N. S. del Carmen, p. Nuñez; 600 sacos carbon.";;N. S. del Carmen;gol.;1871_04_22;Sagua la Grande
;;N/A:  | N/A: ;Barrera;p.;;"Da Cárdenas berg. gol. Amistad, p. Barrera; 850 c. y 9 bor, azúcar.";;Amistad;berg.;1871_04_22;Cárdenas
;;;Amat;pat.;;Para Nuevitas y Puerto del Padre gol. Leonarda, pat. Amat;;Leonarda;gol.;1871_04_23;Nuevitas
;;N/A:  | N/A:  | N/A:  | N/A:  | N/A:  | N/A:  | N/A:  | N/A: ;Guas;pat.;;De Baracoa gol. Telégrafo, pat. Guas, con 50,000 cocos, 20,000 plátanos, 100 racimos idem guincos y dátiles. 29 sacos cacao, 20 barriles limones, 20 idem guayaba, 4 idem aceite de coco;;Telégrafo;gol.;1871_04_23;Baracoa
;;N/A:  | N/A: ;Cabrera;p.;;De Sierra Morena g. Seis Manuelas. p. Cabrera, con 830 cajaas y 20 bocores azúcar;;Seis Manuelas;g.;1871_04_23;Sierra Morena
;;N/A: ;Rojas;p.;;De la Teja g. Castilla, p. Rojas, con 490 cajas azúcar;;Castilla;g.;1871_04_23;la Teja
;;N/A:  | N/A: ;Pujol;p.;;De Cárdenas g. Clio, p.. Pujol. con 610 cajas azúcar y 200 docenas esponjas;;Clio;g.;1871_04_23;Cárdenas
;;N/A:  | N/A: ;Juan;p.;;De idom g. Nueva Rosita, p. Juan, con 430 cajas y 57 boroyes azúcar;;Nueva Rosita;g.;1871_04_23;idom
;;N/A: ;Dardot;p.;;De idem g. Rosita, p. Dardot, con 520 cajas azúcar;;Rosita;g.;1871_04_23;idem
;;N/A:  | N/A:  | N/A:  | N/A:  | N/A: ;Llaujer;p.;;De Mantua y Guanes g. Juana de Dios, p. Llaujer. con 300 caballos de leña, 100 arrobas lana miraguano, 30 id. picadura, 23 tercios tabaco y 14 garrafones miel de absjas;;Juana de Dios;g.;1871_04_23;Mantua y Guanes
;;N/A: ;Sesella;p.;;De Cabañas bal: Antonica, p. Sesella, con 400 sacos carbon;;Antonica;bal;1871_04_23;Cabañas
;;N/A:  | N/A: ;Duran;p.;;De Baracoa g. Doloritas, p. Duran, con 140 osjas y 40 bocoyes azúcar;;Doloritas;g.;1871_04_23;Baracoa
;;N/A:  | N/A: ;Padilla;p.;;De Banes g. Concha, p. Padilla, con 180 cajas y 30 boCores Atúcar;;Concha;g.;1871_04_23;Banes
;;N/A:  | N/A:  | N/A:  | N/A:  | N/A: ;Cusi;cap.;;Do San Cayetano, Rio Blanco y Bahia Honda vapor Balia Honda, cap. Cusi, con 062 cajas azúcar, 10 ancos de carbon, 8 bultos legumbres, 6 cajones rapadura, 2 garrafones melado.;;Balia Honda;vapor;1871_04_23;San Cayetano
;;N/A:  | N/A:  | N/A:  | N/A:  | N/A:  | N/A:  | N/A:  | N/A:  | N/A: ;Cobas;p.;;"De Matanzas gol. Emilio, p. Cobas; 750 cajas azñoar 26 bocoyca miel concontrada, 500 cajas fideos, 50 barri les cerveza, 37 bar, sebo, 15 idem cimiento, 5 baules ro pa urada, 1 tercerola manteca y 1 moviliarlo usado.";;Emilio;gol.;1871_04_25;Matanzas
;;N/A:  | N/A:  | N/A:  | N/A: ;Viera;p.;;"De Jaruco gol. Jaruqueña, p. Viera; 175 cajas azúcar 27 pipas aguardiente, 53 sacos malz y 25 euarterolas va clas";;Jaruqueña;gol.;1871_04_25;Jaruco
Día XX:;;N/A: ;Duran;p.;;"De Jaruco gol. Ntra. Sra. del Carmen: p. Duran; 140 cajas azúcar";;Ntra. Sra. del Carmen;gol.;1871_04_25;Jaruco
;;N/A: ;Anglada;p.;;"De la Mulata gol. Sta. Ana, p. Anglada; 600 sacos car bon";;Sta. Ana;gol.;1871_04_25;Mulata
;;N/A:  | N/A: ;Rodriguez;p.;;De Cabañas gol. Céiro, p. Rodriguez: 370 cajas azúcar y 10 pipas aguardiente;;Céiro;gol.;1871_04_25;Cabañas
;;N/A:  | N/A:  | N/A:  | N/A:  | N/A:  | N/A:  | N/A:  | N/A:  | N/A:  | N/A:  | N/A: ;Piñeiro;p.;;De Calbarien gol. Eugenia, p. Piñeiro! 100 cueros al pelo, 100 cajas boni tos y plátanos, 70 caballos leña, 40 Bacoa carbon, R caballos y 6 bar. almidon. 6 cajas efectos, 4 tabales bacalao, I tercerola miel de abejas, i seron taBajo;;Eugenia;gol.;1871_04_25;Calbarien
Día null:;;N/A:  | N/A: ;Garroton;cap.;;De Cárdenas vap. Cárdenas, cap. Garroton: 1400 cajas azúcar y 10 pipas aguardiento;;Cárdenas;vap.;1871_04_25;Cárdenas
;;N/A:  | N/A:  | N/A:  | N/A:  | N/A:  | N/A:  | N/A:  | N/A:  | N/A:  | N/A:  | N/A: ;O'Breans;p.;;De Nuevitas pail. Emilia, p. O'Breans. 6000 cocos, 50 novillos, 50 osteras de guano 1 mula,. 32 terclos cera blanca, 8 terc. miel do abejas, 5 bar. sebo, 2 c. mármoles. 1 quitrin, 1 coche, 66 bultos equipajes.;;Emilia;pail.;1871_04_25;Nuevitas
;;N/A: ;Cantó;p.;;De Sierra Morena gol. Antonica, p. Cantó, 550 c. y G boc. azúcar.;;Antonica;gol.;1871_04_25;Sierra Morena
;;N/A:  | N/A: ;Sto. Domingo;p.;;De Storra Morona gol. Brillante, p. Sto. Domingo, 5:0 c. azúcar, 60 boc. miel concentrada.;;Brillante;gol.;1871_04_25;Storra Morona
;;N/A: ;Torres;p.;;De la Teja gol. Magdalena, p. Torres, 600 sacos de carbon..;;Magdalena;gol.;1871_04_25;la Teja
;;N/A: ;Vilalonga;p.;;De idem gol. Teresita, p. Vilalonga, 600 sacos do carbon.;;Teresita;gol.;1871_04_25;idem
;;N/A: ;Montell;p.;;De idem gol. Maria Luisa, p. Montell, 600 sacos do carbon.;;Maria Luisa;gol.;1871_04_25;idem
;;N/A:  | N/A: ;Martin;p.;;De idem gol. Maria Josef, p. Martin, 430 c. y 36 boca. azúcar.;;Maria Josef;gol.;1871_04_25;idem
;;N/A: ;Roselló;p.;;De idem gol. Jóvon Gortrádis, p. Roselló, 490 c.azcar.;;Jóvon Gortrádis;gol.;1871_04_25;idem
;;N/A:  | N/A: ;Basillo;p.;;De idem gol. Jóvon Carlota, p. Basillo, 500 cajas azn. car.;;Jóvon Carlota;gol.;1871_04_25;idem
;;N/A:  | N/A: ;Pavia;p.;;De idem gol. General Lamar, p. Pavia, 270 c. y 30 boo. azúcar.;;General Lamar;gol.;1871_04_25;idem
;;N/A:  | N/A: ;Virella;p.;;De idem gol. Genovova, p. Virella, 510 c. azúcar, 10 pipas aguardiente.;;Genovova;gol.;1871_04_25;idem
;;N/A: ;Mascaró;p.;;De idom gel. Jóven Polar, p. Mascaró, 500 cajas de aúcar, De idom gol. Tres Marias, p. Porelló, 550 cajas do azúcar. De Cárdenas vapor Comanditario, cp. Jofre, 1400 c. azúcar, 1 cuarto pipa vino, 1 aaco arroz, 1 torcio saela, 1 C. Pombreros, 8 flos eneros, 5 tercios carnaza;;Jóven Polar;gel.;1871_04_25;idom
;;N/A:  | N/A: ;Maoip;p.;;De St Cruz gol. Me del Rosario, p. Maoip, 500 e. azúcar, 35 cordo3.;;Me del Rosario;gol.;1871_04_25;St Cruz
;;N/A: ;Gisperts;p.;;De la Teja g, Dos de Mayo, p. Gisperts, 703 sacos de carbon.;;Dos de Mayo;g;1871_04_26;Teja
;;N/A: ;Fariñas;pat.;;De Cárdenas g. Anita, patron Fariñas, 900 cajas de azúcar.;;Anita;g.;1871_04_26;Cárdenas
;;N/A: ;Nuñes;p.;;De Cárdenas g. Ntra. Sra. del Cármen, p. Nuñes, 510 cajas de azúcar..;;Ntra. Sra. del Cármen;g.;1871_04_26;Cárdenas
;;N/A: ;Bérton;cap.;;De Batabanó vaper Nuevo Carolina, cap. Bérton, en laatre, De Blerra Morena g. Sofia, patron Gonzalez, 500 c. d azúcar,;;Nuevo Carolina;vaper;1871_04_26;Batabanó
;;N/A: ;Hernandez;p.;;De Sierra Morena g. Angelita, p. Hernandez, 640 cajas azúcar.;;Angelita;g.;1871_04_27;Sierra Morena
;;N/A: ;Dardet;p.;;De Cárdenas g Rosita, p. Dardet, 520 c. azúcar.;;Rosita;g;1871_04_27;Cárdenas
;;N/A: ;Vilasaso;p.;;De Cabañas g. Conchita, p. Vilasaso, 11 becoyes mascabado.;;Conchita;g.;1871_04_27;Cabañas
;;N/A:  | N/A:  | N/A: ;Juan;p.;;De Cárdenas g. Genoveva, p. Juan 386 cajas azúcar, CO pacas estopa y 32 bar. brea.;;Genoveva;g.;1871_04_28;Cárdenas
;;N/A: ;Martin;pat.;;De Cárdenas Guacamaya, patron Martin, 520 cajas azúcar.;;Guacamaya;;1871_04_28;Cárdenas
;;N/A: ;Bolfat;patron;;De Matauzas g. Amalis, patron Bolfat, 600 cajas azúCr.;;Amalis;g.;1871_04_28;Matauzas
;;N/A:  | N/A: ;Deulofeo;p.;;De Cabañas g. Ntra. Sra. del Cármen, p. Deulofeo, 935 c. azúcar y 40 pipas agdte.;;Ntra. Sra. del Cármen;g.;1871_04_28;Cabañas
;;N/A: ;Rodriguez;p.;;De la Teja g. Doз Amigos, p. Rodriguez, 330 c. 5 10 boo azúcar.;;Doз Amigos;g.;1871_04_28;la Teja
;;N/A: ;Macip;p.;;De Sinta Craz g. María del Rosario, p. Macip, 300 c. azúcar.;;María del Rosario;g.;1871_04_28;Sinta
;;N/A: ;Amaya;p.;;De ia Dominica g. Isabelita, p. Amaya, 188 cajaa azu̸car.;;Isabelita;g.;1871_04_28;Dominica
;;N/A:  | N/A:  | N/A:  | N/A:  | N/A: ;Casi;cap.;;De San Cayetano, Rio Bianco y Bahia Honda vap, Bihfa Honda, cap. Casi, 669 c. azúcar. 22 btos, equipajes, 12 sacos carbon, G sacos y 1 estuche azúcar.;;Bihfa Honda;vap;1871_04_28;San Cayetano
;;N/A:  | N/A:  | N/A:  | N/A: ;Jofró;cap.;;De Cárdenas vapor Comanditario, cap. Jofró, 1300 cajas azúcar, 7 tercios cueros, 7 id suelas y vaqueta.;;Comanditario;vapor;1871_04_28;Cárdenas
;;N/A: ;Lopez;pat.;;De Sierra Morena g. Amalia, patron Lopez, 300 cajas azúcar.;;Amalia;g.;1871_04_28;Sierra Morena
;;N/A: ;Rivas;patron;;De la Teja g. Jácaro. patron Rivas, 800 sicos de carbon.;;Jácaro;g.;1871_04_28;la Teja
;;N/A: ;Rodriguez;p.;;De Cabañas g. Cófirɔ, p. Rodriguez, 370 c. azúcar S 11 pipas agdto.;;Cófirɔ;g.;1871_04_28;Cabañas
;;N/A:  | N/A:  | N/A:  | N/A:  | N/A:  | N/A:  | N/A: ;Carbonell;p.;;De Matanzas gol. Margarita, p. Carbonell: 400 cajas azúcar, 40 pipas aguaralento, 16 cajas bombillos. 4 tercerolas mist de abeja, 1 caja salchichon, 1 caja tabaco y varios muebles usados.;;Margarita;gol.;1871_04_29;Matanzas
;;N/A: ;Cobas;p.;;"De la Ortigosa gol. Carmita, p. Cobas; 140 cajas azúcar.";;Carmita;gol.;1871_04_29;Ortigosa
Día 01:;;N/A: ;Sotá;p.;;De Jaimanitas boto San Anselmo, p. Sotá: 8000 Indrillos;;San Anselmo;boto;1871_04_29;Jaimanitas
;;N/A: ;Gonzalez;p.;;"De Cayos do Sotavento viv. Josefa, p. Gonzalez; 500 pescados vivos";;Josefa;viv.;1871_04_29;Cayos do Sotavento
;;N/A: ;García;p.;;De Bahla Honda gol. Carmita, p. García: 288 cajas azúcar.;;Carmita;gol.;1871_04_29;Bahla Honda
;;N/A: ;Leal;p.;;De idem g. Amérios, p. Leal, con 380 c. azdoar;;Amérios;g.;1871_04_30;idem
;;N/A: ;Martorell;p.;;De Cárdenas g. Trinidad, p. Martorell, con 310 c. do azúcar;;Trinidad;g.;1871_04_30;Cárdenas
;;N/A: ;Fierro;p.;;De Canasi g. Lola Marina, p. Fierro, con 350 c. de azúcar;;Lola Marina;g.;1871_04_30;Canasi
;;N/A: ;Dominguez;p.;;De ido g. Amablo Rosita, p. Dominguez, con 800 sacos carbon;;Amablo;g.;1871_04_30;ido
;;N/A: ;Durán;p.;;De Banes bal. Fernandita, p. Durán, con 7,000 ladriIlos del pais;;Fernandita;bal.;1871_04_30;Banes
;;N/A:  | N/A: ;Padilla;p.;;De idem g Concha, p. Padilla, con 14,000 ladrillos 70 0. y 12 bocoyos azúcar;;Concha;g;1871_04_30;idem
;;N/A:  | N/A:  | N/A:  | N/A:  | N/A:  | N/A: ;Sisshez;cap.;;De Santiago de Cuba y escalas vapor Pelayo, cap. Sisshez, con 100 garrafones auisado, 21 c. coñisc, 2 barriles rop, 2 idem cafó, 1 c. carey, 1o. y 1 barril calzado;;Pelayo;vapor;1871_04_30;Santiago de Cuba
;;N/A:  | N/A:  | N/A:  | N/A:  | N/A:  | N/A:  | N/A:  | N/A:  | N/A:  | N/A:  | N/A:  | N/A:  | N/A:  | N/A:  | N/A:  | N/A:  | N/A:  | N/A:  | N/A:  | N/A: ;Arriaga;cap.;;De idem vapor Caba, cap. Arriaga, con 279 cueros, 25 tercios y 1 c. cora, 21 bar. sobo. 135 tercios tabaco, 12 86rones plátano, 25 barriles aceito coco, & llos suela, 2 cascos y 1 barril jamones, 20. y 1 fardo ropa 1 c. rapadora, 6 sacos cacao, 1 barril café, 1 c sombreros, 19 bar. gua yabas, 9 id. limones, 1 c. pastillas, 1 c. tafilets y l'illburi.;;Caba;vapor;1871_04_30;idem
;;N/A:  | N/A:  | N/A:  | N/A:  | N/A:  | N/A: ;Vega;cap.;;Do Calbarion y Sagas la Grando vapor Nuevo Almendares, cap. Vega, con 12 seronos platanos. 3 caballos, 1 tercerola azúcar, 1 barril café, 1 c. efectos y 1 carruaje.;;Nuevo Almendares;vapor;1871_04_30;Calbarion
;;N/A:  | N/A: ;Coyula;p.;;De la Teja g. Dos Sollas, p. Coyula, con 360 c. y 16 bo.. cores azúcar;;Dos Sollas;g.;1871_04_30;Teja
;;N/A:  | N/A: ;Garreton;cap.;;De Cárdenas vapor Cárdenas, cap. Garreton, 1,200 c. azúcar y 15 pipas aguardiente.;;Cárdenas;vapor;1871_04_30;Cárdenas
;;N/A: ;Herrera;p.;;De idem g. Mercedita, p. Herrera, con 500 c. de azú car;;Mercedita;g.;1871_04_30;idem
;;N/A:  | N/A: ;Inclan;p.;;De Cabañas g. Josefa, p. Inclan, 500 c. y 10 bocores azúcar;;Josefa;g.;1871_04_30;Cabañas
;;N/A:  | N/A:  | N/A:  | N/A: ;Gallego;p.;;De Bajas gol. Carmen Nombre de Dios, p. Gallego, 400varas madera labrala, 153 ancos carbon, 50 piezas inade. ra do construccion, 20 juegos cirreta.;;Carmen Nombre de Dios;gol.;1871_05_02;Bajas
;;N/A:  | N/A:  | N/A:  | N/A:  | N/A:  | N/A: ;Amengual;p.;;De Rio Banco gol. Catalina, p. Amengual, 300 sacos carbon, 200 estacas, 170 atravesaños, 60 piezas madera, 51 gar. miol de abeja, 19 ar. cera.;p.;Catalina;gol.;1871_05_02;Rio Banco
;;N/A: ;Mayana;p.;;De la Mulata gol. Teresita, p. Mayana, GCO sacos carbon.;;Teresita;gol.;1871_05_02;Mulata
;;N/A: ;Torres;p.;;De idem gairo Artunado, p. Torres, 103 q. cáscara mango.;;Artunado;gairo;1871_05_02;idem
;;N/A: ;Suarez;p.;;De Cabañas bal. Hilarie, p. Suarez, 100 varas madera del pala.;;Hilarie;bal.;1871_05_02;Cabañas
;;N/A: ;Amaja;p.;;De Dominica gol Isabalita, p. Amaja, 159 c. de azúcar.;;Isabalita;gol;1871_05_02;Dominica
;;N/A:  | N/A:  | N/A:  | N/A:  | N/A:  | N/A: ;D. Bernaza;;;Da Nuavitas y S Mer na berg. gol. Segonda Canti: nera, D. Bernaza 201 sasezoba y cedro, 4 bar, 32 ter, 2medias pipas y 1 pin asbo.;gol.;Segonda Canti;berg.;1871_05_02;Nuavitas
;;N/A:  | N/A:  | N/A: ;Cabral;p.;;De S. la Grando gol. Ramoneita, p. Cabral, 1800 encos carbon, 200 tendidos soga majagaa, 1 c. cera.;;Ramoneita;gol.;1871_05_02;S. la Grando
;;N/A: ;Cabrera;p.;;De S. Morinag 1. Si Manuelas, p. Cabrera. 50 c. y;;Si Manuelas;1.;1871_05_02;S. Morinag
;;N/A: ;Rodriguez;p.;;De idem gol. Disna, p. Rodriguez, r00 s. carbos.;;Disna;gol.;1871_05_02;idem
;;N/A: ;Almansa;p.;;"De iloa gol. Josefs, p. Almansa; 600 s. carbon.";;Josefs;gol.;1871_05_02;iloa
;;N/A:  | N/A: ;Vazquez;p.;;De dem gol. Joaquina, p. Vazquez, 417 c. y 40 loc. azúcar.;;Joaquina;gol.;1871_05_02;dem
;;N/A: ;Martin;p.;;De idem gol. A. Josefa, p. Martin, 430 c. 5 90 boc. a zúcar;;A. Josefa;gol.;1871_05_02;idem
;;N/A:  | N/A: ;Badaró;p.;;De idem gol. Victoria, p. Badaró, 430 o. y 38 boc. azúcar, 1 caj ta maquinaria.;;Victoria;gol.;1871_05_02;idem
;;N/A: ;Juan;p.;;De idem gol. Nueva Rosita, p. Juan, 60 c. azúcar;;Nueva Rosita;gol.;1871_05_02;idem
;;N/A: ;Mascaró;p.;;De ieu go!. Jóvon Pilar, p. Mascaró, 500 c. azúcar;;Jóvon Pilar;go!;1871_05_02;ieu
;;N/A: ;Ensoñnt;p.;;De idem gol. Trea Teresas, p. Ensoñnt, CO6 c. azúcar;;Trea Teresas;gol.;1871_05_02;idem
;;N/A:  | N/A: ;Cuevas;p.;;De idem gol. Inés, p. Cuevas, 40 c. azúcar, 1 caja sillas.;;Inés;gol.;1871_05_02;idem
;;N/A: ;Nañez;p.;;De idam gol. N. s. del Carmon. p. Nañez, 510 c. azcar.;;N. s. del Carmon;gol.;1871_05_02;idam
;;N/A: ;Roselló;p.;;De idem go. Javen Grtrulis, p Roselló, 430 c. azú car;;Javen Grtrulis;go.;1871_05_02;idem
;;N/A:  | N/A:  | N/A:  | N/A:  | N/A:  | N/A:  | N/A: ;Jofre;ep.;;De idem vapor Comanditatio, ep. Jofre, 1303 c. azúcar, 2sa os horas de zapate, 2 serones cueros no carnero, 12 ios y tercios entres, Lardos carnaza,1 e sombrero, 1 quipaje.;;Comanditatio;vapor;1871_05_02;idem
;;N/A: ;Barrera;p.;;De idem berg. gol. Amistad. p. Barrera, 680 c. azúcar.;;Amistad;berg.;1871_05_02;idem
;;N/A:  | N/A: ;Rodriguoz;p.;;De Matanzas gol. Elvira. p. Rodriguoz, 2000 ar. tasajo, 450, y Gor. as car, 1 moviliario usado.;;Elvira;gol.;1871_05_02;Matanzas
;;N/A:  | N/A:  | N/A:  | N/A: ;Daran;p.;;De Jarneo bote N. S. del Carmen, p. Daran, 72 c. azúcar, cuar, siel de purga, 40 fanegas maiz.;;N. S. del Carmen;bote;1871_05_02;Jarneo
;;N/A:  | N/A: ;Bernaza;p.;;De Puero do! Padreal. Tres Hermanas, p. Bernaza, 113 buc. azúcar, 10 caeres al pelo.;;Tres Hermanas;p.;1871_05_02;Puero
;;N/A: ;Badia;p.;;De la Teja gol. J-abel Segunda, p. Badia, 700 sacos carbon;;J-abel Segunda;gol.;1871_05_03;la Teja
;;N/A: ;Segoi;p.;;De Mantua pail. Fenix, p. Segoi, 500 sacos carbon;;Fenix;pail.;1871_05_03;Mantua
;;N/A:  | N/A: ;Lopez;p.;;De idem gol. Caballo Marino, p. Lopez, 300 cajas y 18 bocoyes azúcar y 16 pipas aguardiente.;;Caballo Marino;gol.;1871_05_03;idem
;;N/A: ;Lopez;p.;;De Cavos de Barlovento viv. F.liz, p. Lopez, 500 pesca los vir 8;;F.liz;viv.;1871_05_03;Cavos de Barlovento
;;N/A: ;Carbonell;p.;;De Cayos de Stavento viv. Ligera, p. Carbonell, 500 peacados viros;;Ligera;viv.;1871_05_03;Cayos de Stavento
;;N/A: ;Docurro;p.;;De Sonda de Campecho viv. Monroe, p. Docurro, CO pescados vivos.;;Monroe;viv.;1871_05_03;Sonda de Campecho
;;N/A:  | N/A:  | N/A:  | N/A:  | N/A:  | N/A:  | N/A:  | N/A:  | N/A: ;Rayo;cap.;;Da Casilda berg. Trinidad, cap. Rayo, 51 roilos plomo, 20 barri'es minio, CCO barritas de plomo, 140 cajas municion, 65 docenas alcarrazas de barro. 98 tinajas, 12 docenas porrones, 230 kilogramos loza y 80 cuñetes milio;;Trinidad;berg.;1871_05_03;Casilda
;;N/A:  | N/A: ;Lopez;p.;;De Carahatas gol. Tres Hermanas, p. Lopez: 500 e. y Co boc. azúcar, 50 sacos niniz.;;Tres Hermanas;gol.;1871_05_04;Carahatas
;;N/A: ;Castro;p.;;"De idom go!. Victoria, p Castro; 000 sacos carbon.";;Victoria;go!;1871_05_04;idom
;;N/A: ;Gonzalez;;;De idem gol. Sofia, . Gonzalez, 100c azúcar.;;Sofia;gol.;1871_05_04;idem
;;N/A: ;Fierro;p.;;"De Canasi gol. Loba Marina, p. Fierro; 100 boc. miel do purga.";;Loba Marina;gol.;1871_05_04;Canasi
;;N/A:  | N/A: ;Cervera;p.;;"De Cabañas gol. Maria. p. Cervera; 650 c. y 27 estuches azúcar.";;Maria;gol.;1871_05_04;Cabañas
;;N/A: ;;;;De la Mulata go!. Doloros, 1. Escanellas: 700 eacos carbon.;;Doloros;go!;1871_05_04;Mulata
;;N/A: ;Martin;p.;;"De Cárdenas gol. Guacamaya, p. Martin; 520 c. azúcar.";;Guacamaya;gol.;1871_05_04;Cárdenas
;;N/A: ;Suao;p.;;De la Malata gol. Especulacion, p. Suao, 600 sacos carbon;;Especulacion;gol.;1871_05_05;Malata
;;N/A: ;Amaya;p.;;De la Dominica gol, Isabelita, p. Amaya, 1.9 cajas azúcar;p.;Isabelita;gol;1871_05_05;Dominica
;;N/A:  | N/A: ;Padilla;p.;;De Banes gol. Concha, p. Padilla, 160 cajas y 19 bocoyes azúcar;;Concha;gol.;1871_05_05;Banes
;;N/A:  | N/A: ;Badaró;p.;;De Cárdenas gol. Victoria, p. Badaró, 133 cajas y 35 b: cores azúcar;;Victoria;gol.;1871_05_05;Cárdenas
;;N/A: ;Bosch;p.;;De Cárdenas gol. Juanita, p. Bosch, Gro cajas azúcar;;Juanita;gol.;1871_05_05;Cárdenas
;;N/A: ;Inclan;p.;;De Cabañas gol. Josefa, p. Inclan, 513 c. azúcar.;;Josefa;gol.;1871_05_05;Cabañas
;;N/A: ;Fernandez;pat.;;De Corojal gol. Josefa, pat. Fernandez, 600 sacos carbon.;;Josefa;gol.;1871_05_06;Corojal
;;N/A:  | N/A:  | N/A:  | N/A:  | N/A: ;Cudillero;p.;;De id. g. M. p. Cudillero, 3,000 qq tasajo, 42 c. aceito, carbon, 7 torcios suela y vaqneta.;;M.;g.;1871_05_06;Cudillero
;;N/A: ;Nuñez;p.;;De Jaruco g. Ntra. Sra. del Cármen, p. Nuñez, 130 fanegas maiz.;;Ntra. Sra. del Cármen;g.;1871_05_06;Jaruco
;;N/A:  | N/A: ;Viesa;;;De id. g. Jaraqueña, p. Viesa, 200 c. azúcar, 33 cuarterolas vacias.;;Jaraqueña;p.;1871_05_06;id. g.
;;N/A:  | N/A:  | N/A: ;Gorrin;pat.;;Do Bahia Honda gol. Carmita, pat. Gorrin, 100 bocores mascabado, 70 caballos lefia, 45 sicos de carbon.;;Carmita;gol.;1871_05_06;Bahia Honda
;;N/A: ;Ros;p.;;De la Teja g Manuela de Sagua, p. Ros, 800 zacos carbon.;;Manuela de Sagua;g;1871_05_06;la Teja
;;N/A: ;Cobos;p.;;De Ortigosa g. Ntra. Sra. dol Cármen, p. Cobos, 190 c. azúcar.;;Ntra. Sra. dol Cármen;g.;1871_05_06;Ortigosa
;;N/A:  | N/A:  | N/A:  | N/A:  | N/A:  | N/A:  | N/A:  | N/A:  | N/A: ;;p.;;De Sagua la Grando g. Cuba, p. Lago, 1684 docenasaoga majagus, 184 tercios majagua, 21 bocoy miel do purga 15 garrafones y 7 tercerolas miel de abeja, 6 pp. vacías, una caja y un barril cera, on barril vino, 10. oon una romana y 1 lio papel.;Cuba;Lago;g.;1871_05_06;Sagua la Grando
;;N/A:  | N/A: ;Martinez;p.;;De Cárdenas g. M. Josefa, p. Martinez, 430 c. y 90 bocoyes azúcar.;;M. Josefa;g.;1871_05_06;Cárdenas
;;N/A: ;Anglada;pat.;;De la Mulata golata Santa Ana, pat. Anglada, 600 sacos carbon.;;Santa Ana;golata;1871_05_06;Mulata
;;N/A:  | N/A: ;Febrer;p.;;"De Mantua gol. Neptuno; p. Febrer, 300 varas madera 400 savos carbon.";;Neptuno;gol.;1871_05_07;Mantua
;;N/A: ;Vives;p.;;De idom gol. Segunda Rosa, p. Vives, 800 sacca carbon.;;Segunda Rosa;gol.;1871_05_07;idom
;;N/A: ;Juau;p.;;De Cárdenas g. Nueva Rosita, p. Juau, con 514 cajas;;Nueva Rosita;g.;1871_05_09;Cárdenas
;;N/A: ;Badaró;p.;;De Cárdenas gol. Victoria, p. Badaró, 533 cojas azúcar;;Victoria;gol.;1871_05_09;Cárdenas
;;N/A: ;Herrera;p.;;De Cárdenas gol. Mercedita, p. Herrera. 500 cajas azúcar.;;Mercedita;gol.;1871_05_09;Cárdenas
;;N/A:  | N/A: ;Martin;p.;;De Cárdenas gol. Maria Josefa, p. Martin, 430 cajas y 90 bocores azúcar;;Maria Josefa;gol.;1871_05_09;Cárdenas
;;N/A: ;Enseñit;p.;;De Cárdenas gol. Tros Teresa, p. Enseñit, 600 cajas azúcar;;Tros Teresa;gol.;1871_05_09;Cárdenas
;;N/A: ;Paira;p.;;De Cárdenas gol. General La Mar, p. Paira. 380 orjas;;General La Mar;gol.;1871_05_09;Cárdenas
;;N/A:  | N/A: ;Vasquez;p.;;De Cárdenas gol. Joaquina, p. Vasquez, 430 cajas y 40 bocoses azúcar.;;Joaquina;gol.;1871_05_09;Cárdenas
;;N/A: ;Barrera;p.;;De Cárionas berg. gol. Amistad, p. Barrera, 850 cajas azúcar;gol.;Amistad;berg.;1871_05_09;Cárionas
;;N/A:  | N/A: ;l'erelló;p.;;De Cárdenas gol. Tres Marias, p. l'erelló, 500 cajas azúcar y 1 idem loza;;Tres Marias;gol.;1871_05_09;Cárdenas
;;N/A:  | N/A: ;Fariñas;p.;;De Cárdenas gol Anita, p. Fariñas, 900 cajas azúcar y 16 rere. miel abojas.;;Anita;gol.;1871_05_09;Cárdenas
;;N/A: ;Carbonell;p.;;De Matanzas gol. Margarita, p. Carbonell, 600 cajas azacar;;Margarita;gol.;1871_05_09;Matanzas
;;N/A:  | N/A: ;Belfat;p.;;De Matanzas gol. Amalia, p. Belfat, 384 c. y 43 boooyea azúcar, 80 pipas aguardiento;;Amalia;gol.;1871_05_09;Matanzas
;;N/A:  | N/A:  | N/A: ;Darán;p.;;De Jaruco gol. Ntra. Sra. del Cármon, p. Darán, (0 cajse azúcar, 26 cuarterolas mie! de purga, & fanegas maiz.;;Ntra. Sra. del Cármon;gol.;1871_05_09;Jaruco
;;N/A:  | N/A: ;Montero;p.;;De Cayos do Barlovento viv. Feliz Conchita, p. Montero. 500 pescados vivos y 100 qq. pescado salado.;;Feliz Conchita;viv.;1871_05_09;Cayos Barlovento
;;N/A:  | N/A: ;Deulofeo;p.;;De Cabañas gol. Ntra. Sra. del Carmen, p. Deulofeo, 340 cajas azúcar y 10 pipas aguardiente;;Ntra. Sra. del Carmen;gol.;1871_05_09;Cabañas
;;N/A: ;Lopez;p.;;De Sierra Morena g. Amalia p. Lopez, 300 caj. azúcar.;;Amalia;g.;1871_05_09;Sierra Morena
;;N/A:  | N/A:  | N/A:  | N/A: ;Jofre;cap.;;De Cárdenas vap. Comanditario cap. Jofre, 1300 c. azúcar, 8 los cueros, 1 c. cigarros, 1 gar. melido. Do id. vap.Cárdenas cap. Garreton 1400 c. azúcar.;;Comanditario;vap.;1871_05_09;Cárdenas
;;N/A:  | N/A:  | N/A: ;Calvo;p.;;De Gibara gol. Matildo, p. Calvo, 1337 sacos maiz, cajas tocincta. y 1 caja azadas.;;Matildo;gol.;1871_05_10;Gibara
;;N/A: ;Cabrera;p.;;De Sierra Morena gol. Maria, p. Cabrera, 500 çajas azúcar.;;Maria;gol.;1871_05_10;Sierra Morena
;;N/A: ;Gisper;p.;;De la Teje gol. Dos de mayo, p. Gisper, 820 sacos carbon.;;Dos de mayo;gol.;1871_05_10;la Teje
;;N/A: ;Alemsu;p.;;De Cárdenas gol. Panchita, p. Alemsu, 490 cajas azu̸car.;;Panchita;gol.;1871_05_10;Cárdenas
;;N/A:  | N/A:  | N/A: ;Macip;p.;;De Sants Croz gol Santa María del Rosario, p. Macip, 320 cajas azúcar, 50 sacos maiz, y 19 cuarts. mici de abojas.;;Santa María del Rosario;gol;1871_05_10;Sants Croz
;;N/A: ;Martorell;p.;;De Cárdenas gol. Trinidad, p Martorell, 310 cajas azúcar.;;Trinidad;gol.;1871_05_10;Cárdenas
;;N/A: ;Mescaró;p.;;De Cárdenas gol. Jóven Pilar, p. Mescaró, 500 cajas azúcar.;;Jóven Pilar;gol.;1871_05_10;Cárdenas
;;N/A: ;Leal;p.;;De Sierra Morena gol. América, p. Leal, 310 cajas azuсаг.;;América;gol.;1871_05_10;Sierra Morena
;;N/A: ;Villa'onga;p.;;De idem g. Teresita, p Villa'onga, con 600 racos de 031 bon;;Teresita;g.;1871_05_11;idem
;;N/A: ;Ferier;p.;;De idem g. Sofia p. Ferier, con 800 sacos carbon;;Sofia;g.;1871_05_11;idem
;;N/A: ;Almacza;p.;;De idem g. Jesel's, p. Almacza, con 600 sacos de carbɔn;;Jesel's;g.;1871_05_11;idem
;;N/A:  | N/A:  | N/A: ;Cervera;p;;De Cabañas. Maria, p Cervera, con 630 cajas y 114 atuches de azúcary 10 Lipas aguardiento;;Maria;;1871_05_11;Cabañas
;;N/A: ;Amaya;p.;;De la Dominica g. Isabelita, p. Amaya, con 189 cajas de azúcar;;Isabelita;g.;1871_05_11;Dominica
;;N/A:  | N/A:  | N/A:  | N/A:  | N/A: ;Cusi;cap.;;De San Cayetano, Rio Blanco y Bahia Honda vapor Bahia Honda, cap. Cusi, con 54 sacos cáscara de mangle, 12 cajas azúcar, 12 sacos sarbon, 2 barfiles almidon y u caja de aves.;;Bahia Honda;vapor;1871_05_11;San Cayetano
;;N/A: ;Llorca;p.;;"De Cayos de Sotavento vivero Cármen, p. Llorca; 500 pescados vivos.";;Cármen;vivero;1871_05_12;Cayos de Sotavento
;;N/A:  | N/A:  | N/A:  | N/A:  | N/A:  | N/A:  | N/A:  | N/A:  | N/A: ;Casteleiro;p.;;"De Sin Cayetano gol. Manuelita, p. Casteleiro; 450 B. carbon, 400 caballos icña, 250 varas madera, 250 a. c3cara mangle, 100 palos guauo, 70 cortas sugo, 40 gar. miel de abejan, 21 horcones, 20 cortes cama";;Manuelita;gol.;1871_05_12;Sin Cayetano
;;N/A:  | N/A: ;Llabre;p.;;De Sierra Morena gol. Cef-rina, p. Llabre: 103 c. y 3 estuches azúcar, CO boc. miel concentrada.;;Cef-rina;gol.;1871_05_12;Sierra Morena
;;N/A: ;Rojas;p.;;"De la Teja gol. Castilla, p. Rojas; 480 c. azúcar.";;Castilla;gol.;1871_05_12;la Teja
;;N/A: ;Garreton;cp.;;"De idem vapor Cárdenas, cp. Garreton; 1300 c. de azú01г..";;Cárdenas;vapor;1871_05_12;idem
;;N/A:  | N/A:  | N/A:  | N/A:  | N/A:  | N/A:  | N/A: ;Jofro;cp;;De idem vapor Comanditario, cp Jofro: 12:0 c. azúcar 27 s. carbon, 1 banl efectcs, 2 c. cigarros, 3 los cueros, 1 c. tabaco, 1 c. de hierro.;;Comanditario;vapor;1871_05_12;idem
;;N/A: ;Vilasuso;p.;;"De Cabañas gol. Conchita, p. Vilasuso; 412 0. azúcar.";;Conchita;gol.;1871_05_12;Cabañas
;;N/A:  | N/A: ;Roselló;p.;;De idem goi. Esmeralda. p. Roselló: 392 c. y 13 buc. azúcar, 30 pipas agu rdiente.;;Esmeralda;goi.;1871_05_12;idem
;;N/A: ;Fernandez;p.;;De la Teja bal. Covadonga, p.. Fernandez, COD 100 . carbon ';;Covadonga;bal.;1871_05_13;la Teja
;;N/A: ;Dobarro;p.;;De la Teja g. Jóvon Magdalena, p. Dobarro, con 1,500 8. carbon;;Jóvon Magdalena;g.;1871_05_13;la Teja
;;N/A: ;Enseñat;p.;;De Cárdenas g. Tres Teresas, p. Enseñat, con 620 c. azúcar;;Tres Teresas;g.;1871_05_13;Cárdenas
;;N/A: ;Naranjo;p.;;De Cárdenas g. Rayo, p. Naranjo, con 580 o do azúoar;;Rayo;g.;1871_05_13;Cárdenas
;;N/A:  | N/A:  | N/A:  | N/A: ;Cuebas;p.;;De Cárdenas g. Inés, p. Cuebas, con 455 c. do azúcar, 50 a. garbanzos, 3 barriles de almidon y 2 sacos do cominos;;Inés;g.;1871_05_13;Cárdenas
;;N/A: ;Ferrer;p.;;De Baracos hote Cocilia Manuela, p. Ferrer, con 32 bocoyos mascabado;;Cocilia Manuela;hote;1871_05_13;Baracos
;;N/A: ;Sorá;p.;;De Jaimanitas bote San Anselmo, p Sorá, con 8000 12drillos;;San Anselmo;bote;1871_05_13;Jaimanitas
;;N/A:  | N/A:  | N/A:  | N/A:  | N/A:  | N/A:  | N/A:  | N/A:  | N/A:  | N/A:  | N/A:  | N/A:  | N/A:  | N/A:  | N/A:  | N/A:  | N/A:  | N/A:  | N/A:  | N/A:  | N/A: ;Mas.;cap.;;De Santiago de Cuba y.escalas vapor Clara, cap. Mas.. con 100 a. naiz, 286 cueros, o tercios cera, 21 barril goasabas, 23,000 plátanos, 52 serones y 18 racimos plátagos U barriles cafè, 23 barriles y pipa sebo, 2 c. po oteros, 1 c. mercancias, 1c calzado, 1c. tiota, 1 c. efectos, 3 barrilea aceite de coco. 1 o. malakoff, 2 barrilos ron, 1 caja y 4 paquetes sombreros, 3 a. cominos, 4 c. dulces, 130 tabales sardinas, 1 barril azúcar;y.;Clara;vapor;1871_05_13;Santiago de Cuba
;;N/A: ;Pineiro;p.;;De Rio Blanco g. Teresita, p. Pineiro, con 326 varas inadora;;Teresita;g.;1871_05_13;Rio Blanco
;;N/A: ;Torres;p.;;De la Mulata guairo Afortunado, p. Torres, con 118 qlos. cáscara mangle.;;Afortunado;guairo;1871_05_13;la Mulata
;;N/A:  | N/A:  | N/A: ;Macip;pat.;;De Santa Craz g. Maria del Rosario, pat. Macip, 200 cajas azúcar, 2008. y 100 fanegas naiz, 9 cerdos.;;Maria del Rosario;g.;1871_05_14;Santa Craz
;;N/A:  | N/A: ;Rodriguez;pat.;;De Cabañas g. Cédro, pat. Rodriguez, 244 c. y 37 bocoyes azúcar.;;Cédro;g.;1871_05_14;Cabañas
;;N/A:  | N/A:  | N/A:  | N/A: ;Gonzalez;cap.;;De Santiago de Cuba y escalas vap. Moctezuma, cap. Gonzalez, 1000 plátanos, 56 s. café. 4 c. ropa, 1 c. con una cama.;;Moctezuma;vap.;1871_05_14;Santiago de Cuba
;;N/A: ;Casteleiro;p.;;De Arroyos vivero Dolores, p. Casteleiro, 500 pescadoa vive 8.;;Dolores;vivero;1871_05_14;Arroyos
;;N/A: ;Montero;pat.;;De idem vivero Auita, pat. Montero, 500 pescados vitos.;;Auita;;1871_05_14;idem vivero
Día 01:;;N/A: ;Gonzalez;pat.;;Del Mariel gol. Altagracia, pat. Gonzalez: 310 cajas aznicar.;;Altagracia;gol.;1871_05_16;Mariel
;;N/A: ;Barrera;pat.;;Do Cárdenas berg. gol. Amistad, pat. Barrera: 850 cajan azúcar.;gol.;Amistad;berg.;1871_05_16;Cárdenas
;;N/A:  | N/A:  | N/A:  | N/A:  | N/A:  | N/A:  | N/A:  | N/A: ;Cacho;cap.;;De Santiago de Caba y escalas tap Bircolona, capitan Cacho: 25,300 plátanos, sacos café, 1 caja y fardo ropa, 1 caja calzado, 2 torcerolas, 2 cuartetolas y 1 barril ecbo, 1 caja efectos.;;Bircolona;tap;1871_05_16;Santiago de Caba y escalas
Día null:;;N/A: ;Martin;pat.;;De Cárdenas gol. Matia Josefa, pat. Martin: 700 cajas azúcar.;;Matia Josefa;gol.;1871_05_16;Cárdenas
;;N/A:  | N/A: ;Dnran;pat.;;Do Baracca gol. Doloritas, pat. Dnran: £6) cajas azú, саг.;;Doloritas;gol.;1871_05_16;Baracca
Día null:;;N/A: ;Herrera;pat.;;De Cárdenas gol. Mercedita, pat. Herrera: 500 cajas azúcar.;;Mercedita;gol.;1871_05_16;Cárdenas
Día null:;;N/A: ;Nuñez;pat.;;De Cirdenas gol. Ntra. Sra. dol Cármen, pat. Nuñez: 510 cajas azúcar.;;Ntra. Sra. dol Cármen;gol.;1871_05_16;Cirdenas
Día null:;;N/A: ;Fariña;pat.;;De Cárdenas gol. Anita, pat. Fariña: 900 cajas azúcar.;;Anita;gol.;1871_05_16;Cárdenas
;;N/A:  | N/A:  | N/A:  | N/A:  | N/A:  | N/A:  | N/A: ;Fuentes;pat.;;De Matanzas gol. Adela, pat. Fuentes: 440 cajan y 4 estuches azúcar, 121 bairil cerveza, 20 idem sabo, 10 torcles suola, 1 paca crin, 1 caja efectos y varios muebles usados.;;Adela;gol.;1871_05_16;Matanzas
;;N/A:  | N/A: ;Inclan;p.;;De Cabañas g. Josefa, p. Inclan, 460 cajas azúcar y 2 pipas aguardiente.;;Josefa;g.;1871_05_17;Cabañas
;;N/A:  | N/A: ;Cabrera;p.;;De Cabañas g. Maria. p. Cabrera, (60 cajas azúcar y 6 pinas agnardiente.;;Maria;g.;1871_05_17;Cabañas
;;N/A:  | N/A:  | N/A: ;Cabrera;p.;;De Sierra Morena g. Sela Manuelas, p. Cabrera, 910 c. aznear, 14 vipas agaardiente y 1 montura.;;Sela Manuelas;g.;1871_05_17;Sierra Morena
;;N/A: ;;p.;;De la Tejag. Habanera, p. Montero, 600 sacta de carbon.;;Montero;Habanera;1871_05_17;Tejag.
;;N/A: ;Perelló;p.;;De Cárdenas g. Tres Marias, p. Perelló, 500 caja de azúcar.;;Tres Marias;g.;1871_05_17;Cárdenas
;;N/A:  | N/A:  | N/A: ;Garriga;p.;;De Puerto Escondido g. Inés, p. Garriga, 300 sacos car bony 150 caballoa leña.;;Inés;g.;1871_05_17;Puerto Escondido
;;N/A: ;Vazquez;p.;;"De árdenas g. Joaquina; p. Vazquez, 600 cajas do azúcar.";;Joaquina;g.;1871_05_17;árdenas
;;N/A: ;Cabrera;p.;;De Carabatas gol. Marianita, p. Cabrera, 700 sacos do carbon.;;Marianita;gol.;1871_05_18;Carabatas
;;N/A:  | N/A: ;Coyula;p.;;De la Toja g. Dos Sofias, p. Coyula, 350 cajas azúcar y 40 cuarterolas miel de purga,;;Dos Sofias;g.;1871_05_18;la Toja
;;N/A: ;Garriga;pat.;;De idem goleta Júcaro, patron Garriga, 700 zacos do carbon.;;Júcaro;goleta;1871_05_18;idem
;;N/A:  | N/A: ;Rodriguez;p.;;De la Toja g. Dos Amigos, p. Rodriguez, 218 c. azúcar y 41 bocoy miol de purga.;;Dos Amigos;g.;1871_05_18;la Toja
;;N/A: ;Toledo;patron;;De item gol, San José, patron Toledo, 650 atravesafios.;;San José;gol;1871_05_18;item
;;N/A:  | N/A: ;Macip;p.;;De Santa Cruz g. Maria del Rosario, p. Macip, 300 cajas azúcar y 10 cerdos.;;Maria del Rosario;g.;1871_05_18;Santa Cruz
;;N/A:  | N/A: ;Martin;p.;;De Cárdenas g. (inacamaya, p. Martin, 430 cajas y 18 bocoyes azúcar.;;inacamaya;g.;1871_05_18;Cárdenas
;;N/A: ;Mascaró;p.;;De Cárdenas g. Jóven Pilar. p. Mascaró, 270 cajas azúcar.;;Jóven Pilar;g.;1871_05_18;Cárdenas
;;N/A:  | N/A:  | N/A: ;Escandell;p.;;De Babia Honda g. Bahia Honda, p. Escandell, 90 sacos cáscara de mangle, 18 cortos carreta y 8 pipas de agurdlento.;;Bahia Honda;g.;1871_05_18;Babia Honda
;;N/A:  | N/A: ;Rodriguez;p.;;De Sierra Morona g. Pastora, p. Rodriguez, 591 cajas 580 bocs azúcar.;;Pastora;g.;1871_05_20;Sierra Morona
;;N/A: ;ionzalez;p.;;De Sierra Morena g. Sofia, p. (ionzalez, 500 cajas de azúcar.;;Sofia;g.;1871_05_20;Sierra Morena
;;N/A: ;Torres;pat.;;De la Teja gol. Dorotea, patron Torres, 330 cajas do azúcar.;;Dorotea;gol.;1871_05_20;Teja
;;N/A: ;Pujol;pat.;;De Cárdenas goleta Clio, patron Pujol, 523 cajas do azúcɔr.;;Clio;goleta;1871_05_20;Cárdenas
;;N/A: ;Duraɔ;p.;;De Jaraco b. Nuestra Sra. del Carmen, p. Duraɔ, 140 cajas azúcar.;;Nuestra Sra. del Carmen;b.;1871_05_20;Jaraco
;;N/A:  | N/A:  | N/A:  | N/A: ;Piñeiro;p.;;De Mantua g. Eugenia, p. Piñeiro, 400 sacos carbon, 100 palos madora, 11 garrafs miel de abeja y arrobas сега.;;Eugenia;g.;1871_05_20;Mantua
;;N/A: ;Dominguez;p.;;De Cabañas g. Amable Rosita, p. Dominguez, 700 saces carbon.;;Amable Rosita;g.;1871_05_20;Cabañas
;;N/A: ;Amaya;p.;;De Dominica goleta Isabelita p. Amaya, 155 cojas azúcar.;p.;Isabelita;goleta;1871_05_20;Dominica
;;N/A:  | N/A: ;Padilla;p.;;De Banos g. Concha, p. Padilla, 130 cajas y 50 bosoyes azúcar.;;Concha;g.;1871_05_20;Banos
;;N/A: ;Sota;p.;;De Juanitas b. Sin Auso'me, p. Sota, 000 'ari ilos.;;Sin Auso'me;b.;1871_05_20;Juanitas
;;N/A:  | N/A:  | N/A: ;Cusi;cap.;;De San Cayetano y Bahia Honda vapor Balta Honda, cap. Cusi, 781 cajas y 24 bocoy es azúcar, 12 sacos carbon tc. tabaco y 1 matul carne,;;Balta Honda;vap.;1871_05_20;San Cayetano y Bahia Honda
;;N/A:  | N/A:  | N/A:  | N/A:  | N/A:  | N/A: ;lmar;p.;;De Sagan la Grando gol. Paqueto do Sag 18, p. lmar, 16.0 dosenss soga majagua, 100 varas czoba, 30 palos jugaro, 3 boco, es cobre, 3 cajas azúcar, 2 cajas efeo. tos escaparate.;;Paqueto;gol.;1871_05_21;Sagan
;;N/A: ;Barrera;p.;;De Cardonas berg, gol. Amistad, p. Barrera, 850 cajas azúcar;;Amistad;berg;1871_05_21;Cardonas
;;N/A: ;Badaró;p.;;De Cárdenas goleta Victoria, p. Badaró, 510 cajas azúcar;;Victoria;goleta;1871_05_21;Cárdenas
;;N/A: ;Nuñez;p.;;De Cárdenas goleta N. S. del Carmen, p Nuñez, 510 cajas azúcar.;;N. S. del Carmen;goleta;1871_05_21;Cárdenas
;;N/A: ;Bosch;p.;;De Card-nas goleta Juanita, p. Bosch, 600 cajas azú. car.;;Juanita;goleta;1871_05_21;Card-nas
;;N/A:  | N/A: ;Bosch;p.;;De Sierra Morena galeta Union, p. Bosch, 170 cajas a 21 car.;;Union;galeta;1871_05_21;Sierra Morena
;;N/A:  | N/A: ;Juan;p.;;De Cárdenas goleta Generala, p Juan, 100 cajas y 21 estichte azúcar.;;Generala;goleta;1871_05_21;Cárdenas
;;N/A: ;Martorell;p.;;De Cárdenas goleta Trinidad, p. Martorell, 310 cajas azúcar.;;Trinidad;goleta;1871_05_21;Cárdenas
;;N/A:  | N/A: ;Aleman;p.;;De Cárdenas goleta Panchita. p. Aleman, 490 onjas azúcar y 2 sacos frijoles.;;Panchita;goleta;1871_05_21;Cárdenas
;;N/A:  | N/A: ;Arbona;p.;;De Calbarion, g. Engracia, p. Arbona, 100 reз0s 10 ca. ballos lefia.;;Engracia;g.;1871_05_23;Calbarion
;;N/A:  | N/A:  | N/A: ;Llabre;p.;;De id., g. Ceferina, p. Llabre, 350 c. azúcar, 100 bocoyes miet concentrado, 10 armaduras de catro.;;Ceferina;g.;1871_05_23;id.
;;N/A: ;General la Mar;pat.;;De Cárdenas, General la Mar, p. Pavia. 380 cajas azúcar.;;Pavia;p.;1871_05_23;Cárdenas
;;N/A: ;Fariñas;p.;;De id, g. Anita, p. Fariñas, 900 c. azúcar.;;Anita;g.;1871_05_23;id
;;N/A: ;Enseñat;pat.;;De id, Tros Teresas, p. Enseñat, GO c. azúcar.;;Tros Teresas;p.;1871_05_23;id
;;N/A: ;Orbay;p;;De Teja. g. Ceferina p Orbay, 605 Bacɔs carbon.;;Ceferina;g.;1871_05_23;Teja
;;N/A: ;Ro;;;De idg. Manuela Ságua, p. Ro, 800 saces carbon.;;Manuela Ságua;p.;1871_05_23;idg.
;;N/A: ;Pelaez;p.;;De Sierra Morena, g. Engracia, p. Pelaez, 266 c azúcar. boroyes id., 12 pp guardiento.;;Engracia;g.;1871_05_23;Sierra Morena
;;N/A: ;Suao;p.;;De Canasi, g. Corros Canari, p. Suao. 20 boca. mie! concentrada.;;Corros Canari;g.;1871_05_23;Canasi
;;N/A:  | N/A: ;López;p.;;De Cabañas gol. Caballo Marine, p. López, 400 cajas azúcar, 16 pipas aguardiento.;;Caballo Marine;gol.;1871_05_24;Cabañas
;;N/A: ;Hernandez;p.;;De Sierra Morena gol. Angelita, p. Hernandez 640 cajas azúcar;;Angelita;gol.;1871_05_24;Sierra Morena
;;N/A:  | N/A:  | N/A: ;Roselló;p.;;De Cabañas bal. Rosita, p. Roselló, 20 cajas y 16 boco yes azúcar, 20 pipas agdie.;;Rosita;bal.;1871_05_24;Cabañas
Día 10:;10-09-2023;;Campañy;cap.;;De Nuevitas vap. Candela, cap. Campañy, 450 10Sep.;;Candela;vap.;1871_05_24;Nuevitas
;;N/A:  | N/A:  | N/A:  | N/A:  | N/A:  | N/A:  | N/A:  | N/A: ;Lazo;p.;;De Sigaa la Grande g. Cuba, p. Lazo, con 70 bocoyes miel do purga, & caños de ingenio, Gaerones maiz, 4 barfles azñear, 3 cerdos, 2 cajas maquinaria, 1 fuellø y 1 слего:;;Cuba;g.;1871_05_25;Sigaa la Grande
;;N/A:  | N/A:  | N/A: ;Co'omar;p.;;De Sagua la Grande g. Sabás, p. Co'omar, con 400 d:oenas esponjas, 50 barriles cerveza y 21 estacas;;Sabás;g.;1871_05_25;Sagua la Grande
;;N/A: ;Roselló;p.;;De Cárdenas g. Joven Gertrudis. p. Roselló, cɔn 450 cajas azucar;;Joven Gertrudis;g.;1871_05_25;Cárdenas
;;N/A:  | N/A: ;Viera;p.;;De Jaruco g. Jaraqueña, p. Viera, c n 210 cajas azúcar y 10 pipas aguardiente;;Jaraqueña;g.;1871_05_25;Jaruco
;;N/A: ;Sosa;p.;;De Jaimanitas bote San Anselmo, p. Sosa, con 8000 ladrillos;;San Anselmo;bote;1871_05_25;Jaimanitas
;;N/A: ;Cervera;p.;;De Cabañis g. Maria, p. Cervera, con 200 cajas azúcar;;Maria;g.;1871_05_25;Cabañis
;;N/A:  | N/A:  | N/A:  | N/A:  | N/A:  | N/A:  | N/A: ;Cu-l;cap.;;Do San Carotano y Balita Honda vapor Bahia Honda, cap. Cu-l, con 47 cajas aztiar, £S sacos cáscara de mangle 11g rrafones miel de abejas, 12 sacos carbon, 3 castos gallhas, 3 catauros ca ne, 1 marqueta cera;;Bahia Honda;vapor;1871_05_25;San Carotano
;;N/A: ;Sacramento;p.;;De Arroyo viv, Regla p. Sacramento 500 pescados viтов.;;Regla;viv;1871_05_26;Arroyo
;;N/A:  | N/A: ;Martin;p.;;De Cárdenas gol. M Josefa, p. Martin, con 303 cajas y 130 b c. azúcar.;;M Josefa;gol.;1871_05_27;Cárdenas
;;N/A:  | N/A: ;Vazquez;p.;;De idem go. Jonquina, p. Vazquez, con 122 cajas y 13 bon, azúcar.;;Jonquina;go.;1871_05_27;idem
;;N/A:  | N/A: ;Fierro;p.;;De Canasi gol. Loba Marion, p. Fierro, con 100 bocs. miol do purga.;;Loba Marion;gol.;1871_05_27;Canasi
;;N/A:  | N/A:  | N/A: ;Millet;;;Do Mauzanillo berg gol. Glorias de Mas, op. Millet, con 195 tezis madera, 131 oneros al pelo, 97 paquetes 8t1ones.;;Glorias de Mas;berg;1871_05_27;Mauzanillo
;;N/A:  | N/A:  | N/A:  | N/A: ;Prats;p.;;De Calbarien g. Providencia. p. Prats, con 80 sacos cácaras mangle, 14 cuerdas de leña, 9 c. efectos, 3 tercerolas miel de abejas;;Providencia;g.;1871_05_28;Calbarien
;;N/A:  | N/A:  | N/A:  | N/A:  | N/A:  | N/A: ;Sans;p.;;De Sagua la Grande g. Modesta, p. Sans, con 2,000 docenas soga majagua, 100 yugos, 100 caballos leña, 100 terolos majagua blanda, 80 estacas fúcaro y 1 bocoy jamoдев.;;Modesta;g.;1871_05_28;Sagua la Grande
;;N/A: ;Perelló;p.;;De Sierra Morena g. Tres Marías, p. Perelló, con 550 o. azúcar;;Tres Marías;g.;1871_05_28;Sierra Morena
;;N/A:  | N/A:  | N/A:  | N/A:  | N/A:  | N/A: ;Torres;p.;;De Mantuay Guancs g. Trinidad, p. Torres, 200 caballos leña, 150 ar. cera, 63 terclos tabaco, 31 barriles mlel abejas, 4 sacos lana miraguano y 3 sacos de picadura;;Trinidad;g.;1871_05_28;Mantuay
;;N/A:  | N/A: ;Deulofeo;p.;;De Cabañas g. Ntra Sra. del Carmen, p. Deulofeo, 310 c. azúcar, 10 pipas aguardiente;;Ntra Sra. del Carmen;g.;1871_05_28;Cabañas
;;N/A:  | N/A: ;Padilla;p.;;De Banes g. Nueva Concha, p. Padilla, 163 c. azúcar, 40 bocoyes miel de purga;;Nueva Concha;g.;1871_05_28;Banes
;;N/A:  | N/A: ;Macip;p.;;De Santa Cruz g. Maria del Rosario, p. Macip, 120 cerdos, 100 tercerolas miel de abejas;;Maria del Rosario;g.;1871_05_28;Santa Cruz
;;N/A: ;Martin;p.;;De Sonda de Campeche vivero Mariana, p. Martin, 500 pescados vivos;;Mariana;vivero;1871_05_28;Sonda de Campeche
;;N/A: ;Permuy;p.;;De Arrosos vivero Segunda Polonia, p. Permuy, 500 pescados vivos;;Segunda Polonia;vivero;1871_05_28;Arrosos
;;N/A: ;Garola;p.;;De Bahia Honda g. Carmita, p. Garola, 101 c. y Ɛ8 bocoyes . azúcar;;Carmita;g.;1871_05_28;Bahia Honda
;;N/A: ;Mayans;pat.;;De la Mulata gol. Teresita, pat. Mayans, 250 varas madera del pais;;Teresita;gol.;1871_06_01;la Mulata
;;N/A:  | N/A: ;Cervera;p.;;De Cabañas g. Maria, p. Cervera, 330 c. azúcar y 130 plpas agaardiente.;;Maria;g.;1871_06_01;Cabañas
;;N/A: ;Durau;patron;;De Baracoa golota Dolorita patron Durau, 280 o. azú car.;;Dolorita;golota;1871_06_01;Baracoa
;;N/A: ;Bernaza;;;De Puerto del Padro Tres Hermaras. p Bernaza, 115.bocores azúcar.;;Tres Hermaras;p;1871_06_01;Puerto del Padro
;;N/A:  | N/A: ;Cantó;p.;;De Sierra Morena g. Antoflica, p. Cantó, 500 c. azúcar y 20 bocoyes miel concentrada.;;Antoflica;g.;1871_06_01;Sierra Morena
;;N/A: ;Diaz;p.;;De Sierra Morena g. Rosa ira, p. Diaz, 800 sacoз carboa.;;Rosa ira;g.;1871_06_01;Sierra Morena
;;N/A:  | N/A:  | N/A: ;Perera;p.;;De la Ortigosa g. Bonifacia p. Perera, 2:0 c. azdcar, 8 pp. aguardiente, 1 masa y sus piezas.;;Bonifacia;g.;1871_06_02;Ortigosa
;;N/A: ;Martin;p.;;De Cárdenas g. Mt Jossfa p. Martin 470 c. y 74 Jocs azúcar;;Mt Jossfa;g.;1871_06_02;Cárdenas
;;N/A: ;Fierro;p.;;De Casasi g. Loba Marina p. Fierro, 360 o. azicar.;;Loba Marina;g.;1871_06_02;Casasi
;;N/A:  | N/A:  | N/A:  | N/A:  | N/A:  | N/A:  | N/A: ;Belfat;p.;;De Matanzas g. Ana, p. Belfat, 530 c. azúcar, 100 bars. cerveza, 11 c. pasas, 5 tercerolas jamones, 2 baules ropa, 10. sombreros y 10. efectos.;;Ana;g.;1871_06_03;Matanzas
;;N/A:  | N/A: ;Padrilla;p.;;De Banes g. Concha, p. Padrilla, 24 ouarterolas y 20 bocoyes miel de purga.;;Concha;g.;1871_06_03;Banes
;;N/A:  | N/A: ;Rodriguez;p.;;De S.erra Morera g. Dos Amigo3, p. Rodriguez, 343 c, azúcar y 8 bocoyes miel de parga.;;Dos Amigo3;g.;1871_06_03;S.erra Morera
;;N/A: ;Farrar;p.;;De Banes bote Cecilia Manuela, p. Farrar, 32 bocoyes miscabado.;;Cecilia Manuela;bote;1871_06_03;Banes
;;N/A:  | N/A: ;Cordero;p.;;De Sierra Morena, g. Molestadora, p. Cordero, 500 c.y 10 boca, azúcar 8 pp aguardiente.;;Molestadora;g.;1871_06_04;Sierra Morena
;;N/A:  | N/A:  | N/A: ;Viera;p.;;De Jaruco, g. Jaruqueña. p. Viera, 201 c. azúcar, 32 pp agaardiente, 19 cuarterolas vacias.;;Jaruqueña;g.;1871_06_04;Jaruco
;;;Menendoz;p.;;De Batubanó, paileb. Voluntario, p. Menendoz, en lastre.;;Voluntario;paileb.;1871_06_04;Batubanó
;;N/A: ;Alemany;p.;;De Salto g. Eoriqueta p. Alemany, 700 s. carbo;;Eoriqueta;g.;1871_06_06;Salto
;;N/A: ;Villalonga;p.;;De id. g. Teresita p. Villalonga 600 s. carbon;;Teresita;p.;1871_06_06;id. g.
;;N/A:  | N/A:  | N/A:  | N/A: ;Enseñat;p.;;De Cárdenas g. Tres Teresas p. Enseñat 600 c, azúcar, 30 c. sillas, 4 c. tocinets, 2 o. ferreteria.;;Tres Teresas;g.;1871_06_06;Cárdenas
;;N/A: ;Bosch;p.;;De 1. g. Juanita p. Bosch 600 o. azúcar.;;Juanita;g.;1871_06_06;
;;N/A:  | N/A:  | N/A:  | N/A:  | N/A:  | N/A: ;Vega;cap.;;De Caibarien y Sagua la Grande vapor Nuovo Almendarcs, cap. Vega, con 21 serones de plátanos, 5 cajas de ferreteria, 4 races de boniator, 1 caja de ropa, 1 idem de Bombreros y 1 garrafon de aguardiente.;;Nuovo Almendarcs;vapor;1871_06_07;Caibarien y Sagua la Grande
;;N/A:  | N/A: ;Gonzalez;p.;;De idem g Sofia. p. Gonzalez, con 500 cajas de azúcsr y 1 calon de huevos;;Sofia;g;1871_06_07;idem
;;N/A: ;Perelló;p.;;De idem g. Tres Marias, p. Perelló, con 550 cajas de asticar;;Tres Marias;g.;1871_06_07;idem
;;N/A: ;Rodriguez;p.;;De la Toja g, Diana, p. Rodriguez, con 600 sacos.de carbon;;Diana;g;1871_06_07;la Toja
;;N/A: ;Rcselló;p.;;De Cárdenas g. Jóven Gertrudis, p. Rcselló, con 500 cajas de azúcar;;Jóven Gertrudis;g.;1871_06_07;Cárdenas
;;N/A:  | N/A:  | N/A: ;Aleman;p.;;De idem g. l'anchita, p. Aleman, con 490 cajas azúcar, 9 cuartorolas mel de abejas y 2 cascos cora;l'anchita;;g.;1871_06_07;idem
;;N/A:  | N/A: ;Rodriguez;p.;;De Cabañas g. Céßro, p. Rodriguez, con 200 cajas de azúcar y 50 pipas aguardiente;;Céßro;g.;1871_06_07;Cabañas
;;N/A:  | N/A: ;Lopez;p.;;De idem g. Caballo Marino, p. Lopez, con 400 cajas de azúcar y 14 pipas aguardiente;;Caballo Marino;g.;1871_06_07;idem
;;N/A: ;Nuñez;p.;;De Cárdenas g. Nuestra Señora del Carmen, p. Nuñez, con 510 cajas aznicar.;;Nuestra Señora del Carmen;g.;1871_06_07;Cárdenas
;;N/A: ;Santana;p.;;De idem bote Fans, p. Santana, con pala de Campeche al gianel;;Fans;bote;1871_06_07;idem
;;N/A:  | N/A:  | N/A: ;Casi;cap.;;De San Cayetano, Rio Blanco y Babia Honda vapor Babia Honda, cap. Casi, con 19 sacos de carbon, 27 pipas de aguardiente y 1 cajon de huevos;;Babia Honda;vapor;1871_06_07;San Cayetano
;;N/A:  | N/A:  | N/A: ;Pelacz;p.;;"De Sierra Morena gal. Engracia; p. Pelacz: 233 cajas y 12 hocores azúcar, 18 pipas agdte.";;Engracia;gal.;1871_06_08;Sierra Morena
;;N/A:  | N/A: ;Saaso;p.;;"De Canasi gol. Correo de Cazasi, p. Saaso; 250 cajas azúcar, 10 pipas #gdto";;Correo de Cazasi;gol.;1871_06_08;Canasi
;;N/A:  | N/A: ;Macip;p.;;"De Santa Cruz gol. Maria del Rosario, p. Macip; 100 cajas azúcar, 63 c-rdos";;Maria del Rosario;gol.;1871_06_08;Santa Cruz
;;N/A: ;Vilar;p.;;"De Caso de Sotaronto viv. Dos Mariss, p. Vilar; 500 porcados vivos";;Dos Mariss;viv.;1871_06_08;Caso de Sotaronto
;;N/A: ;Sosa;p.;;"De Jaimanitas bote San Anselmo: p. Sosa; 8000 ladrillos del pais.";;San Anselmo;bote;1871_06_08;Jaimanitas
;;N/A:  | N/A:  | N/A:  | N/A:  | N/A: ;D. Mary;;;De Caibarien g. Aguila de Oro, D. Mary, 540 racimos do plátanos, 220 cueros al pelo, 100 caballos de leña, 74 toros y 21 vacas;;Aguila de Oro;g.;1871_06_10;Caibarien
;;N/A: ;Gispert;p.;;De la Teja g Dos de Maso, p. Gispert, 700 sacos de carbon;;Dos de Maso;g;1871_06_10;la Teja
;;N/A: ;Badaró;p.;;De Cárdenas g. Victoria, p. Badaró, con 536 o. de azúcar;;Victoria;g.;1871_06_10;Cárdenas
;;N/A:  | N/A:  | N/A:  | N/A:  | N/A:  | N/A: ;Visquerra;p.;;De Matanzas g. Dos Hermanas, p. Visquerra, 420 0. 522 bocoyes azúcar, 22 lios hilo, 19 c. velas, 16 tercios suela, 5 serones tasajo y 1 movillario usado;;Dos Hermanas;g.;1871_06_10;Matanzas
;;N/A: ;Fierro;p.;;De Canaal g. Lola Marina, p. Fierro, 350 c. azúcar;;Lola Marina;g.;1871_06_10;Canaal
;;N/A: ;Darab;p.;;De Jaraco boto Ntra. Sra. del Carmen, p. Darab, 300 800 y 50 fanegas maiz;;Ntra. Sra. del Carmen;boto;1871_06_10;Jaraco
;;N/A: ;Aulet;p.;;De Cabañas. Prieta, p. Aulet, 400 c. de azúcar;;Prieta;p.;1871_06_10;Cabañas
Día 07:;;N/A:  | N/A: ;Bosch;p.;;De Sierra Morena g. Union, p. Bosch, 7:0 c, azúcar y 200 sacos carbon;;Union;g.;1871_06_10;Sierra Morena
;;N/A:  | N/A:  | N/A:  | N/A:  | N/A:  | N/A:  | N/A: ;Jofep;cap.;;"De Cárdenas vapor Comanditarip, cap. Jofep, $c.; y estuche azúcar, 4 piezas maquinaria, 6terolos cueror, 0. viandas, 1 o. vadia, 1 barri carbony 3 ropa";;Comanditarip;vapor;1871_06_10;Cárdenas
;;N/A: ;Ferrer;patrón;;De la Teja goleta Sofia, patron Ferrer-800 saços carbon.;;Sofia;goleta;1871_06_11;la Teja
;;N/A: ;Arocha-10;pat.;;Do Cabañas gol. Manaels, pat. Arocha-10 e. aztear, 48 pipas aguardiente;;Manaels;gol.;1871_06_11;Cabañas
;;N/A:  | N/A: ;Fariñas;pat.;;De Cárdenas gol. Anita, pat. Fariñas-800 cajas, azúć car.;;Anita;gol.;1871_06_11;Cárdenas
;;N/A: ;Fernandez;pat.;;De Cayos do Barlovento vivero Feliz Conchita. pat. Fernandez-500 pescados vivos.;;Feliz Conchita;vivero;1871_06_11;Cayos do Barlovento
;;N/A: ;;pat.;;De Sierra Morena go. Maria, pat, Cabroe-500 c. azú car.;;Maria;go.;1871_06_11;Sierra Morena
;;N/A: ;Lopez;pat.;;De Ganuza gol. Amalia, pat, Lopez-200 cajas azúCar.;;Amalia;gol.;1871_06_11;Ganuza
;;;Toledo-550;pat.;;De la Teja gal. San Jose, pat. Toledo-550 atraveყaltos.;;San Jose;gal.;1871_06_11;Teja
;;N/A: ;Vilasusɔ;p.;;De Sagua la Grande.g. Conchita, p. Vilasusɔ, 110 boca. miel de purga;;Conchita;g.;1871_06_13;Sagua la Grande
;;N/A:  | N/A:  | N/A:  | N/A:  | N/A:  | N/A:  | N/A:  | N/A: ;Colomar;p.;;De idem g. Paqueto de Sagua, p. Colomar, 4000 tipas majagua, 1500 docenas soga majagua, 80 palos jácaro, G bars. sobo, Gid. miel de abejas, 4 bar. aceite de coco, 2c. cera y 2 c. maquinaria.;;Paqueto;g.;1871_06_13;idem
;;N/A:  | N/A:  | N/A:  | N/A: ;Salles;p.;;De Sagaa la Chica g. Niña, p. Salles, 40 caballos leña, 303 terclos majagua, 21 piezas madora labrada.;;Niña;g.;1871_06_13;Sagaa la Chica
;;N/A: ;Acuña;p.;;De Carabatas g. Maijanita, p. Acuña, 100 saces carbon.;;Maijanita;g.;1871_06_13;Carabatas
;;N/A:  | N/A:  | N/A:  | N/A:  | N/A:  | N/A:  | N/A: ;Santo Domingo;p.;;De Sierra Morena g. Brillante, p. Santo Domingo, 632 o. azúcar, 29 pipas agdte., 2 bocoyes y 1 piya carbon, 4 tabaretea, 4 sacos lana miragnano, 2 garfs. melado y i o. con madora labrada;;Brillante;g.;1871_06_13;Sierra Morena
;;N/A: ;Torres;pat.;;De la Teja guleta Dorotea, patron Torres, 330 c. azúcar.;;Dorotea;guleta;1871_06_13;Teja
;;N/A: ;Montero;pat.;;De idem goleta Habanora, patron Montero, 500 sacos ⚫arbon.;;Habanora;goleta;1871_06_13;idem
;;N/A: ;Herrera;pat.;;De Cárdenas goleta Mercedita, patron Herrera, 500 c. azúcar.;;Mercedita;goleta;1871_06_13;Cárdenas
;;N/A: ;Roselló;pat.;;De idem goleta Tres Marias, patron Roselló. 500 c. Azúcar.;;Tres Marias;goleta;1871_06_13;idem
;;N/A: ;Boseli;pat.;;De idem goleta Juanita, patron Boseli, 600 cajas azncar.;;Juanita;goleta;1871_06_13;idem
;;N/A:  | N/A:  | N/A:  | N/A:  | N/A:  | N/A: ;Carbonell;p.;;De Matanzas 2. Margarita, p. Carbonell, 200 c. azúcar, 1000 ar. tasajo, 28 pipas aguardiente, 1 c. ferreteria, un octavo pipa vino, 6 docena y un tercio sombreria,;;Margarita;p.;1871_06_13;Matanzas
;;N/A:  | N/A:  | N/A: ;Lladó;p.;;De Santa Lucia g. Leonor. p. Lladó, 300 sacos cation, 200 caballos leña y 42 pipas agato.;;Leonor.;g.;1871_06_13;Santa Lucia
;;N/A:  | N/A:  | N/A:  | N/A: ;Carbonell;p.;;De Bahia Honda g. Mercedita, p. Carbonell, 217 c. azúcar, 200 camones, 160 tendidos soga majagua y 4 pipas agdte.;;Mercedita;g.;1871_06_13;Bahia Honda
;;N/A:  | N/A: ;Roselló;p.;;De idem balandro Rosita, p. Roselló, 10 c. azúcar y 35 pipas agdte.;;Rosita;balandro;1871_06_13;idem
;;N/A: ;Amaga;;;De la Dominica g. Isabelita, n. Amaga, 189 c. azújcar.;n.;Isabelita;g.;1871_06_13;Dominica
;;N/A:  | N/A: ;Duran;pat.;;De Baracoa goleta Dolorita, patron Duran, 200 e. azn car.;;Dolorita;goleta;1871_06_13;Baracoa
;;N/A:  | N/A: ;Roca;p.;;De Manzanillo g. Segunda Amistad, p. Roca, 150 caba. llos leña y 48 piezas madera dura.;;Segunda Amistad;g.;1871_06_13;Manzanillo
;;N/A:  | N/A:  | N/A:  | N/A:  | N/A:  | N/A:  | N/A: ;Vega;cap.;;De Caibarien y Sagua la Grande vapor Nuovo Almendares. cap. Vega, 20 pipas agdto., 20 hultos muebles, un caballo, 2 c. azúcar, 1 c. ropa, 2 tercs. mitel do abejas y un fardo cera.;;Nuovo Almendares;vapor;1871_06_13;Caibarien
;;N/A:  | N/A:  | N/A:  | N/A:  | N/A:  | N/A:  | N/A:  | N/A: ;Jofre;rap.;;De Cárdenas vapor Comanditario, rap. Jofre, 500 c azúcar, 7 pipas agite, 2 bateas, 3 c. maiz, 11 . libros, 2 c. cigarros y 3 lios cueros. Do Mantua vivero Pronto, p. Gonzalez. 500 pescados vivo3.;;Comanditario;vapor;1871_06_13;Cárdenas
;;N/A: ;Gonzales;p.;;De Sierra Morena gol. Sofia, p. Gonzales, 500 cajas azúcar.;;Sofia;gol.;1871_06_14;Sierra Morena
;;N/A: ;Dominguez;p.;;De Cabañía gol. Amalo Rosita, p. Dominguez, 800 Bacos carbon.;;Amalo Rosita;gol.;1871_06_14;Cabañía
;;N/A: ;Badia;patrón;;De Teja goleta Isabel II, patron Badia, 200 sacos carbon.;;Isabel II;goleta;1871_06_14;Teja
;;N/A:  | N/A:  | N/A:  | N/A: ;Rodriguez;p.;;De Sierra Morena gol. Dos Amigo: p. Rodriguez, 328 oajas azúcar 8 bocoyes mol concentrada. 2 id. miel da purga, 11 piezas msquinaria.;;Dos Amigo;gol.;1871_06_14;Sierra Morena
;;N/A: ;Garola;p.;;De Rio de la Palma gol. San Francisco, p. Garola, 800 sacos carbon.;;San Francisco;gol.;1871_06_14;Rio de la Palma
Día :;;N/A: ;Sige;p.;;De Atros viv. Cirmen, p. Sige:, Ji) escados vivos;;Cirmen;viv.;1871_06_14;Atros
;;N/A:  | N/A: ;Nafies;p.;;De Cárdenas gol. Ntr Sr del Carmen, p. Nafies, 510 cajas azúcar y 2 sacos cominos.;;Ntr Sr del Carmen;gol.;1871_06_14;Cárdenas
;;N/A:  | N/A:  | N/A:  | N/A: ;Viera;p.;;De Jaruco gol. Jaruqueña, p. Viera, 150 cajas asticar, 115 sacos malz, 30 pipas aguardiente, 20 cuarterolas vacias..;;Jaruqueña;gol.;1871_06_14;Jaruco
;;N/A:  | N/A:  | N/A: ;Macip;p.;;De Santa Crus gol. Maria del Rosario, p. Macip, 100 calas azúcar. 200 fanegas y 100 sacos mais.;;Maria del Rosario;gol.;1871_06_14;Santa Crus
;;N/A:  | N/A: ;Bernasa;p.;;De Morrillo gol. Dritannia, p. Bernasa, 500 soos oarbon, 100 soos offcara de mangle,;;Dritannia;gol.;1871_06_14;Morrillo
;;N/A:  | N/A:  | N/A:  | N/A:  | N/A:  | N/A:  | N/A:  | N/A:  | N/A:  | N/A:  | N/A:  | N/A:  | N/A:  | N/A:  | N/A:  | N/A:  | N/A: ;Cacho;cap.;;De Santiago de Cuba y escalas vapor Barcolona. cap Cacho, 402 tersios tabaco, 1 paquete carey, 7 serones cocoa, 1 c. peleteria, 11 bare. aceite de coco, 2 o. efectos militares, macutos tas jo, 1 percha, 530 cueros, 18 fardos majagus, 1 c. dulce, 2 garrafones miel de abejas, 4 bastones caroy, 134 o. licores. 18,600 p'átanos, 39 raclmos idein dátiles, 7 bars. limones y 1 o. carey.;;Barcolona;vapor;1871_06_15;Santiago de Cuba
;;N/A: ;Martinez;p.;;De la Tejs balandro Covadong³, p. Martinez, 400 sa008 carbon;;Covadong³;balandro;1871_06_15;Tejs
;;N/A:  | N/A:  | N/A:  | N/A: ;Roselló;p.;;De Cárdenas g. Jóven Gertrudis, p. Roselló, 300 o. y 30 estuches azúcar, 3 barriles aguardiente y 1 pipa tierra.;;Jóven Gertrudis;g.;1871_06_15;Cárdenas
;;N/A: ;Fierro;pat.;;De Canasi gol. Lole Marina, pat. Fierro, 350 c. azúcar.;;Lole Marina;gol.;1871_06_15;Canasi
;;N/A: ;Paz;p.;;De Puerto del Padre g. Expreso de Gibara, p. Paz,^160 bocs. miel de parga,;;Expreso de Gibara;g.;1871_06_15;Puerto del Padre
;;N/A:  | N/A:  | N/A:  | N/A:  | N/A:  | N/A:  | N/A: ;Barceló;cap.;;Do Nuoritas pol. Margarita, cap. Barceló, 200 bars. barina, 25 ounotes aceitunas, 76 torcios y 3 becoyos cora, 7 o. cristales, 8 c. mármoles, 8 enredaderas con mármoles y 8 baltos muebles.;;Margarita;pol.;1871_06_15;Nuoritas
;;N/A:  | N/A:  | N/A:  | N/A:  | N/A: ;Casl;cap.;;De San Cayetano y Babla Honda rap. Bahia Honda, cap. Casl, 413 c. y 42 boos. azúcar. 66 sacos cáscara man. gle, 12 sacos carbon y 4 bultos efectos.;;Bahia Honda;rap.;1871_06_15;San Cayetano y Babla Honda
;;N/A:  | N/A:  | N/A:  | N/A:  | N/A:  | N/A:  | N/A:  | N/A: ;Barnaza;p.;;De Nuevitas borg, gol. Segunda Cantinera, p. Barnaza, 1777 cueros, 150 barritos harica, CG ios gaano. 12 mu103, 2 burros, 1 caballo, 1 piano, 1 caja ploadura y 1 barril cigarros.;gol.;Segunda Cantinera;borg;1871_06_16;Nuevitas
;;N/A: ;Cur:i;p.;;De Rio de la Falma gol. Irés. p. Cur:i, 600 sacos carbon.;;Irés.;gol.;1871_06_16;Rio de la Falma
;;N/A:  | N/A: ;Juan;p.;;De Cárdenas gel. Generala p. Juan, 240 cajas y 71 bocores azúcar.;;Generala;gel.;1871_06_16;Cárdenas
;;N/A:  | N/A:  | N/A:  | N/A: ;Villa;p.;;"De Morrit'o go'. Foux. p. Villa; 20 cajas y 27 becoуes azúcar. 23 coaiterolas miel de purga, 100 sacos carbon.";;Foux.;go'.;1871_06_16;Morrit'o
;;N/A:  | N/A: ;Duran;p.;;De Mariel bidro. Fernandita, p. Duran, 150 caballos loa. 3) sacos carbon.;;Fernandita;bidro.;1871_06_16;Mariel
;;N/A: ;Saao;p.;;De Salto gol. Agustina, p. Saao, 100 sacos carbon.;;Agustina;gol.;1871_06_16;Salto
;;N/A:  | N/A:  | N/A:  | N/A:  | N/A:  | N/A:  | N/A: ;Jofró;cap.;;De Cardenas vap. Comanditario, cap. Jofró, 500 cajas azúcar, los cu tos. 4 o. tabaco, 2 cajna cigarros, 1 caja y 1 fardo rope, 6 torcios carnaza, 1 ajuer de casa usado.;;Comanditario;vap.;1871_06_16;Cardenas
Día null:;;N/A: ;Martorell;p.;;De id. g. Trialdad p. Martorell 200 cuarte. miel de porga:;;Trialdad;g.;1871_06_16;id.
;;N/A:  | N/A: ;36;;;De S. Morenag. América p. Leal 36 c. azúcar, 76 tozas maderas del pais.;América;Leal;p.;1871_06_16;S. Morenag
;;N/A:  | N/A:  | N/A:  | N/A:  | N/A:  | N/A:  | N/A:  | N/A:  | N/A:  | N/A:  | N/A:  | N/A:  | N/A:  | N/A:  | N/A: ;Lopez;p.;;De Caibarion g. Daniol, p. Lopez. ECO estacas para carreta. 400 docenas esponjas, 200 paquetes tablil's) cuaros, 50 docenas cocès, 40 paloa lebrades 8 tebala sardinas, 2 tacos frijoles, 2 azcos avellanas, 2 c. palekichonca, 2 sscos y 1 c. cera, 1 tercerola y i barril sebo, 10. champa y1 bocoy carbon.;;Daniol;g.;1871_06_17;Caibarion
;;N/A: ;Planell;p.;;De la Teja g. Maria, p. Planell, 600 a. carbon.;;Maria;g.;1871_06_17;Teja
;;N/A: ;Cervors;p.;;De Cabañas g. Maria, p. Cervors, C65 c. aziicar.;;Maria;g.;1871_06_17;Cabañas
;;N/A: ;Sorá;p.;;De Jaimanitas bote San Anselmo, p. Sorá, 900 Jadril'os.;;San Anselmo;bote;1871_06_17;Jaimanitas
;;N/A: ;Paz;p.;;De Cabañas balandro Antofiloa, p. Paz, 70 8. carbon.;;Antofiloa;balandro;1871_06_17;Cabañas
;;N/A:  | N/A:  | N/A:  | N/A:  | N/A: ;Llanger;p.;;De Mantua g. Juana de Dios, p. Llanger, con 300 arbe. picadura 210 caballos leña, 100 garrafonos y 10 barriles miel de abejas y 10 tercios tabaco;;Juana de Dios;g.;1871_06_18;Mantua
;;N/A:  | N/A:  | N/A:  | N/A:  | N/A: ;;;;De Matanzssg. Maria, p. Cudillero. con 200 c>j<8 y 12 bocoyos aer, 16 tercios snela y vaquets y 12 barriles riuo.;;Maria;p.;1871_06_18;Matanzssg.
;;N/A: ;Dobarro;p.;;De la Teja g. Jóven Magdalena, p. Dobarro, con 1500 saces carbon;;Jóven Magdalena;g.;1871_06_18;la Teja
;;N/A: ;Sacramento;;;De Cayos de Sotavento vivero Regla, p. Sacramento. con 5 pescades vivoa;;Regla;p.;1871_06_18;Cayos de Sotavento
;;N/A: ;Lopez;p.;;De Cayes de Barlovento vivoro Foliz, p. Lopez, con 300 pescades vivos;;Foliz;vivoro;1871_06_18;Cayes de Barlovento
Día 24:;24-03-2023;N/A:  | N/A:  | N/A:  | N/A: ;Fernandez;p.;;De Bajas g. tieneral 24 Mar, p. Fernandez, con 600 va ras de cedro, 200 idem readera dura, 100 caballos leña y 30 juegos carretas.;;tieneral;g.;1871_06_18;Bajas
;;N/A:  | N/A:  | N/A: ;Bosch;p.;;De Sena Morena g. Union. p. Bosch, con 770 cajas de azúcar, cajones y 3 baules efectos.;;Union;g.;1871_06_18;Sena Morena
;;N/A: ;Monar;p.;;De Sagna la Grande berg. gol. Pi.inco, p. Monar. 340 piezza madera.;gol.;Pi.inco;berg.;1871_06_21;Sagna la Grande
;;N/A:  | N/A:  | N/A:  | N/A:  | N/A:  | N/A:  | N/A:  | N/A: ;Santo Domingo;p.;;De Sierra Morena gol. Brillant, p. Santo Domingo, 52 cajas azácar, 4 becoyes miol concentrada, 14 armiaduras de catre, 4 palos, 2 cajones, 1 oaja efectos, 1 caja pollos, bultos muebles.;;Brillant;gol.;1871_06_21;Sierra Morena
;;N/A:  | N/A:  | N/A:  | N/A:  | N/A: ;Masip;p.;;De Sasta Ciaz go'. Maria del Rosario, p Masip, 100 c. azúcar, 20 fanegasy 100 saco aiz, 50 88003 artėjas, 25 ce:do.;;Maria del Rosario;go'.;1871_06_21;Sasta
;;N/A: ;Febra;;;De Mantua gel. Neptune, n. Febra, 800 sacos carbon.;;Neptune;gel.;1871_06_21;Mantua
;;N/A: ;Ferrer;p.;;De Banes bate Cecilia, p. Ferrer 32 bocoyes makabado.;;Cecilia;bate;1871_06_21;Banes
;;N/A: ;Rivas;p.;;De la Teja gol. Júcaro, p. Rivas, 700 sacos carbon.;;Júcaro;gol.;1871_06_21;la Teja
;;N/A: ;Martin;pat.;;De Cárdenas g. Me Joss fa pat. Martin. 400 cajasazuear.;;Me Joss fa;g.;1871_06_22;Cárdenas
;;N/A: ;Anglada;pat.;;Da la Mulata gol. Santa Ana, pat. Anglada, 650 saco carbon.;;Santa Ana;gol.;1871_06_22;Mulata
;;N/A: ;Torres;p.;;De In Mulata gaairo Afortunado, p. Torres, 11 pp. cáscara mangle.;;Afortunado;gaairo;1871_06_22;In Mulata
;;N/A:  | N/A:  | N/A:  | N/A: ;Hernandez;p.;;De Naevitasg. Angelita p. Hernandez, 100 s. carbon 1 bl. rina, 1. tapas, 1 churia ' anela.;;Angelita;g.;1871_06_22;Naevitas
;;N/A: ;Na j;p.;;De Cárdenas g. N. S. del Carrion. p. Na j azúcar.;;N. S. del Carrion.;g.;1871_06_22;Cárdenas
;;N/A:  | N/A: ;Millet;cap.;;De Cienfuegos berg. Lorenzo, cap, Millet, 15 erg al pelo, 100 barriles veno mistela, sú blessed o;;Lorenzo;berg.;1871_06_22;Cienfuegos
;;N/A: ;Tomas;pat.;;De la Teja goleta Dorotea pat. Tomas 339 jaz car.;;Dorotea;goleta;1871_06_22;la Teja
;;N/A:  | N/A:  | N/A: ;Cordoso;p.;;De Sierra Morera gel. Molestadora, p. Cordoso 604 ca jos azúcar, 20 bocopes miel do segunda, 4 palosjú Caro.;;Molestadora;gel.;1871_06_23;Sierra Morera
;;N/A:  | N/A:  | N/A:  | N/A:  | N/A:  | N/A:  | N/A:  | N/A:  | N/A: ;Cuevas;p.;;De Cardenas gol. Isés, p. Cuevas, 205 garrat.nes nceiGenes, 200 item a'mendiae, 100 esjas azúcar, 75 sacos garbanzos. 15 cjus fentas, 131 km cobre viejo, 3 bocoyes, 2 pipas y 2 media i'om vacia.;;Isés;gol.;1871_06_23;Cardenas
;;N/A:  | N/A:  | N/A:  | N/A:  | N/A:  | N/A: ;Jofre;cp.;;De Cardenas vapor Comanditario, cp. Jofre, 1000 ca jes azúcar, 2 baules vietos, 2 garrafones aguardiento, 1 6en almohadaa, tercios vaqeta y 9 lios cueros.;;Comanditario;vapor;1871_06_23;Cardenas
;;N/A:  | N/A:  | N/A:  | N/A:  | N/A: ;Goes;p.;;De Baracoa g. Telégrafo, p. Goes: 25,000 plátanes, 10 mil cocos, 100 bar. aceito do co2o. 69 83cus cacao, o cueroa al pa'o.;;Telégrafo;g.;1871_06_24;Baracoa
;;N/A: ;Cabral;p.;;"De Sagan la Grande g. Ramencita, p. Cabral; 2000 sacos carbon";;Ramencita;g.;1871_06_24;Sagan la Grande
;;N/A:  | N/A:  | N/A: ;Enseñat-996;pat.;;De Nuevitas berg. Fênix, pat. Enseñat-996 botijas. ac-te, 150 garrafones aceitunas, 1 baul calzado.;;Fênix;berg.;1871_06_27;Nuevitas
;;N/A:  | N/A:  | N/A: ;Garriga;pat.;;De Sagua de Tánamo gol. Ignacita, pat. Garriga-70 toz s júcare, 30 terelos tabaco, 16 cuores el pelo.;;Ignacita;gol.;1871_06_27;Sagua de Tánamo
;;N/A:  | N/A:  | N/A:  | N/A: ;Lags-71;pat.;;Da Sagua la Grande gol. Caba, pat. Lags-71 bocoyes miel do purga, 4 pipas vacías, 2 cajas azúcar, 2 camas de herto.;;Caba;gol.;1871_06_27;Sagua la Grande
;;N/A:  | N/A:  | N/A: ;Rodriguezajas;pat.;;Ds Sierra Morena gol. Dea Amigos, pat. Rodriguezajas y 20 bocosca azúcar, 12 bocoyes miel de purga, 4 palos, cajas maquinaria..;;Dea Amigos;gol.;1871_06_27;Sierra Morena
;;N/A: ;Bosch;pat.;;De Sierra Morena gol. l'nion, pat. Bosch-110 cajas azúcar.;;l'nion;gol.;1871_06_27;Sierra Morena
;;N/A:  | N/A: ;I.opez;pat.;;De Sierra Morena, gol. Amalia, pat. I.opez-112 cajas azúcar, 76 palos madera.;;Amalia;gol.;1871_06_27;Sierra Morena
;;N/A: ;Pajol;pat.;;De Gamuza gol. Clio, pat. Pajol-230 palos madera del pais.;;Clio;gol.;1871_06_27;Gamuza
;;N/A: ;Olay-000;pat.;;De la Teja gl. Ceferina, pat. Olay-000 Facos cacbon.;;Ceferina;gl.;1871_06_27;Teja
;;N/A: ;Herrera;pat.;;De Cardenas go!. Mercedita. pat. Herrera-500 cajas Azúca;;Mercedita;go!;1871_06_27;Cardenas
;;N/A: ;Serra;pat.;;De Cárdenas gol. Trinidad. pat. Serra-310 cajas azucar.;;Trinidad;gol.;1871_06_27;Cárdenas
;;N/A:  | N/A:  | N/A:  | N/A:  | N/A:  | N/A: ;Porolló;pat.;;De Cárdenas gol. Tres Marias, pat. Porolló-305 cajas azúcar, 56 bocoyes idem. 4 cajas tocineta, 1 caja efectos, 1 idem plano, 1 sercu saCOP.;;Tres Marias;gol.;1871_06_27;Cárdenas
;;N/A:  | N/A:  | N/A: ;Snazo-235;pat.;;Da Canast gol. Correo de Canasi, pat. Snazo-235 cajss azúcar, estuches idem, 11 pipas aguardiente.;;Correo de Canasi;gol.;1871_06_27;Canast
;;N/A: ;Fierro;pat.;;Do Cansei gol. Lola Mains, pat. Fierro-330 cajas azúcar.;;Lola;gol.;1871_06_27;Cansei
;;N/A: ;Duran150;pat.;;De Jaruco bote Ntra. Sra. del Carmen, pat. Duran150 82008 y 60 Tanegas maiz.;;Ntra. Sra. del Carmen;bote;1871_06_27;Jaruco
;;N/A:  | N/A:  | N/A: ;Calvet;pat.;;De Bajas gol. Matilde, pat. Calvet-10 sacos carbon, 21 yugos, 6 juegos de carrete.;;Matilde;gol.;1871_06_27;Bajas
;;N/A:  | N/A: ;Rodriguez;pat.;;Le Cabañas gol. Cefiro, pat. Rodriguez-370 cajas azú car, 16 pipas aguardiente.;;Cefiro;gol.;1871_06_27;Cabañas
;;N/A: ;Cervera;pat.;;De Cabañas go!. Maria. pat. Cervera-220 pipas agnardiente.;;Maria;go!;1871_06_27;Cabañas
;;N/A:  | N/A: ;Roselló;pat.;;De Cabañas bal. Rosita, pat. Roselló-50 cajas azúcar, 30 pipas aguardiente.;;Rosita;bal.;1871_06_27;Cabañas
;;N/A: ;Mascaró;pat.;;Do la Toja gol. Jóven l'ilar, pat. Mascaró-200 palos madera del pais.;;Jóven l'ilar;gol.;1871_06_27;la Toja
;;N/A:  | N/A: ;Zúñiga;pat.;;Do Batabanó gol. Segunda I-ab), pat. Zúñiga-126 piezas caoba 1 barril arenilla.;;Segunda I-ab);gol.;1871_06_27;Batabanó
;;N/A:  | N/A:  | N/A: ;Carbonell;pat.;;De Bahia Honda gol. Mercedita, pat. Carbonell-132 cajas azúcar, 26 pipas aguardiente, 1,000 camono.;;Mercedita;gol.;1871_06_27;Bahia Honda
;;N/A: ;Amaya;pat.;;De la Dominica gol. Isabelita, pat. Amaya-179 cajas azúcar.;;Isabelita;gol.;1871_06_27;Dominica
;;N/A: ;Brito;pat.;;De Sonda do Campeche vivero Carlota, pat. Brito-500 pescades vives.;;Campeche;do;1871_06_27;Sonda
;;N/A: ;Velga500;pat.;;De Cayos de Barlovento vivero Angelita, pat. Velga500 pescados viros.;;Angelita;vivero;1871_06_27;Cayos de Barlovento
;;N/A:  | N/A: ;Jorré;cap.;;De Ca dengs vap. Comanditasio, cap, Jorré-600 cajas aznosr. 30 pipan aguardiente.;;Comanditasio;vap.;1871_06_27;Ca dengs
;;N/A:  | N/A:  | N/A:  | N/A: ;Viora;pat.;;De Jaruco gol. Jaraqueña, pat. Viora-300 sacos maiz, 84 cajas azúcar, 20 pipas aguardiente, 31 cuarterolas vacias.;;Jaraqueña;gol.;1871_06_27;Jaruco
;;N/A:  | N/A:  | N/A: ;Alemons100;pat.;;De Manzanillo pail Nueva Estrella, pat. Alemons100 atravesaños, & pezas madera dura, 31 paquetes se. rono, 16 tirantes mojagua;;Nueva Estrella;pail;1871_06_27;Manzanillo
;;N/A: ;Arcina;pat.;;De Canasi gol. Maria, pat. Arcina-800 sacos carbon.;;Maria;gol.;1871_06_27;Canasi
;;N/A: ;Sigui;pat.;;De Mantua pail. Fénix, patron Sigui, 1000 sacos carbon.;;Fénix;pail.;1871_06_28;Mantua
;;N/A: ;Alejos;pat.;;De Arroyos gol. Josefa, pat Alejos. Es becoƑez azú car.;;Josefa;gol.;1871_06_28;Arroyos
;;N/A: ;Suan;pat.;;De la Mulata gol. Especulacion, pat. Suan, 600 sacos carb: n.;;Especulacion;gol.;1871_06_28;Mulata
;;N/A:  | N/A:  | N/A: ;Inclan;pat.;;De Cabañas gol. Josefa, pat. Inclan, 3:0 e. azúcar, 143 tercios tabaco y 39 pipas agdte.;;Josefa;gol.;1871_06_28;Cabañas
;;N/A:  | N/A:  | N/A:  | N/A: ;Lopez;pat.;;Do Carahatas gol. Tres Hern:anas, pat. Lopez, 615 cajas y 34 estuches azúcar, 20 pipas aguardiente y 20 sacos maiz;;Tres Hern:anas;gol.;1871_06_28;Carahatas
;;N/A:  | N/A: ;Duran;pat.;;De Baracoa gol. Dolorita, pat. Duran, 235 c. azúcar y 21 pipas agdte.;;Dolorita;gol.;1871_06_28;Baracoa
;;N/A:  | N/A:  | N/A: ;Pelaez;p.;;De Sierra Morena g. Engrac's. p. Pelaez 270 e azú car, 0 paloa majagua para catre, y 21 pipa do aguerdiente.;;Engrac's.;g.;1871_06_29;Sierra Morena
;;N/A: ;Cabrera;p;;De idom g. Maria, p, Cabrera, 500 c. azúcar.;;Maria;g.;1871_06_29;idom
;;N/A:  | N/A: ;Rojas;p.;;De la Tejsg. Castilla, p. Rojas, 450 c. azúcar, 1 retorta vieta.;;Castilla;p.;1871_06_29;Tejsg.
;;N/A:  | N/A: ;Palmer;p.;;De Jaraco g. Cuatro Hermanas, p. Palmer, 200 c. azú car, 12 carterolas vacias.;;Cuatro Hermanas;g.;1871_06_29;Jaraco
;;N/A: ;Macip;p.;;De Santa Cruz g. Maria del Rosario, p. Macip, 159 81coa 130 fanegas ma z. 103 c. azúcar.;;Maria del Rosario;g.;1871_06_29;Santa Cruz
;;N/A: ;Escanellas;p.;;De la Mulata g. Dolores, p. Escanellas, 600 sacos carbon.;;Dolores;g.;1871_06_29;Mulata
;;N/A: ;Villalonga;p.;;De la Tejs gol. Teresita, p. Villalonga-600 sacos carbon.;;Teresita;gol.;1871_07_01;la Tejs
;;N/A: ;Almansa-600;pat.;;Del Rio de la Palma gol. Jozefs, pat. Almansa-600 8acos cu bou.;;Jozefs;gol.;1871_07_01;Rio de la Palma
;;N/A:  | N/A: ;Bailaró;pat.;;D. Cárdenas gol. Victoria, pat. Bailaró-540 cajis 27 user.;;Victoria;gol.;1871_07_01;Cárdenas
;;N/A: ;Bech;pat.;;De Cárdenas gol. Juauit, pat. Bech-100 cajas azúcar, Glioa ta:lilla.;;Juauit;gol.;1871_07_01;Cárdenas
;;N/A:  | N/A:  | N/A: ;Piñeiro;pat.;;Do Mántua gol. Eugosia, pat. Piñeiro-300 sacos car. bon, 100 pozas madera del pais, 12 arrobas cera.;;Eugosia;gol.;1871_07_01;Mántua
;;N/A: ;Mayans;pat.;;De la alata gol. Teresita, pat. Mayans-300 Facos carbon.;;Teresita;gol.;1871_07_01;alata
;;N/A:  | N/A:  | N/A:  | N/A:  | N/A:  | N/A: ;Tore-500;pa.;;Del Merrillo gol. Juliana pa. Tore-500 qq. cáscara mangle, 4:0 3203 carbon, 200 polines, 100 varas alu áDe la Ortigesa gol. Bonifacia, pat. Perora-116 cajas azúcar, 31 pipas aguardiente.;;Juliana;gol.;1871_07_01;Merrillo
;;N/A: ;Dominguez-SCO;pat.;;Da Cabañas gol. Amable Resita, pat. Dominguez-SCO 82c08 carton.;;Amable Resita;gol.;1871_07_01;Cabañas
;;N/A:  | N/A: ;Padilla;pat.;;De Banca gol. Nuova Concha, pat. Padilla-*00 cajas azúcar, 30 bocopea miel de purga.;;Nuova Concha;gol.;1871_07_01;Banca
;;N/A: ;Vilar500;pat.;;De Cayos de Sotavento vivero Dos Marias, pat. Vilar500 pescados vivos.;;Dos Marias;vivero;1871_07_01;Cayos de Sotavento
;;N/A: ;Casteleirc;pat.;;De Arroyos vivero Dolores, pat. Casteleirc-500 pescades vivos.;;Dolores;vivero;1871_07_01;Arroyos
;;N/A:  | N/A:  | N/A: ;Enseñat;pat.;;Do Sagaa la Grando gol. Gorrion, pat. Enseñat-2.000 tendidos coga majagua, 80 pilos y estacas.;;Gorrion;gol.;1871_07_01;Sagaa
;;N/A:  | N/A:  | N/A:  | N/A:  | N/A:  | N/A:  | N/A:  | N/A: ;Gen. zalez;cap.;;De Santiago de Cuba y escalaa vap. Pelayo, cap. Gen. zalez-530 cceros al pelo, 14 000 platance, 8 sacos cacao, 6 torolos tabaco, 1 caja camisas, 1 idem calzado, 1 idem dalco, 6 racimos plátanos dátilos.;;Pelayo;vap.;1871_07_01;Santiago de Cuba
;;N/A:  | N/A:  | N/A:  | N/A:  | N/A:  | N/A:  | N/A:  | N/A:  | N/A:  | N/A:  | N/A:  | N/A:  | N/A:  | N/A:  | N/A:  | N/A:  | N/A:  | N/A:  | N/A:  | N/A:  | N/A:  | N/A:  | N/A:  | N/A:  | N/A: ;Lemus-7589c08;cap.;;De Santiago de Cuba vap. Clara, cap Lemus-7589c08 cacao, 20 eaces café, 18 barriles sabo, ies sacos mais, 150 garrafones ginebra, 20 scrones y 27 sacos escos, 11,000 plátanos, 6 Herones y 1 caja idem, 5 cajas tabacos, 18 sacos pimenton, 6 baules, 3 cajas y 1 llo peleteris, cajas calzado, 1 seron esponjas, 1 cija chocolate. 2 bocoyes azúcar, I caja sombreros, 1 idem ropa, 1 bocoy rom, 1 birtilito y 1 caja vino, 1 caja perfumeria, 2 churlas canola, 1 caja bacalao.;;Clara;vap.;1871_07_01;Santiago de Cuba
;;N/A:  | N/A:  | N/A: ;Jcfré;cap.;;De Cárdenas vap. Comarditario, cap. Jcfré-100 cajas azúcar, 7 tereloa cueros, 6 cajas papel de tapizar.;;Comarditario;vap.;1871_07_01;Cárdenas
;;N/A:  | N/A: ;Juan;p.;;De Cárdenas g. Generale. p. Juan: con 15s cajas y 24 boroyes de azúcar's 1ssilas usadas;;Generale.;g.;1871_07_02;Cárdenas
;;N/A: ;Brage;p.;;De idom vivero Ligers. p. Brage, con 500 pescados viуря;;Ligers;p.;1871_07_02;idom vivero
;;N/A:  | N/A: ;Deulofee;p.;;De Cabañas g. Nuestra Señora del Carmen, p. Deulofee, con 281 cajas de aztear y 25 pipas aguardiente.;;Nuestra Señora del Carmen;g.;1871_07_02;Cabañas
;;N/A:  | N/A:  | N/A:  | N/A: ;Cusi;cap.;;De San Cayetano Rio Blanco y Bahia Honda vapor Bahia Hondo. cap. Cusi. con.50 siccs cáscara do mangle. 18 aces carbon, 25 bultes cquipajes y 78 tereits de tabsCC;;Bahia Hondo;vapor;1871_07_02;San Cayetano
;;N/A: ;Berna;pat.;;D. Puerto del Padra gol. Tros Hermanas, pat. Berna za 117 b.e. azúcar.;;Tros Hermanas;gol.;1871_07_04;Padra
;;N/A:  | N/A:  | N/A:  | N/A: ;Ferrer;pat.;;De Sagua la Grande gol. Sagiera, pat Ferrer, 200 atrave-afioa, 150 caballos lens, I tosas madera, piezas y 1 caa maquinaria.;;Sagiera;gol.;1871_07_04;Sagua la Grande
;;N/A: ;Boch;p.;;"De idem gol. Uulon, p. Boch; 770 cajas azúcar.";;Uulon;gol.;1871_07_04;idem
;;N/A: ;Gisport;p.;;De idem gul. Des de Mayo, p. Gisport, 700 sacos carbou.;;Des de Mayo;gul.;1871_07_04;idem
;;N/A:  | N/A:  | N/A:  | N/A:  | N/A:  | N/A:  | N/A: ;Vega;cap.;;De Carbarien y Sagna la Grand, vap. Nuevo Almen dares, cap. Vega. 20 toreios tabaco, 2 serones capenjar, 1 c. nueces, 1 o. perfumerii, 1 bl. aguardiente, 1 atado carne, 1 vaca y su cria;;Nuevo Almen dares;vap.;1871_07_04;Carbarien y Sagna
;;N/A: ;Badie;pat.;;De la Tejg. Isabel Segunda, pat. Badie, 600 sacca carton.;;Isabel Segunda;pat.;1871_07_04;Tejg.
;;N/A:  | N/A:  | N/A:  | N/A:  | N/A: ;Jofre;cap.;;De Cárdenas vap. Comanditario, cap. Jofre: 400 cajas azúcar, 1 extrehe 2 panes a úcar, 10 pp. aguardiente, 3 los cueros les vaqueta, 2e. bro.;;Comanditario;vap.;1871_07_04;Cárdenas
Día 01:;;N/A: ;Lo';pat.;;De Sierra Morena goleta América, pat. Lo', 3-9 c. a. 1.;;América;goleta;1871_07_04;Sierra Morena
;;N/A: ;Castro;p.;;De Carahatas g. Victoria, p. Castro: con GOD sacos de carbon.;;Victoria;g.;1871_07_05;Carahatas
;;N/A: ;Martinez;p.;;"De la Teja bal. Covadengs, p. Martinez; con 400 zacos carbon.";;Covadengs;bal.;1871_07_05;Teja
;;N/A: ;Garcia;p.;;"De Rio de la Palina g. San Francisco, p. Garcia; con 700 acis carbon.";;San Francisco;g.;1871_07_05;Rio de la Palina
;;N/A: ;Nuñez;p.;;"De Signapas g. N. S. del Carmen, p. Nuñez; con 700 sacos carbon.";;N. S. del Carmen;g.;1871_07_05;Signapas
;;N/A:  | N/A:  | N/A: ;Palmer;p.;;"De Jarnco g. Cuatro Hermanas, p. Palmer; con 126 c. azúcar, 12 sacos mais y 9 pipas agate.";;Cuatro Hermanas;g.;1871_07_05;Jarnco
;;N/A: ;Febrer;p;;"De Mantua g. Neptuno, p Febrer; con 800 sacoз car. .bɔn";;Neptuno;g.;1871_07_05;Mantua
;;N/A: ;Mares;p.;;"De Arroyos viv. Rosita. p. Mares; con 500 pescades vivos..";;Rosita;viv.;1871_07_05;Arroyos
;;N/A:  | N/A:  | N/A:  | N/A: ;Escandell;p.;;"De Bahia Honda g. Bahia Honda, p. Escandell; con 100 c. y 35 bocoyos azúcar, 60 cortes de carreta y 38 plpas agdte.";;Bahia Honda;g.;1871_07_05;Bahia Honda
;;N/A:  | N/A:  | N/A:  | N/A: ;Rodriguez;p.;;De Sierra Morena g Dos Amigos, p. Rodriguez, 236 0. azúcar, 15 bocoges miel de purga, 10 p!pas aguardiente, 1 c. efectos.;;Dos Amigos;g;1871_07_06;Sierra Morena
;;N/A:  | N/A:  | N/A: ;Cabrer;p.;;De idem g. Maris, p. Cabrer, 490 c. azúcar, 1 c. clnmaceras, 1 masa trapiche.;;Maris;g.;1871_07_06;idem
;;N/A:  | N/A: ;Maoip;p.;;De Santa Cruz g. Maria del Rosario, p. Maoip, 300 sacos maiz, 50 o. azúcar.;;Maria del Rosario;g.;1871_07_06;Santa Cruz
;;N/A:  | N/A:  | N/A:  | N/A: ;Caei;cp.;;De San Cayetano, Rio Blanco y Babis Honda, vapor Babia Honda, cp. Caei, 1012 tercios tabaco, 60 sacos cáscara de mangie, 12 sacos carbon, 2 canastos aves.;;Babia Honda;vap.;1871_07_06;San Cayetano, Rio Blanco y Babis Honda
;;N/A: ;Mannels;p.;;De Banes bote Cecilia Mannels, p, Ferrer, 32 bosoges mascabado.;;Cecilia;bote;1871_07_06;Banes
;;N/A:  | N/A:  | N/A:  | N/A:  | N/A:  | N/A:  | N/A:  | N/A: ;Rivas;pat.;;De Nuevitas goleta Dichosa, patron Rivas, 204 oneros al pelo, 100 sacos carbon, 28 toros 21 novil'os. I caja ferreteria, 1 caja malakoffs, 1 baul y 1 cajon libros.;;Dichosa;goleta;1871_07_07;Nuevitas
;;N/A:  | N/A:  | N/A:  | N/A:  | N/A:  | N/A:  | N/A: ;Cadiloro;patrón;;De Matanzas goleta Maria, patron Cadiloro, 200 sacos garbanzos, 50 sacos arroz, 76 scrones tasajo, 12 bocorcs azúcar, 9 tercios anos y vaquota, 7 torcerolas jamones, 6 cajas. 4 barriles y 3 modios idem cigarros.;;Maria;goleta;1871_07_07;Matanzas
;;N/A:  | N/A: ;Barroiro;pat.;;De idem ide goleta Concha, patron Barroiro, 5000 prezados vivos, 20 quintalos pescado salado.;;Concha;goleta;1871_07_07;idem ide
;;N/A:  | N/A: ;Jofré;cap.;;De Cardenas vapor Comanditario, capitan Jofré, 1200 cajas azúcar. 11 los cueros.;;Comanditario;vapor;1871_07_07;Cardenas
;;N/A:  | N/A:  | N/A: ;Diaz;p;;De Siorra Morena g. Rosaura, p, Diaz, 500 sicos carbon, 300 varas madera cedro y caoba.;;Rosaura;g.;1871_07_08;Siorra Morena
;;N/A: ;Sano;p.;;De idem g. Agustina, p. Sano, 600 sacos carbon.;;Agustina;g.;1871_07_08;idem
;;N/A:  | N/A:  | N/A:  | N/A: ;Herrera;p.;;De Cárdenas g. Mercedita. p. Herrera, 500 o. azúcer 100 garrafones vinagre, 3 tabales sardinas, 1 caja efectos.;;Mercedita;g.;1871_07_08;Cárdenas
;;N/A: ;Viver;p.;;De Mantua g. Segunda Rosa, p. Viver, 1000 sacos carbon.;;Segunda Rosa;g.;1871_07_08;Mantua
;;N/A: ;Perez;p.;;De Malas Aguas lancha San Antonio, p. Perez, 400 qs. cáscara de mangle.;;San Antonio;lancha;1871_07_08;Malas Aguas
;;N/A:  | N/A:  | N/A:  | N/A:  | N/A: ;Gorrin;p.;;De Babia onda g. Carmita, p. Gorrin, 171 c. nzicar, 33 boca. idem. 40 pipas aguardiente, 5o. azúcar terron, I horcones.;;Carmita;onda;1871_07_08;Babia
;;N/A: ;Socí;p.;;De Jaimanitas bote San Anselmo, p. Socí. 8000 ladrllos del pais.;;San Anselmo;bote;1871_07_08;Jaimanitas
;;N/A:  | N/A:  | N/A: ;Viera;p.;;De Jaruco g. Jaraqueña, p. Viera, 153 c. 5 5 estuches Lazúcar, 231 sacos maiz, 10 pipas agoardiente.;;Jaraqueña;g.;1871_07_08;Jaruco
;;N/A: ;P anell;p.;;De idom g. Salvo Virgen Maria p. P anell, 310 caballos leña.;;Salvo Virgen Maria;g.;1871_07_08;idom
;;N/A:  | N/A:  | N/A: ;Perelló;p.;;De Cárdenas g. Tres Marias, p. Perelló, 120 boc. miol le purga, 100 c. azúcar, 18 qs jarcia.;;Tres Marias;g.;1871_07_08;Cárdenas
;;N/A: ;Lopez;pat.;;De Sierra Morena golǝta Amalia. pat en Lopez, 306 osjas azúcar.;;Amalia;golǝta;1871_07_09;Sierra Morena
;;N/A:  | N/A:  | N/A:  | N/A:  | N/A:  | N/A:  | N/A: ;Sanchez;p.;;De Caibarien. Desengaño, p. Sanchez, 3 003 plátanos 200 docenas esponjas, 100 cueros al polo, 20 caballos liña, 20 pai Conitos. 5 tabales sardinas;;Desengaño;;1871_07_11;Caibarien
;;N/A:  | N/A:  | N/A:  | N/A:  | N/A:  | N/A:  | N/A: ;Sans;p.;;De Sagaa la Grande Cardenas g. Modesta, p. Sans, 800 dresñas 20ga majagua, 250 garra,onga almendras, 100 garrafoncs aceitunas, 50 c. frntas, '4) serones plátanos,;;Modesta;g.;1871_07_11;Sagaa la Grande
;;N/A: ;Rivas;p.;;De la Tejag. Júcaro, p. Rivas, 700 sacos do carbon;;Júcaro;p.;1871_07_11;Tejag.
;;N/A: ;Almanza;p.;;De idem. Josef, p. Almanza, 600 idem idem;;Josef;;1871_07_11;idem
;;N/A: ;Gallego;p.;;De idem Gallego, p. Galy, 200 idem idem;;Galy;p.;1871_07_11;idem
;;N/A: ;Luc.;p.;;De Cardens g Juanita, p. Luc. C20 c. aznear;;Juanita;g;1871_07_11;Cardens
;;N/A:  | N/A:  | N/A:  | N/A: ;Carbono;pat.;;De Bahia Hondag Mercedita. p. Carbono!!, 81 c. azú or, ge, malanga, 15 ql:3. cáscara mangle y & pipas aguardiente;;Mercedita;p.;1871_07_11;Bahia Hondag
;;N/A:  | N/A:  | N/A: ;J.Ke;cap.;;De Cárdenas vapor Comanditarte, cap J.Ke, 700 c. azúar. 10 les cueros y ardo piangy;;Comanditarte;vapor;1871_07_11;Cárdenas
;;N/A: ;Manar;p.;;De Nueritas berg. gol. Pirince. p. Manar, 34 qts. cobre viejo.;gol.;Pirince;berg.;1871_07_12;Nueritas
;;N/A:  | N/A: ;Cabrera;p.;;De Sierra Morena g. Seis Manuelas, p. Cabrera, 850 c‹ y 18 boooyes azúcar.;;Seis Manuelas;g.;1871_07_12;Sierra Morena
;;;Rivas;p.;;De idem g. Dichoss, p. Rivas, en lastre.;;Dichoss;g.;1871_07_12;idem
;;N/A: ;Gonzalez;p.;;De idem g. Sofia, . pGonzalez, 500 o. azúcar.;;Sofia;g.;1871_07_12;idem
;;N/A: ;Torres;p.;;De la Teja g Magdalena, p. Torres, 380 c. azúcar.;;Magdalena;g;1871_07_12;la Teja
;;N/A: ;Castro;p.;;"De Carahataag. Victoria; p. Castro, 600 soos DAFben,";;Victoria;p.;1871_07_12;Carahataag
;;N/A: ;Rivas;p.;;De idem g. Júcaro. p. Rivas, 800 aaces carbon.;;Júcaro;g.;1871_07_12;idem
;;N/A: ;Pavia;p.;;De Cárdenas g. General Lamar, p. Pavia, 380 c. azúcar. .;;General Lamar;g.;1871_07_12;Cárdenas
;;N/A:  | N/A: ;Juan;p.;;De idem g. Nueva Resita, p. Juan, 525 o. y 25 boceyes azúcar..;;Nueva Resita;g.;1871_07_12;idem
;;N/A: ;Martin;p.;;De idem g. María Josofa, p. Martin, 420 o. 90 bocore azúcar.;;María Josofa;g.;1871_07_12;idem
;;N/A:  | N/A: ;Badaró;p.;;De idem g. Victoria, p. Badaró, 480 c. y 36 bocoyes azúcar.;;Victoria;g.;1871_07_12;idem
;;N/A: ;Herrera;p.;;De idem K. Mercedita, p. Herrera, 500 c. azúcar.;;Mercedita;p.;1871_07_12;idem
;;N/A: ;Bosch;p.;;De idem g. Juanita, p. Bosch, 600 c. azúcar.;;Juanita;g.;1871_07_12;idem
;;N/A: ;Dardet;p;;De idem g. Rosita, p Dardet, 520 c. azúcar.;;Rosita;g.;1871_07_12;idem
;;N/A: ;Cudi lero;p.;;De Matanzas g. Maria, p. Cudi lero, 611 o. azúcar.;;Maria;g.;1871_07_12;Matanzas
;;N/A: ;Duran;p.;;De Jaruco bote Nuestra Señora del Carmen, p. Duran, 140 c. azúcar..;;Nuestra Señora del Carmen;bote;1871_07_12;Jaruco
;;N/A:  | N/A:  | N/A: ;Lopez;p.;;De Cabañas g. Caballo Marine, p. Lopez, 100 o. y 50 bocoyes azúcar, 18 pipas aguardiente.;;Caballo Marine;g.;1871_07_12;Cabañas
;;N/A:  | N/A: ;Rodriguez;p.;;De idem g. Cefiro, p. Rodriguez, 370 c. azúcar, 16 pigas aguardiente.;;Cefiro;g.;1871_07_12;idem
;;N/A: ;Ferrer;p.;;De Baracon boto Cecilia Manuels, p. Ferrer, 36 bocoyes miel concentrada;;Cecilia;boto;1871_07_12;Baracon
;;N/A: ;Fariñas;p.;;De Cárdenas Anita, p. Fariñas, 900 o. azúcar.;;Anita;p.;1871_07_12;Cárdenas
;;N/A: ;Leiro;p.;;De Cays de Sotavento vivero Pronto,p. Leiro, 500 pes cados vivos.;;Pronto;vivero;1871_07_12;Cays de Sotavento
;;N/A:  | N/A:  | N/A:  | N/A:  | N/A:  | N/A:  | N/A:  | N/A:  | N/A:  | N/A:  | N/A:  | N/A:  | N/A:  | N/A:  | N/A:  | N/A:  | N/A: ;Arriaga;cap.;;De Santiago de Caba vap. Cuba cap, Arriaga, 163 oneros, 66 8. cacao, 135 terca. tabaco, 28 bar. limonca. 19 id aceite coco, 22 serones plátanos, 15 racimos id. dátiles 28 bar. guayabae. 7 fardos zuola, 2 bar. rom, 2 c. ropa, 1 o. jabon, I o. costureros, 2 barrilitos café, 1 c. quesos, 5 bar. guayabas y limones y 1 un ajoar de casa usada.;;Cuba;vap.;1871_07_12;Santiago de Caba
;;N/A:  | N/A:  | N/A:  | N/A:  | N/A: ;Vega;cap.;;De Calbarien y Sagua la Grande vap. Nuevo Almenda res cap. Vega 20 pp. aguardiente, 5 sorones esponjas, 2 . dulce, 1 c. quincalleria, 1 caballo;;Nuevo Almenda;vap.;1871_07_12;Calbarien
;;N/A:  | N/A:  | N/A: ;Jofre;cap.;;De Cárdenas vap. Comanditario cap. Jofre, 1100 c. azú rar, 1 tercio vaqueta, 1 o. gallinas;;Comanditario;vap.;1871_07_12;Cárdenas
;;N/A:  | N/A:  | N/A: ;Macip;p.;;"De Santa Cruz g. Maria p. Macip, 300 c. azúcar. Del Ortigosa g. Bonifacia p, Perera, EGO o. azúcar. Do Baincoa g. Deloritas p. ""Duran, 140 c. y 40 bocoyes azúcar.";;Maria;g.;1871_07_12;Santa Cruz
;;N/A:  | N/A:  | N/A: ;Buyosa;p.;;De Calbarien g. Pepilla Alvarez p. Buyosa 100 reses, 100 caballos leña.;;Pepilla Alvarez;g.;1871_07_12;Calbarien
;;N/A:  | N/A:  | N/A: ;Casals;p.;;De Baracoa pai). Vigilanto p. Casals, 30 mil plátanos 4000 cocos, 4 plozas madera.;;Vigilanto;pai);1871_07_13;Baracoa
;;N/A:  | N/A: ;Llabre;p.;;De Caibarien g. Ceferina p. Llabre 500 racimos plátinos, 300 caballes leña;;Ceferina;g.;1871_07_13;Caibarien
;;N/A:  | N/A:  | N/A: ;Maipó;p.;;De Sta. Cz Mati dol Rosario p. Maipó, 200 fane18 y 200 8. maiz, 10 c azúcar.;;Rosario;dol;1871_07_13;Sta. Cz
;;N/A:  | N/A:  | N/A:  | N/A: ;Lopez;p.;;De Cabañas g. Caballo Marino p. Lopez 237 tores ta bacoa, 100 c. azúcar, 53 pp. aguardiente, 9 piezas maquimaria usada;;Caballo Marino;g.;1871_07_13;Cabañas
;;N/A:  | N/A: ;Durán;p.;;De Baraco g. Doloritas p. Durán, 162 e. azúcar, 34 pp. aguardiente.;;Doloritas;g.;1871_07_13;Baraco
Día 13:;;N/A:  | N/A:  | N/A: ;Visquerra;p.;;De Matanzas g. Dos Hermanas p. Visquerra: 13 bocs. arúcar, 11 tercios zuela y vaqusta.;;Dos Hermanas;g.;1871_07_13;Matanzas
;;N/A:  | N/A:  | N/A: ;Colomar;p.;;De Sagua la Grande g. Sabes, p. Colomar, 200 docenas soga majagua, 30 palos labrados y 20 estacas de jucare.;;Sabes;g.;1871_07_14;Sagua la Grande
;;;Dobaña;p.;;De Sierra Morens g. Adelaida, p. Dobaña, en lastre.;;Adelaida;g.;1871_07_14;Sierra Morens
;;N/A:  | N/A:  | N/A:  | N/A: ;Jofre;cp.;;De Cárdenas vapor Comanditario, cp. Jofre, 700 c. asúar, 1 c. pescado. 9 llos oueros y 4 fardos carnaza;;Comanditario;vapor;1871_07_14;Cárdenas
;;N/A:  | N/A:  | N/A: ;Lladó;p.;;De Banta Lucia g. Leonor, p. Lladó, 500 piés madera cedro, 60 piesas madera de vuelta de idem y 46 pipas aguardiente;;Leonor;g.;1871_07_14;Banta Lucia
;;N/A: ;Ang ada;p.;;De la Mulata g. Santa Ana, p. Ang ada, 600 sacos do carbon;;Santa Ana;g.;1871_07_14;Mulata
;;N/A:  | N/A:  | N/A:  | N/A:  | N/A:  | N/A:  | N/A:  | N/A: ;Fuster;p.;;De San Cayetano g. Manuelita, p. Fuster, 350 a. carbon, 250 varas madera labrada, 200 gles. ofscara mangle 909 palos guano, 150 caballos leña, 100 horoones madera. dura, 60 cortes de yugo, 14 cortes de camas de carreta;;Manuelita;g.;1871_07_14;San Cayetano
;;N/A: ;Carrillo;p.;;De Cayes de Sotavento vivero Alerts, p. Carrillo, 500 p4 Tires;;Alerts;vivero;1871_07_14;Cayes de Sotavento
;;;;;;De Baatiago de Cuba vapor Caba, op age, 977.;;Caba;vapor;1871_07_14;Baatiago de Cuba
;;N/A: ;Tay;p.;;De Sierra Merena g. Tres Hormanas, p. Tay, 800 sacos Ca bon.;;Tres Hormanas;g.;1871_07_15;Sierra Merena
;;N/A:  | N/A:  | N/A:  | N/A:  | N/A: ;Carbono;p.;;De Matanzas g. Margarita, p. Carbono), 1000 ar. tasalo, 100 sacos garbanzos, 8 c. chorizos, 4 c. poleteria y 1 c. ferretoria.;;Margarita;g.;1871_07_15;Matanzas
;;N/A: ;Cármon;dol;;De Jaraco bote Ntra. Sra. dol Cármon, p. Doran, 200 sacos maiz.;;Ntra. Sra.;bote;1871_07_15;Jaraco
;;N/A:  | N/A:  | N/A:  | N/A:  | N/A:  | N/A:  | N/A:  | N/A: ;Terres;p.;;De Mantua g. Marianita, p. Terres, 4003 tabacos, 100 caballos lofa, 72 bocoyes mascabados, 50 garrafones miel do abejas. 40 cueros, 20 ar. Jana miraguano, 16 ar. cera amarilla y 30. ropa.;;Marianita;g.;1871_07_15;Mantua
;;N/A:  | N/A: ;Lage;p.;;De Sagua la Grande g. Caba, p. Lage, 60 piozas cedro 5 23 c. jabon.;;Caba;g.;1871_07_18;Sagua la Grande
;;N/A: ;Ventura;p.;;De Sagua la Grando g. Trafalgar, p. Ventura, 165688. cocarbon.;;Trafalgar;g.;1871_07_18;Sagua la Grando
;;N/A: ;Pujol;p.;;De Sierra Moroas g. C 10, p. Pujol, 230 plezas madera do! pa;;C 10;g.;1871_07_18;Sierra Moroas
;;N/A:  | N/A:  | N/A:  | N/A:  | N/A:  | N/A:  | N/A: ;Rodriguez;p.;;De vierra Morena g. Dos Amigos, p. Rodriguez, 3:30 azúcar, 10 bacoyes mial de segunda, 13 camones, 6 mazas do carrota, palos de majagus para caties, 5 tablones de cedro y 1 carril.;;Dos Amigos;g.;1871_07_18;vierra
;;N/A: ;Þyal;p.;;De Sierra Morena g. América, p. Þyal, 470 cajas szúU J.;;América;g.;1871_07_18;Sierra Morena
;;N/A:  | N/A:  | N/A:  | N/A: ;Viera;p.;;De Jaruco g. Jaraques, p. Viera, 117 c. azúcar, 178 sacos maiz, 19 pipas aguardiente y 30 quarterolas vacias;;Jaraques;g.;1871_07_18;Jaruco
;;N/A: ;Farnandez;p.;;De Cayos de Barlovenro viv. Felis Conchita, p. Farnandez, 500 pescados vivos.;;Felis Conchita;viv.;1871_07_18;Cayos de Barlovenro
;;N/A:  | N/A:  | N/A:  | N/A: ;Vegs;cap.;;De Caibatlon y Sagna la Grande vap Nuevo Almendaros, cap. Vegs, GO terclos tebaco, 51 pipas agdte., 13 seronos esponjas y 1 barril efectos.;;Nuevo Almendaros;vap;1871_07_18;Caibatlon y Sagna la Grande
;;N/A:  | N/A:  | N/A:  | N/A:  | N/A:  | N/A:  | N/A: ;Jufra;cap.;;Do Cárdenas vapor Comanditario, cap. Jufra, 301 c. azúcar, 3 lios madera, 1 baal efectos, 1 saco cou un garrafon, 1 cajon efectos, 6 teroips carnaza, 1 tercio cneros ylo. con un reloj.;;Comanditario;vapor;1871_07_18;Cárdenas
;;N/A:  | N/A:  | N/A: ;Rodriguez;pat.;;De Calbarien gol. Paquete de Moron, pat. Rodriguez, 124 reres, 800 cueros al pelo, 1 s. oera amarilla.;;Paquete de Moron;gol.;1871_07_19;Calbarien
;;N/A: ;Villalonga;pat.;;Del Salto gol. Teresita, pat. Villalonga, 800 83003 carbon.;;Teresita;gol.;1871_07_19;Salto
;;N/A:  | N/A:  | N/A:  | N/A:  | N/A: ;Cayula;p.;;De la Teja gol. Doa Soflas, p. Cayula: 36 s. carbon, 250 atravesafioa, 100 estacas arabo, 51 tirante, 24 cuarterolas miel de purga;;Doa Soflas;gol.;1871_07_19;Teja
;;N/A: ;Gispert;pat.;;De la Teja gol. Dos do Mayo, pat. Gispert, 700 sac s carbon.;;Dos do Mayo;gol.;1871_07_19;la Teja
;;N/A: ;Orbay;pat.;;Da la Teja gol. Ceferina, pat. Orbay, 600 sacos cirbon.;;Ceferina;gol.;1871_07_19;
;;N/A:  | N/A: ;Herrera;p.;;De Cárdenas g. Mercedita, p. Herrera, 90 c. azúcar, 1 moviliario usado.;;Mercedita;g.;1871_07_19;Cárdenas
;;N/A:  | N/A:  | N/A: ;Fierro;p.;;De Canisi g. Loba Marina, p. Fierro: 200 fanegas maiz CO o. azúcar 20 pp aguardiente.;;Loba Marina;g.;1871_07_19;Canisi
Día null:;;N/A: ;Dominguez;pat.;;De Cabañas gol. Amable Rosita, pat. Dominguez: 700 8. carbos.;;Amable Rosita;gol.;1871_07_19;Cabañas
;;N/A:  | N/A: ;Perelló;p.;;De Cárdenas g. Tres Marias, p. Perelló, con 369 cajas de azacar, 30 bocoyos miel do purga;;Tres Marias;g.;1871_07_20;Cárdenas
;;N/A:  | N/A:  | N/A:  | N/A:  | N/A: ;Cusi;cap.;;De San Cayetano Rio Blanco y Babia Honda vapor Bah'a Honda, cap. Cusi, con 94 torcios de tabaco, 12 sacos carbon, 30 ejes de hierro, 4 llantas de carretas y 2 cajas azúcar;;Bah'a Honda;vapor;1871_07_20;San Cayetano
;;N/A:  | N/A:  | N/A:  | N/A:  | N/A:  | N/A:  | N/A:  | N/A:  | N/A:  | N/A:  | N/A:  | N/A:  | N/A:  | N/A:  | N/A:  | N/A:  | N/A: ;Mas;cap.;;De Santiago de Caba y escalas vapor Clara, cap. Mas, on 5 sares cafe, 55 idem ocess, 14,000 plátanos, 41 seron ilm, 469 cueros al pele, 15 barriles sebo, 4 fardos suela dejas con 2 boonyes do bacalao, 11 idem mármoles, 7 butos much!cs, 2 barriles y 1 terosrola naranjas, 1 cajislatado géneros, 1 baul tabacos, 1 idem sombrorcs, I cria papel, I idem medicinas, 1 idem porfomoría.;;Clara;vapor;1871_07_20;Santiago de Caba
;;N/A:  | N/A:  | N/A: ;Hernandez;p.;;De Sagua la Chica g.. Antonia, p. Hernandez, con 36 catacas de jácaro, 2 arabos, 2 atravess fica;;Antonia;g..;1871_07_20;Sagua la Chica
;;N/A: ;Gonzalez;p.;;De Sierra Morona g. Sofia, p. Gonzalez, con 500 cajas de azúcar;;Sofia;g.;1871_07_20;Sierra Morona
;;N/A: ;Badia;p.;;De la Toja g. Isabel Segunds, p. Badia, cɔn 200 sacos carbon;;Isabel Segunds;g.;1871_07_20;la Toja
;;N/A:  | N/A:  | N/A:  | N/A: ;Jofre;cp.;;"De Cárdenas vapor Cainanditario, cp. Jofre; 4 tercios cusros, dom vaquota, 2 pipas chapapote, 3 baltos mneblea";;Cainanditario;vapor;1871_07_21;Cárdenas
;;N/A: ;Dobarro;p.;;"De la Teja gel. Jóren Magdalona, p. Dobarro; 1:00 a carbon.";;Jóren Magdalona;gel.;1871_07_21;Teja
;;N/A:  | N/A:  | N/A: ;M.cip;p.;;De Santa Cruz gol. Maris del Rosario, p. M.cip: 250 fanegas y 150 sacos mais 20 calas azúcar.;;Maris del Rosario;gol.;1871_07_21;Santa Cruz
;;N/A: ;Bogai;op.;;"De Manna pail. Féniz, op. Bogai; 600 sacos de car. bon.";;Féniz;pail.;1871_07_21;Manna
;;N/A: ;Sosa;p.;;"De Jaimanitas bote San Anselmo p. Sosa; 8000 la li 1:08.";;San Anselmo;bote;1871_07_21;Jaimanitas
;;N/A:  | N/A:  | N/A:  | N/A:  | N/A:  | N/A:  | N/A: ;;;;De las Tunas de Zaza g. Natividad Alvarez 390 oneros al pelo, 165 i. salado, 03 pp. againdiente, 3 c. y 2 boroza, teres, milde abojas, 2 1d. sabo.;;Natividad Alvarez;g.;1871_07_22;las Tunas de Zaza
;;N/A: ;Almanza;p.;;De Rio de la Palma g. Josefs p. Almanza 600 sac03 c.r bon.;;Josefs;g.;1871_07_22;Rio de la Palma
;;N/A: ;D. Torres;;;De it. g. Dorotea D. Torres, 330 Am;;Dorotea;g.;1871_07_22;it.
;;N/A:  | N/A:  | N/A: ;Selles;pat.;;De Caibarien gol. Niño, pat. Selles-11s reses, 400. cueros al pelo, 25 caballos leñ³.;;Niño;gol.;1871_07_22;Caibarien
;;N/A:  | N/A: ;Burch;p.;;De Cárdenas gol. Juanita, p. Burch, 250 cajas azúcar y varios muebles.;;Juanita;gol.;1871_07_23;Cárdenas
;;N/A: ;Escanellas;p.;;De la Mulata gol. Dolores, p. Escanellas, 700 sacos carbon,;;Dolores;gol.;1871_07_23;Mulata
;;N/A:  | N/A:  | N/A: ;Escande;p.;;De Fabia Honda gol. Babis Bonda, p. Escande'), 300 caballos tona, 34 pipas aguardiente y 30 bocores mascabado;;Babis Bonda;gol.;1871_07_23;Fabia Honda
;;N/A:  | N/A: ;Cuevas;p.;;De Cárdenas gel Inés, p. Cuevas, 120 cajas y 27 bocoyes azúcar.;;Inés;gel;1871_07_23;Cárdenas
;;N/A: ;Febrer;pat.;;De Mantua goleta Neptuno, pat, Febrer, 800 sacos carbon.;;Neptuno;goleta;1871_07_25;Mantua
;;N/A: ;Perera;pat.;;De Ortigosa bote Ccelll. Manuela, pat. Perera, 34 pp aguardiente.;;Ccelll.;bote;1871_07_25;Ortigosa
;;N/A:  | N/A:  | N/A: ;Gorrin;p.;;De Bahia Honda g. Carmita, p. Gorrin: 223 c. azúcar. 192 a. carbon, 24 pp aguardiente.;;Carmita;g.;1871_07_25;Bahia Honda
;;N/A:  | N/A:  | N/A: ;Pelaez;p.;;De Sierra Morena gol. Engracia, p. Pelaez: 60 bocores miel de segunda, 15 c. azúcar, 22 ppagandiente. 2 palos Júcaro;;Engracia;gol.;1871_07_25;Sierra Morena
;;N/A:  | N/A:  | N/A: ;Fcento;p.;;De Matanzas g. Adela p. Fcento, 12,000 ar. taзnjo, 4 0. sustancias, 3 c. longanizas.;;Adela;g.;1871_07_25;Matanzas
;;N/A: ;Vilar;pat.;;De Arroyos viv. Dos Marias, patron Vilar, 500 poscados vivos.;;Dos Marias;viv.;1871_07_25;Arroyos
;;N/A:  | N/A:  | N/A:  | N/A: ;Lopez;p.;;De Cabañas g. Caballo Marino, p. Lopez: 292 torcios tabaco, 50 pp aguardiente. 8 c. 2 piezas y 1 paila cobre viejo.;;Caballo Marino;g.;1871_07_25;Cabañas
;;N/A:  | N/A:  | N/A:  | N/A:  | N/A:  | N/A:  | N/A:  | N/A:  | N/A:  | N/A: ;Vega;cap.;;De Calbarien vapor Nuevo Almendares, cap. Vega: 421 tercioa tabaco, 20 pp aguardiento, 17 tabales sardin33. 8 serones y 1 fardo esponjas, 5 s. frijoles. 1 c. quesos 1 o. poleteria, 1 o. morcillis, i bl. efectus.;;Nuevo Almendares;vapor;1871_07_25;Calbarien
;;N/A:  | N/A:  | N/A:  | N/A:  | N/A: ;Jofre;cap.;;De Cárdenas vap. Cominditario, cap. Jofre, 12 pano azúcar, 7 lics oneros, 2 tercios suela y vaqueta, 1 lio sorones.;;Cominditario;vap.;1871_07_25;Cárdenas
Día :;;N/A:  | N/A:  | N/A:  | N/A:  | N/A:  | N/A:  | N/A:  | N/A:  | N/A:  | N/A: ;Rom;cap.;;Da Santiago de Cuba y escalas vap. Pelayo, cap. Rom, 8,000 naranjas, 300 piñas, 77 s. cafó, 7 fardos suela, 7 oajas coñac, 5 japlas pájaros, 2 c. dulce, 1 o. papel para el tolégrafo, 1 fardo calzado, 1 caja con muestrap de cafó;;Pelayo;vap.;1871_07_25;Santiago de Cuba
;;N/A: ;Pavia;p;;De idem g. General la Mar, p, Pavia, con 1300 sacos de carbon;;General la Mar;g.;1871_07_27;idem
;;N/A: ;Vives;p;;De idem g. Segunda Rosa, p Vives, con 900 82008 car. bon;;Segunda Rosa;g.;1871_07_27;idem
;;N/A: ;Iglesias;p.;;De los Arroyos vivero Pronto, p. Iglesias, con 500 pescados vivos;;Pronto;vivero;1871_07_27;los Arroyos
;;N/A: ;Romero;p.;;De idem vivero Maipú, p. Romero, con 500 pescados vives;;idem;p.;1871_07_27;Maipú
;;N/A: ;Anglada;p.;;De la Mulata g. Santa Ata, p. Anglada, con 800 ɛaros de carbon;;Santa Ata;g.;1871_07_27;Mulata
;;N/A:  | N/A:  | N/A:  | N/A: ;Darav;p;;De Baracoa g. Doloritas, p Darav, con 70 cajas y 35 bocores azú ar y 14 pipas agnardiente;;Doloritas;g.;1871_07_27;Baracoa
;;N/A: ;Colomar;p;;De Bagua la Grande g. Paqueto de Sagua, p Colomar, con 80 estacas de jucaro;;Paqueto de Sagua;g.;1871_07_27;Bagua la Grande
;;N/A: ;Lal;p.;;De Sierra Moroua g. América, p. Lal, con 370 cajas de azúcar;;América;g.;1871_07_27;Sierra Moroua
;;N/A: ;Lopez;p.;;De Cárdenas pail. Estrella, p. Lopez, con 3500 arrobas de tasajo;;Estrella;pail.;1871_07_27;Cárdenas
;;N/A:  | N/A:  | N/A:  | N/A: ;Serra;sad;;De Cárdenas g. Trini sad, p. Serra, con 100 cuarterolas miel de purga. 50 cajas azúcar, 6 idem anduilo y 2 rollos meollar;;Trini;g.;1871_07_27;Cárdenas
;;N/A:  | N/A: ;Birnaza;p.;;De inejal g. Potosí, p. Birnaza: 1000 camones, €00 8 carbon.;;Potosí;g.;1871_07_28;inejal
;;N/A:  | N/A:  | N/A:  | N/A: ;Visquera;pat.;;De Matanzas gol. Dos Hermanns, pat. Visquera, 48 aerones tarajo, 23 cajas jabon, 15 cajas azúcar, 1 tercero'a jamones.;;Dos Hermanns;gol.;1871_07_28;Matanzas
;;N/A: ;Macip;pat.;;De Sta. Cruz . M del Rosario, p. Macip: 300 fanogas;;M del Rosario;p.;1871_07_28;Sta. Cruz
Día null:;;N/A:  | N/A: ;Minondo;cap.;;De Santiago de Cuba y Naeritas vap. Cántabro, cap. Minondo: 100 roso, varios muebles.;;Cántabro;vap.;1871_07_28;Santiago de Cuba y Naeritas
;;;;;;De Santiago de Cuba 5 escalas vapor l'ajaro del Oo-.;;l'ajaro;vapor;1871_07_28;Santiago de Cuba
;;N/A: ;Gonzalez;p.;;De Sierra Morena gol. Sofia, p. Gonzalez, 00 c. azú car;;Sofia;gol.;1871_07_29;Sierra Morena
;;N/A:  | N/A:  | N/A:  | N/A: ;Carbone'l;p.;;De Matanzas g. Margarita. p. Carbone'l, 25000 plús d tab's, 500 arrobas tas jo on sorones, 50 bar. cerveza, 6 tercerolas jamones.;;Margarita;g.;1871_07_29;Matanzas
;;N/A:  | N/A:  | N/A: ;Viera;p.;;De Jaruco gol. Jaruqueñis p. Viera, 90 sacos maiz, 70 c. azúcar, 31 pipas aguardiente.;;Jaruqueñis;gol.;1871_07_29;Jaruco
;;N/A: ;Palilla;p.;;De Bines g. Nueva Concha p. Palilla, 18 mil ladrillos del pais.;;Nueva Concha;g.;1871_07_30;Bines
;;N/A:  | N/A:  | N/A:  | N/A: ;Arbona;p.;;"De Caibarien g. Eugenia p. Arbona, 400 tendidos soga majagua; 113 resea, 60 caballos leña, 10 palos moraго.";;Eugenia;g.;1871_07_30;Caibarien
;;N/A: ;Garcís;p.;;De idem g. San Francisco. p. Garcís, 100 sacos id.;;San Francisco;g.;1871_08_01;idem
;;N/A:  | N/A:  | N/A:  | N/A:  | N/A:  | N/A: ;O Breans;p.;;De Nusvitas pil Emilo, p. O Breans, 400 caballos m jagua, 6 bar. atbo, 4 caballos, 3 mulos, 2 vacas, 1 caja ropa.;;Emilo;pil;1871_08_01;Nusvitas
;;N/A: ;Cruz;p.;;De idem g. Cécilia, p. Cruz, 14 bocores carbon.;;Cécilia;g.;1871_08_01;idem
;;N/A:  | N/A:  | N/A:  | N/A:  | N/A:  | N/A:  | N/A: ;Nuñez;p.;;De Cárdenas g. Nuestra Señora del Carmen, p. Nuñez 43 palos madera, 12 caballos leña, 2 tercerolas miel de abejas. 1 seron pezpalo, 1 pipa jamones. 1 lio cabo manila 1 gato,;;Nuestra Señora del Carmen;g.;1871_08_01;Cárdenas
;;N/A: ;Ricoy;p.;;De idem g. Victòria, p. Ricoy, 600 sacos carbon.;;Victòria;g.;1871_08_01;idem
;;N/A:  | N/A:  | N/A:  | N/A:  | N/A: ;Cudillero;p.;;De Matanzas g. María, p. Cudillero, 3500 c. tazalo, 27 pases cera, 21 pipas aguardiente, 3 c. chocolato y varios muebles usados.;;María;g.;1871_08_01;Matanzas
;;N/A:  | N/A:  | N/A:  | N/A:  | N/A:  | N/A:  | N/A: ;Santo Domingo;p;;De Sierra Morena g. Brillante, p Santo Domingo, 303 c. azf car. 150 boo. miel de parga, 20 pinas aguardiente. 4 baules, 3 c. efectoe, 1 c. ferreteria, i garrafon melado.;;Brillante;g.;1871_08_01;Sierra Morena
;;N/A:  | N/A: ;Daran;p.;;De Jaruco bote Nuestra Señora del Cármon, p. Daran 100 fanegas y 95 sacos maiz.;;Nuestra Señora del Cármon;bote;1871_08_01;Jaruco
;;N/A: ;Mascaró;p.;;De idem g. Jóven Pilar, p. Mascaró, 50 paloa madera del pais.;;Jóven Pilar;g.;1871_08_01;idem
;;N/A: ;Busto;p.;;"De Sonda de Campeche vivero Carlota, p. Busto;: Co pescados vivos.";;Carlota;vivero;1871_08_01;Sonda de Campeche
;;N/A: ;Nunell;p.;;De Bigaspas g. Nuestra Señora de! Cármen, p. Nunell 700 Bacoa carbon.;;Nuestra Señora de! Cármen;g.;1871_08_01;Bigaspas
;;N/A: ;Sacramento;p.;;De idem g. Regla, p. Sacramento. 500 pescades vivos.;;Regla;g.;1871_08_01;idem
;;;Galy;p.;;De idem g. Gallego, p. Galy, :00 1608 id.;;Gallego;g.;1871_08_01;idem
;;N/A: ;Castro;p.;;De idem balandro Antonica, p. Castro, 600 sacos id.;;Antonica;balandro;1871_08_01;idem
;;;Xujol;p.;;De idem ž. Margarito, p. Xujol, 09) more hår.;;Margarito;p.;1871_08_01;idem
;;N/A: ;Aocña;p.;;De Carahatas g. Marianita, p. Aocña, 700 sacosid.;;Marianita;g.;1871_08_01;Carahatas
;;N/A:  | N/A:  | N/A:  | N/A: ;Vega;cp.;;De Catbarien y Sagna la Grande vapor Nuevo Almendares, cp. Vega, 431 torci a tabaco, 30 pipas aguardiente, 2 teronca esporjas, 1 c. tabaco.;;Nuevo Almendares;vapor;1871_08_01;Catbarien y Sagna la Grande
;;N/A:  | N/A:  | N/A: ;Joire;cp.;;De Cárdenas vapor Comanditario, cp. Joire, stoc. zúcar, 10 a. aceite retino, 2 c. cigarros.;;Comanditario;vapor;1871_08_01;Cárdenas
;;N/A:  | N/A:  | N/A:  | N/A:  | N/A: ;Villamil;ep.;;De Santiago de Cuba frag. Petrenila, ep. Villamil 1003 sacos café, 12 sness cacao, 200 sacos laurel, 1 c. ca'zado, 1 caji na chorizos.;;Petrenila;frag.;1871_08_01;Santiago de Cuba
;;N/A:  | N/A: ;Cusi;cap.;;De San Cayetano, Rio Blanco y Balia Honda vapor Balla Honda, cap. Cusi, 1413 terolos tabaco y 12 aacos de carton;;Balla Honda;vapor;1871_08_02;San Cayetano
;;N/A:  | N/A:  | N/A:  | N/A:  | N/A:  | N/A: ;Enseñat;p.;;De Sagaala Grande g. Gorrion, p. Enseñat, 400 tendidos sugh majegua, 80 estacas, 34 tabales bacalao, 8 idem sardinas, 4 fardos géneros y lllo soga de pita.;;Gorrion;g.;1871_08_02;Sagaala Grande
;;N/A: ;Cabres;p.;;De Barra Morena g. Maria, p. Cabres, 500 cajas de astoar Da Matanzas gol. Prosperidad, p, Rivas, on lastre;;Maria;g.;1871_08_02;Barra Morena
;;N/A: ;Duran;p.;;De Jaimanitas, bdro. Fernandito, p. Duran, 8,000 tejas.;;Fernandito;bdro.;1871_08_03;Jaimanitas
;;N/A: ;Bosch;;;De Cárdenas Juanita, p. Bosch, 100 cajas azúcar.;;Juanita;p.;1871_08_04;Cárdenas
;;N/A:  | N/A:  | N/A: ;Rodriguez;p.;;De Matanzas g. Elvira, p. Rodriguez, 1000 arrobas tasap, 10 cajas listado y un bocoy loza.;;Elvira;g.;1871_08_04;Matanzas
;;N/A:  | N/A: ;Montero;p.;;De Arroyos viv. Ligera, p. Montero, 500 pescados viPo Sierra Moreng. R sarap Diaz, 800 sages cirDardenas vap.Coman litario, cap. Jo'ro 5 bocoyea;;Ligera;viv.;1871_08_04;Arroyos
;;N/A: ;Biyosa;pat.;;De Caibation go'ota l'apilla Alvares, pat. Biyosa, 7: resea.;;l'apilla;go'ota;1871_08_05;Caibation
;;N/A: ;Masaze;p.;;De la Mulata. Tereita. p. Masaze: 40) varas mai der. rben.;;Tereita;p.;1871_08_05;Mulata
;;N/A:  | N/A:  | N/A:  | N/A:  | N/A:  | N/A: ;Sosa;pat.;;Jaina itas bote Sin Atzelme, pat. Sosa: 8000 laDo Cilens gol. Morcoli, p. Herrera: 100 c. pasas. 21 bocoyes y 1c. vacias, 1 piezis coba c. azúcar.;;Sin Atzelme;itas;1871_08_05;Jaina
;;N/A: ;Bernaza;p;;De Puerto del Padre g. Tres He minas, p Bernaza, 115 boea mascabado.;;Tres He minas;g.;1871_08_06;Puerto del Padre
;;N/A:  | N/A:  | N/A:  | N/A:  | N/A:  | N/A: ;Marin;p.;;De Caibarien g. Aguils de 0:0, p. Marin. 200 cabal'os leña, 120 cueros al pelo, 107 toros. 4 caballos, 3 sacos ce ra v 1 onla.;;Aguils;g.;1871_08_06;Caibarien
;;N/A:  | N/A:  | N/A: ;Lopez;p.;;De Cabañas g. Caballo Marino. p. Lopez, 272 tercios tabaco, 22 pipas aguardiente y 19 piezas maquinaria.;;Caballo Marino;g.;1871_08_06;Cabañas
;;N/A:  | N/A:  | N/A:  | N/A:  | N/A:  | N/A:  | N/A:  | N/A:  | N/A:  | N/A:  | N/A: ;Tefte;cap.;;De Cárdenas vapor Comanditario, cap. Tefte, 4 bare. cerveza, 2103 cueros. 2 barriles, 1 cajay 1 1.0 efectes. 2 pacos y 1 canasto viandas, 2 jacones, 1 ༩༥༢༥༠ sago arrez y 1 canas o aves.;;Comanditario;vapor;1871_08_08;Cárdenas
Día 00:;;N/A:  | N/A: ;Pach;p.;;De Baracoa pail. Tres Hermanas p. Pach, 2.000 plá tanos y 600 00:09.;;Tres Hermanas;pail.;1871_08_08;Baracoa
;;N/A:  | N/A:  | N/A:  | N/A:  | N/A:  | N/A:  | N/A: ;Calve;pat.;;De Gibara Matilde, p Calve. 2010 pldtancs, 100 sacos carbon, 139 asiz. 10 eballs leña, 61 tozas madera, 3 fardos cera, 2 sronosy 1 taja tasajo.;;Matilde;p;1871_08_08;Gibara
;;N/A: ;Carbonell;p.;;De Mantua. Mercelita, p. Carbonell, 690 saces car. bon.;;Mercelita;;1871_08_08;Mantua
;;N/A:  | N/A:  | N/A:  | N/A: ;Deulofeo;p.;;De Cabañas. Ntra. Sra. del Cirmen, p. Deulofeo. 40 pipas agnardite, 21 sacrs carbon, 2 quitrines y var.os Diuebles usad: s.;;Ntra. Sra. del Cirmen;p.;1871_08_08;Cabañas
;;N/A: ;Ran zeit;p.;;De Arsyas viv. Ran zeit, p. Blaque, 500 pescades. vives.;;Blaque;viv.;1871_08_08;Arsyas
;;N/A: ;;;;De Mig Altagracia. p. Gonzalez 60 I pipasaguardiente.;;Gonzalez;p.;1871_08_08;Mig Altagracia
;;N/A: ;Daran;p.;;De la Ortlarsag Dolorita p. Daran, to oyes miel de 10:23.;;Dolorita;p.;1871_08_08;Ortlarsag
;;N/A: ;Osbay;;;De la Tjag. Ceferina, p. Osbay, con 600 sac03 carbon.;;Ceferina;p.;1871_08_09;la Tjag
;;N/A: ;Porera;p.;;De la Ortigosa hote Cecilla y Minus'a, p. Porera, con 21 pipes de aguardiento;;Cecilla y Minus'a;hote;1871_08_09;Ortigosa
;;N/A:  | N/A: ;Colomar;pat.;;De Santa Cruz baro. Nnoro Hilario pat. Colomar. con 120 cajas de azúcar y 21 cerdos.;;Nnoro Hilario;baro.;1871_08_09;Santa Cruz
;;N/A: ;Martin;p.;;De Card-nas g. Ma Josefa p. Martin 230 c. car;;Ma Josefa;g.;1871_08_12;Card-nas
;;N/A: ;Pasos;p.;;De Arroyos vivero Segunda Polonia, p. Pasos, 500 pes cades vivos;;Segunda Polonia;vivero;1871_08_13;Arroyos
;;N/A: ;Docurro;p.;;De Sonda de Campscho vivero Mouroe, p. Docurro, 500 pracados vivos;;Mouroe;vivero;1871_08_13;Sonda de Campscho
;;N/A:  | N/A: ;Saao;p.;;De la Mulata g. Especalacion. p. Saao, 310 sacos carbon. 209 carmones;;Especalacion;g.;1871_08_13;Mulata
;;N/A:  | N/A:  | N/A: ;Cabrera;p.;;De Serra Morena g. Marja, p. Cabrera, 12. azdir, 10 tozas madera y 1 c.maquinaria;;Marja;g.;1871_08_13;Serra Morena
;;N/A:  | N/A:  | N/A:  | N/A: ;Zúñiga;patrón;;De Casilda goleta Segunda Isabel, patron Zúñiga, 900 oneros al pelo, 100 plezaa caoba, 4 barriles almidos, 2 terolos tabaco.;;Segunda Isabel;goleta;1871_08_15;Casilda
;;N/A:  | N/A:  | N/A: ;Torres;patrón;;De Guanes y Mantua goleta Trinidad, patron Torres. 600 terolos tabaco, 60 arrobas cera, 30 barriles miel de abeja.;;Trinidad;goleta;1871_08_15;Guanes y Mantua
;;N/A: ;Febror;patrón;;De Mantua goleta Neptuno, patron Febror, 700 sacos carbon.;;Neptuno;goleta;1871_08_15;Mantua
;;N/A:  | N/A:  | N/A: ;Piñeiro;patron;;De Mantua gol :ta Eugenia, patron Piñeiro, 200 8300* miraguano, 150 sacos carbon, 103 palos madera del pals,;;Eugenia;gol;1871_08_15;Mantua
Día null:;;N/A: ;Anglada;patron;;De Mulata golo:a Santa Ana, patron Anglada, 600 aacos cat bon.;;Santa Ana;golo:;1871_08_15;Mulata
;;N/A:  | N/A: ;Rodriguez;patrón;;De Cabañas goleta Cófiro, patroń Rodriguez, 43 tercios tabaco y 4 pipis aguardiente.;;Cófiro;goleta;1871_08_15;Cabañas
;;N/A: ;Pianell;pat.;;De Matiel guairo Salve Virgen Maria, patron Pianell, 300 caballos leña.;;Salve Virgen Maria;guairo;1871_08_15;Matiel
;;N/A:  | N/A: ;Monar;pat.;;De Nuevitas barg. gol. Pirineo, patron Monar. 6 sacɔs garbanzos y 1 pipa aguardiente.;;Pirineo;barg.;1871_08_15;Nuevitas
;;N/A:  | N/A:  | N/A: ;Cabral;pat.;;De Sagna la Grande golota Ramorcits, patron Cabral, 1200 varas madera dura, 800 sacos carbon, 120 caballos leña.;;Ramorcits;golota;1871_08_15;Sagna la Grande
;;N/A: ;Lopes;patrón;;De 8. Morena goleta Amalia, patron Lopes. 60 toza³ maderas del pais.;;Amalia;goleta;1871_08_15;8. Morena
;;N/A:  | N/A:  | N/A: ;Alemany;pat.;;De Cárdenas gleta Panchita, patron Alemany, 212 ouarterolas miel de purga, 33 bocɔƑos szacar, 12 pao s desperdicios do a'goden.;;Panchita;gleta;1871_08_15;Cárdenas
;;N/A:  | N/A:  | N/A:  | N/A:  | N/A:  | N/A:  | N/A:  | N/A:  | N/A:  | N/A:  | N/A:  | N/A: ;Cacho;cap.;;De Santiago de Cuba y escalas vapor Barcelona cap. Cacho, 500 torolos tabaco, 350 oueros al pelo, 49100 pla tanos, 18 racimos un seroa idem, 66 barriles acoito de coco, 23 sacos café, 5 idem orcao, 6 bultos muebles, 10 cajas sardinas, 1 lio con dos balanzas, 1 caja y 1 fardo ropa;;Barcelona;vapor;1871_08_15;Santiago de Cuba
Día 01:;;N/A:  | N/A:  | N/A:  | N/A:  | N/A:  | N/A:  | N/A:  | N/A: ;Vega;cap.;;De Caibarien y Bagua la Grande vap. Nuevo Almendarea. cap. Vega, 711 tercios tabaco, 20 pipas aguardiente, 5 serones espongas, 3 idem plátanos, 3 cajas efector, I idam ferreteria, i mol no, 1 caja tabaco, 1 fuello de herreria. :;;Nuevo Almendarea;vap.;1871_08_15;Caibarien y Bagua la Grande
;;N/A:  | N/A:  | N/A:  | N/A:  | N/A:  | N/A:  | N/A:  | N/A: ;Jofré;cap.;;De Cárdenas vapor Comanditario, cap. Jofré, 40 bařri. les harina. 3 macos hormas, 9 planchas de cobre, 1 barril carbon animal,- lios camas de hierro, 2 los catres, 9 bocofee vacios y varios bultos muebles.;;Comanditario;vapor;1871_08_15;Cárdenas
;;N/A: ;Seoanes;pat.;;De Cárdenas goleta Altagracia, patton Seoanes, 800 varas madera del pais.;;Altagracia;goleta;1871_08_15;Cárdenas
;;N/A: ;Escanellas;pat.;;De Mulata goleta Dolores, patron Escanellas. 700 sacos carbon.;;Dolores;goleta;1871_08_15;Mulata
;;N/A:  | N/A:  | N/A:  | N/A:  | N/A:  | N/A:  | N/A:  | N/A: ;Rodrigatz;p.;;De Sierra Moreaa g. Dos Amigos, p. Rodrigatz, 187 o. azúcar. 47 pipas aguardiente, 23 bocoyes miel do purga, 30 palos jucaro, 3 baules, 1 canasto y 1 balto efectes y 3 barras de catro.;;Dos Amigos;g.;1871_08_17;Sierra Moreaa
;;N/A: ;Rivas;pat.;;De la Teja golota Júcaro, patron Rivas, 700 8:03 carboa;;Júcaro;golota;1871_08_17;la Teja
;;N/A: ;Almanza;patron;;De la Teja golota Josefa, patron Almanza,,600 sac03 carbon.;;Josefa;golota;1871_08_17;la Teja
;;N/A: ;Piña;p.;;De Casos do Barlovento viv. Quince do Mayo, p. Piña, 500 pescados vivos.;;Quince do Mayo;viv.;1871_08_17;Casos do Barlovento
;;N/A:  | N/A:  | N/A: ;Moroll;cap.;;Do Cardenas berg. gol. Amparo, cap. Moroll, 10,000 ladrillos, 50 pipaa vacías y pipa agdte.;gol.;Amparo;berg.;1871_08_17;Cardenas
;;N/A: ;Vives;p.;;De Mantua g. Segunda Ross, p. Vives, 1000 eacos carbon.;;Segunda;g.;1871_08_19;Mantua
;;N/A: ;Sorá;p.;;De Jaimanitas boto San Anselmo, p Sorá, 8000, ladrillos.;;San Anselmo;boto;1871_08_19;Jaimanitas
;;N/A:  | N/A:  | N/A:  | N/A:  | N/A: ;Amengual;p.;;De Rio Blanco gol. Catalina. p. Amengual, 231 terclos tabaco, 233 atravesafios, 160 estacas, 100 s. carbon 50 yug;;Catalina;gol.;1871_08_20;Rio Blanco
;;N/A:  | N/A:  | N/A:  | N/A:  | N/A:  | N/A:  | N/A: ;Jofre;c.;;"De Cardenas vapor Comanditari, c. Jofre; 284 cajas azúcar, 1 pipaa eguardinte 11 tercios suela y vaquota, 1 lio cueros. 1 cajilanita, uiem cigarea,";;Comanditari;vapor;1871_08_22;Cardenas
;;N/A: ;Perepa;p.;;De Ortigass hole Cecilia Manusia. p. Perepa: 26 pip.s agardinte.;;Cecilia Manusia;hole;1871_08_22;Ortigass
;;N/A:  | N/A:  | N/A: ;Escandell;;;"De Bali Honda gol. Bali Hordo. ». Escandell; 80% caballoa fin. Gijapes aguar-lucute, 53 cajas ar 1 Camaa de carreta.";;Bali Hordo.;gol.;1871_08_22;Bali Honda
Día 22:;;N/A: ;Cervia;p.;;De Cabañas g. 1. Maria, p. Cervia: 22) plpss aguar diento;;1. Maria;g.;1871_08_22;Cabañas
;;N/A: ;Leal;p.;;De Sea Morenag. América, p. Leal, 7 tozsadora.;América;;Morenag.;1871_08_23;Sea
;;N/A:  | N/A: ;Colomar;p.;;De Santa Cran balandro Hilario, p. Colomar, 51 fanó. gas 1, 27 c. yox.bi.;;Hilario;balandro;1871_08_23;Santa Cran
;;N/A: ;Dobarro;p.;;De la Teja gol. Jóven Magdalena, p. Dobarro, 1500 sat cos carbon.;;Jóven Magdalena;gol.;1871_08_24;la Teja
;;N/A:  | N/A: ;Bosch;p.;;De Cárdenas gol. Juanita, p. Bosch, 70 veras maderay 50 tubos de hierro.;;Juanita;gol.;1871_08_24;Cárdenas
;;N/A:  | N/A: ;Lopez;p.;;De Cababas g Caballo Marino, p Lopez, 322 tercios tabaco y 50 pipas aguardiente.;;Caballo Marino;g;1871_08_24;Cababas
;;N/A: ;Duran;p.;;De Jaimanita balandro Fernandita, p. Duran, 200 ca. ballos leña.;;Fernandita;balandro;1871_08_24;Jaimanita
;;N/A:  | N/A: ;Colomar;p.;;De Sagaa la Grande g. Paqnete da Sigua, p. Colomar, 4000 tiras majagua blanda y 20:0 docenas sogas de majagua.;;Paqnete da Sigua;g.;1871_08_24;Sagaa la Grande
;;N/A:  | N/A:  | N/A:  | N/A: ;Fuentes;p.;;De Matanzas 2. Ado'n, p. Fuentes 1000 ar. tasajo, GO cun les aceitunas, 9 cajas bacalao y 1 bocoy latas isn teca.;;Ado'n;2.;1871_08_24;Matanzas
;;N/A: ;Roselló;pat.;;De idom balandro Rosita, patron Roselló: 10 pipas agaardiente.;;Rosita;balandro;1871_08_25;idom
;;N/A:  | N/A:  | N/A:  | N/A:  | N/A:  | N/A: ;Rivas;p.;;De Nuovita g. Diobosa, p. Rivas, 50 toros, (0 sacos carbon, 1 barril bombillas do regilla, 2 c. pele, 1 c. ar. reos, 3 baltos muebles.;;Diobosa;g.;1871_08_25;Nuovita
;;N/A: ;Torres;pat.;;De la Teja goleta Dorotea, patron Torres, 3: cajas azúcar.;;Dorotea;goleta;1871_08_25;Teja
;;N/A:  | N/A:  | N/A:  | N/A:  | N/A: ;Jofre;cáp.;;De Cárdenas vap. Comanditário, cáp. Jofre, 12 lios cueros. 4 los raqueta, 2 osjas quesos, 2 cajis cigarros 1 lin anola.;;Comanditário;vap.;1871_08_25;Cárdenas
;;N/A: ;Serra;pat.;;De idem gol. Trizidad, pat Serra, $9 cuarterɔlas miel da purga.;;Trizidad;gol.;1871_08_25;idem
;;N/A: ;Escandel;p.;;De Cardoras . Insa p. Escandel! 600 s carhon;;Insa;;1871_08_26;Cardoras
;;N/A: ;Lopez;p;;De Sierra Morena g. Amalia, p Lopez, con 107 tozas;;Amalia;g.;1871_08_29;Sierra Morena
Día 28:;28-00-0000;N/A:  | N/A:  | N/A:  | N/A:  | N/A:  | N/A: ;Jofre;cap.;;De Cárder as vapor Comanditario, cap. Jofre, con 14 pipas aguardiente, & lios y 6 tercics cueros, 28. maiz 2 baulen y I c. efectos;;Comanditario;vapor;1871_08_29;Cárder
;;N/A: ;Juan;p.;;De Cárdenas g. Generala, p. Juan, con 1 ajnar de casa UK];;Generala;g.;1871_08_29;Cárdenas
;;N/A:  | N/A:  | N/A: ;Reus;op.;;De Matanzas pal. Matino's, op. Reus, con 250 plpas aguardiente, o. leża de cartujo, 2o. ocn una cama de hforto;;Matino's;pal.;1871_08_29;Matanzas
;;N/A:  | N/A:  | N/A: ;Martin;p.;;De idem g. Maria Josefa, p. Martin, con 50 bɔcoses miel do purga, 23 c, azúcar 10.mobles;;Maria Josefa;g.;1871_08_29;idem
;;N/A:  | N/A: ;Viera;p.;;De Jarneo g. Jaraqueña, p. Viera, con 21 pipas aguardente y 37 bccoses vacios;;Jaraqueña;g.;1871_08_29;Jarneo
;;N/A: ;Martinez;p.;;De la Teja bal. Covi donga, p. Martinez cor 100 8. de carbon;;Covi;bal.;1871_08_29;la Teja
;;N/A: ;Durán;p.;;De Paracong. Doloritas, p. Durán, con 52 pipis de a gadento;;Doloritas;p.;1871_08_29;Paracong
;;N/A:  | N/A: ;Padilla;p.;;De Banog. Naeva Coacha, p. Padilla, coni 12 000 ladrillos y 400 qles hierro viejo;;Naeva Coacha;;1871_08_29;Banog
;;N/A:  | N/A:  | N/A:  | N/A:  | N/A:  | N/A:  | N/A: ;Llovet;cap.;;De Santiago do Cuba y escalas vapor Palaro ilel Océɛno, cap. Llovet, con 31,000 plátanos, 197 oueros, 5 barri. les sobo, 2 o. hule, 1 o. dulce y queso de almendras y 1 fardo ropa;;Palaro;vapor;1871_08_29;Santiago do Cuba
;;N/A:  | N/A:  | N/A:  | N/A: ;Guas;pt.;;"De Baracoa gol. Telégrafo, pt. Guas; 50000 plátanos, 20000 cocos, 100 barriles acrits de coco, 6 sacos cacao.";;Telégrafo;gol.;1871_08_30;Baracoa
;;N/A: ;Rodriguez;pt.;;"De idem gol. Diana, pt. Rodriguez; 600 sac s carbon.";;Diana;gol.;1871_08_30;idem
;;N/A:  | N/A:  | N/A:  | N/A:  | N/A: ;;;;"De Cárdenas gol. Panchita, pl. Aleman; 170 cuarterolas miel de purga, 20 cajas coñac, 11 idem bacalao, 2 lios pez palo, 2 bultos mnobles..";;Panchita;gol.;1871_08_30;Cárdenas
;;N/A:  | N/A:  | N/A:  | N/A:  | N/A:  | N/A:  | N/A:  | N/A:  | N/A:  | N/A:  | N/A:  | N/A:  | N/A:  | N/A: ;Visquerra;pt.;;"De Matanzas go!. Des Hermanas, pt. Visquerra; 8:0 ar, tasajo, 19 tercios suela y vaqueta, 36 prpaз aguardiento, 20 idem vino, 20 barriles harina, 6 cajas longanizas, 5 piezas do hierro, 3 sacos arroz, 3 barriles efectos, 3 cajitas efectos forreteria, 3 sacoa frijoles, 1 caja maquinaria, 1 idem menudencias, 1 silla.";;Des Hermanas;go!;1871_08_30;Matanzas
;;N/A: ;Benet;pt.;;"De Rio del Medio gol. Agnedita, pt. Benet; 600 ɛacos carbou.";;Agnedita;gol.;1871_08_30;Rio del Medio
;;N/A:  | N/A: ;Canti;pt.;;"De Nuevitas gol. Autoñica, pt. Canti; 1 mula, 1 caballo.";;Autoñica;gol.;1871_08_30;Nuevitas
;;N/A:  | N/A:  | N/A:  | N/A:  | N/A:  | N/A: ;Vega;cp.;;"De Calbarien y Sagua la Grande vapor Nuevo Aimondares: cp. Vega; 147 torcios tabaco, 94 pipas aguardiente, 5 serones esponles, 2 maletas y 1 baul prer.deria 1 barril jamonea.";;Nuevo Aimondares;vapor;1871_08_30;Calbarien
;;N/A:  | N/A:  | N/A: ;Cu:1;cap.;;De San Caretano, Rio Blanco y B. Honda, vap Bahta Honda, cap Cu:1, 1120 torcios tabacos, 15 s. cáscara man gle y 12 id carbon.;;Bahta Honda;vap.;1871_08_31;San Caretano, Rio Blanco y B. Honda
;;N/A: ;Gonzalez;pat.;;isl Malel gol. Altagracia, pat. Gonzalez, 100 pipan agaardionte.;;Altagracia;gol.;1871_08_31;isl
;;N/A:  | N/A:  | N/A:  | N/A:  | N/A:  | N/A:  | N/A:  | N/A:  | N/A: ;Lom;cap.;;De Santiago de Cuba y escalas vap., Cara, cap. Lom. 15,600 plátanos, a c-f, 6 id. cacao, 5 fardos sne1a, 3 bar. casabe, 3 baules 1opa nsada, 20. soleria. 1 bar. rou, 1 fardo gónoro, 1 c. cera, e. (fectos de sida y un paqueto bastones.;;Cara;vap.;1871_08_31;Santiago de Cuba
;;N/A:  | N/A: ;O'Broats;;;De Nuevit. Emilia, p. O'Broats, 86 reses, 2 e. jamo: 9.;;Emilia;p.;1871_09_01;Nuevit
;;N/A:  | N/A:  | N/A:  | N/A: ;Beroaza;p.;;De dem berg. g. Segauda Cantinera, p. Beroaza, 194 reses, 149 var. sc. acaparras, 40 tercios cera blanco, 2 becoyes cobro viejo.;;Segauda Cantinera;berg.;1871_09_01;dem
;;N/A:  | N/A:  | N/A:  | N/A:  | N/A:  | N/A: ;Jofre;cp.;;De Cárdenas vapor Comanditario, cp. Jofre, 20 pipas aguntdiente, 12 lios y torcios cuercs, 8 tercios carnaza, 20. cigarros y 1 tercio vaqueta.;;Comanditario;vapor;1871_09_01;Cárdenas
;;N/A: ;Colomar;p.;;De Santa Cruz balandro Nuevo l'ario, p. Colomar, 50 fanegaa msiz.;;Nuevo l'ario;balandro;1871_09_01;Santa Cruz
;;N/A:  | N/A:  | N/A:  | N/A: ;Rodriguez;p.;;De Cabañas g Céuro, p Rodriguez, 51 pipas aguar diente, 45 bocyte cobre viejo, 14 faneges maiz, 10 tercios tabaco.;;Céuro;g;1871_09_01;Cabañas
;;N/A:  | N/A: ;Libre-0.000;pat.;;De Novitas pail. Jesú Monri, pat. Libre-0.000 coc0% 31ess, 23 barril a aceito do crco, 2 tons osoba;;Jesú Monri;pail.;1871_09_02;Novitas
;;N/A: ;Toledo;pat.;;Data Teja gol. San Jo:6, pat. Toledo-$10 varas madeca dura.;;San Jo:6;gol.;1871_09_02;
;;;Ferter-700;pat.;;Dla De la Toja gol. Magdalona, pat. Ferter-700 sacea Cir. b-n.;;Magdalona;gol.;1871_09_02;Toja
;;N/A:  | N/A:  | N/A:  | N/A:  | N/A:  | N/A: ;Herrera;pat.;;Do Cárdenas gol. Mercadita, pat. Herrera-10 tubos y 2 colos do horro, 7 tercios scroces, 2 cetuchos azu car.;;Mercadita;gol.;1871_09_02;Cárdenas
;;N/A:  | N/A: ;Villa;pat.;;Del Morrillo gol. Feliz, pat. Villa-500 varas madera dura 60 aa cos carbon.;;Feliz;gol.;1871_09_02;Morrillo
;;N/A:  | N/A: ;Cerrera;pat.;;De Cabañas gol. Maris, pa'. Cerrera-100 cuarterolas vas y pip28 aguardient.;;Maris;gol.;1871_09_02;Cabañas
;;N/A: ;Pari;pat.;;De na gl. Goneral la Mar, pat. Pari:-1,300 s.:cos cat bon.;;Goneral la Mar;gl.;1871_09_02;na
;;N/A: ;Ricoy;p.;;De Carahatas g. Paqueto Victor'a, p. Ricoy, GOD 82coa carbon;;Paqueto Victor'a;g.;1871_09_03;Carahatas
;;N/A: ;Garcia;p.;;De Bio da la Palma g. San Francisco, p. Garcia, 200 Faco3 carbon.;;San Francisco;g.;1871_09_03;Bio da la Palma
;;N/A:  | N/A:  | N/A: ;Bosch;p.;;De Cárdenas g. Jnanita, p. Bosch, 50 sacos arroz 21 sacos garbanzos, 6 pleza madora;;Jnanita;g.;1871_09_03;Cárdenas
;;N/A:  | N/A: ;Btn;ep.;;"De Cabiny Sagaa la Grando vapor Nuevo Caroli2. ep. Btn; 1151 treina tabaco. pipas aguardien 19, 18-Tees ɔ93, 1il. (spor jae, 1 máquiza d's coзor, 1 gabal o.";;Nuevo Caroli2.;vapor;1871_09_05;Cabiny
;;N/A:  | N/A:  | N/A:  | N/A: ;Paz;p.;;De Paerio del Padre g. Expreso de Gibara, p. Paz, 110 bozoyes azúcar, 16 cueres, 4 bar. plátanos, 1 caja que 808.;;Expreso de Gibara;g.;1871_09_05;Paerio
;;N/A:  | N/A: ;Cudillero;p.;;De Matanzas g. María, p. Cudillero, 0:0 ar. tasajo, 50 ojban.;;María;g.;1871_09_05;Matanzas
;;N/A:  | N/A:  | N/A:  | N/A:  | N/A:  | N/A:  | N/A: ;Jofre;cp;;De Cárdenas vapor Comanditario cp Jofre, 3 c. cfectas o serenes. 4 planchas cobro, 1c. y 1 rollo goneroa, cauastos aves, 2 lios suela, 1 o. cigarros, 5 lios cueros.;;Comanditario;vapor;1871_09_05;Cárdenas
;;N/A: ;Ferrer;p.;;De la Teja g. Sofia, p. Ferrer, 810 sacoa carbon.;;Sofia;g.;1871_09_06;la Teja
;;N/A:  | N/A:  | N/A:  | N/A: ;Colt;p.;;De Muzio pailebot Antonio Pomar, p. Colt, 191 tercios scenes, 10 trozes madera, 18 sacos café, 1 caja añil.;;Antonio Pomar;pailebot;1871_09_06;Muzio
Día 06:;;N/A:  | N/A: ;Dominguez;p.;;De Cabañas g. Amable Resita, p. Dominguez, 6:00 sacos carbony 120 caballos leta.;;Amable Resita;g.;1871_09_06;Cabañas
;;N/A: ;Enschat;p.;;De Sagna la Grande g. Gorrion. p. Enschat, 500 tondi-;;Gorrion;g.;1871_09_06;Sagna la Grande
;;N/A:  | N/A:  | N/A: ;Casi;cap.;;De San Cayetano. R'o Blanco y Bahia Honda vapor Babia Honda, cap. Casi, oon 780 tercina de tabaco, 20 sa003 cáscara do minglo v 12 sacos carbon.;;Babia Honda;vapor;1871_09_07;San Cayetano
;;N/A:  | N/A:  | N/A: ;Escandell;p.;;De Bibi Honda g. Babis Honda, p. Escandell, con 200 caballos leña 30 pipas aguardiente y 30 anos de carbon.;;Babis Honda;g.;1871_09_07;Bibi Honda
;;N/A: ;Gonzalez;p.;;De los Arroyos vivero Josefa, p. Gonzalez, cen 500 pescados vivoa;;Josefa;vivero;1871_09_07;los Arroyos
;;N/A:  | N/A: ;Nutez;p.;;De Carderas g. Nuestra Señora del Carmes, p. Nutez con 10) caballss teña y 2 tercerclas jamonts.;;Nuestra Señora del Carmes;g.;1871_09_07;Carderas
;;N/A:  | N/A: ;Torres;p.;;De Mantua gol. Jusafa, p. Torres, 500 sacos carbon y 16 terctos tabaco.;;Jusafa;gol.;1871_09_08;Mantua
;;N/A: ;Suzo;p.;;De la Mulita gel. Especulation, p. Suzo, 000 zacоs car საა.;;Especulation;gel.;1871_09_08;la Mulita
;;N/A:  | N/A:  | N/A:  | N/A:  | N/A:  | N/A:  | N/A:  | N/A:  | N/A:  | N/A:  | N/A:  | N/A:  | N/A:  | N/A:  | N/A: ;Arria2;cp.;;De Santiago de Cuba y (sca'as vapor Caba, cp. Arria2. con 27,000 plátanos, 41 sacos y 2 bocoy es cafe, 236 curoa, 14 tercios cora blanca, 40 barril-aceite de ceco 100 cais Jabon, 2 idom tabaco, 2 idem dulce, 2 idem repa idem libros, I idoa monturas, I idem concras do Carey, 1 rollo mechas, una tarraja.;;Caba;vapor;1871_09_10;Santiago de Cuba
;;N/A:  | N/A:  | N/A:  | N/A: ;Rodriguez;p.;;Do Matanzas gol. Elvira, p. Rodriguez, con 3000 arrobas tasajo, 3 cajas azúcar, una idem chocolate y una id. tabaco breva.;;Elvira;gol.;1871_09_10;Matanzas
;;N/A:  | N/A:  | N/A: ;Bamaza;p.;;De inojal gol. Potosl. p. Bamaza, con 1300 canones, 250 sacos carbon y 150 sacos cáscara de mangle.;;Potosl.;gol.;1871_09_10;inojal
;;N/A:  | N/A: ;Escanellas;p.;;De la Mulata gol Dolores, p. Escanellas, con 700 sa cos carton.;;Dolores;gol.;1871_09_10;Mulata
;;N/A: ;Anglada;p.;;Do idem gol. Santa Ana, p. Anglada, con 600 casos de ourbon.;;Santa Ana;gol.;1871_09_10;idem
;;N/A:  | N/A:  | N/A:  | N/A: ;Pa'an;p.;;De Balts Inda gol. Mercedita, p. Pa'an, con 2000 ladillos, 109 tendidos sogas de majagua, 13 pipas agnarHente 12 caballos de leña.;;Mercedita;gol.;1871_09_10;Balts
;;N/A: ;Permay;p.;;De los Atropos vivero Vira, p. Permay, con 500 pescadoa vives;;Vira;vivero;1871_09_10;los Atropos
;;N/A:  | N/A: ;Fuentes;pat.;;De Matanzing. A'o'a, pat. Fuentes, 10,050 ar tasajo y 15 p'paisguardiente.;;A'o'a;;1871_09_12;Matanzing
;;N/A:  | N/A:  | N/A:  | N/A: ;Viaqu'rra;pat.;;De Matanzas. Dos Hermanas, p. Viaqu'rra. 4000 ar. tanaj, 200 tables barato, 1 seron pez palo y 1 bar. cigarros.;;Dos Hermanas;p.;1871_09_12;Matanzas
;;N/A:  | N/A:  | N/A:  | N/A: ;Rom;cap.;;De Santiago de Cabar escalas vapor Po'ayo, capitan Rom, 5 fardos cara, 1 caja calzado, 1 caja peloteria y 1 bar. ferreteria.;;Po'ayo;vapor;1871_09_12;Santiago de Cabar
;;N/A: ;Jofré;cap.;;De Cárdenas vapor Comanditario, cap. Jofré, 15 tercios cueros.;;Comanditario;vapor;1871_09_12;Cárdenas
;;N/A: ;Vilasusɔ;p.;;De Sagua la Grande.g. Conchita, p. Vilasusɔ, 110 bocs. miel de purga;;Conchita;g.;1871_09_13;Sagua la Grande
;;N/A:  | N/A:  | N/A:  | N/A:  | N/A:  | N/A:  | N/A:  | N/A: ;Colomar;p.;;De idem g. Paquete de Sagua, p. Colomar, 4000 tipas majagua, 1500 docenas soga majagua, 80 palos jácaro, G bars. sobo, Gid. miel de abejas, i bar. aceite de coco, 2c. cera y 2 c. maquinaria.;;Paquete de Sagua;g.;1871_09_13;idem
;;N/A:  | N/A:  | N/A:  | N/A: ;Salles;p.;;De Sagaa la Chica g. Niña, p. Salles, 40 caballos leña, 303 tercios majagua, 21 piezas madera labrada.;;Niña;g.;1871_09_13;Sagaa la Chica
;;N/A: ;Acuña;p.;;De Carabatas g. Maijanita, p. Acuña, 100 sacos carbon.;;Maijanita;g.;1871_09_13;Carabatas
;;N/A:  | N/A:  | N/A:  | N/A:  | N/A:  | N/A:  | N/A: ;Santo Domingo;p.;;De Sierra Morena g. Brillante, p. Santo Domingo, 632 o. azúcar, 29 pipas agdte.. 2 bocoyes y 1 piga carbon, 4 tabaretea, 4 sacos lana miragnano, 2 garfs.molado y i o. con madora labrada;;Brillante;g.;1871_09_13;Sierra Morena
;;N/A: ;Torres;pat.;;De la Teja guleta Dorotea. patron Torres, 330 c. azúcar.;;Dorotea;guleta;1871_09_13;la Teja
;;N/A: ;Montero;pat.;;De idem goleta Habanera, patron Montero, 500 Bacos;;Habanera;goleta;1871_09_13;idem
;;N/A: ;Herrera;pat.;;De Cárdenas goleta Mercedita, patron Herrera, 500 c. azúcar.;;Mercedita;goleta;1871_09_13;Cárdenas
;;N/A: ;Roselló;pat.;;De idem goleta Tros Marias, patron Roselló. 500 c. Azúcar.;;Tros Marias;goleta;1871_09_13;idem
;;N/A:  | N/A:  | N/A:  | N/A: ;Lladó;p.;;De Santa Lucia g. Leonor. p. Lladó, 300 sacos cation, 200 caballos leña y 42 pipas agato.;;Leonor.;g.;1871_09_13;Santa Lucia
;;N/A:  | N/A:  | N/A:  | N/A: ;Carbonell;p.;;De Babia Honda g. Mercedita, p. Carbonell, 217 c. azúcar, 200 camones, 160 tendidos soga majagua y 4 pipas agdte.;;Mercedita;g.;1871_09_13;Babia Honda
;;N/A:  | N/A: ;Roselló;p.;;De idem balandro Rosita, p. Roselló, 10. azúcar y 35 pipas agdte.;;Rosita;balandro;1871_09_13;idem
;;N/A: ;Amaga;p.;;De la Dominica g. Isabelita, p. Amaga, 189 c. azúcar.;;Isabelita;g.;1871_09_13;Dominica
;;N/A:  | N/A: ;Duran;pat.;;De Baracoa goleta Dolorita, patron Duran, 200 e. azn car.;;Dolorita;goleta;1871_09_13;Baracoa
;;N/A:  | N/A:  | N/A:  | N/A:  | N/A:  | N/A:  | N/A: ;Vega;cap.;;De Caibarien y Sagua la Grande vapor Nuovo Almendares. cap. Vega, 20 pipas agdto., 20 hultos muebles, un caballo, 20. azdcar, 1 c. ropa, 2 tercs. mitel do abejas y un farlo cera.;;Nuovo Almendares;vapor;1871_09_13;Caibarien
;;N/A:  | N/A:  | N/A:  | N/A:  | N/A:  | N/A:  | N/A: ;Jofre;rap.;;De Cardonas vapor Comanditario, rap. Jofre, 500 c azúcar, 7 pipas agite, 2 bateas, 3 c. maiz, 11 c. libros, 2 c. cigarros y 3 lios cueros.;;Comanditario;vapor;1871_09_13;Cardonas
;;N/A:  | N/A:  | N/A:  | N/A:  | N/A:  | N/A: ;Sanchez;pst.;;De los Perros pall. Desengsfo. pst. Sanchez: 100 reses 50 8. cáscara mangle, 42 onelos al pelo, 21 caballos leña 14 atravessos.;;Desengsfo.;pall.;1871_09_14;los Perros
;;N/A:  | N/A: ;Mayans;p.;;De la Malata g. Teresita, p. Mayans: 300 vs. madera, 100 e. carbon.;;Teresita;g.;1871_09_14;Malata
Día null:;;N/A: ;Castaleiro;pat.;;De Arroyos viv. Ligers, pat. Castaleiro: 500 pescados vivos.;;Ligers;viv.;1871_09_14;Arroyos
;;N/A:  | N/A: ;Forro;p.;;De Canasi g. Lola Marina, p. Forro: 97 o. azúcar, 2 pp.aguardiente.;;Lola Marina;g.;1871_09_14;Canasi
;;N/A:  | N/A:  | N/A: ;Vives;p.;;De Mantua g. Segunda Rosa, p. Vives, 800 sacos carbon, 50 garrafones inial de abeja, 25 terclos tabaco.;;Segunda Rosa;g.;1871_09_15;Mantua
;;N/A:  | N/A:  | N/A:  | N/A:  | N/A: ;Cust;cap.;;"San Cayetano, Rio Blanco y Bahia Honda vap. Babia Honda, cap. Cust;868 tercios tabaco, 12 sacos carbon, 3 cajones cartuchos metálicos 2 eacon café y 1 carabina.";;Babia Honda;vap.;1871_09_15;San Cayetano
;;N/A: ;Ferrer;p.;;"De la Tela g. Isabel Seganda, p. Ferrer; 700 sacos carbou.";;Isabel Seganda;g.;1871_09_15;Tela
;;N/A:  | N/A: ;Casteleiro;p.;;"De Arrosos viv. Dolores, p. Casteleiro; 500 pescados vivos 12 qq. id. Balado.";;Dolores;viv.;1871_09_15;Arrosos
;;N/A:  | N/A:  | N/A:  | N/A:  | N/A:  | N/A:  | N/A: ;Vallhonrat;cap.;;"De Baracoa pail. Roque Alaso, cap. Vallhonrat; 5,000 plátanos. 20,000 cocos, 4 racimos plátanos goineos y dátiles, 20 bar. limones, 12 bar. boniatos y 10 bar. aceite de Coco.";;Roque Alaso;pail.;1871_09_15;Baracoa
;;N/A: ;López;p.;;De Sierra Morena g. Amalia, p. López 160 cajas azácar.;;Amalia;g.;1871_09_15;Sierra Morena
;;;Siriña-00;pat.;;De la T ja gel. Clit, pat. Siriña-00 acocarbcn.;;Clit;gel.;1871_09_16;T
;;N/A:  | N/A:  | N/A:  | N/A:  | N/A:  | N/A:  | N/A:  | N/A:  | N/A: ;Car onel-5;pat.;;De Matautas gel. Seruita, pat. Car onel-5 000 rrobas tasaja, 10 becoves lel do purga, 27 pipas agnardiente, 7 o sardinas, 1 idom uvas, sacos frijoles, 1 caia electos 1 ton peso. 2 baltos mueblos..;;Seruita;gel.;1871_09_16;Matautas
;;N/A:  | N/A:  | N/A:  | N/A:  | N/A:  | N/A: ;Portilla;p.;;De Caibarion gol. Jóvon Pilar, p. Portilla. 110 reass, 80 caballos leña, 10 ar. cera, 4 tercer, miel c'e abejas, 1 oajita tabacos.;;Jóvon Pilar;gol.;1871_09_17;Caibarion
;;N/A:  | N/A:  | N/A: ;Ventura;p;;De Sagua la Grando gol. Trafalgar, p, Ventura, 1000 Baces carbon, 7e caballos lefia, 52 1ozas caoba.;;Trafalgar;gol.;1871_09_17;Sagua la Grando
;;N/A:  | N/A: ;Bujess;p.;;"De los Perros g. Popilla Alvarez., p. Bujess, 110 roses; 25 caballos leña.";;Popilla Alvarez.;g.;1871_09_17;los Perros
;;N/A:  | N/A: ;Ifernandez;p.;;"De los Porroa gol. Antonia, p. Ifernandez; 105 reses, 40 caballos leia.";;Antonia;gol.;1871_09_19;los Porroa
;;N/A: ;Gispert;p.;;De la Teja gol. Des de Mayo, p. Gispert: 800 sacs catbon.;;Des de Mayo;gol.;1871_09_19;la Teja
;;N/A: ;Colomar;p.;;De Santa Cruz bal. Nuevo Hilario, p. Colomar: en lastic.;;Nuevo Hilario;bal.;1871_09_19;Santa Cruz
;;N/A: ;Calvet;p.;;"De Bajas gol. Matilde, p. Calvet; 210 sacos carbon";;Matilde;gol.;1871_09_19;Bajas
;;N/A:  | N/A: ;L.lade;p.;;"De Santa Lucia gol. Leonor, p. L.lade; 200 varas mado. ra, 198 tercios tabaco, 40 pipas aguardiento.";;Leonor;gol.;1871_09_19;Santa Lucia
;;N/A: ;Daran;p.;;"De Baracoa gol. poloritas, p. Daran; 30 pipas aguardiente.";;poloritas;gol.;1871_09_19;Baracoa
Día null:;;N/A: ;Rivas;p.;;"De Cárdenas gol. Júcaro, p. Rivas; 200 sacos do carbon.";;Júcaro;gol.;1871_09_19;Cárdenas
;;N/A:  | N/A:  | N/A:  | N/A:  | N/A:  | N/A:  | N/A:  | N/A: ;Berton;op.;;"De Caibarien y Sagus la Grando vapor Nuevo Oarolins, op. Berton; 392 tercios tabaco, 330 manos plátanos, 21 sacos arroz, 2 p pas aguardiente, 4 cajes y 2 fardos electos 2 serones esponjas, 1 bocoy carbon.";;Nuevo Oarolins;vapor;1871_09_19;Caibarien y Sagus
;;N/A:  | N/A:  | N/A:  | N/A: ;Bosch;p.;;"De Cárdenas gol Juanita, p. Bosch; 40 serones tasajo. 31 palos madera. 2 piezas hierro, 1 caja quincalleria.";;Juanita;gol.;1871_09_19;Cárdenas
;;N/A:  | N/A:  | N/A:  | N/A: ;Jofre;ep.;;"De Cardonas vapor Comanditario, ep. Jofre; 5 tercios cueroa, 4 idem carua a, 2 cajas cigarros, 1 tercio vaquata.";;Comanditario;vapor;1871_09_19;Cardonas
;;N/A:  | N/A:  | N/A:  | N/A:  | N/A: ;Rivas;patrón;;De Nuovit goleta Dichosa. patron Rivas, 10 reses, 30 toneladas de tierra 2 s:cos cominos, 2 barii'es conchaч do carey, 1 I caja tiuta.;;Dichosa;goleta;1871_09_20;Nuovit
;;N/A: ;Rica;patrón;;De Sagua la Grande goleta Maria Lu's, patron Rica, 650 varas maderas del pais.;;Maria Lu's;goleta;1871_09_20;Sagua la Grande
;;N/A:  | N/A:  | N/A:  | N/A: ;Colomar;patrón;;De Sagua la tirando goleta Pagrete de Sagaa, patron Colomar, 3000 tiras insjagua blanda, 1500 dosenas 8018 de idem, 300 terois tat aco. 75 pales Jávaro,;;Pagrete;goleta;1871_09_20;Sagua la tirando
;;N/A: ;Tolaio;patros;;De Teja goleta San José patros Tolaio, 803 varas nia dora del país.;;San José;goleta;1871_09_20;Teja
;;N/A: ;E-can-lell;pat.;;De Cárdouas goleta Inés, patron E-can-lell, 600 83007 carton.;;Inés;goleta;1871_09_20;Cárdouas
;;N/A:  | N/A:  | N/A:  | N/A:  | N/A:  | N/A:  | N/A:  | N/A:  | N/A: ;Calvo;patrón;;De Gibara goleta Matilde, patron Calvo, 1'0 cueros al pelo, 352 vara madera, 200 sacos carbon, 200 cabalos do ña, 11t garrafoses miel de abejas, garrafones ginebra, 15 serones esteras de yarsy, 4 cajes machetos, l'caja brochea y peinca.;;Matilde;goleta;1871_09_20;Gibara
;;N/A: ;Martinez;pat.;;De Teja balandro Covadonga, patton Martinez, 430 BACCS carbon.;;Covadonga;balandro;1871_09_20;Teja
;;N/A: ;Almansa;pat.;;De la Toja gl. Josefa, pat. Almansa, 600 sacos catbin.;;Josefa;gl.;1871_09_21;la Toja
;;N/A:  | N/A:  | N/A: ;Torres;p.;;De Maty Guanos gol. Trinidad. p. Torres, 631 tereint baco, 100 arrobas de cera y 6 barriles miel do abei.a;;Trinidad;gol.;1871_09_21;Maty Guanos
;;;;p;;De Gibaray Matanzas g, Trillant: p, Santo Domingo, Lestra;;Trillant;g;1871_09_22;Gibaray
;;N/A:  | N/A:  | N/A:  | N/A: ;Amengual;p.;;De Rio Blanco g. Catslira p, Amengual 5 tes, tabaco 111 atravessor, 110 a. cari palo-tailera el pats;;Catslira;g.;1871_09_22;Rio Blanco
;;N/A:  | N/A: ;I ran;p.;;De id. bal. Fernardita p, I ran 100 cabailes leña 60 s. carbon;;Fernardita;bal.;1871_09_22;id.
;;N/A:  | N/A: ;Go'ata;;;De Cayos de Sotay n'o viv Cármen p' Go'ata 500 peзoa los vivos 30 qq id, salado;;Cármen;;1871_09_22;Cayos de Sotay
null;;N/A:  | N/A:  | N/A:  | N/A:  | N/A:  | N/A:  | N/A:  | N/A:  | N/A:  | N/A:  | N/A:  | N/A:  | N/A:  | N/A:  | N/A:  | N/A: ;null;cap.;null;De Santiago de Cuba y escalaa yap. Clara cap. 1.ómus 14 mil p'átanos, 1863 caeros al polo 103 s. café 6) bar. acei to de coco, 31 tercios cera blanca 30ld, tabaco 23 bar. 80bo, 6 btos, muebles 5 o. libros, 48, cacao 2 c. arreos, 1 car ruago, 1 coche 1 bar plátanoa, 1 o, sombreros, 1 o. jabones, 1 bar, harina. 1 fardito listado, 1 fardo calzado, 1 Ho Jibos;;Clara;yap.;1871_09_24;Santiago de Cuba
;;N/A: ;Julin;p.;;De Sonda do Campeche viv, Julin p, Betancourt 500 pescados vivos.;;Campeche;do;1871_09_24;Sonda
;;N/A:  | N/A:  | N/A:  | N/A:  | N/A:  | N/A:  | N/A:  | N/A:  | N/A:  | N/A:  | N/A: ;Rodriguor;p.;;De Sierra Morena g. Dos Amigos, p Rodriguor, 51 pfpas aguardiente, 50 bocoyeo mio! de purga, 42 caballos leña, 2 c. azúcar, 10 planchas de bierro, 4 les acre, 3 oefoetos, 2 218 18 scr., 2 bo3 yes carbon, 1 saco espor jas y lajur de casa nado.;;Dos Amigos;g.;1871_09_26;Sierra Morena
;;N/A:  | N/A: ;Lopez;p.;;De Sier.a Morena g. Amalia, p. Lopez 2030. szúcar yi pales madera;;Morena;g.;1871_09_26;Sier.a
;;N/A:  | N/A: ;Cabrera;p.;;De Sierra Morena g. María, p. Cabrera, 80 c. azúcar y 70 palca madora.;;María;g.;1871_09_26;Sierra Morena
;;N/A:  | N/A:  | N/A:  | N/A:  | N/A:  | N/A: ;Cajula;p.;;De la Teja g. Dos Soffas, p. Cajula, 450 atravesaños. 300 sacos carbon, 100 polos arabo, 90 idem do carrota, 100 palos madera dura y 60. maquinaria neadi.;;Dos Soffas;g.;1871_09_26;Teja
;;;Jaan-Eal stra.;p.;;De Cárdenas g. Ganerala, p. Jaan-Eal stra.;;Ganerala;g.;1871_09_26;Cárdenas
;;N/A:  | N/A:  | N/A:  | N/A:  | N/A:  | N/A: ;Faentes;p.;;De Matanzia g. Adela, p. Faentes 14,0:0 pića tabla. 4000 arroba taaajo en soroncs, 70 sacos garbanzor, 60 bocoves miel do parga, 2 c. ropa y 1 soron de hi'o.;;Adela;g.;1871_09_26;Matanzia
;;N/A:  | N/A:  | N/A:  | N/A: ;Piñeiro;p.;;De Rio Blanco g. Teresita. p. Piñeiro. 100 vares madera del pais, 125 estacna, 30 tacos carbor, 2s piezas de;;Teresita;g.;1871_09_26;Rio Blanco
;;N/A:  | N/A: ;Perera;p.;;De la Ortigosa bote Catilia Mannela, p. Perera, 20 pi pia agd:c.;;Catilia;bote;1871_09_26;Ortigosa
;;N/A:  | N/A:  | N/A:  | N/A:  | N/A:  | N/A:  | N/A:  | N/A:  | N/A: ;Berton;cap.;;De Caibarioo y Sagna la Grando vaper Carolina. cap. Berton, 6-3 terclos tabaco, 12 ar, care. 2 seroncs sponlas, au'es pronderies, 2 tercios vaqueta, 2 c. conser vas, 2 fardos de 1opp, 1 lio setores y 1 barzil azúcar.;;Carolina;vaper;1871_09_26;Caibarioo y Sagna
;;N/A:  | N/A:  | N/A: ;Jofre;cap.;;Do Cardsnis rapor Comanditario, cap. Jofre, 3 Los con 21 oneros y 1 c'en tres motores do lieiro.;;Comanditario;rapor;1871_09_26;Cardsnis
;;N/A: ;Martorell;p.;;De la Teja g. Estrella, p. Martorell, 600 sacos car bon.;;Estrella;g.;1871_09_26;la Teja
;;N/A:  | N/A:  | N/A:  | N/A:  | N/A:  | N/A: ;Marin;p.;;Do Moron gol. Agaila de Oro, p. Marin, con 120 resoa. 12) caballos fa, 120 caeros al polo, 60 arrobas cera, 0 Bacos 000 y 7 docoras seroncs;;Agaila de Oro;gol.;1871_09_28;Moron
;;N/A:  | N/A: ;Rofas;p.;;De la Teja g. Castilla p. Rofas, 8:0 atravesafios, 400 varas madera dnra y 80 s. arroz;;Castilla;g.;1871_09_28;Teja
;;N/A:  | N/A:  | N/A:  | N/A: ;Alemany;p.;;De idem g. Panchita. p. Alemany, con 170 cuarterolas miel de purga. 2o. azúcar, 18 eacos nenos y 1 saco robro viejo;;Panchita;g.;1871_09_28;idem
;;N/A:  | N/A:  | N/A:  | N/A:  | N/A:  | N/A:  | N/A:  | N/A: ;Visqaorre;p.;;De Matanzas g. Dos Hermanas, p. Visqaorre, con 500 ar. tasalo, 70 pipas aguardiento, 6 c. fres's, 6 barriles so bo, 6c jabon, 20. frutas, 3 c. maquinaria y 1 saco plmenton;;Dos Hermanas;g.;1871_09_28;Matanzas
;;N/A: ;Cervera;p.;;De Cabañas g: Maris, p. Cervera, con 200 pips's aguardionto;;Maris;g:;1871_09_28;Cabañas
;;N/A:  | N/A:  | N/A:  | N/A:  | N/A:  | N/A:  | N/A:  | N/A:  | N/A:  | N/A:  | N/A: ;Lloret;cap.;;De Santiago do Cuba y escalas vapor Pájaro do! Ocda. no, cap. Lloret, con 1,000 tercios tabaço, 47 83cos cacao, 43 sacos café, 12 o. melocotones, 3 c. chocolate, 20. efootos, 2 c. calzado, 1 c. quoios de almendras, I c. ropa, I bocoy cobro viejo y 1 o. lihros;;Pájaro;vapor;1871_09_28;Santiago
;;N/A:  | N/A:  | N/A:  | N/A:  | N/A:  | N/A: ;Cari;cap.;;De San Cayetano, Rio Blanco y Balla Honda vapor Baha Honda, cap. Cari, 707 torcios tabaco, 20 8. maiz 12308 carbon, 3 canaa'os aves, 2 jaulas po:dices y matnles legumbres;;Baha Honda;vapor;1871_09_28;San Cayetano
;;N/A:  | N/A:  | N/A:  | N/A:  | N/A: ;Minondo;cap.;;De Noovitas vapor Cántabro, cap. Minondo. 250 rezes, 56 fardos cora, 1 caja peleteria, 1 fardo hale v 1 caja ferro'erin.;;Cántabro;vapor;1871_09_29;Noovitas
;;N/A:  | N/A:  | N/A:  | N/A:  | N/A:  | N/A: ;Pelaez;p.;;De Sierra Morens go'. Engracia, p. Pelaez, 82 caballos lens, 60 boo. mial de prrga, 10 pp. aguardiento, 4 pa. lo3 granadillo, 1 mesita 1 banco de carpintero.;;Engracia;go'.;1871_09_29;Sierra Morens
;;N/A:  | N/A:  | N/A:  | N/A: ;Cantó;p.;;"De Nuevites g Antonia, p. Cantó; 80 reзes, 3 caba llos, 8 bantes y 2 cajas efectos militares..";;Antonia;g;1871_09_30;Nuevites
;;N/A:  | N/A:  | N/A: ;Prats;p;;De los Perros gol. Providencia. p Prats, cou 13:0 tendidos do soga de majagae, 10 saccs miraguano 15 re81.;;Providencia.;gol.;1871_10_01;los Perros
;;N/A:  | N/A: ;Deus;p.;;De Cayos de Bariovento vivero Anzeits, p. Deus, con 500 pescados viros y 10 qq. idem s lado.;;Anzeits;vivero;1871_10_01;Cayos de Bariovento
;;N/A:  | N/A:  | N/A:  | N/A:  | N/A:  | N/A:  | N/A:  | N/A:  | N/A:  | N/A:  | N/A:  | N/A: ;Viamil;cap.;;Da Santiago do Caba y escalas vap. Cataluña. cap. Viamil, 1000 botij s accite. 520 cuoros, 270 1008 naderas del pals, 100 cajas jabon, 77 rests vacunas, 20 sacos cacao, 6 barriles y cajas tasaje, 2 cajas máquicas de coser 1 caja pelotero, 1 caja dulces, 1 cajita con trenzas de palo.;;Cataluña;vap.;1871_10_05;Caba
;;N/A:  | N/A: ;Rediguez;pat.;;De Cabañas goleta Cofiro, patron Rediguez, 19 pipas agaardiente, 1'ajuar do casa usado.;;Cofiro;goleta;1871_10_05;Cabañas
;;N/A: ;Planells;pat.;;De Mariel gnairo Salvo Virgen Maria, patron Planells 330 caballo léfia.;;Virgen Maria;gnairo;1871_10_05;Mariel
;;N/A:  | N/A:  | N/A:  | N/A: ;Neulofeo;patron;;De Cabañas go'eta N. Sra. del Carmen, patron Neulofeo, 80 eacɔs lana miraguano, 41 pipas aguardiento, .30 bocores vacios, 36 sacos carbon.;;N. Sra. del Carmen;go'eta;1871_10_05;Cabañas
;;N/A: ;Ferrer;patron;;De Tej go'et Isabel II, patron Ferrer, 700 cacos carboa.;;Isabel II;go'et;1871_10_05;Tej
;;N/A:  | N/A:  | N/A:  | N/A:  | N/A:  | N/A:  | N/A: ;Enschat-2500;pat.;;Do Sagua la Grande gol. Gorrion, pat. Enschat-2500 tendidos aoga majagua, 50 palos madera dol pais, 17 cajas pasta de guayaba. 2 torcios suela, 1 pipa aguardiente, i cala badanae, 1 caja fósforos.;;Gorrion;gol.;1871_10_10;Sagua la Grande
;;N/A:  | N/A:  | N/A: ;Fariña;pat.;;Lo Cárdenas gol. Anits, pat. Fariña-2,000 arrobas tasajo, 2 cajas efectos, 2 cajas salchichon.;;Anits;gol.;1871_10_10;Cárdenas
;;N/A:  | N/A:  | N/A:  | N/A:  | N/A:  | N/A:  | N/A: ;Carbonoll;pat.;;De Matanzas gol. Margarita, pat. Carbonoll-1,000 arrobas tas jo, 500,sacos café, CO bocoyes miel de purga, 26 tercios pez palo, 2 cajas azúcar, 2 barriles almidon, i lio escobas.;;Margarita;gol.;1871_10_10;Matanzas
;;N/A: ;Durau;p.;;De Baracoa gol. Doloritas, p. Durau-27 pipas aguardiente.;;Doloritas;gol.;1871_10_10;Baracoa
;;N/A:  | N/A:  | N/A:  | N/A:  | N/A: ;Berton;cap.;;De Caibarien y Sagua la Grande vap. Nuovo Carolina, cap. Berton-377 toroios tabaco, 30 cajas armas, 6 soro nes esponjas, 2 cajas dulce, 1 idem chocolate.;;Nuovo Carolina;vap.;1871_10_10;Caibarien
;;N/A:  | N/A:  | N/A:  | N/A: ;Jofré;cap.;;De Cárdenas vap. Comanditario, cap. Jofré-17 lios y 4 terclos cueros, 28 Bacos sal, G fardos carnaza.;;Comanditario;vap.;1871_10_10;Cárdenas
;;N/A:  | N/A: ;Serra;pat.;;De Cárdenas gol. Trinidad, pat. Serra-100 cuarterola miel de purga, 10 sacos maiz..;;Trinidad;gol.;1871_10_10;Cárdenas
;;N/A:  | N/A:  | N/A: ;Portela;pat.;;De Manzanillo pail. Ntra. Sra. do la Caridad del Cobro, pat. Portela-200 caballos leña, 111 piezas madera, 13 ti rantes caoba.;;Ntra. Sra. do la Caridad del Cobro;pail.;1871_10_10;Manzanillo
;;N/A:  | N/A:  | N/A: ;Ferrer;p.;;De Sagua la Grande g. Sagüera p, Ferrer, 650 a. carbon 115 caballos leña;;Sagüera;g.;1871_10_11;Sagua la Grande
;;N/A:  | N/A:  | N/A:  | N/A:  | N/A:  | N/A:  | N/A:  | N/A: ;Cordero;p.;;De id. y Sierra Morona g. Molestadora p. Cordero, 120 palos sabloú y caoba. 100 o. jabon, 10 a. arroz, 5 o. pasas, 5 racimos plátanes, 2 bocs carbon, 2 terca tasajo, 1 o. frijoles.;;Molestadora;g.;1871_10_11;id. y Sierra Morona
;;N/A: ;Ferrer;patron;;De la Toja golota Sofia patron Ferrer, 230 sacos de carbon.;;Sofia;golota;1871_10_11;la Toja
;;N/A: ;Almarsa;patrón;;De la Tofa goleta Josefa patron Almarsa 600 sacos car bon;;Josefa;goleta;1871_10_11;la Tofa
;;N/A: ;Montero;patron;;De la Teja goleta Habanera patron Montero, 600 BACOS carton;;Habanera;goleta;1871_10_11;Teja
;;N/A: ;Lopez;p.;;De Cabañas g. Caballo Marino p. Lopez 213 tercs. taba 008;;Caballo Marino;g.;1871_10_11;Cabañas
;;N/A:  | N/A:  | N/A:  | N/A:  | N/A:  | N/A: ;Cusi;cp.;;De San Cayetano, Rio Blanco y Bahia Honda vap. Bahia Ilonda, cp. Cusi, 460 tercios tabaco, 94 carneros, 55 chivos, 50 sacos cáɛcara do mangle, 12 idom carbon y 1 canasto aves.;;Bahia Ilonda;vap.;1871_10_12;San Cayetano
;;N/A: ;N...;p.;;De Jaimanitas boto Juana, p. N..., 6003 ladrillos del pais.;;Juana;boto;1871_10_12;Jaimanitas
;;N/A: ;Sorá;p.;;De Jaimanitas boto San Anselmo, p. Sorá, 8000 ladrlllos del pair.;;San Anselmo;boto;1871_10_12;Jaimanitas
;;N/A:  | N/A:  | N/A: ;Lopez;p.;;De Steira Morena gol. Ama'ia, p. Lopez, 109 tosas madera del } ala, 36 cajas azúcar y pipas miel de nbejas.;;Ama'ia;gol.;1871_10_12;Steira
;;N/A: ;Dobarro;p.;;De la Teja gol. Jóven Magdalena, p. Dobarro, 1500 eacos carbon.;;Jóven Magdalena;gol.;1871_10_12;la Teja
;;N/A:  | N/A: ;Carrillo;p.;;De Cayos do Barlovento vir. Ramoncito, p. Carrillo, 500 pescados vivos y 12 qq. idem salado.;;Ramoncito;vir.;1871_10_12;Cayos do Barlovento
;;N/A: ;Casteleiro;p.;;De Cayos de Sotavento viv. Ligers. p. Casteleiro, 300 pescados vivos;;Ligers.;viv.;1871_10_12;Cayos de Sotavento
;;N/A:  | N/A: ;Beltat;p.;;De Matanzas g. Amalia, p. Beltat, 14,000 ar. taɛajo y 95 cueros al pelo.;;Amalia;g.;1871_10_13;Matanzas
;;N/A: ;Febrer;p.;;"De Mantua g. Neptuno, p¨ Febrer; 8:0 sicos do carbon.";;Neptuno;g.;1871_10_14;Mantua
;;N/A:  | N/A:  | N/A:  | N/A:  | N/A:  | N/A: ;Jofre;cap.;;"De Cárdenas vap. Comanditario, cap. Jofre; 1 seron sacos vacics. 1 cala ropa, 1 bar. plátants, 1 caja con un ambiquo. 7 tercios oueros, 2 csjas cigarrcs.";;Comanditario;vap.;1871_10_14;Cárdenas
;;N/A:  | N/A:  | N/A:  | N/A:  | N/A:  | N/A:  | N/A:  | N/A:  | N/A:  | N/A:  | N/A:  | N/A:  | N/A:  | N/A:  | N/A:  | N/A:  | N/A:  | N/A: ;Lemuɛ;cp.;;De Santiago de Cuba y escalas vap. Clara, cp. Lemuɛ: 109 ceros, 48 cajas muebles, 17 bar. sebo, 6 sacos cacao, 5 lios sueza, 3 cajas dulces y quesos. 2 cajas muestras do azúcar, racos, 2 bar, y 1 caja tas jo, 2 torcios y terj tabaco, 1 har. ron, Ilio barras de catre, 1 caja y 1 fardo repa, 1 caja jabon, 1 caja cristales, 1 caja hevillas.;;Clara;vap.;1871_10_14;Santiago de Cuba
;;N/A: ;Otero;p.;;"De Rio de la Palma g. Margarita p. Otero; coa 601 sacoa carbon.";;Margarita;g.;1871_10_15;Rio de la Palma
;;N/A: ;Herrera;p.;;De Cárder as g. Mercedita, p. Herrera, con so becoyes miel de purga.;;Mercedita;as;1871_10_15;Cárder
;;N/A: ;Piñeire;p.;;"De la Cara g. Engenia, p. Piñeire; con 1000 ɛacɔз carbon.";;Engenia;g.;1871_10_15;Cara
;;N/A:  | N/A:  | N/A: ;Escandel;p.;;De la Mulatag Dolores. p. Escandel: con 600 sacos carbon, 0 fanegas matz 25 catalles lena,;;Dolores;p.;1871_10_15;Mulatag
;;N/A:  | N/A:  | N/A:  | N/A:  | N/A:  | N/A:  | N/A:  | N/A:  | N/A:  | N/A: ;Rem;cap.;;De Santiago de Cuba y escalas vap Polayo, cap. Rem: con 43 sicos esfé, 11 bar. accito de coco, 1 bar. zobę, 3 cajas dulce, 2 cajas efectos militares, 11'o con dos cajas agoa rids, 1 caja capotee, I caja mantas, 1 bar, miel de abejas. 1 bulto A la Sanidad Militar.;;Polayo;vap;1871_10_15;Santiago de Cuba
;;N/A:  | N/A:  | N/A:  | N/A:  | N/A: ;Mugercia;p.;;De Baracoa, pail. José Mauri, p. Mugercia, 30,000 plá tanos, 6,000 cocca. 100 barriles aceite de coco, 7 terolos tabaco,5 sacoз cacao.;;José Mauri;pail.;1871_10_17;Baracoa
;;N/A: ;Echezarraga;p.;;De Calbarien y Matanzas, Daniel, p. Echezarraga. Ea lastro.;;Daniel;;1871_10_17;Calbarien y Matanzas
;;N/A:  | N/A:  | N/A:  | N/A:  | N/A: ;Colomar;p.;;De Sigun la Grande, g. Paqueto de Ságua, p. Colomar 3,050 docenas aoza majagua, 53 palos madoras del pais, 14 tosas caoba, 6 c. muebles, 2 barriles miel de abeja.;;Paqueto de Ságua;g.;1871_10_17;Sigun la Grande
;;N/A:  | N/A:  | N/A:  | N/A: ;Visquerra;p.;;De Matanzas, g. Dos Hermanas, p. Visquerra, 2,000 arbs. tasajo, 100 bocores miel de parga, 100 pipas aguardiente,1 movillario de casa usado,;;Dos Hermanas;g.;1871_10_17;Matanzas
;;N/A:  | N/A:  | N/A:  | N/A:  | N/A: ;Berton;cap.;;De Calbarien y Ságua la Grande, vap. Nuevo Carolina, cap. Berton, 500 docenas y 4 scrones esponjas 433 tercion tabaco, 57 cnerea al pelo, 26 arbs. cobre viejo, 1 fardo becerro charolado.;;Nuevo Carolina;vap.;1871_10_17;Calbarien y Ságua la Grande
;;N/A:  | N/A:  | N/A: ;Sellos;p.;;De la Teja g. Niña p. Sellos.158 cuoio, 1:3 reses, is ca ballos de lcfi.;;Niña;g.;1871_10_22;Teja
;;N/A:  | N/A:  | N/A:  | N/A: ;Fernandez;p.;;De Caibarion goleta Segunda. Victoria, p. Fernandez, 500 tapes carbon, 58 cueros, 49 roses, 20 ar. cora.;;Segunda.;goleta;1871_10_25;Caibarion
;;N/A: ;Ricor;p.;;De Carahata, goleta Victoria, p. Ricor, 600 sacos carbon.;;Victoria;goleta;1871_10_25;Carahata
;;N/A: ;Escandell;pat.;;De Cárdenas goleta Inés, patron Escandell, 600 sacoз carbon.;;Inés;goleta;1871_10_25;Cárdenas
;;N/A:  | N/A: ;Berton;cap.;;De Caibarien y Signala Grande vap. Nro. Carolinɔ, cap. Berton. 52 racinos plátanos y 2 o. con cera.;;Nro. Carolinɔ;vap.;1871_10_25;Caibarien
;;N/A:  | N/A:  | N/A:  | N/A:  | N/A:  | N/A:  | N/A:  | N/A:  | N/A:  | N/A: ;Curi;cap.;;De San Cayetano, R'o Blanco y Bibla Honda vap. By. hia Honda cap. Curi. 731 tercios tabacos, 20 a. ciecara mengle, 12 8. carbon, 67, viandas serones taзaj, 2 bar riles quesos, 2 canastos aves. 2 oarrotas, 18, y 1 bar. fri joles, 1 b. bacalao y 1 calentador;;By. hia Honda;vap.;1871_10_26;San Cayetano
;;N/A:  | N/A:  | N/A: ;Palau;p.;;"De Bahia Honding. Mercedita. p. Palau; CO camones, 16 pipas aguardiente, 5 juegoa de carreta.";;Mercedita;;1871_10_27;Bahia Honding
;;N/A:  | N/A:  | N/A: ;Deulofen;p.;;"De Cabañas g. Ntra. Sra. del Carmen, p. Deulofen; 42 pipas aguardieuter, 30 sacos lana miragoano, 20 sacos carbon.";;Ntra. Sra. del Carmen;g.;1871_10_27;Cabañas
;;N/A: ;Dominguez;p.;;"De Cabañas g. Amable Rosita, p. Dominguez; 800 8aCoA carbon.";;Amable Rosita;g.;1871_10_27;Cabañas
;;N/A:  | N/A: ;Bernaza;p.;;De Pio del Padro g Tres Hermazas p. Bernaza, 112 bocs. uiol de purga, 40 cueros al pelo,;;Tres Hermazas;g;1871_10_28;Pio del Padro
;;;Sol:ño;p.;;De Atroj os viv. Alerta p Sol:ño, CO perc:dos viVOA.;;Alerta;viv.;1871_10_28;Atroj
;;N/A:  | N/A:  | N/A:  | N/A:  | N/A:  | N/A: ;Lloret;cap.;;De Santiago de Caba y escalas vap. Pájaro del Occeano cap. Lloret, 4000 cocos, 10 bar. aceito de ccco 2 idem cafo, c. sombreros, 1 baul calzado, 1 c. ferreteria;;Pájaro del Occeano;vap.;1871_10_28;Santiago de Caba
;;N/A:  | N/A:  | N/A:  | N/A:  | N/A:  | N/A:  | N/A:  | N/A:  | N/A:  | N/A:  | N/A:  | N/A:  | N/A: ;Nuñez;pat.;;De Cardenas gol: Ntra. Sra del Carmen, pat. Nuñez1,00 botijas aceito, 524 bultos muebles. 100 osjas jabon. 90 piezan y cajas maquinaria, 30 barriles cerveza. 15 idem clavos, 8 sacos garbanzos, 4 cajas y 1 idem ferro'o 111, 2, cajca cobra. 2 bocoyas vici, 1 pleza caoba, 1 piano usado.;;Ntra. Sra del Carmen;gol:;1871_10_29;Cardenas
;;N/A:  | N/A: ;;pat.;;De Jarno gol. Centro Hermanas, pa: Pa'mer-10 pipas aguardente y 32 bocos es vacics.;;Centro Hermanas;gol.;1871_10_29;Jarno
;;N/A:  | N/A:  | N/A:  | N/A:  | N/A:  | N/A:  | N/A: ;Rodriguez;p.;;De Serra Morena gol. Dos Amigos, p. Rodriguez, 130 caballos leña, 40 to, miel do purga, 21 pp. aguardiento. 2 boc. carbon, 2 banles e'ccto3, 1 pleza maquinaria y 1 c. con hierros.;;Dos Amigos;gol.;1871_11_01;Serra Morena
;;N/A:  | N/A:  | N/A:  | N/A:  | N/A:  | N/A:  | N/A:  | N/A:  | N/A: ;Bosch;p.;;De Cárdenas gol. Juanita, p. Bosch, 1400 botijas acalte, 370 garraf. auisado. 250 c. jabon, 200 eneros al pelo. 60 boc. miel do purga, 19 c. frutas, 19 garraf. almendras, 1 lios Buela y vaquetay 5terenes tasajo.;;Juanita;gol.;1871_11_01;Cárdenas
;;N/A:  | N/A:  | N/A:  | N/A:  | N/A:  | N/A:  | N/A:  | N/A:  | N/A:  | N/A:  | N/A:  | N/A:  | N/A:  | N/A:  | N/A:  | N/A:  | N/A:  | N/A:  | N/A:  | N/A:  | N/A:  | N/A: ;Lo. mus;cap.;;De Santiago de Cuba y oscales vapor Clara, cap. Lo. mus, con 500 botijas aceito, 223 cueros, 7 serones yaray, 44 sacos cafó, 115 piezas y 21 c. maquinaria, Pacos cacao, c. fectos, 4 c. papel. 18 tercerolas sebo, lios msjagun, 10 fardos aucla. Hos cueros, 2 cajas y fardo ropa, 2 c. sombrer s. 1 c. relojes, 1 c. loza nea is, 1 1'irdo pelotería, 1 o. ferreteria, 1 farde quesos, 1 fardo carte, 1 ianto, 1 c. con 200 en plata;;Clara;vapor;1871_11_03;Santiago de Cuba
;;N/A:  | N/A:  | N/A:  | N/A: ;Casi;cap.;;De San Cayetano, Rio Blanco y Bahia Honda vapor Bahia Honda, cap. Casi, con 743 tercics tabacos, 12 sacca carbon, I matules viandas, 1 c. efectos,;;Bahia Honda;vapor;1871_11_03;San Cayetano
;;N/A: ;;;;De la Tejag. Z:fe-isa, p. Debay, cin £00 sacoз carbon;;Debay;p.;1871_11_03;Tejag
;;N/A:  | N/A:  | N/A:  | N/A:  | N/A:  | N/A: ;Bairora;p.;;De Cárdenas berg. gol. Amistad, p. Bairora, 8 pipas aguardiente, 6 taches, 2 sacos plátanos, 1 calentador, 1 c. maquinaria. 1 saco maiz;;Amistad;berg.;1871_11_03;Cárdenas
;;N/A: ;Belfat;p.;;De Matanzas g. Ama'ia, p. Belfat, con 13,500 arrobas tarajo;;Ama'ia;g.;1871_11_03;Matanzas
;;N/A:  | N/A:  | N/A:  | N/A:  | N/A:  | N/A: ;Rodriguez;p.;;De idem g. Elvira-p. Rodriguez, con 21 pipas aguardiente, 3 c. quests, 2 banlos calzado. 2 garrafones accitunae. 1 saco frijoles, 1 saco garbanzos;;Elvira-p.;g.;1871_11_03;idem
;;N/A:  | N/A:  | N/A:  | N/A: ;Cabret;p.;;De Bajas go Matilda, p. Cabret, con 133 sacos carbon, 45 jugos, 20 casa'los its y 12 juegos do carreta.;;Matilda;go;1871_11_04;Bajas
;;N/A:  | N/A:  | N/A:  | N/A:  | N/A: ;Alemany;p.;;De Cienfuegos g. Araucana, p. Alemany, con 1000 вacon carbon, 12 pipas vino, 52 pipas viao, 5083cos garbanzo y 20 c. marrasquino;;Araucana;g.;1871_11_04;Cienfuegos
;;N/A:  | N/A: ;Aljos;p.;;De Mantua g. Jesefa, p. Aljos, con 300 varaз maderas del psis y 100 caballos len;;Jesefa;g.;1871_11_04;Mantua
;;N/A: ;Lopez;p.;;De Cabañas g. Caballo Marino, p. Lopez, con 1 pipas aguardiento;;Caballo Marino;g.;1871_11_04;Cabañas
;;N/A: ;Roselló;p.;;De idem g. Rosita, p. Roselló, con 31 pipas aguar dients;;Rosita;g.;1871_11_04;idem
;;;Juan;p.;;De Cárdenas g. Generala, p. Juan, en lastro;;Generala;g.;1871_11_04;Cárdenas
;;N/A:  | N/A:  | N/A:  | N/A: ;Jaime;p.;;De Marzanillo g. Antonica, p. Jaime, con 77 tirantes madora dura, 53 idem cedro, 33 st.cos almendras y 11 pie. zas majagua;;Antonica;g.;1871_11_04;Marzanillo
;;;Masip;p.;;De Santa Cenz balandro Nuevo Hilario, p. Masip, on lastro;;Nuevo Hilario;balandro;1871_11_04;Santa Cenz
;;N/A: ;Secane;p.;;Do los Perros gol. Altagraria, p. Secane, con 60 resos.;;Altagraria;gol.;1871_11_05;los Perros
;;N/A: ;Alemsny;p.;;De Mutua g, Maria, p. Alemsny. con 50 sacos de carbon;;Maria;g;1871_11_05;Mutua
;;N/A: ;;Feber;;De idem Neptuno, p. Feber, con 500 saccs carbon;;Neptuno;p.;1871_11_05;idem
;;N/A: ;Sora;p.;;De Jaimanit, s boto San Anselmo, p. Sora, con 5000 laCrios;;San Anselmo;s;1871_11_05;Jaimanit
;;N/A: ;Planell;p.;;De Besi, Salve Virgen M p. Planell 12 ladrilles;;Salve Virgen M;p.;1871_11_07;Besi
;;N/A: ;Alvarez;p.;;De Sapda de Campecho viv Paro p. Alvarez 500 pescado vivoB;;Paro;viv;1871_11_07;Sapda de Campecho
;;N/A:  | N/A:  | N/A: ;Cusi;cap.;;"De San Cayetano, Rio Blanco y Bahia Honda vap. Bahia Honda, cap. Cusi; 371 tercios tabaco, 12 pacos carbon y 5 cajas hilas";;Bahia Honda;vap.;1871_11_09;San Cayetano
;;N/A: ;Macip;p.;;De Santa Cruz bal. Nuevo Hilario, p. Macip, 50 cerdos.;;Nuevo Hilario;bal.;1871_11_09;Santa Cruz
;;N/A:  | N/A:  | N/A: ;Alemany;p.;;De Cárdenas gol. Jóven Pilar, p Alemany: 200 tercerolas y 30 bocorea miel de purga. 12 fardos suele.;;Jóven Pilar;gol.;1871_11_09;Cárdenas
;;N/A: ;Minondo;cap.;;De Nuovitas vap. Cántabro, cap. Minondo, 146 rases;;Cántabro;vap.;1871_11_09;Nuovitas
;;N/A: ;Enscñat;patrón;;De Sagun la Grande goleta Gortion, patron Enscñat, 10 estacas júcaro;;Gortion;goleta;1871_11_10;Sagun la Grande
;;N/A:  | N/A:  | N/A:  | N/A: ;Vantara;pat.;;De Sagna la Grande goleta Trafalgar, patron Vantara, 100 arabo?, 100 sacos carbon, tercius tabaco, 16 88tacss.;;Trafalgar;goleta;1871_11_10;Sagna la Grande
;;N/A:  | N/A:  | N/A:  | N/A:  | N/A: ;Santo Domiogo;pat.;;De Sierra Morena golota Billlante, patron Santo Domiogo, 100 caballos leña, 20 bocoyes miel de purgi, 2 ter. cios tasajo, 2 carneros, 1 caja efectos.;;Billlante;golota;1871_11_10;Sierra Morena
;;N/A: ;Montero;patron;;De Teja golota Habanera, patron Montero, 600 sacos carbon;;Habanera;golota;1871_11_10;Teja
;;N/A:  | N/A:  | N/A:  | N/A:  | N/A:  | N/A:  | N/A:  | N/A: ;Juan;p.;;"De S.erra Morena gel. Jaanite, p. Juan; 35 fosas ma. dera, 20 sacos carbon, 12 horquetas, 6 cajas azúcar, 5 lics seroncs, 3 idem cobra viejo. 1 campana, 1 carnero .";;Jaanite;gel.;1871_11_11;S.erra Morena
;;N/A:  | N/A:  | N/A: ;Coyula;p.;;"De la Teja gol, Doa Sofias, p. Coyula; 200 atravesaños, 60 palos madera dara, 60 e.tacas.";;Doa Sofias;gol;1871_11_11;Teja
;;N/A:  | N/A: ;Bosch;p.;;De Cárdenas gol. Jusi ita, p. Bosch, 4000 tejaз, 60 boc. miel de purga.;;Jusi;gol.;1871_11_11;Cárdenas
;;N/A:  | N/A:  | N/A:  | N/A:  | N/A:  | N/A:  | N/A:  | N/A: ;Bernaza;p.;;"De Hin jal go!. Potosí, p. Bernaza; 600 sacos carbon, 80 tercios tabaco, 12 fanegas meiz, icerdes, pavos reales, 2 cajas aves, 28aces lana miraguano, 1 csjita  tabaCos";;Potosí;go!;1871_11_11;Hin jal
;;N/A:  | N/A:  | N/A: ;Perera;p.;;"De Ortigoga bote Coollia Manuela, p. Perera; 4) 8:003 carbon, 20 plpas aguardiente, 14 cabalos  leña.";;Coollia Manuela;bote;1871_11_11;Ortigoga
;;N/A: ;Cervera;p.;;"De Cabaitas gol. Maria, p. Cervera; 145 pipas aguardiente.";;Maria;gol.;1871_11_11;Cabaitas
;;N/A: ;Sardiña;p.;;"De la Teja gol Candita, p. Sardiña; 1000 eacos de car bon.";;Candita;gol.;1871_11_11;la Teja
;;N/A:  | N/A:  | N/A:  | N/A:  | N/A: ;Galicg;p.;;"De Bajas gol. Carmen Nombre de Dies. p. Galicg; 400 qs. cáscara mangle. 100 palos alera dura, 16 terc'03 tabaco, Gaacos carbon, 12 juegos carreta.";;Carmen Nombre de Dies;gol.;1871_11_11;Bajas
;;N/A: ;Escavellas;p.;;"De la Ma'ats gol. Dolorce, p. Escavellas; (00 ɛɛcoз de carbon.";;Dolorce;gol.;1871_11_11;Ma'ats
;;N/A: ;Roig;p.;;"De la Teja gol. Paquate de Nuevitas, p. Roig; (0) 8acos carbon.";;Paquate;gol.;1871_11_11;Teja
;;N/A:  | N/A:  | N/A:  | N/A:  | N/A:  | N/A:  | N/A:  | N/A: ;Aleman;p.;;"De Cárdenas g. Panchita, p. Aleman, con 2000 piés ta blon, 500 sugos, 170 cuarterolas miel de parga, 100 oamones, es c. lozas, 12 bocoƑ03 azúcar, C fardos carnaza y anela; 1 barril jamones";;Panchita;g.;1871_11_12;Cárdenas
;;N/A: ;Anglada;p.;;De la Mulata g. Santa Ana, p. Anglada, con 600 Encos carbon;;Santa Ana;g.;1871_11_12;la Mulata
;;N/A:  | N/A: ;Lopez;p.;;De Cabañas g. Caballo Marino, p. Lopez, con 82 torcina tabaco, 12 pipas aguardients;;Caballo Marino;g.;1871_11_12;Cabañas
;;N/A: ;Marrero;p.;;De Cayoa de Sotavento vivero Vencedor, p. Marrero, 500 pescados vivts;;Vencedor;vivero;1871_11_12;Cayoa de Sotavento
;;N/A:  | N/A:  | N/A:  | N/A:  | N/A:  | N/A:  | N/A:  | N/A:  | N/A:  | N/A: ;Lomus;cap.;;De Santiago de Caba y escalas vap, Barcelona cap. Lomus 800 torclos tabaco, 10 bar, aceito de coco, 5 fardos y2 c. ropa, 3 o. cera br. café, 1 c. dulce, 1 o tabacos 1 bto ohaquetones. 10 sombreros, 1 o driles y sombreres;;Barcelona;vap;1871_11_14;Santiago de Caba y escalas
;;N/A:  | N/A:  | N/A:  | N/A:  | N/A:  | N/A:  | N/A:  | N/A: ;Gnas;p.;;De Baracoa g. Telégrafo p. Gnas 25 mil coces, 205 bar. aceite de id, 150 raclmos plátanos gaineos, 60 cueros 24 a. cáscara de mangle, 10 fardos sepas de plátano, 1 cajita cobre vi jo 1 moviliario;;Telégrafo;g.;1871_11_14;Baracoa
;;N/A:  | N/A:  | N/A:  | N/A:  | N/A:  | N/A: ;Cobas;p.;;De Sagua de Tánamo g, Emilia p. Cobas 234 tercios s 30. tabaco 182 tosas madoras, 70 cueros 10 8. cacao, '3'b. miel de abeja 3 fardos cera.;;Emilia;g;1871_11_14;Sagua de Tánamo
;;N/A:  | N/A:  | N/A:  | N/A:  | N/A:  | N/A: ;Berton;cap.;;De Cafbarlen y Sagua la Grande vap. Nuero Carolina cap. Berton 222 toros tabaco, 26 pipas aguardiente, so rones esponjaa, 1 bar. jamones, 1 b, cobra viejo, 1 fardo con un corchon;;Nuero Carolina;vap.;1871_11_14;Cafbarlen y Sagua la Grande
;;N/A: ;Ferrer;D.;;De la Teja g, Softa D. Ferrer 1000 s. carbon;;Softa;g;1871_11_14;Teja
;;N/A:  | N/A:  | N/A: ;Visquerra;p;;De Matanzas g. Dos Hermanas p Visquerra 500 ar. ta sajo, 12 bocs id I movillario;;Dos Hermanas;g.;1871_11_14;Matanzas
;;N/A:  | N/A:  | N/A:  | N/A:  | N/A: ;Cabrera;p.;;De Fierra Morena g. Molestadora p. Cabrera SO caballos leña 12 pp. aguardiente, 4 bocoyes carbon, 1 c. aves, 18. plátaros;;Molestadora;g.;1871_11_15;Fierra Morena
;;N/A:  | N/A: ;Nndez;patrón;;De Cárdenas golota Ntra. Sra. del Cárm n. patron Nndez, 2 cajas cigarros y 1 idem calzado.;;Ntra. Sra. del Cárm;golota;1871_11_16;Cárdenas
;;N/A:  | N/A: ;Ama;patroa;;De Morrillo balandro Hilario, patroa Ama, 55 sa003 lana miraguano, 46 racca cásoara mabiglo.;;Hilario;balandro;1871_11_16;Morrillo
;;N/A: ;Sose;patrón;;De Jaimanita bote Saa Aunolm>, patron Sose, 8000 ladrillo.;;Saa Aunolm>;bote;1871_11_16;Jaimanita
;;N/A: ;Alvarez;pat.;;De Jaimanita Jancha Juana, patron Alvarez, 8030 ja. dii los.;;Juana;Jancha;1871_11_16;Jaimanita
;;N/A:  | N/A:  | N/A: ;Arria-;cxp.;;De Santiago de Cuba y escalas vap CabsСпb³, cxp. Arria- , ga, 10 rercios tabac a. 2 cajan y piezas máquina la 14;;CabsСпb³;vap;1871_11_18;Santiago de Cuba
;;N/A: ;Deolofso;p.;;De Arroyes vir. Maipo, p. Deolofso. 100 pescados viVOJ.;;Maipo;vir.;1871_11_18;Arroyes
;;N/A: ;Leal;p.;;De Sierra Morena g. América, p. Leal, co: 60 bucoses miel de purga;;América;g.;1871_11_19;Sierra Morena
;;N/A: ;Galy;p.;;De la Teja pallobot Gallego, p. Galy, con 700 sacos do carbon;;Gallego;pallobot;1871_11_19;Teja
;;N/A:  | N/A:  | N/A:  | N/A:  | N/A:  | N/A:  | N/A:  | N/A: ;Belfat;p.;;De Matanzas 2. Amelia p. Belfat, con 330 ar. tarah, 110 matos lejes, 40 terelos suela y vaqneta 2 gnardiente, bocores pinturas. 1 c. efectos y 2 181 bacalao;;Amelia;2.;1871_11_19;Matanzas
;;N/A:  | N/A:  | N/A:  | N/A:  | N/A:  | N/A: ;Cnsi;cap.;;De San Cayetano, Rio Blanco y Babia Honda vapor Bahia Honda, cap. Cnsi, con 542 terolos tabac viaudas y hueves, 12 fardos cortes de tabaco, carbon, 4 canastos aves, 3 c. tabaccs y 5o. hil;;Bahia Honda;vapor;1871_11_19;San Cayetano
;;N/A:  | N/A:  | N/A:  | N/A:  | N/A: ;Barro;p.;;De Cárdenas berg gol. Amlatad, p Barro, Foooyes vaci 8, 5 lios majagua, 4 pipas aguardiente, 2 los suela, 1 lio corundas y 1.0. efectos;;Amlatad;berg;1871_11_19;Cárdenas
;;N/A: ;Fiorro;pat.;;De Canasi goleta Loba Marina, patron Fiorro, 250 fanegas maiz.;;Loba Marina;goleta;1871_11_22;Canasi
;;N/A:  | N/A:  | N/A: ;Rodrigues;pat.;;De Cabañas goleta Céfiro, patron Rodrigues, 211 tercios tabaco, 24 pipas aguardiente, 8 terolos picadura.;;Céfiro;goleta;1871_11_22;Cabañas
;;N/A:  | N/A:  | N/A:  | N/A:  | N/A:  | N/A: ;Berton;cap.;;De Calbarien Sagua la Grande vapor Nuevo Carolina, cap Berton, 534 tercios tabaco, 17 pipas aguardiento, Gorobes eaponjas, 5 cajas quesca, 1 seron tasajo, 1 garrafon liquid.;;Nuevo Carolina;vapor;1871_11_22;Calbarien
;;;Minondo;cap.;;De Nuevitas vapor Cántabro, cap. Minondo, en lastre.;;Cántabro;vapor;1871_11_22;Nuevitas
;;N/A:  | N/A:  | N/A:  | N/A:  | N/A:  | N/A: ;Lopez;pat.;;De Ganosa golota Amalla, patron Lopez 31 toras madere, 29 bocoyеay 20 tercerolas intel do parga, 18 mazos plauchas de hierro, 15 planchas idem 6 sacos tornillos.;;Amalla;golota;1871_11_22;Ganosa
;;N/A: ;Rodrigues;p.;;De Matanzas pail. Antonio, p. Rodrigues, 40 pipis aguardiente;;Antonio;pail.;1871_11_22;Matanzas
;;N/A:  | N/A:  | N/A:  | N/A:  | N/A:  | N/A:  | N/A:  | N/A:  | N/A:  | N/A:  | N/A: ;Enseñat;p.;;"De idem g. Tres Teresas, p. Enseñat, con 88 zacos arroz, 32 secos carbon, 9c zin, 6 teroios suela, 6 id. carnaza, 5 tercios caaros, 3 lics idem; 1 bocoy y 1 cajita arroz, 1 volanta y 1 piano dos";;Tres Teresas;g.;1871_11_23;idem
;;N/A:  | N/A:  | N/A:  | N/A:  | N/A:  | N/A:  | N/A: ;Amongaal;p.;;De R'o Blanco g. Catalina, p. Amongaal, con 401 terclos tabaco, 170 estacas, 52 atravasaños, 52 campones, 33 Jugos, 23 camas de carrota y 11 ar. cera;;Catalina;g.;1871_11_23;R'o Blanco
;;N/A: ;Sorá;p.;;De Jaimanitas bote San Anselmo, p. Sorá, con 8000 ladrillos;;San Anselmo;bote;1871_11_23;Jaimanitas
;;N/A:  | N/A: ;Garreton;cap.;;De Cárdenas vapor Cárdenas, cap. Garreton, con 5 tercics suela y 2 ruedas de hierro;;Cárdenas;vapor;1871_11_23;Cárdenas
;;N/A:  | N/A:  | N/A:  | N/A:  | N/A: ;Rodriguez;p.;;De Sierra Morena gol. Dos Amigos p Rodriguez: 1) ipas aguardiente, 10 bc. miel do purga, £7 enballes lefit. 3 baules, 1 caja harica.;;Dos Amigos;gol.;1871_11_24;Sierra Morena
;;N/A: ;Monar;p.;;"De Sierra Morena berg. gol Pirineo, p. Monar; 406 pala maderas del pais.";;Pirineo;berg.;1871_11_24;Sierra Morena
;;N/A: ;Benet;p.;;"De Rio del Modio gol. Agacdits, p. Benet; 600 aac s de carbou.";;Agacdits;gol.;1871_11_24;Rio del Modio
;;N/A: ;Febrer;p.;;"De Mantua g. Neptuno p. Febrer 200 ; carbon";;Neptuno;g.;1871_11_26;Mantua
;;N/A: ;Perera;p.;;De la Ortigosa bte. Cecilia Manuela p. Perera 20 01ballos lofia, 17 pp. aguardienes;;Cecilia Manuela;bte.;1871_11_26;Ortigosa
;;N/A:  | N/A:  | N/A:  | N/A:  | N/A:  | N/A:  | N/A:  | N/A:  | N/A:  | N/A: ;Garroton;cap.;;De Cárdenas vapor Cárdenas, cap. Garroton, 1 o. ƒ zácar, cuartos y 3 barriles vino, 16 c. bagalpo, 1 carruajs, 1 c. balanzas, fardos ferretoria, 1 barril chapapote, 2 c. efectos de uso, 1 lio seronca, 1 barril efectos.;;Cárdenas;vapor;1871_11_29;Cárdenas
;;N/A: ;Almanza;pat.;;De la Teja gel Josefa, pat. Almanza, 600 sacos carbon.;;Josefa;gel;1871_11_29;Teja
;;N/A:  | N/A:  | N/A:  | N/A: ;Torres;p.;;De Mantua g. Cuba, p. Torres, 800 sacos carbon, 200 arrobas cera, 25 idem lina miraguano y 15 garrafonts miel do abejas.;;Cuba;g.;1871_11_29;Mantua
;;N/A: ;Saao;p.;;De la Mulata g. Especulacion, p. Saao, 600 sacoз carbon.;;Especulacion;g.;1871_11_29;Mulata
;;N/A:  | N/A:  | N/A:  | N/A:  | N/A:  | N/A:  | N/A:  | N/A:  | N/A: ;Calve;pat.;;Da Gibara gol. Matilde, pat Calve: 510 sacos carbon, 200 caballos leña, 83 serones con yarey, 433 doc. serones vacios, 40 cueros al pelo, 10 bultos serones de yarey, 6 fardos cera, 1 caja olas, 1 saco garbanzos.;;Matilde;gol.;1871_11_30;Gibara
;;N/A:  | N/A: ;Lladó;pat.;;"De Santa Lucia gol. Leonor, pat. Lladó; 000 quintalos cáscara de mangle, 188 torelos de tabaco.";;Leonor;gol.;1871_11_30;Santa Lucia
;;N/A:  | N/A:  | N/A:  | N/A:  | N/A: ;Cusi;cap.;;De San Cayetaco. Rio Blanco y Bahia Honda vapor Bahla Honda, cap. Cusi: 12 sacos carbon, & matulos carno. 5 tercios tabaco, 5 saccs picadura, 4 canastos con avea.;;Bahla Honda;vapor;1871_11_30;San Cayetaco
Día 01:;;N/A:  | N/A:  | N/A:  | N/A: ;Martorell;pat.;;De Cárdenas gol. Araucana, pat. Martorell: 800 tejas, 60:0 pića do taba, 100 tercerolas y 14 bocoyos miel do parga.;;Araucana;gol.;1871_11_30;Cárdenas
