arrival_date;arrival_date_calc;cargo_list;crew_number;forced_arrival;master_name;master_role;parsed_text;passenger_account;publication_day;quarantine;raw_text;ship_flag;ship_name;ship_tons_capacity;ship_tons_unit;ship_type;source_file;travel_departure_port;travel_duration_unit;travel_duration_value
;;N/A: ;;;Acuña;pat.;;;;;Do Caralt 8 gol. Marianita, pat. Acuña, 800 sacos carbon;;Marianita;;;gol.;1872_01_03;Caralt;;
;;N/A: ;;;Mentell;pat.;;;;;De la Teja go'. Maria, pat. Mentell, 600 racos carbɔn;;Maria;;;go';1872_01_03;Teja;;
;;N/A: ;;;Otero;pat.;;;;;Ds Rio de la Pa'ma gol. Margarita, pat. Otero, 600 82008 carbon;;Margarita;;;gol.;1872_01_03;Rio de la Pa'ma;;
;;N/A: ;;;Teach;pat.;;;;;Do Cardenas gol. Juanita, pat. Teach. 170 boc. miel de parga;;Juanita;;;gol.;1872_01_03;Cardenas;;
;;N/A:  | N/A:  | N/A:  | N/A:  | N/A:  | N/A: ;;;Vizquerra;pat.;;;;;Do Matanzas gol. Des Hormauss pat. Vizquerra, 1000 ar. tesejo, 500 c. azúcar, 20 serones lizas, 13 rollos jarcia, 3 tercio suo'a, 20. tabaco brova;;Des Hormauss;;;gol.;1872_01_03;Matanzas;;
;;N/A:  | N/A: ;;;Alsine;pat.;;;;;De Mantua gol: Afaria, pat. Alsine, 80) sacos carbon, 27Iterolos tabaco;;Afaria;;;gol.;1872_01_03;Mantua;;
;;;;;Cabrero;pat.;;;;;Do! Mariel gol. Mario, pat. Cabrero, on lastre;;Mario;;;gol.;1872_01_03;;;
;;N/A: ;;;Ferrer;pat.;;;;;De Banes Lote Coci.ia Manuela, pat Ferrer, 23 boroyes msscabado;;Manuela;;;Coci.ia;1872_01_03;Banes;;
;;N/A:  | N/A:  | N/A:  | N/A:  | N/A:  | N/A: ;;;Gonzalez;pat.;;;;;Do Sierra Morena gol. Sofa, pat. Gonzalez, 9 tosas, 2 tab'ones madera, s taburetes, 20. mueblos, 2 fardos carne. cajita maquinaria;;Sofa;;;gol.;1872_01_03;Sierra Morena;;
;;N/A: ;;;Llenras;pat.;;;;;De Arroyes viv. Carmen, pat. Llenras, 500 pescados vives;;Carmen;;;viv.;1872_01_03;Arroyes;;
;;N/A: ;;;Porez;pat.;;;;;De Arroyos viv. Alerta, pat. Porez, 500 peecados viтов;;Alerta;;;viv.;1872_01_03;Arroyos;;
;;N/A: ;;;Garriga;pat.;;;;;De Rio do la Palms gol. Isabolita, pat, Garriga. CCO Bacca carbon;;Isabolita;;;gol.;1872_01_03;Rio do la Palms;;
;;N/A:  | N/A:  | N/A:  | N/A:  | N/A:  | N/A:  | N/A:  | N/A:  | N/A: ;;;Garreton;cap.;;;;;De Cárdenas vapor Cárdenas. cap. Garreton, 9 los queros, 6 tercios idem, 3 fardos otroaza. 1 c. pinture, 1 bar, cerveza, 1 saco anis, 1 baul ropa y 2baules;;Cárdenas;;;vapor;1872_01_03;Cárdenas;;
;;N/A: ;;;Martin;p.;;;;;De Cárdenas g. Maria Josefa p. Martin, 900 varas ma dera del po's;;Maria Josefa;;;g.;1872_01_04;Cárdenas;;
;;N/A: ;;;Gorria;p.;;;;;De Bahia Honda g. Carmita p. Gorria 200 caballoa le53,;;Carmita;;;g.;1872_01_04;Bahia Honda;;
;;N/A: ;;;Duran;p.;;;;;De Baracoa g. Dolorita p. Duran, 16 pipas aguarţlier te;;Dolorita;;;g.;1872_01_04;Baracoa;;
;;N/A:  | N/A: ;;;Alemany;p.;;;;;"De Cárdenas gl. Jóven Pilar, p. Alemany; 5 pipas grasa y 3 cajas tejas. Dal Mariel gol. Quintina, p. Lopez; 3:3 cajas azúcar. Do Cárdenas vap. Cárdenas, oap. Garreton; 260 cajas azúcar, 6 terolos suela y vaqueta. 2 sombrereras, 2 bauLes ef:otos, 1 pavo, 1 oerdo, 1 palo, 11io idem y 1 molino.";;Jóven Pilar;;;gl.;1872_01_05;Cárdenas;;
;;N/A: ;;;Para;p.;;;;;De Cárdenas g. General la Mar, p. Para, 220 0.814. 03, 5 bars. y 20. con 2 garrafonoa melado.;;General la Mar;;;g.;1872_01_06;Cárdenas;;
;;N/A:  | N/A:  | N/A:  | N/A:  | N/A:  | N/A:  | N/A:  | N/A:  | N/A:  | N/A:  | N/A:  | N/A:  | N/A:  | N/A: ;;;Serra;p.;;;;;De Cárdenas g Trinidad, p. Serra 1200 piés, ma dera, 100 o. id, 210 osmores carretas, 18 c. alcapsrrar, S bars. y 5 t: res. miel de ab ja, 6 lios cobre viejo, 2sacos cera. fo. conservas, 1 lo scrones, 1 máquina de vapor oon snaraesorios, 1 o. bierre, 1 romana de plataforma;;Trinidad;;;g;1872_01_06;Cárdenas;;
;;N/A:  | N/A: ;;;Escandoll;p.;;;;;De Bahia Honda g Bahia Honds, p. Escandoll, 33) caballos leña.;;Bahia Honds;;;g;1872_01_06;Bahia Honda;;
;;N/A:  | N/A: ;;;Hernandez;p.;;;;;De los Perros g. Antonia p. Hernandez. 112 reses, G caballos 1:fa;;Antonia;;;g.;1872_01_09;los Perros;;
;;N/A: ;;;Ventura;p.;;;;;De Sagua la Grande g. Trafalgar p. Ventura, 1000 ɛ carbon;;Trafalgar;;;g.;1872_01_09;Sagua la Grande;;
;;N/A:  | N/A:  | N/A:  | N/A:  | N/A: ;;;;;;;;;"De ldem Nueva Eugenia p Sans. 1500 doonas. 80g msjagga, 100 estacas de júcaro, 2 c. fideos y lateria,"" paqucto añit";;Nueva Eugenia;;;p.;1872_01_09;ldem;;
;;N/A: ;;;Villalonga;p;;;;;De Saito g Teresita p Villalonga 000 sacos do car bon.;;Teresita;;;g;1872_01_09;Saito;;
;;N/A: ;;;Reig;p;;;;;De id g Paquete de faevitas p Reig 600 sacos de car bon;;Paquete de faevitas;;;g;1872_01_09;id;;
;;N/A: ;;;Ros;pat.;;;;;De id. g Mannola do Sagua p. Ros 800 sicos de carbon;;Mannola;;;p.;1872_01_09;Sagua;;
;;N/A: ;;;Carbonell;p.;;;;;De Matanzas g. Margarita p, Carbonell 10 mil ar. da tasajo;;Margarita;;;g.;1872_01_09;Matanzas;;
;;N/A:  | N/A:  | N/A:  | N/A: ;;;Torroa;p.;;;;;De Mantua y Guanes g. Trinidad p, Torroa 600 tercs. tabaco, il c. cobre viejo 17 cueros al pelo 1 c. y. 1 fa:da сета;;Trinidad;;;g.;1872_01_09;Mantua y Guanes;;
;;N/A:  | N/A: ;;;Suno;p.;;;;;De la Mulata g. Especulacion p. Suno 400 s. carbon 40 Tanegas mais;;Especulacion;;;g.;1872_01_09;Mulata;;
;;N/A:  | N/A:  | N/A:  | N/A:  | N/A:  | N/A:  | N/A:  | N/A:  | N/A:  | N/A:  | N/A:  | N/A:  | N/A:  | N/A:  | N/A:  | N/A:  | N/A:  | N/A:  | N/A: ;;;;;;;;;"Do id g Sta Arap Anglada 600 F: carbon Da Cabañas g Caballo Marino p Lepez, 330 c. y 15 bocs ezúcar Da id gnairo Afortunado (p. Torres 50 gar vacios 40 Caballos teña De Banes boto Cocilla Manuela p Ferrer, 21 becs, mas caldo De Arreyo; viv Josefa p. Ramero 500 pescados vi03 De Caibarien y Sagua la Grande vap Nro. Almendares ap Vega 820 torca, tabaco, 6 serones esponjas. 2 peda08 columnas de alambique, 2 c. y 1 fardito y 1 bär, for oteria, 1c, con nn órgano 1 caballo De Ganusa g Clo p. Pojol 190 palos 1 equipale Do S. Morona g Sais Manuelaa p. Cabrera 153 cabalios ña 12 palos de cedro, 6 pp agaardiente, 2 carneritos, 1 alo caoba De Cárdenas vap. Cárdenas cap. Garreton 423 c. aziar 1 o. efost03 De Batabanóg. Dalia p. Castillo-Lestro Do la Teja g. Habanoia p. Montero, 600 sacos car-";;;;;;1872_01_09;;;
;;N/A:  | N/A:  | N/A:  | N/A:  | N/A:  | N/A:  | N/A:  | N/A:  | N/A:  | N/A: ;;;Arrlag;cap.;;;;;De Santiago do Cube y escaias vapor Caba, cap. Arrlag, 196 ceros, 19 ane a cacao, 23 teroorola sebo, 20 marquetes cra, 15 Feroncs cocos 1 barriles claves, 1 idem idon galvanizados, 1 casco planchas, 2 fardoɔ sue. a y 1 caja ropa;;Caba;;;vapor;1872_01_10;Santiago;;
;;N/A:  | N/A:  | N/A:  | N/A: ;;;Lopez;p.;;;;;De Carabatas g. Tros Hernisnas, p. Lopez, 160 ejes de carreta, (0 tendidos segas, 30 palos madera dura, 6 cuartoro sa miet de purga;;Tros Hernisnas;;;g.;1872_01_11;Carabatas;;
;;N/A:  | N/A: ;;;Bosch;p.;;;;;De Cárdenas g. Juanits, p Bosch, 17 brooƑcs miel de parga, 3 rollos jśrcia;;Juanits;;;g.;1872_01_11;Cárdenas;;
;;N/A:  | N/A:  | N/A: ;;;Boseb;cap.;;;;;De Gibara berg. Rosario, cap. Boseb, 20 cueros, 15 gar. miel de abejas y 1o. ta' aces;;Rosario;;;berg.;1872_01_11;Gibara;;
;;N/A: ;;;Leal;p.;;;;;De bierra Corona g. Amótica, p. Leal, con 350 0. de As car;;Corona;;;g.;1872_01_12;bierra;;
;;N/A:  | N/A:  | N/A:  | N/A: ;;;Cobas;p.;;;;;De atar zag. Emilis, p. Cobas, con 900 c. azúcar. 400 sr. tataj, 1s tercerolas miel de parga y 12 terclos Bucla;;Emilis;;;zag.;1872_01_12;atar;;
;;N/A:  | N/A:  | N/A:  | N/A:  | N/A:  | N/A:  | N/A:  | N/A: ;;;Mario;p.;;;;;De Caibarien g. Agalla de Oro, p. Mario, 400 oneros, 118 gerones, 100 oabalios leña, 18. palos osoba, 6 llos seTonés, 3 tercero'as miel de abejas, 2 serenes osra y un caballo.;;Agalla de Oro;;;g.;1872_01_13;Caibarien;;
;;N/A: ;;;Barrera;p.;;;;;De Cárdenas berg. Amistad, p. Barrera, 8530 cajas do azúcar.;;Amistad;;;berg.;1872_01_13;Cárdenas;;
;;N/A: ;;;Dardet;pat.;;;;;De Cárdenas gal. Rosita, pat. Dardet, 140 boooyes miel de parga.;;Rosita;;;gal.;1872_01_13;Cárdenas;;
;;N/A: ;;;Martin;pat.;;;;;De Cárdenas go. Guacamaya, pat. Martin, 630 orju de azúcar.;;Guacamaya;;;go.;1872_01_13;Cárdenas;;
;;N/A:  | N/A:  | N/A: ;;;Aleman;pat.;;;;;De Cárdenas go'. Panchlia, pat. Aleman, 63 boooses Doncontrado, 10 o. ropa y 2 id efectos.;;Panchlia;;;go'.;1872_01_13;Cárdenas;;
;;N/A: ;;;Torres;pat.;;;;;De Mántaa gel. Cuba, patron Torres, 600 83008 oarbon.;Cuba;;;;gel.;1872_01_13;Mántaa;;
;;;;;Gorrin;pat.;;;;;De Balla Hondo goleta Carmits, patron Gorrin, en astro;;Carmits;;;goleta;1872_01_13;Balla Hondo;;
;;N/A:  | N/A:  | N/A:  | N/A:  | N/A:  | N/A:  | N/A:  | N/A: ;;;Cahe;cap.;;;;;Dig. Diana, p. Rodrigu:z, con 600 accoa de abж Da Santiago de Cnéa y escalas vapor Barcelona. cap. Cahe, con bar, acoito de coco, 2 cajas libros, 1 iden factos, barril barniz. lidem ropa, 1 paquetico cou ua docera nubes de señora.;;Diana;;;vapor;1872_01_14;Santiago de Cnéa;;
;;N/A:  | N/A: ;;;Perez;patrón;;;;;De Mari-l goleta Justios. patron, Perez, 243 orjas a zúcar, 11 ipts guardiente.;;Justios;;;goleta;1872_01_16;Mari-l;;
;;N/A:  | N/A:  | N/A: ;;;Planell;pat.;;;;;De Mariel guairo Salve Virgen Maria, patron Planell, 330 cabal e leña, 30 zacos carbon, 30 ar. oera.;;Salve Virgen Maria;;;guairo;1872_01_16;Mariel;;
;;N/A:  | N/A:  | N/A:  | N/A: ;;;Aduris;cap.;;;;;De Santiago de Cuba berg. Han José, cap. Aduris, 80:0 cocos secor, 36 jaulas con 90 canarios y jugueros, 9 ŷ sacos Dastañas, Giaulas con 6 pares palomas.;;Han José;;;berg.;1872_01_16;Santiago de Cuba;;
;;N/A:  | N/A:  | N/A: ;;;Cusi;cap.;;;;;Do Bahia Honda vapor Bahia Honda, cap. Cusi, con 57 baltos equipajes, 11 oerdos y 5 sacos ploadara;;Bahia Honda;;;vapor;1872_01_18;Bahia Honda;;
;;N/A:  | N/A:  | N/A: ;;;Jolomar;p.;;;;;De idem g. Babas. p. Jolomar, con 1060 docenas sogas majagus, 160 arabos y 22 estacas,;;Babas;;;g.;1872_01_18;idem;;
;;N/A: ;;;Fariña;p.;;;;;De Cárdenas g. Anita, p. Fariña, con 800 c‹jas de a stear.;;Anita;;;g.;1872_01_18;Cárdenas;;
;;N/A:  | N/A:  | N/A: ;;;;p.;;;;;De Cabañas Jos fa. p. Inolan, con 330 cajas azúcar 25 bocores idem y 10 fanegas maiz.;;Inolan;;;fa.;1872_01_18;Cabañas;;
;;N/A:  | N/A:  | N/A: ;;;Porcell;p.;;;;;De Sagua la Giands balandro Maria, p. Porcell, con 255 81008 oArcara do mang'e, 157 arabos y 20 estacas.;;Maria;;;balandro;1872_01_18;Sagua la Giands;;
;;N/A:  | N/A:  | N/A:  | N/A:  | N/A:  | N/A:  | N/A:  | N/A:  | N/A:  | N/A:  | N/A:  | N/A:  | N/A:  | N/A: ;;;Vogs;cap.;;;;;De Caibarien y Sagua la Grands vapor Nuovo Almendares, cap. Vogs, con 390 terolos de tabaco, 293 oneras, 21 cajas do cara, 8 barriles harins, C sorones esponjas, 4 sacos efectos, 3 tercerolas miel de abejas, 2 cajas viveres, 2 idem efectos, 2 idem aves. 2 cabalios, 1 soron cocos socos, 1 fardo listado, 1 baul ropa usada.;;Nuovo Almendares;;;vapor;1872_01_18;Caibarien;;
;;N/A:  | N/A:  | N/A:  | N/A:  | N/A:  | N/A:  | N/A:  | N/A:  | N/A:  | N/A:  | N/A: ;;;Hernand;z;;;;;De Sagua de Tánamo y Matanzas g. Flor de Llanes . Hernand. z, 2000 cccos, 211 torcios tabaco, 30 bar. ha ina, 21 oufistes aceitunas, 14 serones tasajo, 12 ojsbom piezas madera dura, 4 c. agua florida, 3 pipaз vino, us arril id, o. eombreros 14 pps, aguardient. De Sierra Morens bote Angelita, p. Cabrera, 123 ca allos leña y 168 carbon. Do Matanzas g. Amalis, p. Belfat, 400 o. azúcar y 10-oos miel de purga. Del Mariel g. Conchita, p. Vilasuso, 360 o. azúcar y 30e ortes de caja. De Jaruco g. Jaruqueña, p. Viera, 46 pipas aguar Hente. De Cárdenas vap Cárdenas, cap. Garreton, 1100 cajas zúcar, 4 lios suela y vaqueta, 1 o. ropa y una oɔja” do erro.;;Flor de Llanes;;;g.;1872_01_19;Sagua de Tánamo y Matanzas;;
;;N/A:  | N/A:  | N/A: ;;;Garcia;p.;;;;;De Morong. Ceferina. p. Garcia, 200 caballos lefin, 1:4 resos y 100 sacos carbon.;;Ceferina;;;;1872_01_20;Morong;;
;;N/A: ;;;Dars;pat.;;;;;Do la Teja gol. Enriqueta, pat. Dars, 700 sacos carbon.;;Enriqueta;;;gol.;1872_01_20;la Teja;;
;;N/A: ;;;Juan;pat.;;;;;De Cárdenas goleta Generala, patron Juan, 400 cajas azúcar.;;Generala;;;goleta;1872_01_20;Cárdenas;;
;;N/A: ;;;Badaró;pat.;;;;;De Cárderas golota Victoria, patron Badaró, 510 calss azúcar.;;Victoria;;;golota;1872_01_20;Cárderas;;
;;N/A: ;;;Vazquez;p.;;;;;De Cárdenas goleta Joaquina, p. Vazquez, 60) cajas azúcar.;;Joaquina;;;goleta;1872_01_20;Cárdenas;;
;;N/A: ;;;Bosch;pat.;;;;;De Cárdenas goleta Juanita, patron Bosch, 600 cajas Azúcar.;;Juanita;;;goleta;1872_01_20;Cárdenas;;
;;N/A: ;;;Martin;pat.;;;;;De Cárdenas goleta Maria Joseja, patron Martin, 700 oajas azúcar.;;Maria Joseja;;;goleta;1872_01_20;Cárdenas;;
;;N/A: ;;;Matoa;pat.;;;;;De Jaruco balandro Flor do Casa Bianca, patron Matoa, 60 fauegas maiz.;;Flor do Casa Bianca;;;balandro;1872_01_20;Jaruco;;
;;N/A:  | N/A:  | N/A: ;;;Arocha;patrón;;;;;De Cabañas goleta Manuela, patron Arocha, 270 csjas azuosr, 1 masa y 1 corona de hierro.;;Manuela;;;goleta;1872_01_20;Cabañas;;
;;N/A: ;;;Duran;patrón;;;;;De Baracoa goleta Dolorita, patron Duran, 76 bocopes concentrado.;;Dolorita;;;goleta;1872_01_20;Baracoa;;
;;N/A: ;;;Leon;pat.;;;;;De Cayos de Barlovento viv? Ramoncito, patron Leon, 500 pesondes vivos.;;Ramoncito;;;;1872_01_20;Cayos de Barlovento;;
;;N/A:  | N/A:  | N/A: ;;;Arbona;patrón;;;;;De los Perros goleta Engracia, patron Arbona, 110 roses, 10 caballos fena y 2 terca. misl is bejas;;Engracia;;;goleta;1872_01_20;los Perros;;
;;N/A: ;;;Pazos;patrón;;;;;De la Teja goleta Leonarda, patron Pazos, 603 82008 carbou.;;Leonarda;;;goleta;1872_01_20;Teja;;
;;N/A: ;;;Martinez;patrón;;;;;De la Teja ba'andro Covadonga, patron Martinez, 400 B&COB carbon.;;Covadonga;;;ba'andro;1872_01_20;la Teja;;
;;N/A:  | N/A:  | N/A:  | N/A:  | N/A:  | N/A: ;;;Fuster;pat.;;;;;De San Cayetano gol. Manuelita, pat. Fuster: 150 sacos carbon, 100 palos madera dura, 100 caballos lefia, 70 ngos, 30 juegos de carreta, 10 mazas do idem. De Matanzas gol. Elvira, pat. Rodriguez: 10,000 ar asajo, 61 latas almendras, 30 pipas aguardiente 1 c. core viejo. De Malas Aguas gol. Aguedita p. Bonet, 600 sacos car-;;Manuelita;;;gol.;1872_01_24;San Cayetano;;
;;N/A: ;;;Corrin;pat.;;;;;De Bahia Honda gol. Carmita. pat. Corrin, con so cafas y be yes azúcar.;;Carmita.;;;gol.;1872_01_25;Bahia Honda;;
;;N/A: ;;;Vilasnao;pat.;;;;;The Mad god. Conchita, pat. Vilasnao, con 360 cajas;;Conchita;;;;1872_01_25;;;
;;N/A:  | N/A:  | N/A:  | N/A:  | N/A:  | N/A:  | N/A:  | N/A: ;;;Perez;pat.;;;;;Del Mariel gol. Justin, pat. Perez, con 61 bee mascabal The Cafari y Sagua la Grande vapor Nuevo AlmenBares cap. Vega, con sacos judías negras. I eneros, 2 banis erveza. 3 cajas efectos, 2 bcoves mai 1 caja valzul serenes esponjas, 1 cajay 1 saco cobre viejo.;;Justin;;;gol.;1872_01_25;Mariel;;
;;N/A:  | N/A: ;;;Escanellas;pat.;;;;;De la Mulata gol. Dores pat. Escanellas, con saros carbon y 30 faniegas de mai.;;Dores;;;gol.;1872_01_25;Mulata;;
;;N/A:  | N/A:  | N/A:  | N/A:  | N/A:  | N/A: ;;;Rom;cap.;;;;;De Santiago de Cuba y escalis vapor Catalum cap. Rom, con 2160 tercios tabaco, 515 sacos cate. 10 idein acao. 5 fardes sucla. 1 enja quesos y dulce y 1 idem lioritos de cigarros.;;Catalum;;;vapor;1872_01_25;Santiago de Cuba;;
;;N/A:  | N/A:  | N/A:  | N/A: ;;;O'Breans;pat.;;;;;De Nuevitas pail. Comercio. pat. O'Breans, con 300,000 tibisies, 400 caballos de leña, 173 cueros al pelo, 45 reses.;;Comercio;;;pail.;1872_01_26;Nuevitas;;
;;N/A:  | N/A:  | N/A:  | N/A:  | N/A:  | N/A:  | N/A:  | N/A:  | N/A:  | N/A:  | N/A:  | N/A: ;;;Garreton;cap.;;;;;De Cárdenas vapor Cárdenas, cap. Garreton, con 1400 cajas de azúcar, una caja avroz. 6 garrafones melado, un plato de madera, un estuche de azúcar. 1 saco anis, 2 bau es y 3 lios suela, una caja sombreros. S tercios cueros, 1 waja ropa y 1 yegua. Do Cárdenas gol. Rosita, pat. Dardet, con 143 cajas de azúcar, 90 bocoves miel de parga.;;Cárdenas;;;vapor;1872_01_26;Cárdenas;;
;;N/A:  | N/A:  | N/A:  | N/A:  | N/A:  | N/A:  | N/A:  | N/A:  | N/A:  | N/A:  | N/A:  | N/A:  | N/A:  | N/A:  | N/A:  | N/A:  | N/A:  | N/A:  | N/A:  | N/A: ;;;Lemus;cp.;;;;;De Santiago de Cuba y escalas vapor Clara, cp. Lemus, cou 115 sacos de cars, 100 sacos cacao, 50 tercios tabaco, 32 reses. 9 tercerolas sebo, 8 barriles aceito do coco, 7 fardos jarcia do Manila, 2 barriles miel de abejas, 2 cajas do frutas. idem perfumería, 1 idem jamones, 1 idem dulco y calzado, fardo gorras, 1 lio baudas de billar, 1 cuja con un crucifijo, 1 fardo becerro, una canoa usada, 1 fardito tabaco, una caja jabones de olor, 1 idem cartulina.;;Clara;;;vapor;1872_01_26;Santiago de Cuba;;
;;N/A:  | N/A:  | N/A: ;;;Serra;pat.;;;;;De idem gol. Trinidad, pat. Serra, con 8000 piés de maleza, 1000 garrafones aufsado, 25 calas azúcar.;;Trinidad;;;gol.;1872_01_26;idem;;
;;N/A:  | N/A:  | N/A:  | N/A:  | N/A:  | N/A:  | N/A: ;;;Santo Domingo;p.;;;;;De Sterra Morena gel. Brillante, p. Santo Domingo, con 20 palos nadeta dura, 113 atravesaños, 3 ejes de carreta, 2 ruedas y una cama de idem, 4 baules, 2 cajitas rapadura.;;Brillante;;;gel.;1872_01_26;Sterra Morena;;
;;N/A: ;;;Fariña;pat.;;;;;Do idem gol. Anita. pat. Fariña, cou 200 cajas azúcar.;;Anita;;;gol.;1872_01_26;idem;;
;;N/A: ;;;Ferrer;pat.;;;;;De la Teja gol. Sofia, pat. Ferrer, con 1000 sacos carlion.;;Sofia;;;gol.;1872_01_26;la Teja;;
;;N/A:  | N/A:  | N/A: ;;;Cobas;pat.;;;;;Do Eatauzas gol. Emilio, pat. Cobas, con 700 cajas y 63 bocoyes de azúcar, 100 arrobas tasajo.;;Emilio;;;gol.;1872_01_26;Eatauzas;;
;;N/A:  | N/A:  | N/A: ;;;Juan;pat.;;;;;De Cárdenas gol. Nueva Rosita, pat, Juan, con 500 cajas y 54 bocovei de azúcar y un ajuar de casa usado.;;Nueva Rosita;;;gol.;1872_01_26;Cárdenas;;
;;N/A: ;;;Badaró;pat.;;;;;De idem got. Victoria, pat. Badaró, con 540 cajas do a– zúcar.;;Victoria;;;got.;1872_01_26;idem;;
;;N/A:  | N/A:  | N/A:  | N/A:  | N/A:  | N/A:  | N/A:  | N/A: ;;;Saaso;pat.;;;;;Do idea gol. Maria, pat. Cudillero, con 300 cajas y 70 bocoyes de azúcar, 13 enartorolas miel do purga, 30 pipas aguardiente, 3 cajas quesos. 1 idem añil. De Canasi gol. Correo de Canasi, pat. Saaso, con 204 caas do azúcar y 83 fanegas maiz.;;Correo de Canasi;;;gol.;1872_01_26;Canasi;;
;;N/A: ;;;Barrera;pat.;;;;;Deidem borg. gol. Andstad, pat. Barrera, con 830 caJas de azúcar.;;Andstad;;;borg.;1872_01_26;Deidem;;
;;N/A: ;;;Vázquez;pat.;;;;;De idem gol. Joaquina, pat. Vázquez, cɔn 600 cajas de azńcar.;;Joaquina;;;gol.;1872_01_26;idem;;
;;N/A:  | N/A:  | N/A: ;;;Macip;pat.;;;;;De Santa Cruz balandro Nuevo Hilario, pat. Macip. Con 95 cajas de ar car, 30 sacos maiz y 4 caarterolas miel de abejas. De Rio Blanco gol. Catalina, pat. Amengual, con 250 stacal, 100 varos mazos para carretas, 50 atravesaños, 40 irantes, 35 yagos. 16 canias de carretas, 9 horcones. Del Mariel gol, Quintina, pat. Lopez, con 320 cajas de azúcar. 32 saros lana de miragnano, 8 arrobas cera y 5 Cuarterolas miel de . abejas De idem gol. Viceuta, pat. Feliú, con 100 cajas azúcar 40 pipas aguardiente. De Cages de Barlovento vivero Ligera, pat. Rojo, con 500 pescados vivos, De Cardenased. Nuestra Señora del Cärmen, pat. Nuiz, cou 510 cajes azúcar. De idem ged. Juanita, pat. Bosch, con 600 cajas de azúcar. Del Rio de la Palma balandro Antoñica, pat. Torres, -on 600 sacos cavbu.;;Nuevo Hilario;;;balandro;1872_01_26;Santa Cruz;;
;;N/A:  | N/A: ;;;Roselló;pat.;;;;;Do hlem gol. Jóven Gertrudis, pat. Roselló, con 150 ca jas y 100 bocoyes de azúcar.;;Jóven Gertrudis;;;gol.;1872_01_26;hlem;;
;;N/A: ;;;Cuevas;pat.;;;;;De idma gol. Inés, pat. Cuevas, Son 1990 garralonge de;;Inés;;;gol.;1872_01_26;idma;;
;;;;;;;;;;;De Manzanillo pailebot Ntra. Sra. de la Caridad del;;Ntra. Sra. de la Caridad;;;pailebot;1872_01_27;Manzanillo;;
;;N/A: ;;;Lopez;pat.;;;;;De Sierra Morena goleta Amalia. pat. Lopez,-114 tosas madera.;;Amalia;;;goleta;1872_01_27;Sierra Morena;;
;;N/A:  | N/A: ;;;Leal;pat.;;;;;De idem goleta América, pat. Leal,-300 c. y 25 beys. zúcar, sacos carbon.;;América;;;goleta;1872_01_27;idem;;
;;;;;Gispert;pat.;;;;;De Rin de la Palma goleta Dos de Mayo, pat. Gispert,;;Dos de Mayo;;;goleta;1872_01_27;Rin de la Palma;;
;;N/A:  | N/A: ;;;Juan;pat.;;;;;De Cárdenas goleta Generala, pat. Juan,-355 c. y 14 beys, azúcar, 1 ajuar de casa usado.;;Generala;;;goleta;1872_01_27;Cárdenas;;
;;N/A: ;;;Martin;pat.;;;;;De idem goleta Guacamaya, pat. Martin.-640 c. azúvar.;;Guacamaya;;;goleta;1872_01_27;idem;;
;;N/A: ;;;Colomar;pat.;;;;;De Canasi goleta Lola Marina, pat. Colomar,-100 bocoves miel de purga.;;Lola Marina;;;goleta;1872_01_27;Canasi;;
;;N/A: ;;;Lopez;pat.;;;;;De Cabañas goleta Caballo Marino, pat. Lopez,-310 c.;;Caballo Marino;;;goleta;1872_01_27;Cabañas;;
;;;;;Torres;pat.;;;;;De Cayos de Barlovento vivero Esperanza, pat. Torres,;;Esperanza;;;vivero;1872_01_27;Cayos de Barlovento;;
;;N/A: ;;;Braque;pat.;;;;;De Cayos de Sotavento vivero Segunda Polonia, patron Braque-500 pescados vivos.;;Segunda Polonia;;;vivero;1872_01_27;Cayos de Sotavento;;
;;N/A: ;;;Carvet;pat.;;;;;De Bahia Honda goleta Mercedita, pat. Carvet,-204 c. azúcar. De Jaraco bote Ntra. Sra. del Carmen, pat. Duran,132 c. azúcar.;;Mercedita;;;goleta;1872_01_27;Bahia Honda;;
;;N/A: ;;;Ros.;pat.;;;;;De la Teja goléta Manuela de Sagua, pat. Ros.-800 Bacos carbon.;;Manuela;;;goléta;1872_01_27;Teja;;
Día null:;;N/A: ;;;Belfat;pat.;;;;;De Matanzas gol. Amalia, pat. Belfat: 760 cajas azúar.;;Amalia;;;gol.;1872_01_28;Matanzas;;
;;N/A:  | N/A:  | N/A:  | N/A:  | N/A:  | N/A:  | N/A:  | N/A: ;;;Flujal;pat.;;;;;De Bajas gol. Jesefa, pat. Flujal: 2000 pié madera de redro, 115 caballos leña. 112 sacos carbon, 30 juegos de arreta. 30 arrobas cera, 5 barriles miel de abejas, cueal pelo, 1 pieza majagua.;;Jesefa;;;gol.;1872_01_28;Bajas;;
;;N/A:  | N/A:  | N/A:  | N/A:  | N/A:  | N/A:  | N/A:  | N/A:  | N/A:  | N/A:  | N/A:  | N/A: ;;;Almansa;pat.;;;;;"De la Teja gal. Josefa, pat. Almansa; 600 sacos carbon. ""De Matanzas god. Margarita, pat. Carbonell; 10000 larillos, 50 lates almendras, 50 pipas aguardiente. 1 seron era. A sacos piunientes, 200 cajas azúcar, 2 cascos efectos. 13 har, vino, 25 tercios suela y baqueta.";;Josefa;;;gal.;1872_01_28;la Teja;;
;;N/A:  | N/A:  | N/A:  | N/A:  | N/A:  | N/A:  | N/A:  | N/A:  | N/A:  | N/A: ;;;Alvarez;pat.;;;;;"Delas Tanas gol"" Natividad, pat. Alvarez, can 200 pi pas aguardiente, 200 paquetes con sus fondos, 175 cuero al pelo, 100 bar. clavos. 230 serones vacíos, 7 cajitas azú car, 5 piezas hierro. 4 cajas efectos de cocina, l'bocoy cobre viejo, Ilio barras de catre..";;Natividad;;;gol;1872_01_30;Tanas;;
;;N/A: ;;;Segui;pat.;;;;;De Mantua gol. Fénix, pat. Segui, con 1000 sacos car hion.;;Fénix;;;gol.;1872_01_30;Mantua;;
;;N/A: ;;;Perez;pat.;;;;;De Hinjal gol. Justica. pat. Perez, con 61 boc. masca barb;;Justica.;;;gol.;1872_01_30;Hinjal;;
;;N/A: ;;;Bernaza;pat.;;;;;De Hinojal gol. Potosi. pat. Bernaza, con 700 sacos de carbon.;;Potosi;;;gol.;1872_01_30;Hinojal;;
;;N/A:  | N/A: ;;;Rodriguez;pat.;;;;;De Malata gol. Teresita. pat. Rodriguez, con 300 varas madera y 300 sacos carbon.;;Teresita;;;gol.;1872_01_30;Malata;;
;;N/A: ;;;Anglada;pat.;;;;;De Mulata gol. Santa Ana, pat. Anglada, con C00 sacos carbon.;;Santa Ana;;;gol.;1872_01_30;Mulata;;
;;N/A: ;;;Cobas;pat.;;;;;De Ortigosa gol. N. S. del Cármen, pat. Cobas. con 120 cajas azúcar.;;N. S. del Cármen;;;gol.;1872_01_30;Ortigosa;;
;;N/A: ;;;Perera;pat.;;;;;De Bahia Honda gol. Bonifacia. pat. Perera, con 180 c azúcar.;;Bonifacia;;;gol.;1872_01_30;Bahia Honda;;
;;N/A:  | N/A: ;;;Cervera;pat.;;;;;De Cabañas gol. Maria. pat. Cervera, con 230 cajas a cary 148 pipas aguardiente.;;Maria;;;gol.;1872_01_30;Cabañas;;
;;N/A: ;;;Felid;pat.;;;;;Del Mariel gol. Vicent, pat. Felid, cou 240 cajas de a zúcar.;;Vicent;;;gol.;1872_01_30;Mariel;;
;;N/A:  | N/A: ;;;Vilasuso;pat.;;;;;Del Mariel gel. Conchita, pat. Vilasuso, con 360 cajas azúcar y 309 cortes de caja.;;Conchita;;;gel.;1872_01_30;Mariel;;
;;N/A: ;;;Lopez;pat.;;;;;De idem gol. Quintina, pat. Lopez, con 329 cajas de azúc.;;Quintina;;;gol.;1872_01_30;idem;;
;;N/A: ;;;Pavía;pat.;;;;;De Cárdenas gol. General la Mar, pat. Pavía, con 3st cajas azúcar.;;General la Mar;;;gol.;1872_01_30;Cárdenas;;
;;N/A: ;;;Badaró;pat.;;;;;De Cárdenas gol. Victoria, pat. Badaró, con 530 cajas azúcar;;Victoria;;;gol.;1872_01_30;Cárdenas;;
;;N/A:  | N/A: ;;;Herrera;pat.;;;;;De Cárdenas god. Mercedita, pat. Herrera, con 350 cajas y 10 e. azúcar;;Mercedita;;;god.;1872_01_30;Cárdenas;;
;;N/A: ;;;Dardet;pat.;;;;;De Cárdenas gel. Rosita, pat. Dardet, con 500 cajas de azúcar.;;Rosita;;;gel.;1872_01_30;Cárdenas;;
;;N/A: ;;;Nuñez;pat.;;;;;De Cárdenasg. N. S. del Carmen, pat. Nuñez, con 510 cajas azúcar,;;N. S. del Carmen;;;;1872_01_30;Cárdenasg.;;
;;N/A: ;;;Fariñas;pat.;;;;;De Cárdenas. Anita. pat. Fariñas, con 500 cajas de azúcar.;;Anita;;;;1872_01_30;Cárdenas;;
;;N/A:  | N/A: ;;;Llorea;pat.;;;;;Be Matanzas god. D: Maria, pat. Llorea, con 1400 cortes de envases y unos muebles usadlos.;;D: Maria;;;god.;1872_01_30;Matanzas;;
;;N/A:  | N/A:  | N/A:  | N/A:  | N/A:  | N/A:  | N/A:  | N/A:  | N/A:  | N/A:  | N/A:  | N/A:  | N/A:  | N/A:  | N/A: ;;;Arria ga;cap.;;;;;De Santiago de Cuba y escalasyapor Cuba, cap. Arria ga, con 133 cueros, 55 sacos y 70 bar. café, 20 serones cocos, as cacao, 6 bar. aceite de coco, 2 lina stela, 20y 1 fardo ropa, 1 caja cuadros, 1 piano, 1 lio sacos, 1 caja quincalla, Iidem con 1 romana, I baul ropa usada, 1 mi Lt. 1 caballo.;;Arria ga;;;;1872_01_30;Santiago de Cuba;;
;;N/A:  | N/A:  | N/A:  | N/A:  | N/A:  | N/A: ;;;Llovet;cap.;;;;;De Santiago de Cuba y escalas vapor Moctezuma, cap. Llovet, con 303 eneros al pelo. 6 barriles scho. 3 baules, 1 caja peleteria, 1 idem sardinas, 1 idem papeles.;;Moctezuma;;;vapor;1872_01_30;Santiago de Cuba;;
;;N/A: ;;;Bonet;cap.;;;;;De Cienfuegos pl. Diligencia, cap. Bonet, con 75 bary;;Diligencia;;;pl.;1872_01_30;Cienfuegos;;
;;N/A:  | N/A:  | N/A:  | N/A:  | N/A:  | N/A:  | N/A:  | N/A:  | N/A:  | N/A:  | N/A:  | N/A:  | N/A:  | N/A: ;;;Alemañy;pat.;;;;;De Cárdenas gul. Panchita. pat. Alemañy, con 15000 piés tabla. 749 gar. Holanda. 146 cajas azúcar, 100 sacos garbanzos, 41 idem avena. 11 cajas ostiones, 31 har. anisado, 17 sacos pimenton. 10 bar. 6 tere. inlel de abejas, 14 pacas heno, 8 cajas quesos, 6 cajas y 4 boe. jamuones, 1 caja huevas de lisa. 1 lem salchichon.;;Panchita;;;gul.;1872_01_30;Cárdenas;;
;;N/A: ;;;Canto;pat.;;;;;De Sierra Morena gol. Autobica. pat. Canto, con 310 ca jas azúcar.;;Autobica;;;gol.;1872_01_30;Sierra Morena;;
;;N/A:  | N/A:  | N/A: ;;;Inclan;pat.;;;;;De Cabañas gol. Josefa, pat. Inclan, cou 330 cajas y 30 boc. azúcar, 100 fanegas maiz.;;Josefa;;;gol.;1872_01_30;Cabañas;;
;;N/A:  | N/A:  | N/A:  | N/A: ;;;Visquerra;p.;;;;;De Matanzas g. Dos Hermanas, p. Visquerra, con 500 cajas y CO bocoyes azúcar, 22 tercerolas miel de purga 600 garrafones anisado.;;Dos Hermanas;;;g.;1872_02_02;Matanzas;;
;;N/A:  | N/A:  | N/A: ;;;Macip;p.;;;;;De Santa Cruz g. Maria del Rosario, p. Macip, con 12□ cajas y 52 bocoyos azúcar y 4 cerdos.;;Maria del Rosario;;;g.;1872_02_02;Santa Cruz;;
;;N/A:  | N/A: ;;;Durán;p.;;;;;De Baracoa g. Dolorita. p. Durán, con 70 bocoyes miel concentrada y 13 cuarterolas miel de abejas.;;Dolorita;;;g.;1872_02_02;Baracoa;;
;;N/A:  | N/A:  | N/A:  | N/A:  | N/A:  | N/A: ;;;Garreton;cap.;;;;;De Cárdenas vapor Cárdenas, cap. Garreton, con 1.350 6ajas de azúcar, 12 tercios cneros curtidos, 5 cajas tabaco. 3 cajas conservas, 2 cajas maiz y 1 caja petacas.;;Cárdenas;;;vapor;1872_02_02;Cárdenas;;
;;N/A:  | N/A:  | N/A:  | N/A:  | N/A:  | N/A: ;;;Villamil;cap.;;;;;De Santiago de Cuba y escalas vapor Pofayo, cap. Villamil, con 201 sacos café, 72 cueros al pelo, 40 sacos cacao, 6 barriles aceito de coco, 1 cajita cucharas de hierro y 1 barril miel de abejas.;;Pofayo;;;vapor;1872_02_02;Santiago de Cuba;;
;;N/A:  | N/A:  | N/A:  | N/A: ;;;Pellicer;pat.;;;;;"De Nuevitas gol. Dichosa, pat. Pellicer; 742 cueros a pelo, 195 esteras guano, 20 cajas coñao y 4 cascos sabo";;Dichosa;;;gol.;1872_02_04;Nuevitas;;
;;N/A:  | N/A: ;;;Gorrin;pat.;;;;;De Bahia Honda gol. Carmita, 'pat. Gorrin: 366 cajas azúcar y 1 caja cobre viejo.;;Carmita;;;gol.;1872_02_04;Bahia Honda;;
;;N/A:  | N/A: ;;;Rodriguez;pat.;;;;;"De Cabafias gol. Cefiro, pat. Rodriguez; 230 cajas y 43 boroyes azúcar.";;Cefiro;;;gol.;1872_02_04;Cabafias;;
;;N/A:  | N/A:  | N/A: ;;;Subirat;pat.;;;;;"De Moron gol. Paquete de Moron, pat. Subirat; 200 ca ballos leña, 130 cueros al pelo y 16 ar. cera";;Paquete de Moron;;;gol.;1872_02_04;Moron;;
Día 01:;;N/A:  | N/A:  | N/A: ;;;Arocha;pat.;;;;;Del Mariel gol. Manuela, pat. Arocha: 320 cajas azúcar 3 cajas cera y 1 cala con un escaparate.;;Manuela;;;gol.;1872_02_04;Mariel;;
;;N/A:  | N/A: ;;;Feliú;pat.;;;;;"Del Mariel gol. Vicenta, pat. Feliú; 140 cajas azúcar y 30 pipas aguardiente.";;Vicenta;;;gol.;1872_02_04;Mariel;;
;;N/A:  | N/A:  | N/A:  | N/A:  | N/A:  | N/A:  | N/A:  | N/A: ;;;Lopes;pat.;;;;;"De Carahatas gol. Tres Hermanas, pat. Lopes; 190 pa los de carreta, 140 tendidos sogas, 30 cajas azúcar, 1 boco y 1 caja cobro viejo, 1 campana, 1 fardo ropa, 1 barril cf garros.";;Tres Hermanas;;;gol.;1872_02_04;Carahatas;;
;;N/A:  | N/A: ;;;Amaya;pat.;;;;;"De Dominica gol. Isabelita, pat. Amaya; 150 cajas azúcary 12 carneros";;Isabelita;;;gol.;1872_02_04;Dominica;;
;;N/A: ;;;Cabrera;pat.;;;;;"De Sierra Morena gol. Maria, pat. Cabrera; 500 caja azúcar.";;Maria;;;gol.;1872_02_04;Sierra Morena;;
;;N/A: ;;;Ferrer;pat.;;;;;"De Baracoa bote Cecilia Manuela, pat. Ferrer; 32 bocoyes miel do purga.";;Cecilia Manuela;;;bote;1872_02_04;Baracoa;;
;;N/A: ;;;Pujol;pat.;;;;;"De Cárdenas gol. Clio, pat: Pujol; 500 cajas azúcar.";;Clio;;;gol.;1872_02_04;Cárdenas;;
;;N/A:  | N/A: ;;;Juan;pat.;;;;;"De Cárdenas gol. Nueva Rosita, pat. Juan; 510 cajas; 30 bocores azúcar";;Nueva Rosita;;;gol.;1872_02_04;Cárdenas;;
;;N/A:  | N/A:  | N/A:  | N/A:  | N/A:  | N/A:  | N/A: ;;;Cabrera;pat.;;;;;Do Sierra Morena gol. Seis Manuelas, pat. Cabrera: 880 cajas azúcar, 23 pipas aguardiente, 12 trozos para yugos. 12 caballos lefia, 10 timones de yugos, 4 cajas efectos y 2 bocoyes carbon.;;Seis Manuelas;;;gol.;1872_02_04;Sierra Morena;;
;;N/A: ;;;Vazquez;pat.;;;;;"De Cardenas gol. Joaquina, pat. Vazquez; 500 cajas a zúcar";;Joaquina;;;gol.;1872_02_04;Cardenas;;
Día XX:;;N/A: ;;;Rajas;pat.;;;;;De la Teja gol. Castilla, pat. Rajas: 500 cajas azúcar;;Castilla;;;gol.;1872_02_04;la Teja;;
;;N/A: ;;;Martin;pat.;;;;;"De Cárdenas gol. Maria Josefa, pat. Martin; 700 caja azúcar";;Maria Josefa;;;gol.;1872_02_04;Cárdenas;;
;;N/A:  | N/A:  | N/A: ;;;Cudillero;pat.;;;;;De Matanzas gol. Maria. pat: Cudillero: 500 cajas azúrar 31 bocoxes courentrado y 1 escritorio.;;Maria;;;gol.;1872_02_04;Matanzas;;
;;N/A: ;;;Bosch;pat.;;;;;"De Cárdenas gol. Juanita, pat. Bosch; 600 cajas' azúcar";;Juanita;;;gol.;1872_02_04;Cárdenas;;
;;N/A: ;;;Martorell;pt.;;;;;"De Cárdenas gol. Adela, pt. Martorell; 600 cajas azúcar";;Adela;;;gol.;1872_02_04;Cárdenas;;
;;N/A: ;;;Roselló;pat.;;;;;"Do Cárdenas gol. Jóven Gertrúdia, pat. Roselló; 416 ca Jay 10 boooyes azúcar.";;Jóven Gertrúdia;;;gol.;1872_02_04;Cárdenas;;
;;N/A: ;;;Tortella;pat.;;;;;"Do Cárdenas gol. Araucana, pat. Tortella; 410 cajas a zúcar.";;Araucana;;;gol.;1872_02_04;Cárdenas;;
;;N/A:  | N/A: ;;;Perelló;pat.;;;;;"De Cárdenas gol. Tres Marias, pat. Perelló; 400 cajas ■ 30 bocores azúcar.";;Tres Marias;;;gol.;1872_02_04;Cárdenas;;
;;N/A: ;;;Cobas;pat.;;;;;Do Matanzas gol. Emilio, pat. Cobas: 900 cajaa articar;;Emilio;;;gol.;1872_02_04;Matanzas;;
;;N/A: ;;;Colomar;pat.;;;;;De Canal gol. Lola Marina, pat. Colomar, 500 fanegan maiz..;;Lola Marina;;;gol.;1872_02_04;Canal;;
;;N/A:  | N/A:  | N/A: ;;;Viera;pat.;;;;;"De Jaruco gol. Jaruqueña, pat. Viera; 100 cajas astcar 41 pipas aguardiente, 20,bocoyes vacios 15'sacos frijoles";;Jaruqueña;;;gol.;1872_02_04;Jaruco;;
;;N/A: ;;;Durán;pat.;;;;;"De Malas Aguas gol. Fernandita, pat. Durán; 500 qq.";;Fernandita;;;gol.;1872_02_04;Malas Aguas;;
Día 01:;;N/A: ;;;Febrer;pat.;;;;;De Mantua goleta Neptuno, pat. Febrer: 700 sacos carbon.;;Neptuno;;;goleta;1872_02_06;Mantua;;
;;N/A: ;;;Villa;pat.;;;;;Del Morrillo gol. Feliz, pat. Villa: 56 bocoyes mascabailo.;;Feliz;;;gol.;1872_02_06;Morrillo;;
;;N/A:  | N/A: ;;;Suero;pat.;;;;;"De la Mulata gol. Especulacion. pat. Suero: 000 sacos carbon. ""Del Mariel gel. Quintana, patron Lopez, 323 cajas nzúcar.";;Especulacion;;;gol.;1872_02_06;Mulata;;
Día null:;;N/A:  | N/A:  | N/A: ;;;Vilasuso;pat.;;;;;De idem gol. Conchita pat. Vilasuso: 360 cajas azúcar, 200 cortes de caja, 7 cuarterolas miel de abejas.;;Conchita;;;gol.;1872_02_06;idem;;
;;N/A:  | N/A:  | N/A:  | N/A: ;;;Vega;cap.;;;;;De Caibarien y Sagua la Grande vap. Nuevo Almendares, cap. Vega. 20 tercios tabaco, 10 los jarcia, 4 scrones esponjas, bocoyes maiz,;;Nuevo Almendares;;;vap.;1872_02_06;Caibarien y Sagua la Grande;;
Día 01:;;N/A:  | N/A: ;;;Badaró;pat.;;;;;De Cardenas goleta Victoria, pat. Badaró: 450 c. y 30boeyes azúcar.;;Victoria;;;goleta;1872_02_06;Cardenas;;
Día null:;;N/A: ;;;Duran;pat.;;;;;De Janco bote N. S. del Carmen, pat. Duran: 132 cajas azúcar.;;N. S. del Carmen;;;bote;1872_02_06;Janco;;
Día XX:;;N/A: ;;;Deulofeu;pat.;;;;;De Cabañas gol. N. S. del Carmen, pat. Deulofeu: 350v. azúcar.;;N. S. del Carmen;;;gol.;1872_02_06;Cabañas;;
;;N/A:  | N/A: ;;;Rios;pat.;;;;;De Sagna la Grande lancha Joven Loecadia, pat. Rios, 100 arabos, 71 estacas madera.;;Joven Loecadia;;;lancha;1872_02_06;Sagna la Grande;;
;;N/A: ;;;Barrera;pat.;;;;;De Cardenas berg. Amistad, pat. Barrera. 650 cajas azúcar.;;Amistad;;;berg.;1872_02_06;Cardenas;;
;;N/A:  | N/A: ;;;Macip;p.;;;;;De Santa Craz gol. Maria del Rosario, p. Macip. 75 bocoves y 50 c. azúcar.;;Maria del Rosario;;;gol.;1872_02_06;Santa Craz;;
;;N/A:  | N/A:  | N/A:  | N/A:  | N/A: ;;;Macip;pat.;;;;;De Santa Cruz balandro Nvo Hilario, pat. Macip: 50 c. azúcar. 30. maiz, 20 cerdos, 18 s. frijoles, 12 cuarterolas miel de abejas.;;Nvo Hilario;;;balandro;1872_02_06;Santa Cruz;;
;;N/A: ;;;Nuñez;pat.;;;;;De Cárdenas gol. N.S. del Carmen, pat. Nuñez, 510 c. azúcar.;;N.S. del Carmen;;;gol.;1872_02_06;Cárdenas;;
;;N/A: ;;;Bosch;pat.;;;;;De idem goleta Juanita, patron Bosch: C00 cajas azúcar.;;Juanita;;;goleta;1872_02_06;idem;;
;;N/A: ;;;Marrero;pat.;;;;;De Cayes de Sotavento vivero Pronto, pat. Marrero: 500 pescados vives;;Pronto;;;vivero;1872_02_06;Cayes de Sotavento;;
Día :;;N/A: ;;;Toledo;pat.;;;;;De la Teja goleta San José, pat. Toledo: 800 varas madeta.;;San José;;;goleta;1872_02_06;Teja;;
;;N/A:  | N/A:  | N/A: ;;;Gonzalez;p.;;;;;De S. Morena g. Sofia, p. Gonzalez: 500 c. azúcar, 20 s. rarken. 1 c. mamimaria.;;Sofia;;;g.;1872_02_06;S. Morena;;
;;N/A:  | N/A:  | N/A: ;;;Bernaz;p.;;;;;De Nite citas berg. . Segunda Cantinera, p. Bernaz Generos. 117 caballos majaga, 85 reses, 23 tercerola;;Segunda Cantinera;;;berg.;1872_02_07;Nite;;
;;N/A: ;;;Ricoy;pat.;;;;;De Carahatas gol. Victoria. patron Ricoy: 60 saco Carbon.;;Victoria;;;gol.;1872_02_07;Carahatas;;
;;N/A: ;;;Rivas;pat.;;;;;De la Teja goleta Júcare, patron Rivas: 760 sacos car bon.;;Júcare;;;goleta;1872_02_07;Teja;;
;;N/A: ;;;Garriga;pat.;;;;;De Rio de la Palma goleta Isabelita. pat. Garriga, 60;;Isabelita;;;goleta;1872_02_07;Rio de la Palma;;
;;N/A: ;;;Oterik;pat.;;;;;De Rio de la Palma go. Margarita, pat. Oterik 699 × cat bon.;;Margarita;;;go.;1872_02_07;Rio de la Palma;;
;;N/A: ;;;Fariñas;patrón;;;;;De Cárdenas goleta Anita. patron Fariñas, 699 caja azúcar.;;Anita;;;goleta;1872_02_07;Cárdenas;;
;;N/A: ;;;Piñeiro;p.;;;;;De San Cayetan god. Eugenia, p. Piñeiro, 11ey 4 bocoyes azúcar.;;Eugenia;;;god.;1872_02_07;San Cayetan;;
;;N/A:  | N/A: ;;;;;;;;;De Cabaña Josefa. p. Inclair 30 c. y 16 bocaye sant;;Inclair;;;p.;1872_02_07;Cabaña;;
;;N/A: ;;;Lopez;p.;;;;;De idem goleta Caballo Marino, p. Lopez: 190 e. azúca;;Caballo Marino;;;goleta;1872_02_07;idem;;
;;N/A:  | N/A:  | N/A: ;;;Rodriguez;p.;;;;;De S. Morena god. Dos Amiga, p. Rodriguez: 239 cajas azúcar, 3 bocoyes miel concentrada, 20 pp. aguardiente;;Dos Amiga;;;god.;1872_02_07;S. Morena;;
;;N/A: ;;;Ferrer;p.;;;;;De Banes bote Cecilia Manuela, p. Ferrer, 32 bocnyes mascabado.;;Cecilia Manuela;;;bote;1872_02_07;Banes;;
;;N/A: ;;;Virella;p.;;;;;De Sierra Morena g. Matilde, p. Virella, 1500 varas maerasel pais;;Matilde;;;g.;1872_02_08;Sierra Morena;;
;;N/A:  | N/A: ;;;Leal;p.;;;;;De Sierra Morena g. América, p. Leal, 350 c. azúcar y 1aul de vidrios.;;América;;;g.;1872_02_08;Sierra Morena;;
;;N/A: ;;;Villalonga;p.;;;;;De Sierra Morena g. Teresita, p. Villalonga, 600 sacos carben.;;Teresita;;;g.;1872_02_08;Sierra Morena;;
;;N/A:  | N/A:  | N/A: ;;;Coyula;p.;;;;;De la Teja g. Dos Sofas, p. Coyula, 300 c. azúcar, 100 travesaños y 10 bocoyes concentrado.;;Dos Sofas;;;g.;1872_02_08;la Teja;;
;;N/A: ;;;Martin;p.;;;;;De Cárdenas g. Guacamaya, p. Martin, 670 c. azńcar.;;Guacamaya;;;g.;1872_02_08;Cárdenas;;
;;N/A: ;;;Arcina;p.;;;;;De Mantua g. Maria. p. Arcina. 800 sacos carbon.;;Maria;;;g.;1872_02_08;Mantua;;
;;N/A:  | N/A: ;;;Kodriguez;p.;;;;;De Cabañas g. C6fira, p. Kodriguez, 370 c. azúcar y 40 Tanegas maiz De Caibarien g. Niña, p. Selles, 112 reses y 16 caballos еña. Dela Teja g. Estrella, (á) Gorrion, p. Castillo, 600 saCos carbon. De Cárdenas g. Tres Teresas, p. Enseñat, 510 cajas y 30 Socoyes azúcar. De Jaruco bote Ntra. Sra. del Cármen, p. Duran, 49 enarts, miel de abejas. De Mantua g. Segunda Rosa, p. Vives, 1000 sacos carJon.;;C6fira;;;g.;1872_02_08;Cabañas;;
;;N/A: ;;;;;;;;;De Mantuag. Cuba, p. Belico, GOO sacos carbon;Cuba;Belico;;;p.;1872_02_08;Mantuag;;
;;N/A: ;;;Marrero;Jp.;;;;;De Cayos de Barlovento vivero Vencedor,Jp. Marrero, 00 pescados vivos.;;Vencedor;;;vivero;1872_02_08;Cayos de Barlovento;;
;;;;;;;;;;;De Mayari. Expreso de Gibara, p. Paz, 217 sacos car on, 135 caballos teña y 85 garrafores tiel de abejas y 1 osa caoba. De Rio de la Palma g. Gallego, p. Galy, 100 saços car10:1. Del Cornjal g. Nukstra Senora del ('Armen, p. Dapice 100 sacos carbon. De Cárdenas g. Joaquins. p. Vazquez, 470 cajas y l Jocoyes azúcar y 12 sillas. De Cárdenas g. Jóven Pilar, p. Alemañy. 530 c. azúar. De Cárdenas g. Resita, p. Darder, 520 e. azúcar. De Cárdenasg. Altagracia. p. Seoane, 266 barriles haina. 100 e. tierra para fundieion, 12 barriles pescado, 1: marterolas infel de ablas, 5 c. vacias, 5 c. papel, 2 c. efec os, 1 c. ropa, 1 c. alcaparras y lo vaqueta.. De Camasi g. Sabas, p. Colomar, 272 6. azúcar y 100 fategas maiz. De Jaruco g. Cuatro Hermanas, p. Palmer, 102 c, azúar. 36 bocoyes vacíos y G pipas agdte. De Bahia Honda g. Bonifacla, p. Escandell, 183 c. azú ar. Del Mariel g. Vicenta, p. Feliú. 244 c. azúcar. De Banes g. Nuova Couclia, p. Padilla. 50 bocores masabado. Del Mariel g. Justica, p. Perez, 230 e. azúcar y 200 cor-es de caja. De Matanzas g. Amalia, p. Belfat. 700 e. pzúcar. 200 rencones. 50 teres miel do purga. De Cayes de Barlovento viv. Dolores, p. Casteleire, 505 escados vivos. De Nuevitas g. Emilia. p. Rivas, 393 zueros al pelo, 53 dem nommates, 30 caballus guano, 12 garrafones y media Ipa miel de abejas, 150 libras cera, 200 palos majagan, 913 abalas majagua y is reses vacunas. De Cárdenas vap. Cárdenas, cap. Garreton, 1700 e. azú ar, 6 c. espejos, 7 fios y 1 tercios carmaza. 4 tercio suela. terelos cieros, 1 c. latas conservas y 1 saco maíz.;;;;;;1872_02_09;;;
;;N/A:  | N/A: ;;;Alemany;p.;;;;;De Cárdenas g. Jóven Pilar. p. Alemany, 380 c. y 32;;Jóven Pilar.;;;g.;1872_02_09;Cárdenas;;
;;N/A:  | N/A:  | N/A: ;;;Pujol;p.;;;;;coyes azúcar. De Santa Cruz bal. Nuovo Hilario, p. Pujol, 100 c. azá ary 21 cerdos. Do Santiago de Cuba berg. Carlos, cap.firts, 3500 coces CCDs.;;Nuovo Hilario;;;bal.;1872_02_09;Santa Cruz;;
;;N/A:  | N/A:  | N/A: ;;;Inclan;p.;;;;;De Cañas g. dos fa, p. Inclan, 120 esjar, 26 bocayes azcary pipas aguardiente;;dos fa;;;g.;1872_02_11;Cañas;;
;;N/A: ;;;Torrado;p.;;;;;De Cayos de Barlovento vivero Matiana. p. Torrado. 500 pescades vivos;;Matiana;;;vivero;1872_02_11;Cayos de Barlovento;;
;;N/A:  | N/A:  | N/A:  | N/A:  | N/A:  | N/A:  | N/A:  | N/A: ;;;;;;;;;De Santiago de Cuba y escalas vapor Clara, esp. Le mus-103 sacos cafe, Gi sacos caca, 16 barriles sebo, fades sula. 2 sacs tajo, novillas, 1 caja y 1 saro ra bos de es, rapereria. I carriuje.;esp.;Clara;;;vapor;1872_02_13;Santiago de Cuba;;
;;N/A:  | N/A:  | N/A:  | N/A:  | N/A:  | N/A:  | N/A:  | N/A:  | N/A:  | N/A:  | N/A:  | N/A:  | N/A: ;;;Vega;cap.;;;;;De Caibarieny a la Grande vator Nuevo Almé dares, cap. Vega piezas da alambique. 17 bult muebles, caja libres, 1 tardo peineria. 2 gatrafones y barril melado, 1 tercerola cera. bocoyes the tere rola jainenés, 2e. quincalleria. 1 c. efectos, 1 tercerol azúcar barril aguardiente serones esponjas.;;Nuevo Almé;;;vator;1872_02_13;Caibarien;;
;;N/A:  | N/A:  | N/A: ;;;Sans-la;pat.;;;;;De Sagan la Grande y Cárdenas goleta Nueva Eng sia. pat. Sans-la decenas sogas majagua. 250 tiras it;;Nueva Eng;;;goleta;1872_02_13;Sagan la Grande y Cárdenas;;
;;;;;Basch-o;pat.;;;;;De Sierra Moressa geleta l'nion, pat. Basch-o e ja azer;;l'nion;;;geleta;1872_02_13;Sierra Moressa;;
;;N/A: ;;;Lopez;pat.;;;;;De Gansa gelet Amalia, pat. Lopez-300 cajas azú 1.;;Amalia;;;gelet;1872_02_13;Gansa;;
;;;;;Dobarro.ds;pat.;;;;;De la Teja leta dozen Magdalena, pat. Dobarro.ds, earl;;dozen;;;leta;1872_02_13;Teja;;
;;;;;Barrera;pet.;;;;;De idem reaala goleta Amistad. pet. Barrera—ć ■ e. azier.;;Amistad;;;goleta;1872_02_13;idem;;
Día 05:;05-05-YYYY;N/A: ;;;Herrera;pat.;;;;;De idem goleta Mercedita, pat. Herrera-5/05. y + boroyes azúcar.;;Mercedita;;;goleta;1872_02_13;idem;;
;;N/A:  | N/A: ;;;Martin-900;pat.;;;;;De Cardenas geleta Maria Josefa, pat. Martin-900 va ras madera, 100, azúcar.;;Maria Josefa;;;geleta;1872_02_13;Cardenas;;
;;;;;Nuñe;pat.;;;;;De idem goleta Ntra. Señora del Cármen, pat. Nuñe;;Ntra. Señora del Cármen;;;goleta;1872_02_13;idem;;
;;N/A: ;;;Fariña-0;pat.;;;;;De idem deia Anita, pat. Fariña-0 c. azúcar.;;Anita;;;;1872_02_13;idem deia;;
;;N/A: ;;;Chebas-460;pat.;;;;;De idém goleta Inés, pat. Chebas-460 c. aznear.;;Inés;;;goleta;1872_02_13;idém;;
;;N/A: ;;;;pat.;;;;;De idem gedeta inidad, pat. Serra-310e. azúcar.;;Serra-310e;;;gedeta;1872_02_13;idem;;
;;N/A:  | N/A: ;;;Perelló;pat.;;;;;De ide guleta Tres Marias, pat. Perelló-10 c. y 5 boroyes azúcar.;;Tres Marias;;;guleta;1872_02_13;ide;;
;;N/A:  | N/A:  | N/A:  | N/A: ;;;Visquerra40;pat.;;;;;De Matanzas geleta Das Hermanos, pat. Visquerra40 e. azúcar, stoyevs tercerolas miel de purga. c. chocolate, 1e, cabre vile.;;Das Hermanos;;;geleta;1872_02_13;Matanzas;;
;;N/A:  | N/A:  | N/A:  | N/A:  | N/A:  | N/A:  | N/A: ;;;Carnell-230;pat.;;;;;De ideen goleta Maria pat. Carnell-230 e. y s bacoyes azavar, tercios snela, 15 e, audillos, s serone. tasaje y banda, pps. vino, 4 c. relojes, terceriassa, tababardinas, 1 lio cajones. 1 nobi liario usado;;Maria;;;goleta;1872_02_13;ideen;;
;;N/A: ;;;Gortin-353;pat.;;;;;De Bali Honda gedeta Careita, pat. Gortin-353 azúcar,;;Careita;;;gedeta;1872_02_13;Bali Honda;;
;;N/A: ;;;Deulo;pat.;;;;;De Cabras galeta Ntta. a. del cimen, pat. Deulo fe-350 e. azúcar.;;Ntta.;;;galeta;1872_02_13;Cabras;;
;;N/A: ;;;Roignez;pat.;;;;;De idem leta Célire, pat. Roignez-320 cajas azú CHY.;;Célire;;;leta;1872_02_13;idem;;
;;N/A:  | N/A: ;;;Felin-11;pat.;;;;;De idem goleta Vicenta pat. Felin-11 c. azúcar y 30 pps, aguardiente.;;Vicenta;;;goleta;1872_02_13;idem;;
;;N/A: ;;;Amaya-159;pat.;;;;;De la Dominica golda Isabelita, pat. Amaya-159 e azúcar.;;Isabelita;;;golda;1872_02_13;Dominica;;
;;N/A:  | N/A: ;;;;;;;;;De Calbanien y Matanzas podeneganda Victoria, par Fernand --reist theo, et caballos leña. its ear rotis cera.;;Victoria;;;podeneganda;1872_02_13;Calbanien y Matanzas;;
;;;;;Saa-s;pat.;;;;;De Sierra Morenedeta Azasina pat. Saa-s carbon.;;carbon;;;Azasina;1872_02_13;Sierra Morenedeta;;
;;N/A: ;;;Martorell;p.;;;;;De Cárdenas geleta Adela. p. Martorell-to cajaazúcar,;;Adela;;;geleta;1872_02_13;Cárdenas;;
;;N/A: ;;;Lopez-11;pat.;;;;;De Cabañas goleta Caballo Masino, pat. Lopez-11 e azúcar;;Caballo Masino;;;goleta;1872_02_13;Cabañas;;
;;N/A: ;;;Duran;p.;;;;;De Bara goleta dorita. p. Duran-235 cajas azúcar.;;dorita;;;goleta;1872_02_13;Bara;;
;;N/A: ;;;Acaba;pat.;;;;;De Chats Marianita, pat. Acaba. 100 sc carbon.;;Marianita;;;;1872_02_14;Chats;;
;;;;;Orbag;pat.;;;;;De la Teja gel. Ceferina, pat. Orbag, geo bou.;;Ceferina;;;gel.;1872_02_14;la Teja;;
Día 01:;01-01-0001;;;;Sardiñas;pat.;;;;;De la Toja, Candia, pat. Sardiñas, .. 1.1.;;;;;Candia;1872_02_14;la Toja;;
;;;;;Rodriguez;;;;;;De Ti pod. Bapat Rodriguez to b..;;Bapat;;;pod.;1872_02_14;Ti;;
;;N/A: ;;;Cordero;pat.;;;;;Morena gol. Molestasiera, pat. Cordero, 523;;Molestasiera;;;gol.;1872_02_14;;;
;;;;;;;;;;;Del Mail g. Conchita p. Vilasuso: 2-0 cajes azúcar, 30 cortes de caja, 6 cuartérolas miel de abejas 1 molinó ara zúcar. Del Alariel goleta Vicenta, pat. Feliu, 247 cajas azáear. De Santiago de Cuba y escalas vapor Cuba, cap. Olia: 215 sesy 12 bariles café, 183 cueros, 141 tercios taaco, ces cacao, 12 barriles y 1 pp sebo, 30 serones aces, 2 barriles y e. conchas de carey 15 barriles limores, 1 caja y 1 fardo cera, 2 fardos suela, 1 caja efectos,. caja ball, I caja jabones. 1 caja ferreteria, 1 garafon ron, coche usado, 1 tina casabe y quesos, 1 cadulce, 1 cuja sombreros 1 caja impresos. De Cárdenas g. Jeaquina pai. Vazquez: 410 e. y 41 booyes azúcar. De idem berg. goleta Amistal, pat. Barrera: 640 cajas zúcar. De idem g. Joven Gertrudis, p. Roselló: 450 cajás y 60;;;;;;1872_02_17;;;
;;N/A: ;;;Nuficz;p.;;;;;es. azúcar. De idem gol. Nuestra Señora del Carmen, p. Nuficz: -10 e. azúcar. De idem gol. Victoria. pat. Badaró: 420 cajas y 20 booyes azúcar. Deidem g. Ties Teresas p. Euschat: 550 c. y 10 bocoes azúcar, Del Mariel gol. Quintina, pat. Lopez: 330 cajas azd-;es.;Nuestra Señora del Carmen;;;gol.;1872_02_17;idem;;
Día null:;;N/A: ;;;Tortella;pat.;;;;;De Cárdenas gol. Araneana, pat. Tortella: 400 cajas a zúcar.;;Araneana;;;gol.;1872_02_18;Cárdenas;;
;;N/A:  | N/A:  | N/A:  | N/A:  | N/A:  | N/A:  | N/A:  | N/A:  | N/A:  | N/A:  | N/A:  | N/A:  | N/A:  | N/A:  | N/A: ;;;Aleman;pat.;;;;;De Cardenas gol. Panchita, pat. Aleman: 15000 piés ta bl.a. Cooo ladrills, 3 gar. aleaparras, 20 calas azúca 110 sacos garbanzos, 100 latas almendras, 20 lios tablill 7 cajas frutas, lins suela y vaqueta. 6 cajas jamones. tercios cueros, los hornillas, 1 fardos vaqueta, 3 cala czas. 2 marquetas y un raco cera, 1 caseo hornillos vati nelles iad s;;Panchita;;;gol.;1872_02_18;Cardenas;;
;;N/A: ;;;Pujol;pat.;;;;;De Cárdenas gel. Clio, pat. Pujol: G cajas azúcar;;Clio;;;gel.;1872_02_18;Cárdenas;;
;;N/A:  | N/A: ;;;Ja;pat.;;;;;De Cárdenas gel. Generala, pat. Ja 100 cajas azúca y calas ciga;;Generala;;;gel.;1872_02_18;Cárdenas;;
;;N/A: ;;;Gurion;pat.;;;;;De Balia Honda gol. Cannita, pat. Gurion: 30 caje azúcar.;;Cannita;;;gol.;1872_02_18;Balia Honda;;
;;N/A:  | N/A: ;;;Rodriguez;pat.;;;;;De Cabañas gel. Céfire, pat. Rodriguez: 370 cajas y byes azúcar.;;Céfire;;;gel.;1872_02_18;Cabañas;;
;;N/A:  | N/A: ;;;López;pat.;;;;;De Cardenas gol. Caballo Marine: pat. López: 386 caja neary 16 pipas aguardiente;;Caballo Marine;;;gol.;1872_02_18;Cardenas;;
Día 01:;;N/A:  | N/A: ;;;Arocha;pat.;;;;;De Cabañasy Mariel gol. Manuela, pat. Arocha: 20 ejas y 30 hucoyes azúcar;;Manuela;;;gol.;1872_02_18;Cabañas;;
;;;;;;;;;;;". Nueva Concha, pat. Padilla: 260 cajas a Dees gel Carterelas miel de pura De Pete Cecilia Manuela, pat. Ferrer: 26 bocaye silencerada. De-Baracoa gol. Delorita, pat. Durán; fes eajasy 31 oyes azúcar, 12 pipas aguardiente. De Matanzas gol. Elvira, pat. Rodriguez: 3009 arroba asajo, 1 cajas azúcar. Glar. vino, 36 bocayes concen rado, 16 tercerolas rebo, 10 idem miel, 5 cajas aceite. ar, cerveza, 7 llos y 1 bocny cobre viejo, 6 serones lisas cajas cera. De Matanzas gd. Providencia, pat. Prats: 300 paquete ablilla. 35 caballos leña. 6 palos madera labrada De Canasi gol. Correo de Cauast, pat. Suaso; 214 cajas zúcar, 100 finegas maiz. Cadeans gel. Lola Marina, pat. Colomar; 250 c. azúcar";;;;;;1872_02_18;;;
;;N/A:  | N/A:  | N/A:  | N/A:  | N/A:  | N/A:  | N/A:  | N/A:  | N/A:  | N/A:  | N/A:  | N/A:  | N/A: ;;;Macip;pat.;;;;;"10 fanegas mait De Santa Craz gol. Maria del Rosario, pat. Macip: 200 ajas uztear, 30 coves idem y 30 ar. cera Bygd. felix. pat. Villa: 56 menyes maseaal. beera Motean gol. Saila, pat. Gonzalez: 500 cajas De Banco gel. Catalina. pat. Amengual: 60 palos tecies tabaco, 19 garrafones miel de abejas, & arrobas ea Bel Morrillo go), Carmita, pat. Pacheco; 716 varas maera. 250 caballos leña y 180 sacos carbon. De Jaruco bote Nuestra Señora del Carmen, pa. Duran 50 cajas azúcar Bel Hinojal gol Justica, pat. Perez; 57 bocoyes masca ado. 7 pipas asnaliente De Cardenas gel. Jesela, pat. Martin; 660 cajas azúcar, Lenarterola el de abejas.";;Maria del Rosario;;;gol.;1872_02_18;Santa Craz;;
;;N/A:  | N/A:  | N/A:  | N/A:  | N/A:  | N/A:  | N/A:  | N/A:  | N/A:  | N/A:  | N/A:  | N/A:  | N/A:  | N/A:  | N/A: ;;;Ved;cap.;;;;;De Caibarien y Sagua la Grande vapor Nuevo Almen daves, cap. Ved: 99 fereins tabaco, 64 bultos muebles us sades, 22 maquetas y 1 caja cera, 20 bankes equipaje, 19 cajones carabines y fusiles, 9 series esponjas, 4 cajas y 2 fardos ropa. canastos aves, 2 lios carme, barriles y ་ saco viandas. 1 bath calzado, 1 barril aguardiente, 1 cajita raspada.;;Nuevo Almen;;;vapor;1872_02_20;Caibarien y Sagua la Grande;;
;;N/A:  | N/A: ;;;Santo Doming;pat.;;;;;De Sierra Morena gol. Brillante. pat. Santo Doming 630 enja azúcar, 16 boroyes miel concentrada. I garrafees melalo.;;Brillante.;;;gol.;1872_02_20;Sierra Morena;;
;;N/A: ;;;Ferrer;pas;;;;;De la Te a gol, Magdalena, pas, Ferrer: 709 sacos car bon.;;Magdalena;;;gol;1872_02_20;la Te;;
;;N/A: ;;;Malen;pat.;;;;;De Siguapa te Paquete de Sigaapa, pat. Malen: 10 caballes feia.;;Paquete de Sigaapa;;;te;1872_02_20;Siguapa;;
;;N/A:  | N/A:  | N/A:  | N/A:  | N/A:  | N/A:  | N/A: ;;;Fuentes;pat.;;;;;"De Matanzas god. Igra ita, pat. Fuentes; 1000 ar. tasa1,200 e jas y 10 bienyes azúcar, 50 bar. harina, 20 idem frijoles, 2 cajas y 1 lio cera.";;Igra;;;god.;1872_02_20;Matanzas;;
Día null:;;N/A:  | N/A:  | N/A:  | N/A: ;;;Torres;pat.;;;;;De Mantua Guanes gol. Trinidad, pat. Torres: 200 caballos leña, 13 tercios tabaco, o sacos picadura y l= cueros alglo.;;Trinidad;;;gol.;1872_02_20;Mantua;;
;;N/A: ;;;Alemany;pat.;;;;;"De Minua gol. Salvador, pat. Alemany; 1000 sacɔs de carbon.";;Salvador;;;gol.;1872_02_20;Minua;;
;;N/A: ;;;Segui;pat.;;;;;"De Mantua gol. Fénix, pat. Segui; 1000 sacos do carbon.";;Fénix;;;gol.;1872_02_20;Mantua;;
;;N/A: ;;;Cobas;pat.;;;;;"D. Ortigosa gol. Carmita, pat. Cobas; 50 bocoyes miel de purga";;Carmita;;;gol.;1872_02_20;Ortigosa;;
;;N/A:  | N/A:  | N/A:  | N/A: ;;;Eosch;p.;;;;;De Sierra Morena g. l'aion, p. Eosch, 800 cajas azúcar 2 cajas huevos, 2 garrafones melado y 1 caja aves,;;l'aion;;;g.;1872_02_21;Sierra Morena;;
;;N/A:  | N/A:  | N/A: ;;;Rodriguez;p.;;;;;De la Teja g. Dos Amigos. p. Rodriguez, 134 cajas y 54 beeyes azucar.;;Dos Amigos;;;g.;1872_02_21;la Teja;;
Día 32:;;N/A:  | N/A: ;;;Pavia;p.;;;;;De Cardenas g. tieneral la Mar, p. Pavia, 32: cajas y A bucayes uztear.;;tieneral la Mar;;;g.;1872_02_21;Cardenas;;
;;N/A:  | N/A: ;;;Alemañy;p.;;;;;De idem gocen Pilar, p. Alemañy, 50) cajas azñens y 27 erones tasajo.;;Pilar;;;gocen;1872_02_21;idem;;
;;N/A: ;;;Febrer;p.;;;;;De Mantua g. Neptuno, p. Febrer. 800 sacos de carbon.;;Neptuno;;;g.;1872_02_21;Mantua;;
;;N/A: ;;;Escandell;p.;;;;;De Bahia Honda g. Bonifacia. p. Escandell, 245 cajas azúcar.;;Bonifacia;;;g.;1872_02_21;Bahia Honda;;
;;N/A:  | N/A:  | N/A:  | N/A:  | N/A:  | N/A: ;;;Inelan;p.;;;;;De Cabañas g Josefa, p. Inelan. 42) cajas y 20 bocoyes azúcar, 6pipas aguardiente, 5 cajas y bocoyes maquimaria y 1 maza de hierro.;;Josefa;;;g;1872_02_21;Cabañas;;
;;N/A:  | N/A:  | N/A: ;;;Dominguez;p.;;;;;De idem . Amable Rosita. p. Dominguez, 400 sacos do carbon, 200 fanegas maiz y 10 sacs cafe.;;Amable Rosita;;;;1872_02_21;idem;;
;;N/A:  | N/A: ;;;Feliú;p.;;;;;De idem g. Vicenta. p. Feliú, 132 cajas azñcar y 42 pipas aguardiente.;;Vicenta;;;g.;1872_02_21;idem;;
;;N/A: ;;;Perez;p.;;;;;De idem bdro. San Antonio, p. Perez, 121 cajas de azúcar.;;San Antonio;;;bdro.;1872_02_21;idem;;
;;N/A: ;;;Ferrer;p.;;;;;De Banes bote Cecilia Manuela. p. Ferrer, 32 bocoyes mascabado,;;Cecilia Manuela;;;bote;1872_02_21;Banes;;
;;N/A:  | N/A:  | N/A: ;;;Castillo;p.;;;;;De las Tunas pol. Dalia, p. Castillo, 149 cueros, 42 bar. Bebo y 11 barriles grasa.;;Dalia;;;pol.;1872_02_21;las Tunas;;
;;N/A: ;;;Rivas;p.;;;;;De la Teja g. Júcaro, p. Rivas, 600 sacos carbon.;;Júcaro;;;g.;1872_02_22;la Teja;;
;;N/A: ;;;Rodrigaez;p.;;;;;De Matanzas g. Baracoa, p. Rodrigaez, 24 bocs. azúcar concentrada.;;Baracoa;;;g.;1872_02_22;Matanzas;;
;;N/A:  | N/A:  | N/A:  | N/A: ;;;Visquerra;p.;;;;;De Matanzas g. Doa Hermanas, p. Visquerra, 2000 arrobas tasajp. 32 cajas y Co lenyes azúcar.;;Doa Hermanas;;;g.;1872_02_22;Matanzas;;
;;N/A:  | N/A: ;;;Bailaró;p.;;;;;De Cárdenas. Victoria. p. Bailaró. 455 cala 95 boYoyes àzŕean;;Victoria;;;p.;1872_02_22;Cárdenas;;
;;N/A: ;;;Martin;p.;;;;;De Cardenas g. Guacamaya, p. Martin, 660 enjas azúcar.;;Guacamaya;;;g.;1872_02_22;Cardenas;;
;;N/A: ;;;Durán;p.;;;;;De Jaraco bote Ntra. Sra. del Carmen, p. Durán, 140 c. azúcar.;;Ntra. Sra. del Carmen;;;bote;1872_02_22;Jaraco;;
;;N/A:  | N/A:  | N/A: ;;;Rodriguez;p.;;;;;De Cabañas g. Ciro, p. Rodriguez, 200 c. y 45 bo coves azúcar.;;Ciro;;;g.;1872_02_22;Cabañas;;
;;N/A: ;;;Ferrer;p.;;;;;De Bahia Honda g. Mercedita. p. Ferrer, 200 cajas azúcar.;;Mercedita;;;g.;1872_02_22;Bahia Honda;;
;;N/A: ;;;Vila;pat.;;;;;De Arroyos vivero Rosita, patron Vila, 500 pescados vivos.;;Rosita;;;vivero;1872_02_22;Arroyos;;
;;N/A: ;;;Durán;patron;;;;;De Baracoa gelen Dolorita, patron Durán, 960 cajas eziear;;Dolorita;;;gelen;1872_02_22;Baracoa;;
;;N/A: ;;;Leal;pat.;;;;;De Sierra Morena goleta América. patron Leal, 350 cajas azúcar.;;América;;;goleta;1872_02_22;Sierra Morena;;
;;N/A:  | N/A: ;;;Toledo;pat.;;;;;De la Teja goleta San José, patron Toledo, 600 atraveDeardenas gol. Nuestra Señora del Carien, patron Nuñez, 510 cajak aztear.;;San José;;;goleta;1872_02_22;la Teja;;
;;N/A:  | N/A: ;;;Planells;pat.;;;;;De Banagara Salve Virgen María, patron Planells, 11.000 Indrillos y arrobas cera.;;Virgen María;;;Salve;1872_02_22;Banagara;;
;;N/A: ;;;Tortella;pat.;;;;;De Cárdenas goleta Araucana, patron Tortella, Avo caas azúcar,;;Araucana;;;goleta;1872_02_22;Cárdenas;;
;;N/A: ;;;Perelló;pat.;;;;;De Cárdenas goleta Tres Marias, patron Perelló, 550 e. azúcar.;;Tres Marias;;;goleta;1872_02_22;Cárdenas;;
;;N/A: ;;;Sorá;p.;;;;;De Jaimanitas hote San Anselmo, p. Sorá. 5000 ladrillos;;San Anselmo;;;hote;1872_02_22;Jaimanitas;;
;;N/A: ;;;Macip;pat.;;;;;De Santa z balandro Naevo Hilario. patron Macip. 109 fauegas maizy Aruarterolas infel de abrips.;;Naevo;;;balandro;1872_02_22;Santa;;
;;;;;;;;;;;"Do Ganusa gol. Amalia, pat. Lopez: 300 cajas azú r. De Sierra Morena gol. Maria, pat. Cabrer: 500 cajas aicar, 21 mazos tibisles y 2 cajas potes vacios. Le la Teja gol. Dos Soflas, pat. ""Caynla: 206 cajas azú r. 270 atravesaños y 20 sacos carbon De Cardenas gol. Rosita. påt. Juan: 500 cajas y 33 bo yes azúcar. De Cárdenas berg. gol. Amistad. pat. Barrera: 850 en";;;;;;1872_02_23;;;
;;N/A:  | N/A:  | N/A:  | N/A:  | N/A:  | N/A:  | N/A:  | N/A:  | N/A:  | N/A:  | N/A:  | N/A:  | N/A:  | N/A:  | N/A:  | N/A: ;;;Vasquez;pat.;;;;;azúcar. De Cárdenas gol. Joaquina, pat. Vasquez: 600 cajas aear De Cárdenas gol. Mercedita. pat. Herrera: 500 cajas a car. De Cardenas gol. Inés, pat. Cuebas: 160 cajas azñear y palitos jicaretia Be Cárdenas gel. Adela, pat. Martorell. 600 cajas azú. :. De Matanzas gol. Maria, pat. Cudilledre, 150 ejas y 20 coyes aznear. 10 mazos leje y 1 bocoy fretent Delanco gol. Cuntro Hermanas, pat. Pat. azúcar. 32 pipas aguardiente y 30 boceyes vario De Fajas gol. Matilde, pat. Carbonell: 130 sas carbon, pues de carreta, caballes lefia. 22 marquetas vera, reda miel de abejas. 222 eiers et pitiya pinzus jagna. Be Cabañas gol. Manuela, pat. Arch 27 cojas azá De amitica gel. Isabelita. pat. Amaya. Istenjas azú r Del Mariel gol. Conchita, pat. Vilasin: 109 cajas azúין De Santiago de Cuba y escalas vap. Pelayo, ep Villa 1: 1900 tercios tabaco. 306 sacos cafe, 210 enerod salados 5 idem al pelo. 7 sacos cacao, tereins vera. 2 barriaceite de coco, 2 fardos dril, 1 bar. ron De Cárdenas hea. Cisea. cap. Mary 6 bar harina. psy medias idem vino, tales calzado, 3 fardos preta. 199 gaz, accitans, 2 fardos camisas, 29 ererusal De Cárdenas gal. The Teresas, pat. Eschat: c00 ejas De la Teja gel. Maria, pat. Ferder sacos cart;;Joaquina;;;gol.;1872_02_23;Cárdenas;;
;;N/A:  | N/A: ;;;Perez;pat.;;;;;Mariel gol. Justica, pat. Perez: 30 cajas ardent yi actes de caja.;;Justica;;;gol.;1872_02_23;;;
;;N/A:  | N/A:  | N/A:  | N/A:  | N/A:  | N/A: ;;;Garreton;cap.;;;;;De Cárdenas vap. Cárdenas, cap. Garreton: 1200 cajas y 1 estuche azúcar. Is cajas y 1 bar. efectos, 6 tercios carnaza, & idem eneros. 3 lios vagueta, 2 idem suela, 3 cajas eiga ros.;;Cárdenas;;;vap.;1872_02_25;Cárdenas;;
;;N/A:  | N/A: ;;;Ferrer;pat.;;;;;De Banes bote Cella Manuela, pat. Ferrer: 30 pipas cal. 15 bogoyes miel concentrada;;Cella Manuela;;;bote;1872_02_25;Banes;;
;;N/A:  | N/A: ;;;Rodriguez;pat.;;;;;De Matanas gl. Elvira, pat. Rodriguez: 450 cajas y 30 beyes azar.;;Elvira;;;gl.;1872_02_25;Matanas;;
;;N/A:  | N/A:  | N/A:  | N/A: ;;;Cobas;pat.;;;;;De Matanzas gal. Emilio, pat. Cobas: 850 cajas azúcar, 114 cuartos pipas vino, 5 Hosszeos, nu bar, jamones.;;Emilio;;;gal.;1872_02_25;Matanzas;;
;;N/A:  | N/A:  | N/A: ;;;Colomar;pat.;;;;;De Camasi gol. Sabas, pat. Colomar: 220 cajas azúcar. 100 fanegas maiz. 9 cuartergolas miel de purga.;;Sabas;;;gol.;1872_02_25;Camasi;;
;;N/A: ;;;Bosch;pat.;;;;;De Cárdenas gol. Juanita, pat. Bosch: 600 cajas azúcar.;;Juanita;;;gol.;1872_02_25;Cárdenas;;
Día null:;;N/A: ;;;Roselló;pat.;;;;;De Cárdenas gul. Jóven Gertrúdis, pat. Roselló: 500 cajas azúcar.;;Jóven Gertrúdis;;;gul.;1872_02_25;Cárdenas;;
Día XX:;;N/A:  | N/A:  | N/A: ;;;Tuelan;pat.;;;;;De Cabaña god, Jesela, pat. Tuelan: 420 cajas y 16 bocoyes azúcar, 6 pipas aguardiente.;;Jesela;;;god;1872_02_25;Cabaña;;
;;N/A:  | N/A: ;;;Catá;p.;;;;;De Baracoa g. Flor de la Mar, p. Catá, 5000 cocos secos y 20 barriles aceite do coco;;Flor de la Mar;;;g.;1872_02_27;Baracoa;;
;;N/A:  | N/A: ;;;Bernaza;p.;;;;;De Puerto del Padre g. Tres Hermanas, p. Bernaza, 78 bocoyes mascabado y 28 idem miel de purga.;;Tres Hermanas;;;g.;1872_02_27;Puerto del Padre;;
;;N/A:  | N/A:  | N/A:  | N/A:  | N/A:  | N/A:  | N/A:  | N/A:  | N/A:  | N/A: ;;;Torres;p.;;;;;"De Nuevitas g. Rosalia, p; Torres, 1095 cueros al pelo, 200 a. carbon, 200 caballos leña. 20 tosas caoba y cedro, 23 esteras guano, G шneutos y 3 sacos cera, 5 lios con 57 tendidos soga majagua, A tercios tabaco y cajas ropa.";;Rosalia;;;g.;1872_02_27;Nuevitas;;
;;N/A: ;;;Bosch;p.;;;;;De Sierra Morena g, Union, p. Bosch, 800 cajas de azú car;;Union;;;g;1872_02_27;Sierra Morena;;
;;N/A:  | N/A: ;;;Martin;p.;;;;;De Cárdenas g. Me Joseta, p. Martin, 639 cajas azúcar y 30 pipas aguardiente;;Me Joseta;;;g.;1872_02_27;Cárdenas;;
;;N/A: ;;;Dardet;p.;;;;;De idem g. Rosita, p. Dardet, 520 cajas azúcar.;;Rosita;;;g.;1872_02_27;idem;;
;;N/A:  | N/A:  | N/A: ;;;Sorra;p.;;;;;De idem g. Trinidad, p. Sorra, 230 c. azúcar, 100 barriles harina, 11 tabales buches de bacalao;;Trinidad;;;g.;1872_02_27;idem;;
;;N/A:  | N/A:  | N/A: ;;;Macip;p.;;;;;De Santa Cruz g. Maria del Rosario, p. Macip, 240 cajas y 20 bocoyes azúcar y 20 cerdos;;Maria del Rosario;;;g.;1872_02_27;Santa Cruz;;
;;N/A: ;;;Vives;p.;;;;;De Mantua g. Segunda Rosa, p. Vives, 1000 sacos car bou;;Segunda Rosa;;;g.;1872_02_27;Mantua;;
;;N/A:  | N/A: ;;;Pscanellas;p.;;;;;De la Mulata g. Doloras, p. Pscanellas, 400 sacos carbou y 30 fanegas maiz;;Doloras;;;g.;1872_02_27;Mulata;;
;;N/A: ;;;Suno;p.;;;;;De la Mulata g. Especulacion, p. Suno, too saco carbou;;Especulacion;;;g.;1872_02_27;la Mulata;;
;;N/A:  | N/A:  | N/A:  | N/A:  | N/A:  | N/A: ;;;Pelaez;pat.;;;;;De Sierra Morena“ geleta Engracia, patron Pelaez, 16 mil telts, 400 horas para azúcar. 10 c. azúcar, 2 c. heramientas y armadura de catie. De la Teja oleta Leonarda, patron Paz, 600 sacos car-' bop.;;Engracia;;;geleta;1872_02_28;Sierra Morena;;
;;N/A:  | N/A: ;;;Badaró;pat.;;;;;De idem goleta Victoria, patron Badaró, 431 e, y 32:boroyes azúcar.;;Victoria;;;goleta;1872_02_28;idem;;
;;N/A:  | N/A: ;;;Vazquez;patro;;;;;De idem goleta Joaquina, patro Vazquez, 432 c. y 26 boek, azúcar.;;Joaquina;;;goleta;1872_02_28;idem;;
;;N/A:  | N/A: ;;;Herrera;pat.;;;;;De idem goleta Mercedita, patron Herrera, 300 e. & 13 bocs, azúcar.;;Mercedita;;;goleta;1872_02_28;idem;;
;;N/A: ;;;Tortella;patrón;;;;;De idem goleta Araucana, patron Tortella. 410 e. azúcar. De la Tea goleta Anita, patron Fariña, 850 cajas azúCar;;Araucana;;;goleta;1872_02_28;idem;;
;;N/A: ;;;Xuñez;pat.;;;;;De idem goleta Ntra. Sra. del Cármen, patron Xuñez, 20 e. azúcar.;;Ntra. Sra. del Cármen;;;goleta;1872_02_28;idem;;
;;N/A: ;;;Cervera;pat.;;;;;De Cabañas goleta Maria, patron Cervera, 660 c. azú car.;;Maria;;;goleta;1872_02_28;Cabañas;;
;;N/A: ;;;Cocoyes;p.;;;;;"De Baracoa goleta Ntra. Sra. del Cárquen; pation Cocoyes miel de purga.";;Ntra. Sra. del Cárquen;;;goleta;1872_02_28;Baracoa;;
;;N/A: ;;;Duran;pat.;;;;;De Bones balandro Fernandita. patron Duran, 11,000 tejas del pais.;;Fernandita;;;balandro;1872_02_28;Bones;;
;;N/A: ;;;Garretón;cap.;;;;;De Cárdenas vapor Cárdenas, cap. Garretón, 1393 cajas zaye frijoles.;;Cárdenas;;;vapor;1872_02_28;Cárdenas;;
;;N/A:  | N/A: ;;;;;;;;;De 18 m goleta Generala, potren daam, 250 e. y ♬ boca.;;Generala;;;goleta;1872_02_28;;;
;;N/A:  | N/A:  | N/A:  | N/A:  | N/A: ;;;Lemus;cap.;;;;;De Santiago de Cuba y escalas vapor Clara, cap. Lemus, 3 sacos café, 2 fardos suela. e. tabacos, 10 teres. sebo y e. listado.;;Clara;;;vapor;1872_02_28;Santiago de Cuba;;
;;N/A:  | N/A:  | N/A:  | N/A:  | N/A: ;;;Arbona;pat.;;;;;De Cardenas goleta Engracia, patron Arbona. 8 pipas vine, 10 bocoyes miel de purga, & idem idem abejās,” 30| bailes yes y 20.000 piesalfardas y tabla.;;Engracia;;;goleta;1872_02_28;Cardenas;;
;;N/A:  | N/A: ;;;Piñeiro;patrón;;;;;De Bahia Honda goleta Eugenia, patron Piñeiro, 175 c. y 6s hocayes azúcar.;;Eugenia;;;goleta;1872_02_28;Bahia Honda;;
;;N/A:  | N/A: ;;;Lopez;patrón;;;;;De Cabañas goleta Caballo Marino, patron Lopez. 400 c. azúcar y 8 pipas aguardiente.;;Caballo Marino;;;goleta;1872_02_28;Cabañas;;
;;N/A: ;;;Cabral;p.;;;;;De Sagua la Grande, gol: Ramoucita, p. Cabral, 1500 sacon carbon,;;Ramoucita;;;gol;1872_02_29;Sagua la Grande;;
;;N/A: ;;;Lopez;p.;;;;;De idem, gol. Amalia, p. Lopez, 300 c. azúcar.;;Amalia;;;gol.;1872_02_29;idem;;
;;N/A: ;;;Castro;p.;;;;;De la Teja, gol. Gallego, p. Castro, 800 sacos carbon.;;Gallego;;;gol.;1872_02_29;la Teja;;
;;N/A: ;;;Alemany;p.;;;;;De idem, gol. Enriqueta, p. Alemany, 600 sacos carbon.;;Enriqueta;;;gol.;1872_02_29;idem;;
;;N/A: ;;;Dapico;p.;;;;;De Corofal, gol. Josefa, p. Dapico, 600 sacos carbon.;;Josefa;;;gol.;1872_02_29;Corofal;;
;;N/A:  | N/A: ;;;Pavia;p.;;;;;De Cárdenas, gol. General de la Mar, p. Pavia, 380 cajas y 32 bocoyos azúcar.;;General de la Mar;;;gol.;1872_02_29;Cárdenas;;
;;N/A:  | N/A: ;;;Martin;p.;;;;;De idem, gol. D. Maria del Carmon, p. Martin, 500 cajas y 30 bocoyes azúcar.;;D. Maria del Carmon;;;gol.;1872_02_29;idem;;
;;N/A:  | N/A:  | N/A:  | N/A: ;;;Pujol;p.;;;;;De Santa Cruz bidro Nuovo Hilario p, Pujol, 69 c. azú car, 40 s. maiz, 21 cerdos 6 cuaterolas miel de abejas;;Nuovo Hilario;;;bidro;1872_03_01;Santa Cruz;;
;;N/A: ;;;Amaga;p.;;;;;De la Domiuica g. Isabelita p. Amaga, 186 cajas azúcar;;Isabelita;;;g.;1872_03_01;Domiuica;;
;;N/A: ;;;Martines;p.;;;;;De id blandro Covadonga p. Martines, 400 sacos carbon;;Covadonga;;;p.;1872_03_01;id blandro;;
;;N/A: ;;;Fariñas;p.;;;;;De Cárdenas goleta Anita p. Fariñas, 820 cajas azúcar;;Anita;;;goleta;1872_03_01;Cárdenas;;
;;N/A: ;;;Martorell;p.;;;;;De idem g. Adela p. Martorell 600 c. azúcar;;Adela;;;g.;1872_03_01;idem;;
;;N/A:  | N/A:  | N/A:  | N/A:  | N/A:  | N/A:  | N/A:  | N/A: ;;;Monar;cap.;;;;;De Nuevitas burg. Fol. Piringo, cap. Monar, 116 cue rosal pelo, 30 salprečás, 35 bar. sebo, 19 mac, paios para bastones, 10 cajas lecho condensada, 4 lios sugas inajagna, 2 cajas con un piano usado.;;Fol.;;;burg.;1872_03_02;Nuevitas;;
;;N/A:  | N/A:  | N/A:  | N/A:  | N/A: ;;;Ferrer;pat.;;;;;De Sagua la Grande gol. Sagüera, pat, Ferrer, doc sogas majagua, 11 sacos frijoles, 4 boc. cobre viejo, 3 ca jas muebles, 1 id. peleteria.;;Sagüera;;;gol.;1872_03_02;Sagua la Grande;;
;;N/A:  | N/A:  | N/A: ;;;Cabré;pat.;;;;;De Sierra Morena gol. Maria, pat. Cabré, 500 cajas acar. idem huevos y 1 rueda maquinaria.;;Maria;;;gol.;1872_03_02;Sierra Morena;;
;;N/A: ;;;Pujol;pat.;;;;;"De Cárdenas gol. Clio, pat. ""Pujol, 600 cajas azúcar.";;Clio;;;gol.;1872_03_02;Cárdenas;;
;;N/A:  | N/A: ;;;Juan;pat;;;;;De Cárdenas gol, Nueva Rosita, pat, Juan, 450 cafas azúcar y 40 boc. Idem.;;Nueva Rosita;;;gol;1872_03_02;Cárdenas;;
;;N/A: ;;;Dridel;pat.;;;;;De Cárdenas gol. Rosita, pat. Dridel, báð cajas azúcar.;;Rosita;;;gol.;1872_03_02;Cárdenas;;
;;N/A: ;;;Bosch;pat.;;;;;Do Cárdenas gol. Juanita, pat. Bosch, 600 cajas azúr car.;;Juanita;;;gol.;1872_03_02;Cárdenas;;
;;N/A: ;;;Perelló;pat.;;;;;De Cárdenas gol. Tres Marias, pat. Perelló, 350 cajas azúcar.;;Tres Marias;;;gol.;1872_03_02;Cárdenas;;
;;N/A: ;;;Garcia;pat.;;;;;Do Bahia Honda gol. Carmita, pat. Garcia, 389 cajas azúcar.;;Carmita;;;gol.;1872_03_02;Bahia Honda;;
;;N/A: ;;;Rodriguez;pat.;;;;;De Cabañas gol. Cefiro, pat. Rodriguez, 390 cajas azúcar.;;Cefiro;;;gol.;1872_03_02;Cabañas;;
;;N/A: ;;;Cobas;pat.;;;;;Do Baracoa gol. Ntra. Sra. del Carmen. pat. Cobas, 18 boe, miel de purg;;Ntra. Sra. del Carmen.;;;gol.;1872_03_02;Baracoa;;
;;N/A: ;;;Otero;pát.;;;;;De Ria de la Palma gol Margailtà, pát. Otero, 600 Sacos carbon:;;Margailtà;;;gol;1872_03_02;Ria de la Palma;;
;;N/A:  | N/A:  | N/A:  | N/A: ;;;Visquerra;pat.;;;;;De Matauzas ol Dos Hermanas, pat. Visquerra, 250 cajas y 30 box, azúcar, 110 pp. y cuartos de vinoy 150 bar. harina.;;Dos Hermanas;;;ol;1872_03_02;Matauzas;;
;;N/A: ;;;Cantó;pat.;;;;;The Sirre Mona gol. Antonica, pat. Cantó. Of cajas azúcar:;;Antonica;;;gol.;1872_03_02;;;
;;N/A: ;;;Torres;pat.;;;;;De la Tela gol. Dorotea, pat. Torres. cajazcar.;;Dorotea;;;gol.;1872_03_02;Tela;;
;;N/A: ;;;Hernandez;pát.;;;;;De Caibarien gol. Autonia, pát. Hernandez, 100 cabalos leña.;;Autonia;;;gol.;1872_03_02;Caibarien;;
;;N/A:  | N/A: ;;;Macip;pat.;;;;;De Santa Cruz gol. María del Rosario, pat. Macip. 15 boc. y 50 cajas aznicar.;;María del Rosario;;;gol.;1872_03_02;Santa Cruz;;
;;N/A: ;;;Castelle;pat.;;;;;De la Teja gol. Estrella, (á) Gorrión, pat. Castelle. 600 sacos carbon.;;Estrella;;;gol.;1872_03_02;la Teja;;
;;N/A:  | N/A:  | N/A: ;;;Garreton;cap.;;;;;De Cárdenas vap. Cárdenas, cap. Garreton, 1230 cajas aztear, 50 ar. cera, 5 cajas efectos y muebles.;;Cárdenas;;;vap.;1872_03_02;Cárdenas;;
;;N/A: ;;;Cervera;pat.;;;;;De Cabafias gol. Maria, pat, Cervera, 196 cajas azúcar.;;Maria;;;gol.;1872_03_02;Cabafias;;
;;N/A: ;;;Nuñez;pat.;;;;;De Cárdenas gol. Ntra. Sra. del Cármen, pat. Nuñez, 510 calas azúcar.;;Ntra. Sra. del Cármen;;;gol.;1872_03_02;Cárdenas;;
;;;;;;;;;;;De Sierra Morena goleta Brilanto, pat. Santo Domin go: 630 c. azúcar, De idem goleta América, pat. Leal, 330 c. azúcar. Didem goleta Teresita, pat. Villalonga, 60 sacos carbon. De Cárdenas bergantin golota Amistad, pat. Barrera 3 c. a úcar. De idem goleta Maria Josefa. pat. Martin, 700 e. azú Do idem golta Moreedita, pat. Herrera, 500 c. nzú ar. De item gokia Victoria, pat. Badors, 40 c. y 20 Ucys Azúcar. De idem goleta Araucana, pat. Tortella, 41d cajas яzúar. Do Matanzas goleta Elvira, pat. Rodriguez, 350,enjas 48 bocnyes azúcar, Do Cabañas goleta Caballo Marino, pat. Lopez, 40 c. ahear, 130 cartes de caja, 8 pps. aguardiente. De Baraca goleta Dolorita, pat. Duran, 217 c. y 18 boyes azúcar. De Jarnen bete Nuestra Señora del Cármon, pat. Daai, 140 e. azical. De Mariel lete Coneblia, pat. Nazis, 380 c. dedear 4pps. agnaraiente. De la Daminica goleta Isabelita, pat. Amaya, 159 c. aúcar. D. Cardenas geta Matilde, pat. Virella. 2) cajas nHeidengta Joven Carbita, pat. Basilio, 850 e. y 32;;;;;;1872_03_03;;;
;;N/A:  | N/A: ;;;Ferrer;p.;;;;;De Ms. Maria pat.” Areia--969 savos de caron. De la Mulaag. Santa Ana p. Angladas seus caron. De Bahia Honda g. Mercedita p. Ferrer-200 e. azúcar 00 camones, 20 fercios tabaco.;;Mercedita;;;g.;1872_03_05;Bahia Honda;;
;;N/A:  | N/A:  | N/A:  | N/A:  | N/A:  | N/A:  | N/A:  | N/A: ;;;Vega;cap.;;;;;De Calbaren y Sagua la Grande vap. Nuevo Almendares, cap. Vega. 9 serones esponjas, 5 c. 2 baules y un fardo efectos, 5 gat rafones meladó, 5 c. y 1 barril cera, 5 baltos muebles vianda's, 1 c. azar y 1 fardo ropa.;;Nuevo Almendares;;;vap.;1872_03_06;Calbaren;;
;;N/A:  | N/A: ;;;Vilianso;pat.;;;;;De Mariel geta Conchita, pat. Vilianso, 456 c. azúcar 12 pps. aguardiente.;;Conchita;;;geta;1872_03_06;Mariel;;
;;;;;;;;;;;"De Camasi geleta Lola Marina, pat. Colomar, 330 c. acar. ""De Cirenas godeta Trinidad, pat. Serra, 280 c. azúcar Denarterolas and H fardos cueros , 12 fardes armasa, 3 c. papel. De Arroyo viveto Tarso, pat. Gelat, 000 pesos los vi03. DeSanta Cruz geleta Maria del Rosario, pat. Macip, 20e. y 53 bo oyes cal. De Barnea godeta Telorgafo, pas. Guás, 29100 cacos, us aceite de evo De la Teja goleta Doa Sofias, pae. Voyrthi, 420 caja+n+ aicar. De idem balandro Antoñica, patrom Torres, 600 sacas carbon.";;;;;;1872_03_07;;;
;;N/A:  | N/A:  | N/A:  | N/A:  | N/A:  | N/A:  | N/A:  | N/A: ;;;Co as;pat.;;;;;"azúcar. Pe Bararon goleta Ntra. Sra. del Carmen, patron Co as, 120 cajas azúcar y 30 pipas cal. De Baracoa bote Cecilia Manuela, patron Ferrer, 3 coyes mascabado. Do Jaruco bote Ntra. Sra. del Cármen, pat. Durán, 14 tas azúcar. De Baracoa goleta Dolorita, pation Duran, 75 cajas bocoyes azúcar y 22 pipas aguardiente. De la Teja goleta Josefa, patron Almanza; 600 saço arbon. Do Cárdenas vapor Comanditario, cap. Jofré. 800 ca s azúcar.";;Ntra. Sra. del Carmen;;;goleta;1872_03_08;Baracoa;;
;;N/A: ;;;;;;;;;De la Teja g. Langlitat. Sardiña 1000 sacos de carb.n;;Langlitat;;;g.;1872_03_09;la Teja;;
;;;;;Rivas;p.;;;;;De la Teja goleta Júcaro p. Rivas de carimn.;;Júcaro;;;goleta;1872_03_09;Teja;;
;;N/A: ;;;Garriga;p.;;;;;De Rio de la Patama g. Isabelita p. Garriga, 600 s, carhow,;;Isabelita;;;g.;1872_03_09;Rio de la Patama;;
;;N/A: ;;;Herrera;pat.;;;;;De Cárdenas Media pat. Herrera, 300 cajas nzú• car.;;;;;Media;1872_03_09;Cárdenas;;
;;N/A: ;;;Tortodia;p.;;;;;De idem goleta Araucana p. Tortodia: 200 cajas azúcar.;;Araucana;;;goleta;1872_03_09;idem;;
;;N/A:  | N/A:  | N/A:  | N/A:  | N/A: ;;;Pujol;p.;;;;;"De Santa Cruz 14dro, Nagyo Hibario, p. Pujol, 82 c. azúcar, pís, maiz, i3 »; frijoles, 6 cuarterolus miel de abejas.";;Nagyo Hibario;;;14dro;1872_03_09;Santa Cruz;;
;;N/A: ;;;Perera;p.;;;;;De B. Honda g. Bonifacia p: Perera, bu e, azúcar. 40 cortes de carreta,;;Bonifacia;;;g.;1872_03_09;B. Honda;;
;;N/A:  | N/A: ;;;Rodriguez;p.;;;;;De Cabañas g. Vétiro p. Rodriguez. 3-0 e. azúcar 6 pp. aguardiente.;;Vétiro;;;g.;1872_03_09;Cabañas;;
Día null:;;N/A: ;;;Arocha;pat.;;;;;De idem golety Manuela pat. Arocha: 321 cajas azú– car.;;Manuela;;;golety;1872_03_09;idem;;
;;N/A:  | N/A: ;;;Inclan;p.;;;;;De idem goletado: efa p. Inclan, 100 e. y gt hues, azu car. pp. aguardiente;;efa;;;goletado;1872_03_09;idem;;
;;N/A: ;;;Virgen M.;pat.;;;;;De id. guairo Salve Virgen M. p. Flanells: 300 caballos leña.;;Flanells;;;p.;1872_03_09;id. guairo;;
;;N/A:  | N/A: ;;;Padilla;p.;;;;;De Banes g. Nuevá Conctr p. Padilla, 5º boes, mascabado;;Nuevá Conctr;;;g.;1872_03_09;Banes;;
;;N/A:  | N/A:  | N/A: ;;;;;;;;;De Cárdenas g, Victorkup Badaró, 110 c. y 10 bocs, 'azúcar;;Victorkup Badaró;;;g;1872_03_09;Cárdenas;;
;;N/A:  | N/A: ;;;duan;p.;;;;;De idem g. Nueva Rosita p. duan, 357 c. y 20 boes, azúcar;;Nueva Rosita;;;g.;1872_03_09;idem;;
;;N/A:  | N/A:  | N/A:  | N/A:  | N/A:  | N/A:  | N/A: ;;;Garreton;cap.;;;;;"Do il vap. Cárdenas cap. Garreton, 1300 c. azúcar, 1 e. con 1312lbs. cera, 1 c. Jamones, 2 bar. frijoles, 1 gar, mus lado: 1 c. carabinas y un instrumento músico;";;Cárdenas;;;vap.;1872_03_09;il;;
;;N/A: ;;;Virella;p.;;;;;De id. berg. gol Amistad p. Virella, 850 cajas azicar.;;Amistad;;;berg.;1872_03_09;id.;;
;;N/A: ;;;Virella;pat.;;;;;De ideni goleta Matilde pat Virella: 500 cajas de azicar.;;Matilde;;;goleta;1872_03_09;ideni;;
;;N/A: ;;;Martin;pat.;;;;;De idem goleta M7Jeseja pat Martin, 700 cajas de azú car;;M7Jeseja;;;goleta;1872_03_09;idem;;
;;N/A:  | N/A: ;;;Rodriguez;p.;;;;;De Sierra Morena g Bos Amigos p. Rodriguez, 120 c. y 70 bocs azúcar.;;Bos Amigos;;;g;1872_03_09;Sierra Morena;;
;;N/A: ;;;Cervera;pat.;;;;;De Cabañas g. Maria pat. Cervera-632 cajas de azúcar.;;Maria;;;g.;1872_03_09;Cabañas;;
;;N/A: ;;;Perarny;p.;;;;;De Cayos de Barlovento viv Ligera p. Perarny. 500 pes cados vivos.;;Ligera;;;viv;1872_03_09;Cayos de Barlovento;;
;;N/A:  | N/A:  | N/A: ;;;Duran;pat.;;;;;De Baracoa gol. Dolorita, pat. Duran, 96 cajas y 50boc. azúcar. De Jaimanitas lancha Prosperidad, pat. Sorá, 8000 ladrillos.;;Dolorita;;;gol.;1872_03_10;Baracoa;;
;;N/A:  | N/A:  | N/A:  | N/A:  | N/A:  | N/A: ;;;Lopez;pat.;;;;;"De Carahatas gol. Tres Hermanas; pat. Lopez, 483 c3jas azúcar, 5 sacos frijoles, 2 cajas muestras, 1 idem hachas, 1 bar. efectos y 1 id. cobre viejo.";;Tres Hermanas;;;gol.;1872_03_10;Carahatas;;
;;N/A:  | N/A:  | N/A: ;;;Cordero;pat.;;;;;De Sierra Morena gol. Molestatiora, pat. Cordero, 569 cajas y 12 bocoyes azúcar y 15 pp. aguardiente.;;Molestatiora;;;gol.;1872_03_10;Sierra Morena;;
;;N/A: ;;;Pujol;pat.;;;;;De Cárdenas gof. Clio, pat. Pujol, G00 cajas azñ-| car;;Clio;;;gof.;1872_03_10;Cárdenas;;
;;N/A:  | N/A: ;;;Pavia;pat.;;;;;De Cárdenas gol. General la Mar, pat, Pavia, 230 cajas y 50 bocoyes azúcar.;;General la Mar;;;gol.;1872_03_10;Cárdenas;;
;;N/A: ;;;Dardet;pat.;;;;;De Cárdenas gol. Rosita, pat. Dardet, 250 cajas azúcar.;;Rosita;;;gol.;1872_03_10;Cárdenas;;
;;N/A: ;;;Deulofeu;pat.;;;;;De Cabañas gol. Ntra. Sra. del Carmen, pat. Deulofeu, 360 cajas azúcar.;;Ntra. Sra. del Carmen;;;gol.;1872_03_10;Cabañas;;
;;N/A:  | N/A: ;;;Lopez;pat.;;;;;De Cabañas gol. Caballo Marino, pat. Lopez, 399 caJas y 12 pp. aguardiente.;;Caballo Marino;;;gol.;1872_03_10;Cabañas;;
;;N/A: ;;;Lopez;pat.;;;;;Del Mariel gol. Quintina, pat. Lopez, 325 cajas, azúcar.;;Quintina;;;gol.;1872_03_10;Mariel;;
;;N/A: ;;;Azuaga;pat.;;;;;De la Dominica gol. Iaabelita, pat. Azuaga, 185 cajas azúcar.;;Iaabelita;;;gol.;1872_03_10;Dominica;;
;;N/A: ;;;Cobas;pat.;;;;;Do Baracoa gol. Ntra. Sra. del Carmen, pat. Cobas, 190 cajas azúcar.;;Ntra. Sra. del Carmen;;;gol.;1872_03_10;Baracoa;;
;;N/A:  | N/A:  | N/A: ;;;Viera;pat.;;;;;De Jaruco gol. Jaruqueña, pat. Viera, 110 cajas y 25 boc. azúcar, 30 pp. aguardiente.;;Jaruqueña;;;gol.;1872_03_10;Jaruco;;
;;N/A:  | N/A:  | N/A: ;;;Perez;pat.;;;;;Del Hinojal gol. Justica, pat. Perez, 39 boc. mascabado, 21 pp. aguardiente y 9 cuarterolas miel de abeJas.;;Justica;;;gol.;1872_03_10;Hinojal;;
;;N/A: ;;;Ferrer;pat.;;;;;De Baracoa boto Cecilia Manuela, pat.. Ferrer, 22 boc. mascabado.;;Cecilia Manuela;;;boto;1872_03_10;Baracoa;;
;;;;;Nuñez;pat.;;;;;De Cárdenas gol. Ntra. Sra. del Carmen, pat. Nuñez,;;Ntra. Sra. del Carmen;;;gol.;1872_03_10;Cárdenas;;
;;N/A: ;;;Enseñat;pat.;;;;;De Cárdenas gol. Tres Teresas, pat. Enseñat, 600 cajas azúcar.;;Tres Teresas;;;gol.;1872_03_10;Cárdenas;;
;;N/A:  | N/A:  | N/A:  | N/A:  | N/A:  | N/A:  | N/A:  | N/A:  | N/A: ;;;0choa;cap.;;;;;De Santiago de Cuba y escalas vapor Cuba, cap. 0choa, 993 tercios tabaco en rama, 9 cajas idem torcido, 380 oneros, 904 sacos café, 100 idem cacao, fardos anola, 5 bar, rape useda, 2 cajaron, a idem muestras de ard-;;Cuba;;;vapor;1872_03_10;Santiago de Cuba;;
;;N/A:  | N/A:  | N/A:  | N/A:  | N/A:  | N/A:  | N/A: ;;;Amengual;pat.;;;;;De Rio Blanco gol. Catalina. pat. Amengual, esta cas, 203 atravesafios, 16 sacos carbon, 40 yugos, 36 pérti gos, 36 limones, 15 garrafones miel de abejas, 4 ar. cera;;Catalina;;;gol.;1872_03_12;Rio Blanco;;
;;N/A: ;;;Gorriu;pat.;;;;;"De Babia londa gol. Carmita, pat. Gorriu; 400 cajas a zúcar.";;Carmita;;;gol.;1872_03_12;Babia;;
;;N/A:  | N/A:  | N/A:  | N/A:  | N/A:  | N/A: ;;;Pacheco;pat.;;;;;"De Bahia Honda gol. Carmita, pat. Pacheco; 250 saços carbon, 200 varas malera, 150 caballos leña, 60 sacos cás caras de mangle, 25 ar. cera y E bocoyes miel de abejas";;Carmita;;;gol.;1872_03_12;Bahia Honda;;
;;N/A:  | N/A: ;;;Rodriguez;pat.;;;;;"De Cabañas gol. Cefiro: pat. Rodriguez; 373 cajas azú car. 14 pipas aguardiente.";;Cefiro;;;gol.;1872_03_12;Cabañas;;
;;N/A: ;;;Aracha;pt.;;;;;"De Cabañas gol. Manuela, pt. Aracha; 325 cajas azúcar";;Manuela;;;gol.;1872_03_12;Cabañas;;
;;N/A:  | N/A: ;;;Laguarda;pat.;;;;;De Cabañas gol. Esmeralda, pat, Laguarda: 412 cajas y 46 locoyes azúcar;;Esmeralda;;;gol.;1872_03_12;Cabañas;;
;;N/A:  | N/A:  | N/A:  | N/A:  | N/A:  | N/A:  | N/A:  | N/A:  | N/A:  | N/A: ;;;Colomar;pat.;;;;;Sagua la Grande gol. Paquete de Sagua, pat. Colomar 2003 docenas sogas majagua, 70 caballos leña, 40 estacas dearo, 30 palos labrados, 28 cuarterolas miel de abejas, mazas de carreta, 3 cajas dulce. 2 cajas cera. 1 caja iauebles, 1 baul jeleteria.;;Paquete de Sagua;;;gol.;1872_03_12;Sagua la Grande;;
;;N/A:  | N/A: ;;;Cabrer;pat.;;;;;De Sierra Morena, gol. Maria, pat. Cabrer: 500 cela azúcar, 1 cala muestras idem;;Maria;;;gol.;1872_03_12;Sierra Morena;;
Día 01:;;N/A: ;;;Suno;pat.;;;;;Del Salto gol. Agustina, pat. Suno: 700 satoa carbon;;Agustina;;;gol.;1872_03_12;Salto;;
Día null:;;N/A: ;;;Alemany;pat.;;;;;De Cárdenas gol. Jóven Pilar, pat. Alemany: 500 cajas azúcar.;;Jóven Pilar;;;gol.;1872_03_12;Cárdenas;;
;;N/A: ;;;Aleman;pat.;;;;;"De Cárdenas gol. Pauchita, pat. Aleman; 500 cajas a zúcar";;Pauchita;;;gol.;1872_03_12;Cárdenas;;
;;N/A: ;;;Martin;pat.;;;;;De Cárdenas gol. 1: Maria del Carmen, pat. Martin 660 cajas azúcar.;;1: Maria del Carmen;;;gol.;1872_03_12;Cárdenas;;
;;N/A: ;;;Bosch;pat.;;;;;De Cárdenas gol. Juanita, pat. Bosch: C00 cajás azúcar.;;Juanita;;;gol.;1872_03_12;Cárdenas;;
;;N/A: ;;;Fariña;pat.;;;;;"De Cárdenas gol. Anita, pat. Fariña; 880 cajas azúcar.";;Anita;;;gol.;1872_03_12;Cárdenas;;
;;N/A: ;;;Rodriguez;pat.;;;;;De Matanzas gol. Elvira. pat. Rodriguez: 600 cajas azúcar.;;Elvira;;;gol.;1872_03_12;Matanzas;;
Día null:;;N/A: ;;;Duran;pat.;;;;;De Jarneo bote Ntra. Sra. Cármen. pat. Duran: 50 bocoyes miel de purga.;;Ntra. Sra. Cármen;;;bote;1872_03_12;Jarneo;;
;;N/A:  | N/A:  | N/A:  | N/A:  | N/A: ;;;Macip;pat.;;;;;De Santa Cruz gol. Maria del Rosario, pat. Macip: 160 calas y 40 hocoyes azúcar Del Morrillo gol. Felix, pat. Villa: 56 bocoyes mascabado.;;Maria del Rosario;;;gol.;1872_03_12;Santa Cruz;;
;;N/A:  | N/A:  | N/A: ;;;Gonzalez;pat.;;;;;"Del Mariel gol. Altagracia, pat. Gonzalez; 350 cajas azúcar. 100 cortes de caja y 6 pipas vino.";;Altagracia;;;gol.;1872_03_12;Mariel;;
;;N/A:  | N/A: ;;;Pujol;pat.;;;;;"De Santa Cruz bal. Nuevo Hilario, pat. Pujol; 92 cajas azúcar, 30 ppas aguardiente. De la Teja gol. Magdalena, pat. Ferrer: 700 sacos caron. De Cárdenas gol. Joaquina, pat. Vasquez: 500 cajas y 84 bocoves azúcar De Mantua gol. Fénix. pat. Segui; 800 sacos carbon.";;Nuevo Hilario;;;bal.;1872_03_12;Santa Cruz;;
;;N/A:  | N/A: ;;;Bonet;pat.;;;;;De i del Medigol. Agnedita, pat, Bonet: 300 cabaJos lefia Del linjal gel. Potosi, pat. Beraza: 790 sauos carbon.;;Agnedita;;;gel.;1872_03_12;Medigol;;
;;N/A:  | N/A: ;;;Dominguez;pat.;;;;;"De Cabañas gol. Amable Rosita. pat. Dominguez; 700 Bacos carbon. De Cárdenas vap. Cárdenas, cap. Garreton, 1200 cajas azúcar";;Amable Rosita.;;;gol.;1872_03_12;Cabañas;;
;;N/A:  | N/A:  | N/A:  | N/A:  | N/A:  | N/A:  | N/A:  | N/A:  | N/A:  | N/A:  | N/A: ;;;Vega;ap.;;;;;"De Caiharien y Sagua la Grande vap. N. Almendares, ap. Vega: 96 terelos tabaco, serones esponjas, 1 cajn abaco. 3 cajas, 2 fardos y 1 barril ropa. 2 cajas efectus, 1 arraten melado. 2 cajas cera, 1 caja carne, 25 cajas armas. 7 cajas enipus y armamentos. De Cabañas gol. Jusefa pat.. Inclan: 260 cajas y 78 bocaes azúcar De Cienfuegos herg. Jóven Antonio, pat. Perez; 1000 par, harina. 167 pipas vino, 140 sacos garbanzos, 100 cajas rutas. 125 gar. aleaparras: 300 idem aceitunas. 80 resulas apel. 160 latas almendras, 109 cajas vino. 23 cajas que 08.";;N. Almendares;;;vap.;1872_03_12;Caiharien y Sagua la Grande;;
;;N/A:  | N/A: ;;;Aparicio;cap.;;;;;clavos. -Casilda berg. Pepa, cap. Aparicio, 10 seroues pita, 1;;Pepa;;;berg.;1872_03_13;Casilda;;
;;N/A:  | N/A:  | N/A:  | N/A:  | N/A: ;;;Portilla;pat.;;;;;De Caibarien goleta Teresita, patron Portilla, 150 enballos leña, 95 reses, 25 tercerolas miel de abejas, 21 cuoros al pelo y 5 c. cera.;;Teresita;;;goleta;1872_03_14;Caibarien;;
;;N/A:  | N/A:  | N/A:  | N/A: ;;;Cantó;pat.;;;;;De Sierra Morena goleta Antofica, patron Cantó 350 c. azúcar, 6 cuarterolas miel de abejas, 4 c. efectos y 1 saco cora.;;Antofica;;;goleta;1872_03_14;Sierra Morena;;
;;N/A:  | N/A: ;;;Laza;patrón;;;;;De Batabanó goleta Francisca Gener, patron Laza, 700 83cos carbon y 200 varas madera.;;Francisca Gener;;;goleta;1872_03_14;Batabanó;;
;;N/A: ;;;Felicó;pat.;;;;;De Mantua goleta Cuba, patton Felicó, 600 sacos carbon.;;Cuba;;;goleta;1872_03_14;Mantua;;
;;N/A: ;;;Suao;patrón;;;;;De la Mulata goleta Especulacion. patron Suao, 600 sacos carbon.;;Especulacion;;;goleta;1872_03_14;Mulata;;
;;N/A: ;;;Dardet;patrón;;;;;De Cárdenas goleta Rosita. patron Dardet. 520 c. azncar.;;Rosita;;;goleta;1872_03_14;Cárdenas;;
;;N/A:  | N/A: ;;;Villamil;cap.;;;;;De Santiago de Cuba y escalas vapor Pelayo, capitam Villamil, 1.200 torcios tabaco y 1 c. calzado.;;Pelayo;;;vapor;1872_03_14;Santiago de Cuba;;
;;N/A: ;;;Leal;p.;;;;;De Sierra Morena g. América, p. Leal, 360 cajas de azúeal;;América;;;g.;1872_03_15;Sierra Morena;;
;;N/A:  | N/A: ;;;Gonzalez;p.;;;;;De dem g. dig. p. Gonzalez, 500 cajas de azúcar y 1 cajas huevos;;dig.;;;g.;1872_03_15;dem;;
;;N/A: ;;;Lopez;p.;;;;;De idem. Amalia. 1. Lopez, 360 Fejes azúcar;am.;Amalia;;;;1872_03_15;idem;;
;;N/A:  | N/A: ;;;Enseñat;p.;;;;;De idem g. Ties Teresas, p. Enseñat. 480 cafus y 40bo-| coyes azúcar;;Ties Teresas;;;g.;1872_03_15;idem;;
;;N/A:  | N/A: ;;;Juan;p.;;;;;De idem g. Nueva Rosita, p. Juan, 350 cajas y 70 bocoves azúcar;;Nueva Rosita;;;g.;1872_03_15;idem;;
;;N/A: ;;;Badaró;p.;;;;;De idem. Vietoria. p. Badaró, 533 cajas de azúcar;;Vietoria;;;p.;1872_03_15;idem;;
;;N/A: ;;;Bosen;p.;;;;;De idem g. Jaauita. p. Bosen. 000 cajas de azúcar;;Jaauita;;;g.;1872_03_15;idem;;
;;N/A: ;;;Xuñez;p.;;;;;De idem g. Ntra. Sra. del Carmen, p. Xuñez, 510 cajas de azúcar;;Ntra. Sra. del Carmen;;;g.;1872_03_15;idem;;
;;N/A: ;;;Cuebas;p.;;;;;De idem g. Inés, p. Cuebas, 400 cajas azúcar;;Inés;;;g.;1872_03_15;idem;;
;;N/A:  | N/A:  | N/A:  | N/A: ;;;Belfat;p.;;;;;De Matanzas g. Amalia, p. Belfat, 2,000 arrobas tasaJo, 400 cajas y 2 bocoyes azúcar, 50 pipas vino y 8. bar. cerveza;;Amalia;;;g.;1872_03_15;Matanzas;;
;;N/A:  | N/A: ;;;Cobas;p.;;;;;De idem g. Ennie, p. Cobas. 634 cajas y 76 bocoyes de azúcar;;Ennie;;;g.;1872_03_15;idem;;
;;N/A:  | N/A: ;;;Cobas;p.;;;;;De Baracoa g. Ntra. Sra. de Cárcen, p. Cobas, 43 bocoyes azúcar concentrada y 24 pipas de cai;;Ntra. Sra. de Cárcen;;;g.;1872_03_15;Baracoa;;
;;N/A: ;;;Montero;p.;;;;;De Sierra Mirena g. Habanera, p. Montero, 600 satos carbou;;Habanera;;;g.;1872_03_15;Sierra Mirena;;
;;N/A:  | N/A: ;;;Juan;p.;;;;;De idem g. Generala, p. Juan, 250 cajas de azúcar y E bocoyes idem;;Generala;;;g.;1872_03_15;idem;;
;;N/A: ;;;Alemany;p.;;;;;De idem g. Jóven Pilar, p. Alemany, 500 cajas de azúCar;;Jóven Pilar;;;g.;1872_03_15;idem;;
;;N/A:  | N/A:  | N/A:  | N/A:  | N/A:  | N/A:  | N/A: ;;;Perelló;p.;;;;;"De idem g. Tres Marias, p. Perelló. 350 cajas y 50 bocoves azúcar. 13 cajas muebles; I barriles efectos do cocina. 1 bulto ropa y 1 carpeta";;Tres Marias;;;g.;1872_03_15;idem;;
;;N/A:  | N/A: ;;;Cabrera;p.;;;;;De Sierra Morena g. Seis Manuelas, p. Cabrera. 829 cajasszúcar y 24 becoyes concentrado;;Seis Manuelas;;;g.;1872_03_15;Sierra Morena;;
;;N/A: ;;;;p.;;;;;De la Teja gelen p. Torres, 330 cajas de azúcar;;Torres;;;gelen;1872_03_15;la Teja;;
;;N/A:  | N/A: ;;;Coyula;p.;;;;;De idem g. Dos Sofias, p. Coyula, viú cajas y 40 bocoyes azúcar;;Dos Sofias;;;g.;1872_03_15;idem;;
;;N/A:  | N/A:  | N/A:  | N/A:  | N/A:  | N/A:  | N/A:  | N/A:  | N/A:  | N/A:  | N/A:  | N/A:  | N/A:  | N/A:  | N/A:  | N/A:  | N/A:  | N/A: ;;;Rivas;p.;;;;;De Nuevitas g. Emilia. p. Rivas, 3,000 tivisies, 4 cajas fósforos, 2 barriles sebo, 285 caеros al pelo, 151 idem salados, 386 idem secos, 191 idem nounatos, 10 barriles brea, 1 barril almendras, 194 caballos majagua, 41 serotas guano, 5 sacos carbon, 5 lios sogas majagua, 2 garrafones miel de abejas, arroba cera. 5 bultos muebles, 16 idem equipaje y varios muebles;;Emilia;;;g.;1872_03_15;Nuevitas;;
;;N/A:  | N/A: ;;;Durán;p.;;;;;De Baracoa g. Deloritas, p. Durán, 114 cajas y 45 bocoves azúcar;;Deloritas;;;g.;1872_03_15;Baracoa;;
;;N/A: ;;;Basilio;p.;;;;;De Cardenas Jóven Carlota, p. Basilio, 500 cajas de azúcar;;Jóven Carlota;;;p.;1872_03_15;Cardenas;;
;;;;;Sulá;p.;;;;;De Rio de la Palmia g. Leon, p. Sulá, en lastre;;Leon;;;g.;1872_03_15;Rio de la Palmia;;
;;;;;Deulofeo;p.;;;;;De Cabañas gol. Nuestra Sra. del Carmen, p. Deulofeo 360 e. aztear.;;Nuestra Sra. del Carmen;;;gol.;1872_03_16;Cabañas;;
;;N/A:  | N/A: ;;;Rodriguez;p.;;;;;De idem g. Cétiro p. Rodriguez: 350 c. azúcar 6 pipas guardiente.;;Cétiro;;;g.;1872_03_16;idem;;
Día null:;;N/A:  | N/A: ;;;Lopez;pat.;;;;;De idem g. Caballo Marino pat. Lopez: 370 c. azúcar, 34 pp. aguardiente.;;Caballo Marino;;;g.;1872_03_16;idem;;
;;N/A: ;;;Perera;pat.;;;;;De Ortigosa goleta Bahia Honda, pat. Perera: 475 caas azúcar..;;Bahia Honda;;;goleta;1872_03_16;Ortigosa;;
;;N/A: ;;;Amaya;pat.;;;;;De la Dominica goleta Isabelita. pat. Amaya, 189 caas azúcar.;;Isabelita;;;goleta;1872_03_16;Dominica;;
Día null:;;N/A:  | N/A: ;;;Gonzalez;pat.;;;;;Del Maniel gol. Altagracia pat. Gonzalez: 350 c. azúcar, 150 cortes de caja.;;Altagracia;;;gol.;1872_03_16;Maniel;;
;;N/A: ;;;Ferrer;p.;;;;;De Banos bote Cecilia Manuela. p. Ferrer. 32 bocayes mascabado.;;Cecilia Manuela;;;bote;1872_03_16;Banos;;
;;N/A:  | N/A:  | N/A:  | N/A:  | N/A: ;;;Subirat;p.;;;;;De Moron Paquete de Moron p. Subirat, 200 caballos. leña, 150 eneros al pelo, 107 reses. 20 arrobas cera, 2 tercerolas sebo.;;Moron;;;Paquete;1872_03_16;Moron;;
;;N/A:  | N/A:  | N/A:  | N/A:  | N/A: ;;;Sans;p.;;;;;De Sagua la Grande g. Nueva Eugenia, p. Sans: 400 docencs segas majagua, 160 caballos lefia, 130 palos júwaro, 4 baules equipaje, 1 bafiadera.;;Nueva Eugenia;;;g.;1872_03_16;Sagua la Grande;;
;;N/A:  | N/A: ;;;Pelaez;p.;;;;;De Sierra Morena g. Engracia. p. Pelaez: 30e.azar, 14 pp. aguardiente.;;Engracia;;;g.;1872_03_16;Sierra Morena;;
;;N/A: ;;;Galy;patrón;;;;;De la Teja goleta Gallego patron Galy: 200 sacos carbon.;;Gallego;;;goleta;1872_03_16;la Teja;;
;;N/A: ;;;Orbay;pat.;;;;;De iden goleta Ceferina, pat. Orbay: 600 sacos carbon. De idem geleta Isabel Segunda, pat. Perez: 700 sacos carbon.;;Ceferina;;;goleta;1872_03_16;iden;;
;;N/A:  | N/A: ;;;Pavla;p.;;;;;De Cárdenas gol. General la Mar, p. Pavla: 280 cajas azúcar, o horoyes miel de pnrga.;;General la Mar;;;gol.;1872_03_16;Cárdenas;;
;;N/A:  | N/A: ;;;Roselló;p.;;;;;De idem gul. Jóven Gertrudis, p. Roselló: 200 e. y 100 boes, azúcar.;;Jóven Gertrudis;;;gul.;1872_03_16;idem;;
;;N/A:  | N/A: ;;;Herrera;p.;;;;;De ipem g. Mercedita. p. Herrera, 425 e. y 25 bocoyes azúcar.;;Mercedita;;;g.;1872_03_16;ipem;;
;;N/A:  | N/A:  | N/A: ;;;Vazquez;pat.;;;;;De idem g. Joaquina, pat. Vazquez: 4-0 c. y 49 boe wes azúcar. De idem g. Maria Josefa, pat. Martin. 700 cajas azuar.;;Joaquina;;;g.;1872_03_16;idem;;
;;N/A:  | N/A:  | N/A:  | N/A:  | N/A:  | N/A:  | N/A:  | N/A: ;;;Martin;pat.;;;;;De Cárdenas g. Doña Maria del Carmen, pat. Martin 00 e. azúcar. 500 e. arencones, 60 pipas viño, 50 latas almendras, 20 barriles papas, 10 jamiones, 2 bariiles accite de euco, 2e. cigarros.;;Doña Maria del Carmen;;;g.;1872_03_16;Cárdenas;;
;;N/A:  | N/A:  | N/A:  | N/A:  | N/A:  | N/A:  | N/A: ;;;Fuentes;p.;;;;;De Matanzas . Ignacita, p. Fuentes: 380 e. azúcar 16 coyes idem concentrada. 11 pipas vacias, 4 llos y 2 c. cera, 1 moviliario usado. De Canasi g. Sabas p. Colomar: 118 c. y GS bocoyes znicar. De Cabañas goleta Maria, pat. Cervera, 600 cajas azúcar. Del Mariel goleta Quintina. patron Lopez, 323 cajas azúcar. De la Teja gol. Manuela de Sagua, pat. Ros: 600 sacos carbon.;;Ignacita;;;;1872_03_16;Matanzas;;
;;N/A: ;;;Pargas;p.;;;;;De Caibarien gol. Daniel p. Pargas, 106 reses.;;Daniel;;;gol.;1872_03_16;Caibarien;;
;;N/A:  | N/A:  | N/A:  | N/A:  | N/A:  | N/A:  | N/A:  | N/A:  | N/A:  | N/A:  | N/A: ;;;Barrera;cap.;;;;;De Cárdenas vap. Cárdenas, cap. Barrera, 1200 cajas azúcar, 21 barril aceitunas, 3 fardos carnaza. De Santa Cruz g. Maria del Rosario. p. Macip, 200 caasy 30 bocoyes azúcar, 70 cerdos. He Canast g. Correo do Canasi, p. Suero, 250 e. azúcar 6 pp. aguardiente. De Bahia Honda g. Mercedita. pat. Ferrer. 266 cajas zúcar, 6 pp. aguardiente, De Banes goleta Concha. patron Padilla, 260 cajas;;Cárdenas;;;vap.;1872_03_16;Cárdenas;;
;;N/A: ;;;Rodriguez;pat.;;;;;De la Teja gol, Diana, pat. Rodriguez, 600 sacos car bon.;;Diana;;;gol;1872_03_17;la Teja;;
;;N/A: ;;;Tolèdo;pat.;;;;;De la Teja gol, San José, pat. Tolèdo, 300 cajas azúcar.;;San José;;;gol;1872_03_17;la Teja;;
;;N/A:  | N/A: ;;;Viera;pat.;;;;;De Jarneo gol, Jaraquéña, pat. Viera, 110 c. azúcar y 28 pipas aguardiente.;;Jaraquéña;;;gol;1872_03_17;Jarneo;;
;;N/A: ;;;Duran;p.;;;;;De Janes bote Xtra. Sra. del Carmen, p. Duran, 140 c. azúcar.;;Xtra. Sra. del Carmen;;;bote;1872_03_17;Janes;;
;;N/A:  | N/A: ;;;Pujol;p.;;;;;De Sta. Cruz g. Nuevo Halo, p. Pujol, 102 c. azúcar y 10 s. frijoles.;;Nuevo Halo;;;g.;1872_03_17;Sta. Cruz;;
;;N/A:  | N/A: ;;;Escandell;p.;;;;;De B. Honda gol. Bonifacia, p. Escandell, 69 c. y 18 bocoves azúcar.;;Bonifacia;;;gol.;1872_03_17;B. Honda;;
;;N/A: ;;;Arochá;p.;;;;;De Cabañas gol. Manuela, p. Arochá, 320,cajas azu̸car.;;Manuela;;;gol.;1872_03_17;Cabañas;;
;;N/A: ;;;Pag;p.;;;;;De Sierra Morena g. Tres Hermanas, p. Pag, 600 sacos carbon.;;Tres Hermanas;;;g.;1872_03_17;Sierra Morena;;
;;N/A: ;;;Dobarro;p.;;;;;De Sierra Morena gel. Jóven Magdalena, p. Dobarro, 1500 s. carbon.;;Jóven Magdalena;;;gel.;1872_03_17;Sierra Morena;;
;;N/A: ;;;Rojas;patron;;;;;De la Teja gol, Castilla, patron Rojas, 400 cajas azúcar.;;Castilla;;;gol;1872_03_17;la Teja;;
;;N/A:  | N/A:  | N/A: ;;;Inclan;patron;;;;;De Cabañas gol, Josefa, patron Inclan, 400 c. y 20 bocoyes azúcar, 10 boes. id.;;Josefa;;;gol;1872_03_17;Cabañas;;
;;N/A:  | N/A: ;;;Carbonell;pat.;;;;;De Matanzas gol. Margarita pat. Carbonell, 500 cajas y 20 boes, azúcar.;;Margarita;;;gol.;1872_03_17;Matanzas;;
;;N/A:  | N/A:  | N/A:  | N/A:  | N/A:  | N/A:  | N/A:  | N/A:  | N/A:  | N/A:  | N/A:  | N/A:  | N/A:  | N/A: ;;;Bern zar;p.;;;;;De Nuevitas berg, gol. Segunda Cantinera, p. Bern zar: 370 sacos carin, 1eneros secos, 100 resés, 29 ter els tabaco, 5 barriles sebo, 13 fardos hilo. 5 macute cera, 5 campanas, 5 cajas cobre viejo, 4 calas libros. bariles cigarros, 2 cajas dulce. 1 bailito ropa, 1 ca efectos de metal.;;Segunda Cantinera;;;berg;1872_03_19;Nuevitas;;
Día 01:;;N/A: ;;;Ventura;p.;;;;;De Sagua la Grande gol. Trafalgar, p. Ventura: 16 sacos carbon.;;Trafalgar;;;gol.;1872_03_19;Sagua la Grande;;
;;N/A: ;;;Cordero;p.;;;;;De Sierra Morena gel. Molestadora, p. Cordero: 3 cajas 16 bucoyes azucar.;;Molestadora;;;gel.;1872_03_19;Sierra Morena;;
;;N/A:  | N/A: ;;;Santo Domingo;p.;;;;;"De Sierra Morena gol. Brillante. p. Santo Domingo; 62 cajas azúcar y pipas aguardiente.";;Brillante.;;;gol.;1872_03_19;Sierra Morena;;
;;N/A: ;;;Rolg;p.;;;;;De la Teja Paquete de Nuevitas, p. Rolg: sace carbon.;;Nuevitas;;;Paquete;1872_03_19;Teja;;
;;N/A: ;;;Martinez;p.;;;;;De la Teja dro, Covadonga, p. Martinez: 400 sace carbon.;;Covadonga;;;dro;1872_03_19;la Teja;;
;;N/A: ;;;Pujol;p.;;;;;De Cárdenas g. Clio, p. Pujol: 600 c. azúcar.;;Clio;;;g.;1872_03_19;Cárdenas;;
;;N/A: ;;;Gonzalez;p.;;;;;De Cárdenas berg. gel. Amistad. p. Gonzalez: 40 caja azivar.;gel.;Amistad;;;berg.;1872_03_19;Cárdenas;;
;;N/A:  | N/A: ;;;Badaró;p.;;;;;De Cárdenas g. Victoria. p. Badaró, 430 cajas y 35 bo coyes azúcar.;;Victoria;;;g.;1872_03_19;Cárdenas;;
;;N/A: ;;;Dardet;p.;;;;;De Cardenas g. Rosita, p. Dardet: 520 cajas azúcar.;;Rosita;;;g.;1872_03_19;Cardenas;;
;;N/A: ;;;Nunez;p.;;;;;De Cárdenas. N. s. del Carmen, p. Nunez. 310 caja azúcar.;;del Carmen;;;N. s.;1872_03_19;Cárdenas;;
;;N/A:  | N/A: ;;;Enseñat;p.;;;;;De Cárdenas g. Tres Teresas, p. Enseñat: 450 cujas 40 boe. azúcar,;;Tres Teresas;;;g.;1872_03_19;Cárdenas;;
;;N/A: ;;;Tortellar;p.;;;;;De Cárdenasg. Araneana. p. Tortellar 400 cajas azú car.;;Araneana.;;;g.;1872_03_19;Cárdenasg;;
;;N/A: ;;;Bosch;p.;;;;;"De Cardenas g. Juanita. p. Bosch; 600 e, azúcar.";;Juanita;;;g.;1872_03_19;Cardenas;;
;;N/A:  | N/A:  | N/A:  | N/A:  | N/A: ;;;Perelló;p.;;;;;"De Cárdenas g. Tres Mallas, p. Perelló, 360 cajas y be, azúcar. De Matanzas g. Maria, p. Cudillero; 400 cajas, 24 bo royes y 6 estuches azúcar, 20 tercerolas miel do purga";;Tres Mallas;;;g.;1872_03_19;Cárdenas;;
;;N/A: ;;;Villa;p.;;;;;De Morrillo g. Feliz, p. Villa: 50 bocoyes mascabado.;;Feliz;;;g.;1872_03_19;Morrillo;;
;;N/A:  | N/A:  | N/A:  | N/A:  | N/A: ;;;;p.;;;;;"De idem bro. Hilario, p. Azua: 160 sacos carbon, 40 ca ballos leña. De la Mulata g. Dolores, p. Escanellas; 500 sacos lear bon, 10 tendidos sogas majagua y 20 fanegas maiz.";;Hilario;;;bro.;1872_03_19;idem;;
;;;;;Pujol;pat.;;;;;-Cárdenas gol. Clio, pat. Pujol,;;Clio;;;gol.;1872_03_20;Cárdenas;;
;;N/A: ;;;Lopez;patron;;;;;De Sierra Morena g. Amalia, patron Lopez: 300 cajas azúcar.;;Amalia;;;g.;1872_03_22;Sierra Morena;;
;;N/A: ;;;Gonzalez;pat.;;;;;De idem goleta Sofia, patron Gonzalez: 500 cajas azúcar.;;Sofia;;;goleta;1872_03_22;idem;;
;;N/A: ;;;Besch;pation;;;;;De idem goleta Union, pation Besch: 800 cajas azncar.;;Union;;;goleta;1872_03_22;idem;;
;;N/A: ;;;Enseñat;pat.;;;;;De Cárdenas goleta Tres Teresas. patron Enseñat: 690 cajas azúcar.;;Tres Teresas;;;goleta;1872_03_22;Cárdenas;;
;;N/A: ;;;Cuebas;pat.;;;;;De idem geleta Inés, patron Cuebas: 460 cajas azú– car.;;Inés;;;geleta;1872_03_22;idem;;
;;N/A: ;;;Dardet;patrón;;;;;De idem goleta Rosita, patron Dardet: 520 cafas azúcar.;;Rosita;;;goleta;1872_03_22;idem;;
;;N/A:  | N/A:  | N/A:  | N/A:  | N/A: ;;;Virella;pat.;;;;;De idem gol. Matilde, pat. Virella: 500 cajas azúcar 2 cuarterolas miel de abejas. 5 tercios suela. 4 lios carnaza, bocoyes y 1 c. cobre viejo.;;Matilde;;;gol.;1872_03_22;idem;;
;;N/A: ;;;Anglada;pat.;;;;;De la Mulata gol. Santa Ana, pat. Anglada: CCO sacos carbon.;;Santa Ana;;;gol.;1872_03_22;Mulata;;
;;N/A: ;;;Parera;pat.;;;;;De Ortigosa gol. Bahia Honda, pat.. Parera, 475 cajas azúcar.;;Bahia Honda;;;gol.;1872_03_22;Ortigosa;;
Día 01:;;N/A:  | N/A: ;;;Rodriguaz;pat.;;;;;Do Cabañas gol. Céflro, pat. Rodriguaz: 370 c., azúcar, 12pp. aguardiente.;;Céflro;;;gol.;1872_03_22;Cabañas;;
;;N/A:  | N/A: ;;;Lopez;p.;;;;;De idem gel. Caballo Marino, p. Lopez: 100 c. azúcar, 10 pp. aguardiente.;;Caballo Marino;;;gel.;1872_03_22;idem;;
;;N/A: ;;;Padilla;pat.;;;;;De Banes goleta Nueva Concha. pat. Padilla: 260 cajas azúcar.;;Nueva Concha;;;goleta;1872_03_22;Banes;;
;;N/A: ;;;Sisniega;p.;;;;;De Puerto del Padre gol. Expreso de Gibara, p. Sisniega: 142 boeaves azúcar,;;Expreso de Gibara;;;gol.;1872_03_22;Puerto del Padre;;
;;N/A:  | N/A:  | N/A:  | N/A: ;;;Garcia;pat.;;;;;De Morong. Ceferina, pat. Garcia: 145 reses, 80 cueros al pelo. 1 saro con sar. cera.;;Ceferina;;;;1872_03_22;Morong;;
;;N/A: ;;;Cantó;pat.;;;;;Do Sierra Morena gol. Antoñica, pat. Cantó: 550 cajas nzúcar.;;Antoñica;;;gol.;1872_03_22;Sierra Morena;;
;;N/A: ;;;Bosch;pat.;;;;;De Cárdenas goleta Juanita, patron Bosch, 600 cajas azúcar.;;Juanita;;;goleta;1872_03_22;Cárdenas;;
;;N/A: ;;;Perelló;patrón;;;;;De idem goleta Tres Marias, patron Perelló: 550 cajas azúcar.;;Tres Marias;;;goleta;1872_03_22;idem;;
;;N/A: ;;;Fariña;pat.;;;;;De idem goleta Auita, patron Fariña: 880 cajas azά car.;;Auita;;;goleta;1872_03_22;idem;;
;;N/A:  | N/A:  | N/A:  | N/A:  | N/A:  | N/A: ;;;Aloman;pat.;;;;;De idem goleta Panchita pat. Aloman: 480 cajas azúcar 7 tercerolas miel, 6 bocores jamones, 3 c. cigarros, 1 caja agua florida, 1 palo de pino.;;Panchita;;;goleta;1872_03_22;idem;;
;;N/A: ;;;Romero;pataon;;;;;De Arroyo vivero Josefa pataon Romero: 500 pescados vivos.;;Josefa;;;vivero;1872_03_22;Arroyo;;
;;N/A: ;;;Núñez;p.;;;;;De Cárdenas, gol, Ntra. Sra. dol Cármen, p. Núñez, 510 cajas azńcar.;;Ntra. Sra. dol Cármen;;;gol;1872_03_22;Cárdenas;;
;;N/A: ;;;Tartella;pat.;;;;;De Idem, gol. Araucana, patron Tartella, 400 cajaḤ de azúcar.;;Araucana;;;gol.;1872_03_22;Idem;;
;;N/A:  | N/A:  | N/A:  | N/A: ;;;Leal;pat.;;;;;Do Sierra Morena gol. América, pat. Leal, 330 njas azúcar Do Cárdenas gol. Victoria, pat. Badaró, 430 cajasızcar y 33 boc. idem Do Santa Cruz gol. Maria del Rosario, pat. Mach) 94;;América;;;gol.;1872_03_23;Sierra Morena;;
;;N/A:  | N/A:  | N/A:  | N/A:  | N/A:  | N/A:  | N/A:  | N/A:  | N/A: ;;;Cantero;pat.;;;;;I Bajas y 50 boc. azúcar De Cárdenas gol. Rayo, pat. Cantero, 430 cas y 50 Doc. azdcar De Cárdenas gol. Generala, pat, Juan, 100 cajas azu̸ar. Do Cárdenas berg. gol. Amistad, cap. Gonzalez, 840 ajas azúcar De Cárdenas gol. Jóven Carlota, pat. Basilio, 210 cas azúcar De Baracoa gol. Dolorita, pat. Duran, 216 cajas aziar y 20 boc. idem Do Baracos boto Cecilia Manuela. pat. Ferver, 6 tons. Co cal;;Rayo;;;gol.;1872_03_23;Cárdenas;;
;;N/A:  | N/A: ;;;Pujol;p.;;;;;De Santa Cruz bil. Naevo Hilario, p. Pujol, 110 cajas = azúcar y sacos frijoles;;Naevo;;;bil.;1872_03_24;Santa Cruz;;
;;N/A: ;;;Garrin;p.;;;;;De Bahia Honda g. Carmita. p. Garrin, 74 bocoyes mas◄ cabado;;Carmita;;;g.;1872_03_24;Bahia Honda;;
;;N/A: ;;;Escandell;p.;;;;;De Bahia Houda g. Bonifacia, p. Escandell, 230 cajas azúcar;;Bonifacia;;;g.;1872_03_24;Bahia;;
;;N/A:  | N/A: ;;;Vazquez;p.;;;;;De Cárdenas g. Joaquina. p. Vazquez, 500 cajas y 31 bocoyes azúcar;;Joaquina;;;g.;1872_03_24;Cárdenas;;
;;N/A: ;;;Colomar;p.;;;;;De Camasi g. Sabás, p. Colomar, 101 bocoyes miel de purga;;Sabás;;;g.;1872_03_24;Camasi;;
;;N/A:  | N/A: ;;;Inclan;p.;;;;;De Cabañas g. Josefa. p. Inclan, 500 cajas y 16 bocoyes azúcar;;Josefa;;;g.;1872_03_24;Cabañas;;
;;N/A: ;;;Lopez;p.;;;;;De idem g. Quintina. p. Lopez, 327 cajas azúcar;;Quintina;;;g.;1872_03_24;idem;;
;;N/A: ;;;Amaya;p.;;;;;De la Dominica g. Isabelita. p. Amaya, 153.cajas azúcar;;Isabelita;;;g.;1872_03_24;Dominica;;
;;N/A:  | N/A: ;;;Cabrera;p.;;;;;De Sierra Morena g. Seis Manuelas, p. Cabrera, 841 cajas y 20 bocoyes azúcar;;Seis Manuelas;;;g.;1872_03_24;Sierra Morena;;
;;N/A:  | N/A:  | N/A:  | N/A:  | N/A:  | N/A:  | N/A: ;;;Serra;p.;;;;;De Cárdenas g. Trinidad, p. Serra, 3.000 arrobas tasajo. 160 cajas azúcar, 40 pipas vino, 40 barriles cimiento romano. 10 tercios tabaco, 1 lo cueros y 1 caja sillas;;Trinidad;;;g.;1872_03_24;Cárdenas;;
;;N/A: ;;;Durán;p.;;;;;De Jaruco bote Ntra. Sra. del Carmen, p. Durán, 132 cajas azúcar;;Ntra. Sra. del Carmen;;;bote;1872_03_24;Jaruco;;
;;N/A: ;;;Cobas;p.;;;;;De Baracoa g. Ntra. Sra. del Carmen, p. Cobas, 56-bocoves miel de burga;;Ntra. Sra. del Carmen;;;g.;1872_03_24;Baracoa;;
;;N/A:  | N/A:  | N/A: ;;;Bujosa;pat.;;;;;"De Caibarien gol. Pepilla Alvarez, pat. Bujosa; 100 r ses, 100 eneros y 100 caballos leña.";;Pepilla Alvarez;;;gol.;1872_03_27;Caibarien;;
;;N/A:  | N/A:  | N/A: ;;;López;pat.;;;;;De Carahatas gol. Tres Herinanas, pat. López: C05 c jas azúcar, 100 tendidos sogas majagua y 3 tercerol niel de abejas.;;Tres Herinanas;;;gol.;1872_03_27;Carahatas;;
;;N/A:  | N/A: ;;;Cordero;pat.;;;;;"De Sierra Morena gol. Molestadora, pat. Cordero; cajas y 36 locoyes azúcar y 3 cajas efectos";;Molestadora;;;gol.;1872_03_27;Sierra Morena;;
;;N/A:  | N/A: ;;;Pelaez;pat.;;;;;De Sierra Morena gol. Engracia. pat. Pelaez: 70 caj azúcar y “ pipas aguardiente.;;Engracia.;;;gol.;1872_03_27;Sierra Morena;;
;;N/A: ;;;Torres;pat.;;;;;"De la Teja gol. Dorotea, pat. Torres; 330 cajas azúca";;Dorotea;;;gol.;1872_03_27;la Teja;;
;;N/A:  | N/A:  | N/A: ;;;Cayula;pat.;;;;;De la Teja gol. Dos Soflas, pat. Cayula: 270 cajas y bocoyes azúcar, 11qq calamina y 3 bocoyes cobre viejo;;Dos Soflas;;;gol.;1872_03_27;la Teja;;
;;N/A:  | N/A: ;;;Rodriguez;pat.;;;;;De la Teja Dos Amigos, pat. Rodriguez: 220 cajas y bocoyes azúcar y 12 cuarterolas miel de purga;;Dos Amigos;;;;1872_03_27;Teja;;
;;N/A: ;;;Castro;pat.;;;;;"De la Teja gl. Dos do Mayo. pat. Castro; 600 sac carbon.";;Dos do Mayo.;;;gl.;1872_03_27;Teja;;
Día null:;;N/A: ;;;Dapico;pat.;;;;;De la Teja gul. Josefa, pat. Dapico: 600 sacos carbo;;Josefa;;;gul.;1872_03_27;la Teja;;
;;N/A: ;;;Alemañу;pat.;;;;;"De la Teja gol. Enriqueta, pat. Alemañу; 00 sac carbon";;Enriqueta;;;gol.;1872_03_27;la Teja;;
;;N/A: ;;;Pujol;pat.;;;;;"De Rio de la Palma gol. Margarita, pat. Pujol; 600 a es carbon.";;Margarita;;;gol.;1872_03_27;Rio de la Palma;;
;;N/A: ;;;Pujol;pat.;;;;;"De Cárdenas gol, Clio, pat. Pujol; Goo cajas azúcar";;Clio;;;gol;1872_03_27;Cárdenas;;
;;N/A: ;;;Juan;pat.;;;;;"De Cárdenas gol. Nueva Rosita. pat. Juan; 600 caji azúcar.";;Nueva Rosita;;;gol.;1872_03_27;Cárdenas;;
;;N/A: ;;;Herrera;pat.;;;;;De Cárdenas gol. Mercedita. pat. Herrera: 500 caj: azúcar;;Mercedita;;;gol.;1872_03_27;Cárdenas;;
Día null:;;N/A: ;;;Dardet;pat.;;;;;De Cárdenas gol. Kosita, pat. Dardet: 520 cajas azúcn;;Kosita;;;gol.;1872_03_27;Cárdenas;;
;;N/A: ;;;Fariña;pat.;;;;;"De Cárdenas gol. Anita, pat. Fariña; -0 cajas azúca";;Anita;;;gol.;1872_03_27;Cárdenas;;
Día null:;;N/A:  | N/A: ;;;Belfat;pat.;;;;;De Matanzas gol. Amalia, pat. Belfat: 550 cajas y becoyes azúcar;;Amalia;;;gol.;1872_03_27;Matanzas;;
;;N/A:  | N/A:  | N/A: ;;;Fuentea;pat.;;;;;De Matanzas gol. Ignacita, pat. Fuentea: 300 cajas y bocoyes azitear, 45 cajas velas y 1 bocoy latas manteca.;;Ignacita;;;gol.;1872_03_27;Matanzas;;
;;N/A: ;;;Macip;pat.;;;;;De Santa Cruz gol. Maria del Rosario, pat. Macip: 3 cajas azúcar.;;Maria del Rosario;;;gol.;1872_03_27;Santa Cruz;;
Día XX:;;N/A:  | N/A: ;;;Viera;pat.;;;;;De Jarnco gol. Jaruqueña, pat. Viera: 130 cajas azı car y pipas aguardiente.;;Jaruqueña;;;gol.;1872_03_27;Jarnco;;
;;N/A: ;;;Perez;pat.;;;;;De Jaruco gol. Cuatro Hermanas, pat. Perez: 161 cają;;Cuatro Hermanas;;;gol.;1872_03_27;Jaruco;;
Día null:;;N/A:  | N/A: ;;;Berle;pat.;;;;;De Manzanillo berg, gol. Josefa Cornñesa, pat. Berle a: 104 vigas madera dura y 19 majaguns.;;Josefa Cornñesa;;;berg;1872_03_27;Manzanillo;;
;;N/A:  | N/A:  | N/A:  | N/A:  | N/A:  | N/A: ;;;Torres;pat.;;;;;De Guanes y Máutua gol. Trinidad, pat. Torres: 90 a obas cera, 50 tercios tabaco. 50 caballos leña, 20 cuero 20 bar. miel de abejas. 7 sacos laua miraguano;;Trinidad;;;gol.;1872_03_27;Guanes y Máutua;;
;;N/A: ;;;Segui;;;;;;"De Mantua pail. Fénix, pt: Segui; 1000 sacos de carbo";;Fénix;;;pail.;1872_03_27;Mantua;;
;;N/A: ;;;Alemafiy;pat.;;;;;"De Mantua pail. Salvador, pat. Alemafiy; 900 sacos i -carbon.";;Salvador;;;pail.;1872_03_27;Mantua;;
Día XX:;;N/A: ;;;Febrer;pat.;;;;;De Mantua gol. Neptuno, pat. Febrer: 800sacos carbo;;Neptuno;;;gol.;1872_03_27;Mantua;;
;;N/A: ;;;Felicó;pat.;;;;;De Mantua gol. Cuba, pat. Felicó. 600 sacos carbo;;Cuba;;;gol.;1872_03_27;Mantua;;
Día 01:;;N/A:  | N/A:  | N/A:  | N/A:  | N/A:  | N/A:  | N/A:  | N/A:  | N/A: ;;;Flujat;pat.;;;;;De Bajas gol. Josefa, pat. Flujat: 200 varas madera, 19 vacas, 10 caballos leña, 40 arrobas cera, 30 juegos carreta, 17 garrafones, 3 barriles y 2 cuarterolas miel d abejas.;;Josefa;;;gol.;1872_03_27;Bajas;;
;;N/A:  | N/A:  | N/A:  | N/A: ;;;Carbonell;pat.;;;;;De Bajas gol. Matilde, pat. Carbonell: 200 sacos carbo 60 caballos leña y 6 bar. miel de abejas;;Matilde;;;gol.;1872_03_27;Bajas;;
;;N/A: ;;;Pla nell;pat.;;;;;De Malas Aguas guáiro Salvo Virgen Maria, pat. Pla nell: 500 sacos cáscaras de mangle;;Salvo Virgen Maria;;;guáiro;1872_03_27;Malas Aguas;;
;;N/A: ;;;Suao;pat.;;;;;"De la Mulata gol. Especulacion, pat. Suao; 600 sac carbon";;Especulacion;;;gol.;1872_03_27;la Mulata;;
;;N/A:  | N/A: ;;;Ferrer;pat.;;;;;"De Bahia Honda gol. Mercedita. pat. Ferrer; 255 caj azúcar y 10 pipas aguardiente";;Mercedita;;;gol.;1872_03_27;Bahia Honda;;
Día null:;;N/A: ;;;Deulofeo;pat.;;;;;De Cabañas gol. N. S. del Carmen, pat. Deulofeo: 3 cajas azúcar.;;N. S. del Carmen;;;gol.;1872_03_27;Cabañas;;
;;N/A:  | N/A:  | N/A:  | N/A:  | N/A:  | N/A:  | N/A:  | N/A: ;;;Vega;cap.;;;;;De Calbarien y Sagua la Grande vap. Nuevo Almer dares, cap. Vega: 40 pipas aguardiente, 22 bultos nu bles, & serones esponfus, 2 tercerolas y 2 bocoyes miel abejas. 1 silla do inontar, 1 caballo, 1 saquito cera y bar. concentrado;;Nuevo Almer;;;vap.;1872_03_27;Calbarien;;
Día 01:;;N/A: ;;;Cervera;pat.;;;;;De Cabañas gol. Maria, pat. Cervera: 670 cajas azúca;;Maria;;;gol.;1872_03_27;Cabañas;;
Día 01:;;N/A: ;;;Arocha;pat.;;;;;De Cabañas gol. Manuela, pat. Arocha: 324 c. azúca;;Manuela;;;gol.;1872_03_27;Cabañas;;
;;N/A: ;;;Itodriguez;pat.;;;;;"De Cabañas gol. Cétro pat. Itodriguez; 370cajas azúca";;Cétro;;;gol.;1872_03_27;Cabañas;;
;;N/A:  | N/A: ;;;López;pat.;;;;;"De Cabalas gol. Caballo Marino, pat. López; 380 caj azúcar y 26 pipas aguardiente.";;Caballo Marino;;;gol.;1872_03_27;Cabalas;;
;;N/A:  | N/A: ;;;Inclan;pat.;;;;;"De Cabañas gol. Josefa. pat. Inclan; 500 cajas y 20 b coves azúcar";;Josefa;;;gol.;1872_03_27;Cabañas;;
Día null:;;N/A: ;;;Feliá;pat.;;;;;De Mariel gol. Vicenta, pat. Feliá: 240 cajas azúcar.;;Vicenta;;;gol.;1872_03_27;Mariel;;
Día XX:;;N/A: ;;;López;pat.;;;;;De Mariel gol. Quintina pat. López: 326 cajas azúca;;Quintina;;;gol.;1872_03_27;Mariel;;
;;N/A:  | N/A: ;;;Vilasuso;pat.;;;;;"De Martel gol. Conchita, pat. Vilasuso; 370 cajas azi cars 30 pipas aguardiente";;Conchita;;;gol.;1872_03_27;Martel;;
;;N/A:  | N/A: ;;;Gonzalez;pat.;;;;;"De Mariel gol: Altagracia, pat. Gonzalez; 310 cajas a zúcar y 10 pipas aguardiento";;Altagracia;;;gol.;1872_03_27;Mariel;;
;;N/A: ;;;Durán;pat.;;;;;"De Mariel bal. Fernandita, pat. Durán; GG bocoyes a zúcar";;Fernandita;;;bal.;1872_03_27;Mariel;;
;;N/A: ;;;Amaya;pat.;;;;;"De Dominica gol, Isabelita, pat. Amaya; 183 cajas azu car";;Isabelita;;;gol;1872_03_27;Dominica;;
;;N/A: ;;;Durán;pat.;;;;;"De Baracea gol. Dolorita, pat. Durán; 66 bocoyes azı car.";;Dolorita;;;gol.;1872_03_27;Baracea;;
;;N/A: ;;;Betancour;pat.;;;;;De Sonda de Campeche viv. Julia, pat. Betancour 500 pescados, vivos.;;Julia;;;viv.;1872_03_27;Sonda de Campeche;;
;;N/A:  | N/A:  | N/A: ;;;Pujol;pat.;;;;;De Santa Cruz bal. Nvo. Hilario, pat. Pujol: 102 caj azúcar, cuarterolas miel de abejas y 3 cascos cera;;Nvo. Hilario;;;bal.;1872_03_27;Santa Cruz;;
;;N/A: ;;;Riera;pat.;;;;;De la Teja gol. Gallego, pat. Riera, 800 sacos carbor;;Gallego;;;gol.;1872_03_27;la Teja;;
;;N/A: ;;;Castell;pat.;;;;;"De la Teja gol. Estrella (a) Gorrin, pat. Castell; 600 s cos carbon.";;Estrella (a) Gorrin;;;gol.;1872_03_27;la Teja;;
;;N/A: ;;;Toledo;pat.;;;;;"De la Teja gol. San José, pat. Toledo; 300 c. azúcar";;San José;;;gol.;1872_03_27;la Teja;;
;;N/A: ;;;Pazos;pat.;;;;;"eja Teja gol. Leonarda, pat. Pazos; 600 sacos carbe";;Leonarda;;;gol.;1872_03_27;Teja;;
;;N/A:  | N/A:  | N/A:  | N/A:  | N/A: ;;;Barrera;oap.;;;;;De Cárdenas vap. Cárdenas, oap. Barrera: 1200 caja azúcur, 1 pipa chapapote, 1 caja charoles, 1 caja dulce y tercios cueros;;Cárdenas;;;vap.;1872_03_27;Cárdenas;;
;;N/A: ;;;Pavia;pat.;;;;;"De Cárdenas gol. General la Mar, pat. Pavia; 360 caj: azúcar";;General la Mar;;;gol.;1872_03_27;Cárdenas;;
;;N/A: ;;;Enseñlat;pat.;;;;;"Do Cárdenas gol. Tres Teresas; pat. Enseñlat, 600.caj azúcar";;Tres Teresas;;;gol.;1872_03_27;Cárdenas;;
;;N/A: ;;;Roselló;pat.;;;;;"De Cárdenas gol. Jóven Gertrudis, pat. Roselló; 490 ca jas azúcar";;Jóven Gertrudis;;;gol.;1872_03_27;Cárdenas;;
;;N/A: ;;;Tortella;pat.;;;;;"De Cárdenas gol. Araucana, pat. Tortella; 410 cajas a zúcar";;Araucana;;;gol.;1872_03_27;Cárdenas;;
;;N/A: ;;;Du;pat.;;;;;De Jaruco bote Ntra. Sra. del Carmen, pat. Du 1 cajas azúcar;;Ntra. Sra. del Carmen;;;bote;1872_03_27;Jaruco;;
;;N/A:  | N/A: ;;;Lagnarda;pat.;;;;;"De Cabañas gol. Esmeralda, pat. Lagnarda; 446 cajas 29ocoyes azńcar y 12 pipas aguardiente.";;Esmeralda;;;gol.;1872_03_27;Cabañas;;
;;N/A:  | N/A: ;;;Ferrer;oat.;;;;;De Banes bote Cecilla Manuela oat. Ferrer, 12 boc yes mascabado.;;Cecilla Manuela;;;bote;1872_03_27;Banes;;
;;N/A:  | N/A:  | N/A:  | N/A:  | N/A:  | N/A:  | N/A:  | N/A:  | N/A:  | N/A:  | N/A:  | N/A: ;;;Calvo;pat.;;;;;"De Gibarra gol. Matilde, pat. Calvo; 800 sacos carbo 148 erones, 10 caballos leña. 39 seronea yarey, 30 est ras de idem, 10 lios con 114 cabezas suelas, 1 caja papel, seron ajos y 1 saquito cebollas";;Matilde;;;gol.;1872_03_27;Gibarra;;
;;N/A:  | N/A: ;;;Santo Domingo;pat.;;;;;De Sierra Morena gol. Brillante. pat. Santo Domingo 550 cajas y 1G bocoyos azúcar y pipas aguardiente;;Brillante.;;;gol.;1872_03_28;Sierra Morena;;
;;N/A:  | N/A: ;;;Badaró;pat.;;;;;"De Cárdenas gol., Victoria, pat. Badaró; 424 cajas y 32 becoyes azúcar";;Victoria;;;gol.;1872_03_28;Cárdenas;;
;;N/A: ;;;Vazquez;pat.;;;;;De Cárdenas gol. Joaquina, pat. Vazquez: C00 cajas azúcar.;;Joaquina;;;gol.;1872_03_28;Cárdenas;;
;;N/A:  | N/A: ;;;Martin;pat.;;;;;"De Cárdenas gol. Maria Josefa, pat. Martin; 200 cajas y 50 bocoyes azúcar";;Maria Josefa;;;gol.;1872_03_28;Cárdenas;;
;;N/A: ;;;Bosch;pat.;;;;;De Cárdenas gol. Juanita, pat. Bosch: 600 cajas azdC37.;;Juanita;;;gol.;1872_03_28;Cárdenas;;
Día 01:;;N/A: ;;;Nuñez;pat.;;;;;Do Cárdenas gol. Ntra. Sra. del Carmen, pat. Nuñez: 5) cajas azúcar.;;Ntra. Sra. del Carmen;;;gol.;1872_03_28;Cárdenas;;
;;N/A:  | N/A: ;;;Bacilio;pat.;;;;;"He Cadenas gol. Jóven Carlota, pat. Bacilio; 500 cajas azúcar y 2 bocoyes maiz";;Jóven Carlota;;;gol.;1872_03_28;Cadenas;;
;;N/A:  | N/A: ;;;Pocell;pat.;;;;;De Manzanillobdro. Maria, pat. Pocell: 95 piezas madera dura y 5 sacos lana miragnano.;;Maria;;;;1872_03_28;Manzanillobdro;;
Día null:;;N/A:  | N/A:  | N/A: ;;;Villa;pat.;;;;;Del Morrillo gol. Félix, pat. Villa: 40 bocoyes maseabado, 22 tercerolas miel de' purga y 5 tercerolas miel de abojas.;;Félix;;;gol.;1872_03_28;Morrillo;;
;;N/A: ;;;Gortin;pat.;;;;;De Bahia Honda gol. Carmita, pat. Gortin. 400 cajas azúcar.;;Carmita;;;gol.;1872_03_28;Bahia Honda;;
;;N/A:  | N/A: ;;;Padilla;pat.;;;;;De Banes gel. Concha, pat. Padilla: 200 cajas y 70 bocoves azúcar.;;Concha;;;gel.;1872_03_28;Banes;;
;;N/A:  | N/A:  | N/A: ;;;Perez;pat.;;;;;Del Hinojal gol. Justice, pat. Perez: 51 bocoyes y 20 cajás azúcar, 1 cuarterclas miel de purga;;Justice;;;gol.;1872_03_28;Hinojal;;
;;N/A:  | N/A:  | N/A:  | N/A:  | N/A:  | N/A:  | N/A: ;;;Llovet;cap.;;;;;De Santiago de Cuba y escalas vap. Moctezuma. cap. Llovet: 1300 terelos tabaco, 1 caja quincalla, 1 caja y 1 lata efectos, 1 caja dulee. 1 caja peleteria y 5 bultos sebo.;;Moctezuma;;;vap.;1872_03_28;Santiago de Cuba;;
;;N/A:  | N/A:  | N/A:  | N/A:  | N/A:  | N/A:  | N/A:  | N/A:  | N/A:  | N/A:  | N/A:  | N/A:  | N/A:  | N/A:  | N/A:  | N/A:  | N/A: ;;;Gata;cap.;;;;;"De Santiago do Cuba y escalas vapor Cuba, cap. Gata: 5 sacs carao. 2 cajas dinler, 1 caja loza, 1 caja choolate, 1 barril ron, 9 fardos suela, 100 barriles aceite de cuco, 24 barriles limones, 1 idem café. 1 caja con 3000 tabacos. 936 tercios tabaco, bultos equipaje. 1 caballo. 4 cajas efectos y 4 bultos muebles. De Cannal gol. Lola Marina. pat. Colomar; 102 bocoyes miel de patga y 1000 teias.";;Cuba;;;vapor;1872_03_28;Santiago do Cuba;;
;;N/A: ;;;Lopez;pat.;;;;;De Mariel goleta Quintina, patron Lopez, 328 cajas a zúcar.;;Quintina;;;goleta;1872_04_03;Mariel;;
;;N/A:  | N/A:  | N/A:  | N/A:  | N/A:  | N/A:  | N/A:  | N/A:  | N/A:  | N/A:  | N/A:  | N/A: ;;;Fornandez;pat.;;;;;De Calbarien y Sierra Morena goleta Segunda Victoria, pat. Fornandez, 157 cueros, 800 docenas esponjas, 15 atravesaños, 87 palos labrados, 33 marquetas cera, 21 ca Jas chocolate, 8 tercerolas piel do abeja, 5 barriles sebo 2 barriles melado, 2 cajas azúcar, 1 caja cera, 1 caja ro pa.;;Segunda Victoria;;;goleta;1872_04_03;Calbarien;;
;;N/A: ;;;Vilasuso;pat.;;;;;De idem goleta Conchita, patron Vilasuso, 400 cajas azúcar.;;Conchita;;;goleta;1872_04_03;idem;;
;;N/A:  | N/A: ;;;Planell;patrón;;;;;De idem goleta Salve Virgen Maria, patron Planell 9000 ladrillos, 80 quintales cobre viejo.;;Salve Virgen Maria;;;goleta;1872_04_03;idem;;
;;N/A:  | N/A:  | N/A:  | N/A: ;;;Ca brera;patrón;;;;;De Sierra Morena goleta Sels Manuelas, patron Ca brera, 830 cajas y 24 bocoyes azúcar, 4 cajas y 4 barrile efectos.;;Sels Manuelas;;;goleta;1872_04_03;Sierra Morena;;
;;N/A:  | N/A: ;;;Lopez;pat.;;;;;De idem goleta Amalia, patron Lopez, 300 cajas azúca 3 sacos carbon.;;Amalia;;;goleta;1872_04_03;idem;;
;;N/A:  | N/A: ;;;Padilla;patrón;;;;;De Banes goleta Concha. patron Padilla, 200 cajas a zúcar, 40 enarterolas miel de purga.;;Concha;;;goleta;1872_04_03;Banes;;
;;N/A: ;;;Suao;pat.;;;;;De idem goleta Agustina, patron Suao, C00 sacos carbon.;;Agustina;;;goleta;1872_04_03;idem;;
;;N/A: ;;;Perez;patrón;;;;;De Morrillo goleta Isabel Segunda, patron Perez, Gh sacos carbon.;;Isabel Segunda;;;goleta;1872_04_03;Morrillo;;
;;N/A:  | N/A: ;;;Juan;pat.;;;;;De Cárdenas goleta Generala, patron Juan, 208 cajas y34 bocoyes azúcar.;;Generala;;;goleta;1872_04_03;Cárdenas;;
;;N/A:  | N/A: ;;;Masip;pat.;;;;;De Santa Cruz goleta Maria del Rosario, patron Masip. 150 cajas azúcar. 50 bocoyes miel do purga.;;Maria del Rosario;;;goleta;1872_04_03;Santa Cruz;;
;;N/A: ;;;Vazquez;pat.;;;;;De ideni goleta Joaquina, patron Vazquez, 600 cajas a zúcar.;;Joaquina;;;goleta;1872_04_03;ideni;;
;;N/A: ;;;Bernaza;patrón;;;;;De Puorto del Padre goleta Tres Hermanas, patron Bernaza, 104 bocores azúcar.;;Tres Hermanas;;;goleta;1872_04_03;Puorto del Padre;;
;;N/A:  | N/A: ;;;Perelló;pat.;;;;;De idem golota Tres Marias, patron Perelló, 433 cajas y 50 bocoyes azúcar.;;Tres Marias;;;golota;1872_04_03;idem;;
;;N/A:  | N/A: ;;;Sorá;pat.;;;;;De Jaimanitas bote Prosperidad, patron Sorá, 20 bocoyes mascabado, 5000 ladrillos.;;Prosperidad;;;bote;1872_04_03;Jaimanitas;;
;;N/A: ;;;Basilio;patrón;;;;;De idem goleta Jóvon Carlota, patron Basilio, 500 cajas azúcar.;;Jóvon Carlota;;;goleta;1872_04_03;idem;;
;;N/A: ;;;Duran;pat.;;;;;De Jaruco bote Nuestra Señora del Carmen, patron Duran, 139 cajas azúcar,;;Nuestra Señora del Carmen;;;bote;1872_04_03;Jaruco;;
;;N/A: ;;;Bosch;patron;;;;;De idem golota Juanita, patron Bosch, 600 cajas azu̸car.;;Juanita;;;golota;1872_04_03;idem;;
;;N/A: ;;;Amaya;pat.;;;;;De la Dominica goleta Isabelita, patron Amaya, 189 cajas azúcar,;;Isabelita;;;goleta;1872_04_03;Dominica;;
;;N/A:  | N/A: ;;;Inclan;pat.;;;;;De Cabañas goleta Josefa, patron Inclan, 500 cajas azúcar, 18 pipas aguardiente.;;Josefa;;;goleta;1872_04_03;Cabañas;;
;;N/A: ;;;Suao;patrón;;;;;De Canasi goleta Correo de Cauasi, patron Suao, 70 bocoyes miel do purga.;;Correo de Cauasi;;;goleta;1872_04_03;Canasi;;
;;N/A: ;;;Beruaza;pat.;;;;;De Hinojal goleta Potosi, patron Beruaza, 800 sacos carbon.;;Potosi;;;goleta;1872_04_03;Hinojal;;
;;N/A:  | N/A: ;;;Pujol;pat.;;;;;De Santa Cruz balandro Nuovo Hilario, patron Pujol, 110 cajas azúcar, 16 cerdos.;;Nuovo Hilario;;;balandro;1872_04_03;Santa Cruz;;
;;N/A:  | N/A:  | N/A: ;;;Bernaza;pat.;;;;;De Morrillo goleta Britannia, patron Bernaza. 300 sacos carbon, 206 caballos leña 9garrafones miel de abejas.;;Britannia;;;goleta;1872_04_03;Morrillo;;
;;N/A:  | N/A:  | N/A: ;;;Viera;patrón;;;;;De Jaruco goleta Jaruquena. patron Viera, 55 cajas y 25 bocoy es azúcar, 28 pipas aguardiente.;;Jaruquena;;;goleta;1872_04_03;Jaruco;;
;;N/A: ;;;Martin;pat.;;;;;De Cárdenas goleta Maria Josefa, patron Martin. 200;;Maria Josefa;;;goleta;1872_04_03;Cárdenas;;
;;N/A: ;;;Arcina;pat.;;;;;De Mantua goleta María, patron Arcina, 000 ancos carbon.;;María;;;goleta;1872_04_03;Mantua;;
;;N/A: ;;;Gorrin;patrón;;;;;De Bahia Honda goleta Carmita, patron Gorrin, 400 cajas azúcar.;;Carmita;;;goleta;1872_04_03;Bahia Honda;;
;;N/A: ;;;Perera;pat.;;;;;De idem goleta Bonifacia, patron Perera, 200 cajas azúcar.;;Bonifacia;;;goleta;1872_04_03;idem;;
;;N/A: ;;;Deulofeo;pat.;;;;;De Cabañas goleta Nuestra Señora del Carmen, patron Deulofeo, 360 cajas azúcar..;;Nuestra Señora del Carmen;;;goleta;1872_04_03;Cabañas;;
;;N/A: ;;;Arocha;pat.;;;;;De idem goleta Manuela, patron Arocha, 326 cujas asúcar. De idem goleta Céfiro, patron Rodrigues, 340 cajas y 24 beegyen ardent;;Manuela;;;goleta;1872_04_03;idem;;
;;N/A:  | N/A:  | N/A:  | N/A:  | N/A: ;;;Casariego;p.;;;;;De Gibara pailebot Antonia, p. Casariego-74 tosas de caoba, 376 caballos leña, 23 ancos carbon, 19 bocoyes miel le purga, los y3 macutos cobro viejo. De Caibarien, gol. Engracia, p. Albona-200 paquetes tablillas, 100 reses, 100 caballos leña. De Toja, gol. Castilla, p. Rojas-120 cajas do azúcar. 110 idem, gol. Júcaro, p. Rivas-800 sacos do carDon. De Rio de la Palma, gol. Isabelita, p. Garriga-800 acos carbon.;;Antonia;;;pailebot;1872_04_04;Gibara;;
;;;;;;;;;;;De Matanzas gol. Ignacita, patron Fuentes, 350 caJas y 50 bocores azúcar, 2 cajas tabaco, 1 tercerola maneca. De Santa Lucia goleta Leonor, patrou Llado, 230 cajas azúcar y 33 pipas aguardiente. De finojal goleta Justica, patron Perez, 130 cajas y 20 bocoyes astcat, 11 pipas aguardiente y cuartoroles niel do purga. De Mariel goleta Vicenta, patron Fellú, 233 cajas azúar y 10 pipas aguardiente. De Mariel gol. Altagracia, pat. Gonzalez, 450 c. aznicar 14 pinas aguardiente,;;;;;;1872_04_05;;;
;;N/A: ;;;Juan;p.;;;;;De Cárdenas gol. Nueva Rosita. p. Juan, 600 c. azúcar.;;Nueva Rosita;;;gol.;1872_04_06;Cárdenas;;
;;N/A: ;;;Duran;p.;;;;;De Jaruco hote Ntra. Sra. del Carmen, p. Duran, 440 c. azúcar.;;Ntra. Sra. del Carmen;;;hote;1872_04_06;Jaruco;;
;;N/A:  | N/A:  | N/A:  | N/A: ;;;Pacheco;p.;;;;;De Bahia Honda g. Carmita, p. Pacheco, 500 caballes leña, 200 sacos egrbón, 60 sacos cáscara de mangle y Gar. cera.;;Carmita;;;g.;1872_04_06;Bahia Honda;;
;;N/A:  | N/A:  | N/A: ;;;Escanellas;pat.;;;;;"De la Mulata goleta Dolores, patron Escanellas, 100 sacos carbon, 20 garrafones miel"" de abejas y Carrobas cera.";;Dolores;;;goleta;1872_04_06;Mulata;;
;;N/A:  | N/A:  | N/A:  | N/A:  | N/A: ;;;Santo Dominge;pat.;;;;;De Sierra Morena gol. Brillante, pat. Santo Dominge, 321 cajas y 22 bocoyes azúcar, 14 pipas agdte, 10 bocoyes miel de purga y 2 sacos maiz.;;Brillante;;;gol.;1872_04_06;Sierra Morena;;
;;N/A: ;;;Poriones;pat.;;;;;De Mantua goleta Marianita, patron Poriones, 1000 sacos carbon.;;Marianita;;;goleta;1872_04_06;Mantua;;
;;N/A:  | N/A:  | N/A:  | N/A:  | N/A: ;;;Prats;pat.;;;;;De Los l'errosgoleta Providencia, patron Prats, 47 reses vacunas, 300 paquetes tablillas, 55 caballos leña, 12 teres. miel de abejas y 80 eneros al pelo.;;Providencia;;;goleta;1872_04_06;Los l'erros;;
;;N/A:  | N/A: ;;;Cobas;p.;;;;;De Harage. Naestra Sra del Stadel Cármen p. Cobas, 16 boves mici de purga 100 e. azúcar;;Naestra Sra del Stadel Cármen;;;p.;1872_04_07;Harage;;
;;N/A:  | N/A: ;;;Pujol;pat.;;;;;De Cárdenas goleta Clio patron. Pujol 600 cajas de asúDe idem bergantin goleta Amistad p. Gonzalea, $10 e. zúcar;;Clio;;;goleta;1872_04_07;Cárdenas;;
;;N/A:  | N/A:  | N/A: ;;;Vasquez;p.;;;;;De idem g. Forquina p. Vasquez. 500 c. y 40 bocs azúar.;;Forquina;;;g.;1872_04_07;idem;;
;;N/A: ;;;Ensebat;p.;;;;;De idem goleta Tres Teresas p. Ensebat 000 c. azúcar;;Tres Teresas;;;goleta;1872_04_07;idem;;
;;N/A:  | N/A:  | N/A: ;;;Cobas;p.;;;;;De Matanzas g. Emilio p. Cobas 700 c. y. 60 boes azúPretrenes tasajo;;Emilio;;;g.;1872_04_07;Matanzas;;
;;N/A: ;;;Colomar;p.;;;;;De Areas de Camasi g. Sabas p. Colomar, 350 c. de azú Car;;Sabas;;;g.;1872_04_07;Areas de Camasi;;
;;N/A: ;;;Ferrer;p.;;;;;De Bahia Honda %. Mercedita p. Ferrer 250 e azúcar, 10;;Mercedita;;;%;1872_04_07;Bahia Honda;;
;;N/A: ;;;;Dardet;;;;;De Card as Rosita p. Dardet. 55 cajas de azúar;;Rosita;;;p.;1872_04_07;Card;;
;;N/A:  | N/A: ;;;Cantero;p.;;;;;De idem g. Hayo p. Cantero. 160 c. azúcar, 30 boes. de Flem;;Hayo;;;g.;1872_04_07;idem;;
;;N/A:  | N/A:  | N/A:  | N/A: ;;;Cordero;p.;;;;;De Sierra Morena gol. Molestadora, p. Cordero, 560 cajas y 24 bocoyes azúcar, 5 baules efectos y 1 barril me. lado.;;Molestadora;;;gol.;1872_04_09;Sierra Morena;;
;;N/A:  | N/A:  | N/A: ;;;Lopez;p.;;;;;De Sierra Morena g. Amalia, p. Lopez, 300 cajas azúcar, 3 sacos carbon y 2 cajas efectos.;;Amalia;;;g.;1872_04_09;Sierra Morena;;
;;N/A:  | N/A: ;;;Bosch;p;;;;;De Sierra Morena g. Lulon, p, Bosch, 800 cajas arácar 1 maleta rona.;;Lulon;;;g.;1872_04_09;Sierra Morena;;
;;N/A:  | N/A:  | N/A:  | N/A:  | N/A:  | N/A:  | N/A:  | N/A:  | N/A:  | N/A:  | N/A:  | N/A:  | N/A:  | N/A:  | N/A:  | N/A:  | N/A:  | N/A:  | N/A: ;;;Amengual;p.;;;;;aguardiente. Do Rio Blanco goleta Catalina, p. Amengual, 1000 sa-s carbon. Do Ortigosa g. Bahia Honda, p. Perera: 475 c. azúcar pp. agnardiente. De Cabañas goleta Manuela, patren Arocha: 320 cas azúcar.. Do idem g. Esmeralda, p. Laguardia: 135 o. y 39 boyes azúcar, 24 pipas aguardiente. 1 pieza maquina1. De Cárdenas berg, goleta Amistad, p. Barrera: 850 c. úcar. De S. Cayetano Rio Blanco y Babla Honda, vap. Bahia onda cap. Cusi, 95 garrafones miel do abejas, 5 bultos n32 arribas cera. uno idem cobre viejo, 3 c. perdices, se. azúcar, 2 cajas con una máquina de coser. De Trinidad vap. S. Quintin, cap. Artaza: 1 movillario ado. Do Cárdenas vapor Cárdenas, cap. Barrera, 13,000 c. úcar. Do Sta. Cruz g. Maria del Rosario, p. Macip, 55 bocosy 500 c. azúcar. De Cárdenas goleta Tres Teresas, pat. Enseñat: 600 azúcar.;p.;Catalina;;;goleta;1872_04_11;;;
;;N/A:  | N/A:  | N/A:  | N/A:  | N/A:  | N/A:  | N/A: ;;;Cabrer;pat.;;;;;De Sierra Morena gol. Maria, pat. Cabrer, 500 cajas azúcar,3 tercerolas miel do abeja, 3 sacos cera. 8 garrafones melado, 1 bartil cebollas, 2 cajitas huevos y carne.;;Maria;;;gol.;1872_04_12;Sierra Morena;;
Día XX:;;N/A: ;;;Fellú;pat.;;;;;De Mariel gol. Vicenta, pat. Fellú: 210 cajas azúcar..;;Vicenta;;;gol.;1872_04_12;Mariel;;
;;N/A:  | N/A:  | N/A:  | N/A:  | N/A: ;;;Cabrera;pat.;;;;;"Do Sierra Morena gol. Seis Manuelas, pat. Cabrera; 782 cajas y 22 bocovesazúcar, 24 pipas aguardiente, 1 caja ferreteria y 1 baul ropa.";;Seis Manuelas;;;gol.;1872_04_12;Sierra Morena;;
Día XX:;;N/A: ;;;Pavía;pat.;;;;;De Cárdenas gol. General La Mar, pat. Pavía: 350 cajas azúcar.;;General La Mar;;;gol.;1872_04_12;Cárdenas;;
;;N/A:  | N/A:  | N/A:  | N/A:  | N/A:  | N/A: ;;;Caló;pat.;;;;;"Do Gibara y Matanzas gol. Pastora, pat. Caló; 100 fanegas y 100 sacos maiz, 25 cargas leña, 21 toneladas cáscara de mangle, 2 tosas caoba, 1 caja bastones.";;Pastora;;;gol.;1872_04_12;Gibara y Matanzas;;
;;N/A:  | N/A: ;;;López;pat.;;;;;"De Carahatas gol. Tres Hermanas, pat. López; 600 caJaz azúcar y 20 pipaa aguardiente.";;Tres Hermanas;;;gol.;1872_04_12;Carahatas;;
;;N/A:  | N/A:  | N/A: ;;;Gonzalez;pat.;;;;;"Do Sierra Morena gol. Sofia, pat. Gonzalez; 500 cajas azúcar. 15 bultos equipaje y 3 lios seroues.";;Sofia;;;gol.;1872_04_12;Sierra Morena;;
;;N/A: ;;;Dobarro;pat.;;;;;De Sierra Morena gol. Jóven Magdalena, pat, Dobarro: 1500 sacos carbon;;Jóven Magdalena;;;gol.;1872_04_12;Sierra Morena;;
;;N/A: ;;;Joy;pat.;;;;;"De Sierra Morena gol. Tres. Hermanas, pat. Joy; 600 sacos carbon.";;Tres. Hermanas;;;gol.;1872_04_12;Sierra Morena;;
;;N/A: ;;;Riera;pat.;;;;;"De la Teja gol. Gallego, pat. Riera; 800 sacos de carbon.";;Gallego;;;gol.;1872_04_12;la Teja;;
;;N/A:  | N/A:  | N/A: ;;;Cudilleiro;pat.;;;;;"De Matanzas gol. Maria, pat. Cudilleiro; 1000 ar. tasɛjo en serones, 430 cajas y 60 bocoyès azúcar.";;Maria;;;gol.;1872_04_12;Matanzas;;
;;N/A: ;;;Perez;pat.;;;;;"De Jaruco gol. Cuatro Hermanas, pat. Perez; 12) cajas";;Cuatro Hermanas;;;gol.;1872_04_12;Jaruco;;
;;N/A: ;;;Quèsada;pat.;;;;;"Do la Mulata gol. Teresita, pat. Quèsada; 600 sacos de carbon.";;Teresita;;;gol.;1872_04_12;la Mulata;;
;;N/A:  | N/A: ;;;Gonzalez;pat.;;;;;"Del Mariel gol. Altagracia, pat. Gonzalez; 300 cajas azúcar y 20 pipas aguardiente.";;Altagracia;;;gol.;1872_04_12;Mariel;;
;;N/A: ;;;Amage;pat.;;;;;"De Dominica gol. Isabelita, pat. Amage; 155 cajas azúcar.";;Isabelita;;;gol.;1872_04_12;Dominica;;
Día null:;;N/A: ;;;Vives;pat.;;;;;De Mantua gol. Segunda Rosa, pat. Vives: 1000 sacos carbon.;;Segunda Rosa;;;gol.;1872_04_12;Mantua;;
;;N/A: ;;;Tortella;pat.;;;;;"De Cárdenas gol. Araucana, 'pat Tortella; 400 cajas azúcar.";;Araucana;;;gol.;1872_04_12;Cárdenas;;
;;N/A:  | N/A:  | N/A:  | N/A:  | N/A: ;;;Visquerra;pat.;;;;;De Matanzas gel. Dos Hermanas, pat. Visquerra: 560 cajas azúcar, 200 arrobas tasajo en serones, 50 pipas aguardiente, 10 sacos almendras y cajas mueblos.;;Dos Hermanas;;;gel.;1872_04_12;Matanzas;;
;;N/A: ;;;López;pat.;;;;;"De Cabañas gol. Caballo Marine, pat. López; 400 cajas azúcar.";;Caballo Marine;;;gol.;1872_04_12;Cabañas;;
;;N/A: ;;;Rodriguez;pat.;;;;;"De la Teja gol. Dos Amigos, pat. Rodriguez; 320 cajas azúcar.";;Dos Amigos;;;gol.;1872_04_12;la Teja;;
;;N/A:  | N/A:  | N/A:  | N/A:  | N/A:  | N/A:  | N/A:  | N/A:  | N/A:  | N/A:  | N/A:  | N/A:  | N/A:  | N/A:  | N/A:  | N/A:  | N/A:  | N/A: ;;;Rivas;p.;;;;;"De Nuevitas, pailebot ""milia, p. Rivas, 1059 cueros, 170 esteras de guano, 24s atados niajagua, 60 reses. 10 saCos carlon, 14atados guano, 1 bocoy cobro viejo, 1 mula, 1 caballo. De Nuevitas, gol Dichosa, p. Pellicer, GO resos, 10 caas frutas, 1 barril vino, 1 c. calzoncillos. Sagua la Grande, gol. Ramoneita. p. Cabral, 2000 sacos arbon. Do Cardenas, gel. Juanita, p. Besel, 600 cajas de azúar De Teja, gol. Diana, patron Rodriguez, 600 sacos de aben. De Teja. g. Josefa, patron Almansa-600 sacos dearbon. De Cárdenas, gel. Rozita, patroa Dardet-520 cajas de zúcar. Do Santa Cruz, balandro Nuero Hilario, p. Pujol, 150 anegas maiz. De Cayos de Sotavente, vivero Viva, p. Gonzalez-en sire.";;milia;;;pailebot;1872_04_14;Nuevitas;;
;;N/A:  | N/A:  | N/A:  | N/A:  | N/A: ;;;Llovet;cap.;;;;;De Santiago de Cuba y escalas vap: Pájaro del Oceano, cap.! Llovet, 1581 terelos tabaco, 11 bultos muebles, 43 barriles limones, 30 idem aceito de coco, 24 sacoscalo y la lios suela.;;Pájaro del Oceano;;;vap.;1872_04_16;Santiago de Cuba;;
;;N/A:  | N/A:  | N/A:  | N/A:  | N/A:  | N/A:  | N/A: ;;;O'Breaus;pat.;;;;;De Nuevitas pail. Comercio, patron O'Breaus, 300 caballos leña, 103 piezas madera cedro, caoba jigua, 2 bultoa muebles, I carruaje, 1 caja arreos y 1 caballo.;;Comercio;;;pail.;1872_04_16;Nuevitas;;
;;N/A:  | N/A: ;;;Ricoy;patrón;;;;;De Carahatas pailebot Victoria, patron Ricoy, 350 sacos carbon y 200 caballos leña.;;Victoria;;;pailebot;1872_04_16;Carahatas;;
;;N/A:  | N/A: ;;;Santo Domingo;pat.;;;;;De Sierra Morena goleta Brillante, patron Santo Domingo, 650 cajas azúcar y le bocoves miel de purga.;;Brillante;;;goleta;1872_04_16;Sierra Morena;;
;;N/A: ;;;Lopez;patrón;;;;;De Sierra Morena goleta Anglia, patron Lopez, 300 cajas azucar.;;Anglia;;;goleta;1872_04_16;Sierra Morena;;
;;N/A: ;;;Bosch;pat.;;;;;De Sierra Morena goleta Union, patron Bosch, 800 ca jas azúcar.;;Union;;;goleta;1872_04_16;Sierra Morena;;
;;N/A: ;;;Torres;pat.;;;;;De Teja balandro Antoñica, patron Torres, 500 sacoscarbon.;;Antoñica;;;balandro;1872_04_16;Teja;;
;;N/A: ;;;Gonzalez;pat.;;;;;De Cárdenas berg. gol. Amistad, patron Gonzalez, 40 cajas azúcar. De Cárdenas gol. Nueva Rosita, p. Juan, 600 c. azúcar.;;Amistad;;;berg.;1872_04_16;Cárdenas;;
;;N/A: ;;;Vazquez;pat.;;;;;"De Cárdenas gei. Joaquina. pat. Vazquez; 600 cajas azúcar.";;Joaquina.;;;gei.;1872_04_16;Cárdenas;;
;;N/A: ;;;Martin;pat.;;;;;"De Cárdenas gol. Marta Josefa, pat. Martin; o cajas azúcar";;Marta Josefa;;;gol.;1872_04_16;Cárdenas;;
;;N/A: ;;;Nuñez;pat.;;;;;"Do Cárdenas gol. Ntra. Sra. del Carmen, pat. Nuñez; 510 cajas azúcar.";;Ntra. Sra. del Carmen;;;gol.;1872_04_16;Cárdenas;;
;;N/A:  | N/A: ;;;Cuevas;pat.;;;;;De Cárdenas gol, Inés, pat. Cuevas, 409 cajas azúcar y EG latas pineuton.;;Inés;;;gol;1872_04_16;Cárdenas;;
;;N/A:  | N/A:  | N/A:  | N/A:  | N/A: ;;;Vitella;pat.;;;;;Cárdenas goleta Matilde, patron Vitella. 300 e. azúcar, 30 sacos caté, patos pino, 3 fardos suela. Do Cárdenas gol. Tres Teresas, pat. Enseñat, 595 cajas;;Matilde;;;goleta;1872_04_16;Cárdenas;;
;;N/A: ;;;Bacilio;pat.;;;;;De Cárdenas gol. Jóven Carlota, pat. Bacilio: 500 cajas azúcar.;;Jóven Carlota;;;gol.;1872_04_16;Cárdenas;;
;;N/A:  | N/A:  | N/A: ;;;Perelló;pat.;;;;;De Cárdenas gol, Tres Marias, pat. Perelló, 50 cajas azúcar, 6 fardos ropa. 1 caja velas.;;Tres Marias;;;gol;1872_04_16;Cárdenas;;
Día XX:;;N/A:  | N/A:  | N/A:  | N/A: ;;;Cobas;pat.;;;;;De Matanzas gol. Emilio, pat. Cobas, 2000 arrobas tasajo, 400 cajas y 9 bocoyes azúcar, 108 sacos garbanzos, De Bahia Honda gol. Bonifacia, pat. Escandell, 200 paquetes tablillas, 170 cajas azúcar y8 pipas aguardiento.;;Emilio;;;gol.;1872_04_16;Matanzas;;
;;N/A:  | N/A: ;;;Rodriguez;pat.;;;;;Do Cabañas gol. Cefiro, pat. Rodriguez, cajas azúzar y 21 pipas aguardiente. De Cabañas gol. Manuela, pat. Areena, Bajas azúcar.;;Cefiro;;;gol.;1872_04_16;Cabañas;;
;;N/A:  | N/A: ;;;López;pat.;;;;;"De Cabañas gol. Caballo Marino, pat. López; 10 cajas azúcar y 16 pipas aguardiente.";;Caballo Marino;;;gol.;1872_04_16;Cabañas;;
;;N/A:  | N/A:  | N/A:  | N/A:  | N/A:  | N/A:  | N/A:  | N/A:  | N/A:  | N/A:  | N/A:  | N/A:  | N/A:  | N/A:  | N/A:  | N/A:  | N/A:  | N/A:  | N/A:  | N/A:  | N/A:  | N/A:  | N/A:  | N/A:  | N/A:  | N/A: ;;;Duran;pat.;;;;;"De Baracoa gol. Dolorita, pat. Duran, 235 cajas aznear. De Jaimanitas bote Prosperidad, pat. Sorá, 5000 lalrillos. De Sierra Morena gol. Antoñica, pat. Canti: 550 cajas azúcar. De Dominica gol. Isabelita, pat. Amaya; 189 cajas encar. De la Teja gol. Manuela de Sagua, pat. Ros, 800 sacos carbon. De Santiago de Cuba y escalas vap. Cuba, cap. Ochoa. 1500 cajitas arenques, 275 tercios tabaco, 273 cueros, 200 sacos maiz, 32 serones cocos. 9 barriles linones, 20 sacos café, 8 farlos y2 rollos suela, 5 cajas tabacos, 4 bariles cigarros, 3 fardos cera, 3 cajas efectos. 3 idem ropa. 1 barril conac, 1 idem plátanos, 1 idem aceite do coco, 1 cala quincalla, pipa licor. Do Caibarien y Sagua la Grande vap. Nuovo Almenlares, cap. Vega, 65 fercios tabaco 16 lios cuero3, 8 sero es esponjas. 6 cajas chocolate, barriles viandas, 5 dem, cajas y los cobre viejo, 2 cajas efectos, 2 garraTones melado, 1 caja ropa, 1 molino, I cerdo, garrafon manteca. 1 caja azicar. I saco arroz.";;Dolorita;;;gol.;1872_04_16;Baracoa;;
;;N/A: ;;;Torres;pat.;;;;;De la Teja gal. Dorotea, pat, Torres, 330 cajas azúcar. De Rio de la Palma gol. Margarita, pat. Pujol. 600 sa303 carbon. De Cárdenas vap. Cardenas, cap, Barrera, 130 cajas zúcar, 4 cajas agua florida.;;Dorotea;;;gal.;1872_04_16;Teja;;
;;N/A:  | N/A:  | N/A:  | N/A:  | N/A:  | N/A:  | N/A: ;;;Jufré;cap.;;;;;De Cárdenas vap. Comanditario, cap. Jufré, 1231 cajas aznicar. 12 sacos carbon, 12 garraiones melado, 5 cajas, 4 oroyes cobre viejo, 3 lios suela y vaqueta, 2 sacos maiz;;Comanditario;;;vap.;1872_04_16;Cárdenas;;
;;N/A:  | N/A:  | N/A: ;;;Duran;p.;;;;;2 cains zapatos. De Jarue bote Ntra. Sra. del Carmen, p. Duran, 110 e. zúcar. De Santa Cruz gol. Maria del Rosario, pat. Macip. 110 aias y 58 boes, ažúcar.;;Ntra. Sra. del Carmen;;;bote;1872_04_16;Jarue;;
;;N/A: ;;;Martinez;pat.;;;;;De la Teja bal. Covadonga, pat. Martinez, 400 saco carbon.;;Covadonga;;;bal.;1872_04_17;Teja;;
;;N/A: ;;;Roig;pat.;;;;;De Rio de la Palma gel. Paquete de Nuevitas, pat. Roig, 600 sacos carbon.;;Paquete de Nuevitas;;;gel.;1872_04_17;Rio de la Palma;;
;;N/A:  | N/A: ;;;Villa;pat.;;;;;Del Morillo gol. Foliz, pat. Villa, 91 cajas y 4 bocoyes Azúcar  y 36  cuarterolas miel de purga.;;Foliz;;;gol.;1872_04_17;Morillo;;
;;N/A:  | N/A: ;;;Gorrin;pat.;;;;;De Bahia Honda gol. Carmita, pat. Gorrin, 13 cajas y 80 bocoyes azúcar.;;Carmita;;;gol.;1872_04_17;Bahia Honda;;
;;N/A:  | N/A:  | N/A: ;;;luclan;pat.;;;;;De Cabañas gol. Josefa, pat. luclan, 300 cajas y 47 bocoyes azúcar y i pipas agdte.;;Josefa;;;gol.;1872_04_17;Cabañas;;
;;N/A: ;;;Amaya;pat.;;;;;De la Dominica gol. Izabelita, pat. Amaya, 185 cajas azúcar..;;Izabelita;;;gol.;1872_04_17;Dominica;;
;;N/A: ;;;Gonzalez;pat.;;;;;Del Mariel gol. Altagracia, pat. Gonzalez, 100 bocoyes miol de purga.;;Altagracia;;;gol.;1872_04_17;Mariel;;
;;N/A: ;;;Lopez;pat.;;;;;Del Mariel gol. Quintina, pat. Lopez, 330 cajas aznear.;;Quintina;;;gol.;1872_04_17;Mariel;;
;;N/A:  | N/A: ;;;Padilla;pat.;;;;;De Banes gol. Nueva Concha, pat. Padilla, 140 cajas y 50 bocoyes azúcar.;;Nueva Concha;;;gol.;1872_04_17;Banes;;
Día 01:;;N/A: ;;;Rodriguez;pat.;;;;;Do Calafias gol. Cefiro, pat. Rodriguez, 300 cajas azupipas aguardiente. cary 1sDe la Ortigosa gol. Bahia Honda, pat. Perera, 475 cajas azúcar y 12 pipas aguardiente.;;Cefiro;;;gol.;1872_04_17;Calafias;;
;;N/A: ;;;Tertella;pat.;;;;;De Cárdenas gel, Araneana, pat. Tertella, 410 cnjas nzúcar,;;Araneana;;;gel;1872_04_17;Cárdenas;;
;;N/A:  | N/A: ;;;Belfat;pat.;;;;;De Matanzas gol. Amelia, pat. Belfat, CO cajas y 30 bocoyes azúcar.;;Amelia;;;gol.;1872_04_17;Matanzas;;
;;N/A: ;;;Enseñat;pat.;;;;;Gibara berg. Fénix, pat. Enseñat. 10:0 tercios de tabaco.;;Fénix;;;berg.;1872_04_17;Gibara;;
Día XX:;;N/A: ;;;Cusi;cap.;;;;;De San Cayetano, Rio Blanco y Babia Honda, vapo Bahia Honda, cap. Cusi: 919 e. azúcar.;;Bahia Honda;;;vapo;1872_04_18;San Cayetano, Rio Blanco y Babia Honda;;
;;N/A:  | N/A:  | N/A:  | N/A:  | N/A:  | N/A:  | N/A:  | N/A:  | N/A:  | N/A:  | N/A:  | N/A: ;;;Monar;p.;;;;;"De Nuevitas berg. gol. Pirineo, p. Monar; 324 cuero: 150 reses. 75 caballos guano, 28 palos, majagua, 16 barri les sobo, 1 c. sillones de montar, 1 e. longanizas, 1 c. ro pa, 1 barril miel de abejas y 1 fardo desperdicios do algodon.";gol.;Pirineo;;;berg.;1872_04_18;Nuevitas;;
;;N/A: ;;;Villalonga;p.;;;;;De Sierra Morena g. Teresita, p. Villalonga: 800 saco carbon.;;Teresita;;;g.;1872_04_18;Sierra Morena;;
;;N/A: ;;;Montero;p.;;;;;De la Teja g, Habanera, p. Montero, 800 saces de carbill.;;Habanera;;;g;1872_04_18;la Teja;;
;;N/A: ;;;Pavia;p.;;;;;De Cárdenas g. General la Mar. p. Pavia: 350 cajas a zacar.;;General la Mar;;;g.;1872_04_18;Cárdenas;;
;;N/A: ;;;Felicó;p.;;;;;De Mantua g. Cuba, p. Felicó: 700 sacos carbon.;;Cuba;;;g.;1872_04_18;Mantua;;
;;N/A:  | N/A: ;;;Suao;p.;;;;;De la Mulata g. Especulacion, p. Suao: 400 camiones 350 sacos carinan y 15 gar. miel de abeja;;Especulacion;;;g.;1872_04_18;Mulata;;
;;N/A: ;;;Duran;p.;;;;;De Bahia Honda bare. Fernandita, p. Duran: 200 ca ballos leña.;;Fernandita;;;bare.;1872_04_18;Bahia Honda;;
;;N/A:  | N/A:  | N/A:  | N/A:  | N/A: ;;;Viera;p.;;;;;De Jaruco g. Jaruqueña, p. Viera: 144 c. y 8 bucoyes azúcar. 22 pipas aguardiente y 12 bar, frijolen.;;Jaruqueña;;;g.;1872_04_18;Jaruco;;
Día 01:;;N/A: ;;;Jofre;cap.;;;;;De Cárdenas rap. Cárdenas, cap. Jofre, 1300 cajas azúcar. De Santiago do Cuba corbeta Virgen del Monserrat, cap. Fons: 20 atados laton amarillo.;;Cárdenas;;;rap.;1872_04_18;Cárdenas;;
;;N/A: ;;;Leal;pat.;;;;;De Sierra Morena gol. América. pat. Leal, 350 cajas azúcar.;;América;;;gol.;1872_04_19;Sierra Morena;;
;;N/A: ;;;Castro;pat.;;;;;De la Teja gol. Dos de Mayo, pat. Castro, 800 sacos de carbon.;;Dos de Mayo;;;gol.;1872_04_19;la Teja;;
;;N/A: ;;;Alemañy;pat.;;;;;De la Tela gol. Enriqueta, pat. Alemañy, 1000 sacos de carbon.;;Enriqueta;;;gol.;1872_04_19;Tela;;
;;N/A: ;;;Juan;pt.;;;;;De Cárdenas gol. Generala, pt. Juan, 100 cajas azúcar.;;Generala;;;gol.;1872_04_19;Cárdenas;;
;;N/A:  | N/A:  | N/A: ;;;Herrera;pat.;;;;;Do Cardenas gol. Mercedita, pat. Herrera, 325 cajas y 35 bocoyes azúcur.;;Mercedita;;;gol.;1872_04_19;Cardenas;;
;;N/A: ;;;Rosells;pat.;;;;;De Cardenas gol. Jóven' Gertrudis, pat. Rosells, 450 calas azúcar.;;Jóven' Gertrudis;;;gol.;1872_04_19;Cardenas;;
;;N/A: ;;;Alemañy;pat.;;;;;De Cárdenas gol. Jóven Pilar, pat. Alemañy, 500 cajas aznicar.;;Jóven Pilar;;;gol.;1872_04_19;Cárdenas;;
;;N/A: ;;;Dardet;pat.;;;;;De Cárdenas gol. Rosita, pat. Dardet. 320 cajas azúcar.;;Rosita;;;gol.;1872_04_19;Cárdenas;;
;;N/A: ;;;Fariña;pat.;;;;;De Cárdenas gol. Anita, pat. Fariña, o cajas azúcar;;Anita;;;gol.;1872_04_19;Cárdenas;;
;;N/A:  | N/A:  | N/A: ;;;Cudilleiro;pat.;;;;;De Matanzasel. Maria, pat. Cudilleiro, 500 cajas 21 bocoyos azúcar. 300 barriles harina. 34 sacos arroz.;;Maria;;;;1872_04_19;Matanzasel;;
;;N/A: ;;;Colomar;pat.;;;;;De Canast gol. Lola Marina, pat. Colomar, 50 bocoyer mascabado;;Lola Marina;;;gol.;1872_04_19;Canast;;
;;N/A:  | N/A: ;;;Suaso;pat.;;;;;De Cartas gud. Salas, pat. Suaso, 100 bocores miel de purga y un equipaie.;;Salas;;;gud.;1872_04_19;Cartas;;
;;N/A: ;;;Maeln;pat.;;;;;De Santa Cruz gol. Maria del Rosario, pat. Maeln, 300 cajas azúcar.;;Maria del Rosario;;;gol.;1872_04_19;Santa Cruz;;
;;N/A:  | N/A: ;;;Lladó;pat.;;;;;DeSanta Lucia gol. Leonor, pat. Lladó, 250 cajas azú- | car y pipas aguardiente.;;Leonor;;;gol.;1872_04_19;Santa Lucia;;
;;N/A: ;;;Arocha;pat.;;;;;De Cabañas gol. Manuela, pat. Arocha. 320 calas azá- | Car.;;Manuela;;;gol.;1872_04_19;Cabañas;;
;;N/A: ;;;Amaya;pat.;;;;;De la Dominica gól. Isabelita, pat. Amaya, 189 cajas a'úcar.;;Isabelita;;;gól.;1872_04_19;Dominica;;
;;N/A: ;;;Vilasuso;pat.;;;;;Del Mariel gol. Conchita, pat. Vilasuso. 120 bocayes tul de purga.;;Conchita;;;gol.;1872_04_19;Mariel;;
;;N/A: ;;;Nuñez;pat.;;;;;De Baues bote Cecilia Manuela. pat. Nuñez, 32 bucoyes nascabado.;;Cecilia Manuela;;;bote;1872_04_19;Baues;;
;;N/A: ;;;Enseñat;pat.;;;;;Do Cárdenas gol. Tres Teresas. pat. Enseñat, 600 cajas azúcar.;;Tres Teresas;;;gol.;1872_04_19;Cárdenas;;
;;N/A: ;;;Lopez;pat.;;;;;Del Mariel gol. Quintina. pat. Lopez. 323 cajas azúcar;;Quintina;;;gol.;1872_04_19;Mariel;;
;;N/A: ;;;Durau;pat.;;;;;De Jaruco bote Ntra. Sra. del Carmen, pat. Durau. bocores miel de purga.;;Ntra. Sra. del Carmen;;;bote;1872_04_19;Jaruco;;
;;N/A:  | N/A:  | N/A:  | N/A:  | N/A:  | N/A: ;;;Jofre;cap.;;;;;De Cárdenas vep. Comanditario, cap. Jofre, 1230 cajar azúcar, 2 catuches idem. 1 enja tabaco, dulcey café, 3 lios suela y vaquota.;;Comanditario;;;vep.;1872_04_19;Cárdenas;;
;;N/A:  | N/A: ;;;Juan;pat.;;;;;Do Cardenas gol. Nuero Rosita, pat. Juan. 420 cojas y 60 bocoves azúcar.;;Nuero Rosita;;;gol.;1872_04_19;Cardenas;;
;;N/A: ;;;Durán;pat.;;;;;Do Baracoa gol. Dolorita, pat. Durán, M cajas v 30 bocoye azúcar.;;Dolorita;;;gol.;1872_04_19;Baracoa;;
;;N/A: ;;;Cobas;pat.;;;;;Do Baracoa gol. N. Sra. del Cármen, pat. Cobas, 50 bo coyes mascabado,;;N. Sra. del Cármen;;;gol.;1872_04_19;Baracoa;;
;;N/A:  | N/A:  | N/A: ;;;Corlero;patrón;;;;;De Sierra Moreus golat dastadora, patron Corlero. Go cajas azucar, 16 pipas y 1 barril aguardiente, terrina teenindora' San José, ai Patron o;;dastadora;;;golat;1872_04_20;Sierra Moreus;;
;;N/A: ;;;Matin;pat.;;;;;De Cardonas goleta D4 Maria del Carmen, patron Matin, 660 cajas azúcar. De Cárdenas geleta Clio, patron Pujol, Gon cajas a’ñcar.;;D4 Maria del Carmen;;;goleta;1872_04_20;Cardonas;;
;;N/A:  | N/A:  | N/A:  | N/A:  | N/A: ;;;Vazquez;pat.;;;;;De thirdenas geleta Joaquiza, patron Vazquez, 500 vaas y 46 borayes azúcar. De Cárdenas goleta Tres Marias, patron Perelló, 560 alas v2 estuches azñear, 1 bulto badanas. 1 barril café.;;Joaquiza;;;geleta;1872_04_20;thirdenas;;
;;N/A:  | N/A: ;;;Carbonell;pat.;;;;;De Matanzas gol. Elvira, pat. Carbonell, 200 cajaa y 50 Cocoyes azúcar.;;Elvira;;;gol.;1872_04_20;Matanzas;;
;;N/A:  | N/A:  | N/A:  | N/A: ;;;Perez;pat.;;;;;De Mantua goleta Isabel II. patron Perez, 100 Ḥacos at hou. Do Bajas gnairo Matilde, patron Pujol, 200 sacos caron, & caballos leña, 4 barriles miel de abejas. De la Mulata guairo Lugardita. patron Duran, 20 pa08, 30 caballos leña.;;Isabel II;;;goleta;1872_04_20;Mantua;;
;;N/A:  | N/A: ;;;Lopoz;patrón;;;;;De Cabañas goleta Caballo Marino, patron Lopoz. 400 Cajaa azúcar, 10 pipas aguardiente.;;Caballo Marino;;;goleta;1872_04_20;Cabañas;;
;;N/A: ;;;Cervera;pat.;;;;;De Cabañas goleta Maria, patron Cervera, 1105 sacos;;Maria;;;goleta;1872_04_20;Cabañas;;
;;N/A:  | N/A:  | N/A: ;;;Inclan;pat.;;;;;De Cabañas goleta Josef, patron Inclan. Dajasaúcar. Is pipas aguardiente. Do Mariel oleta Vicenta. patron Feini. Tejas azúzar y 30 piras aguardiente,;;Josef;;;goleta;1872_04_20;Cabañas;;
;;N/A:  | N/A: ;;;Tosch;pat.;;;;;De idem goleta Union, patron Tosch, c. azñear. 1 4. carben.;;Union;;;goleta;1872_04_23;idem;;
;;N/A: ;;;Suan;patrón;;;;;De idem goleta Agustina, patron Suan, 700 sacos car bon.;;Agustina;;;goleta;1872_04_23;idem;;
;;N/A: ;;;Coyula;patrón;;;;;De la Teja goleta Dos Soilas, patron Coyula, 220 c. a zúcar.;;Dos Soilas;;;goleta;1872_04_23;Teja;;
;;N/A: ;;;Rivas;pat.;;;;;De idem goleta Júcaro, patron Rivas. 800 8. carbon.;;Júcaro;;;goleta;1872_04_23;idem;;
;;N/A:  | N/A: ;;;Herrera;pat.;;;;;De Siguapas goleta Mercedita, patron Herrera, 381 c y 39 bocoyce azúcar.;;Mercedita;;;goleta;1872_04_23;Siguapas;;
;;N/A: ;;;Pavia;pat.;;;;;De idem goleta General la Mar, patron Pavia, 360 e. a zúcar.;;General la Mar;;;goleta;1872_04_23;idem;;
;;N/A: ;;;Juan;pat.;;;;;De idem goleta Generala, patron Juan, 400 c. azúcar.;;Generala;;;goleta;1872_04_23;idem;;
;;N/A: ;;;Alemanly;pat.;;;;;De idem goleta Jóven Pilar, patron Alemanly, 500 c. a zúcar.;;Jóven Pilar;;;goleta;1872_04_23;idem;;
;;N/A: ;;;Martiu;patrón;;;;;De idem goleta Maria Josefa, patron Martiu, 700 c. a zúcar.;;Maria Josefa;;;goleta;1872_04_23;idem;;
;;N/A: ;;;Cuebas;pat.;;;;;De idlem goleta Inés, patron Cuebas, 460 cajas azúcar;;Inés;;;goleta;1872_04_23;idlem;;
;;N/A: ;;;Bosch;pat.;;;;;De idem goleta Juanita, patron Bosch, f00 o. azúcar.;;Juanita;;;goleta;1872_04_23;idem;;
;;N/A: ;;;Basilio;pat.;;;;;De idem goleta Joren Carlota, patrou Basilio, 500 e azúcar.;;Joren Carlota;;;goleta;1872_04_23;idem;;
;;N/A: ;;;Tortella;pat.;;;;;De idem goleta Araucana, patron Tortella, 410 c. azú car;;Araucana;;;goleta;1872_04_23;idem;;
;;N/A: ;;;Cantero;pat.;;;;;De idem goleta tayo, patron Cantero, 510 c. azúcar.;;tayo;;;goleta;1872_04_23;idem;;
;;N/A: ;;;Dardet;pat.;;;;;De idem goleta Rosita, patrou Dardet, 520 c. azúcar.;;Rosita;;;goleta;1872_04_23;idem;;
;;N/A:  | N/A:  | N/A:  | N/A:  | N/A:  | N/A: ;;;Alemañy;pat.;;;;;De idemgoleta l'auchlta, patron Alemañy, 490ç. azú oar, 17 s. nueces. 4 barriles iniel de abejas, 1 marqueta cera, 1 pan de azúcar, 1 c. muebles,;;;;;l'auchlta;1872_04_23;idemgoleta;;
;;N/A: ;;;Fariña;pat.;;;;;De idem guleta Anita, patrou Fariña, 850 c. azúcar.;;Anita;;;guleta;1872_04_23;idem;;
;;N/A:  | N/A:  | N/A:  | N/A: ;;;Sevane;pat.;;;;;De idem goleta Altagracia, patron Sevane, 600 saco maiz, 297 bls. harina. 200 c. areuques, 23 latas pimentop.;;Altagracia;;;goleta;1872_04_23;idem;;
;;N/A: ;;;Colas;patrón;;;;;De Matauzas goleta Emilio, patron Colas, 136 c. azó car.;;Emilio;;;goleta;1872_04_23;Matauzas;;
;;N/A: ;;;Suazo;pat.;;;;;De Canasi goleta Sabas, patrou Suazo, 92 bocoyesmascabado.;;Sabas;;;goleta;1872_04_23;Canasi;;
;;N/A:  | N/A:  | N/A:  | N/A: ;;;Perez;pat.;;;;;De Jaruco goleta Cuatro Hermanas, patron Perez, 113 c. y 4 bucoyes azúcar, 12 s. feijoles, 5 pps. aguardiente.;;Cuatro Hermanas;;;goleta;1872_04_23;Jaruco;;
;;N/A:  | N/A: ;;;Maclp.;pat.;;;;;De Santa Cruz goleta Marla del Rosario, patron Maclp. 230 c. y 6 bocoyes mascabo, 100 fanegas maiz.;;Marla del Rosario;;;goleta;1872_04_23;Santa Cruz;;
;;N/A:  | N/A: ;;;Villa;patrón;;;;;De Morrillo goleta Feliz, patron Villa, 55 locoyes mascabado, 6 cuarterolas inlel do purga.;;Feliz;;;goleta;1872_04_23;Morrillo;;
;;N/A:  | N/A: ;;;Escandell;patrón;;;;;De Bahia Honda goleta Bonifacia, patron Escandell, 175 c. azúcar, 20 pps. aguardiente.;;Bonifacia;;;goleta;1872_04_23;Bahia Honda;;
;;N/A:  | N/A:  | N/A: ;;;Laguarda;patrón;;;;;De Caballas goleta Esmeralda, patron Laguarda, 423 c. y 24 bocoyes azúcar 37 tips. aguardiente,;;Esmeralda;;;goleta;1872_04_23;Caballas;;
;;N/A: ;;;Arocha;pat.;;;;;De idem goleta Manuela, patron Arocha. 320 c. azncar.;;Manuela;;;goleta;1872_04_23;idem;;
;;N/A:  | N/A:  | N/A:  | N/A: ;;;Iuclan;patrón;;;;;De idem goleta Josefa, patron Iuclan, 156 c. y 100 bocoyes aancar, 12 pps. aguardiente.;;Josefa;;;goleta;1872_04_23;idem;;
;;N/A:  | N/A: ;;;Lopez;patrón;;;;;"De Mariel goleta Quintina, patron Lopez; 319 c. azılcar, 6 cuarterolas miel de abejas.";;Quintina;;;goleta;1872_04_23;Mariel;;
;;N/A:  | N/A: ;;;Vilasuso;pat.;;;;;De idem goleta Conchita, patron Vilasuso, 370 c. azcar, 26 pps. aguardiente.;;Conchita;;;goleta;1872_04_23;idem;;
;;N/A:  | N/A: ;;;Padilla;pat.;;;;;De Banes goleta Concha, patron Padilla, 100 e. azúcar, 94 Quarterolas miel de purga.;;Concha;;;goleta;1872_04_23;Banes;;
;;N/A: ;;;Duran;pat.;;;;;De Jaruce bote Nuestra Señora del Carmen, patron Duran, 140 c. asdear.;;Nuestra Señora del Carmen;;;bote;1872_04_23;Jaruce;;
;;N/A: ;;;Rodriguez;patrón;;;;;De Cabañas goleta Cefiro, patron Rodriguez, 370 c. azncar.;;Cefiro;;;goleta;1872_04_23;Cabañas;;
;;N/A: ;;;Aulet;pat.;;;;;De idem goleta Prieta, patron Aulet, 20 toneladas a rena;;Prieta;;;goleta;1872_04_23;idem;;
;;N/A: ;;;Rojas;patrón;;;;;De la Teja goleta Castilla, patron Rojas, 490 c. azil- azú car.;;Castilla;;;goleta;1872_04_23;Teja;;
;;N/A:  | N/A: ;;;Jofré;cap.;;;;;De Cárdenas vap. Comanditario, cap. Jofré, 1251 c. a zúcar, 6 terclos cueros.;;Comanditario;;;vap.;1872_04_23;Cárdenas;;
;;N/A: ;;;Badaró;pat.;;;;;De idem goleta Victoria, patron Badaró, 540 c. azdcar.;;Victoria;;;goleta;1872_04_23;idem;;
;;N/A:  | N/A: ;;;Vazquez;pat.;;;;;De idem goleta Joaquina, patron Vazquez, 480 c. y 30 bocoyee asdcar.;;Joaquina;;;goleta;1872_04_23;idem;;
;;N/A: ;;;Amage;pat.;;;;;De la Dominica goleta Isabelita, patron Amage, 189 c. azúcar.;;Isabelita;;;goleta;1872_04_23;Dominica;;
;;;;;;;;;;;"De idem goleta D3 María del Carmen, patron Magrin, 60 a. azúcar.. Do idom goleta Ntra. Sra. del Carmen, patron Nuñez, 10 c. azúcar. De idem goleta Araucans, patron Tortella; 400 c. nzúear, Doʻldem goleta Tres Marias, patton Porelló, 430 c. §°GO opojes ardear. De Santa Crus balandro Nuevo itilario, patron Pujol,"" 12 c. azifçar. De la tiga g. Balia Honda, · p. Perera, 415 c. azd Do Cabañas goleta Altagracia, patron Gonzales, 350 c. azúcar. •Del Mariel goleta Conchita, patron Vilasuno, 415 e. 2– Litar. De la Dominica goleta Isabelita, patron Amaga, 189 ç. túcar. Cabañas g. Ntra. Sra. del Carmen, pat. Deulofeo, 3 . azúcar. De Sierra Morena g. Brillante, p. Santo Domingo, GGO";;;;;;1872_04_25;;;
;;N/A:  | N/A:  | N/A:  | N/A: ;;;Ferrer;pat.;;;;;De Banos bote Cecilia Manuela, pat Ferrer, 30 boes. ascabadu. De Carahates Tres Hermanas, p: Lopes, 560 c. axáar y 20 pipas agdiere Do Cardenas. General la Mar, p. Paria, 380 saja a;;Cecilia Manuela;;;bote;1872_04_25;Banos;;
;;N/A:  | N/A:  | N/A:  | N/A:  | N/A:  | N/A:  | N/A:  | N/A:  | N/A:  | N/A:  | N/A:  | N/A:  | N/A:  | N/A:  | N/A:  | N/A:  | N/A: ;;;Hernandez;g.;;;;;De Sagua do Tánaino, Nuevitas y Matauzas g. Flor de lanes Hernandez, 359 teres, tabaco. 67 caballos majana, 63 sogas idem, 45 cueros, 15 bar harina. 12 Jabon e, azúcar. fardos cera. 32 pp vino De Sten Morena g. Sotia p. Gonzalez, 300 c. azúcar, 21 ar. miel De Teja g. Dorotea p. Torres 339 e, azúcár he daneng. Cuatro Hermanas p. Perez. 162. azer app aguardiente & b. y 1 bar frijoles De Mantua g. Sagna p. Planells, teos. can De Cabañas g. Célito p Rodriguez, azlear 25 pp guardiento Del Mariel g. Quintina p. Lopez, 33 c. azúcar De Cabañas g. Josefa p Inclan 150 c. y Policy, azú De Cárdenas vap. Comanditario esp Jofre 1270 e.azDe Baracoa g. Dolomita p. Duran, 67 bees mascabado;;Flor de lanes;;;do;1872_04_26;Sagua;;
;;N/A:  | N/A: ;;;Fachal;pat.;;;;;De Mayari gol. Celia, pat. Fachal, con 80 tirantes y 70 estacas.;;Celia;;;gol.;1872_05_02;Mayari;;
;;N/A:  | N/A:  | N/A:  | N/A:  | N/A:  | N/A:  | N/A:  | N/A:  | N/A:  | N/A:  | N/A: ;;;Cole;pat.;;;;;De 835 la Grande gol. Paquete de Sagua, pat. Cole. may, com 1000 décamas de sogas da majague, 10 plesas de cedro labrada, 30 aj Jabon. 30 pelo caro, 10 sacos frijoles, 10 latas mantesa, & barriled miel de abejas, 7'3d apo, & idem azúcar. 4 tabales sardinas, 1 caja y 1 saco;;Paquete de Sagua;;;gol.;1872_05_02;835 la Grande;;
;;N/A: ;;;Toledo;pat.;;;;;la Toja gol. San José, pat. Toledo, con 300 cajas de Asd car.;;San José;;;gol.;1872_05_02;Toja;;
;;N/A: ;;;Juan;pat.;;;;;De Cárdenas gol. Generala, pat. Juan, con 400 cajas de azúcar.;;Generala;;;gol.;1872_05_02;Cárdenas;;
;;N/A:  | N/A: ;;;Badaró;pat.;;;;;bidem go). Victoria, pat. Badaró, con 140 cajas y 30 becoy as ascar,;;Victoria;;;bidem;1872_05_02;;;
;;N/A: ;;;Enseñar;pat.;;;;;De idem gol. Trea Tereens, pat. Enseñar, con 600 cajas aznicar.;;Trea Tereens;;;gol.;1872_05_02;idem;;
;;N/A: ;;;Nuñez;pat.;;;;;Doldem gol. Nuestra Señora del Cármion, pat. Nuñez, 510 o istrar.;;Nuestra Señora del Cármion;;;gol.;1872_05_02;Doldem;;
;;N/A: ;;;Suazo;pat.;;;;;De Canasi gol Sabás, pat. Suazo, 330 cajas azúcar.;;Sabás;;;gol;1872_05_02;Canasi;;
;;N/A: ;;;Almanza;pat.;;;;;Del Rio de la Palma gol. Josefa, pat. Almanza, 600 sacon carbon.;;Josefa;;;gol.;1872_05_02;Rio de la Palma;;
;;N/A:  | N/A: ;;;Gonzalez;pat.;;;;;Del Mariel gol. Altagracia' pat. Gonzalez, 300 cajas de asdcar y 20 pipas aguardiente.;;Altagracia';;;gol.;1872_05_02;Mariel;;
;;N/A: ;;;Rojas;pat.;;;;;De la Teja gol. Castilla. pat. Rojas, 4P0 cajas de azú car.;;Castilla.;;;gol.;1872_05_02;la Teja;;
;;N/A: ;;;Dardet;pat.;;;;;De Cárdenas gol. Rosita, pat. Dardet, 520 cajas azdcar.;;Rosita;;;gol.;1872_05_02;Cárdenas;;
;;N/A:  | N/A:  | N/A:  | N/A:  | N/A: ;;;Aleman;pat.;;;;;Da idem gol. Panchita, pat. Aleman, 400 barriles harina, 300 cajas azdica, 2 barrilas vino, 16 cajas frutas y 3 fardos suela.;;Panchita;;;gol.;1872_05_02;idem;;
;;N/A:  | N/A:  | N/A:  | N/A: ;;;Acuña;pt.;;;;;De Sagua la Grande gl. Marianita, pt. Acuña, 500 ten didos majagua, 400 paquetes tiras įdom. 400 sacos carbon 16 caballos leña.;;Marianita;;;gl.;1872_05_02;Sagua la Grande;;
Día XX:;;N/A: ;;;Marţin;pat.;;;;;De Cárdenas gol. Marin Jogeſa, pat. Marţin, 799 cajan par:;;Marin Jogeſa;;;gol.;1872_05_02;Cárdenas;;
;;N/A: ;;;Hernandez;pat.;;;;;Pe Kierra Morena gol. Angelita. pat. Hernandez, KIA cala azacar.;;Angelita;;;gol.;1872_05_02;;;
;;N/A:  | N/A:  | N/A:  | N/A: ;;;Bosch;pat.;;;;;De idem gol. Union, pat. Bosch. cajas azúcar, 3 plpas carbon y viandas, una maza de traplohe;;Union;;;gol.;1872_05_02;idem;;
;;N/A:  | N/A:  | N/A:  | N/A:  | N/A: ;;;Cabrera;pat.;;;;;De idem gol. Seis Manuelas, pat. Cabrera, 782 cajas, 16 bocoyes y estuches de azúcar, 2 barriles y 1 garrafon melado.;;Seis Manuelas;;;gol.;1872_05_02;idem;;
;;N/A:  | N/A:  | N/A:  | N/A:  | N/A:  | N/A:  | N/A:  | N/A:  | N/A:  | N/A:  | N/A:  | N/A:  | N/A:  | N/A:  | N/A: ;;;Arriaga;cap.;;;;;"De Saatiago de Cuba y escalas vapor Cuba; cap. Arriaga, 144 cueroa, 70 cajas coñac, 20 barriles ostiones, 17 dem frijoles, 12 idem limoncs, 6 barriles y 2 cajas ferreerf. 4 fardos augla, bajas efectos de oecritorio, 18 Grones cocos, 3 barilles guayaba; 2 barriles y 1 fardd conchas de caroy. barriles cubre viejo, 1 fardo'efectos.|| caja baratillo, 1 caballo.";;Cuba;;;vapor;1872_05_02;Saatiago de Cuba;;
;;N/A:  | N/A:  | N/A: ;;;Cust;cap.;;;;;De San Cayetano. Rio Blanco y Bahja Honda vapor Babla Honda, cap Cust. 950 cajas agñèár, 12 sacos cüärbony 2 cajas tgliaco. - De Banes holo Cecilia Manuela, pat. Ferrer, 200 gaers y 10 carretada 8.;;Babla Honda;;;vapor;1872_05_02;San Cayetano;;
;;N/A:  | N/A:  | N/A:  | N/A: ;;;Pujol;pat.;;;;;De Santa Cruz balundro Nuevo, Hilario, pat. Pujol, 108 cajas azúcar, 11 sacos albejas. 2 cuarterofas intel de abejas. 2 farditos de cera.;;Nuevo;;;balundro;1872_05_02;Santa Cruz;;
;;N/A: ;;;Inclan;pat.;;;;;Do Cabañas gol. Josefa. pat. Inclan. 500 cajas azúcar;;Josefa;;;gol.;1872_05_02;Cabañas;;
;;N/A:  | N/A:  | N/A:  | N/A:  | N/A:  | N/A:  | N/A:  | N/A:  | N/A: ;;;Marin;p.;;;;;De Mong, Aguila de Ore. p. Marin. 13 reses, 100 ar. de cara. 100 caballos de lei. Generos al pelo. 4 enarerolasy 3 tercerolas iel de abejas De Sierra Morena z. Marla, p. Fernandez, 600 sacos de arion De la Tejag. Magdalena, p. Montell, 300 atravesaños;;Aguila de Ore;;;p.;1872_05_03;Mong;;
;;N/A:  | N/A: ;;;Belfat;p.;;;;;De Matanzas 2: Amantia, p. Belfat, 199 calas y 100 boyes de azúcar;;Amantia;;;p.;1872_05_03;Matanzas;;
;;N/A:  | N/A:  | N/A:  | N/A:  | N/A: ;;;Cobas;p.;;;;;De idem. Emilia p. Cobas, gar, tale, 320 cajas y 100 bcoyes azúcar, 1 cajas Heores, 6 barriles almidou. 2 cajas con un ceche de carril;;Emilia;;;p.;1872_05_03;idem;;
;;;;;Martinez;p.;;;;;De Puerto Escondido g. Carmen, p. Martinez, en lasre;;Carmen;;;g.;1872_05_03;Puerto Escondido;;
;;N/A: ;;;Durán;p.;;;;;De Jaraco bote Ntra. Sra. del Carmen, p. Durán, 10 rajas azúcar;;Ntra. Sra. del Carmen;;;bote;1872_05_03;Jaraco;;
;;N/A: ;;;Febier;p.;;;;;De Mantuag. Francisca tiener. p. Febier. 1000 satos le carbon;;Francisca;;;g.;1872_05_03;Mantuag;;
;;N/A:  | N/A: ;;;Laguardia;p.;;;;;De Cabañas g. Esmeralda p. Laguardia, 400 cajas y 25;;Esmeralda;;;g.;1872_05_03;Cabañas;;
;;N/A: ;;;Planell;p.;;;;;De Banes guairo S, V. Maria. p. Planell. 11.000 ladriDes del pais;;V. Maria;;;guairo;1872_05_03;Banes;;
;;N/A:  | N/A: ;;;Parga;p.;;;;;De Calarien g. Danfel. p. Parga 96 reses y 62 cueros;;Danfel.;;;g.;1872_05_03;Calarien;;
;;N/A: ;;;Barrera;cap.;;;;;De Cárdenas vapor Cárdenas, cap. Barrera, 1200 cajas azúcar;;Cárdenas;;;vapor;1872_05_03;Cárdenas;;
;;N/A:  | N/A:  | N/A:  | N/A: ;;;Jofre;cap.;;;;;De idem vapor Comanditarie, cap. Jofre, 1200 cajas ngar, cajas fideos, lios suela y 1 caja sustancias;;Comanditarie;;;vapor;1872_05_03;idem;;
;;N/A:  | N/A:  | N/A:  | N/A: ;;;Colomar;pat.;;;;;De Saqua la Grande gol. Correo de Canasi, pat. Colomar, 200 duas. sogas majagus, 47 palos maderas duras, 4 c. yigar. licores, 1 o. aracar;;Correo de Canasi;;;gol.;1872_05_04;Saqua la Grande;;
;;N/A:  | N/A:  | N/A: ;;;Rodriguez;pat.;;;;;De Sierra Morena gol. Dos Amigos, pat. Rodriguez, 265 c. azúcar, 28 boo. y 12 cuarts. miel do purga;;Dos Amigos;;;gol.;1872_05_04;Sierra Morena;;
;;N/A: ;;;Gonsales;pat.;;;;;De Sierra Morena gol Sofa, pat. Gonsales, 500 c. azucar;;Sofa;;;gol.;1872_05_04;Sierra Morena;;
;;N/A: ;;;Villalonga;pat.;;;;;Del Salto gol. Teresita, pat. Villalonga, 800 sacos carbon;;Teresita;;;gol.;1872_05_04;Salto;;
;;N/A: ;;;Alemafiy;pat.;;;;;De Cárdenas gol. Jóven Pilar, pat. Alemafiy, 500 & azúcar;;Jóven Pilar;;;gol.;1872_05_04;Cárdenas;;
;;N/A: ;;;Fariñae;pat.;;;;;Do Cárdenas gol. Auita, pat. Fariñae, 880 cajas azu-| car;;Auita;;;gol.;1872_05_04;Cárdenas;;
;;N/A: ;;;Colomar;pat.;;;;;De Canaal gol. Lola Marina. pat. Colomar, 97 boo- mascabado;;Lola Marina.;;;gol.;1872_05_04;Canaal;;
;;N/A:  | N/A:  | N/A: ;;;Galle gos;pat.;;;;;De Arroyos gol. Carmen Nombre de Dios, pat. Galle gos, 400 va madera. 100 sacos miraguano 100 id. carbon;;Carmen Nombre de Dios;;;gol.;1872_05_04;Arroyos;;
;;N/A:  | N/A: ;;;Lladó;pat.;;;;;De Santa Lucia gol, Leonor, pat. Lladó, 240 c. azúcar 30 pp. aguardiento;;Leonor;;;gol;1872_05_04;Santa Lucia;;
;;N/A:  | N/A:  | N/A: ;;;Ruiz;pat.;;;;;De Molas Agnas gol. Josefa, pat. Ruiz, 500 vs. madera, 40 ar. cora, 19 bar. miel de abejas;;Josefa;;;gol.;1872_05_04;Molas Agnas;;
;;N/A:  | N/A: ;;;Perera;pat.;;;;;De la Ortigoea gol. Bahia Honda, pat. Perera, 473 c. azúcar 18 pp. aguardiente;;Bahia Honda;;;gol.;1872_05_04;Ortigoea;;
;;N/A: ;;;Perez;pat.;;;;;Del Hinojal gol. Justica, pat. Perez, 223 cajas àzú. car;;Justica;;;gol.;1872_05_04;Hinojal;;
Día null:;;N/A:  | N/A: ;;;Deulofeo;pat.;;;;;De Cabañas g. N.S. del Carmen, pat. Deulofeo: 240 c, azúcar 12 pp. aguardiente.;;N.S. del Carmen;;;g.;1872_05_04;Cabañas;;
;;N/A: ;;;Rodriguez;pat.;;;;;De idem gol. Céro, pat. Rodriguez: 394 c. azúcar.;;Céro;;;gol.;1872_05_04;idem;;
Día 01:;;N/A: ;;;Amaya;pat.;;;;;De la Dominica gol. Isabelite, pat.. Amaya: 189 cajas azúcar.;;Isabelite;;;gol.;1872_05_04;Dominica;;
;;N/A: ;;;Cabos;pat.;;;;;De Baracoa g. N. 8. del Carmen, pat. Cabos: 58 boooyes miel de purga,;;N. 8. del Carmen;;;g.;1872_05_04;Baracoa;;
;;N/A: ;;;Martines;p.;;;;;De la Teja balandro Covadonga, p. Martines: 400 se carbon.;;Covadonga;;;balandro;1872_05_04;Teja;;
;;N/A:  | N/A: ;;;Roselló;p.;;;;;De Cárdenas g. Jóven Gertrudis, p. Roselló: 350 c. y 52 boca azúcar.;;Jóven Gertrudis;;;g.;1872_05_04;Cárdenas;;
;;N/A:  | N/A:  | N/A:  | N/A:  | N/A:  | N/A:  | N/A:  | N/A: ;;;Torres;pat.;;;;;De Nuevitas goleta Adela. pat, Torres, 99 erat, 180 seronca. 6 palos majagua, 53 tirantes de caoba, 6 c. austancias, 3máçutos cera, a bls. cigarros, 1 c. con un piano.;;Adela;;;goleta;1872_05_05;Nuevitas;;
;;N/A: ;;;Marin;pat.;;;;;De Sierra Morena geleta Cinco Ifermanos, pat. Marin, 57 tosas mallern.;;Cinco Ifermanos;;;geleta;1872_05_05;Sierra Morena;;
;;N/A: ;;;Pavis;pat.;;;;;De Cárdenas goleta General la Mar, pat. Pavis, 380 62 azúcar.;;General la Mar;;;goleta;1872_05_05;Cárdenas;;
;;N/A:  | N/A:  | N/A:  | N/A: ;;;Sanchez;pat.;;;;;De Jaruco goleta Cuatro Hermanas, pat. Sanchez, &. 8. maiz, 78 c. y 21 bocores asficar, 14 ppa. aguardiente.;;Cuatro Hermanas;;;goleta;1872_05_05;Jaruco;;
;;N/A:  | N/A: ;;;Idelan;pat.;;;;;De Cabañas goleta Josefa, pat. Idelan, 500 a. y 13 bocores azúcar.;;Josefa;;;goleta;1872_05_05;Cabañas;;
;;N/A:  | N/A: ;;;Vilasuno;pat.;;;;;De Mariel goleta Conchita, pat. Vilasuno, 410 c. azt. car.;;Conchita;;;goleta;1872_05_05;Mariel;;
;;N/A: ;;;Gonzalez;pat.;;;;;De ideni goleta Altagracia, pat, Gonzalez, 300 c. azá10 pps. agnarllente.;;Altagracia;;;goleta;1872_05_05;ideni;;
;;N/A: ;;;Virella;pat.;;;;;De Cárdenas goleta Matilde, pat. Virella, 470 c. azdcar.;;Matilde;;;goleta;1872_05_05;Cárdenas;;
;;N/A:  | N/A: ;;;Martin;pat.;;;;;De idem goleta Dona Maria del Carmen, pat. Martin, 510 c. y 50 boys. azúcar.;;Dona Maria del Carmen;;;goleta;1872_05_05;idem;;
;;N/A: ;;;Torres;pat.;;;;;De la Tela geleta Dorotea pat. Torres, 30 c. azúcar;;Dorotea;;;geleta;1872_05_05;Tela;;
;;N/A:  | N/A:  | N/A:  | N/A: ;;;Cudillero;p.;;;;;De Matauzas g. Matia. p. Cudillero: 1500 at, tasaje, 54 azúcar, 200 gar. ginebra.;;Matia;;;g.;1872_05_07;Matauzas;;
;;N/A:  | N/A:  | N/A:  | N/A:  | N/A:  | N/A:  | N/A:  | N/A:  | N/A:  | N/A:  | N/A:  | N/A:  | N/A: ;;;Calvo;p.;;;;;"De Gihara g. Matilde p. Calvo: 700 sacos carbon, 110 maiz, 110 tercios tabuco, 100 caballos leña, 2 cueros I pelo, 11 c. muebles, bocs. loza y cristales, 1 fardo ce a, una docens escobillones, 1 cajita efectos, 1 c. gallias y una argolla. De Cárdenas berg. g. Amistad, p. Gonzalez: 850 cajas zúcar. De idem g. Clio, p. Pujol, 600 c.azúcar. De idem g. Generala, p. Juan, 400 c. azúcar. De idem gol. Nueva Rosita p. Juan: 600 cajas de azúar. De ile g. Rosita p. Dardet: 520 c. azúcar. De idem g. Victoria p. Badaró: 540 c. azúcar. Do id. g. Mercedita, p. Harrera; 500 o. azúcar. De id. g. Tres Teresaap. Enseñat: 60 o. y 50 bocoyes zúcar. Do id. g. Nuestra Sra. del Cármen, p. Núñez: 510 cajas zúcar. De id. g. Tres Marias, p. Perelló: 360 c. y CO bocoyes zdcar. De Matanzas g. Ignacita, p. Fuentes: 4000 pi6a tabla 30 o. azúcar, 100 c. licores y aceite, 40 qq. hierro en baras, 4 bles. ron, 1 barril café, 1 c. ropa, 1 o. efectos y un o alllas. De Caibarien y Sagua la Grande vap. Nuevo AlmenLarea, cap. Vega, 4 serones esponjas, 1 s. pimenton, una . calzado. De Cárdenas g. Maria Josefa, pat. Martin: 700 c. azά- azú car. De idem g. Juanita, p. Boschi 600 c. azúcar. De Santa Cruz gol. Maria del Rosario, pat. Macip 306";;Matilde;;;g.;1872_05_07;Gihara;;
;;N/A:  | N/A: ;;;Montero;pat.;;;;;Del Salto gol. Habanera, pat. Montero, 700 sacs cartio. Del Spite gol. Agustina, pat. Sun, 800 sacos de car 1ჟი.;;Habanera;;;gol.;1872_05_12;Salto;;
;;N/A:  | N/A:  | N/A:  | N/A:  | N/A:  | N/A: ;;;Carbonell;pat.;;;;;De Matanzas got. Elvira, pat. Carbonell, 200 bar hainn, 18 cejas y 1 bocca getroföl almendas, 251a as piperton, 1 suco sal y lo acuetes.;;Elvira;;;got.;1872_05_12;Matanzas;;
;;N/A:  | N/A:  | N/A:  | N/A: ;;;Martin;pat.;;;;;Santa Cruz gul. Marta del Rosario, p. Maclp, 350 caas azúcar. Do Cárdenas gol. Maria Josefa, pat. Martin,.700 cajas azñear. De Cárdenas gol. Da María del Cármen, pat. Martin. 60 v. azñear. 1 Jaruco bate Ntra. Sra. del Cármen pat. Duran, 140;;Maria Josefa;;;gol.;1872_05_12;Cárdenas;;
;;N/A:  | N/A:  | N/A:  | N/A:  | N/A: ;;;Fellu;par.;;;;;nzacar. Del Mariel go. Higga, par. Fellu. 210 cajas de a--zúcar. Del Mariel gol. Aitngrapla, pat. Gonzalez, 350 ç. azú car y 10 pipas aguatipute. De Cárdenas gok Ntra. Sra. dol Cármen, pac. Mudez, 10 cajas azúcar.. Del Corejal got. Justica, pat. Perez. 3 cajas de acar;;Higga;;;go.;1872_05_12;Mariel;;
;;;;;Cabrers;pat.;;;;;De Sierra Morens-gol. Beis Manuelas, pat. Cabrers,;;Beis Manuelas;;;gol.;1872_05_14;Sierra Morens;;
;;N/A: ;;;Feliçó;patron;;;;;De Mantua quleta Ouba, patron Feliçó, 600 sacos carTmn.;;Ouba;;;quleta;1872_05_14;Mantua;;
;;N/A:  | N/A:  | N/A:  | N/A: ;;;Bosch;pai.;;;;;De Sierra Morena gol. Valen, pai. Bosch, 800 cajes a car, 2 barriles melstilo, į caja y 1 maista de rope 3.1 so;;Valen;;;gol.;1872_05_14;Sierra Morena;;
;;N/A:  | N/A:  | N/A:  | N/A:  | N/A:  | N/A: ;;;Torres;pat.;;;;;De Mantua gol. Margarita, pat, Torres, 800 palos miiragnano, 200 satos corbon, 19 tercios tabaco, 170 garra fonsa miel de abejas, 80 juegos rarretas, 77 caballos lo;;Margarita;;;gol.;1872_05_14;Mantua;;
;;N/A: ;;;Bonet;pat.;;;;;De Rio del Medio gol. àguedits, pat. Bonet, 600 sacom carbon.;;àguedits;;;gol.;1872_05_14;Rio del Medio;;
;;N/A:  | N/A:  | N/A:  | N/A: ;;;Suso;pat.;;;;;De la Mulata goleta Especulacion, patron Suso, varas madera, 900 sacos carbon, 45 garrafones miel do abejas y arrobas cera.;;Especulacion;;;goleta;1872_05_14;Mulata;;
;;N/A: ;;;Escanellas;pat.;;;;;De la Mulata gel. Dolores, pat. Escanellas, 700 saocarbon.;;Dolores;;;gel.;1872_05_14;Mulata;;
;;N/A:  | N/A: ;;;Perera;pat.;;;;;De la Ortigosa gol. Bahia Houda, pat. Perera, 175 ca jas azúcar y 19 pipas agdto.;;Bahia Houda;;;gol.;1872_05_14;Ortigosa;;
;;N/A:  | N/A: ;;;Iuclan;pat.;;;;;De Cabañas gol. Josefa, pat. Iuclan, 950 cajas y 72 bo00566 azúcar.;;Josefa;;;gol.;1872_05_14;Cabañas;;
;;N/A: ;;;Amaya;pat.;;;;;De la Dominica gol. Isabelita, pat. Amaya, 189 cajos azúcar.;;Isabelita;;;gol.;1872_05_14;Dominica;;
;;N/A:  | N/A: ;;;Nuñez;patrón;;;;;De Baracoa bute Cecilia Manuels, patron Nuñez, 200 sacos y 93 bocuyos cal.;;Cecilia Manuels;;;bute;1872_05_14;Baracoa;;
;;N/A:  | N/A: ;;;Sora;pat.;;;;;De Jaimauitas bote Prosperidad, pat, Sora, 1000 la drillos y 13 sacos inniz.;;Prosperidad;;;bote;1872_05_14;Jaimauitas;;
;;N/A: ;;;Cautó;pat.;;;;;De Blerra Morena gol. Antonica. pat. Cautó, 30 cajsa aznicar.;;Antonica.;;;gol.;1872_05_14;Blerra;;
;;N/A: ;;;Perez;pat.;;;;;De Mantua gol. Itabel Seguuda, pat, Perez, 700 incos carbon. Deli Mulata gol. Santa Ana, pat. Anglads, 100 sacoi carbon,;;Itabel Seguuda;;;gol.;1872_05_14;Mantua;;
;;N/A: ;;;Quesada;pat.;;;;;Dela Mulata gol. Teresita pat. Quesada, 100 varas madorn;;Teresita;;;gol.;1872_05_14;Mulata;;
;;N/A: ;;;Virella;pat.;;;;;De Cárdenas gol. Matilde, pat. Virella, 478. azticar,;;Matilde;;;gol.;1872_05_14;Cárdenas;;
;;N/A:  | N/A:  | N/A:  | N/A:  | N/A:  | N/A:  | N/A:  | N/A:  | N/A:  | N/A: ;;;Vega;cap.;;;;;De Calbarien y Bagan la Grande vapor Nuevo Almendares, cap. Vega, & serones esponjas..i molino para café, 1 terclos tahaco, 2 c. cera, 1 barrily i tercerola miel de abejay 20. efectos. DeCardenas vapor Cárdenas, cap. Barrera, 1200 cajas arúcar, 4 lles, vaqueta. 1 o tabaco vt fardo ropa.;;Nuevo Almendares;;;vapor;1872_05_14;Calbarien y Bagan la Grande;;
;;N/A:  | N/A: ;;;Padilla;pat.;;;;;De Banes gol. Concha, pat. Padilla, 230 c. asticar y 40 quarterolas miel de purga.;;Concha;;;gol.;1872_05_14;Banes;;
;;N/A:  | N/A:  | N/A:  | N/A: ;;;Campaner;p.;;;;;De Mantua y Guanes g. Juana de Dios p. Campaner, 200 caballos leña, 23 tercios tabaco, 6 marquetas cera, 4 8. picadura,;;Juana de Dios;;;g.;1872_05_15;Mantua y Guanes;;
;;N/A: ;;;Dardet;pat.;;;;;De Cárdenas goleta Rosita patrou Dardet, 520 o, azú car;;Rosita;;;goleta;1872_05_15;Cárdenas;;
;;N/A:  | N/A: ;;;Macip;p.;;;;;De Sta. Cruz g. Me del Rosario p. Macip, 310 o. azúcar 8 cerdos;;Me del Rosario;;;g.;1872_05_15;Sta. Cruz;;
;;N/A:  | N/A:  | N/A:  | N/A: ;;;Sanchez;p.;;;;;De Jaruco g. Cuatro Hermanas p. Sanchez.18c. arúcar, 51 8. papas, 33 pp. aguardiente, cajitas de frijoles.;;Cuatro Hermanas;;;g.;1872_05_15;Jaruco;;
;;N/A: ;;;Febrer;rat.;;;;;De Mantua goleta Neptuno, rat. Febrer, 1000 s. carbon;;Neptuno;;;goleta;1872_05_15;Mantua;;
;;N/A:  | N/A:  | N/A:  | N/A: ;;;Pujol;p.;;;;;De Bajas g. Matilde p. Pujol, 2908. carbon. 20 caballos leña, 9 ar. cera, 5 bar, miel de abejas;;Matilde;;;g.;1872_05_15;Bajas;;
;;N/A: ;;;Deulofeo;p.;;;;;De Cabañas g. Ntra. Sra. del Carmen p. Deulofeo, 360 o. azúcar;;Ntra. Sra. del Carmen;;;g.;1872_05_15;Cabañas;;
;;N/A:  | N/A: ;;;Rodriguez;p;;;;;De id. g. Cefiro p Rodriguez. 370 c. azúcar, 14 pp. aguardiente;;Cefiro;;;g.;1872_05_15;id. g.;;
;;N/A:  | N/A: ;;;Duran;p.;;;;;De Baracoa g. Dolorita p. Duran 23 o azúcar, 21 pp. aguardiento;;Dolorita;;;g.;1872_05_15;Baracoa;;
;;N/A: ;;;;p.;;;;;De Arroyos vivero Emilia p, Palg, 500 pescados tiVOB.;;Emilia;;;vivero;1872_05_15;Arroyos;;
;;N/A: ;;;Arocha;patron;;;;;De Cabañas g. Manuela patron Arocha, 320 o. de azúcar.;;Manuela;;;g.;1872_05_15;Cabañas;;
;;N/A: ;;;Cobas;p.;;;;;De Baracoa g. N. S. del Cármen p. Cobas, 190 c. azcar.;;N. S. del Cármen;;;g.;1872_05_15;Baracoa;;
;;N/A: ;;;Pasos;patron;;;;;De la Toja g. Leonorda patron Pasos, 600 sacos carbon;;Leonorda;;;g.;1872_05_15;la Toja;;
;;;;;Enseñat;pat.;;;;;De Cárdenas gol Tres Teresas patron Enseñat, GOO o,;;Tres Teresas;;;gol.;1872_05_15;Cárdenas;;
;;N/A:  | N/A: ;;;Rodrigue;pat.;;;;;Do Sierra Morena gol. Dos Amigos, pat. Rodrigue 32 c. azalcar y 14 bocoyes miel de purga;;Dos Amigos;;;gol.;1872_05_16;Sierra Morena;;
;;N/A:  | N/A:  | N/A: ;;;Gonzalez;pat.;;;;;De Sierra Morena gol. Solla, pat. Gonzalez, 500 caja azúcar, 1 c. carne y huevos.;;Solla;;;gol.;1872_05_16;Sierra Morena;;
;;N/A: ;;;Lopez;pat.;;;;;Do Cabañas gol. Caballo Marino, pat. Lopez, 194 cala . azúcar y 16 pipas agdte. Del Mariol gol. Altagracia, pat Gonzalez, 350 a. azú car y 10 pipas agdte. Del Marlel goleta Vicenta, patron Feliú, 210 cajas a Eucar. De la Teja goleta Dosдe Mayo, patron Castro, 600 sa CoA carbon. Do la Teja golota Sofia, patron Ferrer, 1000 sacos car xon. De la Teja gol. Jóven Magdalena, pat. Dobarro, 130 sacos carbon, De Cárdenas gol. De María del Carmen, pat. Martin 560 c. azúcar. De Carahatas gol. Tres Hormauss, pat. Lopez, GOG o zúcar, 20 estuches idem, 20 pipas aguardiente, 9 llos majagua 2 c. sombreros, 2 tercerolas miel de abejus, 1 c opa, 1 barril cera y pipa melado. De San Cayetano, Rio Blanco y Bahia Honda vapor Bahia Honda, cap. Cusi, 12 sacos carbony 949 cajas a dear. De Cárdenas gol. N. S. del Ciamen, pat. Nuñez, 510 c. zúcar;;Caballo Marino;;;gol.;1872_05_16;;;
;;N/A: ;;;Mag;pat.;;;;;De la Tela gol. Josefa, pat. Mag, 600 sacos A de car op.;;Josefa;;;gol.;1872_05_16;Tela;;
;;N/A: ;;;Garcia;pat.;;;;;De Rio de la Palura gol. San Francisco, pat. Garcia 800 sacos car bou.;;San Francisco;;;gol.;1872_05_16;Rio de la Palura;;
;;N/A: ;;;Juan;pat.;;;;;De Cárdenas gol. Generala, patron Juan, 400 cajas s zúcar.;;Generala;;;gol.;1872_05_16;Cárdenas;;
;;N/A:  | N/A: ;;;Pavia;pat.;;;;;De Cárdenas gol. Generalla Mar, pat. Pavia, 380 c. a zúcar y 3 c. maquinaria.;;Generalla Mar;;;gol.;1872_05_16;Cárdenas;;
;;N/A:  | N/A: ;;;Juan;pat.;;;;;De Cárdenas gol: Nueva Rosita, pat. Juan, 150c. y 5 bocoyes asticar.;;Nueva Rosita;;;gol:;1872_05_16;Cárdenas;;
;;N/A: ;;;Badaró;pat.;;;;;De Cárdenas gol. Victoria, pat. Badaró, 510 cajas and car.;;Victoria;;;gol.;1872_05_16;Cárdenas;;
;;N/A: ;;;Vazquez;pat.;;;;;De Cárdenas gol. Joaquina, pat. Vazquez, 600 cajas a súcar.;;Joaquina;;;gol.;1872_05_16;Cárdenas;;
;;N/A: ;;;Basilio;pat.;;;;;De Cárdenas gol. Jovon Carlota, pat, Basilio, 500 caja azúcar.;;Jovon Carlota;;;gol.;1872_05_16;Cárdenas;;
;;N/A:  | N/A: ;;;Roselló;pat.;;;;;De Cárdenas gol. Jóven Gertrudis, pat. Roselló, 300 ‹ y 60 bocoyes azdcar.;;Jóven Gertrudis;;;gol.;1872_05_16;Cárdenas;;
;;N/A: ;;;Perelló;pat.;;;;;De Cárdenas gol. Tres Marias, pat. Perelló, 400 c. y e boooyes azúcar.;;Tres Marias;;;gol.;1872_05_16;Cárdenas;;
;;N/A:  | N/A:  | N/A:  | N/A:  | N/A:  | N/A:  | N/A: ;;;Portela;pat.;;;;;De Manzanillo pallebot N. 8. de la Caridad del Cobr pat. Portela, 2700 sogne de leña, 130 piezas madera dur 10 soleras madera dura, 16 tirantes caoba, 10piezas ma jagua 1 caballo y 1 moviliario usado.;;N. 8. de la Caridad del Cobr;;;pallebot;1872_05_16;Manzanillo;;
;;N/A: ;;;N.....;pat.;;;;;De Mantua goleta Baguera, patron N..... 600 sac;;Baguera;;;goleta;1872_05_16;Mantua;;
;;N/A:  | N/A: ;;;Ferrer;pat.;;;;;De Bahia Honda gol. Mercedita, pat. Ferrer, 250 caja asdoar y 18 pipes agdte.;;Mercedita;;;gol.;1872_05_16;Bahia Honda;;
;;N/A: ;;;Ferrer;pat.;;;;;De Banes bote Cecilia Manuela, pat. Ferrer, 31 bood Jes mascabado.;;Cecilia Manuela;;;bote;1872_05_16;Banes;;
;;N/A:  | N/A: ;;;Garrin;pat.;;;;;De la Ortigosa gol. Carmița, pat. Garrin, 100 becoƑe y 59 c. pstions.;;Carmița;;;gol.;1872_05_16;Ortigosa;;
;;;;;;;;;;;"car. De idem vapor Comanditario, cap. Jofre, 1200 c. 1 stuelles azúcar, 1 c. hierro i nevera, 4 c. vino, 1 c. pa as, 1 c ciruelas, Le chocolate, 2c. dulce, 1 c. con un ama, 3 lios vaqueta y suela. De Nuevitas goleta Rosalia, pat. Torres, 100 s. corbo 00 caballos leña, 70 piezas madera. De la Tejo guleta Castilla, pat. Rojas, 490 o. azúcar, -uedas do carreta. De Jaruco goleta Jaruqueña, pat. Viera, 200%200 c . y 1 c -058.ardar. De Bahla Honda goleta Bonifacia, pat. Esoaudell, 17 azúcar, 10 pps. aguardiente. De Cabañas goleta Cédro: pat. Rodriguez, 370 c. azá ar, 14 ppa. aguardiente. De la Dominica golota Isabelita; pat. Aluara, 189 c znicar. De Bancs balandro Fernandita, pat. Duran, 8000`la rillos. Deloa Arroyos vivero Rosita, pac. Vila, 500 pescado ivos De Cárdenas goleta Rayo, pat. Cantero, 430 c. azúcar O boys. de idem: 2 q. fósforos. De idem goleta Joven Pilar, pat. Alemany, 500 o. ancar. Des. Mordna goleta Maria, pat. Cabré, 500 cajas and ar, 1 saquito arroz, 12 racimos plátanos, 1 e. con hue";;;;;;1872_05_17;;;
;;N/A:  | N/A:  | N/A:  | N/A:  | N/A:  | N/A:  | N/A: ;;;Riestra;cap.;;;;;De Santiago de Cuba y escalas, vapor Pelayo, capitau Riestra, 120 oueros, 70 reass, 1 caja vidrios, 1 ldem dules y rapé. 1idem mazorcas de cacao y idem ropa.;;Pelayo;;;vap.;1872_05_18;Santiago de Cuba;;
;;N/A: ;;;Nuños;pat.;;;;;De Banes bote Cecilia Manuels, pat. Nuños, 31 becayes mascabado;;Cecilia;;;bote;1872_05_18;Banes;;
;;N/A: ;;;Pujol;pat.;;;;;De Cárdenas gol. Clio, pat. Pujol, 60%;;Clio;;;gol.;1872_05_18;Cárdenas;;
;;N/A: ;;;Dardet;pat.;;;;;De idem gol. Rosita, pat. Dardet, 520 esja car.;;Rosita;;;gol.;1872_05_18;idem;;
;;N/A:  | N/A:  | N/A: ;;;Virella;pat.;;;;;De fem gol Matilde, pat. Virella, 470 cajas azúcar, 35 cubetes mantequilla y barril carno.;;Matilde;;;gol;1872_05_18;fem;;
;;N/A: ;;;Duran;pot.;;;;;De Jaruco bote Nuestra Señora del Carmen, pot. Duran, 140 calas azdcar;;Nuestra Señora del Carmen;;;bote;1872_05_18;Jaruco;;
;;N/A:  | N/A:  | N/A:  | N/A:  | N/A:  | N/A:  | N/A:  | N/A:  | N/A:  | N/A:  | N/A: ;;;Cudillero;pat.;;;;;De Matanzas gol. Maria, pat. Cudillero, 500 cajas azócar, 100 sacos sal, 50 barriles harina. 48 cajas bacalao, 22 los cobre viejo. 14 sacos garbanzos, 6 cajas pabilo, 2 it olavos, 1 ídem tabaco breva, 1 llo visagras, 1 movillario usado.;;Maria;;;gol.;1872_05_18;Matanzas;;
;;N/A:  | N/A: ;;;Santo Domingo;pat.;;;;;De Sierra Morena gol. Brillante, pat. Santo Domingo, 600 cajas azúcar, 20 bocoyes miel de purga.;;Brillante;;;gol.;1872_05_18;Sierra Morena;;
;;N/A: ;;;Rodrigues;pat.;;;;;Do la Teja gol. Diana, pat. Rodrigues. 600 sacos carbon,;;Diana;;;gol.;1872_05_18;la Teja;;
;;N/A: ;;;Gonzalez;pat.;;;;;De Cárdenas berg. gol. Amistad, pat, Gonzalez, 850 Falas artcar.;gol.;Amistad;;;berg.;1872_05_18;Cárdenas;;
;;N/A: ;;;Cordero;pat.;;;;;De Sierra Morena gol. Molestadora, pat. Cordero, 3:0 cajas 24 bocores azúcar.;;Molestadora;;;gol.;1872_05_19;Sierra Morena;;
;;N/A: ;;;Leal;pat.;;;;;"De Sicara Morela gol. América, pat. Leal; 390 cajas azúcar.";;América;;;gol.;1872_05_19;Sicara Morela;;
;;N/A: ;;;Ureña;t.;;;;;De la Teja gl. Dorotea. t. Ureña: 330 cajas azúcar.;;Dorotea;;;gl.;1872_05_19;la Teja;;
;;N/A: ;;;Herrera;pat.;;;;;"De Cárdenas gol. Mercedita, pat. Herrera; 500 cajas azúcar.";;Mercedita;;;gol.;1872_05_19;Cárdenas;;
;;N/A:  | N/A: ;;;Enseñat;pat.;;;;;"De Cárdenas gol. Tres Teresas, pat. Enseñat: 440 calas y 54 bocoyes azúcar lie Cárdenas gol. Inés, pat. Cuebas; 470 cajas azficar, 100 Bacos afrecho, 23 tercios, 1 fardo y 1 barril tabaco. De Cárdenas gol. Panchita, pat. Aleman; 480 cajas arúmar, 100 cajas fideos y 100 hormas usadas Te Matauras gol. Emilio, pat. Cobas; 700 cajas y 64 bocoves azúcar De Canast gol. Sabás, pat. Colomiar: 350 caja azúcar y 13 pipas aguardiente De Santa Cruz gol. Maria del Rosario, pat. Macip; 812 Cajaa azúcar. Del Morrillo gol. Félix, pat. Villa; 36 bocores mAACHDado De Dominica gol. Isabelita, pat. Amaya: 199 calas aEucar De la ja gol. Enriqueta, pat. Alemany: 805 sacus de carbon De Malas Aguas gudtro Salvo Virgou Maria, pat. Plahell, 300 uq. cáscara de mangle Del Marfel gol. Quintina, pat. Lópes: 330 cajas azúcar De Matanzas gol, ignacita, pat. Fuentes; 300 cajas y bocores azúcar y 300 bar. bariba De Baracoa gol. Dolorits, pat. Durin; 269 cajas y 8 booves azúcar De Baracoa gol. Ntra. Sra. del Carwen; pat. Cobas; 50 uncuyes mascabado. De Cabañas gol. Céfiro, pat. Rodriguez; 370 cujus azúcar y 16 pipas aguardiente De Banes gol. Nueva Concha, pat. Gil; W bocoƒes manabado, 23 cuarterolas miel de purga. De Cabalas gal. Caballo Marino, pat. Lopez; 400 cujns zhear 10 pipas aguardiente. Del Marlel gol. Conchita, pat. Vilasuso; 410 cajas aúcar";;Tres Teresas;;;gol.;1872_05_19;Cárdenas;;
;;N/A:  | N/A: ;;;Perelló;p.;;;;;De Cárdenas g. Tres Marias p. Perelló, 360 cajas 5 60 bocs. azúcar.;;Tres Marias;;;g.;1872_05_22;Cárdenas;;
;;N/A:  | N/A:  | N/A:  | N/A: ;;;Carbonell;p.;;;;;De Matanzas g. Elvira p. Carbonell, 450 c. azticar, 71 pp. aguardiente, 19 s. arroz, 2 tabales sardinas.;;Elvira;;;g.;1872_05_22;Matanzas;;
;;N/A:  | N/A: ;;;Sanchez;p.;;;;;De Jaruco g. Cuatro Hermanas p. Sanchez, 150 c. azncar, 21 pp. aguardiente;;Cuatro Hermanas;;;g.;1872_05_22;Jaruco;;
;;N/A:  | N/A:  | N/A:  | N/A:  | N/A: ;;;Alvarez;p.;;;;;De las Tunas g. Natividad p. Alvarez. 200 pp. aguarliente, 150 paquetes con sus fondos, 6 c. azúrar, 4 pacas tabaco, 1 o. efectos;;Natividad;;;g.;1872_05_22;las Tunas;;
;;N/A: ;;;Segui;patrón;;;;;De Mantua goleta Fénix patron Segui, 1000 sacos carbon.;;Fénix;;;goleta;1872_05_22;Mantua;;
;;N/A: ;;;Durán;p.;;;;;De la Mulata guairo Lugardita p. Durán, 40 caballos,;;Lugardita;;;guairo;1872_05_22;Mulata;;
;;N/A:  | N/A:  | N/A:  | N/A: ;;;Cnal;cap.;;;;;De San Cayetano, Rio Blanco y Bahia Honda vapor Bahia Honda, cap. Cnal, 207 bocores y 89 cajas azúcar, 28 tercios y 3 cajas tabaco. 12 aacos carbon.;;Bahia Honda;;;vapor;1872_05_23;San Cayetano;;
;;N/A: ;;;Cabrera;pat.;;;;;De Sierra Morena gol. Maria, pat. Cabrera, 500 erjas Azúcar.;;Maria;;;gol.;1872_05_23;Sierra Morena;;
Día null:;;N/A: ;;;Vilasuso;pat.;;;;;"Del Mariel gol. Conchita; pat. Vilasuso. 410 cajas do azúcar.";;Conchita;;;gol.;1872_05_23;Mariel;;
;;N/A: ;;;Pellicer;pat.;;;;;Do Puerto del Padre gol. Dichosa, pat. Pellicer, 130 bocoves miel de purga.;;Dichosa;;;gol.;1872_05_23;Puerto del Padre;;
;;N/A: ;;;Cabrera;pat.;;;;;De Sierra Morena gol. Seis Manuelas, pat. Cabrera. 900 cajas azúcar.;;Seis Manuelas;;;gol.;1872_05_23;Sierra Morena;;
;;N/A: ;;;Orbay;pat.;;;;;De la Teja gol. Ceferina, pat. Orbay, 600 sacos de carbon.;;Ceferina;;;gol.;1872_05_23;Teja;;
;;N/A: ;;;Rivas;pat.;;;;;De idem gol. Júcaro, pat. Rivas, 800 sacos carbon.;;Júcaro;;;gol.;1872_05_23;idem;;
;;N/A: ;;;Horrera;pat.;;;;;Do Cárdenas gol. Mercedita. pat. Horrera, 509 cajas azúcar.;;Mercedita;;;gol.;1872_05_23;Cárdenas;;
;;N/A:  | N/A: ;;;Suazo;pat.;;;;;De Canasi gol. Sabás, pat. Suazo, 300 cajas azúcar y 6 pipas aguardiente.;;Sabás;;;gol.;1872_05_23;Canasi;;
;;N/A:  | N/A: ;;;Toro;pat.;;;;;Do Jaruco gol. Casilda, pat. Toro. 216 cajas azúcar, 14 charterolas miel de purga.;;Casilda;;;gol.;1872_05_23;Jaruco;;
;;N/A:  | N/A:  | N/A: ;;;Dominguez;pat.;;;;;De Cabañas gol, Amable Rosita. pat. Dominguez, 500 sacos corben. 40 caballos leña, 36 fabegas maiz.;;Amable Rosita;;;gol;1872_05_23;Cabañas;;
;;N/A: ;;;Fernandez;pat.;;;;;De Sira Morena gol. Maria, pat. Fernandez, 600 sacos carbon;;Maria;;;gol.;1872_05_23;Sira Morena;;
;;N/A: ;;;Villalonga;pat.;;;;;Del Salto gol. Teresita, pat. Villalonga. 700 sacos de carbon.;;Teresita;;;gol.;1872_05_23;Salto;;
;;N/A: ;;;Alvarez;pat.;;;;;De Soda de Campeche vivere l'aco, pat. Alvarez. 500 pescados vivos.;;l'aco;;;vivere;1872_05_23;Soda de Campeche;;
;;N/A: ;;;Rodriguez;p.;;;;;"De Cabañas g. Cóßro p. Rodriguez; 370 c. azúcar, 14 pp De la Dominica g. Isabelita p. Araya, 189 cajas azu̸car. Də Bahia Honda g. Mercedità.p. Ferrer; 266 csjaż ni zdoar.";;Cóßro;;;g.;1872_05_24;Cabañas;;
;;;;;Gelats-Lastre;p.;;;;;De Arroyos viv. Tarso p. Gelats-Lastre.;;Tarso;;;viv.;1872_05_24;Arroyos;;
;;N/A: ;;;Rojas;;;;;;De la Teja g. Castilla ɲ: Rojas, 190 c.asticar.;;Castilla;;;g.;1872_05_24;Teja;;
;;N/A:  | N/A:  | N/A: ;;;Monár;p.;;;;;De Nneritas berg. gol Pirineo p. Monár, ICO reses. 184 caballos majagua, 59 Id.” guano.;;Pirineo;;;berg.;1872_05_24;Nneritas;;
;;N/A:  | N/A:  | N/A:  | N/A:  | N/A:  | N/A:  | N/A:  | N/A:  | N/A:  | N/A:  | N/A:  | N/A:  | N/A:  | N/A:  | N/A: ;;;Gonzaler;p.;;;;;"De Cárdenas berg, gol. Amistad p. Gonzaler, 850 caj. wder. De id. g. Matilde p. Virella, 450 ċ. azúcar, 200 c. jabon, 13 c. tabaco breva, & o. fósforos. De Canast g. Loba Marina p. Colomar, 94 bocs, mascabado. De Jaruco g. Jaruqueña p. Perez, 130 c. y 6 boca, asta mar, 100 s. mais; 23 pp. aguardiente, 20 docenas colabeBAR. De Sta, Cruz g. Maria del Rosario p. Muclp; 310 c. asdcar De Rierra Morena g. Antonica p. Cantó, 550 o. asficar, 20. ferreteria; 2 barras de catre";;Amistad;;;berg;1872_05_24;Cárdenas;;
;;N/A:  | N/A:  | N/A: ;;;Arecha;p.;;;;;De Cabañas gol. Manuela p. Arecha, 393 cajas de azú– car. De Cardenas g. Royo p. Cantero, 451 c. y 12 boce. ardcar.;;Manuela;;;gol.;1872_05_24;Cabañas;;
;;N/A: ;;;Cobas;p.;;;;;De la Otigen g. N. S, del Cármen p. Cobas, 190 c. a zúcar;;N. S;;;g.;1872_05_26;Otigen;;
;;N/A:  | N/A:  | N/A:  | N/A:  | N/A: ;;;Amaya;p.;;;;;De la Dominica g. Isabelita p. Amaya, 189 esj, azú Car. De Cárdends g. Clio p. Pujol: 600 c. azúvr. 20 e, bacaao. e. sustancias De . g. General la Mar p. Pavia, 380 c. azúcar. 1 pieza maquinaria;;Isabelita;;;g.;1872_05_26;Dominica;;
;;N/A:  | N/A:  | N/A: ;;;Vazquez;pat.;;;;;De idom ged. Joaquina pat. Vazquez, 460 e. y 10 hes zúcar Do item goleta Paychita patron Alemañy, 500 c. azúCar;;Joaquina;;;ged.;1872_05_26;idom;;
;;N/A:  | N/A: ;;;Bosch;pat.;;;;;De ident goleta Juanita patron Bosch, CCD cajas azú car;;Juanita;;;goleta;1872_05_26;ident;;
;;N/A: ;;;Portilla;pat.;;;;;De Caibarien gol. Teresita, pat. Portilla, 5000 piés tablillas.;;Teresita;;;gol.;1872_05_28;Caibarien;;
;;N/A:  | N/A:  | N/A:  | N/A: ;;;Acni GG;pat.;;;;;De las Playas do San Juan gol. Marianita, pat. Acni GG sacos carbon, 184 terclos majagua blanda, 93 tend los soga de majagua y 50 caballos de leña.;;Marianita;;;gol.;1872_05_28;las Playas;;
;;N/A:  | N/A: ;;;Santo Doming;pat.;;;;;De Sierra Morena gol. Brillante, pat. Santo Doming 610 cajas azúcar y 18 bocoyes miel de purga.;;Brillante;;;gol.;1872_05_28;Sierra Morena;;
;;N/A:  | N/A: ;;;;;;;;;De la Tejal. Dos Sallas, pa!: Coyil, 190 cajis az tir 1th docenas car blas.;;Coyil;;;pa!;1872_05_28;Tejal;;
;;N/A:  | N/A:  | N/A: ;;;Res;pat.;;;;;De idem gol. Manuela de Sagua. pat. Res, 1000 sac io carboh. Del Rio de la Palma gol. Margarita, pat Pujol, 600 si cos de carbon. Do Cárdenas gol. lienciala, pat. Juan, tru cajas de Eucar.;;Manuela de Sagua;;;gol.;1872_05_28;idem;;
;;N/A: ;;;Iran;pat.;;;;;De Cárdenas gol. Nueva Rosita..pat. Iran, 400 caj;;Nueva Rosita;;;gol.;1872_05_28;Cárdenas;;
;;N/A: ;;;Dardet;pat.;;;;;Do Cárdenas gol. Rosita. pat. Dardet. 520 cajas az car.;;Rosita;;;gol.;1872_05_28;Cárdenas;;
;;N/A: ;;;Cuebas;pat.;;;;;De Cárdenas gol. Inés, pat. Cuebas, 470 esjas do azi car.;;Inés;;;gol.;1872_05_28;Cárdenas;;
;;N/A: ;;;Nuñez;;;;;;De Carderas gol. Nuestra Señora del Carmen, pa Nuñez. 510 calos azúcar.;;Nuestra Señora del Carmen;;;gol.;1872_05_28;Carderas;;
;;;;;;;;;;;Do Carilenas go. Arangann. pat. Tortella, to caj Do Cardenas gol. Jóven Carlota, pat. Iacilio, 500 ca as azúcar, De Cárdenas gol. Niña, pat. Selles, con 410 cajaš y u stuche de azcar. De Cárdenas gol. Jóven Filar. pat. Albany, 500 Ca ias de azúcar. De Cárdenas gol. Anita. pat. Pariña, 880 cajas de az Lar. De Cárdenas gol. Mercedita, pat. Herrera, 500 cajas 85 becnyes de azúcar. De Cardenas gol. Tres Matias, pat. Perelló. con 53 Cajas azú rr. De Matanzas gol. Emilio. pat. Cubas, 900 cajas de aze car. De Matanzas gol. Marta pat. Cudillero, 59 calasy: potonta de azilcar, 30 torcios sila, 1 sacos arbanto bres aliidoli. Gideli sebo. A cajas inetal. 3 bocoye deny u ovoy cobre. De Cana-1 gol. Sabás, pat. Colomar. 350 cajas azúcar 0 pipes aguardiente. De Janco gol. Cuatro Hermonas, pat. Sanchez. B ajas azúcar y 17 pipas aguardiente. De Sauta Cruz gol Maila del Rosario, pat. Macip. 31 cajas azúcar. Do Mantua gol. Francisca Gener. pat. Febris. 100092 sos de carbon. De Santa Luela gol. fcolor palais bajas azu Ary 3 plas aguardiente. Pl Morrillo gol. Feliz. pat. Villa. 33 boroyes masca aday 26 cuarterolas miel de purga. De la Ortigora gol. Carmita. pat. Gorria. 100 locoye 30ejas azúcar. De Cabañas gol. Josefa, pat. Inclan, 110 cajas y 1 ocoy es azúcar. De Cabañas gol. Maria. pat. Cervera. 1700 sacos de a Dear. Do Unbahas kol. Uaballo 3aino, fal. Lopez. cala zilcar De Cabañas gal. Manuela. pat. Arocha. 320 cajas do a úcar. De Cabañas gl, Carmita, pat. Pacheco, 80 sacos d arbon y 200 caballos leñaDel Mariel gol. Altagracia, pat. Gouzalez. 350 caja zúcar. Do Braena bote Cecilia Manuela. pat. Nuñez, 18 oyes mascabado y 200 sacos cal. De Sierra Moren gel. Angelita, Bat. Librnatidez, 6 jás azueat. De Sierra Meteia gol. Sofia, jat. Gonzalez. 300 erjas zúcar. De Cabañas g: Nuestra Señora del Carmen, pat. Deu feo. 360 cajas azúcar, De Calbarien y Sagia vapor Nuevo Almendares, cap eza. 13 serones esponjas, un bail y una caja de azi. r. 20 cueros al felb. hinn cala cins De Baratoe gol. Dolorita, pat, Duran. 200 cajas de beri DeCay escalas vapor Marsella, cap. Cacho, cons;;;;;;1872_05_28;;;
;;N/A:  | N/A:  | N/A:  | N/A:  | N/A:  | N/A:  | N/A:  | N/A:  | N/A:  | N/A: ;;;Jofre;cap.;;;;;les calzado, 2 cajones mantas y cerrajes, 4 tercios bao, idem cabezas de sucla. 2 fardos do idem, 4 cas géneros devueltes. 7 cajas con 46.000 tabacos, 303cue sil pelo, una caja velas de cora, idem efectos. De Cárdenas vapor Comanditario. cap. Jofre, 850 ea;;Comanditario;;;vapor;1872_05_28;Cárdenas;;
;;N/A:  | N/A:  | N/A:  | N/A: ;;;Bosch;pat.;;;;;Do Sierra Morena gol. Union. pat. Bosch, 800 e azú car, 4 racimos plátanos, 3 garrafones melado, 2 c. rope;;Union;;;gol.;1872_05_29;Sierra Morena;;
;;N/A: ;;;Snao;pat.;;;;;De Salto gol. Agustina, pat. Snao. 700 s. carbon;;Agustina;;;gol.;1872_05_29;Salto;;
;;N/A: ;;;Torres;pat.;;;;;De Machado balandro Antonica, pat. Torres, 600 * carbon.;;Antonica;;;balandro;1872_05_29;Machado;;
;;N/A:  | N/A:  | N/A:  | N/A: ;;;Fuentes;pat.;;;;;De Matanzas gol. Ignacita, pat. Fuentes, 2000 ar tasao en seroues, 470 bls. harina, 200 c. azúcar, c. queso;;Ignacita;;;gol.;1872_05_29;Matanzas;;
;;N/A: ;;;Arciun;pat.;;;;;De Cans gol. Maria, pat. Arciun, 600 a. carbon.;;Maria;;;gol.;1872_05_29;Cans;;
;;N/A: ;;;Anglada;pat.;;;;;De la Mulata gol. Sauta Ana, pat. Anglada, 600 saco: carbon.;;Sauta Ana;;;gol.;1872_05_29;la Mulata;;
;;N/A: ;;;Escandel;pat.;;;;;De Bahia Honda gol. Bonifacia, pat. Escandel), 233 czúcar.;;Bonifacia;;;gol.;1872_05_29;Bahia Honda;;
;;N/A: ;;;Rodriguez;pat.;;;;;De Cabañas gol. Céliro, pat. Rodriguez, 370 c. azúcar;;Céliro;;;gol.;1872_05_29;Cabañas;;
;;N/A: ;;;Vilasuso;pat.;;;;;De Mariel gol. Conchita. pat. Vilasuso, 410 c. azúcar;;Conchita;;;gol.;1872_05_29;Mariel;;
;;N/A: ;;;Planells;pat.;;;;;De Banes guairo Salvo Virgen Maria, pat. Planells 0 cuatterolas miel de purga.;;Salvo Virgen Maria;;;guairo;1872_05_29;Banes;;
;;N/A: ;;;Hernandez;pat.;;;;;De Sierra Morena gof. Antonía pat. Hernandez, 500 vs. madera.;;Antonía;;;gof.;1872_05_29;Sierra Morena;;
;;N/A: ;;;Porez;pat.;;;;;De Hinojal gol. Justica, pat. Porez 20e, azúcar.;;Justica;;;gol.;1872_05_29;Hinojal;;
;;N/A: ;;;Laguardia;pat.;;;;;De Cabañas gol Esmeralda, pat, Laguardia, 328 's;;Esmeralda;;;gol;1872_05_29;Cabañas;;
;;N/A: ;;;Lopez;pat.;;;;;De Marlel gol. Quintina, pat. Lopez, 321 C, azúcar.;;Quintina;;;gol.;1872_05_29;Marlel;;
;;N/A: ;;;Docarro;pat.;;;;;De C. de Barlovento viv. Monroe, pat. Docarro, 500 pescados vivos.;;Monroe;;;viv.;1872_05_29;C. de Barlovento;;
;;N/A: ;;;Pelin;pat.;;;;;Bel Mariel gol. Vicenta, pat. Pelin, 210 e. azúcar.;;Vicenta;;;gol.;1872_05_29;;;
;;N/A:  | N/A: ;;;Pelaez;pat.;;;;;De Sterra Morena gul. Engracia, pat. Pelaez, 300 ca jas azúcar y 10 pp. aguardiente.;;Engracia;;;gul.;1872_05_30;Sterra Morena;;
;;N/A: ;;;Pavis;pat.;;;;;Do Cárdenas gol. General Lamar, pat. Pavis. 180 caJas azúcar.;;General Lamar;;;gol.;1872_05_30;Cárdenas;;
;;N/A: ;;;Badaró;pat.;;;;;De Cardenas gol, Victoria, pat. Badaró, 40 cajas agi car.;;Victoria;;;gol;1872_05_30;Cardenas;;
;;N/A: ;;;Bosch;pat.;;;;;De Cárdenas g1. Juanita. pat. Bosch, 600 caja azitcar.;;Juanita.;;;g1.;1872_05_30;Cárdenas;;
;;N/A: ;;;Ensuñat;pat.;;;;;De Cárdenas gol. Tres Toresas, pat. Ensuñat. 500 cajag azúcar.;;Tres Toresas;;;gol.;1872_05_30;Cárdenas;;
;;N/A:  | N/A:  | N/A:  | N/A: ;;;Vizqueira;pat.;;;;;De Matanzas gol. Dos Hermanas, pat. Vizqueira, 1000 ar. tasajo, 470 bar. harina, 450 cuñ. aceitunas y 100 cajas azúcar.;;Dos Hermanas;;;gol.;1872_05_30;Matanzas;;
;;N/A: ;;;Duran;pat.;;;;;De Jaruco bote Ntra. Sra. del Carmen, pat. Duran, 140 calas azúcar.;;Ntra. Sra. del Carmen;;;bote;1872_05_30;Jaruco;;
;;N/A:  | N/A:  | N/A: ;;;Pujol;pat.;;;;;De Santa Cruz bal Nuevo Hilario, pat. Pujol, 100 Taumaiz, 50 sacos arbejas y 44 cajas azúcar.;;Nuevo Hilario;;;bal;1872_05_30;Santa Cruz;;
;;N/A:  | N/A: ;;;Perera;pat.;;;;;De la Ortigosa gol. Babla Honda, pat. Perera. 19 195 caJas azúcar y 12 pp. aguardiente.;;Babla Honda;;;gol.;1872_05_30;Ortigosa;;
;;N/A: ;;;Amaya;pat.;;;;;De la Dominica gol. Isabelita, pat. Amaya. 1. cajas aziitan;;Isabelita;;;gol.;1872_05_30;Dominica;;
;;N/A: ;;;Padi la;pat.;;;;;De Banes gol, Nuova Concha, pat. Padi la, 150 caja= y39 bocoyes azúcar.;;Nuova Concha;;;gol;1872_05_30;Banes;;
;;N/A: ;;;Cobos;pat.;;;;;De Baracoa gol. Ntra. Sra. del Carmen. pat. Cobos, 190 cajas azúcar.;;Ntra. Sra. del Carmen.;;;gol.;1872_05_30;Baracoa;;
Día 31:;;N/A: ;;;Torres;pat.;;;;;De la Teja gol. Dorotea, pat. Torres. 31 cajas uzņcar.;;Dorotea;;;gol.;1872_05_30;la Teja;;
;;N/A: ;;;Ferrer;p.;;;;;De Baues bote Cecilia Manuela, p. Ferrer, at bocoyes mascabado.;;Cecilia Manuela;;;bote;1872_05_30;Baues;;
;;N/A:  | N/A:  | N/A: ;;;Colomar;p.;;;;;De Canasi gol. Lola Marina, p. Colomar, §i huks, máscabado y concentrado.;;Lola Marina;;;gol.;1872_05_30;Canasi;;
;;N/A:  | N/A:  | N/A: ;;;Casariego;cap.;;;;;De Gibara jail. Antonia, cap. Casariego, 130 caballos lefa. 20 tpsas cedro, los suela 4 bar. coñac.;;Antonia;;;jail.;1872_05_30;Gibara;;
;;N/A: ;;;Martin;p.;;;;;De Cárdenas gol Maria del Carmen p. Martin, 600 c. azúcar.;;Maria del Carmen;;;gol;1872_05_30;Cárdenas;;
;;N/A: ;;;Roselló;p.;;;;;De Cárdenas gol. Gortradis, p. Roselló, 190 cajas de aznicar.;;Gortradis;;;gol.;1872_05_30;Cárdenas;;
;;N/A:  | N/A:  | N/A:  | N/A:  | N/A:  | N/A: ;;;Garcia;pat.;;;;;De Galbarien gol. Ceferina, pat. Garcia, pie madera, 80 caballos leña, 70 sacos carbon, 3 garrafor y 1 cuniterola miel do abejas, 2 sacos cera.;;Ceferina;;;gol.;1872_06_01;Galbarien;;
;;N/A:  | N/A:  | N/A:  | N/A:  | N/A:  | N/A: ;;;Col mar;pat.;;;;;De Sagua la Grande gol. Correo de Canasi. pat. Col mar, 150 varas madera, 50 bocoyes miel de purga, 50 d ballos sogas do majagua, 50 bar. barina, 18 idein miel abejas, 4 bocoyes azúcar.;;Correo de Canasi;;;gol.;1872_06_01;Sagua la Grande;;
;;N/A: ;;;Ricoy;pat.;;;;;De Cayo Llanas gol. Victoria, pat, Ricoy, Geo sacos carbon.;;Victoria;;;gol.;1872_06_01;Cayo Llanas;;
;;N/A:  | N/A: ;;;Lopez;pat.;;;;;De Carahatas gol. Tres Hermanas, pat. Lopez, 532 c jas azúcar, 20 pipas aguardiente,;;Tres Hermanas;;;gol.;1872_06_01;Carahatas;;
;;N/A:  | N/A: ;;;Cabre;pat.;;;;;De Sierra Morena gol. Sels Manuelas, pat. Cabre 900 cajas azúcar, 8 bultos efectos.;;Sels Manuelas;;;gol.;1872_06_01;Sierra Morena;;
;;N/A: ;;;Mas;pat.;;;;;Do la Toja gol. Josefa, pat. Mas, 600 sacos carbon.;;Josefa;;;gol.;1872_06_01;la Toja;;
;;N/A:  | N/A: ;;;Juan;pat.;;;;;De Cárdenas gol. Nuova Rosita, pat. Juan, 450 cajas 48 boc. azúcar.;;Nuova Rosita;;;gol.;1872_06_01;Cárdenas;;
;;N/A: ;;;Dardet;pat.;;;;;Do Cárdenas gol. Rosita, pat. Dardet, 520 cajas az car.;;Rosita;;;gol.;1872_06_01;Cárdenas;;
;;N/A: ;;;Martin;pat.;;;;;De Cárdenas gol. Maria Josefa, pat. Martin, 700 caj azúcar.;;Maria Josefa;;;gol.;1872_06_01;Cárdenas;;
;;N/A: ;;;Herrera;pat.;;;;;De Cardeuns gol, Mercedita, pat. Herrera. 300 caja azúcar.;;Mercedita;;;gol;1872_06_01;Cardeuns;;
;;N/A: ;;;Nuñez;pat.;;;;;De Cárdenas gol. N. S: del Carmen, pat. Nuñez, 510 azúcar. De Cárdenas gol. Araucana. pat. Tortella. 410 caja azúcar. De Cárdenas gol. Jóven Carlota, pat. Basilio, 500 paja azúcar. De Cardenas gol. Panchita, pat. Alemany, 490 cajas a zúcar.;;N. S: del Carmen;;;gol.;1872_06_01;Cárdenas;;
;;N/A:  | N/A:  | N/A:  | N/A: ;;;Carbonoll;pat.;;;;;De Matanzas gol. Elvira, pat. Carbonoll, 3000 ar, ta Bajo, 360 bar. y 310 sacos harina, 250 cajas azúcar. De Canasi gol. Sabás, pat, Suazo, 350 cajas azúcar, De Santa Cruz gol. Maria del Rosario, pat. Macip. 31 cajas azúcar, De Cabañas gol. Caballo Marino, pat. Lopez, 460 caja zúcar. 16 pipas aguardiente. Do Cabañas gol. Manuela, pat. Arocha, 320 cajas d zúcar. Do Cabañas gol. Josefa, pat. Inclan, 110 cajas y 36 bo coyes azúcar. De Baracoa gol. Dolorita, pat. Monte, 200 cajas de a ncar. De Jaimanitas bote Prosperidad, pat. Sosá, 24 boed res mascsbado De Matanzas gol. Amalia, pat. Belfat, 600 cajas y 5 ocoyos azúcar. De Cárdenas gol. Matilde, pat. Virella, G000 plez de ta la, 600 barriles harina, 150 cajas azúcar, 30 sacos hueso 2 cajas tabaco breva.;;Elvira;;;gol.;1872_06_01;Matanzas;;
;;N/A:  | N/A:  | N/A:  | N/A:  | N/A:  | N/A:  | N/A:  | N/A:  | N/A:  | N/A:  | N/A:  | N/A:  | N/A:  | N/A:  | N/A:  | N/A:  | N/A:  | N/A:  | N/A:  | N/A:  | N/A:  | N/A: ;;;Deulofeo;pat.;;;;;De Cabañas gol. N, S. del Carmen, pat. Deulofeo, 30 ajas azúcar y 10 pipas aguardiente De Bahia Honda vap. Babia Honda, cap. Cnsy, 969 ea a azúcar. Do Baracoa gul. N, S. del Carmen, pat. Cobas, 56 boco es miel. De Cárdenas vapor Comanditarlo. cap. Jofre. 800 ca s azúcar, 1 saco papas. 1 fardo frazadas. 1 estuche azú ar. 3 docenas pluiueros, 12 torcios suelas, Do Cárdenas vapor Cárdenas, cap. Barrera. 4 cajas áquinas de coser, 1 huacal faroles, 1 caja forretoria, Do Caibarien vivero Desquite, pat. Guijarro, 500 pes ados vivos. De Santiago do Cuba y escalas vapor Moctezuma, ep lovet, 1 doc. sillas, 1 caja obra on currican, 522 atado ajagua, 75 tercios cera, 139 cueros al polo, 2 bar, sebo 3 cueros, 4 lios suela, 1 caja géneros. 2baules y 1 caja fectos, 1 caja y 1 barril peletera, 2 cajas columpios.;;N, S. del Carmen;;;gol.;1872_06_01;Cabañas;;
;;N/A:  | N/A:  | N/A:  | N/A: ;;;Alemany;pat.;;;;;Яear. Do Cárdenas gol. Jóven Pilar, pat. Alemany, 500 cm as azúcar. De Cabañas gol. Céfiro, pat. Rodriguez, 360 cajas a car y 12 pipas aguardiente. Del Marfel gol. Conchita, pat. Vilasuso, 410 cajas := dear. Del Mariel gol. Quintina, pat. Lopez, 330 cajas de = úcar.;;Jóven Pilar;;;gol.;1872_06_02;Cárdenas;;
;;N/A:  | N/A:  | N/A:  | N/A:  | N/A: ;;;Guas;patrón;;;;;De Baracoa goleta Telégrafo, patron Guas, 12.000 co cos, 30 barriles aceite de coco, 19 cueros al pelo, & saco cacao, 2 macutos cera.;;Telégrafo;;;goleta;1872_06_04;Baracoa;;
;;N/A: ;;;Castro;patrón;;;;;De Teja goleta Dos do Mayo, patron Castro, 800 saco carbon.;;Dos do Mayo;;;goleta;1872_06_04;Teja;;
;;N/A: ;;;Herrera;pat.;;;;;De Siguapa goleta Mercedita, patron Herrera, 500 ca jas azúcar.;;Mercedita;;;goleta;1872_06_04;Siguapa;;
;;N/A: ;;;Dardet;patrón;;;;;De Siguapa goleta Rosita, patron Dardet, 20 cajas a zúcar.;;Rosita;;;goleta;1872_06_04;Siguapa;;
;;N/A: ;;;Badaró;pat.;;;;;De Cárdenas goleta Victoria, patron Badaró, 530 caja azúcar.;;Victoria;;;goleta;1872_06_04;Cárdenas;;
;;N/A:  | N/A: ;;;Enseñat;pat.;;;;;De Cárdonas goleta Tres Teresitas, patron Enseñat 432 cajas y 56 bocoyes azdcat.;;Tres Teresitas;;;goleta;1872_06_04;Cárdonas;;
;;N/A: ;;;Vasquez;pat.;;;;;De Cárdenas goleta Joaquina, patron Vasquez, GO cajas azúcar.;;Joaquina;;;goleta;1872_06_04;Cárdenas;;
;;N/A:  | N/A:  | N/A:  | N/A: ;;;Cantero;pat.;;;;;De Cárdenas goleta Rayo, patron Cantero, 2 cajas 66 bocoyes azúcar. 50 eacos tapas, 4 cajas sillas.;;Rayo;;;goleta;1872_06_04;Cárdenas;;
;;N/A: ;;;Fariña;pat.;;;;;De Cárdenas goleta Anita, patron Fariña, 80 cajas-azúcar.;;Anita;;;goleta;1872_06_04;Cárdenas;;
;;N/A:  | N/A:  | N/A:  | N/A:  | N/A:  | N/A:  | N/A:  | N/A: ;;;Cobas;patrón;;;;;De Matanzas goleta Emilio, patron Cobas, 800 cajas y 60 bocoyes azúcar, 17 cuñotes y 10 bariles carne sala da, 11 cajas fideos, 2 barriles cigarros, 1 caja derreteria 1 casco pescada,;;Emilio;;;goleta;1872_06_04;Matanzas;;
;;N/A:  | N/A: ;;;Sanchez;patrón;;;;;De Jaruco goleta Cuatro Hermanas, patron Sanchez 171 cajas azúcar, 13 pipas aguardiente.;;Cuatro Hermanas;;;goleta;1872_06_04;Jaruco;;
;;N/A:  | N/A:  | N/A:  | N/A:  | N/A: ;;;Torres;pat.;;;;;De Guanas goleta Trinidad, patron Torres, 81 torcios tabaco, 50 arrobas corn, 40 barriles, miel de abejas, 2 sacos picadura, 1 caja efectos.;;Trinidad;;;goleta;1872_06_04;Guanas;;
;;N/A:  | N/A:  | N/A:  | N/A:  | N/A: ;;;Aulet;pat.;;;;;De Cabañas goleta Prieta, patron Aulet. 231 sacos y 4 caballos leña. 2'sacos fana miraguano.;;Prieta;;;goleta;1872_06_04;Cabañas;;
;;N/A: ;;;Ma cip;pat.;;;;;De Santa Cruz goleta Marta del Rosario. patron Ma cip, 140 cuarterolas miel do purga.;;Marta del Rosario;;;goleta;1872_06_04;Santa Cruz;;
;;N/A:  | N/A:  | N/A:  | N/A: ;;;Piñeiro;pat.;;;;;De Mantua goleta Neptuno, patron Piñeiro, 700 sacos carbon, 20 juegos de carretas. 30 caballos leña.;;Neptuno;;;goleta;1872_06_04;Mantua;;
;;N/A: ;;;Perez;pat.;;;;;De Hinojal goleta Justica, patron Perez, 240 cajas a zúcar.;;Justica;;;goleta;1872_06_04;Hinojal;;
;;N/A:  | N/A: ;;;Ferrer;patrón;;;;;De Bahia Honda goleta Mercedita, patron Ferrer. 257 cajas azúcar y 11 1ipas aguardiente.;;Mercedita;;;goleta;1872_06_04;Bahia Honda;;
;;N/A: ;;;Llancs;pat.;;;;;De Arroyos vivero Cármen, patron Llancs, 500 pescados vivos.;;Cármen;;;vivero;1872_06_04;Arroyos;;
;;N/A: ;;;Mariero;pat.;;;;;De Arroyos vivero Vencedor, patron Mariero, ed pescados vivos.;;Vencedor;;;vivero;1872_06_04;Arroyos;;
;;N/A:  | N/A:  | N/A:  | N/A:  | N/A:  | N/A:  | N/A:  | N/A:  | N/A:  | N/A:  | N/A:  | N/A:  | N/A: ;;;Vega;cap.;;;;;De Caibarien y escalar vapor Nuevo Almendare.. cap. Vega, 7 lios y 1 baul cobre, 1 saco esponjas, 3 cajas ropa, 2 cajas sillas. 29 eneros al pelo, 149 torcios tabaco 4 cajas y 2 fardos efectos, 5 gairafones y 2 barrilito nelado, 1 caja y 1 canasta jos, 4 serones esponjas.;;Nuevo Almendare;;;vapor;1872_06_04;Caibarien;;
;;N/A: ;;;Cobas;pat.;;;;;De Baracoa gets Ntra. Sra, del Carmen, patron Cobas, 56 bocoyes miel de purga.;;Ntra. Sra, del Carmen;;;gets;1872_06_04;Baracoa;;
;;N/A:  | N/A:  | N/A:  | N/A:  | N/A: ;;;Jofré;cap.;;;;;"De Cárdenas vaper Comanditario, cap Jofré, 950 ca as azúcar, 5 tereins y seton eros cartidos, 1 fard ropa""Do . Cárdenas goleta Juanita, pation Bosch, 100 cajas azúcar.";;Comanditario;;;vaper;1872_06_04;Cárdenas;;
;;N/A: ;;;Tolento;pat.;;;;;De la Teja gol. San José, pat. Tolento, 300 cajas AZLCar.;;San José;;;gol.;1872_06_05;la Teja;;
;;N/A: ;;;Almanza;pat.;;;;;De Rio de la Palma got. Josefa. pat. Almanza. 600 sacos carben.;;Josefa;;;got.;1872_06_05;Rio de la Palma;;
;;N/A: ;;;Deulo;pat.;;;;;De Cabañas gol. Ntra. Sra. del Carmen, pat. Deulo feu 360 c. azúcar.;;Ntra. Sra. del Carmen;;;gol.;1872_06_05;Cabañas;;
;;N/A:  | N/A: ;;;Cantó;pat.;;;;;Do Sierra Morena gol. Autoñica, pat. Cantó, 350 cajas azúcar y 2 c. maquinaria.;;Autoñica;;;gol.;1872_06_05;Sierra Morena;;
;;N/A:  | N/A: ;;;Gonzales;pat.;;;;;De idem gol. Sofia, pat. Gonzales, 300 c. azúcar y 3 pipas cobre viejo..;;Sofia;;;gol.;1872_06_05;idem;;
;;N/A: ;;;Garriga;pat.;;;;;Do Rio do la Palma gol. Isabelita, pat. Garriga, GCacos carbon.;;Isabelita;;;gol.;1872_06_05;Rio do la Palma;;
;;N/A: ;;;Pujol;pat.;;;;;De Cárdenas gol. Clio, patron Pujol, 600 sacos car bon.;;Clio;;;gol.;1872_06_05;Cárdenas;;
;;N/A:  | N/A:  | N/A: ;;;Gavino;pat.;;;;;Do Bahia Honda gol. Carmita, pat. Gavino, 160 cys bocoyes azúcar, 30 pips aguardiente y 4 bocoyes cobr vigjo;;Carmita;;;gol.;1872_06_05;Bahia Honda;;
;;N/A: ;;;Arocha;pat.;;;;;De Cabañas gol. Manuela, pat. Arocha, 320 cajas azú car.;;Manuela;;;gol.;1872_06_05;Cabañas;;
;;N/A:  | N/A: ;;;Rodriguez;pat.;;;;;Do idem gol. Cefiro, pat. Rodriguez, 370 e. azúcar, 1 pipas agdte.;;Cefiro;;;gol.;1872_06_05;idem;;
;;N/A:  | N/A: ;;;Lopez;pal.;;;;;De idem gol. Caballo Marino, pal. Lopez, 100 c. az cary 12 pipns agito.;;Caballo Marino;;;gol.;1872_06_05;idem;;
;;N/A:  | N/A: ;;;Gil;pat.;;;;;De Banes gol. Nueva Concha, pat. Gil, 300 cajas azú cary 16 cuarferolas miel do purga.;;Nueva Concha;;;gol.;1872_06_05;Banes;;
;;N/A: ;;;Bosch;pat.;;;;;De Sierra Morena go'eta Union, patron Bosch. 650 c azúcar.;;Union;;;go'eta;1872_06_05;Sierra Morena;;
;;;;;Castell;pat.;;;;;De idem gol. Estrella (a) Gorrion, pat. Castell, (00: cus callon.;;Estrella (a) Gorrion;;;gol.;1872_06_05;idem;;
;;N/A: ;;;González;pat.;;;;;De Cárdenas beig. gol. Amistad. pat. González, cajas azúcar.;;Amistad.;;;beig.;1872_06_06;Cárdenas;;
;;N/A:  | N/A: ;;;Pavia;pat.;;;;;De Cárdenas gal. General la Mar, pat, Pavia, 355 cajas y 12 bocoyes azúcar.;;General la Mar;;;gal.;1872_06_06;Cárdenas;;
;;N/A: ;;;Martin;pat.;;;;;De Cárdenas gol. D Matia del Carmen, pat. Martin 650 cajas azúcar.;;D Matia del Carmen;;;gol.;1872_06_06;Cárdenas;;
;;N/A: ;;;Roselló;pat.;;;;;De Cárdenasol. Jóven Gertrudis. pat. Roselló, 500 cafas azúcar.;;Jóven Gertrudis;;;;1872_06_06;Cárdenasol;;
;;N/A:  | N/A: ;;;Cudillero;pat.;;;;;De Matanzas gol. Maria, pat. Cudillero, 3000 ar, tasajo 300 cajas y 13 boc. azúcar.;;Maria;;;gol.;1872_06_06;Matanzas;;
;;N/A:  | N/A: ;;;Colomar;pat.;;;;;De Canasi gol. Sabas, pat. Colomar, 350 cajas azúcar y 6 pipas aguardiente.;;Sabas;;;gol.;1872_06_06;Canasi;;
;;N/A: ;;;Planells;pat.;;;;;De Santa Maria gol. Sagüera, pat. Planells, 903 sacos carbon.;;Sagüera;;;gol.;1872_06_06;Santa Maria;;
;;N/A: ;;;Rivas;pat.;;;;;De la Tela gol. Júcaro, pat. Rivas, 600 ancos carbon.;;Júcaro;;;gol.;1872_06_06;Tela;;
;;N/A: ;;;Feliú;pat.;;;;;Del Mariel gol. Vicenta, pat. Feliú, 240 cajas azúcar.;;Vicenta;;;gol.;1872_06_06;Mariel;;
;;N/A:  | N/A:  | N/A: ;;;Cnsi.;cap.;;;;;"De San Cayetano vapor Bahla Honda, cap. Cnsi. 11ª tercios tabaco; 950 cajas azúcar y 12 sacos carbon.";;Bahla Honda;;;vapor;1872_06_06;San Cayetano;;
;;N/A: ;;;Juan;pat.;;;;;"ar. De Cárdenas gol. Generals, pat, Juan. 370 cajas y ocoyos azúcar. De idom gol. Nuestra Señora del Carmen, pat. Nuže 10 cajas azúcar. De Santa Cruz gol. Maria del Rosario, pat. Macip, 30 ajas azúcar. De la Mulata gol. Especulacion, pat. Suao, 500 saco arbon y 20 fanczas malz. De la Ortigosa gol. Bahia Honda, pat. Escandell, 17 ajas azúcar y 8 pipas aguardiente. De la Dominica gol. Isabelita, pat. Amaga, 189 ċaja zúcar. Del Mariel guáiro Salve Virgen María, pat. Planell: 2.000 ladrillos y 50 sacos carbon. De Baracoa bote Cecilia Manuela, pat. Nuñez, 30 bo oyes miel do purga. De Cárdenas vapor Comauditario, cap. Jofre, 800 ca s azúcar; 4 idem efectos, 1 idem y 1 barril viandas, un";;Generals;;;gol.;1872_06_07;Cárdenas;;
;;N/A:  | N/A:  | N/A:  | N/A:  | N/A:  | N/A:  | N/A:  | N/A: ;;;Inclan;pat.;;;;;"naves, 1 saco arroz, 1 bulto carne, 3 llos suela, 2 ider aqueta. 1 barril aguardiente, 1 garrafon melado; 3 bar les cigarros. De Cabañas gol. Josefa, pat. Inclan. 400 cajas azúca";;Josefa;;;gol.;1872_06_07;Cabañas;;
;;N/A: ;;;Perelló;pat.;;;;;De sierra Morena goleta Tres Marias, patron Perelló 530 calas azucar.;;Tres Marias;;;goleta;1872_06_08;sierra Morena;;
;;N/A: ;;;Hernandez;patrón;;;;;De Sierra Morena goleta Angelita. patron Hernandez 10 cajas azúcar,;;Angelita;;;goleta;1872_06_08;Sierra Morena;;
;;N/A:  | N/A:  | N/A: ;;;Viera;patrón;;;;;De Jaruco goleta Jaruqueña, patron Viera. 170 sscor niz. 160 cajas azucar, y 12 pipas agnardiente.;;Jaruqueña;;;goleta;1872_06_08;Jaruco;;
;;N/A:  | N/A: ;;;Redríguez;patrón;;;;;De Cabañas goleta Cefire, patron Redríguez, 370 en- caas azúcar y 12 pipas aguardiente.;;Cefire;;;goleta;1872_06_08;Cabañas;;
;;N/A:  | N/A:  | N/A: ;;;Fuentes;pat.;;;;;De Matanzas gleta Ignacita, patron Fuentes, 1706 arrobas tasajo, 200 cajas y 50 bocoyes azúcar. De Cárdenas goleta Très Teresas, patron Enscḥat, 146 majas y fhocoyes azúcar. De Teja balandro Covadonga, patron Martinez, 406 acus carbon. De Mariel goleta Altagracia, patron Gonzalez, 354 alas azúcar.;;Ignacita;;;gleta;1872_06_08;Matanzas;;
Día null:;;N/A: ;;;Nuñez;pat.;;;;;De idem gol. N. Sra. del Carmen, pat. Nuñez: 310 cajas azúcar.;;N. Sra. del Carmen;;;gol.;1872_06_11;idem;;
;;N/A: ;;;Sagna;pat.;;;;;De la Teja gol Manuela do Sagna, pat. Ros: os: 700 sacos 32004 carbon.;;Manuela;;;gol;1872_06_11;Teja;;
;;N/A:  | N/A: ;;;Barrera;pat.;;;;;Do Cárdenas berg. gel. Amistad, pat, Barrera, 830 ca. as azúcar. De idem gol. Anita put. Fariña: 680 c azucar.;gel.;Amistad;;;berg.;1872_06_11;Cárdenas;;
;;N/A:  | N/A:  | N/A:  | N/A: ;;;Laguardia;pat.;;;;;"De Cabañas g. Esmeralda, pat. Laguardia: 529 cajas y5 bocnyes azúcar, 25 sacos lana miraguano, 20 pipas a-; guardiente, 1 casco cobro viejo.";;Esmeralda;;;g.;1872_06_11;Cabañas;;
;;N/A:  | N/A:  | N/A:  | N/A:  | N/A:  | N/A:  | N/A:  | N/A:  | N/A:  | N/A: ;;;Vega;cap.;;;;;"De Culbarien y Sagua la Grande vap. Nuevo laen-1 lares, cap. Vega: 100 terelos tabaco, 20 pipas aguardiento, 8 arrobas cera, 8 arrobas cobre viejo, 4 barriles almilou, 3 serones esponjas, dos canastos aves. dos cajas Ofectos, dos llos carno y un baul calzado. De Cardonas vapor Comanditario cap. Jefte: 1093 caas axúcar, 5 lios vaquetas, 4 fardos cainara, uu liosne-; a. una c. electos de cocina. De idem J. Gertrudis, v. Roselló; 300 c. y60 bucs. azúcar. De linojalg. Justica. p. Perez: 110 c. azúcar, 63 cuarcerolas miel de purga.";;Nuevo laen-1 lares;;;vap.;1872_06_11;Culbarien y Sagua la Grande;;
;;N/A: ;;;Bacilio;pat.;;;;;Do idem gol. J. Carlota, pat. Bacilio: 200 cajas azúcar.;;J. Carlota;;;gol.;1872_06_13;idem;;
Día null:;;N/A: ;;;Vives;pat.;;;;;De Mantua gol. Segunda Rosa. pat. Vives: 1000 sacos carbon.;;Segunda Rosa;;;gol.;1872_06_13;Mantua;;
;;N/A: ;;;Bonet;pat.;;;;;De San Cayetano gol. Agnedita, pat. Bonet: C00 eaOs carbon.;;Agnedita;;;gol.;1872_06_13;San Cayetano;;
;;N/A:  | N/A:  | N/A:  | N/A:  | N/A: ;;;Amengual;pat.;;;;;De Rio Blanco gol. Catalina, pat. Amengual: 400 posRes para telégrafo, 2 garrafones mici de abejas, 33 atravesaños. 21 pértigos, & ar. cera.;;Catalina;;;gol.;1872_06_13;Rio Blanco;;
;;N/A:  | N/A:  | N/A: ;;;Escaudell;pat.;;;;;De Bahia onda g. Bonifacia, pat. Escaudell: 800 ca. mones 161c. azúcar, 14 pp aguardiente.;;Bonifacia;;;onda;1872_06_13;Bahia;;
;;N/A: ;;;Feli;pat.;;;;;De idem gol. Viventa, pat. Feli 210 c. azúcar.;;Viventa;;;gol.;1872_06_13;idem;;
;;N/A:  | N/A:  | N/A: ;;;Coyula;patrón;;;;;De la Teja g. Dos Solias, patron Coyula: 200 atravesaños y 23 palos madera dura, 10 estuches azñeatz,;;Dos Solias;;;g.;1872_06_13;la Teja;;
;;;;;de on lastro;cap.;;;;;De Cabarton Nuevo Carolina. cap. de on lastro.;;Carolina;;;;1872_06_13;Cabarton Nuevo;;
;;N/A: ;;;Moute;pat.;;;;;De Baracoa gol. 1 loritas, pat. Moute, 216 cajas acús ar.;;1;;;gol.;1872_06_13;Baracoa;;
;;N/A: ;;;Amaye;pat.;;;;;De la Dominica gel. Labelita, pat. Amaye, 1- cajas azúcar.;am.;Labelita;;;gel.;1872_06_13;Dominica;;
Día XX:;;N/A:  | N/A:  | N/A: ;;;Cusy;cap.;;;;;De Bahia Honda vap. Bahia Houda, cap. Cusy: 950 caas azúcar, 1 s. carbon 2 pp. cobre viejo.;;Bahia Houda;;;vap.;1872_06_13;Bahia Honda;;
;;N/A:  | N/A:  | N/A:  | N/A:  | N/A:  | N/A:  | N/A:  | N/A:  | N/A:  | N/A:  | N/A:  | N/A:  | N/A:  | N/A: ;;;Rom-55;cap.;;;;;De Santiago do Cuba y escalas, vapor Barcelona, capitan Rom-55 cueros, 66 barriles aceito de coco. 62 tercios tubaco. 21 sacos cacao. 3 barriles sebo, 2 los sucos, 2 los suela, 1 barril café, 1 c. calzado, 1 c. queso, 1 barril mineral. 1 c. efectos de baratillo, 1 c. abacṇa, I cɔja camisa.;;Barcelona;;;vapor;1872_06_14;Santiago;;
;;N/A: ;;;García;p.;;;;;De Rio de la Palma, gobeta San Francisco, p. García -800 sacos carbon.;;San Francisco;;;gobeta;1872_06_14;Rio de la Palma;;
;;N/A:  | N/A:  | N/A:  | N/A:  | N/A:  | N/A:  | N/A:  | N/A:  | N/A:  | N/A: ;;;Jofro;cap.;;;;;De Cárdenas, vapor Comanditario, cap. Jofro-500 caJas azúcar, I fardo ropa, 5 bultos muebles. 6 los vaqueta, 1 c. efectos, 1 c. libros, 1 carruaje, 1 cochecito, 2 cajas arreos. 2 cajones vaclus;;Comanditario;;;vap.;1872_06_14;Cárdenas;;
;;N/A:  | N/A:  | N/A:  | N/A:  | N/A:  | N/A: ;;;Castro;p.;;;;;De Gibara, gal. Matilde, p. Castro-1000 sacos carbon 20. papel, 1 rollo estopa, 1 c. y 1 fardo ropa, 1 lata hilo, 1 c. dátiles.;;Matilde;;;gal.;1872_06_14;Gibara;;
;;N/A:  | N/A:  | N/A:  | N/A: ;;;Bosch;p.;;;;;De Sierra Morena. gol. Union, p. Bosch-00 cajas de azúcar, 16 sacos de carbon. 3 lios serones, 1 caioncito do maquinaria.;;Union;;;gol.;1872_06_14;Sierra Morena;;
;;N/A: ;;;Vazquez;p.;;;;;De Cárdenas, gol, Joaquina, p. Vazquez-600 cajas de azúcar.;;Joaquina;;;gol;1872_06_14;Cárdenas;;
;;N/A:  | N/A: ;;;Colomar-330;pe;;;;;De Canasi, gol. Lola Marina, pe Colomar-330 e. azúcar Gpipas aguardiente;;Lola Marina;;;gol.;1872_06_14;Canasi;;
;;N/A:  | N/A:  | N/A: ;;;Forter;p.;;;;;De Bala Honda, gol. Mercedita. p. Forter-955 cajas azacar, 101ercios de tabaco, certos y 4 pipas aquardiente.;;Mercedita;;;gol.;1872_06_14;Bala Honda;;
;;N/A: ;;;Puyol-tak;p.;;;;;De Río de la Palma gol, Margarita, p. Puyol-tak) saC+4 carbon.;;Margarita;;;gol;1872_06_14;Río de la Palma;;
;;N/A: ;;;Alemany;p.;;;;;De Cárdenas, gol. J. Pilar, p. Alemany-300 cajas de azúcar.;;J. Pilar;;;gol.;1872_06_14;Cárdenas;;
;;N/A:  | N/A: ;;;Sto. Domluge;p.;;;;;De Sierra Morena, gol. Brillante. p. Sto. Domluge—610 e. azúcar, 6 plpas aguardiente;;Brillante;;;gol.;1872_06_14;Sierra Morena;;
;;;;;Nihez-31;p.;;;;;De Banes, boto Cesilia Manuela. p. Nihez-31 locoyes maɛcabado.;;Cesilia Manuela;;;boto;1872_06_14;Banes;;
;;N/A: ;;;Pavia;pat.;;;;;De idem goleta General la Mar, pat. Pavia, 310 c. ′ 24 3 bocoyes azúcar.;;General la Mar;;;goleta;1872_06_15;idem;;
;;N/A:  | N/A:  | N/A:  | N/A: ;;;Belfat;pat.;;;;;De Matanzas goleta Amalia, pat. Belfat, 3000'ar. tasaJo, 400 c. y 70 bocoyes azñcar.;;Amalia;;;goleta;1872_06_15;Matanzas;;
;;N/A: ;;;Suazo;pat.;;;;;De Canasi goleta Babas, pat. Suazo. 310 c. azúcar.;;Babas;;;goleta;1872_06_15;Canasi;;
;;N/A: ;;;Maclp;pat.;;;;;De Santa Cruz goleta Maria del Rosario, pat. Maclp, 300 o. azúcar.;;Maria del Rosario;;;goleta;1872_06_15;Santa Cruz;;
;;N/A: ;;;Perera;pat.;;;;;De Ortigoan goleta Bahla Honda, pat. Perera, 4-0 e. azúcar.;;Bahla Honda;;;goleta;1872_06_15;Ortigoan;;
;;N/A: ;;;Arocha;pat.;;;;;De Cabafias golota Afanuela, pat. Arocha. 32 c. azúcar.;;Afanuela;;;golota;1872_06_15;Cabafias;;
;;N/A:  | N/A:  | N/A:  | N/A: ;;;Rodriguez;pat.;;;;;De idom goleta Céßro, pat. Rodriguez, 320 e. azúcar, 142 tercion tabaco, 10 pps. aguardiente, 10 fanegas de maiz.;;Céßro;;;goleta;1872_06_15;idom;;
;;N/A:  | N/A: ;;;Padilla;pat.;;;;;De Banes goleta Nueva Concha, pat, Padilla, 150) c. 8– zúcar 70 quarteralee miel de purga.;;Nueva Concha;;;goleta;1872_06_15;Banes;;
;;N/A:  | N/A:  | N/A:  | N/A:  | N/A:  | N/A:  | N/A:  | N/A:  | N/A:  | N/A:  | N/A: ;;;Main;pt.;;;;;"De Calbarien v Matanzas gol. Aguila de Oro, pt. Main: 150 cueres, 100 caballos lefia, 2 osjitas tabacos. De Sierra Morena gol. Teresita, pat. Villalonga; 700 sacos carbon, De Sierra Morena gol. Tree Atarias, pat. Perolló; 550 cajas azúcar. Do Cárdenas gol. Juanita, pt. Bosch: 600 cajas azúcar. Do Cárdenas gol. Rosita,pat. Dardet; 520 cajas azúcar. De Cárdenas gol. Jóven Gertrudis, pat. Rosolló: 165 ajas y 100 bocores azúcar. Do Jaruco gol. Jaruqueña, pat. Perez; 171 cajas y 13";;Aguila de Oro;;;gol.;1872_06_16;Calbarien;;
;;N/A:  | N/A:  | N/A:  | N/A:  | N/A:  | N/A:  | N/A:  | N/A:  | N/A:  | N/A:  | N/A:  | N/A:  | N/A:  | N/A:  | N/A:  | N/A:  | N/A:  | N/A:  | N/A: ;;;Durons;pat.;;;;;"yes azúcar. De Tarico boto Ntra. Sra. del Carmon. pat. Durons .00 чjas azúcar. Do Santa Cruz bal. Nuevo Hilario, pat. Pujol; 131 sa08 50 tanegas maiz. DI Morrillo gol. Feliz, pat. Villa: 94 cajas azúcar y 52 ua terolas miel de purga Dil Morrillo gol. Britannia, pat. Beruaza; 400 sacos aron, 220 caballos leña, 5 ar. cera y 5 garrafones miel o abejas. De Cabañas gol. Ntra. Sra. del Carmen, pat. Deulofeo: to cajas azúcar y 10 pipas aguardiente. De Cabañas gol. Caballo Marino' pat. López; 410 caļas zúcar y 10 pipas agnardiento Del Mariel gol. (Faintina, pat. López; 330 cajas azóa. De Cardenas gol. Ntra. Sra. del Carmen, pat Nuñez; 10 cajas azúcar. De Baracoa gol. Ntra. Sra. del Cármen, pat. Coban: 56 -ocoyes miel de pnrga. De Caibarien gol. Engracia, pat. Arbona, 500 paquetes ablilla, 100 caballos leña, 80 oueros y 1eaco cera. Del Hinejal gol. Couchita, pat. Vilasuso, 403 cajas núcar.";;Ntra. Sra. del Carmon;;;boto;1872_06_16;Tarico;;
;;N/A:  | N/A:  | N/A:  | N/A: ;;;Cabrer;p.;;;;;De Sierra Morena g. Maria p. Cabrer, 500 c. azúcar. 3 bales sardir as Doid. g. Angelita p. Hernandez, 610) c. y 2 estuches;;Maria;;;g.;1872_06_18;Sierra Morena;;
;;N/A:  | N/A:  | N/A:  | N/A:  | N/A:  | N/A:  | N/A:  | N/A:  | N/A:  | N/A:  | N/A:  | N/A:  | N/A:  | N/A:  | N/A:  | N/A:  | N/A:  | N/A:  | N/A:  | N/A:  | N/A:  | N/A:  | N/A: ;;;Riera;p.;;;;;"ear, se efectos, 3 garrafones melado, 3 atados barras è catie. 2 jaulas aves. 2 jicoteas. 1 barril aguardiente, 1 cuyera. Do la Toja g. Gallego p. Riera; bet s. carbon De id. Diava p. Rodriguez, 600 s, carbon De Cárdenas berg. go), Amistad p. Barrera 250 c. azú 11% Ds idem g. Generala p. Jisan340 c. y 20 bocs. de azúar. De idem g. Mercedita p. Herrera, 500 c. azúcar. De i. g. Tres Teresas p. Enseñat, 600 e. azúcar, Deidem g. Jóven Carlota p. Bacilio 00 c. azúcar. De idem g. Anita p. Fariña es0 c. azúcar. De idem g. Doña Maria del Cármen p. Martin. 660 c. zúcar De Matanzas. Maria p. Cudillero 500 c. azúcar. 100 a. barina, 25 ieronos tasajo D. Canasi g. Sabas p. Suaz 350 c. azúcar. 6 pp aguarente De Sta Cruz g. Maria del Rosario p. Macip. 200 c. y 30 ncs, azúcar, 50 certos De Mantua g. Isabel Segunda p. Perez, 700 . carbon. De Cabañas gol. Josefa, pat. Inclan, 150 c. y 101 beys úcor. De la Dominica gol. Isabelita, pat. Amaya, 189 c. azú ar. Del Mariel guairo Salve Virgen Marie, pat, Planells,";;Gallego;;;g.;1872_06_18;La Toja;;
;;N/A: ;;;Duran;pat.;;;;;caballos leña. De Baracoa gol. Dolorita, pat Duran, 200 c, azúcar. De Calbarien y Sagua la Grande vap. Nuovo Almenarea, cap. Vega, 321 tercios tabaco, 26 cueros. 17 pps. guardiente, serones esponjas. 1 bocoy cera. De Caros da Barlovento viv. Feliz Conchita, pat. Esiro, 500 pescados vivos. De idem viv Angelita. pat. Barreiro, 500 pescados vi8. De Cardenas vap. Comanditario, cap. Jofre, 600 cajas zúcar, 4 lios vaqueta, 1 idem suela. De Baracon bolo Cecilia Manuela, pat. Nuñez, 200 s, aly 13 boys. concentrado. De Morrillo gol. Carmita, pat. Pacheco, 300 caballos Ba, 122 s. cáscara de mangle, 10 s. carbon, 2 beys. nmardiente.;;Dolorita;;;gol.;1872_06_18;Baracoa;;
;;N/A:  | N/A: ;;;Gorrin;pat.;;;;;De Bahia Honda gol. Carmita, pat. Gorrin. 340 cajos azúcar y 30 pipas de aguardiente: Do Cabañas gol, Amable Rosita, pat. Dominguez, 800 acos de carbon.. De Cárdenas goleta Rosita, patron Dardet, 520 cajas azúcar.;;Carmita;;;gol.;1872_06_19;Bahia Honda;;
;;;;;;;;;;;"De las Barrancas gol. Enriqueta, pat. Alemafy, 80 acos carbon. De Baracoa bote Ntra. Sra. del Carmen, pat. Duran 40 cajas azúcar. De la Teja gol. Dorotea, pat. Torres, 330 cajas azú ar. Del Mariel gol Conchita pat. Vilasuso, 275 cajas azú ar y 60 pp. aguardiente. De Santa Lucia gol Leonor, pat. Lladó, 160 cajas azú ar, 44 pp. aguardiente y 100 caballos leña. Del Mariel bal, Fernandita, pat. Duran, 250 caballo oña, 30 sacos carbon y 1 idem miraguano. San Cayetano, Rio Blauco y Bahia Honda vapor Ba ia Honda, cap, Cusi, 2 terclos tabaco en rama, 20 ocofes mascabado, 12 sacos carbon y 2 barriles cobr -icje, De Sierra Morena gol. Sofia, pat Gonzalez, 500 caja. zncar. 3 macutos cera y tercer. inlel de abejas. De la Teja gol. Sofia, pat. Gonzalez, 1000 sacos car 1911. De la Teja bal. Antoñica, pat. Torres, 600 cajas azú 21. De Cárdenas gol. Juanita, pat; Bosch, 600 cajas azú ar. De Cárdenas gol. Panchita, pat. Menendez, 12000 pić: abla de pinoy 480 cajas azúcar. • De Cárdenas gol. Joaquina. pat. Vazquez, 600 caja! zúcar. De Bahia Honda gol. Bonifacia, pat. Escandell, 210 c zúcar, 115 paqs. tablilla y 10 pp. aguardiente. De Cabañas gol. Cefiro, pat. Rodriguez, 330 cajas azú. ary 12 pp. aguardiente. De Cabañas gol. Manuela, pat. Arocha, 120 cajas núcar. De Cabañas gol; Caballo Marino, pat. Lopez, 350 cajas zúcar y 24 pp. aguardiento. Do Cabañas gol. Marin, pet. Crrvera, 660 cajas azú ar. Do Caibarlen y Matanzas gol. Paquete de Moron, pat Subirat, 200 caballosleña y 150 cueros. De la Teja gol San José, pat. Toledo, 600 atravesa 108. De la Teja gol. J. Magdalena, pat. Dobarro, 1500 sacos carbon.";;;;;;1872_06_20;;;
;;N/A: ;;;Virella;pat.;;;;;"Do Sierra Morena gol. Matilde, pat. Virella; 190 palos madera dura";;Matilde;;;gol.;1872_06_21;Sierra Morena;;
Día 01:;;N/A: ;;;Feliz;pat.;;;;;Del Coroja gol. Nera. Sra. del Carmen, pat. Feliz: 700 sacos carbon;;Nera.;;;gol.;1872_06_21;Coroja;;
Día XX:;;N/A:  | N/A: ;;;Alemañy;pat.;;;;;De Cárdenas gol. Jóven Pilar, pat. Alemañy: 500 cajas 27úcar;;Jóven Pilar;;;gol.;1872_06_21;Cárdenas;;
Día null:;;N/A: ;;;Tortella;pat.;;;;;De Cárdenas gel. Araucana, pat. Tortella: 110 csjas azar;;Araucana;;;gel.;1872_06_21;Cárdenas;;
;;N/A:  | N/A: ;;;Sanchez;pat.;;;;;"De darnco gol. Cuatro Hermanas, pat. Sanchez; 201 Sacos mais-y 11 cajas azúcar";;Cuatro Hermanas;;;gol.;1872_06_21;darnco;;
;;N/A:  | N/A:  | N/A:  | N/A: ;;;Fuster;pat.;;;;;De Rio del Meli gol. Manuelita, pat. Fuster: 900 varas madera. 70 sacos carbon, 100 caballos leña y barri lesbu.;;Manuelita;;;gol.;1872_06_21;Rio del Meli;;
;;N/A: ;;;Par;pat;;;;;De Arroyo viv. Rosita, pat Par: 500 pescados vi1.1.3.;;Rosita;;;viv.;1872_06_21;Arroyo;;
;;N/A: ;;;Matreio;pat.;;;;;De Arroyo viv. Josef. pat. Matreio: 500 pescados vivos;;Josef.;;;viv.;1872_06_21;Arroyo;;
;;N/A: ;;;Fuentes;pat.;;;;;De Matanzas god. Iguacita, pat. Fuentes: 160 cajas azúcar.;;Iguacita;;;god.;1872_06_21;Matanzas;;
;;N/A:  | N/A:  | N/A:  | N/A: ;;;fofre;cap.;;;;;De Cardonas yap. Comanditario, cap. fofre: 500 cajas azúcar, 1 fardo baquetas, 1 caja con 3 mesas de máquina, 1 ainar do sala.;;Comanditario;;;yap.;1872_06_21;Cardonas;;
Día 01:;;N/A:  | N/A:  | N/A: ;;;Campanell;cap.;;;;;De Mantua gel. Juana de Dios, cap. Campanell: 200 caballos leña, 25 recos lana miraguano y'25 gar. miel de;;Juana de Dios;;;gel.;1872_06_21;Mantua;;
;;N/A: ;;;Zuazo;pat.;;;;;Do Canasi gol. Sabas, pat. Zuazo, Il bocoyes masca. adlo. De Santa Cruz gol. Maria del Rosario, pat. Macip, 30 alas y 30 bocoyei azúcar, 22 bocoyes concentrado. De Cabañas gol. Ntra. Sra. del Carmen, pat. Deulofeu 10 cajas aznicar. 10 pipas aguardiente. De Cabañas gol. Prieta, pat. Aulet, 120 pipas aguarliente. Do Banes gol, Nueva Concha, pat. Gil, 20 cajas azúar.;;Sabas;;;gol.;1872_06_22;Canasi;;
;;N/A:  | N/A:  | N/A:  | N/A:  | N/A:  | N/A:  | N/A:  | N/A:  | N/A:  | N/A:  | N/A:  | N/A:  | N/A: ;;;Bosch;pat.;;;;;y estuches azúcar. boceyes miel do purga y wacobre viejo. De Sierra Morena gul. Union, pat. Bosch. 830 cajas aBear, 22 bultes equipajes, 1 caja aves, De Sierra Moren gil. Union, pat. Diaz. 1000 sac '9 thon. De Hansa godet América. pat. Leal, 3-0 cajas azú יון De Cadenas gel. Inés, pat. Caebas, 160 cajas azúcar y 59 cajas fideos. De Cárdenas gel, doven Gertrudis, pat. Roselló, 200 jas amicar. De Cardenas gol. Mercedita, pat. Herrera. 120 cajas y bocoyes azúcar. 1. Cardenas gel. Trea Teresas, pat. Enseñat, 600 ca s azúcar.;;Union;;;gul.;1872_06_22;Sierra Morena;;
;;N/A:  | N/A:  | N/A:  | N/A:  | N/A: ;;;Torres;pat.;;;;;Nuevitas gol. Rosalia. pat. Torres. 60 reses. 50 casicña. 10 tirantes caoba, 693 caballos pajagua. 2 caj pane;;Rosalia;;;gol.;1872_06_23;Nuevitas;;
;;N/A:  | N/A:  | N/A:  | N/A:  | N/A:  | N/A: ;;;Colo11;pat.;;;;;Beta Grande gol. Papote de Sagna, pat. Colo11. 300 dans sugas majagua, 200 teicies majagua blanpalancaro 25 bar harina, 2 centes y juegos Haigha yol durate, pat. Rivas. 100 sacos carNido la Palma go', Isabelita, bat Garriga, 60o sacreb ::.;;Papote de Sagna;;;gol.;1872_06_23;;;
;;N/A:  | N/A:  | N/A:  | N/A:  | N/A:  | N/A:  | N/A:  | N/A: ;;;Pavia;pat.;;;;;"De Cardenas god General la Mar. pat. Pavia, 300 caasi yazar. The andere gol Resita, pat. Dardet, 720 cajas azú31. tre cardenas gal: Anita pa Kaina, 8-0 cajas azú""De Cantennagel, Mana del Carmen-pat. Martin, 600 aias azucar. De Cardenas gel. Ntra. Sra. del Carmen, pat., Nunez, 1 cajas near. De Matanzas ge! Dos Hermanas. pat. Visquerra. 500 cay 40 bocores aear. 1. Santa Cruz ba. Nuevo Hario, pat. Pujol. 170 fan,";;General la Mar;;;god;1872_06_23;Cardenas;;
;;N/A:  | N/A: ;;;Pereta;pat.;;;;;De la intigosa gel, Baba Hunia, pat. Pereta. 175 caasazacar ye pp. azaardiente.;;Baba Hunia;;;gel;1872_06_23;intigosa;;
;;N/A: ;;;Inclan;pat.;;;;;De Cabanas gol. Josefa, pat. Inclan, 379 cajas azúcar;;Josefa;;;gol.;1872_06_23;Cabanas;;
;;N/A: ;;;Hy boyoyes;pt.;;;;;De l'uerto del Padre gol. Expreso do Gibara, pt. Pat: Hy boyoyes azúcar.;;Expreso do Gibara;;;gol.;1872_06_26;l'uerto del Padre;;
;;N/A:  | N/A:  | N/A:  | N/A:  | N/A:  | N/A:  | N/A:  | N/A: ;;;Bernaza;pat.;;;;;De Nuevitas y Matanzas berg. gol. Segunda Caminer a. pat. Bernaza: 1419 cueros, 1s caballes majagua, piras y 10 medias idem aguardiente, 5 cascos cobrevie jo, tercerolas sebo'y rollos janelas,;gol.;Segunda Caminer;;;berg.;1872_06_26;Nuevitas y Matanzas;;
;;N/A:  | N/A:  | N/A:  | N/A:  | N/A:  | N/A:  | N/A:  | N/A:  | N/A: ;;;Vega;cap.;;;;;De Caibarien y Sagua vap. Nuevo Almendares, cap. Vega: i torcios tabaco, 74 cueros, 27 pipas aguardien e, cajas azúcar, 4 cajas aves, 3 cajas bombas usadas, 3 rajas y fardos ropa. 2 serenes esponjas, tercerolas;;Nuevo Almendares;;;vap.;1872_06_26;Caibarien y Sagua;;
;;N/A:  | N/A:  | N/A:  | N/A: ;;;Colo;pat;;;;;De Sagua la Grande gel. (orreo de Canasi, pat Colo mar: varas madera. paquetes jabas, tercios majagua blanda y 6 bar. azúcar.;;(orreo de Canasi;;;gel.;1872_06_26;Sagua la Grande;;
;;N/A:  | N/A:  | N/A:  | N/A:  | N/A:  | N/A: ;;;Cabrera;pat.;;;;;De Sierra Morena gol. Scis Manuelas, pat. Cabrera: on 46 eajas azúcar, 20 bocoyca miel de purga, & baules quipaje. 4 palos júcaro, 3 cajitas efectos y garrafon quldo;;Scis Manuelas;;;gol.;1872_06_26;Sierra Morena;;
;;N/A:  | N/A: ;;;Cordero;pat.;;;;;"Do Sierra Morena gol. Molestadora, pat. Cordero: 506 cajas y bocoyes azúcar y 14 pipas aguardiente. De Sierra Morena gol. Maria, pat. Cabré; 500 cajas n zúcar y 20 encos caiton";;Molestadora;;;gol.;1872_06_26;Sierra Morena;;
;;N/A: ;;;Gonzalez;pat.;;;;;Do Sierra Morya gol. Sofia, pat. Gonzalez: 500 cajas zacar;;Sofia;;;gol.;1872_06_26;Sierra;;
;;N/A: ;;;Panda;pat.;;;;;De la Teja gel. Des Amigos. pat. Panda: 0 cajas as;;Des Amigos.;;;gel.;1872_06_26;la Teja;;
Día null:;;N/A: ;;;Rojas;pat.;;;;;De fa Teja gol. Castilla, pat. Rojas: 20 cajas azúCal.;;Castilla;;;gol.;1872_06_26;fa Teja;;
Día null:;;N/A: ;;;Montell;pat.;;;;;De la Teja gol. Magdalena, pat. Montell: 700 sacos caron.;;Magdalena;;;gol.;1872_06_26;la Teja;;
;;N/A: ;;;Ferrer;pat.;;;;;De la Teja gol. Josefa. pat. Ferrer: Go0 sacos de carbon. De la Teja gol. Manuela do Sagua. pat. Ro: 500 sacos carbon.;;Josefa;;;gol.;1872_06_26;la Teja;;
;;N/A: ;;;Herrera;pat.;;;;;"De Siguapas gol fercedita, pat. Herrera; 500 co cajas zúcar.";;fercedita;;;gol;1872_06_26;Siguapas;;
;;N/A: ;;;Barrera;pag.;;;;;10 Cardenas berg. gol. Amistad, pag. Barrera: 850 caas azúcar.;;Amistad;;;berg.;1872_06_26;Cardenas;;
;;N/A: ;;;Juan;pat.;;;;;De Cárdenas gol. Generala. pat. Juan: 400 cajas aznBar.;;Generala.;;;gol.;1872_06_26;Cárdenas;;
;;N/A: ;;;Besch;pat.;;;;;Do Cárdenas gol. Juanita, pat. Besch 00 cajas azuar.;;Juanita;;;gol.;1872_06_26;Cárdenas;;
Día 01:;;N/A: ;;;Tortella;pat.;;;;;De Cárdenas gol. Arancana, pat. Tortella: 110 Ho cajas zúcar;;Arancana;;;gol.;1872_06_26;Cárdenas;;
;;N/A:  | N/A: ;;;Bacille;pat.;;;;;De Cárdenas gol. Jóven Carlota, pat. Bacille: 500 cajas azúcar y 25 bar. claros, Do Cardenas gol. Joaquina. pat. Vasquez: 160 cajas y 1) locoyes azúcar..;;Jóven Carlota;;;gol.;1872_06_26;Cárdenas;;
;;N/A: ;;;Suazo;pat.;;;;;De Cauasi gol. Sabás, pat. Suazo 300 cajas azúcar.;;Sabás;;;gol.;1872_06_26;Cauasi;;
;;N/A:  | N/A: ;;;Perez;pat.;;;;;De Janco gol. Jarnqueña, pat. Perez: al cajas azu-, car.;;Jarnqueña;;;gol.;1872_06_26;Janco;;
;;N/A:  | N/A:  | N/A:  | N/A:  | N/A:  | N/A:  | N/A:  | N/A:  | N/A:  | N/A:  | N/A:  | N/A:  | N/A: ;;;Torres;pat.;;;;;De Mantua gol. Margarita, pat. Torres: 310 gar. miel le abejas, 201 miraguanos, 200 estacas, 169 ar. cera. 100 acos carbon, 0 ar. lana miraguano, 60 yugos, 60 juegos ale carreta, 50 caballos leña, 50 ejes, eneros, ter. cios tabaco, estacas júcaro y 1 fardo esponjas.;;Margarita;;;gol.;1872_06_26;Mantua;;
;;N/A: ;;;Perez;pat.;;;;;Del Hinejal gol. Justica, pat. Perez: 200 cajas az úcar.;;Justica;;;gol.;1872_06_26;Hinejal;;
Día 30:;;N/A:  | N/A: ;;;Atocha;pat.;;;;;De Cabañas gol. Manuela, pat. Atocha: 30 cajas azn. car.;;Manuela;;;gol.;1872_06_26;Cabañas;;
;;N/A:  | N/A: ;;;Rodriguez;pat.;;;;;De Cabañas gol. Cetro, pat. Rodriguez: 310 cajas azú mar, 10 pipas aguardiente.;;Cetro;;;gol.;1872_06_26;Cabañas;;
;;N/A:  | N/A: ;;;Lopez;pat.;;;;;De Cabalas gol. Caballo Marino, pat. Lopez: 310 cajas azúcar y 35 pipas agnardient.;;Caballo Marino;;;gol.;1872_06_26;Cabalas;;
;;N/A: ;;;Cervera;pat.;;;;;De Cabañas gol. Maria, pat. Cervera: 60 cajas azncar. De la Dominica gol. Isabelita, pat. Amaya: 150 cajas Azúcar. De Mariel gol. Quintina, pat. Lopez: 330 cajas azúcar.;;Maria;;;gol.;1872_06_26;Cabañas;;
;;N/A:  | N/A:  | N/A: ;;;Nuñoz;pat.;;;;;De Baracoa bote Cecilia Manuela. pat. Nuñoz: 300 sasy 12 pipas cal. Do Baracan gol. Nua. Sra. del Cárinen, pat. Cobas. ocoyos miel do purga De Sierra Morena gol Maria pat. Foruaudez: 600 83203 carbon.;;Cecilia Manuela;;;bote;1872_06_26;Baracoa;;
;;N/A: ;;;Acuña;pat.;;;;;"De Playas de San Juan gol. Marianita, pat. Acuña; GOO sacos carbon";;Marianita;;;gol.;1872_06_27;Playas de San Juan;;
;;N/A: ;;;Suao;pat.;;;;;"Del Salto gol. Agustina, pat Suao; C00Bacon carbon,";;Agustina;;;gol.;1872_06_27;Salto;;
;;N/A: ;;;Alemany;pat.;;;;;De Cárdenas gol. Panchita, pat. Alemany: 503 cajas azúcar.;;Panchita;;;gol.;1872_06_27;Cárdenas;;
;;N/A: ;;;Durin;pat.;;;;;"De Janco bote Ntra. Sra. del Carmen, pat. Durin; 110 caias azrear.";;Ntra. Sra. del Carmen;;;bote;1872_06_27;Janco;;
;;N/A: ;;;;pat.;;;;;"De Santa Maria gel, Cuba, pat. Folied; 600 sacos carbou.";Cuba;Folied;;;gel;1872_06_27;Santa Maria;;
;;N/A: ;;;Dardet;pat.;;;;;"De Cárdenas gol. Rosila, pat. Dardet; 520 cajas azucar.";;Rosila;;;gol.;1872_06_27;Cárdenas;;
;;N/A:  | N/A:  | N/A:  | N/A:  | N/A:  | N/A:  | N/A:  | N/A:  | N/A:  | N/A:  | N/A:  | N/A:  | N/A:  | N/A:  | N/A:  | N/A:  | N/A: ;;;Gana;cap.;;;;;"De Santiago de Cuba y escalas vap. Cuba, cap. Gana; 433 cueros, 223 cajitas dulces, 4 bar. ostiones, 3 fardos suela, 3 canastos y 1 bar. nangos, 2 sacos cacao, cajas camas de hierro, cajas ron y camisas, 2 cajas tablicos y dulces, I coja salchichon, 1 caja sombreros, 1 caja. ron, 1 caja ropa 1 caja camisas y pañuelos y 1 cajita a úcar.";;Cuba;;;vap.;1872_06_27;Santiago de Cuba;;
Día 01:;;N/A: ;;;Vilasuso;pat.;;;;;"Del Mariel gol. Conchita, pat. Vilasuso; 400 cajas azúcar:";;Conchita;;;gol.;1872_06_27;Mariel;;
;;N/A: ;;;Bosch;pat.;;;;;De Cardenas gol. Juanita, pat. Bosch: 000 cajas azúcar.;;Juanita;;;gol.;1872_06_27;Cardenas;;
;;N/A:  | N/A:  | N/A:  | N/A:  | N/A:  | N/A:  | N/A: ;;;Cust;cap.;;;;;De San Cayetano, Rio Blanco y Bahia Honda vapor Bahia Honda, cap. Cust: 501 torelos tabaco, 330 calas azúcar, 60 garrafones miel de abejas, 12 sacos carben. 10 boceyes miel do purga, 2 cajas cera y 2 carretas.;;Bahia Honda;;;vapor;1872_06_27;San Cayetano;;
;;N/A: ;;;Perelló;pat.;;;;;De Sierra Morena' gel. Tres Marias, pat. Perelló, 550 ai azúcar.;;Tres Marias;;;gel.;1872_06_28;Sierra Morena;;
;;N/A: ;;;;;;;;;De Cárdenas. Clie. Pujol 1200 arrobas tasajo:;;Pujol;;;Clie.;1872_06_28;Cárdenas;;
;;N/A:  | N/A:  | N/A:  | N/A:  | N/A:  | N/A:  | N/A:  | N/A:  | N/A:  | N/A:  | N/A:  | N/A:  | N/A:  | N/A: ;;;;;;;;;De Rio de la Palma goleta Margarita, pat. Pujol: 660 sacos carbon. Del Morrillo gol, Feliz, pat. Villa: 400 varas maderas. 4 bocoyos mascabado, 10 cuaiterolas miel de purga. Del Mariel g. Vicenta, pat. Feliu: 80 c. azúcar, 60 pp. guardiente. De Cárdenas gol. d. Pilar, pat. Alemany: 500 cajas zúcar. De id. g. Anifa, p. Fariña: 380 c. azúcar. De Caibarion vapor Nuevo Carollua, cap. Dole: resea. De Nuevitas gol. Dichosa. p. Rivas, 135 bocoyes miel 20 caballos majagua. Da la Toja gol. Dos Sofias, pat. Caynla: 930 atrave апов. Do Cabañas g. X S. del Carmen, p. Deulofen: 310 cajas . zúcar, 10 pp. aguardiente. De Jarneo but N. S. del Carmen, p. Cobas. 10 bocoes miel de matria.;;;;;;1872_06_29;;;
Día null:;;N/A:  | N/A: ;;;Monar;pat.;;;null;;De Nuevitas berg, gol.. Pirinco, pat. Monar: 1910 se, palos, 6 bar. sebe. 3 pacas he, e. tabaco.;;Pirinco;;;berg;1872_07_02;Nuevitas;;
;;;;;Toro;pat.;;;;;De Sierra Morenagol. Casilda Isabel. pat. Toro, CCO a travesaños;;Casilda Isabel;;;gol.;1872_07_02;Sierra Morena;;
Día null:;;N/A: ;;;Leal;pat.;;;;;De Sierra Morena gol. América, pat. Leal: 20 caja aznear;;América;;;gol.;1872_07_02;Sierra Morena;;
;;N/A:  | N/A: ;;;Besch;pat.;;;;;Do Sierra Morena gol. I'nien. pat. Besch: to cajas a zúcar y 1 c. aves;;I'nien.;;;gol.;1872_07_02;Sierra Morena;;
;;N/A: ;;;Riera;pat.;;;;;De la Teja gol. Gallego, pat. Riera: 10 sacos carbon;;Gallego;;;gol.;1872_07_02;la Teja;;
;;N/A: ;;;Juan;pat.;;;;;De Cárdenasol. Generala, pat. Juan 10 cajas azúca;;;;;Generala;1872_07_02;Cárdenasol;;
Día XX:;;N/A:  | N/A: ;;;Paria;pat.;;;;;De Cárdenas gol. General la'Mar. pat. Paria: 510 ca jas y 21 bocoyes azúcar.;;General la'Mar;;;gol.;1872_07_02;Cárdenas;;
;;N/A: ;;;Martin G;pat.;;;;;Do Cardenas gol. Maria del Carmen, pat. Martin G caras azúcar.;;Maria del Carmen;;;gol.;1872_07_02;Cardenas;;
;;N/A: ;;;Bosch;pat.;;;;;Do Cardenas gol. Juanita, pat. Bosch: 600 cajas azies;;Juanita;;;gol.;1872_07_02;Cardenas;;
Día 01:;;N/A: ;;;Vasquez;pat.;;;;;De Cárdenas gol. Joaquina, pat. Vasquez: 10 cajas a zúcar.;;Joaquina;;;gol.;1872_07_02;Cárdenas;;
;;N/A: ;;;Name;pet.;;;;;De Cardenas gul. Ntra. Sra. del Carmen, pet. Name 510 cajas azúcar;;Ntra. Sra. del Carmen;;;gul.;1872_07_02;Cardenas;;
;;N/A: ;;;Dardet;pat.;;;;;De Cardenas gel, Resita pat. Dardet. 53 cajasara;;Resita;;;gel;1872_07_02;Cardenas;;
;;N/A: ;;;Teitella;pat.;;;;;"De Cardenas gol. Araucaña. pat. Teitella; 410 cajas a zneár";;Araucaña;;;gol.;1872_07_02;Cardenas;;
;;N/A:  | N/A:  | N/A:  | N/A:  | N/A:  | N/A:  | N/A:  | N/A:  | N/A: ;;;Cadilleiro;pat.;;;;;De Matanzas god. Maria, pat. Cadilleiro, 000 pics ma dera de pine. 100 cr. tasajo, 300 cajas y 30 locoyes azi car. 30 cajas sidta. 9 bar. cerveza, 6 cajas ropa, 5 bar, að mi:lo cajita sal.;;Maria;;;god.;1872_07_02;Matanzas;;
;;N/A:  | N/A: ;;;Fuertes;pat.;;;;;1'0 tanzas gol. Ignacita, pat. Fuertes: 100 cajas azi eur pas carbon, i bocoyes concentrado.;;Ignacita;;;gol.;1872_07_02;;;
;;N/A: ;;;Suazo;pat.;;;;;Danasi gol. Sabas, pat. Suazo: 310 cajas azucar.;;Sabas;;;gol.;1872_07_02;;;
;;N/A: ;;;Macip;pat.;;;;;De Santa Cruz gol Maria del Rosario, pat. Macip: 13 cuarterolas miel de purga;;Maria del Rosario;;;gol.;1872_07_02;Santa Cruz;;
;;N/A:  | N/A:  | N/A: ;;;Pujol;pat.;;;;;De Santa Cruz bal. Nyo. Hilario, pat. Pujol, 150 saco y50 fanegas maiz, 10eaces arvejas.;;Nyo.;;;bal.;1872_07_02;Santa Cruz;;
Día null:;;N/A: ;;;Pajol;pat.;;;;;De Manzanillo gol. Antonio Pomar, pat. Pajol: 170 ti rantes madera duia.;;Antonio Pomar;;;gol.;1872_07_02;Manzanillo;;
;;N/A:  | N/A:  | N/A:  | N/A: ;;;Ferrer;pat.;;;;;De Bahia Honda gol. Mercedita, pat Ferrer. ll caja aenear, 200 camenes, cerdos, 10 sacos caté.;;Mercedita;;;gol.;1872_07_02;Bahia Honda;;
;;N/A: ;;;Escandeli;pat.;;;;;De Bahia Honda gol Bonifacia pat. Escandeli. 10 caja;;Bonifacia;;;gol.;1872_07_02;Bahia Honda;;
;;N/A: ;;;Servera;pat.;;;;;"De Cabañas gol. Maria, pat. Servera; GG0 cajas azúcar";;Maria;;;gol.;1872_07_02;Cabañas;;
;;N/A:  | N/A: ;;;Rodriguez;pat.;;;;;"De Cabañas gol. Cédro, pat. Rodriguez; 370 cajas azú car y pipas aguardiente.";;Cédro;;;gol.;1872_07_02;Cabañas;;
Día null:;;N/A:  | N/A: ;;;Lopez;pat.;;;;;De Cabañas gol. Caballo Marino, pat. Lopez: 390 cajal azdear y 18 pipas aguardiente.;;Caballo Marino;;;gol.;1872_07_02;Cabañas;;
;;N/A: ;;;Arocha;pat.;;;;;"De Cabañas gol. Manuela, pat. Arocha; 323 c. azúcar";;Manuela;;;gol.;1872_07_02;Cabañas;;
Día null:;;N/A: ;;;Amaya;pat.;;;;;De la Dominica gol. Isabelita, pat. Amaya: 159 caja azúcar;;Isabelita;;;gol.;1872_07_02;Dominica;;
Día :;;N/A: ;;;Vilasiso;pat.;;;;;Del Mariel gol. Conchita. pat. Vilasiso: 100 cajas azúcar.;;Conchita;;;gol.;1872_07_02;Mariel;;
;;N/A:  | N/A: ;;;Nuñez;pat.;;;;;De Baracoa bote Cecilia Manuela pat. Nuñez: 300 sacos y 1 pipas cal.;;Cecilia Manuela;;;bote;1872_07_02;Baracoa;;
;;N/A:  | N/A:  | N/A:  | N/A:  | N/A:  | N/A:  | N/A: ;;;Vega;cap.;;;;;"De Caiharien y Sagua la Grande vap. Nvo. Almienda rea, cap. Vega; 563 tore. tabaco Gserones esponjas, G pa nes azúcar, cajas y 4 fardos efectos, 1 coche de niño, lebrillo y 1 fanda de cocbe.";;Nvo. Almienda;;;vap.;1872_07_02;Caiharien y Sagua la Grande;;
;;N/A: ;;;Cabié;pat.;;;;;De Sierra Morena gol. Maria, pat. Cabié: 500 cajas a zúcar;;Maria;;;gol.;1872_07_02;Sierra Morena;;
;;N/A:  | N/A: ;;;Pelaez;pat.;;;;;"De Sierra Morena gol. Eugracis. pat. Pelaez; 307 caja azúcar, & pipas aguardiente.";;Eugracis;;;gol.;1872_07_02;Sierra Morena;;
;;N/A: ;;;Tasso;pat.;;;;;De Jibacoa bal. Nueva Flor, pat. Tasso, 50 caballo leña.;;Nueva Flor;;;bal.;1872_07_02;Jibacoa;;
;;N/A: ;;;Herrera;p.;;;;;De Cardenas, gol. Moreedita, p. Herrera,-599 vajas azúcar.;;Moreedita;;;gol.;1872_07_04;Cardenas;;
;;N/A:  | N/A: ;;;Perera;p.;;;;;De Ortigoza, gol. Bahia Honda, p. Perera- 173 c. azú, car, 10 pipas aguardiente.;;Bahia Honda;;;gol.;1872_07_04;Ortigoza;;
;;N/A: ;;;Monté;p.;;;;;De Baracza, gol. Dolorita p. Monté-310 cajas do azúcar.;;Dolorita;;;gol.;1872_07_04;Baracza;;
;;N/A: ;;;Colas;p.;;;;;De Baracoa, gel. N. S. del Carmen, p. Colas-30 bocoyes mascabado.;;N. S. del Carmen;;;gel.;1872_07_04;Baracoa;;
;;N/A:  | N/A: ;;;Macip;p.;;;;;De Sta. Cruz, gol. Maria del Rosario, p. Macip-200 cajas y 300 coyes azúcar.;;Maria del Rosario;;;gol.;1872_07_04;Sta. Cruz;;
;;N/A: ;;;Gonzalez;pat.;;;;;De Sierra Morona gol. Sotia, pat. Gonzalez, 50 taj ahear, c. con piezas de un carro. Po Cárdenas gol. Anita, pat. Fariña, 850 cajas de azúcar, Delaraca gol. Cuatro Hermanas, pat. Sanchez, 20 . de azúcar. De Jaruco gol. Jaruqueña, pat. Perez. 400 aces mai;;Sotia;;;gol.;1872_07_05;Sierra Morona;;
;;N/A:  | N/A:  | N/A:  | N/A:  | N/A:  | N/A:  | N/A:  | N/A:  | N/A:  | N/A:  | N/A:  | N/A:  | N/A:  | N/A:  | N/A:  | N/A:  | N/A:  | N/A:  | N/A:  | N/A: ;;;Cobas HC;pat.;;;;;10 e. azúcar. Do Jaruco bote Ntra. Sra. del Carmen, pat Cobas HC c. azúcar. Do la Mulata gol. Teresita, pat. Duran. 100 vs. maHera labrada, 21 pértigos. 21 caballos leña, tereins taJaco. De Cabañas gol. Amable Rosita. p. Dominguez. 800 s carbon. Del Mariel gol. Vicenta, pat. Felin. 210 cajas de azúar. De Baues gol. Nueva Concha, pat. Gil, 200 c. y 20 buc zúcar. De Mantua gol. Maria, pat. Alcina, 600 sacos do car011. De Cárdenas gol. Jóven Gertrudis. pat. Roselló, e aja azúcar. De Dominica gol. Isabelita, pat. Amaya, le cajas de zúcar. D-Gamsa god. Milde, pat. Virella, 200 palos maLera. De Cardenas vap, Comanditario. cap. Jofre, 103 cajas zúcar bar. y1 c. efectos, 3e. ropa. 16 lios suelas 7 faros carmaza y I ajuar de casa usado.;;Ntra. Sra. del Carmen;;;bote;1872_07_05;Jaruco;;
;;N/A:  | N/A: ;;;;;;;;;De Santiago de Cuba y escalas vapor Cataluña, caг Recamar, 1 caja ropa, 1 caja lanería y 1 caja ropa usa da.;;Cataluña;;;vapor;1872_07_06;Santiago de Cuba;;
;;N/A:  | N/A:  | N/A: ;;;Portela;null;;;;;De Gibara y Matanzas pail. Ntra. Sra. del Cobre, Portela, 1 saco arroz, 1 bárril galletas y medio pipa vino.;;Ntra. Sra. del Cobre;;;pail.;1872_07_06;Gibara y Matanzas;;
;;N/A: ;;;Almanza;p.;;;;;De la Teja g. Josefa. p. Almanza, 600 sacos de carbon;;Josefa;;;g.;1872_07_06;la Teja;;
;;N/A:  | N/A: ;;;;Ensenat;;;;;De Signapag Tres Teresas, p. Ensenat, 600 cajas a zúcar y moviliario usado;;Tres Teresas;;;p.;1872_07_06;Signapag;;
;;N/A:  | N/A:  | N/A: ;;;Pavia;p.;;;;;De Cardenas g. General la Mar, p. Pavia, 320 cajas 20 bocoyes aznicar y 1 sinar de casa nando;;General la Mar;;;g.;1872_07_06;Cardenas;;
;;N/A: ;;;;p.;;;;;De Cárdenas gunnste, p. Bosch, 600 cajas de azú CAT;;Bosch;;;gunnste;1872_07_06;Cárdenas;;
;;N/A:  | N/A:  | N/A:  | N/A: ;;;Dardet;p.;;;;;De Cárdenas v. Rosita. p. Dardet, 520 cajas do azúca Vajuar de caza unato Li Cárdenas g. Araucana, p. Tortella, 410 cajas de a zúcar De Canasi gul. Tola Marina, p. Colomar, 320 cojas d azúcar y 6 pipas agumaale.;;Rosita;;;v.;1872_07_06;Cárdenas;;
;;N/A:  | N/A:  | N/A:  | N/A:  | N/A:  | N/A:  | N/A:  | N/A:  | N/A: ;;;Impaz;v.;;;;;De Cabañas g. Caballo Marine, v. Impaz, 460 cajas d azúcar y 6 pipas aguardiente Vilasuso. 400 cajas de azú Del Mariel g. Conchita, p.  car, 9 piezas de maquinaria Del Mariel bal. Fernandita. p. Durán, 180 camonea 80 caballos leña, 30 sacos carbon, 12 ancos lana miragoano y 4 qq cobro viejo Do Cabañas g. Manuela, p. Arocha, 330 cajas de azú car De Matanzas g. Dos Hermanas, p. Visquerra, 119 toneladas carbon de piedra De Sierra Morena g. Seis Manuelas, p. Cabrera, EG majas, 16 bocoyes y 1 estuche azúcar, I bocoy carbon, arril plátanos y i barril c. cos;;Caballo Marine;;;g.;1872_07_06;Cabañas;;
;;N/A: ;;;Roig;p.;;;;;De Teja, gol. Paquete de Nuevitas, p. Roig—100_8acs carbon.;;Paquete de Nuevitas;;;gol.;1872_07_07;Teja;;
;;N/A:  | N/A:  | N/A:  | N/A:  | N/A:  | N/A:  | N/A:  | N/A: ;;;Rodriguez;p.;;;;;De Matanzas, gol. Elvira, p. Rodriguez-200 c. y 22 pocoyes azúcar, 200 c. fideos. 60 masos fieje, 40 latas alnendrás, 25 sorones tasajo, & torcios vaqueta, 5 tabales sardinas, 14 cristales.;;Elvira;;;gol.;1872_07_07;Matanzas;;
;;;;;Fachal-110;pat.;;;;;De Nuevitas, goleta Celia, patron Fachal-110 palos Inadera.;;Celia;;;goleta;1872_07_09;Nuevitas;;
;;;;;Pellicor;pat.;;;;;De Nuevitas. goleta Autoñica, patron Pellicor-en lastre.;;Autoñica;;;goleta;1872_07_09;Nuevitas;;
;;N/A:  | N/A:  | N/A:  | N/A:  | N/A:  | N/A: ;;;Vega;cap.;;;;;De Calbarien y Sagua la Grande, vapor Nuevo Almendares, cap. Vega-638 tercics tabaco, 6 barriles viandas, 5 serones esponjas, 2 cajas chocolate, 1 caja ropa, 1 c. jamones.;;Nuevo Almendares;;;vapor;1872_07_09;Calbarien;;
Día 01:;;N/A: ;;;Hernandez;p.;;;;;De Sierra Morena, gol. Angelita, p. Hernandez-640 c. azúcar, I carreta.;;Angelita;;;gol.;1872_07_09;Sierra Morena;;
;;N/A: ;;;Orbay;pat.;;;;;De Teja, goleta Ceferina, patron Orbay-000 sacos carbon.;;Ceferina;;;goleta;1872_07_09;Teja;;
;;N/A: ;;;Vasquez;p.;;;;;De Cárdenas, gol. Joaquina, p. Vasquez-180 c. 3° 40 bocopes azúcar.;;Joaquina;;;gol.;1872_07_09;Cárdenas;;
;;N/A:  | N/A:  | N/A:  | N/A:  | N/A:  | N/A:  | N/A:  | N/A: ;;;Cuevas;p.;;;;;De Cardenas, gol. Inés, p. Cuevas-300 c. azúcar. 271 sacos sal: 30 tercios tabaco, 8 barriles calzado, 7 fardos de vaqueta, 6 cajas de tociueta, 1 caja y un barril sobreasadas.;;Inés;;;gol.;1872_07_09;Cardenas;;
;;N/A:  | N/A:  | N/A:  | N/A:  | N/A:  | N/A:  | N/A:  | N/A:  | N/A:  | N/A: ;;;Cantero;p.;;;;;De Cárdenas, gol. Rayo, p. Cantero-16,000 piés madera pino, 556 sacos, sal, 300 c. azúcar, 120 losas, 27 serones tasajo, 16 cajas do ropa. 16 lios suela y cartaza, 12 sacos frijoles, 1 tercerola jamones.;;Rayo;;;gol.;1872_07_09;Cárdenas;;
;;N/A:  | N/A:  | N/A: ;;;Belfat;p.;;;;;De Matanzas. gol. Amalia, p. Belfat--200 c. azúcar, 25 sorones tasajo, 3 bars. miel.;;Amalia;;;gol.;1872_07_09;Matanzas;;
;;;;;Verges-en;pat.;;;;;De Matauza, goleta Daniel, patron Verges-en;;Daniel;;;goleta;1872_07_09;Matauza;;
;;N/A: ;;;Suazo;pat.;;;;;De Canasi, goleta Sabas, patron Suazo-24 bocoyes mascabado.;;Sabas;;;goleta;1872_07_09;Canasi;;
;;N/A:  | N/A:  | N/A: ;;;Macip;p.;;;;;De Sta. Cruz, gol. Maria del Rosario, p. Macip-70 bocores y 50 c. azúcar. 10 cerdos;;Maria del Rosario;;;gol.;1872_07_09;Sta. Cruz;;
;;N/A: ;;;Cobas;p.;;;;;De Jaruco, bote N.S. del Carmeu, p. Cobas-140 cajas azúcar.;;N.S. del Carmeu;;;bote;1872_07_09;Jaruco;;
;;N/A:  | N/A: ;;;Gorrin;p.;;;;;De Babla Honda, gol. Carmita, p. Gorrin-100 bocoyes y GO c azúcar.;;Carmita;;;gol.;1872_07_09;Babla Honda;;
;;N/A:  | N/A: ;;;Inclan;p.;;;;;De Cabañas, gol. Josefa, p. Inclan, 500 c. y 2 bocoyes azúcar.;;Josefa;;;gol.;1872_07_09;Cabañas;;
;;N/A: ;;;Aulet;pat.;;;;;De Cabañas, goleta Prieta, patron Aulet-120 pipas aguardiente;;Prieta;;;goleta;1872_07_09;Cabañas;;
;;N/A: ;;;Cervera;p.;;;;;De Cabañas, gol. Maria, p. Cervera-1750 sacos de azúcar.;;Maria;;;gol.;1872_07_09;Cabañas;;
;;N/A: ;;;Núñez;p.;;;;;De Baracoa, bote Cecilia Manuela, p. Núñez-300 sacos y pipas cal.;;Cecilia Manuela;;;bote;1872_07_09;Baracoa;;
;;N/A: ;;;Esteiro;;;;;;De Cayos de Barlovento, vivero Conchita, p. Esteiro _500 pescados vivos.;;Conchita;;;p.;1872_07_09;Cayos de Barlovento;;
;;N/A:  | N/A:  | N/A:  | N/A: ;;;Pojol-150;patro;;;;;De Bajas, guairo Matildo, patro Pojol-150 cacos de carbon, 100 caballos lefia, 30 arrobas cera, 19 barriles de miel do abejas.;;Matildo;;;guairo;1872_07_09;Bajas;;
;;N/A: ;;;Bosch;p.;;;;;De Sierra Morena goleta l'niou, pation Bosch, 800 °c azúcar;;l'niou;;;goleta;1872_07_10;Sierra Morena;;
;;N/A: ;;;Alemañy;pat.;;;;;De Cárdenas goleta Panchita, patrou Alemañy, 410 o azúcar.;;Panchita;;;goleta;1872_07_10;Cárdenas;;
;;N/A:  | N/A:  | N/A: ;;;Escandell;patrón;;;;;De Bahia Honda goleta Bonifacia, patron Escandell, 200 c. azúcar, 200 camones y 10 pps. aguardiente.;;Bonifacia;;;goleta;1872_07_10;Bahia Honda;;
;;N/A: ;;;Amaya;pat.;;;;;De la Dominica goleta Isabelita, patron Amaya, 189 c azúcar.;;Isabelita;;;goleta;1872_07_10;Dominica;;
;;N/A: ;;;Vilasuso;pat.;;;;;De idem goleta Conchita, patron Vilasuso, 500 c. azá car.;;Conchita;;;goleta;1872_07_10;idem;;
;;N/A: ;;;Dutan;patrón;;;;;De Baracoa goleta Dolorita, patron Dutan, 210 c, azú car.;;Dolorita;;;goleta;1872_07_10;Baracoa;;
;;N/A: ;;;Marrero;pat.;;;;;De Cayos de Sotavento vivero Vencedor, patron Marrero, 500 pescados vivos.;;Vencedor;;;vivero;1872_07_10;Cayos de Sotavento;;
;;N/A: ;;;Rivas;patrón;;;;;De la Teja goleta Júcaro, patron Rivas, 700 sacos carbon.;;Júcaro;;;goleta;1872_07_10;Teja;;
;;N/A: ;;;Bosch;pat.;;;;;De Cárdenas goleta Juanita, patrou Bosch, 600 c. azicar.;;Juanita;;;goleta;1872_07_10;Cárdenas;;
;;N/A:  | N/A:  | N/A:  | N/A: ;;;Sosvia;cap.;;;;;De Matanzas bergantin goleta Rosario, capitan Sosvia: 30 garrafones aguardiente. barriles pescado salado. c. quesos. 18 binltos siog;;Rosario;;;bergantin;1872_07_10;Matanzas;;
;;N/A:  | N/A:  | N/A:  | N/A:  | N/A:  | N/A:  | N/A:  | N/A:  | N/A:  | N/A:  | N/A:  | N/A:  | N/A:  | N/A: ;;;Torres;pat.;;;;;Do Nuevitas gol. Adela, pat. Torres, 75 cueros: 50esteras guano yarey, 230 atados majagua, 17 tercerola sebo, 4 cuarterolas, 2 cascos 1 o. efectos de ferreteria 1 casco, 1 barril y 1 cuarterola cobre viejo. 1 c. ropa, 1 c con una romana. 1 Feron sacos.;;Adela;;;gol.;1872_07_11;Nuevitas;;
;;N/A: ;;;Ventura;pat.;;;;;De Sagua la Grando gol. Ramoncita, pat. Ventura 2000 a. carbon.;;Ramoncita;;;gol.;1872_07_11;Sagua la Grando;;
;;N/A:  | N/A:  | N/A:  | N/A:  | N/A: ;;;Lopez;pat.;;;;;"De Carahatas gol. Trez Hermanas, pat. Lopez, 500 c y 20 estuches azúcar, 304 tercios tabaco, 150 radios de carrota. 17 pps. aguardiente; 3 maletas y 2c. ropa usa da, 1 cajita inaquinaria.";;Trez Hermanas;;;gol.;1872_07_11;Carahatas;;
;;N/A: ;;;Torres;pat.;;;;;Dola Teja gol. Doroten, pat. Torres, 330 c. azúcar.;;Doroten;;;gol.;1872_07_11;Teja;;
;;N/A:  | N/A:  | N/A: ;;;Dardet;pat.;;;;;De Cárdenas gol. Rosita, pat. Dardet, 320 e. azúcar, c. ropa usada y varios muebles.;;Rosita;;;gol.;1872_07_11;Cárdenas;;
;;N/A:  | N/A: ;;;Perez;pat.;;;;;"De Jaruco gol. Jaruqueña; pat. Perez, 260 s. maiz, 19) c. azúcar";;Jaruqueña;;;gol.;1872_07_11;Jaruco;;
;;N/A:  | N/A: ;;;Bernaza;pat.;;;;;De Hiuojal gol. Potosi, pat. Bernaza 60. carbon, 3tercios tabaco.;;Potosi;;;gol.;1872_07_11;Hiuojal;;
;;N/A: ;;;Bernaza;pat.;;;;;Do Morrillo gol. Britannia, pat. Bernaza, 600 »×, , car bon.;;Britannia;;;gol.;1872_07_11;Morrillo;;
;;N/A:  | N/A:  | N/A: ;;;Pacheco;pat.;;;;;Do Bahia Honda gol. Panchita, pat. Pacheco, 300 qil cáscara mangle, 200 8. carbou, 200 caballos lena.;;Panchita;;;gol.;1872_07_11;Bahia Honda;;
;;N/A:  | N/A:  | N/A:  | N/A:  | N/A:  | N/A:  | N/A:  | N/A:  | N/A:  | N/A:  | N/A:  | N/A:  | N/A: ;;;I.lovet;cap.;;;;;"De Clenfuegos berg. San Bruno, cap. I.lovet, 130 bls . nueses, 100idem hartua. 225 cuñotes aceitunas, 636 gar ratones aceitunas, 20 bls. y 6 pps; vino. 23 bls. Idem Ma laga, 40 gfns. almendras, 82 o. frutas, 30 s. garbanzos, boys. y 1o. cera, 55 latas almendras, 20 c. licores, 6 medias o. aceite francés 5o. pimenton, 2 c. to";;San Bruno;;;berg.;1872_07_11;Clenfuegos;;
;;N/A:  | N/A:  | N/A: ;;;Cusi;;;;;;De San Cayetano, Rio Blanco y B. Honda vap. Bahia Honda, cav, Cusi, 1147 tercios tabaco, 212 c. azflear. 2 arrobas cera.;;Bahia Honda;;;vap.;1872_07_11;San Cayetano;;
;;N/A:  | N/A:  | N/A:  | N/A:  | N/A: ;;;;;;;;;De Nuevitas gol.Emilio, pat. Cobas, 120 resos. De Sierra Morena gol. Maria, pat. Cabrer, 500 cajas aúcar. De Salo gol. Teresita, pat. Villalonga 600 sacos car■on. De Cárdenas gol. N. S. del Carmon, pat. Nuñez, 510 ajas azúcar. ! De Cárdenas gol. Anita, pat. Fariña, 30 cajas azúcar;;;;;;1872_07_12;;;
;;;;;;;;;;;bocoyos vacios. Do Sta. Cruz gol. Me del Rosario, pat. Macip, 300 enas azúcar y 30 cerdos. De Jaruco bote 2 Estrella do Oro, pat. Campos, Gi sa 08 carbon. De Mantua pbot. Fénix, pat. Segui, 1000 sacos carbon. De Cabañas gol. Caballo Marino, pat. Lopez, 409 cajas zurcar 10 pipas aguardiente. Do Cabañas gol. Manuela. pat. Arocha. 320 cajas a nicar. Do Cabañas viv. Cid Campeador, vat. Nuñell, 500 pesados vivos. De Jaimanitas bote Sau José, rat. Jaime, 3000 ladri108. De Sterra Morena gol. [Sofia, pat. Gonzalez, 200 cajas znicar, 0 piezas maquinaria. De Cabañas gol. Esmeralda, pat. Laguarda, 40 cajas;;;;;;1872_07_12;;;
;;N/A:  | N/A:  | N/A:  | N/A:  | N/A:  | N/A:  | N/A:  | N/A:  | N/A:  | N/A:  | N/A:  | N/A:  | N/A:  | N/A:  | N/A:  | N/A:  | N/A: ;;;Gana;cap.;;;;;30 bocoyes azúcar 30 pipas aguardiente. De Santiago de Cuba vapor Cuba, cap. Gana, 94 tercios uola, 50 tercios tabaco, 15 bar. ron, 5 cajas ropa, 9 bars -1 caja cobre y laton, G bultos muebles, 3 lios bronce, ajas dulce, 2 ar. carno. 1 paquete palos, 1 tina macare m, 1 barril reso, 1 caja tasajo, 1 barril cigarros, t cafe on nna tinaja. De Cárdenas vapor Comanditario, cap. Jofre, 600 caas azúcar, 37 bultos efectos de viveies, 5euartos pipa y gar. vino, 4 tercios carnaza, 2 cajas sidra. De Cárdenas gol. Maria del Carmen, pat. Martin, 66 ajas azúcar. De.Jaruco gol. Cuatro Hermanas, pat. Sanchez. 361 acos maiz: 22 cajas azúcar, 18 pipas aguardiente. De Ganusa gol. América, pat. Leal, 350 cajas azúcar De Jaruco bal, Flor de Casablanca, pat. Murcia. 180 aballos leña.;;Cuba;;;vapor;1872_07_12;Santiago de Cuba;;
;;N/A:  | N/A:  | N/A: ;;;Kicoy;pat.;;;;;De Playas de Sau Juan pailebot Victoria, pat. Kicoy 400 sacos carbon, 300 caballos leña, 200 tercios majagua blanca.;;Victoria;;;pailebot;1872_07_13;Playas de Sau Juan;;
;;N/A:  | N/A:  | N/A:  | N/A: ;;;Cordero;pat.;;;;;De S. Morena g. Molestadora pat. Cordero: 150 cajaa azúcar, 116 varas madera, 2 sacos maiz, bultos muebles.;;Molestadora;;;g.;1872_07_13;S. Morena;;
;;N/A:  | N/A:  | N/A: ;;;Pelaez;pat.;;;;;De idem g. Engracia pat. Pelaez: 271 c. azúcar. 2: pipas aguardiente. I cajon de huevos.;;Engracia;;;g.;1872_07_13;idem;;
;;N/A: ;;;Coyula;pat.;;;;;De la Teja goleta Dos Sofas, pat. Coyula: 500 attare gaños.;;Dos Sofas;;;goleta;1872_07_13;Teja;;
;;N/A: ;;;Martinez;p.;;;;;De idem balandro Covadonga, p Martinez. 400 sacos carbon.;;Covadonga;;;balandro;1872_07_13;idem;;
;;N/A:  | N/A:  | N/A:  | N/A: ;;;Cudillero;p.;;;;;De Matanzas g. Maria p. Cudillero: 572 barriles harina, 14 bocoyes azúcar, 12 terelos vaquetas una caja tabacos.;;Maria;;;g.;1872_07_13;Matanzas;;
;;N/A: ;;;;p.;;;;;De Jaruco boto Nuestru Sra. del Carmen, p: tubas, 140 c. azúcar.;;Nuestru Sra. del Carmen;;;boto;1872_07_13;Jaruco;;
;;N/A:  | N/A:  | N/A:  | N/A: ;;;Ferrer;p.;;;;;De B. Honda g. Mercedita p. Ferrer: 106 c. azúcar, 40 cerdos. 24 pp. aguardiente, 6 tercios tabaco.;;Mercedita;;;g.;1872_07_13;B. Honda;;
;;N/A:  | N/A:  | N/A:  | N/A:  | N/A:  | N/A:  | N/A: ;;;Selles;p.;;;;;De Calbarien. Niña, p. Selles: 107 paquetes tablilla. 97 cueros, 8 tercios tabaco. bocoyes cobie viejo, tercerolas miel de avejas, torceras jamones. 1 c. tabaco breva.;;Niña;;;p.;1872_07_13;Calbarien;;
;;N/A:  | N/A: ;;;Rodriguez;p.;;;;;De la Teja gol. Dos Amigos, p Rodriguez: 250 e. y 30 bocs. azúcar.;;Dos Amigos;;;gol.;1872_07_13;la Teja;;
Día XX:;;N/A: ;;;Permuy;p.;;;;;De Cayos de Sotavento viv. Ligera: p. Permuy: 360 pescados vivos.;;Ligera;;;viv.;1872_07_13;Cayos de Sotavento;;
;;N/A:  | N/A:  | N/A:  | N/A:  | N/A:  | N/A: ;;;Cold ar;pat.;;;;;DAS DE CA BOTAJS. De Sagua la Grande gol. Paquete de Sagua, pat. Cold ar: 1360 docenas segas majagua, 39 palos y 24 cataca ejúcaro: 21 tercerolas miel de abejas, 1 bocoy, 1 barr;;Paquete de Sagua;;;gol.;1872_07_16;Sagua la Grande;;
;;N/A:  | N/A:  | N/A:  | N/A:  | N/A:  | N/A:  | N/A:  | N/A:  | N/A:  | N/A:  | N/A:  | N/A:  | N/A:  | N/A:  | N/A:  | N/A:  | N/A:  | N/A:  | N/A:  | N/A:  | N/A:  | N/A:  | N/A:  | N/A:  | N/A:  | N/A:  | N/A:  | N/A:  | N/A:  | N/A:  | N/A:  | N/A:  | N/A:  | N/A:  | N/A: ;;;Fernau er;pai.;;;;;"caja cera, 1 fardo ropa, 1 caja chocolate, 1 baril and ado, & palos do cedro. De Sierra Morena gol. Segunda Victoria, pai. Fernau er, 203 palcs de paolay de cedro, 50 caballos leña, ablas de caobay de cedro, gar. melado, 1 cala con u ano, 1 caja fósforos, 1 bant ropa usada. De Cárdenas gol. (enerala, pat. Juan. 67 suces afrech ajuar usado y caja ropa. De Cárdenas gol Joaquina, pat. Vazquez. 50? cajas O bocoyes azúcar. De Cárdenas gol. Rosita, pt. Dardet: 520 oajas azúcar De Cárdenas gol. Jóvon Pilar, pat. Alemany; 430 cofa gear, 50 cuarferolas miel do purga 40 idem chapa ote. De Cárdenas gol, Juanita, pat. Bosch, 600 cajas aźnica De Matanzas gol Dos Herinanas, pat. Visquera. 40 robas tasajo, 100 cajas y 60 bocoyes azñcar, 12 tabale ardinas, 10 medias cajas pasas, 9 cajas idem, 2 sacos la asy 7 bar. miel do abejas Do Puerto Escondido gol. Carmen, pat. Martiu, 9 bo Oves azúcar. De Santa Cruz bal. Nuevo Hilario, pat. Pujol, 123 sa Day 50 fanegas maiz. Do Santa Lucia gol. Leonor, pat. Liadó: 176 cejas arī ar, 106 caballos 'éna v 30 pipas aguardiente De la Ortigosa gol. Bahia fonda, pat. Perera: 475 ea s azúcar y 12 pipas aguardiente. Detabañas gal. Ntra. Sra. del Carmen, pat. Deubelet";;Segunda Victoria;;;gol.;1872_07_16;Sierra Morena;;
;;N/A:  | N/A:  | N/A:  | N/A:  | N/A:  | N/A:  | N/A:  | N/A:  | N/A:  | N/A:  | N/A:  | N/A:  | N/A:  | N/A:  | N/A:  | N/A:  | N/A:  | N/A:  | N/A:  | N/A:  | N/A:  | N/A:  | N/A:  | N/A:  | N/A: ;;;Porger;pal.;;;;;"cajas azúcar y 19 pipas aguardiente. Do Cabañas gol. Maria, pal. Porger 800 1003 y 30 jas azúcar Del Mariel gol. Conchita, pat. Vilasuso. 412 cajas azá 11. De Banes bote Cécilia Manuela, pat. Nuñez: 27 boed is mascabado y sacos de cal De la Teja gol Gallego, pat. Riera: 200 sacos carbon De la Teja ġol. Diana. pat. Rodriguez: 60 sacos car .. De Jib Lecca bat. Flor Nuevą, pat. Tasso: 30 tanega miz. De Sonda de Campech viv. Paco, þat. Alvarez; 30 escados vives. Do Canasi gol. Lola Mativa, par. Copiar; 850 caja dear. De faimanitas bote Prosperidad, pat. Sora, 12,000 la illos. De Caibarien y Sagua vapor Nuevo Almendares, cap ga, 634 tercios tabaco, o boroyes azúcar, 4 bultos nas, 21eneros al pio, 2 cajaa seinbreros, 1 caja ropa y aja suga Del Mariel gol. Justica. pat. Perez: 20 cajas y 19 pl a aguardiente. De Cárdenas vap. Comanditario. cap. Jofré; 482 cajas icar, barriles yeso, 1 caja becerros y charoles.. De Cárdenas berg. Eva, cap. Alonso, 791 sacos maiz";;Maria;;;gol.;1872_07_16;Cabañas;;
;;N/A:  | N/A:  | N/A:  | N/A:  | N/A:  | N/A: ;;;Hernandoz;pat.;;;;;De Caibarien gol. Antonia, pat. Hernandoz, 500 tenidos majagna, 167 enero3, 6 sacos frijoles, 4 lios tiras majagua, tercers, miel de abejas, 2 id. y 1 pipa cora y 1 e. fosforos.;;Antonia;;;gol.;1872_07_18;Caibarien;;
;;N/A:  | N/A:  | N/A:  | N/A:  | N/A:  | N/A: ;;;Gispert;pat.;;;;;De la Teja gol. Dos de Mayo, pat. Gispert, 500 sacos lo carbon. Do Cárdenas gol. Ntra. Sra. del Carmen, p. Nuñez, Się C. azúcar. De Jaruco bote Ntra. Sra. del Cárinen, p. Cobas, 140 C. azúcar. De Jaruco gel. Jaruqueña, p. Perez, 160 c. nzncar. 100 3. maiz y 12 pipas aguardiente.;;Dos de Mayo;;;gol.;1872_07_18;la Teja;;
;;N/A:  | N/A:  | N/A:  | N/A:  | N/A:  | N/A: ;;;Gorin;p.;;;;;De Bahia Honda gol. Carmita, p. Gorin. 360 c. 17 near 38 pipas aguardiente. De la Dominica gol. Isabelita, pat. Amaya, 189 cajas azúcar. De Jaruco bal. Segunda Estrella de Oro, p. Campo, 10 fanegan maíz. De San Cayetano, Rio Blanco v Bahia Honda. vapor Bahia Honda, cap. Cust, 654 tercios tabace, but e, azú ar. 1 s. carbony 1 paila usada.;;Carmita;;;gol.;1872_07_18;Bahia Honda;;
;;;;;;;;;;;De Santiago de Cuba y escalas vapor Pelayo, ropa, meterie, Freses,  tolds tabaco. 4 fardos cap. San ar. vino, cajas dulco, 1 idem calzado. De Sagua la Grande gol. Correo de Canasi, pat. Colomar, 2000 tendidos sogas majagua, 31 palos  júcaro, 40 b3. arina, 23 cajas vidrios. 7 idem creas , 6 idem ropa. De Sierra Morena gol. Union, pat. Bosch, 80 cajas núcar, 10 tablonescedro, 3 cajas aves, 1 pipa  carbon. De Sierra Morena gol. Agustina, pat. Suao , 800  sacos arbon. De Cardenas gol. Panchita, pat. Alemañs, 2000 piés abla, 480 cajas azfcar. 2 lios vaqnotas. De Jaruco gol. Cuatro Hermanas, pat. Sanchez, 135 c. zúcar, 90 sacos naiz y varios muebles. De Guanes gol. Trinidad, pat. Torres tercios taace, 16 gar. niel de abejas, 40 ar. y 1 serou cera, 15 os lana miragnano. De Rio Blanco gol. Catalina, pat. Amengual, 100 estacas, 160 yugos. 130 varas tuadera, 21  sacos .rhon. De Baracoa gol. Dolorita, pat. Cobas, 118 cajaз azúcar Chocoyes idem. io Cárdenas vap. Commanditario. cap. Jofre 200 cajas;;;;;;1872_07_19;;;
;;N/A:  | N/A:  | N/A: ;;;Cor Hero;pat.;;;;;De Sierra Morena galat Matadora, patron Cor Hero, Gro cajas azucar, 16 pipas y 1 barril aguardiente, = rring teenia San José, Patron Y;;Matadora;;;galat;1872_07_20;Sierra Morena;;
;;N/A:  | N/A:  | N/A:  | N/A:  | N/A:  | N/A:  | N/A:  | N/A:  | N/A:  | N/A:  | N/A:  | N/A:  | N/A:  | N/A:  | N/A:  | N/A:  | N/A:  | N/A:  | N/A: ;;;Mar in;patrón;;;;;400 caja zúca De Cárdenas goleta D4 Maria del Carmen, patron Mar in, 660 cajas uzúcar. De Cardenas geleta Clio, patron Pajal. on cajas a 31. De thirdenas geleta Joaquina, patron Vazquez, 500 ca ms y 46 borayes azúcar. De Cárdenas goleta Tres Marias, patron Perelló, 16 alas v2 estuches azñear, 1 bulto badanas. 1 barril café De Matanzas gol. Elvira, pat. Carbonell, 200 cajas y si -Deoyes azúcar. De Mantua goleta Isabel H. patron Perez, 500 Ḥaco. at hou. Do Bajas gnairo Matilde, patron Pujol, 20) sacos car-on, & caballos leña, 4 barriles miel de abejas. De la Mulata guairo Lugardita. patron Duran, 20 pa 8,30 caballos leña. Do Cabañas goleta Nuestra Señora del Carmen, patroi Deulofen, 260 cajas azúcar. De Cabañas goleta Caballo Marino, patron Lopoz. 40( ajaa azúcar, 10 pipas aguardiente. De Cabañas goleta Maria, patron Cervera. 1105 sacos 219 cajas azúcar. De Cabañas goleta Josefa, patron Inelan. Da cajas aúcar. Is pipas aguardiente. Do Mariel golein Vicenta. patron Feiii. Tejas azú ar y 30 piras aguardiente,;;D4 Maria del Carmen;;;goleta;1872_07_20;Cárdenas;;
;;;;;Pillado;pat.;;;;;Pessagna la Grande gol. Nueva Eugenia, pat. Pillado.;;Nueva Eugenia;;;gol.;1872_07_21;Pessagna la Grande;;
;;N/A:  | N/A: ;;;Hernandez.;pat.;;;;;De Sierra Morena gol. Angelita. pat. Hernandez. 630 cajas azúcar, 30 carrites.;;Angelita.;;;gol.;1872_07_21;Sierra Morena;;
;;N/A: ;;;Ferrer;pat.;;;;;De la Teja gol. Josefa, pat. Ferrer. 600 sacos carbon.;;Josefa;;;gol.;1872_07_21;la Teja;;
;;N/A:  | N/A:  | N/A: ;;;Herrera;pat.;;;;;De Cárdenas gol. Mercedita, pat. Herrera. 230 cajas aztear, 50 barriles harina, 11 scronea tasajo.;;Mercedita;;;gol.;1872_07_21;Cárdenas;;
;;N/A: ;;;Bosch;pat.;;;;;De Cárdenas gol. Juanita, pat. Bosch, 600 cajas azucar.;;Juanita;;;gol.;1872_07_21;Cárdenas;;
;;N/A: ;;;Dardet;pat.;;;;;De Cárdenas goleta Rosita, patron Dardet. 520 cajas azúcar.;;Rosita;;;goleta;1872_07_21;Cárdenas;;
;;N/A:  | N/A: ;;;Suazo;pat.;;;;;Do Canasi gol. Sabas, pat. Suazo, 249 cajas azúcar y 6 pipas aguardiente.;;Sabas;;;gol.;1872_07_21;Canasi;;
;;N/A: ;;;Planells;pat.;;;;;De Banes guairo Salve Virgen Maria, pat. Planells. 1360 lachillos.;;Salve Virgen Maria;;;guairo;1872_07_21;Banes;;
;;N/A:  | N/A:  | N/A:  | N/A:  | N/A:  | N/A:  | N/A:  | N/A:  | N/A:  | N/A:  | N/A:  | N/A:  | N/A:  | N/A:  | N/A:  | N/A:  | N/A:  | N/A:  | N/A:  | N/A:  | N/A:  | N/A:  | N/A: ;;;;;;;;;"Do S. Morena gol Dos Amigos, pat. Paula: 200 cajas y bee, azúcar, Seajas bartiles y 1 seron efectos, vaSos muebles usados. De la Teja gol. Dorotea, pat. Ureña: 30 cajas azúcar. De la Teja gol. Josefa, pat. Almanza: Best sáros de car1. De Rio de la Palma gol. Isabelite, pai. Garriga, d00 cos carbon. Do Rio del: Palma d. Margarita, pat. Pa jod 60.-| s carbon. De Matanzas gol. Amalia, pat. Belfast: 49 ar, tasɛjo is cajas y tu bicoves azúcar, 40 tercios suela y vaque2010sas cedro, tercerolas miel de abejas, bariiles rveza. De Matanzas gol. Tenacita, pat. Fuentes: 160 cajas y hocoyes azucar. De Santa Cruz bal, Nuevo Hilario, pat. Pujol; 10x0 saos y 10 fanegas maiz, is sacos arbejas. De Jarucogel, Jarugitea, pat. Peter; sacos maiz, -boe. azúcar, 20 pipas aguardiente. De Mantua gol. Marianita pat. Poviones: 300 varas adera, 100 caballos leña. De la Mulata gol. Santa Ana, pat. Anglada: Losacos";;;;;;1872_07_23;;;
;;N/A:  | N/A:  | N/A:  | N/A:  | N/A:  | N/A:  | N/A:  | N/A:  | N/A:  | N/A:  | N/A:  | N/A:  | N/A:  | N/A: ;;;Claim;pat.;;;;;asy 10 bocoyes azucar. 31 pipas aguardiente. De Bahia Honda gol. Carmità, pat. Claim: 400 cajas zúcar. Do Cabañas gol. Mamitela, pat. Atocha. 324 cajas aLicar. De Cabañas gol. Maria, pat. Covera 515 caiss, 200 sasy 50 estuches aznear. Del Marlel gol. Vicenta par Delia 16 cajas a tear. Opipas aguardiente. Del Mariel gol. Concinta. par. Vilasse 400 cajas a10€ De Banes gol. Nueva Coneba, pat. Gil, 10 cajas aznar, 50 boc. wiel do prea. De Cárdenas gol. Nueva Catalina. pat. Zaragoza: rones tasajo. 40000 piés tabla pino blanco. Caibarien y Sagua la Grande vapor Nuevo Almedares;;Carmità;;;gol.;1872_07_23;Bahia Honda;;
;;N/A:  | N/A:  | N/A:  | N/A:  | N/A:  | N/A:  | N/A: ;;;Calve;p.;;;;;De Gibara, gol. Matilde, p. Calve-5 sacos carbon, 00 caballos leña, 26 cueros curtidos, 4 caballos yarey, carruaje, 1 fardo dil y 1 e. aretes. Do Cárdenas, gol. Joaquina. p: Vazquez-c00 cajas;;Matilde;;;gol.;1872_07_24;Gibara;;
;;N/A:  | N/A:  | N/A:  | N/A: ;;;Cebas;p.;;;;;De Jaruco, bote N. S. dei Cármen. p. Cebas-110 gajas zúcar. DeJarnco, bote Flor de Casa-Blanca, p. Murcia-150 aballos leña. De Dominica, gol. Isabelita p. Asuaga-le cajas aúcar. Del Salted. Rosaura, patton Diaz-200 sacus dis arbon.;;N. S. dei Cármen;;;bote;1872_07_24;Jaruco;;
;;N/A: ;;;Pujol;p.;;;;;De Matanzas gol. Antonio Pomar, p. Pujol, en lastre. De Cardenas gəl. J. Gertrudisp. Rosello, 200 cajas azúcar. De Jarúco gol. Cuatro Hermanas, p. Sanchez, 110 cajas zúcar y 11 pipas aguardiente.;;Antonio Pomar;;;gol.;1872_07_25;Matanzas;;
;;N/A:  | N/A:  | N/A:  | N/A:  | N/A: ;;;Perez;p.;;;;;De Hinojal gol. Justica. p. Perez, cajas azúcar 10 pipas aguardiente. De Ortigona gel. B Honda p. Perera, 44 cajas azñear pipas aguardiente. De Cabañas gol. Amable Rosita p. Dominguez, 700 -acos carbon.;;Justica;;;gol.;1872_07_25;Hinojal;;
;;N/A:  | N/A:  | N/A:  | N/A:  | N/A:  | N/A:  | N/A:  | N/A:  | N/A: ;;;Cobas;p.;;;;;De Baracoa gol. Dolorita. p. Cobas, 50 sacos cal m ajas azúcar. De S. Cayetano, Rp Blanco y Bahia Honda vapor 1. Honda, cap. ¡Cusi, 1141 tereios tabacos 12 s. carbon. De Santiago de Cuba y escalas vapor Pájaro del Oc eano, capitan Villamir, 2.001 tercios tabaco. 211 cueros 11 sacea garbanzos, 2 latas hilo, 1 lio sacos, 1 caja polái-;;Dolorita;;;gol.;1872_07_25;Baracoa;;
;;N/A:  | N/A:  | N/A:  | N/A:  | N/A:  | N/A:  | N/A:  | N/A: ;;;Bernaza;pat.;;;;;De Nuevitas gel. Saganda Cantinera, pat. Bernaza 2 roses, 63 bar. harina, 25 pachs heno. O maoutos cera marilla, s malas, 4 bar, sebo, 1 caja cascarilla, 1 burra Con su cria, 1 pipa cobre viejo. 1 rueda hierro viejo.;;Saganda Cantinera;;;gel.;1872_07_27;Nuevitas;;
;;N/A:  | N/A:  | N/A:  | N/A:  | N/A:  | N/A:  | N/A:  | N/A: ;;;Portilla;pat.;;;;;De Caibatien gol. Teresita, pat. Portilla, 300 caballos efia, 143 cueros al pelo. 100 pórtigos. De los Perros gol. Pepilla Alvarez, pat. Bujosa. 200 staquillas de carreta, 30 caballos leña. De Sietra Morena gol. Maria, pat. Bosch, 500 cajas azúcar. 6 cajones y bar. efectos. I caja maquinaria.;;Teresita;;;gol.;1872_07_27;Caibatien;;
;;N/A:  | N/A:  | N/A:  | N/A:  | N/A:  | N/A: ;;;Leal;pat.;;;;;De Gapuza gol. América, pat. Leal. 312 cajas y 12 esuches azúcar. tablas cedro. 1 caja efectos, 1 batea, 1 Jaula'con avecs. :;;América;;;gol.;1872_07_27;Gapuza;;
;;;;;;;;;;;Del Salto gol. Tre .Hermanas, pat. Roig, so sacos carbon. De la Teja gol. N. S. del Carmen, pat. Buicio. 590 saCoA carbon. Do Rio de la Palma gol Tres Marias, pat. Perelló, 6566| tejas, 500 atravesaños, 60 estacas arabo, 40 sacos carbon 10 piezas maderas labradas. De Cárdenas gol. General la Mar, pat. Pavía. 367 caas azúcar, 3 idem muebles, 1 bocoy carbon. Do Cardenas gol. Rosita, pat. Dardet, 520 cajas de azúcar. De Cárdenas gol. I'anchita, pat. Alemany. 190 oajas azúcar. 2 sacos frijoles, 1 cala y 1 balto papel. De Cárdenas gol. Rayo, pat. Cantero, 575 cajas azúcar. 16 seroues tasajo. De Matanzas gol. Emillo, pat. Cobas, 32 bocores coucentrado, 12 cajas y 12 bocores azúcar. Da Canasi gol babas, pat. Suaso, 310 cajas azúcar 6 pipas aguardiente.;;;;;;1872_07_27;;;
;;N/A:  | N/A:  | N/A:  | N/A:  | N/A:  | N/A:  | N/A:  | N/A:  | N/A:  | N/A:  | N/A:  | N/A: ;;;Felici;pat.;;;;;De Santa Maria gol. Cuba, pat. Felici, 400 sacos carbon, 300miraguanos, De Cabañas got. Caballo Marino, pat. Lopez, 320 cajas azcar, 10 pipas aguardiente 32 tercfos tabaco. De Santiago do Cuba y escalas vap. Marsolla, capitan Arriaga, 32 torcice cera blanca, 37 sacos, cacao. 2 barrilitos café 1 caja fosforos 1 cajita frutas I cajou piñas.;;Cuba;;;gol.;1872_07_27;Santa Maria;;
;;N/A:  | N/A: ;;;Macip;pat.;;;;;De Santa Cruz gol. A del Rosario, pat. Macip, 120 Cuarterolas miel de purga 50 cerdos. De Ortigosa viv. Cid Campeador, pat. Nunell, 500 pescadus viros.;;A del Rosario;;;gol.;1872_07_27;Santa Cruz;;
;;N/A:  | N/A:  | N/A:  | N/A: ;;;Cuebas;pat.;;;;;"De Cárdenas gol, Ines pat. Cuebas, 400 sacos cal, 200 rajas y estuche azúcar; 15 cajas bacalao 1 caja mante-";;Ines;;;gol;1872_07_27;Cárdenas;;
;;N/A:  | N/A:  | N/A:  | N/A:  | N/A:  | N/A:  | N/A:  | N/A:  | N/A:  | N/A:  | N/A:  | N/A:  | N/A:  | N/A:  | N/A:  | N/A:  | N/A:  | N/A:  | N/A:  | N/A:  | N/A:  | N/A:  | N/A:  | N/A:  | N/A:  | N/A:  | N/A:  | N/A:  | N/A:  | N/A:  | N/A:  | N/A: ;;;Alarez;pat.;;;;;Do Cárdenas y Manzanillo gol. San Miguel, pat. Alarez, 63000 piés tabla, 100 tercios serones y 200 coDe Sagua la Grande gol. Trafalgar, pat. Ventura, 1200 acos carbon. De Sierra Morena gol. Engracia, pat. Pelaez, 225 casy estuches azacar, 30 hocs. concentrado, garrafoes melado, 4 bateas, 1 caja y barril efectos, 1 låta manBea, 1 cerdo y 1 baranda. Dela Teja gol. Manuela de Sagua, pat. Ros, 500 sacos arbon. Do Matanzas gel. Maria, pat. Cudillero, 100 c. 128ajo, - c. des. 150 cajas aguardiente, 80 cajas azúcar, 3G ses. concentrade, 12 cajas vino. 10 garrafones líquido, cajas y 2 piezas maquinaria, 3 raposas papas, 4 cajas Tectos, 4 c. y 1 ata quesos. 2 sorones ajos, 1 moviliario ado. Do Santa Cruz bal. Nuevo Hilario, pat, Pujol. 200 saby 100 fanegas maiz, 4 sacos arbejas y 10 sacos fri-lex. De Guanes gol. Juana de Dios, pat. Campanez, 400 ercion de tabaco. De Cabañas gol. Manuela, pat. Arocha, 323 cajas azúr. De Cárdenas vap. Comanditario. cap. Jofté 3 lios sney vaqueta, 1 c. ropa.;;San Miguel;;;gol.;1872_07_28;Cárdenas y Manzanillo;;
;;N/A:  | N/A:  | N/A:  | N/A:  | N/A:  | N/A:  | N/A:  | N/A:  | N/A:  | N/A: ;;;Joy;p.;;;;;De Carahatas g. Tres Hermanas, p. Joy, 597 tercio tabaco, 350 e. azúcar, 27 jarros de lata, 20 pipas aguar diente, 6 piezas y e. maquinaria, & caballos hilo maja gua, l'e. cobre viejo, 1 fardo ropa, 1 bari il miel do abe Jas y bultos efectos;;Tres Hermanas;;;g.;1872_07_30;Carahatas;;
;;N/A: ;;;Gonzalez;p.;;;;;De Sierra Morena g. Sofia. p. Gonzalez, Svú e, aziemi 5 bultos equipajes;;Sofia;;;g.;1872_07_30;Sierra Morena;;
;;N/A: ;;;Torres;p.;;;;;De idem g. Ceferina, p. Torres, 600 8. carbon;;Ceferina;;;g.;1872_07_30;idem;;
;;N/A: ;;;Montell;p.;;;;;De Rio de la Palma g. Magdalena, p. Montell, 600 s carbon;;Magdalena;;;g.;1872_07_30;Rio de la Palma;;
;;N/A:  | N/A:  | N/A: ;;;Perez;p.;;;;;De Jaruco g. Jaruqneña, p. Perez, 190 8. maiz, 106c azúcar, 20 pinas aguardiente.;;Jaruqneña;;;g.;1872_07_30;Jaruco;;
;;N/A: ;;;Roca;p.;;;;;De Batabano g. Segunda Amistad, p. Roca, 41 piezas madora;;Segunda Amistad;;;g.;1872_07_30;Batabano;;
;;N/A: ;;;Goirin;p.;;;;;De la Ortigna g. Carmita, p. Goirin, 100 bocoyes y t +. azúcar;;Carmita;;;g.;1872_07_30;la Ortigna;;
;;N/A: ;;;Cervera;p.;;;;;De Cabañas g. Maria, p. Cervera, 217 pipas de agnardiente;;Maria;;;g.;1872_07_30;Cabañas;;
;;N/A:  | N/A:  | N/A: ;;;Foliú;p.;;;;;De idem g. Vicenta, p. Foliú, 132 e. azúcar, 46 pipas aguardiente, 108, laua iniraguaDo;;Vicenta;;;g.;1872_07_30;idem;;
;;N/A:  | N/A: ;;;Duran;p.;;;;;De Baracoa g. Dolorita, p. Duran, 300 s. cal y 90 e. n zúcar;;Dolorita;;;g.;1872_07_30;Baracoa;;
;;N/A: ;;;Durán;p.;;;;;De Jaruco bote Ntra. Sra. de Cármen, p. Durán, 50 cuarterolas miel de purga;;Ntra. Sra. de Cármen;;;bote;1872_07_30;Jaruco;;
;;N/A:  | N/A:  | N/A:  | N/A:  | N/A:  | N/A:  | N/A: ;;;Vega;cap.;;;;;De Calbarien y Sagua la Grande vapor Nuevo Almenlares, cap. Vega, 860 tercios tabaco, ie, ropa, 2 fardoa y 2 baules efectos, serones esponjas, bar, carne;;Nuevo Almenlares;;;vapor;1872_07_30;Calbarien;;
;;N/A:  | N/A:  | N/A:  | N/A: ;;;Jofro;cap.;;;;;De Cárdenas vapor Comanditatio, cap Jofro, 100 c. a zúcar, 1 llo vaqueta, 2 lardos ropa y c. idem;;Comanditatio;;;vapor;1872_07_30;Cárdenas;;
;;N/A:  | N/A:  | N/A:  | N/A:  | N/A:  | N/A:  | N/A:  | N/A:  | N/A:  | N/A:  | N/A:  | N/A:  | N/A:  | N/A:  | N/A:  | N/A:  | N/A:  | N/A:  | N/A:  | N/A:  | N/A:  | N/A:  | N/A:  | N/A: ;;;Gana;cap.;;;;;De Santiago de Cuba y escalas vapor Cuba, cap. Gana 2 c. camisas, 2 fardos coleta, 2 tercfos suela, 27 bar. aeito de cor. Bc. ropa, 43 s. frijoles, 1 barril ropa do uso, 6 tercios tabaco, 1 sacos garbanzos, 3 c. dulce, 1 c. im resos, 1 c. quincalla, 1 c. peletería, 1 fardo idem, 1 caja hocolate, 4 bar, scio, ge. picadura. 1 cerdo y 1 lio saos vacíos Deiden vapor Moctezuma, cap. Gonzalez, 100 tercies Anco, 50 s. cacao, lios anda yi lio con mis cama De Nnevitas vapor Luisa, cap. Caula. 239 reses;;Cuba;;;vapor;1872_07_30;Santiago de Cuba;;
;;N/A: ;;;Castells;p.;;;;;De Teja, gol. Estrella (a) Gonion, p. Castells--saeos carbon.;;Estrella (a) Gonion;;;gol.;1872_07_31;Teja;;
;;N/A:  | N/A:  | N/A:  | N/A:  | N/A:  | N/A: ;;;Visperra;p.;;;;;De Matanzas, gol. Des Hermana p. Visperra-300 arrobas tasoio, is bocoyes concentrado quintales puntillas en barriles, 10 quintafes cienia b Coyes azúcar. 1 lio serones.;;Des Hermana;;;gol.;1872_07_31;Matanzas;;
;;N/A:  | N/A:  | N/A:  | N/A: ;;;Ruiz-1;p.;;;;;De Malas Aguas, gol. Josefa p. Ruiz-1- tercios tabaco, 120 caballos leña 31 juegos estacas de carreta, 3 pipas miel de abeja.;;Josefa;;;gol.;1872_07_31;Malas Aguas;;
;;N/A:  | N/A:  | N/A:  | N/A: ;;;Escaneilas;p.;;;;;De Mulata, gol. Dolores, p. Escaneilas-300 sacos de carbon, 1:0 fenegas de maiz, 12 tercios tabaco. sacos trijoles.;;Dolores;;;gol.;1872_07_31;Mulata;;
;;N/A:  | N/A:  | N/A:  | N/A: ;;;Inclan;p.;;;;;De Cabañas, guld. Josita p. Inclan-100 cajas de azúcar, 59 tercios tabaco. 16 pipas aguardiente. 4 c. muebles.;;Josita;;;guld.;1872_07_31;Cabañas;;
;;N/A: ;;;Suite im yes;p.;;;;;De Banes, bote Cecilia Manncia. p. Suite im yes mascabado.;;Cecilia Manncia;;;bote;1872_07_31;Banes;;
;;N/A:  | N/A: ;;;Pujol;pet.;;;;;De Santa Cruz balandro Nuevo Hilario, pet. Pujol. 150 fanegas y 100 sacos maiz.;;Nuevo Hilario;;;balandro;1872_08_02;Santa Cruz;;
;;N/A:  | N/A: ;;;Sanchez;pat.;;;;;De Jaruco gol. Cuatro Hermanas, pat Sanchez. 112 e. aznear, pipas aguardiente.;;Cuatro Hermanas;;;gol.;1872_08_02;Jaruco;;
;;N/A:  | N/A: ;;;Pujol;pat.;;;;;De Bajas gualro Matilde, pat. Pujol. 170 miraguanes. 20 caballos fona.;;Matilde;;;gualro;1872_08_02;Bajas;;
;;N/A: ;;;Escandell;pat.;;;;;De Bahia Houda gol. Bonifacia, pat. Escandell. 227 e Azúcar,;;Bonifacia;;;gol.;1872_08_02;Bahia Houda;;
;;N/A:  | N/A: ;;;Gil;pat.;;;;;De Baves gol. Nneva Concha, pat. Gil, 190 e. azúcar, 30 cuaiterolas miel de purga.;;Nneva Concha;;;gol.;1872_08_02;Baves;;
;;N/A: ;;;Planells;pat.;;;;;De Bane, guairo Virgen María. pat. Planells. 12000 ladi illes.;;Virgen María;;;guairo;1872_08_02;Bane;;
;;N/A: ;;;Jaime;pat.;;;;;De Jahnanitas bote Sau José, pat. Jaime. 2000 ladrillos.;;Sau José;;;bote;1872_08_02;Jahnanitas;;
;;N/A:  | N/A:  | N/A: ;;;Jotré;cap.;;;;;De Cárdenas vap. Comanditario, cap. Jotré. 331 cajas aztear, 3 cajas y 3 baules equipajes.;;Comanditario;;;vap.;1872_08_02;Cárdenas;;
;;N/A: ;;;Nuñez;pat.;;;;;De Cárdenas gol. Ntra. Sra. del Carmen, pat. Nuñez. 10 cajas azúcar. Del Marfel bal. Fernandita, pat. Duran, 250 caballos сла De Sierra Morena gol. Das Amigos, pat. Paula. 320 . azúcar, 20 pipas aguardiente. De B. Houda gol. Carmita, pat. Gorren, 367 cajas azí ar, 11 bocoy es id. De Santiago de Cuba y escalas vap. Clara, cap. Uriola, 3 tercios tabaco, i c. mezcanias. Do Cárdenas gol. Generala, pat. Juan, 2's e. azúcar. 2 barriles almendras, 21 palos madera dura;;Ntra. Sra. del Carmen;;;gol.;1872_08_03;Cárdenas;;
;;N/A:  | N/A:  | N/A:  | N/A:  | N/A:  | N/A:  | N/A:  | N/A:  | N/A: ;;;Rivas;pat.;;;;;De Nuovitas pail, Emilia, pat. Rivas, 239 cueros. 110 reses, 2 bateas, 1 mula, 1 caja fabacos, 1 id. dulce, 1 caja libros. 1 idem y un garf. do vino.;;Emilia;;;pail;1872_08_04;Nuovitas;;
;;N/A: ;;;Oreña;pat.;;;;;De Teja gol. Dorotoa, pat. Oreña, 330 cajas azúcar.;;Dorotoa;;;gol.;1872_08_04;Teja;;
;;N/A:  | N/A:  | N/A:  | N/A:  | N/A:  | N/A:  | N/A:  | N/A:  | N/A:  | N/A:  | N/A:  | N/A:  | N/A:  | N/A: ;;;Carbonell;pat.;;;;;De Matanzas gol. Elvira, pat. Carbonell. 300 .paquetes con sus fondos, CO pipas aguardiente, 30 boooses tasajo, 27 bocorca y una caja azúcar, solsbarriles harina, 5 raposas papas, 5 garrafones liquido, 2 calas salchichon, 2 tercios hilo, I caja loza, 1 arca, 1 barril peacado, 1 caj. n efectos.;;Elvira;;;gol.;1872_08_04;Matanzas;;
;;N/A: ;;;Bosch;pat.;;;;;Do Sierra Morena gol. Maria, pat. Bosch, 500 cajas azdoar.;;Maria;;;gol.;1872_08_04;Sierra Morena;;
;;N/A:  | N/A:  | N/A: ;;;Colo nar;pat.;;;;;De Sagua la Grande gl. Paquete de Sagna, pat. Colo nar, 101 e do nas nga majagua, 1 palos jaro, 40 bo core mici de pa;;Paquete de Sagna;;;gl.;1872_08_06;Sagua la Grande;;
;;N/A: ;;;Hernandez;;;;;;De Gas 1. Angelita, vat. Hernandez, 359 caja azúcar, le carries.;;Angelita;;;vat.;1872_08_06;Gas;;
;;N/A: ;;;Almansa;pat.;;;;;De la Teja gol. Josefa, pat. Almansa, 60 Pacos ear bon.;;Josefa;;;gol.;1872_08_06;la Teja;;
;;N/A:  | N/A: ;;;Hentra;pat.;;;;;Do Cárdenas gol. Mercedita, pat. Hentra, 200 caj azúcar. Ibarril y 1 balto remaches.;;Mercedita;;;gol.;1872_08_06;Cárdenas;;
;;N/A:  | N/A: ;;;Bayona;pat.;;;;;De Matanzas erg, gol. Audaz, pat. Bayona, 26,bocoves miel de puiga. 30 tosas guayacan.;;Audaz;;;gol.;1872_08_06;Matanzas;;
;;N/A:  | N/A: ;;;Belfast;pat.;;;;;Do Matanzas gol. Amalia. pat. Belfast, 103 picas y medias idem aguardier te.;;Amalia;;;gol.;1872_08_06;Matanzas;;
;;N/A:  | N/A:  | N/A: ;;;Perez;pat.;;;;;De Jaraco gareña, pat. Perez. ) sacos mais 100 cajas azúcar, 17 pipas aguardiente.;;;;;gareña;1872_08_06;Jaraco;;
;;N/A: ;;;Poroz;pat.;;;;;Do Hinejal gol. Jutres, pat. Poroz, 11 c is azúcar Tu cuarterolas wie de pirga.;;Jutres;;;gol.;1872_08_06;Hinejal;;
;;N/A:  | N/A:  | N/A:  | N/A: ;;;Lopez;pat.;;;;;De Cabaña gd. Caballo Marino, pat. Lopez, 312 cajas zúcar, 210 tercius tabo, 16 pipas aguardiente, 19 cer!oa.;;Caballo Marino;;;gd.;1872_08_06;Cabaña;;
;;N/A: ;;;Amaga;pat.;;;;;"De la Dominica gol. Isabelita, pat. Amaga, 1-0 cain =ncar. Del Mariel gol. Vicenta, pat. Feliú, 130cdas azticar 0 pipas aguardiente. Del Mariel gol. Conchita, pat. Vilasuso, 237 cajas szú ar, 300 rádios carreta, 200 camones, 63 pipan aguarliente. Do Jaimanitas hate Prosperidad, patien Sors, 10.000 adrillo. Do Caibarien y Sagna la Grande vapor Nuevo AlmenHares, cap. Vega, 2007 tercios tabaco, 6 tornillos de luot o, 1 caja ferretería. 1 liosioras, 1 fardo ropa, 1 caja me ias, 13 sacos frijoles, 2 serones esponjas, 2 cajas efees 2 faldos idem, 1 caja y 38. azúcir, De Cárdenas vap. Comauditario cap Jofre, 112 cajas zea; 1 tercerola 1 bl. y 1 caja tabacos, 1 teren suela esta he acar, 1 caja barrenas 1 caia melado. De Cienfuegos pol. Panchita cap. Cardona 450 cajas abon, 4 fardos badas, 1 cajas y 1 cofres zapatos, 9 garafones aceitunas, 115 cajas alcapatas I caja embacha os 21 cajas puerco 150 cajas y 2011 pipas vino 125 cajas inebra docenas sombreros 2 tinajas biscechos in latas mendras. De Cardenas g. Maneato pat. Tortella 1800 art";;Isabelita;;;gol.;1872_08_06;Dominica;;
;;N/A:  | N/A:  | N/A:  | N/A:  | N/A:  | N/A:  | N/A:  | N/A:  | N/A: ;;;Macip;pat.;;;;;"harina 20 qq. yeso 1 movilario nsado 1 ajuar d asa cajas y 1 bl. ropa 1 lio cajones do tabacos; De Santa Cruz gol. Me del Rosario pat. Macip (ens azúcar 30 bocnyes concentrado 30 cerdos.";;Me del Rosario;;;gol.;1872_08_06;Santa Cruz;;
;;N/A: ;;;Taso;pat.;;;;;De Baracoa bal. Nuora Flor, pat. Taso. 30 fanogas d maiz;;Nuora Flor;;;bal.;1872_08_07;Baracoa;;
;;N/A:  | N/A:  | N/A: ;;;Cobas;pat.;;;;;De Baracoa gel. Doloritas, pat. Cobas, 60 c. y 10 bocs azúcar v 300 saces de cal.;;Doloritas;;;gel.;1872_08_07;Baracoa;;
;;N/A: ;;;Muros;p.;;;;;De Jaruco bal. Flor de Casa Blanca, p. Muros, 5 fanegas maiz.;;Flor de Casa Blanca;;;bal.;1872_08_07;Jaruco;;
;;N/A:  | N/A:  | N/A:  | N/A:  | N/A: ;;;Colo mar;pat;;;;;De Sagna la Grande gol. Correo de Canasi pat Colo mar, 250 tendidos sogas majagua, 50 bocs. miel do purga 30 estacas y 1 bulto badanas.;;Correo de Canasi;;;gol.;1872_08_07;Sagna la Grande;;
;;N/A:  | N/A:  | N/A: ;;;Gonzalez;pat.;;;;;D. S. Morena gol. Sofia, pat. Gonzalez, 500 e. arúcar 2e. mantera y efectos.;;Sofia;;;gol.;1872_08_07;S. Morena;;
;;N/A: ;;;Roig;p.;;;;;De Ro de la Palma g. Paqueto do Nuevitas. p. Roig. 600 sacos carbon.;;Paqueto;;;g.;1872_08_07;Ro de la Palma;;
;;N/A: ;;;Martin;p.;;;;;"De Cárdenas gol. Maria del Carmen; p. Martin, 500 c azúcar.";;Maria del Carmen;;;gol.;1872_08_07;Cárdenas;;
;;N/A:  | N/A:  | N/A:  | N/A:  | N/A:  | N/A:  | N/A:  | N/A: ;;;Alemany;pat.;;;;;De Cárdenas gol. Panchita, pat. Alemany, 390 o, azú– car , 50  tercera. miel do purga. 10 tubos de hierro, 8 cuarterolas chapapote, 5 cabillas do hierro, planchnelas, garrafs melado y 1 bar. frijoles.;;Panchita;;;gol.;1872_08_07;Cárdenas;;
;;N/A:  | N/A: ;;;Suaso;pat.;;;;;De Cauasi gol. Sabás, pat. Suaso, 350 c. azúcar y 6 pipas aguardienje.;;Sabás;;;gol.;1872_08_07;Cauasi;;
;;N/A: ;;;Planell;pat.;;;;;De Santa Maria gol. Sagüera, pat. Planell, 600 sacos carbon.;;Sagüera;;;gol.;1872_08_07;Santa Maria;;
;;N/A:  | N/A: ;;;Arcina;pat.;;;;;De Cana gol. Maria, pat. Arcina, 700 satos carbon y 18  torcios  tabaco.;;Maria;;;gol.;1872_08_07;Cana;;
;;N/A: ;;;Segui;pat.;;;;;De Bfántaa pail. Fénix, pat. Segui. 1000 sacos carbon .;;Fénix;;;pail.;1872_08_07;Bfántaa;;
;;N/A:  | N/A: ;;;Cobos;pat.;;;;;De Jaruco bote Ntra. Sra. del Carmen, pat. Cobos. 3 bocs .  miel do purga.;;Ntra. Sra. del Carmen;;;bote;1872_08_07;Jaruco;;
;;N/A:  | N/A:  | N/A: ;;;Arocha;p.;;;;;De Cabañas gol. Manuela, p. Arocha-304 Car. De Cabañas g. Maris, p. Cervera-500 c. azúcar 80 plDas agdto. De Jelmanita bote San José, pat. Jaime-5,000 ladrilos. Do Cayos de Barlovento viv. Desquite, p. Urbay—500 Descados viv;;Manuela;;;gol.;1872_08_08;Cabañas;;
;;N/A:  | N/A: ;;;Perera;pat.;;;;;De Ortigosa gol. Carmita. pat. Perera, con 126 cajas zúcar y 16 pipas aguardiente. De Santiago de Cuba y escalas vapor Saratoga. capchos, con 10 bar, aceito coco, 42 idom almidon, 18 terEos tabaco, 3 cajas correajes, 2 cajas, 1 bocoy y 1 terceola conchas de carey. 1 caja peleteria, 1 idem documen8. De Cárdenas vapor Comanditario, cap. Jofre, con rcios cueros cartidos. 2 llos suela y yaqueta, 1 caja misas y 1 idem tabaco.;;Carmita.;;;gol.;1872_08_09;Ortigosa;;
;;N/A: ;;;Leal;pat.;;;;;De Sierra Morina, América. pat. Leal, 380 caja azúcar;América;;;;;1872_08_10;Sierra Morina;;
;;N/A: ;;;Ferrer;pat.;;;;;Del: Teja gol. Sefia, pat. Ferrer, 1000 sacos carlion.;;Sefia;;;gol.;1872_08_10;Teja;;
;;N/A: ;;;Rivas;pat.;;;;;De la Teja gol. Jacaro, pat. Rivas, 100 sacos carbon.;;Jacaro;;;gol.;1872_08_10;Teja;;
;;N/A:  | N/A:  | N/A:  | N/A:  | N/A:  | N/A:  | N/A:  | N/A: ;;;Nube;pat.;;;;;De Fárdenas gel Ntra. Sra. del Carmen, pat. Nube. -10 cajas azhear. DeSanta Cruz gol. Maria del Rosario, pat. Macip, acts maiz y 100 cuarterolas miel de purga. Fe Santa Isabel gol. Isabel Segunda, pat. Perez, Co acos carben. Do la Ortigosa gol. Carmita, pat. Gorriu, 100 cajas a úcar. De Sierra Morenagel Engracia, pat. Pelaez, 270 caja;;Ntra. Sra. del Carmen;;;gel;1872_08_10;Fárdenas;;
;;N/A:  | N/A:  | N/A:  | N/A: ;;;Alemany;pat.;;;;;car, 1s pipas aguardiente y 1 pipa cobre viejo. De Ganusa gol. Matilde, pat. Alemany, 190 palos ina Gera. De Caderas gel. Resita, pai. Pardell, 520 cajas azá;;Matilde;;;gol.;1872_08_10;Ganusa;;
;;N/A:  | N/A:  | N/A: ;;;Sanchez;p.;;;;;De Jaruco g. Cuatro Hermanas. p. Sanchez, 300 saco: maiz 1 cajas y estuches azúcar y 20 pipas de aguardionto;;Cuatro Hermanas;;;g.;1872_08_13;Jaruco;;
;;N/A: ;;;Bornasa;p.;;;;;De Hinjal g Potosi, p. Bornasa, 800 s. carbon;;Potosi;;;g;1872_08_13;Hinjal;;
;;N/A:  | N/A: ;;;Suao;p.;;;;;De la Mulata. Especulacion, p. Suao, GOD s. carbon 100 caballos leña;;Especulacion;;;;1872_08_13;la Mulata;;
;;N/A:  | N/A: ;;;Escandell;p.;;;;;De Babin Hondag Bonifacia, p. Escandell, 91 cajas z 16 bocores azúcar y.46 pipas aguardiente;;Bonifacia;;;p.;1872_08_13;Babin;;
;;N/A:  | N/A:  | N/A:  | N/A:  | N/A:  | N/A:  | N/A:  | N/A:  | N/A:  | N/A:  | N/A: ;;;Vegi;cap.;;;;;De Caibarien y Sagna la Grande vaper Nuevo Almendare, cap. Vegi, 1615 tercios tabaco, 18 pipas aArdiente. 5 serones esponjas, 4 cajas 5 3 fardos ropa 1 lios vaquetilla, 3 c. hachas, 2 barriles azúcar, 2 saco Nijoles, bar, almidon y 1 c. tó;;Nuevo Almendare;;;vaper;1872_08_13;Caibarien y Sagna la Grande;;
;;N/A:  | N/A:  | N/A:  | N/A: ;;;Jofre;cap.;;;;;De Cardenas vapor Comanditario, cap. Jofre, 23 cajas opa, 6 loasulas y vaqueta y 3s pipas aguardiento;;Comanditario;;;vapor;1872_08_13;Cardenas;;
;;N/A: ;;;Caula;cap.;;;;;De Nuevitas vajor Luisa, cap. Caula, 20 resea;;Luisa;;;vajor;1872_08_13;Nuevitas;;
;;N/A:  | N/A:  | N/A:  | N/A:  | N/A:  | N/A:  | N/A:  | N/A:  | N/A:  | N/A:  | N/A:  | N/A:  | N/A:  | N/A: ;;;Riestra;cap.;;;;;De Santiago de Cuba y escalas vap. Barcelona, cap. Riestra, 314 cueros, 2 lion sacos, 5 garfs, licores, 1 caja oobro viejo, 1 banl peleteria. 1 casco conchas de carey, 47 sacos cacao, 30 cajas bacalan, 1 ldem géneros, 111 tercios tabaco. 25 bailes aceite de coco. racinos gulmees 1 fardo y 2 maletas ropa.;;Barcelona;;;vap.;1872_08_14;Santiago de Cuba;;
;;N/A: ;;;Rivas;pat.;;;;;De Puerto del Padre gol. Dichosa, pat. Rivas, 137 boo. miel de purga;;Dichosa;;;gol.;1872_08_14;Puerto del Padre;;
;;N/A:  | N/A: ;;;Toledo;pat.;;;;;De la Teja gol. San José, pat. Toledo, 190 cajna azúcar y50 cnarts. miel de purga;;San José;;;gol.;1872_08_14;Teja;;
;;N/A: ;;;Cuevas;pat.;;;;;De Cárdenas gol. Inés, pat. Cuevas, 120 cajas azúcar.;;Inés;;;gol.;1872_08_14;Cárdenas;;
;;N/A:  | N/A: ;;;Macip;pat.;;;;;De Santa Cruz gol. María del Rosario, pat. Macip, 75 cajas y 50 boo. azúcar.;;María del Rosario;;;gol.;1872_08_14;Santa Cruz;;
;;N/A:  | N/A:  | N/A:  | N/A:  | N/A: ;;;Monar;cap.;;;;;De Naevitas berg. gol. Pirineo, cap. Monar, 120 toros del pais, 43 pacas heno, 59 tirantes caoba, 38 palos mejagua, 3 cajas paquetes picadura.;;Pirineo;;;berg.;1872_08_14;Naevitas;;
;;N/A:  | N/A:  | N/A:  | N/A: ;;;O'Breans;pat.;;;;;De Nuevitas pail. Comerolo, pat O'Breans, 150 (reses, 19 palos majagua, 10 esteras de guano, 5 cajas muebles,;;Comerolo;;;pail.;1872_08_14;Nuevitas;;
;;N/A: ;;;Rodriguez;pat.;;;;;Do Sierra Morena gol. Diana, pat. Rodriguez, 600 aa30s carbon.;;Diana;;;gol.;1872_08_15;Sierra Morena;;
;;N/A: ;;;Gispert;pat.;;;;;De la Teja gol. Dos de Mayo, pat. Gispert, 800 nacos carbon.;;Dos de Mayo;;;gol.;1872_08_15;la Teja;;
;;N/A:  | N/A: ;;;Rojas;pat.;;;;;De la Teja gol. Castilla, pat. Rojas. 500 atravesaños y 100 estacas.;;Castilla;;;gol.;1872_08_15;la Teja;;
;;N/A:  | N/A:  | N/A:  | N/A:  | N/A:  | N/A:  | N/A:  | N/A:  | N/A:  | N/A:  | N/A:  | N/A:  | N/A: ;;;;;;;;;De Matanzas gol. Elvira, pat. Carbonell, 1000 ar. tasao en serones. De Matanzas gol. Amalia, pat. Belrats, 250 cajas azúcar. Da Canasi gol. Sabas, patron Suazo, 350 cajas azúcar. Del Morrillo gol. Feliz, pat. Villa:00 sacos carbon, 200 varas madey 100 tercios tabaco. De Banes gol. Nuova Concha, pat. Gil, 250 cajas azúcar. 30 quarterolas miel do purga. De Puerto del Padre gol, Tres Hermanas, pat. Bernaza, 78 bocoyes masoabado y 37 idem miel de purga. De la Teja gel. Dorotea, pat. Ureña, 330 cajās azúEar. Do San Cayetano, Rlo Blanco y Bahia Honda vapor Bahia Honda, cap. Casi, 1794 torelos tabaco y 11 galoes ginebra.;;;;;;1872_08_15;;;
;;N/A:  | N/A:  | N/A:  | N/A:  | N/A:  | N/A:  | N/A:  | N/A:  | N/A:  | N/A:  | N/A:  | N/A:  | N/A:  | N/A:  | N/A:  | N/A:  | N/A:  | N/A:  | N/A:  | N/A:  | N/A:  | N/A:  | N/A:  | N/A: ;;;Piñeiro;pat.;;;;;Do Sagua la Grande gol. Neptuno, pat. Piñeiro, 13 paOs caoba De Sierra Morona g. Maria. p. Bosch, 132 piezas maстая De la Teja g. Dos Amigos, p. Paula, 140 c. azúcar, 60 coyes miel de purga De Cárdenas vapor Comanditario, cap. Jufco, 24 c. aúcar, 4 seronea esponjas, 3 los vaqueta, 2 bocoyes co-re viejo y 1 c. efectos De ideng. (eneral la Mar, p. Pavia, 300 e. azúcar, 85 nintales trapos, quintales huesos, 7 barriles vino. 5 quintales sacos vacíos, 10 quintales cobre viejo y 8 nintales recortes de zin De idem g. Antonica, p. Pellicer, 45,500 piés tabla pio y 50 pacas de heso Deid. g. Ntra. Sra. del Cármen, p. Nuñez, 510 c. azúar De Matanzas g. Maria, p. Cudillero, 12 pipas agnarliente Pe Matanzas g. Ignacita, p. Fuentee, 20 c. champan, obocoyes aznear, 11 c. bacalao y 4 torcerolas seho De Santa Cruz bdro. Nuovo Hilarie, p. Pojol, 100 saos 50 fanegas maiz De Jaruco g. Cuatro Hermanas. p. Sanchez, 200 sacos naiz, 91 c. azñcar y 16 pipas aguardiente De la Ortigosa g. Caralta, p Garrin, 324 c. arúcar y S pipas aguardiente De Cabañas Manuela, p. Arocha, 190 cajaa do azd– Car - De Cabañas, gol Maria, p. Cervera, GGO cajas de azú– car Del Mariel gol. Justica, p. Perez, 30 pipas de aguarJiento Del Marlel. Vicenta, p. Feliú, 10 pipas aguardiente;;Neptuno;;;gol.;1872_08_17;Sagua la Grande;;
;;N/A:  | N/A:  | N/A: ;;;Darán;p.;;;;;De idem bdro. Fernandita, p. Darán, 100 caballos lea, 21 sacos carbon y varios inuebles usados;;Fernandita;;;bdro.;1872_08_17;idem;;
;;N/A:  | N/A:  | N/A:  | N/A:  | N/A:  | N/A: ;;;Torres;pat.;;;;;Do Nuoritas gol. Adela, pat. Torres, 1163 queros, 13 palos majagua, 65 idem caoba, 2 caballos tiras majagua, c. quesos de almendra, 1 lo cera.;;Adela;;;gol.;1872_08_18;Nuoritas;;
;;N/A: ;;;Fetter;pat.;;;;;De la Tela gol. Josefa, pat. Fetter, 600 s, carbon.;;Josefa;;;gol.;1872_08_18;Tela;;
;;N/A: ;;;Piñeiro;pat.;;;;;Idom gol. Agnedita, pat. Piñeiro, 600 s. ca hon.;;Agnedita;;;gol.;1872_08_18;Idom;;
;;N/A:  | N/A:  | N/A:  | N/A: ;;;Burne;pat.;;;;;Idem gol. Ntra. Sra. del Carmen, pat. Burne, €00 Barbon. Do Sta. Cruz gol. Maria del Rosario. pat, Macip, 16 boys. y 30 c. azúcar. 40 s. misiz. 8 cerdos. De Arroyos vir. Carmen, pat. Llanos, 500 pescados vi50%;;Ntra. Sra. del Carmen;;;gol.;1872_08_18;Arroyos;;
;;N/A:  | N/A:  | N/A:  | N/A:  | N/A:  | N/A:  | N/A:  | N/A: ;;;Deulo-) Teo;pat.;;;;;De Cabanas gol Ntra. Sra del Carmen, pat. Deulo-) Teo, 70 pps. aguardiente, to c. azúcar. De Baues bote Cecilia Manuela. pat. Nufles, 31 beys. mascabado. De 8. Morena gol. Angolita, pat. Hernandez, 598 c. azúcar, 3 lios ottéros, barras de catre, 2 cajitas vacias, I caja de bolanta.;;Ntra. Sra del Carmen;;;gol;1872_08_18;Cabanas;;
;;N/A:  | N/A:  | N/A:  | N/A:  | N/A:  | N/A: ;;;Vil;cap.;;;;;De Santiago de Cuba y escalas, vap. Pájaro del Océa no. cap. Vil amil-17 serones cocos, 35 fardesjai çia ma nila. 1000 tercios tabaco, 1 fardo ropa, 131 cueros, 2 lios majagua, 3 esteras guano.;am;Pájaro del Océa;;;vap.;1872_08_20;Santiago de Cuba;;
;;N/A:  | N/A: ;;;AlemañƑ;pat.;;;;;De Nuevitas, golela Estrella, patron AlemañƑ– 500 aca carben y 200 caballos leña.;;Estrella;;;golela;1872_08_20;Nuevitas;;
;;N/A:  | N/A:  | N/A:  | N/A: ;;;Marin-100;pat.;;;;;"De Moron, gol. Aguila de Oro, patron Marin-100 endidos sogas majagus; 125 resor; 100 caballos leñ; 9";;Aguila de Oro;;;gol.;1872_08_20;Moron;;
;;N/A:  | N/A:  | N/A:  | N/A: ;;;Enséñat;pat.;;;;;"De Sag ia la Grande, gol. Gorrion, patron Enséñat1900 decruas rogas majagua; 140 tercios tabaco:: 35 bulos muebles: 30 bocores miel del purga; 30 estavas malora dua. De Storra Morena gol. Rosaura, patron Diaz-700 saj Cos carbon. De Salto, gel. Tres Hermanas. patron Joy-500 sacos Carbon. Do Tej, gol. Manuela de Sagua, patron Ros-600 saCes carbon. De Cardenas, gol. J. Gertradis, patron Roselló—100 ajas y 2 bocoyes azúcar y 10 piezas caoba. Do Carderis, gol. Mercedita, patron Herrera-715 garrafones ginebra; 50 cajas frutas, 25 barriles corveza; sorones tas jo; 1 caja fosfores. · Da Matanzas, eel. Is Hermanas, patron Visquerra -60 sacos arroz; 31 cajas champague: 13 tercerolasse5 cajas bacalao; 4 bocas de fornallas; 3 planchas de ieiro: 1 barril corveza: 1 moviliario usado. De Jaruco, bote 2: Estrella de Oro, patron Campe O fanegas maiz. De Baracoa, go!. Dolorita, patron Cobae, 610 sacos de grbon. Do Teja, goleta Jozefa, patron Almanza 600 sacos do -urban. Do Cárdenas vapor Comanditario, cap. Jefro-6 terjosnela: 12 cajas ropa. Do Caibarieny Sagua la Giando vaper Nuero Alendares, cap. Vega-1157 tercios taba os: 33 pipas y arril aguardiente: 1 barril repa: 1 baril scar; 1ooy msiz; leajits efectos: 1 cajita ropa usatia; 10 paque es hormas, 6 serours espurna. De Santiago de Cuba y escalas, vapor Cuba, cap. Gaa-77 tercios tabaco. 127 tabales baralac: 1 caja hilo; 2 ariiles vino: 29 bultos litografia: 2 cajas manges 9 se0:03 cogos: 1 caja ropa: 1 quitrin: 1 victoria y 100 cue08. De Cayes de Sotavento vivero Tarso, patron GelatsCO pescades vives.";;Gorrion;;;gol.;1872_08_20;Sag ia la Grande;;
;;N/A:  | N/A:  | N/A:  | N/A: ;;;Subirat;pat.;;;;;De los Perros gol. Paquete de Moron, pat. Subirat, 200 caballos leña, 115 resce, 18 arrobas cera y 8 quintales quesos.;;Paquete de Moron;;;gol.;1872_08_21;los Perros;;
;;N/A:  | N/A:  | N/A: ;;;Selles;pat.;;;;;De los Perros gol. Niña, pat. Selles, 175 paquetes almaolgo y cedro y 134 reses.;;Niña;;;gol.;1872_08_21;los Perros;;
;;N/A:  | N/A: ;;;Garcia;pat.;;;;;De los Perros gol. Ceferina, pat. Garcia, 270 caballos. Teña y 134 reses.;;Ceferina;;;gol.;1872_08_21;los Perros;;
;;N/A:  | N/A:  | N/A: ;;;Perera;pat.;;;;;Dela Ortigosa gol. Carmita, pat. Perera, 6 cajas azúcar, 20 pipas aguardiente y 5 toneladas blorro v;;Carmita;;;gol.;1872_08_21;Ortigosa;;
;;N/A:  | N/A:  | N/A:  | N/A:  | N/A:  | N/A:  | N/A:  | N/A:  | N/A:  | N/A:  | N/A:  | N/A:  | N/A: ;;;Gonzalez;pat.;;;;;De Sierra Morona g. Soffa, pat. Gonzalez: 451 c. azúcar, 140 camones, 10 s, carbon, 4 baltos, y una c. ma quinaria, 4 pipas carbon, 1 lio serones, un lio cabo de pita, 1 plano, una c. cocos,, 1 catre, nu baul, una caja aves.;;Soffa;;;g.;1872_08_22;Sierra Morona;;
;;N/A: ;;;Sarduña;pat.;;;;;De la Teja goleta, Canita, pat. Sarduña, 900 sacos carbon.;;Canita;;;goleta;1872_08_22;la Teja;;
;;N/A: ;;;Roca;p.;;;;;De idem g. Segunda Amistad, p. Roca, 700 sacos carbon...;;Segunda Amistad;;;g.;1872_08_22;idem;;
;;N/A: ;;;Pujol;pat.;;;;;Do Rio de la Palma gol. Margarita, pat. Pujol: CCO 's. carbon.;;Margarita;;;gol.;1872_08_22;Rio de la Palma;;
;;N/A:  | N/A: ;;;Colomar;p.;;;;;De Canasi g. Lola Marina, p. Colomar: 82 bocs. mascabado, 18 pp. aguardiente.;;Lola Marina;;;g.;1872_08_22;Canasi;;
;;N/A:  | N/A:  | N/A:  | N/A:  | N/A:  | N/A:  | N/A: ;;;Martin;pat.;;;;;Do Manzanillo gol. Maria Josefa pat. Martin: 2000 enJas leña, 200 cajas jabou, 100 palos madera dura, 4 cajas cristales, 3 cajas muebles usados, 3 piedras de mármol, varios mnoblea.;;Maria Josefa;;;gol.;1872_08_22;Manzanillo;;
;;N/A:  | N/A: ;;;Dominguez;pat.;;;;;De Cabañas g. Amablo Rosita, pat. Dominguez: 700 s. carbon, 128. cafs.;;Amablo Rosita;;;g.;1872_08_22;Cabañas;;
;;N/A: ;;;Cus!;cap.;;;;;De San Cayetano, Rio Blanco y B. Honda, vap. Bahin Honda, cap. Cus!, 1501 torcio tabaco.;;Bahin Honda;;;vap.;1872_08_22;San Cayetano, Rio Blanco y B. Honda;;
;;N/A:  | N/A:  | N/A:  | N/A:  | N/A:  | N/A:  | N/A:  | N/A:  | N/A:  | N/A:  | N/A:  | N/A:  | N/A:  | N/A:  | N/A:  | N/A:  | N/A:  | N/A:  | N/A:  | N/A:  | N/A:  | N/A: ;;;Núñez;p.;;;;;carbon, 50 vs. maderas. De Cardenang. N. Señora del Carmen, p. Núñez, 310 azúcar. Do f'to. Escondido g. Puerto Escondido, p. Ferrer, 18 arriles yeso 7 fanegas y 1 s. mais. 2 bocores y 2 panes zúcar un baul ropɔ, una caja, efectos, un mazo esco48. De Jaruco g. Cuatro Hermanas, p. Sanchez, 400 Sacos aiz 1 pp. aguardiente, 3 tercios tabaoo. Del Mariel g. Conchita p. Vilaso, 79 c. articar, 49 p. aguardiente, varius mitebles usados. De Jaimanitas bote Prosperidad, pat. Sorá: 10,000 lail'09. De Santiago de Cuba y escalas vap. Clara, cap. Urola, 27 serones cocos, a. cacao, 10 tercios fabacos i alto entregas. De Cabañas g. Caballo Marino, ♥ Lopez: 159 tercios babo, 160 c. azúcar. 33 np. aguardiento. 170 Cardenas vap. Comanditario, cap. Jofre, 3 fardos i, un tercio suslas, 33 bles. cerveza..;;Señora del Carmen;;;N.;1872_08_23;Cardenang;;
;;N/A:  | N/A:  | N/A:  | N/A:  | N/A:  | N/A:  | N/A:  | N/A:  | N/A: ;;;Carbonell;pat.;;;;;#NADAK DE CAROTAJE. De Matanzas gel. Elvira, pat. Carbonell, 1000 arrebas rain eajas cirnclas y sardinas, 20 torcios tabaco, 6 lanchas de cobre, cajas con tubería de cobre, 2 cajas ou tubería do bomba v 4 pilares de hierro, 1 sico comi109 y 2 mobiliarios usados. De Mantua gol. Margarita, pat. Torres, 150 tercios taaco. 131 caballos leña, 81 juegos cama de carreta 66 caas mineral, 55 ejes, 47 piezas madera. 40 ar. cera, 30 ar. conchas de caroy y 30 cortes de yugos. De la Ortigosa gol, Carmita, pat. Geirin, F:4 cajszy 7 bocores azúcar. De Babia Ilonds guáiro Salvo Virgen Maila, patron Planells, 150 caballos leña, 20 sacos carbon y 20 qulutaes hierro viejo.;;Elvira;;;gel.;1872_08_24;Matanzas;;
;;N/A: ;;;Perez;p.;;;;;De Sta. Isabel gol. Isabel 2, p. Perez, 100 sacos de carbon.;;Isabel 2;;;gol.;1872_08_28;Sta. Isabel;;
;;N/A:  | N/A:  | N/A: ;;;Escandell;p.;;;;;De Babla Honda gol. Bonifacia. p. Escandell, 70 paquetes tablillas, 50 cortes de carreta, 24 pipas aguardiente.;;Bonifacia.;;;gol.;1872_08_28;Babla Honda;;
;;N/A: ;;;Cobas;p.;;;;;De Baracoa gol. Dolorita, p. Cobas, 300 sacos cal.;;Dolorita;;;gol.;1872_08_28;Baracoa;;
;;N/A: ;;;Betancourt;p.;;;;;De Sonda de Campeche viv. Julia, p. Betancourt, 500 pescados vivos. De Sonda de Campeche gol. Carlota, p. Hernandes, 500 pescados vivos.;;Julia;;;viv.;1872_08_28;Sonda de Campeche;;
;;N/A: ;;;Torrado;pat.;;;;;De Cayos de Barlovento vivero, Esperanza, pat. Torrado. 500 pescados vivos.;;Esperanza;;;vivero;1872_08_28;Cayos de Barlovento;;
;;N/A:  | N/A:  | N/A:  | N/A:  | N/A:  | N/A:  | N/A:  | N/A:  | N/A:  | N/A:  | N/A:  | N/A:  | N/A:  | N/A:  | N/A: ;;;Ochoa;cap.;;;;;De Santiago de Cuba y escalas, vapor Saratoga, capitan Ochoa-1052 tercios tabaco, 36 serones cocos, 25 barriles aceito de coco, 12 lios majagua, 3 fardos frazadas, 2 cajas velas, 2 barriles frutas, 1 caja ropa, 1 caja arrcos. 1 coja dulce, 1 caja calzado, 1 caja tabacos, 1 caja sombreros, 1 idem entregas y 1 idem lenceria.;;Saratoga;;;vap.;1872_08_29;Santiago de Cuba;;
;;N/A:  | N/A:  | N/A: ;;;Beltats;p.;;;;;De Matanzas, gol. Amalia, p. Beltats-300 qtls. hierro 3 cajas y un casco ferretoria.;;Amalia;;;gol.;1872_08_29;Matanzas;;
;;N/A:  | N/A:  | N/A: ;;;Planell;p.;;;;;De Jaruco, gol. Cuatro Hermanas, p. Planell-200 sacos de maiz, is cajas de azñcar y 12 pipas do aguardiente.;;Cuatro Hermanas;;;gol.;1872_08_29;Jaruco;;
;;N/A: ;;;Alemany;pat.;;;;;De Sierra Morena gol. Matible, pat. Alemany, 200 s3coa Carbon.;;Matible;;;gol.;1872_08_30;Sierra Morena;;
;;N/A: ;;;Ferrer;pat.;;;;;De la Teja gol Sofia, pat. Ferrer, 1000 sacos carbon.;;Sofia;;;gol.;1872_08_30;la Teja;;
;;N/A: ;;;Toledo;pat.;;;;;De la Teja gol. San José, pat. Toledo, 650 atravosañes.;;San José;;;gol.;1872_08_30;la Teja;;
;;N/A:  | N/A: ;;;Campaner;pat.;;;;;De Arroyos gol. Jana de Dios, pat. Campaner. 550 ercios tabace, 12 marquetas cera.;;Jana de Dios;;;gol.;1872_08_30;Arroyos;;
;;N/A: ;;;Vives;pat.;;;;;De Santa Maria gol. Segunda Rosa, pat. Vives, 1000 sacos carbon.;;Segunda Rosa;;;gol.;1872_08_30;Santa Maria;;
;;N/A:  | N/A:  | N/A: ;;;Perez;pat.;;;;;Do Hinojal gol. Justica, pat. Perez, 177 cajas azúcar, 11 pipas aguardiente, 6 cuarter las miel de purga. De Cardenas vap. Comanditario, cap. Jofre, 20 barrios sardinas, 12 garrafones ginebra, 8 pipas aguardiente lios suela, 1 caja maquinaria.;;Justica;;;gol.;1872_08_30;Hinojal;;
;;N/A:  | N/A:  | N/A:  | N/A: ;;;Suazo;p.;;;;;De Caunai g. Sabas p. Suazo: 330 calss y 2 estuohe azúcar, 33 tercios tabaco, 16 sacos y 9 barriles de pa рая.;;Sabas;;;g.;1872_08_31;Caunai;;
;;N/A:  | N/A:  | N/A:  | N/A: ;;;Macip;pat.;;;;;De Santa Cruz gol. Maria del Rosario, pat. Macip 150 cajas azúcar, 67 cuarterolas miel de purga, 50 saco. maiz, 3 bocores concentrado.;;Maria del Rosario;;;gol.;1872_08_31;Santa Cruz;;
;;N/A:  | N/A:  | N/A:  | N/A: ;;;Galle go;pat.;;;;;"De Bajas goleta Carmen Nombre de Dios, pat. Galle go, 300 va. maderas, 100 s. carbon; 100 caballos lens, 1 iercios tabaco.";;Carmen;;;goleta;1872_08_31;Bajas;;
;;N/A:  | N/A:  | N/A: ;;;Amengual;;;;;;De Rio Blanco g. Catalina, p. Amengual: 412 tercio tabaco 200 estacas, 20 piezas madara.;p.;Catalina;;;g.;1872_08_31;Rio Blanco;;
;;N/A: ;;;Gorrin;pat.;;;;;De Ortigosa gol. Carmita. patron Gorrin: 400 caja azúcar.;;Carmita;;;gol.;1872_08_31;Ortigosa;;
;;N/A: ;;;Febrer;pat.;;;;;De Santa Maria gol. Francisca Gener, pat. Febrer, 800 Bacos carbon.;;Francisca Gener;;;gol.;1872_09_01;Santa Maria;;
;;N/A:  | N/A:  | N/A: ;;;l'aviones;pat.;;;;;Do Rio del Medio gol. Marianita, pat. l'aviones, 450 varas madera, 140 caballos leña, 40 piezas de construc. cion. De Morrillo gel Félix, pat. Villas, 500 miraguanos. De Morrillo bal. Hilario, pat. Ancas, 250 sacos carDon. De Galafre gol. Mercedita, pat. Pedroso, 200 mira-;;Marianita;;;gol.;1872_09_01;Rio del Medio;;
;;N/A:  | N/A:  | N/A:  | N/A:  | N/A: ;;;Boselo;p.;;;;;De Sierra Morena g. Maria p. Boselo: 100 palos maleras del país, 11 vaces de piedra. 2 bocoyes y una caja ferretoria, 1 c. machetes y una c. bombillos.;;Maria;;;g.;1872_09_03;Sierra Morena;;
;;N/A:  | N/A:  | N/A:  | N/A:  | N/A:  | N/A:  | N/A:  | N/A:  | N/A:  | N/A:  | N/A:  | N/A:  | N/A:  | N/A: ;;;Fuentes;p.;;;;;De Matanzas g. Ignacita p. Fuentes: 25serenes tasajo. 12 planchas y 5 lios cobre, 10 tercios suele, 5 sacos picadurə. 4 cajitas tabaco, dos s. cafe. dos piezas hierro dos e con una máquina de coser, 1 c. pitipuá. una caja bacalao, un barril cerveza, una caja loza, un movillario nsado.;;Ignacita;;;g.;1872_09_03;Matanzas;;
;;N/A:  | N/A: ;;;Pujol;p.;;;;;De Santa Cruz balandro Nuoro Hilarie. p. Pujol: 100 100 fanegas y 80 a. maiz.;;Nuoro;;;balandro;1872_09_03;Santa Cruz;;
;;N/A:  | N/A:  | N/A: ;;;Plauells;p.;;;;;De Jaruco g. Cuatro Hermanas, p. Plauells: 150 a. maiz 89o. azhcar. 25 pp aguardiente.;;Cuatro Hermanas;;;g.;1872_09_03;Jaruco;;
;;N/A: ;;;Segni;patron;;;;;De Mantua g Fenix, patron Segni. 1000 sacos do carbon.;;Fenix;;;g;1872_09_03;Mantua;;
;;N/A:  | N/A: ;;;Pujol;p.;;;;;De Bajas g. Gairo Matilde. p. Pujol, 212 s. carbon, so cabalos eña.;;Gairo Matilde;;;g.;1872_09_03;Bajas;;
;;N/A:  | N/A:  | N/A: ;;;Escanellas;p.;;;;;De la Mulata g. Dolores. p. Escanellas, 400 s. carbon. 0 fanegas maiz, 10 s. frijoles..;;Dolores;;;g.;1872_09_03;Mulata;;
;;N/A:  | N/A:  | N/A:  | N/A:  | N/A: ;;;Yega;cap.;;;;;De Caibarien y Sagaa la Grande vap. Nuevo Almenlares, cap. Yega. 1266 tercios tabaco. 5 serons esponouco pipas aguardiente. dos fardos y una c. ropa. un becny cobre viejo.;;Nuevo Almenlares;;;vap.;1872_09_03;Caibarien y Sagaa la Grande;;
;;N/A:  | N/A:  | N/A:  | N/A:  | N/A:  | N/A:  | N/A:  | N/A:  | N/A: ;;;Pelaez;pat.;;;;;De Sierra-Morena gol. Engracia pat. Pelaez, caas azúcar, 100 barriles miel de purga, y 13 pp. agaar Hiente. De Arroyos viv. Ligera. pat. Permmy, 300 pescades rives. Pe famas gel Maria, pat. Alsiua, 600 a003 carbon. De Cabañas gl. desefa, pat. Inclan. 214 cajas y esazúcar 2 pp. agundiente, 71 terc. tabaco. I carast saves, 3 serones cera. 1 Barac a go!. Dolorita, pat. Daran: 300 sanes cal.;;Engracia;;;gol.;1872_09_04;Sierra-Morena;;
;;N/A:  | N/A:  | N/A:  | N/A:  | N/A:  | N/A:  | N/A:  | N/A:  | N/A:  | N/A:  | N/A:  | N/A:  | N/A:  | N/A:  | N/A:  | N/A:  | N/A:  | N/A:  | N/A: ;;;Onsi;cap.;;;;;Do San Cayetano. Ri Blanco y Bahia Honda, vapor Fabia I da, cap. Onsi: el tercios tabaco, 20 e. car1. c. con efectes. De la Mulata g. Teresita, p. Gomez: 500 vs. madera Co caballos leña, 27 tercios tabaco. De Sagua la Grando g. Correo do Canast, pat. Colomar 000 tendidos sogas majagua, 389 terolos tabaco, 18 caas aceito, 11 c. cidra, 9 bultos muebles usados. De Cárdenas g. J. Gertrudis, p. Roselló: 400 c. azúca seroues tasajo, 4 taburetes, dos lios sacos, una escaora. Do idem. Mercedita p. Herrera: G cajas. frutas, 17 lanchas do cobre. 30 pp. aguardiente. una c. salchihon, 1 seron tasajo. Do Nuevitas vap. Luisa, cap. Canla. 225 reses.;;Fabia I;;;vap.;1872_09_05;San Cayetano;;
;;N/A:  | N/A:  | N/A:  | N/A:  | N/A:  | N/A: ;;;Gonzalez;p.;;;;;De Sierra Morena g. Sofia, p. Gonzalez, 310 c. azúcar 20 sacos carbon, 20. maquinaria, 3 bare. ferreteria, 2 bacas y 1 n. huoron De la Teja gol. Castilla, patron Rojas, 1000 atravesaელს.;;Sofia;;;g.;1872_09_06;Sierra Morena;;
;;N/A:  | N/A:  | N/A:  | N/A: ;;;Jofro;cap.;;;;;De Cárdenas vap. Comanditario, cap. Jofro, 575 o. azúcar, 4 lica suola, 1 c. efectos y 1 o. tejidos, De Cárdenas gol. Anita, patron Farina, 250 cajaś αzúcar. De Canasi gol. Sabas, patron Suazo, 330 cajas azúcar. De la Ortigosa g. N. S. del Carmen, p. Porera, 30 ter cios tabaco y 30 pipas agdte.;;Comanditario;;;vap.;1872_09_06;Cárdenas;;
;;N/A: ;;;Gorrin;pat.;;;;;De la Ortigosa gol. Carmita, pat. Gorrin, 400 cajas aicur. De Cabañas gol. Ntra. Sra. del Carmen, pat. Deulofeu Opp. aguardiente y 40 cajas azúcar. De Cabañas gol. Manuela, pat. Arocha: 50 pp. aguariento y 30 sacos maiz.;;Carmita;;;gol.;1872_09_08;Ortigosa;;
;;N/A:  | N/A:  | N/A:  | N/A: ;;;Tur-80;p.;;;;;De Nuovitas, gol. Rosalia, p. Tur-80 roses, 50 tirar ten caoba, 1 e. dulces, I equipaje usado.;;Rosalia;;;gol.;1872_09_10;Nuovitas;;
;;N/A: ;;;Ventura;p.;;;;;De Sagna la Grande, gol. Trafalgar, p. Ventura-16 sacos carbou.;;Trafalgar;;;gol.;1872_09_10;Sagna la Grande;;
;;N/A: ;;;Villalonga;pat.;;;;;De Salto, gol. Teresita, patron Villalonga-600 sace carbon.;;Teresita;;;gol.;1872_09_10;Salto;;
;;N/A: ;;;Orbay;p.;;;;;De Bahia do Sta. Clara. bdro. Antoñica, p. Orbay 600 sacos carbon.;;Antoñica;;;bdro.;1872_09_10;Bahia do Sta. Clara;;
;;N/A: ;;;;;;;;;De Barraucas, gol. Estrella (a) (iorrion, p. Castell GOO sacos carbon.;;Estrella;;;gol.;1872_09_10;Barraucas;;
;;N/A: ;;;Riera;pat.;;;;;De Teja, gol. Gallego, patron Riera-00 sacos car bon.;;Gallego;;;gol.;1872_09_10;Teja;;
;;N/A: ;;;Rivas;pat.;;;;;De Tja. goleta Júcaro, patron Rivas-u sacos cau bon.;;Júcaro;;;goleta;1872_09_10;Tja.;;
;;N/A: ;;;Almanza;pat.;;;;;De Teja, goleta Josefa, patron Almanza-c00 saco carbon.;;Josefa;;;goleta;1872_09_10;Teja;;
;;N/A:  | N/A:  | N/A:  | N/A: ;;;Cogula;p.;;;;;De Teja, gol, Dos Sofias p. Cogula t6,000 ladrillos, 10 atravesaños. so palos madera del pais y 10 bocoses d cal.;;Dos Sofias;;;gol;1872_09_10;Teja;;
;;N/A: ;;;Roz;p.;;;;;De Teja, gol. Manuela do Sagaa. p. Roz-500 saco carbon.;;Manuela;;;gol.;1872_09_10;Teja;;
;;N/A: ;;;Monttall-co;p.;;;;;De Rio de la Palma, gol. Magdalena, p. Monttall-co sacos carbon.;;Magdalena;;;gol.;1872_09_10;Rio de la Palma;;
;;N/A: ;;;Ruch-C00;patro;;;;;De Klo de la Palma. gol. Puento de Nuovitas, patro Ruch-C00 sacos carbon.;;Puento de Nuovitas;;;gol.;1872_09_10;Klo de la Palma;;
;;N/A:  | N/A:  | N/A: ;;;Juan;p.;;;;;De Cárdenas, gol. General la Mar. p. Juan-100 palu madera, too. azucar, 1 ajuar usado.;;General la Mar.;;;gol.;1872_09_10;Cárdenas;;
;;N/A:  | N/A:  | N/A: ;;;Carbonell;p.;;;;;De Matanzas, gol. Elvira, p. Carbonell-5 cajas tria do zinc, una caja de ferreteria, una máquina de vent! lador.;;Elvira;;;gol.;1872_09_10;Matanzas;;
;;;;;Colomar-20;p.;;;;;De Canasi, gol. Lola Mariua, p. Colomar-20 fuega mafz.;;Lola Mariua;;;gol.;1872_09_10;Canasi;;
;;N/A:  | N/A:  | N/A: ;;;Macip;p.;;;;;De Santa Cruz gol. Maria del Rosario. p Macip-14 cajas azúcar, 32 bocoyos concentrado, cuatterola;;Maria del Rosario;;;gol.;1872_09_10;Santa Cruz;;
;;N/A:  | N/A:  | N/A: ;;;Planells;p.;;;;;De Jaruco, gol. Cuatro Hermanas, p. Planells-100 ca jas do azúcar, 100 sacos do maiz y 21 pipas aguar diente.;;Cuatro Hermanas;;;gol.;1872_09_10;Jaruco;;
;;;;;Sorá-12000;p.;;;;;De Jaimanitas, boto Prosperidad, p. Sorá-12000 10 Jay.;;Prosperidad;;;boto;1872_09_10;Jaimanitas;;
;;N/A:  | N/A:  | N/A:  | N/A:  | N/A:  | N/A:  | N/A:  | N/A:  | N/A:  | N/A:  | N/A:  | N/A: ;;;Ga na-1075 oueros;cap.;;;;;"De Santiago de Cuba y estelas, vap. Cuba, cap. Ga na-1075 oueros, 30 quintales jarcin vieja, 21 sorones co cos, 19 barrilis mani, 13 baltos muebles, 10 cajas ba calao, 8 sacos y G barriles café; 2 barriles frutas, pipa poscado salado, 1 caja sombreros. 1 caja dulce, 1 mala";;Cuba;;;vap.;1872_09_10;Santiago de Cuba y estelas;;
;;N/A:  | N/A:  | N/A: ;;;Jofre;cap.;;;;;De Cárdenas. vap. Comanditario. cap Jofre-320 ca jas azúcar, G tercios y un fardo suela.;;Comanditario;;;vap.;1872_09_10;Cárdenas;;
;;;;;Maces-630;cap.;;;;;De Nuovitas, vapor Alba, capitan Maces-630 re ses.;;Alba;;;vapor;1872_09_10;Nuovitas;;
;;N/A:  | N/A:  | N/A:  | N/A:  | N/A:  | N/A:  | N/A:  | N/A: ;;;Vega;cap.;;;;;De Calbailen y Sagua la Grande vapor Nuevo Alanandares, cap. Vega-760 terolos tabaco, 2 c. ropa, 20 erones esponjas, 9 caeros, 1 lio cueros do levisa, leaja cera, 1 baul ropa, 1 toro.;;Nuevo Alanandares;;;vapor;1872_09_10;Calbailen;;
;;N/A:  | N/A:  | N/A:  | N/A:  | N/A:  | N/A:  | N/A:  | N/A:  | N/A:  | N/A:  | N/A:  | N/A:  | N/A:  | N/A:  | N/A:  | N/A: ;;;Olaldo-106;cap.;;;;;Ds Santiago de Cuba y escalas, vap. Pájaro del Océa mo, cap. Olaldo-106 s2008 café, 3 barriles mercancia, 41 bariles aceite de coco, 1 idom miel de abejas, 164 cneros, seronos cocos, I caja sederia, 9 altos con 12 cajas leche, 1 caja, 2bultos y una maleta ropa, 21 torcerola sebo, 10 c bacalao, 1 saco garbanzos, 1 barril almendras llaves de bronce y c. dalce.;;Pájaro del Océa;;;vap.;1872_09_10;Santiago de Cuba;;
;;N/A:  | N/A:  | N/A:  | N/A:  | N/A:  | N/A:  | N/A:  | N/A: ;;;Calvo;pat.;;;;;De Gibara gol. Matilde, pat. Calvo, 500 caballos leña, 150 a. carbon, 11 o. aldra, 1 bl. molinos, 1 lô ruedas, 1 llo embudos, 1 o. asadores, 1 bulto quesos. 1. De Carabatas gol. Conchita, pat. Vilasuso, 301 c. aúcar, 250 tercios tabaco, 20 boys, miel de purga.;;Matilde;;;gol.;1872_09_11;Gibara;;
;;N/A:  | N/A:  | N/A: ;;;Lopez;pat.;;;;;De idem gol. Tres Hermanas, pat. Lopez, 727 teroles tabaco, 722 o. azúcar, 30 pps. aguardiente. De Dela la Teja balandro Covadonga, pat, Martines, COO #;;Tres Hermanas;;;gol.;1872_09_11;idem;;
;;N/A:  | N/A:  | N/A:  | N/A:  | N/A:  | N/A:  | N/A:  | N/A:  | N/A:  | N/A:  | N/A:  | N/A: ;;;Guas;p.;;;;;"De Baracoa y Matanzas gol. Telégrafo. p. Guas; 50.6 Cocos, 37 terolos tabaco, 40 barriles. aceito do coco y Bacos cacao. De la Teja g. Dlana, p. Rodriguez: 600 sacos carbon. De Santa Lucia g. Leonor, p. Lladó: 1100 horas, 20 Caballos leña, 70 tercios tabaco, 30 pipas aguardiente 23 pértigos, Do Cabanas bdro. Rosita, p. Roselló; 20 pipas agustlente. De Baues g. Nueva Concha, p. Gil. 180 cuarterula";;Telégrafo;;;gol.;1872_09_12;Baracoa y Matanzas;;
;;N/A: ;;;l'az;pat.;;;;;De l'uerto del l'adro gol. Expreso do Gibara, patron l'az, 140 boys. mascabado.;;Expreso do Gibara;;;gol.;1872_09_13;l'uerto del l'adro;;
;;N/A: ;;;Piñeiro;pat.;;;;;De la Teja gal. Agusdita, pat. Piñeiro, 600 s. carbon.;;Agusdita;;;gal.;1872_09_13;Teja;;
;;N/A:  | N/A:  | N/A:  | N/A: ;;;Martin;pat.;;;;;"De Cardenas gol. Maria del Carmen, pat. Martin, 40 10 o, azúcar, 35 mazos hierro, 30 bls, corveza; 4 huacales oza";;Maria del Carmen;;;gol.;1872_09_13;Cardenas;;
;;N/A: ;;;Dardot;pat.;;;;;De idem gol. Rosits, pat Dardot, 200 c. azúcar.;;Rosits;;;gol.;1872_09_13;idem;;
;;N/A: ;;;Fuentes;pat.;;;;;Do Matanzas gol. Ignacita, pat. Fuentes, 60 o. azdicat;;Ignacita;;;gol.;1872_09_13;Matanzas;;
;;N/A:  | N/A:  | N/A:  | N/A:  | N/A: ;;;Belfast;pat.;;;;;"Do idem gol. Amalia, pat. Belfast, 60 o. azúcar, 25 serones tasajo, 12 tercios suola, 4 bls. cerveza; 2 tercerolas manteca.";;Amalia;;;gol.;1872_09_13;idem;;
;;N/A:  | N/A:  | N/A:  | N/A: ;;;Gorrin;pat.;;;;;De Bahia Honda gol. Carmita pat. Gorrin, 115 c. azúcar, 78 pps. aguardiente, 12 carretar, 3 carretones.;;Carmita;;;gol.;1872_09_13;Bahia Honda;;
;;N/A: ;;;Jofre;cap.;;;;;De Cardenas vap. Comanditario, cap. Jofre, 6 tercios cueros. 1 o. runia.;;Comanditario;;;vap.;1872_09_13;Cardenas;;
;;N/A:  | N/A:  | N/A:  | N/A:  | N/A: ;;;Urlola;cap.;;;;;De Santiago de Cuba y escalas vap. Clara, cap. Urlola: 14 cajas tooineta, 4 fardos vaqueta, una caja azáDar, una o. herraduras un macuto carne. De Naeritas berg. gol. Segunda Cantinera, p. Serila: 500 llos majagua, 357 esteras guano, 130 68, 100 aballos leña, 25 toneladas lastre, un burro, una o. con an piano, una caja con una máquina de coser, una carretilla. De Sagua la Grande g. Casilda 6 Isabel, p. Toro: 600 atravesaños. De Sierra Morena g. Rosaura, pat. Diaz: 1000 sacos carbon. De la Toja gol. Josefa, patron Ferrer, 600 macos car003. De Sta. Crns bal. Nuevo Hilailo, p. Pujol: 100 fanegasy 100 s. maiz. De Jaruco bal. Flor de Casa Blanca, pat. Marcia: 30 anegas maiz, 50 s. carbon.;;Clara;;;vap.;1872_09_14;Santiago de Cuba;;
;;N/A:  | N/A: ;;;Pavia;pat.;;;;;De idem goleta General la Mar, pat. Pavia, 310 c. y 24 bocoyes azúcar.;;General la Mar;;;goleta;1872_09_15;idem;;
;;N/A:  | N/A:  | N/A: ;;;Cantero;pat.;;;;;De idem goleta Rayo, pat. Cantero. 390 0.5 30 boys. azdoar, 150 seronca tasajo.;;Rayo;;;goleta;1872_09_15;idem;;
;;N/A:  | N/A:  | N/A: ;;;Belfat;pat.;;;;;De Matanzas goleta Amalia, pat. Belfat, 3000'ar. tasaJo, 400 c. y 70 bocoyes azúcar.;;Amalia;;;goleta;1872_09_15;Matanzas;;
;;N/A: ;;;Suazo;pat.;;;;;De Canasi goleta Sabas, pat. Suazo. 310 c. azúcar.;;Sabas;;;goleta;1872_09_15;Canasi;;
;;N/A: ;;;Perera;pat.;;;;;De Ortigoan goleta Baula Honda, pat. Perera, ) e. 1-0 azúcar.;;Baula Honda;;;goleta;1872_09_15;Ortigoan;;
;;N/A: ;;;Arocha;pat.;;;;;De Cabafias golota Mfanuela, pat. Arocha. 323 c. azúcar.;;Mfanuela;;;golota;1872_09_15;Cabafias;;
;;N/A:  | N/A:  | N/A:  | N/A: ;;;Rodriguez;pat.;;;;;De idom goleta Cédro, pat. Rodriguez, 320 c. azúcar, 142 tercion tabaco, 10 pps. aguardiente, 10 fanegas de maiz.;;Cédro;;;goleta;1872_09_15;idom;;
;;N/A:  | N/A: ;;;Padilla;pat.;;;;;De Banes goleta Nueva Concha, pat. Padilla, 150 c. azúcar. 70 ouarterolas miel de purga.;;Nueva Concha;;;goleta;1872_09_15;Banes;;
;;N/A:  | N/A:  | N/A:  | N/A:  | N/A:  | N/A:  | N/A: ;;;Cabrera;pat.;;;;;De Siorra Morcun gol. Motestadora, pat. Cabrera, 200 Cablones júcaro, 80 bucoyos niel de purga, 71 tirantes noba, 45 estacas Júcaro, 19 tercios tabaco, 14 pipas do guardiente y 2 los aaoos vacíos. De Cárdenas gol. Ntra. Sra. del Carmen, p. Nuñez, 200 aar y 128 cajas ciruelas. 75 bar. cerveza, 60 pipas agdte. I bomba oon'sus ntensilios. De Matanzas gol. Dos Hermanas, pat, Visquerra, 23 10 ouca tasajo y 8 lios tejas zino. Do Sta. Cruz g. Maria del Rosario, pat. Macip, 200 famegas maiz y 161 c. azúcar. De Jaruco g. Jaruquen, p. Rodriguez, 12 c. azúcar, 100 8, maiz y 28 pipas aguardiente. Do Guanes g. Trinidad, p. Torres, 300 terclos tabaco 5 bar. iniel de purga. Do B. Honda g. Bonifacia, p. Escandell, 200 8. carbon 23 pipas aguardiente, Del Mariel gol. Viceata, pat. Fellu, 40 pipas aguarliente. Do Matanzas pail. Fortuna pat. Julia, 40 beceyes va-109. Do Cayos do barlovento vir. Alerta p. Sacramento, 00 peacados vivos.;;Motestadora;;;gol.;1872_09_17;Siorra Morcun;;
;;N/A: ;;;lanella;pat.;;;;;De Bahía Honda, goleta Salve Virgen María, patron, lanella, 400 caballos leña. De Cabañas, gol. Caballo Marino, pat. Lopez, 441 teros tabaco, 56 pipas aguardiente. De San Cayetano y escala, vapor Bahía Honda, caplin Casl, 1351 tercios tabaco, 12 sacos carbon.;;Salve Virgen María;;;goleta;1872_09_19;Bahía Honda;;
Día XX:;;N/A:  | N/A:  | N/A: ;;;Jefre;cap.;;;;;De Cárdenas vap. Comanditatió, cap. Jefre: 50 tercios tabaco. 9 docenas camisas, & pipas aguardiente y los suela.;;Comanditatió;;;vap.;1872_09_20;Cárdenas;;
;;N/A:  | N/A:  | N/A:  | N/A:  | N/A:  | N/A:  | N/A: ;;;Lopez;cap.;;;;;De Caibarien g. Daniel, cap. Lopez, 500 caballos lefia, 250 docenas esponjas, 20 arrobas cera, 6 eneros al pelo, 4 tercerolas mfel de abejas, 1 toza cedro, 1 saco frijoles,;;Daniel;;;g.;1872_09_21;Caibarien;;
;;N/A:  | N/A:  | N/A:  | N/A:  | N/A:  | N/A: ;;;Carbonell;p.;;;;;De Matanzas g. Elvira. p. Carbonell, 50 planchas de hiorro, 25 pipas aguardiente, 12 c. coñao, 6 sacos frijoles 4 cuñetes mantequilla y 2 c. tabaco brova;;Elvira.;;;g.;1872_09_21;Matanzas;;
;;N/A:  | N/A: ;;;Inclan;p.;;;;;De Cabañas g. Josefa, p, Inclan, 120 tercics tabaco y 13 pipaa aguardiente;;Josefa;;;g.;1872_09_21;Cabañas;;
;;N/A:  | N/A:  | N/A:  | N/A:  | N/A:  | N/A:  | N/A:  | N/A:  | N/A:  | N/A:  | N/A: ;;;Ochoa;cap.;;;;;De Cuba y escalas vapor Saratoga, cap. Ochoa, 6 fardos suelas, 6 idem aerones, 1 baul vacio, 12 barriles almendras, 1,415 cueros. 1 lio des bateas, 30 pipas vino, 130 cueros salpresos, 110 toros, 4 mulos y burro;;Saratoga;;;vapor;1872_09_21;Cuba;;
;;N/A:  | N/A:  | N/A:  | N/A:  | N/A:  | N/A:  | N/A: ;;;Zaragoza;pat.;;;;;Do Saguía la Grande 5 Cárdenas gol. Nneva Catalima. pat. Zaragoza, 2200 piés tabla do pino y cedro, 309 tercios tabaco, s bar. cerveza, 71 caballos sogas majagua, 2 cajas vidrios, 1 idem sardinas y 1 idem con 1 espajo., De la Teja gol. Dos do Mayo, pat. Giral, 800 sacos carbon.;;Nneva Catalima;;;gol.;1872_09_22;Saguía la Grande;;
;;N/A:  | N/A: ;;;Zuazo;pat.;;;;;De Canasi gol. Sabas, pat. Zuazo, 120 cajas azúcar y spp. aguardiente.;;Sabas;;;gol.;1872_09_22;Canasi;;
;;N/A: ;;;Casteleiro;pat.;;;;;De Arroyos viv. Dolores, pat. Casteleiro, 300 peacales vivos.;;Dolores;;;viv.;1872_09_22;Arroyos;;
;;N/A:  | N/A:  | N/A:  | N/A:  | N/A:  | N/A: ;;;Vega;cap.;;;;;De Caibarien y 8agua la Grande vapor Nuevo Almendares, cap. Vega. 10 torcios tabaco, 8 serones es ponjas, 5 tercerolas manteca, 4 c. ropa, 4 llos carue, baules ropa usada.;;Nuevo Almendares;;;vapor;1872_09_24;Caibarien;;
;;N/A:  | N/A:  | N/A:  | N/A:  | N/A:  | N/A:  | N/A:  | N/A:  | N/A:  | N/A: ;;;Portilla;p.;;;;;De Calbarien g. Teresita, p. Portilla, 400 paquetes nl mácigo, 200 cueros al pelo, 100 pértigos, 100 caballos le Da, Gi tercios tabaco, 20 cuartos pipa vino, 4 pipas va cias, 1 barril y 1 c. efectos, 1 lio cuoros y 1 caballo.;;Teresita;;;g.;1872_09_24;Calbarien;;
;;N/A: ;;;Martinez;p.;;;;;De Carabatas g. Carmita, p. Martinez, 10.0 sacos carbou;;Carmita;;;g.;1872_09_24;Carabatas;;
;;N/A:  | N/A:  | N/A: ;;;Polaez;p.;;;;;De Sierra Morena g. Engracia, p. Polaez, 85 c. azcar, 50 bocores miel de purga y pipas de aguardien to.;;Engracia;;;g.;1872_09_24;Sierra Morena;;
;;N/A: ;;;Leal;p.;;;;;De Ganusa g. América, p. Leal, 50 c. azúcar;;América;;;g.;1872_09_24;Ganusa;;
;;N/A:  | N/A:  | N/A: ;;;Aloman;p.;;;;;De Chrdonas g. Panchita, p. Aloman, 300 barriles harima, 20 carriles hierro viejo, 20 charterolas miel de purga.;;Panchita;;;g.;1872_09_24;Chrdonas;;
;;N/A:  | N/A:  | N/A:  | N/A:  | N/A: ;;;Herrera;p.;;;;;De Cárdenas g. Morcodita, p. Herrera, 6,000 arrobas tasajo, 500 garrafones ginobra, 50. aznçar, 56 barriles cerveza, 50 sacos buo309;;Morcodita;;;g.;1872_09_24;Cárdenas;;
;;N/A:  | N/A:  | N/A:  | N/A:  | N/A:  | N/A:  | N/A:  | N/A: ;;;Belfast;p.;;;;;De Matanzas g. Amalia. p. Belfast, 250 qles. hierro, 78 sacos garbanzos, 40 o. liquido, 10 sorones tasnjo, s trigo, 5 c. ginebra. 3 c. ferreteria y 1 o. sardinas;;Amalia;;;g.;1872_09_24;Matanzas;;
;;N/A:  | N/A: ;;;Pojol;p.;;;;;De Santa Cruz bdro. Nuevo Hilario, p. Pojol, 200 sacos y 80 fanegas maiz;;Nuevo Hilario;;;bdro.;1872_09_24;Santa Cruz;;
;;N/A: ;;;Cobos;p.;;;;;De Baracoa bote Cecilia Manuela, p. Cobos, 450 sacos cal;;Cecilia Manuela;;;bote;1872_09_24;Baracoa;;
;;N/A: ;;;Leiro;p.;;;;;De Souda de Campeche vivero Concha, p. Leiro, 500 pescados vivos;;Concha;;;vivero;1872_09_24;Souda;;
;;N/A:  | N/A:  | N/A:  | N/A:  | N/A:  | N/A:  | N/A:  | N/A:  | N/A:  | N/A: ;;;Mas;cap.;;;;;De Santiago de Cuba y escalas vapor José Baró, cap. Mas, 2000 botijas aceite, 416, cueros, 119 tercios tabace, 56 barriles aceito do coco. 25 sacos cacao, 9 sorones cocos, 4 charlas canela, 1 c. longanizas, 1 c. ropa v 1 cajon café.;;José Baró;;;vapor;1872_09_24;Santiago de Cuba;;
;;N/A:  | N/A:  | N/A:  | N/A:  | N/A:  | N/A:  | N/A:  | N/A: ;;;Alemany;pat.;;;;;ENTRADAR DE CABUTAJA. Do Ganna gel. Matilde, pat. Alemany, 800 F. carbon: De Santa Cruz gol. Maria del Rosario, pat . Macip , 1 c. azúcar, 7 boys. 16 terca. miel de purga. De Jaruco bldro. 2. Estrella do Oro, pat. Rivas. 100 s carbon. Do Mario! gol. Justica, pat. Perez, 50 c. azúcar. 19 pp. aguardiente. De la Teja gol. Sofia. pat. Ferrer, 1000 e. carton. Do Rio de la Palma gol. Isabelita, pat. Garriga, 600 s. carbon.;;Matilde;;;gel.;1872_09_25;Ganna;;
;;N/A:  | N/A:  | N/A:  | N/A:  | N/A: ;;;Rodrigues;p.;;;;;De Jaruco g. Jaruqueña, p. Rodrigues, 106 bocoyos vacios Do San Cayetano. Rio Blanco y Babla Honda rapor Bahia Honda, cap. Cusi, 1,495 terc'os de tabaco y 12 saCos carbon De la Teja g. Castilla, p. Rojas, GOD atravesafios, 600 varas madoras, 36 pipas vacías y 10 cajas de cobre viejo;;Jaruqueña;;;g.;1872_09_26;Jaruco;;
;;N/A:  | N/A:  | N/A:  | N/A:  | N/A:  | N/A:  | N/A:  | N/A:  | N/A:  | N/A:  | N/A:  | N/A:  | N/A:  | N/A:  | N/A:  | N/A:  | N/A:  | N/A:  | N/A:  | N/A:  | N/A:  | N/A:  | N/A:  | N/A:  | N/A:  | N/A:  | N/A:  | N/A:  | N/A:  | N/A:  | N/A:  | N/A:  | N/A:  | N/A:  | N/A:  | N/A: ;;;Llovet;ap.;;;;;De Santiago de Caba y escalas vapor Moctezuma ap: Llovet, 1055 oueros, 1,000 terolos tabaco, 41 barri es grasa de coco, 23 sacos y 8 aerones cocos, 6 atado cueros. 5 fardos cuoros, 1 c. efectos, 1 barril cigarros, Armario y 1 cama Del Salto g. Tres Hermanas, p. Joy, 600 sacos de carDon De la Teja g. Gallego, p. Riera, 800 sacos de carbon Deidem g. Josefa, p. Mas, 600 sacos carbon Do Arroyos vivero Tarso, p. Galata, 500 pescados vi De Mantua g. Segunda Rosa, p. Vives, 100 eacca car on De Santa Isabel pail. Fénix, p. Segui, 1,000 sacos car Jon Do la Mulata g. Santa Ana, p. Anglada, 600 saces d carbon Del Morrillo g. Mercedita, p. Piñeiro, 200 varas ma Hera, 100 caballos leña y 100 sacos carbon Da Cabañas g. Sofa, p. Gonzalez, 10 sacos carbon, . efectos, 3 gallinoros con aves, 2 cajitas carne, 1 c. tel metálica y 1 o. chumatoras De Cayos de Sotavento vivero Regla, p. Catalan, 50 Descados vivos De Sagua la Grando g. Conchita, p. Vilasuso, 112 bo coyes miel de purga De Cabañas g. Ntra. Sra. del Cármen, p. Deulofec ,030 tejas, 55 pipas aguardiente y 19 c. azúcar De Calbarien y Sagua la Grande vapor Nuevo Al mendares, cap. Vega, 1125 tercios tabaco, 23 tercios ma agua, 6 c. bacalao, 2 c. y 2 fardos ropa, 1 c. rejes, 1 ter =lo corundas y 1 baul ropa.;;Moctezuma;;;vapor;1872_10_01;Santiago de Caba;;
;;N/A:  | N/A: ;;;Navarro;pat.;;;;;Dola Teja gol. Dorotea, pat. Navarro, 200 caballos lena, 40 o. azúcar.;;Dorotea;;;gol.;1872_10_02;Teja;;
;;N/A: ;;;Piñoiro;pat.;;;;;Do idem gol. Aguedita, pat. Piñoiro, 600 s. carbon;;Aguedita;;;gol.;1872_10_02;idem;;
;;N/A:  | N/A:  | N/A:  | N/A:  | N/A:  | N/A:  | N/A:  | N/A:  | N/A: ;;;Cudillero;pat.;;;;;Do Matanzas gol. Maria, pat. Cudillero, 1000 garráfones anisado, 55 mazos hierro, 42 c. azúcar, 22 bocores cobro viejo, 4 bls. tornillos, 3 tercics tat aco, 2 cajitas efectos, 2 bañles ropa, 1 baulcigarros.;;Maria;;;gol.;1872_10_02;Matanzas;;
;;N/A:  | N/A: ;;;Macip;pat.;;;;;Da Santa Cruz gol. Maria del Rosario, pat. Macip, 60 bocores concentrado, 30 cuarterolas miel de purga.;;Maria del Rosario;;;gol.;1872_10_02;Santa Cruz;;
;;N/A: ;;;Febrer;pat.;;;;;De Santa Maria gol. Franc'sca Gonor, pat. Febrer, 800 s. carbon.;;Franc'sca Gonor;;;gol.;1872_10_02;Santa Maria;;
;;N/A:  | N/A:  | N/A: ;;;Bernaza;pat.;;;;;De Hinojal gol. Potosi, pat. Bernaza, CCO s. carbon, 200 caballos leña, 80 tercios tabaco.;;Potosi;;;gol.;1872_10_02;Hinojal;;
;;N/A:  | N/A:  | N/A:  | N/A:  | N/A: ;;;Mayans;pat.;;;;;"De Morrillo gol. Britannia, 'pat. Mayans, 63 s. carbon, 100 caballos leña, 12 tercios tabaco, 5 s. miraguano; dos cerdos.";;Britannia;;;gol.;1872_10_02;Morrillo;;
;;N/A:  | N/A:  | N/A:  | N/A: ;;;Villa;pat.;;;;;De idem gol. Feliz, pat. Villa, 300 varas madera, 200 8. carbon. 200-caballos leña, 18 tercios tabaco.;;Feliz;;;gol.;1872_10_02;idem;;
;;N/A:  | N/A:  | N/A:  | N/A:  | N/A: ;;;Ferrer;pat.;;;;;De Bahia Honda gol. Mercedita, pat. Ferrer, 330 camones, 150 tercios tabaco, 15 gari afones miel de abejas 2 sorones cers, 2 pps. aguardiente.;;Mercedita;;;gol.;1872_10_02;Bahia Honda;;
;;N/A: ;;;Sardiña;p.;;;;;De la Tēja g. Candi'a, p. Sardiña, con 800 sacos de carbon;;Candi'a;;;g.;1872_10_04;Tēja;;
;;N/A: ;;;AlemañƑ;p.;;;;;De idem g. Enriqueta, p. AlemañƑ, con 800 sacos de carbon;;Enriqueta;;;g.;1872_10_04;idem;;
;;N/A:  | N/A: ;;;Jofre;cap.;;;;;Derienas vapor Comanditario, cap. Jofre, con 2 thewies 3 fardos azúcar;;Comanditario;;;vapor;1872_10_04;Derienas;;
;;N/A:  | N/A:  | N/A:  | N/A: ;;;Marin;pat.;;;;;"Do Moron gol. Aguila de Oro, pat. Marin; 700 tondilos soga majagua, 600 caballos loña. 20 s. carbon, 10 palos iuaderas del pais.";;Aguila de Oro;;;gol.;1872_10_08;Moron;;
;;N/A:  | N/A:  | N/A:  | N/A:  | N/A:  | N/A:  | N/A:  | N/A:  | N/A: ;;;Vega;cap.;;;;;De Caibariony Sagua la Grande vap. Nuevo Almendares. cap. Vega, 354 tercios tabaco, 26 pipas aguariento, sorones esponjas, 4 lios carne, 4 sacos maiz, 2 cajas pescado, 2 cajas aves, 1 cajas azúcar, 1 caja ferreteria.;;Nuevo Almendares;;;vap.;1872_10_08;Caibariony;;
;;N/A:  | N/A:  | N/A:  | N/A:  | N/A: ;;;Martinez;pat.;;;;;De Cárdenas gol, Maria del Carmou, pat. Martinez: 640 tendidos sogas majagua, 66 sorones esponjas 27 aacos arroz, 22 pp. aguardiente, 3 tercics serones.;;Maria del Carmou;;;gol;1872_10_08;Cárdenas;;
;;N/A:  | N/A:  | N/A:  | N/A: ;;;Cobas;pat.;;;;;De idem gol. Emilio pat. Cobas, 183 tercios tabaco, 133 bocoyes concentrado, 14 pipas aguardiente 12 zeronea tasajo.;;Emilio;;;gol.;1872_10_08;idem;;
;;N/A: ;;;Feliu;pat.;;;;;Del Mariel gol. Vicenta, pat. Feliu: 45 pipas aguardiente.;;Vicenta;;;gol.;1872_10_08;Mariel;;
;;N/A:  | N/A:  | N/A:  | N/A:  | N/A: ;;;Jofre;cap.;;;;;De Cárdenas vap. Comanditario cap. Jofre, C pipas aguardiente 1 c. maquinaria, s planchuelas cinc, i saco efectos.;;Comanditario;;;vap.;1872_10_08;Cárdenas;;
;;N/A: ;;;San Emeterio;cap.;;;;;De Calbarien y Sagua la Grande vap. Triunfo, cap. San Emeterio, 213 reses.;;Triunfo;;;vap.;1872_10_08;Calbarien;;
;;N/A: ;;;Pojol;pat.;;;;;De Rio de la Palma gol. Margarita, pat. Pojol, GCO acos oarbon. Do Santa Cruz gol. Me del Rosario, p. Macip, 100 sacos -100 fanegas maiz 53 bocoyes concentrado 13 gerdos. De Bahia Honda gol. Bonifacia pat. Escandell 30 ppguardiente 20 cortes carreta. De Cabañas gol, Maria pat. Cervera 120 plpas aguariente. Do Cabañas bdro. Rosita pat. Roselló 12 pipaa aguariente. De Baracoa bote Cecilia Manuela pat. Cobas, 400 sacos al.;;Margarita;;;gol.;1872_10_09;Rio de la Palma;;
;;N/A:  | N/A:  | N/A:  | N/A:  | N/A: ;;;Piñeiro;pat.;;;;;De Caibarien y Carahstas gol. Neptuno, pat. Piñeiro, 1500 docenas esponjas, 800 aacos carbon, 21 sacos cáscara de mangle, 3 filom frijoles y cajas de pescado salado.;;Neptuno;;;gol.;1872_10_10;Caibarien y Carahstas;;
;;N/A:  | N/A:  | N/A: ;;;Pelaez;pat.;;;;;De Sierra Morena gol. Engracia, pat. Pelaez, 70 bocs. miel de parga, 45 terolos de tabaco y 12 pipas aguardiente.;;Engracia;;;gol.;1872_10_10;Sierra Morena;;
;;N/A: ;;;Rodriguez;pat.;;;;;De la Teja goleta Dlana, pat. Rodriguez, 600 sacos de carbon.;;Dlana;;;goleta;1872_10_10;la Teja;;
;;N/A: ;;;Pavías;pat.;;;;;De la Teja gol. General la Mar, pat. Pavías, 126 palos madera dura.;;General la Mar;;;gol.;1872_10_10;la Teja;;
;;N/A: ;;;Sorá;pat.;;;;;De Jaimanitas gol. Prosperidad, pat. Sorá, 8000 ladrillos.;;Prosperidad;;;gol.;1872_10_10;Jaimanitas;;
;;N/A:  | N/A:  | N/A: ;;;Campaner;pat.;;;;;De Mantua y Guanes gol. Juana de Dios, pat. Campaner, 600 terolos tabaco, 30' sacos lana miraguano y 120 marquetas cera.;;Juana de Dios;;;gol.;1872_10_10;Mantua y Guanes;;
;;N/A:  | N/A:  | N/A:  | N/A:  | N/A: ;;;Cari;cap.;;;;;De San Cayetano y escala vapor Babla Honda, cap Cari, 660 tercios tabaco, 2 cajitas y un matul do id, un fardito ropa y 1-saco picadura.;;Babla Honda;;;vapor;1872_10_10;San Cayetano;;
;;N/A:  | N/A:  | N/A:  | N/A:  | N/A:  | N/A: ;;;Mas;cap.;;;;;De Santiago de Cuba y escalas vapor José Baró, cap. Mas, 20 torcios tabaco, 1 cala dulce,. 21 bar. aceite de coco, 19 terclos cera, 1 baul calzado y dulce y 53 reses.;;José Baró;;;vapor;1872_10_15;Santiago de Cuba;;
;;N/A:  | N/A:  | N/A:  | N/A:  | N/A:  | N/A:  | N/A: ;;;Cimiano;cap.;;;;;De Stgo de Cuba y escals vap Marsella, cap Cimiano, 1051 tercios de tabaco, 1028 cueros, 400 garrafones ginebra, 300 terneros, 50 tercerolas sobo, 1 caja y 1 fardo mercancías.;;Marsella;;;vap.;1872_10_15;Stgo de Cuba;;
;;N/A: ;;;Martinez;pat.;;;;;De la Teja boro. Cavadonga, pat. Martinez, 400 sacos carbon.;;Cavadonga;;;boro.;1872_10_15;la Teja;;
;;N/A:  | N/A:  | N/A:  | N/A:  | N/A: ;;;Belfact;pat.;;;;;De Matanzas gol. Amalia, pat. Belfact, 424 raposas papas, 136 sacos mais, 100 pipas aguardiente, 10 ancos frijoles y 4 c. tabaco breva.;;Amalia;;;gol.;1872_10_15;Matanzas;;
;;N/A: ;;;Felicó;pat.;;;;;De Santa Maria gol. Cuba, pat. Felicó, 600 saccs de carbon.;;Cuba;;;gol.;1872_10_15;Santa Maria;;
;;;;;Vilasuso;pat.;;;;;Del Mariel gol. Conchita, pat. Vilasuso, en lastre.;;Conchita;;;gol.;1872_10_15;Mariel;;
;;N/A: ;;;Gil;pat.;;;;;De Banes gol. Nuova Concha, pat, Gil, 2000 ladrillos,;;Nuova Concha;;;gol.;1872_10_15;Banes;;
;;N/A:  | N/A:  | N/A:  | N/A: ;;;Jofró;cap.;;;;;De Cárdenas vapor Comanditario, cap. Jofró, 5 cajas mercancías, 2 cajas harina de maiz, 1 bar. vino y 1 garrafon vinagre.;;Comanditario;;;vapor;1872_10_15;Cárdenas;;
;;N/A:  | N/A:  | N/A: ;;;Carrillo;pat.;;;;;De Sonda do Campeche viv. Paco, pat Carrillo, 500 pescados vivos 50 at, id, salado.;;Campeche;;;do;1872_10_15;Sonda;;
;;N/A:  | N/A:  | N/A:  | N/A:  | N/A:  | N/A:  | N/A:  | N/A:  | N/A: ;;;Herrera;p.;;;;;De Cárdenas g. Mercedita, p. Herrera, 125 sacos sal, 100 c. losetas, 70 pipas aguardiente, 64 caobas, 30 barriHes y 20 cuarterolas miel de purga, 1 c. quesos, 1 c. 8Tectos y 1 saco arroz. De idem g. Rosita, p. Dardot, 400 c. azúcar, 25 enartos pipas vino.;;Mercedita;;;g.;1872_10_16;Cárdenas;;
;;N/A:  | N/A:  | N/A:  | N/A:  | N/A:  | N/A:  | N/A:  | N/A:  | N/A:  | N/A:  | N/A: ;;;Rientra;cap.;;;;;De Santiago de Cuba y escalas vapor Barcelona, cap. Rientra, 34 reses, 30 barriles aceite do coce, 29 cajones fusiles y vayonetas, 24 eneros, 10 terclos tabaco, 14 barriles cerveza, 6 c. equipos militares, 3 c. barajas, 2 c. sombreros y 1 c. hule.;;Barcelona;;;vapor;1872_10_16;Santiago de Cuba;;
;;N/A:  | N/A:  | N/A:  | N/A:  | N/A:  | N/A:  | N/A:  | N/A:  | N/A: ;;;Enseñat;p.;;;;;"De Sagna la Grande g. Gorrion p. Enseñat; 1000 doceas sogas majagua, 50 estacas madera dura. 40 tercios majagua blanda, 24 bocoyos miel de purga, 5 garrafones 1 barril miel do abejas, 3 cajas tabacos, 2 bultoз meudencias y 1 caja lámparas. De Mantua g. Estrella p. Alemany, 1000 sacos de carpon. De la Mulata g. Especulacion p. Suao, 600 sacos carbon.";;Gorrion;;;g.;1872_10_17;Sagna la Grande;;
;;N/A:  | N/A:  | N/A:  | N/A:  | N/A:  | N/A:  | N/A:  | N/A:  | N/A:  | N/A:  | N/A:  | N/A:  | N/A:  | N/A:  | N/A:  | N/A:  | N/A:  | N/A:  | N/A: ;;;Gana;cap.;;;;;De Santiago de Cuba y escalas vapor Caba cap. Gana, 10 reses, 12 barriles harina, 35 idem almidon, 35 tercios cera, 24 sacos cacao, 20 barriles aceite do coco, 9 tercios Cabaco, 8 paquetes cerones, 3 fardos suela, 3 cajas cremor, 2 idem jabon, 2 sacos picadura, 1 fardo olan, 1 taDal names. 1 caja cigarros, 1 idem cobro viejo, 1 idem Hulce, 1 rollo jarola, 1 fardo paño v1 caja ropa.;;Caba;;;vapor;1872_10_19;Santiago de Cuba;;
;;N/A:  | N/A:  | N/A:  | N/A:  | N/A:  | N/A:  | N/A:  | N/A:  | N/A:  | N/A:  | N/A:  | N/A: ;;;Arbona;pat.;;;;;Do Caibarion gol. Engracia, pat. Arbona, 1000 dnas. esponjas, 300 cabs. lens, 200 ptes. tablilla, 182 palos, 150 tercios tabaco, 10 latas manteca, 33 ar. cora, 26 palos labrados, 20 pp. aguardiente, 12 c. bacalao, 214 pp. vino, 1 tercio hilo.;;Engracia;;;gol.;1872_10_24;Caibarion;;
;;N/A: ;;;Villalonga;pat.;;;;;Del Salto gol. Teresita, pat. Villalonga, C00 sacos carbon.;;Teresita;;;gol.;1872_10_24;Salto;;
;;N/A:  | N/A:  | N/A:  | N/A: ;;;Lladó;pat.;;;;;De Santa Lucia gol. Leonor, pat. Lladó, 300 tercios tabaco, 100 vs. madera, 80 caballos leña, 31 pps. aguardiente. De Cabañas gol. Concbita, pat. Casuso, 30 pp. aguardiente. De Cabañas gol. Josefa, pat. Inclan, 40 pps. aguarliente, 1 boc. cobre viejo. De Cabañas bal. Rosita, pat. Roselló, 28 pp. aguardionto. _Del Mariel gol, Justica, pat. Perez, 16 pp. aguardiente. Del Mariel gol, Sofia, pat. González, en lastre. De Cabañas gol: Maria, pat. Cervera. 120 pp. aguardiente.;;Leonor;;;gol.;1872_10_24;Santa Lucia;;
Día null:;;N/A: ;;;Almanza;pat.;;;;;De la Toja gol. Josefa, pat. Almanza: 600 sacom carbon.;;Josefa;;;gol.;1872_10_25;la Toja;;
;;N/A:  | N/A: ;;;;;;;;;De idem gol. Iosefa, 1 at. Mas: 600 a. carbon.;;Iosefa;;;gol.;1872_10_25;idem;;
;;N/A: ;;;Montell;pat.;;;;;Do idem gol. Magdalena, pat. Montell: 700 sacos car-. bon.;;Magdalena;;;gol.;1872_10_25;idem;;
Día null:;;N/A:  | N/A: ;;;Deulofeu;p.;;;;;De Cabañas g. N. S. del Carmen, p. Deulofeu: 71 pipas aguardiente, 1o. cobre viejo.;;N. S. del Carmen;;;g.;1872_10_25;Cabañas;;
;;N/A:  | N/A:  | N/A:  | N/A:  | N/A:  | N/A:  | N/A:  | N/A: ;;;Herrera;p.;;;;;De Cárdenas g. Mercedita p. Herrera, 350 garrafores vacios, 60 pipas aguardiente, 50 cains jabon, 36 barrios harina, 11 cuarterolas miel de purga. 8 barriles almidon, 1 caja tabaco brera y 1 idem ferreteria.;;Mercedita;;;g.;1872_10_27;Cárdenas;;
;;N/A:  | N/A: ;;;Belfast;p.;;;;;De Matanzis g. Amalia p. Belfast, 4s cajas azúcar y 16 barriles cigarros,;;Amalia;;;g.;1872_10_27;Matanzis;;
;;N/A: ;;;Roselló;p.;;;;;De Cabañas bdro. Rosita p. Roselló, 15 pipas aguarliente.;;Rosita;;;bdro.;1872_10_27;Cabañas;;
;;N/A:  | N/A:  | N/A:  | N/A:  | N/A:  | N/A:  | N/A:  | N/A:  | N/A:  | N/A:  | N/A:  | N/A:  | N/A:  | N/A:  | N/A:  | N/A:  | N/A: ;;;Cacho;cap.;;;;;De Santiago de Cuba y escalas vap. Saratoga, cap. Cacho, 100 garrafones licores, 120reses, 60 cajas do jabon, 51 sacos cacao, 16 barriles coñac, 4 cuartos pipa vino, 3 paquetes ropa, 4 scrones vaqueta, 2 fardos suela, 2 cajas tabaco, 2 idem dalce, 1 idem medicinas, 1 id herramientas, 1 sierra, 1 caja corbatas, 1 idem morcancias y 1 idem efector.;;Saratoga;;;vap.;1872_10_29;Santiago de Cuba;;
;;N/A:  | N/A:  | N/A:  | N/A:  | N/A: ;;;Dardet;pat.;;;;;De Cárdenas gol. Rosita, pat. Dardet. 22 bocores vacios, 15 tercios snela y vaqueta, 11 cajas azúcar, 2 barTiles y 1 caja tabaco.;;Rosita;;;gol.;1872_10_29;Cárdenas;;
;;N/A:  | N/A:  | N/A: ;;;Carbonell;pat.;;;;;De Matanzas gol. Elvira, pat. Carbonell, 100 quintalos hierro, 27 osjas azúcar, 12 idem ginebra.;;Elvira;;;gol.;1872_10_29;Matanzas;;
;;N/A:  | N/A:  | N/A:  | N/A: ;;;Fuentes;pat.;;;;;De Matanzas gol. Ignacita, pat Fuentes, 1000 garrafones auiando, 50 pipas y 12 medias aguardiente, 1 caja oopindores.;;Ignacita;;;gol.;1872_10_29;Matanzas;;
;;N/A:  | N/A:  | N/A:  | N/A:  | N/A: ;;;Colas;pat.;;;;;De Jaruco gol. Estrella, pat. Colas, 10 barriles y 5 sacos frijoles, 5 piezas maquinaria, 1 barril forreteria y 1 baul.;;Estrella;;;gol.;1872_10_29;Jaruco;;
;;N/A:  | N/A: ;;;Castelei;pat.;;;;;De Sonda de Campeche vivero Cometa, pat. Castelei20,500 pescados vivos, 100 qtls. id. salade.;;Cometa;;;vivero;1872_10_29;Sonda de Campeche;;
;;N/A:  | N/A:  | N/A: ;;;Estaro;pat.;;;;;De Sonda de Campeche vivero Concha, pat, Estaro, 00 pescados vivos, 100 qtls. idem salado, 12 ar. lana miraguano.;;Concha;;;vivero;1872_10_29;Sonda de Campeche;;
;;N/A:  | N/A:  | N/A:  | N/A:  | N/A:  | N/A:  | N/A: ;;;Voga;cap.;;;;;De Caibarion y Saga la Grando vap. Nuovo Almendares, cap. Voga, 550 tercios tabac, 4 pipas aguardiente, 19 barriles almidon, 3 seroues esponjas, 2 Cajas ropa, 1 idem fósforos, 1 barril zapatos.;;Nuovo Almendares;;;vap.;1872_10_29;Caibarion;;
;;N/A:  | N/A:  | N/A:  | N/A:  | N/A:  | N/A:  | N/A:  | N/A: ;;;Llovet;cap.;;;;;De Santiago do Cuba y escalas vap. Moctezuma, cap. Llovet, 439 cueros, 3 sacos cafó, 39 barriles acoito do oco. 3 torcios tabaco, 3 cañetes clavos, 1 campana, 1 ardo y 1 caja ropa.;;Moctezuma;;;vap.;1872_10_29;Santiago;;
;;N/A:  | N/A:  | N/A:  | N/A:  | N/A:  | N/A:  | N/A:  | N/A:  | N/A:  | N/A: ;;;Fernadez;p.;;;;;De Caibatien, gol. 2 Victoria, p. Fernadez-3000 docenas esponjas, 100 caballos leña, 133 paquetes tablilla 6) palos maderas, 9 bultos cera, 4 barriles clavos, 4 baules ropa, 3 tabales bacalao, 2 serones cobre y una camגרוניך;;2 Victoria;;;gol.;1872_11_01;Caibatien;;
;;N/A: ;;;Hernandez;p.;;;;;De Caibarien gol. Antonia, p. Hernandez-57' palos maderas.;;Antonia;;;gol.;1872_11_01;Caibarien;;
;;N/A: ;;;Ventura;p.;;;;;De Sagua, gol. Trafalgar, p. Ventura-1600 sacos carbon.;;Trafalgar;;;gol.;1872_11_01;Sagua;;
;;N/A: ;;;Montero;p.;;;;;De Teja, gol. Habanera, p. Montero-600 sacos carbon.;;Habanera;;;gol.;1872_11_01;Teja;;
;;N/A:  | N/A:  | N/A:  | N/A:  | N/A: ;;;Pavia-651;p.;;;;;De Cárdenas, gol. General la Mar, p. Pavia-651 sacos aal, pipas aguardiente, 2 cajas efectos, I bocos miel de purga v 1 id. carbon.;;General la Mar;;;gol.;1872_11_01;Cárdenas;;
;;N/A:  | N/A: ;;;O'Breans;p.;;;;;De Nuevitas g. Emilia, p, O'Breans, 800 sacos carbon, 300 caballos leña;;Emilia;;;g.;1872_11_03;Nuevitas;;
;;N/A: ;;;Nuñez;p.;;;;;De Playas de San Juan bote Ntra. Sra. del Carmen, p. Nuñez, 400 sacos carbon;;Ntra. Sra. del Carmen;;;bote;1872_11_03;Playas de San Juan;;
;;N/A: ;;;Piñeiro;p.;;;;;De la Tejag. Agnedita, p. Piñeiro, 600 sacos de carbon;;Agnedita;;;p.;1872_11_03;Tejag;;
;;N/A:  | N/A:  | N/A:  | N/A: ;;;Visquerra;p.;;;;;De Matanzas g. Dos Hermanas, p. Visquerra, 100 bocores y 50 pipas aguardiente, 25 bocoyes tasajo y 3 bocoves sogas do majagua;;Dos Hermanas;;;g.;1872_11_03;Matanzas;;
;;N/A:  | N/A:  | N/A:  | N/A:  | N/A:  | N/A:  | N/A:  | N/A:  | N/A: ;;;Cudillero;p.;;;;;De idem g. Maria, p. Cudillero, 80 pipas y 50 bocores aguardiente, 52 pipas vino, 25 serones tasajo, 5 sacos picadura, fardos y 1 lio papel, 2 c. quesos, 2 bocoyes cebollas y 1 c. vino;;Maria;;;g.;1872_11_03;idem;;
;;N/A: ;;;Perez;p.;;;;;De Galafre g. Voluntario, p. Perez, 200 miraguanos;;Voluntario;;;g.;1872_11_03;Galafre;;
;;N/A:  | N/A:  | N/A:  | N/A:  | N/A: ;;;Llanjer;p.;;;;;De Mantua g. Marianita, p. Llanjer, 729 tercios tabaco, 20 garrafones miel de abejas, 8 sacos lana miraguano. 1 c. tabacos y 1 fardo cera;;Marianita;;;g.;1872_11_03;Mantua;;
;;N/A:  | N/A: ;;;Inolan;p.;;;;;De Cabañas g. Josefa, p. Inolan, 39 pipas aguardiente, 4 c. cobro viejo;;Josefa;;;g.;1872_11_03;Cabañas;;
;;N/A: ;;;Perez;p.;;;;;De idem g. Justica, p. Perez, 39 pipas de aguardiento;;Justica;;;g.;1872_11_03;idem;;
;;N/A: ;;;Cobas;p.;;;;;De Baracoa g. Dolorita, p. Cobas, 700 ancos cal;;Dolorita;;;g.;1872_11_03;Baracoa;;
;;N/A:  | N/A:  | N/A: ;;;Gallego;p.;;;;;De Bajas g. Cármen Nombre de Dios, p. Gallego, 100 varas maderas, 100 caballos leña y 100 sacos carbon;;Cármen Nombre de Dios;;;g.;1872_11_03;Bajas;;
;;N/A:  | N/A: ;;;Diaz;pat.;;;;;De Salto gol, Rosaura, pat. Diaz, 600 sacos carbon y 300 varas maderas.;;Rosaura;;;gol;1872_11_06;Salto;;
;;N/A:  | N/A:  | N/A:  | N/A:  | N/A:  | N/A: ;;;Escandell;pat.;;;;;"Dol Morrilo gol. Británica, pat. Escandell, 500 sacos oarbon; 228 caballos leña, 30 tercios tabaco, 7 garrafones miel do abejas, 3 arrobas cera y 3 carneros.";;Británica;;;gol.;1872_11_06;Morrilo;;
;;N/A:  | N/A:  | N/A:  | N/A:  | N/A: ;;;;;;;;;De S. Cayet oy (scalas vapor Bakia Honda, espiton Cusi, 603 tercios tabaco en rama, 12 sacos e-bon, 1 enjon conserves, 1 macuto con 1003 tabacos torcidos' 1 cajan con legamb:ea;esp.;Bakia Honda;;;vapor;1872_11_07;S. Cayet;;
;;N/A: ;;;Anglada;p.;;;;;De la Mlata g. Santa Ana, p. Anglada, 600 saccs do carbon.;;Santa Ana;;;g.;1872_11_07;Mlata;;
;;N/A:  | N/A: ;;;Rodriguez;p.;;;;;De Jaruco 2. Jarnqueña, p. Rodriguez, 100 bocoyes y Pen arterelas vaties;;Jarnqueña;;;p.;1872_11_07;Jaruco;;
Día 23:;;N/A: ;;;Pazos;pat.;;;;;De Rio Blanco viv. 23 Poleni, pat. Pazos: 500 pescades vivos;;Poleni;;;viv.;1872_11_08;Rio Blanco;;
;;N/A:  | N/A: ;;;Villa;pat.;;;;;"Del Morrillo gol. Félix, pat. Villa; 300 s. ca: ben y 200 caballos leña.";;Félix;;;gol.;1872_11_08;Morrillo;;
;;N/A:  | N/A:  | N/A:  | N/A: ;;;Gomez;pat.;;;;;"Do la Malata gol. Teresita, pat. Gomez; 160 eballos leña, 91 atravesafios, 45 tercies tabaco y 21 . carbon.";;Teresita;;;gol.;1872_11_08;la Malata;;
;;N/A: ;;;Cerver;pat.;;;;;"De Cabañas go!. Maria, pat. Cerver; 112 pipas sguardiente.";;Maria;;;go!;1872_11_08;Cabañas;;
;;N/A:  | N/A:  | N/A:  | N/A:  | N/A:  | N/A:  | N/A:  | N/A:  | N/A:  | N/A: ;;;Toro;pat.;;;;;"De Sagua la Grande gol. Casilda Isabel, pat. Toro; 602 flejes papel do estraza, 600 tondidos sogas, 500 varas maderas, 0 c. jabon, 29 medias pipas, 14 cuartos y 9 cajas vino, 11 bar. nueces, 3 c. efectos y 20. sombreros.";;Casilda Isabel;;;gol.;1872_11_08;Sagua la Grande;;
;;N/A:  | N/A:  | N/A: ;;;Acuña;pat.;;;;;De Sagna la Chica gol. Mariapita, pat. Acuña, 400 sacos de carbou, 150 caballos de leña y 20;;Mariapita;;;gol.;1872_11_10;Sagna la Chica;;
;;N/A:  | N/A:  | N/A:  | N/A:  | N/A:  | N/A:  | N/A:  | N/A:  | N/A: ;;;Engelat;pat.;;;;;De Sagna la Grande gol. Gorrion, pat. Engelat, tu docenas de sogas de majagua, 50 estacas de júcaro. 14 cajas ostiones, 9 bocoyes miel do purga, 2 baules y 2lics Frazadas, 2 aules y una caja oquipajes y un barril de aguardiente.;;Gorrion;;;gol.;1872_11_10;Sagna la Grande;;
;;N/A: ;;;Suao;pat.;;;;;De Sierra Morena gol. Agustina, pat. Suao, 600 saces de carbon. De Machado gol. Ceferina, pat. Tories, CCU sacos de Daibon.;;Agustina;;;gol.;1872_11_10;Sierra Morena;;
;;N/A:  | N/A:  | N/A:  | N/A: ;;;Herera;pat.;;;;;De Cárdenas gol. Mercedita, pat. Herera, 1000 airobas do tasajo, 90 paquetes tablilla, 3 ljes vaquetas y una caja ropa.;;Mercedita;;;gol.;1872_11_10;Cárdenas;;
Día 03:;;N/A:  | N/A:  | N/A:  | N/A:  | N/A:  | N/A:  | N/A: ;;;Cobas;pat.;;;;;93 seronca tasaDo Matanzas gol. Emilio, pat. Cobas, 03  o. 68 pipa aguardiente, 23 tercios tabaco, scos ce afrecho, 4 cajas tabaco breva, 3 latas almeiras, 2 jamones, 1 caja jabon,;;Emilio;;;gol.;1872_11_10;Matanzas;;
;;N/A: ;;;Murcia;pat.;;;;;De Jaruco talandro Flor de Casa Blanca, pat Murcia, 200 sacos carbon.;;Flor de Casa Blanca;;;talandro;1872_11_10;Jaruco;;
;;N/A:  | N/A:  | N/A:  | N/A:  | N/A:  | N/A:  | N/A:  | N/A:  | N/A: ;;;;;;;;;Del Mariel guairo Salvo Virgen Maria, cap. Planells, 10 ruedas catalinas, 2 guijos de hierro, cajas do cobre viejo. De idem balandro Fernandita, pat Durad, o caba(os leña, 17 sacos laua miraguano, 6 toneladas de chaapote. De Cayos do Barlovento vivero Desquite, pat. Uibay, 100 pescados vivos y 200 docenas esponjas. Do Rio de la Palma gol, Isabelita, pat Garriga, GLO aços carbon.;;;;;;1872_11_10;;;
;;N/A: ;;;Alemany;pat.;;;;;Do la Teja gol. Enriqueta, pat. Alemany: 800 sacos carbon;;Enriqueta;;;gol.;1872_11_12;la Teja;;
;;N/A:  | N/A:  | N/A:  | N/A:  | N/A:  | N/A:  | N/A:  | N/A:  | N/A:  | N/A: ;;;Torres;p.;;;;;"De Mántos g. Margarite p. Torres; 600 va, madora, 3011or los tabaco, 126 miraguanos 60 ar. lana miraġuano, 70 ar cera, 73 cortes de jugo. 35 camones, 30 garafones miel de abejas, 22 caballos lefia, 13 cueros al pelo, 4 baules equipaje.";;Margarite;;;g.;1872_11_12;Mántos;;
;;N/A: ;;;Escandell;pat.;;;;;"De Bahis Henda gol. Bouifacia, pat. Escandell; 26 pp. aguardiente.";;Bouifacia;;;gol.;1872_11_12;Bahis;;
;;N/A:  | N/A: ;;;Mart'nez;p.;;;;;"De Cabañas g. Esmeralda' p. Mart'nez; 35 pp. aguardiente, 10 6. azúcar.";;Esmeralda;;;g.;1872_11_12;Cabañas;;
;;N/A:  | N/A:  | N/A: ;;;Cobas;p.;;;;;"De Baracoa g. Dolorita p. Cobas; 000 s. cal, 13 pipas aguardiente. De Jamanitas hoto Prosperidad, pat. Sorá. 10,000 ladrillos.";;Dolorita;;;g.;1872_11_12;Baracoa;;
;;N/A:  | N/A: ;;;Dobaró;p.;;;;;De Sonda de Campeche viv. Moniroo. p. Dobaró, 506 pescados vivos, 50 ar. lana miragnano,;;Moniroo;;;viv.;1872_11_12;Sonda de Campeche;;
;;N/A:  | N/A:  | N/A:  | N/A:  | N/A:  | N/A:  | N/A: ;;;Riestra;cap.;;;;;De Santiago de Cuba y escalaa, vap, Barcelona, capitan Riestra-159 cueros salados 330 i. secos, 3 tercerolas, sebo, 20 los majagua, 9 barrios aceito de coco;;Barcelona;;;vap;1872_11_13;Santiago de Cuba;;
;;N/A:  | N/A: ;;;Perez;p.;;;;;De Cabañas, gai. Justica, p. Perez-30 pipas aguardigt 30 parillas do hierie ardear.;;Justica;;;gai.;1872_11_13;Cabañas;;
;;N/A: ;;;;;;;;;De Cabañastra Sra. del Carmen, p. Deule feo600 la lilios, 10 pipas agnardkerte.;;del Carmen;;;p.;1872_11_13;Cabañastra;;
;;N/A:  | N/A:  | N/A:  | N/A:  | N/A:  | N/A:  | N/A:  | N/A:  | N/A: ;;;Virella;p.;;;;;De Cárdenas g. Veloz, p. Virella, 216 c. azúcar, 23 c frutas, 20 bars, coñan, 10 sorones tasajo, 6 tercios suela 2 cajas calzado y efectos de peleteria y 1 seron jamo nes.;;Veloz;;;g.;1872_11_16;Cárdenas;;
;;N/A: ;;;Saazo;p.;;;;;De Camasi g Sabas, p. Saazo, 10 pipas de agnar diente.;;Sabas;;;g;1872_11_16;Camasi;;
;;N/A:  | N/A: ;;;Inclan;p.;;;;;De Cabañas g. Josefa, p. Inclan, 59 tercioз tabaco 18 uipas agate.;;Josefa;;;g.;1872_11_16;Cabañas;;
;;N/A:  | N/A: ;;;Carrillo;p.;;;;;De la Sonda de Campeche viv. Julia, p. Carrillo, 50 pescados vivos y 300 qts. Idem salado.;;Julia;;;viv.;1872_11_16;Sonda de Campeche;;
;;N/A:  | N/A:  | N/A:  | N/A:  | N/A:  | N/A:  | N/A:  | N/A:  | N/A:  | N/A:  | N/A:  | N/A:  | N/A:  | N/A:  | N/A:  | N/A:  | N/A:  | N/A:  | N/A:  | N/A:  | N/A:  | N/A:  | N/A:  | N/A:  | N/A:  | N/A:  | N/A:  | N/A:  | N/A: ;;;Cimiano;cap.;;;;;De Santiago de Cuba rap. Cataluña, cap. Cimiano, 731 cueros. 374 lios gnano, 301 sacos y 100 medios idem garbanzos, 90 reses, 41 añojos, 8 sacos cacao, 5 fardos Suola, 4 barriles frijoles, 4 cajas tabacoa, 2 fardos curri can, 1 barril medicinas, 1 caja sombroros. Do Nuevitas gol: Rosalia, pat. Tur, 100 caballes leña, 30 horcones madera dura. Do Nuevitas goi. Tres Permanus, pat. Bornaza, 152 0308. De Calbarien gol. Pepilla Alvarez, pat. Bujosa, 1300 Faras madora. De Carabatas gol. Carmita, pat. Martinez, 167 arabos, 06 sacos carbon, 91 atravesaños, 12 palos osoba. Do Sierra Morena gol. Dos Amigos, pat. Paula. 172 c. zúcar, 23 bocores y 21 cuarterolas miel de parga, 3 seones tassjo. 3 baules equipaje, 2 cajas aceite, 2 armaHaras de catre, 1 c. efectos y 1 cordo. De Teja gol. Matilde, pat. Alemany, 800 sacos carhon. Do Cardenas vap. Cardenas, cap. Barrers, 14 bultos =ueros, 6xacos oafé. 3 lios fastes, 2 c. azúcar, 2 tercios cuela, 2 cajas muebles, 1c. y 1 baul ropa. 1 llo canastas bocor forretoria, 1 albarda, 1 llo frazadas. De Matanzas, gol. Dos Hermanas. pat. Visquerra, 000 arrobas tasajo en serones, 107 tendidos sogas maa. De Baracsa gol. Dolorita, pat. Cobas, 800 sacos caron, 11 pipas aguardiente.;;Cataluña;;;rap.;1872_11_26;Santiago de Cuba;;
;;N/A:  | N/A:  | N/A:  | N/A:  | N/A:  | N/A:  | N/A:  | N/A:  | N/A:  | N/A:  | N/A:  | N/A:  | N/A:  | N/A:  | N/A:  | N/A:  | N/A: ;;;Leal;p.;;;;;ENTRADAN UK CAROTAJE. De Ganusag. América, p. Leal, 25 beys. y 13 cuartalas mich de purga, 16 s. vacíos, 2 cajones con lechones c. ferreteria. Do Salto g. Tres Hermanas, p. Joy, 690 9. carbon. De la Toja g. Dos do Mayo, p. Giral. 800 8, carbon. Do Cárdenas g. Nuestra Sra. dol Cármen. p. Nnñez, caballos leña, 3 beys. cobre viejo, 2 c. azúcar, 2 c. alidon. De Cabañas g. Josefa, pat. Inclan, 21 pps agaardion- 16 tercios picadura, varios muebles. Da Mariel gol. Altagracia, p. Gonzalez. 20 pps. aguar ento: De idem balaudro San Antonio. pat. Perez, 18 pps. aardiente. De idem g Solla, p Gonzalez, en lastre.;América;Leal;;;g.;1872_11_27;Ganusag;;
;;;;;Visqueria;pat.;;;;;URSPACHADOS DE CABOTAIL. 'ara Matanzas gol. Dos Hermanas, pat. Visqueria;;Dos Hermanas;;;gol.;1872_11_28;Matanzas;;
;;;;;Inclan;pat.;;;;;Cabafias gol. Josefa. pat. Inclan.;;Josefa;;;gol.;1872_11_28;;;
;;;;;Gonzalez;pat.;;;;;Sierra Morena gol. Sofia, pat. Gonzalez.;;Sofia;;;gol.;1872_11_28;;;
;;;;;Fariñas;pat.;;;;;Cárdenas gol. Anita, pat. Fariñas.;;Anita;;;gol.;1872_11_28;Cárdenas;;
;;N/A: ;;;Febrez;p.;;;;;De Sto. Maria, gol. Francisca Genor, p. Febrez-800 sacos carbon.;;Francisca Genor;;;gol.;1872_11_29;Sto. Maria;;
;;N/A: ;;;Roig;p.;;;;;De Teja, gol. Paquoto de Nuevitas, p. Roig—(00 s³) cos carbon.;;Paquoto de Nuevitas;;;gol.;1872_11_29;Teja;;
;;N/A:  | N/A:  | N/A:  | N/A:  | N/A: ;;;Ochoa;cap.;;;;;De Santiago de Cuba y escalas, yap. Saratoga, capitanOchoa-120 reses, 4 barriles aceito do coco, 1 caja champaña, 1 pagneto muestras, 1 id. ropa.;;Saratoga;;;yap.;1872_11_29;Santiago de Cuba;;
;;N/A:  | N/A:  | N/A: ;;;Guss;pat.;;;;;"De Baracoa gol. Telégrafo, pat. Guss; 28300 cocos, 30 Eneros al pelo y 21 bar. aceite do coco. Carahatas gol. Molostadora, pat. Cabrera: 639 tercios cabaco, 127 cajas azúcar y 40 bocoyes miel do purga. De Serra Morena gol. Diana, pit. Rodrigaoz: C00 saCos caban. De Rio do la Palma gol. Magdalena, pat. Monto!!; 600 Bacos carbon. Do Matanzas gol. Leonidas, pat. Depics: Get bar. haina, 50 cajas jabon, l'caja salchichon. Del Morrillo gol. Feliz, pat. Villa; en Lastre. Del Morrillo bal. Hilario, pat. Anca; 100 sacos carbon";;Telégrafo;;;gol.;1872_11_30;Baracoa;;
;;N/A:  | N/A: ;;;Piñeiro;p.;;;;;De la Toja g. Aguedita, p. Piñeiro, 600 satos de caron Do Cienfuegos g. Adela p. Martorell, 2,000 sacos de;;Aguedita;;;g.;1872_12_01;la Toja;;
;;N/A:  | N/A:  | N/A:  | N/A:  | N/A:  | N/A:  | N/A:  | N/A:  | N/A:  | N/A: ;;;Vega;cap.;;;;;"ENTRADAN DE CABOTAJX. De Caibarien y Sagua la Grande rap. Naevo Almonlaros, cap. Vega; 3000 tendidossogas majagna, 1504 tercios tabaco, 21 hormas, 20 pipas aguardiente, serones esponjas, 6 cajas, 4 fardos y 4 bailes ropas y 1 barril de Ostiones. Del Salto gol. Teresito, pat. Villalonga: 600 sacos.de Carbon - De la Teja gol. Josefa, pat Pomar; 600 sacos carbon. De la Teja g 1. Manuela de Sagua, pat. Ror; 800 sacos Carbon De Rio de la Palma gol. Isabelita, pat. Garriga: C00 acos carbon De Matanzas berg. gol. Pirineo, pat. Morar: 108 esteas do gnano y 26 pipas aguardienta De Malas Aguas guairo Buonaventura, pat. Blanco; 00 quintales cáscara de mangle Do Cabañas gol. Josefa, pat Inclan, 31 pipas agdte.y c. muebles usados Do Baracoa gol. Inica, pat. Cabrera: 25 pipas agdte.";;Naevo Almonlaros;;;rap.;1872_12_04;Caibarien y Sagua la Grande;;
;;N/A:  | N/A:  | N/A:  | N/A:  | N/A:  | N/A: ;;;Subirat;pat.;;;;;De Moron gol. Paquote de Moron, pat. Subirat, 300 cueros al pelo, 300 caballos leña, 20 ar. cora, 60. ginemobra, 310. efectos militares y o. tabacos.;;Paquote de Moron;;;gol.;1872_12_05;Moron;;
;;N/A:  | N/A: ;;;Rodriguez;pat.;;;;;Do Sagua la Grande gol. Ramoncita, pat. Rodriguez, 500 satos carbon y 87 tendidos sogas majagua.;;Ramoncita;;;gol.;1872_12_05;Sagua la Grande;;
;;N/A:  | N/A:  | N/A:  | N/A:  | N/A: ;;;Cudillero;p.;;;;;De Matanzas g Maria. p. Cudillero, 110 pipas aguarliente, 50 c. azúcar, 21 c. coñac, 3 mazos cañería y un mobillatio usadlo.;;Maria;;;g;1872_12_05;Matanzas;;
;;N/A:  | N/A:  | N/A: ;;;Sellera;p.;;;;;De Santa Rosa gol. EugSnia, p. Sellera, 1100 s. carbon, 18 garrafe. miel do abeja y tercios tabaco.;;EugSnia;;;gol.;1872_12_05;Santa Rosa;;
