arrival_date;arrival_date_calc;cargo_list;crew_number;forced_arrival;master_name;master_role;parsed_text;passenger_account;publication_day;quarantine;raw_text;ship_flag;ship_name;ship_tons_capacity;ship_tons_unit;ship_type;source_file;travel_departure_port;travel_duration_unit;travel_duration_value
;;N/A:  | N/A:  | N/A:  | N/A:  | N/A:  | N/A: ;;;Sabirat;p.;;;;;De Morón g. Paqueto do Moron. p. Sabirat, 350 cueros 200 paquetes tablillas, 20 caballos leña 61 ar. cora y efectos.;;Paqueto;;;g.;1876_01_01;Morón;;
;;N/A:  | N/A:  | N/A: ;;;Núñez;p.;;;;;De Cibatian g. María del Rosario, p. Núñez, 97 tercios suela. 20 s. maíz y efectos.;;María del Rosario;;;g.;1876_01_01;Cibatian;;
;;N/A:  | N/A:  | N/A: ;;;Núñez;p.;;;;;De Garden g. Ntra. Sra. del Carmen, p. Núñez, 450 c. azúcar. 17 c. cigarros y efectos.;;Ntra. Sra. del Carmen;;;g.;1876_01_01;Garden;;
;;N/A:  | N/A:  | N/A: ;;;Blanco;p.;;;;;De San Cayet-no g. Isabella, p. Blanco, 200 vs. madera, 155 atravesones, 29 s. carbon.;;Isabella;;;g.;1876_01_01;San Cayet-no;;
;;N/A: ;;;Palau;p.;;;;;De B. Honda g. Merced 18, p. Palau, 256 c. azúcar.;;Merced 18;;;g.;1876_01_01;B. Honda;;
;;N/A:  | N/A: ;;;Padilla;p.;;;;;De Bano g. Nnova Concha, p. Padilla, 10000 ladrillos 50 p. l. hierro viejo.;;Nnova Concha;;;g.;1876_01_01;Bano;;
Día 01:;;N/A: ;;;Colomar;pat.;;;;;De Sagua gol. Providencia, pat. Colomar, 1:00 sacos carbon.;;Providencia;;;gol.;1876_01_04;Sagua;;
;;N/A:  | N/A:  | N/A: ;;;Valent;pat.;;;;;De Cárdenas gol. María del Cármen, pat. Valent, 500 sacos, 180 cajas y 40 bococes azúcar.;;María del Cármen;;;gol.;1876_01_04;Cárdenas;;
;;N/A:  | N/A: ;;;Cuervas;pat.;;;;;De Cárdenas gol. Clío, pat. Cuervas, 400 cajas y 400 sacos azúcar.;;Clío;;;gol.;1876_01_04;Cárdenas;;
;;N/A:  | N/A:  | N/A:  | N/A: ;;;Nogueras;pat.;;;;;De Cárdenas gol. Agnila de Oro, pat. Nogueras, 1100 sacos azúcar, 60 sacos carbon do cock, 21 bococes idem vejial, 19 bultes muebles.;;Agnila de Oro;;;gol.;1876_01_04;Cárdenas;;
;;N/A:  | N/A:  | N/A:  | N/A:  | N/A:  | N/A:  | N/A:  | N/A:  | N/A:  | N/A:  | N/A: ;;;Carbonell;pat.;;;;;De Matanzas gol. María, pat. Carbonell, 400 a, 192 c. y 43 bococes azúcar, 45 pipas y un barril aguardiente, 16 tercios suela, 4 o. libros, 2 c. efectos, 1 barril mantequilla, 1 llo badanas, 1 mobiliario usado.;;María;;;gol.;1876_01_04;Matanzas;;
;;N/A:  | N/A: ;;;Suá;pat.;;;;;De Mulata gol. Especulación, pat. Suá, 600 a carbon, 40 garis mío de abejas.;;Especulación;;;gol.;1876_01_04;Mulata;;
;;N/A: ;;;Palmer;pat.;;;;;De Mariel gol. J. Magdalena, pat. Palmer, 500 cajas azúcar.;;J. Magdalena;;;gol.;1876_01_04;Mariel;;
;;N/A: ;;;Padilla;pat.;;;;;De Banes gol. Copricho, pat. Padilla, 4090 ladrillos.;;Copricho;;;gol.;1876_01_04;Banes;;
;;N/A: ;;;Nunez;pat.;;;;;De Baracoa gol. San José, pat. Nunez, 400 sacos cal.;;San José;;;gol.;1876_01_04;Baracoa;;
;;N/A:  | N/A:  | N/A:  | N/A: ;;;Roidan;cap.;;;;;De Cárdenas rap. Alava, cap. Roidan, 2 caballos, 2 tercer, jamones y efectos.;;Alava;;;rap.;1876_01_04;Cárdenas;;
;;N/A: ;;;Comella;p.;;;;;De Idem g. Margarita, p. Comella, 600 a carbon;;Margarita;;;g.;1876_01_05;Idem;;
;;N/A: ;;;Maclp;p.;;;;;De Santa Cruz g. Nvo. Hilario, p. Maclp, 200 cajas a;;Nvo. Hilario;;;g.;1876_01_05;Santa Cruz;;
;;N/A: ;;;Deulofen;p.;;;;;De Cabasas gol. Ntra. Sra. del Carmen, p. Deulofen, 77 c. azucar.;;Ntra. Sra. del Carmen;;;gol.;1876_01_05;Cabasas;;
;;N/A: ;;;Carrasco;p.;;;;;De Jahanitas boto San Antonio, p. Carrasco, 10000 la-drillos.;;San Antonio;;;boto;1876_01_05;Jahanitas;;
;;N/A: ;;;Has;p.;;;;;Do la Teja gol. Joséin, p. Has: con 600 sacos de car- lon.;;Joséin;;;gol.;1876_01_06;la Teja;;
;;N/A: ;;;Boich;p.;;;;;De Cár.03as gol. Juanita, p. Boich: con 600 cajas de azúcar.;;Juanita;;;gol.;1876_01_06;Cár.03as;;
;;N/A:  | N/A:  | N/A:  | N/A: ;;;Cova;pat.;;;;;De idem g. Almans, pat. Cova: 350 o. azúcar, 33 p- pas aguardiente, 17 fardos suela y carnaza.;;Almans;;;g.;1876_01_06;idem;;
;;N/A: ;;;Duración;p.;;;;;De Batabanó g. General Enea, p. Duración: 1000 ca- ba los leña.;;General Enea;;;g.;1876_01_06;Batabanó;;
;;N/A: ;;;Grana;pat.;;;;;De idem gol. María, pat. Grana: con 800 caballos de leña.;;María;;;gol.;1876_01_06;idem;;
;;N/A: ;;;Bernaza;p.;;;;;De Santa Rosa g. Potosí, p. Bernaza: 1000 saco) carbon.;;Potosí;;;g.;1876_01_06;Santa Rosa;;
;;N/A: ;;;Bernaza;p.;;;;;De Santa Isabel g. Isabel II, p. Bernaza: 800 sacos de carbon.;;Isabel II;;;g.;1876_01_06;Santa Isabel;;
;;N/A: ;;;Perera;pat.;;;;;De Baracoa g. Dahia Hen la, pat. Perera: 20 bocoyes miel de purga.;;Dahia Hen la;;;g.;1876_01_06;Baracoa;;
Día 01:;;N/A: ;;;Toro;p.;;;;;De Sagua g. Casilda 6 Isabel, p. Toro: con 1000 s. carbon.;;Casilda 6;;;g.;1876_01_08;Sagua;;
;;N/A:  | N/A:  | N/A:  | N/A: ;;;Bosch;p.;;;;;De Sierra Morena g. Union, p. Bosch: 300 encos 100 cajas y 68 boc. azucar y efectos.;;Union;;;g.;1876_01_08;Sierra Morena;;
;;N/A: ;;;Gondola;p.;;;;;De la Teja g. Prieta, p. Gondola: 600 s. carbon.;;Prieta;;;g.;1876_01_08;la Teja;;
;;N/A:  | N/A: ;;;Herrera;p.;;;;;De Cárdenas g. Mercedita, p. Herrera: 900 qar. barina y efectos.;;Mercedita;;;g.;1876_01_08;Cárdenas;;
;;N/A:  | N/A: ;;;Aleman;p.;;;;;De Id g. J. Pilar, p. Aleman, 320 c. y 70 bocoyes azúcar.;;J. Pilar;;;g.;1876_01_08;Id;;
;;N/A:  | N/A:  | N/A: ;;;Inclan;p.;;;;;De Cabañas g. Josla, p. Inclan: 400 sacos y 300 c. azucar y 6 pipas guardiente.;;Josla;;;g.;1876_01_08;Cabañas;;
;;N/A:  | N/A: ;;;Arocha;p.;;;;;De Baracas g. Dolorita, p. Arocha: 65 boc. azucar y 12 quaterolas miel abejas.;;Dolorita;;;g.;1876_01_08;Baracas;;
Día null:;;N/A: ;;;Roldan;cap.;;;;;De Cárdenas vap. Alava, cap. Roldan: 200 c. azucar.;;Alava;;;vap.;1876_01_08;Cárdenas;;
;;N/A:  | N/A:  | N/A:  | N/A: ;;;Cusi;cap.;;;;;De Maíz Aguas vapor Babil, Honda, cap. Cusi. 194 t.ercios tabaco, 18 marquetas cera, 50 s. y 4 bocoyes calebon.;;Babil;;;vapor;1876_01_08;Maíz Aguas;;
;;N/A: ;;;Mener;p.;;;;;De la Taja gol. Sofa, p. Mener, 1000 s. carbon,;;Sofa;;;gol.;1876_01_11;la Taja;;
;;N/A:  | N/A: ;;;Calafet;p.;;;;;De Mataná h. Ignacita, p. Calafet, 363 s. y 30 boys.;;Ignacita;;;h.;1876_01_11;Mataná;;
;;N/A:  | N/A: ;;;Villasno;p.;;;;;De Mariel g. Manuela, p. Villasno, 100 c. y 100 boys.;;Manuela;;;g.;1876_01_11;Mariel;;
;;N/A: ;;;Núñez;p.;;;;;De Naracos hdro. San Joí, p. Núñez, 400 s. cal.;;San Joí;;;hdro.;1876_01_11;Naracos;;
Día null:;;N/A: ;;;Geron;pat.;;;;;De Isla de San Juan, Ntra. Sra. del Cáliz, pat. Geron: 600 c. carbon.;;Ntra. Sra. del Cáliz;;;;1876_01_12;Isla de San Juan;;
;;N/A:  | N/A: ;;;Cabide;p.;;;;;De S. Marta, Maris, p. Cabide: 350 a. y 100 c. azucar.;;Maris;;;;1876_01_12;S. Marta;;
;;N/A: ;;;Montill;;;;;;De Tejg. M. Talon, p. Montill: 500 s. carbon.;;M. Talon;;;p.;1876_01_12;Tejg.;;
;;N/A: ;;;Aman;p.;;;;;De Id. g. Vicenta, p. Aman: 600 s. carbon.;;Vicenta;;;g.;1876_01_12;Id.;;
;;N/A:  | N/A: ;;;Alomati;p.;;;;;De Matanzas, g. Elvira, p. Alomati: 310 s. y 211 c. y 50 boroys azucar y 1 c. tabacos.;;Elvira;;;g.;1876_01_12;Matanzas;;
;;N/A:  | N/A:  | N/A:  | N/A:  | N/A: ;;;Gonzalez;p.;;;;;De Manzana, g. Segunda, Maris, p. Gonzalez: 1000 caballos leña 40 serones y muelle y efectos.;;Segunda;;;g.;1876_01_12;Manzana;;
;;N/A: ;;;Portilla;p.;;;;;De Sia. Maris, g. Neptune, p. Portilla: 500 s. carbon.;;Neptune;;;g.;1876_01_12;Sia.;;
;;N/A: ;;;Poloz;p.;;;;;De Muriillo, g. Poliz, p. Poloz: 500 varas maderas.;;Poliz;;;g.;1876_01_12;Muriillo;;
;;N/A: ;;;Coleman;p.;;;;;De Id. g. Britania, p. Coleman: 900 s. carbon.;;Britania;;;g.;1876_01_12;Id.;;
;;N/A:  | N/A:  | N/A:  | N/A:  | N/A:  | N/A: ;;;Espanol;p.;;;;;De la Mulata, g. Dolores, p. Espanol: 700 tondidos 800 s. majaña, 150 funegas, maz, 150 caballos leña y 8 tercios isba.;;Dolores;;;g.;1876_01_12;Mulata;;
;;N/A:  | N/A:  | N/A: ;;;Ila;p.;;;;;De B. Ronda, g. Carmita, p. Ila, 261 c. azúcar, 330 paquetos tablillas y 49 a. lea.;;Carmita;;;g.;1876_01_12;B. Ronda;;
;;N/A:  | N/A: ;;;Palan;p.;;;;;De Idon, g. Mercodita, p. Palan: 500 sacos y 70 c. azucar.;;Mercodita;;;g.;1876_01_12;Idon;;
;;N/A:  | N/A: ;;;Arocha;p.;;;;;De M. Niel, g. Conchita, p. Arocha: 507 sacos y 63 c. azucar.;;Conchita;;;g.;1876_01_12;M. Niel;;
;;N/A: ;;;Sánchez;p.;;;;;De la Teja g. Seguila Amistad, p. Sánchez—500 s. id.;;Seguila Amistad;;;g.;1876_01_13;la Teja;;
;;N/A:  | N/A:  | N/A:  | N/A: ;;;Ríbolo;p.;;;;;De Matanzas g. Francisco, p. Ríbolo—200 s. 122 c. y 64 bocoyes azúcar, 23 pipas agudo. 19 serena tasajo, varios muebles.;;Francisco;;;g.;1876_01_13;Matanzas;;
;;N/A: ;;;Ferrer;p.;;;;;De Puerto Escondido g. Victoria, p. Ferrer—70 bocoyes azúcar.;;Victoria;;;g.;1876_01_13;Puerto Escondido;;
;;N/A:  | N/A:  | N/A:  | N/A:  | N/A:  | N/A: ;;;Riostra;cap.;;;;;De Cuba y escalas vap. Marsella capitan Riostra, 120 brles. necio do coco, 50 id. grasa de id, 17 sacos caao, 4 o. mercancías, 3g. tabaco, 2 o. mantequilla.;;Marsella;;;vap.;1876_01_16;Cuba;;
;;N/A:  | N/A: ;;;Ioclan;p.;;;;;De Cabanas g. Josofa, p. Ioclan, 500 o. azúcar, 9 pipas aguerrido.;;Josofa;;;g.;1876_01_16;Cabanas;;
;;N/A: ;;;Arocha;pat.;;;;;De Baracoa g. Dolorita, pat. Arocha, 76 bocoyes concentrado.;;Dolorita;;;g.;1876_01_16;Baracoa;;
;;N/A:  | N/A:  | N/A: ;;;Cobas;p.;;;;;De Id. g. Bonifacia, p. Cobas, 64 byes. ooncentrado, 6 id. mascabdo, 6 quarteros miel purga.;;Bonifacia;;;g.;1876_01_16;Id.;;
;;N/A:  | N/A: ;;;Núñez;p.;;;;;De Id. boto Cecilia Manuela, p. Núñez, 9 bocoyes y 26 quarteros miel purga.;;Cecilia Manuela;;;boto;1876_01_16;Id.;;
;;;;;Rondan;cap.;;;;;De Cárdenas vap. Alava, cap. Rondan, on laiste.;;Alava;;;vap.;1876_01_16;Cárdenas;;
;;N/A:  | N/A:  | N/A: ;;;Lemus;cap.;;;;;De Cuba y escalas vap. Niágara, cap. Lemus, 133 sacos caao, 4 id. café, 4 o. tlas.;;Niágara;;;vap.;1876_01_16;Cuba;;
;;N/A:  | N/A:  | N/A:  | N/A:  | N/A:  | N/A:  | N/A:  | N/A:  | N/A: ;;;O'Broans;p.;;;;;De Nuevitas g. Postrito, p. O'Broans, 462 caballos lo- na, 26 stravacanios, 15 aerones guano, 19 bries. sebo, 30 cueros, 4 terceros miel, 4 cajas cara, muebles y efectos;;Postrito;;;g.;1876_01_18;Nuevitas;;
;;N/A:  | N/A:  | N/A: ;;;Bosch;p.;;;;;De S. Morena g. Union, p. Bosch, 930 sacos, y 100 ca- jas azúcar y 55 pipas aguardiente.;;Union;;;g.;1876_01_18;S. Morena;;
;;N/A: ;;;Coyula;pat.;;;;;De la Toja gol. América, pat. Coyula, 60 bocoyas azú- car.;;América;;;gol.;1876_01_18;la Toja;;
;;N/A: ;;;Orbay;p.;;;;;De Id. gol. Paquito de Nuevitas, p. Orbay, 800 sacos carbon.;;Paquito;;;gol.;1876_01_18;Id.;;
;;N/A:  | N/A:  | N/A: ;;;Vazquez;p.;;;;;De Cerdonas g. Mª Josefa, p. Vazquez, 400 sacos, 300 o. y 50 bocoyas azúcar.;;Mª Josefa;;;g.;1876_01_18;Cerdonas;;
;;N/A:  | N/A: ;;;;pat.;;;;;De Id. g. Aguilá de Oro, p. Nogneras, 600 sacos y 360 o. azúcar.;;Nogneras;;;p.;1876_01_18;Id. g. Aguilá de Oro;;
;;N/A:  | N/A: ;;;Cuebas;p.;;;;;De Id. gol. Cillo, p. Cuebas, 500 cajas y 200 sacos azú- car.;;Cillo;;;gol.;1876_01_18;Id.;;
;;N/A:  | N/A: ;;;Perez;p.;;;;;De Matanzas g. Amalia, p. Perez, 7700. azúcar y efectos.;;Amalia;;;g.;1876_01_18;Matanzas;;
;;N/A: ;;;Rojas;p.;;;;;De Baracoa bal. San José, p. Rojas, 400 e. cal.;;San José;;;bal.;1876_01_18;Baracoa;;
;;N/A: ;;;Leon;p.;;;;;De S. Morena tote Amilita, p. Leon, 35 bocoyas azú- car.;;Amilita;;;tote;1876_01_18;S. Morena;;
;;N/A:  | N/A: ;;;Pujol;p.;;;;;De Cardana g. Inés, p. Pujol, 600 sacos y 150 c. azú- car.;;Inés;;;g.;1876_01_18;Cardana;;
;;N/A: ;;;Ferrer;p.;;;;;De Punto Escandillo g. Elías, p. Ferrer, 104 bocoyas azúcar.;;Elías;;;g.;1876_01_18;Punto Escandillo;;
;;N/A:  | N/A:  | N/A: ;;;Macio;p.;;;;;De Sta Cruz g. Nuevo Hilario, p. Macio, 194 cajas azú- car, 8 terceros miel a. cajas, y trecos coyundas.;;Nuevo Hilario;;;g.;1876_01_18;Sta Cruz;;
;;N/A:  | N/A: ;;;Juan;p.;;;;;De Cabanillas bal. Rosita, p. Juan, 45 quarteros 100 mil de purga, 23 ppa aguardiente.;;Rosita;;;bal.;1876_01_18;Cabanillas;;
;;N/A:  | N/A: ;;;Carbonell;p.;;;;;De Mutanzas y. María p. Carbonell: 360 s. 432 c. y 10 bocas. azúcar y efectos.;;María;;;y.;1876_01_19;Mutanzas;;
Día 01:;;N/A: ;;;Gallozo;p.;;;;;De Bajas gol. Carmen Nombre do Díos, p. Gallozo: 400 va. madera.;;Carmen Nombre do Díos;;;gol.;1876_01_19;Bajas;;
;;N/A:  | N/A: ;;;Arceha;p.;;;;;De Cabañas g. Conchita, p. Arceha: 490 s. y 107 cajas azúcar.;;Conchita;;;g.;1876_01_19;Cabañas;;
;;N/A:  | N/A:  | N/A: ;;;Cabrera;p.;;;;;De la Teja g. S. José, p. Cabrera: 350 s. 50 c. y 17 bocas. cayacar.;;S. José;;;g.;1876_01_19;la Teja;;
;;N/A:  | N/A: ;;;Núñez;p.;;;;;De Baracca g. Cecilia Manuela, p. Núñez: 25 bocas. y 16 quaterolas miel de purga.;;Cecilia Manuela;;;g.;1876_01_19;Baracca;;
;;N/A: ;;;Denlof;p.;;;;;De Cabañas g. Nuestra Señora del Carmen, p. Denlof: 341 c. azúcar.;;Nuestra Señora del Carmen;;;g.;1876_01_19;Cabañas;;
;;N/A:  | N/A:  | N/A:  | N/A: ;;;Ron;cap.;;;;;De Caba y escaldas van. Clara, cap. Ron, 440 torceles tabaco, 9 t. rellenas miel, 3 bles. cera y efectos.;;Clara;;;van.;1876_01_19;Caba;;
;;N/A: ;;;Montero;p.;;;;;De Sierra Morena g. Agustina, p. Montero, 850 s. carbon.;;Agustina;;;g.;1876_01_20;Sierra Morena;;
;;N/A: ;;;Gelp;p.;;;;;De la Teja g. Jovén Luis, p. Gelp, 510 s. carbon.;;Jovén Luis;;;g.;1876_01_20;la Teja;;
;;N/A: ;;;Aleman;p.;;;;;De Carleñas g. Panchita, p. Aleman, 550 s. azúcar.;;Panchita;;;g.;1876_01_20;Carleñas;;
;;N/A:  | N/A: ;;;Cadillío;p.;;;;;De Batabano g. Dos Amigos, p. Cadillío, 600 caballos leña y 150 s. carbon.;;Dos Amigos;;;g.;1876_01_20;Batabano;;
;;N/A:  | N/A:  | N/A:  | N/A: ;;;L'cret;p.;;;;;De Sta. Isabel g. Isabelita, p. L'cret, 800 s. carbon, 567 varas maderas, 130 caballos leña, 6 garrafones mito de abejas.;;Isabelita;;;g.;1876_01_20;Sta. Isabel;;
;;N/A:  | N/A: ;;;Fober;p.;;;;;De Sta. María g. Francisco Goner, p. Fober, 800 s. carbon y 13 torres tabaco.;;Francisco Goner;;;g.;1876_01_20;Sta. María;;
;;N/A: ;;;Padilla;p.;;;;;De Banes g. Nueva Concha, p. Padilla, 560 c. azúcar.;;Nueva Concha;;;g.;1876_01_20;Banes;;
;;N/A:  | N/A:  | N/A:  | N/A:  | N/A:  | N/A:  | N/A: ;;;Fuster;p.;;;;;De Bajas g. Mannolí, p. Fuster, 300 varas maderas, 10º caballos leña, 100 yugos, 200 s. carbon, 55 camas de corriente, 25 cincos y 4 t. cebos tabaco.;;Mannolí;;;g.;1876_01_20;Bajas;;
;;N/A: ;;;Grandal;p.;;;;;De Jaimanitas toda Fiesperdidad, p. Grandal 12000 t. leña.;;Fiesperdidad;;;toda;1876_01_20;Jaimanitas;;
;;N/A:  | N/A:  | N/A:  | N/A:  | N/A: ;;;Colomar;p.;;;;;De Sagna gol. Paquote de Sagna, p. Colomar: 200 barriles harina 12 id. cerveza, 600 tendidos sega majugan. 24 pistas jácaro y 2 c. tabaco breve.;;Paquote de Sagna;;;gol.;1876_01_21;Sagna;;
;;N/A:  | N/A: ;;;Valent;p.;;;;;De Cárdenas gol. María del Cármen, p. Valent: 500 o. y 53 bocoyes azúcar.;;María del Cármen;;;gol.;1876_01_21;Cárdenas;;
;;N/A: ;;;Felico;p.;;;;;De Sta María gol. Cuba, p. Felico: 700 sacos de carbon.;;Cuba;;;gol.;1876_01_21;Sta María;;
;;N/A:  | N/A: ;;;Inolan;p.;;;;;De Cabana gol. Josefa, p. Inolan: 724 s. y 100 c. azúcar.;;Josefa;;;gol.;1876_01_21;Cabana;;
Día XX:;;N/A: ;;;Coras;p.;;;;;De Baracoa gol. Benifacía, p. Coras: 74 bocoyes azúcar.;;Benifacía;;;gol.;1876_01_21;Baracoa;;
;;N/A:  | N/A: ;;;Beraz;p.;;;;;De Mutats gol. Isabel, p. Beraz: 133 paos algodon y 10 fanegas maíz.;;Isabel;;;gol.;1876_01_21;Mutats;;
Día null:;;N/A: ;;;Jofre;cap.;;;;;De Cardona vap. Soler, cap Jofre: 933 cajas de azúcar.;;Soler;;;vap.;1876_01_21;Cardona;;
;;N/A:  | N/A:  | N/A:  | N/A:  | N/A:  | N/A:  | N/A:  | N/A:  | N/A: ;;;Juan;p.;;;;;De Clenfuegos gol. Coforina, p. Juan: 131 pzas. cedro, 2500 botijas aceite, 150 tabales bacalao, 194 carr. fones almidones, 35 pipas y 1714 vino, 20 o. cldrs, 60 o. velas, 63 jabon y varios muebles.;;Coforina;;;gol.;1876_01_21;Clenfuegos;;
;;N/A: ;;;Blanco;p.;;;;;De Molata gol. Cinco Hermanos, p. Blanco: 173 pacas algodon.;;Cinco Hermanos;;;gol.;1876_01_21;Molata;;
;;N/A:  | N/A:  | N/A:  | N/A:  | N/A: ;;;Enjosa;p.;;;;;De Caibarion g. Pepillia Alvarez, p. Enjosa. 100 docenas y 5 aerones espíritas, 56 tercios tabaco 41 cuartos y efectos.;;Pepillia Alvarez;;;g.;1876_01_22;Caibarion;;
;;N/A:  | N/A:  | N/A:  | N/A: ;;;Colomar;p.;;;;;De Saguin g. Sabas p. Colomar: 1000 docenas sogas maja-jagua, 50 tercios hilo ld. 315 blocs. harina, 10 garrafones mío de abojas y efectos.;;Sabas;;;g.;1876_01_22;Saguin;;
;;N/A:  | N/A:  | N/A:  | N/A:  | N/A: ;;;Ensefet;p.;;;;;De Cardenas g. Tros Toreas p. Ensefet: 200 c. y 68 locas, azúcar, 10 farjos vaqueta y efectos.;;Tros Toreas;;;g.;1876_01_22;Cardenas;;
;;N/A:  | N/A: ;;;Badaró;p.;;;;;De Id. g. Victoria, p. Badaró: 420 c. y 10 bocoyes azúcar.;;Victoria;;;g.;1876_01_22;Id.;;
;;N/A:  | N/A: ;;;Alemany;p.;;;;;De Id. g. J. Pilar, p. Alemany: 160 c. y 50 bocoyes azúcar.;;J. Pilar;;;g.;1876_01_22;Id.;;
Día XX:;;N/A: ;;;Palau;pat.;;;;;De Bahía Honda g. Mercelita pat. Palau: 265 c. azúcar.;;Mercelita;;;g.;1876_01_22;Bahía Honda;;
;;N/A:  | N/A: ;;;Lopez;p.;;;;;De Cabanas g. Caballo Marino p. Lopez: 60 c. y 50 bocoyes azúcar.;;Caballo Marino;;;g.;1876_01_22;Cabanas;;
Día XX:;;N/A: ;;;Arochu;pat.;;;;;De Baracoa gol. Dolorita pat. Arochu: 72 bocoyes azúcar.;;Dolorita;;;gol.;1876_01_22;Baracoa;;
Día null:;;N/A:  | N/A:  | N/A: ;;;Farño;p.;;;;;De Círdenas g. Anita p. Farño: 760 c. 130 s. y 103 bocoyes azúcar.;;Anita;;;g.;1876_01_22;Círdenas;;
;;N/A:  | N/A: ;;;Bosch;p.;;;;;De Id. g. Juvenita p. Bosch: 650 c. azúcar, 10 cojitas cha papote.;;Juvenita;;;g.;1876_01_22;Id.;;
;;N/A:  | N/A:  | N/A:  | N/A: ;;;Brage;cap.;;;;;De Caibarien g. Engracap. Brage, 765 tercios tabaco, 12 cajas frutas, 3 serones esponjas y 1 reo lo curi-can.;;Engracap.;;;g.;1876_01_23;Caibarien;;
;;N/A:  | N/A:  | N/A:  | N/A:  | N/A: ;;;Santo Domingo;p.;;;;;De Carahatas g. Teromita, p. Santo Domingo, 1400 ra-dios de carreta, 750 sacos y 46 bocoyes azúcar y 23 pps. de aguardiente.;;Teromita;;;g.;1876_01_23;Carahatas;;
;;N/A: ;;;Grigio;pat.;;;;;De Sierra Morena goleta Union, patron Grigio, 600 s. carbon.;;Union;;;goleta;1876_01_23;Sierra Morena;;
;;N/A: ;;;Monte;patrón;;;;;De la Teja goleta Mannela, patron Monte, 9° esco-carbon.;;Mannela;;;goleta;1876_01_23;Teja;;
;;N/A: ;;;Riera;patrón;;;;;De la Teja goleta Villa de Gijon, patron Riera, 900 sa-074 carb.-11.;;Villa de Gijon;;;goleta;1876_01_23;Teja;;
;;N/A: ;;;Riera;patrón;;;;;De la Teja goleta Gallego, patron Riera, 800 saco-carbon.;;Gallego;;;goleta;1876_01_23;Teja;;
;;N/A: ;;;Cornella;patrón;;;;;De la Teja goleta Margarita, patron Cornella, 600 de-cos carbon.;;Margarita;;;goleta;1876_01_23;Teja;;
;;N/A: ;;;Fernandez;p.;;;;;De la Teja, g. Ntra. Sra. del Carmen, p. Fernandez 700 sacos carbon.;;Ntra. Sra. del Carmen;;;g.;1876_01_23;la Teja;;
;;N/A: ;;;Garcia;pat.;;;;;De la Teja goleta Leonarda, patron Garcia, 600 sa-cos carbon.;;Leonarda;;;goleta;1876_01_23;Teja;;
;;N/A: ;;;Enrich;patrón;;;;;De la Teja balandro Ampare, patron Enrich, 600 sa-cos carbon.;;Ampare;;;balandro;1876_01_23;la Teja;;
;;N/A: ;;;Cevas;pat.;;;;;De Cárdenas g. Almanza, patron Cevas, 460 cajas de azúcar.;;Almanza;;;g.;1876_01_23;Cárdenas;;
;;N/A: ;;;Maclp;pat.;;;;;De Santa Cruz g. Rosa Maria, pat. Maclp, 300 cajas de azúcar.;;Rosa Maria;;;g.;1876_01_23;Santa Cruz;;
;;N/A:  | N/A:  | N/A:  | N/A:  | N/A:  | N/A: ;;;Torres;p.;;;;;"De Mántua g. Trinidad, p. Torres, 200 caballos leda, 150 qts. cescara mangle, 175 sacos lana; 20 ar. cera, tres garras, miel de abijas.";;Trinidad;;;g.;1876_01_23;Mántua;;
;;N/A: ;;;Ferrer;p.;;;;;De Puerto Escondido g. Victoria, p. Ferrer, 700 boc-yes azúcar.;;Victoria;;;g.;1876_01_23;Puerto Escondido;;
;;N/A:  | N/A:  | N/A: ;;;Denlof;p.;;;;;De Cabala g. Ntra. Sra. del Carmen, p. Denlof, 905 o. y 321 s. anfán.;;Ntra. Sra. del Carmen;;;g.;1876_01_23;Cabala;;
;;N/A:  | N/A:  | N/A:  | N/A:  | N/A: ;;;Arane;cap.;;;;;De Cnba y escalas vap. Alcante, cap. Arane, 107 bar-ascito de coco, 7 c. dulce, 40 sacos cacao, 2 bar. vino, 9 o. pomada.;;Alcante;;;vap.;1876_01_23;Cnba;;
;;N/A:  | N/A:  | N/A:  | N/A: ;;;Cual;cap.;;;;;De Malas Agras vap. B. Honda, cap. Cual, 461 pácas de algodon, 93 diam. barbas de idem, 23 velas de aparejo y 74 tercios tabaco.;;B. Honda;;;vap.;1876_01_23;Malas Agras;;
;;N/A: ;;;Bosch;p.;;;;;De Sierras Morena g. Gertrudis p. Bosch -300 sacos: 36 bocoyas azucar.;;Gertrudis;;;g.;1876_01_25;Sierras Morena;;
;;N/A: ;;;Orbay;patrón;;;;;De la Teja goleta Cefrina patron Orbay -600 sacos do carbon.;;Cefrina;;;goleta;1876_01_25;la Teja;;
;;N/A:  | N/A: ;;;Jef;cap.;;;;;De Cárdenas vap. Solor, cap. Jef -1600 o 50 boc- y 2 tlos vaquetas.;;Solor;;;vap.;1876_01_25;Cárdenas;;
;;N/A:  | N/A:  | N/A:  | N/A:  | N/A: ;;;Herrera;p.;;;;;De idem g. Morcoida p. Herrera -100 varas madera, 91 paq cots tablillas. 8x o 10 boc-yos azucar y varios muebles;;Morcoida;;;g.;1876_01_25;idem;;
;;N/A:  | N/A: ;;;Pujol;p.;;;;;De idem goleta Infe p. Pujol -350 cajas y 200 sacos azucar.;;Infe;;;goleta;1876_01_25;idem;;
;;N/A:  | N/A:  | N/A: ;;;Nuñez;p.;;;;;De idem g. Ntra Sra. del Carmen p. Nuñez -260 barriles harina. 00 o 30 bocoyas azucar y 2 fardos sue-las.;;Ntra Sra. del Carmen;;;g.;1876_01_25;idem;;
;;N/A: ;;;Vazquez;p.;;;;;De idem g. Maria Josefa p. Vazquez -600 o 200 sacos azucar.;;Maria Josefa;;;g.;1876_01_25;idem;;
;;N/A: ;;;Pavia;patron;;;;;De idem g. General la Mar patron Pavia -350 cajas azucar.;;General la Mar;;;g.;1876_01_25;idem;;
;;N/A:  | N/A:  | N/A:  | N/A: ;;;Nuñez;p.;;;;;De Arroyos g. Maigalita p. Nuñez -200 a. carbon, 10 tercios tablano, 10 gaf. miel chejas y 3 ar. cera.;;Maigalita;;;g.;1876_01_25;Arroyos;;
;;N/A: ;;;Serra;n.;;;;;De Santa Maria g. Amaño Riesa n. Serra -800 sacos carbon.;;Amaño;;;g.;1876_01_25;Santa Maria;;
;;N/A: ;;;Bosch;p.;;;;;De S. Morena g. Union p. Bosch -1200 s. y 230 cajas azucar.;;Union;;;g.;1876_01_25;S. Morena;;
;;N/A:  | N/A:  | N/A:  | N/A: ;;;Juan;p.;;;;;De Cárderas Nuera Rosita p. Juan -100 c. y 422 sacos azucar, 12 bocoyas, taclos y ofocos.;;Nuera Rosita;;;p.;1876_01_25;Cárderas;;
;;N/A: ;;;Covas;p.;;;;;De Bayaca g. Bonifacia, p. Covas -14 bocoyas man-ca-bado.;;Bonifacia;;;g.;1876_01_25;Bayaca;;
;;N/A: ;;;Pujel;patron;;;;;De Jaruco g. Golondrina patron Pujel -179 caja azucar.;;Golondrina;;;g.;1876_01_25;Jaruco;;
;;N/A:  | N/A: ;;;Ros;cap.;;;;;De Caibarlen y Sagua vap. Manuel Torrente cap. Ros. 61 bultos muebles y 1 c. creas.;;Manuel Torrente;;;vap.;1876_01_25;Caibarlen y Sagua;;
Día XX:;;N/A: ;;;Otoro;p.;;;;;De Toja gol. Júcaro, p. Otoro: 820 sacos de carbón;;Júcaro;;;gol.;1876_01_26;Toja;;
Día XX:;;N/A:  | N/A: ;;;Porez;p.;;;;;De Motanzas gol. Amalia, p. Porez: 660 c. azúcar y 4 cajas ropa.;;Amalia;;;gol.;1876_01_26;Motanzas;;
;;N/A:  | N/A:  | N/A:  | N/A:  | N/A: ;;;Rioló;p.;;;;;De idem gol. Francisco, p. Rioló: 500 s. 144 c. y 58 bo- coyes azúcar, 42 blos vinagro 20 c. frutas, 1 barril cebollas y 1 c. armas.;;Francisco;;;gol.;1876_01_26;idem;;
;;N/A:  | N/A:  | N/A: ;;;Niobla;p.;;;;;De Canatgol. Lola Marina, p. Niobla: 141 c. y 48 bo- coyes azúcar, 12 pp. agdto. y 10 cuarterolas miel de abo- jas.;;Lola Marina;;;gol.;1876_01_26;Canatgol;;
;;N/A:  | N/A:  | N/A: ;;;Alorde;p.;;;;;De Arroyos gol. Juana de Dios, p. Alorde: 200 caballos leña 50 araban, 100 vs. madera.;;Juana de Dios;;;gol.;1876_01_26;Arroyos;;
;;N/A: ;;;Visquera;p.;;;;;De Cabañas gol. Paquita, p. Visquera: 315 cajas azúcar.;;Paquita;;;gol.;1876_01_26;Cabañas;;
;;N/A: ;;;Mator;p.;;;;;De Bines botó San Antonio, p. Mator: 501 sacos azúcar.;;San Antonio;;;botó;1876_01_26;Bines;;
;;N/A: ;;;Navarro;p.;;;;;De Tejagol Dorotca, p. Navarro: 600 sacos de azúcar.;;Dorotca;;;p.;1876_01_26;Tejagol;;
Día null:;;N/A: ;;;Arocha;p.;;;;;De Baracoa gol. Dolorita, p. Arocha: 72 bocoyes mas- cabado.;;Dolorita;;;gol.;1876_01_26;Baracoa;;
Día null:;;N/A:  | N/A: ;;;Arocha;p.;;;;;De Cabañas gol. Conohita, p. Arocha: 653 e. y 40 cajas azúcar.;;Conohita;;;gol.;1876_01_26;Cabañas;;
;;N/A: ;;;Colomar;p.;;;;;De Sagua g. Correo de Canad, p. Colomar, 600 sacos carbon.;;Correo de Canad;;;g.;1876_01_27;Sagua;;
;;N/A:  | N/A:  | N/A:  | N/A: ;;;Duración;p.;;;;;De H. Merena g. General Euna, p. Duración, 660 sacos y 83 bocoyes azucar, 3 o. efectos y 3 llos vasqueta.;;General Euna;;;g.;1876_01_27;H. Merena;;
;;N/A:  | N/A:  | N/A: ;;;Coyula;p.;;;;;De la Teja g. América, p. Coyula, 45 bocoyes y 3 o. azucar, 50 bocoyes miedo de purga, varios muebles.;;América;;;g.;1876_01_27;la Teja;;
;;N/A:  | N/A:  | N/A: ;;;Carbonell;p.;;;;;De Matanzas g. María, p. Carbonell, 389 c., 309 sacos y 69 bocoyes azucar, 12 o vino 4 serones tazas.;;María;;;g.;1876_01_27;Matanzas;;
;;N/A: ;;;Perez;p.;;;;;De Batabaná g. Desiel, p. Perez, 500 caballos litia.;;Desiel;;;g.;1876_01_27;Batabaná;;
;;N/A:  | N/A:  | N/A:  | N/A: ;;;Gorrin;p.;;;;;De B. Honda g. Franciela, p. Gorrin, 300 o. y 80 bocoyes azucar, 4600 ladrillos, 11 sacos café, 6 boos cal.;;Franciela;;;g.;1876_01_27;B. Honda;;
;;N/A:  | N/A: ;;;Padilla;p.;;;;;De Banes g. Nva. Concha, p. Padilla, 181 o. azucar, 50 quarteros miedo de purga.;;Nva. Concha;;;g.;1876_01_27;Banes;;
;;N/A: ;;;Grandal;pat.;;;;;De Jaimanita bote Prosperidad, patron Grandal, 10000 ladrillos.;;Prosperidad;;;bote;1876_01_27;Jaimanita;;
;;N/A:  | N/A:  | N/A: ;;;Roselló;p.;;;;;De Cabanas g. Emeralda, p. Roselló, 100 boc. azucar 65 pps agda y 40 quarteros vasco.;;Emeralda;;;g.;1876_01_27;Cabanas;;
;;N/A:  | N/A:  | N/A:  | N/A: ;;;Enseñat;p.;;;;;De Sagua g. Gorrion, p. Enseñat, 32 palos júcaro, 30 garras miedo, muebles y efectos.;;Gorrion;;;g.;1876_01_27;Sagua;;
;;N/A:  | N/A:  | N/A: ;;;Berna;pat.;;;;;De Nuevitas g. Dolores, patron Berna, 6:0 caballos leña y efectos.;;Dolores;;;g.;1876_01_27;Nuevitas;;
;;N/A:  | N/A: ;;;Cova;p.;;;;;De Baraca g. Boufacia, p. Cova, 50 o. y 50 bocas azucar, 20 quarteros miedo de purga.;;Boufacia;;;g.;1876_01_27;Baraca;;
;;N/A:  | N/A:  | N/A:  | N/A:  | N/A:  | N/A:  | N/A:  | N/A:  | N/A: ;;;Bayo;cap.;;;;;De Trinidad berg. g. Trinidad cap. Bayo, 40 ta. maestro 47 rollos plomo, 170 c. perdigones, 1:0 bar. minlo, 346 c. ciruelas panas, 12 rollo pita, 2 palos caoba, 1 o. pasas y efectos.;;Trinidad;;;berg.;1876_01_27;Trinidad;;
;;N/A:  | N/A:  | N/A:  | N/A:  | N/A:  | N/A: ;;;Rivas;p.;;;;;De Nuevitas g. Dichoza, p. Rivas: 500 caballos leña, 50 ancos carbon, 21 o. dulcos. 14 c. y 5 blos. tabacos, 9 blos. c. garros y efectos.;;Dichoza;;;g.;1876_01_28;Nuevitas;;
;;N/A:  | N/A: ;;;Aleman;p.;;;;;De Cárdenas g. Panchita, p. Aleman: 500 o. azúcar, 3 seronacasonjas.;;Panchita;;;g.;1876_01_28;Cárdenas;;
;;N/A:  | N/A: ;;;Gines;p.;;;;;De la Molata g. María Teresa, p. Gines: 91 pacas algodon, 4 medias balas de barba.;;María Teresa;;;g.;1876_01_28;la Molata;;
;;N/A: ;;;Deulcef;pat.;;;;;De Cabanas g. N. S. cèl Cármen, pat. Deulcef: 363 c. azúcar.;;N. S. cèl Cármen;;;g.;1876_01_28;Cabanas;;
;;N/A:  | N/A:  | N/A:  | N/A: ;;;Jefe;cap.;;;;;De Cárderas psp. Soler, cap. Jefe: 467 c. y 112 locoyes azúcar y efectos.;;Soler;;;psp.;1876_01_28;Cárderas;;
;;N/A: ;;;Núñez;p.;;;;;De Baraco bote Cecilia Manuel, p. Núñez: 50 quarte-rolas mul de purga.;;Cecilia;;;bote;1876_01_28;Baraco;;
;;N/A: ;;;N.;p.;;;;;De Id. g. S. José p. N. 400 s. cal.;;S. José;;;g.;1876_01_28;Id.;;
;;N/A:  | N/A: ;;;Valent;p.;;;;;De Cárdenas g. Mi del Cármen, p. Valent: 760 e. y 50 bocas azúcar y efectos.;;Mi del Cármen;;;g.;1876_01_28;Cárdenas;;
Día null:;;N/A:  | N/A: ;;;Badaró;pat.;;;;;De idom gol. Victoria, pat. Badaró: 770 zacas y 35 blos azúcar.;;Victoria;;;gol.;1876_01_28;idom;;
;;N/A:  | N/A: ;;;Núñez;p.;;;;;De Cato do las Bynes g. María del Carmen p. Núñez—300 atravesafos y 300 caballos leña.;;María del Carmen;;;g.;1876_01_29;Cato;;
;;N/A:  | N/A:  | N/A: ;;;Ferro;p.;;;;;De Sierra Morena g. Elisa p. Ferro—70 sacos y 133 bocoyes azúcar. y 24 sacos carbon.;;Elisa;;;g.;1876_01_29;Sierra Morena;;
;;N/A:  | N/A: ;;;Cabrera;p.;;;;;De la Teja g San José p. Cabrera—240 c y 50 bocoyes azúcar.;;San José;;;g;1876_01_29;la Teja;;
;;N/A: ;;;Bosch;p.;;;;;De Cárdenas g. Juana p. Bosch—600 c. azúcar.;;Juana;;;g.;1876_01_29;Cárdenas;;
;;N/A: ;;;Llorot;p.;;;;;De Idem g. Arauca p. Llorot—416 c. azúcar.;;Arauca;;;g.;1876_01_29;Idem;;
;;N/A:  | N/A:  | N/A: ;;;Matías;p.;;;;;De Idem g. Tras Matías p. Lorell—300 c. y 8 bocoyes azúcar y 50 palos madradas.;;Tras;;;g.;1876_01_29;Idem;;
;;N/A:  | N/A:  | N/A: ;;;Calafoll;p.;;;;;De Matinaz g. Ignacita p. Calafoll—363 sacos, 261 c. y 10 bocoyes azúcar y efectos.;;Ignacita;;;g.;1876_01_29;Matinaz;;
;;N/A:  | N/A: ;;;Macíp;p.;;;;;De Santa Cruz g. Nuevo Hilario p. Macíp—1:0 c. azúcar y 8 charterolas mil de abeja.;;Nuevo Hilario;;;g.;1876_01_29;Santa Cruz;;
;;N/A:  | N/A: ;;;Escandol;p.;;;;;De B. Mondy g. Eloisa p. Escandol—501 c. azúcar, 500 paquetes tablita.;;Eloisa;;;g.;1876_01_29;B. Mondy;;
Día 01:;;N/A: ;;;Gonvila;pat.;;;;;De Cabanas g. Juanita pat. Gonvila—3 0 sacos azúcar.;;Juanita;;;g.;1876_01_29;Cabanas;;
;;N/A: ;;;null;p.;;;;;De la Domínguez g. Dominica p. Lopez—2 9 cajas azúcar.;Dominica;Lopez;;;g.;1876_01_29;Domínguez;;
;;N/A: ;;;Roldan;cap.;;;;;De Cárdenas g. Alvaro cap. Roldan—500 cañas arnacar.;;Alvaro;;;g.;1876_01_29;Cárdenas;;
;;N/A: ;;;Alemay;p.;;;;;De Idem g. Joven Prat p. Alemay—53 c y 20 bocoyes azúcar.;;Joven Prat;;;g.;1876_01_29;Idem;;
;;N/A:  | N/A:  | N/A: ;;;Inolán;p.;;;;;De Cabañas g. Josefa, p. Inolán: 350 s. 68 o. y 75 vocoyas azúcar.;;Josefa;;;g.;1876_01_30;Cabañas;;
;;N/A: ;;;Arooba;p.;;;;;De Baracoa g. Delorita, p. Arooba: 72 boys. id.;;Delorita;;;g.;1876_01_30;Baracoa;;
;;N/A:  | N/A: ;;;Bosch;p.;;;;;De Sierra Morona g. Gertrúdis, p. Bosch: 230 c. y 400 s. id.;;Gertrúdis;;;g.;1876_01_30;Sierra Morona;;
;;N/A:  | N/A:  | N/A:  | N/A: ;;;Ríocatra;cap.;;;;;De Cula y escalas vap. Manuela, cap. Ríocatra: 214 s. café, 71 s. cacao, 55 blos. grasa de coco y efectos.;;Manuela;;;vap.;1876_01_30;Cula;;
;;N/A:  | N/A: ;;;Pojol;p.;;;;;De Jarno g. Golondrina, p. Pojol: 34 boconyes mascabado, 14 quaterolas miel.;;Golondrina;;;g.;1876_01_30;Jarno;;
;;N/A: ;;;Roselló;p.;;;;;De la Teja g. Jóren Gertrúdis, p. Roselló: 1,000 sacos carbon.;;Jóren;;;g.;1876_01_30;la Teja;;
;;N/A:  | N/A:  | N/A:  | N/A: ;;;Sánchez;p.;;;;;De Punta de San Juan g. Joscfs, p. Sánchez: 400 sacos vino, 200 caballos leña, 150 paquetes tablillas, 1 pipa.;;Joscfs;;;g.;1876_02_01;Punta de San Juan;;
;;N/A: ;;;Alemanf;p.;;;;;De Sierra Morena g. Matildo, p. Alemanf: 830 sacos carbon.;;Matildo;;;g.;1876_02_01;Sierra Morena;;
;;N/A: ;;;Mattínez;p.;;;;;De la Teja g. San Francisco, p. Mattínez: 800 sacos carbón.;;San Francisco;;;g.;1876_02_01;la Teja;;
;;N/A: ;;;Alemanf;p.;;;;;De la Teja g. María, p. Alemanf: 600 s. carbon.;;María;;;g.;1876_02_01;Teja;;
Día null:;;N/A:  | N/A: ;;;José;cap.;;;;;De Cárdenas vap. Soler, cap. José: 600 c. azúcar, dos tios anola.;;Soler;;;vap.;1876_02_01;Cárdenas;;
;;N/A:  | N/A: ;;;Vazquér;p.;;;;;De Cárdenas g. María Josefa, p. Vazquér: 600 c. y 12 bocoyas azúcar, 12 fardos anola.;;María Josefa;;;g.;1876_02_01;Cárdenas;;
;;N/A:  | N/A:  | N/A: ;;;Alemanf;p.;;;;;De Matanzas g. Eloísa, p. Alemanf, 317 s. 240 c. y 36 bocoyas azúcar, 12 fardos anola.;;Eloísa;;;g.;1876_02_01;Matanzas;;
;;N/A: ;;;Rica;p.;;;;;De Batabanó g. Blanca, p. Rica: 1000 caballos leña.;;Blanca;;;g.;1876_02_01;Batabanó;;
;;N/A:  | N/A:  | N/A: ;;;Planello;p.;;;;;De X o del Medio g. Salve Virgen María, p. Planello: 600 ar. oascara de manglo, 50 s. carbon, 23 yugos.;;Salve Virgen María;;;g.;1876_02_01;X o del Medio;;
;;N/A:  | N/A: ;;;Blanco;p.;;;;;De la Mula g. Cinco Hermanos, p. Blanco: 170 pacas algodon, 800 duelas en bruto.;;Cinco Hermanos;;;g.;1876_02_01;Mula;;
;;N/A: ;;;Llado;p.;;;;;De la Mnlata, Carmila, p. Llado: 199 pacas algodon.;;Carmila;;;p.;1876_02_01;Mnlata;;
;;N/A: ;;;Porera;p.;;;;;De Ortigosa g. Bala Honda, p. Porera: 400 cajas azúcar.;;Bala Honda;;;g.;1876_02_01;Ortigosa;;
;;N/A: ;;;Palau;p.;;;;;De Bala Honda g. Mercedita, p. Palau: 200 cajas azúcar.;;Mercedita;;;g.;1876_02_01;Bala Honda;;
;;N/A:  | N/A: ;;;López;p.;;;;;De Cabanas g. Caballo Marino, p. López: 450 c. y 49 bocoyas azúcar.;;Caballo Marino;;;g.;1876_02_01;Cabanas;;
;;N/A: ;;;Víquez;p.;;;;;De Cabanas g. Paquita, p. Víquez: 515 cajas azúcar.;;Paquita;;;g.;1876_02_01;Cabanas;;
;;N/A:  | N/A: ;;;Padilla;p.;;;;;De Bines g. Nueva Concha, p. Padilla: 152 c. azúcar, 55 curtas. miel de purga.;;Nueva Concha;;;g.;1876_02_01;Bines;;
;;N/A:  | N/A: ;;;Carrasco;p.;;;;;De Baracos bote Número Dos, p. Carrasco: 300 sacos y 1 c. azúcar, 1 c. maquilaria.;;Número Dos;;;bote;1876_02_01;Baracos;;
;;N/A: ;;;Grandal;p.;;;;;De Jaimanitza bole Prosperidad, p. Grandal: 10000 la drillos.;;Prosperidad;;;bole;1876_02_01;Jaimanitza;;
Día 01:;;N/A:  | N/A: ;;;Paula;p.;;;;;De Sierra Morena g. Sofía, p. Paula: 300 ó. y 50 bocoyas azúcar.;;Sofía;;;g.;1876_02_01;Sierra Morena;;
;;N/A: ;;;Fernando;p.;;;;;De Montan g. Ntra. Estrella, p. Fernando: 20 onartorolas miel de purga.;;Ntra. Estrella;;;g.;1876_02_01;Montan;;
;;N/A: ;;;Roldán;cap.;;;;;De Cárdenas vap. Alava, cap. Roldán, 1000 c. azúcar.;;Alava;;;vap.;1876_02_02;Cárdenas;;
;;N/A:  | N/A: ;;;Valont;pat.;;;;;De Cárdenas gol. María del Círmon, pat. Valont, 435 c. y 72 boqys. azúcar.;;María del Círmon;;;gol.;1876_02_02;Cárdenas;;
;;N/A:  | N/A: ;;;Pujol;pat.;;;;;De Cárdenas gol. Icés, pat. Pujol, 200 o. y 400 s. azúcar.;;Icés;;;gol.;1876_02_02;Cárdenas;;
;;N/A:  | N/A:  | N/A: ;;;Perez;pat.;;;;;De Matarazas gol. Amalia, pat. Perez, 493 a., 43 c. y 90 boqys. azúcar.;;Amalia;;;gol.;1876_02_02;Matarazas;;
;;N/A: ;;;Portella;pat.;;;;;De Santa María gol. Neptuno, pat. Portella, 800 s. carbon.;;Neptuno;;;gol.;1876_02_02;Santa María;;
;;N/A:  | N/A:  | N/A:  | N/A: ;;;Cusi;cap.;;;;;De Bichá Honda vap. B. Hondo, cap. Cusi, 790 c. azúcar, 221 tercios tabaco, 407 jaquetes tablilla, 45 ploras madera.;;B. Hondo;;;vap.;1876_02_02;Bichá Honda;;
;;N/A:  | N/A: ;;;Arocha;p.;;;;;De Caballar gol. Conchita, p. Arocha, 650 sacos y 55 c.;;Conchita;;;gol.;1876_02_02;Caballar;;
;;N/A:  | N/A:  | N/A: ;;;Cabrá;p.;;;;;De Sierra Morena g. María, p. Cabrá, 720 s. y 40 lca azúcar. 30 buitos muebles.;;María;;;g.;1876_02_04;Sierra Morena;;
;;N/A: ;;;Villalonga;p.;;;;;De idem g. Terezita, p. Villalonga, 607 s. carbon.;;Terezita;;;g.;1876_02_04;idem;;
;;N/A: ;;;Tar.;p.;;;;;De la Teja g. Nueva Providencia, p. Tar. 500 atravesanos.;;Nueva Providencia;;;g.;1876_02_04;Teja;;
;;N/A: ;;;Cornella;p.;;;;;De idem g. Margarita, p. Cornella. 600 s. carbon.;;Margarita;;;g.;1876_02_04;idem;;
;;N/A: ;;;Roselló;p.;;;;;De idem g. Vicenta, p. Roselló, 800 s. carbon.;;Vicenta;;;g.;1876_02_04;idem;;
;;N/A:  | N/A: ;;;Bosch;p.;;;;;De Cárdenas g. Juanita, p. Bosch: 200 o. y 100 boys. azúcar.;;Juanita;;;g.;1876_02_04;Cárdenas;;
;;N/A: ;;;;p.;;;;;De idem g. Panchita, p. Aleman, 500 c. azúcar.;Aleman;Panchita;;;g.;1876_02_04;idem;;
;;N/A:  | N/A:  | N/A: ;;;Nogueras;p.;;;;;De idem g. Aguiña de Oro, p. Nogueras, 450 o. azúcar, 43 bls. miel de purga, 1014 pps. vino y efectos.;;Aguiña de Oro;;;g.;1876_02_04;idem;;
;;N/A:  | N/A: ;;;Niebla;p.;;;;;De Canasi g. Lora María, p. Niebla, 350 o. azúcar. 300 s. azúcar.;;Lora María;;;g.;1876_02_04;Canasi;;
;;N/A:  | N/A: ;;;Donulofco;p.;;;;;De Cabañas g. Ntr. Sra. doí Cármen, p. Donulofco, 215 o. y 300 s. azúcar.;;Ntr. Sra. doí Cármen;;;g.;1876_02_04;Cabañas;;
;;N/A:  | N/A:  | N/A: ;;;Inclan;p.;;;;;De idem g. Josefa, p. Inclan, 660 s., 81 c. y 24 boys. azúcar.;;Josefa;;;g.;1876_02_04;idem;;
;;N/A:  | N/A: ;;;Palmer;p.;;;;;De la Dominica g. J. Magdalena, p. Palmer, 80 boys. azúcar 50 cuartos. miel de purga.;;J. Magdalena;;;g.;1876_02_04;Dominica;;
;;N/A:  | N/A:  | N/A: ;;;Vilaunso;p.;;;;;De idem g. Manuela, p. Vilaunso, 960 o., 134 s. y 24 boyes azúcar, 12 cuartas. miel de purga, 6 pps. aguardiente.;;Manuela;;;g.;1876_02_04;idem;;
;;N/A: ;;;Núñez;p.;;;;;De Baracoa boto Cecilia Manuela, p. Núñez, 50 cuartos. miel de purga.;;Cecilia Manuela;;;boto;1876_02_04;Baracoa;;
;;N/A: ;;;Rojas;p.;;;;;De idem balandro San José, p. Rojas, 400 s. cal.;;San José;;;balandro;1876_02_04;idem;;
;;N/A:  | N/A:  | N/A: ;;;Riestra;p.;;;;;De Cuba y escalas vap. Marsella, p. Riestra, 2 o. labones, 1 o. sillas de montar, 3 bts. efectos.;;Marsella;;;vap.;1876_02_04;Cuba;;
;;N/A:  | N/A:  | N/A:  | N/A: ;;;Maclp;p.;;;;;De Santa Cruz g. Rosa María, p. Maclp, 60 boys, 116 o. y 50 s. azúcar, 17 marquetas cera.;;Rosa María;;;g.;1876_02_04;Santa Cruz;;
;;N/A: ;;;Cabrera;p.;;;;;De S. Morena g. San Francisco, p. Cabrera, 400 c. azúcar.;;San Francisco;;;g.;1876_02_04;S. Morena;;
;;N/A: ;;;Badaró;p.;;;;;De Cárdenas g. Victoria, p. Badaró, 540 o. azúcar.;;Victoria;;;g.;1876_02_04;Cárdenas;;
;;N/A:  | N/A: ;;;Aleman;p.;;;;;De Jaruco g. Adelaida, p. Aleman, 80 o. azúcar, 8 bls. frijoles.;;Adelaida;;;g.;1876_02_04;Jaruco;;
;;N/A:  | N/A: ;;;Pujol;p.;;;;;De idem g. Golondrina, p. Pujol, 33 boys. mascabado, 80 cuartos. m. el de purga.;;Golondrina;;;g.;1876_02_04;idem;;
;;N/A:  | N/A:  | N/A: ;;;Monso;cap.;;;;;De Cuba y escalas vap. Saratoga, cap. Monso, 88 sacos 1 b. café, 1 o. dulce, 24 bts. inmecibles usados.;;Saratoga;;;vap.;1876_02_04;Cuba;;
;;N/A:  | N/A:  | N/A:  | N/A:  | N/A:  | N/A:  | N/A:  | N/A:  | N/A:  | N/A: ;;;Soavilla;cap.;;;;;De Cárdenas boa. Triunfo, cap. Soavilla, 56 pps. aguardiente, 50 latas almendras, 3 s. frijoles, 12 bts. gofo, 8 ga. rafones clara, 4 l. o. mimbro, 20 garrafones aguardiente, 23 idem vino, 1 o. gofo, 30 bts. pescado y efectos.;;Triunfo;;;boa.;1876_02_04;Cárdenas;;
;;N/A: ;;;Aleman;p.;;;;;De Cárdonas g. J. Pilar, p. Aleman, 600 o. azúcar.;;J. Pilar;;;g.;1876_02_04;Cárdonas;;
;;N/A: ;;;Covas;p.;;;;;De Baracoa g. Bonifacio, p. Covas, 94 boys. mascabado.;;Bonifacio;;;g.;1876_02_04;Baracoa;;
;;N/A:  | N/A:  | N/A:  | N/A: ;;;Serra;p.;;;;;De Caibarien g. Segunda Victoria, p. Serra: 475 tercios tabaco, 80 s. chacarra mangé, 3 mulos y efectos.;;Segunda Victoria;;;g.;1876_02_06;Caibarien;;
;;N/A: ;;;Colomar;p.;;;;;De Sagna g. Providencia, p. Colomar: 1000 sacos carbon.;;Providencia;;;g.;1876_02_06;Sagna;;
;;N/A:  | N/A: ;;;Eobavarra;p.;;;;;De Caranhatas g. Tres Hermanas, p. Eobavarra: 600 s. y 90 bo. azúcar.;;Tres Hermanas;;;g.;1876_02_06;Caranhatas;;
;;N/A:  | N/A: ;;;Bonet;p.;;;;;De S. Morena g. Gertrudis p. Bonet: 400 s. y 93 bo. o. azúcar.;;Gertrudis;;;g.;1876_02_06;S. Morena;;
;;N/A:  | N/A: ;;;Rojas;p.;;;;;De la Teja g. Castilla, p. Rojas: 500 sacos y 250 c. azúcar.;;Castilla;;;g.;1876_02_06;la Teja;;
;;N/A: ;;;Pillado;p.;;;;;De idem g. Cruz de Mayo, p. Pillado: 800 sacos carbon.;;Cruz de Mayo;;;g.;1876_02_06;idem;;
;;N/A:  | N/A: ;;;Vazquez;p.;;;;;De Cárdenas g. María Jostfa, p. Vazquez: 600 o. y 500 s. azúcar.;;María Jostfa;;;g.;1876_02_06;Cárdenas;;
;;N/A:  | N/A: ;;;Herrera;p.;;;;;De id. g. Mercedita, p. Herrera: 403 c. y 40 bo. azúcar.;;Mercedita;;;p.;1876_02_06;id. g.;;
;;N/A:  | N/A:  | N/A: ;;;Núñez;p.;;;;;De id. g. Ntra Sra. del Carmen, p. Núñez: 350 o., 200 s. y 30 b. c. azúcar.;;Ntra Sra. del Carmen;;;p.;1876_02_06;id. g.;;
;;N/A:  | N/A: ;;;Covas;p.;;;;;De id. g. Almanza, p. Covas: 500 c. y 40 bocoyes azúcar.;;Almanza;;;p.;1876_02_06;id. g.;;
;;N/A: ;;;Grandal;p.;;;;;De Jaimanitas bote Proeperidad, p. Grandal: 10000 la drillos.;;Proeperidad;;;bote;1876_02_06;Jaimanitas;;
;;N/A: ;;;Ferrer;p.;;;;;De Pto. Escondido g. Victoria, p. Ferrer: 70 bo. mascahado.;;Victoria;;;g.;1876_02_06;Pto. Escondido;;
;;N/A:  | N/A: ;;;Rosello;p.;;;;;De Cabanas g. Esmeralda, p. Rosello: 553 c. azúcar y 20 plpas aguardiente.;;Esmeralda;;;g.;1876_02_06;Cabanas;;
;;N/A:  | N/A:  | N/A: ;;;Zarygoza;p.;;;;;De Sagna g. Flor de Sagna, p. Zarygoza: 1450 s. carbon, 6 cedros y 3 bar. ostionca.;;Flor de Sagna;;;g.;1876_02_06;Sagna;;
;;N/A:  | N/A:  | N/A:  | N/A:  | N/A:  | N/A:  | N/A: ;;;Rot;cap.;;;;;De Cnba y escala vapor Clara, cap. Rot: 20 b.c. azúcar, 1 c. sombreros, 1 c. orea, 9 bar. cigarras, 50 s. ca. o. 11 fardos suela y efectos.;;Clara;;;vapor;1876_02_06;Cnba;;
;;N/A: ;;;Navarro;p.;;;;;De la Teja g. Dorotea, p. Navarro: 330 c. azúcar.;;Dorotea;;;g.;1876_02_06;Teja;;
;;N/A:  | N/A: ;;;Enseñat;p.;;;;;De Cárdenas g. Tres Tereas, p. Enseñat: 220 c. y 70 bo. azúcar y madera.;;Tres Tereas;;;g.;1876_02_06;Cárdenas;;
;;N/A:  | N/A: ;;;;;;;;;De id. g. María del Carmen, p. Valont: 350 c. y 320 s. azúcar.;;María del Carmen;;;p.;1876_02_06;id. g.;;
Día null:;;N/A:  | N/A: ;;;Jofré;cap.;;;;;De Cárdenas vap. Soler, cap. Jofré: 1,000 c. azúcar, 23 bultos efectos.;;Soler;;;vap.;1876_02_08;Cárdenas;;
;;N/A:  | N/A:  | N/A:  | N/A:  | N/A:  | N/A:  | N/A: ;;;Cabreras;p.;;;;;De Gibarn g. Seis Manuelas, p. Cabreras: 700 caballos leña, 200 varas madera, 150 s. carbon. 160 bocas. miel de purga, 100 lbs. cera, 53 garrafones níel de abejas y efectos.;;Seis Manuelas;;;g.;1876_02_08;Gibarn;;
;;N/A:  | N/A: ;;;Rivas;p.;;;;;De Calbarien g. Jóvén Lizozadía, p. Rivas: 460 torcos y 1 barril tabaco.;;Jóvén Lizozadía;;;g.;1876_02_08;Calbarien;;
;;N/A:  | N/A:  | N/A:  | N/A: ;;;Sans;p.;;;;;De Sagu g. Paquete de Sagu, p. Sans: 1,000 tendidos sogas, 40 torcos tabaco, 43 cuarterosas miel de abejas, 40 oslos madera.;;Paquete de Sagu;;;g.;1876_02_08;Sagu;;
;;N/A:  | N/A: ;;;Roca;cap.;;;;;De Sierra Morena g. General Enna, cap. Roca: 1,000 s. y 38 boccos andar.;;General Enna;;;g.;1876_02_08;Sierra Morena;;
;;N/A: ;;;Acuna;p.;;;;;De la Tejg g. Candita, p. Acuna: 1,000 s. carbon.;;Candita;;;g.;1876_02_08;Tejg;;
;;N/A: ;;;Cepó;p.;;;;;De Id. g. Catalina, p. Cepó: 800 s. id.;;Catalina;;;g.;1876_02_08;Id.;;
;;N/A:  | N/A:  | N/A: ;;;Perelló;p.;;;;;De Cárdenas g. Tres Marías, p. Perelló, 400 c. azúcar: 200 s. maíz y efectos.;;Tres Marías;;;g.;1876_02_10;Cárdenas;;
;;N/A:  | N/A: ;;;;p.;;;;;De idem g. Panchita, p. Aleman, 500 c. azúcar, 100 garrafones anclado.;Aleman;Panchita;;;g.;1876_02_10;idem;;
;;N/A:  | N/A: ;;;Bosch;p.;;;;;De idem g. Juanita, p. Bosch, 480 c. y 42 boys. azúcar.;;Juanita;;;g.;1876_02_10;idem;;
;;N/A:  | N/A: ;;;Aleman;p.;;;;;De Matas g. Elvira, p. Aleman, 514 s. y 12 boys. azúcar. 100 pps. eguadrado.;;Elvira;;;g.;1876_02_10;Matas;;
;;N/A: ;;;Palan;p.;;;;;De Béla Honda g. Mercedita, p. Palan, 365 o. azúcar.;;Mercedita;;;g.;1876_02_10;Béla Honda;;
;;N/A:  | N/A: ;;;Escandell;p.;;;;;De idem g. Eloso, p. Escandell, 300 c. azúcar, 500 cortes de yugos.;;Eloso;;;g.;1876_02_10;idem;;
;;N/A: ;;;;p.;;;;;De Daraco botn: 2, p. Garrazo, 300 a. azúcar.;;Garrazo;;;botn;1876_02_10;Daraco;;
;;N/A:  | N/A:  | N/A:  | N/A: ;;;Cusi;cap.;;;;;De San Oyetano y escala vap. Bahía Honda, capitan Cusi, 320 o. azúcar, 300 paquetes tabillas, 50 terolos y 1 o. tabaco.;;Bahía Honda;;;vap.;1876_02_10;San Oyetano;;
;;N/A: ;;;Macip;p.;;;;;De Santa Cruz g. Nuevo Hilario, p. Macip, 400 s. azúcar.;;Nuevo Hilario;;;g.;1876_02_10;Santa Cruz;;
;;N/A:  | N/A:  | N/A:  | N/A:  | N/A:  | N/A:  | N/A: ;;;Cacho;cap.;;;;;De Cuba y escaler vap. Alicadte, cap. Cacho, 175 s. o. c. 83 bls. aceite de coco, 20 bls. ropa, 4 o. dulce, 20 serones guano, 1 t. miel de abejas, 1 idem cera, 2 o. armas y monturas.;;Alicadte;;;vap.;1876_02_10;Cuba;;
;;N/A:  | N/A:  | N/A:  | N/A:  | N/A:  | N/A: ;;;Torres;p.;;;;;De Clenfuegos g. Agüedita, p. Torres, 139 piezas de cedro, 40 pps. vino, 7 pacas orógano, 1 ajuar de casa, 75 cuneros y 86 serenes tasajo.;;Agüedita;;;g.;1876_02_10;Clenfuegos;;
;;N/A: ;;;Arocha;p.;;;;;De Baraco g. Dolorita, p. Arocha, 72 boys. azúcar.;;Dolorita;;;g.;1876_02_10;Baraco;;
;;N/A: ;;;Montell;p.;;;;;De la Teja g. Mannela, p. Montell: 850 s. carbón.;;Mannela;;;g.;1876_02_12;Teja;;
;;N/A: ;;;Número;p.;;;;;De Cárdenas g. Nuestra Señora del Cármen, p. Número: 500 o. y 30 s. azúcar.;;Nuestra Señora del Cármen;;;g.;1876_02_12;Cárdenas;;
;;N/A:  | N/A: ;;;Valent;pat.;;;;;De id. g. María del Cármen, p. Valent: 500 o. y 300 s. azúcar.;;María del Cármen;;;p.;1876_02_12;id. g.;;
;;N/A:  | N/A:  | N/A: ;;;;;;;;;De id. g. Tres Terezas, p. Ensayat: 400 o. y 50 'bocoyes azúcar, 20 palos madera del país.;;Tres Terezas;;;p.;1876_02_12;id. g.;;
;;N/A: ;;;Ferrer;p.;;;;;De Puerto Escondido g. Victoria, p. Ferrer: 70 bocoyes azúcar.;;Victoria;;;g.;1876_02_12;Puerto Escondido;;
;;N/A: ;;;Felicé;p.;;;;;De Santa María g. Cuba, p. Felicé: 600 s. carbón.;;Cuba;;;g.;1876_02_12;Santa María;;
;;N/A: ;;;Lloret;p.;;;;;De Santa Isabel g. Isabelita, p. Lloret: 600 s. carbón.;;Isabelita;;;g.;1876_02_12;Santa Isabel;;
;;N/A: ;;;Bernaza;pat.;;;;;De id. g. Isabel II, p. Bernaza: 700 s. carbón.;;Isabel II;;;p.;1876_02_12;id. g.;;
;;N/A:  | N/A:  | N/A:  | N/A: ;;;Blanc;p.;;;;;De San Cayetano g. Isabelita, p. Blanc: 170 veras almácigo, 50 s. carbón, 138 atravesanos, 64 caballos isla.;;Isabelita;;;g.;1876_02_12;San Cayetano;;
Día 12:;;N/A: ;;;Lleó;p.;;;;;De Bahía Honda g. Carmita, p. Lleó: 12º c. y 50 bocoyes azúcar.;;Carmita;;;g.;1876_02_12;Bahía Honda;;
;;N/A:  | N/A: ;;;Arocha;p.;;;;;De Cabanas g. Conchita, p. Arocha: 430 s. y 9º c. azúcar.;;Conchita;;;g.;1876_02_12;Cabanas;;
;;N/A: ;;;Grandall;p.;;;;;De Jaimanitas g. Prosperidad, p. Grandall: 10,000 la-drillos.;;Prosperidad;;;g.;1876_02_12;Jaimanitas;;
Día XX:;;N/A: ;;;Koldo;cap.;;;;;De Cárdenas vap. Alava, cap. Koldo: 500 o. azúcar.;;Alava;;;vap.;1876_02_12;Cárdenas;;
Día null:;;N/A: ;;;Visquerra;p.;;;;;De Cabanas g. Paquita, p. Visquerra: 545 o. id.;;Paquita;;;g.;1876_02_12;Cabanas;;
;;N/A:  | N/A:  | N/A: ;;;Inclan;p.;;;;;De id. g. Josofa, p. Inclan: 200 o. 200 s. y 64 bocoyes idem.;;Josofa;;;g.;1876_02_12;id.;;
;;N/A: ;;;Palmer;p.;;;;;De id. g. Jovon Magdalena, p. Palmer: 500 o. id.;;Jovon;;;g.;1876_02_12;id.;;
;;N/A:  | N/A:  | N/A:  | N/A:  | N/A:  | N/A:  | N/A: ;;;Rivas;p.;;;;;De Nuevitas gol. Emilia, p. Rivas: 600 caballos, 100 c. dulce, 1 c. libros para cigarras. Llorca: 257 tercios tabaco, 10 minutos, 1 caballo y efectos.;;Emilia;;;gol.;1876_02_15;Nuevitas;;
Día :;;N/A:  | N/A:  | N/A:  | N/A: ;;;Llorca;cap.;;;;;De Caballero y Sagua vap. Luis, cap. Llorca: 257 tercios tabaco, 10 minutos, 1 caballo y efectos.;;Luis;;;vap.;1876_02_15;Caballero y Sagua;;
;;N/A:  | N/A:  | N/A: ;;;Ferrer;p.;;;;;De Sierra Morena gol. Luis, p. Ferrer: 600 sacos y 160 boces azúcar. 12 s. carbon.;;Luis;;;gol.;1876_02_15;Sierra Morena;;
;;N/A: ;;;Joy;p.;;;;;De Idem gol. Tres Hermanas, p. Joy: 600 sacos de carbon.;;Tres Hermanas;;;gol.;1876_02_15;Idem;;
;;N/A: ;;;Fernandez;p.;;;;;De Tojao gol. Ntra Sra. del Cármen, p. Fernandez: 600 sacos de carbon.;;Ntra Sra. del Cármen;;;gol.;1876_02_15;Tojao;;
;;N/A: ;;;Conella;p.;;;;;De idem gol. Margarita, p. Conella: 600 sacos de carbon.;;Margarita;;;gol.;1876_02_15;idem;;
;;N/A:  | N/A: ;;;Jofre;cap.;;;;;De Cárdenas vap. Solt, cap. Jofre: 1100 c. y 1 estuche azúcar y efectos.;;Solt;;;vap.;1876_02_15;Cárdenas;;
;;N/A: ;;;Bosch;pat.;;;;;De idem gol. Juanita, pat. Bosch: 600 cajas de azúcar.;;Juanita;;;gol.;1876_02_15;idem;;
;;N/A:  | N/A: ;;;Pujó;p.;;;;;De idem gol. Inés, p. Pujó: 350 c. y 201 sacos de azúcar.;;Inés;;;gol.;1876_02_15;idem;;
;;N/A:  | N/A:  | N/A: ;;;Badaró;p.;;;;;De idem gol. Victoria, p. Badaró: 400 c., 200 s. y 15 bo- coyes azúcar.;;Victoria;;;gol.;1876_02_15;idem;;
Día 01:;;N/A:  | N/A:  | N/A: ;;;Calafell;pat.;;;;;De Mañanas gol. Ignacita, pat. Calafell: 20 c. y 323 s. azúcar, 50 tercios tabaco, y 15 tercios suela.;;Ignacita;;;gol.;1876_02_15;Mañanas;;
;;N/A:  | N/A:  | N/A:  | N/A:  | N/A:  | N/A: ;;;Perez;p.;;;;;"De idem gol. Aimala, p. Perez: 1500 c. y 160 s. azúcar, 1000 ar. tasaio, 109 barriles cebollas; 22 tercios suela, 13 o. aceito.";;Aimala;;;gol.;1876_02_15;idem;;
;;N/A:  | N/A:  | N/A: ;;;Perlo;p.;;;;;De Gibara bdro. Cuvadonga, p. Perlo: 100 caballos, 1 y 30 fuas. maz.;;Cuvadonga;;;bdro.;1876_02_15;Gibara;;
Día 1000:;;N/A:  | N/A: ;;;;;;;;;De G. M. C. y G. C. C. A. C. p. 1000: 80 c. y 100s. azucar y 3 bar. clavos.;;;;;p.;1876_02_16;G. M. C. y G. C. C. A. C.;;
;;N/A: ;;;Lomo;p.;;;;;De B de Santa Clara bto. María Joroca, p. Lomo: 100s. madera.;;María Joroca;;;bto.;1876_02_16;Santa Clara;;
;;N/A: ;;;Goljt;p.;;;;;De Teja g. Jóven Luisa, p. Goljt: 600 s. carbon.;;Jóven Luisa;;;g.;1876_02_16;Teja;;
;;N/A: ;;;Kieran;p.;;;;;De idem g. Villa de Gijón, p. Kieran: 800 s. carbon.;;Villa de Gijón;;;g.;1876_02_16;idem;;
;;N/A: ;;;Aleman;p.;;;;;De Cárdenas g. Panchita, p. Aleman: 100 s. azucar.;;Panchita;;;g.;1876_02_16;Cárdenas;;
;;N/A:  | N/A: ;;;Juan;p.;;;;;De idem g. Nueva Rosita, p. Juan: 349 c. y 77 bocoyes azucar.;;Nueva Rosita;;;g.;1876_02_16;idem;;
;;N/A: ;;;Dardet;pat.;;;;;De idem gol. Rosita, pat. Dardet: 610 cajas de azúcar.;;Rosita;;;gol.;1876_02_16;idem;;
;;N/A: ;;;Forrer;p.;;;;;De Puerto Escondido g. Puerto Escondido, p. Forrer: 144 bocoyes azúcar.;;Puerto Escondido;;;g.;1876_02_16;Puerto Escondido;;
Día 01:;;N/A: ;;;Niebla;p.;;;;;De Caba y g. L. la Marina, p. Niebla: 96 bocoyes azúcar.;;L. la Marina;;;g.;1876_02_16;Caba;;
Día null:;;N/A: ;;;Sierra;p.;;;;;De Santa María g. Amable Rosita, p. Sierra: 800 s. carbon.;;Amable Rosita;;;g.;1876_02_16;Santa María;;
;;N/A: ;;;Fernando;p.;;;;;De Maníman g. Estrela, p. Fernando: 60 bocoyes azúcar.;;Estrela;;;g.;1876_02_16;Maníman;;
;;N/A:  | N/A: ;;;Ruiz;p.;;;;;De la Mulata g. Leonor, p. Ruiz: 141 pacas algodon y 217 duelas.;;Leonor;;;g.;1876_02_16;Mulata;;
;;N/A:  | N/A:  | N/A: ;;;Gindes;p.;;;;;De idem g. María Teresa, p. Gindes: 67 pacas algodon, 8 volas y 8 pedazos de cabo.;;María Teresa;;;g.;1876_02_16;idem;;
;;N/A: ;;;Escandill;p.;;;;;De B. H. Honda g. Eloisa, p. Escandill: 314 o. azúcar.;;Eloisa;;;g.;1876_02_16;B. H. Honda;;
;;N/A:  | N/A:  | N/A: ;;;Lopez;p.;;;;;De Cañón g. Caballo Marino, p. Lopez: 378 o. y 56 boc. azucar y 11 pipas aguardiente.;;Caballo Marino;;;g.;1876_02_16;Cañón;;
;;N/A: ;;;Visquerra;p.;;;;;De idem g. Pagnita, p. Visquerra: 545 o. azucar.;;Pagnita;;;g.;1876_02_16;idem;;
Día null:;;N/A:  | N/A: ;;;Denolfo;pat.;;;;;De Cabanas g. Ntra. Sra. del Cármon, pat. Denolfo: 251 o. y 239 s. azúcar;;Ntra. Sra. del Cármon;;;g.;1876_02_17;Cabanas;;
;;N/A:  | N/A: ;;;Perez;p.;;;;;De Hincalj g. Justica, p. Perez: 163 o. azúcar 37 clar- terolas mial de purga.;;Justica;;;g.;1876_02_17;Hincalj;;
;;N/A:  | N/A:  | N/A:  | N/A: ;;;Roldan;cap.;;;;;De Cárdenas vap. Alava, cap. Roldan: 500 o. azúcar. 1 corrano. 2 caballos y efectos.;;Alava;;;vap.;1876_02_17;Cárdenas;;
Día null:;;N/A:  | N/A:  | N/A:  | N/A:  | N/A:  | N/A:  | N/A: ;;;Marésca;pat.;;;;;De Cuba berg. María Isabel, pat. Marésca: 50 pipas vino blanco, 140 bles. Idem tinto. 100 rollos plomo, 300 o. perdigones, 251 bles. minio, 1600 barras de plomo y efectos.;;María Isabel;;;berg.;1876_02_17;Cuba;;
;;;;;Rom;cap.;;;;;De Nuevitas var. Clara, cap. Rom: en lastre.;;Clara;;;var.;1876_02_17;Nuevitas;;
;;N/A:  | N/A:  | N/A: ;;;Recamán;cap.;;;;;De Cabarinen y Sagua vap. Manuel Torrente, capitan Recamán: 110 rascas, 5 caballos y 1 mulo.;;Manuel Torrente;;;vap.;1876_02_17;Cabarinen y Sagua;;
;;N/A:  | N/A:  | N/A:  | N/A:  | N/A:  | N/A:  | N/A: ;;;Simc;p.;;;;;De Saguas g. Correo de Canasi, p. Simc: 1000 docenas sogas majagna, 60 tercerolas miel abojas, 30 binitos equipaje, 0 bneyes, 2 yegunas, 1 vaca y 5 foctos.;;Correo de Canasi;;;g.;1876_02_19;Saguas;;
;;N/A:  | N/A: ;;;Maclp;p.;;;;;De Santa Cruz g. Nuevo Hilario, p. Maclp: 233 s. y 84 o. azúcar.;;Nuevo Hilario;;;g.;1876_02_19;Santa Cruz;;
;;N/A: ;;;Bont;p.;;;;;De Sierra Morena g. Gortrudie, p. Bont: 880 s. azúcar.;;Gortrudie;;;g.;1876_02_19;Sierra Morena;;
;;N/A:  | N/A: ;;;Farina;p.;;;;;De Cárdenas g. Anita, p. Farina: 100 c. y 28 bocoyes azúcar.;;Anita;;;g.;1876_02_19;Cárdenas;;
;;N/A: ;;;Cobas;p.;;;;;De Biraoca g. Bonfacia, p. Cobas: 74 bocoyes azúcar.;;Bonfacia;;;g.;1876_02_19;Biraoca;;
;;N/A:  | N/A: ;;;Villalorga;p.;;;;;De idem g. J. Gortrudia, p. Villalorga: 430 o. y 19 bocoyes azúcar.;;J. Gortrudia;;;g.;1876_02_19;idem;;
;;N/A:  | N/A: ;;;Bosch;p.;;;;;De Sierra Morena g. Union, p. Bosch: 760 s. y 400 o. azúcar y 12 pipas aguardiente.;;Union;;;g.;1876_02_19;Sierra Morena;;
;;N/A:  | N/A: ;;;Nufex;p.;;;;;De Cárdenas g. Ntra. Sra del Cármen, p. Nufex: 460 o. y 100 s. azúcar.;;Ntra. Sra del Cármen;;;g.;1876_02_19;Cárdenas;;
;;N/A:  | N/A:  | N/A: ;;;Badaró;p.;;;;;De idem g. Victoria, p. Badaró: 700 s., 133 o. y 23 boc. azúcar.;;Victoria;;;g.;1876_02_19;idem;;
;;N/A: ;;;Nufex;p.;;;;;De Barcoa bote Cecilia Manuela, p. Nufex: 50 quart. miel de purga.;;Cecilia Manuela;;;bote;1876_02_19;Barcoa;;
;;N/A: ;;;Bosch;p.;;;;;De Cárdenas g. Juanita, p. Bosch: 640 o. azúcar.;;Juanita;;;g.;1876_02_19;Cárdenas;;
;;N/A: ;;;Bernaza;p.;;;;;De Puerto del Padre g. Tres Hermanas, p. Bernaza: 201 bocas. azúcar.;;Tres Hermanas;;;g.;1876_02_20;Puerto del Padre;;
;;N/A: ;;;Gorrin;p.;;;;;De id. g. Franciaca, p. Gorrin: 195 bocas azúcar.;;Franciaca;;;p.;1876_02_20;id. g.;;
;;N/A:  | N/A:  | N/A:  | N/A:  | N/A:  | N/A:  | N/A:  | N/A: ;;;Sevilla;p.;;;;;De Nuevitas g. Segunda Cantinera, p. Sevilla: 512 s. sal, 140 c. jabón, 60 bles. vino, 4 c. cera, 26 terceroelas misde abejas, 30 trozos cedro, 500 caballos leña, muebles y efectos.;;Segunda Cantinera;;;g.;1876_02_20;Nuevitas;;
;;N/A:  | N/A: ;;;Rodríguez;p.;;;;;De Cabalas g. Céfiro, p. Rodríguez: 300 o. y 32 bocoyes id.;;Céfiro;;;g.;1876_02_20;Cabalas;;
;;N/A:  | N/A: ;;;Xnefati;;;;;;De Saguas g. Gorrion. Xnefati: 1,900 s. carbon, un baul ropa.;;Gorrion;;;g.;1876_02_20;Saguas;;
;;N/A: ;;;Padilla;p.;;;;;De Banes bal. Jóvén Gabriel, p. Padilla: 40 cuartero-las miel de purga.;;Jóvén Gabriel;;;bal.;1876_02_20;Banes;;
;;N/A: ;;;Montero;p.;;;;;De Sierra Morena g. Agustina, p. Montero: 800 s. carbon.;;Agustina;;;g.;1876_02_20;Sierra Morena;;
;;N/A:  | N/A: ;;;Arocha;p.;;;;;De Baracoa g. Dolorita, p. Arocha: 60 bocoyes miel de purga, 12 id. azúcar.;;Dolorita;;;g.;1876_02_20;Baracoa;;
;;N/A:  | N/A: ;;;Rojas;p.;;;;;De la Tejag. Castillo, p. Rojas: 800 s. y 100 c. azúcar.;;Castillo;;;p.;1876_02_20;Tejag.;;
;;N/A: ;;;Cabrera;p.;;;;;De la Teja g. San José, p. Cabrera: 85 bocoyes azúcar.;;San José;;;g.;1876_02_20;la Teja;;
Día XX:;;N/A: ;;;Lleret;p.;;;;;De Cardenas g. Araucena, p. Lleret: 416 c. id.;;Araucena;;;g.;1876_02_20;Cardenas;;
;;N/A: ;;;Cabrera;p.;;;;;De id. g. San Francisco, p. Cabrera: 380 o. id.;;San Francisco;;;g.;1876_02_20;id.;;
;;N/A:  | N/A:  | N/A: ;;;Ríob;p.;;;;;De Matánas g. Francisco, p. Ríob: 390 s. 170 c. y 72 bocoyes azúcar y efectos.;;Francisco;;;g.;1876_02_20;Matánas;;
;;N/A:  | N/A: ;;;;;;;;;De id. g. América, p. Cojula: 95 boos. azúcar, 4 idem miel de purga.;;Cojula;;;p.;1876_02_20;id. g.;;
;;N/A: ;;;Ferrer;p.;;;;;De Puerto Escondido g. Puerto Escondido, p. Ferrer: 114 bocos. azúcar.;;Puerto Escondido;;;g.;1876_02_20;Puerto Escondido;;
;;N/A: ;;;Ferrer;p.;;;;;De Sierra Morena g. Elisa, p. Ferrer: 213 bocas. id.;;Elisa;;;g.;1876_02_20;Sierra Morena;;
;;N/A:  | N/A: ;;;Seoane;p.;;;;;De Punta San Juan g. J. Vicenta p. Seoane: 955 sacos carbon y 25 caballos leña.;;J. Vicenta;;;g.;1876_02_22;Punta San Juan;;
;;N/A:  | N/A: ;;;Echavarria;p.;;;;;De Carabas g. Tres Hermanas p. Echavarria: 800 sacos y 20 boys. azúcar.;;Tres Hermanas;;;g.;1876_02_22;Carabas;;
;;N/A:  | N/A: ;;;Cabro;p.;;;;;De Si. ria Morena g. María p. Cabro: 200 o. y 600 s. azúcar.;;María;;;g.;1876_02_22;Si. ria;;
;;N/A: ;;;Ferrer;p.;;;;;De idem g. Elisa p. Ferrer: 213 boyes. azúcar.;;Elisa;;;g.;1876_02_22;idem;;
;;N/A: ;;;Mas;p.;;;;;De la Teja g. Josef a p. Mas: 600 s. carbon.;;Josef;;;g.;1876_02_22;la Teja;;
;;N/A: ;;;Gordil;p.;;;;;De la idem g. Prieta p. Gordil: 600 s. carbon.;;Prieta;;;g.;1876_02_22;idem;;
;;N/A: ;;;Mordi;p.;;;;;De la idem g. Noa p. Mordi: 1000 s. carbon.;;Noa;;;g.;1876_02_22;idem;;
;;N/A: ;;;Orbay;p.;;;;;De la idem g. Pto Nuevitas p. Orbay: 700 s. carbon.;;Pto Nuevitas;;;g.;1876_02_22;idem;;
;;N/A: ;;;Ferreo;p.;;;;;De Río de la Palma g. 25 Luz de Yara p. Ferreo: 109 s. carbon.;;25 Luz de Yara;;;g.;1876_02_22;Río de la Palma;;
;;N/A:  | N/A:  | N/A:  | N/A: ;;;Vazquez;p.;;;;;De Cárdena g. María Josefa p. Vazquez: 500 s, 300 o y 34 boyes. azúcar.;;María Josefa;;;g.;1876_02_22;Cárdena;;
;;N/A:  | N/A: ;;;Jefe;cap.;;;;;De idem vap S. lor cap. Jefe: 86 i c. azúcar y 3 tercios cueros.;;S. lor;;;vap;1876_02_22;idem;;
Día null:;;N/A: ;;;Alemaní;p.;;;;;De idem g. J. Pilar p. Alemaní: 160 boyos, azúcar.;;J. Pilar;;;g.;1876_02_22;idem;;
;;N/A: ;;;Dardos;p.;;;;;De idem g. Rosita p. Dardos: 640 o. azúcar.;;Rosita;;;g.;1876_02_22;idem;;
Día XX:;;N/A:  | N/A:  | N/A: ;;;Ensayat;p.;;;;;De idem g. Tras Tóreas p. Ensayat: 480 o. y 40 bo- yes. azúcar.;;Tras Tóreas;;;g.;1876_02_22;idem;;
Día 16:;;N/A:  | N/A:  | N/A: ;;;Pero;p.;;;;;De idem g. Tres Maías p. Pero: 16: 360 o. azúcar, 63 pl. pas aguardiente y muebles.;;Tres Maías;;;g.;1876_02_22;idem;;
;;N/A:  | N/A:  | N/A: ;;;Orts;p.;;;;;De idem g. Flor de Cárdenas p. Orts: 50000 arco, 200 corte de caj y 4 fardos carnaiza.;;Flor de Cárdenas;;;g.;1876_02_22;idem;;
Día null:;;N/A:  | N/A:  | N/A: ;;;Poroz;p.;;;;;De Metauras g. Amalla p. Poroz: 240 s., 362 o. y 40 bo- coyes azúcar y efectos.;;Amalla;;;g.;1876_02_22;Metauras;;
;;N/A:  | N/A: ;;;Alemaní;p.;;;;;De idem g. Elvira p. Alemaní: 290 c., 190 s. y 36 boc- coyes azúcar y efectos.;;Elvira;;;g.;1876_02_22;idem;;
;;N/A:  | N/A: ;;;Lopez;p.;;;;;De Cabanas g. Caballo Marino p. Lopez: 535 c. azúcar y 4 pipas aguardiente.;;Caballo Marino;;;g.;1876_02_22;Cabanas;;
;;N/A: ;;;Denlofco;p.;;;;;De idem g. N. X. del Cármen p. Denlofco: 212 o. y 266 sacos azúcar.;;N. X.;;;g.;1876_02_22;idem;;
;;N/A: ;;;Lopez;p.;;;;;De la Dominic g. Dominico p. Lopez: 266 cajas. azúcar.;;Dominico;;;g.;1876_02_22;la Dominic;;
;;N/A:  | N/A: ;;;Gil;p.;;;;;De Bales g. Nuova Corcha p. Gil: 160 o. azúcar, 60 cu. chocolate miedo de purga.;;Nuova Corcha;;;g.;1876_02_22;Bales;;
;;N/A: ;;;Gil;p.;;;;;De Baracca bote San Antonio p. Gil: 200 s. azúcar.;;San Antonio;;;bote;1876_02_22;Baracca;;
;;N/A: ;;;Grandal;p.;;;;;De Jaluena: bote Prosperidad p. Grandal: 160 o la drilla.;;Prosperidad;;;bote;1876_02_22;Jaluena;;
;;N/A: ;;;Nuñez;p.;;;;;De Baracca bote Cecilia Manuela, p. Nuñez: 53 cuart. miel de purga.;;Cecilia Manuela;;;bote;1876_02_22;Baracca;;
;;N/A: ;;;Covas;p.;;;;;De idem g. Bonifacia p. Covas-74 bocoyes macabado.;;Bonifacia;;;g.;1876_02_22;idem;;
;;N/A:  | N/A:  | N/A: ;;;Valant;p.;;;;;De Cárdenas g. María del Cármen p. Valant: 500 sacos 250 o. y 50 boyes. azúcar.;;María del Cármen;;;g.;1876_02_22;Cárdenas;;
;;N/A:  | N/A: ;;;Visquera;p.;;;;;De Cabanas g. Paquita p. Visquera: 490 c. y 195 sacos azúcar.;;Paquita;;;g.;1876_02_22;Cabanas;;
;;N/A: ;;;Carrasco;p.;;;;;De Baracca bote Número Dos p. Carrasco: 300 sacos azúcar.;;Número Dos;;;bote;1876_02_22;Baracca;;
;;N/A:  | N/A: ;;;Villalonga;p.;;;;;De idem g. J. Gertrudia, p. Villalonga: 122 broyes azúcar y 30 cuart. miel de purga.;;J. Gertrudia;;;g.;1876_02_22;idem;;
;;N/A:  | N/A: ;;;Alomay;p.;;;;;De Jarneco g. Adelaida p. Alomay: 200 caballos leña y 48 s. carbon.;;Adelaida;;;g.;1876_02_22;Jarneco;;
Día null:;;N/A: ;;;Roca;pat.;;;;;De la Toja gol. San José, patron Roca: 600 sacos carbon.;;San José;;;gol.;1876_02_23;la Toja;;
;;N/A:  | N/A:  | N/A: ;;;Ferragut;p.;;;;;De Cárdenas g. Almansa p. Ferragut: 1000 s. sal, 132 c. s. acar y efectos.;;Almansa;;;g.;1876_02_23;Cárdenas;;
Día XX:;;N/A:  | N/A: ;;;Caebas;pat.;;;;;De Idem gol. Cello pat. Caebas: 400 c y 400 sacos azúcar.;;Cello;;;gol.;1876_02_23;Idem;;
Día XX:;;N/A: ;;;Niebla;p.;;;;;De Canasi gol. Loba Marina, p. Niebla: 109 bocoyes azúcar.;;Loba Marina;;;gol.;1876_02_23;Canasi;;
;;N/A: ;;;Blazos;p.;;;;;De Margajitas g. Cinco Heimanor, p. Blazos: 600 atra ve años.;;Cinco Heimanor;;;g.;1876_02_23;Margajitas;;
;;N/A: ;;;Alemany;pat.;;;;;De la Mula ta gol. María pat. Alemany: 800 sacos carbon.;;María;;;ta;1876_02_23;Mula;;
;;N/A: ;;;Fernandez;p.;;;;;De Mavinan g. Nueva Estroila, p. Fernandez: 60 cuarteras miel de purga:;;Nueva Estroila;;;g.;1876_02_23;Mavinan;;
Día null:;;N/A: ;;;Reselló;pat.;;;;;De Cabanas gol. Esmeralda pat. Reselló: 570 c. azúcar.;;Esmeralda;;;gol.;1876_02_23;Cabanas;;
;;N/A: ;;;Palmer;pat.;;;;;De Idem g. J. Magdalena, pat. Palmer: 810 c. azúcar.;;J. Magdalena;;;g.;1876_02_23;Idem;;
Día null:;;N/A:  | N/A:  | N/A: ;;;Arocha;p.;;;;;De Baracon g. Dolorita p. Arocha: 58 bocas, azúcar, 18 pp. aguardiente.;;Dolorita;;;g.;1876_02_23;Baracon;;
;;N/A:  | N/A: ;;;Perez;p.;;;;;De Hinojal g. Justica, p. Perez, 217 c, azúcar, 10 cucharadas mil do do purga.;;Justica;;;g.;1876_02_25;Hinojal;;
;;N/A:  | N/A:  | N/A: ;;;Iclán;p.;;;;;De Cabanas g. Josefa, p. Iclán, 133 c, 163 beys y 60 s. szúcar.;;Josefa;;;g.;1876_02_25;Cabanas;;
;;N/A:  | N/A:  | N/A: ;;;Jofro-315;cap.;;;;;De Cardanas v.p. Solar cap. Jofro-315 o azúcar, 30 plpas aguardiente y efectos.;;Solar;;;v.p.;1876_02_26;Cardanas;;
;;N/A:  | N/A:  | N/A:  | N/A: ;;;;;;;;;De Xuevitas g. Padrino, O B-cans-1 ajer de caña usado, 60 bococes ropa hocha, 40 cajas jajon, 27 bles vinoso.;;Padrino;;;g.;1876_02_26;Xuevitas;;
Día 01:;;N/A:  | N/A: ;;;Paula;p.;;;;;De Sierra Morona g. Sofia, p. Paula: 200 c. y 50 bocoyes azúcar.;;Sofia;;;g.;1876_03_01;Sierra Morona;;
;;N/A:  | N/A: ;;;Bosch;p.;;;;;De id. g. Union, p. Bosch: 612 s. 134 bocoyes y 25 o. azúcar.;;Union;;;p.;1876_03_01;id. g.;;
;;N/A:  | N/A: ;;;Bosch;;;;;;De id. g. Gertrudia, p. Bosch: 750 s. azúcar, 35 pipas agdte.;;Gertrudia;;;p.;1876_03_01;id. g.;;
;;N/A:  | N/A:  | N/A: ;;;Rojas;p.;;;;;De la Toja g. Castilla, p. Rojas: 352 c. y 350 s. azúcar, 6 pipas agdte.;;Castilla;;;g.;1876_03_01;la Toja;;
;;N/A:  | N/A:  | N/A: ;;;Cabrera;p.;;;;;De id. g. San Joa, p. Cabrera: 350 s. y 95 bocoyes azúcar, 6 pipas agdte.;;San Joa;;;p.;1876_03_01;id. g.;;
;;N/A: ;;;;;;;;;De id. g. Providencia, p. Tur: 450 a. travesafics;;Providencia;;;p.;1876_03_01;id. g.;;
;;N/A:  | N/A: ;;;Juan;p.;;;;;De id. g. Nueva Roita, p. Juan: 400 c. y 400 s. azúcar.;;Nueva Roita;;;p.;1876_03_01;id. g.;;
;;N/A:  | N/A: ;;;Farlina;pat.;;;;;De id. g. Antla, p. Farlina: 700 s. y 400 o. azúcar.;;Antla;;;p.;1876_03_01;id. g.;;
;;N/A:  | N/A: ;;;;p.;;;;;De id. g. Panchita, p. Aleman: 400 o. azúcar y efectos.;Aleman;Panchita;;;p.;1876_03_01;id. g.;;
Día 01:;;N/A:  | N/A: ;;;Nuñez;p.;;;;;De id. g. Nuestra Señora del Carmen, p. Nuñez: 400 c. y 500 s. azúcar.;;Nuestra Señora del Carmen;;;g.;1876_03_01;id.;;
;;N/A:  | N/A:  | N/A: ;;;Enseñat;;;;;;De id. g. Tres Terasas, p. Enseñat: 350 c. y 50 bocoyes azúcar, 200 varas madera.;;Tres Terasas;;;p.;1876_03_01;id. g.;;
;;N/A:  | N/A: ;;;;;;;;;De id. g. María del Carmen, p. Valent: 400 o. y 500 s. azúcar.;;María del Carmen;;;p.;1876_03_01;id. g.;;
;;N/A: ;;;Beach;p.;;;;;De id. g. Juanita, p. Beach: 600 o. azúcar.;;Juanita;;;g.;1876_03_01;id.;;
;;N/A:  | N/A: ;;;Cuebas;p.;;;;;De id. g. Cilio, p. Cuebas: 600 o. azúcar, 6 palos jícaro.;;Cilio;;;p.;1876_03_01;id. g.;;
;;N/A:  | N/A: ;;;Pojol;;;;;;De id. g. Inga, p. Pojol: 210 o. y 300 s. azúcar.;;Inga;;;p.;1876_03_01;id. g.;;
;;N/A:  | N/A:  | N/A: ;;;Lloret;pat.;;;;;De id. g. Araucana, p. Lloret: 206 o. y 52 bocoyes azúcar, 33 toscios tabaco.;;Araucana;;;p.;1876_03_01;id. g.;;
;;N/A: ;;;Vazquer;p.;;;;;De id. g. María Josefa, p. Vazquer: 630 o. azúcar.;;María Josefa;;;p.;1876_03_01;id. g.;;
;;N/A:  | N/A: ;;;Herrera;p.;;;;;De id. g. Merocita, p. Herrera: 500 o. azúcar, 100 paquetes tablillas.;;Merocita;;;p.;1876_03_01;id. g.;;
;;N/A:  | N/A:  | N/A: ;;;Calasell;p.;;;;;De Matanzas g. Ignacita, p. Calasell: 192 c. 190 s. y 48 bocoyes azúcar y efectos.;;Ignacita;;;g.;1876_03_01;Matanzas;;
;;N/A:  | N/A:  | N/A:  | N/A: ;;;Carbonell;p.;;;;;De id. g. María, p. Carbonell: 511 s. 342 o. y 28 bocoyes azúcar, 40 pipas agdte. y efectos.;;María;;;p.;1876_03_01;id. g.;;
;;N/A:  | N/A: ;;;Colomar;p.;;;;;De Canasi g. Sabas, p. Colomar: 318 o. azúcar, 6 pipas agdte 6 onterolcas miel de abejas.;;Sabas;;;g.;1876_03_01;Canasi;;
Día null:;;N/A:  | N/A: ;;;Niebla;p.;;;;;De Canasi g. Lola Marins, p. Niebla: 835 o. azúcar, 12 pipas agdte.;;Lola Marins;;;g.;1876_03_01;Canasi;;
;;N/A: ;;;Torres;p.;;;;;De Margajitas g. Anita, p. Torres: 360 atravesafics.;;Anita;;;g.;1876_03_01;Margajitas;;
;;N/A:  | N/A: ;;;Doulfo;p.;;;;;De Cabafas g. Nuestra Señora del Carmen, p. Doulfo: 313 s. y 203 o. azúcar.;;Nuestra Señora del Carmen;;;g.;1876_03_01;Cabafas;;
;;N/A:  | N/A: ;;;Blanco;p.;;;;;De id. g. Isabellita, p. Blanco: 216 varas madera, 50 cañabolas leña.;;Isabellita;;;g.;1876_03_01;id.;;
;;N/A: ;;;Lopez;p.;;;;;De la Dominica g. Dominica, p. Lopez: 230 o. azúcar.;;Dominica;;;g.;1876_03_01;Dominica;;
;;N/A:  | N/A: ;;;Covas;p.;;;;;De Baracon g. Bonifacia, p. Covas: 67 bocoyes azúcar, 19 pipas agdte.;;Bonifacia;;;g.;1876_03_01;Baracon;;
;;N/A: ;;;Nuñez;p.;;;;;De id. bote Cecilia Manuela, p. Nuñez: 50 quaterolas miel de purga.;;Cecilia Manuela;;;bote;1876_03_01;id.;;
;;N/A: ;;;Rojas;p.;;;;;De id. bal. San José, p. Rojas: 400 s. cal.;;San José;;;bal.;1876_03_01;id.;;
;;N/A:  | N/A: ;;;Nogueras;p.;;;;;De Cárdenas g. Agüla de Oro, p. Nogueras: 900 s. azúcar, 8 fardos anela.;;Agüla de Oro;;;g.;1876_03_01;Cárdenas;;
;;N/A:  | N/A:  | N/A: ;;;;;;;;;De id. g. Victoria, p. Badaró: 300 c. 300 s. y 30 bocoyes azúcar.;;Victoria;;;p.;1876_03_01;id. g.;;
;;N/A: ;;;Carrasco;p.;;;;;De Jaimanitas bote Número Dos, p. Carrasco: 10,000 ladrillos.;;Número Dos;;;bote;1876_03_01;Jaimanitas;;
;;N/A: ;;;Tasso;p.;;;;;De Jaruco bal. Covadonga, p. Tasso: 40 caballos leña.;;Covadonga;;;bal.;1876_03_01;Jaruco;;
Día null:;;N/A:  | N/A: ;;;Mencia;p.;;;;;De id. bal. F. Saes, p. Mencia: 32 o. azúcar, 18 onterolcas de purga.;;F. Saes;;;bal.;1876_03_01;id.;;
;;N/A:  | N/A: ;;;Lopoz;p.;;;;;De Cabafas g. Caballo Marino, p. Lopoz: 450 o. y 24 bocoyes azúcar, 29 pipas agdte.;;Caballo Marino;;;g.;1876_03_01;Cabafas;;
;;N/A: ;;;Vlasquerra;;;;;;De id. g. Paquita, p. Vlasquerra: 545 o. azúcar.;;Paquita;;;p.;1876_03_01;id. g.;;
Día XX:;;N/A:  | N/A:  | N/A:  | N/A:  | N/A:  | N/A: ;;;Bidaduguen;cap.;;;;;De Cuba y escalas vap. Cuba, cap. Bidaduguen: 278 s. oca, 30 tercios anela, 83 bultos ropa, 32 id. muebles, 150 tercios tabaco y efectos.;;Cuba;;;vap.;1876_03_01;Cuba;;
;;N/A:  | N/A:  | N/A: ;;;Roca;p.;;;;;De Sierra Morena g. Blanc, p. Roca: 176 o. 690 s. y 80 bocoyes azúcar.;;Blanc;;;g.;1876_03_01;Sierra Morena;;
;;N/A:  | N/A:  | N/A: ;;;Roca;pat.;;;;;De id. g. General Enna, p. Roca: 600 s. 200 o. y 44 bocoyes azúcar.;;General Enna;;;p.;1876_03_01;id. g.;;
;;N/A:  | N/A:  | N/A: ;;;Olivera;pat.;;;;;De Caibarían gol. Telosita, pat. Olivera, 153 tercios tabaco, 21 tercios de miel de abejas, 200 sacos maíz y efectos.;;Telosita;;;gol.;1876_03_02;Caibarían;;
;;N/A: ;;;Mandílego;pat.;;;;;De Caibarían gel. Joaquina pat. Mandílego, 160 caballos leña.;;Joaquina;;;gel.;1876_03_02;Caibarían;;
;;N/A:  | N/A:  | N/A: ;;;Ventura;pat.;;;;;De Saguán gol. Primera Ignacia, pat. Ventura, 10 pa- lo jácaro, 500 toneladas coga, 10 sacos cáscara mangle.;;Primera Ignacia;;;gol.;1876_03_02;Saguán;;
;;N/A:  | N/A: ;;;Aleman;pat.;;;;;De Sierra Morraa gol. Matilde, pat. Aleman, 301 c. azúcar y 300 sacos carbón.;;Matilde;;;gol.;1876_03_02;Sierra Morraa;;
;;N/A: ;;;Navarro;pat.;;;;;De Teja gol. Dorotea, pat. Navarro, 639 s. azúcar.;;Dorotea;;;gol.;1876_03_02;Teja;;
;;N/A: ;;;Anglada;pat.;;;;;De Teja gol. Gallego, pat. Anglada, 800 s. carbon.;;Gallego;;;gol.;1876_03_02;Teja;;
;;N/A: ;;;Pontrodona;pat.;;;;;De Tija gol. Margarita, pat. Pontrodona, 600 s. carbon.;;Margarita;;;gol.;1876_03_02;Tija;;
;;N/A: ;;;Torres;pat.;;;;;De Matanzas gol. Inés, pat. Torres, 127 sacos cáscara mangle.;;Inés;;;gol.;1876_03_02;Matanzas;;
;;N/A: ;;;Perera;pat.;;;;;De Ortigosa gol. Bahía Honda, pat. Perera, 610 cajas azúcar.;;Bahía Honda;;;gol.;1876_03_02;Ortigosa;;
;;N/A:  | N/A: ;;;Garín;pat.;;;;;De Bahía Honda gol. Franciela, pat. Garín, 607 c azúcar, 1 equipo.;;Franciela;;;gol.;1876_03_02;Bahía Honda;;
;;N/A:  | N/A: ;;;Rodríguez;pat.;;;;;De Cabañas gol. Céfiro, pat. Rodríguez, 300 c. azúcar, 23 pipas aguardiente.;;Céfiro;;;gol.;1876_03_02;Cabañas;;
;;N/A:  | N/A:  | N/A: ;;;Inclán;pat.;;;;;De Cabañas gol. Jesefa, pat. Inclán, 664 s., 61 o. y 24 boces azúcar.;;Jesefa;;;gol.;1876_03_02;Cabañas;;
;;N/A: ;;;Padilla;pat.;;;;;De Banes bdro. Jóven Gabriel, pat. Padilla, 8000 landri.;;Jóven Gabriel;;;bdro.;1876_03_02;Banes;;
;;N/A: ;;;Archea;pat.;;;;;De Haraos gol. Dolorita, pat. Archea, 79 bococes azúcar.;;Dolorita;;;gol.;1876_03_02;Haraos;;
;;N/A:  | N/A: ;;;López;pat.;;;;;De Maximán gol. Dominica, pat. López, 65 cuarteros- las miel de purga, 1 equipo.;;Dominica;;;gol.;1876_03_02;Maximán;;
;;N/A:  | N/A: ;;;Archea;pat.;;;;;De Cabañas gol. Conchita, pat. Archea, 499 s. y 97 o. azúcar.;;Conchita;;;gol.;1876_03_02;Cabañas;;
;;N/A:  | N/A:  | N/A: ;;;Miralles;pat.;;;;;De Caibarían gol. Popilla Alvarés, pat. Miralles, 185 tercios tabaco, 50 sacos cáscara mangle, 200 palos para telégrafo.;;Popilla Alvarés;;;gol.;1876_03_02;Caibarían;;
;;N/A:  | N/A:  | N/A: ;;;Portilla;pat.;;;;;De Caibarían gol. Voloz, pat. Portilla, 290 paquetes tablita, 66 caballos leña, 421 ar. cáscara mangle.;;Voloz;;;gol.;1876_03_02;Caibarían;;
;;N/A:  | N/A: ;;;Valdó;pat.;;;;;S. Moreno gol. Natalla, pat. Valdó, 1800 radios de carreta, 48 piezas maderas.;;Natalla;;;gol.;1876_03_02;Moreno;;
;;N/A: ;;;Montell;pat.;;;;;De Teja gol. Manuela, pat. Montell, 800 s. carbon.;;Manuela;;;gol.;1876_03_02;Teja;;
;;N/A: ;;;Capó;pat.;;;;;De T. ja gol. Catalina, pat. Capó, 630 a travésanos.;;Catalina;;;gol.;1876_03_02;T. ja;;
;;N/A:  | N/A:  | N/A:  | N/A: ;;;Pollicer;pat.;;;;;De Matanzas gol. Emilio, pat. Pollicer, 552 o., 120 s. y 24 boces azúcar y efectos.;;Emilio;;;gol.;1876_03_02;Matanzas;;
;;N/A:  | N/A:  | N/A: ;;;Macip;pat.;;;;;De Santos Cruz gol. Rosa María, pat. Macip, 899 o., 120 s. azúcar. 13 s. carbon.;;Rosa María;;;gol.;1876_03_02;Santos Cruz;;
;;N/A:  | N/A: ;;;Planells;pat.;;;;;De B. jas gol. Salvo Virgen María, pat. Planells, 400 993. cáscara mangle, 70 tercios tabaco.;;Salvo Virgen María;;;gol.;1876_03_02;B. jas;;
;;N/A:  | N/A: ;;;Suazo;pat.;;;;;De Mulata gol. Especulación, pat. Suazo, 300 qq. cáscara mangle, 210 s. carbon.;;Especulación;;;gol.;1876_03_02;Mulata;;
;;N/A:  | N/A: ;;;Escandell;pat.;;;;;De Bahía Honda gol. Elvira, pat. Escandell, 258 o. azúcar, 31 boces miel de purga.;;Elvira;;;gol.;1876_03_02;Bahía Honda;;
;;N/A:  | N/A: ;;;Santos;p.;;;;;De Mariel gol. Quiltinga, p. Santos, 269 c. azúcar, 50 pipas aguardiente.;;Quiltinga;;;gol.;1876_03_02;Mariel;;
;;N/A:  | N/A: ;;;Gill;pat.;;;;;De Banes gol. Nuova Concha, pat. Gill, 200 c. y 30 boces azúcar.;;Nuova Concha;;;gol.;1876_03_02;Banes;;
;;N/A:  | N/A:  | N/A: ;;;Ruiz;pat.;;;;;De Malata gol. Leonor, pat. Ruiz, 116 pacas algodon, 100 s. carbon, 4 caballos leña.;;Leonor;;;gol.;1876_03_02;Malata;;
;;N/A: ;;;Toro;pat.;;;;;De Vaguas gol. Casilda 6 Isabel, pat. Toro, 500 s. car- bon.;;Casilda 6;;;gol.;1876_03_02;Vaguas;;
;;N/A: ;;;Nuñez;pat.;;;;;De Baracoa bote Cecilia Mano'a, pat. Nuñez, 50 cuarteros miel de purga.;;Cecilia Mano'a;;;bote;1876_03_02;Baracoa;;
;;N/A:  | N/A: ;;;Santo Domingo;p.;;;;;De Carahatus g. Teresa, p. Santo Domingo, 200 s. y 100 boys azúcar.;;Teresa;;;g.;1876_03_03;Carahatus;;
;;N/A: ;;;Ríler;p.;;;;;De la Teja g. Villa de Gijón, p. Ríler, 800 s. carbon.;;Villa de Gijón;;;g.;1876_03_03;Teja;;
;;N/A: ;;;Fernandez;p.;;;;;De idem g. Ntra. Sta. del Carmen, p. Fernandez, 800 s. carbon.;;Ntra. Sta. del Carmen;;;g.;1876_03_03;idem;;
;;N/A:  | N/A: ;;;Jofce;cap.;;;;;De Cárdenas vep. Soler, cap. Jofce, 603 c. azúcar y efectos.;;Soler;;;vep.;1876_03_03;Cárdenas;;
;;N/A:  | N/A: ;;;Pujol;p.;;;;;De Jaruco g. Golondrina, p. Pujol, 100 c. azúcar, 46 quaterolas miel de purga.;;Golondrina;;;g.;1876_03_03;Jaruco;;
;;N/A: ;;;Vianquil;p.;;;;;De Sta. María g. 22 Gertrudis, p. Vianquil, 800 s. carbon.;;Gertrudis;;;g.;1876_03_03;Sta. María;;
;;N/A: ;;;Fernandez;p.;;;;;De Maníman g. Nueva Estrella, p. Fernandez, 61 boys azúcar.;;Nueva Estrella;;;g.;1876_03_03;Maníman;;
;;N/A: ;;;Pelaez;p.;;;;;De Morrillo g. Fáriz, p. Pelaez, 56 boys. azúcar.;;Fáriz;;;g.;1876_03_03;Morrillo;;
;;N/A:  | N/A: ;;;Llauger;p.;;;;;De B. Honda g. Manuela, p. Llauger, 330 c. y 16 boys. azúcar y efectos.;;Manuela;;;g.;1876_03_03;B. Honda;;
;;N/A: ;;;Grandal;p.;;;;;De Jaimanitas botá Prosperidad, p. Grandal, 10000 la-drillos.;;Prosperidad;;;botá;1876_03_03;Jaimanitas;;
;;N/A:  | N/A:  | N/A:  | N/A: ;;;Rivas;p.;;;;;De Nuevito gol. Dichosa, p. Rivas: 300 s. carbon, 400 caballos leña, muñoles y efectos.;;Dichosa;;;gol.;1876_03_04;Nuevito;;
;;N/A:  | N/A: ;;;Castro;p.;;;;;De Sagna gol. Trafalgar, p. Castro: 1400 s. carbon y 400 teniendo suya.;;Trafalgar;;;gol.;1876_03_04;Sagna;;
;;N/A: ;;;Villalonga;p.;;;;;De Sierra Morente gol. Torresita, p. Villalonga: 900 sacos carton.;;Torresita;;;gol.;1876_03_04;Sierra Morente;;
;;N/A: ;;;Gispert;p.;;;;;De Teja gol. J. Carlot, p. Gispert: 1000 sacos carbon.;;J. Carlot;;;gol.;1876_03_04;Teja;;
;;N/A: ;;;Otero;p.;;;;;De idem gol. Júcaro, p. Otero: 800 sacos de carbon.;;Júcaro;;;gol.;1876_03_04;idem;;
;;N/A: ;;;Martínez;p.;;;;;De idem gol. San Francisco, p. Martínez: 600 sacos de carbon.;;San Francisco;;;gol.;1876_03_04;idem;;
;;N/A: ;;;Dardet;p.;;;;;De Cárdenas gol. Rosita, p. Dardet: 40 caja de azúcar.;;Rosita;;;gol.;1876_03_04;Cárdenas;;
;;N/A:  | N/A:  | N/A: ;;;Valent;p.;;;;;De idem gol. María del Carmen, p. Valent: 600 s., 200 cajas y 33 bocas azúcar.;;María del Carmen;;;gol.;1876_03_04;idem;;
Día null:;;N/A:  | N/A:  | N/A:  | N/A:  | N/A: ;;;Bayona;p.;;;;;De Clenfuegos gol. San Nicolás, p. Bayona: 107 pp. y 5014 vino, 2.3 cajas jabón, 191 piezas de madera y efectos.;;San Nicolás;;;gol.;1876_03_04;Clenfuegos;;
;;N/A:  | N/A:  | N/A: ;;;Torres;p.;;;;;De Arroyos gol. Trinidad, p. Torres: 450 s. lana, 176 torcidos tabacos y efectos.;;Trinidad;;;gol.;1876_03_04;Arroyos;;
Día null:;;N/A:  | N/A: ;;;Lladó;p.;;;;;De Malas Aguas gol. Carmita, p. Lladó: 300 c. azúcar y 30 pp. agudo.;;Carmita;;;gol.;1876_03_04;Malas Aguas;;
;;N/A:  | N/A: ;;;Roselló;p.;;;;;De Cabanas gol. Esmeralda, p. Roselló: 130 bcs azúcar y 23 pp. agudo.;;Esmeralda;;;gol.;1876_03_04;Cabanas;;
;;N/A: ;;;Padilla;p.;;;;;De Banes balandro J. Gabriel, p. Padilla: 8000 ladriillos.;;J. Gabriel;;;balandro;1876_03_04;Banes;;
;;N/A: ;;;Rojas;;;;;;De Baracos bdro. Sun José, Rojas: 400 sacas de carbon.;;Sun José;;;bdro.;1876_03_04;Baracos;;
Día Llora:;;N/A:  | N/A: ;;;Llora;p.;;;;;De Pro. Escondido gol. Pto. Escondido, p. Llora: 112 bocs. y 43 c. azúcar.;;Pto. Escondido;;;gol.;1876_03_04;Pro. Escondido;;
;;N/A:  | N/A: ;;;EneoEat;pat.;;;;;Do Cárdenas gol. Tres Torresas, pat. EneoEat, 450 c. y 60 bocuyas rúzter.;;Tres Torresas;;;gol.;1876_03_05;Cárdenas;;
;;N/A:  | N/A:  | N/A:  | N/A:  | N/A: ;;;Rodriguez;p.;;;;;De Cabarion g. Brillanto, p. Rodriguez: 650 caballos leña, 700 dnas. y 2 serones esponjas, 900 arrobas cscara manglo y efectos.;;Brillanto;;;g.;1876_03_07;Cabarion;;
;;N/A:  | N/A:  | N/A: ;;;Palmer;p.;;;;;De Fagua g. Paquito do Sagna, p. Palmer: 600 dnas. soga, 43 torcorolas mied do abejas y efectos.;;Paquito;;;g.;1876_03_07;Fagua;;
;;N/A:  | N/A: ;;;Cabrera;p.;;;;;De la Teja g. San José, p. Cabrera: 220 s. y 50 bocoyes azúcar.;;San José;;;g.;1876_03_07;la Teja;;
;;N/A: ;;;Sanchez;p.;;;;;De id. g. Segunda Amistad, p. Sanchez: 400 atravesas.;;Segunda Amistad;;;p.;1876_03_07;id. g.;;
Día null:;;N/A:  | N/A: ;;;Jofré;cap.;;;;;De Cárdenas vap. Soler, cap. Jofré: 315 c. azúcar, 23 pipas egdte. efectos.;;Soler;;;vap.;1876_03_07;Cárdenas;;
;;N/A:  | N/A: ;;;Robió;p.;;;;;De Matanzas g. Francisco, p. Robió: 600 s. y 3:2 o. azúcar y efectos.;;Francisco;;;g.;1876_03_07;Matanzas;;
;;N/A:  | N/A: ;;;Maclp;p.;;;;;De Santa Cruz g. Rosa María, p. Maclp: 155 s. y 70 bocoyes azúcar.;;Rosa María;;;g.;1876_03_07;Santa Cruz;;
;;N/A: ;;;Febrer;p.;;;;;De Santa María g. Francisco Gener, p. Febrer: 1,000 s. carbon.;;Francisco Gener;;;g.;1876_03_07;Santa María;;
;;N/A:  | N/A:  | N/A:  | N/A:  | N/A: ;;;Rom;cap.;;;;;De Cuba y oscalas vapor Clara, cap. Rom, 89 terclos tabaco, 43 bocoyes azúcar, 78 idem miel do purga y efectos.;;Clara;;;vapor;1876_03_08;Cuba;;
;;N/A: ;;;Noble;p.;;;;;De la Teja bdro. María Josefa, p. Noble: 96 palos madera.;;María Josefa;;;bdro.;1876_03_08;la Teja;;
;;N/A:  | N/A:  | N/A: ;;;Visquerra;p.;;;;;De Matanzas g. Dos Hermanas, p. Visquerra: 552 s. y 225 c. atúcar, 100 barriles harina y efectos.;;Dos Hermanas;;;g.;1876_03_08;Matanzas;;
;;N/A: ;;;Juan-280;p.;;;;;De Cárdenas gol. Nueva Rosita, p: Juan-280 o. y 133 bocas. azúcar.;;Nueva Rosita;;;gol.;1876_03_09;Cárdenas;;
;;N/A: ;;;Badaró;p.;;;;;De idem gol. Victoria, p: Badaró-540 cajas de azúcar.;;Victoria;;;gol.;1876_03_09;idem;;
;;N/A: ;;;Pavia-130;p.;;;;;De idem gol: General la Mar, p: Pavia-130 o. y 80 bocas. azúcar.;;General la Mar;;;gol:;1876_03_09;idem;;
;;N/A:  | N/A: ;;;Alejandrí-475;p.;;;;;De idem gol: Panchita, p: Alejandrí-475 o. azúcar y muebles.;;Panchita;;;gol:;1876_03_09;idem;;
;;N/A: ;;;;;;;;;De idem gol: Ollo, Cuotas-100 o. y 400 sacos de azúcar.;;Ollo;;;gol:;1876_03_09;idem;;
;;N/A: ;;;Pujol;p.;;;;;De idem gol: Inés, p: Pujol-300 c. y 230 sacos de azúcar.;;Inés;;;gol.;1876_03_09;idem;;
;;N/A:  | N/A: ;;;Cabrera-200;pat.;;;;;De Sierra Morena gol: San Francisco, Cabrera-200 o. azúcar, 50 cuartos. miel de purga.;;San Francisco;;;gol:;1876_03_09;Sierra Morena;;
;;N/A: ;;;;p.;;;;;De idem gol: General Euna, p: Rcoa-214 o. 310 s. y 70 boos. azúcar.;;General Euna;;;gol:;1876_03_09;idem;;
;;N/A:  | N/A: ;;;Cabró;p.;;;;;De idem gol: María, p: Cabró-360 s. y 67 boos. azúcar y 3ª pp. aguardiente.;;María;;;gol.;1876_03_09;idem;;
;;N/A:  | N/A: ;;;;;;;;;De bano gol: Nueva Conoha, p: Ql-105 c. y 22 boos. azúcar y 60 cuartos. miel de purga.;;Nueva Conoha;;;gol.;1876_03_09;bano;;
;;N/A: ;;;Mateo;p.;;;;;De idem gol: San Antonio, p: Mateo-200 c. de azúcar.;;San Antonio;;;gol:;1876_03_09;idem;;
;;N/A: ;;;Arocha;p.;;;;;De Saracoa gol. Dolorita, p: Arocha-72 boas. azúcar.;;Dolorita;;;gol.;1876_03_09;Saracoa;;
;;N/A: ;;;Núñez;p.;;;;;De idem gol: Cooilia Maunela, p: Núñez-50 cuartos. miel de rúgga.;;Cooilia Maunela;;;gol:;1876_03_09;idem;;
;;N/A: ;;;Palmer-500;p:;;;;;De idem gol: J: Magdalena, p: Palmer-500 c. azúcar.;;J: Magdalena;;;gol:;1876_03_09;idem;;
;;N/A: ;;;Serra;p.;;;;;De Carahatas gol: 2ª Rosa, p: Serra-1000 cagos carbon.;;2ª Rosa;;;gol:;1876_03_09;Carahatas;;
;;N/A:  | N/A: ;;;Víqueru-430;p;;;;;De Cabanas gol: Paquita, p: Víqueru-430 c. y 200 o. azúcar.;;Paquita;;;gol:;1876_03_09;Cabanas;;
;;N/A: ;;;Ino'án-110;p.;;;;;De idem gol: Josefa, p: Ino'án-110 o. 200 s. y 63 boos. azúcar.;;Josefa;;;gol:;1876_03_09;idem;;
;;N/A:  | N/A: ;;;Lopez-502;p.;;;;;De idem gol: Caballo Marito, p: Lopez-502 o. y 23 bocas. azúcar y 29 pp. agdte.;;Caballo Marito;;;gol:;1876_03_09;idem;;
;;N/A:  | N/A:  | N/A: ;;;Paula;p.;;;;;De S. Mocron g. Soña p. Paula 50 c. y 40 s. azúcar, 11 boys. miel de purga, 12 piezas madera.;;Soña;;;g.;1876_03_10;S. Mocron;;
;;N/A: ;;;Colomar;p.;;;;;De Canasig. Sabana p. Colomar, 95 boys. azúcar.;;Sabana;;;p.;1876_03_10;Canasig;;
;;N/A: ;;;Ilorot;p.;;;;;De Santa Isabel g. Isabelita, p. Ilorot, 1000 s. carbon.;;Isabelita;;;g.;1876_03_10;Santa Isabel;;
;;N/A: ;;;Felicó;p.;;;;;De Sant a María g. Cuba, p. Felicó, 600 s. carbon.;Cuba;;;;g.;1876_03_10;Sant;;
;;N/A:  | N/A: ;;;Lladó;p.;;;;;De Babil Honda g. Carmita, p. Lladó, 330 c. y 20 boys. azúcar.;;Carmita;;;g.;1876_03_10;Babil Honda;;
;;N/A: ;;;Gorrin;p.;;;;;De Idem g. Francisco, p. Gorrin, 616 c. azúcar.;;Francisco;;;g.;1876_03_10;Idem;;
;;N/A: ;;;Perera;p.;;;;;De O tigón g. Bihla Honda, p. Perera, 610 c. azúcar.;;Bihla Honda;;;g.;1876_03_10;O tigón;;
;;N/A:  | N/A: ;;;Daulceo;p.;;;;;De Cab.ñas g. Ntra. Sra. del Cármen, p. Daulceo, 187 c. y 300 s. azúcar.;;Ntra. Sra. del Cármen;;;g.;1876_03_10;Cab.ñas;;
;;N/A:  | N/A: ;;;Rodríguez;p.;;;;;De Idemg. Córdo, p. Rodríguez, 200 c. y 23 boys. azúcar.;;Córdo;;;p.;1876_03_10;Idemg.;;
;;N/A: ;;;Santos;p.;;;;;De Maríol g. Quintina, p. Santos, 325 c. azúcar.;;Quintina;;;g.;1876_03_10;Maríol;;
;;N/A: ;;;Padilla;p.;;;;;De Bances baleiro Jóven Gabriel, p. Padilla, 10000 landrillos.;;Jóven;;;baleiro;1876_03_10;Bances;;
;;N/A: ;;;Rojas;p.;;;;;De Barona baiando St. José, p. Rojas, 400 s. cal.;;St. José;;;baiando;1876_03_10;Barona;;
Día 01:;;N/A:  | N/A: ;;;;;;;;;De Sierra Morena gol: Trois Hermanas, 1: Joy-100 a carbon y 50 yugos.;;Trois Hermanas;;;gol.;1876_03_11;Sierra Morena;;
;;N/A: ;;;;pat:;;;;;De la Tejs gol: Joscafa, pat: Mar-100 sacos de carbon.;;Joscafa;;;gol:;1876_03_11;Tejs;;
;;N/A:  | N/A: ;;;Jofre-1165;ca.;;;;;De Cárdenas vap: Soler, ca: Jofre-1165 c: azúcar y 3 tercios sabaco.;;Soler;;;vap.;1876_03_11;Cárdenas;;
;;N/A:  | N/A:  | N/A:  | N/A: ;;;González;p:;;;;;De Manzullo gol: 2: María, p: González-7360 rajas leña, 105 a cavaresaños, 48 estacas y efectos.;;2: María;;;gol:;1876_03_11;Manzullo;;
;;N/A:  | N/A: ;;;Gallego;p.;;;;;De Arregos gol: Cármen, p: Gallego-300 vz: madera y 200 s: carbon.;;Cármen;;;gol:;1876_03_11;Arregos;;
;;N/A: ;;;Errandez;p.;;;;;De Maniavu gol: Estrella, p: Errandez-60 bocas azúcar.;;Estrella;;;gol:;1876_03_11;Maniavu;;
;;;;;Alejos;p.;;;;;De Mulata gol: Cinco Hermanas, p: Alejos-300 atrasas.;;Cinco Hermanas;;;gol.;1876_03_11;Mulata;;
;;N/A: ;;;Vilasuso-403;;;;;;De Bahía Honda gol: Manuela, Vilasuso-403 o: y 16 bocas y 12 tercios tabaco.;;Manuela;;;gol:;1876_03_11;Bahía Honda;;
;;N/A: ;;;Matos-10;p.;;;;;De Blas bot San Antonio, p: Matos-10 cuarte: miel de puga.;;San Antonio;;;bot;1876_03_11;Blas;;
;;N/A: ;;;Arocha;p.;;;;;De Baracoa gol: Dolorita, p: Arocha-70 bocas: anícar.;;Dolorita;;;gol.;1876_03_11;Baracoa;;
;;N/A:  | N/A: ;;;;;;;;;De Bahía Honda gol: E: ola, p: Ecosandell-840 o: azúcar y 10 pp: agdte.;;Ecosandell-840;;;gol:;1876_03_11;Bahía Honda;;
;;N/A:  | N/A: ;;;Pnjol-159;p.;;;;;De Jarnuco gol: Golondrina, p: Pnjol-159 c: azúcar, 15 cuarte: miel de purga.;;Golondrina;;;gol.;1876_03_11;Jarnuco;;
;;N/A:  | N/A: ;;;Roldan-1030;cap.;;;;;De Cárdenas vap: Alava, cap: Roldan-1030 o: azúcar y efectos.;;Alava;;;vap.;1876_03_11;Cárdenas;;
;;N/A: ;;;Cazula-69;p:;;;;;De Bío de la Palma gol: América, p: Cazula-69 o: y 29 boos: azúcar.;;América;;;gol:;1876_03_11;Bío de la Palma;;
;;N/A:  | N/A: ;;;Perez-94;p.;;;;;De Hinojalgol: Justlos, p: Perez-94 c: azúcar y 60 cuartos: miel de purga.;;Justlos;;;gol:;1876_03_11;Hinojalgol;;
;;N/A:  | N/A:  | N/A: ;;;Núñez-83;p.;;;;;De Jarnuo gol: Florencio Saez, p: Núñez-83 c: azúcar 13 cuartos: miel de purga y efectos.;;Florencio Saez;;;gol;1876_03_11;Jarnuo;;
;;N/A: ;;;Rosa;p.;;;;;De S. Morona gol: Blanca, p: Rosa-100 c: 400 s: y 60 bocas: azúcar.;;Blanca;;;gol:;1876_03_11;S. Morona;;
;;N/A: ;;;;p.;;;;;De Domíngola gol: Dominica, p: Lopez-232 o: azúcar.;Dominica;Lopez-232;;;gol:;1876_03_11;Domíngola;;
;;N/A:  | N/A: ;;;Náñez;p.;;;;;De Cárdenas gol: Ntra. Sra. del Cármen, p: Náñez-510 c: azúcar y 16 c: cigarros.;;Ntra. Sra. del Cármen;;;gol:;1876_03_11;Cárdenas;;
;;N/A: ;;;Arocho-441;p.;;;;;De Cabanas gol: Conchita, p: Arocho-441 s: y 137 c: azúcar.;;Conchita;;;gol:;1876_03_11;Cabanas;;
;;N/A:  | N/A: ;;;Macip;p.;;;;;De Santa Cruz gol: Rosa María, p: Macip-200 c: 230 s: azúcar y 20 pp: agdte.;;Rosa María;;;gol;1876_03_11;Santa Cruz;;
;;N/A:  | N/A:  | N/A: ;;;Alemaní;p.;;;;;De Gibara g. Eoriquota, p. Alemaní, 500 caballos leña, 5 aeronca cera, 1 c. prendas y efectos;;Eoriquota;;;g.;1876_03_12;Gibara;;
;;N/A:  | N/A: ;;;Cerver;p.;;;;;De Sagna g. Altagracia, p. Cerver, 60 ncvillos y 200 ballos.;;Altagracia;;;g.;1876_03_12;Sagna;;
;;N/A:  | N/A: ;;;Echavarria;p.;;;;;De Car. lata g. Tras Hermanas, p. Echavarria 600 s. y 50 cts. azúcar. 23 pps aguardiente.;;Tras Hermanas;;;lata;1876_03_12;Car.;;
;;N/A: ;;;Estéban;p.;;;;;De la Teja g. Dos Sofías, p. Estéban, 1000 s. carbon.;;Dos Sofías;;;g.;1876_03_12;la Teja;;
;;N/A: ;;;Comella;p.;;;;;De Idem g. Margalena, p. Comella, 604 s. carbon.;;Margalena;;;g.;1876_03_12;Idem;;
;;N/A: ;;;Orbay;p.;;;;;De Idem g. Cofraria, p. Orbay, 60 s. carbon.;;Cofraria;;;g.;1876_03_12;Idem;;
;;N/A:  | N/A: ;;;Valent;p.;;;;;De Cidrana g. María del Cármen, p. Valent, 400 c. y 400 s. azúcar.;;María del Cármen;;;g.;1876_03_12;Cidrana;;
;;N/A:  | N/A: ;;;Herrería;p.;;;;;De Idem g. Mercedita, p. Herrería, 330 o. y 50 boys. azúcar, 116 paquetes tablillas.;;Mercedita;;;g.;1876_03_12;Idem;;
;;N/A:  | N/A: ;;;Enasat;p.;;;;;De Idem g. Tres Tereas, p. Enasat, 430 c. y 60 s. azúcar.;;Tres Tereas;;;g.;1876_03_12;Idem;;
;;N/A: ;;;Carbonell;p.;;;;;De Matanras g. María, p. Carbonell, 411 o. 230 s. y 30 boys. azúcar.;;María;;;g.;1876_03_12;Matanras;;
;;N/A:  | N/A:  | N/A: ;;;Anca;p.;;;;;De Morrillo g. Josefa, p. Anca, 400 s. carbon, 100 caballos leña, 100 varas madera.;;Josefa;;;g.;1876_03_12;Morrillo;;
;;N/A:  | N/A:  | N/A: ;;;Colmar;p.;;;;;De Idem g. Britania, p. Colmar, 400 s. carbon, 100 caballos leña, 100 varas madera.;;Britania;;;g.;1876_03_12;Idem;;
;;N/A:  | N/A: ;;;Palau;p.;;;;;De Bata Honda g. Mercedita, p. Palau, 165 o. azúcar, 400 paquetes tablilla;;Mercedita;;;g.;1876_03_12;Bata Honda;;
;;N/A: ;;;Navarro;p.;;;;;De la Teja g. Dorotea, p. Navarro, 610 s. azúcar.;;Dorotea;;;g.;1876_03_12;la Teja;;
;;N/A:  | N/A:  | N/A: ;;;Badaró;p.;;;;;De Cárdenas g. Victotia, p. Badaró, 300 o. y 300 s. azúcar, 30 pps. aguardiente.;;Victotia;;;g.;1876_03_12;Cárdenas;;
;;N/A: ;;;Arooha;p.;;;;;De Barasoa g. Dolorita, p. Arooha, 73 boys. azúcar.;;Dolorita;;;g.;1876_03_12;Barasoa;;
;;N/A:  | N/A: ;;;Ventura;p.;;;;;De Sagna g. Anita, p. Ventura, 600 varas madera, 610 tendido soga.;;Anita;;;g.;1876_03_12;Sagna;;
;;N/A: ;;;Núñez;p.;;;;;De Mántua g. Margarita, p. Núñez, 2003 s. carbon.;;Margarita;;;g.;1876_03_12;Mántua;;
;;N/A:  | N/A: ;;;Alorda;p.;;;;;De Idem g. Juana de Dios, p. Alorda, 48 cuartas. y 260 garrafones mío de objetos y efectos.;;Juana de Dios;;;g.;1876_03_12;Idem;;
;;N/A:  | N/A:  | N/A:  | N/A:  | N/A: ;;;Sena;p.;;;;;"De 'albarien g. Segunda Victoria, p. Sena: 250 saco cascara mangle; 500 doconas esponjas, 22 cueros 6 bullos cora y efectos.";;Segunda Victoria;;;g.;1876_03_14;albarien;;
;;N/A: ;;;Colemar;p.;;;;;De Saguas g. Correo Canasi, p. Colemar: 500 paquetes con sus fondos muebles y efectos.;;Correo Canasi;;;g.;1876_03_14;Saguas;;
;;N/A:  | N/A:  | N/A:  | N/A: ;;;Bosch;p.;;;;;De Serrá Morena g. Union, p. Bosch: 400 s. y 145 cajas y 130 boca. azúcar.;;Union;;;g.;1876_03_14;Serrá Morena;;
;;N/A:  | N/A: ;;;Bonet;pat.;;;;;De Idem gol Gertrudis pat. Bonet: 430 o. azúcar y efectos.;;Gertrudis;;;gol.;1876_03_14;Idem;;
;;N/A: ;;;Roca;pat.;;;;;Dela Teja gol. San Jose, pat. Roca: 600 sacos car bon.;;San Jose;;;gol.;1876_03_14;Teja;;
;;N/A: ;;;Montell;p.;;;;;De id. g. J. Luisa, p. Montell: 800 s. carbón.;;J. Luisa;;;p.;1876_03_14;id. g.;;
;;N/A:  | N/A: ;;;Parre;p.;;;;;De Cárdenas g. General la Mar, p. Parre: 300 c. y 30 bocas. azúcar.;;General la Mar;;;g.;1876_03_14;Cárdenas;;
;;N/A: ;;;Bosch;pat.;;;;;De idem gol. Juanita, pat. Bosch: 600 o. azúcar.;;Juanita;;;gol.;1876_03_14;idem;;
;;N/A:  | N/A: ;;;Pujol;p.;;;;;De idem g. Inés, p. Pujol: 300 cajas y 300 sacos azúcar.;;Inés;;;g.;1876_03_14;idem;;
;;N/A: ;;;Lloret;patrón;;;;;De idem gol. Araneana, patrón Lloret: 416 cajas azúcar.;;Araneana;;;gol.;1876_03_14;idem;;
;;N/A: ;;;Vazquez;pat.;;;;;De idem gol. María Josefa, pat. Vazquez: 700 cajas azúcar.;;María Josefa;;;gol.;1876_03_14;idem;;
;;N/A:  | N/A: ;;;Nogueras;null;;;;;De id. g. Agulla do Oro, p. Nogueras: 420 o. y 57 bocas azúcar.;;Agulla do Oro;;;p.;1876_03_14;id. g.;;
Día null:;;N/A:  | N/A:  | N/A: ;;;Calafell;p.;;;;;De Matanzas g. Juanita p. Calafell: 600 s. 93 o. y 15 bocas azúcar.;;Juanita;;;g.;1876_03_14;Matanzas;;
;;N/A:  | N/A:  | N/A: ;;;Perez;pat.;;;;;De id. g. Amalia, pat. Perez: 524 o. 130 s. y 38 bocas azúcar.;;Amalia;;;;1876_03_14;id. g.;;
;;N/A:  | N/A: ;;;Colomar;p.;;;;;"De Canasi g. Sabas p. Colomar: 276 c. azúcar; 36 pipas aguardiente.";;Sabas;;;g.;1876_03_14;Canasi;;
;;N/A: ;;;Maolp;p.;;;;;De Sta. Cruz gol. Rosa María, p. Maolp: 105 bocoyes azúcar.;;Rosa María;;;gol.;1876_03_14;Sta. Cruz;;
;;N/A: ;;;Duran;p.;;;;;De Bajas balandro Fernandita, p. Duran: 300 qq. cascara mangle.;;Fernandita;;;balandro;1876_03_14;Bajas;;
;;N/A:  | N/A: ;;;Lopez;p.;;;;;De la Dominica g. Dominica p. Lopez: 155 o. azúcar, 32 cuaras. mlel.;;Dominica;;;g.;1876_03_14;Dominica;;
;;N/A:  | N/A:  | N/A: ;;;Deulofeo;p.;;;;;De Cabañas g. N. S. de' Cármen p. Deulofeo: 179 cajas y 303 s. azúcar 17 pp. aguardiente.;;N. S. de' Cármen;;;g.;1876_03_14;Cabañas;;
;;N/A:  | N/A:  | N/A: ;;;Inclan;pat.;;;;;De idem gol. Josefa pat. Inclan: 300 c. 165 s. y 41 bocoyes azúcar.;;Josefa;;;gol.;1876_03_14;idem;;
Día null:;;N/A:  | N/A: ;;;Rojas;pat.;;;;;De la Teja gol. Castilla, pat. Rojas: 950 s. y 6 bocoyes azúcar.;;Castilla;;;gol.;1876_03_14;Teja;;
;;N/A: ;;;Carrasco;p.;;;;;De Banea bote San Antonio, p. Carrasco: 200 sacos de azúcar.;;San Antonio;;;bote;1876_03_14;Banea;;
;;N/A:  | N/A: ;;;Viequerra;p.;;;;;De Cabafas gol. Paquita, p. Viequerra: 243 cajas y 210 sacos azúcar.;;Paquita;;;gol.;1876_03_14;Cabafas;;
;;N/A:  | N/A: ;;;Jofré;cap.;;;;;De Cárdenas vapor Soler, capitán Jofré: 236 bocoyes azúcar y efectos.;;Soler;;;vapor;1876_03_14;Cárdenas;;
;;N/A:  | N/A: ;;;Ferrer;p.;;;;;De Sierra Morona gol. Elisa p. Ferrer: 416 o. 66 bocoyes y 346 sacos azúcar.;;Elisa;;;gol.;1876_03_14;Sierra Morona;;
;;N/A:  | N/A: ;;;Covas;p.;;;;;De Baracoa g. Bonifacia, p. Covas: 126 sacos y 50 bocoyes azúcar.;;Bonifacia;;;g.;1876_03_14;Baracoa;;
;;N/A: ;;;Núñez;p.;;;;;De Baracoa bote Cecilia Manuela, p. Núñez: 36 bocoyes mascabado.;;Cecilia Manuela;;;bote;1876_03_14;Baracoa;;
Día null:;;N/A:  | N/A: ;;;Cabrera;p.;;;;;De la Teja gol. San Jose, p. Cabrera: 210 sacos y 58 bocoyes azúcar.;;San Jose;;;gol.;1876_03_14;la Teja;;
;;N/A:  | N/A: ;;;Rojas;pat.;;;;;De la Teja goleta Castilla, pat. Rojas: 950 sacos y 6 bocoyes azúcar.;;Castilla;;;goleta;1876_03_14;la Teja;;
;;N/A:  | N/A:  | N/A:  | N/A:  | N/A:  | N/A:  | N/A:  | N/A:  | N/A: ;;;Rocamar;cap.;;;;;De Cabarion y Saguas vapor Manuel Torriente, capitán Rocamar: 344 tercios tabaco, 5 sacos cera, 22 buenas, 2 tercios, 5 mulas, 4 mulas, 12 caballos, 1 yegua y 10 tolos.;;Manuel Torriente;;;vapor;1876_03_14;Cabarion y Saguas;;
;;N/A:  | N/A: ;;;Lopez;p.;;;;;De Cabafas gol. Caballo Marino, p. Lopez: 661 o. arándano y 12 pps. agdte.;;Caballo Marino;;;gol.;1876_03_14;Cabafas;;
;;N/A:  | N/A:  | N/A:  | N/A:  | N/A:  | N/A:  | N/A:  | N/A:  | N/A: ;;;Lloret;p.;;;;;De C. y c. escales vapor Mostezuma, p. Lloret: 202 sacos café, 186 id. caño, 4 bar. ostiones, 2 id. rom. 8 id. aceite de coco, 49 cueros, 10 bultos con $ 2.4t, 1 o. ropa, 1 id. alpargatas.;;Mostezuma;;;vapor;1876_03_14;C. y c.;;
;;N/A:  | N/A: ;;;Nuñez;p.;;;;;De Caibarion g. María del Rosario, p. Nuñez: 45 ultra-vozinas 300 caballos león.;;María del Rosario;;;g.;1876_03_15;Caibarion;;
;;N/A: ;;;Píñeiro;p.;;;;;De Caibarion gol. Morcedita p. Píñeiro, 600 sacos carbon.;;Morcedita;;;gol.;1876_03_15;Caibarion;;
;;N/A: ;;;Alemany;pat.;;;;;De S. Morona gol. Matilde pat. Alemany, 428 ojjas azúcar.;;Matilde;;;gol.;1876_03_15;S. Morona;;
;;N/A:  | N/A: ;;;Cabré;pat.;;;;;De id. in gol. María pat. Cabré, 761 s. y 34 bocoyes azúcar.;;María;;;gol.;1876_03_15;id. in;;
;;N/A: ;;;Sardija;pat.;;;;;De la Tría gol. Leonarda, pat. Sardija, 600 sacos carbon.;;Leonarda;;;gol.;1876_03_15;Tría;;
;;N/A:  | N/A: ;;;Perez;p.;;;;;De id. g. María p. Perez, 600 s. carbon, 25 gat.3. miel doublas.;;María;;;g.;1876_03_15;id.;;
;;N/A: ;;;;;;;;;De id. g. Candita, p. Aonía, 800 s. carbon.;;Candita;;;p.;1876_03_15;id. g.;;
;;N/A: ;;;Móner;p.;;;;;De id. g. Sofía, p. Móner, 1000 s. carbon.;;Sofía;;;g.;1876_03_15;id.;;
;;N/A: ;;;Herriera;pat.;;;;;De Cárdenas gol. Moroedita, pat. Herriera, 500 cajas azúcar.;;Moroedita;;;gol.;1876_03_15;Cárdenas;;
;;N/A:  | N/A: ;;;Valent;p.;;;;;De id. g. María del Cármen, p. Valent, 400 o 400 s. y 55 boos azúcar.;;María del Cármen;;;p.;1876_03_15;id. g.;;
;;N/A: ;;;Dardet;p.;;;;;De id. g. Rosita, p. Dardet, 610 o. azúcar.;;Rosita;;;g.;1876_03_15;id.;;
;;N/A:  | N/A:  | N/A: ;;;Alemany;p.;;;;;De Matarzas g. Elvira p. Alemany, 500 s. 200 c. y 14 bocos azúcar.;;Elvira;;;g.;1876_03_15;Matarzas;;
;;N/A: ;;;Niolía;pat.;;;;;De Causí g. Lobo Marina, pat. Niolía, 56 bocoyes azúcar.;;Lobo Marina;;;g.;1876_03_15;Causí;;
;;N/A:  | N/A: ;;;Santos;p.;;;;;De Mariol g. Quituna p. Santos, 301 c. azúcar, 12 pp. aguardiente.;;Quituna;;;g.;1876_03_15;Mariol;;
;;N/A:  | N/A: ;;;Nuñez;pat.;;;;;De Barcoas bsta Coolliz Manuela pat. Nuñez, 27 cuartosolas y 63 boos miel de purga.;;Coolliz;;;bsta;1876_03_15;Barcoas;;
;;N/A:  | N/A:  | N/A:  | N/A: ;;;Bernaza;p.;;;;;De Nuevías gol. Dolores, p. Bernaza-960 caballos leña, 230 sacos carbon, 8 fardos cora y efectos.;;Dolores;;;gol.;1876_03_16;Nuevías;;
;;N/A:  | N/A:  | N/A:  | N/A: ;;;Colomar;p.;;;;;De Sagra gol. Provincia, p. Colomar-703 sacos de carbon, 14 piezas cneba y júcaro y 3' arabes.;;Provincia;;;gol.;1876_03_16;Sagra;;
;;N/A:  | N/A: ;;;Oudilícro;p.;;;;;De Carabatí gol. Dos Amigos, p. Oudilícro-300 kg. carbon y 203 das sagas.;;Dos Amigos;;;gol.;1876_03_16;Carabatí;;
;;N/A: ;;;Orbay;p.;;;;;De Teja blro. Antofóga, p. Orbay-600 sacos de carbon.;;Antofóga;;;blro.;1876_03_16;Teja;;
;;N/A: ;;;Aleman;p.;;;;;De Cárdenas gol. Panchita, p. Aleman-500 cajas azúcar.;;Panchita;;;gol.;1876_03_16;Cárdenas;;
;;N/A:  | N/A:  | N/A: ;;;Farfía;p.;;;;;De Idem gol. Anita p. Farfía-760 cajas, 240 sacos y 1 hoco azúcar.;;Anita;;;gol.;1876_03_16;Idem;;
;;N/A: ;;;Nájez;p.;;;;;De Idem gol. N. S. del Carmen, p. Nájez-510 cajas azúcar.;;N. S. del Carmen;;;gol.;1876_03_16;Idem;;
;;N/A: ;;;Bosch;p.;;;;;De Idem gol. Juanita, p. Bosch-700 cajas de azúcar.;;Juanita;;;gol.;1876_03_16;Idem;;
;;;;;Torres-100;p.;;;;;De Margojitas gol. Inés, p. Torres-100 atravesas.;;Inés;;;gol.;1876_03_16;Margojitas;;
;;N/A:  | N/A: ;;;Perez-187;p.;;;;;De Hinojal gol. Játios, p. Perez-187 o. azúcar, 25 cartrolas miel de purga.;;Játios;;;gol.;1876_03_16;Hinojal;;
;;N/A: ;;;Bersaza;p.;;;;;De Idem gol. Potosi, p. Bersaza-860 sacos de carbon.;;Potosi;;;gol.;1876_03_16;Idem;;
;;N/A:  | N/A:  | N/A: ;;;Visquerra;p.;;;;;De Matanas g. Dos Hermanas, p. Visquerra: 680 s. y 300 o. anfcar.;;Dos Hermanas;;;g.;1876_03_17;Matanas;;
;;N/A:  | N/A: ;;;Maop;p.;;;;;De Santa Cruz g. Rosa Maria, p. Maop: 108 o. 100 s. y 34 boc. anfcar, 56 pipas agdte.;;Rosa Maria;;;g.;1876_03_17;Santa Cruz;;
;;N/A: ;;;Pinoirc;p.;;;;;De Sagna g. Carmita, p. Pinoirc: 800 s. carbon.;;Carmita;;;g.;1876_03_18;Sagna;;
;;N/A:  | N/A: ;;;Santo Domingo;p.;;;;;De Cababatas g. Teresita, p. Santo Domingo: 800 s. y 100 bocas. azúcar.;;Teresita;;;g.;1876_03_18;Cababatas;;
;;N/A:  | N/A:  | N/A: ;;;Vazquez;p.;;;;;De Cárdenas g. María Joscfa, p. Vazquez: 500 s. 300 o. y 50 bocas. azúcar.;;María Joscfa;;;g.;1876_03_18;Cárdenas;;
;;N/A:  | N/A: ;;;Cuebas;p.;;;;;De id. g. Ollo, p. Cuebas: 400 c. y 400 s. azúcar.;;Ollo;;;p.;1876_03_18;id. g.;;
;;N/A:  | N/A:  | N/A: ;;;Enseñat;pat.;;;;;De id. g. Trea Teresas, p. Enseñat: 400 c. y 50 bocas. azúcar. 13 piezas madera;;Trea Teresas;;;p.;1876_03_18;id. g.;;
;;N/A:  | N/A:  | N/A: ;;;;p.;;;;;De Matanzas g. Francisco, p. Ríob: 230 o. y 50 bocas. azúcar. 1.800 arrobas tazajo, 5 o. sebo Flandes.;;Francisco;;;g.;1876_03_18;Matanzas;;
;;N/A: ;;;Mora;p.;;;;;De Maxim g. Nueva Estrella, p. Mora: 50 cuarteros. miel de purga.;;Nueva Estrella;;;g.;1876_03_18;Maxim;;
;;N/A:  | N/A: ;;;Gorrin;p.;;;;;De Babia Honda g. Francisco, p. Gorrin: 319 o. y 100 bocas. azúcar.;;Francisco;;;g.;1876_03_18;Babia Honda;;
;;N/A:  | N/A:  | N/A: ;;;Palan;p.;;;;;De id. g. Mercedita, p. Palan: 500 s. y 45 c. azúcar, 10 pipas aguda.;;Mercedita;;;p.;1876_03_18;id. g.;;
;;N/A:  | N/A: ;;;Inclan;p.;;;;;De Cabañas g. Josefa, p. Inclan: 260 o. y 73 bocoyes. azúcar.;;Josefa;;;g.;1876_03_18;Cabañas;;
;;N/A:  | N/A: ;;;Rodríguez;p.;;;;;De id. g. Céfiro, p. Rodríguez: 230 o. y 58 bocas. id.;;Céfiro;;;g.;1876_03_18;id.;;
;;N/A: ;;;Palmer;p.;;;;;De Del Mariel g. Jóven Magdalena, p. Palmer: 500 o. id.;;Jóven Magdalena;;;g.;1876_03_18;Del Mariel;;
;;N/A:  | N/A: ;;;Peres;p.;;;;;De id. g. Altagraca, p. Peres: 200 o. y 51 bocas. id.;;Altagraca;;;g.;1876_03_18;id.;;
;;N/A: ;;;Carrasco;p.;;;;;De Banoz bota San Antonio, p. Carrasco: 189 s. id.;;San Antonio;;;bota;1876_03_18;Banoz;;
;;N/A:  | N/A:  | N/A:  | N/A: ;;;Calvó;p.;;;;;De Gibraltar. Sis Manuelis, p. Calvó, 600 caballos le- Na. 300 sacos carbon. 34 id. mala y efectos.;;Sis Manuelis;;;;1876_03_21;Gibraltar;;
;;N/A:  | N/A: ;;;;p.;;;;;De id. Ntra. Sra del Carmen, p. Náñez, 400 c. y 200 c. azúcar.;;Náñez;;;p.;1876_03_21;Ntra. Sra del Carmen;;
;;N/A: ;;;Pereló;p.;;;;;De id. g. Tres Marías, p. Pereló, 600 va. mader. p.;;Tres Marías;;;g.;1876_03_21;id.;;
;;N/A:  | N/A:  | N/A:  | N/A:  | N/A: ;;;Albena;p.;;;;;De Calabacín g. Engracia p. Albena, 360 docs. espam- jas, 140 c. oscar. mangie, 100 arabes, 150 caballos lejos y efectos.;;Engracia;;;g.;1876_03_21;Calabacín;;
;;N/A:  | N/A: ;;;Valent;;;;;;De id. g. María del Carmen, p. Valent, 400 c. 300 sacos y 300 azúcar.;;María del Carmen;;;p.;1876_03_21;id. g.;;
;;N/A:  | N/A: ;;;Bosch;p.;;;;;De Sierra Morena, g. Union p. Bosch, 677 o. y 246 sacos azadar, 31 buitos efectos.;;Union;;;g.;1876_03_21;Sierra Morena;;
;;N/A: ;;;Ferrer;p.;;;;;De Teja g. 8° Lus de Yara, p. Ferrer, 700 s. carbon.;;8° Lus;;;g.;1876_03_21;Teja;;
;;N/A: ;;;Calafé;p.;;;;;De Matanzas g. Iguazita, p. Calafé, 114 c. 66 bocoyes azúcar.;;Iguazita;;;g.;1876_03_21;Matanzas;;
;;N/A: ;;;Badaró;p.;;;;;De Córdoba g. Víctoris, p. Badaró, 300 o. y 500 sacos azadar.;;Víctoris;;;g.;1876_03_21;Córdoba;;
;;N/A:  | N/A: ;;;Mio!p;p.;;;;;De Santa Cruz g. Rosa María, p. Mio!p, 615 s. azúcar 60 fuentes maíz.;;Rosa María;;;g.;1876_03_21;Santa Cruz;;
;;N/A: ;;;;;;;;;De 14° g. General la Mar, p. Pavias, 200 o. y 150 sacos azadar.;;Pavias;;;p.;1876_03_21;14° g. General la Mar;;
;;N/A: ;;;Torres;p.;;;;;De Margalitas g. Anita, p. Torres, 300 atravesaños.;;Anita;;;g.;1876_03_21;Margalitas;;
;;N/A:  | N/A: ;;;Herrera;pat.;;;;;De 24° g. Mercidito, p. Herrera, 250 o. y 60 b. ca azadar.;;Mercidito;;;p.;1876_03_21;24° g.;;
;;N/A:  | N/A: ;;;Rojas;p.;;;;;De Tejas g. Castillos, p. Rojas, 213 y 438 azúcar, 2 pipas aguardiente.;;Castillos;;;g.;1876_03_21;Tejas;;
;;N/A:  | N/A: ;;;Bocch;p.;;;;;De 14° g. Juanita, p. Bocch, 200 píxeos guardientes, 140 o. azadar.;;Juanita;;;g.;1876_03_21;14°;;
;;N/A:  | N/A: ;;;Fustes;p.;;;;;De Bajas g. Manneit, p. Fustes, 700 va. madera, 10 tercios tabaco.;;Manneit;;;g.;1876_03_21;Bajas;;
;;N/A: ;;;Palilla;p.;;;;;De Banes bal. J. Gabriel, p. Palilla, 8000 ladrillos.;;J. Gabriel;;;bal.;1876_03_21;Banes;;
;;N/A: ;;;Boich;p.;;;;;De Sierra Morena g. Gertuáis, p. Boich, 130 bocos azúcar.;;Gertuáis;;;g.;1876_03_21;Sierra Morena;;
;;N/A:  | N/A: ;;;Cabrera;p.;;;;;De Teja g. San José, p. Cabrera, 210 s. y 50 bocoyes azúcar.;;San José;;;g.;1876_03_21;Teja;;
;;N/A: ;;;Vísquerra;p.;;;;;De Cabanas g. Paquita, p. Vísquerra, 545 c. azúcar.;;Paquita;;;g.;1876_03_21;Cabanas;;
;;N/A:  | N/A: ;;;Núñez;p.;;;;;De Baracoa bote Cecilia Manuela, p. Núñez 56 cuartos rolas mío de purga.;;Cecilia Manuela;;;bote;1876_03_21;Baracoa;;
;;N/A:  | N/A: ;;;Nogueras;pat.;;;;;De Cárdinas g. Agulla de Oro, pat. Nogueras, 400 cajas y 400 sacos de azúcar.;;Agulla de Oro;;;g.;1876_03_21;Cárdinas;;
;;N/A:  | N/A: ;;;Arocha;pat.;;;;;De Baracoa g. Dolorita, pat. Arocha, 190 sacos y 16 bocoyes azúcar.;;Dolorita;;;g.;1876_03_21;Baracoa;;
;;N/A: ;;;Coyula;pat.;;;;;De la Teja g. América, pat. Coyula, 101 bocoyes azúcar.;;América;;;g.;1876_03_21;la Teja;;
;;N/A: ;;;Dans;p.;;;;;De Gibara g. Motilde, p. Dans, 400 caballos leña.;;Motilde;;;g.;1876_03_22;Gibara;;
;;N/A: ;;;Snao;p.;;;;;De Sierra Morena g. Habanera, p. Snao, 860 s. carbon.;;Habanera;;;g.;1876_03_22;Sierra Morena;;
;;N/A: ;;;Obar;p.;;;;;De Tejas pte. Nuevitas, p. Obar, 500 s. carbon.;;Nuevitas;;;pte.;1876_03_22;Tejas;;
;;N/A: ;;;Duración;pat.;;;;;De Batabanó g. Cefarín, pat Duración, 100 caballos leña.;;Cefarín;;;g.;1876_03_22;Batabanó;;
;;N/A: ;;;Porera;p.;;;;;De Ortigoa g. B. Honda, p. Porera, 610 c. azúcar.;;B. Honda;;;g.;1876_03_22;Ortigoa;;
;;N/A:  | N/A: ;;;Inclán;p.;;;;;De Cabalías g. Jafía, p. Inclán, 300 cajas y 80 bocas azúcar.;;Jafía;;;g.;1876_03_22;Cabalías;;
;;N/A:  | N/A: ;;;Arocha;p.;;;;;De Id. g. Conchita, p. Arocha, 524 s. y 94 c. azúcar.;;Conchita;;;g.;1876_03_22;Id.;;
;;N/A:  | N/A:  | N/A: ;;;Deulofen;p.;;;;;De Id. g. Ntra Sra. del Cármen, p. Deulofen, 403 s. y 145 c. azúcar 13 pps. agüera.;;Ntra Sra. del Cármen;;;g.;1876_03_22;Id.;;
;;N/A: ;;;Covas;p.;;;;;De Baracoa g. Bonifacia, p. Covas, 76 bocas. azúcar.;;Bonifacia;;;g.;1876_03_22;Baracoa;;
;;N/A: ;;;Carrasco;pat.;;;;;De id. bto San Antonio, pat. Carrasco, 40 quaterolras mil de abejas.;;San Antonio;;;bto;1876_03_22;id.;;
;;N/A:  | N/A:  | N/A: ;;;Rivas;p.;;;;;De Nuevitas g. Emilia, p. Rivas, 700 caballos leña, 20 sacos carbon, 7 aeronas guano.;;Emilia;;;g.;1876_03_22;Nuevitas;;
;;N/A:  | N/A:  | N/A: ;;;Solá;p.;;;;;De Cluefuegos g. Antonio, p. Solá, 1250 qta. tassejo 140 c. loestas de barro y 114 bar. harina.;;Antonio;;;g.;1876_03_22;Cluefuegos;;
;;N/A: ;;;Vazquez;p.;;;;;De Cardonos g. Mª Joaífa, p. Vazquez, 500 o 40 bocas azúcar.;;Mª Joaífa;;;g.;1876_03_22;Cardonos;;
;;N/A: ;;;Mora;p.;;;;;De Maximán g. Nva Estralla, p. Mora, 60 bocas. azúcar.;;Nva Estralla;;;g.;1876_03_22;Maximán;;
;;N/A:  | N/A:  | N/A: ;;;Racaman;cap.;;;;;De Calbarken vap. M. Torrente, cap. Racaman, 2 bau-rona, 1 serón esponjas y muebles.;;M. Torrente;;;vap.;1876_03_22;Calbarken;;
;;;;;Llorca;cap.;;;;;De Cuba vap. Luisa, cap. Llorca, laitre.;;Luisa;;;vap.;1876_03_22;Cuba;;
;;N/A: ;;;Febler;p.;;;;;De Mántua g. Francisco Gener p. Febler-1000 sacos carbon.;;Francisco Gener;;;g.;1876_03_23;Mántua;;
Día null:;;N/A:  | N/A: ;;;Virquerra;p.;;;;;De Matanas g. Des Hermanas p. Virquerra: 230 s. 163;;Des Hermanas;;;g.;1876_03_24;Matanas;;
;;N/A:  | N/A:  | N/A:  | N/A: ;;;Ventura;p.;;;;;De Saguas g. Segunda Ignacia p. Ventura: 500 tendidos soja, 110 tores, 50 pp aguardiente, 60 docenas esponjas.;;Segunda Ignacia;;;g.;1876_03_24;Saguas;;
Día null:;;N/A: ;;;Dardet;pat.;;;;;De Cárdenas gol. Rosita pat. Dardet: 640 cajas antocar.;;Rosita;;;gol.;1876_03_24;Cárdenas;;
Día null:;;N/A:  | N/A: ;;;Guas;p.;;;;;De Sagna de Tánamo g. Telégrafo, p. Guas: 450 atra-veñanos, 150 caballos lña.;;Telégrafo;;;g.;1876_03_25;Sagna de Tánamo;;
Día null:;;N/A: ;;;Ors;p.;;;;;De Calborten g. Flor de Cárdenas, p. Ors: 369 tercios tabaco.;;Flor de Cárdenas;;;g.;1876_03_25;Calborten;;
;;N/A:  | N/A:  | N/A: ;;;Cabré;p.;;;;;De Sierra Morena g. María, p. Cabré: 655 s. y 101 c. azúcar, 29 pipas agdito.;;María;;;g.;1876_03_25;Sierra Morena;;
Día null:;;N/A:  | N/A: ;;;Cervera;p.;;;;;De Cárdenas g. Altagracia, p. Cervera: 300 bles. harina y efectos.;;Altagracia;;;g.;1876_03_25;Cárdenas;;
Día null:;;N/A:  | N/A:  | N/A:  | N/A: ;;;Almoyá;p.;;;;;De Matanzas g. Elvira, p. Almoyá: 563 arrobas tam-je, 192 o. y 106 boas. azúcar y efectos.;;Elvira;;;g.;1876_03_25;Matanzas;;
;;N/A:  | N/A: ;;;Colomar;p.;;;;;De Canasi g. Sabas, p. Colomar: 376 o. azúcar y 14 pipas agdito.;;Sabas;;;g.;1876_03_25;Canasi;;
;;N/A:  | N/A: ;;;Gill;p.;;;;;De Banes g. Nueva Concha, p. Gill: 150 c. azúcar y 60 quarterolas miel de purga.;;Nueva Concha;;;g.;1876_03_25;Banes;;
;;N/A:  | N/A: ;;;Finche;p.;;;;;De P. San Juan g. Josefa Cornesca, p. Finche: 200 paquetes tablillas y 200 caballos leña.;;Josefa Cornesca;;;g.;1876_03_28;P. San Juan;;
;;;;;Pellicer;p.;;;;;De Calbarion g. Emilio, p. Pellicer: en lastre.;;Emilio;;;g.;1876_03_28;Calbarion;;
;;N/A:  | N/A:  | N/A:  | N/A: ;;;Blanco;p.;;;;;De id. g. Isabellita, p. Blanco: 950 varas maderas, 60-av. travesados, 50 caballos y 20 s. carbon.;;Isabellita;;;g.;1876_03_28;id.;;
;;N/A:  | N/A:  | N/A:  | N/A: ;;;Enseñat;p.;;;;;De Seguag. Gorrión, p. Enseñat: 50 pipas aguardiente, 48 tercios majagua, muebles y efectos.;;Gorrión;;;;1876_03_28;Seguag;;
;;N/A:  | N/A:  | N/A: ;;;Denlofco;pat.;;;;;De id. g. Ntra. Sra. del Cármen, p. Denlofco: 400 s. y 115 c. azúcar. 23 pipas agdte.;;Ntra. Sra. del Cármen;;;p.;1876_03_28;id. g.;;
;;N/A:  | N/A:  | N/A: ;;;Roselló;p.;;;;;De id. g. Paquete de Seguas, p. Roselló: 2,000 arcos para booy, 900 paquetes varia id. y 100 palos jácaro.;;Paquete de Seguas;;;p.;1876_03_28;id. g.;;
;;N/A:  | N/A:  | N/A: ;;;Roselló;;;;;;De id. g. Esmeralda, p. Roselló: 91 bococys y 82 o-av. y 30 pipas agdte.;;Esmeralda;;;p.;1876_03_28;id. g.;;
;;N/A:  | N/A:  | N/A: ;;;Echavarria;p.;;;;;De Carahatas g. Tre's Hermanas, p. Echavarria: 132 c., 625 s. y 64 boq. azúcar.;;Tre's Hermanas;;;g.;1876_03_28;Carahatas;;
;;N/A:  | N/A: ;;;Rodríguez;p.;;;;;De id. g. Céfiro, p. Rodríguez: 230 c. y 50 becas. azúcar y 12 pipas agdte.;;Céfiro;;;p.;1876_03_28;id. g.;;
;;N/A:  | N/A:  | N/A: ;;;Rosa;p.;;;;;De S. Morena g. General Enua, p. Rosa: 790 s., 150 c. y 33 boq. azúcar.;;General Enua;;;g.;1876_03_28;S. Morena;;
;;N/A:  | N/A: ;;;Torres;p.;;;;;De id. g. Antís, p. Torres: 22 s. lana y 1 equipaje.;;Antís;;;g.;1876_03_28;id.;;
;;N/A:  | N/A: ;;;;;;;;;De id. g. Isla de Cuba, p. Zaragoza: 238 c. y 825 s. a-sóor.;;Isla de Cuba;;;p.;1876_03_28;Zaragoza;;
;;N/A: ;;;Covas;p.;;;;;De Baracoa g. Bonifacia, p. Covas: 74 boc. azúcar.;;Bonifacia;;;g.;1876_03_28;Baracoa;;
;;N/A: ;;;;;;;;;De id. g. Tereita, p. Villalenga: 800 s. carbon.;;Tereita;;;p.;1876_03_28;id. g.;;
;;N/A: ;;;Núñez;p.;;;;;De id. bote Cecilia Manno, p. Núñez: 50 quaterolras miel de purga.;;Cecilia Manno;;;bote;1876_03_28;id.;;
;;N/A: ;;;Huac;pat.;;;;;De id. g. Agustina, p. Huac: 800 s. carbon.;;Agustina;;;p.;1876_03_28;id. g.;;
;;N/A: ;;;Girós;p.;;;;;De Jalmantas g. Mª T. reza, p. Girós: 10,000 ladri-llas.;;Mª T.;;;g.;1876_03_28;Jalmantas;;
;;N/A: ;;;;;;;;;De la Tijjg. Villade Gijon, p. Elera: 800 s. carbon.;;Elera;;;p.;1876_03_28;Tijjg. Villade Gijon;;
;;N/A: ;;;Mora;p.;;;;;De Manlman g. Nueva Estrella, p. Mora: 63 boc. azúcar.;;Nueva Estrella;;;g.;1876_03_28;Manlman;;
;;N/A: ;;;Navarro;p.;;;;;De id. g. Dorotea, p. Navarro: 660 s. azúcar.;;Dorotea;;;g.;1876_03_28;id.;;
;;N/A: ;;;Roselló;pat.;;;;;De id. g. Viscenta, p. Roselló: 800 s. carbon.;;Viscenta;;;p.;1876_03_28;id. g.;;
;;N/A:  | N/A:  | N/A: ;;;Roca;p.;;;;;De S Morena g. Bianca, p. Roca: 312 c. 324 s. y 98 boc. azúcar.;;Bianca;;;g.;1876_03_28;S Morena;;
;;N/A: ;;;;;;;;;De id. g. Margarita, p. Comellis: 800 s. carbon.;;Margarita;;;p.;1876_03_28;id. g.;;
;;N/A: ;;;Aleman;p.;;;;;De Jaruco g. Adelaida, p. Aleman: 33 quaterolras miel de purga.;p.;Adelaida;;;g.;1876_03_28;Jaruco;;
;;N/A: ;;;Níobla;p.;;;;;De Canasi g. Lola Marín, p. Níobla: 96 bococys mas- pahado.;;Lola Marín;;;g.;1876_03_28;Canasi;;
;;N/A:  | N/A: ;;;;p.;;;;;De id. g. Nva. Providencia, p. Colomar: 396 stravesas-fos y 30 piezas madera.;;Colomar;;;g.;1876_03_28;Nva. Providencia;;
;;N/A: ;;;Riera;p.;;;;;De id. g. Gallego, p. Riera: 860 s. carbon.;;Gallego;;;p.;1876_03_28;id. g.;;
;;N/A:  | N/A: ;;;Dane;p.;;;;;De Arroyos-vivero Bravo, p. Dane: 500 peces cadeca vi- ros y 7 q. id. aslado.;;Bravo;;;p.;1876_03_28;Arroyos-vivero;;
;;N/A: ;;;Montell;p.;;;;;De id. g. Manuela, p. Montell: 800 s. carbon.;;Manuela;;;p.;1876_03_28;id. g.;;
;;N/A: ;;;Otero;p.;;;;;De id. g. Jicarola, p. Otero: 800 s. carbon.;;Jicarola;;;g.;1876_03_28;id.;;
;;N/A:  | N/A:  | N/A: ;;;Farina;p.;;;;;De Cárdenas g. Anita, p. Farina: 750 s., 240 c. y 6 boq. azúcar.;;Anita;;;g.;1876_03_28;Cárdenas;;
;;N/A:  | N/A:  | N/A: ;;;;;;;;;De id. g. Tres Tereas, p. Estrellat: 300 c. y 50 boq. azúcar y 3 pipas agudo.;;Tres Tereas;;;p.;1876_03_28;id. g.;;
;;N/A:  | N/A:  | N/A: ;;;Vasques;p.;;;;;De Cárdenas g. María Josefa, p. Vasques: 1000 s. 50 c. y 38 boq. azúcar.;;María Josefa;;;g.;1876_03_28;Cárdenas;;
;;N/A:  | N/A:  | N/A: ;;;;;;;;;De id. g. M. del Cármen, p. Valent: 300 c. 630 s. y 9 boq. azúcar.;;Valent;;;p.;1876_03_28;id. g. M. del Cármen;;
;;N/A:  | N/A: ;;;Juan;p.;;;;;De id. g. Nva. Rosita, p. Juan: 400 c. y 60 boq. azúcar.;;Rosita;;;p.;1876_03_28;id. g. Nva.;;
;;N/A:  | N/A:  | N/A: ;;;Carbonell;p.;;;;;De Matanzas g. María, p. Carbonell: 360 s. 301 c. y 16 boq. azúcar.;;María;;;g.;1876_03_28;Matanzas;;
Día null:;;N/A:  | N/A: ;;;Ríobé;p.;;;;;De Matanzas g. Francisco, p. Ríobé: 432 c. y 80 boq. azúcar.;;Francisco;;;g.;1876_03_28;Matanzas;;
;;N/A: ;;;Colomar;p.;;;;;De Cansei g. Sabá, p. Colomar: 94 boq. azúcar.;;Sabá;;;g.;1876_03_28;Cansei;;
;;N/A:  | N/A: ;;;Macip;p.;;;;;De Santa Cruz g. Rosa María, p. Macip: 52 boq. azúcar y 45 pipas agudo.;;Rosa María;;;g.;1876_03_28;Santa Cruz;;
;;N/A:  | N/A:  | N/A: ;;;Terrón;p.;;;;;De Mástas g. Serafina, p. Terrón: 360 caballos leña, 800 qq. escarcha mangle y 30 gar. miel abejas.;;Serafina;;;g.;1876_03_28;Mástas;;
;;N/A: ;;;Durán;p.;;;;;De Rejas bde. Fernandita, p. Durán: 860 qq. escarcha mangle.;;Fernandita;;;bde.;1876_03_28;Rejas;;
;;N/A:  | N/A: ;;;Palos;p.;;;;;De idem g. Feli, p. Palos: 40 boq. azúcar y 20 cuarteros miel de abijar.;;Feli;;;g.;1876_03_28;idem;;
;;N/A:  | N/A: ;;;Ricañedil;p.;;;;;De la Maha Honda g. Elosa, p. Ricañedil: 317 c. azúcar y 9 plazas agita.;;Elosa;;;g.;1876_03_28;Maha Honda;;
;;N/A:  | N/A:  | N/A: ;;;Palan;p.;;;;;De id. g. Marcolita, p. Palan: 400 s. y 83 c. azúcar, y 8 piezas agudo.;;Marcolita;;;g.;1876_03_28;id.;;
;;N/A: ;;;Víquerrea;p.;;;;;De Cuavinas g. Paquita, p. Víquerrea: 845 c. azúcar.;;Paquita;;;g.;1876_03_28;Cuavinas;;
;;N/A:  | N/A:  | N/A: ;;;Luciano;p.;;;;;De Cabanas g. Jocelo, p. Luciano: 180 c. 640 s. y 84 boq. agudo.;;Jocelo;;;g.;1876_03_28;Cabanas;;
;;N/A: ;;;;Zaragoza;;;;;De Saguas. Flor de Saguas, p. Zaragoza: 1,500 s. carbon.;;Flor de Saguas;;;p.;1876_03_29;Saguas;;
;;N/A: ;;;Cabral;p.;;;;;De Carahatas g. Ramonlita, p. Cabral: 2,000 s. carbon.;;Ramonlita;;;g.;1876_03_29;Carahatas;;
;;N/A:  | N/A:  | N/A: ;;;Borch;p.;;;;;De Sierra Morena g. Union, p. Borch: 460 c. 450 s. y 50 bocas azúcar.;;Union;;;g.;1876_03_29;Sierra Morena;;
;;N/A: ;;;Capó;p.;;;;;De la Teja g. Catalina, p. Capó: 600 s. carbon.;;Catalina;;;g.;1876_03_29;Teja;;
;;N/A: ;;;Dardet;p.;;;;;De Cárderas g. Rosita, p. Dardet: 642 c. azúcar.;;Rosita;;;g.;1876_03_29;Cárderas;;
;;N/A: ;;;Duran;p.;;;;;De la Mulata g. Especulación, p. Duran: 600 s. carbon.;;Especulación;;;g.;1876_03_29;Mulata;;
;;N/A: ;;;Villalonga;p.;;;;;De Margalitas g. Gertrudis, p. Villalonga: 700 varas madera.;;Gertrudis;;;g.;1876_03_29;Margalitas;;
;;N/A:  | N/A: ;;;Villauso;p.;;;;;De Babil Honda g. Manuela, p. Villauso: 417 c. y 18 bocas azúcar, 10 pipas agdite.;;Manuela;;;g.;1876_03_29;Babil Honda;;
;;N/A:  | N/A: ;;;Gil;p.;;;;;De Banes g. Nueva Conoha, p. Gil: 220 c. azúcar, 60 quarteros miel de purga.;;Nueva Conoha;;;g.;1876_03_29;Banes;;
;;N/A:  | N/A: ;;;Arocha;p.;;;;;De Cabañas g. Conchita, p. Arocha: 615 s. y 49 c. azúcar.;;Conchita;;;g.;1876_03_29;Cabañas;;
;;N/A: ;;;Cabrera;p.;;;;;De la Teja g. San José, p. Cabrera: 75 bocas azúcar.;;San José;;;g.;1876_03_29;la Teja;;
;;N/A:  | N/A:  | N/A: ;;;Bonet;p.;;;;;De Sierra Morena g. Gertrudis, p. Bonet: 100 c. 400 s. y 49 bocas azúcar.;;Gertrudis;;;g.;1876_03_29;Sierra Morena;;
;;N/A:  | N/A:  | N/A: ;;;Pérez;p.;;;;;De Hijoal g. Justicia, p. Pérez: 22 o. y 52 bocas azúcar, 11 quarteros miel de purga.;;Justicia;;;g.;1876_03_29;Hijoal;;
;;N/A:  | N/A: ;;;Lloret;p.;;;;;De Oñrdenas g. Arancana, p. Lloret: 109 o. y 26 bocas azúcar.;;Arancana;;;g.;1876_03_29;Oñrdenas;;
;;N/A:  | N/A: ;;;Seoane;p.;;;;;De Sierra Morena g. Jóven Vicente, p. Seoane: 1,000 varas madera, 6 000 cujés.;;Jóven Vicente;;;g.;1876_03_29;Sierra Morena;;
;;N/A: ;;;Murcia;p.;;;;;De Jatuno g. Florencio Saez, p. Murcia: 40 quarteros miel de purga.;;Florencio Saez;;;g.;1876_03_29;Jatuno;;
;;N/A: ;;;Carrasco;p.;;;;;De Baracca botas San Antonio, p. Carrasco: 150 s. azúcar.;;San Antonio;;;botas;1876_03_29;Baracca;;
;;N/A:  | N/A: ;;;Bejas;pat.;;;;;De la Teja gol. Castilla, pat. Bejas, 453 s. y 34 bococes azúcar.;;Castilla;;;gol.;1876_03_30;la Teja;;
;;N/A:  | N/A: ;;;Bosch;pat.;;;;;De Cárdenas gol. Juanita, pat. Bosch, 130 c. y 120 bococes azúcar.;;Juanita;;;gol.;1876_03_30;Cárdenas;;
;;N/A:  | N/A:  | N/A: ;;;Pujol;pat.;;;;;De Cárdenas gol. Inés, pat. Pujol, 230 o. 200 s. y 21 bococes azúcar.;;Inés;;;gol.;1876_03_30;Cárdenas;;
;;N/A: ;;;Fellú;pat.;;;;;De Mantua gol. Cuba, pat. Fellú 800 s. carbon.;;Cuba;;;gol.;1876_03_30;Mantua;;
;;N/A: ;;;Vianquín;pat.;;;;;De Santa María gol. Segunda Gertrudis, pat. Vianquín, 1000 s. carbon.;;Segunda Gertrudis;;;gol.;1876_03_30;Santa María;;
;;N/A: ;;;Alejo;pat.;;;;;De Margajitas gol. Cinco Hermanos, pat. Alejo, 500 a-travesos.;;Cinco Hermanos;;;gol.;1876_03_30;Margajitas;;
;;N/A: ;;;Palmer;pat.;;;;;De Marleí gol. Jóven Magdalena, pat. Palmer, 500 c. azúcar.;;Jóven Magdalena;;;gol.;1876_03_30;Marleí;;
;;N/A: ;;;Rivas;pat.;;;;;De la Teja gol. Prieta, pat. Rivas, 700 s. carbon.;;Prieta;;;gol.;1876_03_30;la Teja;;
;;N/A: ;;;Martínez;p.;;;;;De la Tjag. San Francisco, p. Martínez: 800 saco carbon.;;San Francisco;;;p.;1876_03_31;la Tjag.;;
Día 01:;;N/A: ;;;Orbay;p.;;;;;De la Teja g. Cefarina, p. Orbay: 600 s. carbon.;;Cefarina;;;g.;1876_03_31;la Teja;;
;;N/A: ;;;Mas;p.;;;;;De la Teja g. Josefa, p. Mas: 600 s. carbon.;;Josefa;;;g.;1876_03_31;la Teja;;
;;N/A: ;;;Fernández;p.;;;;;De la Teja g. Ntro. Sra. del Cármen, p. Fernández: 800 s. carbon.;;Ntro. Sra. del Cármen;;;g.;1876_03_31;la Teja;;
;;N/A:  | N/A: ;;;Herrera;p.;;;;;De Cárdenas g. Mercedita, p. Herrera: 350 o. y 50 bocones azúcar.;;Mercedita;;;g.;1876_03_31;Cárdenas;;
;;N/A: ;;;Portolla;p.;;;;;De Sta. María g. Neptuno, p. Portolla: 800 s. carbon.;;Neptuno;;;g.;1876_03_31;Sta. María;;
;;N/A:  | N/A:  | N/A: ;;;Rom;cap.;;;;;De Cuba y escalas vap. Clara, cap. Rom: 500 s. maíz, 26 paquetes sencillas y efectos.;;Clara;;;vap.;1876_03_31;Cuba;;
;;N/A:  | N/A:  | N/A: ;;;Riestra;cap.;;;;;De Cuba y escalas vap. Alcántara, cap. Riestra: 54 cunros, 25 s. cacao, 6 s. filijos y efectos.;;Alcántara;;;vap.;1876_03_31;Cuba;;
;;N/A:  | N/A:  | N/A: ;;;Villamil;cap.;;;;;De Cuba y escalas vap. Manuela, cap. Villamil: 1 torcerola mieda, 13 o. ropa y efectos.;;Manuela;;;vap.;1876_03_31;Cuba;;
;;N/A: ;;;Recamora;cap.;;;;;De Galván y Sazas vap. M. Torronto, cap. Recamora: 2 torones caponjas.;;M. Torronto;;;vap.;1876_03_31;Galván y Sazas;;
;;N/A: ;;;Glaspert;patron;;;;;De la Teja g. Jóven Pilar, patron Glaspert, 100 sacos carbón.;;Jóven Pilar;;;g.;1876_04_01;la Teja;;
;;N/A: ;;;Dardet;p.;;;;;De Cárdenas g. Rosita, p. Dardet, 460 o. azúcar.;;Rosita;;;g.;1876_04_01;Cárdenas;;
;;N/A:  | N/A: ;;;Vazquez;p.;;;;;De Cárdenas g. Mª Josefía, p. Vazquez, 600 cajas y 38 bocas. azúcar.;;Mª Josefía;;;g.;1876_04_01;Cárdenas;;
;;N/A:  | N/A: ;;;Valent;p.;;;;;De Cárdenas g. Mª del Carmen, p. Valent, 600 o. y 50 bocas. azúcar.;;Mª del Carmen;;;g.;1876_04_01;Cárdenas;;
;;N/A: ;;;Núñez;p.;;;;;De Baracoa bote Cecilia Manuela, p. Núñez, 60 bocas. miel.;;Cecilia Manuela;;;bote;1876_04_01;Baracoa;;
;;N/A:  | N/A: ;;;Cabrera;p.;;;;;De idem g. San Francisco p. Cabrera: 300 o. azúcar y 40 quaterolas miel purga.;;San Francisco;;;g.;1876_04_02;idem;;
;;N/A:  | N/A: ;;;Cuebas;p.;;;;;De Cárdenas g. Cío p. Cuebas: 500 o. y 0 bocoyes azúcar.;;Cío;;;g.;1876_04_02;Cárdenas;;
Día XX:;;N/A: ;;;Núñez;p.;;;;;De idem g. Nuestra Sra. del Chámen p. Núñez: 510 o. azúcar.;;Nuestra Sra. del Chámen;;;g.;1876_04_02;idem;;
;;N/A: ;;;Pavia;p.;;;;;De idem g. General la Mar p. Pavia: 260 o. y 200 sacos azúcar.;;General la Mar;;;g.;1876_04_02;idem;;
;;N/A:  | N/A:  | N/A: ;;;Badaró;p.;;;;;De idem g. Victoria p. Badaró: 700 sacos, 41 o. y 30 bocoyes azúcar.;;Victoria;;;g.;1876_04_02;idem;;
;;N/A: ;;;Colmar;p.;;;;;De Canale g. Sabas p. Colmar: 100 bocoyas azúcar.;;Sabas;;;g.;1876_04_02;Canale;;
Día null:;;N/A: ;;;Maolp;p.;;;;;De Santa Cruz g. Rosa María p. Maolp: 140 bocoyes azúcar.;;Rosa María;;;g.;1876_04_02;Santa Cruz;;
;;N/A:  | N/A: ;;;Covas;p.;;;;;De Baracca g. Bonifacia p. Covas: 120 sacos y 53 bocoyas azúcar.;;Bonifacia;;;g.;1876_04_02;Baracca;;
;;N/A:  | N/A: ;;;Alemaní;p.;;;;;De Jaruco g. Adolaida p. Alemaní: 80 o. azúcar y 80 cuarterolas miel purga.;;Adolaida;;;g.;1876_04_02;Jaruco;;
;;N/A:  | N/A: ;;;Incian;p.;;;;;De Cabanas g. Josefa p. Incian: 150 o. 81 bocoyas y 36 sacos azúcar.;;Josefa;;;g.;1876_04_02;Cabanas;;
Día 01:;;N/A:  | N/A: ;;;Carrasoo;p.;;;;;De Banes bote San Antonio p. Carrasoo: 100 r. azúcar y 20 quaterolas miel purga.;;San Antonio;;;bote;1876_04_02;Banes;;
;;N/A:  | N/A: ;;;Perez;p.;;;;;De Matanzas g. Amalia p. Perez: 524 o. y 76 bocoyas azúcar.;;Amalia;;;g.;1876_04_02;Matanzas;;
;;N/A: ;;;Perez;p.;;;;;De Ortigosa g. B. Honda p. Perez: 600 o. azúcar;;B. Honda;;;g.;1876_04_02;Ortigosa;;
Día null:;;N/A:  | N/A: ;;;Nogueras;p.;;;;;De Cárdenas g. Agüita de Oro p. Nogueras: 500 o. y 200 sacos azúcar.;;Agüita de Oro;;;g.;1876_04_02;Cárdenas;;
;;N/A:  | N/A:  | N/A:  | N/A: ;;;O Breans;p.;;;;;De Nuevitas g. Podrito, p. O Breans: 629 serones gua- no, 442 caballos leña, 2.41 cesteras, 15 m. carbon.;;Podrito;;;g.;1876_04_04;Nuevitas;;
;;N/A:  | N/A:  | N/A:  | N/A: ;;;Rivas;pat.;;;;;De id. g. Díchese, p. Rivas: 500 caballos leña, 100 s. carbon, 5 medios biles cigarros y efectos.;;Díchese;;;p.;1876_04_04;id. g.;;
;;N/A:  | N/A:  | N/A:  | N/A: ;;;Dóplico;p.;;;;;De Caibar en g. Pepila Alvarén, p. Dóplico: 600 cabal- llos leña, 300 dnas casonjas, 25 cueros y efectos.;;Pepila Alvarén;;;g.;1876_04_04;Caibar;;
;;N/A:  | N/A:  | N/A:  | N/A: ;;;Colomar;p.;;;;;De Sagna g. Correo de Calari, p. Colomar: 200 r. carbon, 1.000 dnas. ogas, 50 pipas agdte. y efectos.;;Correo de Calari;;;g.;1876_04_04;Sagna;;
Día null:;;N/A:  | N/A: ;;;Santo Domingo;p.;;;;;De Carriónas g. Terosín, p. Santo Domingo: 800 s. y 100 bocas. rúdcar.;;Terosín;;;g.;1876_04_04;Carriónas;;
;;N/A:  | N/A: ;;;Ferrer;p.;;;;;De Sierra Morena g. Eliza, p. Ferrer: 801 o. y 14 bocas. ancár.;;Eliza;;;g.;1876_04_04;Sierra Morena;;
;;N/A:  | N/A:  | N/A: ;;;Noble;p.;;;;;De la Toja g. María Josefa, p. Noble: 260 atravesanos, 5) palos madera, 40 srbos.;;María Josefa;;;g.;1876_04_04;la Toja;;
;;N/A: ;;;Gelpí;p.;;;;;De id. g. Jóven Luisa, p. Gelpí: 600 s. carbon.;;Jóven Luisa;;;g.;1876_04_04;id.;;
;;N/A:  | N/A:  | N/A: ;;;Farinha;p.;;;;;De Cárdenas g. Avila, p. Farinha: 600 o. 100 s. y 1 bo- cos antonar.;;Avila;;;g.;1876_04_04;Cárdenas;;
;;N/A: ;;;Llortet;p.;;;;;De id. g. Arancana, p. Llortet: 416 o. id.;;Arancana;;;g.;1876_04_04;id.;;
;;N/A: ;;;;p.;;;;;De id. g. Panchita, p. Aleman: 470 o. id.;Aleman;Panchita;;;g.;1876_04_04;id.;;
;;N/A:  | N/A: ;;;Alemán;p.;;;;;De Mitapaz g. Elvira, p. Alemán: 336 o. y 86 bocas. azúcar y efectos.;;Elvira;;;g.;1876_04_04;Mitapaz;;
Día XX:;;N/A:  | N/A: ;;;;pat.;;;;;De id. g. Igucita, p. Calafell: 262 o. y 314 s. azúcar y efectos.;;Igucita;;;p.;1876_04_04;id. g.;;
;;N/A:  | N/A:  | N/A: ;;;;;;;;;De id. g. Dos Hermanas, p. Visquerra: 374 c. 291 s. y 14 bocas. azúcar y efectos.;;Visquerra;;;p.;1876_04_04;Dos Hermanas;;
;;N/A:  | N/A:  | N/A: ;;;Llado;p.;;;;;De Babia Houda g. Carmite, p. Llado: 340 o. azúcar 10 pipas y gito, 20 tercios tabaco.;;Carmite;;;g.;1876_04_04;Babia;;
;;N/A:  | N/A: ;;;Lopez;p.;;;;;De Cabafas g. Caballo Marino, p. Lopez: 566 o. azúcar 20 pipas agdte.;;Caballo Marino;;;g.;1876_04_04;Cabafas;;
;;N/A: ;;;Palmer;p.;;;;;De Mariel g. Jóvna Mandalona, p. Palmer: 500 c. id.;;Jóvna Mandalona;;;g.;1876_04_04;Mariel;;
;;N/A:  | N/A: ;;;Gil;p.;;;;;De Bañosa g. Nueva Concha, p. Gil: 200 o. azúcar 57 quarternas miel de purga.;;Nueva Concha;;;g.;1876_04_04;Bañosa;;
Día null:;;N/A: ;;;Jofra;cap.;;;;;De Cárdenas vap. Bolor, cap. Jofra: 1,000 o. azúcar y efectos.;;Bolor;;;vap.;1876_04_04;Cárdenas;;
Día 01:;;N/A: ;;;Joy;p.;;;;;De Sierra Morena g. Tros Hermanas, p. Joy: 800 s. carbon.;;Tros Hermanas;;;g.;1876_04_04;Sierra Morena;;
;;N/A: ;;;Núñez;p.;;;;;De Baracca boto Cocilla Mandela, p. Núñez: 50 onar- terosos inel de parga.;;Cocilla;;;boto;1876_04_04;Baracca;;
;;N/A: ;;;Ferrer;p.;;;;;De Pr. E-ondido g. Puerto Rascunoldo, p. Ferrer: 114 bocas. azúcar.;;Puerto Rascunoldo;;;g.;1876_04_04;Pr. E-ondido;;
Día XX:;;N/A: ;;;Darjet;pat.;;;;;De id. g. Rócta, p. Darjet: 640 o. d.;;Rócta;;;p.;1876_04_04;id. g.;;
;;N/A:  | N/A: ;;;Pujol;p.;;;;;De id. g. Inés, p. Pujol: 300 o. y 50 bocas. azúcar.;;Inés;;;g.;1876_04_04;id.;;
;;N/A:  | N/A: ;;;;pat.;;;;;De id. g. Tr. a Tercas, p. Ensayat: 400 o. y 60 bocas. id.;;Ensayat;;;p.;1876_04_04;id. g. Tr.;;
;;N/A:  | N/A: ;;;Macip;p.;;;;;De Sta Cruz g. Rosa María, p. Macip: 200 o. id. y 34 pl. azúcar.;;Rosa María;;;g.;1876_04_04;Sta Cruz;;
;;N/A: ;;;Pujol;p.;;;;;De Jaruco g. Golondriza, p. Pujol: 183 o. azúcar.;;Golondriza;;;g.;1876_04_04;Jaruco;;
;;N/A: ;;;;p.;;;;;De id. g. Fíorencio Saez, p. Murcia: 127 o. id.;;Fíorencio Saez;;;g.;1876_04_04;Murcia;;
;;N/A: ;;;Roc;p.;;;;;De Sierra Morena g. Blanca, p. Roc, 50 s. y 127 o. y 50 bocas. azúcar.;;Blanca;;;g.;1876_04_04;Sierra Morena;;
;;N/A:  | N/A: ;;;Zaragoza;p.;;;;;De Sierra Mierna gol. Isla de Cuba, p. Zaragoza-400 sacos y 120 boocyes azucar.;;Isla de Cuba;;;gol.;1876_04_05;Sierra Mierna;;
;;N/A: ;;;Sarchez;p.;;;;;De Teja gol. 2 Amistad, p. Sarchez-700 ticos carbon.;;2 Amistad;;;gol.;1876_04_05;Teja;;
;;N/A: ;;;Lloret;p.;;;;;De Santa Isabel gol. Isabelita, p. Lloret-200 caoca carbon.;;Isabelita;;;gol.;1876_04_05;Santa Isabel;;
;;N/A: ;;;Planelle;p.;;;;;De Baja gol. Salve Virgen Maria, p. Planelle-700 quintales caskara manglo.;;Salve Virgen Maria;;;gol.;1876_04_05;Baja;;
;;N/A: ;;;Visquera;p.;;;;;De Cabatas gol. Paquita, p. Visquera-545 cajas azucar.;;Paquita;;;gol.;1876_04_05;Cabatas;;
;;N/A: ;;;;p.;;;;;De idom gol Juanita, p. Gomila-330 cajas azucar.;;Juanita;;;gol.;1876_04_05;idom;;
;;N/A: ;;;Toper;p.;;;;;De Dominica gol. Dominica, p. Toper-230 cajas azucar.;;Dominica;;;gol.;1876_04_05;Dominica;;
;;N/A: ;;;Grandel;p.;;;;;De Jaimanitas bote Prosperidad, p. Grandel-16,530 ladillos.;;Prosperidad;;;bote;1876_04_05;Jaimanitas;;
;;N/A: ;;;Mora;p.;;;;;De Minimau gol. Nueva Estrella, p. Mora-90 cartas miel de purga.;;Nueva Estrella;;;gol.;1876_04_05;Minimau;;
;;N/A:  | N/A: ;;;Gomes;p.;;;;;De Bihia Honda gol. Francolana, p. Gomes-150 bocoyes mafiray 50 plpas agdte.;;Francolana;;;gol.;1876_04_05;Bihia Honda;;
;;N/A: ;;;Roldan;cap.;;;;;De Cricosas cap. Alava, cap. Roldan-1370 cajas azucar.;;Alava;;;cap.;1876_04_05;Cricosas;;
;;N/A: ;;;;p.;;;;;De Baracos bonifacia, p. Covas-74 bocoyes azucar.;;Covas-74;;;bonifacia;1876_04_05;Baracos;;
;;N/A: ;;;Vázquez;pat.;;;;;D. Cárdenas gol. María Josefa, pat. Vázquez, 700 o ancar.;;María Josefa;;;gol.;1876_04_06;Cárdenas;;
;;N/A: ;;;Colomar;pat.;;;;;De Canasi gol. Sabas, pat. Colomar, 100 bocoyes szd.;;Sabas;;;gol.;1876_04_06;Canasi;;
;;N/A:  | N/A:  | N/A: ;;;Peres;p.;;;;;De Mariol g. Altagracia, p. Peres, 100 o. y 60 boyes. azúcar. 12 pps. aguardiente.;;Altagracia;;;g.;1876_04_06;Mariol;;
;;N/A:  | N/A: ;;;Palau;p.;;;;;De B. Honda g. Mercedita, p. Palau, 300 s. y 100 c. azúcar. 16 pps. aguardiente.;;Mercedita;;;g.;1876_04_06;B. Honda;;
;;N/A: ;;;Núnez;p.;;;;;De Baracoa bote Cecilia Manuola, p. Núnez, 55 carterolas mial purza.;;Cecilia Manuola;;;bote;1876_04_06;Baracoa;;
;;N/A:  | N/A: ;;;Arocha;p.;;;;;De Id. g. Dolorita, p. Arocha, 100 o. y 48 bocoyes azúcar.;;Dolorita;;;g.;1876_04_06;Id.;;
;;N/A: ;;;Badrú;p.;;;;;De Cárdenas g. Victoria, p. Badrú 360 s. 1:0 c. y 10 boyes azúcar.;;Victoria;;;g.;1876_04_06;Cárdenas;;
;;N/A:  | N/A: ;;;Pollico;p.;;;;;De Matanzas g. Emilio, p. Pollico, 4:2 c. 70 boyes. y 55 o. azúcar.;;Emilio;;;g.;1876_04_06;Matanzas;;
;;N/A: ;;;Carrasco;p.;;;;;De Baracoa bote S. Antonio, p. Carrasco, 196 o. azúcar.;;S. Antonio;;;bote;1876_04_06;Baracoa;;
;;N/A:  | N/A:  | N/A:  | N/A:  | N/A: ;;;Sevilla;p.;;;;;De Nuevitas g. 2º Cantinera. p. Sevilla: 600 caballos, 100 s. carbón, 42 queros, 4 bultos oera y efectos.;;2º Cantinera;;;g.;1876_04_07;Nuevitas;;
;;N/A: ;;;Enrich;p.;;;;;De Carahatas g. Amparo, p. Enrich: 600 s. carbón.;;Amparo;;;g.;1876_04_07;Carahatas;;
Día Bajas:;;N/A:  | N/A: ;;;;p.;;;;;De la Teja g. Castilla, p. Bajas: 500 s. y 61 bozos. azúcar, 11 pp. aguardiente.;;Castilla;;;g.;1876_04_07;la Teja;;
;;N/A:  | N/A:  | N/A:  | N/A: ;;;Núñez;p.;;;;;De Cárdenas g. Ntra. Bra. del Cármen, p. Núñez: 250 o. azúcar, 300 bls. y 100 s. harina, 10 o. cera y efectos.;;Ntra. Bra. del Cármen;;;g.;1876_04_07;Cárdenas;;
;;N/A:  | N/A: ;;;Herrera;p.;;;;;De Cárdenas g. Mercedita, p. Herrera: 400 o. y 30 bocoyes azúcar, 100 paquetes tablillas de cedro.;;Mercedita;;;g.;1876_04_07;Cárdenas;;
;;N/A: ;;;Dardet;p.;;;;;De Cárdenas g. Rosita, p. Dardet: 610 o. azúcar.;;Rosita;;;g.;1876_04_07;Cárdenas;;
;;N/A:  | N/A:  | N/A: ;;;Blobo;p.;;;;;De Matanzas g. Francisco, p. Blobo: 300 p. y 30 bocoyes azúcar, 50 bocoyes aguardiente, 130 bics. harina y efectos.;;Francisco;;;g.;1876_04_07;Matanzas;;
;;N/A: ;;;Niebla;p.;;;;;De Canasi g. Lola Marina, p. Niebla: 102 bocoyes azúcar.;;Lola Marina;;;g.;1876_04_07;Canasi;;
;;N/A:  | N/A: ;;;Maslp;p.;;;;;De Santa Cruz g. Rosa María, p. Maslp: 300 s. y 93 cajas azúcar, 42 pp. aguardiente.;;Rosa María;;;g.;1876_04_07;Santa Cruz;;
Día XX:;;N/A:  | N/A: ;;;Ynocan;p.;;;;;De Cabañas g. Josefa, p. Ynocan: 460 s. y 200 c. azúcar, 18 pp. aguardiente.;;Josefa;;;g.;1876_04_07;Cabañas;;
;;N/A:  | N/A: ;;;Bonet;p.;;;;;De Sierra Morena g. Gertrudis, p. Bonet: 100 bocoyes y 160 s. azúcar.;;Gertrudis;;;g.;1876_04_07;Sierra Morena;;
Día 01:;;N/A: ;;;Riera;p.;;;;;De Pto. Escondido g. Pto. Escondido, p. Riera: 114 bocoyes azúcar.;;Pto. Escondido;;;g.;1876_04_07;Pto. Escondido;;
;;N/A:  | N/A:  | N/A: ;;;Jofre;cap.;;;;;De Cárdenas vap. Soler, cap. Jofre: 1141 o. azúcar, 35 p. nas aguardiente y efectos.;;Soler;;;vap.;1876_04_07;Cárdenas;;
;;N/A:  | N/A:  | N/A: ;;;Rosa;p.;;;;;De Sierra Morena g. General Enna, p. Rosa: 958 sacos, 36 o. y 30 bozos. azúcar.;;General Enna;;;g.;1876_04_07;Sierra Morena;;
;;N/A:  | N/A: ;;;Cabrera;p.;;;;;De la Teja g. San José, p. Cabrera: 206 s. y 50 bocoyes azúcar.;;San José;;;g.;1876_04_07;Teja;;
;;N/A:  | N/A: ;;;López;p.;;;;;De Cabañas g. Caballo Marino, p. López: 561 c. azúcar, 20 pp. aguarplento.;;Caballo Marino;;;g.;1876_04_07;Cabañas;;
;;N/A:  | N/A: ;;;Cabré;p.;;;;;De Sierra Morena g. María, p. Cabré: 501 c. azúcar y efectos.;;María;;;g.;1876_04_07;Sierra Morena;;
;;N/A: ;;;Almaní;p.;;;;;De Jaruco g. Adelaida, p. Almaní: 88 o. azúcar.;;Adelaida;;;g.;1876_04_07;Jaruco;;
;;N/A:  | N/A: ;;;Cobae;p.;;;;;De Baracoa g. Bonifacio, p. Cobae: 159 s. y 50 bocoyes azúcar.;;Bonifacio;;;g.;1876_04_07;Baracoa;;
;;N/A: ;;;Morondo;p.;;;;;De Margajitas g. María, p. Morondo: 600 atravesanos.;;María;;;g.;1876_04_07;Margajitas;;
;;N/A:  | N/A: ;;;Nuñez;p.;;;;;De Calabien g. María del Rosario, p. Nuñez, 600 caballo, 100 stravasahou.;;María del Rosario;;;g.;1876_04_08;Calabien;;
;;N/A: ;;;Coyula;p.;;;;;De la Trj g. América, p. Coyula, 600 s. azúcar.;;América;;;g.;1876_04_08;Trj;;
;;N/A: ;;;Monar;p.;;;;;De Idom g. Sófia, p. Monar, 1000 s. carbón.;;Sófia;;;g.;1876_04_08;Idom;;
;;N/A: ;;;Lloret;p.;;;;;De Cárdenas g. Avançana, p. Lloret, 416 o. azúcar.;;Avançana;;;g.;1876_04_08;Cárdenas;;
;;N/A:  | N/A: ;;;Peroz;p.;;;;;De Illonjal g. Justica, p. Peroz, 58 o. azúcar, 65 quart. mil de purga.;;Justica;;;g.;1876_04_08;Illonjal;;
;;N/A:  | N/A: ;;;Denulfoe;p.;;;;;De Cabalas g. Ntra. Sra. del Cármen, p. Denulfoe, 464 s. y 200 o. azúcar, 13 pps. aguardiente.;;Ntra. Sra. del Cármen;;;g.;1876_04_08;Cabalas;;
;;N/A: ;;;Duran;p.;;;;;De Mariel bln. Fernandita, p. Duran, 300 caballos.;;Fernandita;;;bln.;1876_04_08;Mariel;;
;;N/A:  | N/A: ;;;Perí;p.;;;;;De Jarruco bdro. Coradonga, p. Perí, 106 s. y 34 fangoa náiz.;;Coradonga;;;bdro.;1876_04_08;Jarruco;;
;;N/A:  | N/A:  | N/A:  | N/A: ;;;Manuel Torronte;cap.;;;;;De Saguas cap. Manuel Torronte, cap. Rocamar, 3 o. azúcar, 4 fardes tubo, 1 caballo y ofentos.;;Rocamar;;;cap.;1876_04_08;Saguas;;
Día 06:;;N/A: ;;;Valent;p.;;;;;De Cárdenas g. Mª del Cármen, p. Valent, 6:0 o. y 300 s. azúcar.;;Mª del Cármen;;;g.;1876_04_08;Cárdenas;;
;;N/A:  | N/A:  | N/A: ;;;Pejol;p.;;;;;De Jor. ceg. Góisondrina, p. Pejol, 25 bayas azúcar. 56 cuartos, 1000 o. de paga.;;Góisondrina;;;ceg.;1876_04_08;Jor.;;
;;N/A: ;;;Lopez;p.;;;;;De la Dominica g. Dominica, p. Lopez, 230 o. azúcar.;;Dominica;;;g.;1876_04_08;Dominica;;
;;N/A:  | N/A:  | N/A: ;;;Carbonell;p.;;;;;De Matanzas g. María, p. Carbonell, 492 o. y 88 bojas azúcar y efo.;;María;;;g.;1876_04_08;Matanzas;;
;;N/A:  | N/A:  | N/A:  | N/A:  | N/A: ;;;Rodriguez;p.;;;;;De Calabrian go. Brillante, p. Rodriguez-200 caba-los leto, 180 paquetos tabillas, 15 palos, 6 bollos octa y oefos.;;Brillante;;;go.;1876_04_09;Calabrian;;
;;N/A: ;;;Navarro;p.;;;;;De Teja gol. Dórtotes, p. Navarro-319 cajas de azúcar.;;Dórtotes;;;gol.;1876_04_09;Teja;;
;;N/A: ;;;Montell;p.;;;;;De idem gol. Manuela, p. Montell-500 sacos de carbón.;;Manuela;;;gol.;1876_04_09;idem;;
;;N/A:  | N/A:  | N/A: ;;;Cuebas;p.;;;;;De Cárdenas gol. Clio, p. Cuebas-400 sacos, 200 cajas y 50 becoyes azúcar.;;Clio;;;gol.;1876_04_09;Cárdenas;;
;;N/A:  | N/A:  | N/A: ;;;Enseñat;p.;;;;;De idem gol. Tres Terezas, p. Enseñat-350 cajas azúcar, 138 paquetes tabillas y 300 varas madera.;;Tres Terezas;;;gol.;1876_04_09;idem;;
;;N/A:  | N/A: ;;;Juan;p.;;;;;De idem gol. Nueva Rosita, p. Juan-400 cajas y 400 sacos azúcar.;;Nueva Rosita;;;gol.;1876_04_09;idem;;
;;N/A: ;;;Colomar;p.;;;;;De Cañari gol. Sabas, p. Colomar-500 bocoyes miel de purga.;;Sabas;;;gol.;1876_04_09;Cañari;;
;;N/A: ;;;Martínez;p.;;;;;De Batabaró gol. Paquete Cibara, p. Martínez-1000 cahallos leto.;;Paquete Cibara;;;gol.;1876_04_09;Batabaró;;
;;N/A: ;;;Rojas;p.;;;;;De Biraoca bote San José, p. Rojas-400 sacos de azúcar.;;San José;;;bote;1876_04_09;Biraoca;;
;;N/A: ;;;Carrasco;p.;;;;;De idem bote San Antonio, p. Carrasco-186 sacos de azúcar.;;San Antonio;;;bote;1876_04_09;idem;;
;;N/A:  | N/A: ;;;Núñez;p.;;;;;De idem bote Coelía Manuela, p. Núñez-41 cuartos-rolas y 6 bocoyes miel de purga.;;Coelía Manuela;;;bote;1876_04_09;idem;;
;;N/A: ;;;Paz;p.;;;;;"De Congas g. Carmita, p. Paz; 603 s. carbón.";;Carmita;;;g.;1876_04_12;Congas;;
;;N/A: ;;;Aouna;p.;;;;;"De la Tría g. Candita, p. Aouna; 200 s. carbón.";;Candita;;;g.;1876_04_12;Tría;;
;;N/A: ;;;Alemanf;p.;;;;;"De Cardenas g. Panchita, p. Alemanf; 450 c. azúcar.";;Panchita;;;g.;1876_04_12;Cardenas;;
;;N/A:  | N/A:  | N/A: ;;;Calasfel;p.;;;;;"De Matanzas g. Iguscita, p. Calasfel; 565 s. 110 c. y 40 boc. azúcar.";;Iguscita;;;g.;1876_04_12;Matanzas;;
;;N/A:  | N/A: ;;;Príol;p.;;;;;"De Jaruco g. Golodrín, p. Príol; 162 s y 99 o. azúcar.";;Golodrín;;;g.;1876_04_12;Jaruco;;
;;N/A:  | N/A:  | N/A: ;;;Alvaréz;p.;;;;;"De las Tunas g. Natividad, p. Alvaréz; 500 pipas de guardiente, 5 buitres cobre viejo, 3 tercos. azúcar.";;Natividad;;;g.;1876_04_12;las Tunas;;
;;N/A: ;;;Covar;p.;;;;;"De Baracong Bonifacia, p. Covar; 103 o. 23 s y 41 boc. azúcar.";;Bonifacia;;;p.;1876_04_12;Baracong;;
;;N/A: ;;;;;;;;;"De Cabañag Saba, p. Colomar; 340 o. azúcar.";;Colomar;;;p.;1876_04_12;Cabañag;;
;;N/A: ;;;Pírova;p.;;;;;"De la Oltigosa g. Bahía Honda, p. Pírova; 400 c. szh-car.";;Bahía Honda;;;g.;1876_04_12;Oltigosa;;
;;N/A:  | N/A: ;;;Bosch;p.;;;;;"De Sierra Morona g. Gartrudis, p. Bosch; 335 o. y 111 s. azúcar.";;Gartrudis;;;g.;1876_04_12;Sierra Morona;;
;;N/A: ;;;Oliver;p.;;;;;De Nuevitas g. Estrella, p. Oliver 600 s. carbon.;;Estrella;;;g.;1876_04_13;Nuevitas;;
;;N/A: ;;;Colomar;p.;;;;;De Sagra g. Providencia, p. Colomar, 1200 sacos carbon.;;Providencia;;;g.;1876_04_13;Sagra;;
;;N/A:  | N/A: ;;;Echavarria;p.;;;;;De Cañahatas g. Tres hermanas, p. Echavarria, 600 sacos y 160 bocas azucar, 2 pps. agudo.;;Tres hermanas;;;g.;1876_04_13;Cañahatas;;
;;N/A: ;;;Cabrera;p.;;;;;De Teja g. San José, p. Cabrera 85 bocas azucar.;;San José;;;g.;1876_04_13;Teja;;
;;N/A: ;;;Castro;p.;;;;;De idem g. Gallego, p. Castro, 600 s. carbon.;;Gallego;;;g.;1876_04_13;idem;;
;;N/A: ;;;Orbay;p.;;;;;De idem g. Cofresina, p. Orbay, 600 s. carbon.;;Cofresina;;;g.;1876_04_13;idem;;
;;N/A: ;;;Herrera;p.;;;;;De Cardones g. Mercedita, p. Herrera, 400 o. azucar.;;Mercedita;;;g.;1876_04_13;Cardones;;
;;N/A:  | N/A: ;;;Bosch;p.;;;;;De idem g. Juanita, p. Bosch: 575 o. y 10 bcs. azucar.;;Juanita;;;g.;1876_04_13;idem;;
;;N/A: ;;;Riera;pat.;;;;;De Puerto Escondido g. Puerto Escondido, pat. Riera, 100 bcs. azucar.;;Puerto Escondido;;;g.;1876_04_13;Puerto Escondido;;
;;N/A:  | N/A:  | N/A: ;;;Palau;p.;;;;;De Bahia Honda g. Mercedita, p. Palau, 562 s. y 35 o. azucar, 3 pps. agudo.;;Mercedita;;;g.;1876_04_13;Bahia Honda;;
;;N/A:  | N/A:  | N/A:  | N/A: ;;;Manzo;osp.;;;;;De Cuba y escalas vas. Marcella, osp. Manzo, 70 sacos cocos 30 idem cacao, 33 bar. aceite de coco y ofsetos.;;Marcella;;;vas.;1876_04_13;Cuba;;
;;N/A: ;;;Tasso;p.;;;;;De Jaruco bdro. Covadonga, p. Tasso, 600 fanegas de maíz.;;Covadonga;;;bdro.;1876_04_13;Jaruco;;
;;N/A: ;;;Rojas;p.;;;;;De baracoa bdro. San José, p. Rojas, 400 s. cal.;;San José;;;bdro.;1876_04_13;baracoa;;
;;N/A:  | N/A: ;;;Cabré;p.;;;;;De Sierra Morena g. María, p. Cabré, 300 cajas y 400 sacos azucar.;;María;;;g.;1876_04_13;Sierra Morena;;
;;N/A:  | N/A: ;;;Zaragoze;p.;;;;;De idem g. Isla de Cuba, p. Zaragoze, 460 s. y 190 bcs. azucar.;;Isla de Cuba;;;g.;1876_04_13;idem;;
;;N/A: ;;;Grandal;p.;;;;;De Jalmantia bte. Freseridad, p. Grandal, 9000 la-drill.;;Freseridad;;;bte.;1876_04_13;Jalmantia;;
;;N/A: ;;;Vlequerra;p.;;;;;De Cabanas g. Paquita, p. Vlequerra, 703 o. y 296 sacos azucar.;;Paquita;;;g.;1876_04_13;Cabanas;;
;;N/A:  | N/A: ;;;Gil;pat.;;;;;De Banes g. Nva. Conche, pat. Gil, 238 o. azucar, 500 quarteros miel de purg.;;Nva. Conche;;;g.;1876_04_13;Banes;;
;;N/A: ;;;Carrasco;p.;;;;;De Baracena bte San Antonio, p. Carrasco, 186 sacos azucar.;;San Antonio;;;bte;1876_04_13;Baracena;;
Día XX:;;N/A: ;;;Darjet;p.;;;;;De idem g. Icisa p. Darjet: 610 o azúcar.;;Icisa;;;g.;1876_04_16;idem;;
;;N/A:  | N/A:  | N/A: ;;;Roca;p.;;;;;De Sierra Morena g. General Mena p. Roca: 118 cajas 36 años y 100 boocyes asfocar.;;General Mena;;;g.;1876_04_16;Sierra Morena;;
;;N/A: ;;;Villalonga;p.;;;;;De idem g. Teresita p. Villalonga: 600 sacos carbon.;;Teresita;;;g.;1876_04_16;idem;;
;;N/A:  | N/A:  | N/A:  | N/A: ;;;Visquerra;p.;;;;;De Matanas g. Dos Hermanas p. Visquerra: 3 5 cajas y 63 boos. andaray y efectos.;;Dos Hermanas;;;g.;1876_04_16;Matanas;;
;;N/A: ;;;Gordilla;p.;;;;;De la Teja g. Prita p. Gordilla: 600 s. carbon.;;Prita;;;g.;1876_04_16;la Teja;;
Día XX:;;N/A:  | N/A: ;;;A'em;p.;;;;;De idem g. Elvira p. A'em új: 160 c, y 98 bocoyea azúcar.;;Elvira;;;g.;1876_04_16;idem;;
Día XX:;;N/A: ;;;Roselló;p.;;;;;De idem g. Vicente p. Roselló: 800 s. carbem.;;Vicente;;;g.;1876_04_16;idem;;
;;N/A: ;;;;;;;;;De Batabáro bdr. María: 1000 balboas leña.;;María;;;bdr.;1876_04_16;Batabáro;;
;;N/A:  | N/A: ;;;Negreras;p.;;;;;De Cardenas g. Agüla de Oro p. Negreras: 350 cajas y 70 boocyes asfocar.;;Agüla de Oro;;;g.;1876_04_16;Cardenas;;
;;N/A:  | N/A: ;;;Lopez;p.;;;;;De la Dominica g. Dominica p. Lopez: 158 o. azúcar, 93 quarterolas mío purga.;;Dominica;;;g.;1876_04_16;Dominica;;
;;N/A:  | N/A: ;;;Roselló;p.;;;;;De Cabanas g. Esmeralda p. Roselló: 110 boocoyes azúcar, 30 plipas aguardiente.;;Esmeralda;;;g.;1876_04_16;Cabanas;;
;;N/A:  | N/A:  | N/A: ;;;Quebes;p.;;;;;De idem g. Ollo p. Quebes: 400 sacos, 300 cajas y 39 boocyes asfocar.;;Ollo;;;g.;1876_04_16;idem;;
;;N/A:  | N/A: ;;;Santos;p.;;;;;De idem g. Quilatina p. Santos: 225 o. azúcar y 43 plipas aguardiente.;;Quilatina;;;g.;1876_04_16;idem;;
Día null:;;N/A: ;;;Badajoz;p.;;;;;De idem g. Victoria p. Badajoz: 540 c. asfocar.;;Victoria;;;g.;1876_04_16;idem;;
;;N/A: ;;;Vilialonga;p.;;;;;De idem g. J. Gortrudis p. Vilialonga: 500 o. azúcar.;;J. Gortrudis;;;g.;1876_04_16;idem;;
;;N/A: ;;;Núñez;p.;;;;;De idem beto Cecilia Manuela p. Núñez: 50 onarterolas mío purga.;;Cecilia Manuela;;;beto;1876_04_16;idem;;
;;N/A:  | N/A:  | N/A:  | N/A: ;;;Ocolmar;p.;;;;;De Canas g. Sabas p. Ocolmar: 72 boos. azúcar, 20 id. concentrado, 5 tarros mielabelas y 30 ar. oera.;;Sabas;;;g.;1876_04_16;Canas;;
;;N/A: ;;;Minola;p.;;;;;De Jaruce g. Florencio Saez p. Minola: 134 cajas azúcar.;;Florencio Saez;;;g.;1876_04_16;Jaruce;;
;;N/A: ;;;Felicio;p.;;;;;De Santa María g. Cuba p. Felicio: 500 g. carbon.;;Cuba;;;g.;1876_04_16;Santa María;;
;;N/A:  | N/A:  | N/A:  | N/A:  | N/A: ;;;Forragot;p.;;;;;De Cienfuegos g. Almanza p. Forragot: 1200 barriles harina, 9 atados carraza, 1 quarterola azúcar, 1 o. fósforos y 5 o. leasas.;;Almanza;;;g.;1876_04_16;Cienfuegos;;
;;N/A: ;;;Mora;p.;;;;;De Maníman g. Nueva Estrella p. Mora: 60 boocoyes azúcar.;;Nueva Estrella;;;g.;1876_04_16;Maníman;;
;;N/A:  | N/A:  | N/A: ;;;Rom;cap.;;;;;De Caba y cecolas vap. Clara cap. Rom: 87 boocoyes azúcar, 47 idem mío, 85 tercios tabaco y efectos.;;Clara;;;vap.;1876_04_16;Caba;;
Día :;;N/A:  | N/A:  | N/A:  | N/A:  | N/A:  | N/A:  | N/A: ;;;Llovet;cap.;;;;;De idem vap. Meotexuma cap. Llovet: 39 cueros, 1 saco café, 9 bles. mío abejas, 17 bles. acoita de coco, 18 docenas aerones, 2 bles. cigarros y efectos.;;Meotexuma;;;vap.;1876_04_16;idem;;
;;N/A:  | N/A:  | N/A: ;;;Farina;p.;;;;;De Cárdenas g. Anita p. Farina: 600 o, 34 s., y 5 bocoyes azúcar.;;Anita;;;g.;1876_04_16;Cárdenas;;
;;N/A:  | N/A:  | N/A: ;;;Brage;p.;;;;;De Calbarlen g. Engraela p. Brage: 140 boos. mío purga, 10 s. mais, 1 acorn esponjas.;;Engraela;;;g.;1876_04_16;Calbarlen;;
;;N/A:  | N/A: ;;;Jefe;cap.;;;;;De Cádizas vap. Solar cap. Jefe: 237 bccs. vzzar y efectos.;;Solar;;;vap.;1876_04_16;Cádizas;;
;;N/A: ;;;Ferrer;p.;;;;;De la Teja 2ª Luz de Yara p. Ferrer: 600 s. carbam.;;Luz de Yara;;;p.;1876_04_19;Teja;;
;;N/A:  | N/A:  | N/A:  | N/A:  | N/A: ;;;Barna;p.;;;;;De Nuevitas g. Dolores p. Barna: 500 caballos leña, 2000 pecas co gueno, 90 torcos maqas, 800 sacos carbon y cefitos.;;Dolores;;;g.;1876_04_19;Nuevitas;;
;;N/A:  | N/A: ;;;Jt.;cap.;;;;;De Caidenas vap. Soler cap. Jt. fre: 939 boos. y 24 cajas;;Soler;;;vap.;1876_04_19;Caidenas;;
;;N/A: ;;;Rldar;cap.;;;;;De Cárdenas cap. Clara cap. Rldar: 1039 o. azúcar.;;Clara;;;;1876_04_19;Cárdenas;;
;;N/A:  | N/A:  | N/A:  | N/A:  | N/A: ;;;Erochat;p.;;;;;De Saguas g. Gorlion p Erochat, 2200 docenas sagas majas, 120 torcos tiras de idom, 400 s. carbon, 40 bul- tos muncles, 27 torcs. mle abejas.;;Gorlion;;;g.;1876_04_19;Saguas;;
;;N/A: ;;;P. helrc;p.;;;;;De idem g. Mercedita p. P. helrc: 910 o. azúcar.;;Mercedita;;;g.;1876_04_19;idem;;
Día null:;;N/A:  | N/A: ;;;Santo Domingo;p.;;;;;De Carahazas g. Torresita p. Santo Domingo: 800 sacos y 100 azúcar.;;Torresita;;;g.;1876_04_19;Carahazas;;
;;N/A:  | N/A: ;;;Bosch;p.;;;;;De S Mirena g. Union p. Bosch: 460 s. y 163 bojoeq asfcar.;;Union;;;g.;1876_04_19;S Mirena;;
;;N/A: ;;;Toro;p.;;;;;De la Trjas g. Nva. Providencia p. Toro: 550 atravasa- cion.;;Nva. Providencia;;;g.;1876_04_19;Trjas;;
;;N/A:  | N/A: ;;;Bosch;p.;;;;;De Cárdenas g. Juanita p. Bosch: 570 o. y 10 boos. as- zucar.;;Juanita;;;g.;1876_04_19;Cárdenas;;
Día 01:;;N/A:  | N/A: ;;;Carmon;p.;;;;;De idem g. M. del Carmon p. Valen: 400 o. y 400 sacos azúcar.;;M.;;;g.;1876_04_19;idem;;
Día XX:;;N/A: ;;;Vazquez;p.;;;;;De idem g. M. Josefa p. Vazquez: 500 o. y 400 sacos azúcar.;;M. Josefa;;;g.;1876_04_19;idem;;
Día null:;;N/A:  | N/A:  | N/A: ;;;Ensehat;p.;;;;;De idem g. Tros Torisas p. Ensehat: 300 o. y 0 boc- yes azúcar, 100 blo. harina y efectos.;;Tros Torisas;;;g.;1876_04_19;idem;;
;;N/A:  | N/A:  | N/A: ;;;Pollicer;p.;;;;;De Matasnas g. Emilio p. Pollicer: 90 o. azúcar, 100 blo. harina y efectos.;;Emilio;;;g.;1876_04_19;Matasnas;;
;;N/A: ;;;Gorrin;p.;;;;;De B. Honda g. Francisco p. Gorrin: 603 o. azúcar.;;Francisco;;;g.;1876_04_19;B. Honda;;
;;N/A:  | N/A: ;;;Escandell;p.;;;;;De idem g. Elosa p. Escandell: 266 o. azúcar y 84 pipas aguardiente.;;Elosa;;;g.;1876_04_19;idem;;
;;N/A: ;;;Visquerra;p.;;;;;De Cabanas g. Paquita p. Visquerra: 545 o. azúcar.;;Paquita;;;g.;1876_04_19;Cabanas;;
;;N/A:  | N/A: ;;;Lopes;p.;;;;;De idem g. Caballo Marino p. Lopes: 585 o. azúcar y 5 pipas aguardiente.;;Caballo Marino;;;g.;1876_04_19;idem;;
;;N/A:  | N/A: ;;;Inclan;p.;;;;;De idem g. Josefa p. Inclan: 760 s. y 90 cales azúcar.;;Josefa;;;g.;1876_04_19;idem;;
;;N/A:  | N/A: ;;;Rodríguez;p.;;;;;De idem g. Céfiro p. Rodríguez: 310 s. y 33 bocoyes azúcar y 10 pipas aguardiente.;;Céfiro;;;g.;1876_04_19;idem;;
;;N/A: ;;;Gamilla;p.;;;;;De idem bdro. Juanita p. Gamilla: 339 o. azúcar.;;Juanita;;;bdro.;1876_04_19;idem;;
;;N/A: ;;;Bardet;p.;;;;;De Cárdenas g. Rosita, p. Bardet: 140 boos. azúcar.;;Rosita;;;g.;1876_04_20;Cárdenas;;
;;N/A: ;;;Rico;p.;;;;;De Matanzas g. Francisco, p. Rico: 100 boos. azúcar.;;Francisco;;;g.;1876_04_20;Matanzas;;
;;N/A:  | N/A: ;;;Cabrera;p.;;;;;De la Teja g. San José, p. Cabrera: 405 s. y 23 boos. azúcar.;;San José;;;g.;1876_04_20;la Teja;;
;;N/A:  | N/A:  | N/A: ;;;Bonet;pat.;;;;;De Sierra Morena gel. Gertrudis, pat. Bonet, 110 o., 160 sacos y 80 boos. andar.;;Gertrudis;;;gel.;1876_04_21;Sierra Morena;;
;;N/A: ;;;Colemar;pat.;;;;;De Canasi gol. Sabns, pat Colemar, 94 bocyes and- or.;;Sabns;;;gol.;1876_04_21;Canasi;;
;;N/A:  | N/A: ;;;Porrell;pat.;;;;;De 2. Morena gel. María, pat. Porrell, 730 sacos y 80 boos, andar, 15 p. p. guardiante.;;María;;;gel.;1876_04_21;2. Morena;;
;;N/A: ;;;Badar;pat.;;;;;De Cardénta gel. Victorix, pat. Badar, 540 o. andar.;;Victorix;;;gel.;1876_04_21;Cardénta;;
;;N/A: ;;;Macip;pat.;;;;;De 3. Santa Cruz gel. Rosa María, pat. Macip, 102 boos, andar, 9 p. p. miel de abejas.;;Rosa María;;;gel.;1876_04_21;Santa Cruz;;
;;N/A: ;;;González;p.;;;;;De Sagna g. Trafalgar, p. González, 1600 s. carbon.;;Trafalgar;;;g.;1876_04_22;Sagna;;
;;N/A:  | N/A: ;;;Roca;p.;;;;;De S. Morina g. Blanca, p. Roca, 171 o., 318 sacos. y 130 bocoyes asfíct.;;Blanca;;;g.;1876_04_22;S. Morina;;
;;N/A: ;;;Otero;p.;;;;;De la Teja g. Júcaro, p. Otero: 1000 s. carbon.;;Júcaro;;;g.;1876_04_22;la Teja;;
;;N/A: ;;;Gelpi;p.;;;;;De Id. g. Joven Luisa, p. Gelpi. 1000 s. carbon.;;Joven Luisa;;;g.;1876_04_22;Id.;;
;;N/A:  | N/A: ;;;Carbonell;p.;;;;;De Matanzas g. María, p. Carbonell, 512 c. y 42 boys.;;María;;;g.;1876_04_22;Matanzas;;
;;N/A:  | N/A: ;;;Gll.;p.;;;;;De Balos g. Nva. Concha, p. Gll. 200 o. y 43 boq. a-;;Nva. Concha;;;g.;1876_04_22;Balos;;
;;N/A: ;;;Ventura;p.;;;;;De Saguas II Ignacio. p. Ventura, 1400 e. carbón.;;Ignacio;;;II;1876_04_23;Saguas;;
;;N/A:  | N/A: ;;;Pojol;p.;;;;;De Jarrón g. Golondrinas, p. Pojol, 22 bocas azúcar, 40 quarteros mía de purga.;;Golondrinas;;;g.;1876_04_23;Jarrón;;
;;N/A: ;;;Donlofes;p.;;;;;De Cabañas g. Ntra. Sra. del Cármen, p. Donlofes, 370 o. azúcar.;;Ntra. Sra. del Cármen;;;g.;1876_04_23;Cabañas;;
;;N/A:  | N/A:  | N/A: ;;;Núñez;p.;;;;;De Cárdenas g N. S. del Cármen, p. Núñez, 470 cajas 34 s. y 5 bocas azúcar.;;N. S. del Cármen;;;g;1876_04_23;Cárdenas;;
;;N/A:  | N/A: ;;;Llido;p.;;;;;De Bahía Honda g. Carmita, p. Llido, 310 o. azúcar, 15 pps. aguardiente.;;Carmita;;;g.;1876_04_25;Bahía Honda;;
Día null:;;N/A: ;;;Suso;pat.;;;;;De Sierra Morina gol. Habanera pat. Suso: 800 sacos carbon.;;Habanera;;;gol.;1876_04_26;Sierra Morina;;
;;N/A: ;;;Montero;pat.;;;;;De la Trja gol. Agustins, pat. Montero: 500 tacos carbon.;;Agustins;;;gol.;1876_04_26;Trja;;
;;N/A: ;;;Joy;pat.;;;;;De idem gol. Tres Hermanas pat. Joy: 600 sacos carbon.;;Tres Hermanas;;;gol.;1876_04_26;idem;;
Día null:;;N/A: ;;;Montell;pat.;;;;;De idem gol. Manuela, pat. Montell: 1000 sacos carbon.;;Manuela;;;gol.;1876_04_26;idem;;
;;N/A: ;;;Ma;pat.;;;;;De idem g. Josefa, pat. Ma: 600 s. carbon.;;Josefa;;;g.;1876_04_26;idem;;
Día 01:;;N/A:  | N/A:  | N/A:  | N/A: ;;;Juan;p.;;;;;De Cárdenas g. Nueva Resta, p. Juan: 1000 s. y 33 bo-coyes andar y efectos.;;Nueva Resta;;;g.;1876_04_26;Cárdenas;;
;;N/A: ;;;Bernaza;pat.;;;;;De Santa Rosa gol. Potosí, pat. Bernaza: 1000 sacos carbon.;;Potosí;;;gol.;1876_04_26;Santa Rosa;;
;;N/A:  | N/A: ;;;Escandell;p.;;;;;De Bibia Honda g. Eloísa, p. Escandell: 270 o. asucar 10 pp aguardiente.;;Eloísa;;;g.;1876_04_26;Bibia Honda;;
;;N/A:  | N/A:  | N/A: ;;;Rossell;p.;;;;;De Cabanas g. Esmeraldas, p. Rossell: 450 s. y 234 ca-jas asucar, 15 pp aguardiente.;;Esmeraldas;;;g.;1876_04_26;Cabanas;;
;;N/A: ;;;Lopes;pat.;;;;;De la Damiñica gol. Dominico, pat. Lopes: 232 cajas asucar.;;Dominico;;;gol.;1876_04_26;la Damiñica;;
;;N/A:  | N/A: ;;;Gil;pat.;;;;;De Banes gol. Nueva Comesa, pat. Gil: 240 c. asucar, 48 quarteros las miel de purga.;;Nueva Comesa;;;gol.;1876_04_26;Banes;;
;;N/A: ;;;Pérez;p.;;;;;De la Teja g. María, p. Pérez: 600 s. carbon.;;María;;;g.;1876_04_27;Teja;;
;;N/A:  | N/A:  | N/A:  | N/A: ;;;Palmer;p.;;;;;De Segua g. Paquete de sagua p. Palmer: 1000 dnas. sojera mizguez, 100 tercios tiras 1d. 44 farfes hll 1d. 60 palos jicaro.;;Paquete de sagua;;;g.;1876_04_27;Segua;;
;;N/A: ;;;Orbar;p.;;;;;De id. b. Antónico, p. Orbar: 60 s. id.;;Antónico;;;b.;1876_04_27;id.;;
;;N/A:  | N/A:  | N/A:  | N/A:  | N/A: ;;;Beach;p.;;;;;De Sierra Morana g. Union, p. Beach: 175 c. 250 s. 1 estuche y 130 boos, andar 23 pipas agit.;;Union;;;g.;1876_04_27;Sierra Morana;;
;;N/A: ;;;Lloret;p.;;;;;De Cárdenas g. Araucana, p. Lloret: 108 boos azúcar.;;Araucana;;;g.;1876_04_27;Cárdenas;;
Día 01:;;N/A: ;;;Lloret;p.;;;;;De id. g. María del Cármen, p. Lloret: 109 boos azúcar.;;María del Cármen;;;p.;1876_04_27;id. g.;;
;;N/A: ;;;Bosch;;;;;;De id. g. Juanita, p. Bosch: 150 boos azúcar.;;Juanita;;;p.;1876_04_27;id.;;
;;N/A:  | N/A: ;;;Colomar;p.;;;;;De Canai g. Sabas, p. Colomar: 219 o andar 43 pipas agité.;;Sabas;;;g.;1876_04_27;Canai;;
;;N/A:  | N/A:  | N/A: ;;;Blanco;p.;;;;;De Bajas g. Isabelita, p. Blanco: 300 s. carbon, 80 caballos leña, 104 travessafos.;;Isabelita;;;g.;1876_04_27;Bajas;;
;;N/A:  | N/A: ;;;;pat.;;;;;De id. g. F. Ll. p. Polaç: 48 boos azúcar, 12 quarteloras miel de parga.;;Polaç;;;p.;1876_04_27;id. g. F. Ll.;;
;;N/A:  | N/A: ;;;Peres;p.;;;;;De Hinojo g. Justicas, p. Peres: 1470 azúcar, 46 quarteloras miel de parga.;;Justicas;;;g.;1876_04_27;Hinojo;;
;;N/A: ;;;Mora;p.;;;;;De Maníman g. Estrella, p. Mora: 60 boos azúcar.;;Estrella;;;g.;1876_04_27;Maníman;;
;;N/A:  | N/A:  | N/A:  | N/A: ;;;Palau;p.;;;;;De Bishia H. nda g. Mercedita, p. Palau: 400 y 60 c. azúcar, 8 pies agité 60 c. azúcar.;;Mercedita;;;nda;1876_04_27;Bishia;;
;;N/A:  | N/A: ;;;Penlo- feo;p.;;;;;De Cabalas g. Nuestra Señora del Cármen, p. Penlo- feo: 640 a azúcar, 15 pipas agité.;;Nuestra Señora del Cármen;;;g.;1876_04_27;Cabalas;;
;;N/A: ;;;Grandal;p.;;;;;De Jaimanitas boto Prosperidad, p. Grandal: 10000 la- drillos;;Prosperidad;;;boto;1876_04_27;Jaimanitas;;
;;N/A:  | N/A:  | N/A: ;;;Recamán;cap.;;;;;De Calbarien v.ºp Manuel Torrente, cap Recamán: 3 serones esponjas, 4 garrafones melade, un caballo media pipa mez.;;Manuel Torrente;;;v.ºp;1876_04_27;Calbarien;;
;;N/A:  | N/A: ;;;Badaró;p.;;;;;De Cárdenas g. Vitoria, p. Badaró: 300 o 200 s. y 30 boos azúcar.;;Vitoria;;;g.;1876_04_27;Cárdenas;;
;;N/A: ;;;Pérez;p.;;;;;De la Teja gnaíro Paquete Tejano, p. Pérez: 270 s. id.;;Paquete Tejano;;;gnaíro;1876_04_27;Teja;;
;;N/A: ;;;Pojol;p.;;;;;De Jarnco g. Golondrina, p. Pojol: 183 o azúcar.;;Golondrina;;;g.;1876_04_27;Jarnco;;
;;N/A: ;;;Herrera;p.;;;;;De Cárdenas g. Mercedita, p. Herrera: 560 o. azúcar.;;Mercedita;;;g.;1876_04_28;Cárdenas;;
;;N/A: ;;;Niebla;p.;;;;;De Canasí g. Lola Marina, p. Niebla: 344 o. id.;;Lola Marina;;;g.;1876_04_28;Canasí;;
;;N/A:  | N/A: ;;;Rodríguez;p.;;;;;De Cabañas g. Céburo, p. Rodríguez: 370 o. id. y 12 pl. agudo.;;Céburo;;;g.;1876_04_28;Cabañas;;
;;N/A:  | N/A: ;;;Calafet;p.;;;;;De Matanzas g. Ignacíta, p. Calafet: 360 o. y 37 bocas. azúcar y efectos.;;Ignacíta;;;g.;1876_04_28;Matanzas;;
;;N/A:  | N/A: ;;;Jofré;cap.;;;;;De Cárdenas vap. Soler, cap. Jofré: 653 o. y 15 estu- elos azúcar y efectos.;;Soler;;;vap.;1876_04_28;Cárdenas;;
;;N/A:  | N/A: ;;;Arooba;p.;;;;;De Barcoa g. Dolcrito, p. Arooba: 77 s. y 61 bocas id.;;Dolcrito;;;g.;1876_04_28;Barcoa;;
;;N/A:  | N/A:  | N/A:  | N/A: ;;;Maolp;p.;;;;;De Santa Cruz g. Rosa María, p. Maolp: 222 o. y 200 s. azúcar. 21 s. maíz, 40 cerdos.;;Rosa María;;;g.;1876_04_28;Santa Cruz;;
;;N/A:  | N/A: ;;;Inclán;p.;;;;;De Cabana g. Josefa, p. Inclán: 420 s. y 200 o. azúcar.;;Josefa;;;g.;1876_04_28;Cabana;;
;;N/A: ;;;Lopes;p.;;;;;De la Dominica g. Domírica, p. Lopes: 231 o. azúcar.;;Domírica;;;g.;1876_04_28;Dominica;;
;;N/A:  | N/A: ;;;Dans;pat.;;;;;De Gibara g. Matildo pat. Dans: 600 caballos leña, 300 s. carbon.;;Matildo;;;g.;1876_04_29;Gibara;;
;;N/A:  | N/A:  | N/A:  | N/A:  | N/A: ;;;Rivas;p.;;;;;De Nuevitas g. Emilia. p. Rivas: 4670 paquetes yarey 200 caballos leña, 60 s. carbon, 30 barriles carne y tefos.;;Emilia;;;g.;1876_04_29;Nuevitas;;
;;N/A:  | N/A:  | N/A: ;;;Mayane;p.;;;;;De Calbarlen g. 2ª Victoria, p. Mayane: 30 buyetor, 25 oerdas 2 caballos.;;2ª Victoria;;;g.;1876_04_29;Calbarlen;;
;;N/A: ;;;Taso;p.;;;;;De Sierra M rena g. Casilda 6 Isabel, p. Taso: 800 ca- cos carbon.;;Casilda;;;g.;1876_04_29;Sierra M;;
Día XX:;;N/A:  | N/A: ;;;Caiñé;pat.;;;;;De idem gol. María, pat. Caiñé: 300 c. y 57 bocoyos azúcar.;;María;;;gol.;1876_04_29;idem;;
;;N/A:  | N/A: ;;;Bonet;pat.;;;;;Deldem gol. Gertrudia, pat. Bonet: 265 c. y 50 bocoyos azúcar.;;Gertrudia;;;gol.;1876_04_29;deldem;;
;;N/A: ;;;Grilgo;p.;;;;;De idem: g. Unica, p. Grilgo: 600 s. carbon.;;Unica;;;g.;1876_04_29;idem;;
;;N/A: ;;;Pllado;p.;;;;;De la Teja gol Cruz de Muyo, p. Pllado: 600 zacos carbon.;;Cruz de Muyo;;;gol.;1876_04_29;la Teja;;
Día XX:;;N/A: ;;;Sinchez;pat.;;;;;De idem gol. Segunda María, pat. Sinchez: 600 zacos carbon.;;Segunda María;;;gol.;1876_04_29;idem;;
Día null:;;N/A: ;;;Martínez;pat.;;;;;De idem gol. San Francisco, pat. Martínez: 800 zacos carbon.;;San Francisco;;;gol.;1876_04_29;idem;;
;;N/A: ;;;Monor;pat.;;;;;De idem gol. Sofía pat. Monor: 1000 s. carbon.;;Sofía;;;gol.;1876_04_29;idem;;
Día null:;;N/A: ;;;Montell;pat.;;;;;De idem gol. Murgalena, pat. Montell: 1000 zacos carbon.;;Murgalena;;;gol.;1876_04_29;idem;;
;;N/A:  | N/A:  | N/A:  | N/A: ;;;Parla;p.;;;;;De Cárdenas g. General la Mar, p. Parla: 100 o. y 70 bosa. azúcar, 17 o. cobro viejo, 20 cora.;;General la Mar;;;g.;1876_04_29;Cárdenas;;
;;N/A:  | N/A: ;;;Vazquez;p.;;;;;De idem g. María José, p. Vazquez: 550 c. y 50 bocoyos azúcar.;;María José;;;g.;1876_04_29;idem;;
;;N/A:  | N/A: ;;;Alemany;p.;;;;;De Matanzas g. Elvira, p. Alemany: 2'8 o. y 50 bocoyos azúcar.;;Elvira;;;g.;1876_04_29;Matanzas;;
Día 01:;;N/A: ;;;Taso;p.;;;;;De Gibacoa balandro Covadonga, p. Taso: 80 fanegas meí.;;Covadonga;;;balandro;1876_04_29;Gibacoa;;
Día null:;;N/A: ;;;Portalla;pat.;;;;;De Santa María gol. Neptuno pat. Portalla: 100 zacos carbon.;;Neptuno;;;gol.;1876_04_29;Santa María;;
;;N/A: ;;;Coraz;pat.;;;;;De Baracca g. Bonifacia, pat. Coraz: 74 bocoyos azúcar.;;Bonifacia;;;g.;1876_04_29;Baracca;;
;;N/A: ;;;Carrasco;p.;;;;;De id. bote S. Antonio, p. Carrasco: 170 s. azúcar.;;S. Antonio;;;bote;1876_04_29;id.;;
;;N/A:  | N/A:  | N/A: ;;;Vilar;pat.;;;;;De Atrojos vivero Vencedor, pat. Vilar, 500 pesos- dos vivos, 20 arrobas idem salado.;;Vencedor;;;vivero;1876_04_29;Atrojos;;
;;N/A: ;;;Palmer;p.;;;;;De idem gol. J. Magdalena, p. Palmer: 500 cajas de azúcar.;;J. Magdalena;;;gol.;1876_04_29;idem;;
Día 31:;;N/A:  | N/A:  | N/A:  | N/A:  | N/A:  | N/A:  | N/A: ;;;Villasmi;cap.;;;;;De Cunba y escalas vap. Manuela, cap. Villasmi: 31 s. manao, 20 blos, aguete 1000, 2 c. papel, 110 zoros, 1 c. gelatina, 1 c. camisas.;;Manuela;;;vap.;1876_04_29;Cunba y escalas;;
;;N/A:  | N/A: ;;;Roja;p.;;;;;De Tejas gol. Castilla, p. Roja: 110 s. y 60 bocos azúcar.;;Castilla;;;gol.;1876_04_29;Tejas;;
;;N/A:  | N/A: ;;;Cabrera;p.;;;;;De idem gol. San José, p. Cabrera: 440 s. y 16 bocoyos azúcar.;;San José;;;gol.;1876_04_29;idem;;
;;N/A: ;;;Navarro;p.;;;;;De idem gol. Dorotica, p. Navarro: 600 zacos de azúcar.;;Dorotica;;;gol.;1876_04_29;idem;;
;;N/A:  | N/A: ;;;Cabrera;p.;;;;;De Margalitas gol. Cinco Hermaros, p. Cabrera: 600 mtravesanos, 30 qt. cáscara mangle.;;Cinco Hermaros;;;gol.;1876_04_29;Margalitas;;
;;N/A:  | N/A: ;;;Gorrin;p.;;;;;De Baha Honda g. Francisco, p. Gorrin: 150 bocoyos azúcar, 45 pp. aguardiente.;;Francisco;;;g.;1876_04_30;Baha Honda;;
Día 46:;;N/A: ;;;Ll.;p.;;;;;De Baha Honda g. Carmita, p. Ll. 46: 380 o. azúcar.;;Carmita;;;g.;1876_04_30;Baha Honda;;
;;N/A:  | N/A:  | N/A:  | N/A: ;;;Inclan;p.;;;;;De Cabanas g. Josefa, p. Inclan: 170 o. 80 s. y 87 bocoyos y 80 s. de azúcar.;;Josefa;;;g.;1876_04_30;Cabanas;;
;;N/A: ;;;Visquerna;p.;;;;;De Cabanas g. Paquita, p. Visquerna: 541 o. azúcar.;;Paquita;;;g.;1876_04_30;Cabanas;;
;;N/A:  | N/A: ;;;Colomar;p.;;;;;De Canals g. Sabas p. Colomar: 152 o. 50 bocoyos, 6 esti los azúcar.;;Sabas;;;g.;1876_04_30;Canals;;
;;N/A:  | N/A:  | N/A:  | N/A:  | N/A: ;;;Torres;p.;;;;;De Mantua g. Trinidad, p. Torres: 800 caballos leña, 100 s. carbon, 10 varas madeira, 5 toros de tabaco, 5 sa- coz picadura.;;Trinidad;;;g.;1876_04_30;Mantua;;
;;N/A:  | N/A: ;;;Gil;p.;;;;;De Bents g. Nueva Concha, p. Gil: 44 boc. azúcar, 20 conterolas milt de purga;;Nueva Concha;;;g.;1876_04_30;Bents;;
;;N/A:  | N/A:  | N/A:  | N/A:  | N/A: ;;;Lépez;p.;;;;;De Cabanas g. Caballo Marino, p. Lépez: 210 o. 310 sa- coy y 54 boc. azúcar. 101 varas, unel abejas, 2 o. cera.;;Caballo Marino;;;g.;1876_04_30;Cabanas;;
;;N/A:  | N/A:  | N/A:  | N/A:  | N/A:  | N/A: ;;;Ruiz;p.;;;;;De Bajos g. Loohor, p. Ruiz: 830 varas madeira, 100 s. co- co carbon, 30 ar. coca, 3 cuartos, 100 abrjas, 100 caballos leña.;;Loohor;;;g.;1876_04_30;Bajos;;
;;N/A: ;;;Covas;p.;;;;;De Barcos g. Benifolia, p. Covas: 14 boc. azúcar.;;Benifolia;;;g.;1876_04_30;Barcos;;
;;N/A:  | N/A: ;;;Moche;p.;;;;;De Barcos g. Dolorita, p. Moche: 115 o. y 56 bocoyos.;;Dolorita;;;g.;1876_04_30;Barcos;;
;;N/A:  | N/A: ;;;Rívar;p.;;;;;De Cardenas g. J. Leocadia, p. Rívar: 600 bles. harina, 4014 do. pipa vino.;;J. Leocadia;;;g.;1876_04_30;Cardenas;;
;;N/A:  | N/A: ;;;Herrera;p.;;;;;De Cardeñas g. Mercodlta p. Herrera: 4:00 c. azúcar 100 paquetes tablillas y 7 f. dos suela;;Mercodlta;;;g.;1876_05_02;Cardeñas;;
;;N/A:  | N/A: ;;;Dardot;p.;;;;;De Iv. g. Realta, p. Dardot: 900 o. azúcar y 150 pipas aguardiente;;Realta;;;g.;1876_05_02;Iv.;;
Día 01:;;N/A:  | N/A: ;;;Bach;p.;;;;;De Id. g. Juanita p. Bach: 150 o. y 150 bocuyas azúcar;;Juanita;;;g.;1876_05_02;Id.;;
;;N/A:  | N/A: ;;;Nogueras;p.;;;;;De Id. g. Agüla de Oro, p. Nogueras: 340 o. y 70 boc. azúcar;;Agüla de Oro;;;g.;1876_05_02;Id.;;
;;N/A:  | N/A:  | N/A: ;;;Cuervas;p.;;;;;De Id. g. Clio, p. Cuervas: 350 c. azúcar, 200 s. id. y 298 bar. ovejera;;Clio;;;g.;1876_05_02;Id.;;
;;N/A:  | N/A: ;;;Farlga;p.;;;;;De Id. g. Anita p. Farlga: 800 c. azúcar y 120 pipas aguardiente;;Anita;;;g.;1876_05_02;Id.;;
;;N/A:  | N/A: ;;;Valent;p.;;;;;De Id. g. Mª del Cármen, p. Valent: 500 c. y 50 bocuyas azúcar;;Mª del Cármen;;;g.;1876_05_02;Id.;;
;;N/A:  | N/A: ;;;Perolló;p.;;;;;De Id. g. Tres Marías, p. Perolló: 530 s. carbon y 700 varas madera;;Tres Marías;;;g.;1876_05_02;Id.;;
;;N/A:  | N/A: ;;;Pellicer;p.;;;;;De Matanzas g. Emilio, p. Pellicer: 250 c. y 100 boc. azúcar y efectos;;Emilio;;;g.;1876_05_02;Matanzas;;
;;N/A:  | N/A:  | N/A:  | N/A: ;;;Visquerra;pat.;;;;;De Id. g. Dos Hermanos, p. Visquerra: 600 c. y 8 boc. azúcar, 22 quarteroslas miel abejura y efectos;;Dos Hermanos;;;p.;1876_05_02;Id. g.;;
Día XX:;;N/A: ;;;Níbala;p.;;;;;De Canas g. Lola Marion, p. Níbala: 90 bocuyas azúcar;;Lola Marion;;;g.;1876_05_02;Canas;;
;;N/A:  | N/A:  | N/A: ;;;Lloret;p.;;;;;De Santa Isabel g. Isabelita, p. Lloret: 800 s. carbon. D-Cabanas g. Esmeralda, p. Roseló: 100 boc. azúcar y 61 pipas aguardiente;;Isabelita;;;g.;1876_05_02;Santa Isabel;;
;;N/A: ;;;López;p.;;;;;De Domínguez g. Domínica, p. López: 230 o. azúcar;;Domínica;;;g.;1876_05_02;Domínguez;;
;;N/A:  | N/A: ;;;Poroz;p.;;;;;De Darió g. Altaragía, p. Poroz: 93 c. y 50 boc. azúcar y 25 pipas aguardiente;;Altaragía;;;g.;1876_05_02;Darió;;
;;N/A: ;;;Villalonga;p.;;;;;De Id. g. J. M. Gudalena, p. Villalonga: 500 o. azúcar;;Gudalena;;;g.;1876_05_02;Id.;;
;;N/A: ;;;Grandul;p.;;;;;De Antanitas botu Proposición, p. Grandul: 12.600 tejas;;Proposición;;;botu;1876_05_02;Antanitas;;
;;;;;Isachrey;cap.;;;;;— Falmonth berg. norg. Tri. cap. Isachrey, por Schmidt, Hibrichs y op.;norg.;Tri;;;berg.;1876_05_03;Falmonth;;
;;N/A:  | N/A:  | N/A:  | N/A:  | N/A:  | N/A:  | N/A: ;;;Cacho;cap.;;;;;De Cuba y escalas vap. Alcanto cap. Cacho—18 sacos cacao, 10 bultos mne, 9 bics olgaros, 10 bics. café. 720. run. 20 bics. cigarros, 5 fardos cera y efectos.;;Alcanto;;;vap.;1876_05_04;Cuba;;
;;N/A:  | N/A:  | N/A: ;;;;;;;;;De Onba vap. Clarajap. Ron: 87 tercios tabaco, 23 bocoyas yrey y efectos.;;Clarajap.;;;vap.;1876_05_04;Onba;;
;;N/A: ;;;;p.;;;;;De S. Moreno g. Jóven Pilar p. Aleman—123 bocoyas azúcar.;Aleman;Jóven Pilar;;;g.;1876_05_04;S. Moreno;;
;;N/A: ;;;Macip;p.;;;;;De Santa Cins g. Rosa María p. Macip—103 bocoyas azúcar.;;Rosa María;;;g.;1876_05_04;Santa Cins;;
;;N/A: ;;;Badaró;p.;;;;;De Cárdenas g. Victoria p. Badaró—400 o y 200 sacos azúcar.;;Victoria;;;g.;1876_05_04;Cárdenas;;
;;N/A:  | N/A: ;;;Jofro;cap.;;;;;De idem vap. Soler cap. Jofro—110 bocoyas, 72 estohas azúcar y efectos.;;Soler;;;vap.;1876_05_04;idem;;
;;N/A: ;;;;p.;;;;;De Jarno g. Adelaida p. Aleman—90 o. azúcar.;Aleman;Adelaida;;;g.;1876_05_04;Jarno;;
;;N/A:  | N/A:  | N/A:  | N/A:  | N/A:  | N/A: ;;;Rivas;p.;;;;;De Nuevitas g. Diocosa p. Rivas—460 caballos leña. 84 s. carbon, 1 barril cera, 7 bultos cobre viejo, 2 o. ropa, muebles y efectos.;;Diocosa;;;g.;1876_05_04;Nuevitas;;
;;N/A: ;;;Gispeit;p.;;;;;De la Trjg. g. J. Carlota p. Gispeit—1000 sacos carbon.;;J. Carlota;;;g.;1876_05_04;la Trjg.;;
;;N/A: ;;;;p.;;;;;De idem g. Providencia p. Tnr—600 atravesanos.;;Providencia;;;g.;1876_05_04;idem;;
;;N/A: ;;;Aleman;p.;;;;;De Cád. denna g. Panchita p. Aleman—450 o. azúcar.;;Panchita;;;denna g.;1876_05_04;Cád.;;
;;N/A:  | N/A:  | N/A: ;;;Enseñat;p.;;;;;De idem g. Tres Teresas p. Enseñat—437 o. azúcar, 250 blos harina y 13 paños cedro.;;Tres Teresas;;;g.;1876_05_04;idem;;
;;N/A:  | N/A:  | N/A: ;;;Mazía;p.;;;;;De Jaiuco g. Florencio Sáez p. Mazía—9 o. azúcar, 30 enarte, inte purga.;;Florencio Sáez;;;g.;1876_05_04;Jaiuco;;
;;N/A: ;;;;p.;;;;;De idem g. Dolores p. Esoanellas—600 s. carbon.;Esoanellas;Dolores;;;g.;1876_05_04;idem;;
;;N/A:  | N/A:  | N/A:  | N/A: ;;;Villasuso;p.;;;;;De B. Honda g. Manuela p. Villasuso—440 o. azúcar, 1 pipas aguardiente, 2000 píes tabla de cedro y 2 tercios tabaco.;;Manuela;;;g.;1876_05_04;B. Honda;;
;;N/A: ;;;Duran;p.;;;;;De Rjas bdro. Fernandita p. Duran—250 qts cteon-ramante.;;Fernandita;;;bdro.;1876_05_04;Rjas;;
;;N/A: ;;;Coloma;p.;;;;;De Canasi g. Sabas p. Coloma—340 o. azúcar.;;Sabas;;;g.;1876_05_04;Canasi;;
;;N/A:  | N/A:  | N/A:  | N/A:  | N/A:  | N/A: ;;;Oliver;p.;;;;;De Caibarien g. Tercita, p. Oliver: 177 bien sbeo, 174 atravesanos, 4 rollos aceite, 3 o. o. ropa, 6 o. cera, 4 tercero-ros miele abejas y efectos.;;Tercita;;;g.;1876_05_04;Caibarien;;
;;N/A:  | N/A: ;;;Zaragoza;p.;;;;;De Sierra Morena g. Isla de Cuba, p. Zaragoza: 558 sacos y 100 bocoyas azúcar.;;Isla de Cuba;;;g.;1876_05_04;Sierra Morena;;
;;N/A: ;;;Castro;p.;;;;;De la Teja g. Galileo, p. Castro: 800 s. carbon.;;Galileo;;;g.;1876_05_04;la Teja;;
;;N/A:  | N/A: ;;;Amat;p.;;;;;De Marjitas g. Marieta, p. Amat: 600 vs. madera, 3º atravesanos.;;Marieta;;;g.;1876_05_04;Marjitas;;
;;N/A: ;;;Denof;p.;;;;;De Cabanas g. Ntra. Sra. del Cármen, p. Denof—470 cajas azúcar.;;Ntra. Sra. del Cármen;;;g.;1876_05_04;Cabanas;;
Día XX:;;N/A:  | N/A: ;;;Arjoba;p.;;;;;De Cabanas g. Conchita, p. Arjoba: 520 o. y 89 cajas azúcar.;;Conchita;;;g.;1876_05_04;Cabanas;;
;;N/A:  | N/A:  | N/A: ;;;Aroche;p.;;;;;De Baracos g. Delorita, p. Aroche: 56 s. y 36 bocoyas azúcar. 35 pp. aguardiente, 6 carretas.;;Delorita;;;g.;1876_05_04;Baracos;;
;;N/A:  | N/A: ;;;Perez;p.;;;;;De Bincal g. Justico, p. Perez: 23 o. 45 bocoyas azúcar, 20 cuartos m. piel de purga.;;Justico;;;g.;1876_05_04;Bincal;;
;;N/A:  | N/A:  | N/A:  | N/A: ;;;Inclan;p.;;;;;De Cabasas g. Josefa, p. Inclan: 240 o., 276 s. y 18 bocoyas azúcar, 36 pp. aguardiente.;;Josefa;;;g.;1876_05_04;Cabasas;;
;;N/A:  | N/A: ;;;Gill;p.;;;;;De Banes g. Nva. Concha, p. Gill: 200 o. azúcar, 50 quartorolas miele de purga.;;Nva. Concha;;;g.;1876_05_04;Banes;;
;;N/A:  | N/A:  | N/A: ;;;Echavarria;pat.;;;;;De Carahatas g. Tres Hormanas, pat. Echavarria, 625 sacos y 25 boquies de azúcar, 90 píes aguardiente.;;Tres Hormanas;;;g.;1876_05_05;Carahatas;;
;;N/A:  | N/A:  | N/A: ;;;Ferrer;pat.;;;;;De Sierra Morena g. Elisa, pat. Ferrer, 987 sacos y 97 boquies de azúcar y 25 píes de aguardiente.;;Elisa;;;g.;1876_05_05;Sierra Morena;;
;;N/A: ;;;Porera;pat.;;;;;De la Ortigas g. Bahía Honda, pat. Porera, 640 cajas azúcar.;;Bahía Honda;;;g.;1876_05_05;la Ortigas;;
;;N/A:  | N/A: ;;;Ercandell;pat.;;;;;De Bafía Aonda g. Elvira, pat. Ercandell, 280 cajas azúcar y 4 pipas aguardiente.;;Elvira;;;g.;1876_05_05;Bafía;;
;;N/A:  | N/A: ;;;Rodríguez;pat.;;;;;De Cofias g. Córro, pat. Rodríguez, 380 cajas azúcar 12 píes de aguardiente.;;Córro;;;g.;1876_05_05;Cofias;;
;;N/A:  | N/A: ;;;Lopes;pat.;;;;;De la Dominica g. Dominica, pat. Lopes, 128 cajas y 28 boquies azúcar.;;Dominica;;;g.;1876_05_05;Dominica;;
;;N/A: ;;;Rojas;pat.;;;;;De Baracos g. San Jord, pat. Rojas, 400 sacos sal.;;San Jord;;;g.;1876_05_05;Baracos;;
;;N/A: ;;;Toro;pat.;;;;;De Saguas gol. Dos Hermas, pat. Toro 100 s. carbon.;;Dos Hermas;;;gol.;1876_05_06;Saguas;;
;;N/A:  | N/A:  | N/A: ;;;Enrich;pat.;;;;;De Carahatsa bal. Amparo, pat. Enrich, 760 varas madera, 100 s. carbon. 300 arabas;;Amparo;;;bal.;1876_05_06;Carahatsa;;
;;N/A: ;;;Alemly;pat.;;;;;De Sierra Morena gol. Matilde, pat. Alemly, 1000 s. carbon.;;Matilde;;;gol.;1876_05_06;Sierra Morena;;
;;N/A:  | N/A: ;;;Carboneli;pat.;;;;;De Matanzas gol. Maria, pat. Carboneli, 83 o. y 121 bocas: azúcar y efectos;;Maria;;;gol.;1876_05_06;Matanzas;;
;;N/A: ;;;Nunez;pat.;;;;;De Martin gol. Margarita, pat. Nunez, 2000 s. carbon;;Margarita;;;gol.;1876_05_06;Martin;;
;;N/A:  | N/A: ;;;Nino;pat.;;;;;De Montun boto Padrino, pat. Nino 21 ber. y 14 garfas. mied de abejas. 32 s. lava.;;Padrino;;;boto;1876_05_06;Montun;;
;;N/A:  | N/A: ;;;Solano;p.;;;;;De Mari-1 bal. San Antonio, p. Solano, 141 o. azúcar y 7 pipas aguardiente.;;San Antonio;;;bal.;1876_05_06;Mari-1;;
;;N/A: ;;;Fuentes;pat.;;;;;De Banes bal. J. Gabriel, pat. Fuentes. 800 ladrillos.;;J. Gabriel;;;bal.;1876_05_06;Banes;;
;;N/A: ;;;Cabrera;pat.;;;;;De S. Morena gol. San Francisco, pat. Cabrera, 100 bo- cores mied de purga.;;San Francisco;;;gol.;1876_05_06;S. Morena;;
;;N/A:  | N/A: ;;;Bosch;pat.;;;;;De S Morena gol. Union, pat. Bosch, 527 c. y 546 s. azúcar.;;Union;;;gol.;1876_05_06;S Morena;;
;;N/A: ;;;Palme;pat.;;;;;De Mariel gol. J. Magdalena, pat. Palme, 563 o. azúcar.;;J. Magdalena;;;gol.;1876_05_06;Mariel;;
;;N/A: ;;;Villalonga;pat.;;;;;De Mariel gol. J. Gertendt, pat. Villalonga, 500 o. azúcar.;;J. Gertendt;;;gol.;1876_05_06;Mariel;;
;;N/A: ;;;Covas;pat.;;;;;De Baracoa gol. Bonificia, pat. Covas. 74 boooyes azúcar.;;Bonificia;;;gol.;1876_05_06;Baracoa;;
;;N/A: ;;;Pujol;pat.;;;;;De Jaruco gol. Golondrina, pat. Pujol. 180 o. azúcar.;;Golondrina;;;gol.;1876_05_06;Jaruco;;
;;N/A:  | N/A:  | N/A:  | N/A: ;;;Lopez;pat.;;;;;De Cabanas gol. Caballo Marino, pat. Lopez, 275 o. 300 s. y 25 boca. azúcar, 6 pipas aguardiente.;;Caballo Marino;;;gol.;1876_05_06;Cabanas;;
;;N/A:  | N/A:  | N/A: ;;;Lioros;p.;;;;;De Carbalen y Sagua g. Antonia, p. Lioros, 80 dnas esounjas, 8º p. cáscara manjo, 1 c. calzado.;;Antonia;;;g.;1876_05_09;Carbalen y Sagua;;
;;N/A:  | N/A:  | N/A:  | N/A:  | N/A:  | N/A: ;;;Sublrat;p.;;;;;De Moron g. Paquete do Moron, p. Sublrat, 320 cheros 100 caballos leña, 400 paquetos tablillas, 159 atravesafos 48 ar. cora. efectos.;;Paquete do Moron;;;g.;1876_05_09;Moron;;
;;N/A: ;;;Colomar;p.;;;;;De Saguas g. Correo de Canasi, p. Colomar, 900 s. carbon.;;Correo de Canasi;;;g.;1876_05_09;Saguas;;
;;N/A: ;;;Paz;p.;;;;;De Congojas g. Carmita, p. Paz, 600 s. carbon.;;Carmita;;;g.;1876_05_09;Congojas;;
;;N/A: ;;;Rosold;p.;;;;;De la Teja g. Vicente, p. Rosold, 800 s. carbon.;;Vicente;;;g.;1876_05_09;la Teja;;
;;N/A: ;;;Cornoila;p.;;;;;De Idem g. Margarita, p. Cornoila 100 s. carbon.;;Margarita;;;g.;1876_05_09;Idem;;
;;N/A: ;;;García;p.;;;;;De idem g. Leonarda, p. García, 600 s. carbon.;;Leonarda;;;g.;1876_05_09;idem;;
;;N/A: ;;;Orbay;p.;;;;;De idem g. Paquete de Nuervitas, p. Orbay, 700 s. carbon.;;Paquete de Nuervitas;;;g.;1876_05_09;idem;;
;;N/A: ;;;Rivas;p.;;;;;De Idem g. Leocadia p. Rivas, 60 bexa azúcar.;;Leocadia;;;g.;1876_05_09;Idem;;
;;N/A: ;;;Perez;p.;;;;;De Idem talandio Paquete Trjano p. Perez, 210 s. azúcar.;;Trjano;;;Paquete;1876_05_09;Idem;;
;;N/A: ;;;Pojol;p.;;;;;De Cárdenas g. Inga, p. Pojol, 400 atravesafos.;;Inga;;;g.;1876_05_09;Cárdenas;;
;;N/A: ;;;Núñez;p.;;;;;De Idem g. Ntro. Sra. del Carmen, p. Núñez, 540 s. azúcar.;;Ntro. Sra. del Carmen;;;g.;1876_05_09;Idem;;
;;N/A:  | N/A:  | N/A: ;;;Ensañat;p.;;;;;De Idem g. Tres Tereias, p. Ensañat, 4300. anúcar, 25 ppa. aquirdente y efectos.;;Tres Tereias;;;g.;1876_05_09;Idem;;
;;N/A: ;;;Dardet;p.;;;;;De Idem g. Roalta, p. Dardet, 4º c. y 50 bexa. azúcar.;;Roalta;;;g.;1876_05_09;Idem;;
;;N/A:  | N/A: ;;;Perez;pat.;;;;;De Matinozas gol. Amalia, pat. Perez, 231 c. y 66 bocas azúcar y efectos.;;Amalia;;;gol.;1876_05_09;Matinozas;;
;;N/A: ;;;Bornaza;pat.;;;;;De Santa Isabel gol. Isabel II, pat. Bornaza, 100 sacos carbon.;;Isabel II;;;gol.;1876_05_09;Santa Isabel;;
;;N/A: ;;;Febrer;pat.;;;;;De S. Morena gol. Francisco Gonor, pat. Febrer, 1000 s. carbon.;;Francisco Gonor;;;gol.;1876_05_09;S. Morena;;
;;N/A: ;;;Planell;pat.;;;;;De Río del Medio g. Salvo Virgen María, pat. Planell, 500 gq. cáscara manjo.;;Salvo Virgen María;;;g.;1876_05_09;Río del Medio;;
;;N/A: ;;;Gallego;p.;;;;;De Bajía gol. Carmen Nombre de Dica, p. Gallego, 600 varas maderas.;;Carmen Nombre de Dica;;;gol.;1876_05_09;Bajía;;
;;N/A:  | N/A:  | N/A: ;;;Torres;p.;;;;;De Morillo gol. Inga, p. Torres, 200 átsavesafos, 100 palos cedro, 100 sacos carbon.;;Inga;;;gol.;1876_05_09;Morillo;;
;;N/A: ;;;Visnerra;p.;;;;;De Cabañas gol. Paquita, p. Visnerra, 546 cajas de azúcar.;;Paquita;;;gol.;1876_05_09;Cabañas;;
;;N/A:  | N/A: ;;;Carrasco;p.;;;;;De Baracoa bota San Antonio, p. Carrasco, 100 c. ard-car, 80 onterolras miel de purga.;;San Antonio;;;bota;1876_05_09;Baracoa;;
;;N/A: ;;;Rojas;p.;;;;;De Baracón bdro. San José, p. Rojas, 400 sacos de cal.;;San José;;;bdro.;1876_05_09;Baracón;;
;;N/A: ;;;Grandal;p.;;;;;De Jaimanitas bota Proporidad, p. Grandal, 1000 ladrillos.;;Proporidad;;;bota;1876_05_09;Jaimanitas;;
;;N/A:  | N/A: ;;;Jefro;cap.;;;;;De Cárdenas vap. Soler, cap. Jefro, 240 c. azúcar y efectos.;;Soler;;;vap.;1876_05_09;Cárdenas;;
;;N/A:  | N/A: ;;;Cabré;pat.;;;;;De Sierra Morana gol. María, pat. Cabré, 382 s. y 341 cajas azúcar.;;María;;;gol.;1876_05_09;Sierra Morana;;
;;N/A:  | N/A: ;;;Gil;p.;;;;;De Binesa gol. Nueva Concha, p. Gil, 43 bocas. azúcar, 53 quaterolras miel de purga.;;Nueva Concha;;;gol.;1876_05_09;Binesa;;
;;N/A:  | N/A: ;;;Lopes;p.;;;;;De Dominico gol. Dominico, p. Lopes, 197 c. y 10 bocas azúcar.;;Dominico;;;gol.;1876_05_09;Dominico;;
;;N/A:  | N/A: ;;;Rames;p.;;;;;De Gibara g. Dos Hermanas, p. Rames: 202 caballos leña y 117 s. carbon.;;Dos Hermanas;;;g.;1876_05_10;Gibara;;
;;N/A: ;;;Montell;p.;;;;;De la Teja z. Manuela, p. Montell: 800 s. carbon.;;Manuela;;;z.;1876_05_10;Teja;;
;;N/A: ;;;;;;;;;De id. g. Catinar, p. Mareu: 600 s. carbon.;;Catinar;;;p.;1876_05_10;id. g.;;
;;N/A: ;;;Fernández;p.;;;;;De id. g. Ntra. Sra. del Cármen, p. Fernández: 700 s. carbon.;;Ntra. Sra. del Cármen;;;p.;1876_05_10;id. g.;;
Día null:;;N/A: ;;;Míz;p.;;;;;De id. g. Josefa, p. Míz: 600 s. carbon.;;Josefa;;;g.;1876_05_10;id.;;
;;N/A:  | N/A: ;;;Colomar;p.;;;;;De Canaig, g. Sabia, p. Colomar: 336 o. azúcar y 4 pipas aguardiente.;;Sabia;;;g.;1876_05_10;Canaig;;
;;N/A: ;;;Seguí;p.;;;;;De las Tunas g. Segunda Rosa, p. Seguí: 112 medias pipas vino.;;Segunda Rosa;;;g.;1876_05_10;las Tunas;;
Día 03:;;N/A: ;;;Donlepec;p.;;;;;De Cabinas g. Ntra. Sra. del Cármen, p. Donlepec: 3:0 o. azúcar.;;Ntra. Sra. del Cármen;;;g.;1876_05_10;Cabinas;;
;;N/A:  | N/A: ;;;;;;;;;De id. g. Esmeralda, p. Ríoel: 201 o. y 4:0 a azúcar y 24 pipas aguardiente.;;Esmeralda;;;p.;1876_05_10;id. g.;;
;;N/A:  | N/A:  | N/A: ;;;Arocha;;;;;;De id. z. Couchita, p. Arocha: 240 o. 200 s. y 8 beo. azúcar.;;Couchita;;;p.;1876_05_10;id. z.;;
Día 01:;;N/A:  | N/A:  | N/A: ;;;Sto. Domingo;p.;;;;;De Carahates g. Terosita, p. Sto. Domingo: 100 o. 625 s. y 94 boeys azúcar.;;Terosita;;;g.;1876_05_11;Carahates;;
;;N/A:  | N/A:  | N/A: ;;;Roca;p.;;;;;De S. Morora g. Blanca, p. Roca: 265 c. 432 s. y 93 boeys azúcar.;;Blanca;;;g.;1876_05_11;S. Morora;;
;;N/A: ;;;Geldids;p.;;;;;De la Toja g. Príta, p. Geldids: 700 s. carbon.;;Príta;;;g.;1876_05_11;la Toja;;
;;N/A:  | N/A: ;;;Bisdó;p.;;;;;De Cárdenas g. Victoria p. Bisdó: 500 o. y 19 boeys azúcar.;;Victoria;;;g.;1876_05_11;Cárdenas;;
;;N/A:  | N/A: ;;;Maolp;p.;;;;;De Sta. Cruz g. Rosa María, p. Maolp: 910 o. 275 acaos azúcar, 21 cordas.;;Rosa María;;;g.;1876_05_11;Sta. Cruz;;
;;N/A:  | N/A: ;;;Escandell;p.;;;;;De B. Honda g. Elol e, p. Escandell: 143 o. 64 boeys azúcar, 10 pp. aguardiente.;;Elol;;;g.;1876_05_11;B. Honda;;
;;N/A:  | N/A: ;;;Rodríguez;p.;;;;;De Cabanas g. Céfiro p. Rodríguez: 375 o. azúcar, 12 pp. aguardiente.;;Céfiro;;;g.;1876_05_11;Cabanas;;
;;N/A:  | N/A:  | N/A: ;;;Inolan;pat.;;;;;De Id. g. Josefa pat. Inolan: 270 o. 211 s. y 81 boeys azúcar.;;Josefa;;;g.;1876_05_11;Id.;;
;;N/A: ;;;Padilla;pat.;;;;;De línes balandro J. Gabriel, pat. Padilla: 6000 la-drillos.;;J. Gabriel;;;balandro;1876_05_11;línes;;
;;N/A:  | N/A:  | N/A: ;;;Núñez;p.;;;;;De Cárdenas g. María del Rosario, p. Núñez, 640 palos gonyaon, 440 caballos leña. 107 atravesanos.;;María del Rosario;;;g.;1876_05_12;Cárdenas;;
;;N/A:  | N/A:  | N/A: ;;;Herrera;p.;;;;;De Cárdenas g. Mercedita, p. Herrera, 150 o. y 70 bocones aríncar y efectos.;;Mercedita;;;g.;1876_05_12;Cárdenas;;
;;N/A:  | N/A: ;;;Niebla;p.;;;;;De Canasi g. Lola Marina, p. Niebla, 96 tocoya. azúcar.;;Lola Marina;;;g.;1876_05_12;Canasi;;
;;N/A:  | N/A:  | N/A:  | N/A:  | N/A: ;;;Torres;p.;;;;;De Nuovitas g. Aguedita, p. Torres: 700 caballos leña, 50 s. carbon, 70 bar. harina malz, 7d latas mantua y efectos.;;Aguedita;;;g.;1876_05_13;Nuovitas;;
;;N/A: ;;;Zaragoza;p.;;;;;De Sagus g. Flor de Sagus, p. Zaragoza: 1600 s. carbon.;;Flor de Sagus;;;g.;1876_05_13;Sagus;;
;;N/A: ;;;Coñula;p.;;;;;De la Teja g. América, p. Coñula: 360 o. azúcar.;;América;;;g.;1876_05_13;la Teja;;
;;N/A:  | N/A: ;;;Visquerra;p.;;;;;De Matanzas g. Dos Hermanas, p. Visquerra: 181 c. y 20 boz. azúcar.;;Dos Hermanas;;;g.;1876_05_13;Matanzas;;
;;N/A:  | N/A:  | N/A:  | N/A: ;;;Enseñat;p.;;;;;De Sages g. Gorrion, p. Enseñat: 500 doos. zogas, 50 tercios una maja, 60 palos júcaro y efectos;;Gorrion;;;g.;1876_05_16;Sages;;
Día 01:;;N/A:  | N/A: ;;;Zaragaza;p.;;;;;De S Morena g. Iela do Cuba, p. Zaragaza: 423 o. y 60 boq. azúcar y efectos.;;Iela;;;g.;1876_05_16;S Morena;;
;;N/A:  | N/A:  | N/A:  | N/A: ;;;Rojas;p.;;;;;De la Teja g. Castilla, p. Rojas: 658 s. y 42 boq. a. úor y efectos.;;Castilla;;;g.;1876_05_16;la Teja;;
;;N/A:  | N/A: ;;;Cabrera;p.;;;;;De Id. g. San José, p. Cabrera: 210 o. y 55 bocoyas azúcar.;;San José;;;g.;1876_05_16;Id.;;
;;N/A: ;;;Ros;p.;;;;;De Id. g. San José, p. Ros: 630 s. carbon.;;San José;;;g.;1876_05_16;Id.;;
;;N/A:  | N/A:  | N/A: ;;;Pavia;p.;;;;;De Cárdenas g. General la Mar, p. Pavia: 115 o. 25 s. y 31 boq. azúcar.;;General la Mar;;;g.;1876_05_16;Cárdenas;;
;;N/A:  | N/A: ;;;Pellicor;p.;;;;;De Matanzas g. Emilio, p. Pellicor: 500 o. y 101 bocoyas azúcar.;;Emilio;;;g.;1876_05_16;Matanzas;;
;;N/A:  | N/A:  | N/A: ;;;Lopez;p.;;;;;De Cabanas g. Caballo Marino, p. Lopez: 140 o. 550 s. y 48 boq. azúcar.;;Caballo Marino;;;g.;1876_05_16;Cabanas;;
;;N/A:  | N/A: ;;;Villalonga;p.;;;;;De Id. g. Gertrudis, p. Villalonga: 300 c. y 70 boq. azúcar.;;Gertrudis;;;g.;1876_05_16;Id.;;
;;N/A: ;;;Perez;p.;;;;;De Id. g. Altagrada, p. Perez: 66 o. y 70 boq. azúcar.;;Altagrada;;;g.;1876_05_16;Id.;;
;;N/A:  | N/A:  | N/A:  | N/A: ;;;Jofre;cap.;;;;;De Cárdenas vapor Soler, cap. Jofre: 12 s. miragunano, 1 o. tabaco, 3 llos suela y 1 pladorma.;;Soler;;;vapor;1876_05_16;Cárdenas;;
;;N/A: ;;;Visquorra;p.;;;;;De Cabanas g. Paquita, p. Visquorra: 545 c. azúcar.;;Paquita;;;g.;1876_05_16;Cabanas;;
;;N/A:  | N/A: ;;;Pajol;p.;;;;;De Jarnco g. Golondrina, p. Pajol: 27 boq. azúcar y 30 boq. mil de parga.;;Golondrina;;;g.;1876_05_16;Jarnco;;
;;N/A: ;;;Ferrer;p.;;;;;De la Teja g. Solia, p. Ferrer: 1000 s. carbon.;;Solia;;;g.;1876_05_16;Teja;;
;;N/A:  | N/A:  | N/A: ;;;;Ferrer;;;;;De S Morena g. Elisa, Ferrer: 332 c. 393 s. y 92 bocoyas azúcar.;;Elisa;;;g.;1876_05_16;S Morena;;
;;N/A: ;;;Ferrer;p.;;;;;De Ortigosa g. Bahía Honda, p. Ferrer: 640 o. azúcar.;;Bahía Honda;;;g.;1876_05_16;Ortigosa;;
;;N/A: ;;;Esteba;p.;;;;;De Trjas gol. Dos Sofías, p. Esteba: 1000 sacos carbon.;;Dos Sofías;;;gol.;1876_05_17;Trjas;;
;;N/A:  | N/A: ;;;Aouna;p.;;;;;De idem gol. Candita, p. Aouna: 1000 sacos carbon y 20 cueros.;;Candita;;;gol.;1876_05_17;idem;;
;;N/A: ;;;Orbay;p.;;;;;De idem gol. Ceferina, p. Orbay: 600 sacos de carbon.;;Ceferina;;;gol.;1876_05_17;idem;;
;;N/A: ;;;Perez;p.;;;;;De idem gol. Maria, p. Perez: 600 sacos de carbon.;;Maria;;;gol.;1876_05_17;idem;;
;;N/A: ;;;Ferrer;p.;;;;;De idem? Luz do Yars, p. Ferrer: 600 sacos de carbon.;;Luz;;;p.;1876_05_17;idem?;;
;;N/A:  | N/A: ;;;Gil;p.;;;;;De Banes gol. Nueva Conoha, p. Gil: 190 o. azúcar, 60 onart-rolas miel de purga.;;Nueva Conoha;;;gol.;1876_05_17;Banes;;
;;N/A:  | N/A: ;;;Covas;p.;;;;;De Baracos gol. Bonifacio, p. Covas: 70 sacos y 64 bo- coes azúcar.;;Bonifacio;;;gol.;1876_05_17;Baracos;;
;;N/A:  | N/A: ;;;Alemany;p.;;;;;De Gibara g. Enriqueta, p. Alemany, 47' bocoyes a-zúcar. 15 o. vino.;;Enriqueta;;;g.;1876_05_18;Gibara;;
;;N/A: ;;;;p.;;;;;De S. Moreno, San Francisco, p. Cabrera, 350 cajas azúcar.;;Cabrera;;;p.;1876_05_18;S. Moreno, San Francisco;;
;;N/A: ;;;Rivas;p.;;;;;De Cárdenas g. Leocadia, p. Rivas, 75 booyes an-tar.;;Leocadia;;;g.;1876_05_18;Cárdenas;;
;;N/A: ;;;Dardet;;;;;;De id. g. Rosita, p. Dardet, 640 o. azúcar.;;Rosita;;;p.;1876_05_18;id. g.;;
;;N/A: ;;;Colomar;p.;;;;;De Canasi g. Sabac, p. Colomar, 100 boyes. miel de purga.;;Sabac;;;g.;1876_05_18;Canasi;;
;;N/A:  | N/A:  | N/A:  | N/A: ;;;Aleman;p.;;;;;De Cárdenas g. Panchita, p. Aleman: 350 o. azúcar, 50 paloas caoba y cedro y efooton.;;Panchita;;;g.;1876_05_21;Cárdenas;;
;;N/A: ;;;Muroa;p.;;;;;De Jaruco g. Florenolo Sez, p. Muroa: 123 o. azúcar.;;Florenolo Sez;;;g.;1876_05_21;Jaruco;;
;;N/A:  | N/A: ;;;Portilla;p.;;;;;De Cana g. Veloiz, p. Portilla: 1,200 varas madera, 90 s. carbon.;;Veloiz;;;g.;1876_05_21;Cana;;
;;N/A:  | N/A: ;;;Gorrin;p.;;;;;De Bahía Honda g. Francisco, p. Gorrin: 589 o. azúcar y 24 pipas agito.;;Francisco;;;g.;1876_05_21;Bahía Honda;;
;;N/A:  | N/A: ;;;Inolab;p.;;;;;De Cabanas g. Josefa, p. Inolab: 400 o. 203 s. y 18 bocones azúcar, 13 pipas agdito.;;Josefa;;;g.;1876_05_21;Cabanas;;
;;N/A:  | N/A:  | N/A:  | N/A: ;;;Arocha;;;;;;De id. Conchita, p. Arocha: 50 o. 700 s. y 20 bocas azúcar. 16 pipas agdito.;;Conchita;;;p.;1876_05_21;id.;;
;;N/A:  | N/A: ;;;Arocha;p.;;;;;De Baracu g. Dolorita, p. Arocha: 90 s. 39 bocas y 172 c. azúcar.;;Dolorita;;;g.;1876_05_21;Baracu;;
;;N/A:  | N/A: ;;;Berdeza;p.;;;;;"De Puerto Pedro g. Tres Hermanas, p. Berdeza; 230 boz azúcar y 20 qq. bodegas.";;Tres Hermanas;;;g.;1876_05_23;Puerto Pedro;;
;;N/A:  | N/A:  | N/A:  | N/A:  | N/A: ;;;Palmer;p.;;;;;"De Santa g. Paqueto de Segua, p. Palmer; 1000 doronas sojas majaquas, 50 tercios tiras id., 41 pipas aguardiente, 274 cueros, 250 n. carbon y efectos.";;Paqueto;;;g.;1876_05_23;Santa;;
;;N/A: ;;;Cornelio;p.;;;;;"De la Teja g. Margarita, p. Cornelio; 700s carbon.";;Margarita;;;g.;1876_05_23;Teja;;
;;N/A: ;;;Valient;p.;;;;;"De Cárdobas g. Victoria, p. Valient; 540 o. azúcar.";;Victoria;;;g.;1876_05_23;Cárdobas;;
;;N/A:  | N/A: ;;;Visquerra;p.;;;;;"De Matanzas g. Dos Hermanas, p. Visquerra; 78 o 174 s. y 31 boz. azúcar y efectos.";;Dos Hermanas;;;g.;1876_05_23;Matanzas;;
;;N/A: ;;;;p.;;;;;"De Jaruco g. Golondrina, p. Pojo; 120 o. azúcar.";;Golondrina;;;g.;1876_05_23;Jaruco;;
;;N/A: ;;;Al-jo;p.;;;;;"De Marajá y g. Cinco Hermanas, p. Al-jo; 600 atravesas.";;Cinco Hermanas;;;g.;1876_05_23;Marajá;;
;;N/A:  | N/A:  | N/A: ;;;;;;;;;"De id. g. Josefa, p. Anc; 330 e. carbon, 290 caballos leña y 160 palos madera.";;Josefa;;;p.;1876_05_23;id. g.;;
;;N/A:  | N/A: ;;;Escandell;p.;;;;;"De Bahía Honda g. Elosa, p. Escandell; 325 o. azúcar y 92 pipas aguardiente.";;Elosa;;;g.;1876_05_23;Bahía Honda;;
;;N/A:  | N/A: ;;;Lladó;pat.;;;;;"De id. g. Cermita, p. Lladó; 350 o. azúcar y 12 pipas aguardiente.";;Cermita;;;p.;1876_05_23;id. g.;;
;;N/A:  | N/A: ;;;Lopez;p.;;;;;"De la Dominica g. Dominica, p. Lopez; 161 o. azúcar y 31 cuarteros miele de purga.";;Dominica;;;g.;1876_05_23;Dominica;;
;;N/A:  | N/A: ;;;Eril;p.;;;;;"De Banes g. Nueva Conoha, p. Eril; 290 o. azúcar y 33 cuarteros miele de purga.";;Nueva Conoha;;;g.;1876_05_23;Banes;;
;;N/A: ;;;Fuentes;p.;;;;;"De id. bdro. J. Gabriel, p. Fuentes; 10000 ladrillas.";;J. Gabriel;;;bdro.;1876_05_23;id.;;
;;N/A:  | N/A:  | N/A: ;;;Jofre;cap.;;;;;"De Cádizas vapor Soler, cap. Jofre; 100 atados tablillas, 2 yeguas y 110 cueros.";;Soler;;;vapor;1876_05_23;Cádizas;;
;;N/A: ;;;Roldan;cap.;;;;;"De id. vapor Clara, cap. Roldan; 1035 o. azúcar.";;Clara;;;vapor;1876_05_23;id.;;
;;N/A:  | N/A:  | N/A: ;;;Falau;p.;;;;;"De Bahía Honda g. Mercedite, p. Falau; 215 s. y 50 o. azúcar y 16 pipas aguardiente.";;Mercedite;;;g.;1876_05_23;Bahía Honda;;
;;N/A: ;;;Nioble;p.;;;;;"De Canasig, Lola Marino, p. Nioble; 100 bocoyes miele de purga.";;Lola Marino;;;;1876_05_23;Canasig;;
;;N/A: ;;;Echavarria;p.;;;;;De Carahatas g. Tres Hermanas, p. Echavarria 130 s. azúcar.;;Tres Hermanas;;;g.;1876_05_25;Carahatas;;
;;N/A:  | N/A:  | N/A:  | N/A: ;;;Bosch;p.;;;;;De Sierra Morena g. Union, p. Bosch, 280 o. 123 bocones y 1 estuche azúcar, 47 pipas agdte. y 1 baul ropa usada.;;Union;;;g.;1876_05_25;Sierra Morena;;
;;N/A:  | N/A:  | N/A:  | N/A: ;;;Rojas;p.;;;;;De Teja g. Castillo, p. Rojas, 4 onjas, 1000 s. y 2 catuches azúcar.;;Castillo;;;g.;1876_05_25;Teja;;
;;N/A:  | N/A: ;;;Pujol;p.;;;;;De Cárdenas g. Inés, p. Pujol, 350 o. y 150 s. azúcar.;;Inés;;;g.;1876_05_25;Cárdenas;;
;;N/A:  | N/A: ;;;Perez;p.;;;;;De Matanzas g. Amala, p. Perez, 350 o. y 6 bojas azúcar y muebles.;;Amala;;;g.;1876_05_25;Matanzas;;
;;N/A: ;;;Riera;p.;;;;;De Pto. Escondido g. Pto. Escondido, p. Riera, 101 bocs. azúcar.;;Pto. Escondido;;;g.;1876_05_25;Pto. Escondido;;
;;N/A:  | N/A:  | N/A: ;;;Macip;p.;;;;;De Sta Cruz g. Rosa Maria, p. Macip, 348 o. azúcar, 40 s. maíz y 11 d. frijoles.;;Rosa Maria;;;g.;1876_05_25;Sta Cruz;;
;;N/A:  | N/A:  | N/A:  | N/A:  | N/A:  | N/A:  | N/A:  | N/A: ;;;Torres;p.;;;;;De Wánton g. Serafina, p. Torres, 400 caballos leña, 139 garrafas, miel de abejas, 140 tercios tabaco, 15 s. placa, 80 s. lana miraguan, 30 marquitas orea y 1 toza de caoba.;;Serafina;;;g.;1876_05_25;Wánton;;
;;N/A: ;;;Vizquerra;p.;;;;;De Cabanas g. Paquita, p. Vizquerra, 250 o. azúcar.;;Paquita;;;g.;1876_05_25;Cabanas;;
;;N/A: ;;;Aroona;p.;;;;;De Baracos g. Dolorita, p. Aroona, 983 o. azúcar.;;Dolorita;;;g.;1876_05_25;Baracos;;
;;N/A: ;;;Pérez;p.;;;;;De Teja g. Tejano, p. Pérez, 240 s. azúcar.;;Tejano;;;g.;1876_05_25;Teja;;
;;N/A: ;;;Aleman;p.;;;;;De Jaruco g. Adelaida, p. Aleman, 93 o. azúcar.;;Adelaida;;;g.;1876_05_25;Jaruco;;
;;N/A: ;;;Piñelro;p.;;;;;De Sazua g. Mercedits, p. Piñelro. 900 s. carton.;;Mercedits;;;g.;1876_05_26;Sazua;;
;;N/A: ;;;Glispert;p.;;;;;De Teja g. J. Carlota, p. Glispert, 1000 s. carbon.;;J. Carlota;;;g.;1876_05_26;Teja;;
;;N/A: ;;;Nnñez;p.;;;;;De Cárdenas g. Ntra. Sra. del Carmen, p. Nnñez, 510 o.;;Ntra. Sra. del Carmen;;;g.;1876_05_26;Cárdenas;;
;;N/A: ;;;Colomar;p.;;;;;De Canáss g. Sabas, p. Colomar, 340 s. azúcar.;;Sabas;;;g.;1876_05_26;Canáss;;
;;N/A:  | N/A: ;;;López;;;;;;De Cabañas g. Caballo Marino, López, 160 c., 427 s. y;;Caballo Marino;;;g.;1876_05_26;Cabañas;;
Día 01:;;N/A: ;;;Covas;p.;;;;;De Baracoa g. Bonifacía, p. Covas, 32 booy azúcar, 25;;Bonifacía;;;g.;1876_05_26;Baracoa;;
;;N/A: ;;;Rojas;p.;;;;;De Id. bal. San José, p. Rojas, 400 s. cel.;;San José;;;bal.;1876_05_26;Id.;;
;;N/A: ;;;Grándal;p.;;;;;De Jalmanitas ht. Prosperidad, p. Grándal, 10,000 la-;;Prosperidad;;;ht.;1876_05_26;Jalmanitas;;
;;N/A:  | N/A:  | N/A:  | N/A:  | N/A:  | N/A: ;;;Rodríguez;p.;;;;;De Caibaríen g. Brillante, p. Rodríguez, 203 caballos leña, 70 palos madera, 9 tercos, miel de abejas, 5 bta. cera y efectos.;;Brillante;;;g.;1876_05_27;Caibaríen;;
;;N/A: ;;;Alemanía;p.;;;;;De S. Moreno g. Matilde, p. Alemanía, 493 c. azúcar.;;Matilde;;;g.;1876_05_27;S. Moreno;;
;;N/A:  | N/A: ;;;Cabrera;p.;;;;;De la Teja g. San José, p. Cabrera, 740 r. y 39 boyas azúcar.;;San José;;;g.;1876_05_27;la Teja;;
;;N/A:  | N/A:  | N/A:  | N/A: ;;;Montell;p.;;;;;De Idem g. Manuela, p. Montell, 800 s. carbon, De Cárdenas g. Agnilla de Oro, p. Nogueras, 660 s. y 80 bcyo, azúcar y efectos.;;Manuela;;;g.;1876_05_27;Idem;;
;;N/A:  | N/A: ;;;Niebla;p.;;;;;De Canari g. Lola María, p. Niebla, 300 c. azúcar y 20 pps. aguardiente.;;Lola María;;;g.;1876_05_27;Canari;;
;;N/A:  | N/A:  | N/A: ;;;Murcia;p.;;;;;De Jarno g. Florencio Saez, p. Murcia, 94 c. azúcar, 12 onartas, miel de purga.;;Florencio Saez;;;g.;1876_05_27;Jarno;;
;;N/A: ;;;Arrondo;p.;;;;;De Margalitas g. María, p. Arrondo, 502 atravesafios.;;María;;;g.;1876_05_27;Margalitas;;
;;N/A: ;;;Ferrer;p.;;;;;De S. Moreno g. Elisa, p. Ferrer, 503 c. y 93 boyas azúcar.;;Elisa;;;g.;1876_05_27;S. Moreno;;
;;N/A: ;;;Pellicer;p.;;;;;De Matanzas g. Emilio, p. Pellicer, 250 c. azúcar, 1 bovay vatio.;;Emilio;;;g.;1876_05_27;Matanzas;;
;;N/A:  | N/A: ;;;Jofre;cap.;;;;;De Cárdenas vap. Soler, cap. Jofre, 100 paquetes tablillas y efectos.;;Soler;;;vap.;1876_05_27;Cárdenas;;
;;N/A:  | N/A:  | N/A: ;;;Vega;cap.;;;;;De Sagua y Calbaríen vap. Minerva, cap. Vega, 2 serones esponjas, 8 gfos. melado y efectos.;;Minerva;;;vap.;1876_05_27;Sagua y Calbaríen;;
;;N/A: ;;;Badaró;p.;;;;;De Cárdenas g. Victoria, p. Badaró, 195 c. y 790 sacos azúcar.;;Victoria;;;g.;1876_05_27;Cárdenas;;
;;N/A:  | N/A: ;;;Perez;p.;;;;;De id. g. Altagracia, p. Perez: 300 o 17 bococes a 20 s.;;Altagracia;;;p.;1876_05_28;id. g.;;
;;N/A:  | N/A:  | N/A: ;;;Mayane;p.;;;;;De Calbarlen g. 22. Victoria. p. Mayane: 226 caballos leña, 50 s. oscará mangle. 1 bocoy cera.;;Victoria;;;g.;1876_05_30;Calbarlen;;
;;N/A:  | N/A: ;;;Pauls;p.;;;;;De Sierra Morena g. Sofo, p. Pauls: 250 o. y 60 boos. azucar.;;Sofo;;;g.;1876_05_30;Sierra Morena;;
Día XX:;;N/A: ;;;Cervera;p.;;;;;De id. g. Altagracia p. Cervera: 63 ostacas maderada du- ra.;;Altagracia;;;p.;1876_05_30;id. g.;;
Día XX:;;N/A: ;;;Kiera;pat.;;;;;De la Teja gol. Villa de Gijon, pat. Kiera: 600 sacs carbon.;;Villa de Gijon;;;gol.;1876_05_30;la Teja;;
;;N/A: ;;;Gelp;p.;;;;;De idem gol. J. Lulsa, p. Gelp: 800 s. carbon.;;J. Lulsa;;;gol.;1876_05_30;idem;;
Día Mie:;;N/A: ;;;;p.;;;;;De idem gol. Josefa p. Mie: 600 s. carbon.;;Josefa;;;gol.;1876_05_30;idem;;
;;N/A: ;;;Pilladc;pat.;;;;;De idem gol. Cruz de Mayo, pat. Pilladc: 600 sacos carbon.;;Cruz de Mayo;;;gol.;1876_05_30;idem;;
;;N/A:  | N/A: ;;;Carbonell;p.;;;;;De Matazas g. Maria p. Carbonell: 330 c. y 12 boos. azucar y efectos.;;Maria;;;g.;1876_05_30;Matazas;;
;;N/A:  | N/A:  | N/A:  | N/A: ;;;Rosell;p.;;;;;De Cabanas g. Esmeralda p. Rosell: 100 e. 430 s. y 25 boos. azucar y efectos.;;Esmeralda;;;g.;1876_05_30;Cabanas;;
;;N/A:  | N/A: ;;;Rodriguez;pat.;;;;;De Cabanas gol. Cifro, pat. Rodriguez: 500 o. y 150 s. azucar.;;Cifro;;;gol.;1876_05_30;Cabanas;;
;;N/A: ;;;Padilla;p.;;;;;De Banes balandro J. Gabriel), p. Padilla: 10,000 la- drillos.;;J. Gabriel;;;balandro;1876_05_30;Banes;;
;;N/A: ;;;Rojas;pat.;;;;;De Baracos balandro San Jose, pat. Rojas: 400 sacos cal.;;San Jose;;;balandro;1876_05_30;Baracos;;
;;N/A:  | N/A: ;;;Villasac;p.;;;;;De B. Honda g. Manuola p. Villasac: 465 o. azucar, 18 pp. aguardiente.;;Manuola;;;g.;1876_05_30;B. Honda;;
;;N/A:  | N/A: ;;;Cova;p.;;;;;De Baracos g. Bonifacia, p. Cova: 170 s. y 50 bocoyes azucar.;;Bonifacia;;;g.;1876_05_30;Baracos;;
Día null:;;N/A: ;;;Palaez;pat.;;;;;Del Morrillo gol. Felis, pat. Palaez: 56 booyes azucar.;;Felis;;;gol.;1876_05_30;Morrillo;;
;;N/A:  | N/A:  | N/A:  | N/A:  | N/A:  | N/A:  | N/A:  | N/A:  | N/A: ;;;Dalman;p.;;;;;De Nva. Gorona g. Catalina, p. Dalman: 8,000 ladrones, 1,700 loetas, 550 caballos leña, 268 camones, 44 ceros 1:30 a. carbon, 10 juegos de carrata, 11 paquetes de tabillas, 2 bocoyes de carbón.;;Catalina;;;g.;1876_05_31;Nva. Gorona;;
Día :;;N/A: ;;;Felicó;pat.;;;;;De S.a. Isabel gol. Cuba, pat. Felicó: 600 sacos carbón.;;Cuba;;;gol.;1876_05_31;S.a.;;
;;N/A: ;;;Serrá;p.;;;;;De Sta. María g. Amable Roalta, p. Serrá: 800 sacos carbón.;;Amable Roalta;;;g.;1876_05_31;Sta. María;;
Día Febrero:;;N/A: ;;;;p.;;;;;De idem gol. Francisco Goner, p. Febrero: 1,000 sacos carbón;;Francisco Goner;;;gol.;1876_05_31;idem;;
Día 22:;;N/A:  | N/A: ;;;Perez;pat.;;;;;Del Hinojal gol. Justica, pat. Perez: 22 o. y 61 bocoyes azucar.;;Justica;;;gol.;1876_05_31;Hinojal;;
;;N/A: ;;;Sánchez;p.;;;;;De Cogojas g. Josefa Cornes, p. Sánchez: 1,400 sacos carbón;;Josefa Cornes;;;g.;1876_05_31;Cogojas;;
;;N/A: ;;;Sánchez;pat.;;;;;De la Teja gol. 23 Amistad, pat. Sánchez: 600 sacos carbón;;23 Amistad;;;gol.;1876_05_31;la Teja;;
;;N/A: ;;;Perez;p.;;;;;De Matazas g. Amalia p. Perez: 133 o. azúcar.;;Amalia;;;g.;1876_05_31;Matazas;;
;;N/A: ;;;Ginés;p.;;;;;De idem g. María Teresa, p. Ginés: en lastro.;;María Teresa;;;g.;1876_05_31;idem;;
;;N/A: ;;;Colomar;p.;;;;;De Canasi g. Sabas, p. Colomar: 340 c. azúcar.;;Sabas;;;g.;1876_05_31;Canasi;;
;;N/A:  | N/A: ;;;Ste.;p.;;;;;De Carahatas gol. Teresita, p. Ste. Domingo-150 cajas y 1100 sacos asfaltar.;;Teresita;;;gol.;1876_06_01;Carahatas;;
;;N/A: ;;;Cogula;p.;;;;;De Tejagol América, p. Cogula—800 sacos de carbón.;;América;;;p.;1876_06_01;Tejagol;;
;;N/A:  | N/A:  | N/A: ;;;Macip;p.;;;;;De Sta. Cruz gol. Rosa María, p. Macip—104 boos. aúcar, 8 a. albejas y 3 id. frijoles.;;Rosa María;;;gol.;1876_06_01;Sta. Cruz;;
;;N/A:  | N/A:  | N/A:  | N/A:  | N/A:  | N/A:  | N/A:  | N/A: ;;;Alorda;p.;;;;;"De Mántus gol. Juana de Díos, p. Alorda—34 barriles y 40 garrotes miel avejas, 25 cañas catarra; 48 cortes yugo, 260 caballos leña, 50 ar. ocre, 29 terclos tabacos y 12 sacos picadura.";;Juana de Díos;;;gol.;1876_06_01;Mántus;;
;;N/A: ;;;Bernaza;p.;;;;;De Sta Isabel gol. Isabel 2ª, p. Bernaza—700 sacos de carbón.;;Isabel 2ª;;;gol.;1876_06_01;Sta Isabel;;
;;N/A:  | N/A: ;;;Escandell;p.;;;;;De Bahía Honda gol. Eolia, p. Escandell—360 cajas azúcar y 10 pipas aguardiente.;;Eolia;;;gol.;1876_06_01;Bahía Honda;;
;;N/A: ;;;Lopes;p.;;;;;De Domicol gol. Dominico, p. Lopes—216 cajas de azúcar.;;Dominico;;;gol.;1876_06_01;Domicol;;
;;N/A: ;;;Cabrera;p.;;;;;De Sierra Morona g. San Francisco, p. Cabrera: 100 boq. miel de purga.;;San Francisco;;;g.;1876_06_02;Sierra Morona;;
;;N/A: ;;;Martínez;p.;;;;;De la Tria g. San Francisco, p. Martínez: 800 s. carbón.;;San Francisco;;;g.;1876_06_02;Tria;;
;;N/A: ;;;Páez;p.;;;;;De Id. g. María, p. Páez: 600 s. carbón.;;María;;;g.;1876_06_02;Id.;;
;;N/A: ;;;García;p.;;;;;De Id. g. Leonardo, p. García: 600 s. carbón.;;Leonardo;;;g.;1876_06_02;Id.;;
;;N/A:  | N/A: ;;;Badar;p.;;;;;De Cárdenas g. Victoria p. Badar: 300 o. 400 s. azúcar.;;Victoria;;;g.;1876_06_02;Cárdenas;;
;;N/A:  | N/A: ;;;Sarro;p.;;;;;De Gibaona bairro. Covadonga, p. Sarro: 101 caballos león.;;Covadonga;;;bairro.;1876_06_02;Gibaona;;
;;N/A:  | N/A:  | N/A:  | N/A: ;;;Llorot;pat.;;;;;De Carderas g. Artucara, pat. Llorot. 400 sacos carbon de gas, 80 serreus tasajo y 18 ostuches de azúcar y efectos.;;Artucara;;;g.;1876_06_03;Carderas;;
;;N/A:  | N/A:  | N/A:  | N/A: ;;;Icolan;pat.;;;;;"De Cabanas g. Jes fa, pat. Icolan, 250 osjas y 48 bocoyas de azúcar, 220 tercios de tabaco; y 13 pipas aguardiente.";;Jes fa;;;g.;1876_06_03;Cabanas;;
;;N/A:  | N/A: ;;;Nunez;pat.;;;;;De Baracoa bota Cagilia Manuela, pat. Nunez, 23 cajas y 17 bocuyas aécar.;;Cagilia Manuela;;;bota;1876_06_03;Baracoa;;
Día null:;;N/A:  | N/A: ;;;Manzo;cap.;;;;;De Cuba y escalas vapor Marsella, cap. Manzo: 35 a cacao y 23 desenas serones.;;Marsella;;;vapor;1876_06_04;Cuba;;
;;N/A:  | N/A:  | N/A:  | N/A:  | N/A:  | N/A:  | N/A:  | N/A:  | N/A: ;;;Cacho;cap.;;;;;De id vapor Alicante, cap. Cacho: 50 a cacao, 54 bar. aceite de coco, 11/4 serones yarey, 48 tercios tabaco, 9 o ropa, 5 colones tabacos, 1 barril café, 1 o. peleotoria y efectos.;;Alicante;;;vapor;1876_06_04;id;;
Día :;;N/A:  | N/A: ;;;Roldan;cap.;;;;;De Cabarei y Sagu vapor Alava, cap. Roldan: 75 o. y 1 barril azúcar y efectos.;;Alava;;;vapor;1876_06_04;Cabarei y Sagu;;
;;N/A:  | N/A:  | N/A: ;;;Cabré;p.;;;;;De Sierra Morena g. María, p. Cabré: 496 o. y 9 s. está car.;;María;;;g.;1876_06_04;Sierra Morena;;
;;N/A:  | N/A:  | N/A: ;;;Dardet;p.;;;;;De Cándens g. Recita, p. Dardet: 314 o. 133 s. y 60 bocoyes azúcar.;;Recita;;;g.;1876_06_04;Cándens;;
;;N/A:  | N/A:  | N/A: ;;;Juan;p.;;;;;De id. g. Nueva Ríbila, p. Juan: 530 o. y 50 boo. azúcar y 13 cetrosoles cera.;;Nueva Ríbila;;;p.;1876_06_04;id. g.;;
;;N/A:  | N/A:  | N/A: ;;;Visquerra;p.;;;;;De Matauraz g. Dos Hermanas, p. Visquerra: 160 o. 261 s. y 32 boo. azúcar y efectos.;;Dos Hermanas;;;g.;1876_06_04;Matauraz;;
;;N/A:  | N/A: ;;;Colomar;p.;;;;;De Canasi g. Sebía, p. Colomar: 50 o. y 74 bocoyes azúcar.;;Sebía;;;g.;1876_06_04;Canasi;;
;;N/A: ;;;Alemaní;p.;;;;;De Jarrón v. Adulada, p. Alemaní: 40 quarteros las en el cojura.;;Adulada;;;v.;1876_06_04;Jarrón;;
;;N/A: ;;;López;p.;;;;;De la Domínica g. Dominica, p. López: 75 quarterolas mil de parga.;Dominica;;;;g.;1876_06_04;Domínica;;
;;N/A: ;;;Torres;pat.;;;;;De Morillo gol. Anita, pat. Torres, 230 atravesafios.;;Anita;;;gol.;1876_06_07;Morillo;;
;;N/A: ;;;;pat.;;;;;De Jalmantas boto Prosperidad, pat. Oranda, 10,000;Oranda;Prosperidad;;;boto;1876_06_07;Jalmantas;;
;;N/A: ;;;Colomar;pat.;;;;;De Sagnol gol. Correo Canasi, pat. Colomar, 50 palos;;Correo Canasi;;;gol.;1876_06_07;Sagnol;;
;;N/A: ;;;Villalonga;pat.;;;;;De Sierra Morena gol. Terezita, pat. Villalonga, 800 s.;;Terezita;;;gol.;1876_06_07;Sierra Morena;;
;;N/A:  | N/A: ;;;Gil;pat.;;;;;De Bares gol. Nueva Concha, pat. Gil, 66 boc. azúcar y 30 cuarteros miele de purga.;;Nueva Concha;;;gol.;1876_06_07;Bares;;
;;N/A:  | N/A: ;;;Roselló;pat.;;;;;De Cabanas gol. Ramacrida, pat. Roselló, 50 boc. azúcar y 5 pipas aguardiente.;;Ramacrida;;;gol.;1876_06_07;Cabanas;;
;;N/A:  | N/A: ;;;Alomaby;pat.;;;;;De Cardona gol. Panchita, pat. Alomaby, 250 c. y 4 estuches azúcar, 60 onartos pipa vino y efectos.;;Panchita;;;gol.;1876_06_07;Cardona;;
;;N/A:  | N/A: ;;;Pojo;pat.;;;;;De Cardona gol. Inés, pat. Pojo, 400 o. y 14 estuches azúcar.;;Inés;;;gol.;1876_06_07;Cardona;;
;;N/A: ;;;Rojas;pat.;;;;;De la Teja gol. Castilla, pat. Rojas 1000 s. azúcar.;;Castilla;;;gol.;1876_06_07;Teja;;
;;N/A:  | N/A:  | N/A: ;;;Bouet;pat.;;;;;De S. Moruna gol. Gertrudis, pat. Bouet, 790 o. 38 a. y 6 boc. azúcar.;;Gertrudis;;;gol.;1876_06_07;S. Moruna;;
;;N/A: ;;;Cabral;pat.;;;;;De Sagnol gol. Ramoncita, pat. Cabral, 2103 s. carbon.;;Ramoncita;;;gol.;1876_06_07;Sagnol;;
;;N/A:  | N/A:  | N/A:  | N/A: ;;;Alvarez;pat.;;;;;De Cabarier gol. Popilla Alvarez, pat. Dapico, 100000 pídas de tabla, 403 docenas caporjas, 6 toronclos miele de abejas y efectos.;;Popilla;;;gol.;1876_06_07;Cabarier;;
;;N/A:  | N/A: ;;;Horros;pat.;;;;;De Cardenas gol. Morcedita, pat. Horros, 203 o. y 70 boc. azúcar y tablillas.;;Morcedita;;;gol.;1876_06_07;Cardenas;;
;;N/A:  | N/A:  | N/A:  | N/A: ;;;Vega;cap.;;;;;De Cabarier y Siga van. Minerva, cap. Vega, 1 boc. azúcar, 3 lit. N. S. de Roga, 10 bastones, 1 fardo ropa.;;Minerva;;;van.;1876_06_07;Cabarier y Siga;;
;;N/A:  | N/A: ;;;Rodriguez;pat.;;;;;De Arroyos vit. N. S. de Roga, pat. Rodriguez, 5000 pecados vivos, 50 gr. id. salado.;;N. S. de Roga;;;vit.;1876_06_07;Arroyos;;
;;;;;Alemany;pat.;;;;;De Gibara g. María, patron Alemany, en lastre.;;María;;;g.;1876_06_08;Gibara;;
;;N/A: ;;;Orbay;pat.;;;;;De la Trja g. Paquete de Nuevits, pat. Orbay, 700 s. carbon.;;Paquete de Nuevits;;;g.;1876_06_08;Trja;;
;;N/A:  | N/A: ;;;Colomar;pat.;;;;;De Canasi g. Babás, patron Colomar, 86 bocas. azúcar, 14 pps. agdte.;;Babás;;;g.;1876_06_08;Canasi;;
;;N/A:  | N/A:  | N/A: ;;;Hacip;pat.;;;;;De Santa Urs g. Rosa María, pat. Hacip, 104 bocas. azúcar, 17 fanegas. mais, 7 s. frijoles.;;Rosa María;;;g.;1876_06_08;Santa Urs;;
;;N/A: ;;;Murcia;patron;;;;;De Jarrico g. Florencio Saes, patron Murcia, 118 cajas azúcar.;;Florencio Saes;;;g.;1876_06_08;Jarrico;;
;;N/A:  | N/A:  | N/A: ;;;Gorin;pat.;;;;;De Bahía Horda g. Franciscas, patron Gorin, 150 bocoyos azúcar, 45 pps. agdte. y 45 s. carbon.;;Franciscas;;;g.;1876_06_08;Bahía Horda;;
;;N/A:  | N/A: ;;;Deulcen;p.;;;;;De Cabanas g. N. S. del Cármen, p. Deulcen, 300 cajas azúcar, 40 pps. agdte.;;N. S. del Cármen;;;g.;1876_06_08;Cabanas;;
;;N/A:  | N/A: ;;;Tur;p.;;;;;"De Baracca, g. Telégrafo, p. Tur; 3000 cocos sacos, 174";;Telégrafo;;;g.;1876_06_09;Baracca;;
;;N/A: ;;;Zaragoza;p.;;;;;"De Cárdenas, g. Isla de Onba, p. Zaragoza; 70 sacos";;Isla de Onba;;;g.;1876_06_09;Cárdenas;;
;;N/A: ;;;Niebla;p.;;;;;De Canasi, g. Lola Marina, p. Niebla, 88 box. azúcar;;Lola Marina;;;g.;1876_06_09;Canasi;;
;;N/A:  | N/A: ;;;Perez;p.;;;;;"De Hinojal, g. Justica, p. Perez; 114 c. azúcar, 46 oter-";;Justica;;;g.;1876_06_09;Hinojal;;
;;N/A: ;;;Fuenóte;p.;;;;;De Banes, bdr. J. Gâriol, p. Fuenóte: 10000 ladri-;;J. Gâriol;;;bdr.;1876_06_09;Banes;;
;;N/A: ;;;Cabrera;p.;;;;;"De In Teja, g. San José, p. Cabrera; 500 sacos azúcar,";;San José;;;g.;1876_06_09;In Teja;;
Día 01:;;N/A:  | N/A: ;;;Jofre;cap.;;;;;De Cárdenas, v. p. 2 bullos cap. Jofre: 3 bullos oers, 80;;p. 2;;;v.;1876_06_09;Cárdenas;;
;;N/A: ;;;Alemany;p.;;;;;De Jaruco, g. Adolaida, p. Alemany: 40 quarterolas;;Adolaida;;;g.;1876_06_09;Jaruco;;
;;N/A:  | N/A: ;;;Lopez;p.;;;;;De Domírita, g. Dominic, p. Lopez: 83 o. y 18 boos-;;Dominic;;;g.;1876_06_09;Domírita;;
Día null:;;N/A:  | N/A: ;;;Llado;p.;;;;;De B Hondo, gol. Carmiña, p. Llado: 197 o. y 60 bos.;;Carmiña;;;gol.;1876_06_10;B Hondo;;
Día XX:;;N/A:  | N/A: ;;;Paula;p.;;;;;De Sierra-Moreno, gol. Sofa, p. Paula: 100 o. 490 sacos;;Sofa;;;gol.;1876_06_10;Sierra-Moreno;;
;;N/A:  | N/A: ;;;Pojo;p.;;;;;De Jaruco, gol. Grlondrina, p. Pojo: 60 o. y 217 sacos;;Grlondrina;;;gol.;1876_06_10;Jaruco;;
;;N/A: ;;;Carrasco;p.;;;;;De Baraco, botas San Antonio, p. Carrasco: 100 sacos;;San Antonio;;;botas;1876_06_10;Baraco;;
;;;;;Eld-Edge;cap.;;;;;"— N. Yo. k. via Matanzas, gol. am. Pilot's ""Ride, cap. Eld-Edge, por Sanvalle, Finlay y cp. -600 s. azdear.";am.;"Pilot's ""Ride";;;gol.;1876_06_11;Matanzas;;
;;N/A: ;;;Ricker;cap.;;;;;— N. Orleans, gol. aiger. Gro. Scley, cap. Ricker, por Darrty, Chaffax y cp. -153 o. y 433 bocegs azul.;;aiger.;;;gol.;1876_06_11;N. Orleans;;
;;N/A:  | N/A:  | N/A: ;;;Beige;pat.;;;;;De Cañarion g. Engracis, pat. Beige, 700 caballos leña, 400 tendido agas, 200 dnas. eponjas.;;Engracis;;;g.;1876_06_13;Cañarion;;
;;N/A:  | N/A: ;;;Eohavaría;p.;;;;;De Carahatas g. Trois Hermanas, p. Eohavaría, 970 s. y 60 bocos azúcar.;;Trois Hermanas;;;g.;1876_06_13;Carahatas;;
;;N/A: ;;;Núñez;pat.;;;;;De Cárdenas g. N. S. del Cármen, pat. Núñez, 509 o azúcar.;;N. S. del Cármen;;;g.;1876_06_13;Cárdenas;;
;;N/A:  | N/A: ;;;Escandell;pat.;;;;;De Bahía Honda g. Elóisa, pat. Escandell, 129 o y 49 bocs. azúcar, 39 prs. agdte.;;Elóisa;;;g.;1876_06_13;Bahía Honda;;
;;N/A: ;;;Villalongo;p.;;;;;De Idem g. Gertrúdiz, p. Villalongo, 500 o. azúcar.;;Gertrúdiz;;;g.;1876_06_13;Idem;;
;;N/A:  | N/A: ;;;Pelloer;pat.;;;;;De Matazas g. Emilio, patron Pelloer, 103 pipas a-garantido y minibas.;;Emilio;;;g.;1876_06_13;Matazas;;
;;N/A: ;;;Cobas;pat.;;;;;De Baracax g. Bouifacola, patron Cobas, 74 bocoyes azúcar.;;Bouifacola;;;g.;1876_06_13;Baracax;;
;;N/A: ;;;Rojas;p.;;;;;De Id. b. San José p. Rojas, 420 s. cal.;;San José;;;b.;1876_06_13;Id.;;
;;N/A:  | N/A: ;;;Cabreu;p.;;;;;De Sierra Morena g. Cinco Hermanos, p. Cabreu, 250 c azúcar, 45 cartulinas miel de purga.;;Cinco Hermanos;;;g.;1876_06_14;Sierra Morena;;
;;N/A: ;;;Roldan;cap.;;;;;De Cárdenas vap. Alava, cap. Roldan, 1875 cajas azúcar.;;Alava;;;vap.;1876_06_15;Cárdenas;;
;;N/A:  | N/A:  | N/A:  | N/A:  | N/A: ;;;Ferrer;cap.;;;;;De Saguas vap. Dalias, cap. Ferrer, 560 docenas sogas, 20 tercios majos, 1 o. herramientas de carpintería, 1 o. pelletera, 1 o. ropa.;;Dalias;;;vap.;1876_06_15;Saguas;;
;;N/A: ;;;Perez;p.;;;;;De Matanzas g. Amelia, p. Perez, 40 o. azúcar.;;Amelia;;;g.;1876_06_15;Matanzas;;
;;N/A:  | N/A:  | N/A:  | N/A: ;;;Planella;p.;;;;;De S. Cayetano g. Salve Virgen Maita, p. Planella, 200 atravesados, 106 varas madera labrada, 71 caballos león y 40 so. carbon.;;Salve Virgen Maita;;;g.;1876_06_15;S. Cayetano;;
;;;;;Bedagren;cap.;;;;;De Cuba y esconas vap. Saratoga, cap. Bedagren—;;Saratoga;;;vap.;1876_06_17;Cuba;;
;;N/A: ;;;Rivas;p.;;;;;De Nuevitas gol. Emilia, p. Rivas—1800 paquetes ya-;;Emilia;;;gol.;1876_06_17;Nuevitas;;
;;N/A:  | N/A: ;;;Rivas;p.;;;;;De id. gol. Dichoza, p. Rivas—111 ceros, 425 caballos;;Dichoza;;;gol.;1876_06_17;id.;;
;;N/A: ;;;Ola;p.;;;;;De Saguagol. Florde Cárdenas, p. Ola—800 s. carbon;;Florde Cárdenas;;;gol.;1876_06_17;Saguagol;;
;;N/A: ;;;Enseñat;p.;;;;;De id. gol. Gorrion, p. Enseñat—300 s. carbon, 300;;Gorrion;;;gol.;1876_06_17;id.;;
;;N/A:  | N/A: ;;;Maclp;p.;;;;;De Santa Cruz gol. Rose María, p. Maclp—177 o. y 25;;Rose María;;;gol.;1876_06_17;Santa Cruz;;
;;N/A: ;;;Valent;p.;;;;;De Cárdenas gol. Victoria, p. Valent—540 cajas azú-;;Victoria;;;gol.;1876_06_17;Cárdenas;;
;;N/A:  | N/A: ;;;Sáez;p.;;;;;De Jarnoogol. Floreano Sáez, p. Morelra—69 o. y 2;;Floreano;;;gol.;1876_06_17;Jarnoogol;;
;;N/A: ;;;;p.;;;;;De id. gol. Golondrina, p. Pojel—73 bocoyes azú-;;Golondrina;;;gol.;1876_06_17;id.;;
;;N/A: ;;;Ruiz;p.;;;;;De Bajas gol. Antonia, p. Ruiz—1000 sacos de car-;;Antonia;;;gol.;1876_06_17;Bajas;;
;;N/A: ;;;Porera;p.;;;;;De Ortigosa gol. Bahía Honda, p. Porera—550 o. asti-;;Bahía Honda;;;gol.;1876_06_17;Ortigosa;;
;;N/A:  | N/A: ;;;Peres;p.;;;;;De Hinojat gol. Justice, p. Peres—149 o. y 6 bos. a-;;Justice;;;gol.;1876_06_17;Hinojat;;
;;;;;Flicas;p.;;;;;De Bahía Honda gol. Manuela, p. Flicas—170 o. aán-;;Manuela;;;gol.;1876_06_17;Bahía Honda;;
;;N/A: ;;;Roselló;p.;;;;;De Cañadas gol. Esmeralda, p. Roselló—468 sacos y;;Esmeralda;;;gol.;1876_06_17;Cañadas;;
;;N/A: ;;;Gil;p.;;;;;De Banaa gol. Nueva Conoha, p. Gil—350 cajas azú-;;Nueva Conoha;;;gol.;1876_06_17;Banaa;;
;;N/A: ;;;Núñez;p.;;;;;De Baracoa bote San José, p. Núñez—500 sacos de;;San José;;;bote;1876_06_17;Baracoa;;
;;N/A: ;;;Grandal;p.;;;;;De Jalmantias bote Prosperidad, p. Grandal—10000;;Prosperidad;;;bote;1876_06_17;Jalmantias;;
;;N/A: ;;;Jofre;cap.;;;;;De Cárdenas vap. Soler, cap. Jofre—140 pp. aguar-;;Soler;;;vap.;1876_06_17;Cárdenas;;
;;N/A:  | N/A:  | N/A:  | N/A: ;;;Bcsoh;p.;;;;;De Sierra Morena g. Unión p. Bcsoh: 535 c, 145 sacos, 20 bot. y 9 estuchas o azúcar.;;Unión;;;g.;1876_06_20;Sierra Morena;;
;;N/A: ;;;Montell;p.;;;;;De la Teja g. Manuela, p. Montell: 800 o. carbón.;;Manuela;;;g.;1876_06_20;Teja;;
Día XX:;;N/A: ;;;;;;;;;De la Trujg. Villa de Gijón, p. Zaragoza: 400 sacos carbón.;;Villa de Gijón;;;p.;1876_06_20;Trujg.;;
;;N/A: ;;;Ochab;p.;;;;;De la Teja g. Cefrín, p. Ochab: 600 o. carbón.;;Cefrín;;;g.;1876_06_20;la Teja;;
;;N/A: ;;;Tur;p.;;;;;De la Teja g. Providencia, p. Tur: 270 atravesasíos.;;Providencia;;;g.;1876_06_20;la Teja;;
Día Febrero:;;N/A: ;;;;p.;;;;;De Mántos g. Francisco Genor, p. Febrero: 1000 sacos carbón.;;Francisco Genor;;;g.;1876_06_20;Mántos;;
;;N/A: ;;;Nogueras;pat.;;;;;De Sta Isabel g. Agüla de Oro, pat. Nogueras: 1500 sacos carbón.;;Agüla de Oro;;;g.;1876_06_20;Sta Isabel;;
;;N/A:  | N/A: ;;;Escanellas;p.;;;;;De la Mulata g. Dolores, p. Escanellas: 600 camones, 55 paças algodón.;;Dolores;;;g.;1876_06_20;Mulata;;
;;N/A:  | N/A: ;;;Rodríguez;p.;;;;;De Cabanas g. Céfiro, p. Rodríguez: 400 varas madera, 200 o. carbón.;;Céfiro;;;g.;1876_06_20;Cabanas;;
;;N/A:  | N/A:  | N/A:  | N/A: ;;;López;p.;;;;;De Dominio g. Dominica, p. López: 54 o. 21 bocoyas y 7 estuchas azúcar, 31 cuartos rojas inol de purga.;;Dominica;;;g.;1876_06_20;Dominio;;
;;N/A:  | N/A:  | N/A:  | N/A:  | N/A:  | N/A:  | N/A: ;;;Sevilla;p.;;;;;De Sazas de Táramo v Nsuvitas gol. Segunda Cantea p Sevilla: 240 caballos leña, 15 arones, 201 a- mgnardos, 160 palos madera, 50 azoosa carbon, 25 p pa- agnardos y efotos.;;Segunda Cantea;;;gol.;1876_06_21;Sazas de Táramo;;
Día 01:;;N/A:  | N/A:  | N/A: ;;;Calro;p.;;;;;De Gibara gol. Sela Manolas, p. Calro: 3000 tejas, 5 orjas sardinas, 1 fardo marroquín.;;Sela Manolas;;;gol.;1876_06_21;Gibara;;
Día XX:;;N/A:  | N/A:  | N/A: ;;;Núñez;p.;;;;;De Calabien gol. María del Rosario, 'p. Núñez: 600 caballos leña, 150 veras almidégo y 6 cajas azdor;;María del Rosario;;;gol.;1876_06_21;Calabien;;
;;N/A:  | N/A:  | N/A: ;;;Mateo;p.;;;;;De Foga gol. Salvador, p. Mateo: 80 caballos leña, 70 aminos y 40 cañas.;;Salvador;;;gol.;1876_06_21;Foga;;
Día XX:;;N/A:  | N/A:  | N/A: ;;;Tlednara;p.;;;;;De Matunias gol. Des Hermanas, p. Tlednara: 18000 arroba, 37 arones y 4 bocoyes idem y afe- tos.;;Des Hermanas;;;gol.;1876_06_21;Matunias;;
;;N/A:  | N/A:  | N/A:  | N/A:  | N/A: ;;;Alemañy;p.;;;;;De Gibara g. Enriqueta, p. Alemañy, 721 caballos leños, 25 tercios tabaco, 28 doceñas aerones, 30 paquetes malaga y efectos.;;Enriqueta;;;g.;1876_06_22;Gibara;;
;;N/A:  | N/A:  | N/A:  | N/A:  | N/A: ;;;Pellicer;p.;;;;;De Nuevitas g. Pirfino, p. Pellicer. 1600 paquetes yrey: 20 aerones idem, 600 caballos leños, 3 piezas madera y efectos.;;Pirfino;;;g.;1876_06_22;Nuevitas;;
;;N/A:  | N/A:  | N/A:  | N/A: ;;;Santo Domingo;p.;;;;;De Carahatas g. Torealta, p. Santo Domingo, 100 cojas 703 sajas y 44 boas asúcar.;;Torealta;;;g.;1876_06_22;Carahatas;;
;;N/A: ;;;Vianqu;pat.;;;;;De Santa María g. ? Gertrudis, pat. Vianqu, 1600 s. carbón.;;Gertrudis;;;g.;1876_06_22;Santa María;;
;;N/A: ;;;Núñez;p.;;;;;De Biraces b. San José, p. Núñez, 400 s. cal.;;San José;;;b.;1876_06_22;Biraces;;
;;N/A: ;;;Jaime;p.;;;;;De Jaimanitas b. San José, p. Jaime, 8000 ladrillos.;;San José;;;b.;1876_06_22;Jaimanitas;;
;;N/A:  | N/A: ;;;Badaró;p.;;;;;De Cárdenas g. Victoria, p. Badaró-800 s. y 150 o azucar.;;Victoria;;;g.;1876_06_23;Cárdenas;;
;;N/A:  | N/A:  | N/A: ;;;Macip-91;p.;;;;;De Santa Cruz g. Nuevo Híllaro, p. Macip-91 e. y 32 bocotes rizar. 5 s. fríjoles, 3 s. más.;;Nuevo Híllaro;;;g.;1876_06_23;Santa Cruz;;
;;N/A: ;;;Lloret;p.;;;;;De Santa Cruz g. Isabellita, p. Lloret-1000 s. carbon;;Isabellita;;;g.;1876_06_23;Santa Cruz;;
;;N/A:  | N/A: ;;;Palan;p.;;;;;De Bahía Honda g. Mercedita, p. Palan-200 paquetes tablillar, 10 pipas mág.;;Mercedita;;;g.;1876_06_23;Bahía Honda;;
;;N/A: ;;;Jerez;p.;;;;;De Saguas g. Nuestra Señora del Carmen, p. Jerez-600 s. carbon;;Nuestra Señora del Carmen;;;g.;1876_06_23;Saguas;;
;;N/A:  | N/A: ;;;Jofre;cap.;;;;;De Cárdenas vap. Soler, cap. Jofre-100 pipas aguardiente y efectos.;;Soler;;;vap.;1876_06_23;Cárdenas;;
;;N/A:  | N/A:  | N/A: ;;;Toro;pat.;;;;;De Novitias gol. Estrelis, pat. Toro, 115 boveyes-ní, 180 caballos leña, 4 tafos.;;Estrelis;;;gol.;1876_06_24;Novitias;;
;;N/A:  | N/A:  | N/A:  | N/A: ;;;Almaz;pat.;;;;;De Cárdenas gol. Panchita, pat. Almaz, 1º2 c., 1 co- luche y 1 barril azúcar, 40 p. los y cfoots.;;Panchita;;;gol.;1876_06_24;Cárdenas;;
;;N/A:  | N/A:  | N/A:  | N/A: ;;;Calafell;pat.;;;;;De Matanzas gol. Ignacita, pat. Calafell, 32 o. y 2 bo- coyes azúcar, 40 boveyes aguardiente, 1500 ar. tasso y efectos.;;Ignacita;;;gol.;1876_06_24;Matanzas;;
;;N/A:  | N/A: ;;;Blanco;pat.;;;;;De San Cayetano gol. Isabelita, pat. Blanco, 550 varas madera, 160 o. carlo n.;;Isabelita;;;gol.;1876_06_24;San Cayetano;;
;;N/A:  | N/A:  | N/A: ;;;Pelrez;pat.;;;;;De Morillo gol. Feliz, pat. Pelrez, 46 bocas azúcar, 15 o. artesanales ní, 1 de purga.;;Feliz;;;gol.;1876_06_24;Morillo;;
;;N/A: ;;;Colomar;pat.;;;;;De Sagna gol. Paquete de Sagna, patron Colomar: 1600 sacos carbon.;;Paquete de Sagna;;;gol.;1876_06_27;Sagna;;
;;N/A:  | N/A: ;;;Enrich;p.;;;;;De Catatatas belro. Amparo, p. Enrich: 600 s. carbon, 400 radios carvera.;;Amparo;;;belro.;1876_06_27;Catatatas;;
Día XX:;;N/A: ;;;Joy;pat.;;;;;De Sierra Morena goleta Tres Hermanas, patron Joy: 600 sacos carbon.;;Tres Hermanas;;;goleta;1876_06_27;Sierra Morena;;
;;N/A: ;;;Castro;patrón;;;;;De La Teja goleta Gallego, patron Castro: 600 sacos carbon.;;Gallego;;;goleta;1876_06_27;La Teja;;
Día XX:;;N/A: ;;;Esteba;pat.;;;;;De idem gol. Dos Sofas, patron Esteba: 1000 sacos carbon.;;Dos Sofas;;;gol.;1876_06_27;idem;;
;;N/A: ;;;Acufa;pat.;;;;;De idem gol. Candita, patron Acufa: 1000 sacos carbon.;;Candita;;;gol.;1876_06_27;idem;;
;;N/A: ;;;Gelpi;p.;;;;;De idem gol. J. Luisa, p. Gelpi: 500 sacos carbon.;;J. Luisa;;;gol.;1876_06_27;idem;;
Día XX:;;N/A: ;;;Orbay;p.;;;;;De idem hidro. Antofíca, p. Orbay: 600 sacos carbon.;;Antofíca;;;hidro.;1876_06_27;idem;;
;;N/A:  | N/A: ;;;Pujol;p.;;;;;De Cárdenas gol. Ines, p. Pujol: 71 cajas azúcar y efectos.;;Ines;;;gol.;1876_06_27;Cárdenas;;
;;N/A: ;;;Alemany;p.;;;;;De Matanzas gol. Elvira, p. Alemany: 12000 arrobas tazajo.;;Elvira;;;gol.;1876_06_27;Matanzas;;
;;N/A:  | N/A: ;;;Pujol;p.;;;;;De Jaruco gol. Golondrina, p. Pujol, 45 bocoyes azúcar, 15 quarteros niel de purga.;;Golondrina;;;gol.;1876_06_27;Jaruco;;
;;N/A:  | N/A:  | N/A:  | N/A:  | N/A: ;;;Cova;p.;;;;;De Cienfuegos gol. Almansa, p. Cova, 600 caballos leña, 155 c. fabón, 31 piezas cedro, muebles y efectos.;;Almansa;;;gol.;1876_06_27;Cienfuegos;;
;;N/A: ;;;Fernandez;p.;;;;;De Maninman gol. Nueva Estrella, p. Fernandez: 60 bocoyes azúcar.;;Nueva Estrella;;;gol.;1876_06_27;Maninman;;
;;N/A:  | N/A: ;;;Gorrin;p.;;;;;De Bahia Honda, gol. Francisca, p. Gorrin: 184 c. y 40 bocoyes azúcar, 40 pps. aguardiente.;;Francisca;;;gol.;1876_06_27;Bahia Honda;;
;;N/A:  | N/A:  | N/A: ;;;Lopez;p.;;;;;De Cabanas gol. Caballo Marino, p. Lopez: 405 c. azúcar, 164 tereos tabaco, 46 tereos id.;;Caballo Marino;;;gol.;1876_06_27;Cabanas;;
;;N/A: ;;;;;;;;;De Banesburo. J. Gabriel, p. Fuente: 6000 ladrillos.;;J. Gabriel;;;p.;1876_06_27;Banesburo;;
;;N/A: ;;;Grandal;p.;;;;;De Jaimanditas bote Prosperidad, p. Grandal: 10000 ladrillos.;;Prosperidad;;;bote;1876_06_27;Jaimanditas;;
Día 01:;;N/A: ;;;Blanco;p.;;;;;De Saguñ gol. Dos Hermanas, p. Blanco: 600 sacos carbon.;;Dos Hermanas;;;gol.;1876_06_28;Saguñ;;
;;N/A:  | N/A:  | N/A: ;;;Colomar;p.;;;;;De idem gol. Correo Canas, p. Colomar: 67 palos júcaro un baul ropa y una lata buches.;;Correo Canas;;;gol.;1876_06_28;idem;;
;;N/A:  | N/A:  | N/A:  | N/A:  | N/A: ;;;Perez;p.;;;;;De Matanzas gol. Amalia, p. Perez: 102 c. y 13 aocoyes azúcar, 1100 arrobas tasajo, 300 sacos harina y 5 cajas de cera.;;Amalia;;;gol.;1876_06_28;Matanzas;;
;;N/A:  | N/A:  | N/A:  | N/A:  | N/A:  | N/A: ;;;Alvarez;p.;;;;;De Tunas gol. Natividad, p. Alvarez: 208 cueros, 500 sacos maíz, 26 pipas vino, nuecales y efectos.;;Natividad;;;gol.;1876_06_28;Tunas;;
;;N/A:  | N/A:  | N/A:  | N/A:  | N/A: ;;;Torres;p.;;;;;De Arroyos gol. Trinidad, p. Torres: 300 caballos leña, 100 sacos carbon, 20 tercios tabaco, 25 arrobas cera, 95 libras conchas carey.;;Trinidad;;;gol.;1876_06_28;Arroyos;;
;;N/A: ;;;Portela;p.;;;;;De Sierra Morena gol. Neptuno, p. Portela: 1000 oacos carbon.;;Neptuno;;;gol.;1876_06_28;Sierra Morena;;
Día null:;;N/A: ;;;Villalonga;p.;;;;;De Margajitas gol. Gertrudis, p. Villalonga: 102 piezas madera.;;Gertrudis;;;gol.;1876_06_28;Margajitas;;
;;N/A:  | N/A:  | N/A: ;;;Escandell;p.;;;;;De R. Honda gol. Eloisa, p. Escandell: 300 c. azúcar, 23 pipas aguardiente y 25 cerdos.;;Eloisa;;;gol.;1876_06_28;R. Honda;;
;;N/A: ;;;Nufiez;p.;;;;;De Baracoa adro. San José, p. Nufiez: 40 sacos cal.;;San José;;;adro.;1876_06_28;Baracoa;;
;;N/A:  | N/A:  | N/A:  | N/A:  | N/A:  | N/A:  | N/A: ;;;Cacho;cap.;;;;;De Cua y escalas vap. Moctezuma, cap. Cacho: 13 sacos tapa, 2 fardos hilos, 2 tercios soga, 7 sacos cacao, 2 burriles azúcar, 1 c. sombraos, 1 id. zapatos.;;Moctezuma;;;vap.;1876_06_28;Cua;;
;;N/A:  | N/A: ;;;Rivas;p.;;;;;De Bajas gol. Leonor, p. Rivas: 520 atravesafos, 100 sacos carbon.;;Leonor;;;gol.;1876_06_28;Bajas;;
;;N/A:  | N/A: ;;;Denulofe;p.;;;;;De Cabañas gol. N. S. del Cármen, p. Denulofe: 100 pipas aguardiente y 4 c. azúcar.;;N. S. del Cármen;;;gol.;1876_06_28;Cabañas;;
;;N/A: ;;;Colomar;p.;;;;;De Canst gol. Sabas, p. Colomar: 100 bocas, miel do purga.;;Sabas;;;gol.;1876_06_28;Canst;;
;;N/A: ;;;Alemañy;p.;;;;;De Jarrico gol. Adelaida, p. Alemañy: 10 cuarteros de mielde punga.;;Adelaida;;;gol.;1876_06_28;Jarrico;;
;;N/A:  | N/A: ;;;Echavaria;p.;;;;;De Canalatas g. Tres Hermanas, p. Echavaria: 37 c. azúcar, 40 pipas agüita.;;Tres Hermanas;;;g.;1876_06_29;Canalatas;;
;;N/A:  | N/A: ;;;Bosch;p.;;;;;De Sierra Morena g. Union, p. Bosch: 51 c. azúcar, 25 pipas agüita, efectos.;;Union;;;g.;1876_06_29;Sierra Morena;;
;;N/A: ;;;Conella;p.;;;;;De la Peje g. Margarita, p. Conella: 500 s. carbon.;;Margarita;;;g.;1876_06_29;Peje;;
;;;;;Rojas;p.;;;;;De Idi, g. Castilla, p. Rojas: en lastre.;;Castilla;;;g.;1876_06_29;Idi;;
;;N/A: ;;;Valent;p.;;;;;De Cárdenas g. Victoria, p. Valent: 540 c. azúcar.;;Victoria;;;g.;1876_06_29;Cárdenas;;
;;N/A:  | N/A:  | N/A: ;;;Osorio;p.;;;;;De Santa Cruz g. Ella, p. Osorio: 200 s. carbon, 20 piezas madera, 157 setones yarey.;;Ella;;;g.;1876_06_29;Santa Cruz;;
;;N/A:  | N/A:  | N/A:  | N/A:  | N/A: ;;;Martínez;p.;;;;;De Cienfuegos g. Paquete de Gibara, p. Martínez: 600 caballos leña, 126 c. jabón, 96 piezas cedro, 25 c. frutas, 1 c. colore visigo.;;Paquete de Gibara;;;g.;1876_06_29;Cienfuegos;;
;;N/A:  | N/A: ;;;Perez;p.;;;;;De Hinojal g. Justica, p. Perez: 41 c. azúcar, 21 cartelas miel de purga.;;Justica;;;g.;1876_06_29;Hinojal;;
;;N/A: ;;;Cus;cap.;;;;;De San Cayetano vap. Balia Honda, cap. Cus: 466 tercios tabaco.;;Balia Honda;;;vap.;1876_06_29;San Cayetano;;
;;N/A:  | N/A: ;;;Torres;pat.;;;;;De Nuevitas gol. Agüedita, pat. Torres, 200 caballos leña, 60 sacos carbon. inmuebles y efectos.;;Agüedita;;;gol.;1876_07_01;Nuevitas;;
;;N/A: ;;;Gonzalez;pat.;;;;;De Sagua goleta Trafalgar, patron Gonzalez, 1200 sacos carbon.;;Trafalgar;;;goleta;1876_07_01;Sagua;;
;;N/A: ;;;Villalonga;pat.;;;;;De Sierra Morena gol. Terezita, patron Villalonga, 800 sacos carbon.;;Terezita;;;gol.;1876_07_01;Sierra Morena;;
;;N/A:  | N/A: ;;;Lloret;pat.;;;;;De Cárdenas gol. Araucanía, pat. Lloret, 21 serón tasajo y 1 mobiliario chino.;;Araucanía;;;gol.;1876_07_01;Cárdenas;;
;;N/A: ;;;Mobó;pat.;;;;;De Matanzas goleta Francisca, patron Mobó, 527 sacos harina.;;Francisca;;;goleta;1876_07_01;Matanzas;;
;;N/A: ;;;Bernaza;patrón;;;;;De Cana goleta Potosí, patron Bernaza, 800 sacos carbon.;;Potosí;;;goleta;1876_07_01;Cana;;
;;N/A:  | N/A: ;;;Pelaz;pat.;;;;;Del Morillo gol. Feliz, pat. Pelaz, 25 boes azúcar, 32 quartetrolas miel de purga.;;Feliz;;;gol.;1876_07_01;Morillo;;
;;N/A: ;;;Perera;pat.;;;;;De Ortigosa bote Cecilia Manuela, pat. Perera, 130 cajas de azúcar.;;Cecilia Manuela;;;bote;1876_07_01;Ortigosa;;
;;N/A: ;;;Borna;pat.;;;;;De Puerto del Padre gol. Tres Hermanas, pat. Borna - zz. 223 bocoyes azucar.;;Tres Hermanas;;;gol.;1876_07_04;Puerto del Padre;;
;;N/A:  | N/A:  | N/A:  | N/A: ;;;Bernass;p.;;;;;Do Nuovitas gol. Dolores, p. Bernass, con 500 s. carbon, 450 caballos leña, 20 bar. carne, 7 e. fideos y efectos.;;Dolores;;;gol.;1876_07_05;Nuovitas;;
;;N/A:  | N/A:  | N/A: ;;;Torres;p.;;;;;Del Mérillo gol. Inés, p. Torres, con 200 atravesños, 8. carlón y 11 palos madera curta.;;Inés;;;gol.;1876_07_05;Mérillo;;
;;N/A:  | N/A: ;;;Itoaldan;cap.;;;;;Do Cárdenas vapor Alvear, cap. Itoaldan, con 981 d. y 25 bocoyes azúcar y oficinas.;;Alvear;;;vapor;1876_07_05;Cárdenas;;
;;N/A:  | N/A:  | N/A:  | N/A:  | N/A: ;;;Olivera;p.;;;;;De Calbarrié gol. Teresita, p. Olivera, con 400 docenas espaljadas, 300 caballos leña, 18 cueros, 4 tert. ardel de abejas y efectos.;;Teresita;;;gol.;1876_07_05;Calbarrié;;
;;N/A:  | N/A: ;;;Colomar;p.;;;;;Do Camiñol gol. Sabián, p. Colomar, con 60 bocoyes azúcar y 17 pipas aguardiente.;;Sabián;;;gol.;1876_07_05;Camiñol;;
;;N/A:  | N/A: ;;;Colomar;p.;;;;;De Saguí gol. Providencia, p. Colomar, 600 s. carbon y 70 pales fácero.;;Providencia;;;gol.;1876_07_05;Saguí;;
;;N/A: ;;;Ojulía;p.;;;;;De Jara g. América, p. Ojulía, con 1.300 s. carbon.;;América;;;g.;1876_07_05;Jara;;
;;N/A:  | N/A:  | N/A:  | N/A:  | N/A:  | N/A: ;;;Riestra;cap.;;;;;Do Cubá y escuadra vapor Alicante, cap. Riestra, con 147 sacos, 7 bocoyes y 12 serones cacao, 574 tercios tabaco, 6 mercancías y oficinas.;;Alicante;;;vapor;1876_07_05;Cubá;;
;;N/A: ;;;Serra;p.;;;;;De Herra Morana gol. Amable Bosite, p. Serra, con 600 s. carbon.;;Amable Bosite;;;gol.;1876_07_05;Herra Morana;;
;;N/A:  | N/A: ;;;Fernández;p.;;;;;Do Mulinán gol. Catrilla, p. Fernández, con 10 bocoyes azúcar y 42 quarteros mil de purga.;;Catrilla;;;gol.;1876_07_05;Mulinán;;
;;N/A:  | N/A:  | N/A:  | N/A: ;;;Hratera;p.;;;;;De Cárdenas g. Mercedes, p. Hratera, 330 c. azúcar, 190 paquetes tablilla, 25 serones tasajo, 1 c. fosforos.;;Mercedes;;;g.;1876_07_06;Cárdenas;;
;;N/A:  | N/A: ;;;Valent;p.;;;;;De Cárdenas gol. Victoria, p. Valent: 590 cajas y 50 sacos azúcar.;;Victoria;;;gol.;1876_07_07;Cárdenas;;
;;N/A:  | N/A:  | N/A:  | N/A:  | N/A:  | N/A: ;;;Alemany;p.;;;;;De Matanzas gol. Francisco, p. Alemany: 219 cajas-antenas, 96 tablas sardinas, 69 sacos harina, 21 qtl. cobro viejo, 67 c. quesos y 3 c. ideoes.;;Francisco;;;gol.;1876_07_07;Matanzas;;
;;N/A: ;;;Bernasa;p.;;;;;De Santa Isabel gol. Isabel 22, p. Bernasa: 700 sacos de carbon.;;Isabel 22;;;gol.;1876_07_07;Santa Isabel;;
;;N/A:  | N/A:  | N/A: ;;;Roselló;p.;;;;;De Cabanas gol. Esmeralda, p. Roselló: 225 c. y 33 bocas azúcar y 26 pp. agdte.;;Esmeralda;;;gol.;1876_07_07;Cabanas;;
;;N/A:  | N/A:  | N/A: ;;;Roselló;p.;;;;;De Teja gol. Tres Marías, p. Roselló: 800 sacos carbon 600 arabos y 100 atravesafos.;;Tres Marías;;;gol.;1876_07_07;Teja;;
;;N/A:  | N/A:  | N/A:  | N/A: ;;;Mell;pat.;;;;;De Mantua gol. Margarita, pat. Mell, 2043 s. carbón, 67 torclos tabaco, 18 marquitas cera, 98 gfs. miel de abejas.;;Margarita;;;gol.;1876_07_08;Mantua;;
;;N/A: ;;;Anua;pat.;;;;;De Morillo gol. Josefa, pat. Anua, 300 s. carbón, 57 almacén.;;Josefa;;;gol.;1876_07_08;Morillo;;
;;N/A:  | N/A:  | N/A:  | N/A: ;;;Escandell;pat.;;;;;De Bahía Honda gol. Elioña, pat. Escandell, 203 c. y 37 bocoyos azúcar, 10 pps. aguardiente, 100 paquetes tablilla.;;Elioña;;;gol.;1876_07_08;Bahía Honda;;
;;N/A:  | N/A: ;;;Perez;pat.;;;;;Do Mariel gol. Altargraca, pat. Perez, 184 c. azúcar y 60 pps. aguardiente.;;Altargraca;;;gol.;1876_07_08;Mariel;;
;;N/A:  | N/A:  | N/A: ;;;Paula;pat.;;;;;De S. Morena gol. Solla, pat. Paula, 467 c. azúcar, 11 garrafones y 1 bl. aguardiente.;;Solla;;;gol.;1876_07_09;S. Morena;;
;;N/A: ;;;Otero;pat.;;;;;De la Teja gol. Júcaro, pat. Otero, 800 s. carbon.;;Júcaro;;;gol.;1876_07_09;la Teja;;
;;N/A: ;;;Gisport;pat.;;;;;De idem gol. Jóven Carlota, pat. Gisport, 1000 s. carbon.;;Jóven Carlota;;;gol.;1876_07_09;idem;;
;;N/A:  | N/A: ;;;Aleinavy;pat.;;;;;De Matanzas gol. Elvira, pat. Aleinavy, 4 c. alpargatas, varios muebles.;;Elvira;;;gol.;1876_07_09;Matanzas;;
;;N/A:  | N/A: ;;;Visquerra;pat.;;;;;De idem gol. Dos Hermanas, pat. Visquerra, 50 c. azúcar, 13 seronestasajo.;;Dos Hermanas;;;gol.;1876_07_09;idem;;
;;N/A:  | N/A: ;;;Colomar;pat.;;;;;De Canas gol. Sabas, pat. Colomar, 94 beys. y 2 cestuches azúcar.;;Sabas;;;gol.;1876_07_09;Canas;;
;;N/A: ;;;Murcia;pat.;;;;;De Jaruco gol. Florencio Sáez, pat. Murcia, 40 s. maíz.;;Florencio Sáez;;;gol.;1876_07_09;Jaruco;;
;;N/A:  | N/A:  | N/A:  | N/A:  | N/A: ;;;Alemany;p.;;;;;"De Sierra Morena gl. Matilde, p. Alemany; 130 cajas azúcar 600 sacos carbon, 76 palos madera, 4 cueros, 1 barril ajonjoli.";;Matilde;;;gl.;1876_07_11;Sierra Morena;;
;;N/A: ;;;Montell;p.;;;;;De La Teja gl. Maunela, p. Montell. 1000 sacos de carbon.;;Maunela;;;gl.;1876_07_11;La Teja;;
;;N/A: ;;;Riora;p.;;;;;"De Idem gol. Villa do Gijon, p. Riora; 1000 sacos de carbon.";;Villa do Gijon;;;gol.;1876_07_11;Idem;;
;;N/A:  | N/A:  | N/A:  | N/A:  | N/A: ;;;Pujol;p.;;;;;"De Cárdenas gol. Ines, p. Pujol; 50 pipas aguardiente 25 palos madera; 4 estuches y 1 bocoy azúcar, 12 cajas frutas, 7 cajas jabon.";;Ines;;;gol.;1876_07_11;Cárdenas;;
;;N/A:  | N/A: ;;;Calafell;p.;;;;;"De Matanzas gl. Iguaçita, p. Calafell; 73 cajas azúcar y efectos.";;Iguaçita;;;gl.;1876_07_11;Matanzas;;
;;N/A: ;;;Tasso;p.;;;;;De Gibara bdro. Covadonga, p. Tasso, 40 inmugas de maíz.;;Covadonga;;;bdro.;1876_07_11;Gibara;;
;;N/A:  | N/A:  | N/A:  | N/A: ;;;Lopez;p.;;;;;De Cabañas gol. Caballo Marino, p. Lopez, 300 cajas azúcar, 120 tercios tabaco, 120 cerdos, 50 pipas aguardiente.;;Caballo Marino;;;gol.;1876_07_11;Cabañas;;
;;N/A:  | N/A: ;;;Denlofco;;;;;;"De Idembro. Juanita, p. Denlofco; 40 pipas aguardiente, 18 sacos lana.";;Juanita;;;p.;1876_07_11;Idembro;;
;;N/A: ;;;Tur;p.;;;;;"De La Teja gol. Nueva Providencia, p. Tur; 500 atraves ranos.";;Nueva Providencia;;;gol.;1876_07_11;La Teja;;
;;N/A:  | N/A: ;;;Jofre;cap.;;;;;"De Cárdenas vap. Soler, cap. Jofre; 30 pipas aguardiente, 7 efectos.";;Soler;;;vap.;1876_07_11;Cárdenas;;
;;N/A:  | N/A:  | N/A: ;;;;;;;;;"De Cuba y escalas vap. Clara, caq. Ron; 38 docenas secrones, 1 caja caroy, 2 cajas peletería.";;Clara;;;vap.;1876_07_11;Cuba y escalas;;
;;N/A: ;;;Pinoelo;p.;;;;;De Saguaje g. Morcedita, p. Pinoelo: 700 s. carbon.;;Morcedita;;;g.;1876_07_12;Saguaje;;
;;N/A:  | N/A:  | N/A:  | N/A: ;;;Bosch;p.;;;;;De Sierra Morena g. Union, p. Bosch: 503 c. azúcar, 21 pipas aguardiente, madera y efectos.;;Union;;;g.;1876_07_12;Sierra Morena;;
;;N/A: ;;;Sanchez;p.;;;;;De la Teja g. Segunda Amistad, p. Sanchez: 500 s. carbon.;;Segunda Amistad;;;g.;1876_07_12;la Teja;;
;;N/A: ;;;;;;;;;De id. g. Magdalena, p. Montell: 600 s. carbon.;;Magdalena;;;p.;1876_07_12;id. g.;;
;;N/A: ;;;Perez;p.;;;;;De id. g. Maria, p. Perez: 700 s. carbon.;;Maria;;;p.;1876_07_12;id. g.;;
;;N/A: ;;;Nuñez;p.;;;;;De la Ortigas bote Cecilia Manuella, p. Nuñez: 26 pipas aguardiente.;;Cecilia Manuella;;;bote;1876_07_12;Ortigas;;
;;N/A: ;;;Nuñez;p.;;;;;De Barcoa hidro. San José, p. Nuñez: 400 s. cal.;;San José;;;hidro.;1876_07_12;Barcoa;;
;;N/A: ;;;Grandal;p.;;;;;De Jaimanitas bote Prosperidad, p. Grandal: 10,000 la-drillos.;;Prosperidad;;;bote;1876_07_12;Jaimanitas;;
;;N/A: ;;;Garcia;p.;;;;;De Teja gol. Leonarda, p. Garcia—700 sacos de carbon.;;Leonarda;;;gol.;1876_07_13;Teja;;
;;N/A: ;;;San Fiel;p.;;;;;De idem gol. Prieta, p. San Fiel—700 sacos de carbon.;;Prieta;;;gol.;1876_07_13;idem;;
;;N/A:  | N/A: ;;;Colomar;p.;;;;;De Canast gol. Sabas, p. Colomar—316 c. azucar y 9 plas aguardiente.;;Sabas;;;gol.;1876_07_13;Canast;;
;;N/A: ;;;Ora;pat.;;;;;De Sagua gol. Josefita, pat. Ora, 600 s. carbon.;;Josefita;;;gol.;1876_07_14;Sagua;;
;;N/A: ;;;Orbay;pat.;;;;;De la Teja bdro. Antonica, pat. Orbay, 600 s. carbon.;;Antonica;;;bdro.;1876_07_14;Teja;;
;;N/A:  | N/A: ;;;Valent;pat.;;;;;De Cárdenas gol. Victoria, pat. Valent, 400 c. y 200 s. azúcar.;;Victoria;;;gol.;1876_07_14;Cárdenas;;
;;N/A:  | N/A:  | N/A:  | N/A: ;;;Aleman;pat.;;;;;De idiom gol. Panchita, pat. Aleman, 206 paquetes tablilla, 12 s. plecnda. efectos y muebles.;;Panchita;;;gol.;1876_07_14;idiom;;
;;N/A:  | N/A: ;;;Macip;pat.;;;;;De Santa Cruz gol. Nuevo Hilaro, pat. Macip, 62 pps. azuárdiente, 50 cerdolas.;;Nuevo Hilaro;;;gol.;1876_07_14;Santa Cruz;;
;;N/A:  | N/A:  | N/A: ;;;Gortin;pat.;;;;;De Bahía Hondagol. Francisca, pat. Gortin, 150 beys. y 34 c. azúcar, 30 pps. aguardiente.;;Francisca;;;gol.;1876_07_14;Bahía Hondagol;;
;;N/A:  | N/A:  | N/A: ;;;Lopez;pat.;;;;;De la Dominica gol. Dominica, pat. Lopez, 23 c. y 10 beys. azúcar, 67 cuartas. miel de purga.;;Dominica;;;gol.;1876_07_14;Dominica;;
;;N/A: ;;;Miralles;p.;;;;;De Cañarcon gol. Rita Fortuna, p. Miralles, 400 caba-;;Rita Fortuna;;;gol.;1876_07_15;Cañarcon;;
;;N/A:  | N/A: ;;;Brage;p.;;;;;De idem g. Engracia, p. Brage, 1000 dnas. esponjas, 130;;Engracia;;;g.;1876_07_15;idem;;
;;N/A: ;;;Rodriguez;p.;;;;;De idem g. Brillante, p. Rodriguez, 300 enhallos lena,;;Brillante;;;g.;1876_07_15;idem;;
;;N/A:  | N/A: ;;;Ensefet;p.;;;;;De Saguas g. Gorrion, p. Ensefet, 600 s. carbon, 700 ro-;;Gorrion;;;g.;1876_07_15;Saguas;;
;;N/A: ;;;Pillado;p.;;;;;De la Teja g. Cruz de Mayo, p. Pillado, 810 sacos car-;;Cruz de Mayo;;;g.;1876_07_15;la Teja;;
;;N/A: ;;;Mateu;pat.;;;;;De la Teja goleta Catalina, patron Mateu, 1000 sacos;;Catalina;;;goleta;1876_07_15;Teja;;
;;N/A: ;;;Gil;p.;;;;;De Banes gol. Nueva Concha, p. Gil, 120 c. azucar 75;;Nueva Concha;;;gol.;1876_07_15;Banes;;
;;N/A: ;;;Fuentes;pat.;;;;;De Banes bal. Joven Gabriel, pat. Fuentes, 8000 ladri-;;Joven Gabriel;;;bal.;1876_07_15;Banes;;
;;N/A:  | N/A:  | N/A:  | N/A:  | N/A:  | N/A:  | N/A: ;;;Hidaguren;cap.;;;;;De Cuba y escalas vap. Sargatog, cap. Hidaguren: 58 sacos café, 25 sacos cacao, 10 farlos suela, 27 scrones yar-roy, 13 ilos. necito do eoco, 70 sacos coca y efectos.;;Sargatog;;;vap.;1876_07_16;Cuba;;
;;N/A:  | N/A:  | N/A: ;;;Villamí;p.;;;;;De idem idem gol. Manuela, p. Villamí: 2 o. ropa, 1 c. mercancías, 1 id. sillas de montar.;;Manuela;;;gol.;1876_07_16;idem;;
;;N/A:  | N/A:  | N/A:  | N/A:  | N/A: ;;;Columnar;p.;;;;;De Saguá gol. Correo de Canast, p. Columnar: 13 catacas, 200 terefos trías majaguna, 200 duas. nogus id. 5 caballos y efectos.;;Correo de Canast;;;gol.;1876_07_16;Saguá;;
;;N/A: ;;;Gelpi;p.;;;;;De Teja gol. J. Luis, p. Gelpi: 1000 s. carbon.;;J. Luis;;;gol.;1876_07_16;Teja;;
;;N/A: ;;;Cornella;p.;;;;;De id. gol. Margarito, p. Cornella: 700 s. carbon.;;Margarito;;;gol.;1876_07_16;id.;;
;;N/A:  | N/A: ;;;Alenáñy;p.;;;;;De Jaruco gol. Adelaida, p. Alenáñy: 150 sacos maíz, 40 quarterolas mil de purga.;;Adelaida;;;gol.;1876_07_16;Jaruco;;
;;N/A: ;;;Torros;p.;;;;;De Margajitas gol. Auita, p. Torros: 200 atravesafios;;Auita;;;gol.;1876_07_16;Margajitas;;
;;N/A: ;;;Santos;p.;;;;;De id. gol. Quintina, p. Santos: 50 pp. ngdts.;;Quintina;;;gol.;1876_07_16;id.;;
;;N/A:  | N/A: ;;;Carrasco;p.;;;;;De Bano botas San Antonio, p. Carrasco: 92 c. azúcar, 19 cuarteros mil de purga.;;San Antonio;;;botas;1876_07_16;Bano;;
;;N/A:  | N/A:  | N/A:  | N/A:  | N/A: ;;;Alemañy;p.;;;;;De Nuevitas g. J. Pilar, p. Alemañy: 387 caballos leña, 12 barras docente, 6 taburetes, 1 c. sombreros y escobas.;;J. Pilar;;;g.;1876_07_18;Nuevitas;;
;;N/A: ;;;Mayans;p.;;;;;De Calibarien g. 21 Victoria, p. Mayans: 400 caballos leña.;;21 Victoria;;;g.;1876_07_18;Calibarien;;
;;N/A:  | N/A:  | N/A:  | N/A:  | N/A: ;;;Baldó;p.;;;;;De Sagna g. Natalia, p. Baldó: 126 lios sogas, 16 id. ma-jaguna blanda, 18 c. aceite, 17 c. jabon y 1 baul peleteria.;;Natalia;;;g.;1876_07_18;Sagna;;
;;N/A: ;;;Moner;p.;;;;;De la Teja g. Sofia, p. Moner: 1000 s. carbon.;;Sofia;;;g.;1876_07_18;la Teja;;
;;N/A:  | N/A: ;;;Alemañy;p.;;;;;De Matanzas g. Francisco, p. Alemañy: 35 c. y 9 bococ-yes azúcar.;;Francisco;;;g.;1876_07_18;Matanzas;;
;;N/A:  | N/A: ;;;;;;;;;De id. g. Dos Hermanas, p. Calafell: 49 c. azúcar y efectos.;;Calafell;;;p.;1876_07_18;Dos Hermanas;;
;;N/A:  | N/A:  | N/A: ;;;Alemañy;pat.;;;;;De id. g. Elvira, p. Alemañy: 400 s. harina, 113 tercios majagna y efectos.;;Elvira;;;p.;1876_07_18;id. g.;;
;;N/A: ;;;Pujol;p.;;;;;De Jarque g. Golondrina, p. Pujol: 180 c. azúcar.;;Golondrina;;;g.;1876_07_18;Jarque;;
;;N/A:  | N/A:  | N/A:  | N/A:  | N/A:  | N/A: ;;;Torres;p.;;;;;De Múntua g. Serafina, p. Torres: 270 caballos leña, 73 tercios tabaco, 14 piezas madera, 8 s. piedura, 20 s. lana y 8 marquetas cera.;;Serafina;;;g.;1876_07_18;Múntua;;
;;N/A:  | N/A: ;;;Gallego;p.;;;;;De Bajas g. Carmen, p. Gallego: 400 varas madera y 309 s. carbon.;;Carmen;;;g.;1876_07_18;Bajas;;
;;N/A:  | N/A:  | N/A: ;;;Escandell;p.;;;;;De Balia Honda g. Kloisa, p. Escandell: 231 c. azúcar, 26 pipas aguardiente y 200 paquetes tablillas.;;Kloisa;;;g.;1876_07_18;Balia Honda;;
;;N/A: ;;;Núñez;p.;;;;;De Baracoa bote San José, p. Núñez: 400 s. cal.;;San José;;;bote;1876_07_18;Baracoa;;
;;N/A:  | N/A:  | N/A:  | N/A: ;;;Carbonell;p.;;;;;De Nuevías g. María, p. Carbonell: 34 serones guano, 114 cabalos leña, 1 c. cera y efectos.;;María;;;g.;1876_07_20;Nuevías;;
;;N/A: ;;;Arna;p.;;;;;De la Teja g. Vicenta, p. Arna: 200 s. carbon.;;Vicenta;;;g.;1876_07_20;Teja;;
;;N/A:  | N/A:  | N/A: ;;;Herrera;p.;;;;;De Cardenas g. Mercedita, p. Herrera: 25 c. azúcar, 40 palos redio, 100 paquetes tablilla.;;Mercedita;;;g.;1876_07_20;Cardenas;;
;;N/A: ;;;Macip;p.;;;;;De Santa Cruz g. Nuevo Hilario, p. Macip: 30 pipas aguardiente.;;Nuevo Hilario;;;g.;1876_07_20;Santa Cruz;;
;;N/A:  | N/A:  | N/A: ;;;Noguera;p.;;;;;De Manina g. Agnilla de Oro, p. Noguera: 200 s. carbon, 20 s. leña, 20 guarrofones mielabecas.;;Agnilla de Oro;;;g.;1876_07_20;Manina;;
;;N/A: ;;;Juan;p.;;;;;De Cabañas bdro, Rosita, p. Juan: 50 pipas aguardiente.;;Rosita;;;bdro;1876_07_20;Cabañas;;
Día 01:;;N/A: ;;;Deulofeo;p.;;;;;De Cabañas bdro, Juanita, p. Deulofeo: 10 pipas aguardiente.;;Juanita;;;bdro;1876_07_20;Cabañas;;
;;N/A:  | N/A: ;;;Gil;p.;;;;;De Bines g. Nueva Cerecha, p. Gil: 60 boes. azúcar, 23 cuarteros miel de purga.;;Nueva Cerecha;;;g.;1876_07_20;Bines;;
;;N/A:  | N/A: ;;;Riera;p.;;;;;De Ortigosa bote Cecilia Manuela, p. Riera: 20 c. azúcar, 20 pipas aguardiente.;;Cecilia Manuela;;;bote;1876_07_20;Ortigosa;;
;;N/A:  | N/A:  | N/A: ;;;Pellicer;p.;;;;;De Gibara g. Emilio, p. Pellicer: 500 tercios tabaco 100 caballos leña.;;Emilio;;;g.;1876_07_21;Gibara;;
;;N/A:  | N/A: ;;;Rojas;p.;;;;;De la Teja g. Castilla p. Rojas: 917 s. y 1 hucuy azúcar 7 pp. aguardiente.;;Castilla;;;g.;1876_07_21;Teja;;
;;N/A:  | N/A:  | N/A: ;;;Bonet;p.;;;;;De Matauzas g. Ignacia, p. Bonet: 18 c. azúcar, 500 ar. tasajo y efectos.;;Ignacia;;;g.;1876_07_21;Matauzas;;
;;N/A: ;;;Portella;pat.;;;;;De Santa María g. Neptuno, pat. Portella: 1000 sacos carbón.;;Neptuno;;;g.;1876_07_21;Santa María;;
;;N/A:  | N/A: ;;;Rodríguez;p.;;;;;De Cabanas g. Céfiro p. Rodríguez: 490 v. madera, 200 s. carbón.;;Céfiro;;;g.;1876_07_21;Cabanas;;
;;N/A:  | N/A: ;;;Cromad;p.;;;;;De Sagua g. Angelita, p. Cromad, 600 s. carbon, 3 cajas;;Angelita;;;g.;1876_07_22;Sagua;;
;;N/A: ;;;Roca;p.;;;;;De la Teja g. San José p. Roca, 600 s. carbon.;;San José;;;g.;1876_07_22;Teja;;
;;N/A: ;;;Valent;p.;;;;;De Cárdenas g. Victoria, p. Valent, 510 c. azúcar.;;Victoria;;;g.;1876_07_22;Cárdenas;;
;;N/A: ;;;Lloret;p.;;;;;De Cárdenas g. Arquitecta, p. Lloret, 25 cajas azúcar, 6;;Arquitecta;;;g.;1876_07_22;Cárdenas;;
;;;;;Perez;pat.;;;;;De Hinojaltol. Justica. pat. Perez, en lastre.;;Justica;;;;1876_07_23;Hinojaltol;;
;;N/A:  | N/A:  | N/A:  | N/A: ;;;Rivas;pat.;;;;;De Nucitinas g. Díchosa, pat. Rivas: 250 caballos leña, 100 s. carbon, 4 c. sustancias, 2 bles. cristales, muebles y efectos.;;Díchosa;;;g.;1876_07_25;Nucitinas;;
;;N/A:  | N/A:  | N/A: ;;;Oliver;pat.;;;;;De Nu-vitas g. Estrella, pat. Oliver: 11 hós tablas, 900 caballos leña, 11 tosas madera.;;Estrella;;;g.;1876_07_25;Nu-vitas;;
;;N/A:  | N/A:  | N/A:  | N/A: ;;;Bosch;p.;;;;;De Sierra Morena g. Union, p. Bosch: 181 c, 79 s. y 50 bocoyes azúcar, 40 pp. aguardiente y efectos.;;Union;;;g.;1876_07_25;Sierra Morena;;
;;N/A:  | N/A: ;;;Pujol;p.;;;;;De Cárdenas g. Inés, p. Pujol: 26 c. y 96 s. azúcar, 23 acrones tasajo.;;Inés;;;g.;1876_07_25;Cárdenas;;
;;N/A:  | N/A: ;;;Colomar;p.;;;;;De Canasi g. Sabas, p. Colomar: 255 c. y 22 bocoyes azúcar.;;Sabas;;;g.;1876_07_25;Canasi;;
;;N/A:  | N/A:  | N/A: ;;;Murisa;p.;;;;;De Jaruco g. Florencio Saez, p. Murisa: 105 s. maiz, 40 sacos carbon, 7 tablones.;;Florencio Saez;;;g.;1876_07_25;Jaruco;;
;;N/A:  | N/A: ;;;Amat;p.;;;;;De San Cayetano g. Marieta, p. Amat: 600 atravesafios, 63 pales.;;Marieta;;;g.;1876_07_25;San Cayetano;;
;;N/A:  | N/A: ;;;Vilasuso;p.;;;;;De Margajitas g. Manuela, p. Vilasuso: 600 varas madera, 230 atravesafios.;;Manuela;;;g.;1876_07_25;Margajitas;;
;;N/A: ;;;Sanchez;p.;;;;;De Mulata boto Josefa, p. Sanchez: 5 toneladas hierro viejo.;;Josefa;;;boto;1876_07_25;Mulata;;
;;N/A:  | N/A: ;;;Palau;p.;;;;;De Bahía Honda g. Mercedita, p. Palau: 277 atravesafios, 13 pp. aguardiente.;;Mercedita;;;g.;1876_07_25;Bahía Honda;;
;;N/A:  | N/A: ;;;Llaklo;p.;;;;;De Bahía Honda g. Carmita, p. Llaklo: 300 caballos leña, 27 pp. aguardiente.;;Carmita;;;g.;1876_07_25;Bahía Honda;;
;;N/A:  | N/A:  | N/A: ;;;López;p.;;;;;De Cabañas g. Caballo Marino, p. López: 300 c. azúcar, 20 pp. aguardiente, 191 tercios de tabaco.;;Caballo Marino;;;g.;1876_07_25;Cabañas;;
;;N/A:  | N/A: ;;;Juan;p.;;;;;De Cabañas Idró. Rosita, p. Juan: 40 pp. aguardiente, 3 bocoyes carbon.;;Rosita;;;p.;1876_07_25;Cabañas Idró;;
Día null:;;N/A:  | N/A: ;;;López;p.;;;;;De Dominica g. Dominica, p. López: 126 c. azúcar, 23 bocoyes idem.;;Dominica;;;g.;1876_07_25;Dominica;;
;;N/A: ;;;Fuertes;pat.;;;;;De Bance belro. J. Gabriel, pat. Fuertes: 10,000 labrillos.;;J. Gabriel;;;belro.;1876_07_25;Bance;;
;;N/A:  | N/A: ;;;Vilar;p.;;;;;De Arroyos vivero Bravo, p. Vilar: 500 pecados vivos, 7 marquetas cera.;;Bravo;;;vivero;1876_07_25;Arroyos;;
;;N/A: ;;;Alorda;pat.;;;;;De Arroyos g. Juana do Díos, pat. Alorda: 950 sacos carbon.;;Juana do Díos;;;g.;1876_07_25;Arroyos;;
;;N/A: ;;;Visquorra;p.;;;;;De Intanzas g. Amalla, p. Visquorra: 6,000 arrobas taso.;;Amalla;;;g.;1876_07_25;Intanzas;;
;;N/A:  | N/A:  | N/A: ;;;Selles;p.;;;;;De la Teja g. Gertrudia, p. Selles: 1,200 s. carbon, 210 atravesafios, 60 varas madera.;;Gertrudia;;;g.;1876_07_25;Teja;;
Día 01:;;N/A: ;;;Toro;pat.;;;;;De Saguá gol. Dos Hermanas, pat. Toro: 1,000 sacos carbon.;;Dos Hermanas;;;gol.;1876_07_27;Saguá;;
;;N/A: ;;;Fxz;pat.;;;;;De Conzogas gol. Carmila, pat. Fxz: 1,000 s. carbon.;;Carmila;;;gol.;1876_07_27;Conzogas;;
Día XX:;;N/A: ;;;Suño;pat.;;;;;De Sierra Morona gol. Habanera, pat. Suño: 600 sacos carbon.;;Habanera;;;gol.;1876_07_27;Sierra Morona;;
;;N/A: ;;;Ferrer;pat.;;;;;De la Teja gol. 2ª Luz do Yara, pat. Ferrer: 600 sacos carbon.;;2ª Luz;;;gol.;1876_07_27;Teja;;
;;N/A: ;;;Lloret;pat.;;;;;De Santa Isabel gol. Isabelita, pat. Lloret: 1,000 sacos carbon.;;Isabelita;;;gol.;1876_07_27;Santa Isabel;;
;;N/A:  | N/A:  | N/A: ;;;Perez;pat.;;;;;Del Mariel gol. Altagnicia, pat. Perez: 200 cajas y 150 s. azucar. 20 pp. aguardiente.;;Altagnicia;;;gol.;1876_07_27;Mariel;;
;;N/A: ;;;Tur;pat.;;;;;De la Teja gol. Nueva Providencia, pat. Tur: 500 atravesanos.;;Nueva Providencia;;;gol.;1876_07_27;la Teja;;
;;N/A: ;;;Mandillego;p.;;;;;De iden gol. Joaquina, p. Mandillego: en lastro.;;Joaquina;;;gol.;1876_07_28;iden;;
;;N/A: ;;;Ventura;p.;;;;;De Sagna gol. 2º Ignacia, p. Ventura: 900 sacos de carbon.;;2º Ignacia;;;gol.;1876_07_28;Sagna;;
;;N/A: ;;;Coyula;p.;;;;;De Teja gol. América, p. Coyula: 1000 sacos de carbon.;;América;;;gol.;1876_07_29;Teja;;
Día null:;;N/A: ;;;San Fiel;patron;;;;;De idem gol. Priota, patron San Fiel: 600 sacos de carbon.;;Priota;;;gol.;1876_07_29;idem;;
;;N/A: ;;;Otero;pat.;;;;;De idem gol. Júcaro, patron Otero: 1000 sacos de carbon.;;Júcaro;;;gol.;1876_07_29;idem;;
;;N/A:  | N/A: ;;;Pojol;p.;;;;;De Jaruco gol. Colombrina, p. Pojol: 111 cajas azúcar y 140 sacs matiz.;;Colombrina;;;gol.;1876_07_29;Jaruco;;
;;N/A:  | N/A:  | N/A: ;;;Mueip;p.;;;;;De San Cruz gol. Nuevo III atie p. Mueip: 43 c. azúcar 5 p. pedre y 2 sacos carbon.;;Nuevo III;;;gol.;1876_07_29;San Cruz;;
;;N/A: ;;;Perera;p.;;;;;De Cusimaro gol. Antonio Pomar, p. Perera: 600 sacos de carbon.;;Antonio Pomar;;;gol.;1876_07_29;Cusimaro;;
;;N/A: ;;;Bernaza;p.;;;;;De Manina gol. Potosi, p. Bernaza: 1000 sacos de carbon.;;Potosi;;;gol.;1876_07_29;Manina;;
;;N/A: ;;;Bernaza;p.;;;;;De Cona gol. Isabel 23, p. Bernaza: 500 sacos de carbon.;;Isabel 23;;;gol.;1876_07_29;Cona;;
Día null:;;N/A:  | N/A: ;;;Alomáy;p.;;;;;De Matanzas gol. Elvira, p. Alomáy: 6000 arrobas tasa-jo y efectos.;;Elvira;;;gol.;1876_07_29;Matanzas;;
;;N/A: ;;;Compan;p.;;;;;De Cíntezgos gol. Mercedes, p. Compan: 500 cajas jabon.;;Mercedes;;;gol.;1876_07_29;Cíntezgos;;
;;N/A:  | N/A:  | N/A:  | N/A:  | N/A: ;;;Guas;pat.;;;;;De Baracca go. Telégrafo, pat. Guas. 62000 cocos, 65 bls. aceite de coco, 24 s. cacao, 11 s. café, 63 cuneros.;;Telégrafo;;;go.;1876_07_30;Baracca;;
;;N/A: ;;;Coleman;pat.;;;;;De Sagua gol. Paquete de Sagua, pat. Coleman, 1070 s. carbón.;;Paquete de Sagua;;;gol.;1876_07_30;Sagua;;
;;N/A:  | N/A:  | N/A: ;;;Santo Domingo;pat.;;;;;De Carabatas gol. Teresita, pat. Santo Domingo, 150 varas madera, 300 radios de cauca, 150 caballos leña.;;Teresita;;;gol.;1876_07_30;Carabatas;;
;;N/A: ;;;Riera;pat.;;;;;De la Teja gol. Villado Gijon, pat. Riera, 500 s. carbon.;;Villado Gijon;;;gol.;1876_07_30;la Teja;;
;;N/A:  | N/A: ;;;Pavia;pat.;;;;;De Cárdenas gol. General la Mar, pat. Pavia, 40 c. azúcar, 1000s. carbon.;;General la Mar;;;gol.;1876_07_30;Cárdenas;;
;;N/A:  | N/A:  | N/A: ;;;Herrera;pat.;;;;;De Idem gol. Mercedita, pat. Herrera, 130 barras de cacao, 160 paquetes tablillas, 6 c. azúcar.;;Mercedita;;;gol.;1876_07_30;Idem;;
;;N/A:  | N/A:  | N/A:  | N/A:  | N/A:  | N/A: ;;;Cajafel;pat.;;;;;De Matanzas gol. Dos Hermanas, pat. Cajafel, 144 s. barra, 14c. jabón, 11 tercios vaqueta, 29 gibs., 10 latas y 3 bls. almendras.;;Dos Hermanas;;;gol.;1876_07_30;Matanzas;;
;;N/A:  | N/A:  | N/A: ;;;González;pat.;;;;;De Manzanillo gol. Segunda María, pat. González, 2000 caballos leña, 40 tercios serpiente, 6 bls. cera.;;Segunda María;;;gol.;1876_07_30;Manzanillo;;
;;N/A: ;;;Nájera;pat.;;;;;De Baracca bot. San José, pat. Nájera, 40 c. cera.;;San José;;;bot.;1876_07_30;Baracca;;
;;N/A:  | N/A: ;;;Gil;pat.;;;;;De Banes gol. Nácea Concha, pat. Gil, 50 c. azúcar, 100 cuentorolas miel de purga.;;Nácea Concha;;;gol.;1876_07_30;Banes;;
;;N/A:  | N/A:  | N/A:  | N/A:  | N/A:  | N/A: ;;;Ilovet;cap.;;;;;De Cibla y escalas vap. Moctezuma, cap. Ilovet, 102 s. ceno, 2 bls. café, 73 terolos tabaco, 6 bls. aceito de coco. 8 poronesguano y efectos.;;Moctezuma;;;vap.;1876_08_01;Cibla;;
;;N/A: ;;;Max;pat.;;;;;De la Teja gol. Josefa, pat. Max, 600 s. carbon.;;Josefa;;;gol.;1876_08_01;la Teja;;
;;N/A: ;;;Delín;pat.;;;;;De idem gol. Ntra. Sra. del Cármen, pat. Delín, 700 s. carbon.;;Ntra. Sra. del Cármen;;;gol.;1876_08_01;idem;;
;;N/A: ;;;Orbay;pat.;;;;;De idem gol. Ceforín, pat. Orbay, 700 s. carbon.;;Ceforín;;;gol.;1876_08_01;idem;;
;;N/A:  | N/A:  | N/A: ;;;Jofro;cap.;;;;;De Cárdenas vap. Soler, cap. Jofro, 100 pps. aguardiente, 40 paquetes tablilla, 2 c. azúcar y efectos.;;Soler;;;vap.;1876_08_01;Cárdenas;;
;;N/A: ;;;Fobrer;pat.;;;;;De Santa María gol. Francia Géner, pat. Fobrer, 100 s. carbon.;;Francia;;;gol.;1876_08_01;Santa María;;
;;N/A: ;;;Serrn;pat.;;;;;Deidem gol. Amable Resta, pat. Serrn, 600 s. carbon.;;Amable Resta;;;gol.;1876_08_01;Deidem;;
;;N/A:  | N/A: ;;;Anca;pat.;;;;;De Morrillo gol. Josefa, pat. Anca, 300 s. carbon, 300 a. travesafos.;;Josefa;;;gol.;1876_08_01;Morrillo;;
;;N/A:  | N/A: ;;;Percra;pat.;;;;;De Ortigoen boto Cecilia Manuela, pat. Percra, 17 beys azúcar, 17 pps. aguardiente.;;Cecilia Manuela;;;boto;1876_08_01;Ortigoen;;
;;N/A: ;;;Deulofen;pat.;;;;;De Cabahas bdro. Juanita, pat. Deulofen, 40 pps. aguardiente.;;Juanita;;;bdro.;1876_08_01;Cabahas;;
;;N/A: ;;;Santos;pat.;;;;;De Mariel gol. Quintina, pat. Santos, 50 pps. aguardiente.;;Quintina;;;gol.;1876_08_01;Mariel;;
;;N/A:  | N/A: ;;;Duran;pat.;;;;;De idem bdro. Fernandita, pat. Duran, 140 qtls. caca-ramngle, 100 atravesafos.;;Fernandita;;;bdro.;1876_08_01;idem;;
;;N/A: ;;;Enrich;pat.;;;;;De Carahatas hdro. Amparo. pat. Enrich: 600 sacos carbon.;;Amparo;;;hdro.;1876_08_02;Carahatas;;
;;N/A: ;;;Blanco;pat.;;;;;De Congojas gol. Dos Hormanas, pat. Blanco: 600 sacos carbon.;;Dos Hormanas;;;gol.;1876_08_02;Congojas;;
Día XX:;;N/A: ;;;Joy;pat.;;;;;De Sierra Morena gol. Trea Hermanas, pat. Joy: 800 s. carbon.;;Trea Hermanas;;;gol.;1876_08_02;Sierra Morena;;
;;N/A:  | N/A:  | N/A:  | N/A: ;;;Planel;pat.;;;;;De San Cayotano gol. Salvo Virgen Marta, pat. Planel: 1s3 atravesafos. 40 s. carbon, 15 juegos carreta, 20 piezas madera de vuelta.;;Salvo Virgen Marta;;;gol.;1876_08_02;San Cayotano;;
;;N/A:  | N/A: ;;;Ruiz;pat.;;;;;De Bajas gol. Leonor, pat. Ruiz: 600 varas madera, 100 atravesafos.;;Leonor;;;gol.;1876_08_02;Bajas;;
Día 01:;;N/A: ;;;Grandal;pat.;;;;;De Jaiquitas bote Prosperidad, pat. Grandal: 10.000 ladrillos.;;Prosperidad;;;bote;1876_08_02;Jaiquitas;;
;;N/A:  | N/A:  | N/A: ;;;Portilla;pat.;;;;;De Punta Alegro gol. Voloz, pat. Portilla, 1600 estacas de carrete, 227 paquetes tablilla, 209 caballos león.;;Voloz;;;gol.;1876_08_04;Punta Alegro;;
;;N/A:  | N/A:  | N/A:  | N/A: ;;;Bosch;pat.;;;;;De Sierra Morena gol. Union, pat. Bosch, 590 c. y 12 bcys. aznar. 24 pps. aguardiente y efectos.;;Union;;;gol.;1876_08_04;Sierra Morena;;
;;N/A: ;;;Acuña;pat.;;;;;Doddem gol. J. Víceuta, pat. Acuña, 1000 s. carbon.;;J. Víceuta;;;gol.;1876_08_04;Doddem;;
;;N/A: ;;;Griego;p.;;;;;De Sierra Morena gol. Unica, p. Griego, 740 sacos carbon.;;Unica;;;gol.;1876_08_05;Sierra Morena;;
;;N/A:  | N/A:  | N/A:  | N/A: ;;;Visquerra;p.;;;;;De Matanzas g. Amalia, p. Visquerra, 30 c. azúcar, 12 bar. miel, muebles y efectos.;;Amalia;;;g.;1876_08_05;Matanzas;;
;;N/A: ;;;Felicó;pat.;;;;;De Santa María goleta Cuba, pat. Felicó, 800 sacos de carbon.;;Cuba;;;goleta;1876_08_05;Santa María;;
;;N/A:  | N/A: ;;;Escandell;p.;;;;;De B. Honda g. Eloisa, p. Escandell, 46 pipas agudo, 250 paquetes tablilla.;;Eloisa;;;g.;1876_08_05;B. Honda;;
;;N/A: ;;;Junn;pat.;;;;;De Caboñas bal. Rosita, pat. Junn, 50 pipas de aguardiente.;;Rosita;;;bal.;1876_08_05;Caboñas;;
;;N/A: ;;;Fuentes;pat.;;;;;De Bases bal. Joven Gabriel, pat. Fuentes, 10000 la-drillos.;;Joven Gabriel;;;bal.;1876_08_05;Bases;;
;;N/A: ;;;Núñez;pat.;;;;;De Baracoa bol. San José, pat. Núñez. 400 sacos de cal.;;San José;;;bol.;1876_08_05;Baracoa;;
;;N/A: ;;;Carrasco;pat.;;;;;De Animultas boto San Antonio, pat. Carrasco, 2000 ldrillos.;;San Antonio;;;boto;1876_08_05;Animultas;;
;;N/A:  | N/A:  | N/A:  | N/A:  | N/A:  | N/A:  | N/A:  | N/A:  | N/A:  | N/A: ;;;Cache;cap.;;;;;De Cuba y escalas vap. Alcante, cap. Cache: 73 sacos y 3 bies. café, 18 tercios tabaco, 20 serones y 7 s. con 5109 reales. 2 id. vap. Clara cap. Ron: 50 hocs. azúcar, 2 id. miel, 2 c. peletería, 3 id. cera, 6 garrafones miel de abejas y efectos.;;Alcante;;;vap.;1876_08_06;Cuba;;
Día 01:;;N/A: ;;;Santos;pat.;;;;;De Sagna gol. Anitz, pat. Santos: 1060 sacos carbon.;;Anitz;;;gol.;1876_08_06;Sagna;;
;;N/A:  | N/A:  | N/A:  | N/A: ;;;Echavarria;p.;;;;;De Carahatas g. Tres Hermanas, p. Echavarria, 415 sacos, 58 hocs., y 49 c. azúcar, 32 pp. aguardiente.;;Tres Hermanas;;;g.;1876_08_06;Carahatas;;
;;N/A: ;;;Montero;pat.;;;;;De la Teja gol. Agustina, pat. Montero: 800 sacos carbon.;;Agustina;;;gol.;1876_08_06;la Teja;;
Día XX:;;N/A:  | N/A: ;;;Blanco;p.;;;;;De id. g. Isabelita p. Blanco: 400 atravesafios, 1 pieza maquinaria.;;Isabelita;;;p.;1876_08_06;id. g.;;
;;N/A: ;;;Montell;pat.;;;;;De id. g. Manuela, pat. Montell: 1009 s. carbon.;;Manuela;;;;1876_08_06;id. g.;;
Día XX:;;N/A:  | N/A:  | N/A:  | N/A:  | N/A: ;;;Pifietro;pat.;;;;;De Cárdenas gol. Nuestra Señora del Círmen, pat. Pifietro: 213 c. 78 sacos, 7 bocoyes y 5 estuches azúcar, 12 palos madera.;;Nuestra Señora del Círmen;;;gol.;1876_08_06;Cárdenas;;
;;N/A:  | N/A: ;;;Alemany;p.;;;;;De Matanzas g. Elvira, p. Alemany: 33 c. azúcar y muros.;;Elvira;;;g.;1876_08_06;Matanzas;;
;;N/A:  | N/A: ;;;Torres;p.;;;;;De Margalitas g. Jués p. Torres: 318 atravesafios, 40 sacos carbon.;;Jués;;;g.;1876_08_06;Margalitas;;
;;N/A: ;;;Perez;p.;;;;;De Barcoa bote Cecilia Manuela, p. Perez: 31 bocoyes macabado.;;Cecilia Manuela;;;bote;1876_08_06;Barcoa;;
;;N/A:  | N/A: ;;;Pellicer;pat.;;;;;De Nieves g. Pirine, pat. Pellicer. 300 caballos leña y 2 cañas cascarilla.;;Pirine;;;g.;1876_08_08;Nieves;;
;;N/A:  | N/A:  | N/A: ;;;Subrat;pat.;;;;;De Moron g. Papo de Moron, pat. Subrat, 200 curoe y 16 arrobas de cero y efectos.;;Papo;;;g.;1876_08_08;Moron;;
;;N/A:  | N/A:  | N/A:  | N/A: ;;;Blage;pat.;;;;;De Cabarín g. Enguacía, pat. Blage, 400 caballos leña, 2000 piezas tablas de pino, 100 varas alháncigo, 1000 docenas de esponjas.;;Enguacía;;;g.;1876_08_08;Cabarín;;
;;N/A: ;;;Colomar;pat.;;;;;De Segus g. Providencia, pat. Colomar, 1200 sacos de carbon.;;Providencia;;;g.;1876_08_08;Segus;;
;;N/A: ;;;Castro;pat.;;;;;De la Teja g. Gallego, pat. Castro, 500 sacos carbon.;;Gallego;;;g.;1876_08_08;Teja;;
;;N/A: ;;;Macip;pat.;;;;;De Santa Cruz g. Nuevo Híjarío, pat. Macip, 65 pipas de equiniente.;;Nuevo Híjarío;;;g.;1876_08_08;Santa Cruz;;
;;N/A:  | N/A: ;;;Vorab;pat.;;;;;De Puerto Escondido g. Puerto Escondido, pat. Vorab, 800 sac 4 de carbon y 309 caballos leña.;;Puerto Escondido;;;g.;1876_08_08;Puerto Escondido;;
;;N/A:  | N/A: ;;;Pujol;pat.;;;;;De Jarangó g. Golondrina, pat. Pujol, 391 bocoyes azúcar y 600 pipas maíz.;;Golondrina;;;g.;1876_08_08;Jarangó;;
;;N/A:  | N/A:  | N/A: ;;;Fuster;pat.;;;;;De Bajos g. Manuclita, pat. Fuster, 900 varas madera, 120 sacos carbon y 100 caballos leña.;;Manuclita;;;g.;1876_08_08;Bajos;;
;;N/A:  | N/A: ;;;Gorrin;pat.;;;;;De Baha Honda g. Francisca, pat. Gorrin, 74 bocoyes nucar y 25 pipas aguardiente.;;Francisca;;;g.;1876_08_08;Baha Honda;;
;;N/A:  | N/A:  | N/A: ;;;Llovet;pat.;;;;;De Baralga g. Julita, pat. Llovet, 2900 caballos leña y 35 serones y rry.;;Julita;;;g.;1876_08_08;Baralga;;
;;N/A: ;;;Perez;pat.;;;;;De Sagna gol. Ramoncita. pat. Perez: 1000 s. carbon.;;Ramoncita;;;gol.;1876_08_09;Sagna;;
Día null:;;N/A: ;;;Montell;pat.;;;;;De la Teja gol. Magdalena, pat. Montell: 800 sacos carbon.;;Magdalena;;;gol.;1876_08_09;la Teja;;
;;N/A: ;;;Perez;pat.;;;;;De la Teja gol. Maria, pat. Perez: 600 s. carbon.;;Maria;;;gol.;1876_08_09;la Teja;;
Día 01:;;N/A: ;;;Gelpi;pat.;;;;;De la Teja gol. J. Luisa, pat. Gelpi: 800 s. carbon.;;J. Luisa;;;gol.;1876_08_09;la Teja;;
;;N/A:  | N/A:  | N/A: ;;;Escanellas;p.;;;;;De Mulata gol. Iloores, p. Escanellas: 700 s. carbon, 5 fanegas maiz, 3 perchas de buque.;;Iloores;;;gol.;1876_08_09;Mulata;;
;;N/A:  | N/A:  | N/A:  | N/A: ;;;Lopez;pat.;;;;;De Cabanas gol. Caballo Marino, pat. Lopez: 300 c. azucar, 102 tercios de tabaco, 64 pipas aguardiente, 1 barril cobre viejo.;;Caballo Marino;;;gol.;1876_08_09;Cabanas;;
;;N/A:  | N/A:  | N/A:  | N/A:  | N/A: ;;;Burnaza;p.;;;;;De Nuevitas g. Dolores, p. Burnaza, 650 caballos leña, 50 sacos carbón, 3 pipas cera, 13 bultos cobre y efectos.;;Dolores;;;g.;1876_08_12;Nuevitas;;
;;N/A: ;;;Valent;patrón;;;;;De Cárdenas goleta Victoria, patrón Valent, 500 cajas azúcar.;;Victoria;;;goleta;1876_08_12;Cárdenas;;
;;N/A:  | N/A: ;;;Cuevas;patrón;;;;;De Cárdenas goleta Inés, patrón Cuevas, 6 bocas azúcar y efectos.;;Inés;;;goleta;1876_08_12;Cárdenas;;
;;N/A:  | N/A:  | N/A: ;;;Visqueira;p.;;;;;De Matanzas g. Nos Hormonas, p. Visqueira, 33 o. azúcar, tazón y efectos.;;Nos Hormonas;;;g.;1876_08_12;Matanzas;;
;;N/A:  | N/A: ;;;Seguí;p.;;;;;De Batabano g. 25 Rosa, p. Seguí, 260 caballos leña y 33 neronas guano.;;25 Rosa;;;g.;1876_08_12;Batabano;;
;;N/A: ;;;Carrasco;p.;;;;;De Jaimanitas g. San Antonio, p. Carrasco, 30 onterolas miel de purga.;;San Antonio;;;g.;1876_08_12;Jaimanitas;;
;;N/A:  | N/A: ;;;Juan;pat.;;;;;De Cabanas, bal. Rosita, pat. Juan, 130 camones y 45 pinas agüe.;;Rosita;;;bal.;1876_08_13;Cabanas;;
;;N/A: ;;;Núñez;pat.;;;;;De Jaimanitas balandro San José, patron Núñez, 400 sacos cal.;;San José;;;balandro;1876_08_13;Jaimanitas;;
;;N/A:  | N/A:  | N/A: ;;;Torres;p.;;;;;De Nuevitas g. Agnedita, p. Torres, 160 caballos leña, 50 sacos carbon y 5 tirantes de caoba.;;Agnedita;;;g.;1876_08_15;Nuevitas;;
;;N/A:  | N/A:  | N/A:  | N/A: ;;;Carbonell;;;;;;De idem c. María. Carbonell, 18 bueltas mneiles, 2 id. ropa, 1 c. cora y 20 pipas vacías.;;María;;;c.;1876_08_15;idem;;
;;N/A:  | N/A: ;;;Zaragoza;p.;;;;;De Sagna g. Flor do Sagna, p. Zaragoza, 1550 s. carbon y 9 rullos farcia.;;Flor do Sagna;;;g.;1876_08_15;Sagna;;
;;N/A:  | N/A: ;;;Alemany;p.;;;;;De S. Morena g. Matilde, p. Alemany, 720 s. carbon y 20 piezas madera.;;Matilde;;;g.;1876_08_15;S. Morena;;
;;N/A:  | N/A:  | N/A: ;;;Herrera;p.;;;;;De Cárdenas g. Mercedita, p. Herrera, 112 pt. caoba, 40 palos caoba y 3 c. cristales.;;Mercedita;;;g.;1876_08_15;Cárdenas;;
;;N/A: ;;;Tasso;pat.;;;;;De Gibara bruto. Coyadong, patron Tasso, 150 caballos leña.;;Coyadong;;;bruto.;1876_08_15;Gibara;;
;;N/A:  | N/A: ;;;Deulofeo;p.;;;;;De Cabañas gol. Juanita' p. Deulofeo, 50 c. azúcar y 5 pps. aguaje.;;Juanita;;;gol.;1876_08_15;Cabañas;;
Día XX:;;N/A:  | N/A:  | N/A:  | N/A:  | N/A: ;;;Sevilla;pat.;;;;;De Nuevitas gol. 23 Cantinera, patron Sevilla: 300 caballos leña, 20 s. carbon, 65 serotes yarey, 25 cucros, 1 tercera mía abejo.;;23 Cantinera;;;gol.;1876_08_17;Nuevitas;;
;;N/A:  | N/A:  | N/A:  | N/A:  | N/A: ;;;Reca;p.;;;;;De Sagna gol. General Emma, p. Reca, 1500 radio do carro, 1300 varagadoras, 400 sacos carbon, 180 arabos, 20 quintales cobre viejo.;;General Emma;;;gol.;1876_08_17;Sagna;;
Día null:;;N/A: ;;;Santos;cap.;;;;;De Cadenas vap. Domingo N. Hernández, cap. Santos: 33 pipas aguardiente.;;Domingo N.;;;vap.;1876_08_17;Cadenas;;
;;N/A:  | N/A:  | N/A:  | N/A: ;;;Aleman;p.;;;;;De Matanzas gol. Elvirs, p. Aleman: 200 pacas heno, 21 tercera tabaco, muebles y efectos.;;Elvirs;;;gol.;1876_08_17;Matanzas;;
;;N/A:  | N/A: ;;;Perera;p.;;;;;De Drílgosa hote Cerdilla Mautela, p. Perera: 24 bocoyes azúcar, 10 pipas aguardiente.;;Cerdilla Mautela;;;hote;1876_08_17;Drílgosa;;
;;N/A: ;;;Cust;cap.;;;;;De B. Honda vap. Bahía Honda, cap. Cust, 1576 tercios tabaco.;;Bahía Honda;;;vap.;1876_08_17;B. Honda;;
Día null:;;N/A: ;;;Lopez;p.;;;;;De Dominica gol. Dominica, p. Lopez: 87 quaterolas mía purga.;;Dominica;;;gol.;1876_08_17;Dominica;;
;;N/A: ;;;Fuentes;pat.;;;;;De Eages bdro. J. Gabriel, patron Fuentes, 8000 ladridos.;;J. Gabriel;;;bdro.;1876_08_17;Eages;;
;;N/A:  | N/A: ;;;Berna;p.;;;;;De Puerto del Padre g. Tres Hermanas, p. Berna, 60 boccones azúcar, 70 varas maderas.;;Tres Hermanas;;;g.;1876_08_18;Puerto del Padre;;
;;N/A:  | N/A:  | N/A: ;;;Llorch;p.;;;;;De Cordero g. Aracuana, p. Llorch: 16 palos maderas, 5 c. cizares, 1 s. orezano.;;Aracuana;;;g.;1876_08_18;Cordero;;
;;N/A:  | N/A: ;;;;p.;;;;;De 14. gal. Panchita: p. Aleman: 60 s. garbanzo, 4 c. capi.;Aleman;Panchita;;;gal.;1876_08_18;14.;;
;;N/A:  | N/A: ;;;Colomar;p.;;;;;De Canasi g. Sabas, p. Colomar: 330 c. azúcar, 6 pipas aguardiente.;;Sabas;;;g.;1876_08_18;Canasi;;
;;N/A:  | N/A: ;;;Macip;p.;;;;;De Santa Cruz 2 bal. Nuevo Hilario, p. Macip: 10 sacos azúcar, 16 pipas aguardiente.;;Nuevo Hilario;;;bal.;1876_08_18;Santa Cruz;;
;;N/A:  | N/A:  | N/A:  | N/A: ;;;Moll;p.;;;;;De Mantua g. Margarita, p. Moll: 200 t. tabaco, 891 c. cahallos leña, 49 s. carbon, 63 garrafones raii abajas.;;Margarita;;;g.;1876_08_18;Mantua;;
;;N/A:  | N/A: ;;;Vilasuso;p.;;;;;De Margaritas g. Manuela, p. Vilasuso: 6-0 varas maderas, 200 atravesafos.;;Manuela;;;g.;1876_08_18;Margaritas;;
;;N/A:  | N/A:  | N/A:  | N/A: ;;;Castro;p.;;;;;De Gilerna g. Seis Manucas, p. Castro, 400 sacos carbon, 21 tercios tabaco, 7000 pica tablas cuaba, 108 cientos efectos.;;Seis Manucas;;;g.;1876_08_20;Gilerna;;
;;N/A:  | N/A: ;;;Porera;p.;;;;;De Maracá boga Cecilia Manuela, p. Porera, 31 bocoy azúcar y 12 pps aglote.;;Cecilia Manuela;;;boga;1876_08_20;Maracá;;
;;N/A: ;;;Bonot;pat.;;;;;De Matanzas goleta Iguacita, patron Bonot, 500 arrobas tasajo.;;Iguacita;;;goleta;1876_08_20;Matanzas;;
;;N/A:  | N/A:  | N/A:  | N/A: ;;;Baldó;p.;;;;;De Baga g. Natalia, p. Baldó, 559 tendidos soga maja-gua, 26 tencios id. y efectos.;;Natalia;;;g.;1876_08_20;Baga;;
;;N/A:  | N/A:  | N/A:  | N/A:  | N/A: ;;;Coras;p.;;;;;De Gibara g. Almansa, p. Coras: 1.000 tercios tabaco, 250 caballos leña, 47 rollos jaréta, 9 il. alambre, 24 c. listados.;;Almansa;;;g.;1876_08_22;Gibara;;
;;N/A: ;;;Vianqui;p.;;;;;De Santa María, Segunda Gertrudis, p. Vianqui: 800 s. carbon.;;Segunda Gertrudis;;;;1876_08_22;Santa María;;
;;N/A:  | N/A: ;;;Roselló;p.;;;;;De Cabañas g. Esmeralda, p. Roselló: 63 boos. azúcar y 50 pipas agit.;;Esmeralda;;;g.;1876_08_22;Cabañas;;
;;N/A:  | N/A: ;;;Píñeiro;p.;;;;;De Cárdenas gol. Carmen, p. Píñeiro. 346 o. y 6 bocoyes azucar.;;Carmen;;;gol.;1876_08_23;Cárdenas;;
;;N/A: ;;;Blanco;p.;;;;;De Guadlana bote Buena Ventura, p. Blanco, 200 qts. oscar de manzle.;;Buena Ventura;;;bote;1876_08_23;Guadlana;;
;;N/A:  | N/A:  | N/A:  | N/A: ;;;Torres;p.;;;;;De Mantua g. Trinidad, p. Torres, 290 tercios tabaco, 100 s. carbon, 50 ar. cera, 6 garrfas. mlel de abejas.;;Trinidad;;;g.;1876_08_23;Mantua;;
;;N/A: ;;;Febres;p.;;;;;De Santa María goleta Francisca Géner, p. Febres, 1000 s. carbon.;;Francisca Géner;;;goleta;1876_08_23;Santa María;;
Día XX:;;N/A: ;;;Bernaza;pat.;;;;;De Cana goleta Isabel II, patron Bernaza, 700 sacos de carbon:;;Isabel II;;;goleta;1876_08_23;Cana;;
;;N/A:  | N/A: ;;;Llado;p.;;;;;De Rio Blanco gol. Carmita, p. Llado, 319 atravesanos y 34 pps. agdfo.;;Carmita;;;gol.;1876_08_23;Rio Blanco;;
;;N/A:  | N/A:  | N/A:  | N/A: ;;;Duran;p.;;;;;De Mulata g. Especulacion, p. Duran, 400 vs. madera, 224 teudiddles sogas y 16 fanegas melz.;;Especulacion;;;g.;1876_08_23;Mulata;;
;;N/A:  | N/A:  | N/A: ;;;Cuebas;pat.;;;;;De Cárdenas gol. Inés, pat. Cuebas, 250 s. maiz, 8 c. jabon, 7 bla. pescado y efectos.;;Inés;;;gol.;1876_08_25;Cárdenas;;
;;N/A: ;;;Orbay;pat.;;;;;Do la Mulata gol. Paquete do Nieves, pat. Orbay, 700 s. carbon.;;Paquete do Nieves;;;gol.;1876_08_25;la Mulata;;
Día 01:;;N/A:  | N/A:  | N/A:  | N/A: ;;;Gana;cap.;;;;;De Cuba y escalas rap. Marcellá, cap. Gana: 9 barriles aceite de coco, 1 c. papel, 1 bulto toldos, 2 barriles licor.;;Marcellá;;;rap.;1876_08_26;Cuba;;
;;N/A:  | N/A: ;;;Torros;p.;;;;;De Margajitas g. Inés, p. Torros: 317 atravesas, 40 s. carbon.;;Inés;;;g.;1876_08_26;Margajitas;;
;;N/A:  | N/A:  | N/A:  | N/A: ;;;Jofre;cap.;;;;;De Cárdenas vapor Soler, cap. Jofre, 72 pipas aguardiente, 3 lios cueros, 1 barril cera y muebles.;;Soler;;;vapor;1876_08_29;Cárdenas;;
;;N/A:  | N/A: ;;;Bujosn;p.;;;;;De Calbarien g. Pepillo Alvarez, p. Bujosn, 210 caballos leña y 23 palos maderas.;;Pepillo Alvarez;;;g.;1876_08_29;Calbarien;;
;;N/A: ;;;Monet;cap.;;;;;De Saguavapor Dalias, cap. Monet, 1 equipojo de la compañía China.;;Dalias;;;;1876_08_29;Saguavapor;;
;;N/A: ;;;Eusefati;p.;;;;;De id. g. Gorrión, p. Eusefati, 1000 s. carbon.;;Gorrión;;;g.;1876_08_29;id.;;
;;N/A:  | N/A: ;;;Colomar;pat.;;;;;De id. g. Correo de Camasi, p. Colomar, 19 palos jucaros y 4 cajas maquinaria de hojalaria.;;Correo de Camasi;;;p.;1876_08_29;id. g.;;
;;N/A:  | N/A:  | N/A: ;;;Echararria;p.;;;;;De Carahatas g. Tres Hermanas, p. Echararria, 81 c. y 117 s. azúcar, 12 pipas aguardiente y efectos.;;Tres Hermanas;;;g.;1876_08_29;Carahatas;;
;;N/A: ;;;Suao;p.;;;;;De Sierra Morena g. Habanera, p. Suao, 800 sacos carbon.;;Habanera;;;g.;1876_08_29;Sierra Morena;;
;;N/A:  | N/A: ;;;Cabrera;p.;;;;;De la Teja g. San José, p. Cabrera, 500 varas maderas y 100 atrares años.;;San José;;;g.;1876_08_29;Teja;;
;;N/A:  | N/A: ;;;Bonet;p.;;;;;De Matanzas g. Ignacita, p. Bonet, 20 c. y 48 boc. azúcar y efectos.;;Ignacita;;;g.;1876_08_29;Matanzas;;
;;N/A:  | N/A:  | N/A: ;;;;;;;;;De id. g. Dos Hermanas, p. Calafell, 6000 ar. y 8 serones tazajo y efectos.;;Calafell;;;p.;1876_08_29;Dos Hermanas;;
;;N/A: ;;;Colomar;p.;;;;;De Canasi g. Sabas, p. Colomar, 21 c. azúcar.;;Sabas;;;g.;1876_08_29;Canasi;;
;;N/A:  | N/A: ;;;Pajol;p.;;;;;De Jaruco g. Golondrina, p. Pajol, 43 cuarterolas miel de purga y 100 caballos leña.;;Golondrina;;;g.;1876_08_29;Jaruco;;
;;N/A: ;;;Llore;p.;;;;;De Santa Isabel g. Isabelita, p. Llore, 1000 sacos carbon.;;Isabelita;;;g.;1876_08_29;Santa Isabel;;
;;N/A:  | N/A:  | N/A:  | N/A: ;;;Ruz;p.;;;;;De Bajas g. Antonia, p. Ruz, 500 varas maderas y 100 caballos leña y 7 ar. cera.;;Antonia;;;g.;1876_08_29;Bajas;;
;;N/A: ;;;Sanchez;p.;;;;;De la Mulata boto Josefa, p. Sanchez, 7 toneladas hierro viejo.;;Josefa;;;boto;1876_08_29;Mulata;;
;;N/A: ;;;Olivera;p.;;;;;De Calbarien g. Teresita, p. Olivera, 300 caballos leña.;;Teresita;;;g.;1876_08_29;Calbarien;;
;;N/A:  | N/A:  | N/A: ;;;Macip;p.;;;;;De Santa Cruz g. Nuevo Hilario, p. Macip, 11 s. azúcar, 41 pipas aguardiente y efectos.;;Nuevo Hilario;;;g.;1876_08_29;Santa Cruz;;
;;N/A:  | N/A:  | N/A: ;;;Bosch;p.;;;;;De Sierra Morena g. Union, p. Bosch, 250 c. y 11 bocoyes azúcar, 24 pipas aguardiente y efectos.;;Union;;;g.;1876_08_29;Sierra Morena;;
;;N/A: ;;;Blanco;pat.;;;;;De Congas y Des Hermanas, pat. Blanco, 603 sacos carbon.;;;;;;1876_08_30;Congas y Des Hermanas;;
;;N/A: ;;;;pat.;;;;;De la Teja y Leonarda, pat. Garcia, 500 sacos carbon.;;Garcia;;;;1876_08_30;Teja y Leonarda;;
;;N/A: ;;;Giral;pat.;;;;;De idem g. Altargracia, pat. Giral, 800 sacos carbon.;;Altargracia;;;g.;1876_08_30;idem;;
;;N/A:  | N/A:  | N/A: ;;;;pat.;;;;;De Cárdenas y General la Mar, pat. Pavia, 22 palos de maderas, 4 cajas azúcar, un movilario usado.;;Pavia;;;;1876_08_30;Cárdenas;;
;;N/A:  | N/A:  | N/A:  | N/A: ;;;;pat.;;;;;De idem g. Panchita, pat. Aleman, 100 paquetes tablillas, 12 palos enoba, 66 barritos cal hidrulica y electos.;Aleman;Panchita;;;g.;1876_08_30;idem;;
;;N/A: ;;;Pavia;pat.;;;;;De Margalitas g. Cinco Hermanas, pat. Pavia, 200 sacos carbon.;;Cinco Hermanas;;;g.;1876_08_30;Margalitas;;
;;N/A: ;;;Díaz;p.;;;;;De Sagnag. Mercedita, p. Díaz: 900 s. carbon.;;Mercedita;;;;1876_08_31;Sagnag;;
;;N/A:  | N/A: ;;;Fernandez;p.;;;;;De Maniuan g. Estrella, p. Fernandez: 200 varas madera, 300 paquetes tablillas.;;Estrella;;;g.;1876_08_31;Maniuan;;
;;N/A:  | N/A:  | N/A:  | N/A: ;;;Porera;p.;;;;;De Baracoa bole Cecilia Manuela, p. Porera: 25 carteros, mil de purga, 23 fanegas maíz y 50 qtles. hierro viejo.;;Cecilia Manuela;;;bole;1876_08_31;Baracoa;;
;;N/A:  | N/A:  | N/A:  | N/A:  | N/A:  | N/A:  | N/A:  | N/A: ;;;Lomus;cap.;;;;;De Cuba y escalas vap. Savatoga, cap. Lomus: 1.012 tercios tabaco, 113 s. cacao, 10.000 cocos, 13.000 pídatos, 13 serones guano, 3 c. ropa, 1 c. calado, muebles y efectos.;;Savatoga;;;vap.;1876_08_31;Cuba;;
;;N/A:  | N/A:  | N/A: ;;;Vallohonrat;p.;;;;;De Biscacoa g. Dos de Mayo, p. Vallohonrat: 63.500 so- cos, 16 bles. aceito do id. 12 cueros.;;Dos de Mayo;;;g.;1876_08_31;Biscacoa;;
;;N/A: ;;;Villalonga;patrón;;;;;De Sierra Morena goloto Torelita, patron Villalonga, 800 s. carbon.;;Torelita;;;goloto;1876_09_01;Sierra Morena;;
;;N/A:  | N/A: ;;;Gorrin;pat.;;;;;De Bahía Honda gol. Francisco, pat, Gorrin, vs. maderas y 52 pps. agluc.;;Francisco;;;gol.;1876_09_01;Bahía Honda;;
;;N/A: ;;;Donulfoe;pat.;;;;;De Cabanis bal. Juanita, patron Donulfoe, 40 pipas de aguardiente.;;Juanita;;;bal.;1876_09_01;Cabanis;;
;;N/A:  | N/A: ;;;Valent;pat.;;;;;De Cárdenas gol. Victoria, pat. Valent, 390 c. azúcar y 6 pps. agluc.;;Victoria;;;gol.;1876_09_01;Cárdenas;;
;;N/A:  | N/A:  | N/A:  | N/A: ;;;Socorro-7;cap.;;;;;De Calbariz y Sagna vap. Domingo N. Hernandez, cap. Socorro-7 s. y 2 untos con un billar, 5 baules ropa y efectos.;;Domingo N. Hernandez;;;vap.;1876_09_02;Calbariz;;
;;N/A:  | N/A: ;;;Cabrera;p.;;;;;De Sierra Morena gol. San Francisco, p. Cabrera-800 sacos carbon, 9 bocoyes miel de purga.;;San Francisco;;;gol.;1876_09_02;Sierra Morena;;
;;N/A: ;;;Bernaza;p.;;;;;De Canna gol. Potosi, p. Bernaza-800 sacos de carbon.;;Potosi;;;gol.;1876_09_02;Canna;;
;;N/A: ;;;Nuñez;p.;;;;;De Baracoa brio. San José, p. Nuñez-400 sacos de cal.;;San José;;;brio.;1876_09_02;Baracoa;;
;;N/A:  | N/A: ;;;Roselló;p.;;;;;De Cabanas bido. Rosita, p. Roselló-20 bocoyes azúcar, 18 pipas aguardiente.;;Rosita;;;bido.;1876_09_02;Cabanas;;
;;N/A:  | N/A: ;;;Palmer;p.;;;;;De Sagna g. Paquoto de Sagna, p. Palmer: 600 s. carbon y 2 c. azúcar.;;Paquoto;;;g.;1876_09_03;Sagna;;
;;N/A:  | N/A:  | N/A:  | N/A:  | N/A:  | N/A:  | N/A:  | N/A:  | N/A:  | N/A: ;;;Baldi;cap.;;;;;Do Sagna y Cabarion g. Minerva, cap. Baldi, 1 vaca con su eria, un facton con sus arroes, 2 bultos efectos, 2 tercios tabaco, 1 o y 1 marqueta cera, 2 bultos azúcar, 1 c. ropa de uso.;;Minerva;;;g.;1876_09_03;Sagna y Cabarion;;
;;N/A:  | N/A:  | N/A:  | N/A:  | N/A:  | N/A:  | N/A: ;;;Rivas;pat.;;;;;De Nuevitas gol. Dichoqa, pat. Rivas, 100 bultos muelles, 100 caballos leña, 13. cueros, 69 pipas, vino, 2 o ceps, 3 nucos y efectos.;;Dichoqa;;;gol.;1876_09_05;Nuevitas;;
;;N/A:  | N/A:  | N/A:  | N/A: ;;;Oliver;pat.;;;;;De Nuevitas gol. Estrella, pat. Oliver, 200 s. carbon, 500 caballos leña, 9 terceroías sobre viejo y 1 o. carey,;;Estrella;;;gol.;1876_09_05;Nuevitas;;
;;N/A:  | N/A:  | N/A:  | N/A: ;;;Biage;pat.;;;;;De Cabarion gol. Engenia, pat. Biage, 500 dec esponjas, 150 caballos leña, 54 tercios tabaco, 29 varas almácigo y efectos.;;Engenia;;;gol.;1876_09_05;Cabarion;;
;;N/A:  | N/A: ;;;Ventura;pat.;;;;;De Sogna gol. 2? Ignacia, pat. Ventura, 1400 s. carbon, 774 tendidos roga majagite.;;2? Ignacia;;;gol.;1876_09_05;Sogna;;
;;N/A: ;;;Paz;pat.;;;;;De Congosas gol. Carmite, pat. Paz, 1000 s. carbon.;;Carmite;;;gol.;1876_09_05;Congosas;;
;;N/A: ;;;Sardina;pat.;;;;;De la Teja gol. Candite, pat. Sardina, 1000 s. carbon.;;Candite;;;gol.;1876_09_05;la Teja;;
;;N/A: ;;;Vivas;pat.;;;;;De la Teja balandro Antofíca, pat. Vivas, 600 s. carbon.;;Antofíca;;;balandro;1876_09_05;la Teja;;
;;N/A:  | N/A:  | N/A:  | N/A: ;;;Herrera;pat.;;;;;De Cárdenas gol. Mercedita, pat. Herrera, 100 barras catro, 20 cuartos pipa vino, 9 tercios coyundas, 1 o. dulce y mohos.;;Mercedita;;;gol.;1876_09_05;Cárdenas;;
;;N/A:  | N/A: ;;;Bonet;pat.;;;;;De Matauzas gol. Iguaçita, pat. Bonet, 107 o. y 2 bocas azucar.;;Iguaçita;;;gol.;1876_09_05;Matauzas;;
;;N/A:  | N/A: ;;;Villalonga;pat.;;;;;De Mariel gol. Dominica, pat. Villalonga, 280 c. azúcar y 19 pps. agudo.;;Dominica;;;gol.;1876_09_05;Mariel;;
;;N/A: ;;;Fuentes;pat.;;;;;De Banes bal. J. Gabriel, pat. Fuentes, 10000 ladriillos.;;J. Gabriel;;;bal.;1876_09_05;Banes;;
;;N/A:  | N/A: ;;;Porera;p.;;;;;De Barcoas bote Cecilia Manuola, p. Porera, 32 bocayes azucar, 12 pps. aguardiente.;;Cecilia Manuola;;;bote;1876_09_05;Barcoas;;
;;N/A:  | N/A:  | N/A:  | N/A:  | N/A:  | N/A:  | N/A: ;;;Cacho;cap.;;;;;De Cuba y escalas vap. Moctézma, cap. Cacho, 49 g. pacao, 126 cueros, 10 tabales baçalao, 1 o. tabaco, 6 c. of. 10s. de guerra, 1 y 5 sereños id., 13 c. munítones y fusiles.;;Moctézma;;;vap.;1876_09_05;Cuba;;
;;N/A:  | N/A: ;;;Holdan;cap.;;;;;De Sazga y Galharion vap. Alava, cap. Holdan, 4 cajas efectos, 3 c. con 2 marquillas de polarizar.;;Alava;;;vap.;1876_09_05;Sazga y Galharion;;
;;N/A:  | N/A:  | N/A:  | N/A:  | N/A:  | N/A:  | N/A:  | N/A:  | N/A: ;;;Manzo;cap.;;;;;De Cuba y escalas vap. Alicanto, cap. Manzo, 1 caso queao, 2 id. rom. 1832 tercios tabaco, 1 o. efectos, 2 fardos cera, 1500 tabacos, 10 cueros, 10 bar. acolto de coco, 1 saco canco.;;Alicanto;;;vap.;1876_09_05;Cuba y escalas;;
;;N/A:  | N/A:  | N/A:  | N/A:  | N/A: ;;;Jofré;cap.;;;;;De Cárloñas vap. Solor, cap. Jofré, 1 platon de bomba, 50 pipas aquarellente, 41 paquetes tablillas, 2 c. azucar, 50 botellas.;;Solor;;;vap.;1876_09_05;Cárloñas;;
;;N/A: ;;;Colomiar;p.;;;;;De Sagua gol. Providencia, p. Colomiar—60 paloafúctico-ro.;;Providencia;;;gol.;1876_09_06;Sagua;;
;;N/A:  | N/A: ;;;Rojas;p.;;;;;De Teja gol. Castilla, p. Rojas—17 bococes azúcar y 11 pipas a guardiente.;;Castilla;;;gol.;1876_09_06;Teja;;
;;;;;Álvaré;p.;;;;;De Tunaq gol. Natividad, p. Álvaré—uña carreña.;;Natividad;;;gol.;1876_09_06;Tunaq;;
;;N/A: ;;;Otero;pat.;;;;;De la Teja gel Júdice, pat. Otero: 800 a. carbon.;;Júdice;;;gel;1876_09_07;Teja;;
;;N/A:  | N/A:  | N/A: ;;;Vlasquerra;p.;;;;;De Malanzas g. Amallá p. Vlasquerra: 3000 ar. tacejo 43 o. azúcar, 9 garr. almidones.;;Amallá;;;g.;1876_09_07;Malanzas;;
;;N/A: ;;;Tasso;p.;;;;;De Gibadoa Blandro Covadonga, p. Tasso: 20 fanegas maíz.;;Covadonga;;;p.;1876_09_07;Gibadoa;;
;;N/A: ;;;Núñez;pat.;;;;;De Baracca balandro San José, pat. Núñez: 400 sacos col.;;San José;;;balandro;1876_09_07;Baracca;;
Día XX:;;N/A: ;;;Cusi;cap.;;;;;De S. Cervantino y esclavas vap. Bahía Honda, cap. Cusi, 1608 tereios tabaco en fama.;;Bahía Honda;;;vap.;1876_09_07;S. Cervantino;;
;;N/A:  | N/A:  | N/A: ;;;Maclip;p.;;;;;De Santa Cruz g. Nuevo Hilario, p. Maclip, 30 pp aguardiente, 20 cordes y sementes.;;Nuevo Hilario;;;g.;1876_09_07;Santa Cruz;;
;;N/A:  | N/A:  | N/A: ;;;Mancí;p.;;;;;De Jarque g. Florencio Saes, p. Mancí: 150 s. carbon, 8 fríjoles, 1 margarita de cera.;;Florencio Saes;;;g.;1876_09_08;Jarque;;
;;;;;Tur;pat.;;;;;De Matanas g. Nueva Providencia, pat. Tur—En lastre.;;Nueva Providencia;;;g.;1876_09_08;Matanas;;
;;N/A:  | N/A: ;;;Rencera;p.;;;;;De Sagas g. Gabriel, p. Rencera: 400 s. carbon, 50 palos madera.;;Gabriel;;;g.;1876_09_08;Sagas;;
;;N/A:  | N/A:  | N/A:  | N/A:  | N/A: ;;;Jofre;cap.;;;;;De Cardenas cap. Solor, cap. Jofre: 110 paquetes tablillas, 10 hoz tablas, 50 pipas aiguardiente 1 estuche y 3 secos azúcar.;;Solor;;;;1876_09_08;Cardenas;;
;;N/A:  | N/A:  | N/A:  | N/A: ;;;Ferrer;cap.;;;;;De Saguas vap. Dalias, cap. Ferrer, 600 tenilidos rogas, 2 c. polerita. 2 idem pasta de guayaba y 2 baulas equi-paie.;;Dalias;;;vap.;1876_09_10;Saguas;;
;;N/A:  | N/A:  | N/A:  | N/A:  | N/A: ;;;Bosch;p.;;;;;De S. Morena g. Union, p. Bosch, 88 sacos y 14 estuches azúcar, 32 plpas. agdte. y efectos.;;Union;;;g.;1876_09_10;S. Morena;;
;;N/A: ;;;Gilaport;pat.;;;;;De la Teja goleta Jórcn Luisa, pat. Gilaport, 600 sacos cartón.;;Jórcn Luisa;;;goleta;1876_09_10;Teja;;
;;N/A:  | N/A: ;;;Alemany;pat.;;;;;De Matanzas gol. Elvira, pat. Alemany, 35 booyes y 33 serones tasajo.;;Elvira;;;gol.;1876_09_10;Matanzas;;
;;N/A: ;;;Laguarda;pat.;;;;;De Tunns goleta Antofhica, pat. Laguarda, 300 caballos leña.;;Antofhica;;;goleta;1876_09_10;Tunns;;
;;N/A:  | N/A:  | N/A:  | N/A:  | N/A:  | N/A: ;;;Torres;p.;;;;;De Mánina gol. Serafina, p. Torres, 289 torcios tabaco, 80 caballos leña, 30 piezas maderas, 10 garras. miel de abejas, 13 cueros al polo.;;Serafina;;;gol.;1876_09_10;Mánina;;
;;N/A:  | N/A: ;;;Escandell;p.;;;;;De Balta Honda g. Eloisa, p. Escandell, 60 pps. agdte. y 235 paquetes tablillas.;;Eloisa;;;g.;1876_09_10;Balta Honda;;
;;N/A: ;;;Fuentes;p.;;;;;De llanes balandro Jóven Gabriel, p. Fuentes, 8000 la-drill.;;Jóven Gabriel;;;balandro;1876_09_10;llanes;;
;;N/A:  | N/A:  | N/A: ;;;Juan;p.;;;;;De Cabanas bal. Rosita, p. Juan, 20 bocas. azúcar, 13 plpas. agdte. y 2 bocas carbon.;;Rosita;;;bal.;1876_09_10;Cabanas;;
Día 01:;;N/A: ;;;Alematy;pat.;;;;;De Sagu de Tánamo bdro. María, pat. Alematy: 800;;María;;;bdro.;1876_09_12;Sagu de Tánamo;;
;;;;;Hornaza;pat.;;;;;De Eustáquio del Eáre gol. Tres Hermanas, pat. Hornaza,;;Tres Hermanas;;;gol.;1876_09_12;Eustáquio;;
;;N/A: ;;;Rivas;pat.;;;;;De Nuevitas gol. Emilia, pat. Rivas 31 trencos madera,;;Emilia;;;gol.;1876_09_12;Nuevitas;;
;;N/A:  | N/A: ;;;Pollecer;pat.;;;;;De Nuevitas g. Pírroco, pat. Pollecer: 320 cueros, 195;;Pírroco;;;g.;1876_09_12;Nuevitas;;
Día XX:;;N/A: ;;;Marjó;p.;;;;;De Ocarandas bdro. Amparo, p. Marjó: 600 a. carbon.;;Amparo;;;bdro.;1876_09_12;Ocarandas;;
Día null:;;N/A: ;;;Martínez;pat.;;;;;De la Teja gol. San Francisco, pat. Martínez: 800 aços;;San Francisco;;;gol.;1876_09_12;la Teja;;
Día XX:;;N/A: ;;;Orbi;pat.;;;;;De la Teja gol. Cefesia, pat. Orbi: 400 a. antbon.;;Cefesia;;;gol.;1876_09_12;Teja;;
Día null:;;N/A: ;;;Romancón;pat.;;;;;De la Téja g. Margarita, pat. Romancón: 600 aços;;Margarita;;;g.;1876_09_12;Téja;;
;;N/A: ;;;Glaspert;p.;;;;;De la Teja g. J. Carleto, p. Glaspert: 1.000 aços carbon.;;J. Carleto;;;g.;1876_09_12;Teja;;
;;N/A: ;;;Valent;pat.;;;;;De Cardenas gol. Victoria, pat. Valent: 150 cajas anti-;;Victoria;;;gol.;1876_09_12;Cardenas;;
;;N/A: ;;;Dandet;pat.;;;;;De Batahona gol. Rodia, pat. Dandet: 1.000 caballos;;Rodia;;;gol.;1876_09_12;Batahona;;
;;N/A: ;;;;pat.;;;;;De Sta. María gol. Amable Rodia, pat. 2000 a. carbon.;;Amable Rodia;;;gol.;1876_09_12;Sta. María;;
Día null:;;N/A: ;;;Bernani;pat.;;;;;De Cauz gol. Isabel II, pat. Bernani: 700 a. carbon.;;Isabel II;;;gol.;1876_09_12;Cauz;;
;;N/A: ;;;Vilanova;p.;;;;;De Margalitas g. Manuela, p. Vilanova: 400 a. carbo-;;Manuela;;;g.;1876_09_12;Margalitas;;
Día null:;;;;;Socorro;cap.;;;;;De Calbarien y Sagua rap. Domingo N. Hernandez, cap. Socorro: en lastro.;;Domingo N. Hernandez;;;rap.;1876_09_13;Calbarien;;
Día null:;;N/A: ;;;Mas;pat.;;;;;De Teja gol. Josefa, pat. Mas: 600 r. carbon.;;Josefa;;;gol.;1876_09_13;Teja;;
;;N/A: ;;;Ferrer;pat.;;;;;De Rio de la Palma gol. 2º Luz do Yara, pat. Ferrer: 600 s. carbon.;;2º Luz do Yara;;;gol.;1876_09_13;Rio de la Palma;;
Día XX:;;N/A: ;;;Felicó;pat.;;;;;De Sta. Maria gol. Cuba, pat. Felicó: 800 s. carbon.;;Cuba;;;gol.;1876_09_13;Sta. Maria;;
Día 20:;;N/A: ;;;Noa;pat.;;;;;De Rio Blanco bdro. Anita, pat. Noa: 20 s. lana miragno.;;Anita;;;bdro.;1876_09_13;Rio Blanco;;
;;N/A:  | N/A: ;;;Villalonga;pat.;;;;;Del Mariol gol. Dominico, pat. Villalonga: 120 c. azúcar. 27 art. olas miele de purga.;;Dominico;;;gol.;1876_09_13;Mariol;;
Día null:;;N/A:  | N/A: ;;;Vives;pat.;;;;;De Cárdenas gol. María Magdalena, pat. Vives: 216 atravesanas, 720 vistegas madera.;;María Magdalena;;;gol.;1876_09_13;Cárdenas;;
;;N/A:  | N/A:  | N/A:  | N/A:  | N/A:  | N/A:  | N/A:  | N/A: ;;;Roca;pat.;;;;;De Cienfuegos gol. Blanca, pat. Roca: 103 cueros, 42 palos maderas. 50 bles. minio, 60 c. muncion, 226 sacos maiz, 294 garfs. ginebra, 434 esteras guano, muebles y efectos.;;Blanca;;;gol.;1876_09_13;Cienfuegos;;
Día null:;;N/A: ;;;Cacho;pat.;;;;;De la Teja gol. Gallego, pat. Cacho: 600 s. carbon.;;Gallego;;;gol.;1876_09_13;la Teja;;
;;N/A:  | N/A:  | N/A: ;;;Anca;pat.;;;;;Del Mortillo gol. Josefa, pat. Anca: 600 s. carbon, 180 caballos leña, 40 palos madera.;;Josefa;;;gol.;1876_09_13;Mortillo;;
;;N/A:  | N/A:  | N/A:  | N/A:  | N/A:  | N/A:  | N/A: ;;;Colomar;p.;;;;;De Saguó gol. Correo de Canast, p. Colomar: 1000 docenas nugas, 236 tercios hilo, 50 bullos muebles, 50 tercios tiras majagna, 30 palos jucaro, un carrusajo y 3 caballos.;;Correo de Canast;;;gol.;1876_09_14;Saguó;;
;;N/A:  | N/A: ;;;Perez;pat.;;;;;De la Tejagol. María, pat. Perez, 600 sacos carbon y 100 docenas esponjos.;;María;;;gol.;1876_09_14;Tejagol;;
;;N/A:  | N/A:  | N/A: ;;;Aloman;p.;;;;;De Cárdenas gol. Panchita, p. Aloman, 200 barras de catre, 52 tablacas bacalao, 80 s. quesos y efectos.;;Panchita;;;gol.;1876_09_14;Cárdenas;;
;;N/A: ;;;Torres;pat.;;;;;De Río Blanco goleta Inés, patron Torres, 340 atravesanos.;;Inés;;;goleta;1876_09_14;Río Blanco;;
;;N/A:  | N/A:  | N/A: ;;;Lladó;p.;;;;;De B. Honda g. Carmita, p. Lladó, 70 bocs. azúcar, 18 pipas agudo y 59 tercios tabaco.;;Carmita;;;g.;1876_09_14;B. Honda;;
;;N/A:  | N/A: ;;;Vilar;pat.;;;;;De Arroyos vivero Voncesedor, pat. Vilar, 500 pescados vivos, 30 s. lana.;;Voncesedor;;;vivero;1876_09_14;Arroyos;;
;;N/A:  | N/A: ;;;Duraciones;p.;;;;;De Manzillo g. Coferina, p. Duraciones, 45,000 rajas leña y 27 piezas maderas.;;Coferina;;;g.;1876_09_14;Manzillo;;
;;N/A:  | N/A:  | N/A:  | N/A: ;;;Calafell;p.;;;;;De Matanzas g. Dos Hermanas, p. Calafell, 3 bocs. azúcar, 23 barriles almidon, 15 boceyes tasajo y efectos.;;Dos Hermanas;;;g.;1876_09_14;Matanzas;;
;;N/A:  | N/A:  | N/A: ;;;Cuat;cap.;;;;;De Malas Aguas vap. Bohla Honda, cap. Cuat, 233 tercios tabaco, 38 ppa. agüle y 2000 tabacos.;;Bohla Honda;;;vap.;1876_09_14;Malas Aguas;;
;;N/A:  | N/A:  | N/A:  | N/A:  | N/A: ;;;Villamil;cap.;;;;;De Cuba y oscalas vapor Maunla, cap. Villamil, 1500 torcitos tabaco, 50 sacos café, 30 sacos cacao y 5 barriles aceite de coco y efectos.;;Maunla;;;vapor;1876_09_15;Cuba;;
;;N/A:  | N/A:  | N/A: ;;;Jofre;cap.;;;;;De Cárdenas vapor Soler, cap. Jofre, 30 pipas aguardiente, 5 quarteros la miel de abejas y efectos.;;Soler;;;vapor;1876_09_15;Cárdenas;;
;;N/A: ;;;Tasso;pat.;;;;;De Jarque balandro Covadonga, pat. Tasso, 300 caballos leña.;;Covadonga;;;balandro;1876_09_15;Jarque;;
;;N/A: ;;;Febrer;pat.;;;;;De Santa María g. Francisca Gener, pat. Febrer, 1000 sacos carbón.;;Francisca Gener;;;g.;1876_09_15;Santa María;;
;;N/A: ;;;Orbay;pat.;;;;;De Margajitas g. Paquete de Nuevitas, pat. Orbay, 500 caballos leña.;;Paquete de Nuevitas;;;g.;1876_09_15;Margajitas;;
;;N/A:  | N/A: ;;;Perura;pat.;;;;;De Baracoa bote Cecilia y Manuella, pat. Perura, 3 bo-coyes azúcar, 39 quarteros suel do purga.;;Cecilia y Manuella;;;bote;1876_09_15;Baracoa;;
;;N/A: ;;;Alemany;p.;;;;;De Sierra Morena g. Matilde, p. Alemany: 1000 sacos de carbon.;;Matilde;;;g.;1876_09_16;Sierra Morena;;
Día null:;;N/A: ;;;Montoll;p.;;;;;De In Teja g. Manuel, p. Montoll: 1000 sacos de carbon.;;Manuel;;;g.;1876_09_16;In Teja;;
;;N/A: ;;;Núñoz;p.;;;;;De Barcoa g. San José, p. Núñoz: 400 sacos de cal.;;San José;;;g.;1876_09_16;Barcoa;;
;;N/A:  | N/A:  | N/A: ;;;Torres;p.;;;;;De Nuevitas g. Aguedita, p. Torres, 100 a. carbon, 17 pipas vino y 7 farloa cora.;;Aguedita;;;g.;1876_09_19;Nuevitas;;
;;N/A: ;;;Nereles;patron;;;;;De Sagua balandro José Manuel, patron Nereles, 360 sacos carbon.;;José Manuel;;;balandro;1876_09_19;Sagua;;
;;N/A:  | N/A:  | N/A:  | N/A:  | N/A: ;;;Carbonell;p.;;;;;De Matanzas gol. María, p. Carbonell, 24 pipas vacías, 30 bartiles vino, un cuarto pipa idem, un barril y una caja loza, una bafidadora de mármol.;;María;;;gol.;1876_09_19;Matanzas;;
;;N/A:  | N/A:  | N/A: ;;;Perez;p.;;;;;De Maríel go, Altagrajía, p. Perez: 1 c. azúcar, 93 plpas aguardiente y efectos.;;Altagrajía;;;go;1876_09_20;Maríel;;
;;N/A: ;;;Montero;p.;;;;;De Tejag. Agustina, p. Montero—1000 sacos do carbon.;;Agustina;;;p.;1876_09_24;Tejag;;
;;N/A:  | N/A: ;;;Gallego;p.;;;;;De Bajaj g. N. S. del Cármen, p. Gallego..500 varas maíras y 0 tercios tabaco.;;N. S. del Cármen;;;g.;1876_09_24;Bajaj;;
;;N/A:  | N/A:  | N/A: ;;;Duran;p.;;;;;De Mulaia c. Especialación, p. Duran—21 atravesafios, 150 sacos carbon. 50 tendidos sogas.;;Especialación;;;c.;1876_09_24;Mulaia;;
;;N/A:  | N/A:  | N/A:  | N/A: ;;;Aleman;p.;;;;;De Nuevitas g. Francisco, p. Aleman: 350 caballos leña, 317 euros, 30 pacas heno y efectos.;;Francisco;;;g.;1876_09_26;Nuevitas;;
Día 01:;;N/A:  | N/A:  | N/A:  | N/A: ;;;Santos;cap.;;;;;De Cabarón y Saguá vap. Domingo N. Hernández, cap. Santos: 256 tercios tabaco, 19 tabales bacalao, 11 c. ropa, 2 aerones ajos.;;Domingo N. Hernández;;;vap.;1876_09_26;Cabarón y Saguá;;
;;N/A: ;;;Suño;p.;;;;;De Sierra Morena g. Habanera, p. Suño: 890 s. carbon.;;Habanera;;;g.;1876_09_26;Sierra Morena;;
;;N/A: ;;;Visquerra;p.;;;;;De Matanzas g. Amalia, p. Visquerra: 5,000 arrobas tasaje.;;Amalia;;;g.;1876_09_26;Matanzas;;
;;N/A:  | N/A:  | N/A: ;;;;;;;;;De id. g. Dos Hermanas, p. Calafell: 1,000 arrobas tasaje, 2 bocoyos y 2 cajas ropa.;;Calafell;;;p.;1876_09_26;Dos Hermanas;;
;;N/A:  | N/A: ;;;Tasso;p.;;;;;De Gibacón bal Covadonga, p. Tasso: 50 fanegas maíz, 200 caballos leña.;;Covadonga;;;bal;1876_09_26;Gibacón;;
;;N/A:  | N/A: ;;;Núñez;p.;;;;;De Arroyos bal. Gallo de Oro, p. Núñez: 40 garrafones miel de aldejas, 21 s. lana miraguan.;;Gallo de Oro;;;bal.;1876_09_26;Arroyos;;
;;N/A: ;;;Seguí;p.;;;;;De Manta g. Segunda Rosa, p. Seguí: 110 palos madeira.;;Segunda Rosa;;;g.;1876_09_26;Manta;;
;;N/A: ;;;Portella;p.;;;;;De Santa María g. Neptuno, p. Portella: 1,004 s. carbon.;;Neptuno;;;g.;1876_09_26;Santa María;;
;;N/A: ;;;Lloret;p.;;;;;De Santa Isabel g. Isabelita, p. Lloret: 1,000 s. id.;;Isabelita;;;g.;1876_09_26;Santa Isabel;;
;;N/A: ;;;Anglada;p.;;;;;De la Mulata g. Dos Amigos, p. Anglada: 1,000 s. id.;;Dos Amigos;;;g.;1876_09_26;Mulata;;
Día XX:;;N/A: ;;;Juan;p.;;;;;De Cabanas bal. Rosita, p. Juan: 50 pipas agit.;;Rosita;;;bal.;1876_09_26;Cabanas;;
;;N/A: ;;;Grandal;p.;;;;;De la Chorrera bote Prosperidad, p. Grandal: 8,000 la-drillos.;;Prosperidad;;;bote;1876_09_26;Chorrera;;
;;N/A: ;;;Blanco;p.;;;;;De Rio Blanco g. Isabelita, p. Blanco: 300 atravesafios.;;Isabelita;;;g.;1876_09_26;Rio Blanco;;
Día null:;;N/A: ;;;Guillermo;p.;;;;;De Arroyos bal. Sebastián, p. Guillermo: 20 s. lana miraguan.;;Sebastián;;;bal.;1876_09_26;Arroyos;;
;;N/A:  | N/A: ;;;Gincz;p.;;;;;De Matanzas g. Mª Teresa, p. Gincz. 200 c. azulejos, 50 s. polvo de ladrillo.;;Mª Teresa;;;g.;1876_09_27;Matanzas;;
;;N/A:  | N/A:  | N/A: ;;;Macip;p.;;;;;De Sta. Cruz bal. Nuevo Hilaro, p. Macip, 42 pipas agitado, 10 s. carbon, 5 pipas id.;;Nuevo Hilaro;;;bal.;1876_09_27;Sta. Cruz;;
;;N/A:  | N/A:  | N/A:  | N/A: ;;;Martínez;p.;;;;;De Arroyos gol. Paquete do Gibara, p. Martínez, 300 caballos leña, 800 varas madera, 100 piezas madera de vuelta, 20 juegos carreta.;;Paquete do Gibara;;;gol.;1876_09_27;Arroyos;;
;;N/A:  | N/A:  | N/A: ;;;Serra;p.;;;;;De Cabalas g. Aníbal Rosita, p. Serra, 411 caños café, 131 caballos leña, 496 s. carbon.;;Aníbal Rosita;;;g.;1876_09_27;Cabalas;;
;;N/A: ;;;Villalonga;p.;;;;;De Mariel g. Dominica, p. Villalonga, 200 c. azúcar.;Dominica;;;;g.;1876_09_27;Mariel;;
;;N/A:  | N/A: ;;;Roldan;cap.;;;;;De Coibarien vap. Claro, cap. Roldan, 4 c. dulces, 5 serones espouas.;;Claro;;;vap.;1876_09_27;Coibarien;;
;;N/A: ;;;Dardet;p.;;;;;De Cárdenas g. Rosita, p. Dardet: 110 pp. aguardiiento;;Rosita;;;g.;1876_09_29;Cárdenas;;
;;N/A: ;;;Alomany;p.;;;;;De Matanzas g. Elvira, p. Alomany: 30 serones tasajo;;Elvira;;;g.;1876_09_29;Matanzas;;
;;N/A: ;;;Bonanza;pat.;;;;;Da Nuevitas gol. Dolores, pat. Bonanza, 2500 externa;;Dolores;;;gol.;1876_09_30;Nuevitas;;
;;N/A:  | N/A:  | N/A: ;;;Núñez;p.;;;;;De Calabrien g. Mª del Rosario, p. Núñez, 500 caballos leña, 10 qts. guayacán, 12 cedros:;;Mª del Rosario;;;g.;1876_10_01;Calabrien;;
;;N/A: ;;;Otero;p.;;;;;De la Tola g. Jécaro, p. Otero, 1000 s. carbon.;;Jécaro;;;g.;1876_10_01;la Tola;;
;;N/A: ;;;Mcoip;p.;;;;;De Sta. Cruz bal. Nuevo Hilario, p. Mcoip, 20 pipas a-guardar.;;Nuevo Hilario;;;bal.;1876_10_01;Sta. Cruz;;
;;N/A:  | N/A: ;;;Péllicer;p.;;;;;De Matanzas g. Emilio, p. Péllicer, 9300 ar. tasajo, unos muebles usados.;;Emilio;;;g.;1876_10_01;Matanzas;;
;;N/A:  | N/A: ;;;Rodríguez;p.;;;;;De Calabrian g. Brillante, p. Rodríguez, 350 caballos leña y efectos.;;Brillante;;;g.;1876_10_03;Calabrian;;
;;N/A: ;;;Mate;pat.;;;;;De la Tejagol. Catalina, pat. Mate, 1000 s. carbón.;;Catalina;;;gol.;1876_10_03;Tejagol;;
;;N/A: ;;;Mateu;p.;;;;;De Río de la Palma g. Magdalena, p. Mateu, 800 s. carbón.;;Magdalena;;;g.;1876_10_03;Río de la Palma;;
;;N/A:  | N/A:  | N/A:  | N/A: ;;;Herrera;p.;;;;;De Cárdenas g. Mercedita, p. Herrera, 213 paquetes tablilla, 51 atavances, 15 a. café y efectos.;;Mercedita;;;g.;1876_10_03;Cárdenas;;
;;N/A:  | N/A:  | N/A: ;;;Carbonell;p.;;;;;De Matanas g. María, p. Carbonell, 4000 ar. tasaño, 235 c. vino, 100 s. garbanzos.;;María;;;g.;1876_10_03;Matanas;;
;;N/A: ;;;Juan;p.;;;;;De Jardío g. Adelaida, p. Juan, 43 quarteros las miel de purga.;;Adelaida;;;g.;1876_10_03;Jardío;;
;;N/A: ;;;Llado;p.;;;;;De San Cayetano g. Carmi, p. Llado, 60 p.p. aguardiente.;;Carmi;;;g.;1876_10_03;San Cayetano;;
;;N/A: ;;;Alejés;q.;;;;;De Magalías g. 5 Hermanos, q. Alejés, 500 s. carbón.;;5 Hermanos;;;g.;1876_10_03;Magalías;;
;;N/A: ;;;Nahex;p.;;;;;De Bárncos hel. S. José, p. Nahex, 400 s. cal.;;S. José;;;hel.;1876_10_03;Bárncos;;
;;N/A: ;;;Cusi;cap.;;;;;De Mélas Agustín, vap. Beña Honda, cap. Cusi, 795 tercios tablilla.;;Beña Honda;;;vap.;1876_10_03;Mélas;;
;;N/A:  | N/A: ;;;Ferrer;cap.;;;;;De Bagas vap. Dalias, cap. Ferrer, 48 tercios majagua, 1 beco manteo.;;Dalias;;;vap.;1876_10_03;Bagas;;
;;N/A:  | N/A:  | N/A:  | N/A: ;;;Pavia;p.;;;;;De Cárdenas g. General la Mar, p. Pavia, 50 pipas a-guardiante, 18 fardos quela y carama y efectos.;;General la Mar;;;g.;1876_10_03;Cárdenas;;
;;N/A:  | N/A: ;;;Acuña;p.;;;;;De Sagua la Grandeg. J. Vicenta, p. Acuña: 1000 arcos carbon y 1 o. dulce.;;J. Vicenta;;;g.;1876_10_04;Sagua la Grande;;
;;N/A: ;;;Cabrera;p.;;;;;De Sierra Morena g. San Francisco, p. Cabrera, 200 bo-coyes miel de purga.;;San Francisco;;;g.;1876_10_05;Sierra Morena;;
;;N/A:  | N/A:  | N/A: ;;;Cacho-53;cap.;;;;;De Cuba y escalgas vap. Moctozuma, cap. Cacho-53) acosos caao, 232 tercios tabaco, 30 bles. acostio de coco y efectos.;;Moctozuma;;;vap.;1876_10_06;Cuba;;
;;N/A:  | N/A: ;;;Vega-3;cap.;;;;;De Galbarlen vap. Alava, cap. Vega-3 blos. cobro y una caja sombreros.;;Alava;;;vap.;1876_10_06;Galbarlen;;
;;N/A: ;;;Dardet-59;p.;;;;;De Cárdenas gol. Resita, p. Dardet-59 pp. agdte. y 3 estuches azucar.;;Resita;;;gol.;1876_10_06;Cárdenas;;
;;N/A:  | N/A:  | N/A: ;;;Villa-300;p.;;;;;De Morillo gol. Félix, p. Villa-300 vs. maderas, 100 tonellos segas, 50 caballos leña.;;Félix;;;gol.;1876_10_06;Morillo;;
;;N/A:  | N/A:  | N/A:  | N/A:  | N/A:  | N/A:  | N/A:  | N/A: ;;;Calvo;pat.;;;;;Do Gibara gol. Seis Mannejas, pat. Calvo: 68 bococes azucaradas, 34 idem mil, 42 turchas de taypuy, 500 caballos leba, 400 s. carbon, 1 bullo cora, 1 barril cobro vlejo y efectos.;;Seis Mannejas;;;gol.;1876_10_08;Gibara;;
;;N/A:  | N/A: ;;;Subirat;pat.;;;;;Do Moron gol. Paquete da Moron, pat. Subirat: 5 bullos cera y muelles.;;Paquete da Moron;;;gol.;1876_10_08;Moron;;
;;N/A: ;;;Enseñat;pat.;;;;;Do Sagua gol. Gorrion, pat. Enseñat: 80 estacas júcaro.;;Gorrion;;;gol.;1876_10_08;Sagua;;
;;N/A: ;;;Villalonga;pat.;;;;;Do Sierra Morena' gol. Toreita, pat. Villalonga: 800 sacos carbon.;;Toreita;;;gol.;1876_10_08;Sierra Morena;;
;;N/A:  | N/A:  | N/A: ;;;Fernandez;pat.;;;;;Do Maniman gol. Estrella, pat. Fernandez: 245 paquitos tablillas, 200 barras cobro, 40 canas carrota.;;Estrella;;;gol.;1876_10_08;Maniman;;
Día 01:;;N/A: ;;;Torros;pat.;;;;;Dol Mariel gol. Aunita, pat. Torros: 16 s. lana.;;Aunita;;;gol.;1876_10_08;Mariel;;
;;N/A:  | N/A: ;;;Braso;pat.;;;;;De Cañarion gol. Engracia, pat. Braso, 400 s. sal, 350;;Engracia;;;gol.;1876_10_10;Cañarion;;
;;N/A: ;;;'Toro;pat.;;;;;De Sagna gol. Casilda 6 Isabel, pat. 'Toro, 1100 l. carbon.;;Casilda 6;;;gol.;1876_10_10;Sagna;;
;;N/A: ;;;Palmer;pat.;;;;;De idem gol. Paquito de Sagna, pat. Palmer, 50 palos;;Paquito;;;gol.;1876_10_10;idem;;
;;N/A: ;;;Cabrera;pat.;;;;;De la Teja gol. San Joa, pat. Cabrera, 500 s. carbon,;;San Joa;;;gol.;1876_10_10;la Teja;;
;;N/A: ;;;Barreiro;pat.;;;;;De Cienfuegos, gol. Avelina, pat. Barreiro, 2526 esteras;;Avelina;;;gol.;1876_10_10;Cienfuegos;;
;;N/A: ;;;Perez;pat.;;;;;De Cabo Frutecá gol. Auita, pat. Perez, 1000 palancas;;Auita;;;gol.;1876_10_10;Cabo Frutecá;;
;;N/A: ;;;Bosch;pat.;;;;;t. De idem gol. Juanita, pat. Bosch, 600 caballos leña.;;Juanita;;;gol.;1876_10_10;idem;;
;;N/A: ;;;Núñez;pat.;;;;;De Baracos bdro. San José, pat. Núñez, 400 s. cal.;;San José;;;bdro.;1876_10_10;Baracos;;
Día 01:;;;;;Núñez;cap.;;;;;De Cuba y escalas vanp. Alcanto, cap. Núñez, 1966;;Alcanto;;;vanp.;1876_10_10;Cuba;;
Día null:;;;;;Geroz;p.;;;;;De Matanzas g. Ntra. Sra. del Cármen, p. Geroz: en lastre.;;Ntra. Sra. del Cármen;;;g.;1876_10_11;Matanzas;;
;;N/A: ;;;Calvet;p.;;;;;De Mántua g. Isabó II, p. Calvet: 760 a. carbon.;;Isabó II;;;g.;1876_10_11;Mántua;;
;;N/A:  | N/A:  | N/A:  | N/A:  | N/A: ;;;Planella;p.;;;;;De San Cayetano g. Salvo Virgen María, p. Planella: 200 atravesaños, 82 tercios tabaco, 50 caballos leña y 17 a. carbon.;;Salvo Virgen María;;;g.;1876_10_11;San Cayetano;;
;;N/A: ;;;Sanchez;p.;;;;;De la Muíata boto Josefa, p. Sanchez: 7 toneladas hierro.;;Josefa;;;boto;1876_10_11;la Muíata;;
;;N/A:  | N/A: ;;;Sambas;pat.;;;;;De Sagun de Tésparo rol. Josefa Cerníbea, pat. Sambas, 390 atrévences, 50 litrines medero dura.;;Josefa Cerníbea;;;rol.;1876_10_12;Sagun de Tésparo;;
;;N/A:  | N/A: ;;;Alemany;pat.;;;;;De idem gol. Elvira, pat. Alemany, 25400 losetas barro, 300 ar. tasajo.;;Elvira;;;gol.;1876_10_12;idem;;
;;N/A:  | N/A: ;;;Calafell;pat.;;;;;De Matasas gol. Dos Hermanas, pat. Calafell, 50 p.p. varías, varias muebles.;;Dos Hermanas;;;gol.;1876_10_12;Matasas;;
;;N/A: ;;;Pojol;pat.;;;;;Do Jaruco gol. (Holondrina, pat. Pojol, 50 cuerdas de leña.;Holondrina;;;;gol.;1876_10_12;Jaruco;;
;;N/A: ;;;Febrer;pat.;;;;;Do Mantua gol. Francisco Goner, pat. Febrer, 1000 s. carbón.;;Francisco Goner;;;gol.;1876_10_12;Mantua;;
;;N/A: ;;;Bernaza;pat.;;;;;Doldem gol. Potosí, pat. Bernaza, 600 s. carbos.;;Potosí;;;gol.;1876_10_12;Doldem;;
;;N/A:  | N/A:  | N/A:  | N/A:  | N/A:  | N/A: ;;;Dans;pat.;;;;;Do Gibara gol. Matilde, pat. Dans, 15 boys. azúcar, 332 idem miel, 250 tercios tabaco, 300 libras carey, 400 cablos leña y 60 s. carbon.;;Matilde;;;gol.;1876_10_12;Gibara;;
;;N/A:  | N/A:  | N/A:  | N/A: ;;;Dardet;pat.;;;;;De Cárdenas g. Rosita, pat. Dardet: 80 pp. aguardiente, 2 c. azúcar, 30 tablones pine y efectos.;;Rosita;;;g.;1876_10_13;Cárdenas;;
Día XX:;;N/A:  | N/A: ;;;Tasso;pat.;;;;;De Gibasco balandro Covadonga, pat. Tasso: 53 sacos maíz, cien caballos leña.;;Covadonga;;;balandro;1876_10_13;Gibasco;;
;;N/A: ;;;Villalonga;pat.;;;;;Del Martiel gol. Dominic, pat. Villalonga: 250 cajas andar.;;Dominic;;;gol.;1876_10_13;Martiel;;
Día null:;;N/A:  | N/A:  | N/A:  | N/A:  | N/A: ;;;Sovilla;pat.;;;;;De Nuevitas gol. 22 Continera, pat. Sovilla: 400 caballos l. ha. 120 s. carbon, 100 bles - carne, 65 s. maiz, 169 pacas horno y efectos.;;22 Continera;;;gol.;1876_10_15;Nuevitas;;
;;N/A:  | N/A: ;;;Bosch;pat.;;;;;De Sieria Morena g. Union, pat. Bosch: 59 c. y 17 bo- cores azucar, 30 c. aguardiente.;;Union;;;g.;1876_10_15;Sieria;;
;;N/A: ;;;López;pat.;;;;;De Cañitas gol. Caballo Matino, pat. López 50 pp. - 0- gundiente 114 torces de tabaco.;;Caballo Matino;;;gol.;1876_10_15;Cañitas;;
;;N/A: ;;;Núñez;pat.;;;;;De Baracoa bote San José, pat. Núñez: 400 s. cal.;;San José;;;bote;1876_10_15;Baracoa;;
;;N/A:  | N/A:  | N/A:  | N/A:  | N/A:  | N/A: ;;;Rivas;p.;;;;;De Nnovitas g. Dicheza, p. Rivas, 3138 estorras yarey 40 aerones guano idem, 120 caballos leña, 100 quintales bonitas, 18 sartos, miel de ahejos.;;Dicheza;;;g.;1876_10_17;Nnovitas;;
;;N/A:  | N/A:  | N/A: ;;;Bnjoa;p.;;;;;De Calbaron g. Pepilla Alvarez, p. Bnjoa, 800 estaquillas de carrota, 120 caballos leña, 105 terclos tabaco.;;Pepilla Alvarez;;;g.;1876_10_17;Calbaron;;
;;N/A:  | N/A:  | N/A:  | N/A: ;;;Colomar;p.;;;;;De Sagu g. Gorro, Canasi, p. Colomar, 40 palos jdo. ro. 200 docenas sogas majagua, 1 barril y 1 saco cora.;;Gorro;;;g.;1876_10_17;Sagu;;
;;N/A: ;;;Qual;p.;;;;;De Teja g. Altargraca, p. Qual, 1000 s. carbon.;;Altargraca;;;g.;1876_10_17;Teja;;
;;N/A: ;;;Orbay;p.;;;;;De Teja g. Ceferina, p. Orbay, 700 s. carbon.;;Ceferina;;;g.;1876_10_17;Teja;;
;;N/A:  | N/A: ;;;Pellado;p.;;;;;De Teja g. Cruz do Mayo, p. Pellado, 800 s. harina y efoots.;;Cruz;;;g.;1876_10_17;Teja;;
;;N/A:  | N/A: ;;;Viagueria;p.;;;;;De Matanzas g. Amalia, p. Viagueria, 200 s. harina y efoots.;;Amalia;;;g.;1876_10_17;Matanzas;;
;;N/A: ;;;Bosch;p.;;;;;De Matanzas g. Ignacita, p. Bosch, 200 s. harina.;;Ignacita;;;g.;1876_10_17;Matanzas;;
;;N/A: ;;;Colomar;p.;;;;;De Canasi g. Sabas, p. Colomar, 172 bocs. miel da purga.;;Sabas;;;g.;1876_10_17;Canasi;;
;;N/A:  | N/A:  | N/A:  | N/A:  | N/A: ;;;Villa;cap.;;;;;De Cuba y osnelas vap. Mannela, cap. Villa, 1190 terclos tabaco, 146 c. café, 200 tabales peçado, 1 o idem bacalao, 3 c. ropa y efoots.;;Mannela;;;vap.;1876_10_17;Cuba;;
;;N/A:  | N/A: ;;;Vega;cap.;;;;;De Caibario váp. Alava, cap. Vega, 12 s. c. azúcar, 1 c. carne.;;Alava;;;váp.;1876_10_17;Caibario;;
;;N/A:  | N/A:  | N/A: ;;;Baldé;p.;;;;;De Sagu gol. Natalia, p. Baldé, 13000 tiras majagua, 50 llon soga id. 51 tercios tabaco y efectos.;;Natalia;;;gol.;1876_10_18;Sagu;;
;;N/A:  | N/A: ;;;Carbonell;p.;;;;;De Matanxus g. María, p. Carbonell, 15000 losotas, 3c. queso.;;María;;;g.;1876_10_18;Matanxus;;
;;N/A:  | N/A:  | N/A:  | N/A: ;;;Roca;p.;;;;;De Sagna gol. General Kuna, p. Roca. 1360 varas maderas, 340 sacos carbon, 600 ràdices de canela, 14 caballos de soya.;;General Kuna;;;gol.;1876_10_19;Sagna;;
;;N/A:  | N/A:  | N/A:  | N/A: ;;;Eohavarris;p.;;;;;De Carahataagol. Tres Hermanas, p. Eohavarris, 32 boocoyes azucar, 228 viguetas, 50 tobas cnoba, 300 caballos leña.;;Tres Hermanas;;;gol.;1876_10_19;Carahata;;
;;N/A:  | N/A:  | N/A: ;;;Herrera;p.;;;;;De Cárdenas gol. Mercedita, p. Herrera- 21 palos maderas, 44 cuartos pipas vino, 23 cunetes aceitunas.;;Mercedita;;;gol.;1876_10_19;Cárdenas;;
;;N/A:  | N/A:  | N/A:  | N/A:  | N/A: ;;;Rivas;pat.;;;;;De Nuevitas gol. Emilia, pat. Rivas: 100 s. carbon, 400 caballos leña, 2,343 esteras guano yarc, 1 o. y 3 pipas carey.;;Emilia;;;gol.;1876_10_25;Nuevitas;;
;;N/A:  | N/A:  | N/A:  | N/A:  | N/A:  | N/A:  | N/A: ;;;Moll;pat.;;;;;De Arroyos gol. Margarita, pat. Moll: 1900 s. cerveza, 236 tercios tabaco, 4 marquées, 1 barril, 1 hio cera, 4 arilles carey y efectos.;;Margarita;;;gol.;1876_10_25;Arroyos;;
Día XX:;;N/A: ;;;Portella;pat.;;;;;De San Martín gol. Neptuno, pat. Portella: 1000 s. carbon.;;Neptuno;;;gol.;1876_10_25;San Martín;;
;;N/A:  | N/A:  | N/A:  | N/A:  | N/A:  | N/A: ;;;Villausse;pat.;;;;;De San Cayotano g. Mannela, pat. Villausse: 500 s. leña, 200 s. carbon, 15 lugres de carreta, 30 doc. estacas, 125 varas maderas, 89 atravesas.;;Mannela;;;g.;1876_10_25;San Cayotano;;
;;N/A:  | N/A:  | N/A:  | N/A: ;;;Escanellas;pat.;;;;;De la Mulata g. Delores, pat. Escanellas: 50 fam. 1 maíz, 400 tendidos sogas, 50 s. carbon, 30 piezas muri.;;Delores;;;g.;1876_10_25;Mulata;;
;;N/A:  | N/A:  | N/A:  | N/A:  | N/A:  | N/A: ;;;Escandell;p.;;;;;De Baba Honda gol. Eidos, p. Escandell: 33 pipas aguardiente, 232 paquetes tablilla, 466 jamones, 8 manzanas de carreta, 60 ruidos idiom, 11 hataas.;;Eidos;;;gol.;1876_10_25;Baba Honda;;
;;N/A:  | N/A: ;;;Fustos;pat.;;;;;De Bajas goi. Mancéllite, pat. Fustos, 400 varas madera 3 450 sacos carbon.;;Mancéllite;;;goi.;1876_10_26;Bajas;;
;;N/A:  | N/A:  | N/A:  | N/A: ;;;Valent;p.;;;;;De Cárdenas gol. Marta del Rosario, p. Valent: 100 paquetes tabillas, 30 barras de cato, 33 jardos enca y coca.;;Marta del Rosario;;;gol.;1876_10_27;Cárdenas;;
;;N/A:  | N/A:  | N/A:  | N/A:  | N/A: ;;;Pellicer;p.;;;;;De Galar, g. Pimnes, p. Pellicer: 75 bocas, azúcar, 12 gars, 100 labejas y efectos.;;Pimnes;;;g.;1876_10_28;Galar;;
;;N/A:  | N/A:  | N/A:  | N/A: ;;;Pellicer;p.;;;;;De Matanzas g. Enutil, p. Pellicer: 400 bles y 300 sacos harina, 15 pipas aguardiente. 300 arrobas tasso y efectos.;;Enutil;;;g.;1876_10_28;Matanzas;;
;;N/A: ;;;Perez;pat.;;;;;De Sagua gol. Ramoncita, pat. Perez, 1100 a. carbon.;;Ramoncita;;;gol.;1876_10_29;Sagua;;
;;;;;Píñeiro;pat.;;;;;De Cárdenas gol. Ntra. Sra. del Cármen, pat. Píñeiro,;;Ntra. Sra. del Cármen;;;gol.;1876_10_29;Cárdenas;;
;;N/A:  | N/A:  | N/A: ;;;Ventura;p.;;;;;De Sauna g. Segunda Ignacia, p. Ventura: 400 tendidos soga, 100 palos arábo y 200 estacas.;;Segunda Ignacia;;;g.;1876_10_31;Sauna;;
;;N/A:  | N/A: ;;;Ensoñat;p.;;;;;De Sierra Morena g. Emilia, p. Ensoñat: 30 c. azúcar y 20 piezas madera.;;Emilia;;;g.;1876_10_31;Sierra Morena;;
;;N/A:  | N/A: ;;;Rojas;p.;;;;;De la Tejo g. Castilla, p. Rojas: 12 boc. azúcar y 16 pipas aguardiente.;;Castilla;;;g.;1876_10_31;Tejo;;
;;N/A:  | N/A: ;;;Dardot;p.;;;;;De Cúrdenas g. Rosita, p. Dardot: 100 paquetes tablillas y 50 pipas aguardiente.;;Rosita;;;g.;1876_10_31;Cúrdenas;;
;;N/A:  | N/A:  | N/A: ;;;Aloma;p.;;;;;De Matanzas g. Elvira, p. Aloma: 60 ar. tazao, 16 pipas vacías y incébiles.;;Elvira;;;g.;1876_10_31;Matanzas;;
;;N/A: ;;;Llorc;p.;;;;;De Santa Isabel g. Isabelita, p. Llorc: 800 sacos carbón.;;Isabelita;;;g.;1876_10_31;Santa Isabel;;
;;N/A:  | N/A:  | N/A:  | N/A: ;;;Koldan;cap.;;;;;De Caibarlen cap. Alava, cap. Koldan: 2 bar. azúcar, 1 c. sombreros, piezas de maquinaria y efectos.;;Alava;;;cap.;1876_11_01;Caibarlen;;
;;N/A:  | N/A:  | N/A:  | N/A:  | N/A:  | N/A:  | N/A: ;;;Torres;p.;;;;;De Novitias g. Aguedita, p. Torres: 169 serones y 200 cestoras yar. 200 caballos leña, 50 s. carbon, 12 balas carna.;;Aguedita;;;g.;1876_11_03;Novitias;;
;;N/A: ;;;Ors;p.;;;;;De Caibatieng. g. Flor de Cárdenas, p. Ors: 600 caballos leña.;;Flor de Cárdenas;;;g.;1876_11_03;Caibatieng;;
;;N/A: ;;;Alemany;p.;;;;;De Sierra Morena g. Matildo, p. Alemany: 600 s. carbon.;;Matildo;;;g.;1876_11_03;Sierra Morena;;
;;N/A: ;;;Torres;p.;;;;;De Sierra Morena g. Inés, p. Torres: 600 s. carbon.;;Inés;;;g.;1876_11_03;Sierra Morena;;
;;N/A:  | N/A: ;;;Visquerra;p.;;;;;De Matauzas g. Amelis, p. Visquerra: 24 pipas vacías, 21 dnas. escobas.;;Amelis;;;g.;1876_11_03;Matauzas;;
;;;;;Ferrer;p.;;;;;De Puerto Escondido, g. Puerto Escondido, p. Ferrer: en lastre.;;Puerto Escondido;;;g.;1876_11_03;Puerto Escondido;;
;;N/A:  | N/A:  | N/A: ;;;Maep;p.;;;;;De Santa Cruz g. Nuevo Hilario, p. Maep: 65 cordas, 924 saugas maíz.;;Nuevo Hilario;;;g.;1876_11_03;Santa Cruz;;
;;N/A: ;;;Cual;cap.;;;;;De Malas Aguas vap. Babia Honda, cap. Cual: 1,001 tercios tabaco.;;Babia Honda;;;vap.;1876_11_03;Malas Aguas;;
;;N/A: ;;;Itivas;p.;;;;;De Saguao gol. J. Lozada, p. Itivas—37000 locostas francas.;;J. Lozada;;;gol.;1876_11_04;Saguao;;
;;N/A:  | N/A: ;;;Coyula;p.;;;;;De Teja gol. América, p. Coyula—1200 sacos carbon y 400 dnas. esponjas.;;América;;;gol.;1876_11_04;Teja;;
;;N/A: ;;;Palmer;p.;;;;;De Jarque gol. Adelaida, p. Palmer—240 caballos leones.;;Adelaida;;;gol.;1876_11_04;Jarque;;
;;N/A: ;;;Lopez;p.;;;;;De Cabana gol. Caballo Marino p. Lopez—40 pipas sargandiente.;;Caballo Marino;;;gol.;1876_11_04;Cabana;;
;;N/A:  | N/A:  | N/A: ;;;Juan;p.;;;;;De Kieno brito Rosits, p. Juan—37 pipas sgaardiente, 12 tercios tabaco, 77 sacos maiz.;;Rosits;;;brito;1876_11_04;Kieno;;
;;N/A: ;;;Padilla;p.;;;;;De Banes brito J. Gabriel, p. Padilla—3000 ladrillos.;;J. Gabriel;;;brito;1876_11_04;Banes;;
;;N/A: ;;;Nuñez;p.;;;;;De Baracca brito, San José, p. Nuñez—400 sacos cal.;ing.;San José;;;brito;1876_11_04;Baracca;;
;;N/A: ;;;Roselló;p.;;;;;De la Teja golf Vlentia, p. Roselló, 900 s. carbon.;;Vlentia;;;golf;1876_11_05;la Teja;;
;;N/A:  | N/A: ;;;Lloret;p.;;;;;De Cárdenas g. Arancana, p. Lloret, 0 o. azúcar, 3 bla. miel de abejas y efectos.;;Arancana;;;g.;1876_11_05;Cárdenas;;
;;N/A:  | N/A: ;;;Carbónoll;p.;;;;;De Matanzas g. Muría, p. Carbónoll, 25 0 arrobas taza- jo y efectos.;;Muría;;;g.;1876_11_05;Matanzas;;
;;N/A: ;;;Colomar;p.;;;;;De Canasi gol. Sabas, p. Colomar, 103 bocoyes miel de purg.;;Sabas;;;gol.;1876_11_05;Canasi;;
;;N/A: ;;;Nistla;p.;;;;;De id. g. Lola Marina, p. Nistla, 103 bocoyes miel de purg.;;Lola Marina;;;g.;1876_11_05;id.;;
;;;;;Deulofeo;p.;;;;;De Cabanas bal. Juanita, p. Deulofeo, en lastre.;;Juanita;;;bal.;1876_11_05;Cabanas;;
;;N/A:  | N/A: ;;;Peres;p.;;;;;De Mariel g. Altagracia, p. Peres, 40 ppa. aguardiente, 60 bocoyes vacios.;;Altagracia;;;g.;1876_11_05;Mariel;;
;;N/A: ;;;Mas;patron;;;;;De id. gol. Josefa, patron Mas: 600 sacos carbon.;;Josefa;;;gol.;1876_11_07;id.;;
;;N/A: ;;;Oliver;p.;;;;;De Caibarlen gol. Torresita, p. Oliver: 320 caballos de leña.;;Torresita;;;gol.;1876_11_07;Caibarlen;;
;;N/A: ;;;Perez;p.;;;;;De id. gol. Maria, p. Perez, 600 sacos carbon,;;Maria;;;gol.;1876_11_07;id.;;
;;N/A: ;;;Vives;p.;;;;;De Sagua le Chica gol. María Magdalena, p. Vives: 36000 tejas del país.;;María Magdalena;;;gol.;1876_11_07;Sagua le Chica;;
Día 01:;;N/A:  | N/A: ;;;Paz;p.;;;;;De Congoja gol. Carnita, p. Paz: 600 sacos carbon, 200 varas inderas.;;Carnita;;;gol.;1876_11_07;Congoja;;
;;N/A: ;;;Forrer;p.;;;;;"De id. gol. 2? Luz do Yara, p. Forrer; 600 sacos carbon.";;2? Luz;;;gol.;1876_11_07;id.;;
;;N/A: ;;;Fürich;p.;;;;;De Carabatas bdro. Amparo, p. Fürich: 550 sacos carbon.;;Amparo;;;bdro.;1876_11_07;Carabatas;;
;;N/A: ;;;Garcia;p.;;;;;De id. gel. Leonarda, p. Garcia, 600 sacos carbon.;;Leonarda;;;gel.;1876_11_07;id.;;
;;N/A: ;;;Suão;p.;;;;;De Sierra Morona gol. Habanera, p. Suão: 800 sacos carbon.;;Habanera;;;gol.;1876_11_07;Sierra Morona;;
;;N/A: ;;;Gelpi;p.;;;;;De id. gol. Joven Carlota, p. Gelpi: 1000 sacos carbon;;Joven Carlota;;;gol.;1876_11_07;id.;;
;;N/A: ;;;Oriejo;p.;;;;;De id. gol. Ulura, p. Oriejo: 600 sacos carbon.;;Ulura;;;gol.;1876_11_07;id.;;
;;N/A: ;;;Orboy;pat.;;;;;De id. Bdro. Antonia, p. Orboy 600 sacos carbon.;;Antonia;;;p.;1876_11_07;id. Bdro.;;
;;N/A: ;;;;;;;;;De id. Pto. Victorin, p. Forrer: 800 sacos carbon.;;Forrer;;;p.;1876_11_07;Pto. Victorin;;
;;N/A:  | N/A:  | N/A:  | N/A: ;;;Valent;p.;;;;;De Cardenas gol: Mafia del Carmen, p. Valent, 190 papetes tablilla. 200 cortes de caja, 50 pipas aguardiente, 1 e. tabaco.;;Mafia del Carmen;;;gol:;1876_11_07;Cardenas;;
;;N/A: ;;;Montero;p.;;;;;"De Matanzas gol. Agustina, p. Montero; 500 sacos carbon.";;Agustina;;;gol.;1876_11_07;Matanzas;;
;;N/A: ;;;Pujol;p.;;;;;De Jaruco gol. Golondrina, p. Pujol: 500 caballos leña.;;Golondrina;;;gol.;1876_11_07;Jaruco;;
;;N/A:  | N/A:  | N/A:  | N/A: ;;;;;;;;;De Margalitas Pto. Nuevitas, p. Orbay, 300 atravesas-los, 200 vs. madera, 100 sacos carbon.;;Orbay;;;p.;1876_11_07;Margalitas;;
;;N/A: ;;;Nunez;p.;;;;;De Baracoa bdro. San José, p. Nunez, 400 sacos cal.;;San José;;;bdro.;1876_11_07;Baracoa;;
Día null:;;N/A: ;;;Bardet;pat.;;;;;De Cárdenas gol. Rosita, pat. Bardet: 100 pp. aguardiente.;;Rosita;;;gol.;1876_11_08;Cárdenas;;
Día null:;;N/A: ;;;Alejos;pat.;;;;;De Mántua g. Cincos Hormanos, pat. Alejos: 600 sacos carbon.;;Cincos Hormanos;;;g.;1876_11_08;Mántua;;
;;N/A: ;;;Febrer;p.;;;;;De Santa María gol. Francisco Géner, p. Febrer: 809 s. carbon.;;Francisco Géner;;;gol.;1876_11_08;Santa María;;
Día null:;;N/A: ;;;Villa;pat.;;;;;De idem gol. Feliz, pat. Villa: 600 s. carbon.;;Feliz;;;gol.;1876_11_08;idem;;
;;;;;Gorriu;pat.;;;;;De Bahía Honda gol. Francisco, pat. Gorriu: en las tre.;;Francisco;;;gol.;1876_11_08;Bahía Honda;;
;;N/A: ;;;Viejo;p.;;;;;De Sogua la Chica g. Primavera, p. Viejo, 36,000 tejas del pais.;;Primavera;;;g.;1876_11_09;Sogua la Chica;;
;;N/A:  | N/A:  | N/A:  | N/A:  | N/A: ;;;Torres;p.;;;;;De Arroyos g. Trinidad, p. Torres, 300 torcios tabaco, 44 s. lana, 80 s. carbon, 15 ar. cero, 100 libras conchas de carey.;;Trinidad;;;g.;1876_11_09;Arroyos;;
;;N/A: ;;;Anglada;p.;;;;;De Mántua g. Dos Amigos, p. Anglada, 1,200 s. carbon.;;Dos Amigos;;;g.;1876_11_09;Mántua;;
;;N/A: ;;;Calvet;p.;;;;;De Santa Isabel g. Isabel Segunda, p. Calvet, 700 s. carbon.;;Isabel Segunda;;;g.;1876_11_09;Santa Isabel;;
;;;;;Noa;p.;;;;;De la Múlata bal. Rosita, p. Noa, en lastro.;;Rosita;;;bal.;1876_11_09;Múlata;;
;;N/A: ;;;Juan;p.;;;;;De Cabanas bal. Rosita, p. Juan, 49 pipas aguardiente.;;Rosita;;;bal.;1876_11_09;Cabanas;;
;;N/A:  | N/A:  | N/A: ;;;Vega;cap.;;;;;De Calbarion vap. Alava, cap. Vega, 46 tercios tabaco, 10 llos vaqueta, 1 c. ropa.;;Alava;;;vap.;1876_11_09;Calbarion;;
;;N/A: ;;;Rellicer;p.;;;;;De Mafangas g. Emilio, p. Rellicer, 29 pps. aguardiente.;;Emilio;;;g.;1876_11_11;Mafangas;;
;;N/A: ;;;Cúst;cap.;;;;;De Malas Agunas vapor Bahía Hondo, cap. Cúst: 1723 tercios.;;Bahía Hondo;;;vapor;1876_11_12;Malas Agunas;;
;;N/A:  | N/A:  | N/A: ;;;Bosch;p.;;;;;De S. Morena g. Union, p. Bosch: 79 o. azúcar, 86 estacas madera y 30 bultos varios efectos.;;Union;;;g.;1876_11_14;S. Morena;;
Día null:;;N/A:  | N/A:  | N/A:  | N/A: ;;;Píjero;p.;;;;;De Cárdenas g. Mª del Cármen, p. Píjero: 400 camones 17 boo. vacíos, 160 pipas aguardiente y 50 paquetes tablillas.;;Mª del Cármen;;;g.;1876_11_14;Cárdenas;;
;;N/A:  | N/A:  | N/A:  | N/A: ;;;Píjero;p.;;;;;De id. g. Cármen, p. Píjero: 8 fardos suela, 1 o. efecto, 1 mobiliario y 1 boey efectos.;;Cármen;;;p.;1876_11_14;id. g.;;
;;N/A:  | N/A:  | N/A:  | N/A:  | N/A: ;;;Herrera;pat.;;;;;De id. g. Mercedita, p. Herrera: 100 paquetes tablillas 20 horcones madera, 6 fardos suela, 2 bocoyes maíz y 2 o. frutas.;;Mercedita;;;p.;1876_11_14;id. g.;;
;;N/A: ;;;Colomar;p.;;;;;De Sagu g. Providencia, p. Colomar: 60 palos delúcaro.;;Providencia;;;g.;1876_11_14;Sagu;;
;;N/A: ;;;Visquerra;p.;;;;;De Matanzas g. Amalia, p. Visquerra: 1500 ar. tasa-jo en serones.;;Amalia;;;g.;1876_11_14;Matanzas;;
;;N/A:  | N/A:  | N/A:  | N/A:  | N/A:  | N/A: ;;;Carbonell;pat.;;;;;De id. g. María, p. Carbonell: 1000 ar. tasajo en serones, 16 o. tejas de zino, 3 llos suelas, 2 boo. vacíos, 1 pipa pescado y 1 barril abono.;;María;;;p.;1876_11_14;id. g.;;
;;N/A: ;;;;pat.;;;;;De id. g. Elvira, p. Aleman: 1500 ar. tasajo en serones.;Aleman;Elvira;;;p.;1876_11_14;id. g.;;
;;N/A:  | N/A:  | N/A:  | N/A:  | N/A:  | N/A:  | N/A:  | N/A:  | N/A: ;;;Ferrer;cap.;;;;;De Sagu vapor Dallas cap. Ferrer, 76 térélos tabaco, 13 caballos, 2 mules 3 maletas de ropa, 1 palla, 6 bultos ropa y efectos, 1 caja con una máquina de coser y 8 bultos ropa y efectos de uso y unos muebles de uso.;;Dallas;;;vapor;1876_11_14;Sagu;;
;;N/A:  | N/A:  | N/A:  | N/A:  | N/A: ;;;Socorro;cap.;;;;;De Calvarian vap. Domingo Hernández, cap. Socorro, 2 docenas batas señora, 1 pieza ule color de osaba, 1 barril, 30 paquetes de hilaza, 1 serón esponjas.;;Domingo Hernández;;;vap.;1876_11_14;Calvarian;;
;;N/A:  | N/A:  | N/A:  | N/A:  | N/A:  | N/A:  | N/A:  | N/A: ;;;Jofre;cap.;;;;;De Cárdenas vap. Soler, cap. Jofre, 7 térolos cueros cortidos, 417 piezas hierro viejo, 10 bultos de idom, 124 pipas aguardiente, 60 yugos, 1 caja herramientas, 1 caba- lo y 4 bultos efectos.;;Soler;;;vap.;1876_11_14;Cárdenas;;
Día null:;null;N/A: ;;;Dominguez;cap.;;;null;;De Novitabes, S. José, cap. Dominguez, 1903 pacas tabaco Pto. Rico.;;S. José;;;null;1876_11_14;Novitabes;;
;;N/A: ;;;Estóban;p.;;;;;De Teja gol·Dos Hermanas, p. Estóban—1000 sacos de carbón;;Dos Hermanas;;;gol.;1876_11_16;Teja;;
;;N/A: ;;;Luisa;p.;;;;;De idein'gol. Jóren Luisa, p. Golpi—800 sacos de carbón;;Jóren;;;gol.;1876_11_16;idein';;
;;N/A: ;;;Brage;p.;;;;;De Calbarien g. Engracín, p. Brage, 280 caballos leña;;Engracín;;;g.;1876_11_18;Calbarien;;
;;N/A: ;;;Debasa;p.;;;;;De Sagua g. Artaunía, p. Debasa, 1200 s. carbon.;;Artaunía;;;g.;1876_11_18;Sagua;;
;;N/A: ;;;Orbay;p.;;;;;De la Teja g. Ceferrina, p. Orbay, 600 s. carbon.;;Ceferrina;;;g.;1876_11_18;la Teja;;
;;N/A: ;;;Giral;p.;;;;;De idem g. Altarquina, p. Giral, 800 s. carbon.;;Altarquina;;;g.;1876_11_18;idem;;
;;N/A: ;;;Llioret;p.;;;;;De Cárdenas g. Araucano, p. Llioret, 284 o. azúcar y o.;;Araucano;;;g.;1876_11_18;Cárdenas;;
;;N/A: ;;;Pellicer;p.;;;;;De Matanzas g. Emilio, p. Pellicer, 2000 ar. tasajo, 8;;Emilio;;;g.;1876_11_18;Matanzas;;
;;N/A: ;;;Lopez;p.;;;;;De Cabanas g. Caballo Marino, p. Lopez, 50 pps. aguardiente.;;Caballo Marino;;;g.;1876_11_18;Cabanas;;
;;;;;Gil;p.;;;;;De Banes g. N. Concha, p. Gil, en lastre.;;N. Concha;;;g.;1876_11_18;Banes;;
;;N/A: ;;;Padilla;p.;;;;;De idem bilro J. Gabriel, p. Padilla, 8000 ladrillos.;;J. Gabriel;;;bilro;1876_11_18;idem;;
;;N/A: ;;;Núñez;p.;;;;;De Barcana bote San José, p. Núñez, 400 s. cal.;;San José;;;bote;1876_11_18;Barcana;;
;;N/A:  | N/A:  | N/A:  | N/A:  | N/A: ;;;Jofre;cap.;;;;;De Cárdenas vap. Solar, cap. Jofre, 80 pps. aguardiente. 50 paquetos tabillas, 1 c. azúcar, 2 c. ropa y efectos.;;Solar;;;vap.;1876_11_18;Cárdenas;;
;;N/A: ;;;Ventura;p.;;;;;De Saguas g. Anita, p. Ventura, 1,000 s. carbon.;;Anita;;;g.;1876_11_19;Saguas;;
;;N/A:  | N/A:  | N/A: ;;;Palmer;p.;;;;;De Id. g. Paquete de Saguas, p. Palmer, 2500 tendidos soga, 587 barriles latina, muchos y efectos.;;Saguas;;;Paquete;1876_11_19;Id. g.;;
;;N/A:  | N/A:  | N/A: ;;;Palmer;p.;;;;;"De Juruco g. Adelaida, p. Palmer, 50 s. carbon, 70 fagnag; maiz.";;Adelaida;;;g.;1876_11_19;Juruco;;
;;N/A: ;;;Toro;p.;;;;;De Saguas g. Dos Hermanas, p. Toro, 1,000 sacos carbon.;;Dos Hermanas;;;g.;1876_11_21;Saguas;;
;;N/A:  | N/A:  | N/A: ;;;Rocha;p.;;;;;De Carahatas g. Tres Hermanas, p. Rocha, 61 s. y 38 boocoyos azúcar, 27 pils. aguardiente, 283 viguetas.;;Tres Hermanas;;;g.;1876_11_21;Carahatas;;
;;N/A:  | N/A:  | N/A: ;;;Otoro;p.;;;;;De Matanzas g. Bliva, p. Otoro, 14 pps. aguardiente, 500 ar. tasajo y efectos.;;Bliva;;;g.;1876_11_21;Matanzas;;
;;N/A: ;;;Lloret;p.;;;;;De Santa Isabel g. Isabelita, p. Lloret, 1000 s. carbon.;;Isabelita;;;g.;1876_11_21;Santa Isabel;;
;;N/A: ;;;Escandell;p.;;;;;De B. Honda g. Elolsa, p. Escandell, 67 palos do cedro.;;Elolsa;;;g.;1876_11_21;B. Honda;;
;;N/A: ;;;Perera;p.;;;;;De Baarra bote Cocolia Mandala, p. Perera, 140 sacos.;;Cocolia Mandala;;;bote;1876_11_21;Baarra;;
;;N/A: ;;;Villalonga;p.;;;;;De Deminles g. Dominica, p. Villalonga, 500 quintales hierro viejo.;;Dominica;;;g.;1876_11_21;Deminles;;
;;N/A:  | N/A:  | N/A: ;;;Cusl;cap.;;;;;De Malas Aguas vap. B. Honda, cap. Cusl, 891 torcios tabaco, 2 c. tabacos y efectos.;;B. Honda;;;vap.;1876_11_21;Malas Aguas;;
;;N/A:  | N/A:  | N/A: ;;;Jofré;cap.;;;;;De Cárdenas vap. Soler, cap. Jofré, 60 pipas aguardiente, 6 tercios esmeros, 1 c. baratillo.;;Soler;;;vap.;1876_11_21;Cárdenas;;
;;N/A:  | N/A: ;;;Villar;;;;;;De Arroyo vía Viva, p. Villar, 300 pescados vivos y 12 qtl. lana mirágano.;;Viva;;;p.;1876_11_21;Arroyo;;
;;N/A: ;;;Llorca;cap.;;;;;De Caibatán vap. Minerva, cap. Llorca, en jatro.;;Minerva;;;vap.;1876_11_21;Caibatán;;
;;N/A:  | N/A:  | N/A:  | N/A: ;;;Vega;cap.;;;;;De Caibarion y Cárdenas vap. Alava, cap. Vega, 45 pipas aguardiente, 1 estuche azúcar, 1 c. quincalla, 2 serones esponjas.;;Alava;;;vap.;1876_11_21;Caibarion y Cárdenas;;
;;N/A:  | N/A: ;;;Alenaby;p.;;;;;De Cárdenas g. Jóvén Pilar, p. Alenaby: 50 c. azúcar y 100 pipas aguardiente.;;Jóvén Pilar;;;g.;1876_11_22;Cárdenas;;
;;N/A:  | N/A: ;;;Pujol;p.;;;;;De Jarraco g. Góldrín, p. Pujol: 200 caballos leña y 30 s. carbon.;;Góldrín;;;g.;1876_11_22;Jarraco;;
;;N/A:  | N/A:  | N/A:  | N/A:  | N/A: ;;;Joroz;p.;;;;;De Oahartun g. María del Rosario, p. Joroz: 400 caba-los leña, 100 va. almidégos, 15 ts. guayacán, 8 piezas jar-ola, 8 pj. dras anular.;;María del Rosario;;;g.;1876_11_24;Oahartun;;
;;N/A: ;;;Montbell;p.;;;;;De la Teja g. Megdalena p. Montbell: 600 sacos carb.;;Megdalena;;;g.;1876_11_24;la Teja;;
;;N/A:  | N/A: ;;;Herrera;p.;;;;;De Cánicas g. Mercedita p. Herrera: 100 paquetes to-billas, 80 piezas madera y pueblos.;;Mercedita;;;g.;1876_11_24;Cánicas;;
;;N/A:  | N/A:  | N/A: ;;;Palnur;p.;;;;;De Jaimeo g. Adelaida p. Palnur: 86 fanegas maíz, 83 a. carbón, 3 carneros.;;Adelaida;;;g.;1876_11_24;Jaimeo;;
;;N/A:  | N/A:  | N/A:  | N/A:  | N/A:  | N/A:  | N/A:  | N/A:  | N/A:  | N/A:  | N/A: ;;;Llorca;p.;;;;;De Clenfogos berg. Zurique, p. Llorca: 5200 hotijas neceito, 100 pps. y 20 chartes id. vino, 404 gars, y 20 c. ani-sado, 500 pps. y 100 frasquetas ginebra, 200 gars. agu-ardiente, 241 c. jabon, 41 c. tabaco, 49 id. vino, 2 cofres cal-diente.;;Zurique;;;berg.;1876_11_24;Clenfogos;;
Día XX:;;N/A:  | N/A: ;;;Urbay;p.;;;;;De Margajitas paqueta Xustitas p. Urbay: 600 varas majagua, 175 s. carbón.;;Xustitas;;;paqueta;1876_11_24;Margajitas;;
;;N/A: ;;;Juan;p.;;;;;"De Cabanas bdro. Rosita, p. Juan; 50 pipas aquarellante.";;Rosita;;;bdro.;1876_11_25;Cabanas;;
;;N/A: ;;;Víbros;patron;;;;;De Baracoa bdro S José, patron Víbros, 400 sacos de cal.;;S José;;;bdro;1876_11_25;Baracoa;;
;;N/A:  | N/A:  | N/A:  | N/A:  | N/A: ;;;Bernaza;p.;;;;;"De Nuevitas gol. Dolores, p. Bernaza; 500 sacos carbón, 600 caballos leña, 65 caballos yaroy, 100 strones vacíos, 5 bultos colgas y efectos.";;Dolores;;;gol.;1876_11_25;Nuevitas;;
;;;;;Marin;cap.;;;;;"De C. Juanen vap. Domingo Hernández, cap. Marin; en Jastro.";;Domingo Hernández;;;vap.;1876_11_25;C. Juanen;;
;;N/A:  | N/A:  | N/A:  | N/A:  | N/A:  | N/A: ;;;;Rivas;;;;;De Nuevitañg. Díchosa, p. Rivas: 400 caballos loca, 90 s. carbon, 15 setones yatey, 1 c. cera, 1 o. cobre, muebles y efectos.;;Díchosa;;;p.;1876_11_26;Nuevitañg;;
;;N/A:  | N/A:  | N/A:  | N/A: ;;;Hach;p.;;;;;De Sierra Morena g. Unión, p. Hach: 136 e. y 6 bococes azucar, 30 pipas aguardiente, 64 piezas madera y 30 bultos efectos.;;Unión;;;g.;1876_11_26;Sierra Morena;;
;;N/A: ;;;Paula;p.;;;;;De S. Morena g. Sotia, p. Paula: 700 piezas maderas.;;Sotia;;;g.;1876_11_26;S. Morena;;
;;N/A:  | N/A: ;;;Ferrer;cap.;;;;;De Sagua vap. Dalias, cap. Ferrer: 250 s. huesos, 150;;Dalias;;;vap.;1876_11_28;Sagua;;
;;N/A:  | N/A: ;;;Ronrico;p.;;;;;De id. g. Gabriel, p. Ronrico: 800 s. carbón, 30 palos;;Gabriel;;;p.;1876_11_28;id. g.;;
Día :;;N/A: ;;;Capé;p.;;;;;De la Teja g. Cátalina, p. Capé: 600 s. carbón.;;Cátalina;;;g.;1876_11_28;la Teja;;
Día null:;;N/A:  | N/A: ;;;Ríobó;p.;;;;;De Matanzas g. Francisco, p. Ríobó: 100 s. mais, 90 c.;;Francisco;;;g.;1876_11_28;Matanzas;;
;;;;;;;;;;;De id. g. Nueva Providencia, p. Toro: en lastre.;;Toro;;;p.;1876_11_28;Nueva Providencia;;
;;N/A: ;;;Zúbiga;p.;;;;;De Casilda g. Segunda Isabel, p. Zúbiga: 409 caballos;;Segunda Isabel;;;g.;1876_11_28;Casilda;;
;;N/A: ;;;Almir;p.;;;;;De Murrillo g. Britania, p. Almir: 380 caballos leña y;;Britania;;;g.;1876_11_28;Murrillo;;
;;N/A:  | N/A:  | N/A:  | N/A: ;;;Olivera;p.;;;;;De Calbarleu s. Lince. p. Olivera: 480 cepas plátanos. 160 paquetes tablillas. 41 caballos. 50 vaquetas.;;Lince;;;s.;1876_11_29;Calbarleu;;
;;N/A: ;;;San Fiol;p.;;;;;De la Teja g. Prieto, p. San Fiol: 800 s. carbon.;;Prieto;;;g.;1876_11_29;la Teja;;
;;N/A:  | N/A:  | N/A:  | N/A:  | N/A:  | N/A:  | N/A: ;;;Aleman;p.;;;;;De Matanja g. Elvira, p. Aleman: 24 pipas y 3 bo- cores agitado. 40 pipas, 6 medias, 24 cuartos y 10 teroc- ros cobre viejo, 10 c. sardinas.;p.;Elvira;;;g.;1876_11_29;Matanja;;
;;N/A:  | N/A:  | N/A: ;;;Duran;p.;;;;;De la Mulata g. Dolores, p. Duran: 150 fanegas maíz, 500 s. carbon, 6 tozas de cedro.;;Dolores;;;g.;1876_11_29;la Mulata;;
;;N/A:  | N/A:  | N/A:  | N/A: ;;;Serra;p.;;;;;De Cabatas g. Amable Rosita, p. Serra: 748 s. carbon, 35 s. café, 15 fanegas maíz, 37 caballos leña.;;Amable Rosita;;;g.;1876_11_29;Cabatas;;
;;N/A:  | N/A:  | N/A:  | N/A:  | N/A:  | N/A: ;;;Sanochoz;p.;;;;;De Caibarion g. Pepilla Alvarez, p. Sanochoz: 100 rabanillos lona, 400 docenas esponjas, 67 tercios tabaco, 40 cuellos, 21 c. ferroveria y 40 cobro viejo.;;Pepilla Alvarez;;;g.;1876_11_30;Caibarion;;
;;N/A: ;;;Colomar;p.;;;;;De Saguas g. Correo de Canaai, p. Colomar: 1000 s. carbon.;;Correo de Canaai;;;g.;1876_11_30;Saguas;;
;;N/A: ;;;Gisport;p.;;;;;De la Teja g. J. Carlota, p. Gisport: 1000 s. carbon.;;J. Carlota;;;g.;1876_11_30;Teja;;
;;N/A:  | N/A: ;;;Pífciro;p.;;;;;De Cárdeas g. Cármen, p. Pífciro: 50 pipas aguardiente y efectos.;;Cármen;;;g.;1876_11_30;Cárdeas;;
;;N/A:  | N/A:  | N/A: ;;;Martoroll;p.;;;;;De Nueva Gerona g. Brazo Fuerte, p. Martoroll: 10000 tejas, 198 onrubas de madera y efectos.;;Brazo Fuerte;;;g.;1876_11_30;Nueva Gerona;;
;;N/A: ;;;Fobrer;p.;;;;;De Mántua g. Francisca Gener, p. Fobrer: 1030 s. carbon.;;Francisca Gener;;;g.;1876_11_30;Mántua;;
;;N/A: ;;;Calvot;p.;;;;;De Sta. Isabel g. Isabel II, p. Calvot: 707 s. carbon.;;Isabel II;;;g.;1876_11_30;Sta. Isabel;;
;;;;;Villalonga;p.;;;;;De Cabanas g. Dominico, p. Villalonga: en lastro.;;Dominico;;;g.;1876_11_30;Cabanas;;
;;;;;Palmer;p.;;;;;De Del Mariel g. Gertrudis, p. Palmer: en lastro.;;Gertrudis;;;g.;1876_11_30;Mariel;;
;;N/A: ;;;Visquerra;p.;;;;;De Matanzas g. Amalia, p. Visquerra: 1,500 arrobas;;Amalia;;;g.;1876_12_06;Matanzas;;
;;N/A:  | N/A:  | N/A:  | N/A:  | N/A: ;;;Bosch;pat.;;;;;De Sierra Morena gol. Union, pat. Bosch: 21 o. azúcar, 30 pipas a.uardiente, 30 ostacas y 15 buitlos y efectos.;;Union;;;gol.;1876_12_09;Sierra Morena;;
;;N/A:  | N/A: ;;;Rejas;pat.;;;;;Do la Toja gol. Castilla, pat. Rejas: 60 atravosales, 12 pipas a.uardiente.;;Castilla;;;gol.;1876_12_09;la Toja;;
;;N/A: ;;;Montero;pat.;;;;;Do la Teja gol. Aguatoba, pat. Montero: 800 sacos carbon.;;Aguatoba;;;gol.;1876_12_09;la Teja;;
;;;;;Alemanhy;pat.;;;;;Do Cárdenas gol. J. Pilar, pat. Alemanhy: en lastro.;;J. Pilar;;;gol.;1876_12_09;Cárdenas;;
;;N/A:  | N/A:  | N/A:  | N/A:  | N/A:  | N/A:  | N/A:  | N/A: ;;;Lloret;pat.;;;;;Do Cárdenas gol. Arancana, pat. Lloret: 400 sacos hnos, 1 bl. a.uardiente, 2 pp. hierro, 15 toros suela: 1 c. machetos, 300 varas madera, 113 serones tasajo y efectos.;;Arancana;;;gol.;1876_12_09;Cárdenas;;
Día :;;N/A:  | N/A:  | N/A: ;;;López;pat.;;;;;Do Cabanas gol. Caballo Marino, pat. López: 50 toneladas hierro y 50 pp. a.uardiente y efectos.;;Caballo Marino;;;gol.;1876_12_09;Cabanas;;
;;N/A:  | N/A:  | N/A: ;;;Dans;p.;;;;;De Gibara g. Matilde, p. Dans: 300 s. carbon, 200 caballo-leña. 1 barril jamones.;;Matilde;;;g.;1876_12_12;Gibara;;
;;N/A:  | N/A:  | N/A:  | N/A: ;;;Bernaza;p.;;;;;De Pto. del Padre g. Trois Hermanas, p. Bernaza: 275 s. carbon, 1:10 caballos leña, 17 s. y 3 pocs. maíz.;;Trois Hermanas;;;g.;1876_12_12;Pto. del Padre;;
;;N/A:  | N/A:  | N/A: ;;;Rivas;p.;;;;;De Nuevías g. Emilia, p. Rivas: 600 caballos leña, 100 s. carbon, 45 semanas yaroy vefectos.;;Emilia;;;g.;1876_12_12;Nuevías;;
;;N/A:  | N/A:  | N/A: ;;;Blage;p.;;;;;De Catharion g. Engracia, p. Blage: 560 tercios tabaco, 100 caballos leña, 1000 dnas. esponjas.;;Engracia;;;g.;1876_12_12;Catharion;;
;;;;;Senea;p.;;;;;De id. g. Flor de Capiñonas, p. Senea: en lastre.;;Flor de Capiñonas;;;p.;1876_12_12;id. g.;;
Día :;;N/A: ;;;Jerez;p.;;;;;De Sagu g. Nuestra Señora del Cármen, p. Jerez: 420 s. carb.;;Nuestra Señora del Cármen;;;g.;1876_12_12;Sagu;;
;;N/A: ;;;Sabas;;;;;;De id. g. Sabas, p. Golomar: 1000 s. carbon.;;Golomar;;;p.;1876_12_12;id. g.;;
;;N/A: ;;;Bar;p.;;;;;De Congojg. g. Carpilá, p. Bar: 1000 s. Id.;;Carpilá;;;g.;1876_12_12;Congojg.;;
Día XX:;;N/A: ;;;Torres;p.;;;;;De Sierra Morena g. Ileg, p. Torres: 600 s. Id.;;Ileg;;;g.;1876_12_12;Sierra Morena;;
Día 01:;;N/A: ;;;Ferrer;p.;;;;;De la Tejag. Segunda Lut do Yara, p. Ferrer: 600 s. Id.;;Yara;;;Lut;1876_12_12;Tejag.;;
;;N/A: ;;;Orbay;p.;;;;;De id. bal. Antonica, p. Orbay: 600 s. Id.;;Antonica;;;bal.;1876_12_12;id.;;
Día null:;;N/A: ;;;Debesa;p.;;;;;De Cárdenas bal Jo-ó Manuel, p. Debesa: 200 caballos Id.;;Jo-ó;;;bal;1876_12_12;Cárdenas;;
;;N/A:  | N/A: ;;;Rom;cap.;;;;;De Cuba y escalas vap. Clara, cap. Rom: 14 tercios tabaco y efectos.;;Clara;;;vap.;1876_12_12;Cuba;;
;;N/A: ;;;Anglada;p.;;;;;De Mántua g. Dos Ayigos, p. Anglada: 1000 s. carbon.;;Dos Ayigos;;;g.;1876_12_12;Mántua;;
;;N/A:  | N/A:  | N/A: ;;;Lloret;p.;;;;;De Santa Isabel g. I-ábilita, p. Lloret: 472 tercios tabaco, 4 c. Id. 560 s. carbon.;;I-ábilita;;;g.;1876_12_12;Santa Isabel;;
;;N/A: ;;;Portella;p.;;;;;De Santa María g. Neptuno, p. Portella: 1000 s. carbon.;;Neptuno;;;g.;1876_12_12;Santa María;;
;;N/A:  | N/A: ;;;Punjo;p.;;;;;De Jarro g. Golondrina, p. Punjo: 2:0 caballos leña.;;Golondrina;;;g.;1876_12_12;Jarro;;
;;N/A: ;;;Cusi;cop.;;;;;De Malas Aguas vap. Blabia Honda, cop. Cusi: 535 tercios tabaco.;;Blabia Honda;;;vap.;1876_12_12;Malas Aguas;;
;;N/A:  | N/A:  | N/A: ;;;Oliver;pat.;;;;;De Nuevitas g. Estrello, pat. Oliver, 700 caballos de leña, 2 bar. y una pipa cobre virjo.;;Estrello;;;g.;1876_12_13;Nuevitas;;
;;N/A: ;;;Rodriguez;pat.;;;;;De Calbarlon g. Brillante, pat. Rodriguez, 100 caballos de luna.;;Brillante;;;g.;1876_12_13;Calbarlon;;
;;N/A: ;;;Deus;pat.;;;;;De Arroyos vivero Bravo, pat. Deus, 51 piezas maderas de construccion.;;Bravo;;;vivero;1876_12_13;Arroyos;;
;;N/A:  | N/A: ;;;Calvo;p.;;;;;De Gibara g. 6 Manucelas, p. Calvo 392 terca, tabaco, 10;;6 Manucelas;;;g.;1876_12_14;Gibara;;
;;;;;Hernando;cap.;;;;;De Calbarlon vap. Domingo N. Hernando, cap. Ma;;Domingo;;;vap.;1876_12_14;Calbarlon;;
;;N/A: ;;;Palmer;p.;;;;;De Sogu g. Paquete de Sagu, p. Palmer, 68 palos já-;;Paquete de Sagu;;;g.;1876_12_14;Sogu;;
;;;;;Echavarría;p.;;;;;De Carahatas g. Tres Hermanas, p. Echavarría, 745 vi-;;Tres Hermanas;;;g.;1876_12_14;Carahatas;;
;;N/A: ;;;Herrera;p.;;;;;De Cárdenas g. Mercedita, p. Herrera, 100 pqtos. ta-;;Mercedita;;;g.;1876_12_14;Cárdenas;;
;;N/A: ;;;Dardet;p.;;;;;De Matanzas g. Rosita, p. Dardet, 22 pipas aguardiente;;Rosita;;;g.;1876_12_14;Matanzas;;
;;N/A: ;;;Cobas;p.;;;;;De Baracoa g. Bonifacio, p. Cobas, 100 s. cal.;;Bonifacio;;;g.;1876_12_14;Baracoa;;
;;N/A: ;;;Marésma;cap.;;;;;De Cuba y escalas vap. Alba, cap. Marésma, 103 s. ca-;;Alba;;;vap.;1876_12_14;Cuba;;
Día 01:;;N/A: ;;;Anuín;pat.;;;;;Do idem gol. J. Vicenta, pat. Anuín: 1200 sacos carbon.;;J. Vicenta;;;gol.;1876_12_15;idem;;
;;N/A: ;;;Coyula;p.;;;;;De Taja gol. América, p. Coyula-1000 sacos de carbón.;;América;;;gol.;1876_12_16;Taja;;
;;N/A: ;;;Piyil;p.;;;;;De Cárdenas gol. Inés. p. Piyil-1000 sacos de carbón.;;Inés;;;gol.;1876_12_16;Cárdenas;;
;;N/A:  | N/A: ;;;Toro-19;p.;;;;;De idem gol. Nueva Providencia, p. Toro-19 faroles anules, 3 id. carnaza.;;Nueva Providencia;;;gol.;1876_12_16;idem;;
;;N/A:  | N/A:  | N/A:  | N/A: ;;;Auteg;p.;;;;;De idem gol. Tres Marías, p. Auteg-200 cortes de caja, 50 pipas aguardiente, 11 cajas y 10 estuches de azúcar.;;Tres Marías;;;gol.;1876_12_16;idem;;
;;;;;Lopes;pat.;;;;;De Dominica gol. Dominica, patron Lopes-en las tre.;;Dominica;;;gol.;1876_12_16;Dominica;;
;;N/A: ;;;Núñez;p.;;;;;De Baracca. Idro. San José, p. Núñez-400 sacos de cal.;;San José;;;Idro.;1876_12_16;Baracca;;
;;N/A:  | N/A: ;;;Felaz-900;p.;;;;;De Jalmuñitas hote María Josefa, p. Felaz-900 la drillos y 400 rejas.;;María Josefa;;;hote;1876_12_16;Jalmuñitas;;
;;N/A: ;;;Grandal;p.;;;;;De idem gol. Prosperidad, p. Grandal-10000 ladrones.;;Prosperidad;;;gol.;1876_12_16;idem;;
;;N/A:  | N/A: ;;;Gerez;p.;;;;;De Cabarlen gol. Maria del Rosario, p. Gerez-555 tercios tabaco y 1100 saula;;Maria del Rosario;;;gol.;1876_12_19;Cabarlen;;
;;N/A: ;;;Riot;p.;;;;;De Trja gol Villa de Gijon, p. Riot-1000 sacos carbon.;;Villa de Gijon;;;gol.;1876_12_19;Trja;;
;;N/A:  | N/A:  | N/A:  | N/A:  | N/A: ;;;Pellecer;p.;;;;;De Matanzas gol. Emilio, p. Pellecer-100 bles. harina 116 paquites duelas, 44 bocoyos azucar. 15 pp. aguardiente e efectos.;;Emilio;;;gol.;1876_12_19;Matanzas;;
;;N/A:  | N/A: ;;;Tasso;p.;;;;;De Gibaon bdro. Cavadonga, p. Tasso-100 sacos y 50 fanegas maiz.;;Cavadonga;;;bdro.;1876_12_19;Gibaon;;
;;N/A: ;;;Felix;p.;;;;;De Santa Maria gol. Cnba, p. Felix-600 sacos de carbon.;;Cnba;;;gol.;1876_12_19;Santa Maria;;
;;N/A:  | N/A:  | N/A:  | N/A: ;;;Ventura;cap.;;;;;"De Cuba y escala vap. Alicanto, cap. Ventura-550 tercios tabaco; 5 s. cacao, 77 billos portochos de guerra y efectos.";;Alicanto;;;vap.;1876_12_19;Cuba;;
;;N/A:  | N/A:  | N/A: ;;;Yoga-40;cap.;;;;;De Cabarlen vap. Alava, cap. Yoga-40 c. y 5 bocoyos azucar, 48 tercios tabaco y efectos:;;Alava;;;vap.;1876_12_19;Cabarlen;;
;;N/A:  | N/A:  | N/A: ;;;Sevilla;p.;;;;;De Calbarien g. 2ª Cantinera, p. Sevilla: 2 caballos 2 bajes 30 p. vacas;;Cantinera;;;g.;1876_12_20;Calbarien;;
;;N/A: ;;;Pellicer;pat.;;;;;De Calbarien g. Plinco, pat. Pellicer: en lastre, 1 maquillarina usada.;;Plinco;;;g.;1876_12_20;Calbarien;;
;;N/A: ;;;Rodriguez;pat.;;;;;De Serra Marina gol. Unica, pat. Rodriguez: 600 sacos carbon.;;Unica;;;gol.;1876_12_20;Serra Marina;;
Día 01:;;N/A: ;;;Valont;p.;;;;;De Cárdenas g. María del Cármen p. Valont: 1 maquillarina usada.;;María del Cármen;;;g.;1876_12_20;Cárdenas;;
;;N/A:  | N/A: ;;;Planel;pat.;;;;;De Rio del Medio gol. Salvo Virgón María, pat. Planel: 500 quintos es cáscara manglo, 183 tereios de tabaco.;;Salvo Virgón María;;;gol.;1876_12_20;Rio del Medio;;
Día 01:;;N/A: ;;;Lopez;pat.;;;;;De Cabanas gol. Caballo Marino, pat. Lopez: 18 pipas aguarejante.;;Caballo Marino;;;gol.;1876_12_20;Cabanas;;
;;N/A:  | N/A:  | N/A: ;;;Jofre;cap.;;;;;De Cárdenas vap, Soler, cap. Jofre: 415 s. azúcar 9 tiscos ceros y efectos.;;Soler;;;vap;1876_12_20;Cárdenas;;
Día XX:;;N/A:  | N/A: ;;;Cusi;cap.;;;;;De M. las Aguas vap. B. Honda, cap. Cusi: 619 torcos tabaco y efectos.;;B. Honda;;;vap.;1876_12_20;M. las Aguas;;
;;N/A:  | N/A:  | N/A:  | N/A: ;;;O'Breans;pat.;;;;;De Nnovitas gol. Podrito, pat. O'Breans, 900 caballos leña, 170 s. carbon, 57 bta equipaje y oficios.;;Podrito;;;gol.;1876_12_22;Nnovitas;;
;;N/A: ;;;Marin;pat.;;;;;De Mantua gol. Cincos Hermanos, pat. Marin, 800 sacos carbon.;;Cincos Hermanos;;;gol.;1876_12_22;Mantua;;
;;N/A:  | N/A:  | N/A: ;;;Anca;pat.;;;;;De Morillo bdro Fernandoita, pat. Anca, 130 caballos leña, 130 s. carbon, 40 varas almiégo.;;Fernandoita;;;bdro;1876_12_22;Morillo;;
;;N/A: ;;;Juan;pat.;;;;;De Cabanas hidro. Rosita, pat. Juan, 50 pps. aguardiente.;;Rosita;;;hidro.;1876_12_22;Cabanas;;
;;N/A:  | N/A:  | N/A:  | N/A: ;;;Jofre;cap.;;;;;De Cardenas vap. Soler, cap. Jofre, 15 pps. aguardiente, 1 ostucho azúcar, 4 terolos oneros y efectos.;;Soler;;;vap.;1876_12_22;Cardenas;;
;;N/A:  | N/A:  | N/A: ;;;Porca;pat.;;;;;De Mariol gol. Altagrado, pat. Porca, 60 c. y 100 s. aguardiente, 50 pps. aguardiente.;;Altagrado;;;gol.;1876_12_22;Mariol;;
Día 01:;;N/A:  | N/A: ;;;Santos;cap.;;;;;De Calharian vap. Domingo N. Hernandos, cap. Santos: 2 s. azúcar, 1 seron espedjam.;;Domingo N.;;;vap.;1876_12_23;Calharian;;
;;N/A:  | N/A:  | N/A: ;;;Ferrer;cap.;;;;;De Segua vap. Dallina, cap. Ferrer: 1500 ladrillos, 10 bar. sebo y efeotos.;;Dallina;;;vap.;1876_12_23;Segua;;
;;N/A: ;;;Cabrera;p.;;;;;De Sierra Morena g. San Francisco, p. Cabrera: 600 s. carbon.;;San Francisco;;;g.;1876_12_23;Sierra Morena;;
;;N/A:  | N/A:  | N/A:  | N/A: ;;;Bosch;p.;;;;;De la, g. Unión, p. Bosch: 22 boca azúcar, 24 pipas a-guarniente, 23 estacas y 15 bto. efectos.;;Unión;;;g.;1876_12_23;la;;
;;N/A: ;;;Giral;patrón;;;;;De Teja goleta Altargrælia, patrón Giral, 600 s. carbon.;;Altargrælia;;;goleta;1876_12_23;Teja;;
;;N/A: ;;;Fernandes;p.;;;;;De Teja g. Ntra. Sra. del Carmen, p. Fernandes, 000 s. carbon.;;Ntra. Sra. del Carmen;;;g.;1876_12_23;Teja;;
;;N/A: ;;;Gelpi;patrón;;;;;De idem geleta Jóyón Llana, patrón Gelpi, 1000 as-cot carbon.;;Jóyón;;;geleta;1876_12_23;idem;;
;;N/A: ;;;Rosellá;p.;;;;;De Río de la Palma, g. Vicente, p. Rosellá, 600 sacos carbon.;;Vicente;;;g.;1876_12_23;Río de la Palma;;
;;N/A:  | N/A:  | N/A:  | N/A: ;;;Alemany;p.;;;;;De Cárdenas g. J. Pilar, p. Alemany, 200 cortes de cola, 150 paquetes tablillas, 50 pipas a-guarnientes y 2000 tejas.;;J. Pilar;;;g.;1876_12_23;Cárdenas;;
;;N/A:  | N/A: ;;;Pujol;p.;;;;;De Jarrón g. Adolide, p. Pujol, 170 s. mais, 60 idem carbon.;;Adolide;;;g.;1876_12_23;Jarrón;;
;;N/A:  | N/A: ;;;Orbay;p.;;;;;De Margalitas g. Paquete de Nuevitas, p. Orbay, 300 s. carbon. 600 vs. madera.;;Paquete de Nuevitas;;;g.;1876_12_23;Margalitas;;
;;N/A: ;;;Pudilla;p.;;;;;De Banes pár. Jóven Gabriel, p. Pudilla, 50 fanegas maíz.;;Jóven Gabriel;;;pár.;1876_12_23;Banes;;
;;N/A:  | N/A: ;;;Ceyas;p.;;;;;De Barocca g. Benifacio, p. Ceyas, 14 cuartos de mial de purga, 100 p. cal.;;Benifacio;;;g.;1876_12_23;Barocca;;
;;N/A: ;;;Diaz;pat.;;;;;De Saguaje lelta Mercedita, patron Diaz, 900 s. car.;;Mercedita;;;lelta;1876_12_24;Saguaje;;
Día 28:;;N/A:  | N/A: ;;;Paula;p.;;;;;"De Sierra Morena g. Sofia, p. Paula; 28 boos. miel, 12";;Sofia;;;g.;1876_12_24;Sierra Morena;;
;;N/A: ;;;Esteban;pat.;;;;;De la Tejag Dos Sofas, patron Esteban, 1600 sacos;;Sofas;;;Dos;1876_12_24;Tejag;;
;;N/A:  | N/A: ;;;Visquiera;p.;;;;;De Matanzas g. Amalia, p. Visquiera: 300 o. y 36 bo-;;Amalia;;;g.;1876_12_24;Matanzas;;
;;N/A:  | N/A: ;;;Niebla;p.;;;;;De Canast g. Lola Marina, p. Niebla, 59 fanegas y 56;;Lola Marina;;;g.;1876_12_24;Canast;;
;;N/A: ;;;Calvet;p.;;;;;De Santa Isabel gol. Isabel II, p. Calvet: 800 sacos car.;;Isabel II;;;gol.;1876_12_24;Santa Isabel;;
;;;;;Liadó;p.;;;;;De Rio Blanco g. Carmita, p. Liadó: en lastre.;;Carmita;;;g.;1876_12_24;Rio Blanco;;
;;N/A: ;;;Escandell;p.;;;;;De Bahia Honda gol. Elvira, p. Escandell, 600 vs. madera.;;Elvira;;;gol.;1876_12_24;Bahia Honda;;
;;N/A: ;;;Palau;p.;;;;;De Bahia Honda g. Mercedita, p. Palau, 500 paquetes;;Mercedita;;;g.;1876_12_24;Bahia Honda;;
;;N/A:  | N/A:  | N/A:  | N/A: ;;;Rivas;pat.;;;;;De Nuevitas g. Dicho, pat. Rivas, 1972 caballos de guano. 150 idem de leña, 2 lios aerones y efectos.;;Dicho;;;g.;1876_12_28;Nuevitas;;
;;N/A:  | N/A:  | N/A: ;;;Pico;pat.;;;;;De Caibarlon g. Leonor, pat. Pico, en lastre. 1000 rollos majagua, 32 palos jucaro y efectos.;;Leonor;;;g.;1876_12_28;Caibarlon;;
;;N/A:  | N/A:  | N/A: ;;;Pico;pat.;;;;;De Sagna g. Correo de Cauca, pat. Pico, Colomar, 1000 rollos majagua, 32 palos jucaro y efectos.;;Correo de Cauca;;;g.;1876_12_28;Sagna;;
;;N/A: ;;;Colomar;pat.;;;;;De idem g. Providencia, pat. Colomar. 1200 sacos de carbon.;;Providencia;;;g.;1876_12_28;idem;;
;;N/A: ;;;Vasquez;pat.;;;;;De Congojas g. Dos Hermanas, pat. Vasquez. 600 sacos carbon.;;Dos Hermanas;;;g.;1876_12_28;Congojas;;
;;N/A: ;;;Orbay;pat.;;;;;De la Teja g. Ceforina, pat. Orbay, 600 sacos carbon.;;Ceforina;;;g.;1876_12_28;la Teja;;
;;N/A: ;;;Garcia;pat.;;;;;De idem g. Leonarda, pat. Garcia, 600 sacos carbon.;;Leonarda;;;g.;1876_12_28;idem;;
;;N/A:  | N/A: ;;;Dardot;pat.;;;;;De Cárdenas g. Rosita, pat. Dardot, 230 sacos y 111 bocas azúcar.;;Rosita;;;g.;1876_12_28;Cárdenas;;
;;N/A:  | N/A:  | N/A: ;;;Ginorta;pat.;;;;;De Matanzas g. María Terras, pat. Ginorta, 500 ques. cáscara de manglo, 10 sacos miraguno, 2 piezas de cedro.;;María Terras;;;g.;1876_12_28;Matanzas;;
Día null:;;N/A:  | N/A:  | N/A: ;;;Torros;pat.;;;;;De Máutua g. Trinidad, pat. Torros, 400 tercios de tabaco, 100 sacos carbon, 20 cueros al polo.;;Trinidad;;;g.;1876_12_28;Máutua;;
;;N/A: ;;;Llanger;pat.;;;;;De Berracos g. Ironita, pat. Llanger, 56 palos de co-dro.;;Ironita;;;g.;1876_12_28;Berracos;;
;;N/A: ;;;Perera;pat.;;;;;De la Ortigosa botas Cecilia Manuela, pat. Perera, 907 ladrillos.;;Cecilia Manuela;;;botas;1876_12_28;Ortigosa;;
;;N/A: ;;;Lopez;pat.;;;;;De Cabañas g. Caballo Marino, pat. Lopez, 17 pipas de aguardiente.;;Caballo Marino;;;g.;1876_12_28;Cabañas;;
;;N/A: ;;;Aroohn;pat.;;;;;De idem g. Conoita, pat. Aroohn, 670 sacos azúcar.;;Conoita;;;g.;1876_12_28;idem;;
;;N/A: ;;;Nuñez;pat.;;;;;De Baracos buitandro San José, pat. Nuñez, 400 sacos sal.;;San José;;;buitandro;1876_12_28;Baracos;;
;;N/A:  | N/A:  | N/A:  | N/A: ;;;Rom;cp.;;;;;De Cuba y escalas vapor Clara, cp. Rom, 1000 tercios tabaco, 33 serones guano, 1 caja género, 2 idem ropa.;;Clara;;;vapor;1876_12_28;Cuba;;
;;N/A:  | N/A:  | N/A:  | N/A:  | N/A: ;;;Jofre;cap.;;;;;De Cárdenas vapor Soler, cap. Jofre, una caja azucar, 50 pipas aguardiente, 9 tercios cueros, inuebles y efectos.;;Soler;;;vapor;1876_12_28;Cárdenas;;
;;N/A:  | N/A: ;;;Cusi;cap.;;;;;De Malas Aguns vapor Bahía Honda, cap. Cusi, 814 tercios tabaco, 28 paquetes tablillas.;;Bahía Honda;;;vapor;1876_12_28;Malas Aguns;;
;;N/A:  | N/A:  | N/A:  | N/A:  | N/A:  | N/A: ;;;Villamil;cap.;;;;;De Cuba y escalas vapor Manuila, cap. Villamil, 816 tercios tabaco, 134 sacos cacao, 112 barriles aceite de coco, 6 cajas y 1 bocoy ropa, 1 locoy carcy y efectos.;;Manuila;;;vapor;1876_12_28;Cuba;;
;;N/A: ;;;Blanco;pat.;;;;;De Saguas g. Candía, pat. Blanco, 1400 sacos carbon.;;Candía;;;g.;1876_12_29;Saguas;;
;;N/A:  | N/A: ;;;Tasso;pat.;;;;;De Gibas balandro Covadonga, pat. Tasso, 20 fanegas maíz y 50 caballos leña.;;Covadonga;;;balandro;1876_12_29;Gibas;;
;;N/A:  | N/A:  | N/A: ;;;Macip;pat.;;;;;De Santa Cruz g. Rosa María, pat. Macip, 462 sacos maíz, 69 cerdos y 24 carneros.;;Rosa María;;;g.;1876_12_29;Santa Cruz;;
;;N/A: ;;;Bernana;pat.;;;;;De Mántiga g. Lópiz, pat. Bernana, 560 sacos carbon.;;Lópiz;;;g.;1876_12_29;Mántiga;;
;;;;;Colomar;pat.;;;;;De Margaritas g. María, pat. Colomar, con efectos salvados del betgint italiano Ignacio, naufragado on Alacranes.;;María;;;g.;1876_12_29;Margaritas;;
;;N/A:  | N/A:  | N/A: ;;;Solano;pat.;;;;;De idem balandro San Antonio, pat. Solano, 53 cajas y 10 sacos azúcar, 11 pipas aguardiente.;;San Antonio;;;balandro;1876_12_29;idem;;
;;N/A:  | N/A: ;;;Covas;pat.;;;;;De Baracas g. Bonfacia, pat. Covas, 68 bocoyes azúcar 32 racas enl.;;Bonfacia;;;g.;1876_12_29;Baracas;;
;;N/A:  | N/A: ;;;Deleza;pat.;;;;;De Jaimanitas bote José Manuel, pat. Deleza, 400 sacos sal y 2000 ladrillos.;;José Manuel;;;bote;1876_12_29;Jaimanitas;;
Día 01:;;N/A: ;;;Toro;pat.;;;;;Da Cárdenas gol. Dos Hermanas, pat. Toro: 800 sacos carbón.;;Dos Hermanas;;;gol.;1876_12_31;Cárdenas;;
