arrival_date;arrival_date_calc;cargo_list;crew_number;forced_arrival;master_name;master_role;parsed_text;passenger_account;publication_day;quarantine;raw_text;ship_flag;ship_name;ship_tons_capacity;ship_tons_unit;ship_type;source_file;travel_departure_port;travel_duration_unit;travel_duration_value
Día 31:;;N/A: ;;;Lealand;cap.;;;;;De Liverpool en 31 dias berg. am. Eliza Morton, cap. Lealand, ton. 254, trip. 10, con carbon de piedra á la Compaia del gas.;am.;Eliza Morton;;;berg.;1876_01_01;Liverpool;;
Día 2:;;N/A:  | N/A:  | N/A:  | N/A: ;;;Luisa;cap.;;;;;Punta Rasa y C. Hueso en 2 días vap. cap. Luisa, cap. Llorca, ton. 10, trip. 20, con ganado vacuno, á Cila, Golcoco, y cp.;;;;;vap.;1876_01_01;Punta Rasa y C.;;
Día 39:;;N/A: ;;;Rebeteck;cap.;;;;;Cariliff en 39 días bca. aueca Theodor Parker, cap. Rebeteck, tons. 332, trip. 10, con carbon de piedra, á Zalanta y Sobrino.;;Theodor Parker;;;bca.;1876_01_01;Cariliff;;
Día 14:;;N/A:  | N/A:  | N/A:  | N/A: ;;;Salceda;cap.;;;;;Progreso en 14 dias berg. c.p. Braunlo y Viconte, cap. Salceda, ton. 131, trip. 8, ccm campechcia, á M. de Arce y cp.;;c.p. Braunlo y Viconte;;;berg.;1876_01_01;Progreso;;
Día 5:;;N/A:  | N/A:  | N/A: ;;;Phillips;cap.;;;;;Veracruz y Progreso en 5 días vap. am. City of Havana, cap. Phillips, ton. 1700, trip. 43, con efectos, á Zaido y cp. Pas 17;am.;City of Havana;;;vap.;1876_01_01;Veracruz;;
Día 5:;;N/A: ;;;Hill;cap.;;;;;Indianola en 5 dias vap. am. Cassio, cap. Hill, ton. 404, trip. 26, con ganado vacuno, á Mo Kellar, Lullog y cp.;am.;Cassio;;;vap.;1876_01_01;Indianola;;
Día 31:;;N/A:  | N/A:  | N/A:  | N/A: ;;;Echevarría;cap.;;;;;Santander en 31 días bca. cap. Dª Flora de Pombo, cap. Echevarría, tons. 530, trip. 20, con hierina, á J. Ríos y cp. Pasaj. 4.;;Dª Flora de Pombo;;;bca.;1876_01_01;Santander;;
Día 10:;;N/A: ;;;Andraou;cap.;;;;;Do Norfolk en 10 dias, gol. amor. Lizzie B. Grogg, cap. Andraou, to. 223, trip. 7, con atravesafios, á S. C. Burham;;Lizzie B. Grogg;;;gol.;1876_01_02;Norfolk;;
Día 41:;;N/A: ;;;Wixon;cap.;;;;;—Cariff en 41 dias, gol. de 3 pales amor. Ellen M. Golder, cap. Wixon, to. 51, trip. 10 con carbon de piedra. á Zulneta y Solbisc.;;Ellen M. Golder;;;gol.;1876_01_02;Cariff;;
Día 11:;;N/A: ;;;Hunt;cap.;;;;;—New York en 11 dias, berg. amer. John W. Hunt, cap. Hunt, to. 438, trip. 16, con efectos, á Hamel, hija y Cp.;amer.;John W. Hunt;;;berg.;1876_01_02;New York;;
Día 45:;;N/A: ;;;Roberts;cap.;;;;;—Liverpool en 45 dias, berg. ing. Arotas, cap. Roberts, to. 512, trip. 9, con carbon de piedra, á la Compañía del gas.;ing.;Arotas;;;berg.;1876_01_02;Liverpool;;
Día 77:;;N/A: ;;;Doco de Junio;cap.;;;;;—Barcelona y Almería en 77 dias, bca. cap. Doco de Junio, cap. Rivarosa, tons. 374, trip. 17, con frutos, á Gassol, Avenaño y Cp.—Pássajeros 4.;;;;;bca.;1876_01_02;Barcelona y Almería;;
Día 32:;;N/A:  | N/A: ;;;Herrera;cap.;;;;;D. Gádiz y P. Rico en 32 dias vap. cor. esp. Isla de Cuba, cap. Herrera, ton. 650, trip. 106, con frontos y correspondencia á Samá, Sotolongo y op.-Pas. 637.;esp.;Isla de Cuba;;;vap.;1876_01_04;Gádiz y P. Rico;;
Día 22:;;N/A:  | N/A:  | N/A: ;;;Reid;cap.;;;;;—Liverpool en la Coruña en 22 dias vap. ing. St. Louis, cap. Reid, ton. 1158, trip. 43, con efectos á Durrity, Chaffraiz y cp.-Pasaj. 80 para cada y 12 de tránsito.;ing.;St. Louis;;;vap.;1876_01_04;Liverpool;;
Día 33:;;N/A:  | N/A: ;;;Lopez;cap.;;;;;—Vigo en 33 dias gol. esp. Esperancita, cap. Lopez, ton. 71, trip. 6, con sal y cobillas á A. Serpa.;esp.;Esperancita;;;gol.;1876_01_04;Vigo;;
Día 41:;;N/A:  | N/A:  | N/A:  | N/A: ;;;Alberti;cap.;;;;;—Buenos Aires y Ajó en 41 dias berg. esp. Llorot, cap. Alberti, ton. 189, trip. 12, con tassajo á Porta, Ramon y op.;esp.;Llorot;;;berg.;1876_01_04;Buenos Aires y Ajó;;
Día 43:;;N/A:  | N/A: ;;;Look;cap.;;;;;—Cardiff en 43 dias berg. am. Clara M. Goodrich, cap. Look, ton. 3-2, trip. 9, con carbono de piedra á Zu- louts y sobrino.;am.;Clara M. Goodrich;;;berg.;1876_01_04;Cardiff;;
Día 45:;;N/A: ;;;Buckman;cap.;;;;;—Cardiff en 45 dias berg. am. Emma, cap. Buckman, ton. 341, trip. 10, con carbono de piedra á J. Y. Crawford.;am.;Emma;;;berg.;1876_01_04;Cardiff;;
Día 53:;;N/A:  | N/A:  | N/A:  | N/A: ;;;Morgas;cap.;;;;;—M. de Aviño y Matanzas en 53 dias berg. esp. Loreto, cap. Morgas, ton. 141, trip. 12, con tassajo á Porta, Ramon y op.;esp.;Loreto;;;berg.;1876_01_04;Aviño y Matanzas;;
Día 46:;;N/A:  | N/A: ;;;Planas;cap.;;;;;—Palma de Mallorca en 46 dias berg. oon. San José, cap. Planas, ton. 207, trip. 14, con frontos, á Cassol, Avendaño y comp.-Pasaj. 17.;oon.;San José;;;berg.;1876_01_04;Palma de Mallorca;;
Día 10:;;N/A: ;;;Wall;cap.;;;;;—Georgetown en 10 dias gol. de 3 palos amer. Sarah Potter, cap. Wall, ton. 350, trip. 8, con carbono de piedra, á Lopez y comp.;amer.;Sarah Potter;;;gol.;1876_01_04;Georgetown;;
Día 55:;;N/A: ;;;miten Havig;cap.;;;;;De Liverpool en 55 días bca. alomana Prinz Regent, cap. miten Havig, tens. 407, trip. 13, con carbono de pledr. á la Compañía española del gas.;;Prinz Regent;;;bca.;1876_01_05;Liverpool;;
Día 5:;;N/A:  | N/A:  | N/A: ;;;Deakon;cap.;;;;;De N. York en 5 días cap. am. City of Vora Cruz, cap. Deakon, ton. 1700, trip. 47, con efectos, á Zaldo y ep. - Pas 35.;am.;City of Vora Cruz;;;cap.;1876_01_06;N. York;;
Día 22:;;N/A:  | N/A:  | N/A: ;;;t wait;cap.;;;;;- Hal fax en 22 días berg. ing. Thomas Alber, cap. t wait, ton. 126, trip. 8, con baca lao y mad ras, á 1 auton. hnos.;ing.;Thomas Alber;;;berg.;1876_01_06;Halifax;;
Día 46:;;N/A:  | N/A: ;;;Iern;cap.;;;;;- Montevideo en 46 días berg. esp. Subrana -32, cap. Iern, tons. 230, trip 10, con tasajo, ¿ B. Balcells- Pejeros 3.;esp.;Subrana -32;;;berg.;1876_01_06;Montevideo;;
Día 47:;;N/A:  | N/A:  | N/A:  | N/A: ;;;Mraal;cap.;;;;;- Santandreu 47 días bca. esp. Rosolnda, cap. Mraal, tons. 474, trip. 16, con harina, á Gassol, Avendano y ep.;esp.;Rosolnda;;;bca.;1876_01_06;Santandreu;;
Día 10:;;N/A: ;;;Le Vatridge;cap.;;;;;- New Port en 10 días bora ing. Oliver Emery, cap. Le Vatridge, tons. 221, trip. 12, con carbon do piedra, á M. do Mont. lo.;ing.;Oliver Emery;;;bora;1876_01_06;New Port;;
Día 20:;;N/A: ;;;Ponoé;cap.;;;;;- (20) z en 47 días berg. esp. Manuel, cap. Ponoé, ton. 274, trip. 13, con fratos, á Marzan Hino - Pas. 5.;esp.;Manuel;;;berg.;1876_01_06;;;
Día 45:;;N/A: ;;;Larrin;cap.;;;;;- Amberes en 45 días bca. esp. Augusti, cap. Larrin, tons. 262, trip. 12, con carga georal, á F. Van Asche y ep.;esp.;Augusti;;;bca.;1876_01_06;Amberes;;
Día 5:;;N/A: ;;;Austin;cap.;;;;;De Rokt en 5 días cap. am. Austin, cap. Morgan, tons. 478, trip. 23, con ganado vacuno, á Mo Keller, Lüling v. op.;am.;;;;;1876_01_07;Rokt;;
Día 1:;;N/A:  | N/A: ;;;Romeo;cap.;;;;;Cayo Huéso en 1 día vj. am. Sea Bird, cap. Romeo, tons. 24, trip. 6, con pesado vivo, á M. Suarez. — Pasaj. 12.;am.;Sea Bird;;;vj.;1876_01_07;Cayo Huéso;;
Día 30:;;N/A: ;;;Marrero;cap.;;;;;Palindro Gian Canaria en 30 días berg. oep. Luisa, cap. Marrero, tons. 194, trip. 16, con frutos, á R. Romero. — Pasaj. 40.;oep.;Luisa;;;berg.;1876_01_07;Gian Canaria;;
Día 43:;;N/A: ;;;Dánçan;cap.;;;;;Vorcrus en 43 días vap. ing. Ebro, cap. Dánçan, ta. 653, trip. 73, con ofrctos, á J. V. Crawford. — Pasaj. 29 para esta y de tránsito.;ing.;Ebro;;;vap.;1876_01_07;;;
Día 9:;;N/A: ;;;Biohm;cap.;;;;;Galvestou en 9 días gol. am. George Saaly, cap. Biohm, tons. 275, trip. 10, con ganado vacuno, á Lawton hs.;am.;George Saaly;;;gol.;1876_01_07;Galvestou;;
Día 10:;;N/A:  | N/A:  | N/A: ;;;Sylvester;cap.;;;;;De Panzacola en 10 días berg. am. Ronshaw, cap. Sylvester, ton. 240, trip. 8, con maderas, á Hayley y cp.;am.;Ronshaw;;;berg.;1876_01_08;Panzacola;;
Día 43:;;N/A: ;;;Carter;cap.;;;;;—Cardiff en 43 días berg. am. Eliza Stevens, cap. Carter, ton. 537, trip. 9, con carbón de piedra, á Zelner y Sobrino.;am.;Eliza Stevens;;;berg.;1876_01_08;Cardiff;;
Día 70:;;N/A:  | N/A:  | N/A:  | N/A: ;;;Eduviges;cap.;;;;;—Montevideo en 70 días pol. cap. Eduviges, cap. Maristany, ton. 163, trip. 12, con tasajo, á Juné, Bosch y cp.;;;;;pol.;1876_01_08;Montevideo;;
Día 3:;;N/A: ;;;Ross;cap.;;;;;—Panzacola en 3 días berg. am. T. Remick, cap. Ross, ton. 296, trip. 9, con maderas, á S. C. Burnham.;am.;T. Remick;;;berg.;1876_01_08;Panzacola;;
Día 951:;;N/A:  | N/A: ;;;Bayona;cap.;;;;;coito esp. Comillas. cap. Bayona, tons. 420, trip. 100, con frutos y correspondencia, à Samú. Sotolengo y cp -Pasajes 951.;esp.;Comillas;;;coito;1876_01_09;Pasajes;;
Día 11:;;N/A:  | N/A: ;;;Sharp;cap.;;;;;De New-York en 11 dias gol. amer. Charles P'art, cap. Sharp, tona, 471, trip. 9, con cortos de oja, y bocos vacios a S. O. Burnham.;amer.;Charles P'art;;;gol.;1876_01_09;New-York;;
Día 21:;;N/A: ;;;Rlestrs;cap.;;;;;- Liverpool en 21 dias vap. esp. Rita, cap. Rlestrs, tora 66, trip. 37, con carga general, á N. Deulofon.;esp.;Rita;;;vap.;1876_01_09;Liverpool;;
Día 33:;;N/A:  | N/A:  | N/A: ;;;Madrid;cap.;;;;;— Barcelona y Cádiz en 33 días, del último, bca. esp. Adónie, cap. Madrid, tons. 916, trip. 12, con frutos à J. Pujol y Cp. -Pasajeros 13.;esp.;Adónie;;;bca.;1876_01_09;Barcelona y Cádiz;;
Día 36:;;N/A: ;;;Hewlett;cap.;;;;;— Cardiff en 36 días berg. amer. R W Messer, cap. Hewlett tons. 479, trip. 10, con carbon de piedra, à Zuluea y sobrino.;amer.;R W Messer;;;berg.;1876_01_09;Cardiff;;
Día 39:;;N/A: ;;;Amérga;cap.;;;;;— Dsagov on 39 días berg. esp. Juliano, cap. Amérga, tons. 369, con carga general, à Brown y C.;esp.;Juliano;;;berg.;1876_01_09;;;
Día 47:;;N/A: ;;;Thorvildsen;cap.;;;;;— Cardiff en 47 días barca nor. Thor, cap. Thorvildsen, tons. 565, con carbon de piedra, à Zuluea y Sobrino.;nor.;Thor;;;barca;1876_01_09;Cardiff;;
Día 31:;;;;;San Jose;cap.;;;;;— Sovilla en 31 dias berg. cap. San Jose, cap. Admis,;;;;;berg.;1876_01_11;Sovilla;;
Día 12:;;;;;;cap.;;;;;— Baltimore en 12 dias gol. am. Eliza A. Scribner, cap.;am.;Eliza A. Scribner;;;gol.;1876_01_11;Baltimore;;
Día 12:;;;;;Fram;cap.;;;;;— Filadelfia en 12 dias gol. am. A. D. Scuì, cap. Fram-;am.;A. D. Scuì;;;gol.;1876_01_11;Filadelfia;;
Día 6:;;;;;Ko-;cap.;;;;;— L'auzaoda en 6 dias gol. am. F. M. Sawyer, cap. Ko-;am.;F. M. Sawyer;;;gol.;1876_01_11;;;
Día 18:;;;;;Athor;cap.;;;;;— Portland en 18 dias berg. am. San Cátulo, cap. Athor-;am.;San Cátulo;;;berg.;1876_01_11;Portland;;
Día 48:;;;;;Williams;cap.;;;;;— Genova en 48 dias berg. ing. Zerlina, cap. Williams,;ing.;Zerlina;;;berg.;1876_01_11;Genova;;
Día 35:;;;;;Ur-;cap.;;;;;— Santandar en 35 dias berg. esp. Celta, cap. Ur-;esp.;Celta;;;berg.;1876_01_11;Santandar;;
;;N/A: ;;;Whittier;cap.;;;;;min, cap. Whittier, tons. 303, trip. 8, con cortes de;;;;;;1876_01_11;;;
Día 41:;;N/A:  | N/A:  | N/A:  | N/A: ;;;Guala;cap.;;;;;Do. Ganda en 41 dias cap. am. Guala, cap. Hill, tons. 491, trip. 23, con ganado vacuno a 33 Kollar, Liling y cp.;am.;;;;;1876_01_12;Ganda;;
Día 4:;;N/A:  | N/A:  | N/A:  | N/A:  | N/A: ;;;Timmerman;cap.;;;;;New-York en 4 dias v.2. am. amor. City of New York, cap. Timmerman, tons. 1,715, trip. 39, con factos a Zado y cp. -Paaj. 44.;am.;City of New York;;;v.;1876_01_12;New-York;;
Día 5:;;N/A: ;;;Xibler;cap.;;;;;— B. de 5 dias berg. cap. Victoria, cap. Xibler, v. 23, trip. 11, con frutos, a Alberti, Carlos y P. -Paaj. 44.;;Victoria;;;berg.;1876_01_12;;;
Día 10:;;N/A: ;;;Jonsson;cap.;;;;;— 4 a. en 10 dias bea. suoca Atlanta, cap. Jonsson, tons. 313, trip. 11, con carbon de piedra, à Zulucata y S. B.;;suoca Atlanta;;;bea.;1876_01_12;;;
Día 51:;;N/A: ;;;Pederson;cap.;;;;;— Cardiff en 51 dias lara nor. S. Iphido, cap. Pederson, tons. 393, trip. 11, con carbon de piedra, à Zulucata y S. B.;;S. Iphido;;;nor.;1876_01_12;Cardiff;;
Día 2:;;N/A: ;;;S. I. King;cap.;;;;;— Mobila en 2 dias goh. am. S. G. King, cap. S. I. King, tons. 74, trip. 7, con maquinas, à Hamil, b-jory y cp.;am.;S. G. King;;;goh.;1876_01_12;Mobila;;
Día 13:;;N/A:  | N/A:  | N/A: ;;;Tola cap. Moreno;cap.;;;;;De Buenos Aires y Santiago de Cuba en 13 dias bg. cap. Tola cap. Moreno, tons. 121, trip. 10. con sal, a R. Morales y cp.;;;;;bg.;1876_01_13;Buenos Aires y Santiago de Cuba;;
Día 18:;;N/A:  | N/A: ;;;Foster;cap.;;;;;— Filadelfia en 18 dias bg. am Alice Lea, cap. Foster, tons. 29, trip. 8, con toneleria y carbón de piedra, a J. Carrera, Burra, aljija y cp.;am;Alice Lea;;;bg.;1876_01_13;Filadelfia;;
Día 35:;;N/A: ;;;Dalliet;cap.;;;;;— Gómez en 35 dias bg. cap. Nueva Apolo, cap. Dalliet, tons. 301, trip. 14, con fletes, a I. Juárez, Amézaga y cp. Pasarros.;;Nueva Apolo;;;bg.;1876_01_13;;;
Día 54:;;N/A: ;;;Martin;cap.;;;;;— Limerick en 54 dias bg. bza. Marnie Cameron, cap. Martin, tons. 43, trip. 11, con carbon de piedra, a la Campaña Carana del gas.;bza.;Marnie Cameron;;;bg.;1876_01_13;Limerick;;
Día 21:;;N/A:  | N/A: ;;;tan Road;cap.;;;;;—Litt o Glao Bay en 21 dias berg. ing. Nelle, cap. tan Road, tons. 292, trip. 9, con carbon de piedra, 4 Lawton luos.;ing.;Nelle;;;berg.;1876_01_14;Glao Bay;;
Día 85:;;N/A:  | N/A: ;;;Darrah;cap.;;;;;—Palma de Mallorca, Alicanto y Gibara en 85 dias berg. amer. Charles Dennis, cap. Darrah, tons. 364, trip. 10, con frutos y ludillos à B Balcells.—Pasaje 4.;amer.;Charles Dennis;;;berg.;1876_01_14;Palma de Mallorca;;
Día 4:;;N/A:  | N/A:  | N/A:  | N/A:  | N/A: ;;;Botey;cap.;;;;;—Muntevideo en 47 dias pol. esp. Audaz, cap. Botey, tons. 222, trip. 12, con tasajo. 4 Jané, Bosch y op.;esp.;Audaz;;;pol.;1876_01_14;Muntevideo;;
Día 23:;;N/A: ;;;Dardignac;cap.;;;;;—St. Nazaro. Santander y St. Thomas en 23 dias vap. franc. Washington, cap. Dardignac, tons. 1922, trip. 13, con mercancías, à Darruty. Chaffaly y Compañía.—Pasajeros 43 para ésta y 27 de tránsito.;franc.;Washington;;;vap.;1876_01_14;Santander;;
Día 1:;;N/A:  | N/A: ;;;Bryant;cap.;;;;;—Cardiff y Cárdenas en 1 dia del último berg. amer. Roving Sailor, cap. Bryant, tons. 443, trip. 12, con carbon de piedra, à Polledo, Mlonda y op.;amer.;Roving Sailor;;;berg.;1876_01_14;Cardiff y Cárdenas;;
Día 10:;;;;;;cap.;;;;;—Filadelfia en 10 días gol. amer. Inoy Graham, cap.;amer.;Inoy Graham;;;gol.;1876_01_15;Filadelfia;;
Día 60:;;N/A:  | N/A:  | N/A:  | N/A: ;;;Maig;cap.;;;;;De Buenos Aires en 60 dias barca esp. Joa6 Amell, cap. Maig, ton. 173, trip. 13, con tasajo, à Porta, Ramon y comp.;esp.;Joa6 Amell;;;barca;1876_01_16;Buenos Aires;;
Día 43:;;N/A: ;;;Cracencola;cap.;;;;;—Barcelona ou 43 dias bea cap. Cracencola, cap. Roca, tons. 193, trip. 13, con frutos, á Manó, Zaldua y Cp.—Pasaju. 1.;;;;;bea.;1876_01_18;Barcelona;;
Día 15:;;N/A: ;;;Jacarino;cap.;;;;;—Cardiff en 15 dias bea. Ita! Saulo, cap. Jacarino, tons. 467, trip. 11, con carbon de piedra, á Zulueta y Sobrino.;Ita;Saulo;;;bea.;1876_01_18;Cardiff;;
Día 4:;;N/A:  | N/A:  | N/A: ;;;Pícarzo;cap.;;;;;—Málaga en 4 dias berg. esp. P. F., cap. Pícarzo, to- velañas 119, trip. 11, con fruto, á Saúz, Iquirrido y Cp.—Pasaju. 1.;esp.;P. F.;;;berg.;1876_01_18;Málaga;;
Día 41:;;N/A: ;;;Valentino;cap.;;;;;—Alcanto en 41 dias berg. am. Woodland, cap. Valentino, tons. 453, trip. 10, con frutos, á J. Poyly y compañía.;am.;Woodland;;;berg.;1876_01_18;;;
Día 21:;;N/A: ;;;Smith;cap.;;;;;—Baltimore en 21 dias lorg. a. Fanny, cap. Smith, tons. 341, trip. 8 con carbon de piedra, á J. Carri- caburn, hijos y Cp.;;Fanny;;;lorg.;1876_01_18;Baltimore;;
Día 39:;;N/A: ;;;Newman;cap.;;;;;—Cardiff en 39 dias gul. am. de 3 palos E. S. Newman, cap. Newman, tons. 330, trip. 10, con carbon de piedra, á Zulmeta y Sobrino.;am.;E. S. Newman;;;gul.;1876_01_18;Cardiff;;
Día 7:;;;;;capitan;cap.;;;;;De Ft. Adelita en 7 dias barg. am. Ocean Pearl, capitan;am.;Ocean Pearl;;;barg.;1876_01_19;Ft. Adelita;;
Día 11:;;;;;;cap.;;;;;—F la foita en 11 dias gol. am. Ida M. Eldridge, cap.;am.;Ida M. Eldridge;;;gol.;1876_01_19;;;
Día 12:;;;;;Robertson;cap.;;;;;—New York en 12 dias gol. am. Heien, cap. Robertson;am.;Heien;;;gol.;1876_01_19;New York;;
Día 15:;;;;;J.;cap.;;;;;—Boston en 15 dias gol. am. Cassia Jameson, cap. J.;am.;Cassia Jameson;;;gol.;1876_01_19;Boston;;
;;N/A: ;;;Cjinaaga;cap.;;;;;tierrez, cap. Cjinaaga, tons. 450, trip. 110, con frutas;;tierrez;;;;1876_01_19;;;
;;N/A: ;;;Von Bulow;cap.;;;;;furt, cap. Von Bulow, tons. 1600, trip. 77, con efectos,;;;;;furt;1876_01_19;;;
;;N/A: ;;;Pendleton;cap.;;;;;hannock, cap. Pendleton, tons. 435, trip. 16, con erec-;;;;;hannock;1876_01_19;;;
;;N/A: ;;;Reynolds;cap.;;;;;rida cap. Reynolds, tons. 1700, trip. 47, con efectos, á;;;;;;1876_01_19;;;
;;N/A:  | N/A: ;;;Henderson;cap.;;;;;cap. Henderson, tons. 303, trip. 9, con heno y ado-;;;;;tons.;1876_01_19;;;
Día 14:;;;;;;cap.;;;;;—Portland en 14 dias berg. am. Lizzie Merry, cap.;am.;Lizzie Merry;;;berg.;1876_01_19;Portland;;
Día 1:;;N/A: ;;;Bayena;cap.;;;;;— Sovilla y Maturzas en 1 dia del último berg. cap. Po. cap. Bayena, tons. 131, trip. 8, con frutos, á J. de la Portilla.;;;;;berg.;1876_01_20;Sovilla y Maturzas;;
Día 12:;;N/A: ;;;Eldridge;cap.;;;;;— New York en 12 dias gol. am. Pilots Bride, cap. Eldridge, ton. 177, trip. 8, con vivores, á I. Mojarríe.;am.;Pilots Bride;;;gol.;1876_01_20;New York;;
Día 40:;;N/A: ;;;Bouch;cap.;;;;;— Va' oncia on 40 dias berg. cap. Antonia, cap. Bouch, ton 293, trip. 12, con frutos, á Moysi y cp.;;Va' oncia;;;berg.;1876_01_20;;;
Día 41:;;N/A: ;;;Aguinaga;cap.;;;;;— Ambros y Matanzas on 41 dias berg. cap. Aguinaga, cap. Arza, ton. 163, trip. 12, con carga general, á Belfy, Channery y cp.;;;;;berg.;1876_01_20;Ambros y Matanzas;;
Día 45:;;N/A: ;;;Tilley;cap.;;;;;De Glasgow en 45 dias bea. ing. Sarah, cap. Tilley, tons. 70, trip. 13, con carbon de piedra, a la Compañia eranola del gas.;ing.;Sarah;;;bea.;1876_01_21;Glasgow;;
;;;;;Sharp;cap.;;;;;—Matanzas gol. am. Charles Platt, cap. Sharp.;am.;Charles Platt;;;gol.;1876_01_21;Matanzas;;
Día 95:;;N/A:  | N/A:  | N/A:  | N/A: ;;;Hackett;cap.;;;;;Dol Callao (Port) en 95 días boa. am. Mabel. cap. Hackett. tons. 752, trip. 14, con ruins, á I. M. Zangroniz.;am.;Mabel;;;boa;1876_01_22;Callao;;
Día 53:;;N/A: ;;;Nilsan;cap.;;;;;Cardiff en 53 días boa. nor. Nethanja, cap. Nilsan, tons. 353, trip. 11, con carbon do piedra, á Zulueta y Subrico.;nor.;Nethanja;;;boa.;1876_01_22;Cardiff;;
Día 14:;;N/A: ;;;Lawrenson;cap.;;;;;—Liverpool y la Coruña en 14 días del segundo vap. ing. Texas, cap. Lawrenson, tons. 1503, trip. 55, con efectos, á Durruty, Chaffaix y cp.—Passaj. 33 para vsta y 10 de tránsito.;ing.;Texas;;;vap.;1876_01_22;Liverpool;;
Día 1:;;N/A: ;;;Bako;cap.;;;;;Do Cayo Hueso en 1 día viv. ant. George Storra, cap. Bako, tons. 23, trip. 5, con pescado vivo, á M. Suarez.;;George Storra;;;viv.;1876_01_22;Cayo Hueso;;
Día 1:;;N/A: ;;;Flash;cap.;;;;;—Cayo Hueso en 1 día viv. am. California, cap. Flash, tons. 29, trip. 5, con peacado vivo, á M. Suarez.;;California;;;am.;1876_01_22;Cayo Hueso;;
Día 45:;;N/A:  | N/A:  | N/A: ;;;Valentina;cap.;;;;;—Montevideo en 45 días pol. cap. Valentina, cap. Oliver, tons. 53, trip. 10, con tazaj, á Jané y Bosch.;;;;;pol.;1876_01_22;Montevideo;;
;;;;;Reynolds;cap.;;;;;—New York vap. am. City of Merida, cap. Reynolds.;am.;City of Merida;;;vap.;1876_01_22;New York;;
;;;;;Glun;cap.;;;;;—Matanzas berg. am. Jeesie Mildrod, cap. Glun.;am.;Jeesie Mildrod;;;berg.;1876_01_22;Matanzas;;
;;;;;Blix;cap.;;;;;Para Panzacola berg. nor. Adriatic, cap. Blix.;nor.;Adriatic;;;berg.;1876_01_22;Panzacola;;
;;;;;Knight;cap.;;;;;—Matanzas berg. am. Ernestina, cap. Knight.;am.;Ernestina;;;berg.;1876_01_22;Matanzas;;
Día 65:;;N/A:  | N/A:  | N/A: ;;;Torras;cap.;;;;;—Barcelona y Algeciras en 65 dias bon. cap. Albina, cap. Torras, tons. 250, trip. 14, con funtos, & B. Balcoela.;;Balcoela;;;;1876_01_23;Barcelona y Algeciras;;
Día 44:;;N/A:  | N/A: ;;;Zaragoza;cap.;;;;;—Harcelona y Santa Po'ia en 44 dias berg. esp. Pepita, cap. Zaragoza, tonn. 210, trip. 12, con frutos, & Albert y Carbó—Pasaj. 17.;esp.;Pepita;;;berg.;1876_01_23;Harcelona y Santa Po'ia;;
Día 1:;;N/A: ;;;Washington;cap.;;;;;—Cayo Hueso en 1 dia vivero am. Daniel Comstock, cap. Washington, tons. 38, trip. 5, con peacado vivo, & M. Suarez.;am.;Daniel Comstock;;;vivero;1876_01_23;Cayo Hueso;;
Día 8:;;N/A:  | N/A: ;;;Anderson;cap.;;;;;—Panzacola en 8 dias berg. am. Ials, cap. Anderson, tons. 214, trip. 8, con maderas, & Ruis y Peres Santa Maria.;am.;Ials;;;berg.;1876_01_23;Panzacola;;
Día 3:;;N/A:  | N/A:  | N/A:  | N/A: ;;;Dardigano;cap.;;;;;Do Veracruz en tres dias vap. franc. Washington, cap. Dardigano, ton 122, trip. 152, con el cotos, á Dur- rnty, Chafra11 y cp. Pas. 60;franc.;Washington;;;vap.;1876_01_25;Veracruz;;
Día 5:;;N/A: ;;;Cole;cap.;;;;;— St Thomas y Pto. Rico en 5 dias vap. ing Eider, cap. Cole, ton. 370, trip. 63, con efectos, á J. V. Crawford—Pas. 36.;ing;Eider;;;vap.;1876_01_25;St Thomas y Pto. Rico;;
Día 7:;;N/A: ;;;Prieto;cap.;;;;;— Vigo y Ponce on 7 dias del althno berg. esp. l'aro do Vigo, cap. Prieto, ton. 103, trip. 12, con frutos, á R. Romero—Pas. 5.;esp.;l'aro do Vigo;;;berg.;1876_01_25;Vigo;;
Día 13:;;N/A: ;;;Davis;cap.;;;;;— New York en 13 dias gol. am. Carrio S. Hart, capi- tan Davis, tons. 5'6, trip. 8, con efectos, á J. do la Calza la.;am.;Carrio S. Hart;;;gol.;1876_01_25;New York;;
Día 44:;;N/A: ;;;Hill;cap.;;;;;De Indianola on 44 dias cap. amer. Gussle, cap. Hill, tons. 494, trip. 26, con ganado vacuno, à Mo Keller, Lüning y Comp.;amer.;Gussle;;;;1876_01_26;Indianola;;
Día 7:;;N/A: ;;;Baker;cap.;;;;;— New Orleans y Cayo Hueso en 7 dias cap. america- no Margaret, cap. Baker, tons. 103, trip. 21, con efectos, à Lawton Hnos. Paaj. 47.;;Margaret;;;paaj.;1876_01_26;New Orleans;;
Día 1:;;N/A: ;;;Curry;cap.;;;;;— Cayo Hueso on 1 dia viv. amer. Dauntless, cap. citan Curry, tons. 56, trip. 5, con pecado vivo, à M. Suarez.;;Dauntless;;;amer.;1876_01_26;Cayo Hueso;;
Día 1:;;N/A:  | N/A:  | N/A:  | N/A: ;;;Estapé;cap.;;;;;— Buenos Aires y Matanzas en 1 dia del ultimo barca cap. Concepcion, cap. Estapé, tons. 231, trip. 13, con tasajo, à Porta, Romon y comp.;;Concepcion;;;barca;1876_01_26;Buenos Aires y Matanzas;;
Día 14:;;N/A: ;;;pitten Allen;cap.;;;;;— New York en 14 dias berg. amer. Nellol Autrin, cap. pitten Allen, tons. 124, trip. 7, con papas, à L. Morajrío.;amer.;Nellol Autrin;;;berg.;1876_01_26;New York;;
Día 1:;;N/A:  | N/A:  | N/A: ;;;Orta;cap.;;;;;— Santander y Matanzas en 1 dia del ultimo berg esp. Paquita, cap. Orta, tons. 140, trip. 10, on lastre, à J. de la Portilla.;esp.;Paquita;;;berg;1876_01_26;Santander y Matanzas;;
Día 7:;;N/A: ;;;Rayo;cap.;;;;;— Trinidad de Cuba en 7 dias berg. esp. Trinidad, cap. Rayo, tons. 146, trip. 10, con cabotaje, à A. Serpa.;esp.;Trinidad;;;berg.;1876_01_26;Trinidad de Cuba;;
;;;;;Colochin;cap.;;;;;— Para Veracruz vap. ing. Eider, cap. Colochin.;ing.;Eider;;;vap.;1876_01_26;Veracruz;;
;;;;;Mitchell;cap.;;;;;— New York berg. amer. Kaluna, cap. Mitchell.;amer.;Kaluna;;;berg.;1876_01_26;New York;;
;;;;;Bayona;cap.;;;;;— Adiz vap. correo esp. Comillas, cap. Bayona.;esp.;Comillas;;;vap.;1876_01_26;;;
Día 25:;;N/A: ;;;McLeod;cap.;;;;;Dia 25. De Newport en 42 dias berg. ing. Malo', cap. McLeod, t.n. 359, trip. 9, con carbon de piedra, a J. V. Craw-;ing.;Malo;;;berg.;1876_01_27;Newport;;
Día 18:;;N/A:  | N/A:  | N/A:  | N/A:  | N/A: ;;;Lladó;cap.;;;;;De Lagna, do Términos en 18 días got. mej. Norma, cap. Lladó, toma. 58, trip. 9, con efectos, á Gasol, Avendado y op.—Pasaj 7.;mej.;Norma;;;got.;1876_01_28;Lagna, do Términos;;
Día 63:;;N/A:  | N/A:  | N/A:  | N/A: ;;;París;cap.;;;;;—Montevideo y Cienfuegos en 63 días berg. esp. Urbano, cap. París, toma. 161, trip. 11, con tasajo, á Gela y H3—Pasaj 1.;esp.;Urbano;;;berg.;1876_01_28;Montevideo y Cienfuegos;;
Día 1:;;;;;;;;;;;De Montero, deo y Matanzas en 1 dia del ultimo boa esp.;esp.;;;;boa;1876_01_29;Montero, deo y Matanzas;;
;;N/A:  | N/A:  | N/A:  | N/A: ;;;Riera;cap.;;;;;Aranco, cap. Riera, tons. 304, trip. 14, con tanajo, & Porta, Ramon y op.;;;;;;1876_01_29;;;
;;N/A:  | N/A:  | N/A: ;;;Gardner;cap.;;;;;col. am Harry & Fred, cap. Gardner, tons. 197, trip. 7, con cortes do caja, & Zaldo y cp.;am;Harry & Fred;;;col.;1876_01_29;;;
Día 1:;;;;;De;cap.;;;;;De Cajo Huero en 1 dia vivero am. Restless, cap. De;am.;Restless;;;vivero;1876_01_29;Cajo Huero;;
;;N/A: ;;;Segovia;cap.;;;;;España cap. Segovia, tons. 630, trip. 102, con frutas;;;;;;1876_01_29;España;;
Día 1:;;N/A: ;;;Cookon;cap.;;;;;De St. John (N. B.) y Matanzas on 1 dia del n'timo borg amor. John C. Noeza. cap. Cookon, ton. 3 2, trip 9, con cortes de caja, a Zaldo y op.;;amor;;;borg;1876_01_30;St. John (N. B.) y Matanzas;;
Día 7:;;N/A: ;;;J. F. cap. Franco;cap.;;;;;— Cienfuegos en 7 días berg. cap. J. F. cap. Franco, ton. 210, trip. 11, con cabotaje, à J. Raisos y op.;;;;;berg.;1876_02_01;Cienfuegos;;
Día 8:;;N/A: ;;;Salcidus;cap.;;;;;— Progreso en 8 días berg. esp. Braulio y Vicento, cap. Salcidus, ton. 134, trip. 10, con campeo'eria, à M. de Arce y comp.;esp.;Braulio y Vicento;;;berg.;1876_02_01;Progreso;;
Día 5:;;N/A: ;;;Timmerman;cap.;;;;;—New York en 5 días cap. amer. City of New York, cap. Timmerman, tons. 1715, trip. 44, con efectos, à Saldo y Cà—Passg. 30.;amer.;City of New York;;;;1876_02_02;New York;;
Día 2:;;N/A:  | N/A: ;;;Campbell;cap.;;;;;—St John (N. B.) en Matanzas en 2 días del último berg. ing. Quaco, cap. Campbell, tons. 185, trip. 7, con corto de caja 4 Zaldo y op.;ing.;Quaco;;;berg.;1876_02_02;St John (N. B.);;
Día 45:;;N/A: ;;;Black;cap.;;;;;—Cardiff en 45 días berg. ing. Willio, cap. Black, to ncladas 374, trip. 9, con carbon do piedra, à Zulucta y Sobrino.;ing.;Willio;;;berg.;1876_02_02;Cardiff;;
Día 3:;;N/A:  | N/A: ;;;Tienga;cap.;;;;;—Marcella y Sagua en 3 días del último berg. Italiano (Gouttore 6 Figil, cap. Tienga, ton. 40, trip. 12, con tijeras y licor, à Belfoy, Ghanmy y cp.;italiano;Marcella;;;berg.;1876_02_02;Sagua;;
;;;;;Oatkeuse;cap.;;;;;ing. Arna P. Odell, cap. Oatkeuse, tons. 381. tlp. 9,;ing.;Arna P. Odell;;;;1876_02_03;;;
Día 12:;;N/A:  | N/A:  | N/A:  | N/A: ;;;Endicott;cap.;;;;;De Filadelfia en 12 dias gol. am. Susan B. Ray, capitan Endicott, ton. 314, trip. 8, con bocoyes vacios y carbon de piedra & Zaldo y cp.;am.;Susan B. Ray;;;gol.;1876_02_04;Filadelfia;;
Día 19:;;N/A:  | N/A:  | N/A:  | N/A: ;;;Tilton;cap.;;;;;— Philadelphia en 19 dias gol. am. John Shay, cap. Tilton, ton. 247, trip. 8, con toneleria y carbo de piedra & J. Carricaburu hijos y cp.;am.;John Shay;;;gol.;1876_02_04;Philadelphia;;
Día 11:;;N/A: ;;;Pearco;cap.;;;;;Do Cayo Hueso en 1 dia viv. am. Atlantic, cap. Pearco tons. 23, trip. 6, con pascado vivo, & M. Suarez. -- Pas. 11.;am.;Atlantic;;;viv.;1876_02_05;Cayo Hueso;;
Día 46:;;N/A:  | N/A: ;;;Fonrodona;cap.;;;;;- Buenos Aires y Matanzas en 46 dias bca. esp. Isab. cap. Fonrodona, tons. 241, trip. 14, con tasajo à Porta Ramon y op.;esp.;Isab.;;;bca.;1876_02_05;Buenos Aires y Matanzas;;
Día 16:;;N/A:  | N/A:  | N/A:  | N/A: ;;;Bickmore;cap.;;;;;- New York en 16 dias gol. am. Whitney Long. cap. tan Bickmore, tons. 256, trip. 7, con maderas à Ma- 6, Zaldas y op.;am.;Whitney Long;;;gol.;1876_02_05;New York;;
Día 19:;;N/A: ;;;Randall;cap.;;;;;- Baltimore en 19 dias gol. am. Hattle V Kelsey, cap. Randall, tons. 455, trip. 9, con carbon de piedra, à J. Carricaburu, hijos y op.;am.;Hattle V Kelsey;;;gol.;1876_02_05;Baltimore;;
Día 9:;;N/A:  | N/A:  | N/A: ;;;Ahlgvist;cap.;;;;;- Pointo à Pitre en 9 dias bca. sueca Carl Johan, cap. Ahlgvist, tons. 423, trip. 12, en lastro à A. Carlen.;sueca;Carl Johan;;;bca.;1876_02_05;Pointo à Pitre;;
Día 4:;;N/A: ;;;Ian Hall;cap.;;;;;- Panzacola ou 4 dias gol. am. Mary Munroe, cap. Ian Hall, tons. 1-3, trip. 9, con maderas, al Ferro-carril do la Bait.;am.;Mary Munroe;;;gol.;1876_02_05;Panzacola;;
Día 15:;;N/A:  | N/A: ;;;Rogers;cap.;;;;;- Filadelfia ez 15 dias berg. am. Aliso M. Pafnam, cap. Rogers, ton. 2 7, trip. 8, con tonoleo y carbon de piedra. À S. Burnham.;am.;Aliso M. Pafnam;;;berg.;1876_02_05;Filadelfia;;
Día 13:;;N/A: ;;;Robinson;cap.;;;;;- New York en 13 dias gol. am. Post Boy, cap. Robinson, tons. 191, trip. 6, con papas. à L. Mojarrleta.;am.;Post Boy;;;gol.;1876_02_05;New York;;
Día 33:;;N/A:  | N/A:  | N/A:  | N/A: ;;;Jaime Millet;cap.;;;;;- Havre en 33 dias berg. cap. Jaime Millet cap. Rivera, tons. 264, trip. 11, con carga general, 4 Durruty, Chaffraix y op.;;;;;berg.;1876_02_05;Havre;;
Día 39:;;N/A: ;;;Sagas;cap.;;;;;- Santander en 39 dr. bca esp. Maria M., cap. Sagas- t. tons. 312, trip. 17, con harina, à L. Ruiz y op.;esp.;Maria M.;;;bca;1876_02_05;Santander;;
Día 18:;;N/A:  | N/A:  | N/A:  | N/A: ;;;Cico;cap.;;;;;- N. York en 18 dias bca. am. Masonio cap. Cico, tons. 319, trip. 11, con petrlejo, à Moré, Ajnala y cp.;am.;Masonio;;;bca.;1876_02_05;N. York;;
Día 32:;;N/A: ;;;O'ngu'bol;cap.;;;;;"Do Burdeos en 32 dias bca. osp. Barlca; cap. O'ngu'bol, tons. 315, trip. 12, con carga general, á Ed. Mathias.";osp.;Barlca;;;bca.;1876_02_08;Burdeos;;
Día 1:;;N/A:  | N/A: ;;;Russell;cap.;;;;;- Cyo Mueso en 1 dia viv. am. Mazepya, cap. Russell, tons. 33, trip. 5, con pescado vino, á M. Suarez.;;Mazepya;;;am.;1876_02_08;Cyo Mueso;;
Día 60:;;N/A: ;;;Tojusen;cap.;;;;;- Cardiff en 60 dias bca. nor. Saturno, cap. Tojusen, tons. 4-6, trip. 12, con carbon de piedra, á Zulneta y Sobrino.;nor.;Saturno;;;bca.;1876_02_08;Cardiff;;
Día 4:;;N/A:  | N/A:  | N/A:  | N/A: ;;;Colechin;cap.;;;;;- Veracruz en 4 dias vap. ing. Elder, cap. Colechin, tons. 330, trip. 62, con efectos, á J. V. Crawford. — Pasaj 27.;ing.;Elder;;;vap.;1876_02_08;Veracruz;;
Día 14:;;N/A:  | N/A: ;;;Randleto;cap.;;;;;- Brazos de Santiago en 14 dias gol. am. Manantico, cap. Randleto, tons. 173, trip. 12, con ganado mular y caballar, á J. B. Marquette.;am.;Manantico;;;gol.;1876_02_08;Brazos de Santiago;;
Día 14:;;N/A:  | N/A: ;;;Parona;cap.;;;;;- Filadelfia en 14 dias gol. am. Charles Morford, cap. Parona, tons. 270, trip. 10, con bocoyes vacíos y carbón de piedra, á Saúvalle y Finlay.;am.;Charles Morford;;;gol.;1876_02_08;Filadelfia;;
Día 6:;;N/A:  | N/A:  | N/A: ;;;Shawwood;cap.;;;;;- Veracruz y Progreso en 6 dias vap. am. City of Mexico, cap. Shawwood, ts. 1624, trip. 46, con efectos, á Zaldo y cap. Pga. 32.;am.;City of Mexico;;;vap.;1876_02_08;Veracruz y Progreso;;
Día 52:;;N/A: ;;;Åmundsen;cap.;;;;;- Cardiff en 52 dias bca. nor. Zonobia, cap. Åmundsen, tons. 502, trip. 12, con carbon de piedra, á Zulneta y Sobrino.;nor.;Zonobia;;;bca.;1876_02_08;Cardiff;;
Día 60:;;N/A:  | N/A:  | N/A: ;;;Pal;cap.;;;;;- Montevideo en 60 dias pol. ó p. Papa, cap. Pal, tons. 259, trip. 14, con tasajo á Suriol y Romen — Pgs. 5.;;Papa;;;pol.;1876_02_08;Montevideo;;
Día 24:;null;N/A:  | N/A:  | N/A: ;;;Cony;cap.;;;01-01-1894;;- New Orleans en 24 dias vap. am. Chas W. Lord, cap. Cony, ts. 1894, trip. 23, con efectos, á G. Neilson — 1 ga. 2.;am.;Chas W. Lord;;;vap.;1876_02_08;New Orleans;;
Día 17:;;N/A: ;;;Máchant;cap.;;;;;- Halifax en 17 dias berg. ing. Arthur, cap. Máchant, ts. 172, trip. 7, con bacalao, á Lawton Hnos.;ing.;Arthur;;;berg.;1876_02_08;Halifax;;
Día 7:;;N/A:  | N/A: ;;;Holder;cap.;;;;;- Jacksonville en 7 dias berg. ug. Charles A. Bovoy, cap. Holder, ts. 183, trip. 7, con maderas, á Gilson y comp.;ug.;Charles A. Bovoy;;;berg.;1876_02_08;Jacksonville;;
Día 31:;;N/A: ;;;Moberg;cap.;;;;;De Cardiffen 31 dias bea. rusa Nej'nu. cap. Moberg, ton. 375. trip. 13, con carbon de piedra a Zulneta y Sobrino.;rusa;Nej'nu;;;bea.;1876_02_09;Cardiff;;
Día 17:;;N/A: ;;;Essex;cap.;;;;;— Halifax on 17 dias berg. Ing. Daisy. cap. Essex, ton. 123. trip. 8, con bacoao à Lawton Hnos.;Ing.;Daisy;;;berg.;1876_02_09;Halifax;;
Día 7:;;N/A: ;;;Hill;cap.;;;;;— Indianola on 7 dias vap. am. Guesie. cap. Hill, ton. 404. trip. 26, con ganado vacuno à Mc Kellar, Luting y cp.;am.;Guesie;;;vap.;1876_02_09;Indianola;;
Día 19:;;N/A: ;;;Hibbs;cap.;;;;;— Shildsborough en 19 dias gol. am. River Queen. cap. Hibbs, ton. 119, trip. 7, con maderas à Ruiz y Perez Santa Maria.;am.;River Queen;;;gol.;1876_02_09;Shildsborough;;
Día 15:;;N/A:  | N/A:  | N/A: ;;;Hugbás;cap.;;;;;Do New York en 15 dias gol. zun. John, cap. Hugbás, to- nceladas 336, trío 9, con efectos, á J. Mejarrista;zun.;John;;;gol.;1876_02_10;New York;;
Día 6:;;N/A: ;;;Baker;cap.;;;;;— New Orleans y Cayo Hueso en 6 dias vap. am. Marg- art. cap. Baker, tones 508, trip. 24, con efectos, á Lawton Rhos. Pasajeros 24.;am.;Marg-art.;;;vap.;1876_02_10;New Orleans y Cayo Hueso;;
Día 53:;;N/A:  | N/A: ;;;Conrds;cap.;;;;;— New York en 53 dias vap. am. Crescent City. cap. Conrds, tones 1760, trip. 45, con efectos, á Mo Kellar, Lüling y cp. Pasajeros 18.;am.;Crescent City;;;vap.;1876_02_10;New York;;
Día 3:;;N/A:  | N/A:  | N/A: ;;;Bill;cap.;;;;;— New Orleans en 3 dias vap. gorm? Frankfurt, cap. Bill. w. tones 2530, trip. 76, con efectos, á H. Upmann y cp. Pasajeros 23 para esta y 23 de tránsito.;;gorm?;;;vap.;1876_02_10;New Orleans;;
Día 15:;;N/A:  | N/A:  | N/A: ;;;Fornguist;cap.;;;;;— Cartagena de Indias, Sabanilla y Santa Marta en 15 dias berg. sueco Carl, cap. Fornguist, tones 203, trip. 10, en lastre, á la orden.;sueco;Carl;;;berg.;1876_02_10;Cartagena de Indias;;
Día 5:;;N/A:  | N/A: ;;;Cascho;cap.;;;;;— Cuba en 5 dias vap. esp. Alcante, cap. Cascho, tones- ladas 4/0, trip. 36, con cabotaje, á R. Herrera—Pasajeros 4.;esp.;Alcante;;;vap.;1876_02_10;Cuba;;
;;;;;P;cap.;;;;;cap. P ay. tons. 1st. trip. 6, en lastre, á R. I. Cay.;;;;;;1876_02_11;;;
;;N/A: ;;;Durand;cap.;;;;;franc. Ville de St. Nazaire, cap. Durand, tons. 1,121,;;Ville de St. Nazaire;;;franc.;1876_02_11;;;
Día 34:;;;;;Robinson;cap.;;;;;—Cardiff en 34 dias berg. am. Harry, cap. Robinson,;am.;Harry;;;berg.;1876_02_11;Cardiff;;
;;N/A: ;;;Leary;cap.;;;;;Cheviet, cap. Leary, tons. 201, tip. 8, con made-;;Cheviet;;;;1876_02_11;;;
Día 46:;;N/A: ;;;Griffin;cap.;;;;;De Liverpool en 46 dias g. am. Mattie A. Franklin, cap. tan Griffin, ts. 403, con carbon de piedra, a la Cpa. cap. del gae.;am.;Mattie A. Franklin;;;g.;1876_02_13;Liverpool;;
Día 36:;;N/A: ;;;Goltia;cap.;;;;;- Liverpool en 36 dias bca. osp. Soraín, cap. Goltia, tons. 443, con carga general, a Morlson Hermanos.;osp.;Soraín;;;bca.;1876_02_13;Liverpool;;
Día 62:;;N/A: ;;;De-verex;cap.;;;;;- Liverpool en 62 dias berg. amer. Casoatelle, cap. De- verex, tons. 309, con carbon de piedra, a la Compre- sión española del gas.;amer.;Casoatelle;;;berg.;1876_02_13;Liverpool;;
Día 6:;;N/A:  | N/A: ;;;Téllería;cap.;;;;;- Cenfuegos en 6 dias berg. cap. Tres Hermanos, cap. Téllería, tons. 116, con caobas y cera para Bil- bao, y viene aquí a completar su cargamento. Con- signado a Manó, Zaldúa y C.;;Tres Hermanos;;;berg.;1876_02_13;Cenfuegos;;
Día 11:;;N/A:  | N/A: ;;;Lloret;cap.;;;;;De St. Thomas, Pto. Rico y esas as en 11 días vap. cap. Meoctzuma. cap. Lloret, tons. 480, con efectos. á R. Herrera.-Pasaj. 8£.;;Meoctzuma;;;vap.;1876_02_15;St. Thomas, Pto. Rico;;
Día 57:;;N/A:  | N/A:  | N/A:  | N/A:  | N/A: ;;;Golry;cap.;;;;;—Liverpool en 57 días berg. cap. San Miguel Arcángel, capitán Golry, tons. 143, con carga general, á Cigá, Golcooech y op.;;San Miguel Arcángel;;;berg.;1876_02_15;Liverpool;;
Día 8:;;N/A: ;;;Greenleaf;cap.;;;;;—New Orleans en 8 días berg. am. Prairie Rose, cap. Greenleaf, tons. 263, con efectos, á M. de Haro y op.;am.;Prairie Rose;;;berg.;1876_02_15;New Orleans;;
Día 12:;;N/A:  | N/A:  | N/A:  | N/A:  | N/A: ;;;Elena;cap.;;;;;—Cienfuegos en 12 días berg. cap. Elena, cap. Lincicrica, tons. 150, en lastro, á Hamel, hijos y op.;;;;;berg.;1876_02_15;Cienfuegos;;
Día 57:;;N/A: ;;;Nielsen;cap.;;;;;—Newcastle en 57 días berg nor. Vingolf, cap. Nielsen, tons. 430, con carbón de piedra, á la Compañía española del gas.;nor.;Vingolf;;;berg;1876_02_15;Newcastle;;
Día 1:;;N/A:  | N/A: ;;;Padilla;cap.;;;;;—Cayo Hueso en 1 día viv. amer. Relief, cap. Padilla, tons. 31, con pescado vivo, á M. Suarez.-Pasaj. 5.;amer.;Relief;;;viv.;1876_02_15;Cayo Hueso;;
Día 20:;;N/A:  | N/A:  | N/A:  | N/A:  | N/A:  | N/A: ;;;Burton;cap.;;;;;—Filadelfia en 20 días gol. amer. Emma D. Endicott, cap. Burton, tone. 393, con madres, Emma y Carbon do piedra, á Hemel, hijos y cp.;amer.;Emma D. Endicott;;;gol.;1876_02_15;Filadelfia;;
Día 1:;;N/A:  | N/A: ;;;Morell;cap.;;;;;—Matanzas en 1 día berg. cap. Tres Hormanos, capitán Morell, ts. 152, con cabotaje, á V. Catalá.;;Tres Hormanos;;;berg.;1876_02_15;Matanzas;;
;;;;;Marínez;cap.;;;;;De Málaga y p. Mália Isabel, cap. Marínez, ton. 172, con;;Mália Isabel;;;;1876_02_16;Málaga;;
;;;;;Henley;cap.;;;;;—-C. Adenás berg. am. Ocean Pearl, cap. Henley;am.;Ocean Pearl;;;berg.;1876_02_16;;;
Día 5:;;N/A:  | N/A:  | N/A:  | N/A: ;;;Deaken;cap.;;;;;De New York: en 5 días vapor amor. City of Voracuz, cap. Deaken, ton. 1.874, con efoctos, á Zaldo y cp. Pasag. 35.;;City of Voracuz;;;vapor;1876_02_17;New York;;
Día 13:;;N/A: ;;;Show;cap.;;;;;— Araneta (Texas) en 13 días gol. amer. Laura Lewis, cap. Show, ton. 85, con ganado vacuno, á J. B. González.;amer.;Laura Lewis;;;gol.;1876_02_17;Texas;;
Día 58:;;N/A: ;;;Thompson;cap.;;;;;— Liverpool en 58 días berg. am. Akbar, cap. Thompson, t. 357, con carbon de piedra, á la Comp. esp. del gas.;am.;Akbar;;;berg.;1876_02_17;Liverpool;;
Día 40:;;N/A: ;;;Tuan Sawyer;cap.;;;;;— Liverpool en 40 días gol. am. David II. Tolck, capt. Tuan Sawyer, t. 228, con carbon de piedra, á la Cpt. cap. del gas.;am.;David II;;;gol.;1876_02_17;Liverpool;;
Día 14:;;N/A:  | N/A:  | N/A: ;;;Bateman;cap.;;;;;Do Filadelfia en 14 dias: gol. em. Tilie Vanderkerghen, cap. Bateman, ton. 358, con tonelera y carbon de piedra & J. Carricaburu, hijos & op.;;Tilie Vanderkerghen;;;gol.;1876_02_18;Filadelfia;;
Día 4:;;N/A:  | N/A: ;;;Kurique;cap.;;;;;— Sovilla en 4 dias berg. cap. Kurique, cap. Llorca ton. 163, con frutos & J. co la Portilla.;;;;;berg.;1876_02_18;Sovilla;;
Día 14:;;N/A:  | N/A:  | N/A:  | N/A: ;;;Harriman;cap.;;;;;Do New York en 14 dias bca. am George W. Roosevelt, cap. Harriman, tons. 370, con efectos & Hamel, hijos y op.;am;George W. Roosevelt;;;bca.;1876_02_19;New York;;
Día 46:;;N/A: ;;;Rose;cap.;;;;;— Newport en 46 dias bca. am. Lijo Henghton, cap. Rose, tons. 440, con carbon de plodra, á J. V. Crawf.;am.;Lijo Henghton;;;bca.;1876_02_19;Newport;;
Día 14:;;N/A:  | N/A: ;;;Eataman;cap.;;;;;— Filadelphi en 14 dias bca ing. Albert, cap. Eataman, tons. 319, con tonelería y carbon de piedra, á S. C. Burnham y op.;ing.;Albert;;;bca;1876_02_19;Filadelphi;;
Día 40:;;;;;Dome;cap.;;;;;De Barcelona en 40 dias bos. cap. Alta gracia. cap. Dome-;;Alta gracia;;;bos.;1876_02_20;Barcelona;;
Día 4:;;;;;Morgan;cap.;;;;;— Indianaola en 4 dias vap. am. W. G. Hewen, cap. Morgan,;am.;W. G. Hewen;;;vap.;1876_02_20;Indianaola;;
Día 40:;;;;;Calzada;cap.;;;;;— Santander en 40 dias berg. esp. Felipe, cap. Calzada,;esp.;Felipe;;;berg.;1876_02_20;Santander;;
Día 13:;;;;;Madero;cap.;;;;;— New York en 13 dias gol. am. Pheb. cap. Madero.;am.;Pheb;;;gol.;1876_02_20;New York;;
Día 49:;;;;;Dakin;cap.;;;;;— Cardiffen 49 dias berg. ing. Mina, cap. Dakin, ton.;ing.;Mina;;;berg.;1876_02_20;Cardiff;;
Día 16:;;;;;;cap.;;;;;— New York en 16 dias gol. am. John H. Hancock, cap.;am.;John H. Hancock;;;gol.;1876_02_20;New York;;
Día 15:;;N/A: ;;;Blanchard;cap.;;;;;— N. York en 15 dias berg. am. Sportman, cap. Blanchard, ton. 243, con efectos, á L. Mojarrita y op.;am.;Sportman;;;berg.;1876_02_20;N. York;;
Día 5:;;;;;Lipset;cap.;;;;;— Parzacoa en 5 dias gol. ing. Castalia, cap. Lipset,;ing.;Castalia;;;gol.;1876_02_20;Parzacoa;;
Día 5:;;N/A:  | N/A: ;;;Zachary;cap.;;;;;D. Palzacola en 5 dias gol ing. Arianna, cap. Zachary, tons. 190, con maderas, & S. C. Burnham.;ing.;Arianna;;;gol;1876_02_22;Palzacola;;
Día 42:;;N/A: ;;;Thoreen;cap.;;;;;— Glasgow en 42 dias bca. nor. Atendpl, cap. Thoreen, tons. 450, con carbon de piedra, á la Compañía Española del gas.;nor.;Atendpl;;;bca.;1876_02_22;Glasgow;;
Día cuál:;;N/A:  | N/A: ;;;Mondezona;cap.;;;;;— Liverpool, Santander y la Coruña cuál días vapor osp. Emiliano, cap. Mondezona, tons. 530, con carga general, á J. Baró-Pasajeros 21.;;Emiliano;;;vapor;1876_02_22;Liverpool;;
Día 14:;;N/A:  | N/A: ;;;Staples;cap.;;;;;— N. Orleans en 14 dias gol. am. Windward, cap. Staples, 176, con efectos, á Crusellas Hermes -Pasajeros 5.;am.;Windward;;;gol.;1876_02_22;N. Orleans;;
Día 5:;;N/A: ;;;Roed;cap.;;;;;— N. York en 5 dias vap. sm. Columbus, cap. Roed, tons. 1583, con efectos, á Mc Kellar, Lüding y comp.;;Columbus;;;vap.;1876_02_22;N. York;;
Día 24:;;N/A:  | N/A:  | N/A: ;;;Sanford;cap.;;;;;— Cornwallis en 24 dias gol. ing Dreadnot, cap. Sanford, tones. 130, con papas, á Hayley y op.;ing;Dreadnot;;;gol.;1876_02_22;Cornwallis;;
Día 52:;;N/A: ;;;Sangater;cap.;;;;;— G6: ova en 52 dias bca. ing. Pohono, cap. Sangater, tons. 417, con efectos, á E. Serhighe.;ing.;Pohono;;;bca.;1876_02_22;;;
Día 41:;;N/A: ;;;Ormezabal;cap.;;;;;— Glasgow en 41 dias boa. cep. Princesa Dogmar, cap. Ormezabal, tons. 417, con carga general, á Brown y cp.;;Princesa Dogmar;;;boa.;1876_02_22;Glasgow;;
Día 46:;;N/A: ;;;Slomera;cap.;;;;;— Cardiff en 46 dias bca. ing. Carlota, cap. Slomera, tons. 310, con carbon de piedra, á Zulneta y Sobrijo.;ing.;Carlota;;;bca.;1876_02_22;Cardiff;;
Día 6:;;N/A:  | N/A: ;;;Griffin;cap.;;;;;De Aspinall en 6 dias vapor amer. Colon, cap. Griffin, ton. 2655, con carga de tránsito, 4 Frank y op- Pasag. 57 de tránsito.;amer.;Colon;;;vapor;1876_02_23;Aspinall;;
Día 14:;;;;;Peder;cap.;;;;;De St. Thomas en 14 dias loc. ver. Pollox cap. Peder-;;Pollox;;;pol.;1876_02_24;St. Thomas;;
Día 21:;;N/A: ;;;Ilmbeck;cap.;;;;;De Bréten y el Havre en 21 dias vapor germ. Hannover, cap. Ilmbeck, ton. 1924, con mercancías, á H. Upinan - Paseg. 21 para esta y 55 de tránsito.;germ.;Hannover;;;vapor;1876_02_25;Bréten y el Havre;;
Día 40:;;N/A: ;;;Swasoy;cap.;;;;;De New York en 40 dias gol. amer. Ruth Darling, cap. Swasoy, ton. 204, con efectos, a la orden.;amer.;Ruth Darling;;;gol.;1876_02_26;New York;;
Día 23:;;N/A: ;;;Casson;cap.;;;;;—Taxpen en 23 dias berg. francés Blascon, cap. Casson, ton. 252, con palo de tinto, de transito a la orden. —Esto buque navegaba para el Havre y ha entrado de atribuida forzosa por hacer agua.;francés;Blascon;;;berg.;1876_02_26;Taxpen;;
Día 45:;null;N/A: ;;;Weeks;cap.;;;null;;—Liv reed en 45 dias berg. amer. Harry Smith, cap. tan Weeks, 1925. 5:00, con carbono de piedra, á la Compañía cebapón a del gas.;amer.;Harry Smith;;;berg.;1876_02_26;Liv reed;;
Día 10:;;N/A:  | N/A:  | N/A:  | N/A: ;;;tan Davis;cap.;;;;;—New York en 10 dias gol. amer. Graco Davis, cap. tan Davis, tens. 395, con correa de caja, á Hamel, hijos y Co.;amer.;Graco Davis;;;gol.;1876_02_26;New York;;
Día 1:;;N/A: ;;;Jewett;cap.;;;;;Do Panzaola en 1 días gol. amer. George W. Jewett, cap. Jewett, toms. 479, con maderas, à Ruiz y Perez Santa María.;amer.;George W. Jewett;;;gol.;1876_02_27;Panzaola;;
Día 24:;;N/A:  | N/A: ;;;Ansloenga;cap.;;;;;— Londres y Burdeos en 24 días vap. esp. Gartnbar, cap. Ansloenga, toms. 320, con carga general, à E. Mathias. — Pasajeros 2.;esp.;Gartnbar;;;vap.;1876_02_27;Londres y Burdeos;;
Día 22:;;N/A: ;;;Abareo;cap.;;;;;— Liverpool, Santander, Gijón, Coruña y Vigo, en 22 días del último, vap. esp. Amboto, cap. Abareo, tor- roladas 485, con carga general, à Eguldazu, Artola y Comp. — Pasajeros 246.;esp.;Amboto;;;vap.;1876_02_27;Liverpool;;
Día 6:;;N/A:  | N/A: ;;;Wark;cap.;;;;;— Nassan en 6 días berg. ing. Florence, cap. Wark, toms. 243, en lastro. à Bolley y comp. — Pasajeros 3.;ing.;Florence;;;berg.;1876_02_27;Nassan;;
Día 3:;;N/A: ;;;Chasse;cap.;;;;;— N. Orícan en 3 días gol. am. W. L. Bradtoy, cap. Chasse, tor. 110, con efectos à la orden.;am.;W. L. Bradtoy;;;gol.;1876_02_27;N. Orícan;;
Día 10:;;;;;Eraguera;cap.;;;;;Do Mobla en 10 dias berg. am. Alco, cap. Eraguera,;am.;Alco;;;berg.;1876_02_29;Mobla;;
Día 97:;;;;;;cap.;;;;;—St John (N. B) en 97 dias gol. ing. Mabel Lent, cap.;ing.;Mabel Lent;;;gol.;1876_02_29;St John (N. B);;
Día 8:;;N/A: ;;;Gunderson;cap.;;;;;—Panzacola en 8 dias bca. suera Charlotte, cap. Gunderson, tons. 636, con maderas, á la orden.—Este;;suera Charlotte;;;bca.;1876_02_29;Panzacola;;
;;N/A: ;;;Villamí;cap.;;;;;Manuela, cap. Villamí, tons. 450, con efectos, á 1º de;;Manuela;;;;1876_02_29;;;
Día 47:;;N/A: ;;;Craig;cap.;;;;;De Cardiff en 47 dias, bca. amer. Florella, cap. Craig, ten. 888, con carbon de piedra, a Lopez, Ferrer y Comp.;amer.;Florella;;;bca.;1876_03_01;Cardiff;;
Día 3:;;N/A:  | N/A: ;;;Colton;cap.;;;;;— New Orleans en 3 dias, vap. amor. Chas. W. Lord, cap. Colton, tons. 1,024, con ofetos, a G. Nellson.—;amor.;Chas. W. Lord;;;vap.;1876_03_01;New Orleans;;
Día 23:;;N/A:  | N/A:  | N/A: ;;;Spiny;cap.;;;;;- St. John (N. B.) en 23 dias berg. ing. Marinas (Gipel), cap. Spiny, tons. 357, con cortes de caja, à E1. Broch-B. y cp.;ing.;Marinas (Gipel);;;berg.;1876_03_02;St. John (N. B.);;
Día 4:;;N/A:  | N/A:  | N/A:  | N/A: ;;;Morgan;cap.;;;;;- Jadisoria en 4 dias vap. am. W. G. Hewes, cap. Morgan, tons. 500, con ganado vacuno, & Mc Kellar, Lullog y cp.;am.;W. G. Hewes;;;vap.;1876_03_02;Jadisoria;;
Día 1:;;N/A:  | N/A: ;;;Baxter;cap.;;;;;- St. John (N. B.) y Matinazas en 1 dia del ultimo gol. am. Allo Burham, cap. Baxter, tons. 484, con cortes de caja, à J. Carriecaburn, hijos y op.;am.;Allo Burham;;;gol.;1876_03_02;St. John (N. B.);;
Día 19:;;N/A: ;;;Kelly;cap.;;;;;- New York on 19 dias berg. am. Don Jacinto, cap. Kelly, tons. 350, con petróleo, à Moré e Ajurí.;am.;Don Jacinto;;;berg.;1876_03_02;New York;;
Día 41:;;;;;;;;;;;De Glasgow en 41 dias berg. ing. Annie W. Goddard,;ing.;Annie W. Goddard;;;berg.;1876_03_03;Glasgow;;
Día 49:;;N/A: ;;;Smith;cap.;;;;;D. Liverpool en 49 dias gol. amer. Norman, cap. Smith, tons. 295, trip. 9, con carbon de piedra, a la Compañía del gas.;amer.;Norman;;;gol.;1876_03_04;Liverpool;;
Día 1:;;N/A: ;;;Sánchez;cap.;;;;;— Cayo Hueso en 1 dia vivero amer. Eliza J. Rogers, cap. Sánchez, tons. 21, trip. 5, con pescado vivo, a M. Suárez-Pasaj. 3.;;Eliza J. Rogers;;;amer.;1876_03_04;Cayo Hueso;;
Día 7:;;N/A:  | N/A:  | N/A:  | N/A:  | N/A:  | N/A: ;;;Sala;cap.;;;;;Clenfuegos en 7 días berg. esp. Neptuno, cap. Sala. tons. 114. trip. 9, en lastre, á Saonz, Izquierdo y C.;esp.;Neptuno;;;berg.;1876_03_04;Clenfuegos;;
Día 5:;;N/A: ;;;Phillips;cap.;;;;;— Verao, Campooche y Progreso en 5 dias vapor amer. City of Havans, cap. Phillips, tons. 1700, trip. 48, con efectos, a Zeldó y O! — Pasaje. 23 para esta y 17 de tránsito.;amer.;City of Havans;;;vapor;1876_03_04;Verao, Campooche y Progreso;;
Día 1:;;N/A: ;;;Parks;cap.;;;;;- Cayo Hueso en 1 día viver. amer. Grover G. K'ne. cap. Parks, tons. 31, trip. 6, con pesco- rado vivo, á Mr. Sárez.;;Grover G. K'ne;;;viver;1876_03_04;Cayo Hueso;;
Día 7:;;N/A:  | N/A:  | N/A:  | N/A: ;;;Pendleton;cap.;;;;;- New Orleans y Cayo Hueso en 7 días vap. america- no Tappahannock, cap. Pendleton, tons. 450, trip. 18, con efectos, á Lawton Hermanos-Passe. 13.;;america;;;vap.;1876_03_04;New Orleans y Cayo Hueso;;
Día 16:;;N/A:  | N/A:  | N/A:  | N/A: ;;;Orcutt;cap.;;;;;De Boston en 16 d'as berg. am. Alberti, cap. Orcutt, tons. 301, trip. 10, con hielo, á la Compañía Tudor.;am.;Alberti;;;berg.;1876_03_07;Boston;;
Día 3:;;N/A: ;;;Cramer;cap.;;;;;—Shieldsborough en 3 días gol. am. W. F. Cushing, cap. Cramer, tons. 269, trip. 7, con maderas, á Alberti, Carbó y cp.;am.;W. F. Cushing;;;gol.;1876_03_07;Shieldsborough;;
;;;;;Martí;cap.;;;;;—El berg. esp. Lulæ, cap. Martí, de arribada, para Canarias, ha vuelto á entrar hoy, y ahora tu- por haber enfrío pequeñas averías en la nave, á causa del mal tiempo que reina fuera.;esp.;Lulæ;;;berg.;1876_03_07;;;
Día 32:;;N/A: ;;;Albizuri;cap.;;;;;De Liverpool en 32 días vap. esp. José, cap. Albizuri, tons. 447, trip. 31, con mercancías, á N. Deulcfeu.;esp.;José;;;vap.;1876_03_07;Liverpool;;
Día 50:;;N/A: ;;;Tonda;cap.;;;;;—Santander en 50 días bca. esp. Zaragoza, cap. Tonda, tons. 202, trip. 11, con harina, á Samé, Sotolongo, y cp.;esp.;Zaragoza;;;bca.;1876_03_07;Santander;;
Día 5:;;N/A:  | N/A:  | N/A: ;;;Sherwood;cap.;;;;;—New-York en 5j días vap. am. City of Mexico cap. Sherwood, tons. 1,600, trip. 45, con efectos, á Zaldo v op. Pasaj. 11 para esta y 18 de tránsito.;am.;City of Mexico;;;vap.;1876_03_07;New-York;;
Día 45:;;N/A:  | N/A:  | N/A:  | N/A: ;;;Castellá;cap.;;;;;—Barcelona en 45 días bca. esp. Tres Auroras, cap. Castellá, tons. 376, trip. 14, con frutos, á B. Bal- coelis. Pasaj. 5.;esp.;Tres Auroras;;;bca.;1876_03_07;Barcelona;;
Día 65:;;N/A: ;;;Flora;cap.;;;;;De Barcelona en 65 dias berg. cap. Flora, cap. Luaces, ta. 148, trip. 9, con frutos, á Alberi, Carbó y comp—Pgs. 2.;;;;;berg.;1876_03_08;Barcelona;;
Día 5:;;N/A: ;;;Wardon;cap.;;;;;—Coton en 5 dias vap. ing. Delta, cap. Wardon, ta. 422, trip. 36, en lastre, á Mo Keller, Lüting y op—l'esa, jo. os 15 de tránsito.;ing.;Delta;;;vap.;1876_03_08;;;
Día 7:;;N/A:  | N/A:  | N/A:  | N/A: ;;;Barrett;cap.;;;;;—Filadelfia en 7 dias berg. am. J. B. Kirby, cap. Barrett, ta. 274, trip. 8, con tonelaria, á Hijos de Azpey y cp.;am.;J. B. Kirby;;;berg.;1876_03_08;Filadelfia;;
Día 14:;;N/A:  | N/A:  | N/A: ;;;Tucker;cap.;;;;;"De Boston en 14 días berg. am. Jessie Rhynas. cap. Tucker, toca. 215; trip. 6, con efectos. á Zaldo y op.";am.;Jessie Rhynas;;;berg.;1876_03_09;Boston;;
Día 5:;;N/A:  | N/A: ;;;Moon;cap.;;;;;— Wilmington en 5 días gol. am. Iroka, cap. Moon, tons. 120, trip. 6, con atravesanos y bocoyes vacíos, á Glynn y cp.;am.;Iroka;;;gol.;1876_03_09;Wilmington;;
Día 6:;;N/A:  | N/A:  | N/A:  | N/A:  | N/A:  | N/A: ;;;Everatt;cap.;;;;;— Pascagoula en 6 días berg. ing. Adris, cap. Everatt, tona. 215, trip. 7, con maderas, á Hamel, hijos y cp.;ing.;Adris;;;berg.;1876_03_09;Pascagoula;;
Día 5:;;N/A: ;;;Colechin;cap.;;;;;— Veracruz en 5 días vap. ing. Elder, cap. Colechin, tozs. 360, trip. 68, con efectos, á J. V. Crawford. Pasajeros 24 para esta y 10 para tránsito.;ing.;Elder;;;vap.;1876_03_09;Veracruz;;
Día 4:;;N/A:  | N/A:  | N/A: ;;;Gray;cap.;;;;;— Colon en 4 días vap. am. Aconcagua, con. Gray, tons. 272, trip. 85, con carga de transito, á Franco y op. Prájeros 2 para esta y 90 de tránsito.;am.;Aconcagua;;;vap.;1876_03_09;Colon;;
Día 7:;;N/A:  | N/A: ;;;Baker;cap.;;;;;— New Orleans y Cayo Huerco en 7 días vap. am. Margaret, cap. Baker, tons. 468, trip. 22, con efectos, á Lawton. Huas. Pasajeros 21.;am.;Margaret;;;vap.;1876_03_09;New Orleans;;
Día 7:;;N/A:  | N/A: ;;;Smith;cap.;;;;;— Filadelfia en 7 días gol. am. D. & J. Lee, cap. Smith, tona. 363, trip. 8, con bocoyes y carbón de piedra, á Heja de Azpilac and op.;am.;D. & J. Lee;;;gol.;1876_03_09;Filadelfia;;
Día 14:;;;;;Stuart;cap.;;;;;— Clenfuegos en 14 dias. berg. ing. Susan, cap. Stuart,;ing.;Susan;;;berg.;1876_03_10;Clenfuegos;;
Día 14:;;;;;Watson;cap.;;;;;— Boston en 14 dias berg. am. Lizabel, cap. Watson,;am.;Lizabel;;;berg.;1876_03_10;Boston;;
;;N/A:  | N/A: ;;;Zaragoza;cap.;;;;;bulo Rosa, cap. Zaragoza, tons. 172, trip. 12, con;;Rosa;;;;1876_03_10;;;
Día 9:;;;;;Haver;cap.;;;;;De Pascagoula en 9 dias berz. inglos Robin: cap. Haver-;inglos;Robin;;;berz.;1876_03_11;Pascagoula;;
Día 12:;;;;;Tarr;cap.;;;;;— Portland en 12 dias berg. am. Proteus. cap. Tarr,;am.;Proteus;;;berg.;1876_03_11;Portland;;
Día 6:;;N/A:  | N/A: ;;;M. C. Cal.;cap.;;;;;De Liverpool en 6 días, b. c. ing. H. H. , cap. M. C. Cal. , tos. 200. trip. 10. con carbon de piedra, á la Compañía de gas de gas.;ing.;H. H.;;;b.;1876_03_12;Liverpool;;
Día 25:;;N/A:  | N/A: ;;;Juan;cap.;;;;;Do Trinidad de Parvoto to en 25 días berg. cap. Juan, cap. Milot, tous. 11,4, trip. 10, en lastro, a J. Rafe, cap. y cp.;;;;;berg.;1876_03_14;Trinidad de Parvoto;;
Día 48:;;N/A:  | N/A:  | N/A:  | N/A: ;;;Domenec;cap.;;;;;— Montevideo y Motorzac en 48 días pol. e.p. Nuevías cap. Domenec, ton 1.5, trip. 9, con tazajo, á Porta. Ramon y cp.;e.p.;Nuevías;;;pol.;1876_03_14;Montevideo;;
Día 10:;;N/A:  | N/A:  | N/A:  | N/A: ;;;Meyer;cap.;;;;;— New York en 10 días berg. sin. Havana, cap. Meyer, ton. 320, trip. 9, con efectos, á Lamol, hijos y comp.;;Havana;;;berg.;1876_03_14;New York;;
Día 93:;;N/A:  | N/A:  | N/A: ;;;Himbck;oap.;;;;;— New-Orions en 93 dias vap. aleman Hannover, oap. Himbck. tons. 1944. trio. 78, con carga de tránsito. AII I Pomaan. - Pasajeros 32 para ésta y 48 de tránsito.;aleman;Hannover;;;vap.;1876_03_15;New-Orions;;
;;N/A: ;;;Beltran;cap.;;;;;genia, cap. Beltran, tons. 150, trip. 11, con tasa, a;;genia;;;;1876_03_16;;;
Día 21:;;;;;;;;;;;De St. Nazaire, Santander y St. Thomas en 21 dias vap;;;;;vap;1876_03_16;St. Nazaire, Santander y St. Thomas;;
;;N/A: ;;;Dardigao;cap.;;;;;frano. Washington, cap. Dardigao, tons. 1.922, trip. 153, con efectos. A Durruty, ChaffraIX y op.;;Washington;;;;1876_03_16;;;
;;N/A: ;;;Hooper;cap.;;;;;cap. Hooper, tons. 521, trip. 9, con carbono do plo-;;;;;;1876_03_16;;;
Día 70:;;N/A: ;;;Ysaohsen;cap.;;;;;De Aalesund en 70 dias bca. nor. Fry, cap. Ysaohsen, ts. 270, trip. 9, con bacalao, à E Mathias y or.;nor.;Fry;;;bca.;1876_03_17;Aalesund;;
Día 50:;;N/A: ;;;Dyer;cap.;;;;;— Cardiff en 50 dias gol. an. Sophie Kranz, cap. Dyer, tons. 631, trip. 10, con carbon de piedra, à Lopez y comp.;an.;Sophie Kranz;;;gol.;1876_03_17;Cardiff;;
Día 60:;;N/A:  | N/A:  | N/A:  | N/A: ;;;Niasen;cap.;;;;;De New Castle en 60 dias bra danesa Fredenaborg, cap. Niasen, ton. 320, trip. 10, con carbon de piedra, á Beck, Fuentes y cp.;danesa;Fredenaborg;;;bra;1876_03_18;New Castle;;
Día 3:;;N/A:  | N/A: ;;;Colton;cap.;;;;;De New Orleans en 3 dias vap. amer. Chas. W. Lord, cap. Colton, tons. 1094, trip. 23, con efectos, & G. Nellion-Pasaj. 7.;amer.;Chas. W. Lord;;;vap.;1876_03_19;New Orleans;;
Día 10:;;N/A:  | N/A:  | N/A:  | N/A: ;;;Robinson;cap.;;;;;—Pascagoula en 10 dias berg amer. Hattie, cap. Robinson, tons. 237, trip. F, con maderas, & Hamel, hijos y Comp.;amer.;Hattie;;;berg;1876_03_19;Pascagoula;;
Día 4:;;N/A: ;;;San Quintín;cap.;;;;;- Sevilla y Naevitas en 4 días del último berg. cap. San Quintín, cap. Univaco. topa. 216, trip. 9, con frutos, ó J. de la Porlita.;;;;;berg.;1876_03_21;Sevilla y Naevitas;;
Día 11:;;N/A:  | N/A:  | N/A:  | N/A:  | N/A: ;;;Fer;cap.;;;;;- Guaysnilln (Puré) Rico en 11 días berg. esp. Men- s jero cap. Fer, t. 4, trip. 8, con maíz, á Chis, Gele, obata y j.;esp.;Mensajero;;;berg.;1876_03_21;Guaysnilln (Puré);;
;;;;;Llerca;cap.;;;;;- Sevilla berg. esp. Enrique, cap. Llerca.;esp.;Enrique;;;berg.;1876_03_21;Sevilla;;
;;;;;Vazquez;cap.;;;;;- Vig berg. esp. Faro de Vigo, cap. Vazquez.;esp.;Faro de Vigo;;;berg.;1876_03_21;;;
;;;;;Zaragoza;cap.;;;;;- Barcelona berg. esp. Popita, cap. Zaragoza.;esp.;Popita;;;berg.;1876_03_21;Barcelona;;
Día 13:;;;;;Mo;cap.;;;;;De Halifax en 13 dias berg. ing. Spanish Main, cap. Mo;ing.;Spanish Main;;;berg.;1876_03_23;Halifax;;
Día 34:;;;;;Griffius;cap.;;;;;— Colón en 34 dias vap. am. Colón, cap. Griffius, ton.;am.;Colón;;;vap.;1876_03_23;Colón;;
Día 4:;;N/A:  | N/A:  | N/A: ;;;Fuentes;cap.;;;;;— Santiago de Cuba en 4 dias berg. cap. Villa de Oamaríñas, cap. Fuentes, ton. 126, trip. 8, en lastre, à;;Villa de Oamaríñas;;;berg.;1876_03_23;Santiago de Cuba;;
Día 12:;;N/A: ;;;Lloret;cap.;;;;;De Laguna de Términos en 12 días berg. esp. San Bruno, cap. Lloret, t.3. 193, trip. 10, con efectos, a la orden. Este bote navegaba para Alicante y Barcelona, y ha entrado en arribada forzosa por hacer agua.;esp.;San Bruno;;;berg.;1876_03_24;Laguna de Términos;;
Día 61:;;N/A: ;;;Curtis;cap.;;;;;New York en 61 días vap. amer. Crescent Cltv, cap. Curtis, tons 1731, trip. 48, con efectos, a Mo Keller. Luling y op. Pgs. 18;amer.;Crescent Cltv;;;vap.;1876_03_24;New York;;
Día 5:;;N/A: ;;;Reynolds;cap.;;;;;Veraorm y escalas en 5 días vap. am. City of Merida, cap. Reynolds, tons. 1492, trip. 43, con efectos, a Zaldo y Op. Pgs. 40, para esta y 29 de tránsito.;am.;City of Merida;;;vap.;1876_03_24;;;
Día 1:;;N/A: ;;;tan Russell;cap.;;;;;Cayo Hueso en 1 día viv. am. Charles Roberts, cap. tan Russell, tons. 38, trip. 6, con pasado vivo a M. Snarz. Pgs. 10.;am.;Charles Roberts;;;viv.;1876_03_24;Cayo Hueso;;
Día 3:;;N/A: ;;;M. M. Lins;cap.;;;;;New Orleans en 3 días vap. esp. María, cap. M. M. Lins, tons. 420, trip. 30, con cárigo de tránsito para Barcelona - a J. Domestra y op.;esp.;María;;;vap.;1876_03_24;New Orleans;;
Día 63:;;N/A: ;;;Jensen;cap.;;;;;De Cardiff en 63 días bca. nor. Vdjs. cap. Jensen, tons 324, trip. 10, con carbon de piedra, á Lopez, Ferrer y cp.;nor.;Vdjs.;;;bca.;1876_03_28;Cardiff;;
Día 62:;;N/A: ;;;Schuelgaard;cap.;;;;;— Liverpool en 62 días barca nor. Valkyron. cap. Schuelgaard. tons. 251, trip. 9, con carbon de piedra, á la Compañía española del gas.;nor.;Valkyron;;;barca;1876_03_28;Liverpool;;
Día 79:;;N/A: ;;;Bockmann;cap.;;;;;— Ardrassan en 79 días bca. nor. Rundrup, cap. Bockmann, tons. 433, trip. 12, con carbon de piedra, á Zuljeta y Sobrino.;nor.;Rundrup;;;bca.;1876_03_28;Ardrassan;;
Día 5:;;N/A:  | N/A:  | N/A: ;;;Phillips;cap.;;;;;— New York en 5 días vap. am. City of Havana, cap. Phillips, tons. 1.700, trip. 48, con efectos, á Zaldo y op.—Pavaj. 16 para esta y 7 de tránsito.;am.;City of Havana;;;vap.;1876_03_28;New York;;
Día 3:;;N/A:  | N/A:  | N/A: ;;;Dardignao;cap.;;;;;— Veracruz en 3 días vap. franco. Washington, cap. Dardignao. tons. 1.922, trip. 153, con efectos, á Dur- rnty, Chaffey y cp.—Pavaj. 49 para esta y 43 de tránsito.;franco;Washington;;;vap.;1876_03_28;Veracruz;;
Día 47:;;N/A:  | N/A:  | N/A: ;;;Gotarra;cap.;;;;;— De Ajó (R. argentina) en 47 días bca. esp. Magdalena, cap. Gotarra, tons. 232, trip. 13, con tasajo, á Jané y Bosch —Pavaj. 1.;esp.;Magdalena;;;bca.;1876_03_28;Ajó (R. argentina);;
Día 24:;;N/A: ;;;Erezu- ma;cap.;;;;;— Liverpool en 24 días vap. esp. Gracia, cap. Erezu- ma, tons 470, trip 33, con oarga general, á N. Don- lofeu.;esp.;Gracia;;;vap.;1876_03_28;Liverpool;;
Día 6:;;N/A: ;;;Backer;cap.;;;;;— New Orvans y Cao Tuevo en 6 días vap. am. Margarét, cap. Backer, tons. 103, trip. 22, con efectos, á Lawton Hs.—Pavaj. 49.;am.;Margarét;;;vap.;1876_03_28;New Orvans;;
Día 51:;;N/A: ;;;Fader;cap.;;;;;—Liverpool en 51 dias berg. ing. Kato, cap. Fader, ton. 293, trip. 8, con carbon de piedra, à la Compañía española del gas.;ing.;Kato;;;berg.;1876_03_29;Liverpool;;
Día 6:;;N/A: ;;;Morzan;cap.;;;;;—Indianola en 6 dias vap. am. Wm. G. Howes, cap. Morzan, ton. 483, trip. 25, con ganado vaquino, à Mo Kellar, Lüling y op.;am.;Wm. G. Howes;;;vap.;1876_03_29;Indianola;;
Día 67:;;N/A: ;;;Aguirre;cap.;;;;;—Amberes en 67 dias berg. esp. Fernando, cap. Aguirre, ton. 18', trip. 19, con carga general, à Brown y op.;esp.;Fernando;;;berg.;1876_03_29;Amberes;;
Día 11:;;N/A:  | N/A:  | N/A: ;;;Deaken;cap.;;;;;—N. York en 42 dias vap. am. City of Veraernz, cap. Deaken, ton. 1786, trip. 48, con efecto, à Zaldo y op.—Pas. 11.;am.;City of Veraernz;;;vap.;1876_03_29;N. York;;
Día 18:;;N/A:  | N/A:  | N/A: ;;;María;cap.;;;;;De Santander en 18 días bca cap. María, cap. Salvídes, tones. 159, trip. 12, con katina, á J. de la Portilla.;;;;;bca;1876_03_30;Santander;;
Día 60:;;;;;Sausato;cap.;;;;;De Barcelona en 60 dias b.z. esp. Santoña, cap. Sausato-;esp.;Santoña;;;b.z.;1876_03_31;Barcelona;;
Día 11:;;;;;;cap.;;;;;— St. Thomas. Pto. Rico y escalas en 11 dias vap. cap.;;;;;vap.;1876_03_31;St. Thomas;;
;;N/A: ;;;Villaamil;cap.;;;;;Mannuela, cap. Villaamil, tons. 500, trip. 27, con cef-;;Mannuella;;;;1876_03_31;;;
;;N/A:  | N/A: ;;;Caño;cap.;;;;;Allicante, cap. Caño, tons. 450, trip. 34, con (fe-;;;;;;1876_03_31;Allicante;;
Día 2:;;;;;Carreras;cap.;;;;;— Matanzas en 2 dias pol. esp. Engenia, cap. Carreras,;esp.;Engenia;;;pol.;1876_03_31;Matanzas;;
Día 14:;;;;;Jéven Pepe;cap.;;;;;— Brazos de Santiago en 14 dias gol. cap. Jéven Pepe,;;;;;gol.;1876_03_31;Brazos de Santiago;;
Día 18:;;N/A:  | N/A: ;;;Eldridge;cap.;;;;;—N. York en 18 dias gol. am. Pilots Brio, cap. Eldridge, ton. 177, trip. 7, con papas y arenques. á L. Mojarrleta.;am.;Pilots Brio;;;gol.;1876_04_01;N. York;;
Día 55:;;N/A: ;;;Hooper;cap.;;;;;De Liverpool en 55 dias bg. am. Navarro, cap. Hooper, tons. 258 trip. 8, con carbon de piedra, a la Comp. Española del gas.;am.;Navarro;;;bg.;1876_04_02;Liverpool;;
Día 61:;;N/A: ;;;Sufol;cap.;;;;;Guslejeyoh y Matanzas en 61 dias bg. esp. Gratal, ton. cap. Sufol, tons. 104, trip. 14, con tasajo, a Sam. Sotolongo y op.;esp.;Gratal;;;bg.;1876_04_02;Guslejeyoh y Matanzas;;
Día 53:;;N/A:  | N/A:  | N/A:  | N/A: ;;;Suhol;cap.;;;;;— Buenos Aires y Matanzas en 53 dias bg. esp. Marcella, cap. Suhol, tons. 305, trip. 11, con jasajo, a Porta Ramon y op.;esp.;Marcella;;;bg.;1876_04_02;Buenos Aires y Matanzas;;
Día 50:;;N/A:  | N/A: ;;;Jenkins;cap.;;;;;— Liverpool en 50 dias bca. am. Palo Alto, cap. Jenkins, tons. 312, trip. 10, con carbon de piedra, a la Comp. Española del gas.;am.;Palo Alto;;;bca.;1876_04_02;Liverpool;;
Día 40:;;;;;;;;;;;De la Palma y Santa Cruz de Tonerifa en 40 dias bca.;;;;;bca.;1876_04_04;La Palma y Santa Cruz de Tonerifa;;
Día 70:;;N/A:  | N/A: ;;;Carmen;cap.;;;;;— Santander en 70 dias berg. cap. Carmen. cap. Ponclano. ton. 239, trip. 13 con harina, á J. Dematreo y comp.;;;;;berg.;1876_04_04;Santander;;
Día 50:;;N/A: ;;;Murphy;cap.;;;;;— Liverpool en 50 dias berg. ing. Mohawk, cap. Murphy. ton. 393, trip. 11, con carbon de piedra, á la Compañía española del gas.;ing.;Mohawk;;;berg.;1876_04_04;Liverpool;;
Día 64:;;N/A: ;;;True;cap.;;;;;— Liverpool en 64 dias berg. am. Josefa, cap. True. ton. 318, trip. 10, con carbon de piedra, á la Compañía del gas.;am.;Josefa;;;berg.;1876_04_04;Liverpool;;
Día 55:;;N/A: ;;;Hedgcon;cap.;;;;;— Liverpool en 55 dias gol. amer. Rinnie J. Carleton, cap. Hedgcon, ton. 519, trip. 9, con carbon de piedra, á la Compañía del gas.;amer.;Rinnie J. Carleton;;;gol.;1876_04_04;Liverpool;;
Día 9:;;N/A: ;;;Elola;cap.;;;;;— Cornas y Ponce 9 dias del último pol. cap. Elola, cap. Marty, ton. 200, trip. 14, con frutos, á R. Vivero.;;;;;pol.;1876_04_04;Cornas y Ponce;;
Día 31:;;N/A:  | N/A:  | N/A:  | N/A: ;;;Vallhonrat;cap.;;;;;— Inagua en 31 dias gol.-esn. Dos de Mayo, cap. Vallhonrat, ton. 122, trip. 7, con sal, á Romillo, Cuadra y op. Pae. 1.;esn.;Dos de Mayo;;;gol.;1876_04_04;Inagua;;
Día 51:;;N/A: ;;;Bartaby;cap.;;;;;— Cardiff en 51 dias berg. ing. Richard Pearce, cap. Bartaby, ton. 367, trip. 10, con carbon de piedra, á Zuljeta y Sobrino.;ing.;Richard Pearce;;;berg.;1876_04_04;Cardiff;;
Día 3:;;N/A:  | N/A:  | N/A: ;;;Colton;cap.;;;;;— N. Orleans en 3 dias vap. am. Chan. W. Lord, cap. Colton, tons. 1,083, trip. 31, con efectos, á G. Neillon.;am.;Chan. W. Lord;;;vap.;1876_04_04;N. Orleans;;
Día 11:;;N/A: ;;;Stead;cap.;;;;;De New York y Cayo Hueso en 11 días vap. am. Profesor Morro, cap. Stead, tom. 1800, trip. 67, con efectos para la Compañía Telegramas.—Pasa. 1.;am.;Profesor Morro;;;vap.;1876_04_05;New York y Cayo Hueso;;
Día 13:;;N/A: ;;;Cocks;cap.;;;;;— New Orleans y Cayo Hueso en 6 días vap. am. Tap- pahannock, cap. Cocks, tom. 435, trip. 17, con efectos a Lawton hno.—Pasa. 13.;am.;Tappahannock;;;vap.;1876_04_05;New Orleans y Cayo Hueso;;
Día 23:;;N/A:  | N/A: ;;;Gray;cap.;;;;;Do Aspanwall on 23 dias vap. am. Acapulco. cap. Gray. tones. 2572. trip. 41. con efectos de transito, a Franco- cp. Pasaj. 135 do tránsito.;am.;Acapulco;;;vap.;1876_04_06;Aspanwall;;
Día 55:;;N/A: ;;;Eusabla;cap.;;;;;— Avilé en 55 dias box. cap. Eusabla, cap. Casariego. tons. 226, trip 16, con frutos, a F. Palacios—Pasajes 166.;;;;;box;1876_04_06;Avilé;;
Día 10:;;N/A:  | N/A:  | N/A: ;;;Harding;cap.;;;;;— Pasagoula on 10 dias gol. am. Stephen Harding, cap. Harding, tons. 284. trip. 8, con inaderas, a Ham- mul, bjos y cp.;am.;Stephen Harding;;;gol.;1876_04_06;Pasagoula;;
Día 53:;;N/A:  | N/A: ;;;Mente;cap.;;;;;De Glasgow en 53 días berg. ing. Henry, cap. Mente, ten. 245. trip. 10, con carbon de piedra a la Compañía española de gas.;ing.;Henry;;;berg.;1876_04_07;Glasgow;;
Día 5:;;N/A: ;;;Timmerman;cap.;;;;;New York en 5 dias vap. am. Olty of New York, cap. Timmerman. ton. 1715, trip. 49, con efectos á Zaldo v cf. -Pasej. 18.;am.;Olty of New York;;;vap.;1876_04_07;New York;;
Día 45:;;N/A: ;;;Mírro;cap.;;;;;Sovilla y Oidiz en 45 días berg. cap. Guadalquivir, cap. Mírro, ton. 191, trip. 11, con frutos á Maran hnos. -Pasa. 1.;;Guadalquivir;;;berg.;1876_04_07;Sovilla y Oidiz;;
Día 65:;;N/A:  | N/A:  | N/A:  | N/A:  | N/A: ;;;Constantia;cap.;;;;;Doniay y Málaga en 65 dias berg. cap. Constantia, cap. Mabiquiz, ton. 150, trip. 11, con sal á Síens, Isquler do y cp. -Pasej. 1.;;;;;berg.;1876_04_07;Doniay;;
Día 57:;;N/A:  | N/A:  | N/A: ;;;Myfahall;cap.;;;;;Da Cardiff y Cárdenas en 57 días berg. ing. Wanderer, cap. Myfahall, ton. 404, trip. 10, con carbon de piedra, 6 Mó16 y Ajuria.;ing.;Wanderer;;;berg.;1876_04_08;Cardiff y Cárdenas;;
Día 20:;;N/A: ;;;Pickart;cap.;;;;;— Portland on 20 días berg. am. Suslo J. Stront, cap. Pickart ton. 198, trip. 7, con tovelería. R. I. Cay.;am.;Suslo J. Stront;;;berg.;1876_04_08;Portland;;
Día 11:;;N/A: ;;;Collins;cap.;;;;;— N. York on 11 días berg. am. Harry Virden, cap. Collins, ton. 235, trip. 9, con heno, á J. Carricaburu hijos y op.;am.;Harry Virden;;;berg.;1876_04_08;N. York;;
Día 7:;;N/A: ;;;Cowell;cap.;;;;;— N. York on 7 días vap. ing. King Arthur, cap. Cowell, ton. 1500, trip. 31, con efectos, á R. Herrera—Pas. 2.;ing.;King Arthur;;;vap.;1876_04_08;N. York;;
Día 10:;;N/A:  | N/A:  | N/A: ;;;Malone;cap.;;;;;— Nassau en 10 dias, gol. ing. N. Expre. cas. Malone, tons. 52, trip. 8, en lastre, à M. Snarez.;ing.;N. Expre.;;;gol.;1876_04_09;Nassau;;
Día 23:;;N/A: ;;;B'ow;Cbp.;;;;;— Brémen y el Havre en 23 dias, vap. aleman Frankfort, Cbp. B'ow, tons. 1.747, trip. 82, con mercancías, à II. Upmann y Cp. — Pasajeros 6 para esta y 67 de tránsito.;aleman;Frankfort;;;vap.;1876_04_09;Brémen y el Havre;;
Día 51:;;N/A:  | N/A:  | N/A:  | N/A: ;;;Más;cap.;;;;;De Tuyi v Matanzas en 51 dias berg. osp. Pedro Turnil, cap. Más, ton. 193, trip. 10, con tasajo, á Porta, Ramon y op.;osp.;Pedro Turnil;;;berg.;1876_04_11;Tuyi v Matanzas;;
Día 18:;;N/A:  | N/A: ;;;Comilla;cap.;;;;;-Olídez en 18 dias vap. correo cap Comilla, cap. Bayona, ton. 580, trip. 105, con frutos y perctrechos de guerra, á Samá, Sotolongo y op.-Pasa. 11.;;correo;;;vap.;1876_04_11;Olídez;;
Día 5:;;N/A:  | N/A:  | N/A: ;;;Sherwood;cap.;;;;;-Vernoros, Campeche y Progreso en 5 dias vap. am. City of Mexico, cap. Sherwood, ton. 1097, trip. 44 con efectos, á Zaldo y op.-Pasajeros 24 para esta y 14 de tránsito.;am.;City of Mexico;;;vap.;1876_04_11;Vernoros, Campeche y Progreso;;
Día 54:;;N/A: ;;;Biker;cap.;;;;;— New Orleans y Carlo Líneo en 54 dias vap. amor. Marquet, cap. Biker, tons 568, trip. 21, con efectos, á Lawton (Nos. — Pasaje 24.;amor.;Marquet;;;vap.;1876_04_12;New Orleans;;
Día 5:;;N/A: ;;;Mano;cap.;;;;;— Santiago de Cuba y oscasas on la isla en 5 dias vap. por cep. Maracá, cap. Mano. tous 420, trip. 38, con cabotaje, á R Herrera — Pasaje 41.;;Maracá;;;vap.;1876_04_12;Santiago de Cuba;;
Día 56:;;N/A:  | N/A: ;;;Prisa;cap.;;;;;D) Buenos Aires en 56 días gol. cap. Prisa. cap. Subirá, ton. 132, trip. 12, con tasajo, á B. Balcells - Pasajeros 1;;;;;gol.;1876_04_13;Buenos Aires;;
Día 40:;;N/A: ;;;Llorca;cap.;;;;;— Sovilla en 40 días berg. cap. Invenible, cap. Llorca, ton. 219, trip. 9, con frutas. á Samá, Sotolongo y op - Pas. 1.;;Invenible;;;berg.;1876_04_13;Sovilla;;
Día 5:;;N/A: ;;;Gallina;cap.;;;;;— Alcántara y Pto. Río en 5 días berg. op. San José, cap. Gallina, ton. 148, trip. 9, con frutos, á Carrillo, San Roman y cp. - Pas. 9;;San José;;;berg.;1876_04_13;Alcántara y Pto. Río;;
Día 43:;;;;;capitan;cap.;;;;;De la Corna en 43 dias boa. esp. Maria Blanca, capitan;esp.;Maria Blanca;;;boa;1876_04_15;la Corna;;
Día 24:;;;;;Leland;cap.;;;;;— Filadelfia en 24 dias gol. am. St. Croix, cap. Leland,;am.;St. Croix;;;gol.;1876_04_15;Filadelfia;;
Día 15:;;;;;;cap.;;;;;— Philadelphia en 15 dias gol. am. Wm. B. Stoelman, cap.;am.;Wm. B. Stoelman;;;gol.;1876_04_15;Philadelphia;;
Día 20:;;;;;Fletcher;cap.;;;;;— Boston en 20 dias berg. a21. Mariposa, cap. Fletcher,;;Mariposa;;;berg.;1876_04_15;Boston;;
Día 6:;;N/A:  | N/A:  | N/A: ;;;Itxalio y Viscate;cap.;;;;;De Progresso en 6 dias borg cap. Itxalio y Viscate, oapitun Salcida, tora. 134 trip. 9. con campesinha y sal, & M. de Arco y comp.;;;;;borg;1876_04_16;Progresso;;
Día 74:;;;;;;cap.;;;;;De Santander y Santiago de Cuba en 74 dias boa. cap.;;;;;boa;1876_04_18;Santander y Santiago de Cuba;;
Día 20:;;N/A: ;;;Garcia;cap.;;;;;— Oquando y Santiago de Cuba en 20 dias berg. español Talla, cap. Garcia, ton. 102, trip. 9, con sal, á O. I. glesias.;español;Talla;;;berg.;1876_04_18;Oquando y Santiago de Cuba;;
Día 65:;;N/A: ;;;Stahl;cap.;;;;;— Newport en 65 dias berg. am. Josephine, cap. Stahl ton. 4:9, trip. 10, con carbon de piedra, á M. de Montel.;am.;Josephine;;;berg.;1876_04_18;Newport;;
Día 16:;;N/A:  | N/A:  | N/A: ;;;Lord;cap.;;;;;— Boston en 16 dias berg. am. Golondra, cap. Lord, tons. 407, trip. 10, con hielo, á la Compañía de Tudor.;am.;Golondra;;;berg.;1876_04_18;Boston;;
Día 15:;;N/A:  | N/A: ;;;Barry;cap.;;;;;En Filadelfia on 15 dias berg. amor. Martha A. Berry, cap. Barry, tons. 241, trip. 9, con toneleria y car- lon de piedra, & S. C. Burnham.;;Martha A. Berry;;;berg.;1876_04_19;Filadelfia;;
Día 18:;;N/A: ;;;Gallor;cap.;;;;;—Liverpool y Santander on 18 dias rap. cap. Gallor- mo cap Esbovaria, tons. 619, trip. 40, con carga general, & N Donlofen- Passaja. 2.;;Esbovaria;;;rap.;1876_04_19;Liverpool;;
Día 7:;;N/A:  | N/A:  | N/A:  | N/A: ;;;Iflba;cap.;;;;;—New Orleans on 7 dias gol. amor. River Queen, cap. Iflba, tons. 129, trip. 7, con munderas y otros efectos, & Zuljeta y Sobrino.;;River Queen;;;gol.;1876_04_19;New Orleans;;
Día 2:;;N/A:  | N/A:  | N/A: ;;;Pearson;cap.;;;;;—Cayo Hueso on 2 dias gol. amer. Union, cap. Pearson tons. 165, trip. 8, con ganado vacuno, & Bollag y Bengerle—Passaje. 25.;amer.;Union;;;gol.;1876_04_19;Cayo Hueso;;
Día 8:;;N/A:  | N/A:  | N/A: ;;;Cookjoy;cap.;;;;;—New Orleans y Cayo Hueso en 8 dias vap. amor. Tappabannock, cap Cookjoy, tons. 459, trip. 17, con efectos, & Lawton Hermanos—Passaje. 8.;;Tappabannock;;;vap.;1876_04_19;New Orleans;;
Día 5:;;N/A:  | N/A:  | N/A:  | N/A: ;;;pitan Reynolds;cap.;;;;;—New York on 5 dias vap. amor. City of Martin, cap. pitan Reynolds, tons. 1402, trip. 50, con efectos, & Zaldo y Comp.—Parrja. 12 para esta y 10 de trán- sito.;;City of Martin;;;vap.;1876_04_19;New York;;
Día 16:;;N/A:  | N/A: ;;;Iat-torsen ton.;cap.;;;;;—Halifax a 16 dias berg. ing. M. H. Morris, cap. Iat- torsen ton. 129, trip. 6, con bacalao & S. O. Burnham.;ing.;M. H. Morris;;;berg.;1876_04_19;Halifax;;
Día 21:;;;;;Castillo;cap.;;;;;—Barcelona en 21 dias vap. cap. Castillo, cap. Larra-;;;;;vap.;1876_04_20;Barcelona;;
Día 5:;;N/A:  | N/A:  | N/A: ;;;pitan Denken;cap.;;;;;-New York en 5 días vap. am. City of Vernoira, cap. pitan Denken, ts. 1500, trip. 49, con factos, & Zaldo y op- Pga. 15.;am.;City of Vernoira;;;vap.;1876_04_21;New York;;
Día 3:;;N/A:  | N/A: ;;;Griffo;cap.;;;;;Da Aspinwall en 3 días vap. am. Colon, cap. Griffo, ton. 2785, trip. 86, con carga de transito, & Franke v op. Pas 100 de transito para N. York.;am.;Colon;;;vap.;1876_04_22;Aspinwall;;
Día 6:;;N/A:  | N/A: ;;;Mehonas;cap.;;;;;Colio (Porto) en 6 días vap. frano. Marie Charlotte, cap. Mehonas, ton. 366, trip. 13, con guano, & I. M. Zangroutz.;frano;Marie Charlotte;;;vap.;1876_04_22;Colio (Porto);;
Día 4:;;N/A:  | N/A:  | N/A: ;;;Perry;cap.;;;;;Ragad Island (Bahamé) en 4 días berg. am. Emma I. Hall, cap. Perry, ton. 250, trip. 8, con sal, & Zaldo y op.;am.;Emma I.;;;berg.;1876_04_22;Ragad Island (Bahamé);;
Día 3:;;N/A:  | N/A:  | N/A:  | N/A: ;;;Gallaud;cap.;;;;;Voracruz en 3 días vap. frano. Villo de Saint Nazalre, cap. Gallaud, tors. 9761, trip. 130, con efoctas, & Duruty, Chaffraix y ocmp.;;Villo de Saint Nazalre;;;vap.;1876_04_22;Voracruz;;
Día 14:;;N/A:  | N/A:  | N/A: ;;;Bernard;cap.;;;;;De Fundiña en 14 días gol. amor. Charles A. Coulomb, cap. Bernard, tons. 377, trip. 8, con maquinaria y carbon de piedra, á Hamel, hijos y comp.;;Charles A. Coulomb;;;gol.;1876_04_23;Fundiña;;
Día 20:;;N/A:  | N/A: ;;;Traffon;cap.;;;;;— St. John (N. B. on 20 cias berg. ing. Magdala, cap. Traffon, tons. 216, trip. 8, con maderas y cortes de caja, á Ed. Broschell.;ing.;Magdala;;;berg.;1876_04_23;St. John (N. B.);;
Día 4½:;;N/A:  | N/A:  | N/A: ;;;Hill;cap.;;;;;Indiano en 4½ días vap. amor. Gussé, cap Hill, tons. 404, trip. 25, con ganado vacuno, á Mo Kellar, Lilling y comp.;amor.;Gussé;;;vap.;1876_04_23;Indiano;;
Día 6:;;N/A: ;;;Sindberg;cap.;;;;;— New York en 6 días rap. amer. Liberty, cap. Sindberg, tons. 363, trip. 27, con efcotos, á Hamel, hijos y comp.;amer.;Liberty;;;rap.;1876_04_23;New York;;
Día 17:;;N/A: ;;;Sheppard;cap.;;;;;— Portland en 17 días berg. amer. Addie Hall, capitan Sheppard, tons. 303, trip. 8, con tonoloria, á Zaldo y comp.;amer.;Addie Hall;;;berg.;1876_04_23;Portland;;
Día 63:;;N/A:  | N/A:  | N/A: ;;;San Jo;cap.;;;;;De Malorca y Algosiras en 63 dias berg. cap. San Jo, 6, esp. Oliver, tons. 25°, trip 15, con frutos & O anq. Torres y op.;esp.;Oliver;;;berg.;1876_04_25;Malorca y Algosiras;;
Día 65:;;N/A: ;;;Gallana;cap.;;;;;— Valenola y Torrevieja en 65 dias berg. esp. Salve Virgin Maria, cap. Gallana, ts. 200, trip. 11, con frutos, & la orden.;esp.;Salve Virgin Maria;;;berg.;1876_04_25;Valenola y Torrevieja;;
Día 55:;;N/A: ;;;Agustinas;cap.;;;;;— Liverpool en 55 dias frag. cap. Agustinas, cap. Acor-dagolocochas, ts. 919, trip. 21, con carga general, & J. R. Marquetta.;;;;;frag.;1876_04_25;Liverpool;;
Día 5:;;N/A:  | N/A:  | N/A: ;;;Duncan;cap.;;;;;— St. Thomas y Pto. Rico en 5 dias vap. ing. Ebro, cap. pitan Duncan, ts. 563, trip. 73, con efectos, à J. V. Crawford—Pzs. 19 para esta y 6 de t:ánato.;ing.;Ebro;;;vap.;1876_04_25;St. Thomas y Pto. Rico;;
Día 53:;;N/A:  | N/A:  | N/A:  | N/A: ;;;Wilson;cap.;;;;;— St. John, N. B. v. Matanras en 53 dias berg. inglés Percless, cap. Wilson, ts. 358, trip 9 con cortes de ojas y maderas, à Zaldo y op.;inglés;Percless;;;berg.;1876_04_25;St. John, N. B.;;
Día 9:;;N/A:  | N/A:  | N/A: ;;;Pope;cap.;;;;;— Barcelona en 9 dias berg. cap. Pope, cap. Marty, tons. 240, trip. 15, con frutos & Cassol Avendano y comp.;;;;;berg.;1876_04_25;Barcelona;;
Día 59:;;N/A:  | N/A:  | N/A:  | N/A: ;;;Luota;cap.;;;;;— Bardos en 59 dias bsn. cap. Luota, cap. Imas, tons. 393, trip. 12, con mercancías & Belfoy, Chanmeri y comp.;;;;;bsn.;1876_04_25;Bardos;;
Día 1:;;N/A:  | N/A:  | N/A: ;;;Nottgo;cap.;;;;;De Cayo Haeso en 1 dia viv. am. Restless cap. Nottgo. toms. 17, trip. 5, con posado vivo, a M. Suarez.;am.;Restless;;;viv.;1876_04_26;Cayo Haeso;;
Día 0:;;N/A: ;;;Baker;cap.;;;;;— N. Orleana y Cayo Haeso en 0 dias vap. am. Margar. cap. Baker, toms. 508, trip. 21, con efectos, a Lowman Hovins—Pasajes 20.;am.;Margar;;;vap.;1876_04_26;N. Orleana y Cayo Haeso;;
Día 5:;;N/A: ;;;Timmerman;cap.;;;;;— New York en 5 dias vap. smer. City of New York, cap. Timmerman, t. ns. 1700, trip. 43, con efectos, a Z4. d. y Cp—Pasajes 20.;smer.;City of New York;;;vap.;1876_04_26;New York;;
Día 38:;;N/A: ;;;Thompson;cap.;;;;;De Greenock en 38 dias berg. amer. Golden Sheaf, cap. pitan Thompson, tos. 387, trip. 9, con carbon de piedra, à la Compañía española del gas.;amer.;Golden Sheaf;;;berg.;1876_04_27;Greenock;;
Día 6:;;N/A: ;;;Domingo;cap.;;;;;— Cádiz 6: 45 dias berg. osp. Gnsá, cap. Domingo, tos. 179, trip. 12, con frentos, à E. Sáenz.—Pazajeros 44;osp.;Gnsá;;;berg.;1876_04_27;Cádiz;;
Día 1:;;N/A:  | N/A:  | N/A: ;;;pitan Mo Fadden;cap.;;;;;— Mitanzas en 1 dia berg. amer. Clara J. Adams, cap. pitan Mo Fadden, tous. 323, trip. 9, en lastro, à Zaldo y comp.;amer.;Clara J. Adams;;;berg.;1876_04_27;Mitanzas;;
Día 66:;;N/A: ;;;pitan Bonson;cap.;;;;;— Ardrossan en 66 dias gol. amer. E. A. Sanches, cap. pitan Bonson, tons. 401, trip. 10, con carbon de piedra, à Zulmeta y Sobrino.;amer.;E. A. Sanches;;;gol.;1876_04_27;Ardrossan;;
Día 49:;;;;;capitan;cap.;;;;;De Barcelona en 49 dias bca. esp. Concepolon capitan;esp.;Concepolon;;;bca.;1876_04_28;Barcelona;;
Día 19:;;;;;Gartels;cap.;;;;;—Liverpool en 19 dias vap. esp. Rita, cap. Gartels,;esp.;Rita;;;vap.;1876_04_28;Liverpool;;
;;N/A:  | N/A: ;;;Mellon;cap.;;;;;ingles M. phis, cap. Mellon, tons. 1.593. trip. 54, con;ing;M. phis;;;;1876_04_29;;;
;;N/A:  | N/A: ;;;Villamil;cap.;;;;;español Manaril, cap. Villamil, tons. 484, trip. 36,;;Manaril;;;;1876_04_29;;;
Día 30:;;N/A:  | N/A:  | N/A: ;;;Ryder;cap.;;;;;De Glasgow en 30 dias bca. amer. Isaac Hall. cap. Ryder. tous. 124, trip. 10, con carbon de piedra, à la Compañía española del gaa.;amer.;Isaac Hall;;;bca.;1876_04_30;Glasgow;;
Día 14:;;N/A:  | N/A:  | N/A:  | N/A:  | N/A: ;;;Willieby;cap.;;;;;— Filadelfia en 14 dias berg. ing. E. A. Barnard. cap. Willieby. tone. 366, trip. 9, con bocs. vacilos y carbon de piedra, à Zaldo y comp.;ing.;E. A. Barnard;;;berg.;1876_04_30;Filadelfia;;
Día 13:;;N/A: ;;;Barker;cap.;;;;;— Filadelfia en 13 dias berg. ing. Repúblo, cap. Barker, tone. 239, trip. 8, con carbon de pleira, à Sauvall. Finlay y comp.;ing.;Repúblo;;;berg.;1876_04_30;Filadelfia;;
Día 74:;;N/A: ;;;I. Rold6;cap.;;;;;— Barc-loua en 74 dias berg. osp. Nuevo Sabin, cap. I. Rold6, tone. 207, trip. 13, con frutos, à Moyal y comp.;osp.;Nuevo Sabin;;;berg.;1876_04_30;;;
Día 4:;;N/A: ;;;I. Morgan;cap.;;;;;— Indianos en 4 dias vap. amer. W. G. Haws, cap. I. Morgan. tone. 4'6, trip. 25, con ganado vaquino, à Mo Kellar, Lillig y C.;amer.;W. G. Haws;;;vap.;1876_04_30;Indianos;;
Día 1:;;N/A:  | N/A:  | N/A: ;;;I. Hanson;cap.;;;;;— Matanzas en 1 dia berg. amer. J. Brightman, cap. I. Hanson, tone. 281, trip. 9, en lastre, à Durruty Chaffraix y comp.;amer.;J. Brightman;;;berg.;1876_04_30;Matanzas;;
Día 38:;;N/A: ;;;I.;cap.;;;;;"— Liverpool en 38 dias berg. am. Adalí E. Sleeper, cap. I. p. 190, trip. 11; con carbon de piedra, à la Comp. cap. del gaa.";am.;Adalí E. Sleeper;;;berg.;1876_04_30;Liverpool;;
Día 49:;;N/A: ;;;I. Bartlett;cap.;;;;;— Liverpool en 49 dias gol. amer. Joseph W. Bartlett, cap. I. Bartlett, tone. 384, trip. 10, con carbon de piedra, à la Comp. cap. del gaa.;amer.;Joseph W. Bartlett;;;gol.;1876_04_30;Liverpool;;
Día 61:;;;;;;;;;;;De Barcelona y Algeciras en 61 dias barg. esp. D. Franc-;esp.;D. Franc-;;;barg.;1876_05_02;Barcelona y Algeciras;;
Día 45:;;;;;Estopíñi;cap.;;;;;—Valencia en 45 dias berg. esp. Cid cap. Estopíñi,;esp.;Cid;;;berg.;1876_05_02;Valencia;;
Día 3:;;;;;;cap.;;;;;—New Orleans en 3 dias vap. am. Chas. W. Lord, cap.;am.;Chas. W. Lord;;;vap.;1876_05_02;New Orleans;;
Día 9:;;N/A: ;;;Cacho;cap.;;;;;De Kingston, Jamaica) y Santiago de Cuba en 9 dias vap. cap. Alicante, cap. Cacho, tona. 450, trip. 26, con efectos de cabotaje, a R. de Herrera -Paraj 33;;;;;vap.;1876_05_03;Kingston, Jamaica;;
Día 41:;;N/A: ;;;Whitmore;cap.;;;;;- Liverpool en 41 dias berg. am. Mary Gibbs, cap. Whitmore, tona. 292, trip. 9, con carbou de piedra, a la Compania espa?a? del Gas.;am.;Mary Gibbs;;;berg.;1876_05_03;Liverpool;;
Día 5:;;N/A: ;;;Phillips;cap.;;;;;- Veracruz, Campecho y Progreso en 5 dias vap. am. Oly of Havana, cap. Phillips, tour. 1:00, trip. 50, con efectos, a Zaldo y op.-Passaj. 44.;am.;Oly of Havana;;;vap.;1876_05_03;Veracruz, Campecho y Progreso;;
;;;;;Cooksay;cap.;;;;;Tyrphahnock. cap. Cooksay, tons. 48), trip. 16, con;;Tyrphahnock;;;tons.;1876_05_04;;;
Día 42:;;N/A: ;;;Isabel;cap.;;;;;De Londres y L'Orient en 42 días del último boa. cap. Isabel, cap. Oñate, tona. 291, trip. 13, con carga general, á Clarke y op.;;L'Orient;;;;1876_05_05;Londres;;
Día 47:;;N/A: ;;;Leonor Troncoso;cap.;;;;;— Glasgow en 47 días berg. gol. cap. Leonor Troncoso, cap. Onalde, tons. 308, trip. 13, con merocancias, á Brown y op.;gol.;;;;berg.;1876_05_05;Glasgow;;
Día 44:;;N/A: ;;;Virgilio;cap.;;;;;— Liverpool en 44 días berg. ing. Medina, cap. Virgilio, tons. 348, trip. 8, con carbon de piedra, á la Compañía Española del gas.;ing.;Medina;;;berg.;1876_05_05;Liverpool;;
Día 43:;;N/A: ;;;Carter;cap.;;;;;—Liverpool en 43 dias berg. amer. Sarah & Emme, cap. Carter, ton. 213, trip. 9, con carbon de piedra, à la compañía española del gas.;amer.;Sarah & Emme;;;berg.;1876_05_06;Liverpool;;
Día 1:;;N/A: ;;;Peacon;cap.;;;;;Cayo Htero en 1 dia gol. amer. Union. cap. Peacon, ton. 97, trip. 8, con ganado vacuno, à Boilag y Bongerio.;amer.;Union;;;gol.;1876_05_06;Cayo Htero;;
Día 4:;;N/A: ;;;Andersen;cap.;;;;;—Glasgow en 109 41-4 berg. nor Gazollon. cap. Andersen, ton. 250, trip. 4, con carbon de piedra, à la Compañía española del gas.;nor;Gazollon;;;berg.;1876_05_06;Glasgow;;
Día 70:;;N/A: ;;;Dart;cap.;;;;;Do New Castle en 70 dias berg. ing. Eliza, cap. Dart, ton. 319, trip. 9, con carbon de piedra. À la Compañía española del gas.;ing.;Eliza;;;berg.;1876_05_07;New Castle;;
Día 17:;;N/A:  | N/A:  | N/A:  | N/A: ;;;Piummer;cap.;;;;;— Wiscasset en 17 dias gol. am. John H. Converse, cap. Piummer, ton. 893, trip. 8, con cortes de caja y maderas, & Zaldo y cp.;am.;John H. Converse;;;gol.;1876_05_07;Wiscasset;;
Día 18:;;N/A:  | N/A: ;;;Gover;cap.;;;;;— New York en 18 dias bca. amer. Elba, cap. Gover, tons. 317, trip. 10, con efectos, & Hamil, Hijos y Op.;amer.;Elba;;;bca.;1876_05_07;New York;;
Día 34:;;N/A: ;;;Dunson;cap.;;;;;— Veracruz en 34 dias vap. lag. Ebro, cap. Dunson, ton. 839, trip. 73, con efectos, & J. V. Crawford.;lag.;Ebro;;;vap.;1876_05_07;Veracruz;;
Día 4:;;N/A: ;;;Stow;cap.;;;;;Do Indiano en 4 días vap. am. Austin, cap. Stow, ton.;am.;Austin;;;vap.;1876_05_09;Indiano;;
Día 64:;;;;;Elvira;cap.;;;;;— Mercedes (Uruguay) en 64 días berg. cap. Elvira, cap.;;Mercedes;;;berg.;1876_05_09;Uruguay;;
Día 33:;;N/A:  | N/A:  | N/A: ;;;Gray;cap.;;;;;— Aspluwall en 33 días vap. am. Acapulco, cap. Gray, ton. 2572, trip. 70, cnc carga de transito para New York, á Fraucke y op.—Pasaj. 6 para esta y 185 de tránsito.;am.;Acapulco;;;vap.;1876_05_09;Aspluwall;;
Día 48:;;;;;Copenh.;cap.;;;;;— Liverpool en 48 días berg. am. Daphno, cap. Copenh.;am.;Daphno;;;berg.;1876_05_09;Liverpool;;
Día 46:;;N/A: ;;;Gervoir;cap.;;;;;— Liverpool en 46 días berg. ing. Sabina, cap. Gervoir, ton. 241, trip. 8, con carbon de piedra á la Compañía española del gas.;ing.;Sabina;;;berg.;1876_05_09;Liverpool;;
Día 5½:;;N/A:  | N/A:  | N/A: ;;;Sherwood;cap.;;;;;— New York en 5½ días vap. am. City of Mexico, cap. Sherwood, ton. 1026, trip. 40, con efectos á Zaldo y cp.—Pasaj. 7 para esta y 6 de tránsito.;am.;City of Mexico;;;vap.;1876_05_09;New York;;
Día 19:;;N/A:  | N/A: ;;;Mattson;cap.;;;;;— Halifax en 19 días berg. lug. Woodcock, cap. Mattson, ton. 181, trip. 8, con bocalo y maderas á Lawton Hnos.;lug.;Woodcock;;;berg.;1876_05_09;Halifax;;
Día 50:;;N/A:  | N/A:  | N/A:  | N/A: ;;;Lladró;cap.;;;;;— Barcelona en 50 días berg. 640 Arrogante Emilio, cap. Lladró, ton. 241, trip. 12, con frutos á Albert, Cartó y op.;;Arrogante Emilio;;;berg.;1876_05_09;Barcelona;;
Día 45:;;N/A:  | N/A:  | N/A: ;;;Sltgaa;cap.;;;;;— Barcelona y Almería en 45 días del último gol. cap. de 3 palos Trinidad, cap. Sltgaa, ton. 273, trip. 12, con tortas á Bouda y cp.;;Trinidad;;;gol.;1876_05_09;Barcelona y Almería;;
Día 4:;;N/A: ;;;Schage;cap.;;;;;— Cardiff en 4 días bra. nor. Aaleaund, cap. Schage, tons. 282, trip. 10, con carbon de piedra, á Lopez, Ferrer y Cª.;nor.;Aaleaund;;;bra.;1876_05_09;Cardiff;;
Día 44:;;N/A: ;;;Oliver;cap.;;;;;De Montevideo y Pacito Rico on 44 dias pol. esp. Isab. ita, cap. Oliver, top. 162, trlp. 15, con ganado mular. 4 L. Solery y comp.;esp.;Isab. ita;;;pol.;1876_05_12;Montevideo y Pacito Rico;;
Día 15:;;N/A:  | N/A: ;;;Corbett;cap.;;;;;De Filadelfia en 15 dias bg. am. Lena Thurlow, capitan Corbett, tons. 301, trip. 9, con carbon de piedra y otros efectos, á Sauvallé, Fielay y Cp?;am.;Lena Thurlow;;;bg.;1876_05_13;Filadelfia;;
Día 21:;;N/A:  | N/A:  | N/A:  | N/A: ;;;Offret;cap.;;;;;— St. Nazario, Santander y St. Thomas en 21 dias viaj por franco. Ville de Bordeaux, cap. Offret, tons. 1066 trip. 330, con efecto, á Durruty, Chaffraix y C?—Pasajeros 23 para esta y 28 de tránsito.;;Ville de Bordeaux;;;franco;1876_05_13;St. Nazario;;
Día 43:;;N/A:  | N/A:  | N/A: ;;;Bastarrechea;cap.;;;;;— Santander en 43 dias boa. cap. Carmencita, capitan Bastarrechea, tons. 215, trip. 12, con harina, á G. Gabacho.;;Carmencita;;;boa.;1876_05_13;Santander;;
Día 50:;;N/A: ;;;Villa;cap.;;;;;— Montevideo on 50 dias bg. esp. Villasar, cap. Villa, tons. 232, trip. 13, con tasajo, á B. Balcells.;esp.;Villasar;;;bg.;1876_05_13;Montevideo;;
Día 44:;;N/A:  | N/A:  | N/A:  | N/A: ;;;Dome- nech;cap.;;;;;— Santander en 44 dias boa. esp. Panamá, cap. Dome- nech, tons. 220, trip. 13, con harina, á Samá, Soto longo y op.;esp.;Panamá;;;boa.;1876_05_13;Santander;;
Día 52:;;N/A:  | N/A:  | N/A: ;;;Bourliz;cap.;;;;;De Cadd y Matanzas en 52 dias boa. esp. Alianza, cap. Bourliz, tons. 319, trip. 11, con frutos à Marzan hermanos - la asaja 1.;esp.;Alianza;;;boa.;1876_05_16;Cadd y Matanzas;;
Día 1:;;N/A: ;;;Irving;cap.;;;;;- Cayo Hueso en 1 dia goleta am. M. N. Lindsey, cap. pitan Irving, tons. 108 trip. 13, con ganado vacuno, & P. F. de Castro.;am.;M. N. Lindsey;;;goleta;1876_05_16;Cayo Hueso;;
Día 1:;;N/A: ;;;Peacock;cap.;;;;;- Cayo Hueso en 1 dia gol. amer. Union, cap. Peacock, tons. 166, trip. 9, con ganado vacuno, à Bollag y Bonguero.;amer.;Union;;;gol.;1876_05_16;Cayo Hueso;;
Día 1:;;N/A: ;;;Curry;cap.;;;;;- Cayo Hueso en 1 dia viv. am. Danutless, cap. Curry, tons. 36, trip. 6, con pescado vivo, à M. Snares.;am.;Danutless;;;viv.;1876_05_16;Cayo Hueso;;
Día 45:;;N/A: ;;;Carter;cap.;;;;;- Marzella y Sagus en 45 dias berg. ing. Flying Sond, cap. Carter, tons. 341, trip. 8, con carga general, à Bolfy y Chaumery.;ing.;Flying Sond;;;berg.;1876_05_16;Marzella y Sagus;;
Día 4:;;N/A:  | N/A:  | N/A:  | N/A: ;;;Hill;cap.;;;;;- Indianane en 4 dias vap. am. Gussle, cap. Hill, tons. 401, trip. 25, con ganado vacuno & Mo Kellar, Lüting y op.;am.;Gussle;;;vap.;1876_05_16;Indianane;;
Día 3:;;N/A:  | N/A:  | N/A: ;;;Llorca;cap.;;;;;- Punta Rasa y Cayo Hueso en 3 dias vapor esp: Lluza, cap. Llorca, tons. 50, trip. 20, con ganado vacuno, à Chba. Goicoechea y comp.;esp;Lluza;;;vapor;1876_05_16;Punta Rasa y Cayo Hueso;;
Día 54:;;N/A:  | N/A: ;;;Crowell;cap.;;;;;- N. York en 54 dias vap. am. Wilmington, cap. Crowell, tons. 895, trip. 32, con efectos, à Mo Kellar, Lüting y cp. - Pasaja 7.;am.;Wilmington;;;vap.;1876_05_16;N. York;;
Día 44:;;N/A: ;;;Spear;cap.;;;;;- Cardiff en 44 dias berg. amer. Samuel Welsh, cap. Spear, tons. 505, trip. 10, con carbon de piedra, à López, Ferrer y op.;amer.;Samuel Welsh;;;berg.;1876_05_16;Cardiff;;
Día 52:;;N/A:  | N/A: ;;;Bourge;cap.;;;;;De Montevideo y Harbada en 52 da. bcs. franco. Admiral Jurion de la Graviere, cap. Bourge, tons. 412, trip. 15. con ganado mular, ás. orden.;;Admiral Jurion de la Graviere;;;franco;1876_05_17;Montevideo y Harbada;;
Día 5:;;N/A:  | N/A:  | N/A: ;;;Timmorn;oplian;;;;;— N. York on 5 dias vap. am. City of New York, oplian Timmorn, tons. 1760, trip. 46, con efectos, 4 Zaldo y op. Pasajeros 11.;am.;City of New York;;;vap.;1876_05_17;N. York;;
Día 30:;;N/A: ;;;Eoharri;cap.;;;;;"De Liverpool en 30 dias boa. esp. Amigos, cap. Eoharri; ton. 380; trip. 12, con carga general a Morion-Non Hnos.";esp.;Amigos;;;boa;1876_05_18;Liverpool;;
Día 50:;;N/A: ;;;Diez;cap.;;;;;—Cidis y Cárdenas en 50 dias berg. esp. Anoíla, cap. Diez, ton. 88, trip. 9, con frutos a Marzan Hnos.—;esp.;Anoíla;;;berg.;1876_05_18;Cidis y Cárdenas;;
Día 55:;;N/A: ;;;Randall;cap.;;;;;— Liverpool on 55 dias bca. am. Ybis, cap. Randall, tons. 393, trip. 10, con carbon du piedra, à la Comp. esp. del gas.;am.;Ybis;;;bca.;1876_05_21;Liverpool;;
Día 34:;;N/A:  | N/A:  | N/A: ;;;Offet;cap.;;;;;— Veronuz en 34 dias vap. franc. Villo do Bordeaux, cap. Offet, ts. 000, trip. 110, con efectos, à Dorrut, Chafraix y comp- Pasaj. 39 para esta y 57 de tránsito.;franc.;Villo do Bordeaux;;;vap.;1876_05_23;;;
Día 6:;;N/A: ;;;Baker;cap.;;;;;-New-Orleans y Cayo Hincu en 6 dias vap. amar. Margaret cap. Baker, tons. 593, trip. 21, con efectos, a J. V. on Hnos. Pasajeros 9.;amar.;Margaret;;;vap.;1876_05_24;New Orleans;;
Día 5:;;N/A:  | N/A: ;;;Road;cap.;;;;;--New-York en 5 dias vap. amar. Columbus, cap. Road, tons. 813, trip. 44, con efectos a Mo. Koiar, Lill- ing y Cp. Pasajeros 92.;amar.;Columbus;;;vap.;1876_05_24;New-York;;
Día 43:;;;;;;cap.;;;;;Torrejuela y Cardenas en 43 dias pol. cip. Ina, cap.;cip.;Ina;;;pol.;1876_05_25;Torrejuela y Cardenas;;
Día 22:;;;;;Marta;cap.;;;;;Barcelona y Ma'aga en 22 dias vap. cap. Marta cap.;;;;;vap.;1876_05_25;Barcelona;;
Día 41:;;N/A: ;;;Hill;cap.;;;;;De Indianola en 41 dias vap. amer. Gussle, cap.- Hill, tons. 404, trip. 23, con ganado vacuno, a Mo Kellar, Lülling y op.;amer.;Gussle;;;vap.;1876_05_26;Indianola;;
Día 64:;;N/A: ;;;Palmer;cap.;;;;;— New York en 64 dias vap. amer. Cuba, cap. Palmer, tons. 1015, trip. 39, con efectos, a Zaldo y op.;amer.;Cuba;;;vap.;1876_05_26;New York;;
Día 3:;;N/A:  | N/A: ;;;Griffin;cap.;;;;;— Colon en 3 dias vap. amar. Colón, cap. Griffin, tons. 264, trip. 70, con carga de tránsito para New York, & Francé, op.—Pasajes 108 de tránsito.;amar.;Colón;;;vap.;1876_05_26;Colon;;
Día 1:;;N/A: ;;;Hahrt;cap.;;;;;— Caño Hueso en 1 dia gol. amar. M. N. Lindsey, cap. Hahrt, tons. 108, trip. 7, con ganado vacuno, a P. F. de Castro.;amar.;M. N. Lindsey;;;gol.;1876_05_26;Caño Hueso;;
Día 15:;;N/A:  | N/A: ;;;Ricker;cap.;;;;;De Galveston en 15 dias gol. amar. George Sozly, cap. Ricker, ton. 275. trip. 10, con ganado vacuno, & Lawton Ha.;amar.;George Sozly;;;gol.;1876_05_27;Galveston;;
Día 13:;;N/A:  | N/A: ;;;Justa, cap. Villaamil;cap.;;;;;De Santander y Matanzas en 13 días borg. cap. Justa, cap. Villaamil, tons. 109, trip. 6, con efectos, á J. Boada y Cp.-Pasaj. 2.;;;;;borg.;1876_05_30;Santander y Matanzas;;
Día 17:;;N/A:  | N/A: ;;;Sparks;cap.;;;;;—New York en 17 días berg. amer. Casotell, capitán Sparks, tons. 422, trip. 9, con hono. á L. Mujarista.;amer.;Casotell;;;berg.;1876_05_30;New York;;
Día 4:;;N/A: ;;;Stow;cap.;;;;;—Indianola en 4 días vap. am. Austin, cap. Stow, toneladas 478, trip. 24, con ganado vacuno, á Mo Kellar, Líb. y Cp.;am.;Austin;;;vap.;1876_05_30;Indianola;;
Día 6:;;N/A:  | N/A:  | N/A:  | N/A: ;;;Phillips;cap.;;;;;—New York en 6 días vap. amer. City of Havana, con- viten Phillips, tons. 1.700, trip. 49, con efectos, á Zaldo y Cp. Pasaj. 14 para 6 días y 8 de tránsito.;amer.;City of Havana;;;vap.;1876_05_30;New York;;
Día 19:;;N/A: ;;;Gracia;cap.;;;;;—Liverpool en 19 días vap. cap. Gracia, cap. Erzume, tons. 465, trip. 36, con carga general, á N. Deniofen.;;;;;vap.;1876_05_30;Liverpool;;
Día 16:;;N/A:  | N/A:  | N/A:  | N/A:  | N/A:  | N/A: ;;;Colson;cap.;;;;;De New York en 16 dias boa. amer. T. K. Weldon, cap. Colson. tons. 330, trip. 10, con beno, 4 Hamel, hijos y cp.;amer.;T. K. Weldon;;;boa.;1876_05_31;New York;;
Día 2:;;N/A:  | N/A:  | N/A: ;;;Drakon;cap.;;;;;— New York en 2 dias vap. amer. City of Veracruz. cap. Drakon, tons. 1,795, trip. 47, con esfocos, 4 Zaldo y Cp.;amer.;City of Veracruz;;;vap.;1876_05_31;New York;;
Día 7:;;N/A:  | N/A:  | N/A:  | N/A: ;;;Co- walt;cap.;;;;;Da New York en 7 días vap. long King Arthur cap. Co- walt, ton. 1007. trip. 30, conef. etes 6 B. Horros y n. Pa. 2.;;King Arthur;;;vap.;1876_06_02;New York;;
Día 12:;;N/A:  | N/A:  | N/A: ;;;Martinez;cap.;;;;;-- Tn. 12 días berg. cap. San Antonio, capitan Martinez, ton 110, trip. 9, en lastro à Chia, Goicochea y cp--Pa. 2.;;San Antonio;;;berg.;1876_06_02;Chia;;
Día 8:;;N/A:  | N/A:  | N/A:  | N/A: ;;;;;;;;;De Cl Língoz en 8 días barca esp. Paz. o.p. Aldococas, ton 2:0, trip. 12, en lastr, á Brown y comp:;esp.;Paz. o.p. Aldococas;;;barca;1876_06_03;Cl Língoz;;
Día 11:;;N/A: ;;;Cacho;cap.;;;;;— Kingston (Jamaica) y escañas en puntos de esta isla en 11 días, vap. o.p. Allcante, cap. Cacho, tons. 319, trip. 36, con efectos, á R. de Herrera.;o.p.;Allcante;;;vap.;1876_06_03;Kingston (Jamaica);;
Día 3:;;N/A:  | N/A:  | N/A: ;;;Colton;cap.;;;;;— New Orleans en 3 días vap. amer. Chas. W. Lord, capitan Colton, tons. 1,015, trip. 25, con efectos, á G. No. Leon.;amer.;Chas. W. Lord;;;vap.;1876_06_03;New Orleans;;
Día 1:;;N/A: ;;;Carry;cap.;;;;;De Caro Hueso en 1 dia viv. am. In Time, cap Carry, ton. 31. trip. 6, con pescado vivo, à M. Suarez, ton. 31. trip. 6, con pescado vivo, à M. Suarez.;am.;In Time;;;viv.;1876_06_04;Caro Hueso;;
Día 55:;;N/A: ;;;Lule;cap.;;;;;— Montevideo en 55 dias berg. cap. Lule, cap. J. Miguel, ton. 237, trip. 13, con ganado mular, à Perta, Kawon y op. — Passj. 1.;;;;;berg.;1876_06_04;Montevideo;;
Día 2:;;N/A: ;;;Peon;cap.;;;;;— Cayo Hueso y Punta Rasa en 2 dias gol. am, Union, cap. Peon, ton. 106, trip. 10, con ganado vacuno, à Rolle y Regnerio.;am;Union;;;gol.;1876_06_04;Cayo Hueso y Punta Rasa;;
Día 16:;;N/A: ;;;Salicidas;cp.;;;;;De Progreso en 16 dias berg. esp. Brau'io y Vicente, cp. Salicidas, ton. 134, trip. 9, con campechoria, á M. de Arce y comp.;esp.;Brau'io y Vicente;;;berg.;1876_06_06;Progreso;;
Día 29:;;N/A: ;;;Llakor;cap.;;;;;San Juan do Terranova en 29 dias berg. inglés L. Kionard, cap. Llakor, ton. 107, trip. 7, con bacalao, á Layton Hs.;inglés;L. Kionard;;;berg.;1876_06_06;San Juan do Terranova;;
Día 13:;;N/A:  | N/A:  | N/A:  | N/A: ;;;Bedia;cap.;;;;;Campeche on 13 dias gol. mej. Nuestra Señora del Carmen, cap. Bedia, ton. 53, trip. 8, con cacao y café, á J. de la Portilla—Parg. 3.;mej.;Nuestra Señora del Carmen;;;gol.;1876_06_06;Campeche;;
Día 5:;;N/A:  | N/A:  | N/A:  | N/A: ;;;Gusey;cap.;;;;;De Indiana en 5 días cap. am. Gusey, oap. Hill, to- necladas 404, trip 25, con ganado vacuno, 4 Mc Keb- Bar, Lifting y cp.;am.;;;;;1876_06_07;Indiana;;
Día 6:;;N/A: ;;;Crewell;cap.;;;;;— New York en 6 dias vap. amer. Wilmington, capitan Crewell, tons. 895, trip. 32, con efectos, à Mc Kellar, Luling y Cp.—Pasaj. 9.;amer.;Wilmington;;;vap.;1876_06_08;New York;;
Día 6:;;N/A:  | N/A: ;;;Biker;cap.;;;;;— New Orleans y Cayo Hueso en 6 dias vap. americano Margaret, cap. Biker, trou. 508, trip. 21, con efectos à Lawton Hnos.—Pasaj. 27.;americano;Margaret;;;vap.;1876_06_08;New Orleans;;
Día 60:;;N/A: ;;;Magin;cap.;;;;;De Montevideo y P. Rico en 60 dias berg. cap. Magin, op. Gianja, ton 215, trip. 15, con ganado mular a la orden.;;Gianja;;;berg.;1876_06_09;Montevideo y P. Rico;;
Día 60:;;N/A:  | N/A: ;;;Gazá;cap.;;;;;—Palma de Mallorca en 60 dias berg. esp. Lealtad, cap. Gazá, ton. 277, trip. 15, con frutos á T. Benitos y op.;esp.;Lealtad;;;berg.;1876_06_09;Palma de Mallorca;;
Día 61:;;N/A: ;;;pitan Beach;cap.;;;;;—Palma de Mallorca en 61 dias pol. esp. Trinidad, cap. pitan Beach, ton. 121, trip. 10, con frutos, á J. Pujol y op.;esp.;Trinidad;;;pol.;1876_06_09;Palma de Mallorca;;
Día 183:;;N/A:  | N/A: ;;;Lastra;cap.;;;;;—Santander, Cornha y P. Rico en 183, dias vap. corteo cap. Santander, cap. Lastra, ton. 568, trip. 102, con frutos y correspondencia, á Samá, Sotolongo y op.—Pac. 1672;;corteo;;;vap.;1876_06_09;Santander;;
Día 1:;;N/A: ;;;Roberta;cap.;;;;;—C. Hueso en 1 dia gol. am. Harriet Maria, cap. Roberta, ton. 23, trip. 6, con ganado vaqueno, á Alegrét y Pastoll.;am.;Harriet Maria;;;gol.;1876_06_09;C. Hueso;;
Día 1:;;N/A: ;;;Rocker;cap.;;;;;—C. Hueso en 1 dia gol. am. Ase Eldridge, cap. Rocker, ton. 91, trip. 6, con ganado vaqueno, á M. Suarez.;am.;Ase Eldridge;;;gol.;1876_06_09;C. Hueso;;
Día 45:;;N/A: ;;;Leaston;cap.;;;;;De Cádiz y Santa Cruz de Tenerife en 45 días berg. gol. esp. Joaquina Barreras. cap. Leaston, ton. 130, trip. 9, con frutas, á A. Serpa.;esp.;Joaquina Barreras;;;berg.;1876_06_10;Cádiz y Santa Cruz de Tenerife;;
Día 37:;;N/A:  | N/A:  | N/A: ;;;Llorens;cap.;;;;;De Ambores en 37 dias bca. esp. Rosa, cap. Llorens, to-noladas 416, trip. 14, con carga general, 4 Brown y comp.;esp.;Rosa;;;bca.;1876_06_14;Ambores;;
Día 34:;;N/A:  | N/A: ;;;Soavilla;cap.;;;;;—- Sta. Cruz de la Palma en 34 dias, berg. esp. Rosario, cap. Soavilla, tona. 147, trip. 12, con frutos & A. Serpa.;esp.;Rosario;;;berg.;1876_06_14;Sta. Cruz de la Palma;;
Día 18:;;N/A:  | N/A:  | N/A: ;;;Ias-d;cap.;;;;;—- Philadelphia en 18 dias, gol. amer. Lucy D., cap. Ias-d, tons. 23, trip. 7, con maderas y carbon de piedra, & Hamel, hijos y t.p.;amer.;Lucy D.;;;gol.;1876_06_14;Philadelphia;;
Día 8:;;N/A: ;;;Daniel's;cap.;;;;;—- New-York y Nassau en 8 dias, vap. amer. Loo, cap. Daniel's, tons. 923, trip. 32, con efectos, a Hamel, hl-joy y Op.;amer.;Loo;;;vap.;1876_06_14;New-York;;
Día 37:;;N/A:  | N/A:  | N/A: ;;;Ixelias;cap.;;;;;Cadas y Sta. Cruz de Tenerifo en 37 dias bca. espa-rola Nueva Barreras, cap. Ixelias, tons. 295, trip. 11, con frutos, & A. Serpa.;espa-rola;Nueva Barreras;;;bca.;1876_06_14;Cadas y Sta. Cruz de Tenerifo;;
Día 52:;;N/A: ;;;Luz;cap.;;;;;—- Londres en 52 dias bca. cap. Luz, cap. Moran, tons. 237, trip. 14, con carga general, & G. Neilson;;;;;bca.;1876_06_14;Londres;;
Día 50:;;N/A: ;;;Segura;cap.;;;;;—- Ambore in 50 dias bca. esp. Familia, cap. Segura, tons. 370, trip. 12, con carga general, & J. Demestre.;esp.;Familia;;;bca.;1876_06_14;Ambore;;
Día 42:;;N/A: ;;;Kelly;cap.;;;;;—- Ardozain en 42 dias bca. ing. Jesaie Goodwin, cap. Kelly, tons. 337, trip. 10, con carbón de piedra, & M. Martínez.;ing.;Jesaie Goodwin;;;bca.;1876_06_14;Ardozain;;
Día 5:;;N/A:  | N/A: ;;;Sherwood;cap.;;;;;Veracruz, Campesco y Progreso en 5 dias vap. am. City of Mexico cap. Sherwood, tons. 1027, trip. 46, con efectos, & Zalio y Op. — Passajeros 27.;am.;City of Mexico;;;vap.;1876_06_14;Veracruz;;
Día 50:;;N/A: ;;;'Anaco-Ing;cap.;;;;;—- Liverpool en 50 dias vap. esp. Gurtalay, cap. 'Anaco-Ing, tons. 380, trip. 26, con carga general, & R. Marqueto y Op.;esp.;Gurtalay;;;vap.;1876_06_14;Liverpool;;
Día 5:;;N/A:  | N/A:  | N/A:  | N/A: ;;;Reed;cap.;;;;;—- N. York en 5 dias vap. am. Columbus, cap. Reed, tons. 1730, trip. 43, con efectos, & Mo Kellar, Lülling y Op.;am.;Columbus;;;vap.;1876_06_14;N. York;;
Día 34:;;N/A:  | N/A:  | N/A:  | N/A:  | N/A:  | N/A: ;;;Maresa;cap.;;;;;"De Alvarado en 34 dias vap. esp. Alba, cap. Maresa; toma. 343, trip. 25, en laitre, & Aleman, Aball y comp.";esp.;Alba;;;vap.;1876_06_15;Alvarado;;
Día 96:;;N/A: ;;;Lazor;cap.;;;;;Del Callao (Perú) en 96 días bca. franco. Tanjora, cap. Lazor, tons. 479, trip. 14, con grano, à I. M. Zangroniz.;franco;Tanjora;;;bca.;1876_06_16;Callao (Perú);;
Día 1:;;N/A: ;;;Ferrer;cap.;;;;;— Buenos Aires y Matanzas on 1 día del último barco esp. Linda cap. Ferrer, tons. 319, trip. 15, con ta-sajo, à J. Balcells.;esp.;Linda;;;esp.;1876_06_16;Buenos Aires y Matanzas;;
Día 44:;;N/A: ;;;Aduris;cap.;;;;;— Sevilla en 44 días borg. esp. San José, cap. Aduris, tons. 195, trip. 13, con frutos, à J. de la Portilla— Pasaje 4.;esp.;San José;;;borg.;1876_06_16;Sevilla;;
Día 45:;;N/A:  | N/A: ;;;Ibiza- gabelita;cap.;;;;;— Liverpool en 45 días berg. esp. Raache, cap. Ibiza- gabelita, tons. 150 trip. 9, con carga general, à E. Mathias y cp.;esp.;Raache;;;berg.;1876_06_16;Liverpool;;
Día 56:;;N/A: ;;;Estes;cap.;;;;;— Glasgow en 56 días bca. amer. Waldo, cap. Estes, tons. 440, trip. 10, con carbon de piedra, à la Compañía de las dels.;amer.;Waldo;;;bca.;1876_06_16;Glasgow;;
Día 9:;;N/A:  | N/A:  | N/A:  | N/A: ;;;Maristany;cap.;;;;;— Buenos Aires y Matauzas en 9 días del último berg. esp. Timoteo 3º, cap. Maristany, tons. 272, trip. 14, con tasajo, à Perta, Ramon y op.;esp.;Timoteo 3º;;;berg.;1876_06_16;Buenos Aires y Matauzas;;
Día 26:;;N/A:  | N/A:  | N/A:  | N/A: ;;;Morales;cap.;;;;;— Santa Cruz de la Palma en 26 días bca. esp. Verd, cap. Morales, tons. 197, trip. 22, con frutos, à A. Serpa— Pasaje 40.;esp.;Verd;;;bca.;1876_06_16;Santa Cruz de la Palma;;
Día 54:;;N/A: ;;;Ugarriza;cap.;;;;;— Ambóre y Santander en 54 días del último berg. esp. Popita y Vicenta, cap. Ugarriza, tons. 208, trip. 11, con carga general, à E. Mathias y compañía.;esp.;Popita y Vicenta;;;berg.;1876_06_16;Ambóre y Santander;;
Día 2:;;;;;;;;;;;De St John (N. B.) y Matanzas on 2 dias del ultimo gol.;;;;;gol.;1876_06_17;St John (N. B.) y Matanzas;;
Día 1:;;N/A:  | N/A:  | N/A:  | N/A: ;;;Rius;cap.;;;;;De Buenos Aires y Matanzas en 1 día del último berg. cap. Presidenta, cap. Rius, tons. 140, trip. 11, con tasaio, á Samí, Botolonge y Op.;;Presidenta;;;berg.;1876_06_18;Buenos Aires y Matanzas;;
Día 67:;;N/A:  | N/A:  | N/A:  | N/A: ;;;Galileo;cap.;;;;;—Montevideo y Matanzas en 67 días berg. cap. Galileo, cap. Villa, tcn. 230, trip. 11, con tasaio, á Samí, Soñolongo y op.;;;;;berg.;1876_06_18;Montevideo y Matanzas;;
Día 3:;;;;;;cap.;;;;;De New Orleans en 3 días vap. am. Chas W. Lord, capi-;am.;Chas W. Lord;;;vap.;1876_06_20;New Orleans;;
Día 43:;;;;;Hill;cap.;;;;;—Indiánia en 43 días vap. am. Guasie, cap. Hill to-;am.;Guasie;;;vap.;1876_06_20;Indiánia;;
Día 2:;;;;;Lul;cap.;;;;;—Cayo Hueso y Punta Rasa en 2 días vap. cap. Lul-;;;;;vap.;1876_06_20;Cayo Hueso y Punta Rasa;;
;;N/A: ;;;Lorca;cap.;;;;;en, cap. Lorca, tons. 50, trip. 19, con ganado vacu-;;;;;;1876_06_20;;;
Día 46:;;N/A:  | N/A: ;;;Uribe;cap.;;;;;De Santander en 46 dias barcos cap. Uribe, cap. Uribe, tons 233, trip. 11, con harina y otros efectos, a G. de Gabescho.;;;;;barcos;1876_06_21;Santander;;
Día 5:;;N/A:  | N/A:  | N/A: ;;;Decken;cap.;;;;;New York en 5 dias vap. amer. City of Veracruz, cap. Decken, tons. 1,733, trip. 48, con elotes. 4 Zaldo y cp.;amer.;City of Veracruz;;;vap.;1876_06_21;New York;;
Día 10:;;N/A: ;;;Fernandes;cap.;;;;;De Lndres en 10 dias barcos cap. Nueva Pastorm, cap. Fernandes, tons. 195, trip. 10, con carga general, a Ulark y op.;;Nueva Pastorm;;;barcos;1876_06_21;Lndres;;
Día 24:;;N/A:  | N/A:  | N/A:  | N/A: ;;;Anders;cap.;;;;;Filadelfia en 24 dias berg. am. Lorg Reach, cap. Anders, tons. 218, trip. 8, con tenencia y otros efectos, a Heimel, hilos y op.;am.;Lorg Reach;;;berg.;1876_06_21;Filadelfia;;
Día 37:;;N/A:  | N/A: ;;;Pope;cap.;;;;;Sant Ors de Tenerife en 37 dias berg. cap. Pope, cap. Bayona, tons. 161, trip. 7, con cebollas y leche, a J. de la Fertilla y op. Paseo, 3.;;Sant Ors;;;berg.;1876_06_21;Tenerife;;
Día 1:;;N/A:  | N/A: ;;;Curry;cap.;;;;;De Cayo Hueso en 1 dia viv. am. Danuttes, cap. Curry, ton. 36, trip. 5, con pescado vivo & M. Suarez.;am.;Danuttes;;;viv.;1876_06_22;Cayo Hueso;;
Día 2:;;N/A:  | N/A: ;;;Lo-we;cap.;;;;;— Cayo Hueso en 2 diar. gol. am. Braugard cap. Lo- we, ton. 56, trip. 6, con ganado vacuno & M. Suarez.;am.;Braugard;;;gol.;1876_06_22;Cayo Hueso;;
Día 3:;;N/A:  | N/A:  | N/A: ;;;Bocker;cap.;;;;;— Cato Inno y Panta Rasa on 3 dias gol. nmer. Aa Eldridge, cap Bocker, tons. 81, trip. 6, con gerao vacuo, 4 M. Suarez.;;Cato Inno y Panta Rasa;;;gol.;1876_06_23;;;
Día 7:;;N/A: ;;;Morgan;cap.;;;;;— Indian va en 7 dias cap. amer. Wm. G. Howes, cap. Morgan, tons. 487, trip. 25, con ganado vacuno, 4 M. Kollar. Lüing y Co.;amer.;;;;Indian;1876_06_23;;;
Día 31:;;N/A:  | N/A: ;;;Sare;cap.;;;;;Do New York en 31 dias berg. ing. Floronos, cap. Sare, tons. 250, trip. 8, con maiz y heno, á P. de la Bircan.;ing.;Floronos;;;berg.;1876_06_24;New York;;
Día 1:;;N/A: ;;;Buckley;cap.;;;;;Cayo Hueso en un dia virreo americano Rio, cap. Buckley, tons. 54, trip. 7, con poscado vivo, á M. Sazares.;americano;Rio;;;virreo;1876_06_24;Cayo Hueso;;
Día 21:;;N/A:  | N/A:  | N/A:  | N/A:  | N/A:  | N/A: ;;;Willey;cap.;;;;;New York en 21 dias berg. amer. Ravan, capitan Willey, tons. 273, trip. 8, con maderas, á Hamo', hijos y Cp;amer.;Ravan;;;berg.;1876_06_24;New York;;
Día 43:;;N/A:  | N/A: ;;;Rinal;cap.;;;;;"De Cíz 43 días bsa osp. Nueva Apolo; cap. Rinal, tons. 04 trip. 14, con frutos, & Saint, Izquierdo y (P.-Pasaj. 2).";;Nueva Apolo;;;bsa;1876_06_25;Cíz;;
Día 2:;;N/A:  | N/A:  | N/A:  | N/A: ;;;Lula;cap.;;;;;Caso Huene y Panta Rasa en 2 días, vap. cap. Lula, cap. Llores, tons. 50, trip. 1, con guado vañolo, & Chia, Gólicoroba y Cap.;;;;;vap.;1876_06_25;;;
Día 6:;;N/A:  | N/A: ;;;B;cap.;;;;;De New Orleans y Caso Huene, 6 días vap. no v. Margaret, cap. B kr tons. 43 trip. 2, con of etos, & Law or Eues—Pasaj 35;;Margaret;;;vap.;1876_06_25;New Orleans;;
Día 6:;;N/A:  | N/A:  | N/A:  | N/A: ;;;Sandberg;cap.;;;;;—New York en 6 días vap. amr. Leder y, cap. Sandberg, tons. 63, trip. 2, con of etos, & Hamel, bijor y Cap—Pasaj 1.;amr.;Leder;;;vap.;1876_06_25;New York;;
Día 52:;;N/A: ;;;Font;cap.;;;;;De Barcelona en 52 dias bea. esp. Maypó. cap. Font, tons. 362, trip. 15, con frutos, à Fabra y Ginerés.—Pasajeros 1.;esp.;Maypó;;;bea.;1876_06_27;Barcelona;;
Día 1:;;N/A:  | N/A: ;;;Reiner;cap.;;;;;—Cayo Hueso en 1 dia vivero amer. Sea Bird. cap. Reiner, tons. 24, trip. 6, con pescado vivo, à M. Suarez. —Pasajeros 1.;;Sea Bird;;;amer.;1876_06_27;Cayo Hueso;;
Día 48:;;N/A: ;;;Knudsen;cap.;;;;;—Christiansund en 48 dias berg. nor. Dagny, capitan Knudsen, tons. 140, trip. 7, con bacalao, à R. Mathias y Cp.;nor.;Dagny;;;berg.;1876_06_27;Christiansund;;
Día 3:;;N/A: ;;;Bruce;cap.;;;;;—Kingston (Jamaica) en tres dias vap. ing. Eider, cap. Bruce, tons. 360, trip. 66, con efectos, à S. C. Burnham y Cp.—Pasajeros 7 para esta y dos de tránsito.;ing.;Eider;;;vap.;1876_06_27;Kingston (Jamaica);;
Día 41:;;N/A:  | N/A:  | N/A: ;;;Isasi;cap.;;;;;—Santander en 41 dias bea. esp. Segundo Triunfo, cap. Isasi, tons. 264, trip. 12, con harina, à L. Ruiz y Comp.;esp.;Segundo Triunfo;;;bea.;1876_06_27;Santander;;
Día 1:;;N/A: ;;;Fine;cap.;;;;;—Cayo Hueso en un dia gol. ame. M. N. Lindsey, cap. Fine, tons. 102, trip. 8, con ganado vacuno, à P. Fernandez-de-Castro.;ame.;M. N. Lindsey;;;gol.;1876_06_27;Cayo Hueso;;
Día 1:;;N/A: ;;;Russell;cap.;;;;;De Cavo Hueso en 1 dia viv. amer. Mazepa, cap. Russell, tons. 39, trip. 5, con pescado vivo á Mr. Suarez.;amer.;Mazepa;;;viv.;1876_06_28;Cavo Hueso;;
Día 26:;;N/A: ;;;A-dans;cap.;;;;;—St. John (N. B.) en 26 dias gol. amer. Abbie, cap. A-dans, tons. 263, trip. 7, con maderas, á Ed. Broschell y cp.;amer.;Abbie;;;gol.;1876_06_28;St. John (N. B.);;
Día 8:;;N/A:  | N/A:  | N/A:  | N/A:  | N/A:  | N/A: ;;;Voss;cap.;;;;;—Pascagoula en 8 dias gol. amer. II. Buddig, cap. Voss, tons. 149, trip. 8, con maderas, á Hamel, hijos y cp.;amer.;II. Buddig;;;gol.;1876_06_28;Pascagoula;;
Día 15:;;N/A: ;;;Mathews;cap.;;;;;—Demarrera en 15 dias beraa ing. Isca, cap. Mathews, tons. 293, trip. 10, con arroz, á L. Mejarrica.;ing.;Isca;;;beraa;1876_06_28;;;
Día 63:;;N/A:  | N/A:  | N/A:  | N/A:  | N/A: ;;;Holmes;cap.;;;;;—New York en 63 dias vap. amer. Wilmington, capitan Holmes, tons. 895, trip. 32, con efectos, 6 Mc Kellar, Lüling y cp. Pasjs. 2.;amer.;Wilmington;;;vap.;1876_06_28;New York;;
Día 11:;;N/A:  | N/A:  | N/A:  | N/A:  | N/A: ;;;Llovet;cap.;;;;;—St. Thomas, Pto. Rico y escalas en 11 dias vap. esp. Meotozuma, cap. Llovet, tons. 428, trip. 31, con efectos, 4 R. Herrera. Pasjs. 203.;esp.;Meotozuma;;;vap.;1876_06_28;St. Thomas, Pto. Rico;;
Día 62:;;N/A: ;;;Marsili;cap.;;;;;—Alicante y Málaga en 62 dias berg. esp. Teresa, cap. Marsili, tons. 151, trip. 11, con frutos, á Sainz, Izquierdo y cp.;esp.;Teresa;;;berg.;1876_06_28;Alicante y Málaga;;
Día 22:;;N/A:  | N/A:  | N/A: ;;;pitay Barrel;cap.;;;;;—Filadelfia en 22 dias berg. amer. James B. Kirby, cap. pitay Barrel, tons. 290, trip. 7, con maderas y carbon de piedra, á Hamel, hijos y cp. Pasjs. 1.;amer.;James B. Kirby;;;berg.;1876_06_28;Filadelfia;;
Día 12:;;N/A:  | N/A:  | N/A:  | N/A: ;;;Arzaza;cap.;;;;;—Cienfuegos en 12 dias berg. esp. Torbellino, cap. Arzaza, tons. 150, trip. 10, en lastre, á G. Gabancho. Pasjs. 1.;esp.;Torbellino;;;berg.;1876_06_28;Cienfuegos;;
Día 5:;;N/A:  | N/A:  | N/A: ;;;Mimmerman;cap.;;;;;—New York en 5 dias vap. am. City of New York, cap. Mimmerman, tons. 1495, trip. 34, con efectos, 6 Zalday y cp.;am.;City of New York;;;vap.;1876_06_28;New York;;
Día 31:;;N/A: ;;;Llanos;cap.;;;;;Canarias en 31 dias berg. esp. Juan de la Vega, cap. Llanos, ton. 143, trip. 10, con frutos, á J. A. Bancea,;esp.;Juan de la Vega;;;berg.;1876_06_29;Canarias;;
Día 73:;;N/A:  | N/A:  | N/A:  | N/A: ;;;Oulla;cap.;;;;;Montevideo y Matanzas en 73 dias berg. cap. Oulla, cap. Cavanova, ton. 118, trip. 9, con tassojo, á Portin, Ramon y cp.,;;;;;berg.;1876_06_29;Montevideo y Matanzas;;
Día 1:;;N/A: ;;;Russell;cap.;;;;;De Cayo Huaso en 1 dia viv. am. Charles Roberts, capitan Russell, tons. 38, trip. 6, con pescado vivo. á M. Suarez.;am.;Charles Roberts;;;viv.;1876_06_30;Cayo Huaso;;
Día 23:;;N/A:  | N/A:  | N/A: ;;;Collins;cap.;;;;;— N. York en 23 dias bg. am. Harry Virden, cap. Collins, tons. 264, trip. 10, con heno, á Beada y cp.;am.;Harry Virden;;;bg.;1876_06_30;N. York;;
Día 5:;;N/A: ;;;Cooksey;cap.;;;;;— N. Orleans y Cayo Huaso en 5 dias vap. am. Tappahannock, cap. Cooksey, tons. 180, trip. 18, con efectos, á Lawton Hnos. — Pasajeros 6.;am.;Tappahannock;;;vap.;1876_06_30;N. Orleans y Cayo Huaso;;
Día 1:;;N/A:  | N/A:  | N/A:  | N/A: ;;;Perez;cap.;;;;;— Canarias y Cárdenas en 1 dia del último, bea. esp. 1. Triunfo, cap. Perez, tons. 243, trip. 18, en lastre, 4 A. Sepa. — Pasajeros 2.;esp.;1. Triunfo;;;bea.;1876_06_30;Canarias y Cárdenas;;
Día 53:;;N/A:  | N/A:  | N/A:  | N/A:  | N/A:  | N/A: ;;;Echevarría;cap.;;;;;— Gualeguaychú y Matanzas en 53 dias bea. esp. Nueva Buena entera, cap. Echevarría, tons. 416, trip. 15, con tasaje, á Samá, Sotolongy y cp.;esp.;Nueva Buena;;;bea.;1876_06_30;Gualeguaychú y Matanzas;;
Día 50:;;;;;Viajero;cap.;;;;;"De Buenos Aires en 50 dias pol. cap. Viajero; capitán";;;;;pol.;1876_07_01;Buenos Aires;;
Día 35:;;;;;Sorpresa;cap.;;;;;Montevideo en 35 dias pol. cap. Sorpresa, cap. Fábr-;;;;;pol.;1876_07_01;Montevideo;;
Día 25:;;;;;Bayle;cap.;;;;;Halifax en 25 dias berg. ing. Kingston, cap. Bayle,;ing.;Kingston;;;berg.;1876_07_01;Halifax;;
;;N/A: ;;;Novo;cap.;;;;;Resultado, cap. Novo, tons. 230, trip. 12, con harina, á J.;;Resultado;;;;1876_07_01;;;
Día 9:;;N/A:  | N/A:  | N/A: ;;;Ferrer;cap.;;;;;"De Pascagoula en 9 dias gol. am. Engenta, cap. Ferrer; 1s. 90. trip. 7, con maderas, á S. C. Burnham y compa.";am.;Engenta;;;gol.;1876_07_02;Pascagoula;;
Día 63:;;N/A: ;;;Vicente;cap.;;;;;— Palma de Mallorca en 63 dias beo. esp. Marieta, cap. Vicente, tons. 291, trip. 13, con frutos, á Gassol, Avenlano y ep.;esp.;Marieta;;;beo;1876_07_02;Palma de Mallorca;;
Día 36:;;N/A:  | N/A: ;;;Cádiz, capp. Garci;cap.;;;;;— Cádiz y Canarias en 36 dias gol. cap. Cádiz, capp. Garci, tons. 127, trip. 9, con frutos, á R. Morales y ep— Pgs. 5.;;;;;gol.;1876_07_02;Cádiz y Canarias;;
Día 20:;;N/A:  | N/A: ;;;Knight;cap.;;;;;— Boston en 20 dias berg. am. Agnes Barton, capitan Knight, tons. 923, trip. 10, con hielo y bocoyes vactos, á Zaldo y ep.;am.;Agnes Barton;;;berg.;1876_07_02;Boston;;
Día 3:;;N/A:  | N/A:  | N/A: ;;;Manzo;cap.;;;;;— Santiago de Cuba en 3 dias cap. esp. Marsella, cap. Manzo, tons. 480, trip. 36, en lastre, á R. Herrera— Pgs. 3.;esp.;Marsella;;;;1876_07_02;Santiago de Cuba;;
Día 50:;;N/A: ;;;Cristina;cap.;;;;;— Barcelona en 50 dias barec cap. Cristina, cap. Surenda, tons. 601, trip. 15, con frutos á Mañé, Zaldúa y comp— Pga. 1.;;;;;barec;1876_07_02;Barcelona;;
Día 1:;;N/A: ;;;Roberts;cap.;;;;;De Cayo Hueso en 1 día vivero amer. California, capitan Roberts, top. 29, trip. 6, con pescado vivo, á M. Suarez.;;California;;;;1876_07_04;Cayo Hueso;;
Día 49:;;N/A:  | N/A: ;;;Murphy;cap.;;;;;—Marsella y Cardenas en 49 días gol. amer. George K. Hatch, cap. Murphy, ton. 317, trip. 8, con tejas y la-drillos, á E. Mathias y cp.;amer.;George K. Hatch;;;gol.;1876_07_04;Marsella y Cardenas;;
Día 65:;;N/A: ;;;Angelita;cap.;;;;;— Barcelona en 65 dias frag. cap. Angelita, cap. Alaina, tons. 45, trip. 21, con frutos, á Cassol, Avenida y cp. —Pasajeros 1.;;Angelita;;;frag.;1876_07_05;Barcelona;;
Día 11:;;N/A: ;;;Cacho;cap.;;;;;— Kingston (Jamaica), Cuba y escalas on 11 dias vapor esp. Allante, cap. Cacho, tons. 480, trip. 26, con efectos, á R. Herrera. —Pasajeros 56.;esp.;Allante;;;vapor;1876_07_05;Kingston (Jamaica);;
Día 19:;;N/A:  | N/A:  | N/A: ;;;Echavarria;cap.;;;;;— Liverpool en 19 dias vapor esp. Guillermo, cap. Echavarria, tons. 619, trip. 38, concarga general, á N. Deulofen. —Pasajeros 1.;esp.;Guillermo;;;vapor;1876_07_05;Liverpool;;
Día 3:;;N/A: ;;;Colton;cap.;;;;;— New Orleans en 3 da. vp. am. Chas W. Lord, cap. Colton, tons. 1094, trip. 24, con efectos, á G. Neillson. —Pasajeros 8.;am.;Chas W. Lord;;;vp.;1876_07_05;New Orleans;;
Día 3:;;N/A: ;;;Hill;cap.;;;;;— New Orleans en 3 dias vap. am. Clinton, cap. Hill, to- neadas 1187, trip. 24, con efectos, á Mc Kellar, Lüling y cp.;am.;Clinton;;;vap.;1876_07_05;New Orleans;;
Día 5:;;N/A: ;;;Reed;cap.;;;;;— New York en 5 dias vap. am. Columbia, cap. Reed, tons. 1650, trip. 43, con efectos, á Mc Kellar, Lüling y cp.;am.;Columbia;;;vap.;1876_07_05;New York;;
Día 29:;;N/A: ;;;Senandes;cap.;;;;;De la Coruña y Canarias en 29 días del último berg. esp. Pepito. cap. Senandes, ton. 139, trip. 14, con frutos, à R. Romero.;esp.;Pepito;;;berg.;1876_07_06;la Coruña y Canarias;;
Día 23:;;N/A: ;;;Meyer;cap.;;;;;— New York en 23 días berg. amer. Havana. cap. Meyer. ton. 264, trip. 9, con efectos. à Hamel, hijoy cp.;amer.;Havana;;;berg.;1876_07_06;New York;;
Día 43:;;N/A: ;;;Profeta;cap.;;;;;— Barcelona en 43 días berg. cap. Profeta, cap. Alasia, ton. 222, trip. 13, con frutos, à Albertí y Carbó—Pañarajos 3.;;;;;berg.;1876_07_06;Barcelona;;
Día 30:;;N/A: ;;;Hummer;cap.;;;;;— St. John (N. B.) en 30 días berg. lug. Isidora Rionda, cap. Hummer, ton. 279, trip. 8, con maderas, à Ed. Broach.;;Isidora Rionda;;;berg.;1876_07_06;St. John (N. B.);;
Día 8:;;N/A:  | N/A: ;;;Coleman;cap.;;;;;De Panzola en 8 dias gol. ing. Sea Witch. cap. Coleman ton. 47. tripl. 7. con maderas, 4 Marzan Hnos.;ing.;Sea Witch;;;gol.;1876_07_07;Panzola;;
Día 1:;;N/A:  | N/A:  | N/A:  | N/A: ;;;Carlos Roberto;cap.;;;;;De Cayo Hugoson 1 dia gol. cap. Carlos Roberto, cap. Jimenez, ton. 56, trip. 5, en jastre 4 F. Ortiz.—Pasaj. 7.;;;;;gol.;1876_07_08;Cayo Hugoson;;
Día 3:;;N/A:  | N/A: ;;;Sanchez Montero;cap.;;;;;—Gibara en 3 dias berg. esp. Non Miguel, cap. Sanchez Montero, ton. 104, trip. 12, con cabotajo á A. Serpa.—Pasaj. 33.;esp.;Non Miguel;;;berg.;1876_07_08;Gibara;;
Día 32:;;N/A: ;;;Senty;cap.;;;;;Do Barcelona y Algeciras on 32 dias berg. gol. de 3 palos esp. Clementina, cap. Senty, ton. 410, trip. 12, con frutos. à F. Serra y cp.;esp.;Clementina;;;berg.;1876_07_09;Barcelona y Algeciras;;
Día 31:;;N/A:  | N/A:  | N/A: ;;;Bibber;cap.;;;;;— Easton en 31 dias berg. am. Winfield, cap. Bibber, ton. 330, trip. 10, con nico, à Zaldo y cp.;am.;Winfield;;;berg.;1876_07_09;Easton;;
Día 12:;;N/A: ;;;Baker;cap.;;;;;— Cabariren on 12 dias gol. am. Monachock, cap. Baker, ton. 143, trip. 4, en lastre, a Durruty, Chaffraix y cp.;am.;Monachock;;;gol.;1876_07_09;Cabariren;;
Día 40:;;N/A: ;;;Benguria;cap.;;;;;— Liverpool, trip. 40 dias. berg. esp. E. K. E. cap. Benguria, ton. 200, trip. 14, con carga general, à Suriol, Rome y cp. Pas. 1.;esp.;E. K. E.;;;berg.;1876_07_09;Liverpool;;
Día 1:;;N/A:  | N/A: ;;;Williams;cap.;;;;;— Halifax en 1 dias berg. ing. Eltie E. Butler, cap. Williams, ton. 136, trip. 8, con bacaio y modernos, à Law- en Haas.;ing.;Eltie E. Butler;;;berg.;1876_07_09;Halifax;;
Día 7:;;N/A: ;;;Daniels;cap.;;;;;— New York y Nassau en 7 dias Vapor am. Leo, cap. Daniels, tons. 130, trip. 34, con elecos, à Hamel hijos y cp.;am.;Leo;;;Vapor;1876_07_09;New York;;
Día 4:;;N/A: ;;;Staples;cap.;;;;;Do Indianola en 4 dias vap. am. City of Norfolk, capitan Staples, tons. 853, trip. 24, con ganado vacuno, à Mc Keller, Lüling y op.;am.;City of Norfolk;;;vap.;1876_07_11;Indianola;;
Día 3:;;N/A: ;;;Marques;cap.;;;;;- Iriona (Honduras) en 3 dias vap. esp. Alba, capitan Marques, tons. 315, trip. 25, con ganado vacuno, à Aleman, Abuli y ep.;esp.;Alba;;;vap.;1876_07_11;Honduras;;
Día 5:;;N/A:  | N/A:  | N/A:  | N/A: ;;;Fralabay;cap.;;;;;- Cienfuegos en 5 dias berg. esp. Natividad, capitan Fralabay, tons. 140, tripulantes 8, en lastro, à la órden.;esp.;Natividad;;;berg.;1876_07_11;Cienfuegos;;
Día 54:;;N/A: ;;;Nadal;cap.;;;;;- Barcelona y Cartagena en 54 dias bca. esp. Olimpia, cap. Nadal, tons. 303, trip. 15, con frutos, à Chia, Giovecochea y ep.;esp.;Olimpia;;;bca.;1876_07_11;Barcelona y Cartagena;;
Día 41:;;N/A: ;;;Amparo;cap.;;;;;- Alicante en 41 dias berg. cap. Amparo, cap. Morell, tons. 221, trip. 13, con frutos, à J. de la Portilla.;;;;;berg.;1876_07_11;Alicante;;
Día 42:;;N/A: ;;;Romancito;cap.;;;;;- Alicante en 42 dias berg. cap. Romancito, cap. Morell, tons. 138, trip. 11, con frutos, à Alberti, Carbó y comp.;;;;;berg.;1876_07_11;Alicante;;
Día 23:;;N/A: ;;;Read;cap.;;;;;- New-Orleans en 23 dias vap. am. Morgan City, cap. Read, tons. 1716, trip. 39, con efectos, à Mo Keller, Lüting y ep.;am.;Morgan City;;;vap.;1876_07_11;New-Orleans;;
Día 1:;;N/A: ;;;Mc Kay;cap.;;;;;- Cayo-Huerto en 1 dia vap. am. Valley City, cap. Mc Kay, tons. 100, trip. 18, con ganado vacuno, à M. Bofahos.;am.;Valley City;;;vap.;1876_07_11;Cayo-Huerto;;
Día 51:;;N/A:  | N/A: ;;;Cabus;cap.;;;;;- Barcelona y Almería en 51 dias bca. cap. Paquete de Vandrell, cap. Cabus, tons. 401, trip. 18, con frutos, à Suriol, Romen y ep. -Pasajeros 15.;;Paquete de Vandrell;;;bca.;1876_07_11;Barcelona y Almería;;
Día 1:;;N/A:  | N/A:  | N/A:  | N/A: ;;;Luisa, Llorca;cap.;;;;;De Cayo Hueso y Punta Rasa en 1 dia vapor cap. Luisa, cap. Llorca, ton. 50, trip. 18, con gaudo vacuno, á Chil, Góicocche y cap.;;;;;vapor;1876_07_12;Cayo Hueso y Punta Rasa;;
Día 16:;;N/A: ;;;Riestra;cap.;;;;;De Liverpool en 16 dias vap. cap. Carolina, cap. Riestra, tons. 1,354, trip. 43, con carga general, á N. Deulofeu.;;Carolina;;;vap.;1876_07_13;Liverpool;;
Día 59:;;N/A:  | N/A: ;;;Diez;cap.;;;;;—Barcelona en 59 dias bea. cap. Resuelta, cap. Diez, tons. 594, trip. 15, con frutos, á J. Balcells y Comp. —Pasaj. 5.;;Resuelta;;;bea.;1876_07_13;Barcelona;;
Día 6:;;;;;;cap.;;;;;De New York en 6 días vep. am. City of Mexico. capitán;am.;City of Mexico;;;vep.;1876_07_14;New York;;
Día 20:;;N/A: ;;;Buenaventura;cap.;;;;;De Liverpool en 20 dias vapor cap. Buenaventura, cap. Ispizua, ton. 616, trip. 43, con carga general, à L. Sober y ep.;;;;;vapor;1876_07_15;Liverpool;;
Día 14:;;N/A: ;;;Pelayo;cap.;;;;;- Barcelona en 14 dias berg. cap. Pelayo, cap. Millet, ton. 283, trip. 15, con frutos, à J. Serra y cp.;;;;;berg.;1876_07_15;Barcelona;;
;;N/A:  | N/A: ;;;Villam;cap.;;;;;vap. esp. Manuela, cap. Villam, tonis. 480, trip. 41,;esp.;Manuela;;;vap.;1876_07_16;;;
Día 1:;;N/A: ;;;Mc-Kay;cap.;;;;;De Cayo Hueso en 1 dia vapor am. Valley City, cap. Mc-Kay, ton. 234, trip. 18, con ganado vacuno, a M. Suarez.;am.;Valley City;;;vapor;1876_07_19;Cayo Hueso;;
Día 46:;;N/A:  | N/A:  | N/A:  | N/A: ;;;Echovarria;cap.;;;;;Do Santander y Santiago de Cuba, en 46 dias berg. gol. cap. Dorotea, cap. Echovarria, tons. 132, trip. 9, con cahotaje, á Gassol, Avendaño y op.;gol.;;;;berg.;1876_07_20;Santander y Santiago de Cuba;;
Día 47:;;N/A: ;;;Olaguivel;cap.;;;;;— Barcelona en 47 dias beca. esp. Voladora, cap. Olaguivel, tons. 413, trip. 18, con frutos, á Albertí, Carbó y cp. —Pisaj. 1.;esp.;Voladora;;;beca;1876_07_20;Barcelona;;
Día 46:;;N/A: ;;;Cristina;cap.;;;;;— Tuyú (R. A.) en 46 dias berg. cap. Cristina, cap. Cornill, tons. 203, trip. 11, con tasajo, á J. Balcella y cp. —Pisaj. 1.;;;;;berg.;1876_07_20;Tuyú (R. A.);;
Día 3:;;N/A:  | N/A: ;;;Culton;cap.;;;;;Do Now-Orleans en 3 dias vap. am. Chas. W. Lord, cap. Culton, tons. 1094, trip. 24, con eftortos, á G. Nejlon. —Pasaj. 5.;am.;Chas. W. Lord;;;vap.;1876_07_20;Now-Orleans;;
Día 1:;;N/A: ;;;Lowe;cap.;;;;;— Cayo Hueso en 1 dia viv. am. Runna I. Lowe, cap. Lowe, tons. 49, trip. 6, con pescado vivo, á M. Suarez.;;Runna I.;;;am.;1876_07_20;Cayo Hueso;;
Día 1:;;N/A: ;;;M. Suarez;cap.;;;;;— Cayo Hueso en 1 dia viv. am. Dantalka, cap. M. Suarez, Curry, tons. 34, trip. 5, con pescado vivo, á M. Suarez.;am.;Dantalka;;;viv.;1876_07_20;Cayo Hueso;;
Día 33:;;N/A: ;;;Staples;cap.;;;;;Do Indianola en 33 dias cap. amer. City of Norfolk, cap. Staples, tons. 692, trip. 24, con ganado vacuno, à Mo Kellar, Lüling y Cp.;amer.;City of Norfolk;;;;1876_07_21;Indianola;;
Día 44:;;N/A: ;;;Thumerman;cap.;;;;;- New York on 44 dias vapor amor. City of New York, cap. Thumerman, tons. 1715, trip. 52, con efectos, à Zaldo y Cp. - Pasajeros 35.;;City of New York;;;vapor;1876_07_21;New York;;
Día 76:;;N/A: ;;;Mutaró;cap.;;;;;- Buenos-Aires y Mutanças en 76 dias polaca española Antonio Maria, cap. Mutaró tons. 213, trip. 11, con tasaje, à J. Balcella y Cp.;española;Antonio Maria;;;polaca;1876_07_21;Buenos-Aires y Mutanças;;
Día 1:;;N/A: ;;;Russell;cap.;;;;;- Cayo Hueso en un dia gol, amor. Union, cap. Russell, tons. 106, trip. 10, con ganado vacuno, à J. R. Marquette.;;amor;;;gol;1876_07_21;Cayo Hueso;;
Día 13:;;N/A: ;;;Gutierrez;cap.;;;;;De Shieldaborough en 13 dias gol. amer. Theresa G., cap. Gutierrez, toneladas 125, trip. 8, con maderas, à A Rios Perez.;amer.;Theresa G.;;;gol.;1876_07_22;Shieldaborough;;
Día 3:;;N/A: ;;;Gelland;cap.;;;;;—Veracruz en 3 dias vap. franco. Ville do St. Nazalre, 1 cap. Gelland. (tng. 1.600, trip. 62, con efectos, à Durut, Chaffraí y cp. —Pajés. 90.;;Ville do St. Nazalre;;;vap.;1876_07_22;Veracruz;;
Día 6:;;;;;Sundberg;cap.;;;;;Do New-York en 6 dias avap. am. Liberty, cap. Sundberg.;am.;Liberty;;;avap.;1876_07_23;New-York;;
Día 51:;;N/A:  | N/A:  | N/A: ;;;Mahoney;cap.;;;;;De Amberes on 51 dias bea. cap. Elisa. cap. Lancirico, ta. 230, trip. 11, con carga general. A Fink y Rohlaen, Portland en 28 dias berg. am. F. H. Jennings, cap. Mahoney, ta. 326, trip. 8, con tonelaria y maderas, á Sauvalle. Finkay cp.;am.;F. H. Jennings;;;bea.;1876_07_25;Amberes;;
Día 5:;;N/A:  | N/A:  | N/A:  | N/A: ;;;Brandre;cap.;;;;;St. Thomas y Pto. Rico en 5 dias cap. ing. Corsico, cap. Brandre. tons. 333, trip. 69, con efectos, á S. C. Burnham y cp. -Pasaj. 20.;ing.;Corsico;;;;1876_07_25;St. Thomas y Pto. Rico;;
Día 43:;;N/A:  | N/A: ;;;San Juan E-vangelist;cap.;;;;;Do Sovilla y Bonanza on 43 dias berg. cap. San Juan E-vangelist, cap. Collado, ta. 102, trip. 10, con frontos, á J. de la Portilla. -Pasaj. 3.;;;;;berg.;1876_07_25;Sovilla y Bonanza;;
Día 1:;;N/A:  | N/A:  | N/A: ;;;Ferrer;cap.;;;;;Banes on 1 dia gol. am. Eugenia, cap. Ferrer, ta. 90, trip. 7, con chapapole, áS. C. Burnham y ep.;am.;Eugenia;;;gol.;1876_07_25;Banes;;
Día 1:;;N/A: ;;;Blake;cap.;;;;;Cayo Hueso en 1 dia viv. am. Wallace Blackford, cap. Blake, tons. 59, trip. 5, con pesado vivo, á M. Suñes.;am.;Wallace Blackford;;;viv.;1876_07_25;Cayo Hueso;;
Día 1:;;N/A:  | N/A:  | N/A: ;;;Daphney;cap.;;;;;Sierra Morena en 1 dia gol. ing. Illian May, cap. Daphney, tons. 167, trip. 7, con miedes, á Zaldo y cp.;ing.;Illian May;;;gol.;1876_07_25;Sierra Morena;;
Día 02:;;N/A: ;;;Sofia;cap.;;;;;Barcelona y Valencia en 02 dias pol. cap. Sofia, cap. Garriga, tons. 228, trip. 13, con frutos, á Fabra y Ginerías.;;;;;pol.;1876_07_25;Barcelona y Valencia;;
Día 2:;;N/A: ;;;Lluna;cap.;;;;;Cayo Hueso y Punta Rasa on 2 días vap. cap. Lluna, cap. Llorra, ton. 50, trip. 19, con ganado vacuno á Chía, Golocoechea y op.;;;;;vap.;1876_07_26;Cayo Hueso y Punta Rasa;;
Día 5:;;N/A:  | N/A: ;;;Reynolds;cap.;;;;;—Veracruz, Campeche y Progreso en 5 días vap. am. City of Merida, cap. Reynolds, ton. 1402, trip. 49, con efectos á Zaldo y op.—Pasaj. 16.;am.;City of Merida;;;vap.;1876_07_26;Veracruz;;
Día 6:;;N/A:  | N/A: ;;;Láker;cap.;;;;;—New Orleans y Cayo Hueso en 6 días vap. am. Margaret, cap. Láker, ton. 500, trip. 21, con efectos á Law ton hnos. Pasaj. 12.;am.;Margaret;;;vap.;1876_07_26;New Orleans;;
Día 19:;;N/A: ;;;Reed;cap.;;;;;—New York en 5 días vap. am. Columbia, cap. Reed, ton. 1583, trip. 43, con efectos á Mo Kollur, Lüling y en. 19.;am.;Columbia;;;vap.;1876_07_26;New York;;
Día 1:;;;;;capitan;cap.;;;;;De Cao Huen en 1 dia vap. amer. Valley City. capitan;amer.;Valley City;;;vap.;1876_07_27;Cao Huen;;
Día 52:;;;;;Sust;cap.;;;;;—Buenos Aires en 52 dias berg. esp. Mario, cap. Sust,;esp.;Mario;;;berg.;1876_07_27;Buenos Aires;;
Día 30:;;N/A: ;;;White;cap.;;;;;—Wiscusset on 30 dias berg. nm. José Rodríguez Lopez, cap. White, ts. 300, trip. 10, con maderas, à Sauvalle, Finlay y cp.;nm.;José Rodríguez Lopez;;;berg.;1876_07_29;Wiscusset;;
Día 43:;;N/A: ;;;Urquella;cap.;;;;;—Havre en 43 dias berg. cap. Celta, cap. Urquella, ts. 215, trip. 11, con mercancías, à la orden.;;Celta;;;berg.;1876_07_29;Havre;;
Día 41:;;N/A:  | N/A:  | N/A:  | N/A: ;;;Ponce;cap.;;;;;Do Cadiz en 41 dias berg. esp. Manuel. cap. Ponce. tonc-ladas 264, trip. 12, con frutos, á Murzan Hnos. -Pasajeros 6.;esp.;Manuel;;;berg.;1876_08_01;Cadiz;;
Día 1:;;N/A: ;;;Padilla;cap.;;;;;—Cayo Hueso en 1 dia viv. amer. Relief, cap. Padilla, tons. 31, trip. 6, con pescado vivo, á M. Suarez. -Pasajeros 5.;amer.;Relief;;;viv.;1876_08_01;Cayo Hueso;;
Día 50:;;N/A: ;;;Garri-ga;cap.;;;;;—Hamburgue en 50 dias berg. esp. Eclipse, cap. Garri-ga, tons. 161, trip. 10, con mercancías, á la Orden.;esp.;Eclipse;;;berg.;1876_08_01;Hamburgue;;
Día 5:;;N/A:  | N/A:  | N/A: ;;;Phillips;cap.;;;;;—New York en 5 dias vap. amer. City of Havana, capitan Phillips, tons. 1.700, trip. 50, con efectos, á Zaldo y Cp. -Pasajos. 12 para esta y 11 de tránsito para Mójico.;amer.;City of Havana;;;vap.;1876_08_01;New York;;
Día 33:;;;;;;;;;;;Do Little Glaco Bay (C. B.) en 33 días berg. gol. amer.;amer.;;;;berg.;1876_08_02;Little Glaco Bay;;
Día 3:;;N/A: ;;;Colton;cap.;;;;;De New Orleans en 3 dias vap. am, Chas. W. Lord, cap. Colton, ton. 3094, trip. 24, con efectos a G. Neillson.;am;Chas. W. Lord;;;vap.;1876_08_03;New Orleans;;
Día 39:;;;;;;;;;;;De Barcelona y Canarias en 39 dias del ultimo bco. esp.;esp.;;;;bco.;1876_08_04;Barcelona y Canarias;;
;;N/A: ;;;Trius;cap.;;;;;Matilde, cap. Trius, tons. 430, trip. 14, con frutos, A;;Matilde;;;;1876_08_04;;;
;;N/A:  | N/A:  | N/A: ;;;Dagley;cap.;;;;;cap. Dagley, tons. 341, trip. 10, con carbon do piedra, A Liles y Gilson.;;;;;;1876_08_04;;;
Día 8:;;;;;capitan;cap.;;;;;De Cayo Hueso en 8 dias gol. am. M. N. Lindsey, capitan;am.;M. N. Lindsey;;;gol.;1876_08_05;Cayo Hueso;;
Día 21:;;;;;Roche;cap.;;;;;Do Halifax en 21 dias berg. ingles Maida, cap. Roche,;ingles;Maida;;;berg.;1876_08_06;Halifax;;
Día 21:;;N/A: ;;;Dorp;cap.;;;;;— Filadelfia en 21 dias berg. amer. Ortolan, cap. Dorp, ton. 301, trip. 8, con carbon do piedra, à Zaldo y cp.;amer.;Ortolan;;;berg.;1876_08_06;Filadelfia;;
Día 18:;;N/A: ;;;Píerce;cap.;;;;;De New-York en 18 días, tca. am. H. D. Stover, cap. Píerce, tons. 270, trip. 9, con ganano, á Hamel, hijo y Comp.;am.;H. D. Stover;;;tca.;1876_08_08;New-York;;
Día 15:;;N/A: ;;;G. Martínez;cap.;;;;;— L. comp. pol en 15 días, tca. cap. Augusta Elsa capitan G. Martínez, tons. 236, trip. 12, con carga general, á J. R. Marquette.;;Augusta Elsa;;;pol;1876_08_08;;;
Día 1:;;N/A: ;;;C. P.;cap.;;;;;— 5 meses Aires y Matanzas en 1 día del último berg. cap. C. P., cap. Roig, tons. 530, trip. 11, con tasajo, á Saná, Sotolongo y Cp.;;;;;berg.;1876_08_08;Aires y Matanzas;;
Día 1:;;N/A:  | N/A:  | N/A:  | N/A: ;;;Roig;cap.;;;;;— Montevideo y Matanzas en 1 día del último berg. esp. pafol Rosa, cap. Roig, tons. 470, trip. 11, con tasajo, á Porta, Ramon y Comp.;esp.;pafol Rosa;;;berg.;1876_08_08;Montevideo y Matanzas;;
Día 1:;;N/A: ;;;Pubilla;cap.;;;;;— Gualaguita y Mazancas en 1 día del último berg. cap. Pubilla, cap. Guardiola, tons. 570, trip. 11, con tasajo, á Saná, Sotolongo y Comp.;;;;;berg.;1876_08_08;Gualaguita y Mazancas;;
Día 40:;;N/A: ;;;Morrison;cap.;;;;;— Little Glacier Bay (C, R) en 40 días berg. ing. Dante, cap. Morrison, tons. 176, trip. 8, con carbón de piedra, á la Compañía Cubana del gas.;ing.;Dante;;;berg.;1876_08_08;Little Glacier Bay;;
Día 6:;;N/A: ;;;Bloom;cap.;;;;;— Pasajeros en 6 días, gol. amer. Indianola, cap. Bloom, tons. 112, trip. 8, con madera, á Hamel, hijo y Comp.;amer.;Indianola;;;gol.;1876_08_08;;;
Día 1:;;N/A:  | N/A:  | N/A:  | N/A: ;;;Tresca;cap.;;;;;— Cayo Hueso en 1 día, cap. amer. Valley City, cap. Tresca, tons. 220, trip. 20, con ganado vacuno, á M. S. S. ez. Pasajeros 4.;amer.;Valley City;;;;1876_08_08;Cayo Hueso;;
Día 1:;;N/A: ;;;Roberts;cap.;;;;;— Cayo Hueso en 1 día, viv. amer. California, cap. Roberts, tons. 290, trip. 6, con pescado vivo, á M. Suarez.;amer.;California;;;viv.;1876_08_08;Cayo Hueso;;
Día 10:;;N/A: ;;;marañín;cap.;;;;;— New-York y S. N. en 10 días, vap. amer. Leo, cap. marañín, tons. 922, trip. 32, con efectos, á Hamel, hijos y Cp. — Pasajeros 1.;amer.;Leo;;;vap.;1876_08_08;New-York;;
Día 1:;;N/A:  | N/A: ;;;Allen;cap.;;;;;— Cayo Hueso en 1 día, viv. amer. Daniel Comstock, cap. Allen, tons. 51, trip. 6, con pescado vivo, 6 M. Suarez.;amer.;Daniel Comstock;;;viv.;1876_08_08;Cayo Hueso;;
Día 5:;;N/A: ;;;Holmes;cap.;;;;;— New York en 5 días, vap. amer. Whittington, cap. Holmes, tona. 934, trip. 22, con efectos, á Me Kellar, Lüling y Cp. — Pasajeros 7.;amer.;Whittington;;;vap.;1876_08_08;New York;;
Día 5:;;N/A:  | N/A:  | N/A: ;;;Timmerman;cap.;;;;;N. York en 4½ dias vap. am. City of New York. cap. Timmerman, ton. 1715, trip. 50, con efectos à Zaldo y Cp.-Pnsaj. 33.;am.;City of New York;;;vap.;1876_08_09;N. York;;
Día 4:;;N/A: ;;;Staples;cap.;;;;;—Indiunola en 4 días vap. amer. City of Norfolk, cap. Staples, tons. 1662, trip. 24, con ganado vacuno, á Me Kellar, Lulling y Cp.;amer.;City of Norfolk;;;vap.;1876_08_10;Indiunola;;
Día 6:;;N/A: ;;;24kor' ton.;cap.;;;;;De New Orleans y Cayo Cueso en 6 dias vsp. am. Margarit, cap. 24kor' ton. 528. 111p. 21, con electos 6;am.;Margarit;;;vsp.;1876_08_11;New Orleans y Cayo Cueso;;
Día 20:;;N/A:  | N/A:  | N/A:  | N/A:  | N/A: ;;;Offret;cap.;;;;;De St. Nazaire, Santander y St. Thomas en 20 dias vap. franc. Villo de Bordeaux, capitan Offret, tons. 1765 trip. 120, con efectos, á Durruty Chaffraix y comp. - Paus. 35 para esta y 16 de tránsito.;franc.;Villo de Bordeaux;;;vap.;1876_08_12;St. Nazaire, Santander y St. Thomas;;
Día 19:;;N/A:  | N/A:  | N/A: ;;;Peterson;cap.;;;;;- Demerara on 19 dias beca ing. Zulma, cap. Peterson, tons. 325, trip. 10, con arroz, á Hayley y cp.;ing.;Zulma;;;beca;1876_08_12;Demerara;;
Día 81:;;N/A: ;;;Linderman;cap.;;;;;Del Callao (Perú) en 81 días bg. alemán María, cap. Linderman, tons. 322, trip. 10, con gnamo, a I. M. Zangróniz.;alemán;María;;;bg.;1876_08_13;Callao (Perú);;
Día 14:;;N/A: ;;;Bayley;cap.;;;;;De Banca en 14 horas gol. amor. Wenonah, cap. Bayley, ton. 87, trip. 6, con chapapote, á Marzau Hnos.;;Wenonah;;;gol.;1876_08_15;Banca;;
Día 22:;;N/A: ;;;Bateller;cap.;;;;;—Palma de Mallorca y Santa Cruz de la Palma en 22 dias del último pol. cap. Virgen del Buen Camino, cap. Bateller, ton. 212, trip. 11, con frutos, á la órden.;;Virgen del Buen Camino;;;pol.;1876_08_15;Palma de Mallorca;;
Día 5:;;N/A:  | N/A:  | N/A:  | N/A: ;;;Sherwood;cap.;;;;;De Vora Cruz. Campecho y Progreso en 5 dias vap. am, City of Mexico. cap. Sherwood. ton. 1627, trip. 46. con efectos. 4 Zaldo y Cp. -Pasajeros: 18 para ésta y 19 de tránsito.;am;City of Mexico;;;vap.;1876_08_16;Vora Cruz;;
Día 1:;;N/A:  | N/A: ;;;Carballo;cap.;;;;;De Cayo Hueson en 1 dia viv. am. Eliza L. Rogers, capitan Carballo, ton. 47, trip. 5, con pescado vivo, & M. Suarez.;am.;Eliza L. Rogers;;;viv.;1876_08_18;Cayo Hueson;;
Día 12:;;N/A: ;;;Harrison;cap.;;;;;— Panzacola en 12 dias gol. am. Ellen Louisa, cap. Harrison, ton. 78, trip. 5, con maderas, à Marzan hermanos.;am.;Ellen Louisa;;;gol.;1876_08_18;Panzacola;;
Día 23:;;N/A:  | N/A:  | N/A: ;;;San Antonio;cap.;;;;;— Laguna de Terminos en 23 dias berg. cap. San Antonio, cap. Martinez, tons. 130, trip. 10, con palo de campeche, à Chia, Goierchea y C2—Este lunque na- vegaba para Mañella y ha entrado de arribada forzosa por falta de viveres.;;;;;berg.;1876_08_18;Laguna de Terminos;;
Día 53:;;N/A:  | N/A: ;;;Ferrés;cap.;;;;;De Buenos Aires y Montovideo en 53 dias polaca esp. Antonieta, cap. Ferrés, ton. 160, trip. 10, con tasajo á Boada y Cp.-Pasaj. 1.;esp.;Antonieta;;;polaca;1876_08_19;Buenos Aires y Montovideo;;
Día 3:;;N/A:  | N/A: ;;;Colton;cap.;;;;;—Now Orleans en 3 dias vap. am. Chas. W. Lord, cap. Colton, ton. 1094, trip. 24, con efectos á G. Nellson.- Pasaj. 22.;am.;Chas. W. Lord;;;vap.;1876_08_19;Now Orleans;;
Día 72:;;N/A:  | N/A:  | N/A:  | N/A: ;;;Ili- sas;cap.;;;;;Da Gallego a y Matanzas en 72 dias berg. cap. Ili- sas, cap. Rios, tons. 108, trip. 11, con tasajo, á Sama, Sotolongo y Cp.;;;;;berg.;1876_08_20;Gallego;;
Día 76:;;N/A: ;;;Paula;cap.;;;;;—Montevideo y Matanzas en 76 dias pol. cap. Paula, cap. Pagéa, tons. 121, trip. 12, con tasajo, á Samá, Sotolongo y Cp.;;;;;pol.;1876_08_20;Montevideo y Matanzas;;
Día 46:;;N/A: ;;;Don Juan;cap.;;;;;—Santander en 46 dias frag. cap. Don Juan, cap. Gor- rordo, tons. 512, trip. 22, con frutos, á Samá, Soto- longo y Cp.;;;;;frag.;1876_08_20;Santander;;
Día 4:;;N/A: ;;;Staples;cap.;;;;;—Indianola en 4 dias vap. amer. City of Norfolk, cap. Staples, tons. 1062, trip. 24, con ganado vacuno, á Mc Kellar, Lüling y Cp.;amer.;City of Norfolk;;;vap.;1876_08_20;Indianola;;
Día 30:;;N/A: ;;;Emiliano;cap.;;;;;—Liverpool y Santander en 30 dias vap. cap. Emiliano, cap. Mendoza, tons. 330, trip. 42, con carga general, á L. Soler y Cp.;;;;;vap.;1876_08_20;Liverpool y Santander;;
Día 6:;;N/A: ;;;Sundberg;cap.;;;;;—N. York en 6 dias cap. am. Liberty, cap. Sundberg, tons. 563, trip. 26, con efectos, á Hamel, hijos y Cp.;am.;Liberty;;;;1876_08_20;N. York;;
Día 1:;;;;;;cap.;;;;;De Cayo Hueso en un dia vivero amer. Emma I. Lowe.;amer.;Emma I. Lowe;;;vivero;1876_08_22;Cayo Hueso;;
Día 1:;;N/A:  | N/A: ;;;Russell;cap.;;;;;De Cayo Hueso on un día viv. am. Mazappa, cap. Russell, tomas. 39, trip. 5, con peacado vivo, 4 M. Suarez.;am.;Mazappa;;;viv.;1876_08_23;Cayo Hueso;;
Día 4:;;N/A:  | N/A:  | N/A:  | N/A: ;;;Grana;cap.;;;;;—Panzcocola en 4 días berg. ing. Florence, cap. Grana, tos. 246, trip 8, con maderas, 4 hamol, hijos y cp.;ing.;Florence;;;berg.;1876_08_23;Panzcocola;;
Día 4½:;;N/A: ;;;Deaken;cap.;;;;;— New-York en 4½ dias vnp. amer. City of Vora Cruz, cap. Deaken, tons. 1.716, trip. 54, con efectos, á Zal-;amer.;City of Vora Cruz;;;vnp.;1876_08_24;New-York;;
Día 1:;;N/A:  | N/A:  | N/A:  | N/A:  | N/A: ;;;Peor;cap.;;;;;De CarbHutno en 1 dia viv. am: Almirde, cap. Peor, ton. 23, trip. 4, composende vive & M. Sarc.;am;Almirde;;;viv.;1876_08_25;CarbHutno;;
;;;;;Tres-;cap.;;;;;De Cayo Hucsoen 1 din vap. am. Valley City, cap. Tres-;am.;Valley City;;;vap.;1876_08_26;Cayo Hucsoen;;
Día 26:;;N/A: ;;;Madrid;cap.;;;;;De Cadiz y Matanzas en 26 dias bca. esp. Adonis, cap. Madrid, ton. 216, trip. 11, con frutos a R. Morales y Cp.;esp.;Adonis;;;bca.;1876_08_27;Cadiz y Matanzas;;
Día 2:;;N/A: ;;;Eneas;cap.;;;;;Do Cuyo Hueso en 2 días gol. amer. M. N. Lindsey, cap. Eneas, ton. 103, trip. 7, con ganado vacuno, á J. González.;amer.;M. N. Lindsey;;;gol.;1876_08_29;Cuyo Hueso;;
Día 30:;;N/A: ;;;Sitios;cap.;;;;;— Laguna de Término en 30 días gol. esp. Trinidad, cap. Sitios, ton. 273, trip. 12, con pelo de tinte, á Boada y cp.—Esto buque navegaba para Maracela y ha entrado de arribada forzosa por falta de agua.;esp.;Trinidad;;;gol.;1876_08_29;Laguna de Término;;
Día 8:;;N/A: ;;;Mc Donald;cap.;;;;;— Galveston en 8 días gol. am. George Sealy, cap. Mc Donald, ton. 420, trip. 10, con ganado vacuno, á Lawton Hnos.;am.;George Sealy;;;gol.;1876_08_29;Galveston;;
Día 30:;;N/A:  | N/A: ;;;Alba;cap.;;;;;Dia 30. De Alvarado en 4 dias vap. cap. Alba. cap. Marosma, ton. 345. trip. 26, con ganado mular a I. Oliva.- Pa-sejores 4.;;;;;vap.;1876_08_31;Alvarado;;
Día 1:;;N/A: ;;;Allen;cap.;;;;;De Cayo Huasco en 1 dia viv. and. Daniel Comistock, cap. Allen, ton. 52, trip. 6, con pescado vivo à M. Suarez;;Daniel Comistock;;;viv.;1876_09_01;Cayo Huasco;;
Día 17:;;N/A:  | N/A:  | N/A: ;;;Guardiola;cap.;;;;;De Frontera de Tabasco en 17 dias barca esp. Manuel cap. Guardiola, ton. 360, trip. 11, con caobas, á Mofré y Ajuria. - Este buque navegaba para Queenstown (L) y ha entrado de arribado forzosa por falta de agua.;esp.;Manuel;;;barca;1876_09_02;Frontera de Tabasco;;
Día 6:;;N/A:  | N/A:  | N/A: ;;;Cooke;cap.;;;;;De New Orleans y Cayo-Hueso en 6 dias vap. amor. Tappahannock, cap. Cooke, tons. 189, trip. 18, con efectos, 6 Lawton Inos. Pasajeros 6.;;amor. Tappahannock;;;vap.;1876_09_03;New Orleans y Cayo-Hueso;;
Día 6:;06-01-;N/A:  | N/A:  | N/A:  | N/A: ;;;Oliver;cap.;;;;;— Barcelona en 48 dias berg. esp. Progreso, cap. Oliver, tons. 210, trip. 13, con frutos, 6 Janó y comp. Pasajeros 4.;esp.;Progreso;;;berg.;1876_09_03;Barcelona;;
Día 23:;;N/A: ;;;Federico;cap.;;;;;— Liverpool en 23 dias vap. cap. Federico, càn. Bido-deghea, tons. 624, trip. 43, con moriscas, a N. Doufren.;;Bido-deghea;;;vap.;1876_09_03;Liverpool;;
Día 7:;;N/A:  | N/A: ;;;Daniels;cap.;;;;;De New York y Nassau en 7 dias vap. am. Leo, cap. Daniels, ts. 823, trip. 32, con efectos, à Hamel, hijos y cp.-Pajeros 3.;am.;Leo;;;vap.;1876_09_05;New York y Nassau;;
Día 12:;;N/A: ;;;Cacho;cap.;;;;;St. Thomas, Pto. Rico y escalas en 12 dias vap. esp. Moctezuma, cap. Cacho, ts. 428, trip. 43, con efectos à R. Herrera-Pgs. 42.;esp.;Moctezuma;;;vap.;1876_09_05;St. Thomas;;
Día 24:;;N/A: ;;;Reid;cap.;;;;;Liverpool y la Coruña en 24 dias vap. ing. St. Louis, cap. Reid, ts. 1137, trip. 44, con efectos, à Durruty Chaffraix y cp. Pgs. 22.;ing.;St. Louis;;;vap.;1876_09_05;Liverpool;;
Día 4:;;N/A: ;;;Lúiga;cap.;;;;;Do Trujillo (Honduras) en 4 días vapor cap. Lúiga, cap. Llorca, tons. 50 trip. 19, con ganado vaciudó a Chia, Golcoechen y cp.-Paso 1.;;;;;vapor;1876_09_06;Trujillo (Honduras);;
Día 6:;;N/A: ;;;Phillips;cap.;;;;;— Veracruz. Campecho y Progreso, en 6 días vap. am. City de Havana, cap. Phillips, tons. 1,700, trip. 49, con efectos, a Zaldo y Cp.-Paso 11.;am.;City de Havana;;;vap.;1876_09_06;Veracruz;;
Día 44:;;N/A: ;;;Reed;cap.;;;;;— N. York en 44 días vap. am. Columbus, cap. Reed, tons. 1,593, trip. 47, con efectos, a Mo Kellar, Lüling y Cp.-Paso 70.;am.;Columbus;;;vap.;1876_09_06;N. York;;
Día 1:;;N/A: ;;;Hatrman;cap.;;;;;— Banes on 1 día gol. am. Elion Lúiga, cap. Hatrman, ts. 53, trip. 4, con clidapote, a Marzán Ings.;am.;Elion Lúiga;;;gol.;1876_09_06;Banes;;
Día 3:;;N/A: ;;;Brander;cap.;;;;;— Vomeruz en 3 días vap. ing. Corsica, cap. Brander, ta 233, trip. 60, con efectos, a S. C. Burnham y cp.;ing.;Corsica;;;vap.;1876_09_06;Vomeruz;;
Día 1:;;N/A: ;;;Roberta;cap.;;;;;De Cavo Hnos en 1 dia vivero amer. California, capitan Roberta, ton. 29, trip. 6, con pescado vivo, á M. Suarez.;;California;;;;1876_09_08;Cavo Hnos;;
Día 12:;;N/A: ;;;Vosa;cap.;;;;;Pascagoula en 12 dias gol. amer. H. Budlig, cap. Vosa, ton 161, trip. 7, con maderas, á Hamel, hijos y op.;amer.;H. Budlig;;;gol.;1876_09_08;Pascagoula;;
Día 2:;;N/A: ;;;Colton;cap.;;;;;New Orleans en 2 dias vapor amer. Chas. W. Lord, cap. Colton, tons. 1094, trip. 24, con otoctos, á G. Nellson.;amer.;Chas. W. Lord;;;vapor;1876_09_08;New Orleans;;
Día 52:;;N/A:  | N/A:  | N/A: ;;;Lanz;cap.;;;;;— Santander y Mayagüez en 52 dias bca. esp. Anísa, cap. Lanz, tons. 330, trip. 14, con frutos á J. Domínguez y Cp.-Pasaj. 2.;esp.;Anísa;;;bca.;1876_09_09;Santander y Mayagüez;;
Día 48:;;N/A:  | N/A:  | N/A:  | N/A:  | N/A: ;;;Castillo;cap.;;;;;— Santander en 48 dias bca. esp. Coloro, cap. Castillo, tons. 400, trip. 15, con harina á J. Rafecas y Cp.;esp.;Coloro;;;bca.;1876_09_09;Santander;;
Día 19:;;N/A:  | N/A: ;;;Norgrove;cap.;;;;;Do Filadelfia en 19 dias goleta amer. Emma C. Rommel, cap. Norgrove, tons. 280, trip. 7, con carbono de piedra, á Zuluta y Sobrino—Pasajeros 3.;amer.;Emma C. Rommel;;;goleta;1876_09_10;Filadelfia;;
Día 1:;;N/A: ;;;Mo Kay;cap.;;;;;—Tayo Hueso en 1 dia cap. amer. Valley City, capitan Mo Kay, tons. 234, trip. 17, con ganado vacuno. á J. Gonzales—Pasajeros 11.;amer.;Valley City;;;;1876_09_10;Tayo Hueso;;
Día 20:;;N/A:  | N/A:  | N/A: ;;;Traub;cap.;;;;;—St. Nazaire, Santander y St. Thomas en 20 dias, vap. francés Ville de Brest, cap. Traub, tons. 1730, trip. 163, con mercancías, á Durrty, Chafraix y comp. Pasajeros 22 para ésto y 18 de tránsito.;francés;Ville de Brest;;;vap.;1876_09_10;St. Nazaire;;
Día 6:;;N/A:  | N/A: ;;;Sundberg;cap.;;;;;—New-York en 6 dias vap. am. Liberty, cap. Sundberg, tone. 763, trip. 26, con efectos, á Hamel, hijos y Cp. Pasajeros 3.;am.;Liberty;;;vap.;1876_09_10;New-York;;
Día 1:;;N/A: ;;;Warfield;cap.;;;;;De Cayo Hueso en 1 dia vivero amer Grover G. King, cap. Warfield, ton. 41, trip. 7, con pescado vivo, A M. Suarez.;;Grover G. King;;;;1876_09_12;Cayo Hueso;;
Día 73:;;N/A:  | N/A: ;;;Morrison;cap.;;;;;— Liverpool en 73 dias bca. amer. Robert, Morrison cap. Pritzlinger, tons. 314, trip. 10, con carbon de piedra y maquinaria, à la Compañía española del gas.;amer.;Robert;;;bca.;1876_09_12;Liverpool;;
Día 1:;;N/A: ;;;Albary;cap.;;;;;— Cayo Hueso en 1 dia viv. am. Mary Matilda, cap. Albary, tons. 41, trip. 5, con pescado vivo, A M. Suarez.;;Mary Matilda;;;am.;1876_09_12;Cayo Hueso;;
Día 6:;;N/A:  | N/A:  | N/A:  | N/A: ;;;Sherwood;cap.;;;;;De New York en 6 dias vap. amer. City of Mexico, capitan Sherwood, tons. 1.027, trip. 46, con efectos, a Zaldo y Cp.-Pasaj. 18 para 6 dia y 17 de tránsito.;amer.;City of Mexico;;;vap.;1876_09_13;New York;;
Día 5:;;N/A:  | N/A:  | N/A: ;;;Baker;cap.;;;;;- New Orleans y Cayo Ines en 5 dias vap. amer. Margaret, cap. Baker, tons. 1.508, trip. 21, con efectos, a Lawton Inos.-Pasaj. 5.;amer.;Margaret;;;vap.;1876_09_13;New Orleans y Cayo Ines;;
Día 4:;;N/A:  | N/A:  | N/A:  | N/A: ;;;Deakon;cap.;;;;;- New York en 4 dias vap. amer. City of Vera Cruz, capitan Deakon, tons. 1.874, trip. 51, con efectos, a Zaldo y Cp.-Pasaj. 68.;amer.;City of Vera Cruz;;;vap.;1876_09_13;New York;;
Día 69:;;N/A:  | N/A:  | N/A: ;;;Samper;cap.;;;;;- Montevideo y Trinidad en 69 dias bca. esp. Carlofa, cap. Samper, tons. 229, trip. 13, con tasajo, a J. Ra.;esp.;Carlofa;;;bca.;1876_09_13;Montevideo;;
Día 23:;;N/A:  | N/A: ;;;Cates;cap.;;;;;De Machias (Maluo) on 23 dias gol. amor. Fivo Sisters, cap. Cates, tons. 169, trip. 7, con maderas, 4 G. Nell-son.;;Fivo Sisters;;;gol.;1876_09_16;Machias (Maluo);;
Día 17:;;N/A: ;;;Willey;cap.;;;;;— New York on 17 dias berg. amer. Raven, cap. Willey, tons. 273, trip. 8, con maderas, a Hamel, hijos y Cp.;amer.;Raven;;;berg.;1876_09_16;New York;;
Día 20:;;N/A: ;;;Guillermo;cap.;;;;;— Liverpool on 20 dias cap. esp. Guillermo, cap. Echo- varria, tons. 619, trip. 37, con mercancías, à N. Don- lofuc.;esp.;Echo;;;varria;1876_09_16;Liverpool;;
Día 54:;;N/A:  | N/A: ;;;Zocola;cap.;;;;;— Matalló on 54 dias barca franc. Persoverancia, cap. Zocola, tons. 453, trip. 15, con tejas y ladrillos, à Ed. Mathias y cp.;franc.;Persoverancia;;;barca;1876_09_16;Matalló;;
Día 2:;;N/A: ;;;Lowe;cap.;;;;;Do Cayo Hueso en 2 dias gol. amor. Ariotia, cap. Lowe, tons. 53, trip. 7, con ganado vacuno, a M. Saarces. —Pasaj. 1.;;amor. Ariotia;;;gol.;1876_09_17;Cayo Hueso;;
Día 7:;;N/A: ;;;Bulkley;cap.;;;;;—New York on 7 dias cap. amor. Cleopatra, cap. Bulkley, tons. 1045, trip. 53, con efectos, a Hamol, hijos y Cª—Pasaj. 1.;;Cleopatra;;;;1876_09_17;New York;;
Día 44:;;N/A: ;;;Dolores;cap.;;;;;—Barcelona en 44 dias hea. cap. Dolores, cap. Abril, tons. 532, trip. 15, con frutos, á Gasol, Averdano y Comp.;;;;;;1876_09_17;Barcelona;;
Día 3:;;N/A:  | N/A:  | N/A:  | N/A: ;;;Elena;cap.;;;;;De Ciemunegos en 3 días berg. cap. Elena, cap. Vergara, ton: 150, trip. 7, en lastre, & G. Gabancho.;;;;;berg.;1876_09_19;Ciemunegos;;
Día 5:;;N/A:  | N/A: ;;;Cooksey;cap.;;;;;De New Orleans y Cayo Hueso, 5 dias vap. amer. Tappanannock, cap. Cooksey, tens. 189, trip. 17, con efectos, á Lawton Hnos.-Pasaje 8.;amer.;Tappanannock;;;vap.;1876_09_20;New Orleans y Cayo Hueso;;
Día 9:;;N/A:  | N/A: ;;;Caula;cap.;;;;;— Santander, Coruña, Cádiz y St. Thomas en 9 dias del ultimo vapor cap. Rosita y Noné, cap. Caula, tons. 766, trip. 43, con frutos, á J. Domestro y Cí.-Pasaje 21.;;cap. Rosita y Noné;;;vapor;1876_09_20;Santander;;
Día 4½:;;N/A:  | N/A: ;;;Timmerman;cap.;;;;;— New York en 4½ dias vap. amor. City of New York, cap. Timmerman, tons. 1715, trip. 52, con efectos, á Zaldo y Cí.-Pasaje 101.;amor.;City of New York;;;vap.;1876_09_20;New York;;
Día 63:;;N/A:  | N/A:  | N/A: ;;;Potlit;cap.;;;;;— Marsella y Sagu en 63 dias bca. francesa Tamaris, cap. Potlit, tons. 476, trip. 15, con tejas y ladrillos, á Bolfo, Chamery y op.;francesa;Tamaris;;;bca.;1876_09_20;Marsella y Sagu;;
Día 4:;;N/A: ;;;Hill;cap.;;;;;De Indianola on 4 dias vap. am. Gussio, cap. Hill, ton. 401, trip. 24, con ganado vacuno á Mo Kellar, Liling y Cp.;am.;Gussio;;;vap.;1876_09_21;Indianola;;
Día 57:;;N/A: ;;;Louro;cap.;;;;;Amberes: en 57 dias berg. cap. Paquito, capitan Louro, ton. 147, trip. 9, con carga general á Belfoy, Channury y Cp.;;;;;berg.;1876_09_21;Amberes;;
Día 57:;;N/A: ;;;Tribisarrope;cap.;;;;;De Amberes en 57 dias bea. esp. Salota, cap. Tribisarrope, tons. 33½, trip. 11, con carga general, á X. Van Assche y cp.;esp.;Salota;;;bea.;1876_09_22;Amberes;;
Día 47:;;N/A: ;;;Salvido;cap.;;;;;De Santander en 47 dias bea. esp. Maria, cap. Salvido, tons. 188, trip. 11, con harina, á Alvaroz, Valle y cp. — Paianand y Montevideo en 76 dias pol. esp. Lira de Safo, cap. Pagay, tons. 142, trip. 11, con tasajo, á Porta, Ramon y Cp.;esp.;Maria;;;bea.;1876_09_22;Santander;;
Día 30:;;N/A: ;;;Reynolds;cap.;;;;;— St. John (N. B.) en 30 dias berg. ing. Memphis, cap. Reynolds, tons. 168, trip. 8, con maderas, á Hamel, hijos y Cp.;ing.;Memphis;;;berg.;1876_09_22;St. John (N. B.);;
Día 1:;;N/A: ;;;Demerit;cap.;;;;;De Cayo Hueso en 1 dia vivoro amer. Ida McKay, cap. Demerit, ton. 20, trip. 5, con pescado salado, a M. Suarez.;amer.;Ida McKay;;;vivoro;1876_09_23;Cayo Hueso;;
Día 2:;;N/A:  | N/A: ;;;Tresca;cap.;;;;;— Cayo Hueso en 2 dias gol. amer. M. N. Lindsey, cap. Tresca, tn. 102, trip. 8, con ganado vacuno, 4-J. González y comp.;amer.;M. N. Lindsey;;;gol.;1876_09_23;Cayo Hueso;;
Día 13:;;N/A:  | N/A: ;;;Alcatena;cap.;;;;;De Liverpool en 13 dias gol. exp. de 3 palos Alina, capit. Alcatena, in. 213, trip. 11, con carga general, 4 Lawton Hermanos.;;Alina;;;gol.;1876_09_24;Liverpool;;
Día 17:;;N/A:  | N/A: ;;;Salgidua;cap.;;;;;—Progreso en 17 días berg. esp. Braulio y Vicente, cap. Salgidua, ton. 134, trip. 10, con campechera á M. de Arce y Cp.—Pasaj. 2.;esp.;Braulio y Vicente;;;berg.;1876_09_26;Progreso;;
Día 5:;;N/A:  | N/A:  | N/A: ;;;Reynolds;cap.;;;;;Do Veracruz. Campeche y Progreso en 5 dias vap. am. City of Merida, cap. Reynolds, ton. 1492, trip. 49, con efectos, á Zaldo y ep.-Pas. 15.;am.;City of Merida;;;vap.;1876_09_27;Veracruz;;
Día 43:;;N/A: ;;;Reed;cap.;;;;;— N. York en 43 dias vap. am. Columbus, cap. Reed, ton. 1323, trip. 46, con efectos, á Mo Kollar, Lüling y ep.-Pas. 66.;am.;Columbus;;;vap.;1876_09_27;N. York;;
Día 3:;;N/A: ;;;pitan Colton;cap.;;;;;— New Orleans en 3 dias vap. am. Chas W. Lord, cap. pitan Colton, tons. 1094, trip. 23, con efectos, á G. Neilson.-Pas.s 9.;am.;Chas W. Lord;;;vap.;1876_09_27;New Orleans;;
Día 2:;;N/A: ;;;Booker;cap.;;;;;Do C. Huseon en 2 dias gol. am. Ass. Eldridge, cap. Booker, tons. 120, trip. 6, con ganado vacuno 4 M. Suarez.;am.;Ass. Eldridge;;;gol.;1876_09_28;C. Huseon;;
Día 2:;;N/A: ;;;Hora- nez;cap.;;;;;— Cayo Huaso en 2 días viv. am. Restless, cap. Hora- nez, tons. 33, trip. 6, con pescado vivo, á M. Sun- rez.;;Restless;;;am.;1876_09_29;Cayo Huaso;;
Día 22:;;N/A: ;;;Ispina;cap.;;;;;— Liverpool en 22 dias vap. cap. Buenaventura, capitan Ispina, tons. 618, trip. 41, con carga general, a lt. Saler y Cp.;;;;;vap.;1876_09_30;Liverpool;;
Día 43:;;N/A: ;;;Anita;cap.;;;;;De Amberes en 43 dias berg. cap. Anita. cap. Calzada, ton. 333. trip. 11. con carga general á Brown y Cp.,;;;;;berg.;1876_10_01;Amberes;;
Día 25:;;N/A: ;;;Duffy;cap.;;;;;Bangor (Mc) en 25 dias berg. am. D. C. Chapman, cap. Duffy, tons. 331, trip. 9, con maderas, á R. I. Cay.;am.;D. C. Chapman;;;berg.;1876_10_01;Bangor (Mc);;
Día 7:;;N/A:  | N/A:  | N/A:  | N/A: ;;;Daniels;cap.;;;;;De N York y Nassan en 7 días vap. am. Lco. cap. Daniels, ton. 993, trip. 31, con efectos á Hamel, hijos y Cp.;am.;Lco.;;;vap.;1876_10_03;N York y Nassan;;
Día 3:;;N/A: ;;;Hill;cap.;;;;;— Indianola en 3 días vap. am. Guasle, cap. Hill, ton. 401, trip. 23, con ganado vabano á Mo Kollar, Lüling y Cp.;am.;Guasle;;;vap.;1876_10_03;Indianola;;
Día 10:;;N/A: ;;;Urruchus;cap.;;;;;— Progreso en 10 días berg. esp. Celta, cap. Urruchus, ton. 181, trip. 10, con campechería á Catalá y Cp.;esp.;Celta;;;berg.;1876_10_03;Progreso;;
Día 9:;;N/A: ;;;Smith;cap.;;;;;— Cayo Hueso en 9 días gol. am. Elida, cap. Smith, ton. 37, trip. 3, con 50 toneladas de lileo á Lawton hnos.;am.;Elida;;;gol.;1876_10_03;Cayo Hueso;;
Día 54:;;N/A: ;;;MoIntosh;cap.;;;;;— N. York en 54 días vap. am. Cuba, cap. MoIntosh, ts. 10 5, trip. 49, con efectos, á Zalde y ep-Pga. 5 para cota y 5 de tránsito.;am.;Cuba;;;vap.;1876_10_03;N. York;;
Día 51:;;N/A: ;;;Gorordo;cap.;;;;;Do Barcelona en 51 dias bca. esp. Catalina, cap. Gorordo, tons. 357, trip. 13, con frutos á Jané y Cp?;esp.;Catalina;;;bca.;1876_10_04;Barcelona;;
Día 5:;;N/A: ;;;Donkey;cap.;;;;;"— New York en 5 dias vap. am. City of Veracruz, cap. Donkey, ton. 1700; trip. 40, con efectos á Zaldo y Cp.";am.;City of Veracruz;;;vap.;1876_10_04;New York;;
Día 51:;;N/A:  | N/A: ;;;Oftie;cap.;;;;;Do Marsella en 51 dias berg. nor. Tritlon, cap: Oftie, tons. 262, trip. 9, con tejas, 4 I. Pons.;nor.;Tritlon;;;berg.;1876_10_05;Marsella;;
Día 1:;;N/A: ;;;Robertson;cap.;;;;;— Cayo Hueso en 1 dia viv. amer. California, cap. Robertson, tons. 29, trip. 6, con pescado vivo, á M. Suarez.;amer.;California;;;viv.;1876_10_06;Cayo Hueso;;
Día 20:;;N/A:  | N/A: ;;;Scholz;cap.;;;;;— Filadelfia en 20 dias berg. amor. Edwin Rowe, capitan Scholz, tons. 223, trip. 8, con maquinaria y carbon de piedra. á Mané y Zaldúa.—Passjs. 1.;;Edwin Rowe;;;berg.;1876_10_06;Filadelfia;;
Día 21:;;N/A: ;;;Mellon;cap.;;;;;Liverpool y la Coruña en 21 días vap. ing. Memphis, cap. Mellon, tons. 555, trip. 56, con efectos, á Durr-ty. Chafrajs y cp. - Paris. 151 para 6sta y 39 de tránsito.;ing.;Memphis;;;vap.;1876_10_10;Liverpool;;
Día 9:;;N/A: ;;;Mauro;cap.;;;;;Kingston (Jamaica) y escalas en esta isla, 9 días vap. Alicante, cap. Mauro, tons. 480, trip. 35, con efectos de cabotaje. Á R. de Herrera. - Pas. 20.;;Alicante;;;vap.;1876_10_10;Kingston (Jamaica);;
Día 40:;null;N/A: ;;;Upton;cap.;;;null;;Canarias en 40 días gull. am. Sarah B., cap. Upton, tons. 141, trip. 6, con frutos. á R. Romero. - Paris. 11.;am.;Sarah B.;;;gull;1876_10_10;Canarias;;
Día 6:;;;;;Kennedy;cap.;;;;;De New-York en 6j dias resp. sim. Clyde, cap. Kennedy,;;Clyde;;;sim.;1876_10_11;New-York;;
Día 49:;;N/A: ;;;Salen;cap.;;;;;De Christiansund en 49 dias berg. nor. Oscar, cap. Salen, tons. 113, trip. 7, con bacasao, à E. Mathias y cp.;nor.;Oscar;;;berg.;1876_10_12;Christiansund;;
Día 57:;;;;;Temel;cap.;;;;;—Christiansund en 57 dias berg. nor. Ino, cap. Temel-;nor.;Ino;;;berg.;1876_10_12;Christiansund;;
Día 52:;;N/A: ;;;Joaquín Serra;cap.;;;;;—Barcelona en 52 dias frag. cap. Joaquín Serra, cap. lsern, tons. 364, trip. 18, con frutos, à Fabra y Gine-;;;;;frag.;1876_10_12;Barcelona;;
Día 7:;;N/A: ;;;Cooksey;cap.;;;;;De New-Orleans y Cayo Hueso en 7 dias vap. am. Tap-pahannock, cap. Cooksey, tons. 189, trip. 18, con efectos, à Lawton bs—Pasaj. m.;am.;Tap-pahannock;;;vap.;1876_10_13;New-Orleans y Cayo Hueso;;
Día 21:;;N/A:  | N/A:  | N/A: ;;;Galfand;cap.;;;;;— St. Nazaire, Santandor y St. Thomas en 21 dias vap. franc. Ville de St Nazaire, cap. Galfand, tons. 1744, trip. 130, con efectos, à Durruty, Chaffraix y op- Pasaj. 23 para ceta y 37 de tránsito.;franc.;Ville de St Nazaire;;;vap.;1876_10_13;St. Nazaire;;
Día 19:;;N/A: ;;;Garteis;cap.;;;;;De Liverpool en 19 días vap. esp. Rita, cap. Garteis, te. 603, trip. 31, con carga general, á N. Denofen.;esp.;Rita;;;vap.;1876_10_14;Liverpool;;
Día 19:;;N/A:  | N/A: ;;;pitan Chaguert;cap.;;;;;— Santander en 19 días vap. correo esp. Guipúsoa, cap. pitan Chaguert, te. 450, trip. 98, con frutos, á Samá, Sotolongo y op. Pga. 1021.;esp.;Guipúsoa;;;vap.;1876_10_14;Santander;;
Día 54:;;N/A: ;;;Mantorola;cap.;;;;;— Liverpool en 54 días barca cap. Invicta, cap. Mantorola, tons. 549, trip. 14, con carga general, á Ed. Matheias y op.;;Invicta;;;barca;1876_10_14;Liverpool;;
Día 47:;;N/A: ;;;Gantes;cap.;;;;;— Coruña en 47 días berg. gol. de tres palos esp. So-corro, cap. Gantes, tons. 193, trip. 13, con frutos, á J. A. Bances.;esp.;So-corro;;;berg.;1876_10_14;Coruña;;
Día 7:;;N/A: ;;;Gray;cap.;;;;;—Panzacía en 7 días gol. amer. Thomas W. Holder, cap. Gray, tons. 261, trip. 0, con maderas, a Marzán Hermanos.;amer.;Thomas W. Holder;;;gol.;1876_10_15;Panzacía;;
Día 46:;;N/A:  | N/A: ;;;Isabel;cap.;;;;;-Laguna de Término, 46 dias berg. gol. cap. Isabel, cap. Marty, 136, trip. 10, con polo de tinte, a la orden - Este buque navegaba para Barcelona y ha entrado do arribada forzosa por falta de viveres.;gol.;;;;berg.;1876_10_17;Laguna de Término;;
Día 12:;;N/A: ;;;Gardiner;cap.;;;;;-Panzacola en 12 dias gol. am. Illodia B. Saylor, cap. Gardiner, tons. 205, trip. 7, con maderas, a Marzan Hermanos.;am.;Illodia;;;gol.;1876_10_17;Panzacola;;
Día 1:;;N/A:  | N/A:  | N/A: ;;;Todd;cap.;;;;;-Matauza en 1 dia berg. ing. Manilas, cap. Todd, tons. 223, trip. 10, en lastré, a R. I. Cay.;ing.;Manilas;;;berg.;1876_10_17;Matauza;;
Día 44:;;N/A: ;;;Phillips;cap.;;;;;Do New-York en 44 dias cap. nm. City of Havana, cap. Phillips, tons. 1700, trip. 48, con efectos, a Zaldo y op. - Pasaj. 18.;;City of Havana;;;;1876_10_17;New-York;;
Día 6:;;N/A:  | N/A:  | N/A:  | N/A: ;;;Margarot;cap.;;;;;-New-Orleans y Cayo Hueso en 6 dias cap. am. Margarot, cap. Baker, tons. 503, trip. 21, con efectos, a Lawton Hs. - Pasaj. 22.;am.;;;;;1876_10_17;New Orleans;;
Día 1:;;N/A: ;;;Curry;cap.;;;;;-Cayo Hueso en 1 dia viv. am. In Time, cap. Curry, tons. 31, trip. 6, con pescado vivo, A M. Suarez.;;In Time;;;am.;1876_10_17;Cayo Hueso;;
Día 1:;;N/A: ;;;Russell;cap.;;;;;-Cayo Hueso en 1 dia viv. am. Mazoepa, cap. Russell, tons. 39, trip. 5, con pescado vivo, A M. Suarez.;;Mazoepa;;;am.;1876_10_17;Cayo Hueso;;
Día 44:;;;;;Reed;cap.;;;;;Do New York en 44 dias vap. am. Columbus, cap. Reed,;am.;Columbus;;;vap.;1876_10_18;New York;;
Día 52:;;N/A: ;;;Barrios;cap.;;;;;— Liverpool en 52 dias bca. cap. Matilde, cap. Barrios, tons. 314, trip. 12, con carga general, á More, Ajuria y comp.;;;;;bca.;1876_10_19;Liverpool;;
Día 9:;;N/A:  | N/A: ;;;Sherwood;cap.;;;;;Do Veracruz y Progreso en 9 días vap. nm. City of México, cap. Sherwood, ton. 1037, trip. 47, con efectos á Zaldo y Cp. —I-agaj. 13 para esta y 3 de tránsito. — Esto buque sufrió un huracán que lo duró desde las 11 de la noche del miércoles 18 hasta la media noche del jueves 19, durante cuyo tiempo fue necesario arrojar al mar 110 pacas de boniquen. Tuvo algunas averías o las cámaras, y lastimados 3 individuos de la tripulación. A bordo se vieron privados de preparar alimento alguno durante 36 horas que duró la violencia del tiempo.;nm.;City of México;;;vap.;1876_10_21;Veracruz y Progreso;;
Día 8:;;N/A: ;;;Hill;cap.;;;;;Do Indianola en 8 dias vap. am. Gussio, cap. Hill, ton. 464, trip. 25, con ganado vacuno á Mc Kellar, Lulug y Cp.;am.;Gussio;;;vap.;1876_10_22;Indianola;;
Día 21:;;N/A:  | N/A: ;;;Ochon;cap.;;;;;—Cádiz en 21 dias vap. cor. cap. Coruña, cap. Ochon, ton. 1696, trip. 83, con frutos á Samá, Sotolongo y Cp—Pasaj. 1027.;cor.;;;;vap.;1876_10_22;Cádiz;;
Día 12:;;N/A: ;;;Antonio Pomar;cap.;;;;;Da Ruzan en 12 dias gol. cap. Antonio Pomar, cap. Lopez, t4. 94. trip. 7. con harina. & J. Gonzalez y cp.;;;;;gol.;1876_10_25;Ruzan;;
Día 5:;;N/A:  | N/A: ;;;Draken;cap.;;;;;— New York en 5 dias vap. am. City of Veracruz, cap. Draken. ton. 1574, trip. 43, con efectos, & Zaldo x op. Pasaj. 49.;am.;City of Veracruz;;;vap.;1876_10_25;New York;;
Día 13:;;N/A:  | N/A:  | N/A: ;;;Gilon;cap.;;;;;— Santander y Ferrol en 13 dias del segundo vap. correo extraordinario cap. Gilon, cap. Martinez, ton. 936, trip. 84, con frutos, & Samá. Sotolongo y cp. Pasaj. 1.443.;;correo extraordinario;;;vap.;1876_10_25;Santander y Ferrol;;
Día 23:;;N/A:  | N/A:  | N/A: ;;;Villa;cap.;;;;;Do Naevitus en 23 dias vap. esp. Mannela. cap. Villa- mil. ton. 484, trip. 41, en lastre, á R. Horrera.;esp.;Mannela;;;vap.;1876_10_26;Naevitus;;
Día 16:;;;;;;;;;;;De la Ganda y Bonaire en 16 días gol. esp. Margarita;esp.;Margarita;;;gol.;1876_10_28;Ganda y Bonaire;;
;;N/A: ;;;Yverger;cap.;;;;;Antonia, cap. Yverger, tons. 94, trip. 12, con sal, á la;;Antonia;;;;1876_10_28;;;
Día 21:;;;;;;;;;;;—De Portland en 21 días gol. amer. Jefferson Borden;amer.;Jefferson Borden;;;gol.;1876_10_28;Portland;;
;;N/A:  | N/A: ;;;Berry;cap.;;;;;cap. Berry, tons. 413, trip. 10, con maderas y efectos;;;;;;1876_10_28;;;
Día 24:;;N/A: ;;;Arana;cap.;;;;;De Liverpool en 24 dias vap. esp. Irúaro Bat, capitan Arana, tons. 600, trip. 48, con carga general, á L. Soler y Cp.;esp.;Irúaro Bat;;;vap.;1876_10_29;Liverpool;;
Día 5:;;N/A:  | N/A:  | N/A: ;;;Voan;cap.;;;;;— Pascagoua en 5 dias gol. amer. H. Buddig, capitan Voan, tons. 161, trip. 7, con maderas, 4 Hamed, hijos v Cp.;amer.;H. Buddig;;;gol.;1876_10_29;Pascagoua;;
Día 29:;;N/A: ;;;Crowell;cap.;;;;;Do Little Glace Bay (C. B.) on 29 dias gol. amer. Peter H. Crowell, cap. Crowell, tons. 445, trip. 2, con carbon de piedra, à Mc Kellar, Lilling y cp.;amer.;Peter H. Crowell;;;gol.;1876_10_31;Glace Bay (C. B.);;
Día 55:;;N/A: ;;;Golry;cap.;;;;;- Burdeos on 55 dias berg. cap. San Miguel Archangel, cap. Golry, tons 144, trip. 12, con mercancías, à J R. Marquette.;;San Miguel Archangel;;;berg.;1876_10_31;Burdeos;;
Día 11:;;N/A:  | N/A:  | N/A:  | N/A:  | N/A:  | N/A: ;;;Dorp;cap.;;;;;- New York on 11 dias berg. amer. Ortolan, capitán Dorp, tons. 261, trip. 8, con maderas, à Hamel, hijos y C²;amer.;Ortolan;;;berg.;1876_10_31;New York;;
Día 5:;;N/A:  | N/A:  | N/A: ;;;Curtis;cap.;;;;;- New York on 5 dias vap. amer. Crescent City, cap. Curtis, tons. 2.003, trip. 50, con efectos, à Mc Kellar, Lilling y C²—Pasajes 19.;amer.;Crescent City;;;vap.;1876_10_31;New York;;
Día 7:;;N/A: ;;;Bayle;cap.;;;;;- New Orleans on 7 dias gol. amer. Wenonah, capitán Bayle, tons. 47, trip. 8, con maderas, à N. Deno- fen.;amer.;Wenonah;;;gol.;1876_10_31;New Orleans;;
Día 10:;;N/A:  | N/A:  | N/A: ;;;Harrington;cap.;;;;;- Machias on 10 dias gol. amer. L. & M. Knowles, cap. pitan Harrington, tons. 200, trip. 7, con maderas, à 4. 1. Neixon.;amer.;L. & M. Knowles;;;gol.;1876_10_31;Machias;;
Día 6:;;N/A: ;;;Hodgins;cap.;;;;;- Panzacola on 6 dias gol. amer. Wm. Denning, capitan Hodgins, tons. 176, trip. 6, con maderas, à Marzau hermanos.;amer.;Wm. Denning;;;gol.;1876_10_31;Panzacola;;
Día 1:;;N/A: ;;;Lakeman;cap.;;;;;"— Portland y Cárdenas en 1 dia del último berg. amer. J. Nowlaid, cap. Lakeman, ton. 234, trip. 8, con efectos de tonelería; à L. Mojarrita.";amer.;J. Nowlaid;;;berg.;1876_11_01;Portland y Cárdenas;;
Día 12:;;N/A: ;;;Elías Villegas;cap.;;;;;— Ponce (P. Rico) en 12 dias berg. cap. Elías Villegas, cap. Antig, ton. 120, trip. 19, con café à la orden.;;;;;berg.;1876_11_01;Ponce (P. Rico);;
Día 17:;;;;;;;;;;;De Liverpool y Santander en 17 día del último vap. esp.;esp.;;;;vap.;1876_11_02;Liverpool y Santander;;
Día 20:;;;;;;cap.;;;;;— Liverpool y la Ceraña en 20 días vap. ing. Texas, cap.;ing.;Texas;;;vap.;1876_11_02;Liverpool;;
Día 3:;;N/A: ;;;Colton;cap.;;;;;Do N. Orlicans en 3 dias vap. aim. Charles W. Lord. cap. Colton. ton. 1004, trip. 23, con efectos, á G. Neilsou;aim.;Charles W. Lord;;;vap.;1876_11_04;N. Orlicans;;
Día 19:;;N/A: ;;;Bayola;cap.;;;;;—Santander en 19 dias vap. correo osp. Antonio Lopez, cap. Bayola, is. 376, trip. 191, con frutos, á Salmá, Sotolongo y cp-Pga. 1067.—Conduce al Excmo. Sr. Capitán General de Ejército D.: Arsenio Martínez Campos.;correo osp.;Antonio Lopez;;;vap.;1876_11_04;Santander;;
Día 18:;;N/A:  | N/A: ;;;Segobia;cap.;;;;;De Santander ou 18 dias vap. correo esp. España, capitan Segobia, tons. 503, trip. 92, con frutos, à Samid, Sotolongo y cp. Pasajeros 1060.;esp.;correo España;;;vap.;1876_11_05;Santander;;
Día 56:;;N/A: ;;;Deba Telesfora;cap.;;;;;— Liverpool en 56 dias boa cap. Deba Telesfora, capitan Portuondo, tons. 473, trip. 14, con carga general, à Gassol, Avenida y cp.;;;;;boa;1876_11_05;Liverpool;;
Día 1:;;N/A:  | N/A:  | N/A: ;;;Vila;cap.;;;;;— Matanzas en 1 dia boa cap. Paquete de Cantabria, cap. Vila, tons. 218, trip. 12, en lastre, à J. do la Portilla.;;Paquete de Cantabria;;;boa;1876_11_05;Matanzas;;
Día 1:;;N/A: ;;;Booker;cap.;;;;;— Hueso en 1 dia gol. em Asa Eldridge, cap. Booker, ton. 51, trip. 6, con maderas, à Lawtou bs. Pasajeros 6.;;Asa Eldridge;;;gol.;1876_11_05;Hueso;;
Día 56:;;N/A:  | N/A:  | N/A:  | N/A: ;;;Andrew;cap.;;;;;De Barcelona y Málaga en 56 días barca esp. Virtuosa, cap. Andrew, top. 358, trip. 16, con frutos, á Gassol, Avenida y comp.;esp.;Virtuosa;;;barca;1876_11_07;Barcelona y Málaga;;
Día 6:;;N/A:  | N/A:  | N/A:  | N/A: ;;;Me Intosh;cap.;;;;;"De Veracruz. Csm; ccho y Progreso, en 6 dias, vapor 2-america no CIBA, capitan Me Intosh, tonoladas 1075, tripulantes 44, con efectos, a Zaldo y Cº-Pazjeras 10.";CIBA;2-america;;;vapor;1876_11_08;Veracruz;;
Día 18:;;;;;;;;;;;De Brémen y el Harro en 18 días del último vap. germ.;germ.;;;;vap.;1876_11_09;Brémen y el Harro;;
;;;;;Erdmann;cap.;;;;;Hannover, cap. Erdmann, tons. 1924, trip. 82, con;;;;;;1876_11_09;Hannover;;
Día 17:;;;;;Gracia;cap.;;;;;Liverpool en 17 días vap. cap. Gracia, cap. Eroauna,;;;;;vap.;1876_11_09;Liverpool;;
Día 01:;;N/A: ;;;Tillergh;cap.;;;;;— Indian, 01 en 5 dias vap. am. Wm. (t. Honee, capitan Tillergh, tons. 404, trip. 25, con gacado vacuno, á M. Keellar, Luling y cp.;am.;Indian;;;vap.;1876_11_10;;;
Día 1:;;N/A: ;;;Lowe;cap.;;;;;— Cayo Hueso en 1 dia viv. amer. Emma L. Lowe, cap. Lowe, tons. 70, trip. 6, con peacado vivo á M. Sux.;amer.;Emma L. Lowe;;;viv.;1876_11_10;Cayo Hueso;;
Día 5:;;N/A:  | N/A:  | N/A:  | N/A: ;;;Sherwood;cap.;;;;;Do Nueva York en 5 días vap. am. City of Mexico, cap. Sherwood, tons. 1076, trip. 46, con efectos, á Zaldo y ep. -Pasaj. 43 para esta y 10 de tránsito.;am.;City of Mexico;;;vap.;1876_11_11;Nueva York;;
Día 3:;;N/A: ;;;Jimenez;cap.;;;;;—las Mujeres en 3 días viv. ing. Express, cap. Jimenez, tons. 52, trip. 7, con pescado vivo, á M. Suarez.;;Express;;;ing.;1876_11_11;;;
Día 20:;;N/A:  | N/A: ;;;Offort;cap.;;;;;—St. Nazaire. Santander y St. Thomas en 20 días vap. por fravo. Ville de Bordoyes, cap. Offort, tons. 1760, trip. 195, con efectos, á Durruty y Cp. -Pasaj. 103.;;Ville de Bordoyes;;;vap.;1876_11_11;St. Nazaire;;
Día 12:;;N/A:  | N/A: ;;;Mano;cap.;;;;;"Do Kingston (Jamaica) y escalas en la tala on 12 días vapor cap. Alicante, cap. Mano; tons. 480, trip. 39, con efectos, á R. Herrera - Pasaje. 36.";;Alicante;;;vapor;1876_11_12;Kingston (Jamaica);;
Día 29:;;N/A:  | N/A: ;;;Curry;cap.;;;;;— Cornwalls (N. E.) en 29 días gol. ing. Anne Brown, cap. Curry, tons. 133, trip. 6, con papas y maderas, á Hayley y C.;ing.;Anne Brown;;;gol.;1876_11_12;Cornwalls (N. E.);;
Día 58:;;N/A: ;;;Tonda;cap.;;;;;— Valencía en 58 días berg. esp. San Francisco de Paula, cap. Tonda, ts. 158, trip. 10, con frutos, á la orden Pga. 1.;esp.;San Francisco de Paula;;;berg.;1876_11_12;Valencía;;
Día 7:;;N/A: ;;;Domonech;cap.;;;;;—Gibara en 7 días pol. esp. San José, cap. Domonech, tons. 102, trip. 11, con tabaco, á J. Gonzales y cp.—Pasajes 2.;esp.;San José;;;pol.;1876_11_14;Gibara;;
Día 50:;;N/A: ;;;Lopez;cap.;;;;;—Cádiz y Sevilla en 50 días bca. esp. Santijsima Trinidad, cap. Lopez, tons. 334, trip. 14, con frutos, á R. Romero.—Pasajes 2.;esp.;Santijsima Trinidad;;;bca.;1876_11_14;Cádiz y Sevilla;;
Día 6:;;N/A: ;;;Spear;cap.;;;;;—Panzacola en 6 días gol. amer. Nello Bowers, cap. Spear, tons. 233, trip. 8, con maderas, á S. C. Burham y cp.—Pasajes 2.;amer.;Nello Bowers;;;gol.;1876_11_14;Panzacola;;
Día 21:;;N/A: ;;;Jaureguiz;cap.;;;;;—Santander y la Coruña en 21 días vapor-correo esp. Santander, cap. Jaureguiz, tons. 566, trip. 96, con frutos, á Santiá, Sotolongo y cp.—Pasajes 1395.;esp.;Santander;;;vapor-correo;1876_11_14;Santander y la Coruña;;
Día 4:;;N/A: ;;;Hill;cap.;;;;;—Indiáulola en 4 días vap. amer. Gusalo, cap. Hill, tons 491, tri. 2, con ganado vacuno, á Mo. Kellar, Lülling y op.;amer.;Gusalo;;;vap.;1876_11_14;Indiáulola;;
Día 13:;;N/A: ;;;Falker;cap.;;;;;—Portlau en 13 días gol. amer. Frank W. Emery, cap. Falker, tons. 314, trip. 8, con efectos de tonelería, á R. I. Cay.;amer.;Frank W. Emery;;;gol.;1876_11_14;Portlau;;
Día 6:;;N/A: ;;;Baker;cap.;;;;;—Now Orleans y Cayo Hueso en 6 días, vap. amer. Margaret, cap. Baker, tons. 109, trip. 21, con efectos, á Lawton Herms.—Pasajes 12.;amer.;Margaret;;;vap.;1876_11_14;Now Orleans y Cayo Hueso;;
Día 5:;;N/A: ;;;Shearer;cap.;;;;;—Panzacola en 5 días gol. amer. Fannie R. Williams, cap. Shearer, tons. 292, trip. 7, con maderas, á S. C. Burnham y Cp.;amer.;Fannie R. Williams;;;gol.;1876_11_14;Panzacola;;
Día 15:;;N/A:  | N/A:  | N/A:  | N/A: ;;;Mason;cap.;;;;;—New York on 15 días gol. amer. Emma C. Rommell, cap. Mason, tons. 980, trip. 7, con maderas, á Hamol, hijos y Cp.;amer.;Emma C. Rommell;;;gol.;1876_11_14;New York;;
Día 20:;;N/A:  | N/A: ;;;Mendoza;cap.;;;;;—Liverpool y Santander, en 20 días del último, vapor esp. Emiliano, cap. Mendoza, tons. 692, trip. 64, con carga general, á L. Sely, Cp.—Pasajes 1.215.;esp.;Emiliano;;;vapor;1876_11_14;Liverpool y Santander;;
Día 30:;;N/A: ;;;Le Blond;cap.;;;;;—Little Glace Bay (G. B.) en 30 días berg. ing. Acdian, cap. Le Blond, tons. 482, trip. 10, con carbon de piedra, á Mc Kellar, Lülling y Cp.;ing.;Acdian;;;berg.;1876_11_14;Little Glace Bay (G. B.);;
Día 19:;;N/A: ;;;Mc Donald;cap.;;;;;—Georgetown (Isla del Principe Edmundo) on 19 días bg. ing. Minnie, cap. Mc Donald, tons. 136, trip. 7, con efectos, á Lawton Hnos.;ing.;Minnie;;;bg.;1876_11_14;Georgetown (Isla del Principe Edmundo);;
Día 23:;;N/A: ;;;Ribera;cap.;;;;;—Barcelona y Pto-Rico en 23 días vap. esp. Santiago, cap. Ribera, tons. 1097, trip. 59, con frutos, á Fabra, y Ginarca.—Pasajeros 1137.;esp.;Santiago;;;vap.;1876_11_14;Barcelona y Pto-Rico;;
Día 5:;null;N/A:  | N/A:  | N/A: ;;;Denken;cap.;;;01-01-1874;;De New-York en 5 días cap. amer. City of Vora Cruz, cap. Denken, tons. 1874, trip. 41, con ofecitos, á Zaldy y Co. - Pasaj. 73.;amer.;City of Vora Cruz;;;null;1876_11_15;New-York;;
Día 56:;;N/A: ;;;Thomasen;cap.;;;;;— Cardif en 56 días berg. danda Saga, cap. Thomasen, tons. 855, trip. 10, con carbon do piedra, á Zulutota y Sobrino.;;danda Saga;;;berg.;1876_11_15;Cardif;;
Día 57:;;N/A: ;;;Gorocica;cap.;;;;;— Santander en 57 días bea. cap. Nervion, cap. Gorocica, tons. 580, trip. 15, con harina, á E. Mathias y Compañía.;;Nervion;;;bea.;1876_11_15;Santander;;
Día 1:;;;;;And ercon;esp.;;;;;De Matansas en 1 dia bca. am. Aecia, esp. And ercon;am.;Aecia;;;bca.;1876_11_16;Matansas;;
Día 22:;;;;;Idoyaga;cap.;;;;;- Barcelona en 22 dias vap. esp. Francoli, cap. Idoyaga,;esp.;Francoli;;;vap.;1876_11_16;Barcelona;;
Día 1:;;;;;Meyer;cap.;;;;;Do Malanzas en un dia berg. am. Havana. cap. Meyer,;am.;Havana;;;berg.;1876_11_17;Malanzas;;
Día 12:;;N/A:  | N/A: ;;;Leatitt;cap.;;;;;Portland en 12 dias gol. am. Addis Jordan, cap. Leatitt, tons. 292, trip. 8, con papas y efectos de tonelería, á L. Mojarrleta y cp.;am.;Addis Jordan;;;gol.;1876_11_18;Portland;;
Día 62:;;N/A: ;;;Rogers;cap.;;;;;Mercedes (Montevideo) en 62 dias berg. gol. esp. Juanito, cap. Rogers, ton. 240, trip. 12, con tasejo, á Jap- yop.;esp.;Juanito;;;berg.;1876_11_18;Montevideo;;
Día 54:;;N/A:  | N/A:  | N/A: ;;;Astolino;cap.;;;;;Santander en 54 dias berg. gol. de tres palos español Escalada, cap. Astolino, ton. 171, trip. 10, con fr- tos, á Eohararrot y op.;español;Escalada;;;berg.;1876_11_18;Santander;;
Día 3:;;;;;Lord;cap.;;;;;De New Orleans en 3 días vap. am. Chas. IV. Lord. cap.;am.;Chas. IV.;;;vap.;1876_11_19;New Orleans;;
;;N/A: ;;;Más;cap.;;;;;Hiaró. cap. Más, tons. 583, trip. 07, con frutos, á L.;;Hiaró;;;;1876_11_19;;;
Día 18:;;;;;Domingo;cap.;;;;;—Cádiz en 53 días berg. esp. Gayá, cap. Domingo, 18;esp.;Gayá;;;berg.;1876_11_19;Cádiz;;
Día 43:;;N/A: ;;;Timmerman;cap.;;;;;N. York en 43 dias vap. am. City of New-York, cap. Timmerman, ton. 17 5, trip. 53, con efeitos, a Zaldo y op.—Paa. 93.;am.;City of New-York;;;vap.;1876_11_21;N. York;;
Día 53:;;N/A:  | N/A:  | N/A: ;;;Alcina;cap.;;;;;Barnes Alres y Rio Janciero en 53 dias berg. cap. Tibidabo, cap. Alcina, ton. 253, trip. 12, con fazajo, 4 J. Balcells y cp.;;Tibidabo;;;berg.;1876_11_21;Alres;;
Día 72:;;N/A:  | N/A:  | N/A: ;;;omban Maristany;cap.;;;;;Montevideo en 72 dias berg. esp. Timoteo 12, omban Maristany, tons. 147, trip. 10, con tasaje, 4 J. Balcells y cp.;esp.;Timoteo 12;;;berg.;1876_11_21;Montevideo;;
Día 10:;;N/A: ;;;Braunio y Vicente;cap.;;;;;De Progreso en 10 días berg. cap. Braunio y Vicente, cap. pitan Salcidua, ton. 134, trip. 8, con campecheria, à M. de Arce y Cp. —Passaj. 1.;;;;;berg.;1876_11_22;Progreso;;
Día 17:;;;;;capitan;cap.;;;;;De Liverpool en 17 dias vapor osp. Guillermo, capitan;osp.;Guillermo;;;vapor;1876_11_23;Liverpool;;
Día 63:;;;;;Cid;cap.;;;;;— Valonola en 63 dias berg. cap. Cid, cap. Estopida, ta,;;;;;berg.;1876_11_23;Valonola;;
Día 9:;;;;;Enrique;cap.;;;;;— Cienfuegos on 9 dias berg. cap. Enrique, cap. Llor-;;;;;berg.;1876_11_23;Cienfuegos;;
Día 1:;;N/A:  | N/A:  | N/A:  | N/A: ;;;Artega;cap.;;;;;De Cayo Hueso en 1 dia rvero amer. Sea Bird, cap. Artega, tons. 29, trip. 5, con pescado vivo y salado, á M. Suarez.;amer.;Sea Bird;;;rvero;1876_11_24;Cayo Hueso;;
Día 16:;;N/A:  | N/A: ;;;Walls;cap.;;;;;— Filadelfia en 16 dias gel. amer. Sainuel Mo Maney, cap. Walls, tons. 226, trip. 7, con toneleria y carbon de piso, á Hannel, hijos y Op.;amer.;Sainuel Mo Maney;;;gel.;1876_11_24;Filadelfia;;
Día 5:;;N/A:  | N/A:  | N/A:  | N/A: ;;;Havia;cap.;;;;;— N. Orizans on 5 dias gol. am. Wu. M. Jones, cap. Havia, top. 415, trip. 8, con maderas á Gonzalez, Goat y cp.;am.;Wu. M. Jones;;;gol.;1876_11_24;N. Orizans;;
Día 15:;;N/A: ;;;Gaul;cap.;;;;;De New York on 15 dias gol. amer. Santa Rosa, capitan Gaul, tons. 355, trip. 9, con maderas, à Mané, Zaldúa y Cp.;amer.;Santa Rosa;;;gol.;1876_11_25;New York;;
Día 1:;;N/A: ;;;Fannimore;cap.;;;;;—Viladelia y Matazasa on 1 dia. del último, goleta amer. Chas. A. Coulomb, cap. Fannimore, tons. 357, trip. 8, con carbon de piedra, à Hannel, hijos y compañías.;amer.;Chas. A. Coulomb;;;goleta;1876_11_25;Viladelia y Matazasa;;
Día 66:;;N/A: ;;;Fernández;cap.;;;;;De la Cornha on 66 dias bca. cap. Nomesia, cap. Fernández, ta. 201, trip. 11, con efectos, á R. Romero—Pamaleros 12.;;Nomesia;;;bca.;1876_11_26;Cornha;;
Día 37:;;N/A:  | N/A:  | N/A: ;;;D. Francisco de P. Castellanos;cap.;;;;;A la puesta del sol entró la frag. de guerra nacional Villa de Madrid, comdot. el cap. de navío D. Francisco de P. Castellanos, procedente de Cádiz y St. Thomas en 37 días. Su tripulación consta de 291 individuos, y trao de transporte 31 jefes y odial-s, 39 sargentos y 948 soldados para el ejército de esta isla.;nacional;Villa de Madrid;;;frag.;1876_11_26;Cádiz y St. Thomas;;
Día 6:;;N/A: ;;;Mo Yntosh;cap.;;;;;New York en 6 días vap. am. Cuba, cap. Mo Yntosh, ta. 11°, trip. 35, con efectos, á Mo Kellar, Luling y cop. Pga. 7.;am.;Cuba;;;vap.;1876_11_26;New York;;
Día 52:;;N/A: ;;;Le Blanc;cap.;;;;;De Sidney (C. B.) y Matanzas en 52 dias ben. ing. County of Richmond, cap. Le Blanc, ton. 410, trip. 10, con carbon de piedra, á Lawton Ha.;ing.;County of Richmond;;;ben.;1876_11_28;Sidney (C. B.) y Matanzas;;
Día 3:;;N/A: ;;;Erdmann;cap.;;;;;— N. Orleans en 3 cap. vap. gerun. Hannover. capitan Erdmann, ton. 1924, trip. 24, con carga de transito, á II. Upman y cp. —Pas. 37.;gerun.;Hannover;;;vap.;1876_11_28;N. Orleans;;
Día 43:;;N/A: ;;;Reed;cap.;;;;;— N. York en 43 dias vap. am. Columbia, cap. Reed, ton. 1583, trip. 47, con efectos, á Mo Kellar, Lüling y cp. 46.;am.;Columbia;;;vap.;1876_11_28;N. York;;
Día 22:;;N/A: ;;;Gurtubay;cap.;;;;;— Liverpool y Havre en 22 dias vap. cap. Gurtubay, cap. Anzolecaga, ton. 377, trip. 26, con carga general, á I. Soler y Cp. —Pas. 46.;;;;;vap.;1876_11_28;Liverpool y Havre;;
Día 6:;;N/A: ;;;Baker;cap.;;;;;— N. Orleans y C. Huso en 6 dias vap. am. Margaret, cap. Baker, ton. 150, trip. 22, con efectos, á Lawton Ha.;am.;Margaret;;;vap.;1876_11_28;N. Orleans;;
Día 1:;;N/A:  | N/A:  | N/A: ;;;Villamil;cap.;;;;;De Calbarien en 1 dia vap. cap. Manuela, capitan Villamil, tons. 434, trip. 36, en lastre, R. á Herrera.;;Manuela;;;vap.;1876_11_29;Calbarien;;
Día 23:;;N/A:  | N/A: ;;;Hanson;cap.;;;;;—St. John (N. B.) en 23 dias gol. ing. Harold, capitan Hanson, tons. 188, trip. 7, con maderas, & S. O. Burnham y C.;ing.;Harold;;;gol.;1876_11_29;St. John (N. B.);;
Día 7:;;N/A: ;;;Daniels;cap.;;;;;—N. York y Nassan en 7 dias vap. am. Leo. cap. Daniels, ton. 1030, trip. 23, con efectos, á Hamel, hijo y Comp.;am.;Leo;;;vap.;1876_11_29;N. York y Nassan;;
Día 2:;;N/A:  | N/A: ;;;Lowe;cap.;;;;;De C. Inneso en 2 dias gel. am. r. Aristia, cap. Lowe, t. ns. 71, trip. 9, con ganado vacuno, A M. Suarez. - Pasaj. 1.;am.;Aristia;;;gel.;1876_11_30;C. Inneso;;
Día 1:;;N/A:  | N/A:  | N/A: ;;;Taxonera;cap.;;;;;Barcelona, Málaga y Matañanas en 1 dia del ultime bcr. esp. Julio, cap. Taxonera, tons. 252, trip. 12, con efectos, A Chia y C!;esp.;Julio;;;;1876_11_30;Barcelona;;
Día 61:;;N/A: ;;;Beltran;cap.;;;;;Montevideo y Cardenas en 61 dias berg. cap. Ama- lia, cap. Beltran, ton. 165, trip. 13, con tasaño, A la Órden.;;Ama- lia;;;berg.;1876_11_30;Montevideo y Cardenas;;
Día 6:;;N/A:  | N/A:  | N/A: ;;;Urrucha;cap.;;;;;Progreso en 6 dias berg. cap. Celta, cap. Urrucha, ton. 181, trip. 11, con campeche, A Catalá y Arch.;;Celta;;;berg.;1876_11_30;Progreso;;
Día 59:;;N/A:  | N/A: ;;;Framerlo;cap.;;;;;De Cardiff 59 dias boa. anoca Indlen, cap. Framerlo, tons. 534, trip. 15. con carbon de piedra, à Zulueta y Sabrino.;;anoca Indlen;;;boa.;1876_12_01;Cardiff;;
Día 5:;;N/A: ;;;Phillips;cap.;;;;;— New York en 5 dias rap. am. City of Havanas, cap. Phillips, tons. 130, trip. 42, con efectos, à Zaldoy y CP.;am.;City of Havanas;;;rap.;1876_12_01;New York;;
Día 6:;;;;;Cuando;cap.;;;;;De Amberes en 6 días bon. cap. Cuando, cap. Romen-;;;;;bon.;1876_12_02;Amberes;;
Día 2:;;N/A:  | N/A: ;;;Jimenez;cap.;;;;;De Isla Mujeres on 2 días viv. Ingles Express, cap. Jimenez, ton. 52, trip. 7, con pescado vivo, 4 M. Suarez.;Ingles;Express;;;viv.;1876_12_03;Isla Mujeres;;
Día 10:;;N/A:  | N/A:  | N/A: ;;;Chasquort;cap.;;;;;De Cádiz y P. Rico en 10 días vap. cor. esp. Guipúzcoa, cap. Chasquort, ton. 450, trip. 115 confrutos y correspondencia á Sana, Scotolongo y C. - Pasaj. 749.;esp.;Guipúzcoa;;;vap.;1876_12_05;Cádiz y P. Rico;;
Día 3:;;N/A:  | N/A:  | N/A: ;;;Gray;cap.;;;;;—Panzacola en 3 días gol. am. Thomas W. Holter, cap. Gray, ton. 246, trip. 7, con maderas 4 Marzan linos.;am.;Thomas W. Holter;;;gol.;1876_12_05;Panzacola;;
Día 5:;;N/A:  | N/A:  | N/A: ;;;Terry;cap.;;;;;—Shildshorough en 5 días gol. am. Mary C. Comery, cap. Terry, ton. 318, trip. 8, con maderas á Hamel, hijos y Cp.;am.;Mary C. Comery;;;gol.;1876_12_05;Shildshorough;;
Día 20:;;N/A: ;;;Bray;cap.;;;;;—Boston en 20 días berg. am. George E. Thacher, cap. Bray, ton. 355, trip. 8, con hielo á la Compañía Tudor.;am.;George E. Thacher;;;berg.;1876_12_05;Boston;;
Día 5:;;N/A:  | N/A: ;;;Deakan;cap.;;;;;—N. York en 5 días vap. am. City of Vera Cruz, cap. Deakan, ton. 1730, trip. 50, con efectos á Zaldo y Cp. - Pasaj. 60.;am.;City of Vera Cruz;;;vap.;1876_12_05;N. York;;
Día 3:;;N/A: ;;;Plummer;cap.;;;;;"— Pansacola ou 3 días berg. ing. Isidora Rionda, cap. Plummer, ts. 279, trip. 7, con maderas; a J. H. Marquetti.";ing.;Isidora Rionda;;;berg.;1876_12_06;Pansacola;;
Día 10:;;N/A: ;;;D. Rafael Alonso Sanjurjo;comand.;;;;;Cédiz y Santómas en 10 dias del ultimo frag. de guerra nacional Narvas de Tolosa, comand. el cap. de a- vio [D. Rafael Alonso Sanjurjo, trip. 472. -Condnc 1010 individuos de tropa.;;;;;;1876_12_07;Cédiz y Santómas;;
Día 3:;;N/A:  | N/A:  | N/A:  | N/A: ;;;Santiago;cap.;;;;;N. Orleans en 3 j dias yap. cap. Santiago, cap. Rive- rons, tons. 1,669, trip. 74, con algodon, de tránsito, a Fabra'y Ginería - Paese 5.;;;;;yap.;1876_12_07;N. Orleans;;
Día 7:;;;;;;;;;;;De New Orleans y Cayo Hueso en 7 días vapor amer.;;amer.;;;vapor;1876_12_08;New Orleans y Cayo Hueso;;
Día 4:;;N/A:  | N/A:  | N/A: ;;;Macanal;cap.;;;;;—Veracruz en 4 días vap. inglés Bro. cap. Macanal, ton. 853, trip. 70, con efectos, & S.C. Burnham y C—PasaJ. 80.;inglés;Bro.;;;vap.;1876_12_08;Veracruz;;
Día 43:;;N/A: ;;;Kennedy;cap.;;;;;—N. York en 43 días cap. 'am. Dlyde, cap. Kennedy, tons. 2016, trip. 40, con efectos á Mc Kellar, Luling y op.;am.;Dlyde;;;;1876_12_08;N. York;;
Día 21:;;N/A:  | N/A:  | N/A: ;;;Palme;cap.;;;;;—Portland en 21 días berg. gol. am. E. H. Rich, cap. Palme, tons. 394, trip. 8, con toneladas, & Zaldo y C:;am.;E. H. Rich;;;berg.;1876_12_08;Portland;;
Día 1:;;N/A:  | N/A: ;;;Morgan;cap.;;;;;—C. Hueso en 1 día viv. amer. In Time, cap. Morgan, tons. 31, trip. 5, con pescado vivo, & M. Snares.;amer.;In Time;;;viv.;1876_12_08;C. Hueso;;
Día 1:;;;;;Bla-;cap.;;;;;De Caye en 1 dia viv. am. W. Blackford, cap. Bla-;am.;W. Blackford;;;viv.;1876_12_09;Caye;;
Día 39:;;N/A: ;;;Gardoqui;cap.;;;;;De Liverpool en 39 dias bcn. cap. Joaquina, cap. Gardoqui, ton. 313, trip. 13, con carga general, á J. R. Marquette.;;Joaquina;;;bcn.;1876_12_10;Liverpool;;
Día 67:;;N/A: ;;;León;cap.;;;;;- Cardiff en 67 dias berg. am. Elisa Morton, cap. León, ton. 593, trip. 9, con carbon de piedra, á Zulueta y Sobrinos.;am.;Elisa Morton;;;berg.;1876_12_10;Cardiff;;
Día 35:;;N/A: ;;;Sol;cap.;;;;;"- Nueva Escocia en 35 dias berg. cap. Sol, cap. Bantista; ton. 190, trip. 11, con maderas, á Lowton Ha.";;;;;berg.;1876_12_10;Nueva Escocia;;
Día 13:;;N/A: ;;;Lorenzo;cap.;;;;;- Ruatan (Honduras) en 13 días gol. esp. Antonio Pomar, cap. Lorenzo, tons. 94, trip. 7, con harina, á la orden.;esp.;Antonio Pomar;;;gol.;1876_12_12;Ruatan (Honduras);;
Día 76:;;N/A:  | N/A:  | N/A:  | N/A:  | N/A:  | N/A: ;;;Unibaso;cap.;;;;;- Bilbao en 76 días bg. esp. San Quintín, cap. Unibaso, tons. 240, trip. 14, con frutos, á Lopez, Lezama y Larrea.;esp.;San Quintín;;;bg.;1876_12_12;Bilbao;;
Día 133:;;N/A: ;;;Orso-llin;cap.;;;;;- Ialá Macabi en 133 días bca. Ital. Alma, cap. Orso-llin, tons. 515, trip. 14, con guano, á I. M. Zangro-niz.;Ital.;Alma;;;bca.;1876_12_12;;;
Día 62:;;N/A: ;;;Aduris;cap.;;;;;- Sovi la en 62 días bg. esp. San José, cap. Aduris, tons. 135, trip. 12, con frutos, á J. do la Portilla. -Pasajeros 8.;esp.;San José;;;bg.;1876_12_12;Sovi;;
Día 1:;;N/A: ;;;Vivos;cap.;;;;;- Cayo Hucu en 1 día gol. esp. Manati, cap. Vivos, tons. 43, trip. 6, con ganado vacuno, á M. Suarez.;esp.;Manati;;;gol.;1876_12_12;Cayo Hucu;;
Día 80:;;N/A:  | N/A: ;;;Popita;cap.;;;;;De Barcelona en 80 días berg. cap. Popita, cap. Zaragoza, ton. 202, trip. 11, con frutos á Vidal y Cp-Pasajeros 11.;;;;;berg.;1876_12_13;Barcelona;;
Día 6:;;N/A:  | N/A: ;;;Iskier;cap.;;;;;—N. Orleansa y C. Huas en 6 días vap. am. Margaret, cap. Iskier, ton. 508, trip. 21, con efectos á Lawton hermanos—Pasaj. 7.;am.;Margaret;;;vap.;1876_12_13;N. Orleansa;;
Día 5:;;N/A:  | N/A: ;;;Timmerman;cap.;;;;;—N. York en 5 días vap. am. City of New York. cap. Timmerman, ton. 1715, trip. 48, con efectos á Zaldo y Cp-Pasaj. 90.;am.;City of New York;;;vap.;1876_12_13;N. York;;
Día 3:;;N/A:  | N/A: ;;;Colton;cap.;;;;;—N. Orleansa en 3 días vap. am. Chas W. Lord, cap. Colton, ton. 1094, trip. 33, con efectos á G. Neilson—Pasaj. 11.;am.;Chas W. Lord;;;vap.;1876_12_13;N. Orleans;;
Día 1:;;N/A:  | N/A: ;;;Ellis;cap.;;;;;"De Cavo pouso en 1 dia gol. amer. Spray, cap. Ellis, ta. 55. trip. 14; con gastos, el cónsul de los Estados Unidos. -Rega buque es uno as ics destinados por el Gobierno de los Estados Unidos al servicio de los furos de sus costas.";amer.;Spray;;;gol.;1876_12_14;Cavo pouso;;
Día 50:;;N/A: ;;;Nogueras;cap.;;;;;—Cormen en 50 dias barca cap. Maria Pange, capitán Nogueras. tons. 271. trip. 15. con efectos, á J. A. Banes. -Passag. 44.;;cap. Maria Pange;;;barca;1876_12_14;Cormen;;
Día Gt.:;;N/A: ;;;Felipe;cap.;;;;;—Amores en Gt. dias berg. cap. Felipe, cap. Oblata, ton. 250. trip. 9, con carga general, á Bd. Mathlas y Comp.;;Oblata;;;berg.;1876_12_14;;;
Día 23:;;N/A:  | N/A:  | N/A: ;;;Traub;cap.;;;;;—St. Nazaire. Santandrer y St. Thomas en 23 dias yap. franc. Vito do Brost, cap. Traub, tons. 1730. trip. 32. con efectos, á Durrnty y Cª. Pasaja. 144 para est. y 84 de transito.;franc.;Vito do Brost;;;yap.;1876_12_14;St. Nazaire;;
Día 4:;;N/A: ;;;Bishop;cap.;;;;;—Pazos la en 4 dias berg. amer. Hattie S. Bishop, cap. Bishop, tons. 214, trip. 7, con maderas, á G. de Gabancho.;amer.;Hattie S. Bishop;;;berg.;1876_12_14;Pazos;;
Día 8:;;N/A:  | N/A:  | N/A:  | N/A: ;;;Powers;cap.;;;;;—Pascagoula en 8 dias boa. amer. Sagadahor, cap. Powers, tons. 450. trip. 9, con maderas, á Hamil, hijos y Cª.;amer.;Sagadahor;;;boa.;1876_12_14;Pascagoula;;
Día 1:;;N/A: ;;;Tillbergh;cap.;;;;;De Indianola en 1 dia cap. am. Wm. G. Heves, capitan Tillbergh, tn. 457. trip. 25, con ganado vacuno, à Mo Kollar, Luing y Cp.;am.;Wm. G. Heves;;;;1876_12_15;Indianola;;
Día 23:;;N/A: ;;;Smith;cap.;;;;;—S. John (N. B.) y Cárdenas en 23 dias berg. Ing. Westmoreland, cap. Smith, tons. 218. 11ip. 8, con cortes de caja, à Zaldo y Cp.;Ing.;Westmoreland;;;berg.;1876_12_15;Cárdenas;;
Día 22:;;N/A: ;;;Rios- tra;cap.;;;;;De Liverpool en 22 dias vap. cap. Carolina, cap. Rios- tra, tons. 1350, trip. 43, con carga general, A. N. Don- lofen. - Parajes. 1.;;Carolina;;;vap.;1876_12_16;Liverpool;;
Día 7:;;N/A:  | N/A:  | N/A: ;;;Lluve- ra;cap.;;;;;"— New Orleans en 7 dias borg. ing. Clara, cap. Lluve- ra, tons. 190; trip. 8, con efectos, A Gonzalez, Gost y Comp.";ing.;Clara;;;borg.;1876_12_16;New Orleans;;
Día 52:;;N/A: ;;;Rayner;cap.;;;;;Do Newport en 52 dias berg. amer. Henry A. Burnham, cap Rayner, tons. 352, trip. 9, con carbon de piedra, a la orden.;amer.;Henry A. Burnham;;;berg.;1876_12_17;Newport;;
Día 1:;;N/A: ;;;cipitan Carballo;cap.;;;;;—Cayo Hueso on 1 dia viv. amor. Eliza L. Rogers, cap. cipitan Carballo, tons. 47, trip. 6, con pesado salado, a Mf. Saurao.;;Eliza L. Rogers;;;;1876_12_17;Cayo Hueso;;
Día 5:;;N/A: ;;;Mo Intosh;cap.;;;;;—New York en 5 dias vapor amer. Cuba, cap. Mo Intosh, tons. 1200, trip. 35, con efectos, a Mo Keller Lulling y C?;amer.;Cuba;;;vapor;1876_12_17;New York;;
Día 114:;;N/A: ;;;Loudon;cap.;;;;;Do Lobos de Tierra y Valparaíso on 114 días del último bca. ing. Pampero, cap. Loudon, tons. 588, trip. 15, con guano, á I. M. Zangriou.;ing.;Pampero;;;bca.;1876_12_19;Lobos de Tierra;;
Día 62:;;N/A: ;;;Tarongi;cap.;;;;;— Mallorca y Alicante en 62 días, boa. cap. María Isabel, cap. Tarongi, tons. 290, trip. 16, con frutos, á J. Balce, Is y Cp.;;María Isabel;;;boa.;1876_12_19;Mallorca y Alicante;;
Día 71:;;N/A: ;;;capitau Dahl;cap.;;;;;— Christiansand en 71 días gol. nor. General Prim, cap. capitau Dahl, tons. 112, trip. 6, con bacalao, á A. Serpa.;nor.;General Prim;;;gol.;1876_12_19;Christiansand;;
Día 21:;;N/A:  | N/A: ;;;Lumbard;cap.;;;;;— Portland en 21 días gol. am. Clara Leavitt, capitan Lumbard, tons. 343, trip. 8, con tonelería y otros efectos, á J. Carricaburn.;am.;Clara Leavitt;;;gol.;1876_12_19;Portland;;
Día 23:;;N/A: ;;;J. H. Gillespie;cap.;;;;;— St. John (N. B.) en 23 días berg. ing. J. H. Gillespie, captun Crane, tons. 193, trip. 7, con cortes de caja, á S. C. Burnham y Cp.;ing.;;;;berg.;1876_12_19;St. John (N. B.);;
Día 60:;;N/A: ;;;Bremidge;cap.;;;;;— Newport (L.) en 60 días berg. ins. Willie, capitan Bremidge, tons. 376, trip. 9, con carbon de piedra, á G. do Gabancho.;;Willie;;;berg.;1876_12_19;Newport (L.);;
Día 75:;;N/A:  | N/A: ;;;Langscth;cap.;;;;;— Alejandri en 75 días berg. nor. Oms, cap. Langscth, tons. 184, trip. 8, con bacalao, á Ed. Mathias y Cp. — Pasaj. 2.;nor.;Oms;;;berg.;1876_12_19;Alejandri;;
Día 53:;;N/A: ;;;Echevarria;cap.;;;;;— Amberes en 53 días bca. esp. Amigos, cap. Echevarria, tons. 322, trip. 12, con mercancías, á Belfoy y Chaumery.;esp.;Amigos;;;bca.;1876_12_19;Amberes;;
Día 70:;;N/A:  | N/A:  | N/A:  | N/A: ;;;Roldós;cap.;;;;;— Santander en 70 días bg. esp. Triunfo, cap. Roldós, tons. 153, trip. 11, con harina, á Alvarez, Valle y op. — Pasajeros 1.;esp.;Triunfo;;;bg.;1876_12_19;Santander;;
Día 62:;;N/A: ;;;Sagastí;cap.;;;;;— Añuberes en 62 días bca. esp. María M., cap. Sagastí, tons. 832, tripulación 12, con mercancías, á Ed. Mathias y op.;esp.;María M.;;;bca.;1876_12_19;Añuberes;;
Día 16:;;N/A: ;;;Rosoluda;cap.;;;;;— Barcelona en 16 días bco. cap. Rosoluda, cap. Coll, tons. 470, trip. 17, con frutos, á Gassol, Avondano y op.;;;;;bco.;1876_12_19;Barcelona;;
Día 56:;;N/A: ;;;Garriga;cap.;;;;;— Santander on 56 días pol. esp. Sofía, cap. Garriga, tons. 182, trip. 12, con harina, á A. Carbó y compañía.;esp.;Sofía;;;pol.;1876_12_19;Santander;;
Día 24:;;N/A: ;;;Molins;cap.;;;;;— Barcelona y Málaga en 24 días vap. cap. María, cap. Molins, tons. 1040, trip. 54, con frutos, á J. Demostr. y op. — Pasajeros 91.;;cap. María;;;vap.;1876_12_19;Barcelona y Málaga;;
Día 1:;;N/A: ;;;Russell;cap.;;;;;— Cayo Hueso en 1 día viv. am. Maxepa, cap. Russell, tons. 35, trip. 5, con pescado vivo, á M. Suarez.;;Maxepa;;;am.;1876_12_19;Cayo Hueso;;
Día 1:;;N/A: ;;;Alvarez;cap.;;;;;— Cayo Hueso en 1 día viv. am. Sea Bird, cap. Alvarez, tons. 29, trip. 5, con pescado vivo, á M. Suarez.;;Sea Bird;;;am.;1876_12_19;Cayo Hueso;;
Día 5:;;N/A: ;;;Reed;cap.;;;;;— New York en 5 días vap. am. Columbns, cap. Reed, tons. 1590, trip. 45, con efectos, á Mo Kollar, Lüling y op. — Pasajeros 29.;am.;Columbns;;;vap.;1876_12_19;New York;;
Día 43:;;N/A: ;;;Dural;cap.;;;;;Do Montevideo en 43 dias berg. esp. Nuevo Casimira, cap. Dural, tons. 202, trip. 12, con tasajo, á San Roman y Cp.;esp.;Nuevo Casimira;;;berg.;1876_12_20;Montevideo;;
Día 57:;;N/A: ;;;Uribe;cap.;;;;;—Burdeos en 57 dias berg. ospañol Bachí, cap. Uribe, tons. 241, trip. 11, con mercancías, á Ed. Mathias y Cp.;español;Bachí;;;berg.;1876_12_20;Burdeos;;
Día 1:;;N/A: ;;;Padilla;cap.;;;;;—Cayo Huaso en 1 dia viv. amer. Relief, cap. Padilla, tons. 32, trip. 0, con pescado vivo, á M. Suarez.;amer.;Relief;;;viv.;1876_12_20;Cayo Huaso;;
Día 4:;;N/A:  | N/A:  | N/A: ;;;Trott;cap.;;;;;—Punzocola en 4 dias berg. amor. Mary E. Staples, capitán Trott, tons. 216, trip. 7, con maderas, á Lawton knos.;amor.;Mary E. Staples;;;berg.;1876_12_20;Punzocola;;
Día del último:;;N/A: ;;;Plaças;cap.;;;;;—S. ntander, Gibara y Matanzas en un dia del último, berg. cap. Matanzas, capitán Plaças, tons. 212, trip. 14, con harina, á L. Ruiz y cp.;;;;;berg.;1876_12_20;S. ntander;;
Día 21:;;N/A:  | N/A: ;;;Hoare;cap.;;;;;—Liverpool y la Coruña en 21 dias del último, vapor jug. Borussia, cap. Hoare, tons. 1930, trip. 59, con o- feetos, á J. H. Durruty y Cp. —Pasajeros 144.;;Borussia;;;vapor;1876_12_20;Liverpool;;
Día 68:;;N/A: ;;;Vesper;cap.;;;;;De Cardiff en 68 dias gol de 3 palos am. Grace Bradley, cap. Vesper. tous 400, trip. 9, con corbonde de piedra, á Zulueta y Sobrino.;am.;Grace Bradley;;;gol;1876_12_21;Cardiff;;
Día 4:;;N/A:  | N/A: ;;;Hill;cap.;;;;;— Indianola en 4 dias vap. amer. Gussie, cap. Hill, 1404, trip. 25, á Mo Kellar Luling y op-410 cabezas de ganado vacuno.;amer.;Gussie;;;vap.;1876_12_21;Indianola;;
Día 8:;;N/A:  | N/A:  | N/A: ;;;Second;cap.;;;;;— Fort de France, Martinica, en 8 dias vap. francés Snly, cap. Second, tous 388, trip. 34, en lastre, 4 Dix y op.;francés;Snly;;;vap.;1876_12_21;Fort de France, Martinica;;
Día 10:;;N/A:  | N/A: ;;;Collins;cap.;;;;;- New York en 10 dias berg. am. Harry Virden, cap. Collins, tons. 346, trip. 10, con heno, & J. Carricaburn.;am.;Harry Virden;;;berg.;1876_12_23;New York;;
Día 5:;;N/A:  | N/A: ;;;Bayly;cap.;;;;;- Ponzuela en 5 dias gol. am. Wononah, cap. Bayly, ton. 60, trip. 6, con maderas, & Lawton Hnos.;am.;Wononah;;;gol.;1876_12_23;Ponzuela;;
Día 17:;;N/A:  | N/A:  | N/A:  | N/A: ;;;Davison;cap.;;;;;- Filadelfia en 17 dias gol. ton. 3 palos am. Mary Mowell, cap. Davison, ton. 397, trip. 8, con tonelera, & Hamet, hijos y cp.;am.;Mary Mowell;;;gol.;1876_12_23;Filadelfia;;
Día 19:;;N/A:  | N/A: ;;;Tarr;cap.;;;;;De Portland en 19 dias berg. amer. Proteus, cap. Tarr, tons. 258, trip. 8, concortes de caja y maderas, a Zaldo y Op.;amer.;Proteus;;;berg.;1876_12_24;Portland;;
Día 19:;;N/A: ;;;Mo Lead;cap.;;;;;— St John (N. B.) en 19 dias bea. ing. Torryburn, cap. Mo Lead, tons. 356, trip. 10, con cortes de caja, à Ed. Brosobell.;ing.;Torryburn;;;bea.;1876_12_24;St John (N. B.);;
Día 55:;;N/A: ;;;San Martin;cap.;;;;;— Liverpool en 55 dias bea. esp. Cristina O. Pacheco, cap. San Martin, tons. 414, trip. 12, con carga general, à G. de Gabancho.;esp.;Cristina O.;;;bea.;1876_12_24;Liverpool;;
Día 93:;;N/A: ;;;Arruza;cap.;;;;;— Amberes en 93 dias bea. esp. Agustina, cap. Arruza, tons. 345, trip. 12, con mercancías, à Brown y Comp.;esp.;Agustina;;;bea.;1876_12_24;Amberes;;
Día 6:;;N/A: ;;;Cooksey;cap.;;;;;— New-Orleans y Cayo Hueso en 6 dias vap. am. Tapahannock, cap. Cooksey, tons. 94, trip. 18, con efectos, à Lawton Hs.;am.;Tapahannock;;;vap.;1876_12_24;New-Orleans y Cayo Hueso;;
Día 20:;;N/A:  | N/A: ;;;Bidechea;cap.;;;;;-Liverpoolen 20 dias] vap. esp. Federico, cap. Bidechea, tons. 826, trip. 44, con carga general a N. Denlofen.-Pasajeros 2.;esp.;Federico;;;vap.;1876_12_27;Liverpool;;
Día 3:;;N/A:  | N/A:  | N/A: ;;;Traub;cap.;;;;;-Vera Cruz en 3 dias vap. franc. Ville de Brest, cap. Traub, tons. 1730, trip. 134, con efectos, a J. H. Durnty y Cp.-Pasajeros 51 para esta y 29 do trán-alto.;franc.;Ville de Brest;;;vap.;1876_12_27;Vera Cruz;;
Día 7:;;N/A: ;;;Arrizybicia;cap.;;;;;-Ambores y Cionfugos un 7 dias dol ultimo bca. esp. Lola, cap. Arrizybicia, tons. 90, trip. 12, con mercancías, a Belfoy, Chaumery Cp.;esp.;Lola;;;bca.;1876_12_27;Ambores y Cionfugos;;
Día 55:;;N/A: ;;;Mendiguren;cap.;;;;;-Bilbao en 55 dias berg. español Manuola, capitan Mendiguren, tons. 190, trip. 10, con efectos, a Lopez, Lozama y Cp.-Pasajeros 3.;español;Manuola;;;berg.;1876_12_27;Bilbao;;
Día 64:;;N/A: ;;;Watts;cap.;;;;;-Cardiff en 64 dias gol. amor. F. L. Richardson, cap. Watts, tons. 401, trip. 8, con carbon de piedra, a Lawton Hnos.;;amor.;;;gol.;1876_12_27;Cardiff;;
Día 9:;;N/A: ;;;Phillips;cap.;;;;;-Veraornez, Campeche y Progreso en 9 dias. vap. am. City of Havana, cap. Phillips, tons. 1700, trip. 47, con efectos, a Zaldoy cp.;am.;City of Havana;;;vap.;1876_12_27;Campeche y Progreso;;
Día 22:;;N/A:  | N/A:  | N/A:  | N/A: ;;;Ochoa;cap.;;;;;-Santandreu y la Coruna en 22 dias vap. vorteo esp. Coruña, cap. Ochoa, tons. 600, trip. 80, con frutos, a Sami, Sotolongoy Cp.-Pasajeros 703.;esp.;vorteo;;;vap.;1876_12_27;Santandreu y la Coruna;;
Día 48:;;N/A:  | N/A:  | N/A:  | N/A: ;;;San Juan;cap.;;;;;-Montvideo en 48 dias berg. cap. Diana, cap. San Juan, toab. 231, trip. 13, berg. con tazón, a J. Balcells y cp.;;cap. Diana;;;berg.;1876_12_27;Montvideo;;
Día 74:;;N/A: ;;;Caldunol;cap.;;;;;-Ignora en 74 dias bca. italiana Enea, cap. Caldunol, tons. 321, trip. 11, con marmoles, a C. Triscorndia.;italiana;Enea;;;bca.;1876_12_27;;;
Día 63:;;N/A:  | N/A: ;;;Andersén;cap.;;;;;-Cardiff on 63 dias bca. nor. Ibenzot, cap. Andersén, tons. 489, trip. 12, con carbon de piedra, a Zuljeta y Sobrino.;nor.;Ibenzot;;;bca.;1876_12_27;Cardiff;;
Día 62:;;N/A: ;;;Solensen;cap.;;;;;-Cardiff en 62 dias bca. nor. Ibenzot, cap. Solensen, tons. 347, trip. 10, con carbon de piedra, a Zuljeta y Sobrino.;nor.;Ibenzot;;;bca.;1876_12_27;Cardiff;;
Día 3:;;N/A: ;;;Deabon;cap.;;;;;-New-York en 3 dias vap. amer. City of Verscruz, cap. Deabon, tons. 1874, trip. 49, con efectos, a Zaldo y cp.-Pasajeros 32.;amer.;City of Verscruz;;;vap.;1876_12_27;New-York;;
Día 14:;;N/A:  | N/A: ;;;Townend;cap.;;;;;-Newport (M. I. Jen) 14 dias berg. amer. John Poirce, cap. Townend, tons. 218, trip. 8, con papas, a S. C. Burnham y Cp.-Pasajeros 1.;amer.;John Poirce;;;berg.;1876_12_27;Newport;;
Día 12:;;N/A: ;;;Villamil;cap.;;;;;-Santómas, P. Rico y escalas en 12 dias vap. esp. Manuella, cap. Villamil, ton. 404, trip. 39, con efectos, a R. Herrera.-Pañaj. 273.;esp.;Manuella;;;vap.;1876_12_27;Santómas, P. Rico;;
Día 6:;;N/A: ;;;Baker;cap.;;;;;-New Orleans y Cayo Híssos en 6 dias vap. am. Margaret, cap. Baker, ton. 523, trip. 21, con efectos, a Lawton Hnos.-Pasajeros 11.;am.;Margaret;;;vap.;1876_12_27;New Orleans y Cayo Híssos;;
Día 12:;;N/A:  | N/A:  | N/A:  | N/A:  | N/A: ;;;Pahuko;cap.;;;;;De Trujillo (Honduras) en 12 dias gol. amer. Mand Barbou, cap. Pahuko, tous. 186, trip. 7, on lastre, 4 P. de la Bárcoen.—Pasaj. 3.;amer.;Mand Barbou;;;gol.;1876_12_28;Trujillo (Honduras);;
Día 39:;;N/A: ;;;Neil;cap.;;;;;—Murray Harbour (Canadá) on 39 dias gol. ing. Lottio, cap. Neil, tons. 118. trip. 6, con bacalão, à Lawton Hno.;ing.;Lottio;;;gol.;1876_12_28;Murray Harbour;;
Día 25:;;N/A: ;;;Valiant;cap.;;;;;De Amberes on 25 dias. vap. ing. Statesman, cap. Valiant, tons. 1912, trip. 35, con mercancías, à Brown y Cp.;ing.;Statesman;;;vap.;1876_12_29;Amberes;;
Día 12:;;N/A:  | N/A: ;;;Mitchell;cap.;;;;;— Filadelfia en 12 dias, gol. amer. Miranda, capitan Mitchell, tons. 418, trip. 9, con tonelería y carbon do piedra, à Hamel, hijos y Cp.;amer.;Miranda;;;gol.;1876_12_29;Filadelfia;;
Día 67:;;N/A:  | N/A:  | N/A: ;;;Cosso;cap.;;;;;De Barcelona y Algeciras en 67 dias boa. esp. Aretusa, cap. Cosso, tone. 407, trip. 15, con frutos, á Alber- y C?;esp.;Aretusa;;;boa;1876_12_30;Barcelona y Algeciras;;
Día 5:;;N/A:  | N/A:  | N/A:  | N/A:  | N/A:  | N/A:  | N/A: ;;;Kennedy;cap.;;;;;—New York en 5 dias vap. amer. Clydo, cap. Kennedy, tons. 2016, trip. 38, con efectos, á Mo Kellar, Lü- ling y C? Pasaj. 11.;amer.;Clydo;;;vap.;1876_12_30;New York;;
Día 54:;;N/A: ;;;Ceforio;cap.;;;;;Montevideo en 54 dias gb. cap. Ceforio, cap. Rivas, tons. 171, trip. 12, con tazao, a Suriol Roman y compañia.;;;;;gb.;1876_12_31;Montevideo;;
Día 1:;;N/A:  | N/A:  | N/A: ;;;Buckler;cap.;;;;;Cayo Huasco on 1 dia viv. amer. Rio, cap. Buckler, tons. 54, trip. 5, con pecado vivo, a M. Suarez.;;viv. amer.;;;;1876_12_31;Cayo Huasco;;
Día 9:;;N/A: ;;;Harding;cap.;;;;;Panzacola on 9 dias hg. am. Gombil, cap. Harding, tons. 210, trip. 9, con maderas, a Marzan Hermanas.;am.;Gombil;;;hg.;1876_12_31;Panzacola;;
Día 10:;;N/A: ;;;Ford;cap.;;;;;Panzacola on 10 dias hg. am. Joromlab, cap. Ford, tons. 232, trip. 8, con maderas, a G. de Gabancho.;am.;Joromlab;;;hg.;1876_12_31;Panzacola;;
