arrival_date;arrival_date_calc;cargo_list;crew_number;forced_arrival;master_name;master_role;parsed_text;passenger_account;publication_day;quarantine;raw_text;ship_flag;ship_name;ship_tons_capacity;ship_tons_unit;ship_type;source_file;travel_departure_port;travel_duration_unit;travel_duration_value
Día null:;;N/A:  | N/A:  | N/A: ;;;Carbonell;p.;;;;;De Matanzas gol. Elvira, p. Carbonell: 140 boooyes Pzfcar, 39 pipas aguardiente y efectos.;;Elvira;;;gol.;1880_01_01;Matanzas;;
;;N/A: ;;;Visquerra;p.;;;;;De Cabañas gol, Paquita, p. Visquerra: 1000 sacos azucar.;;Paquita;;;gol;1880_01_01;Cabañas;;
;;N/A: ;;;Castell;p.;;;;;De Cárdenas gol. Anita, p. Castell: 250 bocoyes azúcar.;;Anita;;;gol.;1880_01_01;Cárdenas;;
;;N/A:  | N/A:  | N/A: ;;;Riobo;p.;;;;;De Carabiatas gol. Tres hermanas, p. Riobo, 050 a..y 70 onborns azúcar. 131 tercios tabaco y efectos.;;Tres hermanas;;;gol.;1880_01_03;Carabiatas;;
;;N/A: ;;;Roca;p.;;;;;De Teja gol Gallez, p. Roca, 800 siccs carbon.;;Gallez;;;gol;1880_01_03;Teja;;
;;N/A:  | N/A:  | N/A:  | N/A: ;;;Lopez;cap.;;;;;"De Cuba vap. Alicante cap. Lopez; 203 s. café 86 lercios tabaco, 2 o. 2 fardos cera v efectos.";;Alicante;;;vap.;1880_01_04;Cuba;;
;;N/A: ;;;Bonet;p.;;;;;De Matanzas g. Ignacita p. Bonet: 130 bocoyos ardcar.;;Ignacita;;;g.;1880_01_04;Matanzas;;
;;N/A: ;;;Gulnart;pat.;;;;;De la Teja goleta Júcaro pat.. Gulnart: 800 sacos carbon,;;Júcaro;;;goleta;1880_01_04;la Teja;;
;;N/A:  | N/A:  | N/A: ;;;Nuñoz;cap.;;;;;De Cuba vapor Ramon Herrera, cap. Nuñoz, 42 sacos cacao, 34 barriles aceite de coco y efectos;;Ramon Herrera;;;vapor;1880_01_06;Cuba;;
;;N/A:  | N/A: ;;;Valent;pat.;;;;;Da Cárdenas gol. Maria del Carmen, pat. Valent, 500 sacos y 80 bocoyes azúcar.;;Maria del Carmen;;;gol.;1880_01_06;Cárdenas;;
;;N/A:  | N/A: ;;;Cuevas;pat.;;;;;De Cárdenas gol. Angelita, pat. Cuevas, 170 bocoyed azúcar y 4 baltos muebles.;;Angelita;;;gol.;1880_01_06;Cárdenas;;
;;N/A: ;;;Pollicer;pat.;;;;;De Matanzas gol. Emilio, pat, Pollicer, 210 bocoyes de aznicar.;;Emilio;;;gol.;1880_01_06;Matanzas;;
;;N/A: ;;;Almanza;pat.;;;;;Da la Teja gol. Dos Sofias, pat. Almanza, 1200 sacos carbon.;;Dos Sofias;;;gol.;1880_01_06;;;
;;N/A: ;;;Lopez;pat.;;;;;De Calbarien gol. Joaquins, pat. Lopez, 600 caballos de loba.;;Joaquins;;;gol.;1880_01_06;Calbarien;;
;;N/A:  | N/A: ;;;Vasques;cap.;;;;;De Cienfuegos berg. g. Jean de la Voga, cap. Vasques 1600 oanastas cebollas v 13534 kilogramos idem á grane!;g.;Jean de la Voga;;;berg.;1880_01_08;Cienfuegos;;
;;N/A:  | N/A:  | N/A: ;;;Ron;cap.;;;;;De Cuba vapor Clara, cap. Ron, 83 ascos cacao, 16 id. cafó, & bultos muebles y ofectos.;;Clara;;;vapor;1880_01_08;Cuba;;
;;N/A:  | N/A:  | N/A: ;;;Gabica;cap.;;;;;"De caibarien vapor Alava, capitan Gabica; 236 tercios tabaco. 5 serones esponjas y efectos.";;Alava;;;vapor;1880_01_08;caibarien;;
;;N/A: ;;;Carbonell;pat.;;;;;De Matanzas goleta Elvira, patron Carbonell, 166 bocoves azúcar.;;Elvira;;;goleta;1880_01_08;Matanzas;;
;;N/A:  | N/A:  | N/A: ;;;Bornaza;pat.;;;;;De Nasritas goleta Dolores, patron Bornaza, 500 caballos lenn, 360 sacos galletas, 100 sacos carbon y efectox.;;Dolores;;;goleta;1880_01_08;Nasritas;;
;;N/A: ;;;Arooha;patrón;;;;;"De Pararoa goleta Bonifacia, patron Arooha; 73 bocoJos azu ar.";;Bonifacia;;;goleta;1880_01_08;Pararoa;;
;;N/A: ;;;Solano;pat.;;;;;"De Cabañas goleta San Antonio, patron Solano; 2*0 sacos az car.";;San Antonio;;;goleta;1880_01_08;Cabañas;;
;;N/A: ;;;Rojas;patrón;;;;;"De Baracoa goleta Dios de Agosto, patron Rojas; 39 bocores azúcar.";;Dios de Agosto;;;goleta;1880_01_08;Baracoa;;
;;N/A: ;;;Mato;pat.;;;;;"De Jaimanitas balandro Dos Hermanos, patron Mato; 700 Jadrillos.";;Dos Hermanos;;;balandro;1880_01_08;Jaimanitas;;
;;N/A:  | N/A: ;;;Call;patrón;;;;;"De Baracoa go eta Doloritas, patron Call; 36 bocoyes mascabado, 18idem miel do purga y efectos.";;Doloritas;;;go;1880_01_08;Baracoa;;
;;N/A:  | N/A: ;;;Vives;patrón;;;;;De Caibarten goleta Maria Magdalena, patron Vives— 600 caballos leña y 150 sacos carbon.;;Maria Magdalena;;;goleta;1880_01_08;Caibarten;;
;;N/A:  | N/A:  | N/A:  | N/A: ;;;Juan;pat.;;;;;Da Cabañas gol. Esmeralda, pat. Juan, 300 sacos, 126 calas y 8 bocoyes azúcar, 56 nipas aguardiente,;;Esmeralda;;;gol.;1880_01_09;Cabañas;;
;;N/A: ;;;Barrera;pat.;;;;;De Slerra Morena gol 2 Ignacia, pat. Barrera, 1300 sacos carben.;;2 Ignacia;;;gol;1880_01_09;Slerra Morena;;
;;N/A: ;;;Inclan;pat.;;;;;De Cabañas gol. Josefa, pat. Inclan, 880 sacos de azúcar.;;Josefa;;;gol.;1880_01_09;Cabañas;;
;;;;;Gil;pat.;;;;;De Banes gol. Nueva Esperanza, pat. Gil, en lastre.;;Nueva Esperanza;;;gol.;1880_01_09;Banes;;
;;N/A: ;;;Moll;pat.;;;;;De Mantua gol. Margarita, pat. Moll, 2000 sacos carbou.;;Margarita;;;gol.;1880_01_09;Mantua;;
;;N/A: ;;;Benejan;pat.;;;;;De Margajita gol. Lince, pat. Benejan, 300 caballos de lona.;;Lince;;;gol.;1880_01_09;Margajita;;
;;N/A:  | N/A:  | N/A: ;;;Calomar;p:;;;;;De Sagua g: Antonis p: Calomar-1000 sacos carbon, 42 ajaa jabon y efectos.;;Antonis;;;g:;1880_01_10;Sagua;;
;;N/A:  | N/A: ;;;Alemany;p.;;;;;De Matanzas g: Marfa p. Alemany-150 bocoyes azúcar y 50 idem aguardiento.;;Marfa;;;g:;1880_01_10;Matanzas;;
;;N/A:  | N/A:  | N/A: ;;;Lopez;patron;;;;;De Cabañas g: Caballo Marino patron Lopez-570 saco. 10 cajas y 51 bocoyos azńcar.;;Caballo Marino;;;g:;1880_01_10;Cabañas;;
;;N/A: ;;;Orbay;patron;;;;;De Margajita g: Paquete de Noovitas patron Orbay800 sacos carbon.;;Noovitas;;;g:;1880_01_10;Margajita;;
;;N/A: ;;;Bernaza;patron;;;;;De Mantua g: Dos Hermanas patron Bernaza-800 sacos carbon.;;Dos Hermanas;;;g:;1880_01_10;Mantua;;
;;N/A: ;;;faten;patron;;;;;De la Teja g. Catalina patron faten-1000 sacos carbon.;;Catalina;;;g.;1880_01_10;la Teja;;
;;N/A:  | N/A:  | N/A:  | N/A:  | N/A: ;;;Danz;p.;;;;;De Sagus gol Josefa Coruñesa. p. Danz, 78 atravesaos, 220 caballos leña, 908 sacos carbon y efectos;;Josefa Coruñesa.;;;gol;1880_01_11;Sagus;;
;;N/A: ;;;Felico;p.;;;;;De Mantas gol Especulacion, p. Felico, 330 terolos tabaco.;;Especulacion;;;gol;1880_01_11;Mantas;;
;;N/A: ;;;Pajes;p.;;;;;De la Toja goleta Segunda Rosa, p. Pajes, 800 pacos carbon.;;Segunda Rosa;;;goleta;1880_01_11;la Toja;;
;;N/A: ;;;Tar;p.;;;;;De Malalaguas goleta Antonia Habana, p. Tar, 50 caballos leña.;Habana;Antonia;;;goleta;1880_01_11;Malalaguas;;
;;N/A: ;;;Valdes;p.;;;;;De Cienfuegos golets Cinco Hermanos, p. Valdes, 500 caballos leña.;;Cinco Hermanos;;;golets;1880_01_11;Cienfuegos;;
;;N/A: ;;;Gorrin;p.;;;;;De Bahia Honda goleta Francisca, p. Gorrin, 180 bocoyes azúcar;;Francisca;;;goleta;1880_01_11;Bahia Honda;;
;;N/A: ;;;Berniza;p.;;;;;De Mantua goleta Dos Hermanas p. Berniza, 800 88cos carbon.;;Dos Hermanas;;;goleta;1880_01_11;Mantua;;
;;N/A: ;;;Salvń;p.;;;;;De Playas de San Juan goleta Agustina, p. Salvń, 20) 8: carbon;;Agustina;;;goleta;1880_01_11;Playas de San Juan;;
;;N/A:  | N/A:  | N/A:  | N/A: ;;;Llorca;p.;;;;;De Bagua goleta Ceferina, p. Llorca, 700 travesaños, 40 tubos, una caja maquinaria y efectos.;;Ceferina;;;goleta;1880_01_11;Bagua;;
;;N/A:  | N/A:  | N/A:  | N/A:  | N/A:  | N/A: ;;;Gana;cap.;;;;;De Cuba vapor Juan Mir, capitan Gana, 2 bars. olgarros, 3 bar. y 1 caja tabacos, 11 fardos cera, 11 sacos cacao, 14 oueros al pelo y efectos.;;Juan Mir;;;vapor;1880_01_13;Cuba;;
;;N/A:  | N/A:  | N/A:  | N/A:  | N/A: ;;;Jofré;cap.;;;;;"De Cárdenas vapor Soler, capitan Jofré; 150 bocores azúcar, 10 pipas aguardiente, 34 fardos suela, 11 lios cueros y efectos.";;Soler;;;vapor;1880_01_13;Cárdenas;;
;;N/A: ;;;Pellicer;pat.;;;;;"De Matanzas goleta Emilio, patron Pellicer; 150 bosoyen azñoar.";;Emilio;;;goleta;1880_01_13;Matanzas;;
;;N/A:  | N/A: ;;;Vizquerra;pat.;;;;;"De Matanzas goleta Amalia, patron Vizquerra; 218 boyea azúcar, 86 galones alcaparras.";;Amalia;;;goleta;1880_01_13;Matanzas;;
;;N/A:  | N/A: ;;;Enseñat;pat.;;;;;"De Sierra Morena goleta Union, patron Enseñat; 1350 sacos y 31 bocs. azúcar.";;Union;;;goleta;1880_01_13;Sierra Morena;;
;;N/A: ;;;Colomar105;pat.;;;;;De Canasi goleta F.or do Cárdenas, patron Colomar105 boca. azúcar.;;F.or;;;goleta;1880_01_13;Canasi;;
;;N/A:  | N/A: ;;;Pajol;pat.;;;;;"De Jaruco goleta Golondrina, pat. Pajol; 160 s. azą. car, 100 caballos leña.";;Golondrina;;;goleta;1880_01_13;Jaruco;;
;;N/A: ;;;Richat;patron;;;;;"De la Toja golota Magdalena, patron Richat; 800 sacoч carbon.";;Magdalena;;;golota;1880_01_13;la Toja;;
;;N/A: ;;;Arocha;pat.;;;;;"De Baracoa goleta Bonifacia. patron Arocha; 73 bocoyes azhoar.";;Bonifacia;;;goleta;1880_01_13;Baracoa;;
;;N/A: ;;;Pojol;patrón;;;;;"De Baracoa goleta San José, patron Pojol; 30 onartorolas miol.";;San José;;;goleta;1880_01_13;Baracoa;;
;;N/A: ;;;Ferrer;pat.;;;;;"De la Teja goleta Jóven Luisa, patron Ferrer; 1000 s. carbon.";;Jóven Luisa;;;goleta;1880_01_13;Teja;;
;;N/A: ;;;Pajés;pat.;;;;;"De la Teja golota Segunda Rosa, patron Pajés; 800 a. carbon.";;Segunda Rosa;;;golota;1880_01_13;Teja;;
;;N/A: ;;;Pajol;pat.;;;;;"De Santa Maria g. Nuevo Hilario, patron Pajol; 700 8. carbon.";;Nuevo Hilario;;;g.;1880_01_13;Santa Maria;;
;;N/A:  | N/A: ;;;Herrera;p.;;;;;"De Cárdenas g. Mercedita. p. Herrera; 132 bocoyos112 s. azúcar, 12 garrafa. melado.";;Mercedita;;;g.;1880_01_13;Cárdenas;;
;;N/A: ;;;Juan;pat.;;;;;"De Cárdenas goleta Nueva Rosita, patron Juan; 160 bo coyes azúcar.";;Nueva Rosita;;;goleta;1880_01_13;Cárdenas;;
;;N/A: ;;;Mayanos;pat.;;;;;"De Sagua golota Mª Sibils, patron Mayanos; 800 sacos -carbon,";;Mª Sibils;;;golota;1880_01_13;Sagua;;
;;N/A:  | N/A: ;;;Rojas;pat.;;;;;"De la Teja goleta Castilla, patron Rojas; 160 bocores, 150 sacos azúcar.";;Castilla;;;goleta;1880_01_13;Teja;;
;;;;;null;pat.;;;;;De Baes gulet Naeva Experanza, patron (ll: on lastr;;Naeva Experanza;;;gulet;1880_01_14;Baes;;
;;N/A:  | N/A:  | N/A: ;;;Valent;pat.;;;;;De Cárdenas goleta Maria del Carmen, pat. Valent: 900 81 c08 570 boca. azhcar.;;Maria del Carmen;;;goleta;1880_01_15;Cárdenas;;
;;N/A:  | N/A:  | N/A: ;;;Bonot;pat.;;;;;De Matanssa goleta Ignacita, pat. Bonot: 124 bocosos ashcar, 18 tercio tabaco y efectos;;Ignacita;;;goleta;1880_01_15;Matanssa;;
;;N/A:  | N/A: ;;;Carbonell;pat.;;;;;De Matanzas golets Elvira, pat. Carbonell: 154 bo. cores y 40 cajas azúcar.;;Elvira;;;golets;1880_01_15;Matanzas;;
;;N/A: ;;;Unibaso;cap.;;;;;De Malas Aguas vap. Bahia Honda, cap. Unibaso, 273 tercios tataco.;;Bahia Honda;;;vap.;1880_01_16;Malas Aguas;;
;;N/A:  | N/A: ;;;Sanchez;cap.;;;;;De Caba cap, Avilés, cap. Sanchez, 1 barril cigarros, 6 latas almendras;;Avilés;;;;1880_01_16;Caba;;
;;N/A:  | N/A:  | N/A: ;;;Villamil;cap.;;;;;De Cuba vap. Manuelita y Maria, cap. Villamil, 50 ɛacos cacao. 67 bls. coco, 2c, ropa y efectos.;;Manuelita y Maria;;;vap.;1880_01_16;Cuba;;
;;N/A:  | N/A:  | N/A: ;;;Alemany;pat.;;;;;De Sierra Morena gol. Jóven Pilar, pat. Alemany, 816 sacos, 62 boj 8. azúcar.;;Jóven Pilar;;;gol.;1880_01_16;Sierra Morena;;
;;N/A:  | N/A: ;;;AlemaDy;p.;;;;;De Matanzas gol. Maria, p. AlemaDy-10 cajas y 220 boyes azúcar.;;Maria;;;gol.;1880_01_17;Matanzas;;
;;N/A:  | N/A: ;;;Visquerra-378 B.;p.;;;;;De Cabanas g. Paquita, p. Visquerra-378 B., 300 c. y 10 boo. a1ncar.;;Paquita;;;g.;1880_01_20;Cabanas;;
;;N/A:  | N/A: ;;;Inclan;p.;;;;;De Cabañasg. Josefa, p. Inclan-500 c., 100 a, y 48 bocores azúcar y 20 ripas aguardiente.;;Josefa;;;g.;1880_01_20;Cabañas;;
;;N/A:  | N/A: ;;;Cnetba-100;p.;;;;;De Cárdenas g. Angelita, p. Cnetba-100 boe. y 200 o. asticar;;Angelita;;;g.;1880_01_20;Cárdenas;;
;;N/A: ;;;Bosch-150;p.;;;;;De idem g.Juanita, p. Bosch-150 boo. azúcar.;;Juanita;;;g.;1880_01_20;idem;;
;;;;;Vich-520;p.;;;;;De Cabañas g. Ntra. Sra. de la Caridad, p. Vich-520 8. Azñoar.;;Ntra. Sra. de la Caridad;;;g.;1880_01_20;Cabañas;;
;;;;;Perez-6;p.;;;;;De idem g. Justica. p. Perez-6 boo.zudar.;;Justica;;;g.;1880_01_20;idem;;
;;N/A: ;;;Peres-520s;p.;;;;;De Cabañas g. Altagracia, p. Peres-520s. azúcar.;;Altagracia;;;g.;1880_01_20;Cabañas;;
;;N/A:  | N/A:  | N/A:  | N/A:  | N/A: ;;;Jofre;cap.;;;;;De Cardonas vap. Soler, cap. Jofre: 181 bocoros szácar, RO bocores vacíos, 10 pipas aguardiente, 10 fardos suela y efectos.;;Soler;;;vap.;1880_01_21;Cardonas;;
;;N/A:  | N/A:  | N/A: ;;;Bonet;p.;;;;;De Matanzas. gol. Iganolts, p. Bonet: 100 bocoyes, 100 cajas asticar y efectos,;;Iganolts;;;gol.;1880_01_21;Matanzas;;
;;N/A:  | N/A:  | N/A: ;;;Ferrer;p.;;;;;De Matanzas gol. Dos Isabelos, p. Ferrer: 28 pipas agnardiente, 23 cajas ostlones y ofectos.;;Dos Isabelos;;;gol.;1880_01_21;Matanzas;;
;;N/A:  | N/A: ;;;Jofre;p.;;;;;De la Teja gol. Dos Amigos, p. Jofre: 100 bocores astoar y 40 83008 carbon.;;Dos Amigos;;;gol.;1880_01_21;la Teja;;
;;N/A:  | N/A:  | N/A:  | N/A: ;;;Colomar;p.;;;;;"De Sazua gol. Tres Marias, p. Colomar; 1600 #acos oar bon, 50 caballos leña y 50 garrafonos ginebra.";;Tres Marias;;;gol.;1880_01_21;Sazua;;
;;N/A:  | N/A: ;;;Ferrer;p.;;;;;De Sagus goleta Elida, p, Ferrer 1000 sacos carbon y efectos;;Elida;;;goleta;1880_01_21;Sagus;;
Día null:;;N/A:  | N/A: ;;;Deulofeu;p.;;;;;De Cabañas gol. Ntra. Sra. del Carmen, p. Deulofeu: 581 sacos azúcar y 10 boooyes id..;;Ntra. Sra. del Carmen;;;gol.;1880_01_21;Cabañas;;
;;N/A:  | N/A: ;;;Palmer;pat.;;;;;Del Mariel gol. Jóven Magdalena, pat. Palmer, 144 booores y una caja antoar.;;Jóven Magdalena;;;gol.;1880_01_22;Mariel;;
;;N/A: ;;;Villalonga;pat.;;;;;Del Mariol gol. Jóven Gertrudis, pat. Villalonga, 140. bocoves asdear.;;Jóven Gertrudis;;;gol.;1880_01_22;Mariol;;
;;N/A:  | N/A: ;;;Arocha;pat.;;;;;De Baracoa gol. Bonifacia, pat. Arocha, 02 bocores do ashoar 100 sacos col.;;Bonifacia;;;gol.;1880_01_22;Baracoa;;
;;N/A: ;;;Dardet;pat.;;;;;De Cardenas gol. Rosita, pat. Dardet, 170 bocoyes de azúcar.;;Rosita;;;gol.;1880_01_22;Cardenas;;
;;N/A:  | N/A: ;;;Causa;pat.;;;;;Del Morrillo gol. Cruz de Mayo, pat. Causa, 506 cabaHos leña, 100 sacos carbon.;;Cruz de Mayo;;;gol.;1880_01_22;Morrillo;;
;;N/A: ;;;Gorrin;pat.;;;;;De Bahia Honda gol. Frenolsca, pat. Gorrin,' 187 boCoves artcar.;;Frenolsca;;;gol.;1880_01_22;Bahia Honda;;
;;N/A:  | N/A:  | N/A: ;;;Macip;pat.;;;;;De Santa Oraz gol. Rosa María, pat. Macip, 64 bocoyes aznoar, 112 anegas maiz y efectos.;;Rosa María;;;gol.;1880_01_22;Santa Oraz;;
;;N/A: ;;;Gispert;pat.;;;;;De la Teja gol. Jóven Carlots, pat. Gispert, 1000 sacos carbon.;;Jóven Carlots;;;gol.;1880_01_22;la Teja;;
;;N/A: ;;;Mariño;pat.;;;;;De idem gol. San Francisco, pat. Mariño, 800 sacos de Darbon.;;San Francisco;;;gol.;1880_01_22;idem;;
;;N/A: ;;;Calafell;pat.;;;;;Para Matanzas gol. Dos Hermanas, pat. Calafell, con efectos;;Dos Hermanas;;;gol.;1880_01_22;Matanzas;;
;;N/A: ;;;Garriga;pat.;;;;;De la Teja goleta Segunda Luz de Yara, pat. Garriga: 700 a carbon.;;Segunda Luz de Yara;;;goleta;1880_01_23;la Teja;;
Día 01:;;N/A:  | N/A: ;;;Legua;pat.;;;;;De Mantua goleta Margarita, pat. Legua: 300 sacos carbon. 200 caballos lega;;Margarita;;;goleta;1880_01_23;Mantua;;
;;N/A: ;;;Maner;patrón;;;;;De la Teja goleta Sofia, patron Maner: 1,000 sacos carbon.;;Sofia;;;goleta;1880_01_23;la Teja;;
;;N/A: ;;;Mall;patrón;;;;;De Mantus goleta Margarita, patron Mall: 200 sacos carbon.;;Margarita;;;goleta;1880_01_23;Mantus;;
;;N/A:  | N/A: ;;;Carbonell;pat.;;;;;De Matanzas goleta Elvira, pat. Carbonell: 138 bocoyes azúcar, 40 pipsa aguardiente.;;Elvira;;;goleta;1880_01_23;Matanzas;;
;;N/A: ;;;Calvet;patrón;;;;;De Mantua goleta Francisca Gener, patron Calvet, 800 sacos carbon.;;Francisca Gener;;;goleta;1880_01_23;Mantua;;
;;N/A:  | N/A: ;;;Grandal;pat.;;;;;De Jaimanitas zoleta José Manuel, pat. Grandal, 6000 ladrillos, 000 tejas;;José Manuel;;;zoleta;1880_01_23;Jaimanitas;;
;;;;;Fluaas;pat.;;;;;De Mantus goleta Amable Rosita, pat. Fluaas, SCO 8800s 04rbon.;;Amable Rosita;;;goleta;1880_01_23;Mantus;;
;;N/A: ;;;Perez;patron;;;;;De Mariel golsta Justica, patron Perez: 81 boooyes azúcar.;;Justica;;;golsta;1880_01_23;Mariel;;
;;N/A: ;;;Pujol;pat.;;;;;De Santa Maria geleta Nuove Hilario, pat. Pujol: 700 sacos carbon.;;Nuove;;;geleta;1880_01_23;Santa Maria;;
;;N/A: ;;;;;;;;;De Cárdenas goleta Anite, rat. Cartell: 2'0 bocoyas azúcar.;;Anite;;;goleta;1880_01_23;Cárdenas;;
Día null:;;N/A: ;;;Fernan-. dez;pat.;;;;;De Malas Aguas goleta Nueva Concha pat. Fernan-. dez: 50 camas-carreta.;;Nueva Concha;;;goleta;1880_01_23;Malas Aguas;;
;;N/A: ;;;Ventara;pat.;;;;;De Sierra Morena golets Armenia, pat. Ventara: 800 sacos oarbes. Do Bagua golota Trafalgar, pat. Lorenso: 1000 sacos sarben.;;Armenia;;;golets;1880_01_23;Sierra Morena;;
;;N/A:  | N/A:  | N/A:  | N/A: ;;;;Juan;;;;;De Cabalss g. Rimeralda natron Juan. 447 sacos 28 boroses, 10 cajas azúcar, 5 pipas aguardiente.;natron;Rimeralda;;;g.;1880_01_24;Cabalss;;
;;N/A: ;;;Peres;patrón;;;;;De Mariel goleta Altagracia patron Peres, 83 bocoyes azúcar.;;Altagracia;;;goleta;1880_01_24;Mariel;;
;;N/A: ;;;Gil;patron;;;;;De Banes g. Nueva Esperansa patron Gil, 46 bocoyes azúcar.;;Nueva Esperansa;;;g.;1880_01_24;Banes;;
;;N/A: ;;;Martinez;patron;;;;;De Banes g. Ceoilla Manuela patron Martinez, 32 bocoyes de azúcar.;;Ceoilla Manuela;;;g.;1880_01_24;Banes;;
;;N/A:  | N/A:  | N/A: ;;;Call;pat.;;;;;De Baracoa goleta Doloritas patron Call, 27. bocoses aznear, 99 bocoyes miel, 10 cuarterolas miel abeja.;;Doloritas;;;goleta;1880_01_24;Baracoa;;
;;N/A:  | N/A: ;;;Colomar;p.;;;;;De Cinasi g. Babas p. Colomar, So boooyes azúcar, 15 Cuarterolas miel abeja;;Babas;;;g.;1880_01_24;Cinasi;;
;;N/A: ;;;Torres;patron;;;;;De Mariel goleta Isabelita patron Torres, 100 caballos leña.;;Isabelita;;;goleta;1880_01_24;Mariel;;
;;N/A: ;;;Vazques;pat.;;;;;De Sagua goleta Rosita patron Vazques, 900 sacos carbon.;;Rosita;;;goleta;1880_01_24;Sagua;;
Día 01:;;N/A: ;;;Ibaus;pat.;;;;;De Sagua goleta Pepilla patron Ibaus, 300 atravesaGoa:;;Pepilla;;;goleta;1880_01_24;Sagua;;
;;N/A:  | N/A:  | N/A:  | N/A: ;;;;p.;;;;;De Mautia go: Angelita p: L'aret-12 yugos, 15 tercios faenco, 2500 sacos carbony 26ra años leña.;;Angelita;;;go:;1880_01_25;Mautia;;
;;N/A:  | N/A: ;;;;;;;;;De Conanei gol: Flor de Carenas, Colomar-3 boCoves. 4 cajas azúcar. 18 pipas ago. riiento y efectos;;Flor de Carenas;;;gol:;1880_01_25;Conanei;;
;;N/A: ;;;Pujol;p.;;;;;De Jaruco golo: Golonezina, p: Pujol-2291 sacos azú car.;;Golonezina;;;golo:;1880_01_25;Jaruco;;
;;N/A:  | N/A: ;;;Alemany-200;p.;;;;;De Matanzas gol: Maria, p: Alemany-200 : occyes, 150 cajas azúcar y efectos;;Maria;;;gol;1880_01_25;Matanzas;;
;;N/A:  | N/A: ;;;Enseñint;p.;;;;;De Cárdenas gol: Tres Teresas, p: Enseñint-300 sacos, 70 bocoyes azúcar.;;Tres Teresas;;;gol:;1880_01_25;Cárdenas;;
;;N/A:  | N/A:  | N/A: ;;;Visquerra;p.;;;;;De Matanzas gol: Amalia, p: Visquerra-214 bocoyes azúcar, 15 seranes tasajo y efectos.;;Amalia;;;gol.;1880_01_25;Matanzas;;
;;N/A:  | N/A: ;;;Macip-92;p.;;;;;De Santa Cruz gol: Besa María, p: Macip-92 tocoyes atócar y efecв08.;;Besa María;;;gol;1880_01_25;Santa Cruz;;
;;N/A:  | N/A: ;;;;p.;;;;;De Carahatas gol: Teresita, p: Santo Domingo-150 bo. coves. 500 sacos azúcar y efectos.;;Teresita;;;gol:;1880_01_25;Carahatas;;
;;N/A:  | N/A: ;;;;p.;;;;;De Matanzas gol: Dos Hermanas, p: Calafell—50 cajas y 150 bocoses azúcar;;Dos Hermanas;;;gol;1880_01_25;Matanzas;;
;;N/A:  | N/A: ;;;Cuebas;p.;;;;;De Cárdenas gol: Angelita p: Cuebas-130 cajas y 140 cores azúcar.;;Angelita;;;gol.;1880_01_25;Cárdenas;;
Día 01:;;N/A: ;;;Arocha;p.;;;;;De Baracca gol. Bonifacia, p. Arocha: 72 bocoyes azúCar;;Bonifacia;;;gol.;1880_01_27;Baracca;;
;;N/A: ;;;Perez;pat.;;;;;De Mariel gelata Justica, patron Perez: 61 bocorea azúcar.;;Justica;;;gelata;1880_01_27;Mariel;;
Día 6:;;N/A:  | N/A:  | N/A: ;;;Lled6;p.;;;;;De Storra Morena goleta Crisalida, p. Lled6: 1030 sacox y10 bocos es azdear.;;Crisalida;;;goleta;1880_01_27;Storra;;
Día null:;;N/A:  | N/A: ;;;Jnan;p.;;;;;De Cárdenas gol. Nuova Rosita, p. Jnan: 60 cajas y 150 bocores azúcar.;;Nuova Rosita;;;gol.;1880_01_27;Cárdenas;;
;;N/A: ;;;Heruandez;p.;;;;;De Morrillo gol. Feliz, p. Heruandez: 52 bocosea nan est.;;Feliz;;;gol.;1880_01_27;Morrillo;;
;;N/A: ;;;Gorrin;p.;;;;;De Bahia Honda gol. Franoisca, p. Gorrin: 187 bocoSOR azúcar.;;Franoisca;;;gol.;1880_01_27;Bahia Honda;;
;;N/A: ;;;Colomar;p.;;;;;De Sagua go!. Krovideneja, p. Colomar: 1200 sacos carbon;;Krovideneja;;;go!;1880_01_27;Sagua;;
;;N/A: ;;;Bosch;p.;;;;;De Cárdenas gol. Juanita, p. Bosch: 150 bocoras azuoar.;;Juanita;;;gol.;1880_01_27;Cárdenas;;
;;N/A:  | N/A:  | N/A:  | N/A: ;;;Blanco;p.;;;;;De Banta San Juan gol. Candita, p. Blanco! 600 caballoa lens, 300 sacos carbon, 40 arrobas cera y 20 sacos;;Candita;;;gol.;1880_01_27;Banta;;
Día 14:;;N/A: ;;;Zaragoza;p.;;;;;De Matanzas gol. Continela, p. Zaragoza: 14 pipas aguardiente.;;Continela;;;gol.;1880_01_27;Matanzas;;
Día 01:;;N/A:  | N/A: ;;;Joro;p.;;;;;De Sagua gol. Rita Fortunata, p. Joro: 950 tondidos Boga y efectos.;;Rita Fortunata;;;gol.;1880_01_27;Sagua;;
;;N/A:  | N/A:  | N/A: ;;;Ponte;p.;;;;;De Nuevitas gol. Emilia, p. Ponte: 500 caballos lela 100 sacos carbon y efectos.;;Emilia;;;gol.;1880_01_27;Nuevitas;;
;;N/A:  | N/A:  | N/A: ;;;Deulofeu;p.;;;;;De Cabalias gol. Ntra. Sra. del Carmen, p. Deulofeu: 7 opjas, 335 sacos y 46 bocoyes azúcar.;;Ntra. Sra. del Carmen;;;gol.;1880_01_27;Cabalias;;
;;N/A: ;;;Colomar;pat.;;;;;De Caussi gol. Sabas, patron Colomar: 100 bocores mfél;;Sabas;;;gol.;1880_01_27;Caussi;;
Día XX:;;N/A:  | N/A: ;;;Vich;p.;;;;;De Cahallas gol. Ntra. Sra. de la Caridad. p. Vich: 500 Bacos y 10 boooses azúcar;;Ntra. Sra. de la Caridad;;;gol.;1880_01_27;Cahallas;;
;;N/A:  | N/A:  | N/A: ;;;Jofre;cap.;;;;;De Cárdenas vapor Soler. capitan Jofre, 256 bocoyes azúcar, 11 fardos suela y efectis.;;Soler;;;vapor;1880_01_28;Cárdenas;;
;;N/A:  | N/A: ;;;Visquerra;patrón;;;;;"De Cabañas goleta Paquits, patron Visquerra; 400 sacon. 275 cajas sancar.";;Paquits;;;goleta;1880_01_28;Cabañas;;
;;N/A:  | N/A: ;;;Rodriguoz;pat.;;;;;"De Cana goleta Céßro, patron Rodriguoz; 400 eacos carbon, 300 caballos leña,";;Céßro;;;goleta;1880_01_28;Cana;;
;;N/A:  | N/A: ;;;Mora;patrón;;;;;"De Morrillo goleta Britania, patron Mora; 400 sacos carbon, 300 caballos leña.";;Britania;;;goleta;1880_01_28;Morrillo;;
;;N/A: ;;;Cartell;patrón;;;;;"De Cardenas goleta Anita, patron Cartell; 250 boooyes asúcar.";;Anita;;;goleta;1880_01_28;Cardenas;;
;;N/A: ;;;Pisaro;patrón;;;;;"De Cárdenas goleta Cármen, patron Pisaro; 135 bocoyea'asúcar.";;Cármen;;;goleta;1880_01_28;Cárdenas;;
;;N/A: ;;;Martinez;pat.;;;;;"De Batabanó geleta Paquete de iQbars, patron Martinez; 1600 caballos leña.";;Paquete;;;geleta;1880_01_28;Batabanó;;
;;N/A:  | N/A:  | N/A:  | N/A: ;;;Pinegro;patrón;;;;;"De Punta de San Juan goleta Agulla de Oro, patron Pinegro; 350 atravesaños, 400 cabaños leña, 100 sacos carbon y efectos.";;Agulla de Oro;;;goleta;1880_01_28;Punta de San Juan;;
;;N/A:  | N/A:  | N/A:  | N/A: ;;;Suarez;patrón;;;;;"De Sierra Morena goleta Ignacia Aleman, patron Suarez; 400 sacos, 70 bocores, 89 cajas astúcar y efectos.";;Ignacia Aleman;;;goleta;1880_01_28;Sierra Morena;;
Día :;;N/A:  | N/A:  | N/A:  | N/A: ;;;Cusi;cap.;;;;;De San Cayetano vapor Auits, cap. Cusi: 2,073 88008 azúcar, 300 tendidos soga, 3 sacos miraguano y efeotos.;;Auits;;;vapor;1880_01_30;San Cayetano;;
Día XX:;;N/A: ;;;Unibaso;cap.;;;;;De Malas Aguas vap. Bahia Honda, cap. Unibaso: 118 tercios tabao0.;;Bahia Honda;;;vap.;1880_01_30;Malas Aguas;;
;;N/A:  | N/A:  | N/A:  | N/A: ;;;Valent;pat.;;;;;De Matansas gol. Maria del Carmen, pat. Valent: 500 Bacoa, 200 o. y 10 bocoyes azúcar.;;Maria del Carmen;;;gol.;1880_01_30;Matansas;;
;;N/A: ;;;Dardet;p.;;;;;De Cárdenas gol. Rosita, p. Dardet 170 bocoyes azdcar.;;Rosita;;;gol.;1880_01_30;Cárdenas;;
;;N/A:  | N/A: ;;;Pujol;p.;;;;;De Baracoa gol. San José, p. Pujol-170 sacos cal, 15 cuarterolas miel.;;San José;;;gol.;1880_01_31;Baracoa;;
;;N/A:  | N/A:  | N/A: ;;;Ventura;cap.;;;;;De Cuba vapor Mooterums, cap: Ventura-16 sacos 0000s, una caja carey y efectos.;;Mooterums;;;vapor;1880_01_31;Cuba;;
;;N/A: ;;;Cartell;p.;;;;;De Cárdenas gol. Anita, p. Cartell-500 bocoɲes de azúcar.;;Anita;;;gol.;1880_01_31;Cárdenas;;
;;N/A:  | N/A: ;;;Ouevas;p.;;;;;De Cárdenas gol Angelita, p, Ouevas-130 boooyes y 130 cajas astoar.;;Angelita;;;gol.;1880_01_31;Cárdenas;;
;;N/A:  | N/A:  | N/A: ;;;Gumanos;p.;;;;;De Matanssa gol. Marta Ceferina, p. Gumanos-100 bultos muebles, 30 boooyes vacies y efectos.;;Marta Ceferina;;;gol.;1880_01_31;Matanssa;;
;;N/A:  | N/A:  | N/A: ;;;Alemany;p.;;;;;De Blerra Morena gel. Almansa, p. Alemany-925 sacos, 100 cajas y 20 booeyes astcar.;;Almansa;;;gel.;1880_01_31;Blerra;;
;;N/A: ;;;Hernandez;p.;;;;;De Caibarien gol. Numancis, p. Hernandez-510 tarcios tabapo.;;Numancis;;;gol.;1880_01_31;Caibarien;;
;;N/A:  | N/A: ;;;Alemany;p.;;;;;De Matanzas gol. Maria, p. Alemany-150 cajas y 180 bogdres anticar.;;Maria;;;gol.;1880_01_31;Matanzas;;
;;N/A: ;;;Martinez-32;p.;;;;;De Banes goleta Cesilia Manuela p. Martinez-32 bo coyes azhcar.;;Cesilia Manuela;;;goleta;1880_02_01;Banes;;
;;N/A: ;;;Fernandez;p.;;;;;De la Teja goleta Altagracia p. Fernandez-1000 sacos carbon.;;Altagracia;;;goleta;1880_02_01;la Teja;;
;;N/A: ;;;Calvet;p.;;;;;De la Teja goleta Isabol Segunda p. Calvet-600 sacos oarbon.;;Isabol Segunda;;;goleta;1880_02_01;Teja;;
;;N/A: ;;;Esteban;patron;;;;;De la Toja goleta Vicenta patron Esteban-1000 sacos carbon.;;Vicenta;;;goleta;1880_02_01;la Toja;;
;;N/A:  | N/A:  | N/A: ;;;Fortell;p.;;;;;De Cárdenas goleta Victoria p. Fortell-50 bocoyes, 200 cajas y 300 sacoa azúcar.;;Victoria;;;goleta;1880_02_01;Cárdenas;;
;;N/A:  | N/A:  | N/A: ;;;Pavia;p.;;;;;De Cárdenas g. General La Afar p. Pavia-100 bocoyos azcar, 27 pacas trapo y efectos.;;General La Afar;;;g.;1880_02_01;Cárdenas;;
;;N/A:  | N/A:  | N/A:  | N/A: ;;;Rivas-328;p.;;;;;De Nuevitas g, Dichosa p. Rivas-328 yayas, 112 sacos carbon, 3000 'tivicias. 30 trosos cedro y efectos.;;Dichosa;;;g;1880_02_01;Nuevitas;;
;;N/A: ;;;Torres;p.;;;;;De la Teja golota Paquete Tejano p. Torres-300 sacos oarbon.;;Paquete Tejano;;;golota;1880_02_01;la Teja;;
;;;;;PiñoуTo-135;p.;;;;;De Cárdenas g. Ntra. Sra. del Carmen p. PiñoуTo-135 boroves annoar.;;Ntra. Sra. del Carmen;;;g.;1880_02_01;Cárdenas;;
;;N/A: ;;;Acuña;p.;;;;;De Sagua goleta Nueve Pepe p. Acuña-1000 sacos carbon.;;Nueve Pepe;;;goleta;1880_02_01;Sagua;;
;;N/A: ;;;Guimart;pat.;;;;;De la Toja goleta Júcaro, patron Guimart: 800 saros carbon.;;Júcaro;;;goleta;1880_02_04;la Toja;;
;;N/A:  | N/A:  | N/A:  | N/A: ;;;Jaan;pat.;;;;;De Cabañas goleta Esmeralda, patron Jaan: 104 bocoyep, 140 sacos azúcar, 263 teroles tabaco, 14 plpas aguardiente.;;Esmeralda;;;goleta;1880_02_04;Cabañas;;
;;N/A: ;;;Almanza;patrón;;;;;De la Teja goleta Dos Sofias, patron Almanza: 1000 sacos carbon.;;Dos Sofias;;;goleta;1880_02_04;la Teja;;
;;N/A: ;;;Montell;patrón;;;;;De la Toja goleta Manuela, patron Montell: 00 aacos carbon.;;Manuela;;;goleta;1880_02_04;la Toja;;
;;N/A:  | N/A: ;;;Nuñez;patrón;;;;;De Cabañas goleta Paquita, patron Nuñez: 379 cajas, 410 lacos azúcar.;;Paquita;;;goleta;1880_02_04;Cabañas;;
Día XX:;;N/A: ;;;Vich;pat.;;;;;De idem goleta Nuestra Señora de la Caridad, patron Vich: 460 sacos azúcar.;;Nuestra Señora de la Caridad;;;goleta;1880_02_04;idem;;
;;N/A:  | N/A:  | N/A:  | N/A: ;;;Inclan;pat.;;;;;De Cabañas geleta Jonefa. patron Inclan: 400 saces, 200 osjas, 13 bocoyes azúcar y 14 pipas aguardiente.;;Jonefa;;;geleta;1880_02_04;Cabañas;;
Día 01:;;N/A:  | N/A: ;;;Lledo;patrón;;;;;De Gibacoa goleta Vinarós, patron Lledo: 100 fanegas malz efectos.;;Vinarós;;;goleta;1880_02_04;Gibacoa;;
;;N/A: ;;;Cabrés;pat.;;;;;De Sierra Moroza goleta Union, patron Cabrés: 1550 sacos azúcar.;;Union;;;goleta;1880_02_04;Sierra Moroza;;
;;N/A:  | N/A: ;;;Alemañy;patrón;;;;;De idem goleta Jóven Pilar, patron Alemañy: 560 Bacos, 10 bocores azúcar.;;Jóven Pilar;;;goleta;1880_02_04;idem;;
;;N/A:  | N/A: ;;;Pajol;patrón;;;;;De Jaruco gelsta Golondrina, patron Pajol: 20 bocoyes, 163 sacos azúcar.;;Golondrina;;;gelsta;1880_02_04;Jaruco;;
;;N/A:  | N/A: ;;;Enseñat;pat.;;;;;De Cárdenas goleta Tres Teresas, patron Enseñat. 190 bocoyes, 300 sacos azúcar.;;Tres Teresas;;;goleta;1880_02_04;Cárdenas;;
;;N/A: ;;;Bosob;patrón;;;;;De ideua golota Juanita, patron Bosob: 150 bocoyes zúcar.;;Juanita;;;golota;1880_02_04;ideua;;
;;N/A: ;;;Pojol;pat.;;;;;De Santa Lucia goleta Carmita, patron Pojol: 500 atravesafios.;;Carmita;;;goleta;1880_02_04;Santa Lucia;;
;;N/A: ;;;Yur;pat.;;;;;De Malas Aguas goleta Antonia Habana, patron Yur 500 caballos loÑa.;Habana;Antonia;;;goleta;1880_02_04;Malas Aguas;;
;;N/A:  | N/A: ;;;Cabrera;patrón;;;;;De la Teja goleta San José, patron Cabrera: 240 sacos y 42 bocores azúcar.;;San José;;;goleta;1880_02_04;la Teja;;
;;N/A: ;;;Gorrin;patrón;;;;;De Bahia Honda golota Francisca, patron Gorrin: 187 bocoyes azúcar.;;Francisca;;;golota;1880_02_04;Bahia Honda;;
;;N/A:  | N/A:  | N/A: ;;;Lopez;patrón;;;;;De Cabañas goleta Caballo Marino, patron Lopez: 240 sacos 230 cajas y 24 bocoyos azúcar.;;Caballo Marino;;;goleta;1880_02_04;Cabañas;;
;;N/A: ;;;Mato;pat.;;;;;De Banos goleta Dos Hermanas, patron Mato: 6000 ladriilos.;;Dos Hermanas;;;goleta;1880_02_04;Banos;;
;;N/A: ;;;Juan;patrón;;;;;De Cárdenas goleta Nuova Rosita, patron Juan: 160 boroyes azucar.;;Nuova Rosita;;;goleta;1880_02_04;Cárdenas;;
;;N/A: ;;;Riobo;pat.;;;;;De Carahatas goleta Tres Hermanas, patron Riobo: 115 sacos as car.;;Tres Hermanas;;;goleta;1880_02_04;Carahatas;;
Día 01:;;N/A:  | N/A:  | N/A: ;;;Lledo;pat.;;;;;De Sierra Morena goleta Crisalida, patron Lledo: 500 saces, 70 boceyes azúcar y efectos.;;Crisalida;;;goleta;1880_02_04;Sierra Morena;;
;;N/A:  | N/A: ;;;Sebilla;patron;;;;;De Nueritas gleta 2 Cantinera, patron Sebilla: 1200 caballoa leña y 200 sacos carbon.;;Cantinera;;;gleta;1880_02_04;Nueritas;;
;;N/A: ;;;Suao;pat.;;;;;De Sierra Morena goleta Habanera, patron Suao: EC0 8a008 carbon.;;Habanera;;;goleta;1880_02_04;Sierra Morena;;
;;N/A: ;;;Joy;pat.;;;;;De idem goleta Tres Hermanas, patron Joy: 500 Bacos carbon.;;Tres Hermanas;;;goleta;1880_02_04;idem;;
;;N/A: ;;;Sanchez;pat.;;;;;De Jainco goleta Jaruqueña, patron Sanchez: 7000 la drillo.;;Jaruqueña;;;goleta;1880_02_04;Jainco;;
;;N/A:  | N/A:  | N/A:  | N/A: ;;;Jofre;cap.;;;;;De Cárdenas vapor Soler, capitan Jofre: 19 becoyes azúcar, 17 fardos anela, 15 pipas aguardiente y efectos.;;Soler;;;vapor;1880_02_04;Cárdenas;;
;;N/A:  | N/A:  | N/A: ;;;Valent;pat.;;;;;De Cárdenas gol. Maria dol Carmen, pat. Valent, 29 bocores, 520 soos y 20 cajas asacar.;;Maria dol Carmen;;;gol.;1880_02_05;Cárdenas;;
;;N/A: ;;;Arocha;pat.;;;;;Da Cabañar gol. Conchita, pat. Arocha, 620 81003 de azdċar.;;Conchita;;;gol.;1880_02_05;Cabañar;;
;;N/A:  | N/A:  | N/A:  | N/A: ;;;Ron;cap.;;;;;De Cuba vapor Clara, cap. Ron, 190 tercios tabaco, 72 8100s cacar, barriles cabo y efectos.;;Clara;;;vapor;1880_02_05;Cuba;;
;;N/A:  | N/A:  | N/A: ;;;Alvarez;p.;;;;;De Calbarlen gol. Papilla Alvarez, p. Brage: 2000 atravesaños, 200 s. cascaras y efectos.;;Papilla;;;gol.;1880_02_06;Calbarlen;;
;;N/A: ;;;Suarez;p.;;;;;De S. Morena g Ignacia Aleman, p. Suarez: 2008, 100 0. y 40 bocoyes azúcar.;;Ignacia Aleman;;;g;1880_02_06;S. Morena;;
Día XX:;;N/A:  | N/A:  | N/A: ;;;Unibaso;cap.;;;;;De Bahia Honda vap. Babia Honda, cap. Unibaso: 173 teruios tabacoa, 21 s. miraguano y efectna.;;Babia Honda;;;vap.;1880_02_06;Bahia Honda;;
;;N/A: ;;;Colomar;pat.;;;;;De Canal goista Sabás, patron Colomar, 94 bocoyes asdoar.;;Sabás;;;goista;1880_02_07;Canal;;
;;N/A:  | N/A: ;;;Ferrer;patrón;;;;;De Matanzas golet Dos Isa' eles, patron Ferrer, 42 pipas aguardiente, 50 bocores vacios.;;Dos Isa' eles;;;golet;1880_02_07;Matanzas;;
;;N/A:  | N/A:  | N/A: ;;;Call;p.;;;;;"De Ortigosa goleta Dolorits, p Call: 29 bocoyes miel; 41 idem maticar, 3 cuarterolas miel de abeja.";;Dolorits;;;goleta;1880_02_07;Ortigosa;;
;;N/A: ;;;Alemany;patron;;;;;"De Matenses golota Maria, patron Alemany; 900 bo003 ARE";;Maria;;;golota;1880_02_07;Matenses;;
;;N/A: ;;;Otero-1200;p.;;;;;De Teja gol. San Francisco, p. Otero-1200 #2008 carbon.;;San Francisco;;;gol.;1880_02_08;Teja;;
;;N/A: ;;;Arocha;p.;;;;;De Baracoa gol. Bonifacia, p. Arocha-72 bocoyes a zúcar,;;Bonifacia;;;gol.;1880_02_08;Baracoa;;
;;N/A:  | N/A:  | N/A: ;;;Vizqnerra;p.;;;;;De Matanzas gol. Amalia, p. Vizqnerra-36 bocoyes azúcar, 12300 arrobas tasajo y efectos.;;Amalia;;;gol.;1880_02_08;Matanzas;;
;;N/A:  | N/A:  | N/A:  | N/A: ;;;Alemany;p.;;;;;"De sierra Morena gol. Almanza; p. Alemany-100 bocoyes, 100 cajas, 325 sacos azúcar y efectos.";;Almanza;;;gol.;1880_02_08;sierra Morena;;
;;N/A:  | N/A: ;;;Dardet;p.;;;;;De Cárdenas gol. Rosita, p. Dardet-100 bocayes azt▪ cary 100 pipas aguardiente.;;Rosita;;;gol.;1880_02_08;Cárdenas;;
;;N/A: ;;;Mandilegos;p.;;;;;De Cárdenas gol. Maria Josefa, p. Mandilegos-30 pipas agate.;;Maria Josefa;;;gol.;1880_02_08;Cárdenas;;
;;N/A:  | N/A:  | N/A: ;;;Paula;p.;;;;;De Sierra Morena gol. Sofie, p: Paula-50 boceyes a sdcar y 15 aguardiente y efectos.;;Sofie;;;gol.;1880_02_08;Sierra Morena;;
;;N/A: ;;;Mateu;p.;;;;;De Teja gol. Catalina, p. Mateu-808 sacos de carbon.;;Catalina;;;gol.;1880_02_08;Teja;;
;;N/A: ;;;Alemañу;p.;;;;;De Sierra Morena gol. Matilde, p. Alemañу-130 bocoves azúcar.;;Matilde;;;gol.;1880_02_08;Sierra Morena;;
;;N/A: ;;;Villalonga;p.;;;;;De Sierra Morena go': Teresita, p: Villalonga-800 sa-cos de arbon.;;Teresita;;;go';1880_02_08;Sierra Morena;;
;;N/A: ;;;;p.;;;;;De Cárdenas gol. Anita, p: Cartell-250 bocoyes asάcar.;;Anita;;;gol.;1880_02_08;Cárdenas;;
;;N/A: ;;;Piñeyro;p.;;;;;De Cárdenas gol: Ntra. Sra. del Cármen, p: Piñeyro150 bocoyes azúcar.;;Ntra. Sra. del Cármen;;;gol:;1880_02_08;Cárdenas;;
;;N/A: ;;;Zaragoza-160;p.;;;;;De Cardenas goh Isla de Cuba p: Zaragoza-160 boooyes azúcar.;;Isla de Cuba;;;goh;1880_02_08;Cardenas;;
;;N/A: ;;;;p.;;;;;De Bagua gol: Flor de Sagus, p: Zaragoza-3000 BR008 carbon.;;Flor de Sagus;;;gol;1880_02_08;Bagua;;
;;N/A:  | N/A:  | N/A: ;;;Jofre-157;cap.;;;;;De Cárdenas vapor Soler cap: Jofre-157 bocoyes andpar, 100 pipas aguardiente, 19 fardos suela y efectos.;;Soler;;;vapor;1880_02_10;Cárdenas;;
;;N/A: ;;;Colomar;pat.;;;;;De Canasi go'eta Flor de Cárdenas pat: Colomar-105 bocopes azúcar;;Flor de Cárdenas;;;go'eta;1880_02_10;Canasi;;
;;N/A:  | N/A: ;;;Bilbao-226;patron;;;;;De Catharien goleta Engracia patron Bilbao-226 atravos ño, 5000 docenas esponjas y efectos;;Engracia;;;goleta;1880_02_10;Catharien;;
;;N/A: ;;;;p.;;;;;De Carabatsa golet Teresita p: Santo Domingo-1'0 bocoves 500 sacos a hear;;Teresita;;;golet;1880_02_10;Carabatsa;;
;;N/A:  | N/A:  | N/A: ;;;Cabrera;p.;;;;;De la Tejs goleta San Juɛó p: Cabrera-10 bocores &. zúcar y efectos.;;San Juɛó;;;goleta;1880_02_10;la Tejs;;
;;N/A:  | N/A: ;;;Vizquerra;p.;;;;;De Cabañas goleta Paquita p: Vizquerra-314 sacos y 30 bocoges azúcar.;;Paquita;;;goleta;1880_02_10;Cabañas;;
;;N/A:  | N/A: ;;;;p.;;;;;"De Matanzas g. Dos Hermanas p; Calafell-125 bocoyea 182 cejas azúcar y fectra.";;Dos Hermanas;;;g.;1880_02_10;Matanzas;;
;;N/A:  | N/A: ;;;Tertall;p.;;;;;De Cárdenas goleta Victoria p: Tertall-500 sacos, 150 bocores azúcar.;;Victoria;;;goleta;1880_02_10;Cárdenas;;
;;N/A:  | N/A: ;;;;p:;;;;;De Cárdenas g: Angelita p: novas-140 bocoses, ca1ss azúcar y efectos.;;Angelita;;;g:;1880_02_10;Cárdenas;;
;;;;;Grandal-6000;p:;;;;;De Jaimanitas g: José Manuel p: Grandal-6000 ladri11ox.;;José Manuel;;;g:;1880_02_10;Jaimanitas;;
;;N/A: ;;;Navarro;patron;;;;;De la Teja golota Dorotea patron Navarro-580 58008 aznicar;;Dorotea;;;golota;1880_02_10;Teja;;
;;N/A:  | N/A:  | N/A:  | N/A: ;;;Calvo-800;p:;;;;;De Gibara g: Sela Mannelas p: Calvo-800 a. carbov, 900 caballos leña y efectos.;;Sela Mannelas;;;g:;1880_02_10;Gibara;;
;;N/A: ;;;Villalonga-800;p:;;;;;De Sierra Morena g: Toresita p: Villalonga-800 03 carbon.;;Toresita;;;g:;1880_02_10;Sierra Morena;;
;;N/A: ;;;Maner-1000;p;;;;;De la Teja g. Bofla p Maner-1000 s. carbon.;;Bofla;;;g.;1880_02_11;la Teja;;
;;;;;Garriga;p.;;;;;De idem g. Segunda Luz de Yara, p. Garriga-700. s. idem.;;Segunda Luz de Yara;;;g.;1880_02_11;idem;;
;;N/A: ;;;Colomar;p.;;;;;De Canasi g. Sabás, p. Colomar-94 bocoyes azdoar.;;Sabás;;;g.;1880_02_11;Canasi;;
;;N/A:  | N/A: ;;;Pellloer-210;p.;;;;;De Matanzas g. Emilio, p. Pellloer-210 boooyes anticar, 100 s. café y efectos.;;Emilio;;;g.;1880_02_11;Matanzas;;
;;N/A: ;;;N....;pat.;;;;;De Banes goleta Desempeño, patron N....: 12000 ladrillos.;;Desempeño;;;goleta;1880_02_12;Banes;;
;;N/A: ;;;Arooha;pat.;;;;;De Cabañas goleta Conehits, patron Arooha: 610 saces asdoar.;;Conehits;;;goleta;1880_02_12;Cabañas;;
;;N/A:  | N/A:  | N/A: ;;;Lopes;pat.;;;;;De Cabañas goleta Caballo Marino, patron Lopes: 22 boooses asacar, 210 cajas, 460 sacos azúcar.;;Caballo Marino;;;goleta;1880_02_12;Cabañas;;
;;N/A:  | N/A:  | N/A: ;;;Uribaso-89;cap.;;;;;De Malas Agnas vap Bahia Henda, cap. Uribaso-89 toroles tabaco. 16 pinas vacías y efantos.;;Bahia Henda;;;vap.;1880_02_13;Malas Agnas;;
;;N/A:  | N/A:  | N/A:  | N/A: ;;;D. Valent;del Carmen;;;;;De Cárdenas g. Afaria del Carmen D. Valent-100 bocores, 200 calas, 500 sacos azúcar y efectos.;;Afaria;;;g.;1880_02_13;Cárdenas;;
;;N/A:  | N/A:  | N/A:  | N/A: ;;;Juan;p.;;;;;De Cabañas g. Esmeralda p. Juan-58 bocoyos, 110 cajas, 300 sacos astoar y 55 pipas agaardioute.;;Esmeralda;;;g.;1880_02_13;Cabañas;;
;;N/A: ;;;Gorria;p.;;;;;De Bahls Honds g. Francisca p. Gorria-167 bocoyes azúcar.;;Francisca;;;g.;1880_02_13;Bahls;;
;;N/A: ;;;Rodrigues;p.;;;;;De Sagus gol. Aguedita p. Rodrigues-160 sacos carbon.;;Aguedita;;;gol.;1880_02_13;Sagus;;
;;N/A: ;;;Orbag;pat.;;;;;De la Toja gol. Joven Catalina pat. Orbag-600 sacos carbon,;;Joven Catalina;;;gol.;1880_02_13;la Toja;;
;;N/A: ;;;Salvá;p.;;;;;De Playas de San Juan g. Agustina p. Salvá–800 sacos carbon,;;Agustina;;;g.;1880_02_13;Playas de San Juan;;
;;N/A: ;;;Cartell;patrón;;;;;"De Cárdenas goleta Anita, patron Cartell; 250 bocoJe azúcar.";;Anita;;;goleta;1880_02_14;Cárdenas;;
;;N/A:  | N/A:  | N/A:  | N/A:  | N/A: ;;;Bivas;cap.;;;;;De Guanes vap. Guaniguanico, capitan Bivas: 82 terolos tabaco, 228 oaballos lens, 24 sacos lana, 10  ouarterolas miel abeja y efectos.;;Guaniguanico;;;vap.;1880_02_14;Guanes;;
;;N/A:  | N/A: ;;;Piñeyro;patrón;;;;;De Cárdenas goleta Cármen, patron Piñeyro, 100 caJas y 135 booa aitoar,;;Cármen;;;goleta;1880_02_14;Cárdenas;;
;;N/A:  | N/A: ;;;Alemany;pat.;;;;;De Matanzas goleta Maria, patron Alemany, 200 boos. atticar y 90 id. miel.;;Maria;;;goleta;1880_02_14;Matanzas;;
;;N/A:  | N/A: ;;;Suares;pat.;;;;;De Sterra Morena goleta Ignacia Aleman, pat. Suares, 390 cajas y 100 boooyes astar..;;Ignacia;;;goleta;1880_02_14;Sterra Morena;;
;;N/A:  | N/A:  | N/A: ;;;Bernaza;patrón;;;;;"De Nuevitas goleta Dolores, patron Bernaza; 400 oaballos leña, 50 horcones y efectos.";;Dolores;;;goleta;1880_02_14;Nuevitas;;
;;N/A:  | N/A:  | N/A: ;;;Valent;patrón;;;;;De Cárdenas goleta Araucana, patron Valent, 320 sa008, 10 cajas y 50 bobs. azúcar, 54 bar. olavos.;;Araucana;;;goleta;1880_02_14;Cárdenas;;
;;N/A:  | N/A:  | N/A: ;;;Inolan;pat.;;;;;De Cabañas goleta Josefa, patron Inolan, 300 cajas, 900 s. y 8 boca. asdoar.;;Josefa;;;goleta;1880_02_14;Cabañas;;
;;N/A: ;;;Martines;p.;;;;;De Banes goleta Cecil's Manuals, p. Martines, 31 bocoyes astcar.;;Cecil's Manuals;;;goleta;1880_02_14;Banes;;
;;N/A: ;;;Arocha;p.;;;;;De Baracoa g. Bonifacia, p. Arocha, 55 bocs. anticar;;Bonifacia;;;g.;1880_02_14;Baracoa;;
Día null:;;N/A:  | N/A: ;;;Orbay;pat.;;;;;De Margajitas goleta Paquete de Nuevitas, patron Orbay: 400 sacos carbon y efectos.;;Paquete de Nuevitas;;;goleta;1880_02_15;Margajitas;;
;;N/A:  | N/A: ;;;Calafell;pat.;;;;;De Matanzas goleta Dos Hermanas, patron Calafell: 180 cajas, 120 Pocoyos sandar.;;Dos Hermanas;;;goleta;1880_02_15;Matanzas;;
;;N/A:  | N/A:  | N/A: ;;;Enseñat;pat.;;;;;De Cárdenas goleta Tres Teresas, patron Enseñat: 150 bocoyes, 100 cajaa azńca., 37 terolos tabaco.;;Tres Teresas;;;goleta;1880_02_15;Cárdenas;;
Día :;;N/A:  | N/A: ;;;Vich;patrón;;;;;De Cabañas goleta Nuestra Señora de la Caridad, patron Vich: 500 Eacos azúcar, 20 bocoyes azúcar.;;Nuestra Señora de la Caridad;;;goleta;1880_02_15;Cabañas;;
;;N/A:  | N/A:  | N/A: ;;;Visquerra;patrón;;;;;De Cabañas goleta Paquita, patron Visquerra: 500 saccs 70 bocoyes aznoar.;;Paquita;;;goleta;1880_02_15;Cabañas;;
;;N/A:  | N/A:  | N/A: ;;;Perez;patron;;;;;De Storra Morena golota Jóven Manuel, patron Perez: 86 cajas, 89 races y 14 bocoyes azucar;;Jóven Manuel;;;golota;1880_02_15;Storra Morena;;
;;N/A:  | N/A: ;;;Lopes;p.;;;;;De Cabañas goleta Caballo Marino, p. Lopes 415 o, 99 bocoges y 160) 6 azdcar;;Caballo Marino;;;goleta;1880_02_17;Cabañas;;
;;N/A:  | N/A: ;;;Gallego;p.;;;;;De Arroyos g Chimon N. de Dies, p. Gallego, 550 vas Tas madera y efectos.;;Chimon;;;g;1880_02_17;Arroyos;;
;;N/A: ;;;Lito;pat.;;;;;De Canni goleta, Correo de Canssi, patron Lito, 78 bocos ez azúcar.;;Correo de Canssi;;;goleta;1880_02_17;Canni;;
;;N/A:  | N/A:  | N/A: ;;;Colemar;patrón;;;;;De Sagen goleta Antonica, patron Colemar, 1200 sacos carbon, 400 caballoa leña y ofectos.;;Antonica;;;goleta;1880_02_17;Sagen;;
;;N/A:  | N/A: ;;;Mandilego;pat.;;;;;De Cárdenas. Maria Josefa, patron Mandilego, 080 cafas azñeary 50 pipas aguardiente.;;Maria Josefa;;;;1880_02_17;Cárdenas;;
;;N/A:  | N/A:  | N/A:  | N/A: ;;;Ron-97;cap.;;;;;De Cuba vapor Clara cap. Ron-97 sacos cacao, 21 terolos tabaco, 32 bultos muebles, 3 osjas cera y efectos.;;Clara;;;vapor;1880_02_18;Cuba;;
;;N/A:  | N/A:  | N/A: ;;;Gavica;cap.;;;;;De Oaibarien vapor Alava cap. Gavica-851 tercios tabaoo, 1108 cajas azúcar y efectos.;;Alava;;;vapor;1880_02_18;Oaibarien;;
;;N/A:  | N/A:  | N/A:  | N/A: ;;;Jofre-163;cap.;;;;;De Cárdenas vapor Soler cap. Jofre-163 bocoyes azúcar, 70 pipas aguardiente, 18 fardos jarcia v efectos.;;Soler;;;vapor;1880_02_18;Cárdenas;;
;;N/A: ;;;Zaragoza;p.;;;;;De Cardenas g. Isla de Cuba p. Zaragoza-180 bocoyes azúcar.;;Isla de Cuba;;;g.;1880_02_18;Cardenas;;
;;N/A:  | N/A: ;;;Bosch;pat.;;;;;De Cárdenas golets Jumita. patron Bosch: 8 c 8. 302 bocogei agnardiante, 60 boya szar.;;Jumita;;;golets;1880_02_19;Cárdenas;;
;;N/A:  | N/A:  | N/A: ;;;Oirer;patrón;;;;;De Puerto Padro goleta Arlstad, patron Oirer 4 traves fo, 50 qt's. cáscara margle, 200 caballo 100 savoy carbon.;;Arlstad;;;goleta;1880_02_19;Puerto Padro;;
;;N/A:  | N/A: ;;;Visquerra;patrón;;;;;De Matanzas goleta Amala, patron Visquerra, 218 bocores azńcar, 10 cajas anisete.;;Amala;;;goleta;1880_02_19;Matanzas;;
;;N/A:  | N/A: ;;;Alemañy;pat.;;;;;De Sierra Morena goleta Maria, patron Alemañy: 75 boooyes azúcar y efectos.;;Maria;;;goleta;1880_02_20;Sierra Morena;;
;;N/A: ;;;Jofre;patrón;;;;;De la Teja goleta Dos Amigos, patron Jofre: 100 boooyes azúcar.;;Dos Amigos;;;goleta;1880_02_20;la Teja;;
;;N/A:  | N/A:  | N/A: ;;;Ferrer;patrón;;;;;De Matanzas goleta Dos Isabeles, patron Ferrer: 28 pps, aguardiente, 10 toneladas hlorro.;;Dos Isabeles;;;goleta;1880_02_20;Matanzas;;
;;N/A:  | N/A: ;;;Pujol;patrón;;;;;De Jaruco golota Golondrina, patron Pujol: 250 sacos azioar y efectos,;;Golondrina;;;golota;1880_02_20;Jaruco;;
;;N/A:  | N/A: ;;;Dardet;pat.;;;;;De Cárdenas goleta Rosita, patron Dardet, 150 bocoyes azúcar, 0 pipas aguardiente.;;Rosita;;;goleta;1880_02_20;Cárdenas;;
;;N/A:  | N/A: ;;;Carbonell;pat.;;;;;De Matanzas goleta Elvira, patron Carbonell: 160 boCoves azúcar y efectos.;;Elvira;;;goleta;1880_02_20;Matanzas;;
;;N/A:  | N/A:  | N/A: ;;;Blanco;pat.;;;;;De Malas Aguas goleta Julita, patron Blanco, 28500 ladrillos, 200 caballos leña.;;Julita;;;goleta;1880_02_20;Malas Aguas;;
Día null:;;N/A: ;;;Pavia;pat.;;;;;De idem goleta Generalla Mar, patron Pavia: 100 bocoves azúcar.;;Generalla Mar;;;goleta;1880_02_20;idem;;
;;N/A: ;;;Maolp;patrón;;;;;De Santa Cruz goleta Rosa Maria, patron Maolp: 85 boooyes azúcar.;;Rosa Maria;;;goleta;1880_02_20;Santa Cruz;;
;;N/A:  | N/A:  | N/A: ;;;Coll;patrón;;;;;De Baracoa goleta Dolorita, patron Coll: 55 bocoses azúcar, 13 idem mascabado, 1 tercerola miel de aboja.;;Dolorita;;;goleta;1880_02_20;Baracoa;;
;;N/A: ;;;Carrera;cap.;;;;;De Tanas vapor Cuba capitan Carrera, 6000 58008 zúcar..;;Cuba;;;vapor;1880_02_21;Tanas;;
;;N/A: ;;;Peres;patrón;;;;;De Sierra Moróna goleta Jóven Manuel patron Peres, 55 boonyes szńcar;;Jóven Manuel;;;goleta;1880_02_21;Sierra Moróna;;
;;N/A: ;;;Navarro;patrón;;;;;De Teja goleta Dorotea patron Navarro, 560 sacos azúcar.;;Dorotea;;;goleta;1880_02_21;Teja;;
;;N/A: ;;;Martines;patrón;;;;;De Banes goleta Cecilia Manuela patron Martines, a boroses azúcar.;;Cecilia Manuela;;;goleta;1880_02_21;Banes;;
;;N/A: ;;;Lopes;pat.;;;;;De Dominios goleta Dominica patron Lopes, 60 bocoyes arúar.;Dominica;Dominica;;;goleta;1880_02_21;Dominios;;
;;N/A: ;;;Pujol;patrón;;;;;De Baracoa goleta Ban José patron Pujol, 300 sacos oal.;;Ban José;;;goleta;1880_02_21;Baracoa;;
;;N/A:  | N/A:  | N/A:  | N/A:  | N/A: ;;;Colomar;patro;;;;;De Canasi goleta Flor de Cárdenas patro Colomar 85 boooses 49 cajas asticar 13 charterolas miel 27 arrobas cara.;;Flor de Cárdenas;;;goleta;1880_02_21;Canasi;;
;;N/A: ;;;Alemany;pat.;;;;;De Kau Cayetano goleta Maris Teresa, patron Alemany: 000 atravesaños;;Maris Teresa;;;goleta;1880_02_22;Kau;;
;;N/A: ;;;Sanchez;patrón;;;;;De Mariel goleta San Antonio, patron Sanchez: 47 pipas aguardiente;;San Antonio;;;goleta;1880_02_22;Mariel;;
;;N/A:  | N/A: ;;;Alemany;patrón;;;;;"De Matanzas golota Maria, patron Alemany: ""Os bocoyes azúcar y 20 bocoyes aguardiente";;Maria;;;golota;1880_02_22;Matanzas;;
;;N/A: ;;;Vich;pat.;;;;;De Cabañas goleta Nuestra Señora de la Caridad, pa-. trou Vich: 560 sacoa azúcar;;Nuestra Señora de la Caridad;;;goleta;1880_02_22;Cabañas;;
;;N/A:  | N/A:  | N/A: ;;;Fortel;patrón;;;;;De Cárdenas goleta Victoria, patron Fortel: 50 bocoyes, 200 cajas y 200 sacos azúcar;;Victoria;;;goleta;1880_02_22;Cárdenas;;
;;N/A:  | N/A: ;;;Cabres;pat.;;;;;De Sierra Morena goleta Union, patron Cabres: 210 boooyes y 125 sacos ancar;;Union;;;goleta;1880_02_22;Sierra Morena;;
;;N/A:  | N/A:  | N/A: ;;;Inclan;pat.;;;;;De Cabañas coleta Josefa, patron Inclan: 150 cajas, 16 bocoyes y 500 sacos azúcar;;Josefa;;;coleta;1880_02_22;Cabañas;;
;;N/A:  | N/A:  | N/A:  | N/A: ;;;Jofre;oap.;;;;;De Cárdenas vapor Soler oap. Jofre, 200 boc0968 azácar 56 pipas aguardiente 23 fardos suela y efectos.;;Soler;;;vapor;1880_02_24;Cárdenas;;
;;N/A: ;;;Perez;patrón;;;;;De Mariel goleta Justion patron Perez, 61 bocoyes astcar.;;Justion;;;goleta;1880_02_24;Mariel;;
;;N/A:  | N/A: ;;;Perez;patron;;;;;De Mariel g. Altagracia patron Perez, 40 bocoyes azúcar 400 tercios tabaco.;;Altagracia;;;g.;1880_02_24;Mariel;;
;;N/A:  | N/A: ;;;Palmer;p.;;;;;De Mariel goleta Jóven Magdalena p. Palmer, 144 boco yes Azúcar.;;Jóven Magdalena;;;goleta;1880_02_24;Mariel;;
;;N/A:  | N/A:  | N/A: ;;;Denlofeo;p.;;;;;De Cabañas g. N. S. del Cármen p. Denlofeo, 554 sacos 22 bocopes azúcar 14 pipas aguardiente.;;N. S. del Cármen;;;g.;1880_02_24;Cabañas;;
;;N/A: ;;;Pujol;patron;;;;;De Baracoa goleta San José patron Pujol, 72 cajas asúcar.;;San José;;;goleta;1880_02_24;Baracoa;;
;;N/A: ;;;Juan;patron;;;;;De idem goleta Rosita patron Juan, 60 cuarterolas miol.;;Rosita;;;goleta;1880_02_24;idem;;
;;N/A: ;;;Dardet;patron;;;;;De Cárdenas goleta Rosita patron Dardet, 175 bocoyes azúcar.;;Rosita;;;goleta;1880_02_24;Cárdenas;;
;;N/A: ;;;Lledo;patrón;;;;;De Gibacoa goleta Vinaros patron Lledo, 100 fanegas maiz.;;Vinaros;;;goleta;1880_02_24;Gibacoa;;
;;N/A: ;;;Pons;patron;;;;;De Banes goleta Desempeño patron Pons, 11,500 ladrillos.;;Desempeño;;;goleta;1880_02_24;Banes;;
;;N/A: ;;;Pellicer;patrón;;;;;De Matanzas goleta Emilio patron Pellicer, 255 bocoyes azúcar.;;Emilio;;;goleta;1880_02_24;Matanzas;;
;;N/A:  | N/A:  | N/A: ;;;Valent;pat.;;;;;De Cárdenas goleta Araucana patron Valent, 100 sacos. 120 cajas, 50 bocoyes azńsar.;;Araucana;;;goleta;1880_02_24;Cárdenas;;
;;N/A:  | N/A:  | N/A:  | N/A: ;;;Sogui;patrón;;;;;De Dimas goleta Margarita patron Sogui, 25 camas carreta, 80 vs. majagua, 4 palos sabica, 6 palos ohioharron.;;Margarita;;;goleta;1880_02_24;Dimas;;
;;N/A:  | N/A: ;;;Benefan-300;p.;;;;;De Sta. Maria gol. Lince, p. Benefan-300 s. carbon y 200 caballos leña.;;Lince;;;gol.;1880_02_24;Sta. Maria;;
;;N/A:  | N/A: ;;;Juan-200;p.;;;;;De Cárdenas gol. Nuova Rosita, p. Juan-200 o. 110 boos. asticar y efectos. De Morrillo gol. Félix, p. Hernandes-24 bocoyes azúDar. De Sta. Maria gol. Nuovo Hilario, p. Pujol-400 s. carboa y 200 naballos leña,;;Nuova Rosita;;;gol.;1880_02_24;Cárdenas;;
Día 08:;;N/A: ;;;Torres;p.;;;;;De RIJ Islanco gol.'Isabellta, p. Torres-430 atravesa08. De Boracon gol. Dies do Agosto, p. Rojas-40 bocoyes azúcar.;;Isabellta;;;gol.;1880_02_24;RIJ;;
;;N/A: ;;;Jener;p.;;;;;De Mantua gol. Francisca Jener, p. Calvet-1200 sacos Darbon.;;Francisca;;;gol.;1880_02_24;Mantua;;
;;N/A: ;;;Flusas;p.;;;;;De Mantua gol. Amable Rosita, p. Flusas-600 sacos arbon.;;Amable Rosita;;;gol.;1880_02_24;Mantua;;
;;N/A: ;;;Marino;p.;;;;;De Teja gol. San Francisco, p. Marino-800 sacos carbon. De Malas Agnas gol. Nueva Concha, p. Fernandez900 caballos leña.;;San Francisco;;;gol.;1880_02_24;Teja;;
;;N/A:  | N/A: ;;;Go!;p.;;;;;"De Baracoa gol. Dolorita, p. Go!: 80 booyes azóɔsr; 3) id miels4uarterolas ii.";;Dolorita;;;gol.;1880_02_25;Baracoa;;
;;N/A: ;;;Febrer;p.;;;;;De San a Maria gol Josefa, p. Febrer: :00 sacos oarbon.;;Josefa;;;gol;1880_02_25;San a Maria;;
;;N/A:  | N/A:  | N/A: ;;;Enseñat;p.;;;;;De Carloras gol. Tros Teresas, p. Enseñat: 150 bo coyes azńcar, 200 pacos y 200 cajas idom;;Tros Teresas;;;gol.;1880_02_25;Carloras;;
;;N/A:  | N/A: ;;;Bono;p.;;;;;"De Mataura? gol. Ignacita, p. Bono:; 336 cajas y 35 boroves azúcar.";;Ignacita;;;gol.;1880_02_25;Mataura?;;
;;N/A: ;;;Cartell;p.;;;;;De Cárdenas gol. Anita, p. Cartell: 250 botoyes azúcar;;Anita;;;gol.;1880_02_25;Cárdenas;;
;;N/A:  | N/A:  | N/A:  | N/A:  | N/A: ;;;Rodriguez;p.;;;;;De Malas Aguas gol. Brillante, p. Rodriguez: 201 atravesaños, 286 yaras maderas, 25 samas carreta, 8 0 caballarlas leña y 131 sacos carbon.;;Brillante;;;gol.;1880_02_25;Malas Aguas;;
;;N/A: ;;;Bosch-180;pat:;;;;;De Cárdenas gol: Juanita pat: Bosch-180 boooyes, ardCAT.;;Juanita;;;gol:;1880_02_26;Cárdenas;;
;;N/A: ;;;Dardet;pat.;;;;;De Cardenas goleta Rosita pat: Dardet-170 bocores &zdopr.;;Rosita;;;goleta;1880_02_26;Cardenas;;
;;N/A:  | N/A: ;;;Viszquerra;p.;;;;;De Matanzas g. Amalla p: Viszquerra-281 becoyes azúcar. . De Cabañas goleta Caballo Merino, patron Lopes-510 cujas, 9 bocoyes szúcar.;;Amalla;;;g.;1880_02_26;Matanzas;;
;;N/A:  | N/A:  | N/A: ;;;Sto. Domingo;patron;;;;;De Carahatae grieta Teresita, patron Sto. Domingo725 sacos, 100 bocoyes azdnar y efectos;;Teresita;;;grieta;1880_02_26;Carahatae;;
;;N/A: ;;;Herrera-70;pat.;;;;;De Cárdenas g: Mercedita, pat: Herrera-70 boobyes azúcar.;;Mercedita;;;g:;1880_02_26;Cárdenas;;
;;N/A: ;;;Aberasturl;cap:;;;;;De Sagua la Grando vap: Federico cap: Aberasturl 250 Locoyes azúcar.;;Federico;;;vap:;1880_02_26;Sagua la Grando;;
;;N/A: ;;;Otero;p.;;;;;De la Teja goleta San Francisco p: Otero-1200 B008 carbon.;;San Francisco;;;goleta;1880_02_27;Teja;;
;;N/A: ;;;Guinart;pat.;;;;;De la Teja goleta Júcaro patron Guinart-840 sacos carbon.;;Júcaro;;;goleta;1880_02_27;Teja;;
;;N/A: ;;;Martines-32;p:;;;;;De Banes g: Cecilla Manuela p: Martines-32 boceyes azúcar.;;Cecilla Manuela;;;g:;1880_02_27;Banes;;
;;N/A: ;;;San Fiel-900;patrón;;;;;De la Teja goleta Prieta patron San Fiel-900 saOOS carbon.;;Prieta;;;goleta;1880_02_27;la Teja;;
;;N/A:  | N/A: ;;;Carbonell;p.;;;;;De Matanzas g. Elvira p. Carbonell--166 bocoyes achcar y 0 lfos Racos vacion.;;Elvira;;;g.;1880_02_27;Matanzas;;
;;N/A:  | N/A:  | N/A: ;;;Alemañy;p.;;;;;De Sierra Morenpg Jóven Pilar p: Alemañy-896 sacos, 55 boroves ardour.;;Jóven Pilar;;;;1880_02_27;Sierra Morenpg;;
;;N/A:  | N/A: ;;;Cuevas;p:;;;;;De Cárdenas g: Angelita p: Cuevas-170 cajas y 120 bocoyos azúcar.;;Angelita;;;g:;1880_02_27;Cárdenas;;
;;N/A: ;;;Vich;p.;;;;;De Cabañas g. Ntra. Sra. de la Caridad p. Vich–580 sacos azúcar.;;Ntra. Sra. de la Caridad;;;g.;1880_02_27;Cabañas;;
;;N/A:  | N/A: ;;;;p.;;;;;De Canasi g. Flor de Cárdenas p: Calamar-75 boooyes azúcar y 30 bocoses miel.;;Flor de Cárdenas;;;g.;1880_02_27;Canasi;;
;;N/A:  | N/A: ;;;Jeres-190;p:;;;;;De Blerra Morena g: Anita p: Jeres-190 sacos y 47 boCoves astcar.;;Anita;;;g:;1880_02_27;Blerra;;
;;N/A:  | N/A:  | N/A:  | N/A: ;;;Gamus;cap.;;;;;De Sagua vapor Cuba cap. Gamus-75 sacos mais, 15 orjas coñao, 1 saco cacao y efectos.;;Cuba;;;vapor;1880_02_27;Sagua;;
;;N/A:  | N/A:  | N/A: ;;;Mazoni;patrón;;;;;De Mantua goleta Maria patron Mazoni, 100 sacos carbon 60 juegos carreta 40 yugos.;;Maria;;;goleta;1880_02_28;Mantua;;
;;N/A:  | N/A:  | N/A:  | N/A: ;;;Alomans;pat.;;;;;De Sierra Morena goleta Almansa patron Alomans, 570 earos, 198 cajas, 42 bocoyes azúcar.;;Almansa;;;goleta;1880_02_28;Sierra Morena;;
;;N/A:  | N/A:  | N/A: ;;;Arooha;patrón;;;;;De Baracoa goleta Bonifacia patron Arooha, 12 bocoyes azúcar, 30 idem miel 3.tercorolas miel abeja.;;Bonifacia;;;goleta;1880_02_28;Baracoa;;
;;N/A: ;;;Mall;patrón;;;;;De Mariel goleta Clio patron Mall, 200 boooyes azúcar.;;Clio;;;goleta;1880_02_28;Mariel;;
;;N/A: ;;;Lopez;patrón;;;;;De Dominica goleta Domiuica patron Lopez, 80 boco. yes azúcar.;;Domiuica;;;goleta;1880_02_28;Dominica;;
;;N/A: ;;;Pofol;patrón;;;;;De Dominica goleta San José patron Pofol, 50 bocoyos azúcar.;;San José;;;goleta;1880_02_28;Dominica;;
;;N/A:  | N/A:  | N/A: ;;;Subirat;pat.;;;;;De Pta. San Juan goleta Pte. de Moron patron Subirat, 103 palos, 100 oaballos leha, 60 arrobas bera;;Pte. de Moron;;;goleta;1880_02_28;Pta. San Juan;;
;;N/A: ;;;Estoban;p.;;;;;De la Teja goleta Das Sofiis, p. Estoban, 1,200 sacos carbon.;;Das Sofiis;;;goleta;1880_02_29;Teja;;
;;N/A:  | N/A:  | N/A: ;;;Calafell;p.;;;;;De Matanzas geleta Dos Hermanas, p. Calafell, 172 bocosis azúcar, 123 tercios tabaco y ofectos.;;Dos Hermanas;;;geleta;1880_02_29;Matanzas;;
;;N/A: ;;;Manuele;p.;;;;;De Baracca gol. Cecilia Manuele, p. Martinez, 2 be coyes azúcar.;;Cecilia;;;gol.;1880_02_29;Baracca;;
;;N/A:  | N/A: ;;;Fernandez;p.;;;;;De la Teja gol. Altagracia, p Fernandez, 1,000 s. car. bon.;;Altagracia;;;gol.;1880_02_29;la Teja;;
;;N/A: ;;;Rojas;p.;;;;;De Baracoa gol Diez de Agosto, p. Rojas, 40 bo-0508 azúcar.;;Diez de Agosto;;;gol;1880_02_29;Baracoa;;
;;N/A: ;;;Portella;p.;;;;;De Sta. Maria gol. Neptuno, p. Portella, 600 sacos carbon.;;Neptuno;;;gol.;1880_02_29;Sta. Maria;;
;;N/A:  | N/A: ;;;Jofre;cap.;;;;;De Cárdenas vap. Soler, cap. Jofre, 200 bo:0503 aznear, 60 pp. aguardiente.;;Soler;;;vap.;1880_02_29;Cárdenas;;
;;N/A:  | N/A:  | N/A:  | N/A: ;;;Jofre;cap.;;;;;De Cárdenas vap. Soler, cap. Jofre, 160 bocoyes' asúear, 110 pp. aguardiente, 4 fardos suela y efectos.;;Soler;;;vap.;1880_03_02;Cárdenas;;
;;N/A: ;;;Boca;patrón;;;;;"De Tejs goleta Gallego; patron Boca: 800 anos carbon.";;Gallego;;;goleta;1880_03_02;Tejs;;
;;N/A: ;;;Pajés;pat.;;;;;De Tea goleta 2 Rosa, patron Pajés: 100 sacos carbon.;;Rosa;;;goleta;1880_03_02;Tea;;
;;N/A:  | N/A: ;;;Rojas;patrón;;;;;De Teja goleta Castilla, patron Rojas: 54 bocoyes, 250 BACOS azúcar.;;Castilla;;;goleta;1880_03_02;Teja;;
;;N/A:  | N/A: ;;;Bosch;pat.;;;;;De Cárdenas gol: Juanita pat: Bosch-150 bocoƑes, azúcar..;;Juanita;;;gol:;1880_03_02;Cárdenas;;
;;N/A:  | N/A:  | N/A: ;;;Ponte;pat:;;;;;De Nuevitas gol: Emilla pat: Ponte: 400 caballos luña, 68600 tiviales y efectos.;;Emilla;;;gol:;1880_03_02;Nuevitas;;
;;N/A: ;;;Bonet;p:;;;;;De Matanzas g: Ignacita. p: Bonet: 130 beooyes aazúoar.;;Ignacita.;;;g:;1880_03_02;Matanzas;;
;;N/A:  | N/A:  | N/A: ;;;Enseñat;p.;;;;;De Cárdenas gol. Tres Teresas, p. Enseñat: 150 bocoyes y 10 cajas azúcar, un movillario.;;Tres Teresas;;;gol.;1880_03_02;Cárdenas;;
;;N/A: ;;;Colomar;p.;;;;;De Canasi gol: Flor de Cárdenas, p: Colomar: 185 bocoyes sancar;;Flor de Cárdenas;;;gol:;1880_03_02;Canasi;;
;;N/A: ;;;Suares;p.;;;;;De Sierra Morena gol: Ignacia Aleman, p: Suares: 180 82008 y 70 booyes ainoar;;Ignacia Aleman;;;gol.;1880_03_02;Sierra Morena;;
;;N/A: ;;;Pajol;p.;;;;;De Jaruco g. Golondrina, p. Pajol-100 caballos leña yectos.;;Golondrina;;;g.;1880_03_03;Jaruco;;
;;N/A: ;;;Moner-1000;p.;;;;;De la Teja g. Soña, p. Moner-1000 s. carbon;;Soña;;;g.;1880_03_03;la Teja;;
;;N/A: ;;;Garriga-24;p.;;;;;De Jaimanitas g. Jóven Salvador, p. Garriga-24 bo Doves azus II;;Jóven Salvador;;;g.;1880_03_03;Jaimanitas;;
;;N/A:  | N/A: ;;;;p.;;;;;De Sierra Morena g. Teresita, p: Villalonga-300 sacos Darhon y 300 varas madera;;Teresita;;;g.;1880_03_03;Sierra Morena;;
;;N/A: ;;;Pujol;pat.;;;;;De Santa Lucia gol. Carmita patron Pujol, 151 caj. azuar.;;Carmita;;;gol.;1880_03_04;Santa Lucia;;
;;N/A: ;;;Gll;pat.;;;;;De Banes gol. Nueva Esperanza, patron Gll 41 tocoyear.;;Nueva Esperanza;;;gol.;1880_03_04;Banes;;
;;N/A: ;;;Arochs;patron;;;;;De Bacoa gel: Bonifacia, patron Arochs, 72 bocoses A 41.;;Bonifacia;;;gel:;1880_03_04;Bacoa;;
;;;;;;;;;;;De Bahia Honda varor Ealifa Honda can;;Ealifa Honda;;;can;1880_03_05;Bahia Honda;;
;;N/A:  | N/A: ;;;Jofre-270;cap.;;;;;De Cárdenas rapor Soler cap. Jofre-270 beonpes szácar. fardos suela,;;Soler;;;rapor;1880_03_05;Cárdenas;;
;;N/A:  | N/A: ;;;Gabica-80;cap.;;;;;De Calbarlen vapor Alava cap. Gabica-80 1passguardiente, 727' tercios de tabaco y efectos.;;Alava;;;vapor;1880_03_05;Calbarlen;;
;;N/A:  | N/A:  | N/A:  | N/A:  | N/A: ;;;Dans;;;;;;De Sagua Josefa Coruñesa p. Dans-700 sacos carbon, 100 atravessos,,50 caballos lena, 50 estaoes.;;Josefa Coruñesa;;;p.;1880_03_05;Sagua;;
;;N/A: ;;;Entrich-111;p.;;;;;De Rio Blanco g Ireni'a p. Entrich-111 pistas caoba 20 estacas.;;Ireni'a;;;g;1880_03_05;Rio Blanco;;
;;N/A:  | N/A:  | N/A:  | N/A: ;;;Gamuza-8;cap.;;;;;De Sagoa vapor Sagua cap Gamuza-8 torcion tabaco 1 cedros 10 barriles ostlones 100 docenas esponjas.;;Sagua;;;vapor;1880_03_06;Sagoa;;
;;N/A: ;;;Martinez;p.;;;;;De Banes g. Cecilia Manuela p. Martinez-32 bocoses azúcar.;;Cecilia Manuela;;;g.;1880_03_06;Banes;;
;;N/A: ;;;Coll-183;p.;;;;;De Baracoa g. Dolorita p. Coll-183 o. azúcar 23 bocoyo mascabado.;;Dolorita;;;g.;1880_03_06;Baracoa;;
;;N/A:  | N/A: ;;;;p.;;;;;De Matanzas g. Dos Hermanas p. Calafell-359 o. 90 bocoyes azúcar y efectos.;;Dos Hermanas;;;g.;1880_03_06;Matanzas;;
;;N/A:  | N/A:  | N/A: ;;;Mall;patrón;;;;;De Mariel goleta Maria Magdalena, patron Mall: 18 beooses, 40 onarterolas miel, 25 bocoyes ardoar;;Maria Magdalena;;;goleta;1880_03_07;Mariel;;
;;N/A:  | N/A: ;;;Alomaly;pat.;;;;;De Sierra Morens gol. Jóven Pilar, patron Alomaly: 910 sacos y 1% cajas asticar;;Jóven Pilar;;;gol.;1880_03_07;Sierra Morens;;
Día 15:;;N/A:  | N/A: ;;;Jnan;pat.;;;;;De Cabana bal nuro Rosita, patron Jnan: 15° ascos ascar, 20 pipas aguardiento;;Rosita;;;bal;1880_03_07;Cabana;;
;;N/A:  | N/A:  | N/A:  | N/A: ;;;Juan;pat.;;;;;De Cárdenas goleta Nueva Rosits. patron Juan: 16 bocoyes, 177 savos, 7 cajas y 1 estucho asdoor;;Nueva Rosits;;;goleta;1880_03_07;Cárdenas;;
;;N/A:  | N/A: ;;;;p.;;;;;"De Ortigosa g. Bahia Honda p."" Cova-444 cajas 57 bocoves a usar,";;Bahia Honda;;;g.;1880_03_09;Ortigosa;;
;;N/A:  | N/A:  | N/A: ;;;Jofre;cap.;;;;;De Cárdenas vapor Soler capitan Jofre-250 (bocores azúcar 97 pipas aguardiente 20 tercios tabaco y efeotos.;;Soler;;;vapor;1880_03_09;Cárdenas;;
;;N/A: ;;;Pujol;patrón;;;;;De Baracoa goleta San José patron Pujol-400 sacos cal.;;San José;;;goleta;1880_03_09;Baracoa;;
;;N/A:  | N/A:  | N/A:  | N/A: ;;;Alemany;pat.;;;;;De Sierra Morena galeta Almansa patron Alemany860 sacos 49 bocoyes 32 cajas azúcar 2 garrafones aguardiente;;Almansa;;;galeta;1880_03_09;Sierra Morena;;
;;N/A: ;;;Bernasa;p.;;;;;De Mantna g. Dos Hermanas p. Bernasa 800 sacos' carbon.;;Dos Hermanas;;;g.;1880_03_09;Mantna;;
;;N/A: ;;;Colomar;pa'ron;;;;;De Canasi goleta Sabas pa'ron Colomar-100 bocoges miel.;;Sabas;;;goleta;1880_03_09;Canasi;;
;;N/A:  | N/A: ;;;Masip-333;patrón;;;;;De Santa Cruz goleta Rosa Marisa patron Masip-333 fanogas maiz 100 sacos idem 12 marquetas cera.;;Rosa Marisa;;;goleta;1880_03_09;Santa Cruz;;
;;N/A: ;;;Orbay;p.;;;;;De Malata g. Pte. de Nuevitas) p. (Orbay-700 SACOS carbon.;;Pte. de Nuevitas;;;g.;1880_03_09;Malata;;
;;N/A: ;;;Arocha;pat.;;;;;De Cabañas goleta Conchita, patron Arocha, 630 aaCox azdoar.;;Conchita;;;goleta;1880_03_10;Cabañas;;
;;N/A: ;;;Gisper;pat.;;;;;De la Teja leta Carlota, patron Gisper, 1100 a. do carbon.;;Carlota;;;leta;1880_03_10;Teja;;
;;N/A: ;;;Cell;pat.;;;;;De Barasoa goleta Dolorits, patron Cell, 72 bos. azúсаг.;;Dolorits;;;goleta;1880_03_10;Barasoa;;
;;N/A: ;;;Bosch;pat.;;;;;De Cárdenas goleta Juanita, patron Bosch, 10 bocoyes azúcar.;;Juanita;;;goleta;1880_03_10;Cárdenas;;
;;N/A: ;;;Grandal;pat.;;;;;De Babes goleta José Manuel, patron Grandal, 6000 Jadrillos.;;José Manuel;;;goleta;1880_03_10;Babes;;
;;N/A:  | N/A:  | N/A: ;;;Liso;pat.;;;;;De Canssi goleta Correo de Canasi, patron Liso. 36 boco es mio), 46 id azúcar y efectos.;;Correo de Canasi;;;goleta;1880_03_10;Canssi;;
;;N/A:  | N/A:  | N/A: ;;;Pujol;patrón;;;;;De Jarno goleti Golapprica, patron Pujol, 260 sacos azúcar, 50 id maiz y 2 cerdoa.;;Golapprica;;;goleti;1880_03_10;Jarno;;
;;N/A: ;;;Arocha;p.;;;;;De Baracoa g. Bonifacia p: Arocha-72 bocoyes azúcar.;;Bonifacia;;;g.;1880_03_11;Baracoa;;
;;N/A: ;;;Lopez;p.;;;;;De Dominica g. Dominica p. Lopez-60 bocoyes aidcar.;;Dominica;;;g.;1880_03_11;Dominica;;
;;N/A: ;;;Easich-300;p.;;;;;De Berracos g. 2 Maria p. Easich-300 atravesaños 200 varas maderas.;;2 Maria;;;g.;1880_03_11;Berracos;;
;;N/A: ;;;Martinez;p.;;;;;De Banes g. Cooilia Manuela p. Martinez-32 bocores azúcar.;;Cooilia Manuela;;;g.;1880_03_11;Banes;;
;;N/A: ;;;Colomar;p.;;;;;De Sagua g. Providencia p. Colomar-1800 sacos carbon.;;Providencia;;;g.;1880_03_11;Sagua;;
;;N/A: ;;;Vich-8'0;p.;;;;;De Cabañas g. N. Sra. do la Carldad p. Vich-8'0 sacoa 20 bocoyos azúcar.;;N. Sra. do la Carldad;;;g.;1880_03_11;Cabañas;;
;;N/A: ;;;Colomar-103;p.;;;;;De Canasi g: Flor de Cárdenas p. Colomar-103 bocoJea azucar.;;Flor de Cárdenas;;;g:;1880_03_11;Canasi;;
;;N/A:  | N/A:  | N/A: ;;;Bonet-212;patron;;;;;De Matanzas g. Ignacita patron Bonet-212 bocores azhcar y efectos.;;Ignacita;;;g.;1880_03_11;Matanzas;;
;;N/A: ;;;Herrera;p.;;;;;De Cárdenas g. Mercedita p. Herrera-120 bocoyes azúar.;;Mercedita;;;g.;1880_03_11;Cárdenas;;
;;N/A: ;;;Herrera;patron;;;;;De Cárdenas g. Mercedits patron Herrera, 130 bocoses;;Mercedits;;;g.;1880_03_12;Cárdenas;;
;;N/A: ;;;Alemany;pat.;;;;;De Mata Maria patron Alemany-228 bocores azúcar;;Maria;;;;1880_03_12;Mata;;
;;N/A:  | N/A: ;;;Cuevas;patron;;;;;De Cárdenas g. Angelita patron Cuevas-130 bocorca, 150 crias azn war.;;Angelita;;;g.;1880_03_12;Cárdenas;;
;;N/A: ;;;Suarez;pat.;;;;;De Sierra Moroaag Ignacia Aleman patron Suarez -88 lineoyea, 217 aucos azúcar.;;Ignacia Aleman;;;;1880_03_12;Sierra Moroaag;;
Día 10:;;N/A: ;;;Cabres;patron;;;;;De Sieria Morena g. Union patron Cabres-10: boco36 150 esja azúcar...;;Union;;;g.;1880_03_12;Sieria;;
;;N/A:  | N/A:  | N/A:  | N/A: ;;;Vizqaorra;patron;;;;;De Cabañas g. Paquita ☐ patron Vizqaorra-350 8acon, 20 crjus, 90 boco, es azúcar.;;Paquita;;;g.;1880_03_12;Cabañas;;
;;N/A:  | N/A: ;;;Deulofen;pat.;;;;;De Cabañas Ntra. Sra. del Cirman patron Deulofen-360 auto. 40 bocosea azúcar, 3 pipas  aguardiente .;;Deulofen-360;;;auto.;1880_03_12;Cabañas Ntra. Sra. del Cirman;;
;;N/A: ;;;Acuña;pat.;;;;;De id. g. Nuevo Pepe patron Acuña-2.00 sacos carbon.;;Nuevo Pepe;;;g.;1880_03_12;id. g.;;
;;N/A: ;;;Benejar;patron;;;;;De Mintaa g. Lince patron Benejar- 600 caballos left.;;Lince;;;g.;1880_03_12;Mintaa;;
;;N/A:  | N/A:  | N/A: ;;;Jofré;cap.;;;;;De Cárdenas vapor Soler, capitan Jofré, 200 bocoyes azúcar, 40 pipas aguardiente, 23 fards suela y efeotos. De Playa de San Juan g. Segunda İsabël, p. Tomás, 600 atravesaños.;;Soler;;;vapor;1880_03_13;Cárdenas;;
;;N/A: ;;;Lino;p.;;;;;De Canasi g. Correo do Canast. p. Lino, 76 bocoyes azucar.;;Correo;;;g.;1880_03_13;Canasi;;
;;N/A: ;;;Estóban;pat.;;;;;De la Teja goleta Vicenta, patron Estóban, 19:0 sacos carbon.;;Vicenta;;;goleta;1880_03_13;la Teja;;
;;N/A:  | N/A:  | N/A: ;;;Valent;p.;;;;;De Cárdenas g. Marís del Cármen, p. Valent, 400 sacos 300 cajas y 50 boos. azñoar.;;Marís del Cármen;;;g.;1880_03_13;Cárdenas;;
;;N/A:  | N/A: ;;;Carbonell;pat.;;;;;De Matanzas g. Elvira, pat. Carbonell, 150 bocs. azúcar. 70 bars. alquitran,.;;Elvira;;;g.;1880_03_13;Matanzas;;
;;N/A: ;;;Juan;pat.;;;;;De Cabañas balandro Rosita, patron Juan, 60 tarcorolas miel. Del Mariel goleta Altagracia, p. Perez, 60 boca. azi. car, 60 id miel y 150 terolos tabaco;;Rosita;;;balandro;1880_03_13;Cabañas;;
Día null:;;N/A:  | N/A:  | N/A: ;;;Aroch's;p.;;;;;De Cabañas g. Conchita, p. Aroch's, 350 sacos azúcar, 60 cuartls. y 11 becs. miel:;;Conchita;;;g.;1880_03_13;Cabañas;;
;;N/A: ;;;Vazquez;pat.;;;;;De Sagua goleta Rosita, patron Vazquez, 1000 cacos carbon.;;Rosita;;;goleta;1880_03_13;Sagua;;
;;N/A:  | N/A: ;;;Riobo;p.;;;;;De Carahatas golete Tres Hermanas, p. Riobo, 1200 sacos azúcar y efectos.;;Tres Hermanas;;;golete;1880_03_13;Carahatas;;
;;N/A: ;;;Macip;pat.;;;;;De Santa Cruz goleta Rosa María, patron Macip, 103 bocoyes azúcar.;;Rosa María;;;goleta;1880_03_13;Santa Cruz;;
;;N/A:  | N/A:  | N/A: ;;;Pavia;p.;;;;;De Cárdenas g. General Ja Mfer, p. Pavia, 76 bocoyes azúcar, 12 pacas trapos y efectos.;;General Ja Mfer;;;g.;1880_03_13;Cárdenas;;
;;N/A:  | N/A:  | N/A:  | N/A:  | N/A: ;;;Sich;cap.;;;;;De Cuba vap. Asi'es cap Sich-08 tercios tabaco, 15 barrio, 1 barriles café, 6 sicos, 500 tabacos torcidos yefa ta;;Asi'es;;;vap.;1880_03_14;Cuba;;
;;N/A:  | N/A: ;;;Jovre;patroa;;;;;De Teja g. Dos Amigos patroa Jovre-100 bocores &2únar.;;Dos Amigos;;;g.;1880_03_14;Teja;;
;;N/A:  | N/A: ;;;Pons-16;pat.;;;;;De Matanz sg. Desempeño patron Pons-16 pipas aguardente, 30 ens. erro.;;Desempeño;;;sg.;1880_03_14;Matanz;;
;;N/A:  | N/A: ;;;Pajal;pat.;;;;;De Jarneg. Golandrina patron Pajal-10 bocores, 2'0 ENCOR azúcar;;Golandrina;;;gol.;1880_03_14;Jarneg;;
;;N/A:  | N/A: ;;;;Lopez-230;;;;;De Cabañas Cabello Marino patron Lopez-230 saco. 40) crj, 1 bocores azúar.;;patron;;;Cabello Marino;1880_03_14;Cabañas;;
;;N/A:  | N/A: ;;;Cartel;patron;;;;;De Cárdenas g Abits patron Cartel'-250 bocages 8zar.;;Abits;;;g;1880_03_14;Cárdenas;;
;;N/A:  | N/A: ;;;Piñeyro;patron;;;;;De Cárdenas g. Cármen patron Piñeyro-150 locoyes azúcar. . De Mintus g. Isabelita patron Errer-1500 sacos carYan.;;Cármen;;;g.;1880_03_14;Cárdenas;;
;;N/A: ;;;Salvat-96;patron;;;;;De Sierra Morona g. Aguatina patron Salvat-96 boco es azúcas.;;Aguatina;;;g.;1880_03_14;Sierra Morona;;
;;N/A:  | N/A:  | N/A: ;;;Zaragoza;patron;;;;;De Cardonas g. Isla de Cuba patron Zaragoza-140 becoves 150 raj19 azúcar y efectos.;;Isla de Cuba;;;g.;1880_03_14;Cardonas;;
;;N/A: ;;;Martinez;patron;;;;;De Bracca Cocilia Manuela patron Martinez-32 bocopes azúcar.;;Cocilia Manuela;;;;1880_03_14;Bracca;;
;;N/A:  | N/A:  | N/A:  | N/A: ;;;Gabica;cap.;;;;;De Calbarlen vap. Alava, cap. Gabica: 587 terolos ta baco, tercerolas miel parga y efectos.;;Alava;;;vap.;1880_03_16;Calbarlen;;
;;N/A: ;;;Pellleer;p.;;;;;De Matanzas gol. Emilio, p. Pellleer: 255 bocoyes Azú car;;Emilio;;;gol.;1880_03_16;Matanzas;;
Día 14:;;N/A:  | N/A: ;;;Zaragoza;p.;;;;;De idem g. Paz, p. Zaragoza: 14 pipas aguardiente, 3) toneladas hierro;;Paz;;;g.;1880_03_16;idem;;
;;N/A:  | N/A: ;;;Bonet;patron;;;;;De idem g. Ignacits, patron Bonet: 200 cajas y 80 boooyes azúcar;;Ignacits;;;g.;1880_03_16;idem;;
;;N/A:  | N/A:  | N/A: ;;;Alemañy;p.;;;;;De Sierra Morena g. Jóven Pilar, p. Alemañy: 614 8aCon y 77 bocoyos astoar;;Jóven Pilar;;;g.;1880_03_16;Sierra Morena;;
;;N/A:  | N/A: ;;;Alemañy;p.;;;;;De Cárdenas g. Maria Teresa, p. Alemañy: 100 cajas y EO bocoyes azúcar;;Maria Teresa;;;g.;1880_03_16;Cárdenas;;
;;N/A:  | N/A:  | N/A: ;;;Tortell;p.;;;;;De idem g. Victoria, p. Tortell, 600 sacos y 250 cajas azúcar de idem geleta Rosita, p. Dardet: 175 bocoyes azucar;;Victoria;;;g.;1880_03_16;idem;;
;;N/A:  | N/A: ;;;Valent;p.;;;;;"De idem. Araucana, p. Valent; 200 cajas y 80 bocoyes azúcar";;Araucana;;;p.;1880_03_16;idem;;
;;N/A:  | N/A: ;;;Monar;p.;;;;;De Sagua de Tánamo g. Pirineo, p. Monar: 200 palos rollizos y 7 tifantes;;Pirineo;;;g.;1880_03_16;Sagua de Tánamo;;
;;N/A:  | N/A:  | N/A: ;;;Inolan;p.;;;;;"De Cabañas gol. Josefa, p. Inolan; 30 boooyes, 170 onjas y 600 sacos azúcar .De Cansai gol. Babas, p. Colomar: 340 cajas azúcar";;Josefa;;;gol.;1880_03_16;Cabañas;;
;;N/A:  | N/A:  | N/A:  | N/A: ;;;Lledó;p:;;;;;De Gibacoa g: Vinaros, p: Lledó: 16 cocoyes astoar 4 idem miel y fanegas maiz;;Vinaros;;;g:;1880_03_16;Gibacoa;;
;;N/A:  | N/A: ;;;Perez;patron;;;;;"De Mariel gol: Justion, patron Perez; 30 boooyes asdcar y 30 pipas aguardiente";;Justion;;;gol:;1880_03_16;Mariel;;
;;N/A: ;;;Gil;p.;;;;;"De Banes goleta Nueva Esperanza, p: Gil; 40 bocoyes azúcar";;Nueva Esperanza;;;goleta;1880_03_16;Banes;;
;;N/A: ;;;Pujol;p:;;;;;De Baracoa g: San José p: Pujol: 400 sacos cal;;San José;;;g:;1880_03_16;Baracoa;;
;;N/A:  | N/A: ;;;Mall;p:;;;;;De Mariel y Cabañas g: Maria Magdalena, p: Mall: 25 boonyes astúcar y 54boooyes miel;;Maria Magdalena;;;g:;1880_03_16;Mariel y Cabañas;;
;;N/A:  | N/A: ;;;Gorrin;p:;;;;;De Bahia Honda g: Francisos, p: Gorrin: 161 bocoyes scary 30 pipas aguardiente;;Francisos;;;g:;1880_03_16;Bahia Honda;;
;;N/A:  | N/A: ;;;Macep;p.;;;;;De Santa Cruz g: Rosa Maris, p. Macep: 68 bocoyes azúcar y 48 pipas aguardiente!;;Rosa Maris;;;g:;1880_03_16;Santa Cruz;;
;;N/A: ;;;Fernandez;p.;;;;;De Banes go Nuova Conbha, p: Fernandez: 90 boooyes azucar;;Nuova Conbha;;;go;1880_03_16;Banes;;
;;N/A: ;;;Balva;p.;;;;;"De Blerra Morena gol Fgustina, p; Balva: 95 boooyes azhcar";;Fgustina;;;gol;1880_03_16;Blerra;;
;;N/A: ;;;Fernandes;p:;;;;;De Jaraco g: Jaruqueñis, p: Fernandes, 50 bocoyes azúcar;;Jaruqueñis;;;g:;1880_03_16;Jaraco;;
;;N/A:  | N/A: ;;;Viob;patrón;;;;;De Cabañas goleta Nasetra Beñora de la Caridad, patron Viob, 337 sacon y 20 boooyes azúcar.;;Nasetra Beñora de la Caridad;;;goleta;1880_03_17;Cabañas;;
;;N/A: ;;;Juan;pat.;;;;;De Cabañas balandro Rosita, patron Juan, 60 quarterolas mint.;;Rosita;;;balandro;1880_03_17;Cabañas;;
;;N/A:  | N/A: ;;;Lopez;patrón;;;;;De la Dominica goleta Dominica, patron Lopez, 30 bocoves azńcar y 211dem miel.;;Dominica;;;goleta;1880_03_17;Dominica;;
;;N/A: ;;;Otero;patrón;;;;;De la Toja goleta San Francisco, patron Otero: 1000 sacos carbon.;;San Francisco;;;goleta;1880_03_18;la Toja;;
;;N/A:  | N/A:  | N/A: ;;;Lopez;patrón;;;;;De Cobañas goleto Caballo Marino, patron Lopez: 410 salas azúcar, 250 sacos idom y 10 pipas aguardiente.;;Caballo Marino;;;goleto;1880_03_18;Cobañas;;
;;N/A: ;;;Guimar;pat.;;;;;De la Teja goleta Júcaro, patron Guimar: 803 sACOB Carbon.;;Júcaro;;;goleta;1880_03_18;Teja;;
;;N/A: ;;;Martinez;patrón;;;;;De Banes goleta Cecilia Manuela, patron Martinez: 32 bocoyes azúcar.;;Cecilia Manuela;;;goleta;1880_03_18;Banes;;
;;N/A:  | N/A:  | N/A: ;;;Piñero;patrón;;;;;De Caibarien goleta Agnila de Oro, patron Piñero: 500 atravesaños, o tercerolas miel abeja y efectos.;;Agnila de Oro;;;goleta;1880_03_18;Caibarien;;
;;N/A:  | N/A: ;;;Villalonga;pat.;;;;;De Mariel goleta Jóven Gertrádis, patron Villalonga: 138 boooyes azúcar, 9 pipas aguardiente.;;Jóven Gertrádis;;;goleta;1880_03_18;Mariel;;
;;N/A:  | N/A:  | N/A: ;;;Herrera;patrón;;;;;De Cardonas goleta Mercedita, patron Herrera: 130 boro tea aricar y 500 cortes caja y efoctos,;;Mercedita;;;goleta;1880_03_18;Cardonas;;
;;N/A: ;;;Geren;patron;;;;;De Blerra Morená göleté Anita, patron Geren 80 boCorse anticar,;;Anita;;;göleté;1880_03_18;Blerra Morená;;
;;N/A: ;;;Jofré;cap.;;;;;De Cárdenas vapor Soler, capitan Jofré, 238 boco50 azúcar.;;Soler;;;vapor;1880_03_19;Cárdenas;;
;;N/A:  | N/A: ;;;Colomar;pat.;;;;;De Canasi goleta Sabis, patron Colomar, 70 booo58s y 80 0. rzúcar;;Sabis;;;goleta;1880_03_19;Canasi;;
;;N/A: ;;;Colomar;pat.;;;;;De Canasi goleta Flor de Cárdenas, patron Colomar, 103 bocoyna azúcar.;;Flor de Cárdenas;;;goleta;1880_03_19;Canasi;;
;;N/A:  | N/A: ;;;Arocha;p.;;;;;De Bracos g Bonificia, p. Arocha, 22 bocores miel y 50 boos articar.;;Bonificia;;;g;1880_03_19;Bracos;;
;;N/A:  | N/A:  | N/A:  | N/A: ;;;Rivas;p;;;;;De Naevitia g. Dichosa, p Rivas, 300 caballos latis, 1000 sacos carbon. 75 atravesaños y efectos.;;Dichosa;;;g.;1880_03_19;Naevitia;;
;;N/A:  | N/A: ;;;Perez;patron;;;;;De Marie! golea Altagracia, patron Perez: 90 bocoyes az a, 10 pipas guardienta.;;Altagracia;;;golea;1880_03_20;Marie!;;
;;N/A: ;;;Visquerra;patrea;;;;;De Cabañas golein Paquita, patrea Visquerra. 432 caJ53 bocoyos azúcar,;;Paquita;;;golein;1880_03_20;Cabañas;;
;;;;;Orbay;patrón;;;;;De las goleta Joven Cat Hino, patron Orbay: (0);;Joven Cat Hino;;;goleta;1880_03_20;las;;
;;N/A: ;;;Lopez;patron;;;;;De Dominica g. Dominica patron Lopez, 60 bocoyes azúcar.;;Dominica;;;g.;1880_03_21;Dominica;;
;;N/A:  | N/A:  | N/A: ;;;Call;patron;;;;;De Baracoa g. Dolorita patron Call, 96 cajas, 31 bocoyes azúcar. 15 bocoves miol.;;Dolorita;;;g.;1880_03_21;Baracoa;;
;;N/A:  | N/A:  | N/A: ;;;Inclan;patron;;;;;De Cabañas g. Josefa patron Inclan, 400 sacos, 43 bocoves, 150 cajas azúcar y efectos..;;Josefa;;;g.;1880_03_21;Cabañas;;
;;N/A: ;;;Juan;patron;;;;;De Cabañas bdro. Rosita patron Juan, 60 cuarterolas miel.;;Rosita;;;bdro.;1880_03_21;Cabañas;;
;;N/A: ;;;Bosch;patron;;;;;De Cárdenas g. Juanita patron Bosch, 150 bocores azucar.;;Juanita;;;g.;1880_03_21;Cárdenas;;
;;N/A:  | N/A:  | N/A:  | N/A: ;;;Carrera;cap.;;;;;De Cuba vap. Cuba cap. Carrera, 3 cajas (muebles, 150 asjas jabon, & garrafones ginebra y efectos.;;Cuba;;;vap.;1880_03_21;Cuba;;
;;N/A:  | N/A: ;;;Perez;pat.;;;;;De Mariel gol. Altagracia, patron Perez: 400 terolos tabaco. 30 bocoves azúcar.;;Altagracia;;;gol.;1880_03_23;Mariel;;
;;N/A: ;;;Moner;patrón;;;;;De id. gol. Sofla, patron Moner: 1000 sacos carbon.;;Sofla;;;gol.;1880_03_23;id.;;
Día 02:;;N/A: ;;;Pajés;pat.;;;;;De Sagua, gol. 2: Rosa, pat. Pajés: 1008 sacos carbon.;;Rosa;;;gol.;1880_03_23;Sagua;;
;;N/A:  | N/A: ;;;Calres;pat.;;;;;"Do S. Morena gol. Union, pat. Calres; 394 ascos, 114 bocoyes azúcar.";;Union;;;gol.;1880_03_23;S. Morena;;
;;N/A:  | N/A:  | N/A:  | N/A: ;;;Enseñat;pat.;;;;;"De Cárdenas gol. Très Teresas, pat. Enseñat; 130 bocoves, 150 cajas azúcar, 300 cortes caias y efectos.";;Très Teresas;;;gol.;1880_03_23;Cárdenas;;
;;N/A:  | N/A:  | N/A: ;;;Suarez;pat.;;;;;"De S. Morena gol. Ignaola Aleman, pat. Suarez; 394 Bacoa 70 hocoyes y efectos.";;Ignaola Aleman;;;gol.;1880_03_23;S. Morena;;
;;N/A:  | N/A: ;;;Ferrer;pat.;;;;;"De S. Morena gol dos Isabeles, pat. Ferrer; 100 palos madera y 20 ar. cera";;dos Isabeles;;;gol;1880_03_23;S. Morena;;
;;N/A: ;;;Pellicer;pat.;;;;;De Matanzas goleta Emilio, pat. Pellicer: 250 bocoyes azficar;;Emilio;;;goleta;1880_03_23;Matanzas;;
;;N/A: ;;;Jofre;pat.;;;;;"De Teja gol. Dos Amigas, patron Jofre; 100 bocores azúcar.";;Dos Amigas;;;gol.;1880_03_23;Teja;;
;;N/A:  | N/A: ;;;Tortell;pat.;;;;;"De Cárdenas gol. Victoria, pat. Tortell; 103 bocoyes y 300 sacos azúcar.";;Victoria;;;gol.;1880_03_23;Cárdenas;;
;;N/A: ;;;Visquerra;pat.;;;;;"De Matanzas gol. Amalia, pat. Visquerra; 47 bocores aznoar.";;Amalia;;;gol.;1880_03_23;Matanzas;;
;;N/A: ;;;Hernandez;pat.;;;;;"De Morrillo gol. Félix, patron Hernandez; 54 bocoyes aznoar.";;Félix;;;gol.;1880_03_23;Morrillo;;
;;N/A: ;;;Gorrio;pat.;;;;;"De Bahia Honda gol. Francisca, pat. Gorrio; 187 boooses azúcar.";;Francisca;;;gol.;1880_03_23;Bahia Honda;;
;;N/A:  | N/A: ;;;Juan;pat.;;;;;"De Cárdenas gol. Nueva Rosita, pat. Juan; 100 boooJes y 200 sacos azúcar.";;Nueva Rosita;;;gol.;1880_03_23;Cárdenas;;
;;N/A:  | N/A:  | N/A: ;;;Bonet;pat.;;;;;"De Matanzas gol. Ignacita, pat. Bonet; 300 o., 16. boceyes y efectos..";;Ignacita;;;gol.;1880_03_23;Matanzas;;
;;N/A:  | N/A:  | N/A: ;;;Lledo;pat.;;;;;"De Gibacoa gol. Vinarós, pat. Lledo; 90 anegas mais, 9 tercerolas miel y efectos.";;Vinarós;;;gol.;1880_03_23;Gibacoa;;
Día XX:;;N/A: ;;;Oolomar;pat.;;;;;De Canasi gol. Flor de Cárdenas, pat. Oolomar: 105 bocoyes azúcar.;;Flor de Cárdenas;;;gol.;1880_03_23;Canasi;;
;;N/A:  | N/A: ;;;Valent;pat.;;;;;"De Cárdenas gol. A rancana, pat. Valent; 300 cajas y 30 bocores azúcar.";;A rancana;;;gol.;1880_03_23;Cárdenas;;
;;N/A: ;;;Dardet;pat.;;;;;"De Cárdenas gol. Rosita, patron Dardet; 175 boooyes azúcar.";;Rosita;;;gol.;1880_03_23;Cárdenas;;
;;N/A: ;;;Alemany;pat.;;;;;"Da S. Morena gol. Matilds, pat. Alemany; 100 bocoyes azúcar.";;Matilds;;;gol.;1880_03_23;S. Morena;;
Día null:;;N/A: ;;;Moll;pat.;;;;;De Mariel gol. María Magdalena, pat. Moll: 85 bocoyes azúcar.;;María Magdalena;;;gol.;1880_03_23;Mariel;;
;;N/A:  | N/A: ;;;Sanchez;pat.;;;;;"De Jaruco gol. Jaruqueña, pat. Sanchez; 8000 ladrillos y efectos.";;Jaruqueña;;;gol.;1880_03_23;Jaruco;;
;;N/A: ;;;Jay;pat.;;;;;De S. Morena gol. Tres Hermanas, pat. Jay: 800 sacos carbon.;;Tres Hermanas;;;gol.;1880_03_23;S. Morena;;
Día XX:;;N/A: ;;;Félix;pat.;;;;;De Dimas gol. Dolores, pat. Félix: 600 osoos algodon.;;Dolores;;;gol.;1880_03_23;Dimas;;
;;N/A: ;;;Almansa;pat.;;;;;"De Teja gol. Dos Soffai, pat. Almansa; 1000 sacos carbon.";;Dos Soffai;;;gol.;1880_03_23;Teja;;
;;N/A:  | N/A: ;;;Arocha;pat.;;;;;"De Baracoa gol Bonificia, pat. Arocha; con 27 boco 508 azúcar.";;Bonificia;;;gol;1880_03_24;Baracoa;;
;;N/A: ;;;Viob;pat.;;;;;"Do Cabañas go. Ntra. Sra de la Caridad, pat. Viob; con 164 sacos azúcar.";;Ntra. Sra de la Caridad;;;go.;1880_03_24;Cabañas;;
;;N/A: ;;;Richat;pat.;;;;;"Do Taja gol. Magdalena, pat. Richat; con 8000 sacos c-bon.";;Magdalena;;;gol.;1880_03_24;Taja;;
;;N/A: ;;;Cortoll;pat.;;;;;"De Cárdenas gol. Anita, pat. Cortoll; con 230 toroyes azúcar.";;Anita;;;gol.;1880_03_24;Cárdenas;;
;;N/A: ;;;Nora;pat.;;;;;"De Morrillo gol. Britania, pat. Nora; con 80 bocoses azúcar.";;Britania;;;gol.;1880_03_24;Morrillo;;
;;N/A:  | N/A:  | N/A: ;;;Jofro;cap.;;;;;"D+ Cárdenas vap. Soler, cap. Jofro; con 850 bocoyes azúcar. 15 fardoa suela y efe. tos.";;Soler;;;vap.;1880_03_24;Cárdenas;;
;;N/A:  | N/A:  | N/A:  | N/A: ;;;Benitez;cap.;;;;;"Do Cuba vap. Pasaje, cap. Benitez; con 8 barriles limones. 3 fardos gaano, 60 sacos mais y efectos.";;Pasaje;;;vap.;1880_03_24;Cuba;;
;;N/A: ;;;Palmor;patron;;;;;"De idem g. Jóven Magdalena; patron Palmor. 144 bocoyes azúcar. . De la Dominica g. Dominica patron Lopez; 60 bocoyes aznicar. .";;Jóven Magdalena;;;g.;1880_03_25;idem;;
;;N/A: ;;;Martinez;p.;;;;;De Baracos g. Cecilia Manuela p. Martinez: 32 bocoyes azúcar;;Cecilia Manuela;;;g.;1880_03_25;Baracos;;
;;N/A: ;;;Gomez;pat.;;;;;De 8. Morena g. Jóven Manuel, pat. Gomez: 50 bocoyes azúcar.;;Jóven Manuel;;;g.;1880_03_25;8.;;
;;N/A:  | N/A: ;;;Alemany;d;;;;;De Cardenas g. Maria Teresa d Alemany: 100 bocoyox, 100 o. azúcar.;;Maria Teresa;;;g.;1880_03_25;Cardenas;;
;;N/A:  | N/A:  | N/A: ;;;Valent;p.;;;;;De idem g. Maria del Carmen, p. Valent: 160 bocoyes 300 s. y 100 c. azúcar.;;Maria del Carmen;;;g.;1880_03_25;idem;;
;;N/A: ;;;Bosch;pat.;;;;;De idem golets Juanita pat. Bosch: 150 bocoyes azúcar.;;Juanita;;;golets;1880_03_25;idem;;
;;N/A:  | N/A:  | N/A: ;;;Pujl;pat.;;;;;"De Jarnco goleta Golondrina patron Pujl: 22 sacos; 8 bora. a1úcar. · Do Canasi goleta Sabás: patron Colomer, es bocoyos Azúcar.";;Golondrina;;;goleta;1880_03_25;Jarnco;;
;;N/A: ;;;Portell;p.;;;;;"De Santa Marla goleta Neptune; p. Portell: 800 ascos carbon";;Neptune;;;goleta;1880_03_25;Santa Marla;;
;;N/A: ;;;Moll;pat.;;;;;De Dimas goleta Margarita pat. Moll: $200 sacos carbon.;;Margarita;;;goleta;1880_03_25;Dimas;;
;;N/A: ;;;Finsas;pat.;;;;;De Sta Maria gol. Amable Rosits, pat. Finsas: Co s carbon.;;Amable Rosits;;;gol.;1880_03_25;Sta Maria;;
Día 01:;;N/A: ;;;Herrera;pat.;;;;;De Cárden gole'a Mercedita pat. Herrera: 130 bocoves azúcar.;;Mercedita;;;gole'a;1880_03_25;Cárden;;
;;N/A: ;;;Duran;pat.;;;;;"De Rajas goleta Cruz de Mayo; pat. Duran: 600 vara m6doras.";;Cruz de Mayo;;;goleta;1880_03_25;Rajas;;
;;N/A:  | N/A:  | N/A: ;;;Coll;p.;;;;;De Baracoa g. Do'orita p. Coll: 53 bocs. miel, 19 idem concentrado, 15 id. mesoavado.;;Do'orita;;;g.;1880_03_25;Baracoa;;
;;N/A:  | N/A:  | N/A: ;;;Rivas;cap.;;;;;"De Mantua vap. Quanlguanico, cap. Rivas; 123 terclos tabaco, 87 cueros al pelo y efectos.";;Quanlguanico;;;vap.;1880_03_25;Mantua;;
;;N/A:  | N/A: ;;;Gabloa;cap.;;;;;De Calbarien vap. Alava, cap. Gabloa: 40 pp. aguardiente y efectos;;Alava;;;vap.;1880_03_25;Calbarien;;
;;N/A:  | N/A:  | N/A:  | N/A: ;;;Testolia;p.;;;;;De Cárdenas gol. Victoria, p. Testolia: 100 cajas, 200 88c08 80 boooves astcar.;;Victoria;;;gol.;1880_03_28;Cárdenas;;
;;N/A:  | N/A: ;;;Enseñat;p.;;;;;"De dem gol. Tres Teresas, p. Enseñat; 100 cajas y 150 bocoyes azúcar.";;Tres Teresas;;;gol.;1880_03_28;dem;;
;;N/A: ;;;Jofre;p.;;;;;De la Teja gol. Dos Amigos, p. Jofre: 100 bocoyes azúcar.;;Dos Amigos;;;gol.;1880_03_28;la Teja;;
Día null:;;N/A: ;;;Dardet;p.;;;;;De Cárdenas gol. Rosita, p. Dardet: 173 bocoyes azdiCAT.;;Rosita;;;gol.;1880_03_28;Cárdenas;;
;;N/A:  | N/A:  | N/A: ;;;Calafell;p.;;;;;De idem gol. Dos Hermanas. p. Calafell: 180 bocores azúcar, 20 pipas aguardiente, 800 terolos tabaco..;;Dos Hermanas;;;gol.;1880_03_28;idem;;
;;N/A: ;;;Vich;p.;;;;;De Cobafias goleta Nuestra Sra. de la Caridad, p. Vich 461 anos azucar.;;Nuestra Sra. de la Caridad;;;goleta;1880_03_28;Cobafias;;
Día XX:;;N/A: ;;;Zaragoza;p.;;;;;De Sagua gol. Flor de Segna, p. Zaragoza: 1500 sacos carbon;;Flor de Segna;;;gol.;1880_03_28;Sagua;;
;;N/A: ;;;Magans;p.;;;;;De idem gol. Segunda Gertrudis, p. Magans: 1900 sacos carbon.;;Segunda Gertrudis;;;gol.;1880_03_28;idem;;
;;N/A: ;;;Garcia;p.;;;;;De Teja gol. Leonards, p. Garcia-620 sacos de carbon.;;Leonards;;;gol.;1880_03_30;Teja;;
;;N/A:  | N/A: ;;;Bosa-600;p.;;;;;De Rio Rianco gol. Juanita, p. Bosa-600 atravesaños 21 estacas y 10 tirantes.;;Juanita;;;gol.;1880_03_30;Rio Rianco;;
;;N/A: ;;;Grandal;p.;;;;;De Banes gol. José Manual, p. Grandal-100 fanegas do mais.;;José Manual;;;gol.;1880_03_30;Banes;;
;;N/A:  | N/A: ;;;Covas-3100;p.;;;;;De Ortigors gol. Bahia Honda, p. Covas-3100. y 94 bosa. azúcar y 10 pipas aguardiente:;;Bahia Honda;;;gol.;1880_03_30;Ortigors;;
;;;;;Visquera-303;p.;;;;;De Cabañas gol. Paquita, p. Visquera-303 s. y 441 o. nanoar.;;Paquita;;;gol.;1880_03_30;Cabañas;;
;;N/A:  | N/A:  | N/A: ;;;Enseñat;p.;;;;;De Grandillo gol. J. Vicents, p. Enseñat 400 atravesaños, 300 tendidos majaguas y un balto feletina.;;J. Vicents;;;gol.;1880_03_30;Grandillo;;
;;N/A:  | N/A: ;;;Perez;p.;;;;;De idem gol. Altagracia, p. Perez-10 becoyes azucar y350 terelos tabaco.;;Altagracia;;;gol.;1880_03_30;idem;;
;;N/A:  | N/A:  | N/A: ;;;Valent-100;p.;;;;;De Cárdenas gol. Maria del Cármen, p. Valent-100 c. 200 a. y 100 boca. ardoar.;;Maria del Cármen;;;gol.;1880_03_30;Cárdenas;;
;;N/A:  | N/A: ;;;Zaragaza;p.;;;;;De idem gol. Isla de Cuba, p. Zaragaza-130 bocoyos y 120 sacos azúcar.;;Isla de Cuba;;;gol.;1880_03_30;idem;;
;;N/A: ;;;Planas;p.;;;;;De Dimas gel. Potosi,. p. Planas-150 sacos de carbon.;;Potosi;;;gel.;1880_03_30;Dimas;;
;;N/A: ;;;Arooha-551;p.;;;;;De Cabañas gol. Conchita, p. Arooha-551 s. y 8 boCoves azúcar.;;Conchita;;;gol.;1880_03_31;Cabañas;;
;;N/A:  | N/A:  | N/A: ;;;Ino;p.;;;;;De idom gol. Josefa, p. Ino an-350 c. y 100 s. artoar, 20 pipas aguardiente y 60 cerdos.;;Josefa;;;gol.;1880_03_31;idom;;
;;N/A:  | N/A: ;;;Dealofen-374;p.;;;;;De idom gol Ntra. Sra. del Carmen. p. Dealofen-374 8. v 30 bocs. azúcar, 14 pipas aguardiente.;;Ntra. Sra. del Carmen;;;gol;1880_03_31;idom;;
;;N/A: ;;;Sanfel-800;p.;;;;;De Toja gol. Prieta p. Sanfel-800 a. carbon.;;Prieta;;;gol.;1880_03_31;Toja;;
;;N/A:  | N/A: ;;;Maoip-83;p.;;;;;De Santa Oraz gol. Rosa Maria, p. Maoip-83 bocores azúcar y efectos.;;Rosa Maria;;;gol.;1880_03_31;Santa Oraz;;
Día XX:;;N/A:  | N/A:  | N/A: ;;;Gamura;cap.;;;;;De Sagua vap. Cuba cap. Gamura: 120 teroios tabacos. 15 barriles ostiones v efectos.;Cuba;;;;vap.;1880_04_01;Sagua;;
;;N/A: ;;;Valdés;p.;;;;;De Mantus gol. Segunda Amistad, p. Valdés: 500 mlraguanos para estacas.;;Segunda Amistad;;;gol.;1880_04_01;Mantus;;
;;N/A: ;;;Castell;pat.;;;;;De Cárdenas gol. Anita, pat. Castell: 250 booeyes ardcar.;;Anita;;;gol.;1880_04_01;Cárdenas;;
;;N/A: ;;;Jofré;pat.;;;;;De la Teja g. Dos Amigos pat. Jofré: 100 bocoyes azúcar.;;Dos Amigos;;;g.;1880_04_01;la Teja;;
;;N/A:  | N/A: ;;;Tortell;patron;;;;;De Cárdenas go!. Victoria, patron Tortell: 190 bocoyes. 29 cajas azúcar.;;Victoria;;;go!;1880_04_02;Cárdenas;;
;;N/A:  | N/A: ;;;Herrera;pat.;;;;;"De Cárdenas gol. Mercedita. patron Herrera; 1000 carriles hierro, 130 bocoyes azúcar.";;Mercedita;;;gol.;1880_04_02;Cárdenas;;
;;N/A:  | N/A: ;;;Paula;pat.;;;;;De Sierra Morena gol. Sofia, patron Paula, 901 sacos y 8 bocoyes azúcar.;;Sofia;;;gol.;1880_04_02;Sierra Morena;;
Día null:;;N/A: ;;;AlemañƑ;patron;;;;;De Sierra Morena gol Matildo, patron AlemañƑ: 125 boroyes azúcar.;;Matildo;;;gol;1880_04_02;Sierra Morena;;
;;N/A:  | N/A:  | N/A:  | N/A: ;;;Gana;cap.;;;;;De Cuba vap Juan Mir, capitan Gana: 52 sacos maiz, 30 cajas coñao, 2 los serones vacina y efectos.;;Juan Mir;;;vap;1880_04_02;Cuba;;
;;N/A: ;;;Pujol;pat.;;;;;De Baracoa gol. San José, patron Pujol: 400 sacos cal;;San José;;;gol.;1880_04_02;Baracoa;;
;;N/A:  | N/A: ;;;Unibaso;cap.;;;;;De Malas Aguas vapor Bohia Honda, cap. Unibaso, 100 bo:oves azúcar y 14 tablones cedro;;Bohia Honda;;;vapor;1880_04_03;Malas Aguas;;
;;N/A: ;;;Riera;pat.;;;;;De la Teja gol. San Francisco, pat. Riera, 1000 BACOB de carbon.;;San Francisco;;;gol.;1880_04_03;la Teja;;
;;N/A:  | N/A: ;;;Perez;pat.;;;;;Del Mariel gol. Altagracia, pat. Perez, 74 bocoyes de aznicar y 27 pipas aguardiente.;;Altagracia;;;gol.;1880_04_03;Mariel;;
;;N/A:  | N/A:  | N/A: ;;;Cuevas;pat.;;;;;De Cardonas gol. Angelita, pat. Cuevas, 100 boooyos, 200 cajas azúcar y 200 cajas jabon.;;Angelita;;;gol.;1880_04_03;Cardonas;;
;;N/A:  | N/A: ;;;Suarez;pat.;;;;;De sierra Morena gol. Ignacia Aloman, pat. Suarez, 03 bocoyos y 140 sacos azúcar,;;Ignacia Aloman;;;gol.;1880_04_03;sierra Morena;;
;;N/A:  | N/A: ;;;Pujol;pat.;;;;;De Sierra Morena gol. Maria, pat. Pujol, 326 sacos y 78 bocoyes azúcar.;;Maria;;;gol.;1880_04_03;Sierra Morena;;
;;N/A:  | N/A: ;;;Alemañy;pat.;;;;;De idom gol. Almanza, pat. Alemañy, 591 sacos y 96 bocoyes azucar.;;Almanza;;;gol.;1880_04_03;idom;;
;;N/A: ;;;Pavia;pat.;;;;;Do Cárdenas gol. General la Mar, pat. Pavia. 110 bocores azñoar.;;General la Mar;;;gol.;1880_04_03;Cárdenas;;
;;N/A:  | N/A: ;;;Lledó;pat.;;;;;Do Sierra Morena gol. Crisalida, pat. Lledó, 248 #1008 130 caias yie boooyes azńcar.;;Crisalida;;;gol.;1880_04_03;Sierra Morena;;
;;N/A:  | N/A:  | N/A: ;;;Santo Domingo;pat.;;;;;Do Carahatas gol. Teresita, pat. Santo Domingo, 139 incoer, 430 sacos anúcar y 14 pipas aguardiente y ofactor.;;Teresita;;;gol.;1880_04_03;Carahatas;;
;;;;;Garcia;pat.;;;;;De Carahs tas go!. Ceforina, pat. Garcia. con ofentes.;;Ceforina;;;tas;1880_04_03;Carahs;;
;;;;;Mariño;pat.;;;;;De la Teja gol. San Francisco, pat. Mariño, con id.;;San Francisco;;;gol.;1880_04_03;la Teja;;
;;N/A:  | N/A: ;;;Lledó;p.;;;;;De Gibacoa g. Vinaros, p. Lledó, 96 8. y 12 boooyes a. zúcar;;Vinaros;;;g.;1880_04_04;Gibacoa;;
;;N/A: ;;;;;;;;;De Sagung América, p. Adivina, 1300 s. carbon;América;Adivina;;;p.;1880_04_04;Sagung;;
;;N/A:  | N/A: ;;;Ventura;p.;;;;;De Sierra Morena g. Estrella, p. Ventura, 400 atravesaños ▼ 70 paos madera;;Estrella;;;g.;1880_04_04;Sierra Morena;;
;;N/A:  | N/A:  | N/A: ;;;Alemany;p.;;;;;De 8. Morens gol. Józsu Pilar, p. Alemany, 121 booys 315 a. azúcar, 24 pp. agte.;;Józsu;;;gol.;1880_04_06;8. Morens;;
;;N/A:  | N/A:  | N/A:  | N/A: ;;;D. Barnaza;;;;;;De Nuevitas gol. Dolores, D. Barnaza, 300 caballos leBa. 50 atacas, 25 s. carbon, 5 l'os serones;;Dolores;;;gol.;1880_04_06;Nuevitas;;
;;N/A: ;;;Ensenat;pat.;;;;;De Cárdenas golets Tres Teresas, patron Ensenat, ICO bocys, 200 c. azúcar.;;Tres Teresas;;;golets;1880_04_06;Cárdenas;;
;;N/A:  | N/A: ;;;Lopca;p.;;;;;De Cabañas gal. Caballo Marino, p. Lopca, 120 c. 800 8, 30 bocoros azúcar.;;Caballo Marino;;;gal.;1880_04_06;Cabañas;;
;;N/A: ;;;Martinez;p.;;;;;De Banos gol. Ccollin Manuola, p. Martinez, 31 bocoyea azúcar.;;Ccollin;;;gol.;1880_04_06;Banos;;
;;N/A: ;;;Tar;p.;;;;;De Malatagnas gol. Antonia Habana, p. Tar, 13,0:0 ladrillos.;;Antonia Habana;;;gol.;1880_04_06;Malatagnas;;
;;N/A: ;;;Mora;p.;;;;;De Morrillo goleta Britannia, p. Mora, 80 boooyes a zúcar.;;Britannia;;;goleta;1880_04_06;Morrillo;;
;;N/A: ;;;Lopes;p.;;;;;De Dominica go!. Doplnica, p. Lopes, 60 bucores azúcar.;;Doplnica;;;go!;1880_04_06;Dominica;;
;;N/A:  | N/A: ;;;Coll;p.;;;;;De Baracas gol. Dolorita, p. Coll, 35 bocores concentrado, 37 bocoyes azúcar.;;Dolorita;;;gol.;1880_04_06;Baracas;;
;;N/A:  | N/A:  | N/A:  | N/A: ;;;Jofro;cap.;;;;;De Cárdenas vapor Soler cap. Jofro-200 bocoyes azúcar. 6 fardos suela, CO estnches azúcar, 10 pipas aguardiente.;;Soler;;;vapor;1880_04_07;Cárdenas;;
;;N/A:  | N/A:  | N/A:  | N/A: ;;;Gabica-71;cap.;;;;;De Caibarion vapor Alava cap. Gabica-71 terolos tabaco, 20 pipas aguardiente, 103 cajas municiones y efectos.;;Alava;;;vapor;1880_04_07;Caibarion;;
;;N/A: ;;;Gisper;patron;;;;;De Teja goleta Carlota patron Gisper-1000 sacos carbon.;;Carlota;;;goleta;1880_04_07;Teja;;
;;N/A:  | N/A:  | N/A:  | N/A:  | N/A: ;;;L'oret-77;p.;;;;;De Mantua g. Angelita p. L'oret-77 tercios tabaco, 160 sages carbon, 100 estacas, 900 palancas y efectos.;;Angelita;;;g.;1880_04_07;Mantua;;
;;N/A:  | N/A: ;;;Linares;p.;;;;;De Matanzas g. Desempeño p. Linares-17 piezas caoba, 27 fardos sacos.;;Desempeño;;;g.;1880_04_07;Matanzas;;
;;N/A:  | N/A:  | N/A: ;;;Masip;p.;;;;;De Santa Cruz g. Rosa Maria p. Masip-45 boccyes azáca, 40 pipas aguardients, 116 fanegas maiz.;;Rosa Maria;;;g.;1880_04_07;Santa Cruz;;
;;N/A: ;;;Gil-16;p.;;;;;De Banes g. Nueva Esperanza p. Gil-16 bocoyes aທ່າຍ..;;Nueva Esperanza;;;g.;1880_04_08;Banes;;
;;N/A: ;;;Gomez-*00;p.;;;;;De Sierra Morena g. Jóven Manuelp. Gomez-*00 ɛaCoч carton.;;Jóven Manuel;;;g.;1880_04_08;Sierra Morena;;
;;N/A: ;;;Martinez;p.;;;;;De Hanes g. Cecilia Manuela p. Martinez-32 bocoyes azúcar..;;Cecilia Manuela;;;g.;1880_04_08;Hanes;;
;;N/A:  | N/A:  | N/A: ;;;Inolan;p.;;;;;De Cabañas g. Josofa p. Inolan-201 cajas, 36 bocoyes 300 sacos azúcar.;;Josofa;;;g.;1880_04_08;Cabañas;;
;;N/A:  | N/A: ;;;Arocha;p.;;;;;De Baracos Bonifacia p. Arocha 144 cajas, 36 bocoves*zúcar.;;Bonifacia;;;p.;1880_04_08;Baracos;;
;;N/A: ;;;Gavica;cap.;;;;;De Caibarien vapor Alaya cap. Gavica—1410 cajas azicar.;;Alaya;;;vapor;1880_04_08;Caibarien;;
Día azú:;;N/A: ;;;Castoll;pat.;;;;;De Cárdenas goleta Anits pat. Castoll-250 bocores azú :ar.;;Anits;;;goleta;1880_04_08;Cárdenas;;
;;N/A: ;;;Limó;p.;;;;;De Canasi g: Correo de Canasi p. Limó-800 bocoyos miel.;;Correo de Canasi;;;g:;1880_04_09;Canasi;;
;;N/A:  | N/A: ;;;Colomar-101;p.;;;;;"De Canasi g. Flor do Cárdenas p. Colomar-101 (bocoyes azúcar; 8 pipan aguardiente.";;Flor do Cárdenas;;;g.;1880_04_09;Canasi;;
;;N/A:  | N/A:  | N/A: ;;;Grandal-5000;p.;;;;;De Banes g: José Manuel p. Grandal-5000, ladrillos, 4000 tejas, 50 sacos carbon.;;José Manuel;;;g:;1880_04_09;Banes;;
Día 05:;;N/A: ;;;Bosch;patron;;;;;De Cárdenas g: Juanita patron Bosch-150 bocoses azúcar. De Matanzas 5: Emillo p Pellicer-270 bocoyes azúcar 20 pipas aguardiente y efectos.;;Juanita;;;g:;1880_04_09;Cárdenas;;
;;N/A: ;;;Jofre;patron;;;;;De la Toja g. Dos Amigos patron Jofre-100 bocoyes azúcar.;;Dos Amigos;;;g.;1880_04_09;la Toja;;
;;N/A: ;;;Rodriguez;patron;;;;;De Bagus g. Aguedita patron Rodriguez-200 s2008 carbon.;;Aguedita;;;g.;1880_04_09;Bagus;;
;;N/A:  | N/A: ;;;;;;;;;De Mariel Altagracia p. Peres-100 bocores azúcar 2 terolos tabaco.;;Peres;;;p.;1880_04_09;Mariel Altagracia;;
;;N/A:  | N/A:  | N/A: ;;;Jofre;cap.;;;;;De Cárdenas vapor Salor capitan Jofre-200 bocoyes azúcar, 40 pipas aguardiente 13 fardos ausla.;;Salor;;;vapor;1880_04_09;Cárdenas;;
;;N/A:  | N/A:  | N/A: ;;;Coll;cap.;;;;;De Sagus vap. Caba, cap. Coll-45 terofos tabaco, 50 baltos mobillario de uso y efectos.;;Caba;;;vap.;1880_04_10;Sagus;;
;;N/A:  | N/A:  | N/A: ;;;Deulofeu;p.;;;;;De Cabañas gul. Ntra. Sra. del Carmen, p. Deulofeu -142 sacos, 39 bocoyes azúcar y 10 pipas de aguardiente..;;Ntra. Sra. del Carmen;;;gul.;1880_04_10;Cabañas;;
;;N/A: ;;;Lopez;p.;;;;;De Dominica gol Dominios, p. Lopez-60 bocoyes de azucar.;;Dominios;;;gol;1880_04_10;Dominica;;
;;N/A:  | N/A: ;;;Torc-144;p.;;;;;De Sagna gol. Rita Fortuna, p. Torc-144 sacOS ORTbon y efotos.;;Rita Fortuna;;;gol.;1880_04_10;Sagna;;
;;N/A:  | N/A: ;;;Pajol-12;p.;;;;;De Jaruco go'. Golondrina, p. Pajol-12,boyes, 150 aacos azúcar y 101 s. maiz.;;Golondrina;;;go'.;1880_04_10;Jaruco;;
;;N/A:  | N/A: ;;;Benet;p.;;;;;De Matanzas gol. Ignacita p. Benet-109 cajas y 100 bocores azúcer.;;Ignacita;;;gol.;1880_04_10;Matanzas;;
;;N/A: ;;;Piñeyro;p.;;;;;De Cardonas gol. Cármen p. Piñeyro-133 bocoyes do azúcar.;;Cármen;;;gol.;1880_04_10;Cardonas;;
;;N/A: ;;;Horrora;p.;;;;;De Cárdenas gol. Meroedita p. Horrora-130 bosoyes azúcar.;;Meroedita;;;gol.;1880_04_10;Cárdenas;;
;;N/A: ;;;Garriga;p.;;;;;De Banes gol. Jóven Saivador, p. Garriga-7000 Ladillos..;;Jóven Saivador;;;gol.;1880_04_10;Banes;;
;;N/A:  | N/A:  | N/A: ;;;Avendaño;p.;;;;;De Matansas g: Amalia p. Avendaño-180 bocores 144 cajas szter, 3 cajas efectos;;Amalia;;;g:;1880_04_11;Matansas;;
;;;;;Martines-98;p.;;;;;De Banes g.Ceollia Manuela p: Martines-98 boooyen asticar. . DI Sierra Morena g: Boffa p. Paula-905 bocoyes asaDa Bahia Honda g: Eloiss p. Escandell-102 boonyes agócar.;;Ceollia Manuela;;;g.;1880_04_11;Banes;;
;;;;;Aroohs-72;patron;;;;;De Baracoa g: Bonifacia patron Aroohs-72 booeyce assar.;;Bonifacia;;;g:;1880_04_11;Baracoa;;
;;N/A: ;;;Gil-33;patron;;;;;De Banes g. Nueva Esperanza patron Gil-33 bocoyes astoar.;;Nueva Esperanza;;;g.;1880_04_11;Banes;;
;;N/A:  | N/A: ;;;Biras;cap.;;;;;De Mantua vapor, Guanlguanios capitan Biras paballos teña, 5 tercios tabaco 15 cperos al polo y also tos;;Guanlguanios;;;vapor;1880_04_11;Mantua;;
;;N/A:  | N/A:  | N/A:  | N/A:  | N/A:  | N/A: ;;;Blanco;patron;;;;;De Punta San Juan g. Candita patron Blanco, 3000, atravesaños. 200 sacos carbon, 400 docenas esponjaa, 100 caballos leña, 500 estaquillas y efectos.;;Candita;;;g.;1880_04_13;Punta San Juan;;
;;N/A: ;;;Roca;pat.;;;;;De Rio Blanco g. Irenita patron Roca, 140 palos ma dora labrada;;Irenita;;;g.;1880_04_13;Rio Blanco;;
;;N/A:  | N/A:  | N/A: ;;;Arocha;patron;;;;;De Cabañas g. Conchita patron Arocha,338 sacos, 9 bocoyes azúcar, 50 quarterolas miel.;;Conchita;;;g.;1880_04_13;Cabañas;;
;;N/A:  | N/A:  | N/A:  | N/A: ;;;Aleman;p.;;;;;De Matanzas k Marla p. Aleman, 78 bocores, 148 cajas azúcar, 49 pipas aguardiente y efootes.;;Marla;;;k;1880_04_13;Matanzas;;
;;N/A:  | N/A:  | N/A:  | N/A: ;;;Ponte;p.;;;;;De Nuevitas g. Emilia p. Ponte, 200 caballos leña, 300 atravesaños, 10 seoa cera y efcotos.;;Emilia;;;g.;1880_04_13;Nuevitas;;
;;N/A: ;;;Grandal;patron;;;;;De Caibarien g. Enriqueta patron Grandal, 300 atrasafios.;;Enriqueta;;;g.;1880_04_13;Caibarien;;
;;N/A:  | N/A: ;;;Rodrigues;patron;;;;;De Babia Honda g. Céfiro patron Rodrigues, 307 sacos asacar y efectos.;;Céfiro;;;g.;1880_04_13;Babia Honda;;
;;N/A: ;;;Riobo;patron;;;;;De Carahatas g. Tres Hermanas patron Riobo, 700 sa cos asu var.;;Tres Hermanas;;;g.;1880_04_13;Carahatas;;
;;N/A:  | N/A: ;;;Jefr6;cap.;;;;;De Cárdenas vapor Soler cap Jefr6, 200 bocoyes azácar. 40 pipaa aguardiente.;;Soler;;;vapor;1880_04_14;Cárdenas;;
;;N/A:  | N/A:  | N/A: ;;;Valent;patrón;;;;;De Cárdenas g. bfaria dal Cármen patron Valent, 100 boroyes, 20 aajas 20 ACOR azúcar.;;bfaria dal Cármen;;;g.;1880_04_14;Cárdenas;;
;;N/A: ;;;Carrasco;pat.;;;;;De Manimang. Nueva Estrella patron Carrasco, 250 caballos leña;;Nueva Estrella;;;;1880_04_14;Manimang;;
;;N/A: ;;;Salvá;patron;;;;;De Playas de San Juan g. Agustina patron Salvá. 90 bocogea azf car.;;Agustina;;;g.;1880_04_14;Playas de San Juan;;
;;N/A: ;;;Benejan;patrón;;;;;De Arroyos goleta Lince patron Benejan, 800 sacos carbon.;;Lince;;;goleta;1880_04_14;Arroyos;;
;;N/A: ;;;Curos;p.;;;;;De Cárdenas gol. Angelita p. Curos: 160 boos. 44 03jaa azúcar.;;Angelita;;;gol.;1880_04_15;Cárdenas;;
;;N/A: ;;;Garriga;pat.;;;;;De Jaimanita g. Jóven Salvador, pat. Garriga: 7500 ladrillos.;;Jóven Salvador;;;g.;1880_04_15;Jaimanita;;
;;N/A:  | N/A:  | N/A: ;;;Ron;cap.;;;;;De Cuba vapor Clara, cap. Ron, 53 a. café, 16 fardos suela, 22 o. con efectos.;;Clara;;;vapor;1880_04_15;Cuba;;
;;N/A:  | N/A:  | N/A:  | N/A: ;;;Gablon;cap.;;;;;De Calbarien vap. Alava, cap. Gablon: 50 pp aguardiente 2 cajas tabacos 2 bles. articar y efectos.;;Alava;;;vap.;1880_04_15;Calbarien;;
;;N/A:  | N/A: ;;;Pajol;p.;;;;;De 8. Morana goleta Maria p. Pajol, 227 o. 18 a. 17 bocoyes astoar, 12 s. carton.;;Maria;;;goleta;1880_04_16;8. Morana;;
;;N/A:  | N/A: ;;;Enseñat;p.;;;;;De Cárdenas gol. Tres Tereras p. Enseñat, 140 bocoyes 2010, azúcar, 43 térofos tabaco.;;Tres Tereras;;;gol.;1880_04_16;Cárdenas;;
;;N/A: ;;;Juan;p.;;;;;De Cabañas balandro Rosita, p. Juan, 60 ouarterolas minl.;;Rosita;;;balandro;1880_04_16;Cabañas;;
;;N/A:  | N/A:  | N/A: ;;;Lledo;p.;;;;;De Gibacos bdro. Vinaros, p. Lledo 120 s. 4 bocoyes asdcar, 13 tercerolas miel.;;Vinaros;;;bdro.;1880_04_16;Gibacos;;
;;N/A: ;;;Lledo;p.;;;;;De 8. Morena gol. Crisalida, p. Lledo, 240 s. 200 o. 80 bocoyes azúcar.;;Crisalida;;;gol.;1880_04_16;8. Morena;;
;;N/A:  | N/A:  | N/A: ;;;Macip;p.;;;;;De Sta Cras gol. Rosa María, p. Macip, 80 bocoyos azúcar, 104 s. mals. 18 s. arbojas.;;Rosa María;;;gol.;1880_04_16;Sta Cras;;
;;N/A: ;;;Bojas;p.;;;;;De Baracoa gol. Diez de Agosto, p. Bojas, 40 boooyee azno r.;;Diez de Agosto;;;gol.;1880_04_16;Baracoa;;
;;N/A: ;;;Alemañy;p.;;;;;De Sierra Morena goleta Matilde p. Alemañy 190 bocoyes azúcar.;;Matilde;;;goleta;1880_04_16;Sierra Morena;;
;;N/A: ;;;Villalongs;p.;;;;;"De Sierra Morena gol. Tereoita, p. Villalongs; 200 s. carbon.";;Tereoita;;;gol.;1880_04_16;Sierra Morena;;
;;N/A: ;;;Pajes;pat.;;;;;De Sagua gol. 2 Rosa, pat. Pajes: 1000 pacos carbon.;;2 Rosa;;;gol.;1880_04_17;Sagua;;
;;N/A: ;;;Fernandez;pat.;;;;;De la Teja gol. Altagracis, pat, Fernandez: 1050 sacos carbon.;;Altagracis;;;gol.;1880_04_17;Teja;;
;;N/A: ;;;Palmer;pat.;;;;;De Mariel gol. Jóven Magdalovs, pat. Palmer: 144 bocoves azúcar.;;Jóven Magdalovs;;;gol.;1880_04_17;Mariel;;
Día null:;;N/A:  | N/A:  | N/A: ;;;Carbonell;pat.;;;;;De Matanzas gol. Elvira, pat. Carbonell: 100 pipas de aguardiente, 90 bocoyes azúcar, 340 arrobas tasajo.;;Elvira;;;gol.;1880_04_17;Matanzas;;
;;N/A:  | N/A:  | N/A:  | N/A: ;;;Coll;cap.;;;;;De Sagua vap. Cuba, cap. Coll: 6 barriles ostiones, 5 cajas efectos, 1 barril miel, 4 baules equipaje.;Cuba;;;;vap.;1880_04_17;Sagua;;
;;N/A:  | N/A:  | N/A: ;;;Brage;pat.;;;;;De Calbarien gol. Peplila Alvaros, pat. Brage, 200 sacos cáscara, 300 caballos leña y efectos.;;Peplila;;;gol.;1880_04_17;Calbarien;;
Día XX:;;N/A: ;;;Vloh;pat.;;;;;De Cabañas gol. Ntra. Sra. de la Caridad, pat. Vloh: 480 sacos astcar.;;Ntra. Sra. de la Caridad;;;gol.;1880_04_17;Cabañas;;
;;N/A: ;;;Esteban;pat.;;;;;Do la Toja gol. Vicenta, pat. Esteban: 1200 sacos carbon.;;Vicenta;;;gol.;1880_04_17;la Toja;;
;;N/A:  | N/A:  | N/A: ;;;Perez;pat.;;;;;De Mariel gol. Altagracia, pat. Perez: 300 terolos tabaco, 50 boooyes asticar, 10 pipas aguardiente.;;Altagracia;;;gol.;1880_04_17;Mariel;;
Día XX:;;N/A:  | N/A: ;;;Grandal;pat.;;;;;De Banes gol. José Manuel, pat. Grandal: 7000 ladrillos, 1000 tejas.;;José Manuel;;;gol.;1880_04_17;Banes;;
Día 60:;;N/A:  | N/A: ;;;Sanche;pat.;;;;;De Jaruco gol. Jaruqueña, pat, Sanche: 60:0 ladrillos 73 bocoyes astoar.;;Jaruqueña;;;gol.;1880_04_17;Jaruco;;
;;N/A:  | N/A: ;;;Cartolla;pat.;;;;;De Cárdenas gol. Anita, pat. Cartolla: 250 boys, arúcar. De Bagus gol. Trafalgar, pst. Lorenso: 1600 sacos carbon.;;Anita;;;gol.;1880_04_17;Cárdenas;;
;;N/A: ;;;Vazques;pat.;;;;;De Sagus gol. Rosita, pat. Vazques: 950 sacos carbon.;;Rosita;;;gol.;1880_04_17;Sagus;;
;;N/A:  | N/A:  | N/A:  | N/A: ;;;Tortell;pat.;;;;;De Cárdenas gol. Victoria, pat. Tortell: 100 bocoyeɛ, 200 cajas arúcar, 20 fardos an ela, 1-bomba hierro.;;Victoria;;;gol.;1880_04_18;Cárdenas;;
;;N/A: ;;;Juan;pat.;;;;;De Cabañas balandro Rosita, pat. Juan. €0 cuarterolas miel.;;Rosita;;;balandro;1880_04_18;Cabañas;;
;;N/A: ;;;Sim6;pat.;;;;;"De Canasi gol. Correo de Canasi, pat. Sim6: 75 bocoyes azúcar.Da Canasi gol. Flor de Cárdenas, pat, Colomar; 110 bocoves szúcar.";;Correo de Canasi;;;gol.;1880_04_18;Canasi;;
;;N/A: ;;;Gorrin;pat.;;;;;De Bahia Honda gol. Francisca, pat. Gorrin: 187 bocoyes azúcar.;;Francisca;;;gol.;1880_04_18;Bahia Honda;;
;;N/A:  | N/A:  | N/A: ;;;Lopes;pat.;;;;;De Cabañas gol. Caballo Marino, pat. Lopes: 100 cajas 660 sacos y 30 bocoves azúcar.;;Caballo Marino;;;gol.;1880_04_18;Cabañas;;
;;N/A:  | N/A:  | N/A: ;;;Hernandez;pat.;;;;;De Morrillo gol. Fells, pat. Hernandez: 160 sacos carbon, 13 bocoyes arhoar, 30 cuarterolas miel.;;Fells;;;gol.;1880_04_18;Morrillo;;
Día null:;;N/A: ;;;Lopes;pat.;;;;;De la Dominios gol. Dominios, pat. Lopes: 60 bocoyes azhoar.;;Dominios;;;gol.;1880_04_18;la Dominios;;
Día null:;;N/A: ;;;Arocha;pat.;;;;;De Baracoa gol. Bonifacia, pat. Arocha: 72 bocoyes a2008r.;;Bonifacia;;;gol.;1880_04_18;Baracoa;;
;;N/A:  | N/A:  | N/A: ;;;Mora;pat.;;;;;Do Merrillo gol. Britnania, pat. Mora: 40 boco yes azú car, 23 cuarterolas miel, 40 toneladas hierro.;;Britnania;;;gol.;1880_04_18;Merrillo;;
;;N/A:  | N/A:  | N/A: ;;;Romero;pat.;;;;;Da Sagua gol. Panchita, pat. Romero: 450 atravesaDos, 772 tendidos soga, 980 terefos majagua.;;Panchita;;;gol.;1880_04_18;Sagua;;
;;N/A: ;;;Bosch;patron;;;;;"De Cárdenas g. Juanita patron Bosch, 150 bocoye"" azúcar.";;Juanita;;;g.;1880_04_20;Cárdenas;;
;;N/A: ;;;Dardet;pat.;;;;;De Cárdenas g. Bolts patron Dardet, 170 boooyes azúcar. . De Sagua g. Tres Marias patron Colomar, 1400 sacos carbon, 50 . atravesaños;;Bolts;;;g.;1880_04_20;Cárdenas;;
;;N/A:  | N/A:  | N/A: ;;;Calafell;patron;;;;;De Matanzas g. Dos Hermanas patron Calafell, 180 boooyes azúcar, 150 cajes jabon, 30 serones tasajo, v efectos.;;Dos Hermanas;;;g.;1880_04_20;Matanzas;;
;;N/A: ;;;Orbay;patron;;;;;De Teja g. Jóven Catalina patron Orbay, 600 sacos carbon.;;Jóven Catalina;;;g.;1880_04_20;Teja;;
;;N/A: ;;;Amengual;patron;;;;;De Santa Maria g. Dos Amigos patron Amengual, (00 Ba008 carbon.;;Dos Amigos;;;g.;1880_04_20;Santa Maria;;
;;N/A:  | N/A:  | N/A: ;;;Zaragoza;patron;;;;;De Cárdenas g. Isla de Cuba patron Zaragoza, 500 oajas, 70 bocoyes azúcar.;;Isla de Cuba;;;g.;1880_04_20;Cárdenas;;
;;N/A: ;;;Pas;patron;;;;;De Sague goleta Carmita patron Pas, 1300 sacos carbon.;;Carmita;;;goleta;1880_04_20;Sague;;
;;N/A: ;;;Herrera;patron;;;;;De Cárdenas g. Mercedita patron Herrera, 130 bocoyes azúcar.;;Mercedita;;;g.;1880_04_20;Cárdenas;;
;;N/A:  | N/A:  | N/A: ;;;8ubirat;patron;;;;;De Punta San Juan g. Paquete de Moron patron 8ubirat, 92 palos cedro, 100 caballos lens, 40 sacos mais.;;Paquete de Moron;;;g.;1880_04_20;Punta San Juan;;
;;N/A:  | N/A:  | N/A:  | N/A: ;;;Sto. Domingo;patron;;;;;De Carabatas g. Teresita patron Sto. Domingo, 125 bocoyes, 200 sacos azúcar y efectos.;;Teresita;;;g.;1880_04_20;Carabatas;;
;;N/A:  | N/A: ;;;Juan;pat.;;;;;De Cárdenas g Nueva Rosita patron p. Juan, 146 bocoyes, 120 Ba008 azúcar y efectos.;;Nueva Rosita;;;g;1880_04_20;Cárdenas;;
;;N/A:  | N/A: ;;;Lozano;patron;;;;;De Jaimanitas g. Jóvan Salvador patron Lozano, 32 boooyes azúcar, & quarterolas miel.;;Jóvan Salvador;;;g.;1880_04_20;Jaimanitas;;
;;;;;Linares;pat.;;;;;De Matanzas goleta Desempeño patron Linares, en lastre.;;Desempeño;;;goleta;1880_04_20;Matanzas;;
;;N/A:  | N/A: ;;;Games;p.;;;;;De Sierra Morena g. Jóven Manuel p. Games, 190 sacos astoar, 100 caballos leña.;;Jóven Manuel;;;g.;1880_04_20;Sierra Morena;;
;;N/A:  | N/A:  | N/A: ;;;Villamil;cap.;;;;;De Cuba vapor Manuelita y Maria cap. Villamil, 142 barriles aceite coco, 42 tercios tabaco y efectos.;;Manuelita y Maria;;;vapor;1880_04_20;Cuba;;
;;N/A:  | N/A:  | N/A:  | N/A: ;;;Jofre;cap.;;;;;De Cárdenas vapor Beler capitan Jofre, 133 boooyes zúcar, 126 pipas aguardiente, 17 fardos suela y efeotos.;;Beler;;;vapor;1880_04_20;Cárdenas;;
;;N/A: ;;;Moner;pat.;;;;;De la Teja gol. Sofia, pat. Moner: 1000 anos carbon.;;Sofia;;;gol.;1880_04_21;Teja;;
;;N/A:  | N/A: ;;;Enseñat;pat.;;;;;De Blerra Morens gol Union, pat. Enseñat: 640 sacos, 140 boys. azúcar y efectos.;;Union;;;gol.;1880_04_21;Blerra Morens;;
;;N/A:  | N/A:  | N/A: ;;;Inolan;pat.;;;;;De Cabañas gol. Josefa, pat. Inolan: 300 o., 200 sacos y 18 boooyed asticar.;;Josefa;;;gol.;1880_04_21;Cabañas;;
;;N/A: ;;;Vich;pat.;;;;;De Cabañas gol, Ntra. Sra. de la Caridad, pat. Vich: 464 88003 aasticar.;;Ntra. Sra. de la Caridad;;;gol;1880_04_21;Cabañas;;
;;N/A: ;;;Rojas;pat.;;;;;"De Baracoa gol. Dloz de Agosto, pat, Rojas; con 40 bocoyes azúcar.";;Dloz de Agosto;;;gol.;1880_05_01;Baracoa;;
;;N/A: ;;;Tar;pat.;;;;;"De Malasaguas gol. Antonia Hbanera, pat. Tar; cen 12,000 ladrillos.";;Antonia Hbanera;;;gol.;1880_05_01;Malasaguas;;
;;N/A:  | N/A: ;;;Pavia;pat.;;;;;"Do Cárdenas gol. General Lamar, pat. Pavia; con 300 8., 38 bocoyos azúcar y efectos.";;General Lamar;;;gol.;1880_05_01;Cárdenas;;
;;N/A:  | N/A:  | N/A: ;;;Piñeyro;pat.;;;;;"De Caibarion gol. Agulla de Oro, pat. Piñeyro; con 54 atravesafios, 43 palos oedro y efectos.";;Agulla de Oro;;;gol.;1880_05_01;Caibarion;;
;;N/A:  | N/A: ;;;Palmer;pat.;;;;;De Mariel gol. Jóven Magdalens, pat. Palmer, con 35 boooyes miel y 105 boooyes azúcar.;;Jóven Magdalens;;;gol.;1880_05_01;Mariel;;
;;N/A:  | N/A:  | N/A: ;;;Pujol;pat.;;;;;"De Jarnco gol. Golondrina, pat. Pujol; con 150 s. y 27 bocoyes azhcar.";;Golondrina;;;gol.;1880_05_01;Jarnco;;
;;N/A: ;;;Fólx;pat.;;;;;"Do Dimas gol. Dolores, pat. Fólx; con 600 sacos de carbon.";;Dolores;;;gol.;1880_05_01;Dimas;;
;;N/A:  | N/A: ;;;Arocha;pat.;;;;;"De Mariel gol. Conchita, pat. Arocha; con 80 bocoyes azúcary 30 ploss aguardiente.";;Conchita;;;gol.;1880_05_01;Mariel;;
;;N/A: ;;;Martinez;pat.;;;;;"Da Banes gol. Cesilia Manuela, pat. Martinez; con 52 bocoyes azúcar.";;Cesilia Manuela;;;gol.;1880_05_01;Banes;;
;;N/A: ;;;Juan;pat.;;;;;"Da Cabañas gol Rosita, pat. Juan; con 60 ouarterolas miel.";;Rosita;;;gol.;1880_05_01;Cabañas;;
;;N/A: ;;;Carbonell;pat.;;;;;"De Matanzas gol. Elvira, pat. Carbonell; con 166 bocoyes azúcar.";;Elvira;;;gol.;1880_05_01;Matanzas;;
;;N/A: ;;;Gisper;pat.;;;;;De la Teja gol Jóven Carlota, pat. Gisper: 1200 sacom carbon.;;Jóven Carlota;;;gol.;1880_05_02;la Teja;;
;;N/A:  | N/A: ;;;Valent;pat.;;;;;Do Cardonas gol. Maria del Carmen, pat. Valent: 650 cala, 10 cocoyos azúcar.;;Maria del Carmen;;;gol.;1880_05_02;Cardonas;;
;;N/A:  | N/A:  | N/A:  | N/A: ;;;Piñerro;pat.;;;;;De Cardenas gol. Cármen, pat. Piñerro: 130 bocoyos, 10) cajas azficar, un mobiliario y un tilbury.;;Cármen;;;gol.;1880_05_02;Cardenas;;
;;N/A:  | N/A: ;;;Mora;pat.;;;;;Da Morrillo gol. Britania, pat. Mora: 54 bocoyes £zúcar, 14 cuarterclas miol.;;Britania;;;gol.;1880_05_02;Morrillo;;
Día 01:;;N/A: ;;;Bald6;pat.;;;;;De Sierra Morona gol. Paz, pat. Bald6: 130 palos maderos.;;Paz;;;gol.;1880_05_02;Sierra Morona;;
;;N/A:  | N/A:  | N/A: ;;;Bilbao;pat.;;;;;Do Caguanes gol. Engracia, pat. Bilbao: 740 caballos leña, o atravesaños, 70 varas maderas, 180 docenas 03ponjas;;Engracia;;;gol.;1880_05_02;Caguanes;;
Día null:;;N/A:  | N/A: ;;;Visquerra;pat.;;;;;De Cabañas gol. Paquita, pat. Visquerra: 466 sacos, 190 calas azúcar.;;Paquita;;;gol.;1880_05_02;Cabañas;;
Día null:;;N/A:  | N/A:  | N/A: ;;;Llodó;pat.;;;;;De Sierra Morena gel. Crisálida, pat. Llodó: 640 sacos, 70 bocoyes azúcar, 20 pipss agaardfonte.;;Crisálida;;;gel.;1880_05_02;Sierra Morena;;
Día XX:;;N/A:  | N/A: ;;;Paula;pat.;;;;;De Slorra Morena gol. Sofia, pat. Paula: 819 sacos azúcar y efectos.;;Sofia;;;gol.;1880_05_02;Slorra Morena;;
;;N/A: ;;;Solano;pat.;;;;;De Mariel geleta San Antonio, pat. Solano: 45 pipa aguardiesto.;;San Antonio;;;geleta;1880_05_04;Mariel;;
;;N/A: ;;;Perez;pat.;;;;;De Mariel goleta Justica, patron Perez: 61 bocoyos azúcar.;;Justica;;;goleta;1880_05_04;Mariel;;
;;N/A: ;;;Pajol;pat.;;;;;De Baracoa goleta San José, patron Pajol: 350 sacos 83).;;San José;;;goleta;1880_05_04;Baracoa;;
Día :;;N/A:  | N/A: ;;;Simó;pat.;;;;;De Canasi goleta Correo do Canasi, pat. Simó: 74 boOyes azúcar, & pipas aguardiente.;;Correo;;;goleta;1880_05_04;Canasi;;
;;N/A: ;;;Alemany;pat.;;;;;De San Cayetano goleta Almansa, pat. Alemany: 1300 atravesañon.;;Almansa;;;goleta;1880_05_04;San Cayetano;;
;;N/A:  | N/A:  | N/A:  | N/A:  | N/A:  | N/A:  | N/A:  | N/A: ;;;;;;;;;Da Carahatas goleta Teresita, pat. Santo Domingo: 695 sacos, 226 bocoses pztoar. De Banes goleta Nueva Exporanza, pat. Gil: 40 bocores azúcar. Do Bahia Honda goleta Francisca, pat. Gorrin: 157 Docoyes azúcar. Do San Cayetano goleta Cruz de Mayo, pat. García: 6 tosas maderas. De Cárdenas vapor Soler, cap. Jofrs: 80 bocoyos azuar, 25 pipas aguardiente, 12 fardos suela y efectos.;;;;;;1880_05_04;;;
;;N/A:  | N/A: ;;;Enseñat;p.;;;;;De Sierra Morena gol: Union, p. Enseñat-206 bocoyes, 150 sacos azúcar;;Union;;;gol.;1880_05_14;Sierra Morena;;
;;N/A:  | N/A: ;;;;;;;;;De Cárdenas K. Iela de Cuba p. Zaragoza: 150 co, 26 boca. azúcar.;K. Iela de Cuba;Zaragoza;;;p.;1880_05_15;Cárdenas;;
;;N/A: ;;;Piñeiro;pat.;;;;;De Cárdenas golota Cármen pat. Piñeiro: 130 boco5e8 azúcar.;;Cármen;;;golota;1880_05_15;Cárdenas;;
Día null:;;N/A: ;;;A mengual;patron;;;;;De Dimas g. Margarita patron A mengual: 800 sacos carbou.;;Margarita;;;g.;1880_05_15;Dimas;;
;;N/A:  | N/A: ;;;Juau;p.;;;;;"De Cañas gol. Esmoralds. p. Juau, co bocs.ca"", 102 cuart miel, 46 plpas agdto.";;Esmoralds;;;gol.;1880_05_16;Cañas;;
;;N/A:  | N/A:  | N/A:  | N/A: ;;;Sanchez;cap.;;;;;De Caba vapor Avilés, capitan Sanchez, 43 sacos carbon, 42 oneros, 3 v. ropa y efectos.;;Avilés;;;vapor;1880_05_16;Caba;;
;;N/A:  | N/A:  | N/A: ;;;Braje70;p.;;;;;De Ponta do San Juang. Popills Alvare p. Braje70 ostaoas 60 paiva labrados, 70 caballoalesco duas. esponjas.;;Alvare;;;Popills;1880_05_16;Ponta do San Juang;;
;;;;;Gamanola;pat.;;;;;De Matanzas goleta Marta Ceferina, pat. Gamanola: en lastre.;;Marta Ceferina;;;goleta;1880_05_19;Matanzas;;
;;N/A:  | N/A: ;;;Gabica;cap.;;;;;De Caibarien vapor Alava cap. Gabica: 395 o. azhcar, 80 pipas aguardiente;;Alava;;;vapor;1880_05_19;Caibarien;;
;;N/A:  | N/A:  | N/A: ;;;Bonet;pat.;;;;;De Matanzas gol. gnacita, pat Bonet, con 24 bocoyea azúcar, 28 idem de aguardiente y efectos.;;gnacita;;;gol.;1880_05_20;Matanzas;;
;;N/A:  | N/A:  | N/A:  | N/A: ;;;Herrera;pat.;;;;;Do Cárdenas col. Mercedita, pat. Herrera, con 100 cojes, 80 bocoyes azúcar y 2,000 pise tabla.;;Mercedita;;;col.;1880_05_20;Cárdenas;;
;;N/A:  | N/A: ;;;Gorin-151;p.;;;;;De Bahia Honda Francisca p. Gorin-151 bocoses arnear 50 pips aguar lente.;;Francisca;;;p.;1880_05_22;Bahia Honda;;
;;N/A:  | N/A:  | N/A: ;;;Torres;pat.;;;;;De snagetang Isabelita p: Torres-180 caballos 1:hert gos carreta.;;Isabelita;;;p:;1880_05_22;snagetang;;
;;N/A: ;;;Gil-50;p.;;;;;De Banes bote Nuova Esperanza, p: Gil-50 onarterolas miel de purga.;;Nuova Esperanza;;;bote;1880_05_23;Banes;;
;;N/A:  | N/A: ;;;Inclan;p.;;;;;De Cabañas gol: Josefa, p: Inclan-300 o: y 300 boco50 azúcar.;;Josefa;;;gol:;1880_05_23;Cabañas;;
;;N/A: ;;;Juan-00;p.;;;;;"De Cabañas bdro: Rosita p; Juan-00 cuarterolas de miel:";;Rosita;;;bdro;1880_05_23;Cabañas;;
;;N/A: ;;;Lopes;p.;;;;;De Dominica gol: Dominica p: Lopes-60 bocoses de asdear.;;Dominica;;;gol.;1880_05_25;Dominica;;
;;N/A: ;;;Colomar;p.;;;;;De Canasi go'. abás p: Colomar-340 cajas de aznosr.;;abás;;;go'.;1880_05_25;Canasi;;
;;N/A:  | N/A:  | N/A: ;;;;p.;;;;;De Jiba inarós, p: Lledó-70 fanegas maiz, 10 boco id azúcar y 31 sacoa chicharos.;;Lledó;;;inarós;1880_05_25;Jiba;;
;;N/A:  | N/A: ;;;Pujol-138;;;;;;De Stotra gol: Maria : Pujol-138 osjas, 81 boooyez azucar pipas aguardiente.;;Maria;;;gol:;1880_05_25;Stotra;;
;;N/A: ;;;Calafoll-11;p.;;;;;De Matansa gel: Dos Hermanas, p: Calafoll-11 cajar, 79 bocoyes asåðar.;;Dos Hermanas;;;gel:;1880_05_25;Matansa;;
;;N/A:  | N/A:  | N/A:  | N/A: ;;;Geres-152;p.;;;;;De Sierra Morena goi: Anits, p: Geres-152 o. bocs. azúcar 210 satos carbon, 45 caballos leñs, 10 piezas maquinaria.;;Anits;;;goi:;1880_05_25;Sierra Morena;;
;;N/A:  | N/A:  | N/A: ;;;Gomex;p.;;;;;De Bierra Morena gol: Jóven Manuel, p: Gomex-180 saces, 75 cajas astoar, 54 garrafones miel abeja.;;Jóven Manuel;;;gol.;1880_05_25;Bierra Morena;;
;;N/A:  | N/A:  | N/A:  | N/A: ;;;Juan;p.;;;;;De Cabañas gol: Esmeralda, p: Juan-80 sacos, 90 bo cores azúcar, 42 pipas aguardiente y 43 cerdos.;;Esmeralda;;;gol:;1880_05_25;Cabañas;;
;;N/A:  | N/A:  | N/A:  | N/A: ;;;Jofre;cap.;;;;;De Cardenas vap: Soler, cap. Jofre-16 bocores, una cais azúcar, 5 lios serones y efectes.;;Soler;;;vap;1880_05_25;Cardenas;;
;;N/A:  | N/A:  | N/A: ;;;;;;;;;De Calbarien vap: Alava, oap: Gabica-25 pipas de aguardiente, 25 case musiclones y efectos.;;Alava;;;vap;1880_05_25;Calbarien;;
;;N/A:  | N/A: ;;;Naties;cap.;;;;;De Ouba vap: Ramon de Herrera, cap: Naties-25 barriles aceite coco, 34 sacos cacao y efectos.;;Ramon de Herrera;;;vap.;1880_05_25;Ouba;;
;;N/A: ;;;Joy;p.;;;;;De Bierra Morena gol: Tres Hermanas, p. Joy, 800 a cos carbon.;;Tres Hermanas;;;gol.;1880_05_25;Bierra Morena;;
;;N/A: ;;;Ibañes500;p.;;;;;De Playas San Juan gol: Maria Zaragoza, p: Ibañes500 atravesales.;;Maria Zaragoza;;;gol.;1880_05_25;Playas San Juan;;
;;N/A: ;;;Alemany-129;p:;;;;;De Blerra Morena gol: Matilde, p: Alemany-129 bo00 68 azúcar.;;Matilde;;;gol:;1880_05_25;Blerra Morena;;
;;N/A: ;;;Mayspa-1800;p.;;;;;De Sagus go!: 2 Gertrudis p: Mayspa-1800 soos de carbon.;;Gertrudis;;;go!;1880_05_25;Sagus;;
;;N/A:  | N/A: ;;;Mirelas;p.;;;;;De Teja gol: Enriqueta, p: Mirelas-300 atravesanos y 19 toneladas hierro.;;Enriqueta;;;gol.;1880_05_25;Teja;;
;;;;;;p.;;;;;"De Carahatas gol; Teresita p: Sto. Domingo-210 bo609es asdcar y ofeotos.";bo609es;Teresita;;;gol;1880_05_25;Carahatas;;
;;N/A: ;;;Causa;p.;;;;;De Malas Aguas gol: Carlota p: Causa-11000 ladrillos;;Carlota;;;gol:;1880_05_25;Malas Aguas;;
;;N/A: ;;;Codina;p.;;;;;De Rio de la Palma gol: Panobita p: Codina-1000 sacos carbon.;;Panobita;;;gol:;1880_05_25;Rio de la Palma;;
Día XX:;;N/A: ;;;Mantell;pat.;;;;;De la Teja gol. Manuels, pat. Mantell: 800 sacos carbon.;;Manuels;;;gol.;1880_05_26;la Teja;;
;;N/A: ;;;Justir;pat.;;;;;"Da Bajas gol. Manuelita, pat Justir; con 1,100 sacos carbon.";;Manuelita;;;gol.;1880_05_27;Bajas;;
;;N/A:  | N/A: ;;;Macir;pat.;;;;;"De Santa Cruz gol. Rosa María, pat. Macir; con 285 fanegas mais y 37 pipis aguardiente.";;Rosa María;;;gol.;1880_05_27;Santa Cruz;;
;;N/A:  | N/A:  | N/A: ;;;Garcis;pat.;;;;;De Cárdenas gol Arano ana, pat. Garcis: con 150 caas azúcar, 10 ranes para carriles y 1 mobiliario.;;Arano;;;gol;1880_05_27;Cárdenas;;
;;;;;Cals;pat.;;;;;"De Gibara gol. 6 Mannelas, pat Cals; con efectes.";;6 Mannelas;;;gol.;1880_05_27;Gibara;;
;;N/A: ;;;Dars;pat;;;;;"De Bag ua gol Josefa Coruñesa, pat Dars; con 1,000 sacos carbon.";;Josefa Coruñesa;;;gol;1880_05_27;Bag ua;;
;;N/A: ;;;P.ñeyro;pat.;;;;;"De Cárdenas gol. Cármen, pat. P.ñeyro; con 83 bocoyes azúcar.";;Cármen;;;gol.;1880_05_27;Cárdenas;;
;;N/A:  | N/A:  | N/A:  | N/A: ;;;Roca;p.;;;;;"De Rio Blenco golet.. Irenita, p. Roca; 300 cortes ca tre, 100 atravesafio, 100 paquetes tablillas, 40 piezas madoras.";;Irenita;;;golet;1880_05_29;Rio Blenco;;
;;N/A:  | N/A:  | N/A: ;;;Valent;patrón;;;;;De Cárdenas goleta Maria dei Cátiaen, patron Valent, 500 cajas, 22 sacos FC bocoyes azficar.;;Maria dei Cátiaen;;;goleta;1880_05_29;Cárdenas;;
;;N/A:  | N/A: ;;;Pavia;p.;;;;;"De Cárdenas goleta General la Mar, p. Pavia; 25 cojan y 4 eat.bes száear.";;General la Mar;;;goleta;1880_05_29;Cárdenas;;
;;N/A: ;;;Tur;p.;;;;;"De Mias Agens golota Antonia Kabara, p. Tur; 1000 l. diilos.";;Antonia Kabara;;;golota;1880_05_29;Mias;;
;;N/A: ;;;Lczano;p.;;;;;De Jaimaultas golota Jóven Salvador, p. Lczano: 7500 ladrillos,;;Jóven Salvador;;;golota;1880_05_29;Jaimaultas;;
;;N/A:  | N/A: ;;;Enseñst;pat.;;;;;De Cárdenas gol. Tres Terneas, patron Enseñst: con 60 pajas astcar y 1,400 piés madera.;;Tres Terneas;;;gol.;1880_05_30;Cárdenas;;
Día XX:;;N/A:  | N/A: ;;;Gumancia;pat.;;;;;"De Matanzas gol. Marta Ceferina, pat. Gumancia; en lixtre - De Punta San Juan gol. Paquete de Moron, pat-Subirate 100 caballos leña y 98 palos madera.";;Marta Ceferina;;;gol.;1880_05_30;Matanzas;;
;;N/A:  | N/A: ;;;Perer;patrón;;;;;De Sagus goleta Justica, patron Perer, 30 bocoyes miel, 40 pipa suardionto.;;Justica;;;goleta;1880_06_01;Sagus;;
;;N/A: ;;;Pagés;patron;;;;;De Sagua golot 25 Rosa, patron Pagés, 1000 sacos car bon.;;Rosa;;;golot;1880_06_01;Sagua;;
;;N/A: ;;;Lledó;patrón;;;;;De Gibacoa goleta Vinarós, patron Lledó, 100 fanegas maiz.;;Vinarós;;;goleta;1880_06_01;Gibacoa;;
;;N/A:  | N/A:  | N/A: ;;;Visquerra;p.;;;;;De Matanzas coleta Amalia, pation Visquerra, 45 pipas aguardiente, 74 torojos tabaco y efectos.;;Amalia;;;coleta;1880_06_01;Matanzas;;
;;N/A: ;;;Palmer;patron;;;;;De Sagua g. Geirion patron Palmer: 1200 sacOS ORTbon.;;Geirion;;;g.;1880_06_02;Sagua;;
;;N/A:  | N/A: ;;;Felieó;p.;;;;;De Santa Maria g. Especulation, p. Felieó: 240 babalos leña, 60 a. carbon.;;Especulation;;;g.;1880_06_02;Santa Maria;;
;;N/A:  | N/A: ;;;Fernandez;p.;;;;;"De Manimang Nueva Concha p. Fernandez; 20) piezas maderas y efectos.";;Nueva Concha;;;p.;1880_06_02;Manimang;;
Día XX:;;N/A:  | N/A:  | N/A: ;;;Jofre;cap.;;;;;De Cárdenas vap. Boler. cap. Jofre: 600 pipas, 40 mediss pp. aguardiente, 17 fardos suela y efontos;;Boler.;;;vap.;1880_06_02;Cárdenas;;
;;N/A:  | N/A:  | N/A:  | N/A: ;;;Bivas;pat.;;;;;De Nuevitas goleta Dichosa, patron Bivas, 350 caballos leña, 150 atravesaños, 160 sacss oarbon. 25 caballos gaano y efectos.;;Dichosa;;;goleta;1880_06_02;Nuevitas;;
;;N/A:  | N/A: ;;;Lopez;p.;;;;;De la Dominios g. Dominica, p. Lopez-30 loc. azácar y 17 idem miel.;;Dominica;;;g.;1880_06_03;Dominios;;
;;N/A:  | N/A: ;;;Baldó;p.;;;;;De Panta San Juan g. Paz, p. Baldó-.: '48, 250 atravesaños y 50 nalos.;;San Juan;;;g.;1880_06_03;Panta;;
;;;;;Becejan-800;p.;;;;;De Dimas g. Linco, p. Becejan-800 a. cay efeotoa.;;Linco;;;g.;1880_06_03;Dimas;;
;;N/A: ;;;Colomar;pat.;;;;;Da Canasi gol. Sabás, pat. Colomar, 96 booryes de azúcar.;;Sabás;;;gol.;1880_06_04;Canasi;;
;;;;;Linares;pat.;;;;;De Mataɛzie gol. Desempeño, pat. Linares, en lastre.;;Desempeño;;;gol.;1880_06_04;Mataɛzie;;
;;N/A: ;;;Jofre;pat.;;;;;De la Teja gol. Dos Amigos, pat. Jofre, 100 bocoses azúcar.;;Dos Amigos;;;gol.;1880_06_04;la Teja;;
;;N/A:  | N/A:  | N/A:  | N/A:  | N/A: ;;;Vish;pat.;;;;;De Cabañas gol. Nuestra Señora de la Caridad, pat, Vish, 200 sacos, 21 bocoyes, 21 cajas, 17 estuches azúcar y efectos.;;Nuestra Señora de la Caridad;;;gol.;1880_06_04;Cabañas;;
;;N/A:  | N/A:  | N/A: ;;;Juan;patron;;;;;De Cabañiss balandro Rosita, patron Juan 40 pipas agaardiente, 12 boce, miel.;;Rosita;;;balandro;1880_06_05;Cabañiss;;
;;N/A: ;;;Losano;patron;;;;;De Jaimanitas guleta Jóven Salvador, patron Losano 23 bocoyes azúcar.;;Jóven Salvador;;;guleta;1880_06_05;Jaimanitas;;
;;N/A:  | N/A: ;;;Bilbao;pt.;;;;;De Panta San Juan gol, Engracia, pt. Bilbao, 144 palos labrados y 120 caballes leña;;Engracia;;;gol;1880_06_06;Panta San Juan;;
;;N/A:  | N/A: ;;;Pajol;pat.;;;;;Dean Caretaso gol. Carmita, pat. Pajol, 610 caballos leñas y 10 ipas agnandionte.;;Carmita;;;gol.;1880_06_06;Dean;;
;;N/A:  | N/A: ;;;Macip;pat.;;;;;De Santa Cru gol. Poss Maria, pat. Macip, 80 bocoyea azúcar y 17 pipas aguardiente.;;Poss Maria;;;gol.;1880_06_06;Santa Cru;;
;;N/A: ;;;Fluxás;pat.;;;;;DDlm gol. Amable Resita, pat. Fluxás, 800 sac08 carbon.;;Amable Resita;;;gol.;1880_06_06;DDlm;;
;;N/A:  | N/A:  | N/A:  | N/A:  | N/A: ;;;Olivera;p.;;;;;De Puerto Padre y Cárdenas gole'a Amistad p. Olivera, 500 varas madera, 660 atravasaños, 600 estacas carreta, 40 boo0yes azúcar y efectos;;Amistad;;;gole'a;1880_06_08;Puerto Padre y Cárdenas;;
;;N/A: ;;;Pujol;p.;;;;;De Jarneo goleta Golondrina, p. Pujol, 40 caballos de leña.;;Golondrina;;;goleta;1880_06_08;Jarneo;;
;;N/A:  | N/A: ;;;Herrera;p.;;;;;De Cardona cieta Mercedita, p. Herrera, 400 pies maderas y efectos;;Mercedita;;;cieta;1880_06_08;Cardona;;
;;N/A: ;;;Fells;patrón;;;;;De Muista goleta Doloros, patron Fells, 800 sacos oarLon. .;;Doloros;;;goleta;1880_06_08;Muista;;
;;N/A:  | N/A:  | N/A: ;;;Gana;cap.;;;;;De Cuba vip Jaan Mir cap. Gana. 2 booves ardcar. 7: garrafnes Holanda, 43 garrafonos Mallorca.;;Jaan;;;vip;1880_06_09;Cuba;;
;;N/A:  | N/A: ;;;Coli;cap.;;;;;De Sazus vapor Cuba capitau Coli, 2 bocoyes azúcar, 15 baltos equipala teren esponjas.;;Cuba;;;vapor;1880_06_09;Sazus;;
;;N/A: ;;;Roca;patron;;;;;De Toja gelets Gallego patron Roca, 803 sacos carbon.;;Gallego;;;gelets;1880_06_09;Toja;;
;;N/A:  | N/A: ;;;;;;;;;De Sierra Morena gcpatron Paula, 131 sacos 119 bo oyes azúcar.;;Paula;;;gcpatron;1880_06_09;Sierra Morena;;
;;N/A: ;;;Maten;patron;;;;;De T ja golets Catalina patron Maten, 200 sacos carbon.;;Catalina;;;golets;1880_06_09;T ja;;
;;N/A:  | N/A:  | N/A:  | N/A: ;;;Cuevaɛ;p.;;;;;De Cárdenas g. Angelite, [p. Cuevaɛ-50 cajas azúDa Canasi g. Sabás, p. Colomar-59 bocoyes, 120 cm. jas azúcar y afectos.;;Angelite;;;g.;1880_06_10;Cárdenas;;
;;N/A: ;;;Lozano;p.;;;;;De Jaimanitas g. Jóven Salvador, p. Lozano-2:00 ladrillo.;;Jóven Salvador;;;g.;1880_06_10;Jaimanitas;;
;;;;;Ron;cap.;;;;;De Caba vapor Clara, cap. Ron-Con efectos.;;Clara;;;vapor;1880_06_10;Caba;;
;;N/A: ;;;Riera;pat.;;;;;De la Teja go. San F.anolsco, pat Riera: 1000 s. carbon.;;San F.anolsco;;;go.;1880_06_11;la Teja;;
;;N/A: ;;;Suarez;p.;;;;;De Gibara gel. Igna la Aleman, p. Suarez: 930 atravesaDos;;Igna la Aleman;;;gel.;1880_06_11;Gibara;;
;;N/A: ;;;Serra;pat.;;;;;De la Tej gol. Isabel II, pat. Serra: 200 sacos carbon.;;Isabel II;;;gol.;1880_06_11;Tej;;
Día 01:;;N/A:  | N/A: ;;;Deulofeu;p.;;;;;De Cabañas g. Ntra. Sra. del Carmen: p. Deulofeu: 58 bocores azhar, 37 pipasazuardiente.;;Ntra. Sra. del Carmen;;;g.;1880_06_11;Cabañas;;
;;N/A: ;;;Fernandez;p.;;;;;De Tela gol. Altagracia, p. Fernandez-1000 sacos de carbon.;;Altagracia;;;gol.;1880_06_12;Tela;;
;;N/A: ;;;Orbay;patrón;;;;;De idem gol: Antonia, patron Orbay-600 sacos carbon.;;Antonia;;;gol:;1880_06_12;idem;;
;;N/A: ;;;Ferrer;pat.;;;;;De idem gol. Jóvea Lulas, patron Ferrer-1000 sacos carbon.;;Jovéa;;;gol.;1880_06_12;idem;;
;;N/A:  | N/A: ;;;Valent;p.;;;;;De Cárdenas gol. Maria del Carmen, p. Valent-100 boooyes y 300 soos sxdcar.;;Maria del Carmen;;;gol.;1880_06_12;Cárdenas;;
;;N/A:  | N/A: ;;;Mayan-563;p.;;;;;De Malas aguas gol. Maris Bibila, p. Mayan-563 saballos leña y 243 sacos carbon...;;Maris Bibila;;;gol.;1880_06_12;Malas aguas;;
;;N/A: ;;;Oloso;patrón;;;;;De Bagua goleta Rosit, patron Oloso-500 sacos de carbon.;;Rosit;;;goleta;1880_06_12;Bagua;;
;;N/A:  | N/A:  | N/A:  | N/A: ;;;Ponte;p.;;;;;De Nuoritaa goleta Emilia, p. Ponte, 50 atravesaños 300 caballos lefia, 11 tarcios cera y efectos.;;Emilia;;;goleta;1880_06_13;Nuoritaa;;
;;N/A:  | N/A:  | N/A: ;;;Sto. Domingo;p.;;;;;De Carabatas goleta Teresita p Sto. Domingo, 100 s. 170 bocoyes azúcar, 9 pp. agte y ifactos.;;Teresita;;;goleta;1880_06_13;Carabatas;;
;;N/A: ;;;Barrera;p.;;;;;De Sierra Morena golets 2 Ignacia, p. Barrera, con maderas.;;Ignacia;;;golets;1880_06_13;Sierra Morena;;
;;N/A:  | N/A:  | N/A:  | N/A: ;;;Palmer;p.;;;;;De Calbarien Ral. Orio, p. Palmer-150 caobas, 20 palos majagua, 50 carbon y efectos.;;Orio;;;Ral.;1880_06_15;Calbarien;;
;;N/A:  | N/A:  | N/A: ;;;Carbonell;p.;;;;;De Maansas gol. Elvira, p. Carbonell-50 pp. aguardiente, 8 bocoyes asdoar y efectos;;Elvira;;;gol.;1880_06_15;Maansas;;
;;N/A:  | N/A:  | N/A: ;;;Enseñst-14000;p.;;;;;De Cárdenas gal. Tres Teresas, p. Enseñst-14000 p16a maderas, 30 c. sadcar y efectos.;;Tres Teresas;;;gal.;1880_06_15;Cárdenas;;
;;N/A:  | N/A: ;;;Enseñst-220;p.;;;;;De Blerra Morena gol. Union, p. Enseñst-220 bocoyea y 19 n. Redcar.;;Union;;;gol.;1880_06_15;Blerra;;
;;N/A:  | N/A: ;;;Vioh-31;p.;;;;;De Cabalaa gol. Ntra. Sra. de la Caridad, p. Vioh-31 boca.. 156 a. y 22 c. axdicar,;;Ntra. Sra. de la Caridad;;;gol.;1880_06_15;Cabalaa;;
;;;;;;;;;;;De Teja gol carbon;;carbon;;;gol;1880_06_15;Teja;;
;;N/A:  | N/A: ;;;Colomar;p.;;;;;De Canasi gol Babás, p. Colomar-960 cafas azúcar y 23 bocoyes mlol;;Babás;;;gol.;1880_06_15;Canasi;;
;;N/A:  | N/A:  | N/A: ;;;Madip-974;p.;;;;;De Santa Crus gol: Rosa Maria, p. Madip-974 fanegas mais, 100 sacos arbeias y efectos.;;Rosa Maria;;;gol.;1880_06_15;Santa Crus;;
;;N/A: ;;;Lopen;p.;;;;;De Cabañas g. Uaballo Marino p. Lopen 346 o. azúcar;;Uaballo Marino;;;g.;1880_06_15;Cabañas;;
;;N/A:  | N/A:  | N/A: ;;;Portella;p.;;;;;De Sta. Maria g. Neptuno p. Portella: 1.000 sacos carbou. De Playas de San Juan g. Agustina, pat. Salvá: 57 boca, azúcar, 600 s. carbon.;;Neptuno;;;g.;1880_06_15;Sta. Maria;;
;;N/A:  | N/A:  | N/A:  | N/A: ;;;Planas;patron;;;;;De Mantua goleta Potosi, patron Planas: 1,000 sao08 parbon. De Camarones gol. Margarita pat. Moll: 9,500 sacos carbon. De Santa Maria g. Francisca Gener, p. Calvet 1,500 .  idem. De Calbarien vap. Alava, cap. Gabica: 492 8. galletas 35 pp. aguardiente y efectos..;;Potosi;;;goleta;1880_06_15;Mantua;;
;;N/A:  | N/A:  | N/A: ;;;Bitches;cap.;;;;;De Cuba vapor Morters, cap. Bitches, 27 barriles soelto de coco, 2 cajas astoar y efectos.;;Morters;;;vapor;1880_06_16;Cuba;;
;;N/A: ;;;Garriga;pat.;;;;;De la Teja golota 2 Lus de Yara, patron Garriga, 600 sacos carbon.;;2 Lus de Yara;;;golota;1880_06_16;Teja;;
;;N/A:  | N/A: ;;;Liedo;patrón;;;;;De Gibacoa goleta Vinarós, patron Liedo, 70 fanegas mais, 0 cajas astcar.;;Vinarós;;;goleta;1880_06_16;Gibacoa;;
;;N/A:  | N/A: ;;;Ferrer;pat.;;;;;De Malas Aguas goleta Tulita, patron Ferrer, 1009 cm ballos leña, 37000 ladrillos. De la Tejs goleta San Francisco, patron Martines, 200 sacos carbon.;;Tulita;;;goleta;1880_06_16;Malas Aguas;;
;;N/A: ;;;Gll;pat.;;;;;De Banes goleta Nueva Esperanza, patron Gll, 46 bocores astcar.;;Nueva Esperanza;;;goleta;1880_06_17;Banes;;
;;N/A: ;;;Pagés;pat.;;;;;De Sagas goleta Rosa, patron Pagés: 1000 sacos carbon.;;Rosa;;;goleta;1880_06_18;Sagas;;
;;N/A:  | N/A: ;;;Calafell;pat.;;;;;De Matanzas goleta 2 Hermanas, patron Calafell: 44 pipas aguardiente, 39 serones tasajo,;;2 Hermanas;;;goleta;1880_06_18;Matanzas;;
;;N/A: ;;;Pas;patrón;;;;;De Sagua goleta Oarmita, patron Pas: 800 saces carbon. Da Mantua goleta Margarita, patron Amengual: 800 BROOB carbon,;;Oarmita;;;goleta;1880_06_18;Sagua;;
;;N/A:  | N/A:  | N/A:  | N/A: ;;;Jefre;p.;;;;;De la Teja g. Dos Amigos p. Jefre 20 bocoyes y 172 8. azdaar 160 arabos y efectos.;;Dos Amigos;;;g.;1880_06_19;la Teja;;
;;N/A: ;;;Juan;p.;;;;;De Cabañas balandro Rosita p. Juan, 60 cuarterolas miel,;;Rosita;;;balandro;1880_06_19;Cabañas;;
;;N/A:  | N/A:  | N/A:  | N/A: ;;;Duran;p.;;;;;De la Mulata g. Mercedita p. Duran: 90 a. carbon 132 piesas maderas 70 yugos y factos.;;Mercedita;;;g.;1880_06_19;Mulata;;
;;N/A:  | N/A: ;;;Escandell;p.;;;;;De Bahia Honda g. E'oisa p. Escandell, 63 bocoyes azúcar y 40 ouarterolas miol,;;E'oisa;;;g.;1880_06_19;Bahia Honda;;
;;N/A:  | N/A:  | N/A: ;;;Earrich;p.;;;;;De Ferracos g. 9 Maria, p. Earrich: 600 atravesafios, 200 varas madera. 6 juegos carreta.;;9 Maria;;;g.;1880_06_20;Ferracos;;
Día 30:;;N/A: ;;;Cuevas;pat.;;;;;De Cárdenas gol. Angelita pat. Cuevas: 30 oajas azńcar.;;Angelita;;;gol.;1880_06_20;Cárdenas;;
;;N/A:  | N/A:  | N/A: ;;;Pellicer;pat.;;;;;De Matársas g. Emilio, pat. Pellicer: 44 bocoyes agaardiente, 31 terolos tabacos y efastos.;;Emilio;;;g.;1880_06_20;Matársas;;
;;N/A:  | N/A: ;;;Colomar;p.;;;;;"De Canasi g. Sabas, p. Colomar; 258 o., 24 bocoyes asúcar y efectos.";;Sabas;;;g.;1880_06_20;Canasi;;
;;N/A: ;;;Rojas;p.;;;;;De idem goleta Castilla p. Rojas-1.600 caves carbon.;;Castilla;;;goleta;1880_06_22;idem;;
;;N/A:  | N/A:  | N/A:  | N/A: ;;;Cabrera;p.;;;;;De Teja g. San Joié p. Cabrera-140 saces, 56 bonoyas azúcar y efectos.;;San Joié;;;g.;1880_06_22;Teja;;
;;N/A:  | N/A:  | N/A: ;;;Paula;p.;;;;;De Blerra Morena g. Sofia p. Paula–98 bacoyés y 260 sacos azúcar y efectos.;;Sofia;;;g.;1880_06_22;Blerra;;
;;N/A:  | N/A:  | N/A:  | N/A: ;;;Visquerra;p.;;;;;De Matanzas g. Amalis p. Visquerra-11 bocores &zúcar 20 perones tasajo y efectos.;;Amalis;;;g.;1880_06_22;Matanzas;;
;;N/A:  | N/A:  | N/A: ;;;Valent;p.;;;;;De Cárdenas g. Me del Cármen p. Valent, 500 cajas 40 bocores kucar.;;Me del Cármen;;;g.;1880_06_22;Cárdenas;;
;;N/A: ;;;Liedo-200;patrón;;;;;De Gibacos goleta Vinarós patron Liedo-200 caballos leña;;Vinarós;;;goleta;1880_06_22;Gibacos;;
;;N/A:  | N/A:  | N/A: ;;;Gallego;p.;;;;;De Bajas g. Cármen Nombre de Dios p. Gallego-200sacos carbon, 320 palanoas yaya, 95 cavallos leha.;;Cármen;;;g.;1880_06_22;Bajas;;
;;N/A:  | N/A: ;;;Lopez;p.;;;;;De Callarien goleta Joaquina p. Lopez-700 stravesiños y efectos.;;Joaquina;;;goleta;1880_06_22;Callarien;;
;;N/A: ;;;Calanda;patrón;;;;;De la Teja golota Júcaro, patron Calanda: 800 secos de carbon.;;Júcaro;;;golota;1880_06_23;Teja;;
;;N/A: ;;;Garcia;patrón;;;;;De la Teja goleta Leonards, patron Garcia, 860 mmcqa carben.;;Leonards;;;goleta;1880_06_23;la Teja;;
;;N/A:  | N/A:  | N/A:  | N/A: ;;;Roca;pat.;;;;;De Bo B'anco golete Terealta, patron Roca: 2'4 a travesafios. 15 caobas, 13 majaguas, 55 cedros.;;Terealta;;;golete;1880_06_23;Bo B'anco;;
;;N/A: ;;;Lezano;p.;;;;;De Jaimanitas goleta Jovan Salvador, p. Lezano, 7500 ladrillos.;;Jovan;;;goleta;1880_06_23;Jaimanitas;;
;;N/A: ;;;Llovet;patrón;;;;;De Danas goleta Angelita, patron Llovet 100 ong bon.;;Angelita;;;goleta;1880_06_23;Danas;;
;;N/A:  | N/A:  | N/A: ;;;Gil;patrón;;;;;De Banes goleta Nueva Esperanz», patron Gil, 48 bo Cores azúcar. De Cabañas g. Conchita, patron Arocha, 106 quartis. miel, 12 bocs, astcar.;;Nueva Esperanz;;;goleta;1880_06_23;Banes;;
;;N/A:  | N/A:  | N/A:  | N/A: ;;;Alemañr;pat.;;;;;"De Matiaras gol. Maria, pat. Alemañr; 15 boooyes azdoar, 229 atados tiras majagua, 20 pipas vino y ofeotos.";;Maria;;;gol.;1880_06_25;Matiaras;;
;;N/A: ;;;Colamar;pat.;;;;;"De Bagua, gol. Segunda Isabel, pat. Colamar; 10,000 sacos carbon.";;Segunda Isabel;;;gol.;1880_06_25;Bagua;;
;;N/A: ;;;Moner;pat.;;;;;"De Teja gol. Bofia, pat. Moner; 10,003 sacos carbon.";;Bofia;;;gol.;1880_06_25;Teja;;
;;N/A: ;;;Martines;pat.;;;;;"De Banes gol. Ceoilla Manuela, pat. Martines; 32 bocopes astcar.";;Ceoilla;;;gol.;1880_06_25;Banes;;
;;N/A: ;;;Bonet;pat.;;;;;De Matanzas goleta Igaacita, patron Bonet: 107 sacos arroz.;;Igaacita;;;goleta;1880_06_26;Matanzas;;
;;N/A:  | N/A:  | N/A: ;;;Pujol;patron;;;;;De Jaruco golota Golondrina, patron Pujol: 100 caballos leña, 35 fanegas mais y efootos.;;Golondrina;;;golota;1880_06_26;Jaruco;;
;;N/A:  | N/A:  | N/A: ;;;Pavia;pat.;;;;;De Ofrdenss go eta Genoral la Mar, patron Pavia: 100 ascos hueso, 14 pacas trapos y efactos.;;Genoral la Mar;;;go;1880_06_26;Ofrdenss;;
;;N/A: ;;;Suao;pat.;;;;;De Blerra Morena goleta Habanora, patron Suao: 1000 sacos carbon.;;Habanora;;;goleta;1880_06_26;Blerra;;
;;N/A:  | N/A:  | N/A: ;;;Kasat-139;p.;;;;;De Bierra Morens g. Union p. Kasat-139 becayes 107 moos aster, 30 pipas aguardiente, UT buiteseDe Nueritg. . Dolores p. Bernson-406 move (sarbei 180 caballes lelle y efectos.;;Union;;;g.;1880_06_27;Bierra;;
;;;;;Grandal Ballies;patron;;;;;De Bases g. José Manuel patron Grandal Ballies.;;José Manuel;;;g.;1880_06_27;Bases;;
;;N/A: ;;;Gll;p.;;;;;De Banes gol. Nueva Esperanza, p. Gll, 45 boooyes azújar;;Nueva Esperanza;;;gol.;1880_06_29;Banes;;
;;N/A:  | N/A: ;;;Cuevas;p.;;;;;"De Cánienas gol. Angelita, p. Cuevas; 56 boooyes azúcar y efectos";;Angelita;;;gol.;1880_06_29;Cánienas;;
;;N/A: ;;;Enseñst;p.;;;;;De Sagna gol. Jóven Vicenta, p. Enseñst: 1000 sacos carbon;;Jóven Vicenta;;;gol.;1880_06_29;Sagna;;
;;N/A:  | N/A:  | N/A: ;;;Juan;p.;;;;;De Cabañas balandro Rosita, p. Juan: 33 pipas aguardiente, 22 asjas azúcar y 17 cuarterolas miel;;Rosita;;;balandro;1880_06_29;Cabañas;;
;;N/A: ;;;Granda;p.;;;;;"De Calbarlen gol. Enriqueta, p. Granda; 600 caballos oña";;Enriqueta;;;gol.;1880_06_29;Calbarlen;;
Día :;;N/A: ;;;Zaragosa;p.;;;;;De Sagus gol. Flor de Sagua, p. Zaragosa: 1000 sacos carbon.;;Flor de Sagua;;;gol.;1880_06_29;Sagus;;
;;N/A: ;;;Dans;p.;;;;;De ldem goleta Josefa Coruñesa, p. Dans: 1000 sacos carbon.;;Josefa Coruñesa;;;goleta;1880_06_29;ldem;;
;;N/A: ;;;P.Koyro;p.;;;;;De Cárdenas gol. Ntra. Sra. del Carmen, p. P.Koyro Hi cajas asdcar De Playas San Juan gol. M? Z ɩragoza, p. Ibañer: 600 atravesaños. De Jaraoo goleta Jaruqueña, p. Sancheɛ: 19030 ladrilos De Sierra Morena gol. Habanera, p. Suas: 820 sacos Barbon Da Blerra Morena gol. Elvira, patron Ortis: 800 5008 carbon. De Carahatas gol. Teresita, p. Santo Domingo: 327 sacos de asdoar y efectos.;;Ntra. Sra. del Carmen;;;gol.;1880_06_29;Cárdenas;;
Día 01:;;N/A: ;;;Almansa;pat.;;;;;De la Toja goleta Dos Sofias, pat. Almansa: 1,000 sacon carbon,;;Dos Sofias;;;goleta;1880_07_01;la Toja;;
Día null:;;N/A:  | N/A: ;;;Colomar;pat.;;;;;De Bagus g. Antonia: pat. Colomar: 1,300 s. carbon, 18 terolos tabaco.;;Antonia;;;g.;1880_07_01;Bagus;;
;;;;;Mandilego;pat.;;;;;De Matanzas goleta Maria Josefa, pat. Mandilego, en lastra.;;Maria Josefa;;;goleta;1880_07_01;Matanzas;;
;;N/A:  | N/A: ;;;Colomar;p.;;;;;De Canasi gol. Sabás p. Colomar: 222 cajas y 34 bossyes astoar.;;Sabás;;;gol.;1880_07_01;Canasi;;
;;N/A:  | N/A: ;;;Maolp;p.;;;;;"De Bants Cruz g Centinela, p. Maolp; 335 a. mais, 44 fanegas malz.";;Centinela;;;g;1880_07_01;Bants;;
;;N/A:  | N/A: ;;;Valent;pat.;;;;;De Cárdenas goleta Maria del Carmen, patron Valent 400 cajas asacar, 300 docenas esponjas. De Cabañas g. Caballo Marino, p. Lopes: 450 cajas 17 boooves azúcar.;;Maria del Carmen;;;goleta;1880_07_01;Cárdenas;;
;;N/A:  | N/A:  | N/A:  | N/A:  | N/A:  | N/A: ;;;Tur;p.;;;;;"De Malas Agnas g Antonia p. Tur; 7,0:0 ladrillos 200 caballos leña, 8 pp carbon. De Cabañas g. Nuestra Sra. del Carmen, p. Deulofeo 9,600 ladrillos, 40 pp aguardiente.";;Antonia;;;g;1880_07_01;Malas Agnas;;
;;N/A: ;;;Oual;cap.;;;;;De Csibarien vapor A'ava cap. Oual: 3 serones esponjas.;;A'ava;;;vapor;1880_07_02;Csibarien;;
;;N/A: ;;;Mazoni;patrón;;;;;De Dimas goleta Maria patron Mazoni, 800 sacos carbon,;;Maria;;;goleta;1880_07_02;Dimas;;
;;N/A:  | N/A:  | N/A:  | N/A: ;;;Lledó;p.;;;;;De Gibacoa goleta Vinarós, pation Lledó, 43 caballos Refis, 36 cajas astoar, 40 fanegas mals, 9 sacos de chipharos.;;Vinarós;;;goleta;1880_07_02;Gibacoa;;
;;;;;Vich Den;pat.;;;;;De Cabañas geleta Ntra Sra. de la Caridad, pat Vich Den varles efectos:;;Ntra Sra. de la Caridad;;;geleta;1880_07_02;Cabañas;;
;;N/A:  | N/A:  | N/A:  | N/A: ;;;Torres;pat.;;;;;De Cabañas goleta Maria del Carmen, paton Torres, 58 boooyes y 61 sacos astinar, 10 sacos carbon yefeotos.;;Maria del Carmen;;;goleta;1880_07_03;Cabañas;;
;;N/A: ;;;Calafell;pat.;;;;;De Matanzas galeta Dos Hermanas, patron Calafell, 8000 ar. tasajo al granel.;;Dos Hermanas;;;galeta;1880_07_03;Matanzas;;
;;N/A: ;;;Riera;patrón;;;;;De la Teja goleta Ban Francisco, patron Riera, 1000 a. carbon.;;Ban Francisco;;;goleta;1880_07_03;Teja;;
;;N/A: ;;;Codina;pat.;;;;;De Santa Isabel goleta Panchita, patron Codina, 1000 sacus carbon.;;Panchita;;;goleta;1880_07_03;Santa Isabel;;
;;N/A:  | N/A: ;;;Vioh;patrón;;;;;De Cabañas goleta Nuestra Sra. dé la Caridad, patron Vioh, to boos. azúcar, 2 pailas.;;Nuestra Sra. dé la Caridad;;;goleta;1880_07_03;Cabañas;;
;;N/A: ;;;Pujol;patro;;;;;De Santa Maria goleta Nuevo Hilario, patro Pujol– 700 sacos carbon.;;Nuevo Hilario;;;goleta;1880_07_03;Santa Maria;;
;;N/A: ;;;Pujol;pat.;;;;;De Banta Lucis goleta Carmita, patron Pujol, 600 caballos leña.;;Carmita;;;goleta;1880_07_03;Banta;;
;;N/A: ;;;Losano;pat.;;;;;De Jaimanitas goleta Jóven Salvador, patron Losano: 7000 ladrillow.;;Jóven Salvador;;;goleta;1880_07_04;Jaimanitas;;
;;N/A:  | N/A:  | N/A: ;;;Alemany;patrón;;;;;De Sierra Morena goleta Matilda. patron Alemany: 1008 sacos carbon, 47 čajas sadar, 4) dnas. esponjas.;;Matilda;;;goleta;1880_07_04;Sierra Morena;;
;;N/A:  | N/A:  | N/A: ;;;Enseñat;p.;;;;;De Cárdenas g. Tres Teresas p. Enseñat-8 cajas aadear, 18600 piesas madera y efectos.;;Tres Teresas;;;g.;1880_07_06;Cárdenas;;
;;N/A:  | N/A: ;;;Jares-164;patrón;;;;;De Arroyos boto Arturo patron Jares-164 carriles y ofestos.;;Arturo;;;boto;1880_07_06;Arroyos;;
;;N/A: ;;;Acuña-2000;pat.;;;;;De Bagus goleta Nuevo Pope patron Acuña-2000 BRCom carbon.;;Nuevo Pope;;;goleta;1880_07_06;Bagus;;
;;N/A: ;;;Bornasa;pat.;;;;;De Mintus goleta Dos Hermanas patron Bornasa 200 sacos carbon.;;Dos Hermanas;;;goleta;1880_07_06;Mintus;;
;;N/A: ;;;Matan;patrón;;;;;De la Tela goleta Catalina patron Matan-200 sacos carbon.;;Catalina;;;goleta;1880_07_06;Tela;;
;;N/A:  | N/A: ;;;Frasqual;p.;;;;;De Garnacha balandro Fornandita p. Frasqual-300 quintales cáscara mangle y efectos.;;Fornandita;;;balandro;1880_07_06;Garnacha;;
;;N/A: ;;;Pajós;p.;;;;;De Sagna g Segunda Rosa, p. Pajós: 1000 88003 car bou.;;Segunda Rosa;;;g;1880_07_07;Sagna;;
;;N/A:  | N/A: ;;;Vizquerra;p.;;;;;De Matanzas.g. Amalla, p. Vizquerra: 1000 arroba taajo y efectes.;;Amalla;;;g.;1880_07_07;Matanzas;;
;;N/A: ;;;Jerez;pat.;;;;;"De Sierra Morena g. Anits, pat. Jerez; 1000 sacos carbon.";;Anits;;;g.;1880_07_07;Sierra Morena;;
;;N/A:  | N/A: ;;;Paula;p.;;;;;De Ilem g. Sofis, p. Paula: 350 s. y 70 bocoyes azúcar y efectos.;;Sofis;;;g.;1880_07_07;Ilem;;
;;N/A: ;;;Grandal;p.;;;;;De B nes balandro José Manuel, p. Grandal, 7000 ladrillos.;;José Manuel;;;balandro;1880_07_08;B;;
;;;;;Carreras;cap.;;;;;De Cuba vapor Cuba, cap. Carreras con efectos.;;Cuba;;;vapor;1880_07_09;Cuba;;
;;;;;Gablos-oon;cap.;;;;;De Caibarien vapor Alava, cap. Gablos-oon efes. tos. De Males Aguas vapor Bahia Honda, cap. Unibaso-— con efectos.;;Alava;;;vapor;1880_07_09;Caibarien;;
;;N/A:  | N/A: ;;;Visquerra;p.;;;;;De Puerto Padre g. Paquita, p. Visquerra-370 atravonazos y 24 estacas.;;Paquita;;;g.;1880_07_09;Puerto Padre;;
;;N/A:  | N/A:  | N/A:  | N/A: ;;;Toro-1250;p.;;;;;De Sagua g. Bita Fortuna, p. Toro-1250 a. carbon, 93 garrafonos ginebra, 180 terolos tabaco y efectes.;;Bita Fortuna;;;g.;1880_07_09;Sagua;;
;;N/A: ;;;Colomar;tatron;;;;;"De Cannei gol. Babas tatron Colomar; 130 cajas €0 boveznjar..";;Babas;;;gol.;1880_07_10;Cannei;;
;;N/A: ;;;Enseñst;pat.;;;;;De Sierra Morena g. Union pat. Enseñst: 227 bɔco508 an ar;;Union;;;g.;1880_07_10;Sierra Morena;;
;;N/A:  | N/A: ;;;Macip;pat.;;;;;De Sta. Cruz g. Centinola, pat. Macip: 76 fanegas 189 B. mais, 140 ar. bontatos.;;Centinola;;;g.;1880_07_10;Sta. Cruz;;
;;N/A:  | N/A: ;;;Juan g.;p.;;;;;De Playa de 8. Juan g. Ceforins p Garofa: 150 plesas maderas. 200 caballos lens.;;Ceforins;;;;1880_07_10;Playa de 8;;
;;N/A: ;;;Fluxá;pat.;;;;;"De Mintus goleta Amable Rosita, pat. Fluxá; 800 sa30% osi bin";;Amable Rosita;;;goleta;1880_07_10;Mintus;;
;;N/A: ;;;Benejan;pat.;;;;;"De Margajita gol. Lince pat, Benejan; 600 saces carDon.";;Lince;;;gol.;1880_07_10;Margajita;;
;;N/A:  | N/A:  | N/A:  | N/A: ;;;Alemany;p.;;;;;De Playas de San Juan g. Almauss p. Alemany, 500 atravessños, 25 palos maderas, 25 arabos, 65 lios majagua;;Almauss;;;g.;1880_07_11;Playas de San Juan;;
;;;;;AlemañƑ;patrón;;;;;De Matangas goleta Maria patron AlemañƑ: con esfèctos.;;Maria;;;goleta;1880_07_11;Matangas;;
;;N/A: ;;;Anglada;p.;;;;;"De Dimas goleta Dos Amigos p. Anglada; 1000 88008 carbon.";;Dos Amigos;;;goleta;1880_07_11;Dimas;;
;;N/A:  | N/A: ;;;Enrloh;p.;;;;;De Bsn Caretano g. Segunda Maria p. Enrloh 700 poHoes, 400 varas maderas.;;Caretano;;;g.;1880_07_11;Bsn;;
;;N/A:  | N/A: ;;;Roca;p.;;;;;De Borracos goleta Yrenita p. Roca: 500 atravesaños 150 varas maderas.;;Yrenita;;;goleta;1880_07_11;Borracos;;
;;;;;Pajol;patrón;;;;;De Baiacos goleta San José patron Pajol-En las tre;;San José;;;goleta;1880_07_11;Baiacos;;
;;N/A: ;;;Calzada;patrón;;;;;De la Teja goleta Júcaro patron Calzada: 800 sacos carbon.;;Júcaro;;;goleta;1880_07_13;la Teja;;
;;N/A:  | N/A: ;;;;;;;;;De Gibacoag, Vinarós p. Lledo: 150 caballos leia, 40 fanegas maiz.;Vinarós;Lledo;;;p.;1880_07_13;Gibacoag;;
;;N/A:  | N/A:  | N/A:  | N/A: ;;;Rivas;p.;;;;;De Nuevitas g. Dichoss p. Rivas: 390 atravesaños, 55 ostages 50 sacos carbon y cteotos.;;Dichoss;;;g.;1880_07_13;Nuevitas;;
Día null:;;N/A:  | N/A: ;;;Santo Domingo;p.;;;;;De Carahatas g. Teresita p. Santo Domingo: 78 boCovos azúcar y efectos.;;Teresita;;;g.;1880_07_13;Carahatas;;
;;N/A: ;;;Piñeyre;patrón;;;;;De Cárdenas goleta Cármen patron Piñeyre: 500 caaB actsar.;;Cármen;;;goleta;1880_07_13;Cárdenas;;
;;N/A:  | N/A: ;;;Portel;pat.;;;;;De Santa Maria goleta Neptune patron Portel!. F00 aos oarbon. De Sagua goleta Maria Josefa patron Forror: 1,000 a30s carbon,;;Neptune;;;goleta;1880_07_13;Santa Maria;;
;;N/A: ;;;Palmer;patrón;;;;;De Sagus goleta Gation, patron Palmer: 1200 sacos carbon;;Gation;;;goleta;1880_07_14;Sagus;;
;;N/A:  | N/A:  | N/A:  | N/A: ;;;Blanco;pat.;;;;;De Punta Alegre goleta Candita, patron Blanco: 300 sacos carbon, 4 caballos seña, 60 arrobas caso y 20 Arrobas cera.;;Candita;;;goleta;1880_07_14;Punta Alegre;;
;;N/A: ;;;Martinez;patrón;;;;;De Maniman goleta Cecilia Manuela, patron Martinez: 21 onartorolas miel.;;Cecilia Manuela;;;goleta;1880_07_14;Maniman;;
;;N/A: ;;;Escandell;patrón;;;;;De Bahia Honda golota Eloisa, patron Escandell: 52 bonoyes azúcar;;Eloisa;;;golota;1880_07_14;Bahia Honda;;
;;N/A:  | N/A:  | N/A:  | N/A: ;;;Zibirat;patrón;;;;;"De Morun golets Paquete de Moron, patron Zibirat; 103 palus mañera, 200 caballos leña, 20 arrobas cera y ofootos.";;Paquete de Moron;;;golets;1880_07_14;Morun;;
;;;;;Calvo;pat.;;;;;De Gibara goleta Sels Manuelas, patron Calvo: con efontos;;Sels Manuelas;;;goleta;1880_07_14;Gibara;;
;;N/A: ;;;Ferrer;patrón;;;;;De Nagus goleta Maila Josefs, patron Ferrer: 1000 aacos carbon.;;Maila;;;goleta;1880_07_14;Nagus;;
;;N/A: ;;;Martines;patrón;;;;;De la Teja goleta San Francisco, patron Martines: 800 sacos carbon.;;San Francisco;;;goleta;1880_07_14;la Teja;;
;;N/A: ;;;Jaan;pat.;;;;;De Cabañas balandro Boalta, patron Jaan: 135 cajas azúcar..;;Boalta;;;balandro;1880_07_15;Cabañas;;
;;;;;Garrige;p.;;;;;"De la Teja goleta Segunda Lus de Yara, p. Garrige; 600 88001 Orbon.";;Segunda Lus de Yara;;;goleta;1880_07_15;la Teja;;
;;N/A:  | N/A:  | N/A: ;;;Fella;p.;;;;;De Santa Maria goleta Especulacion, p. Fella: 200 sacos carbon, 2 tercics tabaco, 74 sacos lana miraguano.;;Especulacion;;;goleta;1880_07_15;Santa Maria;;
;;N/A: ;;;Covas;pat.;;;;;De Ortigosa g Bahia Honda, pat, Covas: 6:6 c. asdcar 20 pp aguardiente.;;Bahia Honda;;;g;1880_07_15;Ortigosa;;
;;N/A:  | N/A: ;;;Valent;p.;;;;;De Cárdenas g. Maria del Carmen, p. Valent: 280 cajas azúcar y efectos.;;Maria del Carmen;;;g.;1880_07_16;Cárdenas;;
Día null:;;N/A: ;;;Mireles;pat.;;;;;De Sir:a Morena g. Ecriqueta Josefs, pat. Mireles: 800 sacos carbon.;;Ecriqueta Josefs;;;g.;1880_07_16;Sir:a;;
;;N/A:  | N/A:  | N/A: ;;;Redelzues-434;p.;;;;;De Caibarien g. Brillante, p. Redelzues-434 atravogaños, 250 s. carbon. 651 docenas esporjas y 19 pelos madoras.;;Brillante;;;g.;1880_07_17;Caibarien;;
;;N/A:  | N/A:  | N/A: ;;;Jofre;;;;;;De la Tels. Dos Amigos, p. Jofre-200 caballos carbon, 200 portigos y 10 palos maders.;;Dos Amigos;;;p.;1880_07_17;la Tels;;
;;N/A: ;;;Carbonell;pat.;;;;;De Matansas goleta Elvira, patron Carbonell, 8000 rrobas tasaje.;;Elvira;;;goleta;1880_07_18;Matansas;;
;;N/A:  | N/A: ;;;Grandal;pat.;;;;;De Banca g. José Manual, pat. Grandal-5,000 tejas. 1000 ladrilles;;José Manual;;;g.;1880_07_20;Banca;;
;;N/A: ;;;Mandilego;p.;;;;;De Ordes g. María Josefa, p. Mandilego–185. Soneladas carbon de piedra;;María Josefa;;;g.;1880_07_20;Ordes;;
;;N/A:  | N/A:  | N/A:  | N/A: ;;;Enaslat;p.;;;;;De Cárdenas g. Tree Teresas, p. Enaslat—18,(03 piće. madera, baules equipajes y efectos;;Tree Teresas;;;g.;1880_07_20;Cárdenas;;
;;N/A:  | N/A:  | N/A:  | N/A: ;;;;p.;;;;;De Merra Morens gola, p. Paula-318 sacos, 83 bocores four y efectos;;Paula-318;;;gola;1880_07_20;Merra;;
;;;;;Villalonga-800;;;;;;De Berra Moreng. Teresita, p. Villalonga-800;;Teresita;;;p.;1880_07_20;Berra Moreng;;
;;;;;Selvá-850;p.;;;;;De Playne de San Juan g. Agustina, p. Selvá-850 s.;;Agustina;;;g.;1880_07_20;Playne de San Juan;;
;;N/A: ;;;Riera;p.;;;;;De Teja gol. Ban Francisco, p. Riera-1000 sacos de carbon.;;Ban Francisco;;;gol.;1880_07_21;Teja;;
;;N/A:  | N/A:  | N/A:  | N/A: ;;;Brage;p.;;;;;De Calbarien g. Pepilla, p. Brage, 230 atravesaños, 40 pa'os, 700 deas esponjas y efectos.;;Pepilla;;;g.;1880_07_22;Calbarien;;
;;N/A:  | N/A: ;;;Justes;pat.;;;;;De Bains g. Manuelita, patron Justes, 900 8. carbon, 360 caballos lena.;;Manuelita;;;g.;1880_07_22;Bains;;
;;N/A: ;;;Lladó;patron;;;;;De Santa Lucis g, Crisalida, patron Lladó, 1050 cabal'os leña.;;Crisalida;;;g;1880_07_22;Santa Lucis;;
;;N/A: ;;;Mayan;pat.;;;;;De Bagus g. Segunda Gortádis, patron Mayan, 1000 8. carbou.;;Segunda Gortádis;;;g.;1880_07_22;Bagus;;
;;N/A: ;;;Febrer;pat.;;;;;De Mantua golota Isabelita, patron Febrer, 800 s. de carbon.;;Isabelita;;;golota;1880_07_22;Mantua;;
;;N/A: ;;;Riera;patron;;;;;De la Teja g. San Francisco, patron Riera, 1000 saCOs carbon.;;San Francisco;;;g.;1880_07_22;la Teja;;
;;N/A: ;;;Juan;patrón;;;;;De Cabafira bro. Res ta, patron Juan, 50 cuarterolas misl, pipsagito feotos.;;Res ta;;;bro.;1880_07_22;Cabafira;;
;;N/A: ;;;Morer;patron;;;;;De la Teja glasts Sefl, patron Morer, 1000 sacos carban;;Sefl;;;glasts;1880_07_22;Teja;;
;;N/A:  | N/A: ;;;Valdéa;p.;;;;;De Cabo San Antonio g. Segunda Amistad, p. Valdéa 50 palososdro, 40 ggts. palos fastete y efectos.;;Segunda Amistad;;;g.;1880_07_22;Cabo San Antonio;;
;;N/A:  | N/A: ;;;Bilbao;pat.;;;;;De Yagaajsy gol. Engraola, pat. Bilbao, 960 caballos de leña y 250 docenas esponjas.;;Engraola;;;gol.;1880_07_23;Yagaajsy;;
;;N/A:  | N/A: ;;;Visquera;pat.;;;;;De Matanzas gol. Amalla, pat Visquera, 189 cajas do szucar un mobiliario;;Amalla;;;gol.;1880_07_23;Matanzas;;
;;N/A:  | N/A: ;;;Torres;pat.;;;;;"De Cabana gol, Maria del Carmen, pat. Torres; 18 boooyes zúcar y 60 onartorolas vacias.";;Maria del Carmen;;;gol;1880_07_23;Cabana;;
;;N/A: ;;;Roos;pat.;;;;;De la Tela gol. Gallego, pat. Roos, 100 Bacos carbon.;;Gallego;;;gol.;1880_07_23;Tela;;
Día XX:;;N/A: ;;;Fallz;pat.;;;;;De Dimas gol. Dolo:ca, pat. Fallz, 800 sacos carbon.;;Dolo:ca;;;gol.;1880_07_23;Dimas;;
;;N/A: ;;;Calvet;pat.;;;;;De la Teja gol. Isabel II, pat. Calvet, 800 sacos do carbon.;;Isabel II;;;gol.;1880_07_23;la Teja;;
;;N/A: ;;;Orbay;pat.;;;;;Da la Teja gol. Jóven Catalina, pat. Orbay, 800 BACOB oarbon.;;Jóven Catalina;;;gol.;1880_07_23;;;
;;N/A: ;;;Rais;pat.;;;;;Do Bajas gol. Madrileña, pat. Rais, 800 sacos de oarbo:1.;;Madrileña;;;gol.;1880_07_23;Bajas;;
;;N/A:  | N/A: ;;;Romero;pat.;;;;;De Sagua gol. Panchits. pat. Romero, 800 atravesa. ños y efectos,;;Panchits;;;gol.;1880_07_23;Sagua;;
;;N/A: ;;;Ibaez;pat.;;;;;De Playrs de San Juan gol. María Zaragoza, pat: Ibaez, 400 varas de madera.;;María Zaragoza;;;gol.;1880_07_23;Playrs de San Juan;;
;;N/A:  | N/A:  | N/A: ;;;Colomar;pat.;;;;;De Sagna gol. Tres Marias, pat. Colomar, 13:0 sacos carbon, 1:0 arabos y 18 terolos tabaco.;;Tres Marias;;;gol.;1880_07_24;Sagna;;
;;N/A:  | N/A: ;;;Hernandes;pat.;;;;;Del Merrillo gol. Feliz, pat. Hernandes, 230 sacos de carbon y 200 oaballos leña.;;Feliz;;;gol.;1880_07_24;Merrillo;;
;;N/A: ;;;Orbay;pat.;;;;;De Margalita gol. Paquete de Noovitas, pat. Orbay, 400 encoa carbon efectos.;;Paquete de Noovitas;;;gol.;1880_07_24;Margalita;;
;;N/A: ;;;Maten;pat.;;;;;De la Teja gol. Catalina, pat. Maten, 1000 sacos carbon.;;Catalina;;;gol.;1880_07_24;la Teja;;
;;;;;Valent;pat.;;;;;Do Cárdenas gol. Maria del Cármen, pat. Valent, oon ofcotos.;;Maria del Cármen;;;gol.;1880_07_24;Cárdenas;;
;;N/A: ;;;Pajés;p.;;;;;De Sagua g. Begunda Rosa, p. Pajés-1000 sacos carbon;;Begunda Rosa;;;g.;1880_07_25;Sagua;;
;;N/A:  | N/A:  | N/A: ;;;Alemany;p.;;;;;De Matanzas g. Maris, p. Alemany-6 bocoyes azúcar, 14 pipas aguardiente y 2 fardos suela.;;Maris;;;g.;1880_07_25;Matanzas;;
;;N/A:  | N/A:  | N/A:  | N/A: ;;;Maclp-38;p.;;;;;De Santa Orus g. Centinala, p. Maclp-38 fanegas mais, 157 s. mals. 100 arrobas boniato y 6 sacoa arbojas;;Centinala;;;g.;1880_07_25;Santa Orus;;
;;N/A: ;;;Planas;p.;;;;;De Mantua g. Potosí, p. Planas-1000 s. carbon;;Potosí;;;g.;1880_07_25;Mantua;;
;;N/A:  | N/A: ;;;Peres;patron;;;;;De Marlol g Justica patron Peres, 40 pipas aguardiente, 60 boooyes vacíos.;;Justica;;;g;1880_07_27;Marlol;;
;;N/A:  | N/A:  | N/A: ;;;Bonet;p.;;;;;De Matansas g. Ignaolta p. Bonet, 236 tercios de maJagua, 12 cajas vino y efectos.;;Ignaolta;;;g.;1880_07_27;Matansas;;
;;N/A:  | N/A: ;;;Lledo;p.;;;;;De Gibsoos g. Vinaros p. Lledo, 100 fanegas mais, 5 Gordon;;Vinaros;;;g.;1880_07_27;Gibsoos;;
;;N/A:  | N/A:  | N/A: ;;;Vish;p.;;;;;De Cabañas g. Ntra. Sra. de la Caridad p. Vish, 105 Bay 6 b:0:es azdoar, 030 ladrillos, 23 pipas aguardloath.;es;Ntra. Sra. de la Caridad;;;g.;1880_07_27;Cabañas;;
;;N/A: ;;;Jofre;cap.;;;;;De Cárdenas vapor Boler capitan Jofre, con efectos.;;Boler;;;vapor;1880_07_27;Cárdenas;;
;;N/A: ;;;Piñeyro;p.;;;;;De Cárdenas goleta Cármen p. Piñeyro, 20 pipas aguardiente.;;Cármen;;;goleta;1880_07_27;Cárdenas;;
;;N/A: ;;;Palmer;p.;;;;;De Cabañas g. Maria Magdalena p. Palmer, 60 bosoyes azúcar.;;Maria Magdalena;;;g.;1880_07_27;Cabañas;;
;;N/A:  | N/A: ;;;Fernendos;p.;;;;;De Malas Aguas g. Nueva Concha p. Fernendos, 300 omballes leña y efectos.;;Nueva Concha;;;g.;1880_07_27;Malas Aguas;;
Día XX:;;N/A: ;;;Oiere;patrón;;;;;De Sagua goleta Rosita patron Oiere: 900 2008 carbon.;;Rosita;;;goleta;1880_07_28;Sagua;;
;;N/A:  | N/A: ;;;Sevilla;patron;;;;;De Manzanillo g. Segunda Cantinera patron Sevilla: 128 plezas madores, 40 tua majsgna..;;Segunda Cantinera;;;g.;1880_07_28;Manzanillo;;
;;N/A:  | N/A:  | N/A: ;;;Boos;pat.;;;;;De Barraccs goleta Ireoita, pat. Boos: 11l palos cedro, 360 camones, 10 nasas carreta.;;Ireoita;;;goleta;1880_07_29;Barraccs;;
;;;;;Alemany;patren;;;;;De Cárdenas golota Araucana, patren Alemany: en lastre.;;Araucana;;;golota;1880_07_29;Cárdenas;;
;;N/A:  | N/A: ;;;Torres;pat.;;;;;De Malse Aguas goleta Isabelita, pat. Torres: 325 polines, 38 terolos tabaco.;;Isabelita;;;goleta;1880_07_29;Malse Aguas;;
;;N/A: ;;;Pojol;pat.;;;;;De Jaruco goleta Golondrica pat. Pojol: 200 caballes leña.;;Golondrica;;;goleta;1880_07_30;Jaruco;;
Día 01:;;N/A: ;;;Mayans;pat.;;;;;De Sagas goleta Maria Sibils, pat. Mayans: 900 83008 carbon.;;Maria Sibils;;;goleta;1880_07_30;Sagas;;
Día null:;;N/A:  | N/A:  | N/A: ;;;Patit;p;;;;;De Cárdenas g. General Lamar, p Patit: 70 s. hae808 16 pacan trape y efectos.;;General Lamar;;;g.;1880_07_30;Cárdenas;;
;;N/A:  | N/A: ;;;Gabica;cap.;;;;;De Calbarien vap. Alava, cap. Gabica: 356 terolos tabaco y efectos.;;Alava;;;vap.;1880_07_30;Calbarien;;
;;;;;Cuevas;patrón;;;;;De Cárdenas goleta Angelita patron Cuevas en lastro.;;Angelita;;;goleta;1880_07_31;Cárdenas;;
;;N/A:  | N/A:  | N/A: ;;;;p.;;;;;De Matanzas g. Dos Hermanas p. Calafell, 100 arrobas tagajo, 23 pipas aguardiente y efectos.;;Dos Hermanas;;;g.;1880_07_31;Matanzas;;
;;N/A: ;;;Mandilego;p.;;;;;De Cárdenas goleta Maria Josefa p. Mandilego, 280 pipas aguardiente.;;Maria Josefa;;;goleta;1880_07_31;Cárdenas;;
;;N/A:  | N/A: ;;;Juan;p.;;;;;De Cabañas bdro. Rosita p. Juan, 8 pipas aguardiento. 60 cuarterolas vacias.;;Rosita;;;bdro.;1880_07_31;Cabañas;;
;;N/A: ;;;Almansa;patron;;;;;De Teja golots Dos Boflas patron Almansa, 1050 sacos carbon.;;Dos Boflas;;;golots;1880_07_31;Teja;;
;;N/A:  | N/A: ;;;Lledó;pat.;;;;;De Gibaces goleta Virards, patron Lledó. 65 cajas sdcar, 8 quarterslas miel.;;Virards;;;goleta;1880_08_01;Gibaces;;
;;N/A:  | N/A:  | N/A: ;;;Duran;petron;;;;;De la Mulata geleta Mercedita, petron Duran: 800 saoos ons bon, 100 caballos leña y efectés.;;Mercedita;;;geleta;1880_08_01;Mulata;;
;;N/A:  | N/A:  | N/A: ;;;Lopes;patrón;;;;;"De Cabana gedeta Caballo Marine, patron Lopes; 930 onlas, 11 beogy es nation, 100 pipas aguardiente.";;Caballo Marine;;;gedeta;1880_08_01;Cabana;;
;;N/A: ;;;Orkis;patrón;;;;;"De Bierra Morena gelen Julla, patron Orkis; 800 sec carbon.";;Julla;;;gelen;1880_08_01;Bierra Morena;;
;;N/A:  | N/A:  | N/A: ;;;Cell;cap.;;;;;De agua vapor Cuba, capitan Cell: 450 tarcios tabace y efectes./;;Cuba;;;vapor;1880_08_01;agua;;
Día 01:;;N/A:  | N/A:  | N/A:  | N/A: ;;;Llovat;pat.;;;;;De Mantua gol. Angelita, pat. Llovat, 100 aacos_carbon, 150 caballes leña, 80 atravesaños. 15 palos madera:;;Angelita;;;gol.;1880_08_03;Mantua;;
;;N/A: ;;;Gallego;pat.;;;;;De Bajas gol. Carmen Nombre de Dios, pat. Gallego, 800 varas madera.;;Carmen Nombre de Dios;;;gol.;1880_08_03;Bajas;;
;;N/A: ;;;Calzada;pat.;;;;;De la Teja gol. Jaoaro, pat. Calzada, 800 sacce oarbon.;;Jaoaro;;;gol.;1880_08_03;la Teja;;
;;N/A: ;;;Ban Fiel;pat.;;;;;De idem gol. Prieta, pat. Ban Fiel, 800 asces corbon.;;Prieta;;;gol.;1880_08_03;idem;;
;;N/A: ;;;Granda;pat.;;;;;De Banes balandro José Manuel, pat. Granda', 7000 ladrilles.;;José Manuel;;;balandro;1880_08_03;Banes;;
;;N/A:  | N/A:  | N/A: ;;;Maoip;pat.;;;;;De Santa Cras gol. Centinela, pat. Maoip, 27 вазой sasos mals, 30 fanegas idem y 300 arrobas boniatos.;;Centinela;;;gol.;1880_08_03;Santa Cras;;
;;N/A:  | N/A:  | N/A:  | N/A: ;;;Pellicer;pat.;;;;;De Matanzas gol. Emilio, pat. Pellicer, 935 bultos batras y maras de hierro, 500 arrobas tasejo v efectos.;;Emilio;;;gol.;1880_08_03;Matanzas;;
;;N/A: ;;;Lorenso;pat.;;;;;De Bagus gol. Teafa'gar, pat. Lorenso, 1300 sacos carbon.;;Teafa'gar;;;gol.;1880_08_03;Bagus;;
;;N/A: ;;;Bitches;osp.;;;;;De Cuba vapor Avilés, osp. Bitches, con efector.;;Avilés;;;vapor;1880_08_03;Cuba;;
;;N/A:  | N/A:  | N/A: ;;;Perez;pat.;;;;;"De Mariel gol Justins, patron Perez; 4) pipas agnardiante 20 fardos 8 iela";;Justins;;;gol.;1880_08_04;Mariel;;
;;N/A: ;;;Cast;oap.;;;;;De Calbarlen vapor Anita, oap. Cast: 1417 tercios de tabaco y efootes;;Anita;;;vapor;1880_08_05;Calbarlen;;
;;N/A: ;;;Riera;pat.;;;;;De la Teja goleta 8an Francisco, pat. Riera: 1000 8.008 carbon.;;8an Francisco;;;goleta;1880_08_05;la Teja;;
;;N/A:  | N/A: ;;;Oliver;pat.;;;;;De Matanzas goleta Amistad, pat. Oliver: 100 varas madoras labrada, 1000 estacas madera dura;;Amistad;;;goleta;1880_08_05;Matanzas;;
;;N/A:  | N/A:  | N/A:  | N/A: ;;;Boroasa;pat.;;;;;De Naevitas goleta Dolores, pat. Boroasa: 350 cataIlos leña, 300 camoвes carreta, 100 sacos carbon y ofectos.;;Dolores;;;goleta;1880_08_05;Naevitas;;
;;N/A:  | N/A: ;;;Enseñat;pat.;;;;;De Cárdenas goleta Tres Teresas, pat. Enseñat: 18,000 pléa maderas y 25 pipas aguardiente..;;Tres Teresas;;;goleta;1880_08_06;Cárdenas;;
Día 01:;;N/A:  | N/A: ;;;Lledo;pat.;;;;;Do Gibacoa gol. Vinaros, pat. Lledo: 85 fanegas mais y 12 cuarterolas misl.;;Vinaros;;;gol.;1880_08_06;Gibacoa;;
Día null:;;N/A:  | N/A: ;;;Den'ofen;pat.;;;;;De Cabañas gol. Ntra. S. del Carmen, pat. Den'ofen: 16.000 ladrillos y 10 pipas aguardiente.;;Ntra. S. del Carmen;;;gol.;1880_08_06;Cabañas;;
;;N/A: ;;;Villaamil;cap.;;;;;De Cuba vapor Manuela, oapitan Villaamil: 24 barriles aceite coco v ofcotos.;;Manuela;;;vapor;1880_08_06;Cuba;;
Día null:;;N/A: ;;;Pujol;p.;;;;;De Santa La: ia goleta Carmita p. Pujol, 600 caballos leña.;;Carmita;;;goleta;1880_08_07;Santa;;
;;N/A: ;;;Grandal;patrón;;;;;De Pants San Juan goleta Ollo, patron Grandal' 1000 atravenation.;;Ollo;;;goleta;1880_08_08;Pants;;
;;N/A:  | N/A: ;;;Manuels;p.;;;;;De Baracoa goleta Cecilia Manuels, p. Pojɔl, 350 ra008 831.;;Cecilia;;;goleta;1880_08_08;Baracoa;;
;;N/A: ;;;Onevas;pat.;;;;;De Cárdenas g. Angelita, patron Onevas, 500 cajas *zúcar.;;Angelita;;;g.;1880_08_08;Cárdenas;;
;;N/A: ;;;Simó;pat.;;;;;De Sagung. Jóven Vicenta, patron Simó, 1400 82008 carbon.;;Jóven Vicenta;;;;1880_08_08;Sagung;;
;;N/A: ;;;Granial;p.;;;;;De Banes g. José Mannol, p. Granial-7,000 Jadrilica;;José Mannol;;;g.;1880_08_13;Banes;;
;;N/A:  | N/A: ;;;Aroch;p.;;;;;"De Carahstes y. Conchita; p. Aroch:–9.0, caballos lena";;Conchita;;;y.;1880_08_13;Carahstes;;
;;N/A: ;;;;p;;;;;De Sagus g. Carmita, p Par-1300 a. carbon;;Carmita;;;g.;1880_08_13;Sagus;;
;;;;;Barnass-200;p.;;;;;De Mintus g. D's Hermanss, p. Barnass-200 a. cATbon;;D's Hermanss;;;g.;1880_08_13;Mintus;;
;;N/A:  | N/A:  | N/A:  | N/A: ;;;Alemañy;p.;;;;;De Matanzas goleta Maria p. Alemañy: 72 pipas aguardiente, 25 seiones tanejo, o terolos tabaco y olootos.;;Maria;;;goleta;1880_08_14;Matanzas;;
;;N/A: ;;;Roca;patrón;;;;;De la Teja golota Gallego, patron Roca, F00 #aco carbon.;;Gallego;;;golota;1880_08_14;la Teja;;
;;N/A: ;;;Gorrin;p.;;;;;"De Bahia Honda gol. Ginerés; p. Gorrin, 40 pipas aguardiente.";;Ginerés;;;gol.;1880_08_14;Bahia Honda;;
;;N/A: ;;;Oarreras;osp.;;;;;De Tuba vap. Oaba, osp. Oarreras, efectos.;;Oaba;;;vap.;1880_08_14;Tuba;;
;;N/A: ;;;Pajol;p.;;;;;De Baracoa gol Ceoilla Manuela, p. Pajol: eco sacos cal.;;Ceoilla;;;gol;1880_08_14;Baracoa;;
;;N/A: ;;;Fluxá;p.;;;;;De Mantua gol. Amable Rosit», p. Fluxá: 503 008 carbon.;;Amable Rosit;;;gol.;1880_08_14;Mantua;;
Día XX:;;N/A: ;;;Martines;pat.;;;;;De la Tejs gol. San Francisco, patron Martines: 100) 81cos a bon;;San Francisco;;;gol.;1880_08_15;la Tejs;;
;;N/A: ;;;Fluxá;p.;;;;;De Santa Maria gol. Amable Rosits, p. Fluxá: 803 BAcea carbon.;;Amable Rosits;;;gol.;1880_08_15;Santa Maria;;
;;N/A:  | N/A:  | N/A: ;;;Enseñat;p.;;;;;De Cárdenas gol. Tres Teresas, p. Enseñat, 16,000p'es maderas, 20 plons aguardiente y efectos.;;Tres Teresas;;;gol.;1880_08_17;Cárdenas;;
;;N/A:  | N/A:  | N/A: ;;;Bonet;p.;;;;;"De Matanssa goleta Igusolta, p. Bonet; 40 sorones tasajo, 5 bocores tasajo y efectos.";;Igusolta;;;goleta;1880_08_17;Matanssa;;
Día 8:;;N/A: ;;;8imó;p.;;;;;De Bagus gēlota Paquete de Bagua, p. 8imó: 1005 sacoa carbon,;;Paquete de Bagua;;;gēlota;1880_08_17;Bagus;;
;;N/A:  | N/A: ;;;Lopes;p.;;;;;"De Oaibarion gol. Joaquina, p. Lopes; 200 piesas ma– deras y 100 cabal'os leña.";;Joaquina;;;gol.;1880_08_17;Oaibarion;;
;;N/A:  | N/A: ;;;Pavla;p.;;;;;"De Cárdenas gol. General La Mar, p. Pavla; 100 aacos harina y 2 cajas efectos.";;General La Mar;;;gol.;1880_08_17;Cárdenas;;
;;N/A: ;;;Villalongs;p.;;;;;"De Bierra Morena gol. Teresits, p. Villalongs; 800 sacos carbon.";;Teresits;;;gol.;1880_08_17;Bierra Morena;;
;;N/A: ;;;Grandal;p.;;;;;De Banos bdro. José Manuel, p. Grandal: 700‹ladriUjos.;;José Manuel;;;bdro.;1880_08_17;Banos;;
;;N/A: ;;;Rlohart-200;p.;;;;;De Teja gol: Magdalena, p. Rlohart-200 #008 car. bon.;;Magdalena;;;gol:;1880_08_18;Teja;;
;;N/A:  | N/A: ;;;Torres;p.;;;;;De Cabañas gol: Maria del Carmen, p. Torres-110 ouarterolas vacías y 12 boooyes andcar.;;Maria del Carmen;;;gol:;1880_08_18;Cabañas;;
;;N/A:  | N/A:  | N/A:  | N/A: ;;;Rivas;p.;;;;;De Nuevitas gol. Dichosa p. Rivas-700 caballos lefia, 50 atravesaños y 100 sacos carbon y efectos.;;Dichosa;;;gol.;1880_08_18;Nuevitas;;
;;N/A:  | N/A: ;;;Oasi;cap.;;;;;De Calbarien vapor Anita, cap. Oasi-360 terolos tabaco y efectos.;;Anita;;;vapor;1880_08_18;Calbarien;;
;;N/A: ;;;Unibaso;cap.;;;;;Da Bahia Honda vapor Bahla Honda, cap. Unibaso, con efectos.;;Bahla Honda;;;vapor;1880_08_19;Bahia Honda;;
;;N/A:  | N/A:  | N/A: ;;;Ensenat;p.;;;;;De Bierra Morean g. Union p. Ensenat, 60 oajas y 5 bocoyes asticar, 37 pipas de aguardiente y efectos.;;Union;;;g.;1880_08_19;Bierra;;
;;N/A:  | N/A: ;;;Lopes;p.;;;;;De Cabañas. Oaballo Marino p. Lopes, 120 pipas aguardiente y 2 boooyes astoar.;;Oaballo Marino;;;p.;1880_08_19;Cabañas;;
;;N/A:  | N/A:  | N/A:  | N/A: ;;;Sto. Domingo;p.;;;;;De Carahatas g. Terasita p. Sto. Domingo, 141 terolos tabacos, 75 bocoyes miel, 19 tosas maderas y efectos.;;Terasita;;;g.;1880_08_19;Carahatas;;
;;N/A:  | N/A:  | N/A:  | N/A: ;;;Enseñiat;p.;;;;;De Blerra Morens g. Union p. Enseñiat, 280 cajas y 5 bosoyes andcar, 37 pipas de aguardiente y efectos.;;Union;;;g.;1880_08_20;Blerra;;
;;N/A:  | N/A: ;;;Lopes;p.;;;;;De Cabañas g. Osballo Marino`p. Lopes, 120 pipas aguardiente y a boooy es azúcar.;;Osballo;;;g.;1880_08_20;Cabañas;;
;;N/A:  | N/A:  | N/A: ;;;Sto. Domingo;p.;;;;;De Carahatas g. Teresita p. Sto. Domingo, 144 roles tabacos, 75 boooyes miel, 19 fosas maderas y efectos.;;Teresita;;;g.;1880_08_20;Carahatas;;
;;N/A: ;;;Cabrera;patrón;;;;;De la Toja guleta San José, patron Cabrera: 600 sacos carbon.;;San José;;;guleta;1880_08_21;la Toja;;
;;N/A: ;;;Losano;pat.;;;;;De Jaimanitas goleta Joven Salvador, patron Losano: 7000 ladrillos.;;Joven Salvador;;;goleta;1880_08_21;Jaimanitas;;
;;N/A: ;;;Zaragoza;p.;;;;;De Sagus g. Flor de Sagua p Zaragoza, 1000 sacos carbon.;;Flor de Sagua;;;g.;1880_08_22;Sagus;;
;;N/A:  | N/A:  | N/A:  | N/A: ;;;tron Vioh;pa.;;;;;De Cabañas galeta Nuestra Señora de la Caridad pa. tron Vioh, con 116 8100s café, 44 pipas aguardiente, 5,000 ladrillos y efectos.;;Nuestra Señora de la Caridad;;;galeta;1880_08_24;Cabañas;;
;;N/A: ;;;Calafé;p.;;;;;De Matanzas g. Dos Hermanos p. Calafé, con 16,000 arrabas tasajo.;;Dos Hermanos;;;g.;1880_08_24;Matanzas;;
;;N/A:  | N/A:  | N/A: ;;;Carbenell;patrón;;;;;De Alstanzas goleta Elvira patron Carbenell, con 28 pipas aguardiente 20 serones tasajo y efectos.;;Elvira;;;goleta;1880_08_24;Alstanzas;;
;;N/A:  | N/A: ;;;Piñeiro;p.;;;;;De Cárdenas g. Cármen p. Piñeiro, cen 1 mobiliario y. efectos.;;Cármen;;;g.;1880_08_24;Cárdenas;;
;;N/A:  | N/A:  | N/A: ;;;Felix;p.;;;;;De la Malsta g. Dolores p. Felix, con 1,700 tendidos majegas, 200 caballos leña y efectos.;;Dolores;;;g.;1880_08_24;Malsta;;
;;N/A: ;;;Berantes;p.;;;;;De Morrillo g. Britania p. Berantes, con 20 sacos carbon y efectos.;;Britania;;;g.;1880_08_24;Morrillo;;
;;N/A: ;;;Mateu;patron;;;;;De Teja g. Catalina patron Mateu, con 800 sacos carbon.;;Catalina;;;g.;1880_08_24;Teja;;
;;N/A:  | N/A: ;;;Oull;cap.;;;;;De Sagus vapor Cuba cap. Oull, con 450 teroles tabace y efectos.;;Cuba;;;vapor;1880_08_24;Sagus;;
;;N/A: ;;;Calzada;pat.;;;;;De la Toja goleta Júcaro patron Calzada 800 sacos carbon.;;Júcaro;;;goleta;1880_08_25;Toja;;
;;N/A: ;;;Feraandez;p.;;;;;De la Teja goleta Altagraola p. Feraandez 1,000 88008 carbon.;;Altagraola;;;goleta;1880_08_25;la Teja;;
;;N/A:  | N/A: ;;;Pajol;p.;;;;;De Jaruno goleta Golondrina p. Pajol, 60 fanegas malz 200 caballos feña.;;Golondrina;;;goleta;1880_08_25;Jaruno;;
;;N/A: ;;;Daur;patrón;;;;;De Bagua goleta Josefa Coruñesa patron Daur, 1,000 88008 oarben.;;Josefa Coruñesa;;;goleta;1880_08_25;Bagua;;
;;N/A: ;;;Calvat;patrón;;;;;De Santa Maria goleta Franoisos Gener patron Calvat, 100 Bacos carbon.;;Franoisos;;;goleta;1880_08_25;Santa Maria;;
;;N/A: ;;;Mora;patrón;;;;;De Morillo goleta Britania patron Mora, (0) Bacos carbon.;;Britania;;;goleta;1880_08_25;Morillo;;
;;N/A: ;;;Febrer;pat.;;;;;De Santa María gol. Josefa, pat. Febrer, 800 sacos do carbon.;;Josefa;;;gol.;1880_08_26;Santa María;;
Día :;;N/A: ;;;Bajol;pat.;;;;;Da idem gol. Nuevo Hilario, pat. Bajol, 760 sacos de carbon.;;Nuevo Hilario;;;gol.;1880_08_26;idem;;
;;N/A: ;;;Mujica;pat.;;;;;De Sagua gol. Bandúrris, pat. Mujica, t00 sacOS CATbon.;;Bandúrris;;;gol.;1880_08_26;Sagua;;
;;;;;Jofre;cap.;;;;;De Ordenas vaper Solar, cap. Jofre, con efectos.;;Solar;;;vaper;1880_08_26;Ordenas;;
;;N/A: ;;;Riera;pat.;;;;;De la Teja gol. San Francisco, pat. Riera,' 1000 sacos de carbon.;;San Francisco;;;gol.;1880_08_27;la Teja;;
;;N/A:  | N/A: ;;;Valent;pat.;;;;;De Cárdenas gol. Maria del Carmen, pat. Valent, 34 bocores azucar y 500 cortes de caja.;;Maria del Carmen;;;gol.;1880_08_27;Cárdenas;;
;;N/A:  | N/A: ;;;Torres;pat.;;;;;De Cabañas gol. Maria del Carmen, pat. Torres, d cajas articar y 8 teroios tabaco.;;Maria del Carmen;;;gol.;1880_08_27;Cabañas;;
;;N/A:  | N/A: ;;;Suarez;pat.;;;;;De Panta Alegre gal. Ignasia Aleman, pat. Suarez, 603 atravesaños y Ludocerea caronjas.;;Ignasia;;;gal.;1880_08_27;Panta Alegre;;
;;N/A: ;;;Grandal;pat.;;;;;Do Banes gol. José Manuel, pat. Grandal, 7000 ladrillos;;José Manuel;;;gol.;1880_08_27;Banes;;
;;N/A:  | N/A: ;;;Gabion;cap.;;;;;De Caibarien vap. Alava, cap. Gabion, 259 teroios tabaco y efectos.;;Alava;;;vap.;1880_08_28;Caibarien;;
;;N/A: ;;;Garcia;pat.;;;;;De la Teja gol. Leonarda, patron Garcia, 800005 carbon.;;Leonarda;;;gol.;1880_08_28;Teja;;
;;;;;Dardet;pat.;;;;;De Cárdenas goleta Rosits, patron Dardet.—Lastre.;;Rosits;;;goleta;1880_08_28;Cárdenas;;
;;;;;8anches-osn;cap.;;;;;De Cuba vapor Avilés, cap_8anches-osn efectos;;Avilés;;;vapor;1880_08_29;Cuba;;
;;N/A: ;;;Visquerra;p.;;;;;De Matanzas g. Amalla, p. Visquerra-12,000 arrobas taasjo;;Amalla;;;g.;1880_08_29;Matanzas;;
;;N/A:  | N/A: ;;;Planell-oon;p.;;;;;De Baj s g. Balve Virgen Maria, p Planell-oon oiscara de mangle y carbon,;;Balve Virgen Maria;;;g.;1880_08_29;Baj;;
;;N/A:  | N/A:  | N/A: ;;;Ponte-300;p.;;;;;De Nuevitas g. Emilia, p. Ponte-300 atravesaños, 200 caballos leña, 100 s. carbon y efectos.;;Emilia;;;g.;1880_08_29;Nuevitas;;
;;;;;Dardet;;;;;;De Cárdenas vapor Boler, osp Dardet: con efectos.;;Boler;;;vapor;1880_08_31;Cárdenas;;
;;N/A:  | N/A:  | N/A: ;;;Felloo;pat.;;;;;De Arroyos golota Especulacion, pat. Felloo: 200 caballos lena: 150 8800s carbon.;;Especulacion;;;golota;1880_08_31;Arroyos;;
;;N/A:  | N/A:  | N/A: ;;;Enseñst;pat.;;;;;De Sierra Morena goleta Union, pat. Enseñst: ti sacos azucar, 45 pipas aguardiente y efectos.;;Union;;;goleta;1880_08_31;Sierra Morena;;
;;N/A:  | N/A: ;;;Duran;pat.;;;;;De Malas Aguas goleta Mercedita, pat. Duran: 500 caballos leña, 170 sacos carbon.;;Mercedita;;;goleta;1880_08_31;Malas Aguas;;
;;;;;Unibaso;osp.;;;;;De Malas Aguas vapor Babia Honda, osp. Unibaso: con efectos.;;Babia Honda;;;vapor;1880_08_31;Malas Aguas;;
;;N/A:  | N/A:  | N/A:  | N/A: ;;;Pojol;p.;;;;;De Santa Luola g. Carmita p. Pojol, 63 camas carre ta, 60 yagos, 12 paloa almaolgo, 150 caballos leña.;;Carmita;;;g.;1880_09_01;Santa Luola;;
;;N/A: ;;;Zaragoza;p.;;;;;De Balabanó g. Isla de Cuba p. Zaragoza, 600 caballos leña.;;Isla de Cuba;;;g.;1880_09_01;Balabanó;;
;;N/A: ;;;Onsi;cap.;;;;;De Caibarian vapor Anita, capitan Onsi, con tabaco yfootos.;;Anita;;;vapor;1880_09_02;Caibarian;;
;;N/A:  | N/A: ;;;Bonet;p.;;;;;De Matinisa goleta Ignaolts, pation Bonet, 28-boooyes asdoar, 140 pipas de aguardiente y 530 decenas OSponjas.;;Ignaolts;;;goleta;1880_09_02;Matinisa;;
;;N/A:  | N/A: ;;;Coll;cap.;;;;;De Bagas vapor Onbs, capitan Coll: 300 terelos taba00 y efectos.;;Onbs;;;vapor;1880_09_03;Bagas;;
;;N/A: ;;;Gomes;patrón;;;;;De Blerra Morena goleta Anits, patron Gomes: 800 sacos caabon.;;Anits;;;goleta;1880_09_03;Blerra;;
;;N/A: ;;;San Flel;patrón;;;;;De la Toja goleta Prista, patron San Flel: 800 aaoos carbon.;;Prista;;;goleta;1880_09_03;la Toja;;
;;N/A: ;;;Almanss;patren;;;;;De Machado goleta Dos Sofas, patren Almanss: 1000 sacos carbon.;;Dos Sofas;;;goleta;1880_09_03;Machado;;
;;N/A:  | N/A: ;;;Lledo;patron;;;;;De Gibaoos geleta Vinarós, patron Lledo: 80 fanogas mals, 70 aaoos idem.;Vinarós;;;;geleta;1880_09_03;Gibaoos;;
;;N/A:  | N/A:  | N/A:  | N/A:  | N/A:  | N/A: ;;;Subirat;patrón;;;;;De Panta Ban Juan goleta Paquete de Moron, patron Subirat: 100 palos. 90 caballos leña, 40 arrobas otra, 80 tercios tabaco y efectos.;;Paquete de Moron;;;goleta;1880_09_03;Panta Ban;;
;;N/A:  | N/A: ;;;Garica;oap.;;;;;De Calbarion vapor Alava, oap. Garica, con tabaco yef:otos.;;Alava;;;vapor;1880_09_04;Calbarion;;
;;;;;B'daguren;cap.;;;;;De Cuba vapor Alloante, cap: B'daguren, oon (footon;;Alloante;;;vapor;1880_09_04;Cuba;;
;;N/A:  | N/A:  | N/A: ;;;Rosa;pat.;;;;;Da Barracos gol. Irenita. pat. Rosa, 130 atravesaños, 50 msjagas y 50 plesas cedro.;;Irenita;;;gol.;1880_09_04;Barracos;;
;;N/A:  | N/A: ;;;Cuevas;pat.;;;;;De Cárdenas gol Augalita, pat. Cuevas, (000 piés de madera y 25 plesas idem y efectos.;;Augalita;;;gol.;1880_09_04;Cárdenas;;
;;N/A:  | N/A: ;;;Mandilego;pat.;;;;;DJCárdenas gol. Maria Josefa, pat. Mandilego, 125 pipas aguardiente y 100 toneladas carbon.;;Maria Josefa;;;gol.;1880_09_04;DJCárdenas;;
;;N/A:  | N/A:  | N/A: ;;;Carbonell;pat.;;;;;De Matanzas gol. Elvira, pat. Carbonell, 80 pipas de gaar liente y 28 bocoyes asdoar y efectos.;;Elvira;;;gol.;1880_09_04;Matanzas;;
;;N/A:  | N/A: ;;;Calvo;pat.;;;;;De Glbars gol. Seis Manuelas, pat. Calvo, 1000 caballos lena y efectos.;;Seis Manuelas;;;gol.;1880_09_04;Glbars;;
;;N/A: ;;;Mireles;pat.;;;;;De Bierra Morens gol. Eariqueta Josefa, pat. Mireles, 100 sacos o⚫rbon.;;Eariqueta Josefa;;;gol.;1880_09_04;Bierra;;
;;N/A: ;;;Suso;pat.;;;;;De idem gol. Habanera, pat. Suso, F00 sacos oarbon.;;Habanera;;;gol.;1880_09_04;idem;;
;;N/A: ;;;Salvat;pat.;;;;;Doidom gol. Agustina, pat. Salvat, 800 sacos de carbon.;;Agustina;;;gol.;1880_09_04;;;
;;N/A: ;;;Piñero;pat.;;;;;De Cárdenas gol. Cármen, pat. Piñero, 34 pipas de aguardiente.;;Cármen;;;gol.;1880_09_04;Cárdenas;;
;;N/A: ;;;Orbay;pat.;;;;;De la Teja gol. Jóven Catalina, pat. Orbay, 800 sacos de carbon.;;Jóven Catalina;;;gol.;1880_09_04;la Teja;;
;;N/A:  | N/A: ;;;Lopes;pat.;;;;;De Cabañez go!. Caballo Marino, pat. Lopes, 80 pipas aguardiente y efectos.;;Caballo Marino;;;go!;1880_09_04;Cabañez;;
;;N/A:  | N/A:  | N/A: ;;;Colomar;pat.;;;;;Da 8agua gol. Tres Marias, pat. Colomar, 450 sacos de carbon y 335 tendidos de soga y efectos.;;Tres Marias;;;gol.;1880_09_04;8agua;;
;;N/A:  | N/A:  | N/A:  | N/A: ;;;Blanco;p.;;;;;"De Panta Alegre gol. Candita, p. Blanco-300 oaballos leña, 160 rados carbon, 60 atravesaños; 156 terolos tabaco y 8 arrobas cora";;Candita;;;gol.;1880_09_05;Panta Alegre;;
;;N/A: ;;;Mayans;p.;;;;;De Sagua gol Gertrudis,p. Mayans-1700 sacos carban.;;Gertrudis;;;gol;1880_09_05;Sagua;;
;;N/A:  | N/A: ;;;Vich;pat.;;;;;De Cabañas gol. Nuestra Señora de la Caridad, pat. Vich, 50 pipaa aguardiente y 193 sacos café.;;Nuestra Señora de la Caridad;;;gol.;1880_09_07;Cabañas;;
;;N/A:  | N/A:  | N/A: ;;;Santo Domingo;pat.;;;;;"Da Carahatas gol. Teresits; pat. Santo Domingo. 114 terolos de tabaco y 96 bocoyes miel y efectos.";;Teresits;;;gol.;1880_09_07;Carahatas;;
;;N/A:  | N/A: ;;;Panas;pat;;;;;De la Mulata gol. Potosi, pat Panas. 460 8400s carbony 300 caballos leña.;;Potosi;;;gol.;1880_09_07;Mulata;;
;;N/A: ;;;Fontrodana;pat.;;;;;De Rio la Palma gol. Nueva Provliencia, pat. Fontrodana, 800 sacos oarbon.;;Nueva Provliencia;;;gol.;1880_09_07;Rio la Palma;;
;;N/A:  | N/A:  | N/A: ;;;Alemañy;p.;;;;;De Matanzas g. Maria p. Alemañy, 28 pipas aguirdlente, 6 fardos suela y efectos.;;Maria;;;g.;1880_09_08;Matanzas;;
;;N/A:  | N/A: ;;;Valent;p.;;;;;De Cárdenas g. Maria del Carmen p. Valent, 500 cortos caja, 16 baooyes cebollas.;;Maria del Carmen;;;g.;1880_09_08;Cárdenas;;
;;N/A:  | N/A: ;;;Hernandez;p.;;;;;De Morrillo g. Folls p. Hernandez, 300 ascos carbon 200 caballos leña.;;Folls;;;g.;1880_09_08;Morrillo;;
;;;;;Villamil-oon;cap.;;;;;De Cuba vapor Manuela capitan Villamil-oon efeotos.;;Manuela;;;vapor;1880_09_08;Cuba;;
;;;;;Uniba80-Efectos;cap.;;;;;De Babia Honda vapor Babia Honda capitan Uniba80-Efectos.;;Babia Honda;;;vapor;1880_09_09;Babia Honda;;
;;N/A: ;;;Galego-300;p.;;;;;De Baja g. Oarinen Nombre de Dios p. Galego-300 varas madera cedro;;Oarinen;;;g.;1880_09_09;Baja;;
;;N/A:  | N/A: ;;;Covas;p.;;;;;De Ortigosa g. Dolerita p. Covas-205 cajas ardoar 12 pipas aguardiente.;;Dolerita;;;g.;1880_09_09;Ortigosa;;
;;N/A:  | N/A: ;;;Rivas;cap.;;;;;De Arroyos vapor Gusniguaniao, capitan Rivas, 1129 terolos tabaco, 20 s. lana miraguano.;;Gusniguaniao;;;vapor;1880_09_10;Arroyos;;
;;;;;Dardet;pat.;;;;;De Cárdenas goleta Joanita, patron Dardet-En lastre.;;Joanita;;;goleta;1880_09_10;Cárdenas;;
;;N/A:  | N/A: ;;;Gabica;cap.;;;;;De Calbarien vapor Clara, cap. Gabica-990 terolos tabaco y efectos;;Clara;;;vapor;1880_09_11;Calbarien;;
;;N/A: ;;;Pajéa;p.;;;;;De Sagua g. Begunda Rosa, p. Pajéa-1000 sacos de Carbon;;Begunda Rosa;;;g.;1880_09_11;Sagua;;
;;N/A: ;;;Calzada;p.;;;;;De la Teja g. Júcaro, p. Calzada-800 sacos de carDon;;Júcaro;;;g.;1880_09_11;Teja;;
;;N/A: ;;;Amonggal-Ɛ0);p.;;;;;De Dimas g. Dos Amigos, p. Amonggal-Ɛ0) sacos de carbon;;Dos Amigos;;;g.;1880_09_11;Dimas;;
;;;;;Adiviná–700;p.;;;;;De la Toja g. América, p. Adiviná–700 atravesaДов;;América;;;g.;1880_09_11;la Toja;;
;;N/A: ;;;Mantell;p.;;;;;De la Teja g. Manuela, p. Mantell-800 sacos de carbon;;Manuela;;;g.;1880_09_11;Teja;;
;;N/A:  | N/A:  | N/A: ;;;Pollice;p.;;;;;"De Matanzas golota Emillo, p. Pollice; 124 boboyos aguar ente, 240 bultos heno y efectos.";;Emillo;;;golota;1880_09_12;Matanzas;;
;;N/A:  | N/A:  | N/A: ;;;Jofre;p.;;;;;De la Teja g. Dos Amigos, p. Jofre: 500 atravessos, 100 postes para telégrafos y efectos.;;Dos Amigos;;;g.;1880_09_12;la Teja;;
;;N/A:  | N/A: ;;;Gana;capitan;;;;;De Cuba vapor Juan Mir, oapitan Gana, 25 terolos tabaco, 18 o. faalles y efes tos.;;Juan Mir;;;vapor;1880_09_14;Cuba;;
;;;;;Bitohes;cap.;;;;;De Cuba vapor Mannelity Maria, capitan Bitohescon efectos.;;Mannelity Maria;;;vapor;1880_09_14;Cuba;;
;;N/A: ;;;Riera;p.;;;;;De la Toja gol: San Francisco, p. Riera, 1000 s. carbon.;;San Francisco;;;gol:;1880_09_14;la Toja;;
;;N/A:  | N/A:  | N/A: ;;;Virgo orra;p.;;;;;De Matanzas g. Amalia, p. Virgo orra, 54 bocores aguardiente, 15 toroios tasalo y efcoto;;Amalia;;;g.;1880_09_14;Matanzas;;
;;N/A:  | N/A:  | N/A: ;;;Enseña;p.;;;;;De Sierra Morena g. Union, p. Enseña 86 pipas a guardiente, 134 o. y 4 bocoyes azúcar y efecto.;;Union;;;g.;1880_09_14;Sierra Morena;;
;;N/A:  | N/A:  | N/A: ;;;Bilbao;p.;;;;;De Caibarlen g. Engracia, p. Bilbao, 176 atravesaños, 562 oaballos lens, 2000 dass. esponjas.;;Engracia;;;g.;1880_09_14;Caibarlen;;
;;N/A: ;;;Sancher;patrón;;;;;De Jaruco goleta Jaruqueña, patron Sancher, 2006) ladrillos,;;Jaruqueña;;;goleta;1880_09_14;Jaruco;;
;;N/A: ;;;Alemañ;patrón;;;;;De Blerra Morena goleta Matilde, patron Alemañ 1600 s. carboa.;;Matilde;;;goleta;1880_09_14;Blerra;;
;;N/A:  | N/A: ;;;Ocei;p.;;;;;De Caibarlen vap. Anita, p. Ocei 1191 tero'os tabaco y efectos.;;Anita;;;vap.;1880_09_15;Caibarlen;;
;;N/A:  | N/A:  | N/A:  | N/A:  | N/A: ;;;Sanchez;pat.;;;;;Del Marlel gol. San Antonio, pat. Sanchez: 22 pipae aguardiente, 23 terolos tabacos, 10 Bacos miraguano 3 qq. cobre. De Sagus g. Antonia p. Colomar: 1200 sacos de carbon.;;San Antonio;;;gol.;1880_09_16;Marlel;;
;;N/A:  | N/A: ;;;Govin;p.;;;;;De Babis Honda bote Teresita, p. Govin: 25 plpas aguardiente. 1 bocoy cobre.;;Teresita;;;bote;1880_09_16;Babis Honda;;
Día :;;N/A: ;;;Lledó;pat.;;;;;De Gibacoa goleta Vinarós, pat. Lledó: 100 fanegas mais.;;Vinarós;;;goleta;1880_09_17;Gibacoa;;
;;N/A: ;;;Ruis;pat.;;;;;De Mintus goleta Isabelita patron Ruis: 800 88008 carbon.;;Isabelita;;;goleta;1880_09_17;Mintus;;
;;;;;Gil;pat.;;;;;De Banes goleta Nueva Esperanza, patron Gil an lastre.;;Nueva Esperanza;;;goleta;1880_09_17;Banes;;
;;N/A:  | N/A: ;;;Gabica-1;cap.;;;;;De Caibarion vapor Alava cap. Gabica-1,164 tercios tabaco y efectos.;;Alava;;;vapor;1880_09_18;Caibarion;;
;;N/A: ;;;Pons;p.;;;;;De Matanzas g Marta Ceferida p. Pons-300 caballos leña.;;Marta Ceferida;;;g;1880_09_18;Matanzas;;
;;N/A:  | N/A: ;;;Karich-400;p.;;;;;De Tortuga g. Araucans p. Karich-400 atravesaños 300 varas madora.;;Araucans;;;g.;1880_09_18;Tortuga;;
;;N/A:  | N/A: ;;;Pujol-100;p.;;;;;De Jaraco g. Golondrina p. Pujol-100 oaballos leña, 40 fanegss maiz.;;Golondrina;;;g.;1880_09_18;Jaraco;;
;;N/A: ;;;Orbay-800;p.;;;;;De la Mulata g. Pte. de Nuevitas p. Orbay-800 aacos carbon.;;Pte. de Nuevitas;;;g.;1880_09_18;Mulata;;
;;N/A: ;;;Ferrer;p.;;;;;De Bagus g. Maria Josefa p. Ferrer-1,000 sacos carbon.;;Maria Josefa;;;g.;1880_09_18;Bagus;;
;;N/A: ;;;;p.;;;;;De Mantua g. Dos Hermanas p. Birnaga-800 sacos;;Dos Hermanas;;;g.;1880_09_18;Mantua;;
;;;;;Jofre;cap.;;;;;De Cárionas vapor Soler, cap. Jofre: efectos.;;Soler;;;vapor;1880_09_21;Cárionas;;
Día 21:;;N/A:  | N/A:  | N/A: ;;;Onevas;pat.;;;;;De Cárdenas gol. Angelits, pat. Onevas: 21 tablones, 18 pacas trapo y efectos.;;Angelits;;;gol.;1880_09_21;Cárdenas;;
Día Va'ent:;;N/A:  | N/A:  | N/A: ;;;Va'ent;pat.;;;;;De Cárdenas gol. Maria del Carmen, pat. Va'ent: 12 cajas sάoar, 12 (ardos suela y efeolos.;;Maria del Carmen;;;gol.;1880_09_21;Cárdenas;;
Día XX:;;N/A: ;;;Joy;pat.;;;;;De Sierra Morena gol. Tres Hermanas, pat. Joy: 800 Bacos carbon.;;Tres Hermanas;;;gol.;1880_09_21;Sierra Morena;;
;;N/A:  | N/A:  | N/A: ;;;Suaroz;pat.;;;;;De Playas San Juan go'. Ignacia Aleman, pat. Suaroz: 700 atravesaños. 50 arabos. 4 paloa maders.;;Ignacia Aleman;;;go'.;1880_09_21;Playas San Juan;;
;;N/A:  | N/A:  | N/A: ;;;Torres;pat.;;;;;De Cabañas gol Maria del Carmen, pat. Torres: 24 pipas aguardiente, 13 booojes miel y efectos.;;Maria del Carmen;;;gol;1880_09_21;Cabañas;;
;;N/A: ;;;Banejan;pat.;;;;;De Dimas gol. Lince, pat Banejan, 800 sacos carbon.;;Lince;;;gol.;1880_09_22;Dimas;;
;;N/A:  | N/A:  | N/A: ;;;Carbonell;pat.;;;;;De Matanzas gol. Elvira, pat. Carbonell, pas de aguardiente, 30 serones tasajo, 300.paquetes delas y;;Elvira;;;gol.;1880_09_22;Matanzas;;
;;N/A: ;;;Grandall;pst.;;;;;De Meron gol. Enriqueta, pst. Grandall, 400 varas de madora.;;Enriqueta;;;gol.;1880_09_22;Meron;;
;;N/A:  | N/A:  | N/A:  | N/A: ;;;Fernandes;pat.;;;;;De la Toja gol Altagracia, pat. Fernandes, 1000 saDe Cabañas gol. Nuestra Señora de la Caridad, ... pat Vlob, 50 fanegas main 69 pipas aguardiente y 130 sacom café.;;Altagracia;;;gol.;1880_09_22;la Toja;;
;;N/A:  | N/A: ;;;Lozano;pat.;;;;;De Albacoa gol Jóvan Salvador, pat. Lozano, 150 caballos leña y 50 fanegas mais.;;Jóvan Salvador;;;gol.;1880_09_22;Albacoa;;
;;N/A: ;;;Portells;pat.;;;;;Ds Mantua gol Neptuno, pat. Portells, 20 sacos de carbon. - De Banta Maria gol, Amable Rosita, pat, Fluxat, 800 Bacon carbon.;;Neptuno;;;gol;1880_09_22;Mantua;;
;;N/A: ;;;Aonna;patrón;;;;;De Bagua goleta Nuovo Pepe, patron Aonna: 2000 88cos carbon;;Nuovo Pepe;;;goleta;1880_09_23;Bagua;;
;;N/A:  | N/A:  | N/A: ;;;Lopes;p.;;;;;"De Cabañas gol. Caballo Marino p. Lopes; 60 pipas agnardiente: 180 faneges mais y efectos.";;Caballo Marino;;;gol.;1880_09_24;Cabañas;;
;;N/A:  | N/A:  | N/A:  | N/A: ;;;Febrer;p.;;;;;De Bajas golets Madrileña, p. Febrer: 1300 cos carbon, 150 caballos loda. 100 varas maderas y efectos.;;Madrileña;;;golets;1880_09_24;Bajas;;
;;N/A: ;;;Dans;p.;;;;;De Bagus gol. Josefa Coruñess, p. Dans, 1700 sacos carbon;;Josefa Coruñess;;;gol.;1880_09_24;Bagus;;
;;N/A: ;;;Grandal;p.;;;;;De Moron gol. Enriqueta, p. Grandal, 400 caballos laña.;;Enriqueta;;;gol.;1880_09_24;Moron;;
Día XX:;;N/A:  | N/A:  | N/A: ;;;Rivas;cap.;;;;;"De Guanes vapor Guanizuanico capitan Rivas: 1116 terolos tabaco, 21 marquetas cera, 50 saces lana y ""foo tos";;Guanizuanico;;;vapor;1880_09_25;Guanes;;
;;N/A: ;;;Mandilego;pat.;;;;;De Diriedas goleta Maria Josefa, patron Mandilego: 2:0 pipas aguardiente,;;Maria Josefa;;;goleta;1880_09_25;Diriedas;;
;;N/A: ;;;Pujol;pat.;;;;;De Baracoa goleta Cecilia Manusla, patron Pujol: 600 sacos cal.;;Cecilia;;;goleta;1880_09_25;Baracoa;;
;;N/A:  | N/A:  | N/A: ;;;Bolano;patrón;;;;;De Mar el golets San Antonio, patron Bolano: 16 pipas agnardiente, 15 sacos lans y efectos.;;San Antonio;;;golets;1880_09_25;Mar;;
;;;;;Nuñoz-Efectos;cap.;;;;;De Satiago de Cuba vapor Ramon de Herrera, capltan Nuñoz-Efectos.;;Ramon de Herrera;;;vapor;1880_09_26;Satiago de Cuba;;
;;N/A:  | N/A: ;;;Jofre;cap.;;;;;De Cárdenas vapor Soler, cap. Jofre-aguardiente y efectos.;;Soler;;;vapor;1880_09_28;Cárdenas;;
;;N/A:  | N/A: ;;;Call-159;cap.;;;;;De Sagua vapor Cuba, cap. Call-159 terolos tabaco y ofectos;;Cuba;;;vapor;1880_09_28;Sagua;;
;;N/A: ;;;Ferrer;p.;;;;;De la Teja g. Jóven Lalaa, p. Ferrer-1000 sacos carboa;;Jóven Lalaa;;;g.;1880_09_28;Teja;;
;;N/A: ;;;Alvarez;p.;;;;;De idem g. Prista, p. Alvarez-800 s. caabon;;Prista;;;g.;1880_09_28;idem;;
;;N/A: ;;;Febrer;p.;;;;;De Santa Maria g Josefa, p. Febrer-500 za008 carbon;;Josefa;;;g;1880_09_28;Santa Maria;;
;;N/A: ;;;Gomex-900;p.;;;;;De Sierra Morena g. Anita, p. Gomex-900 8800s carbon;;Anita;;;g.;1880_09_28;Sierra Morena;;
;;N/A: ;;;Covas;p.;;;;;De Ortigosa g. Doloritas, p. Covas-10 pipas aguardiente;;Doloritas;;;g.;1880_09_28;Ortigosa;;
;;;;;Deulofeoladrillos;p.;;;;;De Cabañas g. Ntra. Sra. del Carmen, p. Deulofeoladrillos;;Ntra. Sra. del Carmen;;;g.;1880_09_28;Cabañas;;
;;N/A: ;;;Mireles;p.;;;;;De Blerra Morena g. Enriqueta Josefs, p. Mireles 600 sao. f carbon;;Enriqueta Josefs;;;g.;1880_09_28;Blerra;;
;;N/A: ;;;Calvet;p.;;;;;De Santa Maria g. Francisca Gener, p. Calvet-1500 scos carbon;;Francisca Gener;;;g.;1880_09_28;Santa Maria;;
;;N/A:  | N/A: ;;;Otero;p.;;;;;De Sagua g. Rosita, p. Otero-300 oaballos leña y 300. 83005 carbon;;Rosita;;;g.;1880_09_28;Sagua;;
;;N/A: ;;;Villalonga-800;p.;;;;;De Sierra Morena g. Teresita, p. Villalonga-800 28. 008 carbon;;Teresita;;;g.;1880_09_28;Sierra Morena;;
;;N/A:  | N/A: ;;;Santo Domingo;p.;;;;;De Carahatas g. Teresita p. Santo Domingo-88 bocoses szdoar y efectos;;Teresita;;;g.;1880_09_28;Carahatas;;
;;N/A:  | N/A: ;;;Pavla;p.;;;;;De Cárdenas g. General la Mar, p: Pavla-50 barriles grasa y efectos;;General la Mar;;;g.;1880_09_28;Cárdenas;;
;;N/A:  | N/A: ;;;Piñero;p.;;;;;De Panta Alegre g. Agalla de Oro, p, Piñero-1000 yayas y efectos;;Agalla de Oro;;;g.;1880_09_28;Panta Alegre;;
;;N/A: ;;;Colomar;p.;;;;;De Sagua gol. Segunda Isabel, p. Colomar, 1500 anoce carbon.;;Segunda Isabel;;;gol.;1880_09_29;Sagua;;
;;N/A:  | N/A:  | N/A: ;;;Enseñat;p.;;;;;De Sierra Morens g. Union, p. Enseñat, 11 pipas aguardiente, 20 s. carbon y efcotes.;;Union;;;g.;1880_09_29;Sierra Morens;;
;;N/A: ;;;Vizquerra;p.;;;;;De Cabañas goleta Paquita, p. Vizquerra, 23,000 ladrillos.;;Paquita;;;goleta;1880_09_29;Cabañas;;
;;N/A: ;;;Roca;pat.;;;;;De San Cayetano goleta Irenita, patron Roca, con maderas;;Irenita;;;goleta;1880_09_29;San Cayetano;;
;;N/A: ;;;Pujol;pat.;;;;;De Santa Maria goleta Nuevo Hilario, patron Pujol, 700 8. carbon,;;Nuevo Hilario;;;goleta;1880_09_29;Santa Maria;;
;;N/A: ;;;Benitez;cap.;;;;;De Unba vapor Pasaje, capitan Benitez, con efectos;;Pasaje;;;vapor;1880_09_29;Unba;;
;;;;;Barrera;patrón;;;;;De Cabañas goleta Segunda Ignacia, patron Barrera, en lastre.;;Segunda Ignacia;;;goleta;1880_09_29;Cabañas;;
;;N/A: ;;;Carreras;cap.;;;;;De Ouba vapor Cuba, capitan Carreras, 17 sa008 habas.;;Cuba;;;vapor;1880_09_30;Ouba;;
;;N/A:  | N/A: ;;;Unibaso;cap.;;;;;De Bahla Honda vap. Bahia Honda cap. Unibaso, con Balaco y ofectos.;;Bahia Honda;;;vap.;1880_10_01;Bahla Honda;;
;;N/A:  | N/A: ;;;Pellicer;patron;;;;;De Sagus de Fánamo g. Pirineo patron Pellicer, 600 waras madera, 400 atravesaños.;;Pirineo;;;g.;1880_10_01;Sagus de Fánamo;;
;;;;;Cuovas;pat.;;;;;De Cárdenas goleta Angelita, patron Cuovas: ` en lastre.;;Angelita;;;goleta;1880_10_02;Cárdenas;;
;;N/A:  | N/A: ;;;Valent;pat.;;;;;De Cárdenas g. María del Cármen, pat. Valent: 10 bonoyes astcar, 5 fardos anola.;;María del Cármen;;;g.;1880_10_02;Cárdenas;;
;;N/A:  | N/A:  | N/A: ;;;Visquerra;patrón;;;;;De Matanzas goleta Amalia, patron Visquerra: 4000 plés madera. 28 pipas aguardiente y efectos.;;Amalia;;;goleta;1880_10_02;Matanzas;;
;;N/A:  | N/A: ;;;Val.honrat;p.;;;;;De Matanzas g. Dos de Mayo, p. Val.honrat: 5300 co008 y efectos.;;Dos de Mayo;;;g.;1880_10_02;Matanzas;;
;;N/A:  | N/A:  | N/A: ;;;Simó;p.;;;;;Do Fagna gol. Jovon Viconto, p. Simó: 1000 tondidos 802, 300 arabos, 250 Facon carbon efectos.;;Jovon;;;gol.;1880_10_03;Fagna;;
;;N/A: ;;;Zaragoza;p.;;;;;"De Sagua gol. Flor de Sagua p Zaragoza; 10 0 BBC08 carbon.";;Flor de Sagua;;;gol.;1880_10_03;Sagua;;
;;N/A: ;;;Jofre;cap.;;;;;De Cárdenas vapor Soler, cap. Jofre: con efectos.;;Soler;;;vapor;1880_10_05;Cárdenas;;
Día XX:;;;;;Basiga;cap.;;;;;De Cuba vapor Avilés, cap. Basiga: con idem.;;Avilés;;;vapor;1880_10_05;Cuba;;
;;N/A:  | N/A:  | N/A: ;;;Valen;pat.;;;;;De Cabañas gol. Maria del Carmen, pat. Valen): 98 tercios tabaco, 40 pipas aguardiente y ofectos.;;Maria del Carmen;;;gol.;1880_10_05;Cabañas;;
;;;;;Colomar;pat.;;;;;De Canasi gol. Sabás, pat. Colomar: con efectos.;;Sabás;;;gol.;1880_10_05;Canasi;;
;;N/A: ;;;Roca;pat.;;;;;De la Teja gol. Gallego, pat, Roca: 800 sacos carbon.;;Gallego;;;gol.;1880_10_05;la Teja;;
Día null:;;N/A: ;;;Mariño;pat.;;;;;De la Teja gol. San Francisco, pat. Mariño: 600 sacos carbon.;;San Francisco;;;gol.;1880_10_05;la Teja;;
;;N/A:  | N/A:  | N/A: ;;;Bonet;pat.;;;;;De Matanzas gol. Ignacita, pat. Bonet: 2,000 arrobas tasajo. 30 pipas aguardiente y ofectos.;;Ignacita;;;gol.;1880_10_05;Matanzas;;
;;N/A:  | N/A: ;;;Alomiany;pat.;;;;;De Matanzas gol. Maria, pat. Alomiany: 80 serones tasajo y efectos.;;Maria;;;gol.;1880_10_05;Matanzas;;
Día null:;;N/A:  | N/A: ;;;Mayaus;pat.;;;;;De Sagua gol. Segunda Gertrudis, pat. Mayaus: 1.130 sacos carbon y efectos.;;Segunda Gertrudis;;;gol.;1880_10_05;Sagua;;
;;N/A:  | N/A:  | N/A: ;;;Maoip;p.;;;;;De Santa Crus goleta Centinela, p. Maoip, 108 fanogas mais, 38 cerdos y 21 s. arbejas.;;Centinela;;;goleta;1880_10_06;Santa Crus;;
;;N/A:  | N/A: ;;;Adivina;pat.;;;;;De Sierra Morena, goleta América, patron Adivina, 600 vs. maderas, 400 atravesaños.;;América;;;goleta;1880_10_06;Sierra Morena;;
;;N/A: ;;;Mujica;pat.;;;;;De Sagua galeta Bandurris patron Mujica, 600 kACOS Qurbon.;;Bandurris;;;galeta;1880_10_06;Sagua;;
;;;;;Gil;pat.;;;;;De Banes goleta Nueva Esperanza, patron Gil, en lastre.;;Nueva Esperanza;;;goleta;1880_10_06;Banes;;
;;N/A:  | N/A: ;;;Sanchez;p.;;;;;De Jaruco gol. Jarnqueña, p. Sanchez-10,000 ladrillos y efectos.;;Jarnqueña;;;gol.;1880_10_07;Jaruco;;
;;N/A: ;;;Lozano;p.;;;;;De Jaimanitas gol. Jóven Salvador, p. Lozano-12,000 ladrillos,;;Jóven Salvador;;;gol.;1880_10_07;Jaimanitas;;
;;N/A:  | N/A: ;;;Amengual;p.;;;;;De Dias gol. Margarita, p. Amengual-122 terciostabaco y 600 saros de carbon.;;Margarita;;;gol.;1880_10_07;Dias;;
;;N/A:  | N/A: ;;;Cusi;cap.;;;;;De Caibarien vap. Anita, cap. Cusi-374 tercios tabaco y efectos.;;Anita;;;vap.;1880_10_07;Caibarien;;
;;N/A:  | N/A:  | N/A: ;;;Solano;p.;;;;;De Mariel, g. San Antonio p. Solano, 12 pipas aguardiente. 9 sacos picadura y efectos.;;San Antonio;;;g.;1880_10_08;Mariel;;
;;;;;Gerez;patrón;;;;;De Berraces boto Arturo patron Gerez en lastre.;;Arturo;;;boto;1880_10_08;Berraces;;
;;;;;Gabica;cap.;;;;;De Caibarien vapor Alava, capitan Gabica, con e fectos.;;Alava;;;vapor;1880_10_08;Caibarien;;
;;N/A:  | N/A:  | N/A: ;;;Coll;cap.;;;;;De Sagua vapor Cuba, capitan Coll, 134 tercios tabacos 21 bultos muebles y efectos.;;Cuba;;;vapor;1880_10_09;Sagua;;
;;N/A: ;;;Bidaguren;cap.;;;;;De Cuba vapor Manuela, capitan Bidaguren, con efectos.;;Manuela;;;vapor;1880_10_09;Cuba;;
;;N/A:  | N/A: ;;;Vich;p.;;;;;De Cabañas gol. Ntra. Sra. de la Caridad, p. Vich, 80 pipas agite, 25 s. maiz.;;Ntra. Sra. de la Caridad;;;gol.;1880_10_09;Cabañas;;
;;N/A:  | N/A: ;;;Paz;pat.;;;;;De Sagna gol. Carmita, patron Paz, 1200 sacos carbon y 10 incaros;;Carmita;;;gol.;1880_10_09;Sagna;;
;;N/A: ;;;Unibaso;cap.;;;;;De Bala Honda vap. Bahia Honda, cap. Unibaso, con efectos.;;Bahia Honda;;;vap.;1880_10_10;Bala Honda;;
;;N/A:  | N/A: ;;;Felico;p.;;;;;"De Dinas g. Especulacion, p. Felico; 30 tercios tabaco y efectos.";;Especulacion;;;g.;1880_10_12;Dinas;;
Día null:;;N/A: ;;;Grandal;pat.;;;;;De Jaimanitas g. José Manuel, pat. Grandal: 700 ladrillos.;;José Manuel;;;g.;1880_10_12;Jaimanitas;;
Día 25:;;N/A: ;;;Valent;p.;;;;;De Cárdenas g. Maria del Carmen, p. Valent: 25 fardos suela.;;Maria del Carmen;;;g.;1880_10_12;Cárdenas;;
;;;;;;;;;;;De Matanzas gol;;;;;gol.;1880_10_12;Matanzas;;
;;N/A:  | N/A: ;;;Carbonell;p.;;;;;"De Matanzas g. Dos Hermunnas, p. Carbonell; 28 pipas aguardiente, 20 serotips toy efethe.";;Dos Hermunnas;;;g.;1880_10_12;Matanzas;;
;;N/A: ;;;Sino;p.;;;;;De Sagua g. Piquete de Sigui, p. Sino: 1,000 sacos carbon.;;Piquete de Sigui;;;g.;1880_10_12;Sagua;;
;;N/A: ;;;Pujol;pat.;;;;;De Santa Lucia gol. Carmita, pat. Pujol: 400 caballos leña.;;Carmita;;;gol.;1880_10_12;Santa Lucia;;
;;N/A: ;;;Cartell;pat.;;;;;"De Nuevitas goli ta Anita, pat. Cartell; 900 caballos teha.";;ta Anita;;;goli;1880_10_12;Nuevitas;;
;;N/A: ;;;Enseñst;p.;;;;;De Sierra Morena goleta Union p. Enseñst, 14 baltos do efectos.;;Union;;;goleta;1880_10_13;Sierra Morena;;
;;N/A:  | N/A:  | N/A:  | N/A: ;;;Planell;p.;;;;;De Bajas g. Salve Virgen Maria p. Planell, 300 satos cáscara. 99 tercios tabaco, 7 sacos lana y ofectos.;;Salve Virgen Maria;;;g.;1880_10_13;Bajas;;
;;N/A:  | N/A: ;;;Cusi;cap.;;;;;De Caberin vapor Anita, cap. Cusi: tabacos vefectos..;;Anita;;;vapor;1880_10_14;Caberin;;
;;N/A:  | N/A: ;;;Valdés;pat.;;;;;De Mantus goleta Amistad, pat. Valdés: 10 piezas cedro y cao. toneladas palo fustete.;;Amistad;;;goleta;1880_10_14;Mantus;;
;;N/A: ;;;Lorenzo;pat.;;;;;De Sagu goleta Trafalgar, pat. Lorenzo: 1000 sacos carion.;;Trafalgar;;;goleta;1880_10_14;Sagu;;
;;N/A:  | N/A: ;;;Unibaso;cap.;;;;;De Bahia Hola vapor Bahía Honda capitan Unibaso, 28 tercios tabaco y efectos.;;Bahía Honda;;;vapor;1880_10_15;Bahia Hola;;
;;N/A:  | N/A: ;;;Pellicer;pat.;;;;;De Matanzas goleta Emilio, patron Pellicer. 200 sacos mai z. 500 c. jabon.;;Emilio;;;goleta;1880_10_15;Matanzas;;
;;N/A:  | N/A: ;;;Cuevas;p.;;;;;De Cárdenas goleta Angelita. p. Cuevas, si s. mafz 2 lios suela y efectos.;;Angelita;;;goleta;1880_10_15;Cárdenas;;
;;N/A: ;;;Mandilego;p.;;;;;De Cardenas g. María Josefa p. Mandilego, 200 pipaa aguardiente.;;María Josefa;;;g.;1880_10_16;Cardenas;;
;;N/A:  | N/A:  | N/A:  | N/A: ;;;Roca;pat.;;;;;De Rio Blanco gol. Irenita, pat. Roca: 150 atravesaños, 113 yugos. 50 camas carreta, 80 piezas madera.;;Irenita;;;gol.;1880_10_24;Rio Blanco;;
;;N/A:  | N/A: ;;;Deulofeo;p.;;;;;De Cabañas gol. Ntra. Sra. del Carmen, p. Deulofeo: 6500 ladrillos, 50 pipas agte.;;Ntra. Sra. del Carmen;;;gol.;1880_10_24;Cabañas;;
;;N/A: ;;;Richat;pat.;;;;;De Teja goleta Magdalena, patron Richat: 800 sacos carbon..;;Magdalena;;;goleta;1880_10_24;Teja;;
;;N/A:  | N/A: ;;;Covas;p.;;;;;De Ortigosa g. Doloritas. p. Covas: 14 pipas aguardien2 c. azúcar.;;Doloritas;;;g.;1880_10_24;Ortigosa;;
;;N/A: ;;;Gil;patron;;;;;De Baues g. Nuova Esperanza, patron Gil: 100 fanegas mniz.;;Nuova Esperanza;;;g.;1880_10_24;Baues;;
;;N/A: ;;;Toro;patron;;;;;De Sagua g. Rita Fortuna, patron Toro: 1,400 sacos carbon.;;Rita Fortuna;;;g.;1880_10_24;Sagua;;
;;N/A: ;;;Estéban;pat.;;;;;"De Machado g. Vicenta; pat. Estéban: 800 sacos carbon.";;Vicenta;;;g.;1880_10_24;Machado;;
;;N/A:  | N/A:  | N/A: ;;;Eurich;p.;;;;;De Tortuga g. Araucana, p. Eurich: 350 polines, 400 cortes catre, 300 vs. naderas.;;Araucana;;;g.;1880_10_24;Tortuga;;
;;N/A:  | N/A:  | N/A:  | N/A: ;;;Carreras;cap.;;;;;"De Cuba vap. Cuba, cap. Carreras; 630 tabales bacalao, 300 sncos sal, 100 id. arroz y efectos.";;Cuba;;;vap.;1880_10_24;Cuba;;
;;N/A: ;;;Fernandez;pat.;;;;;De Teja g. Altagracia, patron Fernandez: 1000 sacos carbon.;;Altagracia;;;g.;1880_10_24;Teja;;
;;N/A:  | N/A:  | N/A: ;;;Masoui;pat.;;;;;De Malas Aguas g. Maria, pat. Masoui: 11000 ladrillus, 300 caballos leña.;;Maria;;;g.;1880_10_24;Malas Aguas;;
;;N/A: ;;;Moll;pat.;;;;;De Sta. María goleta Margarita, patron Moll: 2000 8. carbon.;;Margarita;;;goleta;1880_10_24;Sta. María;;
;;N/A:  | N/A:  | N/A:  | N/A: ;;;Berna;patrón;;;;;De Parto Padre goleta tres Hermanas, patron Berna: 600 vara mrhas, 100 sacos carbon. 200 cabollos leña, 150 atravesaños,;;tres Hermanas;;;goleta;1880_10_26;Parto Padre;;
;;N/A:  | N/A:  | N/A:  | N/A: ;;;Ponte;pat.;;;;;De Nuevitas a Emilia, patron Ponte: 150 atravesaños, 50 sacas carion, 300 caballos leña y efectos.;;Emilia;;;;1880_10_26;Nuevitas;;
Día :;;N/A:  | N/A:  | N/A: ;;;Enseñat;patrón;;;;;De Sierra Morena goleta Union, patron Enseñat: 4 los sacos vs. ins Fega maquinaria y efectos.;;Union;;;goleta;1880_10_26;Sierra Morena;;
;;N/A:  | N/A:  | N/A: ;;;Bonet;pat.;;;;;De Manza eta Ignacita, patron Bonet: 30 pipas aguardi u raj s sebo y efectos.;;Ignacita;;;eta;1880_10_26;Manza;;
;;N/A:  | N/A: ;;;Alemañy;pat.;;;;;De Matanzas goleta Maria, patron Alemañy: 168 tercios tabac y efectos.;;Maria;;;goleta;1880_10_26;Matanzas;;
Día 01:;;N/A:  | N/A: ;;;Nuñez;cap.;;;;;De Cuba vapor Ramon Herrera, cap. Nuñez: 36 barriles aceite de coco y efectos.;;Ramon Herrera;;;vapor;1880_10_27;Cuba;;
Día 01:;;N/A:  | N/A:  | N/A:  | N/A: ;;;Tarifa;pat.;;;;;De Caibarien galeta Aguedita, pat. Tarifa: 67 estacas, 400 yayus, 200 saces carbon y efectos.;;Aguedita;;;galeta;1880_10_27;Caibarien;;
;;N/A:  | N/A:  | N/A: ;;;Jofre-63;pat.;;;;;De la Teja gol. Dos Amigos, pat. Jofre-63 atravesaños. 100 arabos, 39 palos maderas y 40 caballos carbon.;;Dos Amigos;;;gol.;1880_10_28;la Teja;;
;;;;;Colomar1057;p.;;;;;De Playas do San Juan g. Tres Marias, p. Colomar1057 atravesafios.;;Tres Marias;;;g.;1880_10_29;Playas;;
;;N/A:  | N/A: ;;;Cuevas;p.;;;;;De Cárdenas g. Angelita, p, Cuevas, 130 s. maiz y efertos..;;Angelita;;;g.;1880_10_29;Cárdenas;;
;;N/A: ;;;Ferrer;p.;;;;;De la Teja goleta Jóven Luisa, p. Ferrer, 1000 s. carbon.;;Jóven Luisa;;;goleta;1880_10_29;Teja;;
;;N/A: ;;;Grandal;pat.;;;;;De Banes goleta José Manuel, patron Grandal, 6500 ladrillos.;;José Manuel;;;goleta;1880_10_29;Banes;;
;;N/A:  | N/A:  | N/A: ;;;Rivas;cap.;;;;;De Guanes vapor Guaniguanico, capitan Rivas: 193 torcios tabaco, 50 sacos miraguano, 200 caballos leña.;;Guaniguanico;;;vapor;1880_10_30;Guanes;;
;;N/A: ;;;Ferrer;pat.;;;;;De la Teja goleta Jóven Luisa, patron Ferrer: 1000 sacos carbon.;;Jóven Luisa;;;goleta;1880_10_30;la Teja;;
;;N/A:  | N/A: ;;;Carbonell;pat.;;;;;De Matanzas goleta Elvira, patron Carbonell: 70 tablones pino y efectos.;;Elvira;;;goleta;1880_10_30;Matanzas;;
;;N/A:  | N/A: ;;;Alemany;patrón;;;;;De Playas de San Juan goleta Almanza, patron Alemany: 1000 atravesaños, 400 varas madera.;;Almanza;;;goleta;1880_10_30;Playas de San Juan;;
;;N/A: ;;;Lledo;patrón;;;;;De Santa Lucia goleta Crisalida. patron Lledo: 900 atravesaños.;;Crisalida;;;goleta;1880_10_30;Santa Lucia;;
;;N/A:  | N/A: ;;;Duvan;patrón;;;;;De la Mulata goleta Mercedita, patron Duvan: 500 sacos carbon y maiz.;;Mercedita;;;goleta;1880_10_30;la Mulata;;
;;N/A: ;;;Rodriguez;pat.;;;;;De Sagua goleta Panchite, patron Rodriguez: 1200 sacos carbon.;;Panchite;;;goleta;1880_10_30;Sagua;;
;;N/A: ;;;Orbay;patrón;;;;;De la Mulata goleta Paquete de Nuevitas, patron Orbay: 800 sacos carbon.;;Paquete de Nuevitas;;;goleta;1880_10_30;Mulata;;
;;N/A: ;;;Portella;pat.;;;;;De Mantua sta Neptuno, patron Portella: e00 sacos carbon.;;Neptuno;;;sta;1880_10_30;Mantua;;
;;N/A:  | N/A: ;;;Benejam;pat.;;;;;De Dimas goleta Lince, patron Benejam: 173 tercios tabaco. 300 sacos carbon.;;Lince;;;goleta;1880_10_30;Dimas;;
Día null:;;N/A:  | N/A: ;;;Feliz;pation;;;;;De Mantua goleta Dolores, pation Feliz: 500 sacos carbon, 100 varas naderas,;;Dolores;;;goleta;1880_10_30;Mantua;;
;;N/A: ;;;Lozano;pat.;;;;;De Banes goleta Jóven Salvador, patron Lozano: 7000 ladrillos.;;Jóven Salvador;;;goleta;1880_10_30;Banes;;
;;N/A:  | N/A: ;;;Frasquet;patrón;;;;;De Garnacha balandro Fernaudita, patron Frasquet: 200 quintales cáscara manglo y efectos.;;Fernaudita;;;balandro;1880_10_31;Garnacha;;
;;N/A:  | N/A: ;;;Unibaso;cap.;;;;;De Bahia Honda vapor Bahia Honda, capitan Unibaso: 419 tercios tabaco y electos.;;Bahia Honda;;;vapor;1880_10_31;Bahia Honda;;
;;N/A: ;;;Blanco;patrón;;;;;De Sagua goleta Candita, patron Blanco: 1,100 sacos carbon.;;Candita;;;goleta;1880_11_03;Sagua;;
;;N/A: ;;;Fujol;pat.;;;;;De Baracoa boto Cecilia Eanuela, patron Fujol: 600 sacos cal.;;Cecilia Eanuela;;;boto;1880_11_03;Baracoa;;
;;N/A:  | N/A: ;;;Mircles;cap.;;;;;De Cuba vapor Alicante, capitan Mircles: 81 sacos cacao y efectos.;;Alicante;;;vapor;1880_11_04;Cuba;;
;;N/A:  | N/A:  | N/A: ;;;Calafell;pat.;;;;;"De Matanzas goleta Dos Hermanas, patron Calafell; 14 pipas aguardiente, 5 fardos suela y efectos.";;Dos Hermanas;;;goleta;1880_11_04;Matanzas;;
;;N/A:  | N/A:  | N/A:  | N/A:  | N/A: ;;;Zubirat;patrón;;;;;De Punta de San Juan goleta Paquete de Moron, patron Zubirat: 80 palos madorn, 500 caballos leña, 300 paquetes tablillas, 20 arrobas cera y efectos.;;Paquete de Moron;;;goleta;1880_11_04;Punta de San Juan;;
;;N/A: ;;;Zaragoza;pat.;;;;;De Gibara goleta Isla de Cuba, patron Zaragoza: 530 caballos leña.;Cuba;Isla de Cuba;;;goleta;1880_11_04;Gibara;;
;;N/A: ;;;Maton;pat.;;;;;De la Teja goleta Catalina, patron Maton: 800 sacos carbon.;;Catalina;;;goleta;1880_11_04;la Teja;;
;;N/A: ;;;Orbay;pat.;;;;;De idem goleta Jóven Catalina, patron Orbay: 200 sacos carbon.;;Jóven Catalina;;;goleta;1880_11_04;idem;;
;;N/A: ;;;Joy;p.;;;;;De Sierra Morena goleta Tres Hermanas, pation Joy: 800 ancos carbon.;;Tres Hermanas;;;goleta;1880_11_04;Sierra Morena;;
;;;;;Valent;pat.;;;;;De Cárdenas golota Maria del Carmen, patron Valent: efectos.;;Maria del Carmen;;;golota;1880_11_04;Cárdenas;;
;;N/A:  | N/A:  | N/A: ;;;Pellicer;pat.;;;;;Do Matanzas gol. Emilio, pat. Pellicer, 31 tercerolas sebo y 14 pipas aguardiente y efectos.;;Emilio;;;gol.;1880_11_05;Matanzas;;
;;N/A: ;;;García;pat.;;;;;"De la Teja gol."" Leonarda, pat. García, 600 sacos carbon.";;Leonarda;;;gol.;1880_11_05;la Teja;;
;;N/A: ;;;Garriga;pat.;;;;;De idem gol. Segunda Luz de Yara, pat. Garriga, 600 sacos carbon.;;Segunda Luz de Yara;;;gol.;1880_11_05;idem;;
;;N/A: ;;;Moner;pat.;;;;;De idem gol. Sofia, pat. Moner, 1000 sacos carbon.;;Sofia;;;gol.;1880_11_05;idem;;
;;N/A: ;;;Alvarez;pat.;;;;;Do idom gol. Prieta. pat. Alvarez, 500 sacos carbon.;;Prieta.;;;gol.;1880_11_05;idom;;
;;N/A: ;;;Gomez;pat.;;;;;De Sierra Morena gof. Anita, pat. Gomez, 200 sacos de carbon.;;Anita;;;gof.;1880_11_05;Sierra Morena;;
;;N/A: ;;;Visquerra;p.;;;;;De Matánzas goleta Amelia, p. Visquerra, 60 tercerolas srbo.;;Amelia;;;goleta;1880_11_06;Matánzas;;
;;N/A:  | N/A:  | N/A:  | N/A: ;;;Bernaza;p.;;;;;De Nuevitas gol. Dolores, p. Bernaza, 600 atravesaños 100 caballos lena y efectos.;;Dolores;;;gol.;1880_11_06;Nuevitas;;
;;N/A:  | N/A: ;;;Enseñat;p.;;;;;De S. Morena gol. Union, p. Enseñat, 12 sacos carbon y efectos.;;Union;;;gol.;1880_11_06;S. Morena;;
;;N/A: ;;;Pujol;p.;;;;;De Sta. Maria balandro Nuevo Hilario, p. Pujol, 700 s. carbon.;;Nuevo Hilario;;;balandro;1880_11_06;Sta. Maria;;
;;N/A: ;;;Juan;pat.;;;;;De Carahatas goleta Nuova Rosita, patron Juan, 2,200 sacos carbon.;;Nuova Rosita;;;goleta;1880_11_06;Carahatas;;
;;N/A: ;;;Hernandes;pat.;;;;;De Morrillo goleta Feliz, patron Hernandes, 300 sacos carbon.;;Feliz;;;goleta;1880_11_07;Morrillo;;
;;N/A: ;;;Piñeyro;patrón;;;;;De Cárdenas goleta Cármen patron Piñeyro, 10 pipas agua salada,;;Cármen;;;goleta;1880_11_07;Cárdenas;;
;;N/A:  | N/A:  | N/A:  | N/A:  | N/A: ;;;Planas;pat.;;;;;De Mulata gol. Potosi, patron Planas, 65 torcios tabaco 150 fanegas maiz, 150 caballos leña, 40 sacos carbon.;;Potosi;;;gol.;1880_11_07;Mulata;;
;;N/A: ;;;Bernaza;pat.;;;;;De Mantua gol. Dos Hermanas, patron Bernaza, 800 sacos carbon.;;Dos Hermanas;;;gol.;1880_11_07;Mantua;;
;;N/A: ;;;Tur;p.;;;;;De Rio Puerco gol. Antonia Habana, p. Tur, 250 atravesafios.;;Antonia Habana;;;gol.;1880_11_07;Rio Puerco;;
;;;;;Bonet;pat.;;;;;De Matanzas, goleta Iguacito, pa.ron Bonet.-En laefre.;;Iguacito;;;goleta;1880_11_09;Matanzas;;
;;N/A:  | N/A: ;;;Alemany;pat.;;;;;De Matanzas goleta María, pat. Alemany.-25 enfas sebo y efectos.;;María;;;goleta;1880_11_09;Matanzas;;
;;N/A:  | N/A:  | N/A: ;;;Torres;pat.;;;;;De Cabañas gol. Maria del Carmen, pat. Torres-14 pipas aguardiente: co saces malz y efectos;;Maria del Carmen;;;gol.;1880_11_09;Cabañas;;
;;N/A:  | N/A: ;;;Vich70;pat.;;;;;De Cabañas gol. Ntra. Sra. de la Caridad. pat. Vich70 pipas aguardiente y 11 sacos carbon,;;Ntra. Sra. de la Caridad;;;gol.;1880_11_09;Cabañas;;
;;N/A: ;;;Febrer;patron;;;;;De Santa Maria gol. Josefs, patron Febrer-800 sacos carbon.;;Josefs;;;gol.;1880_11_09;Santa Maria;;
;;N/A: ;;;Gallego;pat.;;;;;De San Cayetano gol. Carmen Nombre de Dios, patron Gallego 00 varas funderas.;;Carmen Nombre de Dios;;;gol.;1880_11_09;San Cayetano;;
;;N/A: ;;;Angla;pat.;;;;;De Santa Maria gol. Dos Amigos, pat. Angla‹la-600 sacos carbon.;;Dos Amigos;;;gol.;1880_11_09;Santa Maria;;
;;N/A: ;;;Amengual;pat.;;;;;De Dimas gol. Margarita, pat. Amengual-600 sacos carbon.;;Margarita;;;gol.;1880_11_09;Dimas;;
;;N/A:  | N/A: ;;;Grandal;pat.;;;;;De Caibarien gol. Enriqueta, pat. Grandal-600 cabalos leña y 20 piezas maderas.;;Enriqueta;;;gol.;1880_11_09;Caibarien;;
;;N/A:  | N/A: ;;;Serante;pat.;;;;;De Morrillo gol. Britauia pat. Serante-400 sacos carbony 400 caballos leña.;;Britauia;;;gol.;1880_11_09;Morrillo;;
;;;;;Suarez-800;pat.;;;;;De Playas de San Juan gpl. Ignacin Aleman, patron Suarez-800 atravesafios.;;Ignacin Aleman;;;gpl.;1880_11_09;Playas de San Juan;;
;;N/A:  | N/A:  | N/A:  | N/A: ;;;Lloret;pat.;;;;;De Balas goleta Angelita, pat. Lloret: 22 tercion tabaco, juegos carrota, 100 varas maderas, 200 sacos carbon.;;Angelita;;;goleta;1880_11_10;Balas;;
;;N/A:  | N/A:  | N/A: ;;;Gana;cap.;;;;;De Caba vap. Juan Mir. cap. Gana-49 sacos caeno, 27 cajas licores y efectos.;;Juan Mir;;;vap.;1880_11_11;Caba;;
;;;;;Unibaso;cap.;;;;;De Babta Honda vap. Bahia Honda, cap. Unibaso-con ofectos.;;Bahia Honda;;;vap.;1880_11_11;Babta Honda;;
;;N/A: ;;;Mujica;p.;;;;;De Sagua gol. Encarnacion, p. Mujica-500 sacos carسაი.;;Encarnacion;;;gol.;1880_11_11;Sagua;;
;;N/A: ;;;Otero;pat.;;;;;De Sagna gol. Rasita, patron Otero-900 sacos de carbon.;;Rasita;;;gol.;1880_11_11;Sagna;;
;;N/A:  | N/A: ;;;Colomar;p.;;;;;De Canasi gol. Sabás, p. Colomar-2 cajas azúcar y efectos.;;Sabás;;;gol.;1880_11_11;Canasi;;
;;N/A:  | N/A: ;;;Carbonell;p.;;;;;De Matanzas gol. Elvira, p. Carbonell-32 tablas pino yofectos.;;Elvira;;;gol.;1880_11_11;Matanzas;;
;;N/A: ;;;Colomar;p.;;;;;De Sagua goi. Isabel, p. Colomar-1500 sacos carbon.;;Isabel;;;goi.;1880_11_11;Sagua;;
;;;;;Dardet-i.astre.;p.;;;;;De Cárdenas gol. Rosita, p. Dardet-i.astre.;;Rosita;;;gol.;1880_11_11;Cárdenas;;
;;N/A:  | N/A:  | N/A: ;;;Chevas;p.;;;;;De idem gol. Angelita, p. Chevas-5 cajas de bigos, 20 fardos suela y efectos.;;Angelita;;;gol.;1880_11_11;idem;;
;;N/A:  | N/A: ;;;Rivas;cap.;;;;;De Sagua vapor Cuba, cap. Rivas. 57 tercios de tabaco y efects.;;Cuba;;;vapor;1880_11_12;Sagua;;
;;N/A:  | N/A:  | N/A: ;;;Ferrer;pat.;;;;;De Malesaas gel. Tulita, pat. Ferrer, 32.000 ladrillos. 1000 caballos y 50 sacos carbon.;;Tulita;;;gel.;1880_11_12;Malesaas;;
;;N/A:  | N/A: ;;;Riobó;pat.;;;;;De Carahatas gol. Teresita, pat. Riobó 20 bocoyes de azúcar y 15 idem de miel y efectos.;;Teresita;;;gol.;1880_11_12;Carahatas;;
;;N/A: ;;;Seuña;pat.;;;;;De Sagna gol. Nuevo Pepe, pat. Seuña, 1500 sacos de carbon.;;Nuevo Pepe;;;gol.;1880_11_12;Sagna;;
;;;;;Gavics;cap.;;;;;De Calbarien vapor Alava. cap. Gavics. con efectos.;;Alava;;;vapor;1880_11_13;Calbarien;;
;;N/A: ;;;Roca;pat.;;;;;De ia Teja gol. Gallego, pat. Roca, 800 sacos carbon.;;Gallego;;;gol.;1880_11_13;ia Teja;;
;;N/A: ;;;Macip;pat.;;;;;De Santa Cruz gol. Centinela, pat. Macip, 90 cerdo a y efectos.;;Centinela;;;gol.;1880_11_13;Santa Cruz;;
;;N/A:  | N/A: ;;;Calafell;pat.;;;;;De Matauzas gol. Dos Hermanas, pat. Calafell, 1560 arnobas tasajo y efectos.;;Dos Hermanas;;;gol.;1880_11_13;Matauzas;;
;;N/A:  | N/A:  | N/A: ;;;Pavia;aat.;;;;;De Cárdenas gol. General la Mar, aat. Pavia, 300 paquetes tablillas, 150 sacos cáscara y efectos.;;General la Mar;;;gol.;1880_11_13;Cárdenas;;
;;N/A: ;;;Pellicer;pat.;;;;;Do Matanzas goleta Emilio, pat. Pellicer, con 150 sacos garbanzos.;;Emilio;;;goleta;1880_11_14;Matanzas;;
;;N/A: ;;;Mandilego;pat.;;;;;De Cárdenas goleta Josefa, pat. Mandilego, con 90 pipas aguardiente.;;Josefa;;;goleta;1880_11_14;Cárdenas;;
;;N/A:  | N/A: ;;;Visquera;patrón;;;;;De Matanzas goleta Amalia, patron Visquera: 500 83cos harina y efectos.;;Amalia;;;goleta;1880_11_16;Matanzas;;
;;N/A: ;;;Grandal;pat.;;;;;"De Banes goleta José Manuel, patron Grandal; 6000 ladrillos,";;José Manuel;;;goleta;1880_11_16;Banes;;
Día null:;;;;;Santo;patrón;;;;;De Mariel goleta Justica, patron Santo: en lastre.;;Justica;;;goleta;1880_11_16;Mariel;;
;;N/A:  | N/A: ;;;Sanchez;patrón;;;;;"De Mariel goleta San Antonio, patron Sanchez; 100 fanegas maiz, lo quintales cobre viejo.";;San Antonio;;;goleta;1880_11_16;Mariel;;
;;N/A:  | N/A:  | N/A: ;;;Enrrich;p.;;;;;De San Cayetano g. Araucana, p. Enrrich, 160 tercios tabaco, 150 polines, 400 vs. maderas.;;Araucana;;;g.;1880_11_18;San Cayetano;;
;;N/A: ;;;Almanza;patrón;;;;;De la Teja goleta Dos Sofas, patron Almanza. 1000 sacos carbon.;;Dos Sofas;;;goleta;1880_11_18;la Teja;;
;;N/A:  | N/A: ;;;Herrera;pat.;;;;;De Gardenas gta. Mercedita, patron Herrera, 700 paquetes arcos y efectos.;;Mercedita;;;gta.;1880_11_18;Gardenas;;
;;N/A: ;;;Simó;pat.;;;;;De Sagua g. Paquete die „….. patpat.  . Simó, 1100 sacos carbon.;;Paquete die;;;g.;1880_11_19;Sagua;;
;;N/A:  | N/A: ;;;AlemañƑ;pat.;;;;;"De Matanzas g. María; pat. AlemañƑ, 42 pipas aguardiente y 100 cajas encurtidos.";;María;;;g.;1880_11_19;Matanzas;;
;;;;;Villamil;cap.;;;;;"De Cuba vapor Manuelita y María; cap. Villamil, cou efectos.";;Manuelita y María;;;vapor;1880_11_19;Cuba;;
;;N/A: ;;;Gavica;cap.;;;;;De Caibarien vapor Alava, cap. Gavica, con efectos;;Alava;;;vapor;1880_11_19;Caibarien;;
;;;;;Unibaso;cap.;;;;;De Bahia-Honda vapor Bahia-Houda, cap. Unibaso. con efectos.;;Bahia-Houda;;;vapor;1880_11_19;Bahia-Honda;;
;;N/A: ;;;Pagés;p.;;;;;De Sagus gal. va Rosa, p. Pagés-1000 sacos de car bon.;;Rosa;;;gal.;1880_11_20;Sagus;;
;;N/A:  | N/A: ;;;Simó-500;p.;;;;;De Sagua gol. Jóven Vicenta, p. Simó-500 atravesn fios y efectos.;;Jóven Vicenta;;;gol.;1880_11_20;Sagua;;
;;N/A:  | N/A:  | N/A: ;;;Lledó;p.;;;;;De Gibacoa gol. Vilarós, p. Lledó-40 sacos carbon. 250 caballos leña y efectos.;;Vilarós;;;gol.;1880_11_20;Gibacoa;;
;;N/A:  | N/A:  | N/A:  | N/A:  | N/A: ;;;Rivas;p.;;;;;De Nuevitas gol. Dichosa. p. Rivas-5 pipas, 1 bocpy cera, 500 caballos lefia' 150 saeos carbon y efectos.;;Dichosa;;;gol.;1880_11_20;Nuevitas;;
;;N/A:  | N/A:  | N/A: ;;;Coll;cap.;;;;;"De Sagua'vap. Cuba, cap. Coll-12 tercios de tabaco y efectos. .Ds Sierra Morena gol. Toresits; p. Villalonga—200 sacos carbon.";Cuba;Coll;;;vap.;1880_11_20;Sagua;;
;;N/A: ;;;Barrera;patron;;;;;De Sierra Morena g. 24 Ignacia patron Barrera: 600 sacos carbon.;;Ignacia;;;g.;1880_11_21;Sierra Morena;;
;;N/A: ;;;Gispert;patron;;;;;De la Teja g. Jóven Carlota patron Gispert: 1,000 68cos carbon.;;Jóven Carlota;;;g.;1880_11_21;la Teja;;
;;N/A:  | N/A: ;;;Enseñat;pat.;;;;;De Sierra Morena g. Union patrou Enseñat: 1 caja aves y efectos.;;Union;;;g.;1880_11_21;Sierra Morena;;
;;N/A: ;;;Ruiz;patrón;;;;;De Santa Maria goleta Isabelita patron Ruiz: 800 80cos carbon.;;Isabelita;;;goleta;1880_11_21;Santa Maria;;
;;N/A:  | N/A: ;;;Felico;pat.;;;;;De Dimas goleta Especulacion, patnon Felico, 260 8. carbon, 70 tercios tabaco.;;Especulacion;;;goleta;1880_11_23;Dimas;;
;;N/A: ;;;Toro;p.;;;;;De Sagua goleta Rita Fortuna, p. Toro, 1400 sacos carbon.;;Rita Fortuna;;;goleta;1880_11_23;Sagua;;
;;N/A:  | N/A: ;;;Colomar;patrón;;;;;De Sagna goleta Antonia, patron Colomar, 1300 sacos carbon, 77 caballos majagua.;;Antonia;;;goleta;1880_11_23;Sagna;;
;;N/A:  | N/A: ;;;Bonet;p.;;;;;De Matanzas goleta Ignacita, p. Bonet, 484 8. harina 4 cajas muebles.;;Ignacita;;;goleta;1880_11_23;Matanzas;;
;;N/A: ;;;Vich;pat.;;;;;De Cabañas goleta Nra. Sra. de la Caridad, patron Vich, 40 pipas aguardiente.;;Nra. Sra. de la Caridad;;;goleta;1880_11_23;Cabañas;;
;;N/A: ;;;Hernandez;pat.;;;;;De Morrillo goleta Feliz, patron Hernandez, 200 caballos leña.;;Feliz;;;goleta;1880_11_23;Morrillo;;
;;;;;Rojas;patron;;;;;De Baracoa goleta Diez de Agosto patron Rojas-En lastre.;;Diez de Agosto;;;goleta;1880_11_24;Baracoa;;
;;N/A: ;;;Zaragoza;patro;;;;;De Sagua galeta Flor de Sagua patro Zaragoza-1,500 sacos carbon.;;Flor de Sagua;;;galeta;1880_11_24;Sagua;;
;;N/A: ;;;Calvet-800;patron;;;;;De Santa Maria g. Francisca Gener patron Calvet-800 aacos carbon.;;Francisca Gener;;;g.;1880_11_24;Santa Maria;;
;;;;;Adivina-360;patrón;;;;;De la Teja goleta América patron Adivina-360 atravesaños.;;América;;;goleta;1880_11_24;la Teja;;
;;N/A: ;;;Fonrodona;p.;;;;;De Rio do la Palma g. Providencia, p. Fonrodona-800 sacos carbon.;;Providencia;;;g.;1880_11_25;Rio do la Palma;;
;;N/A:  | N/A:  | N/A: ;;;Rivas;pat.;;;;;Do Guanes gel. Guaniguanico, pat. Rivas: con 239 terclos tabaco, 160 caballos leña y efectos.;;Guaniguanico;;;gel.;1880_11_26;Guanes;;
;;N/A: ;;;Denis;pat.;;;;;De Sagua goleta San Francisco, patron Denis: con 800 sacos carbon.;;San Francisco;;;goleta;1880_11_26;Sagua;;
;;N/A:  | N/A:  | N/A: ;;;Jofre;pat.;;;;;Do Teja gol. Dos Amigos, pat. Jofre: con 77 palos madera, 10 caballos leña y 150 atravesaños.;;Dos Amigos;;;gol.;1880_11_26;Teja;;
;;N/A:  | N/A:  | N/A:  | N/A:  | N/A: ;;;Olivier;pat.;;;;;De Puerto Padre gel. Amistad, pat. Olivier: con tercios tabaco, 360 varas madera, to caballos leña, 1 becoy cera y efectos.;;Amistad;;;gel.;1880_11_26;Puerto Padre;;
;;N/A:  | N/A:  | N/A: ;;;Valent;pat.;;;;;De Cárdenas gol. María del Cármen, pat. Valent: con 8 fardos suela, i caja ropa y efectos.;;María del Cármen;;;gol.;1880_11_26;Cárdenas;;
Día 01:;;N/A:  | N/A:  | N/A: ;;;Calafell;pat.;;;;;De Matanzas gol. Dos Hermanas, pat. Calafell: con 300 cajas vino, 165 niontaras y efectos.;;Dos Hermanas;;;gol.;1880_11_26;Matanzas;;
;;;;;Unibaso;cap.;;;;;De Babia Honda rapor Bahia Honda, cap. Unibaso: con efectos.;;Bahia Honda;;;rapor;1880_11_26;Babia Honda;;
;;N/A:  | N/A: ;;;Garica;cap.;;;;;Do Caibarien vapor Alava, cap. Garica: con 1,375 ter: cios tabaco y efectos.;;Alava;;;vapor;1880_11_26;Caibarien;;
;;N/A:  | N/A: ;;;Dardet;pat.;;;;;Do Cárdenas gol. Rosita, pat. Dardet: con 20 pipas aguardiente y efectos.;;Rosita;;;gol.;1880_11_26;Cárdenas;;
;;;;;Santos;patrón;;;;;De Mariel goleta Justica, patron Santos: en laatre.;;Justica;;;goleta;1880_11_27;Mariel;;
;;N/A: ;;;Paz;pat.;;;;;"De Sagua goleta Carmita, patron Paz; 1200 sacos carbon.";;Carmita;;;goleta;1880_11_27;Sagua;;
;;N/A: ;;;Rodriguez;patrón;;;;;De idem goleta Panchita, patron Rodriguez: 1000 sacos carbon.;;Panchita;;;goleta;1880_11_27;idem;;
;;N/A: ;;;Ferrer;pat.;;;;;De la Teja goleta Jóven Luisa, pat. Ferrer: 1,000 sacos carbon.;;Jóven Luisa;;;goleta;1880_11_28;la Teja;;
Día null:;;N/A: ;;;Torres;pat.;;;;;De Cabañas goleta Isabelita, pat. Torres: 190 auegas mniz.;;Isabelita;;;goleta;1880_11_28;Cabañas;;
;;N/A: ;;;Gil;pat.;;;;;De Banes goleta Nuova Esperanza, pat. Gil: 100 auogas maiz.;;Nuova Esperanza;;;goleta;1880_11_28;Banes;;
;;N/A: ;;;Mateu;patrón;;;;;De la Teja goleta Catalina, patron Mateu: 1000 sacós carbon.;;Catalina;;;goleta;1880_11_28;la Teja;;
;;N/A: ;;;Rodriguez;pai.;;;;;De Sagna goleta Panchita, pai. Rodriguez: 1000 sacos carbon.;;Panchita;;;goleta;1880_11_28;Sagna;;
;;N/A: ;;;Maner;pat.;;;;;De la Teja golota Sofia pat. Maner: 1000 sacos carbon.;;Sofia;;;golota;1880_11_30;la Teja;;
;;N/A: ;;;Calzada;patrón;;;;;De la Teja goleta Júcaro, patron Calzada: 800 sacos carbon.;;Júcaro;;;goleta;1880_11_30;la Teja;;
;;N/A:  | N/A:  | N/A:  | N/A: ;;;Bernaza;pat.;;;;;De Puerto Padro goleta Tres Hermanas, pat. Bernaza: 100 atravesaños, 300 caballos leña, 100 varas madezas, 120 sacos cáscara.;;Tres Hermanas;;;goleta;1880_11_30;Puerto Padro;;
;;N/A:  | N/A:  | N/A: ;;;Carbonell;pat.;;;;;De Matanzas goleta Elvira, pat. Carbonell: 105 cajas I vermout, 2 fardos snela y efectos.;;Elvira;;;goleta;1880_11_30;Matanzas;;
;;N/A:  | N/A:  | N/A: ;;;Herrera;pat.;;;;;De Cárdenas golota Mercedita, pat. Herrera: 9,000 plós madora, 6 cajas chocolato y efectos.;;Mercedita;;;golota;1880_11_30;Cárdenas;;
;;N/A: ;;;Mariño;pat.;;;;;De Machado goleta San Francisco, pat. Mariño: 100 sacos carbon.;;San Francisco;;;goleta;1880_11_30;Machado;;
;;N/A:  | N/A: ;;;Grandal;pat.;;;;;De Panta Alegre goleta Clio, pat. Grandal: 1150 yayas, GO palos labrados.;;Clio;;;goleta;1880_11_30;Panta Alegre;;
;;N/A: ;;;Lorenzo;pat.;;;;;De Sagua goleta Trafalgar, pat. Lorenzo: 1600 sacos carbon.;;Trafalgar;;;goleta;1880_11_30;Sagua;;
;;N/A: ;;;Grandal;p.;;;;;De Jaimanitas gol, José Manuel, p. Grandal, 6.500 ladrillas;;José Manuel;;;gol;1880_12_01;Jaimanitas;;
;;N/A:  | N/A:  | N/A: ;;;Torres;p.;;;;;De Cabañas g Maria del Carmen. p. Torres, 27 pipas aguardiente, 67 sacos mais y efectos.;;Maria del Carmen;;;g;1880_12_01;Cabañas;;
;;N/A: ;;;Portelle;p.;;;;;De Santa Maria g. Neptuno, p. Portelle, carbon 5 cascara mangle.;;Neptuno;;;g.;1880_12_01;Santa Maria;;
;;N/A: ;;;Mall;patrón;;;;;De Mariel goleta Maria Magdalena patron Mall, con efectos,;;Maria Magdalena;;;goleta;1880_12_01;Mariel;;
;;N/A: ;;;Fehrer;patrón;;;;;De Bajas goleta Madrileña, patron Fehrer: 1500 sacos carbon.;;Madrileña;;;goleta;1880_12_02;Bajas;;
;;N/A: ;;;Benojan;pat.;;;;;De Mantua goleta Lince, patron Benojan: 800 sacos carbon.;;Lince;;;goleta;1880_12_02;Mantua;;
;;N/A: ;;;Sische;cap.;;;;;De Cuba vapor dortera, capitan Sische: con efectos.;;dortera;;;vapor;1880_12_03;Cuba;;
;;;;;Gavica;cap.;;;;;"De Caibarien vapor Alava, capitan Gavica; con efectux.";;Alava;;;vapor;1880_12_03;Caibarien;;
;;N/A:  | N/A: ;;;Unibaso;cap.;;;;;De Babia Honda vapor Bahia Honda, capitan Unibaso: tabaco y efectos.;;Bahia Honda;;;vapor;1880_12_03;Babia Honda;;
;;N/A:  | N/A: ;;;Colomar;pat.;;;;;De Trujillo goleta Sabas, patrou Colomar: 800 atravesaños, sacos carbon.;;Sabas;;;goleta;1880_12_03;Trujillo;;
;;N/A: ;;;Suarez;patrón;;;;;De Punta San Juan goleta Ignacia Aleman, patron Suarez: 900 atravesaños.;;Ignacia;;;goleta;1880_12_03;Punta San Juan;;
;;N/A: ;;;Feliz;pat.;;;;;De la Mulata goleta Dolores, patron Feliz: 800 sacos carbon.;;Dolores;;;goleta;1880_12_03;la Mulata;;
;;N/A: ;;;Cabrera;pat.;;;;;De Teja gol. San José patron Cabrera: con 100 sacos carbon.;;San José;;;gol.;1880_12_04;Teja;;
;;N/A:  | N/A: ;;;Pellicer;pat.;;;;;"Do Matanzas gol. Emilio, pat. Pellicer; con 28 pipas aguardiento y efectos.";;Emilio;;;gol.;1880_12_04;Matanzas;;
;;N/A: ;;;Pujrl;pat.;;;;;Do Santa Maria gol. Nuevo Hilario, pat. Pujrl: con 200 sacos carbon,;;Nuevo Hilario;;;gol.;1880_12_04;Santa Maria;;
;;N/A:  | N/A: ;;;Cuevas;pat.;;;;;De Cárdenas gol. Angelita, pat. Cuevas: con 17 fardos Suela y efectos..;;Angelita;;;gol.;1880_12_04;Cárdenas;;
;;N/A: ;;;;pat.;;;;;De Morrillo gel. Britaria, patata con F00 sacos carbon.;;Britaria;;;gel.;1880_12_04;Morrillo;;
;;N/A: ;;;Blanco;pat.;;;;;"De Mariel gol. Cruz de Mayo, pat. Blanco; con 200 ca. ballos isla";;Cruz de Mayo;;;gol.;1880_12_04;Mariel;;
;;N/A:  | N/A: ;;;Mandilego;p.;;;;;De Cárdenas gol. Marin Josefa p. Mandilego, 12,000 arcos y efectos.;;Marin Josefa;;;gol.;1880_12_05;Cárdenas;;
;;;;;;p.;;;;;De Sierra Norona 2. Union p. Enseñar, con efectas.;;Enseñar;;;p.;1880_12_05;Sierra Norona;;
;;N/A: ;;;Loy;p.;;;;;De Sega goleta Tres Honuanas p. Loy, 800 sacos carbon;;Tres Honuanas;;;goleta;1880_12_05;Sega;;
;;N/A: ;;;Lopez;p.;;;;;De Cabañas g. Caballo Marino p. Lopez, 8 pipas agnardiente y equipajo.;;Caballo Marino;;;g.;1880_12_05;Cabañas;;
;;N/A: ;;;Garriga;pat.;;;;;"De Teja gol. Luz de Yara; pat. Garriga: con 600 sacos carbon.";;Luz de Yara;;;gol.;1880_12_07;Teja;;
;;N/A:  | N/A:  | N/A:  | N/A: ;;;Mora;pat.;;;;;De Malas Aguas gol. Maria, pat. Mora: con 3,000 ladrillos, 100 caballos leña, y 40 varas almacigor;;Maria;;;gol.;1880_12_07;Malas Aguas;;
;;N/A: ;;;Grandal;pat.;;;;;De Jaimanitas goleta José Manuel, pat. Grandal: con 6300 Indrillos.;;José Manuel;;;goleta;1880_12_07;Jaimanitas;;
;;N/A:  | N/A:  | N/A: ;;;Valent;pat.;;;;;De Cárdenas gol. Maria del Carmen, pat. Valent: con 10 fardos suela, 36 railes y efectos.;;Maria del Carmen;;;gol.;1880_12_07;Cárdenas;;
;;N/A: ;;;Bonet;pat.;;;;;De Matanzas galeta Ignacita, patron Bonet: con 15 pipas vacias.;;Ignacita;;;galeta;1880_12_07;Matanzas;;
;;N/A:  | N/A:  | N/A: ;;;Visquerra;patrón;;;;;De Matauzas goleta Amalia, patron Visquerra: con 15 pipas sacias, 16 cajas higos y efectos;;Amalia;;;goleta;1880_12_07;Matauzas;;
;;N/A:  | N/A:  | N/A: ;;;Macip;patrón;;;;;De Santa Cruz goleta Centinela, patron Macip: con 18 fanegas insiz, 28 sacos frijoles y 59 cerdos.;;Centinela;;;goleta;1880_12_07;Santa Cruz;;
;;N/A:  | N/A: ;;;Pinoyro;pat.;;;;;Do Bajas gol. Manuolite, pat. Pinoyro: con 1,350 sacos carbony 400 caballos leña.;;Manuolite;;;gol.;1880_12_07;Bajas;;
;;;;;Rojas;patrón;;;;;De Baracoa goleta Diez de Agosto, patron Rojas: con lastro.;;Diez de Agosto;;;goleta;1880_12_07;Baracoa;;
;;N/A:  | N/A: ;;;Herrera;pat.;;;;;De Cárdenas gol. Mercedita, pat. Herrera: con 50 paquetes tablillas, 50 bocoyes vacíos.;;Mercedita;;;gol.;1880_12_07;Cárdenas;;
Día null:;;N/A: ;;;Berňaza;pat.;;;;;De Mántna gol. Dos Hermanas, pat. Berňaza: con 800 BACOs carbon.;;Dos Hermanas;;;gol.;1880_12_07;Mántna;;
;;N/A: ;;;Otero;patrón;;;;;De Sagua goleta Rosito, patron Otero: con 900 sacos carbon.;;Rosito;;;goleta;1880_12_07;Sagua;;
;;N/A: ;;;Lozano;pat.;;;;;Do Jaimanitas gol. Jóven Salvador, pat. Lozano: con 7.000 ladrillos.;;Jóven Salvador;;;gol.;1880_12_07;Jaimanitas;;
;;N/A:  | N/A: ;;;Sanchez;p.;;;;;De Mariel goleta San Antonio, p. Sanchez, 80 fanegas naiz y efectos.;;San Antonio;;;goleta;1880_12_08;Mariel;;
;;N/A: ;;;Dardet;pat.;;;;;De Cárdenas goleta Rosita, patron Dardet: 165 pipas aguardiente.;;Rosita;;;goleta;1880_12_11;Cárdenas;;
;;N/A:  | N/A:  | N/A:  | N/A: ;;;;;;;;;"De Canasi gel. Sabas j. Colomar; 130 sacos,.8 bocoyes azúcar, 3 bambanes y efectos.";;Sabas j. Colomar;;;gel.;1880_12_19;Canasi;;
;;N/A:  | N/A: ;;;Valent;p.;;;;;De Cardonas gol. Marin del - Armen, p. Valent, 6 lios suela y efectos.;;Marin del - Armen;;;gol.;1880_12_19;Cardonas;;
;;;;;Lledó;p.;;;;;"De Canast gel Vinaroz, p. Lledó; en lastre.";;Vinaroz;;;gel;1880_12_19;Canast;;
;;N/A: ;;;Torres;pat.;;;;;"De Cabañas gol. Isabelita, patron Torres; 130 fanegas maiz,";;Isabelita;;;gol.;1880_12_19;Cabañas;;
;;;;;Arocha;p.;;;;;De Baracoa g. Bonifacia, p. Arocha-En lastro.;;Bonifacia;;;g.;1880_12_21;Baracoa;;
;;N/A: ;;;Santos-17;p.;;;;;De id. g. Justica, p. Santos-17 pipas aguardiente.;;Justica;;;g.;1880_12_21;id.;;
;;N/A:  | N/A:  | N/A: ;;;Vizquerra;p.;;;;;De Matunzas g. Amalia, p. Vizquerra-20 tabalos robalo y efectos.;;Amalia;;;g.;1880_12_21;Matunzas;;
;;N/A:  | N/A: ;;;Alemañy;p.;;;;;De Matanzas g. Maria, p. Alemañy—14 bocoyes azú– cary efectos.;;Maria;;;g.;1880_12_21;Matanzas;;
;;N/A:  | N/A:  | N/A:  | N/A:  | N/A: ;;;Bernaza;p.;;;;;De Foovitasg. Dolores, p. Bernaza-300 atravesaños, 400 caballos leña. 8 pinns cera y efectos.;;Dolores;;;p.;1880_12_21;Foovitasg;;
;;N/A: ;;;Pavía-19 Jardos;p.;;;;;De Cárdenas g. Generalla Mar, p. Pavía-19 Jardos zuela, 30 sacos liueso z efectos.;;Generalla Mar;;;g.;1880_12_21;Cárdenas;;
;;N/A: ;;;Grandal;p.;;;;;De Caibarien g. Enriqueta, p. Grandal-310 tercios tabaco.;;Enriqueta;;;g.;1880_12_21;Caibarien;;
;;N/A: ;;;Ilusac;p.;;;;;De Santa Maria g. Amablo Rosita, p. Ilusac-800 sacos carbon.;;Amablo;;;g.;1880_12_21;Santa Maria;;
;;N/A: ;;;Serra-eid;p.;;;;;De la Toja g. Isabel II, p. Serra-eid s. carbon.;;Isabel II;;;g.;1880_12_21;la Toja;;
;;N/A:  | N/A: ;;;Planas;p.;;;;;De Mulata g. Potosi, p. Planas-800 sacos carbony 180 anegas maiz.;;Potosi;;;g.;1880_12_21;Mulata;;
;;N/A: ;;;Orbay-500;p.;;;;;De idem g. Paquete do Nuovitas, p, Orbay-500 8. carbon.;;Paquete;;;g.;1880_12_21;idem;;
;;N/A: ;;;Mateu;p.;;;;;De la Teja g. Catalina, p. Mateu-1000 s. carbon.;;Catalina;;;g.;1880_12_21;Teja;;
;;;;;Zaragoza;p.;;;;;De Cárdenas g, Isla de Cuba, p. Zaragoza-con efec tos.;Isla de Cuba;;;;g;1880_12_21;Cárdenas;;
;;N/A: ;;;Alemafis;pat.;;;;;"De Cárdenas goleta Jóven Pilar, patron Alemafis; lastre.";;Jóven Pilar;;;goleta;1880_12_25;Cárdenas;;
;;N/A:  | N/A: ;;;Carbonell;p.;;;;;De Matanzas gol. Elvira, p. Carbonell,-12 bocoyos Azúcar y efectos.;;Elvira;;;gol.;1880_12_25;Matanzas;;
;;N/A:  | N/A: ;;;Enseñat;p.;;;;;De Sierra Morena gol. Union, p. Enseñat-1000 acce azúcar y efectos.;;Union;;;gol.;1880_12_25;Sierra Morena;;
;;;;;Simó-700;p.;;;;;De Sagun gol. Paqueto de Sagua, p. Simó-700 atravesafios.;;Paqueto de Sagua;;;gol.;1880_12_25;Sagun;;
;;N/A: ;;;Fernandez;p.;;;;;De la Teja gol. Altagracia, p. Fernandez-1000 sacos carbon.;;Altagracia;;;gol.;1880_12_25;la Teja;;
;;N/A:  | N/A: ;;;Piñeyro-Co;p.;;;;;De Cárdenas go). Cármen, p. Piñeyro-Co becoyes azúcar y efectos.;;Cármen;;;go);1880_12_25;Cárdenas;;
;;N/A: ;;;Suao;p.;;;;;De Sierra Morena gol. Habanera, p. Suao-800 sacos carbon.;;Habanera;;;gol.;1880_12_25;Sierra Morena;;
;;N/A: ;;;Mireles;p.;;;;;De idem gol. Emiqueta Josefa, p. Mireles-800 sacos carbon.;;Emiqueta;;;gol.;1880_12_25;idem;;
;;N/A: ;;;Herrera;p.;;;;;De Cárdenas gol. Meterdità, p. Herrera-20 paquetes tablillas.;;Meterdità;;;gol.;1880_12_25;Cárdenas;;
;;N/A:  | N/A: ;;;;;;;;;De Carahatas gol. Teresita, Santo Domingo—121 bocoses mil, 50 tercios tale ofectos,;;Teresita;;;gol.;1880_12_25;Carahatas;;
;;N/A: ;;;Calzada;patron;;;;;De Teja goleta Júcaro patron Calzada: 800 sacos carbon.;;Júcaro;;;goleta;1880_12_28;Teja;;
;;N/A: ;;;Maner;patrón;;;;;De Teja goleta Sofia patron Maner: 1,000 ancos carlion.;;Sofia;;;goleta;1880_12_28;Teja;;
;;;;;Martinez;patron;;;;;De Banes golota Cecilia Manuola patron Martinez: en lastre.;;Cecilia Manuola;;;golota;1880_12_28;Banes;;
;;N/A: ;;;Alemafy;patrón;;;;;De Malas Aguas goleta Maria Teresa patron Alemafy: 30,000 ladrillos.;;Maria Teresa;;;goleta;1880_12_28;Malas Aguas;;
Día XX:;;N/A: ;;;Toro;patrón;;;;;De Sagun goleta Rita Fortuna patron Toro: 1,500 saes carbon.;;Rita Fortuna;;;goleta;1880_12_28;Sagun;;
Día XX:;;N/A: ;;;Vich;patron;;;;;De Cabañas g. Nuestra Señora de la Caridad patron Vich: 460 ancos azúcar.;;Nuestra Señora de la Caridad;;;g.;1880_12_28;Cabañas;;
Día 01:;;N/A: ;;;Mata;p.;;;;;De Jaimanitas goleta Dos Hermanos p. Mata: 5,500 ladrillos.;;Dos Hermanos;;;goleta;1880_12_28;Jaimanitas;;
;;N/A: ;;;Valdés;pat.;;;;;De Arroyos goleta Cinco Hermanas, patron Valdés: 800 varas maderas. · De Mantua goleta Segunda Amistad patron Valdés: 150 palos cedro y 300 trozos granadillo.;;Cinco Hermanas;;;goleta;1880_12_28;Arroyos;;
;;N/A: ;;;Mayans;patron;;;;;De Playas de San Juang. Segunda Gertrudis patron Mayans 1,100 sacos carton.;;Segunda Gertrudis;;;;1880_12_28;Playas de San Juang;;
;;N/A: ;;;Paz;prtron;;;;;De Sagua goleta Carmita prtron Paz: 1,200 sacos carbon.;;Carmita;;;goleta;1880_12_28;Sagua;;
;;N/A: ;;;Josefa y. Mirolos;;;;;;De Sierrra Morena goleta Eurigneta Josefa y. Mirolos: 200 sacos carbon.;;Eurigneta;;;goleta;1880_12_28;Sierrra Morena;;
Día XX:;;N/A:  | N/A: ;;;Rivas;cap.;;;;;De Guanes vap. Guanlgnanico, cap. Rivas: 2 tercios tabaco y ef . etos;;Guanlgnanico;;;vap.;1880_12_29;Guanes;;
;;N/A: ;;;Roca;pat.;;;;;De la Teji g. Gallogo, pat. Roca: 800 ancos carbon.;;Gallogo;;;g.;1880_12_29;Teji;;
;;N/A: ;;;Pujol;patrón;;;;;De Jarneo geleta Golondrina, patron Pujol, 100 caballos leña.;;Golondrina;;;geleta;1880_12_30;Jarneo;;
;;N/A:  | N/A: ;;;Calafell;pat.;;;;;De Matanzas g. Dos Hermanne, patron Calafell, 60 bo0008 azúcar y ofectos.;;Dos Hermanne;;;g.;1880_12_30;Matanzas;;
;;;;;Gil-En;patrón;;;;;De Banes goleta Esperanza, patron Gil-En lastre.;;Esperanza;;;goleta;1880_12_30;Banes;;
;;N/A: ;;;Casi;cap.;;;;;De Malas Aguas vapor Anita, capitan Casi, 151 terclos tabaco.;;Anita;;;vapor;1880_12_30;Malas Aguas;;
;;N/A: ;;;Grandal;p.;;;;;De Jaimanitas gal. Joзó Manuel, p. Grandal: 6590 ladrillos.;;Joзó Manuel;;;gal.;1880_12_31;Jaimanitas;;
;;N/A: ;;;Benejan;p.;;;;;De Mantua gol Lince, p. Benejan, 800 saços do carban.;;Lince;;;gol;1880_12_31;Mantua;;
;;;;;Frasquet;p.;;;;;Ds Garnacha gol. Fernaudita, p. Frasquet: con efectos.;;Fernaudita;;;gol.;1880_12_31;Garnacha;;
