arrival_date;arrival_date_calc;cargo_list;crew_number;forced_arrival;master_name;master_role;parsed_text;passenger_account;publication_day;quarantine;raw_text;ship_flag;ship_name;ship_tons_capacity;ship_tons_unit;ship_type;source_file;travel_departure_port;travel_duration_unit;travel_duration_value
;;N/A: ;;;Barrera;patron;;;;;"De Sierra Morena g. Segunda Ignacia patron Barrera; 1500 8. carbon.";;Segunda Ignacia;;;g.;1881_01_01;Sierra Morena;;
;;N/A: ;;;Pajés;pat.;;;;;De Sagua gol. Rosa, pat, Pajés, 1400, ancos carbon.;;Rosa;;;gol.;1881_01_04;Sagua;;
;;N/A:  | N/A:  | N/A: ;;;Pellicer;pat.;;;;;De Matanzas gol. Emilio, pat. Pellicer, 120 bocoyes do azúcar y 493 bariles papas y efectos..;;Emilio;;;gol.;1881_01_04;Matanzas;;
;;N/A:  | N/A:  | N/A: ;;;Colomar;pat.;;;;;Do Sagun gol. Antonia, pat. Colomar, 155 sacos harina, 180 ancos maiz, 63 pipas vino y efectos.;;Antonia;;;gol.;1881_01_04;Sagun;;
;;N/A: ;;;Dardoll;pat.;;;;;De Cárdenas nol. Rosita, pat. Dardoll. 160 pipas donguardiente.;;Rosita;;;nol.;1881_01_04;Cárdenas;;
;;N/A: ;;;Vizqnerra;pat.;;;;;De Cabañas gol. l'aquito, pat. Vizqnerra, 23,000 ladrillos.;;l'aquito;;;gol.;1881_01_04;Cabañas;;
;;N/A:  | N/A:  | N/A:  | N/A: ;;;Ponte;pat.;;;;;De Nuevitas gel. Emilia, pat. Ponte, 120 atravesafios, 200 caballos leña y 57 bultos cera y efectos.;;Emilia;;;gel.;1881_01_04;Nuevitas;;
;;N/A:  | N/A: ;;;Jofre;pať.;;;;;De la Teja gol. Dos Amigos, pať. Jofre, 380 atravesaños, beeoves'azúcar y efectos,;;Dos Amigos;;;gol.;1881_01_04;la Teja;;
;;N/A: ;;;Vich;pat.;;;;;De Cabañas gol. Nuestra Señora de la Caridad, pat Vich, 460 sacos azúcar,;;Nuestra Señora de la Caridad;;;gol.;1881_01_04;Cabañas;;
;;N/A:  | N/A:  | N/A:  | N/A: ;;;Rivas;pat.;;;;;De Nuevitas gol. Dichoss, pat, Rivas, 700 caballos de leña, 50 sacos carbon, 1000 tibisis y 52 ancos maiz,;;Dichoss;;;gol.;1881_01_04;Nuevitas;;
;;;;;Covas;pat.;;;;;De la Ortigosa gol. Dolorita, pat, Covas, con efectos,;;Dolorita;;;gol.;1881_01_04;Ortigosa;;
;;N/A: ;;;Torres;pat.;;;;;Do Mantua gol. Isabelita, pat. Torres, 800 Bacos cárbon.;;Isabelita;;;gol.;1881_01_04;Mantua;;
;;N/A:  | N/A: ;;;Portella;pat.;;;;;De Santa Maria gol. Neptuno, pat. Portella, 800 sacos carbou y 130 sacos cáscaras.;;Neptuno;;;gol.;1881_01_04;Santa Maria;;
;;N/A: ;;;Calvet;pat.;;;;;De idem gol. Francisca Gener, pat. Calvet, 800 sacos carbon.;;Francisca Gener;;;gol.;1881_01_04;idem;;
;;N/A:  | N/A:  | N/A: ;;;Subirat;patrón;;;;;De Moron goleta Paquete de Moron, patron Subirat: 500 caballos fona, 50 paquetes tablillas y efectos.;;Paquete de Moron;;;goleta;1881_01_05;Moron;;
;;N/A:  | N/A:  | N/A: ;;;Colomar;p.;;;;;"De Canasi gol. Sabas, p. Colomar; 30 bocoyes miel, 170 planchas hierro y efectos.";;Sabas;;;gol.;1881_01_06;Canasi;;
;;N/A: ;;;Cabaleiro;p.;;;;;De Carabatas gol. San Francisco, p. Cabaleiro: 1200 sacos carbon.;;San Francisco;;;gol.;1881_01_06;Carabatas;;
;;N/A:  | N/A: ;;;Lopez;p.;;;;;De Cabañas gol. Caballo Marine, p. Lopez: 24 pipas aguardiente y efectos.;;Caballo Marine;;;gol.;1881_01_06;Cabañas;;
;;N/A:  | N/A: ;;;Piñeуro;p.;;;;;De Caibarion gol. Estrella, p. Piñeуro: 200 piezas madera y efectos.;;Estrella;;;gol.;1881_01_06;Caibarion;;
;;N/A: ;;;Garriga;p.;;;;;De la Teja g. Luz de Yara, p. Garriga, 800 sacos car-. bon.;;Luz de Yara;;;g.;1881_01_08;la Teja;;
;;N/A: ;;;Lozano;p.;;;;;De Jaimanitas g. Jóven Salvador, p. Lozano, 7000 ladrillos.;;Jóven Salvador;;;g.;1881_01_08;Jaimanitas;;
;;N/A:  | N/A: ;;;Valent;oatron;;;;;De Cárdenas g. Maria nel Carmen, oatron Valent, 800 s. v 60 boooyen ashear y efectos.;;Maria nel Carmen;;;g.;1881_01_08;Cárdenas;;
;;N/A: ;;;Castell;patron;;;;;De Cárdenas g. Anita, patron Castell, 200 boooyes azivar.;;Anita;;;g.;1881_01_08;Cárdenas;;
;;;;;Aleman-en lastra;p.;;;;;De Cárdenas g. Almansa, p. Aleman-en lastra.;;Almansa;;;g.;1881_01_08;Cárdenas;;
;;N/A: ;;;Ferrer;pat.;;;;;De Malas Aguas g. Nya. Estrella, patron Ferrer,19000 ladrillos.;;Nya.;;;g.;1881_01_08;Malas Aguas;;
;;;;;Vich';p.;;;;;De Cabalas Ntra. Sra. de la Caridad, p. Vich'.450 B. Anticar.;;Ntra. Sra. de la Caridad;;;B.;1881_01_08;Cabalas;;
;;N/A: ;;;Lledó;pat.;;;;;De Gibaoos g. Vina patrem Lledó, 150 caballe los Hey Ma mais..;;Vina;;;g.;1881_01_08;Gibaoos;;
;;N/A:  | N/A:  | N/A:  | N/A: ;;;Paula;p.;;;;;De Slots Morens g. Seña, p. Paula, 100 bodya, arúcar. 30. maquinaria maria y. afectes. y  1. De Carabine g. Jóve;;Seña;;;g.;1881_01_08;Slots;;
;;N/A: ;;;Richart;p.;;;;;De idem gol. Magdalena, p. Richart-600 sacos do carbott.;;Magdalena;;;gol.;1881_01_11;idem;;
;;N/A:  | N/A:  | N/A:  | N/A:  | N/A: ;;;Oliver-100;p.;;;;;De Pto. Paire gel. Amistad, p. Oliver-100 atravesafos, 400 varas materns, 300 quititales cascaras manglo, 60 caballos leña, 11 tercios tabaco, 50 garrafones miel y efectoa.;;Amistad;;;gel.;1881_01_11;Pto. Paire;;
;;;;;Zaragoza;p.;;;;;De Cárdenas gol. Ists do Cuba, p. Zaragoza-en lastre.;;Ists do Cuba;;;gol.;1881_01_11;Cárdenas;;
;;N/A: ;;;;;;;;;De Mariel gol. Maria Magdalena, Mall-83 bocnyes do azúcar.;;Maria Magdalena;;;gol.;1881_01_11;Mariel;;
;;N/A:  | N/A: ;;;Jofre;cap.;;;;;De Cárdenas vap, Soler, cap. Jofre-250 becs. azúcar y efectes;;Soler;;;vap;1881_01_11;Cárdenas;;
;;N/A:  | N/A: ;;;;;;;;;De Guanes vap Ganaignanico, ap. Eivas--150 caballos leña 10 envios al pelo y efectos;;Ganaignanico;;;vap;1881_01_11;Guanes;;
;;N/A: ;;;Pujol;pat.;;;;;De Santa Maria gol. Nneve Hilario̟, pat. Pujol: con FO sacos carbon.;;Nneve;;;gol.;1881_01_12;Santa Maria;;
;;N/A:  | N/A: ;;;Bernaza;pat.;;;;;De Mantua gol. Dos Hermanas, pat. Bernaza: con 800 Sacos carbon y efectos.;;Dos Hermanas;;;gol.;1881_01_12;Mantua;;
;;N/A:  | N/A: ;;;Mora;pat.;;;;;De Malan-agnas gol. Maria, pat. Mora: con 12.000 ladrillos y 100 arabos.;;Maria;;;gol.;1881_01_12;Malan-agnas;;
Día null:;;N/A: ;;;Visquerra;pat.;;;;;De Matanzas gol. Amalia, pat. Visquerra: con 200 bocoves azúcar.;;Amalia;;;gol.;1881_01_12;Matanzas;;
Día XX:;;N/A: ;;;Vich;pat.;;;;;De Cabañas gol. Ntra. Sra. de la Caridad, pat. Vich: con 450 sacos azúcar.;;Ntra. Sra. de la Caridad;;;gol.;1881_01_12;Cabañas;;
Día null:;;N/A: ;;;Piñeyro;pat.;;;;;De Cárdenas gol. Ntra. Sra. del Cármen. pat. Piñeyro: cor 150 bocores azúcar.;;Ntra. Sra. del Cármen;;;gol.;1881_01_12;Cárdenas;;
;;N/A:  | N/A: ;;;Sto. Domingo;p.;;;;;De Carahatas g. Tepaita p. Sto. Domingo, 650 8. 109 bocs. y efectos.;;Tepaita;;;g.;1881_01_13;Carahatas;;
;;N/A: ;;;Gisport;pat.;;;;;De la Teja goleta Jóven Cárlota, pat. Gisport: 1000 sacos oarbou.;;Jóven Cárlota;;;goleta;1881_01_14;Teja;;
;;N/A: ;;;Santori;pat.;;;;;De Sagua goleta Trafalgar, pat. Santori: 1500 sacos carbon.;;Trafalgar;;;goleta;1881_01_14;Sagua;;
;;N/A:  | N/A: ;;;Înclan;p.;;;;;De Cabañas g. Josefa, p. Înclan: 40 cajas azúcar y efectos.;;Josefa;;;g.;1881_01_15;Cabañas;;
;;N/A: ;;;Dardet;p.;;;;;De Cárdenas g. Rosita, p. Dardet: 170 becoyes azńcar.;;Rosita;;;g.;1881_01_15;Cárdenas;;
;;N/A:  | N/A:  | N/A:  | N/A:  | N/A: ;;;Torres;p.;;;;;De Cabriss g. Maria del Carmen, p. Torres: 58 c. azncar, 90 pipas aguardient-, 16 garrafones, 1 tercerola miel abaja y efectos.;;Maria del Carmen;;;g.;1881_01_16;Cabriss;;
;;N/A: ;;;Rojas;p.;;;;;De Baracoa g. Diez de Agosto, p. Rojas: 40 bocores a zúcar..;;Diez de Agosto;;;g.;1881_01_16;Baracoa;;
;;N/A: ;;;Martinez;p.;;;;;De Banes g. Cecilia Manuela, p. Martinez: 32 bocoyes azúcar.;;Cecilia Manuela;;;g.;1881_01_16;Banes;;
;;N/A:  | N/A: ;;;Lledó;p.;;;;;De Sierra Morens g. Crisalida, p. Lledó: 610 sacos 84 bocoyen azúcar.;;Crisalida;;;g.;1881_01_16;Sierra Morens;;
;;N/A: ;;;Alemany;p.;;;;;De Cárdenas g. Jóven Pilar, p. Alemany: 160 bocores azúcar.;;Jóven Pilar;;;g.;1881_01_16;Cárdenas;;
;;N/A: ;;;Roca;p.;;;;;De la Teja g. Gallego, p. Roca: 900 s. carbon.;;Gallego;;;g.;1881_01_18;Teja;;
;;;;;Lopez;p.;;;;;De Cabañas g. Caballo Marino, p. Lopez: en lastre.;;Caballo Marino;;;g.;1881_01_18;Cabañas;;
;;N/A:  | N/A: ;;;Enrich;p.;;;;;De Berracos g. Araucana, p. Enrich: 400 polines y 250 varas maderas.;;Araucana;;;g.;1881_01_18;Berracos;;
;;N/A:  | N/A:  | N/A:  | N/A: ;;;;p.;;;;;De idem g. Engracia, p. Bil bao: 130 atravesaños, 56 caballos leña y efectos.;;Engracia;;;g.;1881_01_18;idem;;
;;N/A:  | N/A: ;;;Pujol;p.;;;;;De Cárdenas g. Joaquina, p. Pujol: 100 bocoyes azúcar y efectos.;;Joaquina;;;g.;1881_01_18;Cárdenas;;
;;N/A:  | N/A: ;;;Pujol;p.;;;;;De Sierra Moreno g. María, p. Pujol: 600 s. y 50 bocoyes azúcar y efectos.;;María;;;g.;1881_01_18;Sierra Moreno;;
;;N/A:  | N/A: ;;;Enseñat;p.;;;;;De Cárdenas g. Ties Three p. Enseñat: 120 bocoyos azúcar y efectos.;;Ties Three;;;g.;1881_01_18;Cárdenas;;
;;N/A: ;;;Calafell;p.;;;;;De Matanzas g. Dos Hermanas, p. Calafell: 130 bocoyos azúcar.;;Dos Hermanas;;;g.;1881_01_18;Matanzas;;
;;N/A: ;;;Moner;p.;;;;;De la Teja g. Sofia, p. Moner: 1000 s. carbon.;;Sofia;;;g.;1881_01_18;la Teja;;
;;N/A: ;;;;;;;;;De id. g. Júcaro, p. Calzada: 1000 s. carbon.;;Júcaro;;;p.;1881_01_18;id. g.;;
;;;;;Covas;p.;;;;;De la Ortigosa g. Doloritas. p. Covas: en lastre.;;Doloritas;;;g.;1881_01_18;Ortigosa;;
;;N/A: ;;;Cartell;p.;;;;;De Cárdenas g. Anita. p. Cartell: 250 boo. azúcar.;;Anita;;;g.;1881_01_18;Cárdenas;;
;;N/A: ;;;Suarez;p.;;;;;De Playas do S. Juan g. Ignacia Aleman, p. Suarez: 800 atravesaños.;;Ignacia;;;g.;1881_01_18;Playas;;
;;N/A: ;;;Villalonga;p.;;;;;De Sagna g. Teresita, p. Villalonga: 800 8. carbon.;;Teresita;;;g.;1881_01_18;Sagna;;
Día 01:;;N/A: ;;;Daus;p.;;;;;De id. g. Josefa Coruneza, p, Daus: 1600 8. carbon.;;Josefa Coruneza;;;;1881_01_18;id. g.;;
;;N/A: ;;;Fernandez;p.;;;;;De id. g. Nuova Concha, p. Fernandez: 1100 a. carbon.;;Nuova Concha;;;g.;1881_01_18;id.;;
;;N/A: ;;;Mariño;p.;;;;;De la Teja g. San Francisco, p. Mariño: C00 8. carbon.;;San Francisco;;;g.;1881_01_18;la Teja;;
;;N/A: ;;;Orbay;p.;;;;;De id. g. Joven Catalina, p. Orbay: 100 s. carbon.;;Joven Catalina;;;g.;1881_01_18;id.;;
;;N/A: ;;;Lozano;p.;;;;;De Bañes g. Jóvon Salvador,'p. Lozano: 6000 ladrillos.;;Jóvon;;;g.;1881_01_18;Bañes;;
;;N/A: ;;;Jofie;p.;;;;;De la Toja g. Dos Amigos, p. Jofie: 100 boeoyes azúcar.;;Dos Amigos;;;g.;1881_01_18;la Toja;;
;;N/A: ;;;Jofré;patrón;;;;;De la Tofa goleta Dos amiges, patron Jofré, 100 bocoyes azúcar.;;Dos amiges;;;goleta;1881_01_19;la Tofa;;
;;N/A:  | N/A: ;;;Herrera;patron;;;;;De Cárdenas gta. Mercedita. patron Herrera, 90 bocoyes y 2008. azúcar.;;Mercedita;;;gta.;1881_01_19;Cárdenas;;
;;N/A: ;;;Grandal;p.;;;;;De Jaimanitas g. José Manuel, p. Grandal: 1000 ladrilloa.;;José Manuel;;;g.;1881_01_20;Jaimanitas;;
;;N/A: ;;;Fateban;pat.;;;;;"De Machado goleta Vicenta pat. Fateban; 900 sacos carbon.";;Vicenta;;;goleta;1881_01_20;Machado;;
;;N/A: ;;;iFerrer;p.;;;;;De Bahia Honda gol. Mercedita p.iFerrer: 550 sacos азйсаг.;;Mercedita;;;gol.;1881_01_20;Bahia Honda;;
;;N/A:  | N/A:  | N/A: ;;;Ensoñat;p.;;;;;De Sierra Morena g. Union, p. Ensoñat, 420 sacos, 179 bocoyos y 1 estuche azúcar.;;Union;;;g.;1881_01_21;Sierra Morena;;
;;N/A:  | N/A: ;;;Macip;p.;;;;;De Sta. Craz g. Desempeño, p. Macip, 5 cnartorolas miel de abeja y efectos.;;Desempeño;;;g.;1881_01_21;Sta. Craz;;
;;N/A:  | N/A: ;;;Paula;p.;;;;;De Sierra Morena g. Sofia, p. Paula, 600 sacos, 48 bocoyes azúcar y efectos.;;Sofia;;;g.;1881_01_21;Sierra Morena;;
;;N/A: ;;;Perez;pat.;;;;;De Cabañas g. Buenaventura, patron Perez, 30 sacos carbon.;;Buenaventura;;;g.;1881_01_21;Cabañas;;
;;N/A:  | N/A:  | N/A: ;;;Pujol;p.;;;;;De Jaruco g. Golondrina. p, Pujol: 100 caballos lena, 32 fanegas maiz y efectos.;;Golondrina;;;g.;1881_01_21;Jaruco;;
;;N/A: ;;;Mariedes;cap.;;;;;De Cuba vap. Alicante, cap. Mariedes, 10 garrafo nes ginebra.;;Alicante;;;vap.;1881_01_21;Cuba;;
;;N/A: ;;;Matos;p.;;;;;De Jaimanitas gol. Dos Hermanoo, p. Matos: 5500 ladrillos.;;Dos Hermanoo;;;gol.;1881_01_22;Jaimanitas;;
;;N/A: ;;;Serra;p.;;;;;De la Teja gol. Isabel 2, p. Serra: 200 sacos carbon.;;Isabel 2;;;gol.;1881_01_22;la Teja;;
;;N/A: ;;;Fonrodona;p.;;;;;De Rio de la Palma. gol. Providencia, p. Fonrodona: 800 sacos carbon.;;Providencia;;;gol.;1881_01_22;Rio de la Palma;;
;;N/A: ;;;Torres;p.;;;;;De Malas Aguas gol, Isabelita, p. Torres: 250 атраветезадов.;;Isabelita;;;gol;1881_01_23;Malas Aguas;;
;;N/A:  | N/A:  | N/A: ;;;Ensehat;p.;;;;;De ilem gol. Tres Téresas. p. Ensehat, 120 bocoyes. 200 s. açúcar y efectos;;Tres Téresas;;;gol.;1881_01_25;ilem;;
;;N/A: ;;;Jofre;patrón;;;;;De Teja galota Dos Amigos, patron Jofre, 100, boroyes azúcar.;;Dos Amigos;;;galota;1881_01_25;Teja;;
;;N/A:  | N/A:  | N/A:  | N/A: ;;;Înclan;p.;;;;;De Cabañas galetadošela, p. Înclan, 400 sacos, 40 bocoves. 60 c. azúcar, & pipas aguardiente.;;;;;galetadošela;1881_01_25;Cabañas;;
;;N/A: ;;;Planell;p.;;;;;De Bajas gol. Salvo Virgen Maria, p. Planell, 400 sacos cascara mangle.;;Salvo Virgen Maria;;;gol.;1881_01_25;Bajas;;
;;N/A:  | N/A: ;;;Sanchez;p.;;;;;De Jarugo goleta Jaruqueña, p. Sanchez. 700 tejas, 1,100 ladrillos.;;Jaruqueña;;;goleta;1881_01_25;Jarugo;;
;;N/A:  | N/A: ;;;Mall;p.;;;;;De Sagaa goleta Margarita. p. Mall 100 s. carbon y atravesaños.;;Margarita;;;goleta;1881_01_25;Sagaa;;
;;N/A: ;;;Paz;pat.;;;;;De leni gol. Carmiita patron Paz, 900 sacos carbon.;;Carmiita;;;gol.;1881_01_25;leni;;
;;N/A:  | N/A: ;;;Martinez;p.;;;;;De Banes gol. Cesilia Máu ola, p. Martinez, 20 boceyes miel, 32 bocoyes azúcar,;;Cesilia Máu;;;gol.;1881_01_25;Banes;;
;;N/A: ;;;Cabaleiro;pat.;;;;;De Carahatas goleta San Francisca, patron Cabaleiro: 1200 sacos.;;San Francisca;;;goleta;1881_01_26;Carahatas;;
;;N/A:  | N/A: ;;;Roca;patrón;;;;;De Berracos goleta Irenita, patron Roca: 200 atravesafos, 100 palos madera.;;Irenita;;;goleta;1881_01_26;Berracos;;
;;N/A: ;;;Games;patrón;;;;;De Sierra Morena goleta Anita, patron Games: 800 sacos carbon.;;Anita;;;goleta;1881_01_26;Sierra Morena;;
;;N/A:  | N/A: ;;;Alemany;pat.;;;;;De Matanzas goleta Maria, pat. Alemany: 190 bocoyes azúcar y efectos.;;Maria;;;goleta;1881_01_26;Matanzas;;
Día 01:;;N/A: ;;;Santos;patrón;;;;;De Mariel goleta Justica, patron Santos: 64 bocoyes azúcar.;;Justica;;;goleta;1881_01_26;Mariel;;
;;N/A:  | N/A:  | N/A:  | N/A:  | N/A:  | N/A:  | N/A: ;;;Bernaza-200;p.;;;;;De Puerto Padre gol. Tres Hermanas, p. Bernaza-200 atravesaños, 909 tiras majagua, 73 pеncas yarey, 71 estacas júcaros, 14 caobas, 10 cedros y efectos.;;Tres Hermanas;;;gol.;1881_01_27;Puerto Padre;;
Día null:;;N/A: ;;;Piñeiro;p.;;;;;De Cárdenas g. Cármen p. Piñeiro: 135 bocopes azúzar.;;Cármen;;;g.;1881_01_28;Cárdenas;;
;;N/A: ;;;Cartell;patron;;;;;De Cárdenas golota Anita patron Cartell: 250 bocoyes azúcar.;;Anita;;;golota;1881_01_28;Cárdenas;;
;;N/A:  | N/A:  | N/A: ;;;Grandal;p.;;;;;De Punta San Juan g. Ello p. Grandal: 1,300 yayas, 1,000 estaquillas, 37 palos labrados.;;Ello;;;g.;1881_01_29;Punta San Juan;;
;;N/A:  | N/A: ;;;Enseñat;p.;;;;;De Cárdenas g. Tres Teresas p. Enseñat: 140 bocoyes, 150 Bacos azúcar y ofectos.;;Tres Teresas;;;g.;1881_01_29;Cárdenas;;
Día null:;;N/A: ;;;Jofre;pat.;;;;;De Teja goleta Dos Amigos patron Jofre: 100 bocoyes azúcar.;;Dos Amigos;;;goleta;1881_01_29;Teja;;
Día :;;N/A:  | N/A: ;;;Lledó;patron;;;;;De Gibara goleta Vinarós patron Lledó: 5 tercerolas miol abeja.;;Vinarós;;;goleta;1881_01_29;Gibara;;
Día null:;;N/A: ;;;Suao;patron;;;;;De Sierra Morena g. Habanera patron Suao: 800 8 cos carbon.;;Habanera;;;g.;1881_01_29;Sierra Morena;;
Día null:;;N/A: ;;;Alemañy;p.;;;;;De Sierra Morena g. Matilde p. Alemañy: 135 bocoves azúcar.;;Matilde;;;g.;1881_01_29;Sierra Morena;;
;;N/A: ;;;Mireles;p.;;;;;De Sierra Morena g. Enriqueta Josefa p. Mireles: 800 sacos carbon.;;Enriqueta;;;g.;1881_01_29;Sierra Morena;;
;;N/A:  | N/A:  | N/A:  | N/A:  | N/A: ;;;Calvo;patrón;;;;;De Gibara goleta Seis Manuelas patron Calvo: 500 caballos lefia, 200 atravesaños, 200 quintales cáscara mangle, 190 piszas madora y efectos.;;Seis Manuelas;;;goleta;1881_01_29;Gibara;;
;;N/A:  | N/A: ;;;Navarro;pat.;;;;;De la Tela gol. Dorotea, patron Navarro: 70 bocosos y 140 sacos azúcar. De Cardenas gol. Joaquina, p. Priel: 80 cajas y 140 bocoves azúcar.;;Dorotea;;;gol.;1881_01_30;Tela;;
Día null:;;N/A: ;;;Mayans;p.;;;;;De Sazua gol. Segunda Gertrudis, p. Mayans: 1100 sacos corbon.;;Segunda Gertrudis;;;gol.;1881_01_30;Sazua;;
Día 01:;;N/A:  | N/A:  | N/A: ;;;Juan;pat.;;;;;Do Cabañas gol. Esmeralda, pat. Juan: 42 quarterolas miel, 66 c. azúcar y 13 plpas aguardiente.;;Esmeralda;;;gol.;1881_02_01;Cabañas;;
;;N/A: ;;;Codina;p.;;;;;De Rio de la Palma g. Panchita, p. Codina: 1000 s. carbon.;;Panchita;;;g.;1881_02_01;Rio de la Palma;;
;;N/A:  | N/A: ;;;Visquerra;p.;;;;;De Cabañas g. Paquita, p. Visquerra: 929 s. azúcar y 20 fanegas malz.;;Paquita;;;g.;1881_02_01;Cabañas;;
;;N/A:  | N/A: ;;;Carbonell;p.;;;;;De Matanzas g. Elvira, p. Carbonell: 96 cajas y 123 bocoyes azúcar y efectos.;;Elvira;;;g.;1881_02_01;Matanzas;;
;;N/A:  | N/A:  | N/A: ;;;Colomar;p.;;;;;De Sagua g. Segunda Isabel, p. Colomar: 11,000 s. carbon, 300 arabos y efectos.;;Segunda Isabel;;;g.;1881_02_01;Sagua;;
;;N/A:  | N/A: ;;;Colomar;p.;;;;;De Canasi g. Sabás, p. Colomar: 60 boc. azúcar y 17 ouarterolaa miel do abejas.;;Sabás;;;g.;1881_02_01;Canasi;;
Día 01:;;N/A:  | N/A:  | N/A: ;;;Gana;cap.;;;;;De Cuba vapor Juan Mir, cap. Gana: 50 s. cacao, 15 bultos cera y efectos.;;Juan Mir;;;vapor;1881_02_01;Cuba;;
Día null:;;N/A:  | N/A: ;;;Cusi;cap.;;;;;De Bahia Honda vapor Anita, cap. Cusi: 121 s. azúcar y efectos.;;Anita;;;vapor;1881_02_01;Bahia Honda;;
;;N/A: ;;;Montell;p.;;;;;De la Teja g. Manuela, p. Montell: 800 sacos de carbon.;;Manuela;;;g.;1881_02_02;Teja;;
;;N/A:  | N/A:  | N/A: ;;;Macip;p.;;;;;De Santa Crung. Desempeño, p. Macip: 28 boo, azúcar, 105 s. frijoles y 6 emarferolas miel de abejas.;;Desempeño;;;;1881_02_02;Santa Crung;;
Día ji:;;N/A: ;;;Nuevitas;do;;;;;De la Teja g. Paqueto do Nuevitas, ji Úrhay: 800 8. carbon.;;Paqueto;;;g.;1881_02_02;Teja;;
;;N/A: ;;;Orbay;p.;;;;;De Sierra Morena g. Autólica, p. Orbay: C00 s. carbon.;;Autólica;;;g.;1881_02_02;Sierra Morena;;
;;N/A:  | N/A:  | N/A:  | N/A: ;;;Simó;pat.;;;;;De Sagua gel. Paquete de Sugua, pat. Simó: con 200 sacos carbon, 100 caballos majagua cajas ceray efectos.;;Paquete de Sugua;;;gel.;1881_02_04;Sagua;;
;;N/A: ;;;Roca;patrón;;;;;De Teja goleta Gallego, patron Roca: con 800 sacos carbon.;;Gallego;;;goleta;1881_02_04;Teja;;
Día XX:;;N/A:  | N/A:  | N/A: ;;;Calafell;pat.;;;;;De Matanzas gol. Dos Hermanas, pat. Calafell: con 148 bocores azñear, 12 cajas idem y efectos.;;Dos Hermanas;;;gol.;1881_02_04;Matanzas;;
;;N/A:  | N/A: ;;;Ferrer;pat.;;;;;Do Malas Aguas gol. Nueva Estrella, pat. Ferrer:_ con 9000 ladrille y 123 cortes deyugo.;;Nueva Estrella;;;gol.;1881_02_04;Malas Aguas;;
Día :;;N/A: ;;;Arecha;pat.;;;;;Do Cabañas gol. Conchita, pat. Arecha: con 649 sacos carbon.;;Conchita;;;gol.;1881_02_04;Cabañas;;
Día XX:;;N/A: ;;;Orbay;pat.;;;;;De Sierra Morena bdro. Antonica, pat. Orbay: con 600 sacos carbon.;;Antonica;;;bdro.;1881_02_04;Sierra Morena;;
;;N/A: ;;;Giandal;pat.;;;;;De Taimanitas gol. José Manuel, pat. Giandal: con 7,000 ladrillo⭑.;;José Manuel;;;gol.;1881_02_04;Taimanitas;;
;;N/A: ;;;Lozano;pat.;;;;;De idem gol. Jóven Salvador, pat. Lozano: con 7,000 ladrillos;;Jóven Salvador;;;gol.;1881_02_04;idem;;
;;N/A:  | N/A:  | N/A: ;;;Planes;pat.;;;;;Da Mulata gol. Potosi, pat. Planes: con 150 fanegas malz, 70 caballos les y 30 garrafones miel.;;Potosi;;;gol.;1881_02_04;Mulata;;
;;N/A: ;;;Lopez;pat.;;;;;Do Mariel gol. Maria Magdalena, pat. Lopez: con 85 bocoyos azúcar.;;Maria Magdalena;;;gol.;1881_02_04;Mariel;;
;;N/A: ;;;Orbar;pat.;;;;;Do Teja gol. Paqueto de Nuevitas, pat. Orbar: con 200 sacos carbon.;;Paqueto;;;gol.;1881_02_04;Teja;;
Día XX:;;N/A: ;;;Seguí;pat.;;;;;De Dimas gol. Margarita, pat. Seguí: con 600 sacos oarbon.;;Margarita;;;gol.;1881_02_04;Dimas;;
;;N/A: ;;;Orbay;pat.;;;;;Da Teja gol. Jóven Catalina, pat. Orbay: con 800 sacos carbon..;;Jóven Catalina;;;gol.;1881_02_04;Teja;;
;;N/A: ;;;FlusaC;pat.;;;;;De Santa Maria gol. Amable Rosita, pat. FlusaC: COD 200 sacos carbon.;;Amable Rosita;;;gol.;1881_02_04;Santa Maria;;
;;N/A: ;;;Benejar;pat.;;;;;De idem gol.. Lince, patron Benejar: con 800 eacos carbon.;;Lince;;;gol.;1881_02_04;idem;;
;;N/A:  | N/A:  | N/A: ;;;Juan;pat.;;;;;Do Malas Aguas gol. NnevajRosita, pat. Juan: con. 30.000 ladrillos y 300 caballos leña.;;NnevajRosita;;;gol.;1881_02_04;Malas Aguas;;
;;N/A: ;;;Rojas;pat.;;;;;De Panta Alegro gol. Castilla, pat. Rojas: con 10 yugear horconos.;;Castilla;;;gol.;1881_02_04;Panta Alegro;;
;;N/A:  | N/A:  | N/A:  | N/A: ;;;Pujol;pat.;;;;;Da Sta. Licia gol. Carmita, pat. Pujol: con 400 varas maderas, 200 caballos leña, 1.000 rayas y efectos.;;Carmita;;;gol.;1881_02_04;Sta. Licia;;
Día 01:;;N/A: ;;;Mata;pat.;;;;;Do Jaimanitas bdro. Dos Hermanos, pat. Mata: con 3,000 ladrillos.;;Dos Hermanos;;;bdro.;1881_02_04;Jaimanitas;;
;;N/A:  | N/A: ;;;Enseñat;pat.;;;;;De Cárdenas gol. Tres Teresas, pat. Enseñat: 100 aacos y 150 bocoses azúcar,;;Tres Teresas;;;gol.;1881_02_05;Cárdenas;;
;;N/A:  | N/A:  | N/A: ;;;Fortell;pat.;;;;;De id, gol. Victoria, pat. Fortell: 585 sacos, 94 c. y 58 bocoyes azúcar.;;Victoria;;;gol.;1881_02_05;id;;
;;N/A: ;;;Tur;pat.;;;;;De Berracos gol. Antoula Habana, pat. Tur: 350 atravesaños.;;Antoula Habana;;;gol.;1881_02_05;Berracos;;
;;N/A:  | N/A:  | N/A: ;;;Fobrer;pat.;;;;;"De Bajas gol. Madrileña, pat. Fobrer; 900 s. carbon y 600 caballos loña y efectos";;Madrileña;;;gol.;1881_02_05;Bajas;;
;;N/A:  | N/A:  | N/A: ;;;Pellicer;p.;;;;;De Matauzas g Emiljo, p. Pellicer, 737 e., 152 locoyes azúcar y efectos.;;Emiljo;;;g;1881_02_06;Matauzas;;
;;N/A: ;;;Piñeiro;pat.;;;;;De Cárdenas g. Camen, patron Piñeiro, 15° bocoyes azúcar.;;Camen;;;g.;1881_02_06;Cárdenas;;
;;N/A: ;;;Pagés;pat.;;;;;De Sagua g. Segunda Rosa, patron Pagés. 1250 sacos carbon.;;Segunda Rosa;;;g.;1881_02_08;Sagua;;
;;N/A:  | N/A:  | N/A: ;;;Pujol;pat.;;;;;De Sierra Morena g. Maria, patron Pujol, 101 c., 90 boca. y 60 8. azúcar y efectos,;;Maria;;;g.;1881_02_08;Sierra Morena;;
;;N/A: ;;;Alemañy;p.;;;;;De Sierra Morena g. Jóven Pilar, p. Alemañy, 350 a.;;Jóven Pilar;;;g.;1881_02_08;Sierra Morena;;
;;N/A: ;;;Alemany;pat.;;;;;De Sierra Morena g. Matilde, patron Alemany, 130 bocos. azúcar.;;Matilde;;;g.;1881_02_08;Sierra Morena;;
;;N/A:  | N/A:  | N/A: ;;;Braje;p.;;;;;De Punta Alogro g. Popilla Alvarez, p. Braje, 400 atravesaños, 30 cortes carrota y 100 sacos cáscara mangle.;;Popilla;;;g.;1881_02_08;Punta Alogro;;
;;N/A:  | N/A: ;;;Riobo;p.;;;;;De Carahatas g. Tres Hermanas, p. Riobo, 600 s. y 100 bocs. azúcar y efectos.;;Tres Hermanas;;;g.;1881_02_08;Carahatas;;
;;N/A: ;;;Alvarez;p.;;;;;De la Teja g. Prists, p. Alvarez. 800 s. carbon.;;Prists;;;g.;1881_02_08;la Teja;;
;;N/A: ;;;Alvarez;pat.;;;;;"De Tiburon goleta Prieta, patron Alvarez; 800 sacos carbon.";;Prieta;;;goleta;1881_02_09;Tiburon;;
;;N/A: ;;;Pujol;p.;;;;;"De Jaruco goleta Golondrina, paaron Pujol; 300 sacos azúcar,";;Golondrina;;;goleta;1881_02_09;Jaruco;;
;;N/A: ;;;Calzada;pat.;;;;;"De la Teja goleta Júcaro, patron Calzada; 800 sacos carbon.";;Júcaro;;;goleta;1881_02_09;Teja;;
;;N/A:  | N/A: ;;;Bonet;patrón;;;;;"De Matanzas goleta Ignacita, patron Bonet; 130 boccyea azúcar y efectos..";;Ignacita;;;goleta;1881_02_09;Matanzas;;
;;N/A:  | N/A: ;;;Lladó;pat.;;;;;De Sierra Morena goleta Crisálida, patron Lladó: 360sacos, 120 bocoyes azúcar.;;Crisálida;;;goleta;1881_02_10;Sierra Morena;;
;;N/A:  | N/A:  | N/A:  | N/A: ;;;Rivas;cap.;;;;;De Guanes vapor Gusniguanico, capitan Rivas: 143 tercios tabaco, 46 sacos lana, 100 caballos leña y efectos;;Gusniguanico;;;vapor;1881_02_10;Guanes;;
;;N/A: ;;;San boca;p.;;;;;De id. g. Justica p. San boca, , azúcarBarrora;;Justica;;;p.;1881_02_11;id. g.;;
;;N/A:  | N/A: ;;;;p.;;;;;"De Sierra Morona g. Sg. In Ignacita p. ""Barrera 200 sacos 5 bocs. azúcar.";;Sg. In Ignacita;;;g.;1881_02_11;Sierra Morona;;
Día 01:;;N/A: ;;;Juan;p.;;;;;De Cabañas g. Josefa p. Juan: 400 a. 28 bocs: 130 cajas azúcar.;;Josefa;;;g.;1881_02_11;Cabañas;;
Día 01:;;N/A: ;;;Castell;p.;;;;;De Cárdenas g. Anita p. Castell: 230 bocoyes de azúcar.;;Anita;;;g.;1881_02_11;Cárdenas;;
;;N/A: ;;;Deulofeo;p.;;;;;De Cabañas g. Ntra. Sra. del Cármen p. Deulofeo, 100 bocs. aznicar.;;Ntra. Sra. del Cármen;;;g.;1881_02_11;Cabañas;;
;;N/A:  | N/A: ;;;Paula;p.;;;;;"De S, Morena g. Sofia p. Paula; 900 sacos, 50 bocoyos azńcar,";;Sofia;;;g.;1881_02_11;S;;
;;N/A:  | N/A: ;;;Juan;patrón;;;;;De Cabañas balandro Rosits, patron Juan, 20 pp. aguardiento, 90 a. azficar.;;Rosits;;;balandro;1881_02_12;Cabañas;;
;;N/A:  | N/A:  | N/A:  | N/A: ;;;Alemany;pat.;;;;;De fatánzas goleta Maris, patron Alemany, 180 bocoron, 45 cajas azúcar, 100 tórcios tabaco y efectos.;;Maris;;;goleta;1881_02_12;fatánzas;;
;;N/A:  | N/A: ;;;Enseñat;p.;;;;;De Sierra Morena gol. Union, p. Enseñat, 400's. 170 bocoyos ashcar y efeolos.;;Union;;;gol.;1881_02_12;Sierra Morena;;
;;N/A: ;;;Grandal;p.;;;;;De Moran goleta Enriqueta, p. Grandal, 200 atrave88 108.;;Enriqueta;;;goleta;1881_02_12;Moran;;
;;N/A: ;;;Gordils;pat.;;;;;De la Teje goleta Magdalena, patron Gordils, 800 sacos carbon. -De la Teja goleta Sofia, patron Monor, 1000 sacos de carbon.;;Magdalena;;;goleta;1881_02_13;Teje;;
;;N/A: ;;;Garriga;p.;;;;;De la Teja g. Segunda Luz de Yara, p. Garriga, 600 & carbon.;;Segunda Luz de Yara;;;g.;1881_02_13;la Teja;;
;;N/A: ;;;Dardet;pat.;;;;;De Cárdenas goleta Rosita, patron Dardet, 170 bocoyes azúcar.;;Rosita;;;goleta;1881_02_13;Cárdenas;;
;;N/A:  | N/A:  | N/A: ;;;Alomañy;pat.;;;;;De Malasaguas g. Mario Luisa, pat. Alomañy, 22000 ladrillos, 20 rugos y efectos.;;Mario Luisa;;;g.;1881_02_13;Malasaguas;;
;;N/A: ;;;Vich;p.;;;;;De Cabañas g. Ntra. Sra. de la Caridad, p. Vich, 40 sacos azúcar.;;Ntra. Sra. de la Caridad;;;g.;1881_02_13;Cabañas;;
;;N/A: ;;;;;;;;;De Cárdenas g. General la Mar, patrou Pavia, 100 bocoyes azúcar.;;General la Mar, patrou Pavia;;;g.;1881_02_13;Cárdenas;;
;;N/A:  | N/A:  | N/A: ;;;Visquerra;patron;;;;;De Matanzos g. Amalia, patron Visquerra, 158 bocoyes y 100 a. azúcar, 208 tercios tabaco y efectos.;;Amalia;;;g.;1881_02_13;Matanzos;;
Día XX:;;N/A: ;;;Amengual;pat.;;;;;De Dimas g Dos: Amigos, patron Amengual, 200 s. carbon.;;Dos;;;g;1881_02_13;Dimas;;
;;N/A: ;;;Otero;pat.;;;;;De Sagua goleta Rosita, patron Otero, 1000 s. caibon.;;Rosita;;;goleta;1881_02_13;Sagua;;
;;N/A: ;;;Lozano;pat.;;;;;De Jaimanitas g. Jóven Salvador, patron Lozano, 6000 ladrillos.;;Jóven Salvador;;;g.;1881_02_13;Jaimanitas;;
;;N/A: ;;;Feliz;patrón;;;;;De la Mulata goleta Dolores, patron Feliz, 400 varas madera.;;Dolores;;;goleta;1881_02_13;la Mulata;;
;;N/A:  | N/A:  | N/A: ;;;Rivas;cap.;;;;;De Sagua vapor Cuba capitan Rivas, 100 lies saga, 25 tercios tabaco y efectos.;;Cuba;;;vapor;1881_02_13;Sagua;;
;;N/A:  | N/A: ;;;Macip;pat.;;;;;Do Santa Cruz gol. Desempeño, pat. Macip, 38 boys. azúcar y efectos.;;Desempeño;;;gol.;1881_02_15;Santa Cruz;;
;;N/A:  | N/A: ;;;Herrera;pat.;;;;;De Cárdenas gol. Mercedi a, pat. Herrera, 110 boys. y 100 e. azúcar.;;Mercedi;;;gol.;1881_02_15;Cárdenas;;
;;N/A:  | N/A: ;;;Portella;pat.;;;;;De Santa Maria gol. Neptuno, pat. Portella. 600 s. carbon y 200 qils, casesra mangle.;;Neptuno;;;gol.;1881_02_15;Santa Maria;;
;;N/A:  | N/A:  | N/A:  | N/A: ;;;Félix;pat.;;;;;De la Mulata gol. Dolores, pat. Félix, 100 polines, 92 fanegao maiz, 75 gfus, miely ofectos.;;Dolores;;;gol.;1881_02_15;Mulata;;
;;N/A: ;;;Piñeyro;pat.;;;;;De Cárdenas gol. Cármen, pat. Piñeyro, 135 boys. azúcar.;;Cármen;;;gol.;1881_02_15;Cárdenas;;
;;;;;;;;;;;De Sagua gol carbon.;;carbon;;;gol;1881_02_15;Sagua;;
;;N/A:  | N/A: ;;;Mandilogo;pat.;;;;;De Cárdenas goleta Maria Josefa, patron Mandilogo, 700 cajas azúcar y efectos.;;Maria Josefa;;;goleta;1881_02_16;Cárdenas;;
;;N/A:  | N/A:  | N/A: ;;;Santo Domingo;patrón;;;;;De Carahatas goleta Teresita patron Santo Domingo, 050 sacos, 190 bocoyes azúcar y efectos.;;Teresita;;;goleta;1881_02_16;Carahatas;;
;;N/A: ;;;Gorrin;patrón;;;;;De Babia Honda goleta Francisca, patron Gorrin, 185 boroyes azúcar.;;Francisca;;;goleta;1881_02_16;Babia Honda;;
;;N/A: ;;;Cartoll;pat.;;;;;De Cárdenas goleta Anita, patron Cartoll. 250 bocoyes szúcar.;;Anita;;;goleta;1881_02_16;Cárdenas;;
;;N/A:  | N/A:  | N/A: ;;;Jofro;cap.;;;;;De Cárdenas vapor Soler, capitan Jofro, 114 bocores azúcar, 95 pipas aguardiente y efectos.;;Soler;;;vapor;1881_02_16;Cárdenas;;
;;N/A:  | N/A:  | N/A: ;;;Gavica;cap.;;;;;De Caibarlen vapor Alava, capitan Gavica, 30 tercios tabaco, 548 cajas azúcar y efectos.;;Alava;;;vapor;1881_02_16;Caibarlen;;
;;N/A: ;;;Alemany;pat.;;;;;De Sierra Morena goleta Matilde, patron Alemany, 135 bocoses azúcar.;;Matilde;;;goleta;1881_02_16;Sierra Morena;;
;;N/A: ;;;Fernandez;patrón;;;;;De la Teja goleta Altagracia patron Fernandez: 1100 sacos carbon.;;Altagracia;;;goleta;1881_02_17;la Teja;;
;;N/A:  | N/A: ;;;Cuovas;patron;;;;;De Cárdenas g. Augolita patron Cuovas: 140.bocoyes, 80 cajas azúcar.;;Augolita;;;g.;1881_02_17;Cárdenas;;
Día null:;;N/A:  | N/A: ;;;Tortell;patron;;;;;De Cárdenas g. Victoria patron Tortell: 100 bocores, 500 sacos azúcar.;;Victoria;;;g.;1881_02_17;Cárdenas;;
;;N/A: ;;;Roca;patron;;;;;De Cárdenas g. Araucans patron Roca: 120 bocoyes azúcar.;;Araucans;;;g.;1881_02_17;Cárdenas;;
;;N/A: ;;;Piñeyro;patron;;;;;De Cárdenas g. Cármen patron Piñeyro: 135 bocoyes azúcar.;;Cármen;;;g.;1881_02_17;Cárdenas;;
;;N/A: ;;;Mateu;patron;;;;;De la Teja goleta Catalina patron Mateu: 800 BACOB carbon.;;Catalina;;;goleta;1881_02_17;Teja;;
;;N/A:  | N/A:  | N/A:  | N/A: ;;;Carbanell;patron;;;;;De Matanzas g. Elvira patron Carbanell: 124 bocoses, 148 cajas azúcar y efectos.;;Elvira;;;g.;1881_02_17;Matanzas;;
Día XX:;;N/A:  | N/A:  | N/A: ;;;Ron;cap.;;;;;De Cuba vapor Clara cap. Ron: 300 bocayes, 100 cajas azúcar y efectos.;;Clara;;;vapor;1881_02_17;Cuba;;
;;N/A: ;;;Gomez;pat.;;;;;De Sierra Morena goleta Anita, patron Gomez, 800 aaços carbon,;;Anita;;;goleta;1881_02_18;Sierra Morena;;
;;N/A: ;;;Cabaleiro;pat.;;;;;De Carahatas goleta San Francisco, patron Cabaleiro, 1000 sacos carbon;;San Francisco;;;goleta;1881_02_18;Carahatas;;
;;N/A: ;;;Fernandez;patrón;;;;;De Machado goleta Altagracia, patron Fernandez, 1000 sacos carbon.;;Altagracia;;;goleta;1881_02_18;Machado;;
;;N/A: ;;;Almanza;patrón;;;;;De la Teja goleta Dos Sofias, patron Almanza, 1000 sacos carbón.;;Dos Sofias;;;goleta;1881_02_18;la Teja;;
;;N/A:  | N/A:  | N/A: ;;;Valent;patrón;;;;;De Cárdenas goleta Maria del Carmen, patron Valent. 700 sacos, 200 cajas y 30 bocores azúcar.;;Maria del Carmen;;;goleta;1881_02_18;Cárdenas;;
;;N/A:  | N/A:  | N/A:  | N/A: ;;;Calafoll;pat.;;;;;De Matauzas goleta Dos Hermanas, patron Calafoll 120 bocores, 200 cajas azúcar y efectos.;;Dos Hermanas;;;goleta;1881_02_18;Matauzas;;
Día :;;N/A: ;;;;pat.;;;;;De Carahatas gol. Jóven Luisa, pat, Santo Domingo: con 1,000 sacos carbon.;;Jóven Luisa;;;gol.;1881_02_19;Carahatas;;
;;N/A: ;;;García;patrón;;;;;rDo Teja gol. Leonarda, patron García: con 800 sacos ca bon.;;Leonarda;;;gol.;1881_02_19;Teja;;
;;N/A: ;;;Gil;pat.;;;;;De Baracoa gol. Bonifacis, patron Gil: con 72 bocoyes azúcar.;;Bonifacis;;;gol.;1881_02_19;Baracoa;;
;;;;;Villalonga;pat.;;;;;De Mariel gol. Jóven Gertrudis, pat. Villalonga: con;;Jóven Gertrudis;;;gol.;1881_02_19;Mariel;;
Día null:;;N/A: ;;;Rojas;pat.;;;;;De Baracoa gol. Diez de Agosto, pat. Rojas: con 40 bocoyes azúcar.;;Diez de Agosto;;;gol.;1881_02_19;Baracoa;;
;;N/A:  | N/A: ;;;Riobo;pat.;;;;;De Carabatas gol. Tres Hermanas, pat. Riobo: con 100 bocores y 600 sacos azúcar.;;Tres Hermanas;;;gol.;1881_02_19;Carabatas;;
;;N/A:  | N/A:  | N/A: ;;;Sabirat;pat.;;;;;De Panta San Juan gol. Paquete de Moron, pat. Sabirat, con 104 piezas malloras, 400 estadas y 70 caballos leña.;;Paquete de Moron;;;gol.;1881_02_19;Panta San Juan;;
;;N/A: ;;;Estóbap;pat.;;;;;De Sagun gol. Vicenta, pat. Estóbap: con 900 qacos carbon.;;Vicenta;;;gol.;1881_02_19;Sagun;;
Día null:;;N/A:  | N/A: ;;;Paula;pat.;;;;;De Sierra Morena gol, Sofia, pat. Paula: con 600 sacos 50 bocores azúcar y efectos.;;Sofia;;;gol;1881_02_19;Sierra Morena;;
Día null:;;N/A:  | N/A:  | N/A: ;;;Lledó;pat.;;;;;De Jibacoa gol. Vinaroz, pat. Lledó: con 40 cajas azĄcar, 20 tercerolas miel y efectos.;;Vinaroz;;;gol.;1881_02_19;Jibacoa;;
;;N/A:  | N/A: ;;;Barrera;p.;;;;;De Sierra Morena g. 2 Ignacía p. Barrera, 500 sacos. 40 bocoyes azúcar.;;Ignacía;;;g.;1881_02_20;Sierra Morena;;
;;N/A:  | N/A: ;;;Hernandez;p.;;;;;De Granadillo Numancia, p. Hernandez, 400 atravo8nos. 300 11os majagua.;;Numancia;;;p.;1881_02_20;Granadillo;;
;;N/A: ;;;Cartell;p.;;;;;De Cárdenas g. Anita p. Cartell. 230 bocoyes azúcar.;;Anita;;;g.;1881_02_20;Cárdenas;;
;;N/A:  | N/A:  | N/A: ;;;Jofre;cap.;;;;;De Cárdenas vap. Soler. cap. Jofre, 200 bocoyes azncar, 42 pipas aguardiento y efectos.;;Soler.;;;vap.;1881_02_22;Cárdenas;;
;;N/A: ;;;Juclan;p.;;;;;De Cababas gol. Josofa, p. Juclan 141 bocoyés azt, car.;;Josofa;;;gol.;1881_02_22;Cababas;;
;;N/A: ;;;Colomar;p.;;;;;"De Canasi g. Flor de Cárdenas, p. Colomar, 105 bocoyes azúcar; 0.18.";;Flor de Cárdenas;;;g.;1881_02_22;Canasi;;
;;N/A: ;;;Visquerra;p.;;;;;De Cabañas g Paquita, p. Visquerra, 950 ascos zß– 'car. : De Cabañas g. Ntra. Sra. de la Caridad, p. Vich, 33 cajas azúcar,;;Paquita;;;g;1881_02_22;Cabañas;;
;;N/A:  | N/A:  | N/A: ;;;Pellicer;p.;;;;;De Matanzas g. Emilio, p. Pellicer. 123 bocoƑes, 130 cajas azúcar y efectos..;;Emilio;;;g.;1881_02_22;Matanzas;;
;;N/A:  | N/A: ;;;Macip;p.;;;;;De Sta. Cruz g. Desempeño, p. Macip, 23 bocores azúcar, 48 saços frijolos y efectos.;;Desempeño;;;g.;1881_02_22;Sta. Cruz;;
;;N/A: ;;;Colomar-1300;pat.;;;;;De Sagua gta. Antonia, patron Colomar-1300,sacos carbon.;;Antonia;;;gta.;1881_02_22;Sagua;;
;;N/A: ;;;Torres30;patron;;;;;De Sierra Morena g Jóven Manuel, patron Torres30 bocs. azúcar.;;Jóven Manuel;;;g;1881_02_22;Sierra Morena;;
;;N/A:  | N/A:  | N/A: ;;;Lopez;p.;;;;;De Cabañas gta. Caballo Marino, p. Lopez, 700 sacos 110 o. 18 bogs. azúcar.;;Caballo Marino;;;gta.;1881_02_22;Cabañas;;
;;N/A: ;;;Lopez;patron;;;;;De Dominica gta. Maria Magdalena. patron Lopez700 bocs. aznicar.;;Maria Magdalena.;;;gta.;1881_02_22;Dominica;;
;;N/A: ;;;Maten;patrón;;;;;De la Teja golota Jóvon Catalina, patron Maten-600 sacos carbon.;;Jóvon;;;golota;1881_02_22;Teja;;
;;N/A: ;;;Paz;patron;;;;;De Sagua gta. Carmita, patron Paz-1260 sacos carbon.;;Carmita;;;gta.;1881_02_22;Sagua;;
;;N/A:  | N/A:  | N/A: ;;;Vallehaurrat;pat.;;;;;De Baracoa gta. Dos de Mayo, patron Vallehaurrat― 65000 cocos, 4 sorones id. y 7 bar. limones.;;Dos de Mayo;;;gta.;1881_02_22;Baracoa;;
;;N/A: ;;;Caleet;patron;;;;;De Mantua g, Francisca Genor, patron Caleet-800 sacos carbon.;;Francisca Genor;;;g;1881_02_22;Mantua;;
;;N/A: ;;;Sanchez;pat.;;;;;De Jaruco goleta Jaruqneña, patron Sanchez,-12000 ladrillos.;;Jaruqneña;;;goleta;1881_02_22;Jaruco;;
;;;;;Mariño-Lastro;p.;;;;;De la Teja g. San Francisco,,p. Mariño-Lastro.;;San Francisco;;;g.;1881_02_22;la Teja;;
;;;;;Cartell-Lastro;p.;;;;;De Cárdenas g. Anita, p. Cartell-Lastro.;;Anita;;;g.;1881_02_22;Cárdenas;;
;;N/A: ;;;Arocha;pat.;;;;;De Cabañas gol. Conchita, pat. Arocha, 650 sacos de azúcar.;;Conchita;;;gol.;1881_02_23;Cabañas;;
;;N/A:  | N/A: ;;;Colomar;pat.;;;;;De Canasi gol. Sabás, pat. Colomar, 94 bocores de azáoar. . De la Teja gel. Gallego, pat. Roca, 800 Racos carbon.;;Sabás;;;gol.;1881_02_23;Canasi;;
;;N/A:  | N/A: ;;;Gil;pat.;;;;;De Baracoa gol. Bonifacía, pat. Gil. 58 bocoyes mascabado y 12 bocoyes miel.;;Bonifacía;;;gol.;1881_02_23;Baracoa;;
;;N/A: ;;;Joy;pat.;;;;;De Playas do San Juau gol. Fres Hormenas, pat. Joy, 72 bocoyos azúcar.;;Fres Hormenas;;;gol.;1881_02_23;Playas;;
;;N/A:  | N/A: ;;;Valent;pat.;;;;;De Cárdenas gta. Maria del Carmen, patron Valent. 150 boca y 400 s. azúcar.;;Maria del Carmen;;;gta.;1881_02_24;Cárdenas;;
;;N/A:  | N/A: ;;;Merrera;pat.;;;;;De Cárdenas gta. Mercedita, patron Merrera, 80 bocoyes y 200 c. azdoar,;;Mercedita;;;gta.;1881_02_24;Cárdenas;;
;;N/A:  | N/A: ;;;Piñeyro;pat.;;;;;De Cárdenas gta. Cármen, patron Piñeyro, 135 boco. yes azúcar.;;Cármen;;;gta.;1881_02_24;Cárdenas;;
;;N/A:  | N/A: ;;;Suarez;patrón;;;;;De playas de San Juan g. Ignacita Aleman, patron Suarez, 900 atravesaños y efectos.;;Ignacita;;;g.;1881_02_24;playas de San Juan;;
Día null:;;N/A: ;;;Vieh;p.;;;;;De Cabañas g. Ntra. Sra. de la Caridad, p. Vieh: 450 3. Azúcar;;Ntra. Sra. de la Caridad;;;g.;1881_02_25;Cabañas;;
;;N/A:  | N/A: ;;;Pnjol;p.;;;;;"De Cárdenas g. Joaquina p. Pnjol; 130 bocs. 100 cajas azúcar.";;Joaquina;;;g.;1881_02_25;Cárdenas;;
Día null:;;N/A: ;;;Cabrera;pat.;;;;;De la Teja gol. San José, patron Cabrera: 80 bocoyes azúcar..;;San José;;;gol.;1881_02_26;la Teja;;
;;N/A: ;;;Piñeyro;p.;;;;;De Panta Alegre gol. Aguila do Oro, p. Piñeyro: 800varas maderas.;;Aguila do Oro;;;gol.;1881_02_26;Panta Alegre;;
;;N/A:  | N/A: ;;;Alemany;p.;;;;;De Sierra Morens g. Matilde, p. Alemany: 120 boooyes y 28 cajas azuenr.;;Matilde;;;g.;1881_02_26;Sierra Morens;;
;;N/A: ;;;Lozano;p.;;;;;De Jaimanitas gol. Jóven Salvador, p. Lozano: 6900 ladrillos.;;Jóven Salvador;;;gol.;1881_02_26;Jaimanitas;;
;;;;;Cuevas;p.;;;;;De Cárdenas gol. Angelita, p. Cuevas.;;Angelita;;;gol.;1881_02_26;Cárdenas;;
;;N/A:  | N/A:  | N/A: ;;;Enseñat;p.;;;;;De Sierra Morena gol. Union, p. Enseñat: 170 bocnyes, 400 saces azúcar y efectos.;;Union;;;gol.;1881_02_26;Sierra Morena;;
;;N/A:  | N/A: ;;;Alemany;p.;;;;;De Matanzas gol. Maria, p. Alemany: 520 c., 70 boooyes azúcar y efectos.;;Maria;;;gol.;1881_02_26;Matanzas;;
;;N/A: ;;;Jofre;p.;;;;;De la Teja gol. Dos Amigos, p. Jofre: 100 bocoyes azúcar.;;Dos Amigos;;;gol.;1881_02_26;Teja;;
;;N/A:  | N/A:  | N/A: ;;;Coll;cap.;;;;;"De Sagna vap. Cuba, cap. Coll; 1708 tendidos majagua, 100 sacos cáscara y efectos.";;Cuba;;;vap.;1881_02_26;Sagna;;
;;N/A:  | N/A: ;;;Juan;pat.;;;;;De Cabañas g, Esmeralds, pat. Juan: 600 sacos. 168 cajas azúcar,y efectos.;;Esmeralds;;;g;1881_02_27;Cabañas;;
;;N/A: ;;;Navarro;pat.;;;;;De la Toja g. Doroten, pat. Navarro, 650 sacos azúcar.;;Doroten;;;g.;1881_02_27;la Toja;;
;;N/A: ;;;Grandal;pat.;;;;;De Jaimanitas g. José Manuel. pat. Grandal, 6000, ladrillos.;;José Manuel.;;;g.;1881_02_27;Jaimanitas;;
;;N/A:  | N/A:  | N/A:  | N/A: ;;;Macip;pat.;;;;;De Santa Cruz g. Desempeño, pat. Macip, 30 bocoses, 12 cajas azúcar 9 marquetas cera y efectos.;;Desempeño;;;g.;1881_02_27;Santa Cruz;;
;;N/A:  | N/A: ;;;Pujol;pat.;;;;;De Sierra Morena g. Maria, pat. Pujol, 250 sacos y 100 bocoves szúcar.;;Maria;;;g.;1881_02_27;Sierra Morena;;
;;N/A: ;;;Dardot;pat.;;;;;De Cárdenas g. Rosita. pat. Dardot, 170 idem idem.;;Rosita;;;g.;1881_02_27;Cárdenas;;
;;N/A: ;;;Villalonga;pat.;;;;;De Sagua g. Torosita, pat. Villalonga, 800 sacos carbon.;;Torosita;;;g.;1881_02_27;Sagua;;
;;N/A:  | N/A: ;;;Lopez;pat.;;;;;De Cabañas g. Caballo Marino, pat. Lopez, 90 bocoyes y 200 sacos azúcar.;;Caballo Marino;;;g.;1881_02_27;Cabañas;;
;;N/A:  | N/A: ;;;Lledó;pat.;;;;;De Sierra Marona g. Crisalida, pat. Lledó, 137 cajas 336 Bacos y 70 bocoses aznicar.;;Crisalida;;;g.;1881_02_27;Sierra Marona;;
;;N/A:  | N/A:  | N/A: ;;;Jofre;cap.;;;;;De Cárdenas vap. Soler. cap. Jofre, 200 bocoyes azúoor, 4 pipas aguardiento y efectos.;;Soler.;;;vap.;1881_03_01;Cárdenas;;
;;N/A: ;;;Martorel;pat.;;;;;De la Teja goleta Manuela, pat. Martorel, 800 sacos carbon.;;Manuela;;;goleta;1881_03_01;Teja;;
;;N/A: ;;;Barrera;p.;;;;;De Sierra Morena g. Seganda Ignacita p. Barrera, 120 becs. azúcar.;;Seganda Ignacita;;;g.;1881_03_01;Sierra Morena;;
;;N/A: ;;;Ferrer;pat.;;;;;De Lanes g. Nueva Estrella, pat, Ferrer: 5000 ladrillos;;Nueva Estrella;;;g.;1881_03_01;Lanes;;
;;N/A: ;;;Visquerra;pat.;;;;;De Cafias g Paquita, pat. Visquerra, 939 sacos azdCBY.;;Paquita;;;g;1881_03_01;Cafias;;
;;N/A: ;;;Colomar;p.;;;;;De Canasi g. Sabas,' p. Colomar, 38 bocoyes azúcar, y efectos.;;Sabas,;;;g.;1881_03_01;Canasi;;
;;N/A:  | N/A:  | N/A: ;;;Alemany;pat.;;;;;De Cárdenas g. Almanza, pat. Alemany, 160 bocoyes azúcar, 22 fárdos snela y efectos...;;Almanza;;;g.;1881_03_01;Cárdenas;;
;;N/A:  | N/A:  | N/A:  | N/A: ;;;Enseñat;pat.;;;;;De Cárdenas g. Tren Teresas, pat. Enseñat, 100 bocoyes, 150 sacos y 200 cajas azúcar y efectos.;;Tren Teresas;;;g.;1881_03_01;Cárdenas;;
;;N/A:  | N/A:  | N/A: ;;;Carbonell;p.;;;;;De Matsuzas g. Elvira, p. Carbonell, 520 cajas azúcar, 15 pipe aguardiente y efectos.;;Elvira;;;g.;1881_03_01;Matsuzas;;
;;N/A:  | N/A:  | N/A: ;;;Paula;patron;;;;;De sierra Morena golota Sofia, patron Paula, 600 88cos, 3 bcoyes azúcar.;;Sofia;;;golota;1881_03_01;sierra Morena;;
;;N/A: ;;;Lopez;pat.;;;;;De Cardenas goleta Carlota, pat. Lopez, 70 bocoycs azúcar.;;Carlota;;;goleta;1881_03_01;Cardenas;;
;;N/A: ;;;Gorrin;p.;;;;;De Bahia Honda g. Francisca, p. Gorrin, 185 bocs. azúcar.;;Francisca;;;g.;1881_03_01;Bahia Honda;;
;;N/A: ;;;Daleira;pat.;;;;;De Punta Alegre g. Estrella, patron Daleira, 600 Caballos leña.;;Estrella;;;g.;1881_03_01;Punta Alegre;;
;;N/A: ;;;Calvet;pat.;;;;;De la Teja goleta Isabel 2, patron Calvet, 800 sacos carbon.;;Isabel 2;;;goleta;1881_03_01;Teja;;
;;N/A: ;;;Moll;p.;;;;;De Cana g. Lince, p. Moll, 800 sacos carbon.;;Lince;;;g.;1881_03_01;Cana;;
;;N/A: ;;;Segui;patrón;;;;;De Dimas goleta Margarita. patron Segui, 800 sacos carbon.;;Margarita;;;goleta;1881_03_01;Dimas;;
;;N/A: ;;;Cartoll;pat.;;;;;Dá Cárdenas gol. Anita, pat. Cartoll, 250 bocoyes azacar.;;Anita;;;gol.;1881_03_01;Cárdenas;;
;;N/A: ;;;Ruiz;pat.;;;;;1.Sta. Maria gol. Isnbelita, pat. Ruiz, PGO sacos carbon.;;Isnbelita;;;gol.;1881_03_01;Sta. Maria;;
;;N/A: ;;;Deulofeo;p.;;;;;De Cabañas g. Ntra. Sra. del Cármen p. Deulofeo, 100 boas. azńcaг.;;Ntra. Sra. del Cármen;;;g.;1881_03_01;Cabañas;;
;;N/A:  | N/A: ;;;Alemanfiy;pat.;;;;;De Sierra Morena gol. Jóven Pilar pat. Alemanfiy con 170 bosoyes azúcar y garrafones meladó.;;Jóven Pilar;;;gol.;1881_03_02;Sierra Morena;;
;;N/A: ;;;Torres;pat.;;;;;De Bajas gol. Isabelite, patron Torres: con 800 atrarosales.;;Isabelite;;;gol.;1881_03_02;Bajas;;
;;N/A:  | N/A: ;;;Gertrádis;pat.;;;;;De Mariel gol. Jóren Gertrádis, pat. Villalonga:.con 114 bocoyes azúcar y efectos.;;Jóren;;;gol.;1881_03_02;Mariel;;
;;N/A:  | N/A:  | N/A:  | N/A: ;;;Rom;cap.;;;;;De Caba vapor Clara, cap. Rom: con 88 cajaa azúcar, 100 sacos cacao, 15 fardos suela y efectos.;;Clara;;;vapor;1881_03_02;Caba;;
Día XX:;;N/A: ;;;Sentos;pat.;;;;;De Marlol gol. Justice, pat. Sentos: con 64 bocoyes asúcar.;;Justice;;;gol.;1881_03_02;Marlol;;
;;N/A: ;;;Cusi;cap.;;;;;De Malns Agnas vap. Auita, cap. Cusi, con efectos.;;Auita;;;vap.;1881_03_04;Malns;;
;;N/A: ;;;Pujol;patrón;;;;;De Santa Maria goleta Nuevo Hilario, patron Pujol 800 sacos carbon,;;Nuevo Hilario;;;goleta;1881_03_05;Santa Maria;;
;;N/A:  | N/A: ;;;Ferrer;patrón;;;;;De Babia Honda goleta Mercedita, patron Ferrer: 500 sacos azúcar, 10 pipas aguardiente.;;Mercedita;;;goleta;1881_03_05;Babia Honda;;
;;N/A:  | N/A: ;;;Enseñat;pat.;;;;;De Cárdenas goleta Tres Teresas, patron Enseñat: 100 boroyes, 350 sacos azúcar,;;Tres Teresas;;;goleta;1881_03_05;Cárdenas;;
;;N/A: ;;;Colomar;pat.;;;;;De Canasi goleta Flor de Cárdenas, patron Colomar: 105 bocoyos azúcar.;;Flor de Cárdenas;;;goleta;1881_03_05;Canasi;;
Día null:;;N/A:  | N/A:  | N/A: ;;;Vich;pat.;;;;;De Cárdenas goleta Ntra. Sra. de la Caridad, patron Vich: 330 sacos, 60 cajas aznicar.;;Ntra. Sra. de la Caridad;;;goleta;1881_03_05;Cárdenas;;
;;N/A:  | N/A:  | N/A:  | N/A:  | N/A: ;;;Juan;patrón;;;;;De Cabanas goleta Esmeralda. patron Juan: 722 cos. 100 cajas, 23 bocores azúcar, 12 pipas aguardiente.;;Esmeralda;;;goleta;1881_03_05;Cabanas;;
;;N/A:  | N/A: ;;;Tortell;pat.;;;;;De Cárdenas goleta Victoria, patron Tortell: 110 bocoyes, 300 cajas azúcar.;;Victoria;;;goleta;1881_03_05;Cárdenas;;
;;N/A:  | N/A:  | N/A: ;;;Dardet;pat.;;;;;De idem goleta Rosita, patron Dardet: 120 bocoyes, 250 cajas aznicar.;;Rosita;;;goleta;1881_03_05;idem;;
;;N/A: ;;;Roca;pat.;;;;;De Cárdenas golera Arancana, patron Roca: 110 bocoyes azúcar.;;Arancana;;;golera;1881_03_05;Cárdenas;;
;;N/A:  | N/A: ;;;Pujol;patrón;;;;;De idem goleta Joaquina, patron Pujol: 120 bocoyes, 150 cajus azúcar.;;Joaquina;;;goleta;1881_03_05;idem;;
;;N/A:  | N/A:  | N/A: ;;;Inclan;pat.;;;;;De Cabañas golota Josefa, patron Inclan: 150 cajas, 60 boooyes, 150 sacos azúcar.;;Josefa;;;golota;1881_03_05;Cabañas;;
;;N/A: ;;;Juan;pat.;;;;;De Cabañas balandro Rosita, patron Juan: 60 cuarterolas miel.;;Rosita;;;balandro;1881_03_05;Cabañas;;
;;N/A:  | N/A:  | N/A: ;;;Lopes;patrón;;;;;De idem goleta Caballo Marino, patron Lopes: 540 cos, 40 bocores, 150 cajan astoar.;;Caballo Marino;;;goleta;1881_03_05;idem;;
;;N/A:  | N/A:  | N/A: ;;;Herrera;patron;;;;;De Cárdenas golata Mercedita, patron Herrera: -120 calas' 90 bocoyés astear.;;Mercedita;;;golata;1881_03_05;Cárdenas;;
;;N/A:  | N/A: ;;;Febrer;patrón;;;;;De Arrogon goleta Josefa, patron Febrer: 150 quintales cascara. 500 sacos carbon.;;Josefa;;;goleta;1881_03_05;Arrogon;;
;;N/A: ;;;Cartella;patrón;;;;;De Cárdenas goleta Anita, patron Cartella: 250 bocoyes azúcar.;;Anita;;;goleta;1881_03_05;Cárdenas;;
;;N/A: ;;;Plñeyro;pat.;;;;;De idem goleta Carmen, patron Plñeyro: 155 boooyes astcar.;;Carmen;;;goleta;1881_03_05;idem;;
;;N/A:  | N/A:  | N/A: ;;;Zaragoza;pat.;;;;;De idem goleta Isla de Cuba, patron Zaragoza: 400 can jas, 80 bocores asticar, 50 sacos harina.;;Isla de Cuba;;;goleta;1881_03_05;idem;;
;;N/A:  | N/A:  | N/A:  | N/A: ;;;Fells;patrón;;;;;De la Mulata goleta Dolores, patron Fells: 300 atra, vesaños, 266 tercios sogas y efectos..;;Dolores;;;goleta;1881_03_05;Mulata;;
;;N/A:  | N/A:  | N/A: ;;;Pujol;p.;;;;;De Santa Luzia golota Carmita, p. Pujol, 400 caballos lefia, 18 pipas aguardiente y efectos.;;Carmita;;;golota;1881_03_06;Santa Luzia;;
;;N/A:  | N/A:  | N/A:  | N/A: ;;;Pellicer;pat.;;;;;"De Matanzas gol. Emilio, pat. Pellicer; con 177 bocoyes, 100 cajas azúcar, 40 pipas aguardiente y efectos.";;Emilio;;;gol.;1881_03_08;Matanzas;;
;;N/A:  | N/A:  | N/A: ;;;Bonet;pat.;;;;;De Matansas gel. Ignacita pat Bonet, con 2 boooses 100 cajas azúcar y 25 serones talajo;;Ignacita;;;gel.;1881_03_08;Matansas;;
;;N/A:  | N/A:  | N/A:  | N/A:  | N/A:  | N/A: ;;;Bernaza;pat.;;;;;Do Nuoritas gol. Dolores, pat. Bernaza, con 650 a traresaños, 300 caballos lena, bultos cera, 40 palos s al·i- ∙ ed, 60 sacos carbon refectos.;;Dolores;;;gol.;1881_03_08;Nuoritas;;
;;N/A:  | N/A: ;;;Cuevas;pat.;;;;;"De Cárdenas gol. Angelita, pat. Cuevas; con 130 bocoves y 150 cajas azúcar.";;Angelita;;;gol.;1881_03_08;Cárdenas;;
;;N/A: ;;;Jofre;pat.;;;;;"De Teja gol. Dos Amigos pat, Jofre; con 100 bocosen azúcar.";;Dos Amigos;;;gol.;1881_03_08;Teja;;
;;N/A: ;;;Colomer;pat.;;;;;"Do Canasi gol. Sabas, pat. Colomer; con 90 bocose s azúcar.";;Sabas;;;gol.;1881_03_08;Canasi;;
;;N/A:  | N/A: ;;;Pujol;pat.;;;;;De Jaruco gol. Golondrina, pat. Pujol con 200 sacos azúcar y efectos.;;Golondrina;;;gol.;1881_03_08;Jaruco;;
;;N/A: ;;;Call;pat.;;;;;"Do Baracoa gol. Doloritas, pat. Call; con 72 bocoƑes azúcar.";;Doloritas;;;gol.;1881_03_08;Baracoa;;
;;N/A: ;;;Gil;pat.;;;;;D. Banes gol. Nueva Esperanza, pat. Gil: con 41 b o™ cops azúcar.;;Nueva Esperanza;;;gol.;1881_03_08;Banes;;
;;N/A: ;;;Cabrera;pat.;;;;;"Do Teja gol. San José, pat. Cabrera; con 80 bocoyes azúcar.";;San José;;;gol.;1881_03_08;Teja;;
Día 01:;;N/A: ;;;Rojas;pat.;;;;;"De Baracoa gol. Diez de do Agosto, pat. Rojas; con 40 bocoyes azúcar..";;Diez de do Agosto;;;gol.;1881_03_08;Baracoa;;
;;N/A:  | N/A:  | N/A: ;;;Coll;cap.;;;;;De Sagua vapor Cuba, cap. Coll: con 107 tercios tababo. 11 fardos ajagua y efectos.;;Cuba;;;vapor;1881_03_08;Sagua;;
;;N/A:  | N/A:  | N/A: ;;;Jofre;cap.;;;;;"Do Cárdenas vapor Soler, cap. Jofre; con 200 bocoyes azúcar, 136 pipas aguardiento y efectos.";;Soler;;;vapor;1881_03_08;Cárdenas;;
;;N/A: ;;;Moner;pat.;;;;;De la Teja goleta Sofia patron Moner: 100 sacos catbon.;;Sofia;;;goleta;1881_03_09;la Teja;;
Día :;;N/A: ;;;Roca;patron;;;;;De idem golota Gallego patron Roca: 09 sacos car bon.;;Gallego;;;golota;1881_03_09;idem;;
;;N/A: ;;;Gispert;patron;;;;;De idem g. Jóven Carlota patron Gispert: 1,000 sacos carbon.;;Jóven Carlota;;;g.;1881_03_09;idem;;
;;N/A: ;;;Grandal;p.;;;;;De Jamaitas g. José Manuel p. Grandal 6,500 ladrillos.;;José Manuel;;;g.;1881_03_09;Jamaitas;;
;;N/A: ;;;Santori;p.;;;;;De Sagua g. Trafalgar p. Santori: 1,790 sacos carbon.;;Trafalgar;;;g.;1881_03_09;Sagua;;
;;N/A: ;;;Bonějan;p.;;;;;De idem g. Margarita p. Bonějan: 2,000 sacos carbon.;;Margarita;;;g.;1881_03_09;idem;;
;;N/A: ;;;Otero;p.;;;;;De idem g. Rosita p. Otero: 800 sacos carbon.;;Rosita;;;g.;1881_03_09;idem;;
;;N/A:  | N/A:  | N/A: ;;;Valent;p.;;;;;De ido g. Maria del Cármen p. Valent: 180 bocóyes 300 ancos azúcar.;;Maria del Cármen;;;g.;1881_03_09;ido;;
;;N/A:  | N/A: ;;;Alemany;p.;;;;;De Sierra Morena g. Jóven Pilar p. Alemany: 130 heroyes 350 sacos azúcar.;;Jóven Pilar;;;g.;1881_03_09;Sierra Morena;;
;;N/A:  | N/A: ;;;Masip;p.;;;;;De Santa Cruz g. Desampeno p. Masip: 27 bocoyes, 27 cajas azúcar.;;Desampeno;;;g.;1881_03_09;Santa Cruz;;
;;N/A:  | N/A:  | N/A: ;;;Pujol;p.;;;;;De Sierra Morena g. Maria p. Pujol: 140 cojas y 9' bocopes azúcar.;;Maria;;;g.;1881_03_09;Sierra Morena;;
;;N/A: ;;;Martinez;pat.;;;;;De Banes bote Cecilia Manuela, patron Martinez, 33 bocoyes azúcar.;;Cecilia Manuela;;;bote;1881_03_10;Banes;;
;;N/A:  | N/A: ;;;Denlefen;p.;;;;;De Cabañas goleta Ntra. Sra. del Cármen, p. Denlefen, 88 bocores azúcar, 13 pipas aguardiente.;;Ntra. Sra. del Cármen;;;goleta;1881_03_10;Cabañas;;
;;N/A:  | N/A:  | N/A: ;;;Carbonell;p.;;;;;De Matanzas g. Ellas, p. Carbonell, $144, 95 bocoyes azúcar, 30 pipas aguardiente y tasajo.;;Ellas;;;g.;1881_03_10;Matanzas;;
;;N/A: ;;;Banera;p.;;;;;De Sierra Morena g. 2 Ignacia p. Banera, $400 y 50 bocoyes azúcar.;;Ignacia;;;g.;1881_03_10;Sierra Morena;;
;;N/A:  | N/A: ;;;Rivas;p.;;;;;"De Guanes vap. Guaniguanica; p. Rivas, 91 tercios tabaco, 8. lana.";;Guaniguanica;;;vap.;1881_03_10;Guanes;;
;;N/A:  | N/A: ;;;Duran;p.;;;;;De Mulata g. Mercedita, p. Duran, 500 callos leña, 70 fanegas maiz.;;Mercedita;;;g.;1881_03_10;Mulata;;
Día 01:;;N/A:  | N/A: ;;;Cusi;cap.;;;;;De Malas Aguas vap. Anita, cap. Cusi: con 120 bocoyeay 20 sacos carbon.;;Anita;;;vap.;1881_03_11;Malas Aguas;;
;;N/A: ;;;Moll;pat.;;;;;De Mariol gol. Jóven Magdalena, pat. Moll: con 141 bocoyes azúcar.;;Jóven Magdalena;;;gol.;1881_03_11;Mariol;;
;;N/A: ;;;Gil;pat.;;;;;Do Baracoa gol. Bonifacia, pat. Gil: con 72 bocoyes Azúcar.;;Bonifacia;;;gol.;1881_03_11;Baracoa;;
;;N/A:  | N/A: ;;;Tortell;pat.;;;;;De Cardenas gol. Victoria, pat. Tortell: con 120 hocoyes, y 130 cajas azúcar.;;Victoria;;;gol.;1881_03_11;Cardenas;;
;;N/A: ;;;Pons;pat.;;;;;Do Banes gol. Centinela, patron Pons: con 12,000 la-drillos.;;Centinela;;;gol.;1881_03_11;Banes;;
Día 02:;;N/A:  | N/A:  | N/A: ;;;Colomar;pat.;;;;;De Truillo gol..2: Isabela, pat. Colomar: con 801 atraveshbos, 70 bultos muebles y efectos.;;Isabela;;;gol.;1881_03_11;Truillo;;
;;N/A:  | N/A: ;;;Gil;pat.;;;;;De Banes gol. Nueva Esperanza, pat. Gil: con 38 bocoves azúcar y 16 cuarterolas miol.;;Nueva Esperanza;;;gol.;1881_03_11;Banes;;
;;N/A: ;;;Alvares;pat.;;;;;De Tortuga gol. Prieta, pat. Alvares: con 700 atravesaños.;;Prieta;;;gol.;1881_03_11;Tortuga;;
Día XX:;;N/A:  | N/A: ;;;Paula;pat.;;;;;De Sierra Morena gol, Sofin, pat. Paula: con 600 sacos y 50 bocoyes azúcar.;;Sofin;;;gol;1881_03_11;Sierra Morena;;
;;N/A: ;;;Tur;pat.;;;;;De Tortuga gol, Antonia Habana, pat. Tur: con 350 atravesaños.;Habana;Antonia;;;gol;1881_03_11;Tortuga;;
;;N/A: ;;;Gorrin;pat.;;;;;De Bahia Honda gol. Francisca, pat. Gorrin: con 185 bocoyes azúcar.;;Francisca;;;gol.;1881_03_11;Bahia Honda;;
;;N/A: ;;;Beruaza;pat.;;;;;De Mantan gol. Dos Hermanas pat. Beruaza: con 1,200 sacos carbon.;;Dos Hermanas;;;gol.;1881_03_11;Mantan;;
;;;;;Husac;pat.;;;;;"De Santa Maria gol. Amable Rosita, pat. Husac; con";;Amable Rosita;;;gol.;1881_03_11;Santa Maria;;
;;N/A: ;;;Orbay;pat.;;;;;De Teja goleta Cetalina, patron Orbay: con FCO saeos carbon.;;Cetalina;;;goleta;1881_03_11;Teja;;
;;N/A: ;;;Ventura;pat.;;;;;De sagna goleta Panchita, pat. Ventura: con 1,000 sacos carbou.;;Panchita;;;goleta;1881_03_11;sagna;;
;;N/A:  | N/A: ;;;Visquerra;pat.;;;;;De Cabañas golota Paquita, pat. Visquerra: 558 sacos, 46 boooyen azúcar.;;Paquita;;;golota;1881_03_12;Cabañas;;
Día null:;;N/A: ;;;Vich;pat.;;;;;De Cabañas golota Ntra. Sra. de la Caridad, patron Vich: 450 sacos azúcar.;;Ntra. Sra. de la Caridad;;;golota;1881_03_12;Cabañas;;
Día XX:;;N/A: ;;;Orbay;pat.;;;;;De la Teja goleta Jóven Catalina, pat. Orbay: 200 sacos carbon.;;Jóven Catalina;;;goleta;1881_03_12;la Teja;;
;;N/A:  | N/A:  | N/A: ;;;Visquerra;p.;;;;;De Matanzas gol. Amalia, P. Visquerra–119 boco yes y 96 0. aztoar, 40 pipas aguardiente.;;Amalia;;;gol.;1881_03_13;Matanzas;;
;;N/A:  | N/A:  | N/A:  | N/A: ;;;;p.;;;;;De idem gol. Dos Hermanas, p. Calafell-109 boooyes y 98 o. azacar, 40 pipas aguardiente y efectos.;;Dos Hermanas;;;gol.;1881_03_13;idem;;
;;N/A: ;;;Jofre;p.;;;;;De Teja gol. Dos Amigos, p. Jofre-100 bocoyes de aaucar.;;Dos Amigos;;;gol.;1881_03_13;Teja;;
;;N/A:  | N/A: ;;;Herrera;p.;;;;;De Cardonas gol. Mercedita, p. Herrera-00 bocoyes y 150 c. azúcar.;;Mercedita;;;gol.;1881_03_13;Cardonas;;
;;N/A:  | N/A: ;;;Garcia;p.;;;;;De Jibacoa gol. Vinarós, p..Garcia-40 c. azúcar y 12 tercerolas miel.;;Vinarós;;;gol.;1881_03_13;Jibacoa;;
;;N/A: ;;;Lopez45;p.;;;;;De Dominica gol. Dominica, p. Lopez45 boca. 5.94 82008 Azúcar,;;Dominica;;;gol.;1881_03_13;Dominica;;
;;N/A: ;;;Arocha;p.;;;;;De Cabañas gol. Conchita, p. Arocha-960 sacos azά-car.;;Conchita;;;gol.;1881_03_13;Cabañas;;
;;N/A: ;;;Cartell;p.;;;;;De Cárdenas gol. Anita, p. Cartell 250 bacoyes azúcar.;;Anita;;;gol.;1881_03_13;Cárdenas;;
;;N/A:  | N/A:  | N/A: ;;;Jofie;cap.;;;;;De Cárdenas vap. Selor, cap. Jofie, 00 bocoyes azάcar, 27 pipas aguardiente, 22 fardos suela.;;Selor;;;vap.;1881_03_15;Cárdenas;;
;;N/A:  | N/A:  | N/A:  | N/A: ;;;Lopez;p.;;;;;De Cabañas g: Cabaño Marino p. Lopez, 500 sacos, 140 b. 10 bocores azúcar.;;Cabaño Marino;;;g:;1881_03_15;Cabañas;;
;;N/A:  | N/A:  | N/A: ;;;Planell;p.;;;;;De Bajas g. Salve Virgen Maria, p. Planell, 200 sacos cáscaras, 9 cuarterolas miel, 70 arrobas cera.;;Salve Virgen Maria;;;g.;1881_03_15;Bajas;;
;;N/A:  | N/A: ;;;Hernandez;patron;;;;;De Morrillo g, Félix patron Hernandez, 30 botoƑes &xúcar, 12 cuarterolas miel.;;Félix;;;g;1881_03_15;Morrillo;;
;;N/A: ;;;Deulofen;p.;;;;;De Cabañas. Nz Bra del Carmen p: Deulofen, 87 benoyes asdce 7 pipas aguardiente.;;Bra del Carmen;;;Nz;1881_03_15;Cabañas;;
;;N/A: ;;;Fernandez;p.;;;;;De Tels g. Altagracia p. Fernandez, 1,000 saços carbon.;;Altagracia;;;g.;1881_03_15;Tels;;
;;N/A: ;;;Cartell;patrón;;;;;De Cárdenas goleta Anita patron Cartell, bocoyés azúcar.;;Anita;;;goleta;1881_03_15;Cárdenas;;
;;N/A: ;;;Garcia;pat.;;;;;De idem goleta Leonarda patron 'Garcia, 800 sacos carbon.;;Leonarda;;;goleta;1881_03_15;idem;;
;;N/A: ;;;Alemany;p.;;;;;De Sierra Morona goleta Matilde p. Alemany, 130 bocayes szńcar.;;Matilde;;;goleta;1881_03_15;Sierra Morona;;
;;N/A: ;;;Suao;patron;;;;;De idend goleta Habanera patron Suao, 800 sacos çarboil.;;Habanera;;;goleta;1881_03_15;idend;;
;;N/A:  | N/A: ;;;Inclan;patrón;;;;;De Cabañas goleta Josefa patron Inclan, 200 cajas, 64 bocoyee azúcar.;;Josefa;;;goleta;1881_03_15;Cabañas;;
;;N/A: ;;;Lozano;patron;;;;;De Banes golota Joven Salvador patron Lozano, 1,000 ladrillos.;;Joven Salvador;;;golota;1881_03_15;Banes;;
;;N/A:  | N/A: ;;;Colomar;p.;;;;;De Canasi g. Flor do Cárdenas p. Colomar, 79 bacoyes 90 cajas astcar.;;Flor do Cárdenas;;;g.;1881_03_15;Canasi;;
;;N/A: ;;;Sanchez;pat.;;;;;De Jaimanitas goleta Jaruqueña pation Sanchez, 16000 ladrilins.;;Jaruqueña;;;goleta;1881_03_15;Jaimanitas;;
;;N/A: ;;;Toro;patrón;;;;;De Sagus g. Rita Fortuna, pantron Toro, 1,400 sacos carbon.;;Rita Fortuna;;;g.;1881_03_15;Sagus;;
;;N/A:  | N/A: ;;;Pujol;p.;;;;;De Cardenas goleta Joaquina p. Pujol, 130 bocoyes, 100 cajas azucar:;;Joaquina;;;goleta;1881_03_15;Cardenas;;
;;N/A:  | N/A:  | N/A: ;;;Ferrer;p.;;;;;De Bahia Honda g. Mercedita p. Ferrer, 500 sacos carbon, 200 arabos, 8 pipas aguardiente.;;Mercedita;;;g.;1881_03_15;Bahia Honda;;
;;N/A:  | N/A: ;;;Bonét;p.;;;;;De Matanzas goleta Ignacita p. Bonét, 124 bocoyen, 27;;Ignacita;;;goleta;1881_03_15;Matanzas;;
;;N/A: ;;;Amengual;pat.;;;;;De Dunes Dos Amizos, patron Amengual, 800 sacos Carbon.;;Amizos;;;Dos;1881_03_15;Dunes;;
;;N/A: ;;;Engelat;p.;;;;;De Sierra Morena g. Union p. Engelat, 220 bocores zúcar.;;Union;;;g.;1881_03_15;Sierra Morena;;
;;N/A:  | N/A: ;;;Portella;p.;;;;;De Santa Maria g. Neptuno p. Portella, 600 sacos carbon, 200 qtls. cáscara mangle.;;Neptuno;;;g.;1881_03_15;Santa Maria;;
Día null:;;N/A: ;;;Rojas;patron;;;;;De Baracoa g. 1º de Agosto patron Rojas, 40 bocoyes Badicer.;;1º de Agosto;;;g.;1881_03_15;Baracoa;;
;;N/A:  | N/A:  | N/A: ;;;Frasquet;p.;;;;;De Arroyss g. Paquete de Garnacha p. Frasquet, 11 cuarterolas, 17 garrafones miel y efectos.;;Paquete de Garnacha;;;g.;1881_03_15;Arroyss;;
;;N/A: ;;;Pajol;p.;;;;;De Baracoa golota San José p. Pajol, 30 cuarterolas miol.;;San José;;;golota;1881_03_15;Baracoa;;
;;N/A:  | N/A:  | N/A: ;;;Garcia;cap.;;;;;De Caibarien vap. Alava, cap. Garcia, 100 c. azúcar, 900 torcios tabaco y efectos.;;Alava;;;vap.;1881_03_16;Caibarien;;
;;N/A:  | N/A:  | N/A: ;;;Enseñat;p.;;;;;De Cárdenas gol. Tres Teresas, p. Enseñat, 107 bocoyes, 116 c. 800 s. azdoar.;;Tres Teresas;;;gol.;1881_03_16;Cárdenas;;
;;N/A: ;;;Orbay;pat.;;;;;De Teja balandro Antoñica, patron Orbay, 60 sacos carbon.;;Antoñica;;;balandro;1881_03_16;Teja;;
;;N/A: ;;;Calzada;patron;;;;;De Teja golota Júcaro patron Calzada, 600 sacos carbon.;;Júcaro;;;golota;1881_03_16;Teja;;
;;N/A:  | N/A: ;;;Roca;pat.;;;;;De Cárdenas golota Arancana, patron Roca. 900 c, 50 bocores asticar.;;Arancana;;;golota;1881_03_16;Cárdenas;;
;;N/A:  | N/A: ;;;Valent;p.;;;;;De Cárdenas gol. Mt del Cármen, p. Valent, 150 bocoJer. 200 c. aznoar.;;Mt del Cármen;;;gol.;1881_03_16;Cárdenas;;
;;N/A: ;;;Alemañy;p.;;;;;De Canasi gol. Correo do Canasi, p. Alemañy, 75 boCoves azucar.;;Correo do Canasi;;;gol.;1881_03_16;Canasi;;
;;N/A:  | N/A: ;;;Visquerra;p.;;;;;De Cabañas gol. Paquita, p. Visquerra, 32 boooya. The azúcar.;;Paquita;;;gol.;1881_03_16;Cabañas;;
;;N/A: ;;;Calvera;p.;;;;;De Teja goleta San José, p. Calvera, 80 bocoyes azncar.;;San José;;;goleta;1881_03_16;Teja;;
;;N/A:  | N/A: ;;;Pas;pat.;;;;;De Eagna goleta Carmita, patron Pas, 1,80 saros oarbon. P;;Carmita;;;goleta;1881_03_16;Eagna;;
;;N/A: ;;;Maten;patrón;;;;;De Teja goista Catalina, patron Maten, 208 RODE DAT ban,;;Catalina;;;goista;1881_03_16;Teja;;
;;N/A: ;;;Barrera;p.;;;;;De Sierra Morena g. Segunda Ignacia p. Barrera: 120 bocoyes azúcar.;;Segunda Ignacia;;;g.;1881_03_17;Sierra Morena;;
;;N/A: ;;;Martinez;p.;;;;;De Banos g. Cecilia Manuela p. Martinez: 32 bocoyes azúcar.;;Cecilia Manuela;;;g.;1881_03_17;Banos;;
;;N/A:  | N/A: ;;;Simó;p.;;;;;De Sagna g. Jóven Vicenta p: Simó: 1,300 gacos carbon y efectos.;;Jóven Vicenta;;;g.;1881_03_17;Sagna;;
;;N/A:  | N/A: ;;;Pujol;p.;;;;;De Sierra Morena g. María p. Pujol: 550 sacos y 209 cajas azúcar.;;María;;;g.;1881_03_17;Sierra Morena;;
Día XX:;;N/A:  | N/A: ;;;Vioh;p.;;;;;De Cabañas g. Ntra. Sra. de la Caridad p. Vioh: 400 Sacos 20 bocores azúcar.;;Ntra. Sra. de la Caridad;;;g.;1881_03_17;Cabañas;;
;;N/A:  | N/A:  | N/A:  | N/A: ;;;Horrora;p.;;;;;De Cárdenas g. Mercedita p. Horrora: 40 bocoses, 100 cajas, 90 sacos azúcar y efectes.;;Mercedita;;;g.;1881_03_17;Cárdenas;;
Día null:;;N/A:  | N/A: ;;;Riobo;p.;;;;;De Carabatas g. Tres Hermanas p. Riobo: 200 sacos, 100 bocoyes azúcar.;;Tres Hermanas;;;g.;1881_03_17;Carabatas;;
;;N/A: ;;;Rodriguez;patrón;;;;;De la Teja goleta América patron Rodriguez: 600 atraveralo.;;América;;;goleta;1881_03_17;la Teja;;
Día XX:;;N/A: ;;;Joy;p.;;;;;De Playas de San Juan g. Tres Hermanas p. Joy: 76 bocoyes azúcar.;;Tres Hermanas;;;g.;1881_03_17;Playas de San Juan;;
;;N/A: ;;;Pajes;pat.;;;;;De Sagua goleta Segunda Rosa, pat. Pajes: 1300 sacos carbon.;;Segunda Rosa;;;goleta;1881_03_18;Sagua;;
Día 01:;;N/A: ;;;Sto. Domingo;pat.;;;;;De Carabalas golota Jóven Luisa, pat. Sto. Domingo: 1000 sacos carbon.;;Jóven Luisa;;;golota;1881_03_18;Carabalas;;
;;N/A: ;;;AlemañƑ;pat.;;;;;De la Teja goleta Almansa, pat. AlemañƑ: 150 bocoyes azúcar.;;Almansa;;;goleta;1881_03_18;Teja;;
;;N/A: ;;;Colomar;patrón;;;;;De Canasi golota Sibas, patron Colomar. 86 bocoyes azúcar.;;Sibas;;;golota;1881_03_18;Canasi;;
;;N/A:  | N/A: ;;;Cuevas;pat.;;;;;De Cárdenas goleta Angelita, pat. Cuevas: 127 bocores, 100 cajas azúcar.;;Angelita;;;goleta;1881_03_18;Cárdenas;;
;;N/A:  | N/A:  | N/A:  | N/A: ;;;Carbonell;pat.;;;;;De Matanzas goleta Elvira, pat. Carbonell: 91 bocoyes, 131 cajas azúcar, 33 pipas aguardiente y efectos.;;Elvira;;;goleta;1881_03_18;Matanzas;;
Día :;;N/A:  | N/A: ;;;Paula;pat.;;;;;De Sierra Morena goleta Sofia, pat. Paula: 600 sacos, 50 boonyes azúcar.;;Sofia;;;goleta;1881_03_18;Sierra Morena;;
;;N/A: ;;;Macip;pat.;;;;;De Santa Cruz goleta Desempeño, pat. Macip: 49 bocores azúcar.;;Desempeño;;;goleta;1881_03_18;Santa Cruz;;
;;N/A: ;;;Gil;pat.;;;;;De Baracoa goleta Bonifacia, pat. Gil: 72 bocoyes azúcar.;;Bonifacia;;;goleta;1881_03_18;Baracoa;;
;;N/A:  | N/A:  | N/A:  | N/A: ;;;Juan;pat.;;;;;De Cabañas goleta Esmeralda, patron Juan: 70 cajas, 450 sacos, 15 bocoyes azúcar, 500 cujes palaban..;;Esmeralda;;;goleta;1881_03_19;Cabañas;;
;;N/A: ;;;Grandal;pat.;;;;;De Jaimanitas goleta José Manuel, patron Grandal: 7000 ladrillos.;;José Manuel;;;goleta;1881_03_19;Jaimanitas;;
;;N/A:  | N/A: ;;;Pujol;pat.;;;;;De Jaruco goleta Golondrina, patron Pujol: 190 sacos azúcar, Geuarterolas miel de purga y efectos.;;Golondrina;;;goleta;1881_03_19;Jaruco;;
;;N/A: ;;;Alomañy;pat.;;;;;De Matanzas goleta Maria, patron Alomañy: 12000 arrobastasajo.;;Maria;;;goleta;1881_03_19;Matanzas;;
;;N/A:  | N/A: ;;;Rodriguez;pat.;;;;;De Granadillo goleta Catalina, patron Rodriguez: 300 varas madera y ofectos.;;Catalina;;;goleta;1881_03_19;Granadillo;;
;;N/A: ;;;Moll;pat.;;;;;De Canasi goleta Linco, patron Moll: 800 sacos carbon;;Linco;;;goleta;1881_03_19;Canasi;;
;;N/A:  | N/A: ;;;Lopes;cap.;;;;;De Dominica g. Dominicap. Lopes: 135 sacos, 37 bocoyes astcar..;;Dominica;;;g.;1881_03_20;Dominica;;
;;N/A:  | N/A:  | N/A:  | N/A: ;;;Inclan;p.;;;;;De Cabañas g. Josefa p. Inclan: 138 cajas, 80 8&cos, 79 bocoyes azúcar y 37 pipas aguardiente.;;Josefa;;;g.;1881_03_20;Cabañas;;
;;N/A: ;;;Navarro;p.;;;;;De la Teja g. Dorotea p. Navarro: 560 BACON ANKcar.;;Dorotea;;;g.;1881_03_20;la Teja;;
;;N/A:  | N/A: ;;;Colomar;p.;;;;;De Canasi g. Flor de Cárdenas p. Colomar: 186 cajas, 50 bocoyes azúcar.;;Flor de Cárdenas;;;g.;1881_03_20;Canasi;;
;;N/A:  | N/A:  | N/A: ;;;Colomar;p.;;;;;De Sagus g. Antonia p. Colomar: 800 sacos carbon, 1,665 teadidos majagua, 274 bultos trapo.;;Antonia;;;g.;1881_03_20;Sagus;;
;;N/A: ;;;Almansa;patrón;;;;;De Machado g. Dos Sofias patron Almansa: 1,000 sacon carbon.;;Dos Sofias;;;g.;1881_03_20;Machado;;
;;N/A:  | N/A:  | N/A: ;;;Lopez;p.;;;;;De Cabañas g. Caballo Marino p. Lopez: 200 cajas, 440 Bacos y 40 bocores azúcar.;;Caballo Marino;;;g.;1881_03_20;Cabañas;;
;;N/A:  | N/A: ;;;Zaragoza;p.;;;;;De Cárdenas g. Isla de Cuba p. Zaragoza 150 bocoyes azúcar y efectos:;;Isla de Cuba;;;g.;1881_03_20;Cárdenas;;
;;N/A: ;;;Martinez;p.;;;;;De Banes g. Cecilia Manuela' p. Martinez, 32 bocopes azúcar.;;Cecilia Manuela;;;g.;1881_03_22;Banes;;
;;N/A:  | N/A: ;;;Lledó;pat.;;;;;De Gibara gta. Vinarós, patron Lledó. C2 c. azúcary efectos.;;Vinarós;;;gta.;1881_03_22;Gibara;;
;;N/A:  | N/A:  | N/A: ;;;Enseñat;pat.;;;;;De Cárdenas gta. Tres Teresa, patron Enseñat, 100 bors, 100 c. y 200 s. Pancar.;;Tres Teresa;;;gta.;1881_03_22;Cárdenas;;
;;N/A:  | N/A: ;;;Enseñat;patrón;;;;;De Sierra Morona gta. Union, patron Enseñat, 220 boeys. azñen.;;Union;;;gta.;1881_03_22;Sierra Morona;;
;;N/A:  | N/A: ;;;Colomar;patrón;;;;;De Canasi ata. Sabi, patron Colomar, 78 bocs: 60 c, azúcar. 30 nr. cera.;;Sabi;;;ata.;1881_03_22;Canasi;;
;;N/A: ;;;Alemany;p.;;;;;De Canasi g. Correo do Canasi, p. Alemany, 75 bocys azúcar.;;Correo;;;g.;1881_03_22;Canasi;;
;;N/A: ;;;Juan;pat.;;;;;De Cabañas balandro Rita, patron Juan 17 cuarterolas miel.;;Rita;;;balandro;1881_03_22;Cabañas;;
;;N/A:  | N/A: ;;;Herrera;pat.;;;;;De Cardenas goleta Mercedita: patron Herrera, 200 e. y 60 boes. azúcar.;;Mercedita;;;goleta;1881_03_22;Cardenas;;
;;N/A: ;;;Mujica;patrón;;;;;De Sagua goleta Encarnacion. patron Mujica, 550 8. carbon.;;Encarnacion;;;goleta;1881_03_22;Sagua;;
;;N/A:  | N/A:  | N/A: ;;;Jofre;cap.;;;;;De Cárdenas vap. Soler, cap. Jofre, 200 bocoyes azticar. 49 pipas aguardiente y efectos.;;Soler;;;vap.;1881_03_23;Cárdenas;;
;;N/A:  | N/A: ;;;Deulofeo;pat.;;;;;De idem goleta Nuestra Señora del Carmen, patron Deulofeo: si bocoyes azúcar, 10 pipas aguardiente.;;Nuestra Señora del Carmen;;;goleta;1881_03_27;idem;;
;;N/A:  | N/A: ;;;Barrerna;pat.;;;;;De Sierra Morena goleta Segunda Ignacia, patron Barrerna: 80 bocoyes, 216 sacos azńcar.;;Segunda Ignacia;;;goleta;1881_03_27;Sierra Morena;;
;;N/A:  | N/A: ;;;Hernandez;pat.;;;;;De Morrillo goleta Feliz, patron Hernandez: 53 boco yes azúcar.;;Feliz;;;goleta;1881_03_27;Morrillo;;
;;N/A:  | N/A: ;;;Paula;pat.;;;;;De Sierra Morena goleta Sofla, patron Paula: 600 sacos, 31 bocoyes azúcar.;;Sofla;;;goleta;1881_03_27;Sierra Morena;;
;;N/A:  | N/A:  | N/A: ;;;Calafell;pat.;;;;;De Matanzas galeta Dos Hermanas, patron Calafell: 173 bocayes, 72 cajas pzúcar, 200 pipas aguardiente.;;Dos Hermanas;;;galeta;1881_03_27;Matanzas;;
;;N/A:  | N/A:  | N/A:  | N/A: ;;;Banot;patrón;;;;;De idom goleta Ignacita, patron Banot: 57 bocoyes, 72 cains azúcar. 33 tercies tabaco y efectos.;;Ignacita;;;goleta;1881_03_27;idom;;
Día null:;;N/A:  | N/A:  | N/A: ;;;Tortell;pat.;;;;;De Cárdenas goleta Victoria, patron Tortell: 100 bocoyes, 100 cajas, 150 sacos azúcar.;;Victoria;;;goleta;1881_03_27;Cárdenas;;
;;N/A: ;;;Cuovas;patrón;;;;;"De idom goleta Angelita, patron Cuovas; 150 bocoyos azúcar.";;Angelita;;;goleta;1881_03_27;idom;;
;;N/A:  | N/A: ;;;Bosch;pat.;;;;;De idem goleta Segunda Maria, patron Bosch: 165 bocoyes azúcar, 74 palos.;;Segunda Maria;;;goleta;1881_03_27;idem;;
;;N/A:  | N/A: ;;;Alemañy;patrón;;;;;De Siorra Morena goleta Jóven Pilar, patron Alemañy: 300 sacos, 123 bocoyes azúcar y efectos.;;Jóven Pilar;;;goleta;1881_03_27;Siorra Morena;;
;;N/A:  | N/A: ;;;Macip;pat.;;;;;De Santa Cruz golota Desempeño, patron Macip: 33 bocoyes azilcar, 50 fanegas muiz.;;Desempeño;;;golota;1881_03_27;Santa Cruz;;
;;N/A: ;;;Jofre;patrón;;;;;De la Teja goleta Dos Amigos, patron Jofre: 100 bocoyea azúcar.;;Dos Amigos;;;goleta;1881_03_27;la Teja;;
;;N/A:  | N/A: ;;;Forror;patrón;;;;;De Bahia Hondo goleta Mercedita, patron Forror: 500 sacos azúcar, 20 pipas aguardiente,;;Mercedita;;;goleta;1881_03_27;Bahia Hondo;;
;;N/A:  | N/A: ;;;Cusi;cap.;;;;;De Malas Aguas vapor Anita, capitan Cusi: 150 bocoves y 103 sacos azúcar.;;Anita;;;vapor;1881_03_27;Malas Aguas;;
;;N/A:  | N/A:  | N/A: ;;;Jofre;cap.;;;;;De Cárdenas vaper Soler cap. Jofre: 150 bocoyes, 11 estuches azucar y 65 pipas aguardiente.;;Soler;;;vaper;1881_03_29;Cárdenas;;
;;N/A: ;;;Royn;pat.;;;;;De la Tea goleta Gallego patrou Royn: 800 sacos carbon.;;Gallego;;;goleta;1881_03_29;la Tea;;
;;N/A: ;;;Carbonell;pat.;;;;;De Matanzas goleta Elvira patron Carbonell: 12,000 acrobas tasajo.;;Elvira;;;goleta;1881_03_29;Matanzas;;
;;N/A: ;;;Colomar;pat.;;;;;De Canasi goletà Sabas patron Colomar: 100 bocoyes miel. De idem g. Correo Cauasi patron Alemany: 75 bocoyes Azúcar.;;Sabas;;;goletà;1881_03_29;Canasi;;
;;N/A:  | N/A:  | N/A: ;;;Iuelan;patrón;;;;;De Cabaña goleta Josefa patron Iuelan: 130 cojas, 200 saens, u bocoyes azúcar y 20 pipas aguardiente.;;Josefa;;;goleta;1881_03_29;Cabaña;;
;;N/A:  | N/A:  | N/A:  | N/A: ;;;Juan;p.;;;;;De idem. Esmeralda p. Juan: 300 cajas, 367 sacos, 32 bacayes azúcar y 10 pipas aguardiente.;;Esmeralda;;;p.;1881_03_29;idem;;
;;N/A:  | N/A: ;;;Lopez;p.;;;;;De Cabañas g. Caballo Marino p. Lopez: 300 cajna, 81 bocoyes azúcar.;;Caballo Marino;;;g.;1881_03_29;Cabañas;;
;;N/A: ;;;Martinez;patron;;;;;De la Teja g. San Francisco patron Martinez: 800 saCos carbon.;;San Francisco;;;g.;1881_03_29;la Teja;;
;;N/A: ;;;Mireles;p.;;;;;De Sierra Morena g. Emiasta Josefa p. Mireles: 800 saces carbon.;;Emiasta Josefa;;;g.;1881_03_29;Sierra Morena;;
;;N/A: ;;;Gorrin;patrón;;;;;De Bahia Honda goleta Francisca, patron Gorrin: 185 bocoyos azúcar.;;Francisca;;;goleta;1881_03_30;Bahia Honda;;
;;N/A:  | N/A:  | N/A:  | N/A:  | N/A: ;;;Ron;cap.;;;;;De Cuba vapor Clara, capitan Ron: 300 bocoyes, 72 cajas azúcar, 101 sacos cacao, 45 serones yarey y efectos.;;Clara;;;vapor;1881_03_30;Cuba;;
;;N/A:  | N/A: ;;;Horrero;p.;;;;;De Cárdenas g. Mercedita p. Horrero, 110 bocoyca. 100 cajas azúcar.;;Mercedita;;;g.;1881_03_31;Cárdenas;;
;;N/A:  | N/A: ;;;Pujol;p.;;;;;De Sauta Lucia g. Carmita p. Pujol, 116 c. azúcar, 36 pipas aguardiente.;;Carmita;;;g.;1881_03_31;Sauta Lucia;;
;;N/A:  | N/A:  | N/A: ;;;Vich;n.;;;;;De Cárdenas g. Ntra. Sra. do la Caridad n. Vich, 311 sacos, 69 boys. azńcar.;;Ntra. Sra. do la Caridad;;;g.;1881_03_31;Cárdenas;;
;;N/A: ;;;Moll;p.;;;;;De Mariel g. Jóven Magdalena, p. Moll, 144 becoyos azúcar.;;Jóven Magdalena;;;g.;1881_03_31;Mariel;;
;;N/A: ;;;Zaragoza;p.;;;;;De Cárdenas g. Flor de Sagua p. Zaragoza, 500 cajas azúcar.;;Flor de Sagua;;;g.;1881_03_31;Cárdenas;;
;;N/A:  | N/A: ;;;Maranto;p.;;;;;De Mariol g. Altagracia p. Maranto, 82 beys, azúcar y efectos.;;Altagracia;;;g.;1881_03_31;Mariol;;
;;N/A:  | N/A:  | N/A:  | N/A: ;;;Juan;pat.;;;;;De Cabañas gta. Esmeralda, patron Juan, 32) Bacos, 170 cajas y 47 bocores azúcar, 7 plpas aguardiente, 400 yugos;;Esmeralda;;;gta.;1881_04_03;Cabañas;;
;;N/A:  | N/A: ;;;Inclan;pat.;;;;;De Cabañas gta, Josefa, patron Inclan. 20a, 23 boco · yes azúcar y 6 pipas agdte.;;Josefa;;;gta;1881_04_03;Cabañas;;
;;N/A:  | N/A: ;;;Felic6-150;p.;;;;;De Mantna gol. Especulacion, p. Felic6-150 s. carbon y 200 caballoa lefia.;;Especulacion;;;gol.;1881_04_05;Mantna;;
;;N/A:  | N/A: ;;;Covas-65;p.;;;;;De Ortigosa gol. Bahla Honda, p. Covas-65 bocoƑes y 40.c. azúcar.;;Bahla Honda;;;gol.;1881_04_05;Ortigosa;;
;;N/A: ;;;Alemañy-76;p.;;;;;De Cauasi gol. Correo Canaai, p. Alemañy-76 bocoyea azúcar.;;Correo Canaai;;;gol.;1881_04_05;Cauasi;;
;;N/A: ;;;Colomar;pat.;;;;;De idom gol. Sabas, patron Colomar-100 bocoɲes de miel.;;Sabas;;;gol.;1881_04_05;idom;;
;;N/A: ;;;Enseñat;p.;;;;;De Cárdenas gol. Tres Teresás, p. Enseñat-160 bocoses azúcar.;;Tres Teresás;;;gol.;1881_04_05;Cárdenas;;
;;N/A:  | N/A: ;;;Rivas-350;d.;;;;;De Nuevitas gol. Dichosa, d. Rivas-350 rtevesafios, 400 caballes leña y efectos.;;Dichosa;;;gol.;1881_04_05;Nuevitas;;
;;N/A:  | N/A: ;;;Visqaorra;p.;;;;;De Matauzas gol. Amalia, p. Visqaorra-200 bocores azúcar, 50 o. id. y efectos.;;Amalia;;;gol.;1881_04_05;Matauzas;;
;;N/A:  | N/A:  | N/A:  | N/A: ;;;;p.;;;;;De id. gol. Dos Hermanas, p. Calafell-116 bocoyes y 216 c. azúcar, 300 ar. tasajo y ofectos.;;Dos Hermanas;;;gol.;1881_04_05;id.;;
;;N/A: ;;;Pujol;p.;;;;;De Cárdenas gol. Joaquina, p. Pujol-100 bocoyes do azúcar.;;Joaquina;;;gol.;1881_04_05;Cárdenas;;
;;N/A:  | N/A:  | N/A: ;;;Alemañу;p.;;;;;De S. Morona gol. Jóven Pilar, p. Alemañу—334 sacos, 196 c. y 60 bocoyes azúcar.;;Jóven Pilar;;;gol.;1881_04_05;S. Morona;;
;;N/A: ;;;Enseñat;p.;;;;;De id. gol. Union, p. Enseñat-225 bocoyes de azúcar.;;Union;;;gol.;1881_04_05;id.;;
;;N/A: ;;;Jaan-53;p.;;;;;De Cabañas bdro. Rosita, p. Jaan-53 cuarterolar do miol.;;Rosita;;;bdro.;1881_04_05;Cabañas;;
;;N/A: ;;;Piñoуro;p.;;;;;De Cárdenas go). Cármen, p. Piñoуro-135 bocoyes de azúcar.;;Cármen;;;go);1881_04_05;Cárdenas;;
Día 02:;;N/A:  | N/A:  | N/A: ;;;Mayans;p.;;;;;De id. gol. Isla de Cuba, p: Zaragoza-130 bocoges de azcar y efectos. . Do Sagua gol. 2: Gertrudis, p. Mayans-2000 8. carbon.;;Isla de Cuba;;;gol.;1881_04_05;id.;;
;;N/A: ;;;Gil;p.;;;;;De Baracoa gol. Bouifacia, p. Gil-72 bocoyes de azúcar.;;Bouifacia;;;gol.;1881_04_05;Baracoa;;
;;N/A:  | N/A:  | N/A:  | N/A: ;;;Felix-107;p.;;;;;De Mulata gol. Dolores, p. Felix-107 polines, 127 sacos carbon, 500 tendidos soga y efectos.;;Dolores;;;gol.;1881_04_05;Mulata;;
;;N/A: ;;;Lozano;p.;;;;;De Jaimanitas gol. Jóven' Salvador, p. Lozano-7000 ladrillos.;;Jóven' Salvador;;;gol.;1881_04_05;Jaimanitas;;
;;N/A: ;;;Catalina;p.;;;;;De Teja biro. Jóvon Catalina, p. Orbay-100 sacos do carbon.;;Jóvon;;;biro.;1881_04_05;Teja;;
;;N/A: ;;;Gardils;patron;;;;;De la Teja g. Magdalena patron Gardils: 300 Bacos carbon.;;Magdalena;;;g.;1881_04_06;Teja;;
;;N/A: ;;;Alvarez;p.;;;;;De Playas de San Juan g. Pricta p. Alvarez: 900 sacos carbon .;;Pricta;;;g.;1881_04_06;Playas de San Juan;;
;;N/A:  | N/A:  | N/A: ;;;Lloret;p.;;;;;De Bajas g. Angelita p. Lloret: 330 sacos carbon, 123 garrafoues miel abeja y efectos.;;Angelita;;;g.;1881_04_06;Bajas;;
;;N/A: ;;;Gil;patron;;;;;De Baracoa g. Bonifacia patron Gil: 72 boceyes azúcar.;;Bonifacia;;;g.;1881_04_06;Baracoa;;
;;N/A: ;;;Gispert;patron;;;;;De la Teja g. Jóven Carlota patron Gispert: 1,000 sacos carbon.;;Jóven Carlota;;;g.;1881_04_06;la Teja;;
Día null:;;N/A: ;;;Grandal;p.;;;;;De Jaimanitsa g. José Manuel p. Grandal: 7,000 ladrillos.;;José Manuel;;;g.;1881_04_06;Jaimanitsa;;
;;N/A:  | N/A: ;;;García;patron;;;;;De Jibacos g. Vinaroz patron García: 43 cajas azúcar 22 cuarterolas miol.;;Vinaroz;;;g.;1881_04_06;Jibacos;;
;;N/A:  | N/A: ;;;Inclan;p.;;;;;De Cabañas g Josefa p. Inclan: 420 ancos, 55 bocoyes azúcar y pipas aguardiente.;;Josefa;;;g;1881_04_06;Cabañas;;
;;N/A:  | N/A: ;;;Pajol;p.;;;;;De Sierra Morena g. Maria p. Pajol: 100 bocoyes y 2'0 aacos azúcar.;;Maria;;;g.;1881_04_06;Sierra Morena;;
;;N/A:  | N/A:  | N/A: ;;;Perez;p.;;;;;De Garnacha g. Buena Ventura p. Perez: 44 sacos lana 27 tendidos majagua y tercerolas miel.;;Buena Ventura;;;g.;1881_04_06;Garnacha;;
;;N/A:  | N/A: ;;;Lopez;p.;;;;;De Cabañas g. Caballo Marino p. Lopez: 390 cajas, y 80 bncoyes azúcar.;;Caballo Marino;;;g.;1881_04_06;Cabañas;;
Día null:;;N/A:  | N/A: ;;;Paula;p.;;;;;De Sierra Morena g. Sofia p. Paula: 500 sacos y 51 bocoyes azúcar.;;Sofia;;;g.;1881_04_06;Sierra Morena;;
;;N/A: ;;;Acuña;patron;;;;;De Sagua g. Nvo. Pepo patron Acuña: 160 Bacos carbon.;;Nvo. Pepo;;;g.;1881_04_06;Sagua;;
;;N/A:  | N/A: ;;;Dans;p.;;;;;De idem g Josefa Coruñesa p. Dans: 1,100 sacos cafbon y 00 caballos leña.;;Josefa Coruñesa;;;g;1881_04_06;idem;;
;;N/A: ;;;Blanco;pat.;;;;;De Uberos gol. Conchita, patron Blanco, 1,200 sacos carbon.;;Conchita;;;gol.;1881_04_07;Uberos;;
;;N/A: ;;;Macip;pat.;;;;;De Santa Cruz gta. Desempeño, patron Macip, 43 bocores azúcar;;Desempeño;;;gta.;1881_04_08;Santa Cruz;;
Día XX:;;N/A: ;;;Pons;pat.;;;;;De Banes goleta Centinela: patron Pons, 11500 ladrillos.;;Centinela;;;goleta;1881_04_08;Banes;;
;;N/A:  | N/A:  | N/A: ;;;Herrera;p.;;;;;De Cárdenas gta. Moreedita, p. Herrera, 200 c. y 40 bocs. azúcar, 200 paquetes tablilla 1.;;Moreedita;;;gta.;1881_04_08;Cárdenas;;
;;N/A: ;;;Alemany;pat.;;;;;De la Teja gta. Almanza, patron Alemany, 150 bocoyos aznoar.;;Almanza;;;gta.;1881_04_08;la Teja;;
;;N/A:  | N/A: ;;;Riobo;p.;;;;;De Carahatas gta. Tros Hermanas, p. Riobo, 800 s. y 50 bocoyos azúcar y efectos.;;Tros Hermanas;;;gta.;1881_04_08;Carahatas;;
;;N/A: ;;;Calzada;p.;;;;;De la Teja g. Júcaro, p. Calzada: 800 a. carbon.;;Júcaro;;;g.;1881_04_09;la Teja;;
;;N/A:  | N/A:  | N/A:  | N/A:  | N/A: ;;;Juau;p.;;;;;De Cabañas g. Esmeralda, p. Juau: 214 cajas, 56 bucoyes y 240 8. azúcar, 14 pipas aguardiento y efectos.;;Esmeralda;;;g.;1881_04_09;Cabañas;;
;;N/A:  | N/A:  | N/A: ;;;;pat.;;;;;De id. Ntra. Sra. del Carmen, p.Deulofeo: 69 cajas y 75 bocoyes azúcar y 12 pipas aguardiente.;;Deulofeo;;;p.;1881_04_09;Ntra. Sra. del Carmen;;
;;N/A:  | N/A: ;;;Lopez;p.;;;;;De la Dominica g. Dominica, p. Lopez: 30 bocoyca y 138. azúcar.;;Dominica;;;g.;1881_04_09;Dominica;;
Día 01:;;N/A: ;;;Santos;p.;;;;;De id. g. Justica, p. Santos: G1 boc. nzúcar.;;Justica;;;g.;1881_04_09;id.;;
;;N/A: ;;;Juan;p.;;;;;De Cabañas bdro. Rosita, p. Juan: 50 cuarterolas de miel.;;Rosita;;;bdro.;1881_04_09;Cabañas;;
;;N/A: ;;;Visquerra;p;;;;;De id. g Paquita, p Visquerra: 960 s. azúcar.;;Paquita;;;g;1881_04_09;id.;;
;;N/A:  | N/A: ;;;Sabás;p.;;;;;De id. g. Sabás, p. Colomar: 200 cajas y 15 bocoyes azúcar.;;Colomar;;;p.;1881_04_09;id. g.;;
;;N/A: ;;;Gil;p.;;;;;De Baracoa g. Bonifacia, p. Gil: 72 boc. azúcar.;;Bonifacia;;;g.;1881_04_09;Baracoa;;
;;N/A:  | N/A: ;;;Enseñat;p.;;;;;De Cárdenas g. Tres Teresas, p. Enseñat: 150 boc, y 103 c. azúcar.;;Tres Teresas;;;g.;1881_04_09;Cárdenas;;
;;N/A:  | N/A:  | N/A:  | N/A:  | N/A: ;;;Pellicer;p.;;;;;De Matanzas . Emilio, p. Pellicer: e boc. y 169 c. azúcar, 2000 ar. tasajo, 180 pipas aguardiente, 20 cuartos Idom y efectos.;;Emilio;;;boc.;1881_04_09;Matanzas;;
;;N/A: ;;;Gorrin;p.;;;;;De Bahia Honda g Francisca, p. Gorrin: 185 bocoyes azúcar.;;Francisca;;;g;1881_04_09;Bahia Honda;;
;;N/A:  | N/A:  | N/A: ;;;Lladó;p.;;;;;De Sierra Morena g. Crisálida, p. Lladó: 200 o., 100 boc. y 100 a. azúcur.;;Crisálida;;;g.;1881_04_09;Sierra Morena;;
;;N/A: ;;;Febrer;p.;;;;;De Bahia Honda g. Mercedita, p. Febrer: 570 88003 azúcar.;;Mercedita;;;g.;1881_04_09;Bahia Honda;;
;;N/A: ;;;Pujol;p.;;;;;De Santa Maria g. Nuevo Hilario, p. Pujol: 600 s. carbon.;;Nuevo Hilario;;;g.;1881_04_09;Santa Maria;;
;;N/A: ;;;Cartell;p.;;;;;De Cardona2 g. Anits, p. Cartell: 250 bocoses azúcar.;;Anits;;;g.;1881_04_09;Cardona2;;
Día XX:;;N/A:  | N/A: ;;;Piñorro;p.;;;;;De fdem g. Cármen, p. Piñorro: 135 id. id.;;Cármen;;;g.;1881_04_09;fdem;;
;;N/A: ;;;Sanchez;p.;;;;;De Jaruco g. Jaruqueña, p. Sanchez: 10,000 ladrillos.;;Jaruqueña;;;g.;1881_04_09;Jaruco;;
;;N/A: ;;;Cabaleiro;pat.;;;;;De Caraliatas g. San Francisco, pat. Cabaleiro, 1200.s. carbon.;;San Francisco;;;g.;1881_04_10;Caraliatas;;
Día 05:;;N/A: ;;;Hernandez;p.;;;;;De Morillo g. Félix p. Hernandez, 5: becoyes azúсаг.;;Félix;;;g.;1881_04_10;Morillo;;
;;N/A:  | N/A: ;;;Duran;p.;;;;;De Mulata g. Morcedita p. Duran, 918 sacos carbon, 5 ar corn.;;Morcedita;;;g.;1881_04_10;Mulata;;
;;N/A:  | N/A: ;;;Zaragoza;p.;;;;;De Cardenas g. Flor de Sagua p. Zaragoza, 100 e. azḍcar y efectos.;;Flor de Sagua;;;g.;1881_04_10;Cardenas;;
;;N/A: ;;;Moll;p.;;;;;De Cana g. Linco p. Moll, 600 s. carbon.;;Linco;;;g.;1881_04_10;Cana;;
;;N/A: ;;;Flusac;p.;;;;;De Dumas g. Amable Rosita p. Flusac. 800 sacos carbon.;;Amable Rosita;;;g.;1881_04_10;Dumas;;
;;N/A:  | N/A:  | N/A:  | N/A: ;;;Rivas;cap.;;;;;De Gusnes vap: Guanigusnico, cap. Rivas-607 tercios tabaco, 34 marquetas cera, 100 sacos lans y efeotos.;;Guanigusnico;;;vap:;1881_04_12;Gusnes;;
;;N/A: ;;;Lledo-30;p.;;;;;De Jibacoa gel. Vinaros, p. Lledo-30 o. azúcar, 28 cuarterolas mio).;;Vinaros;;;gel.;1881_04_12;Jibacoa;;
;;N/A: ;;;Fortell;p.;;;;;De Cárdenas gol, Victoria, p. Fortell-100 bocores, 309.;;Victoria;;;gol;1881_04_12;Cárdenas;;
;;N/A: ;;;Jofre;p.;;;;;De Teja gol. Amigos, p. Jofre-100 bocoyos de asficar.;;Amigos;;;gol.;1881_04_12;Teja;;
;;N/A: ;;;Bernasa-700;p.;;;;;De Nuerites gel. Dolores p. Bernasa-700 atraves:100;;Dolores;;;gel.;1881_04_12;Nuerites;;
;;N/A:  | N/A: ;;;Colomar;p.;;;;;"De Canasi gol. Flor de Cárdenas, p. Colomar-70 bocoyes azúcar; 6o. id. y 30 ouarterolas miel.";;Flor de Cárdenas;;;gol.;1881_04_12;Canasi;;
;;N/A:  | N/A: ;;;Herrera;p.;;;;;De Cárdenas gol. Mercedita, p. Herrera-150 o. 90 boco yes azúcar.;;Mercedita;;;gol.;1881_04_12;Cárdenas;;
;;N/A: ;;;Cartell;p.;;;;;De ldem gol. Anita, p. Cartell-250 bocoyos de aɛdcar.;;Anita;;;gol.;1881_04_12;ldem;;
;;N/A: ;;;Gili;pat.;;;;;De Banes gol. Nueva Esperanza, pet, Gili 46 bocayes astcar.;;Nueva Esperanza;;;gol.;1881_04_13;Banes;;
Día 01:;;N/A: ;;;;pat.;;;;;De Sierra Morena gol. Jóven Pilar, pat, may: 100;;Jóven Pilar;;;gol.;1881_04_13;Sierra Morena;;
;;N/A:  | N/A: ;;;Rom;cap.;;;;;De Cuba vapor Clare, cap. Rom: 149 bocoyga: 300 cajas;;Clare;;;vapor;1881_04_13;Cuba;;
;;N/A:  | N/A:  | N/A: ;;;Jofre;cap.;;;;;De Cárdenas vapor Seler, cap. Jofre, 200 becoyes azd car. 40 pipse aguardiente y efectos.;;Seler;;;vapor;1881_04_13;Cárdenas;;
;;N/A: ;;;Magip;pat.;;;;;De Santa Cruz gol. Desempeño, pat. Magip: 52 bocoyes azúcar,;;Desempeño;;;gol.;1881_04_13;Santa Cruz;;
;;N/A:  | N/A: ;;;Ensest;pat.;;;;;De Sierra Morena gol. Union pat. Ensest #2 bocoyee astear y efectos.;;Union;;;gol.;1881_04_13;Sierra Morena;;
;;;;;Visquerra;pat.;;;;;De Cabañas gol. Paquita, pat. Visquerra 930 saoca;;Paquita;;;gol.;1881_04_13;Cabañas;;
;;N/A: ;;;Alemang;pat.;;;;;De Canasi gol. Correo Canasi, pat. Alemang: 75 bodoyes miel.;;Correo Canasi;;;gol.;1881_04_13;Canasi;;
;;N/A: ;;;Colomar;pat.;;;;;De Canast goleta Sábas, pat. Colomar: 100 bocoyes, miel.;;Sábas;;;goleta;1881_04_13;Canast;;
Día null:;;N/A: ;;;Cabrera;pat.;;;;;De la Teja gol. San José, pat. Cabrera: bocoyes azúcar.;;San José;;;gol.;1881_04_13;la Teja;;
Día 12:;;N/A:  | N/A:  | N/A:  | N/A: ;;;Tarifa;pat.;;;;;De Punta Alegre gol. Agnedita, pat. Tarifa: 12 plexas maderas, 295 caballos lens, 306 sacos carbon, 1000 docenas esponjas.;;Agnedita;;;gol.;1881_04_13;Punta Alegre;;
Día 01:;;N/A:  | N/A: ;;;Paula;pat.;;;;;De Sierra Morena gol. Sofia, pat. Paula: 660 sacos, 50 bocoyes azúcar.;;Sofia;;;gol.;1881_04_13;Sierra Morena;;
;;N/A:  | N/A:  | N/A:  | N/A: ;;;Inbérat;pat.;;;;;De Punta San Juan gol. Paquete de Moron, patron Inbérat: 500 caballos leña, 300 sacos carbon, 140 atravesaños y efectos.;;Paquete de Moron;;;gol.;1881_04_13;Punta San Juan;;
Día XX:;;N/A:  | N/A: ;;;Joy;pat.;;;;;De Punta Ban Juan gol. Tres Hermanas, pat. Joy: 200 bocoyes azúcar, 300 atravesaños.;;Tres Hermanas;;;gol.;1881_04_13;Punta Ban Juan;;
;;N/A: ;;;Pujol;patrón;;;;;De la Teja goleta Isabel II, patron Pujol: 800 sacos carbon.;;Isabel II;;;goleta;1881_04_13;la Teja;;
Día 01:;;N/A:  | N/A: ;;;Mateu;pat.;;;;;De la Teja goleta Catalina, pat. Mateu: 600 sacos carbon. De Sierra Morena gol. Habanera, pat. Suao: 200 sacos Darbon.;;Catalina;;;goleta;1881_04_13;la Teja;;
;;N/A: ;;;Alomally;pat.;;;;;De Sierra Moraga gol. Matilde, pat. Alomally: 130 boBoyes azúcar. De Cárdenas gol. Cármen, pat. Piñeyro: 133 bocoyee ancar. De Sagus vapor Cuba, cap. Coll, con 113 tercios taba co, 19 blea, sebo, i caja azúcar, 30 baltos muebles, 20 baTilee frijoles y efectos.;;Matilde;;;gol.;1881_04_13;Sierra Moraga;;
;;N/A: ;;;Villalonga;p.;;;;;De Mariel g. Jóven Gertrudis, p. Villalonga: 144 boc azúcar.;;Jóven Gertrudis;;;g.;1881_04_14;Mariel;;
;;N/A:  | N/A:  | N/A: ;;;Lopez;p.;;;;;De Dominica g, Dominica. p. Lopez: 73 aacos y 48 bocoves azúcar.;Dominica;p.;;;g;1881_04_14;Dominica;;
;;N/A: ;;;Garcia;p.;;;;;De Teja g. Leonarda, p. Garcia: 800 s. carbon.;;Leonarda;;;g.;1881_04_14;Teja;;
;;N/A: ;;;Fernandez;p.;;;;;De Matanzas g. Matilde, p. Fernandez: 10,000 tejas.;;Matilde;;;g.;1881_04_14;Matanzas;;
Día 02:;;N/A: ;;;Pojol;p.;;;;;De Sierra Morens g. Maria, p. Pojol: 2:0 s. y 100 boc. azúcar.;;Maria;;;g.;1881_04_14;Sierra Morens;;
;;N/A: ;;;Enseñat;p.;;;;;De Cárdenas g. Tres Teresas, p. Enseñat: 170 boo, asacar.;;Tres Teresas;;;g.;1881_04_14;Cárdenas;;
;;N/A: ;;;Gil;p.;;;;;De Baracoa g. Bonifacia, p. Gil: 72 boo. azúcar.;;Bonifacia;;;g.;1881_04_14;Baracoa;;
Día null:;;N/A:  | N/A:  | N/A: ;;;Santos;p.;;;;;De Mariel g. Justica, p. Santos: 52 boo: azúcar, 14 pipas aguardiente y efectos.;;Justica;;;g.;1881_04_14;Mariel;;
;;N/A: ;;;Marante;p.;;;;;De idam g. Altagracia, p. Marante: 95 bociyes azú.0år.;;Altagracia;;;g.;1881_04_14;idam;;
Día 01:;;N/A: ;;;Vich;p.;;;;;De Cabañas g. Ntra. Sra. do la Caridad, p. Vich: 305 8. y 38 c. azúcar.;;Ntra. Sra. do la Caridad;;;g.;1881_04_14;Cabañas;;
;;N/A: ;;;Ferrer;p.;;;;;De Sagua g. Maria Josefa, p. Ferrer: 1200 sacos carbon.;;Maria Josefa;;;g.;1881_04_14;Sagua;;
;;N/A: ;;;Villalongs;p.;;;;;"De idem g. Teresita, p. Villalongs; 800 sacos carbon";;Teresita;;;g.;1881_04_14;idem;;
;;N/A: ;;;Deulofeu;p.;;;;;De Cabañas g. Ntra. Sra. del Carmen, p. Deulofeu: 100 boc. azúcar.;;Ntra. Sra. del Carmen;;;g.;1881_04_14;Cabañas;;
;;N/A:  | N/A: ;;;Barreras;p.;;;;;De Sierra Morena g. Segunda Iguacia p. Barreras: 120 boca, asdcar.;;Segunda Iguacia;;;g.;1881_04_17;Sierra Morena;;
;;N/A:  | N/A:  | N/A: ;;;Inclan;p.;;;;;"De Cabañas gol. Josofa p. Inclan; 200 c. 300 s, 30 decoyes azúcar.";;Josofa;;;gol.;1881_04_17;Cabañas;;
;;N/A: ;;;Grandal;p.;;;;;De Jaimanitas goleta José Manuel p. Grandal, 7,000 Ladrillos.;;José Manuel;;;goleta;1881_04_17;Jaimanitas;;
;;N/A: ;;;Visquerra;pat.;;;;;"De Cabañas goleta Paquita' pat. Visquerra; 108 boos. $60 a. azúcar.";;Paquita';;;goleta;1881_04_17;Cabañas;;
;;N/A:  | N/A:  | N/A:  | N/A:  | N/A: ;;;Roca;p.;;;;;"De Malasagnas gol. Araucana p. Roca; 24,000 ladrillos 100 caballos fona, 24 ar. oera y efectos.";;Araucana;;;gol.;1881_04_17;Malasagnas;;
;;N/A: ;;;Alemany;pat.;;;;;De Cienfuegos g. Maria Teresa pat. Alemany: 100 toneladas carbon.;;Maria Teresa;;;g.;1881_04_17;Cienfuegos;;
;;N/A:  | N/A:  | N/A:  | N/A: ;;;Ponte;p.;;;;;"De Nueritas g. Emilia p. Ponte; 400 caballos leña, 100 atravesaños, 50 s, carbon y efectos.";;Emilia;;;g.;1881_04_17;Nueritas;;
;;N/A:  | N/A:  | N/A: ;;;;p.;;;;;De Matanzas g. Dos Hermanas p. Calafell: 160 boca.. 50 c. asdoar y efectos.;;Dos Hermanas;;;g.;1881_04_17;Matanzas;;
;;N/A: ;;;Valent;p.;;;;;De Cárdenas g. Maneldel p. Valent: 3000, 125 boooyes asdcar.;;Maneldel;;;g.;1881_04_17;Cárdenas;;
;;N/A: ;;;Portilla;pat.;;;;;"De Mantua goleta Neptuno pat. Portilla; 800 sac08 carbon.";;Neptuno;;;goleta;1881_04_17;Mantua;;
;;N/A: ;;;Coll;patrón;;;;;"De Baracoa gelota Doloritas patron Coll; 69 bocoyes ázúcar.";;Doloritas;;;gelota;1881_04_17;Baracoa;;
;;N/A: ;;;AlemañƑ;patrón;;;;;De la Teta goleta Aleranza, patron AlemañƑ, 100 bocovesazńcar.;;Aleranza;;;goleta;1881_04_19;la Teta;;
;;;;;LiuaresLastre;pat.;;;;;De Matanzas gta. Marta Ceferina, patron LiuaresLastre.;;Marta Ceferina;;;gta.;1881_04_19;Matanzas;;
;;N/A:  | N/A:  | N/A:  | N/A: ;;;Cuevas;p.;;;;;De Cárdenas gta Angelita p. Cuevas, 143 c, 130 boco. ye aznicar, 6 fardos suela y carnaza;;Angelita;;;gta;1881_04_19;Cárdenas;;
;;N/A:  | N/A: ;;;Visquerra;p.;;;;;De Matanzas g. Amalia, p. Visquerra, 102 bocą, 125 o. asdoar, 1900 ar. 'asalo y efectos.;;Amalia;;;g.;1881_04_19;Matanzas;;
;;N/A:  | N/A:  | N/A:  | N/A:  | N/A: ;;;Tortell;p.;;;;;De Cárdenas g. Victoria, p. Tortell, 20 o, 150 s. y 90 boon. azñcar, 9 fardos suela y caroaza.;;Victoria;;;g.;1881_04_19;Cárdenas;;
;;N/A: ;;;Enseñat;p.;;;;;De Sierra Morena gta. Union, p Enseñat, 220 bocos es azúcar.;;Union;;;gta.;1881_04_19;Sierra Morena;;
;;N/A:  | N/A:  | N/A:  | N/A: ;;;Pujols;p.;;;;;De Cárdenas gts. Josquins, p. Pujols, 150 bocs, asúcar, 41 færslu opruaza y ayola.;;Josquins;;;gts.;1881_04_19;Cárdenas;;
;;N/A: ;;;Tur;pat.;;;;;De Margajita gta. Autonia Habana, patron Tur. 350 atravesaños.;Habana;Autonia;;;gta.;1881_04_19;Margajita;;
;;N/A: ;;;Herrera;pat.;;;;;De Cárdenas gta. Mercedita, patron Herrera, 150 c. yo bocs. azúcar.;;Mercedita;;;gta.;1881_04_19;Cárdenas;;
;;N/A:  | N/A:  | N/A:  | N/A: ;;;Lopez;p.;;;;;De Cabañas gta. Caballo Marino, p. Lopez, 27% c, 80 boca, azúcar, 8 pipas agite.;;Caballo Marino;;;gta.;1881_04_19;Cabañas;;
;;N/A:  | N/A: ;;;Sto. Domingo;p.;;;;;De Carauates gta. Teresita, p. Sto. Domingo, 80 boca. 230 8. azúcar y efectos.;;Teresita;;;gta.;1881_04_19;Carauates;;
;;N/A: ;;;Santori;pat.;;;;;De Sagua goleta Trafalgar, patron Santori, 1600 sacos carbon.;;Trafalgar;;;goleta;1881_04_19;Sagua;;
;;N/A: ;;;Arocha;pat.;;;;;De Cabañas g. Conchita, pat. Arocha, 65) sacos de azúcar.;;Conchita;;;g.;1881_04_20;Cabañas;;
;;N/A: ;;;Pajes;pat.;;;;;De Sagus g. 2 Rosa, pat. Pajes, 1300 sacos carbon.;;2 Rosa;;;g.;1881_04_20;Sagus;;
;;N/A: ;;;Fernandes;pat.;;;;;De la Teja g. Altagracia, pat. Fernandes, 1000 sacos carbon.;;Altagracia;;;g.;1881_04_20;la Teja;;
;;N/A: ;;;Alemañy;pat.;;;;;De Cansal g. Correo do Canast, pat. Alemañy, 76 bocoyes azúcar.;;Correo do Canast;;;g.;1881_04_20;Cansal;;
;;N/A:  | N/A: ;;;Pajol;p.;;;;;De Sierra Morena g. Maria, p. Pajol, 220 sacos y 100 bocoyes azúcar.;;Maria;;;g.;1881_04_20;Sierra Morena;;
;;N/A:  | N/A: ;;;Paula;pat.;;;;;De idem g. Bofis, pat. Paula, 600 sacos y 59 bocoyos de aznicar y efectos.;;Bofis;;;g.;1881_04_20;idem;;
;;N/A: ;;;Paz;pat.;;;;;De Sagua g. Carmita, pat. Paz, 1209saces carbon.;;Carmita;;;g.;1881_04_20;Sagua;;
;;N/A: ;;;Lorenzo;pat.;;;;;De idem g. Trafalgar, pat. Lorenzo, 1000 sacos de carbon.;;Trafalgar;;;g.;1881_04_20;idem;;
;;N/A:  | N/A: ;;;Ferrer;pat.;;;;;De Bahia Honda g. Mercedita, pat. Ferrer, 500 sacos carban 10 pipas aguardiente.;;Mercedita;;;g.;1881_04_20;Bahia Honda;;
;;N/A: ;;;Lozano;pat.;;;;;De Jaimauitas g. Jóven Salvador, pat. Lozano, 1000 ladrillos.;;Jóven Salvador;;;g.;1881_04_20;Jaimauitas;;
;;N/A:  | N/A:  | N/A: ;;;Juan;pat.;;;;;De Cabañas g. Esmeralda, pat. Juan, 86 bocores y 500 sacos azúcar, 16 pipas, aguardiente.;;Esmeralda;;;g.;1881_04_20;Cabañas;;
;;N/A:  | N/A: ;;;Macip;p.;;;;;De Santa Cruz gol. Desempeño, p. Macip-46 bocoyes azúcar y 23 a. maiz.;;Desempeño;;;gol.;1881_04_21;Santa Cruz;;
;;N/A:  | N/A:  | N/A:  | N/A: ;;;Pilar;p.;;;;;De S. Morena gol. Jóvou Pilar, p: Alemay-20 sacos. 115 bocs. y 100 c. ozúcar y ofectos.;;Jóvou;;;gol.;1881_04_21;S. Morena;;
;;N/A: ;;;Vich274;p.;;;;;De Cabañas gol. Ntra. Sra. de la Caridad, p, Vich274 8. y 23 c. azucar. De Jibacoa gol. Vinuros, p. Garcia-22 c. azúcar y 36 Cuarterolas miel.;;Ntra. Sra. de la Caridad;;;gol.;1881_04_21;Cabañas;;
;;N/A:  | N/A: ;;;Gorrin;p.;;;;;De Bahla Honda gol. Francisca, p: Gorrin-110 boçoyes azúcar y 27 pipas agdto.;;Francisca;;;gol.;1881_04_21;Bahla Honda;;
;;N/A:  | N/A: ;;;Seraute;p.;;;;;De Morrillo gol: Britania, p: Seraute-60 bocs. azúcar 33 onarterolas miel.;;Britania;;;gol:;1881_04_21;Morrillo;;
;;N/A:  | N/A: ;;;Colomar;p.;;;;;De Canasi g. 8ábas p. Colomar, 76 booys. azúcar, 4 garrafones melado.;;8ábas;;;g.;1881_04_22;Canasi;;
;;N/A:  | N/A: ;;;Gil;p.;;;;;De Baracoa g. Bonifacia p. Gil, 72 1x coy es zzficar. De Banes g. Nuova Esperanza, patrou Gi', 46 Locoses azúcar.;;Bonifacia;;;g.;1881_04_22;Baracoa;;
;;N/A: ;;;Colomar;p.;;;;;De idom g. Flor de Cárdenas p. Colomar, 103 bucoj es azúcar.;;Flor de Cárdenas;;;g.;1881_04_22;idom;;
;;N/A:  | N/A:  | N/A:  | N/A:  | N/A: ;;;Pifley ro;p.;;;;;De Punta de San Juan g. Aguila do Oro p. Pifley ro, 763 caballos lef, 142 atravesaños, 15 palos madora, 12 Br. cora y efectos.;;Aguila do Oro;;;g.;1881_04_22;Punta de San Juan;;
;;N/A: ;;;Martines;p.;;;;;De Bands g. Ceolis Manuels, p. Martines, 38 bocoses;;Ceolis;;;g.;1881_04_22;Bands;;
;;N/A:  | N/A: ;;;Santos;pat.;;;;;"De Mariel gol. Justica, pat. Santos;-con 6+ bocores azacar.";;Justica;;;gol.;1881_04_23;Mariel;;
;;N/A: ;;;Gispert;pat.;;;;;"Do Teja gol. Jóven Carlota, pat. Gispert;--con 800 atravesaños.";;Jóven Carlota;;;gol.;1881_04_23;Teja;;
;;N/A: ;;;Alemañy;pat.;;;;;"Do Canasi gol. Cerreo de Canasi, pat. Alemañy;-con 75 bocoyes azúcar.";;Cerreo;;;gol.;1881_04_23;Canasi;;
;;N/A: ;;;Almansa;pat.;;;;;"Da Teja gol. Dos Sofias, pat. Almansa;-con 1,000 sacos carbon.";;Dos Sofias;;;gol.;1881_04_23;Teja;;
;;N/A: ;;;Jofre;pat.;;;;;De idem gol. Dos Amigos pat. Jofre:-con 100 bocoyes azúcar.;;Dos Amigos;;;gol.;1881_04_23;idem;;
;;N/A:  | N/A: ;;;Escandell;pat.;;;;;"De Morrillo gol. Eloisa, pat. Escandell;-con 68 bcocyes azúcar y 56 cuarterolas miel.";;Eloisa;;;gol.;1881_04_23;Morrillo;;
;;N/A: ;;;Zaragoza;pat.;;;;;"Do Slerin Morena gol. Isla de Cuba, pat. Zaragoza;con 174 bocoyes azúcar.";Isla de Cuba;Morena;;;gol.;1881_04_23;Slerin;;
;;N/A: ;;;Benajan;pat.;;;;;"Do Sagua gol. Margarita, pat. Benajan;-con 9,000 sacos carbon.";;Margarita;;;gol.;1881_04_23;Sagua;;
;;N/A: ;;;Lopez;p.;;;;;De Dominica g. Dominica, p. Lopez: 60 bocojes aznсяг.;;Dominica;;;g.;1881_04_24;Dominica;;
;;N/A:  | N/A: ;;;Jaan;p.;;;;;De Cabañas baro. Rosita, p. Jaan: 12 pipas aguardientc. 40 terc. do miel.;;Rosita;;;baro.;1881_04_24;Cabañas;;
;;N/A: ;;;Herrera;p.;;;;;De Cárdenas g. Mercedita, p. Herrera: 135 boe, azúcar.;;Mercedita;;;g.;1881_04_24;Cárdenas;;
;;N/A:  | N/A: ;;;Otero;p.;;;;;De Sagna g. Ro-ita, p. Otero: 600 s. carbon y 150 caballos leña.;;Ro-ita;;;g.;1881_04_24;Sagna;;
;;N/A:  | N/A:  | N/A:  | N/A: ;;;Gavica;cap.;;;;;De Chibirien vap, Alava, cap Gavica, 20 pps. agite, 81e azúcar, 164 tercios tabaco y efectos.;;Alava;;;vap;1881_04_26;Chibirien;;
;;N/A: ;;;Colomar;patrón;;;;;De Canasi glet Sabás, patron Colomar, 100 boooyes de miel.;;Sabás;;;glet;1881_04_26;Canasi;;
;;N/A: ;;;Colomar;pat.;;;;;De Canasi gta. Flor de Cárdenas. pat. Colomar 110 bocoves miol.;;Flor de Cárdenas.;;;gta.;1881_04_26;Canasi;;
;;N/A: ;;;Visquerra;pat.;;;;;De Cabañas goleta Paquita, pat. Visquerra, 930 sacos azúcar.;;Paquita;;;goleta;1881_04_26;Cabañas;;
;;N/A:  | N/A: ;;;Lledo;patrón;;;;;De Jibacoa goleta Vinarós, patron Lledo, 55 c. azńcar y efectos.;;Vinarós;;;goleta;1881_04_26;Jibacoa;;
;;N/A:  | N/A:  | N/A:  | N/A: ;;;Celomar;;;;;;De Saquag. Tres Marías, p. Celomar, 800 s. carbon, 100 atravesaños, 1000 tendido anga y efectos.;;Tres Marías;;;p.;1881_04_26;Saquag;;
;;N/A:  | N/A: ;;;Pellicer;pat.;;;;;De Matanzas gta. Emilio, patron Pellicer, 93 0, 37 bocoves azúcar y efectos.;;Emilio;;;gta.;1881_04_26;Matanzas;;
;;N/A:  | N/A:  | N/A: ;;;Macip;p.;;;;;De Santa Cruz g, Desempeño, p. Macip, 30 boos. azúcor: 60 fanegas maiz, 41 s. id.;;Desempeño;;;g;1881_04_26;Santa Cruz;;
;;N/A:  | N/A: ;;;Bilbas;p.;;;;;De l'layas de San Juan g. Engracia, p. Bilbas, 800 atravesaños y efootas.;;Engracia;;;g.;1881_04_26;l'layas de San Juan;;
;;N/A:  | N/A: ;;;Pujol;p.;;;;;"De Santa Lucia g. Carmita; p. Pujol, 200 c. azúcar, 26 pipa agite.";;Carmita;;;g.;1881_04_26;Santa Lucia;;
;;N/A: ;;;Cabrera;patrón;;;;;De la Teja golota San José, patron Cabrera 46 bo20yes azúcar.;;San José;;;golota;1881_04_26;la Teja;;
;;N/A:  | N/A:  | N/A: ;;;Fe'iz;p.;;;;;De la Mulatig. Dolores, p. Fe'iz, 46 fanegas maiz 218 atravesaños y efectos.;;Dolores;;;p.;1881_04_26;Mulatig;;
Día 01:;;N/A:  | N/A: ;;;Orbay;p.;;;;;De Margalitas g. Paquete do Nnoritas, p. Orbay: 500 8 carbon, 300 caballos lena.;;Paquete do Nnoritas;;;g.;1881_04_26;Margalitas;;
;;N/A:  | N/A:  | N/A: ;;;Juan;p.;;;;;De Cabañas gol. Esmeralda, p. Juan, 319 c, 226 ancos y 4 bocoyes azúcar.;;Esmeralda;;;gol.;1881_04_27;Cabañas;;
;;N/A: ;;;Calzata;p.;;;;;De la Teja g. Júcaro, p. Calzata, su s. carbon.;;Júcaro;;;g.;1881_04_27;Teja;;
;;N/A:  | N/A:  | N/A:  | N/A: ;;;AlemañƑ;p.;;;;;De Canasig Correo de Canasi, p. AlemañƑ, 45 bocoyes, 100 e, azúcar 20 sacos papas.;;Canasi;;;Correo;1881_04_27;Canasig;;
;;N/A:  | N/A:  | N/A:  | N/A:  | N/A:  | N/A: ;;;Ron;cap.;;;;;De Cuba vap. Clara, cap. Ron, 61 boeys., 108 c. krúcar 90 saoon mais, 35 a. cacao, 12 fardes suela y efectos.;;Clara;;;vap.;1881_04_28;Cuba;;
;;N/A: ;;;Lepes;p.;;;;;De Dominica gol. Dominica p. Lepes, 60 bocores azú car.;;Dominica;;;gol.;1881_04_28;Dominica;;
;;N/A: ;;;Gll;patron;;;;;De Baracoa gol Bonifacia patron Gll, 72 beceyes asúcar.;;Bonifacia;;;gol;1881_04_28;Baracoa;;
;;N/A:  | N/A: ;;;Lopes;p.;;;;;De Cabañas g. Caballo Marino p. Lopes, 300 o., 60 bocores azúcar, is pipas aguardiente.;;Caballo Marino;;;g.;1881_04_28;Cabañas;;
;;N/A: ;;;Alemany;patron;;;;;De Bierra Morena g. Matilde patron Alemany, 301 coyes astcar.;;Matilde;;;g.;1881_04_28;Bierra Morena;;
;;N/A: ;;;Catallas;p.;;;;;De Toja balandro Jéven Catallas p. Orbay, 700 carbon.;;Jéven;;;balandro;1881_04_28;Toja;;
;;N/A: ;;;Pujol;patrón;;;;;"De Baracoa goleta San José, patron Pujol; 20 boonyes miel.";;San José;;;goleta;1881_04_29;Baracoa;;
;;N/A:  | N/A:  | N/A: ;;;Inclan;patrón;;;;;"De Cobañas goleta Josefa, patron Inclan; 500 sacos, 40 bocoyes azúcar, 19 plpas agi ardiente.";;Josefa;;;goleta;1881_04_29;Cobañas;;
;;N/A:  | N/A:  | N/A: ;;;Valent;patrón;;;;;"De Cárdenas goleta Maria del Carmen, patron Valent; 900 cajse, 150 bocoyes astcar.";;Maria del Carmen;;;goleta;1881_04_29;Cárdenas;;
;;N/A:  | N/A: ;;;Gortin;patrón;;;;;De Bahta Honda goleta Franciaca, patron Gortin: 185 boooyes azúcar, 12 pipas aguardiente.;;Franciaca;;;goleta;1881_04_29;Bahta Honda;;
;;N/A:  | N/A:  | N/A: ;;;Lledó;pat.;;;;;"De Sierra Morená goleto Crisalida, patron Lledó; 100 sacos, 100 bocores y 200 cajas azúcar.";;Crisalida;;;goleto;1881_04_29;Sierra Morená;;
;;N/A:  | N/A: ;;;Paula;patrón;;;;;De idem goleta Sofia, patron Paula: 600 sacos 44 bocoyes azúcar.;;Sofia;;;goleta;1881_04_29;idem;;
;;N/A: ;;;Moll;patron;;;;;"De Dimas golota Lince, patron Moll; 800 sacos carbon.";;Lince;;;golota;1881_04_29;Dimas;;
;;N/A: ;;;Zaragoza;pat.;;;;;De Cárdenas goleta Flor de Sagua, patron Zaragoza: 500 cajas azúcar.;;Flor de Sagua;;;goleta;1881_04_29;Cárdenas;;
;;N/A: ;;;Cartell;patrón;;;;;"De idem goleta Anita, patron Cartell; 250 bocoyes azú car.";;Anita;;;goleta;1881_04_29;idem;;
;;N/A:  | N/A: ;;;Mall;p.;;;;;De Mariel gta Jóven Magdalena, p. Mall, 130 bocoyer azúcar, 30 pp. aguardiente.;;Jóven Magdalena;;;gta;1881_04_30;Mariel;;
;;N/A:  | N/A:  | N/A: ;;;Navarro;p.;;;;;De Tejagta. Dorotea, p. Navarro, 26 boooyes, 74 s&cos azúcar, x00 caballos leña.;;Dorotea;;;p.;1881_04_30;Tejagta;;
;;N/A: ;;;Pajol;pat.;;;;;De Jarnoo gta. Golondrins, patron Pajol, 200 caballos loña.;;Golondrins;;;gta.;1881_04_30;Jarnoo;;
;;N/A: ;;;Colomar;p.;;;;;De Canasi gta: Flor de Cárdenas, p. Colomar, 110 bocores misl.;;Flor de Cárdenas;;;gta:;1881_04_30;Canasi;;
;;N/A: ;;;Juan;p.;;;;;De Cabañas bdro. Rosita, p. Juan, 56 cuarterolos de - miel.;;Rosita;;;bdro.;1881_04_30;Cabañas;;
;;N/A:  | N/A:  | N/A: ;;;Garcia;pat.;;;;;De Jibacoa balandro Vinaros, patron Garcia, 55 cajas, 16 onarterolas miel, 40 s. mals,;;Vinaros;;;balandro;1881_04_30;Jibacoa;;
;;N/A:  | N/A:  | N/A: ;;;Carbonell;p.;;;;;De Matanzas gia. Elvira, p. Carbonell, 73 bosoyes, 48 e. azúcar, 20 pp. agte y efectos.;;Elvira;;;gia.;1881_04_30;Matanzas;;
;;N/A:  | N/A: ;;;Alemany;p.;;;;;De S. Morena gta. Jóven Pilar, p. Alemany, 105 bocoyes, 490 s. azúcar.;;Jóven Pilar;;;gta.;1881_04_30;S. Morena;;
;;N/A: ;;;Sto. Doiningo;p.;;;;;De Carahatas gta. Teresita, p. Sto. Doiningo, 1330 amcos aznicar.;am;Teresita;;;gta.;1881_04_30;Carahatas;;
;;N/A:  | N/A: ;;;Hernandez;p.;;;;;De Morrillo gta. Feliz, p. Hernandez, 53 bocoyes & zúcar.;;Feliz;;;gta.;1881_04_30;Morrillo;;
;;N/A: ;;;Lorenzo;p.;;;;;De Sagus gta. Madrileñis, p.· Lorenzo, 2000 sacos carbon.;;Madrileñis;;;gta.;1881_04_30;Sagus;;
;;N/A:  | N/A: ;;;Mayans;p.;;;;;De Sagna gta. 2 Gertrudis, p. Mayans, 1500 sacos carbon. · De Teja gta. America, patron Rodriguez, 680 atraveBaños.;;2 Gertrudis;;;gta.;1881_04_30;Sagna;;
;;N/A:  | N/A: ;;;Sanchez;p.;;;;;De Jaruco gta. Jaruqueña, p. Sanchez 48 cajas azúcar y efectos.;;Jaruqueña;;;gta.;1881_04_30;Jaruco;;
Día null:;;N/A: ;;;Alemañs;p.;;;;;De Canaai g. Correo de Canasi p. Alemañs: con 76 bocoves azúcar.;;Correo de Canasi;;;g.;1881_05_01;Canaai;;
;;N/A: ;;;Colomar;patron;;;;;De idem goleta Sabas patron Colomar: 94 boooyes azúcar.;;Sabas;;;goleta;1881_05_01;idem;;
;;N/A: ;;;Visquerra;p.;;;;;De Matanzas g. Amalis p. Visquerra: con 42 bocoyes azúcar.;;Amalis;;;g.;1881_05_01;Matanzas;;
Día null:;;N/A: ;;;Anseñat;p.;;;;;De Cárdenas g. Tres Terezas p. Anseñat: co 300, 110 bocoyes azúcar.;;Tres Terezas;;;g.;1881_05_01;Cárdenas;;
;;N/A:  | N/A: ;;;Juan;p.;;;;;De Malas Aguas g. Nvn Rosita p. Juan: con 3,300 ladrilloa y 100 cab los leña.;;Nvn Rosita;;;g.;1881_05_01;Malas Aguas;;
;;N/A: ;;;Coll:oon;patron;;;;;De Baracoa g. Doloritas patron Coll:oon 60 bocores azúcar.;;Doloritas;;;g.;1881_05_01;Baracoa;;
;;N/A: ;;;Zaragoza;p.;;;;;"De Sierra Morena g. Isla de Cuba p. Zaragoza; con 16 bocayea azficar";;Isla de Cuba;;;g.;1881_05_01;Sierra Morena;;
;;N/A: ;;;Mariño;p.;;;;;De la Teja g. San Francisco p. Mariño: con 180 booo508 azúcar.;;San Francisco;;;g.;1881_05_01;la Teja;;
;;N/A:  | N/A: ;;;Jofce;p.;;;;;"De la Toja g. Dos Amigos, p. Jofce; 100 bosoyes azú035.";;Dos Amigos;;;g.;1881_05_03;la Toja;;
;;N/A:  | N/A: ;;;Visquerra;p.;;;;;"De Cabañas g. Paquita, p. Visquerra; 873 a. azúcar, 103 s. café y efectos.";;Paquita;;;g.;1881_05_03;Cabañas;;
;;N/A:  | N/A:  | N/A: ;;;Maoip;p.;;;;;"De Santa Cruz g. Desempeño, p. Maoip; 47 boc. azúcar, 32 s. maiz y efectos.";;Desempeño;;;g.;1881_05_03;Santa Cruz;;
;;N/A:  | N/A:  | N/A:  | N/A: ;;;Pojol;p.;;;;;"De Cárdenas g. Joaquina, p. Pojol; 950 c. y 90 boceyes azúcar, 2 fardos carnaza, 5 bocoyes cora y efectos.";;Joaquina;;;g.;1881_05_03;Cárdenas;;
Día null:;;N/A:  | N/A:  | N/A:  | N/A: ;;;;;;;;;De Matanzas g. Dos Hermanas. D. Calafell: 120 o. y 12 boo. aztoar y efootos.;;Dos Hermanas;;;g.;1881_05_03;Matanzas;;
;;N/A:  | N/A: ;;;Enseñat;p.;;;;;"De Sierra Morena g. Union, p. Enseñat; 225 boc. azúcar y efectos.";;Union;;;g.;1881_05_03;Sierra Morena;;
;;N/A:  | N/A: ;;;Rlobo;p.;;;;;"De Carabatas g. Tres Horaianas, p. Rlobo; 600 s. y 82 boc. azúcar y efvotos.";;Tres Horaianas;;;g.;1881_05_03;Carabatas;;
;;N/A: ;;;Pinoyro;p.;;;;;"De Cárdenas g. Carmen, p. Pinoyro; 135 bocores asúcar.";;Carmen;;;g.;1881_05_03;Cárdenas;;
;;N/A: ;;;Fontrodona;p.;;;;;"De Rio de la Palma g. Nuova Providencia, p. Fontrodona; 800 a. carbon.";;Nuova Providencia;;;g.;1881_05_03;Rio de la Palma;;
;;N/A:  | N/A: ;;;Vallhonrat;p.;;;;;"De Baracoa g. Dos de Mayo, p. Vallhonrat; 20,000 cocos y 700 atravesaños.";;Dos de Mayo;;;g.;1881_05_03;Baracoa;;
;;N/A:  | N/A: ;;;Ferrer;p.;;;;;"De Bahia Honda g. Mercedita, p. Ferrer; 60 s. azúcar, 100 camiones de carreta,";;Mercedita;;;g.;1881_05_03;Bahia Honda;;
;;N/A:  | N/A:  | N/A:  | N/A: ;;;Jofre;cap.;;;;;De Cárdenas vav. Soler cap. Jofre: 100 cajas, 12 bocoyes azúcar. 12 pipas aguardiento y efectos.;;Soler;;;vav.;1881_05_04;Cárdenas;;
Día 01:;;N/A: ;;;Toro;p.;;;;;De Sag á g. Rita Fortuna p. Toro: 1,0 sacos carbon.;;Rita Fortuna;;;g.;1881_05_04;Sag;;
;;N/A:  | N/A:  | N/A: ;;;Inclan;p.;;;;;De Cabañas g. Josefa p. Inclan 80 bocoyos, 500 cajas azúcar, 12 pipas aguardiente.;;Josefa;;;g.;1881_05_04;Cabañas;;
;;N/A:  | N/A:  | N/A:  | N/A: ;;;Lopez;p.;;;;;De Cabañas g. Caballo Marino p. Lopez: 500 sacos, 186 cajas, 98 bocoyes azúcar y 6 pipas aguardiente.;;Caballo Marino;;;g.;1881_05_04;Cabañas;;
;;N/A: ;;;Bonet;patron;;;;;De Matanzas g. Igascita patron Bonet: 18 bocores asdoar.;;Igascita;;;g.;1881_05_05;Matanzas;;
;;N/A: ;;;Coll;patron;;;;;De Baracos g. Doloritas patron Coll: 78 bocoyes anticar.;;Doloritas;;;g.;1881_05_05;Baracos;;
;;;;;Juan;;;;;;De Cabanas balandro Rosita y, Juan: se onarterolas mial.;;Rosita;;;balandro;1881_05_05;Cabanas;;
;;N/A:  | N/A:  | N/A:  | N/A: ;;;Brage;p.;;;;;De Pts. Alegre g. Pepilla Alvarez p. Brage: 400 atravesaños, 200 caballos leña, 90 sacos cáscara y efectos.;;Pepilla Alvarez;;;g.;1881_05_05;Pts. Alegre;;
;;N/A:  | N/A: ;;;Rivas;p.;;;;;De Nuevitas g. Dichosa p. Rivas: 7 bultos cera y 850 caballos leña.;;Dichosa;;;g.;1881_05_05;Nuevitas;;
;;N/A: ;;;Games;patron;;;;;De Sierra Morena g. Anita patron Games: 800 sacos carbon.;;Anita;;;g.;1881_05_05;Sierra Morena;;
;;N/A: ;;;Lopez;patron;;;;;De Dominica golota Dominica patron Lopez, 60 bocoyes azúcar.;;Dominica;;;golota;1881_05_06;Dominica;;
;;N/A: ;;;Santos;patrón;;;;;De Mariel goleta Justica patron Santos, 65 bocoyos azúcar.;;Justica;;;goleta;1881_05_06;Mariel;;
;;N/A: ;;;Villalonga;p.;;;;;De Mariel g. Jóven Gertrudis p. Villalonga, 141 bocoyes azúcar.;;Jóven Gertrudis;;;g.;1881_05_06;Mariel;;
;;N/A:  | N/A: ;;;Cevas;p.;;;;;De Ortigosa g. Bohia Honda p. Cevas, 66 bocys., 450 cajas azúcar.;;Bohia Honda;;;g.;1881_05_06;Ortigosa;;
;;N/A:  | N/A: ;;;Vich;p.;;;;;De Cabañas g. Ntra. Sra. de la Caridad, p. Vich, 365 sacos, 48 cajas azúcar.;;Ntra. Sra. de la Caridad;;;g.;1881_05_06;Cabañas;;
;;N/A:  | N/A:  | N/A: ;;;Pujol;p.;;;;;De Sierra Morena g. Maria p. Pujol, 100 bocores, 230 sacos azúcar.;;Maria;;;g.;1881_05_06;Sierra Morena;;
;;N/A:  | N/A: ;;;Pellicer;p.;;;;;De Matanzas g. Emilio p. Pellicer, 77 bocoyos azúcar, 30 pipas aguardiente.;;Emilio;;;g.;1881_05_06;Matanzas;;
;;N/A:  | N/A:  | N/A:  | N/A:  | N/A: ;;;Serante;p.;;;;;De Morillo g. Británia p. Serante, 31 bocoyes azúcar, 36 cuarterolas miel, 600 tendidos majagua, 5 bocoyes miel, 10 ar. cera.;;Británia;;;g.;1881_05_06;Morillo;;
;;N/A: ;;;AlemañƑ;p.;;;;;De Canast g. Correo de Canzst-p. AlemañƑ: 76 boc yes azúcar.;;Correo de Canzst;;;g.;1881_05_07;Canast;;
;;N/A:  | N/A:  | N/A: ;;;AlemañƑ;p.;;;;;De Storra Morena g. Jóven Pilar p. AlemañƑ: 320 sacos, 100 cajas bocoyes y 15 saces carbon.;;Jóven Pilar;;;g.;1881_05_07;Storra;;
;;N/A: ;;;Hernandez;p.;;;;;De Morrillo goleta Félix p. Hernandez: 51 bocopes aznicar.;;Félix;;;goleta;1881_05_07;Morrillo;;
Día null:;;N/A: ;;;Mora;p.;;;;;De Malas Aguas g. Nva. Estrella p. Mora: 600 caballos leña.;;Nva. Estrella;;;g.;1881_05_07;Malas Aguas;;
;;N/A: ;;;Moll;p.;;;;;De Mariel gol. Jóven Magdalona, p. Moll, 144 boco508 artcar.;;Jóven Magdalona;;;gol.;1881_05_08;Mariel;;
;;N/A: ;;;Martinez;p.;;;;;"De Banos gol. Cecilia Manuela, p. Martinez; 32 boco509 azúcar.";;Cecilia Manuela;;;gol.;1881_05_08;Banos;;
;;N/A:  | N/A: ;;;Valent;p.;;;;;De Cárdenas gol. Maria del Carmen, p. Valent, 250 cajas y 130 bocoyes azúcar.;;Maria del Carmen;;;gol.;1881_05_08;Cárdenas;;
;;N/A: ;;;Macip;p.;;;;;De Santa Cruz gol, Desempeño, p. Macip, 54 bocores azúcar.;;Desempeño;;;gol;1881_05_08;Santa Cruz;;
;;N/A: ;;;Call;pat.;;;;;De Baracoa gta. Dolorita, patron Call, 72 bocores zúcar;;Dolorita;;;gta.;1881_05_10;Baracoa;;
;;N/A: ;;;Lopez;pat.;;;;;De Dominica gta. Dominica, patron Lopez, 60 boco503 azúcar.;;Dominica;;;gta.;1881_05_10;Dominica;;
;;N/A:  | N/A: ;;;Santos;p.;;;;;De Mariol gta. Justica, p. Santos, 60 pps. agto., 20 bo coye2 azúcar.;;Justica;;;gta.;1881_05_10;Mariol;;
;;N/A: ;;;Colomar;pat.;;;;;De Canasi gta. Sabas, patron Colomar, 90 bocoyes azúcar.;;Sabas;;;gta.;1881_05_10;Canasi;;
;;N/A: ;;;Esteban;patron;;;;;De 8água gta, Vicenta, patron Esteban, 900 sacos carbon;;Vicenta;;;gta;1881_05_10;8água;;
;;N/A:  | N/A:  | N/A: ;;;Carbonell;p.;;;;;De Matanzas gta. Elvira, p. Carbonell 72 c. 14 bocoyes azúcar, 38 torcios tabaco y efectos;;Elvira;;;gta.;1881_05_10;Matanzas;;
;;N/A:  | N/A: ;;;Cuevas;p.;;;;;De Cárdenas gta. Angelita, p. Cuevas, 160 c. 90 bocya azúcar, 200 8. carbon y efectos.;;Angelita;;;gta.;1881_05_10;Cárdenas;;
;;N/A: ;;;Alemañу;p.;;;;;De S. Morena gta. Matilde, p. Alemañу, 130 • bocoyes azúcar.;;Matilde;;;gta.;1881_05_10;S. Morena;;
;;N/A: ;;;Piñero;p.;;;;;De Cardonas gta. Carmen, p. Piñero, 135 bocosos azńcar.;;Carmen;;;gta.;1881_05_10;Cardonas;;
;;N/A: ;;;Escandell;p.;;;;;De Morrillos gta. Elvira, p. Escandell, 83 bocoyos azúcar. De Gibacoa golota Vinaroo, p. Llodo, 40 c. azúcar, 20 tercerolas miol, 70 s. maiz. Do Sigon vap. Cuba, cap. Coll, 9 bocoyos azúcar, 4 id;;Elvira;;;gta.;1881_05_10;Morrillos;;
;;N/A:  | N/A: ;;;Ron;cap.;;;;;De Cuba vapor Clara, capitan Ron, 12 bocoyes azúcar, 77 s. cacao y efectos.;;Clara;;;vapor;1881_05_11;Cuba;;
;;N/A:  | N/A: ;;;Gavica;cap.;;;;;De Cárdenas vapor Alava, cap. Gavica, 1600 cajas azúcar. 32 pips agdte. y efectos.;;Alava;;;vapor;1881_05_11;Cárdenas;;
;;N/A:  | N/A: ;;;Gil;p.;;;;;De Baues gts. Nuova Esperanza, p. Gil, 40 bocoƑes 8zúcar.;;Nuova Esperanza;;;gts.;1881_05_11;Baues;;
;;N/A: ;;;Martinez;pat.;;;;;De Banes gta. Cecilia Manuela, pat. Martinez, 32 bocoyes azúcar.;;Cecilia Manuela;;;gta.;1881_05_11;Banes;;
;;N/A:  | N/A: ;;;Arocha;pat.;;;;;De Cabañas gla. Conchita, patron Arocha, 600 a. y 15 bocs azúcar,;;Conchita;;;gla.;1881_05_11;Cabañas;;
;;N/A:  | N/A:  | N/A: ;;;Juan;pat.;;;;;De Cabañas gts. Esmeralda, pat. Juan, 102 c, 730 s. y 18 hocs. azúcar y efectos.;;Esmeralda;;;gts.;1881_05_11;Cabañas;;
;;N/A: ;;;Alvarez;pat.;;;;;De Playas de San Juan gta. Prieta, pat. Alvarez, 900 8. Carbon:;;Prieta;;;gta.;1881_05_11;Playas de San Juan;;
;;N/A:  | N/A: ;;;Villalonga;patron;;;;;De Carahatas gta. Teresita, patron Villalonga, 1300 8. ascar y efectes.;;Teresita;;;gta.;1881_05_11;Carahatas;;
;;N/A:  | N/A: ;;;Suarez;patrón;;;;;De Playas de San Juan g. Iguacia Aleman, patron Suarez, 709 atravesafies, 3000 tiras majagua.;;Iguacia;;;g.;1881_05_11;Playas de San Juan;;
;;N/A: ;;;Pons;pat.;;;;;De Banes golota Centinela, patron Pons, 12,000 ladrillos.;;Centinela;;;golota;1881_05_12;Banes;;
;;N/A: ;;;Colomar;p.;;;;;De Canasi g. Flor de Cárdenas, p. Colomar, 105 bocoyes azucar.;;Flor de Cárdenas;;;g.;1881_05_12;Canasi;;
;;N/A:  | N/A: ;;;Valent;p.;;;;;De Cárdenas gol. Maria del Cármen, p. Valent --200 boroyes azúcar y efectos.;;Maria del Cármen;;;gol.;1881_05_13;Cárdenas;;
;;N/A: ;;;Visquorra;patrón;;;;;De Cabañas goleta Paquita, patron Visquorra: 970 sacos azúcar.;;Paquita;;;goleta;1881_05_14;Cabañas;;
;;N/A:  | N/A:  | N/A: ;;;AlemaBy;patrón;;;;;De Siorra Morena goleta Jóven l'ilar, patron AlemaBy: 420 anos, 400 cajde y 2 estuchos azucar.;;Jóven l'ilar;;;goleta;1881_05_14;Siorra Morena;;
;;N/A: ;;;Lozano;pat.;;;;;"De Jainauitas goleta Joven Salvador, patron Lozano; 7600 ladrillos.";;Joven Salvador;;;goleta;1881_05_14;Jainauitas;;
;;N/A:  | N/A:  | N/A: ;;;Inolan;patrón;;;;;De Cabañas goleta Josefa, patron Inolan: 60 bocoyes y 100 cajas azúcar, 15 pipas aguardiente.;;Josefa;;;goleta;1881_05_15;Cabañas;;
;;N/A:  | N/A: ;;;Juan;pat.;;;;;De Cabañas balandro Rosita, pat. Juan: 56 cuarterolas - miol.;;Rosita;;;balandro;1881_05_15;Cabañas;;
Día 01:;;N/A: ;;;Pujol;pat.;;;;;De Baracoa balandro San José, pat. Pujol: 16 bocoyes azúcar.;;San José;;;balandro;1881_05_15;Baracoa;;
;;N/A: ;;;Moll;patron;;;;;De Mantua g. Lince patron Moll: 800 a. carbon:;;Lince;;;g.;1881_05_17;Mantua;;
Día XX:;;N/A: ;;;Moll;pat.;;;;;Del Mariel gol. Jóven Magdalona pat. Moll: 144 bocoyes azúcar.;;Jóven Magdalona;;;gol.;1881_05_17;Mariel;;
;;N/A: ;;;Lopoz;p.;;;;;"De la Dominica gol eta Dominica, p. Lopoz; 60 bocoyes azúcar.";;eta Dominica;;;gol;1881_05_17;Dominica;;
Día 01:;;N/A:  | N/A:  | N/A: ;;;Deulofoo;p.;;;;;De Cabañas g. Ntra. Sra. del Cármen p. Deulofoo: 80 boos., 500, azúcar, 2. pp. aguardiente.;;Ntra. Sra. del Cármen;;;g.;1881_05_17;Cabañas;;
;;N/A: ;;;Grandal;p.;;;;;De Jaimanitas balandro José Manuel p. Grandal: 7000 ladrillos.;;José Manuel;;;balandro;1881_05_17;Jaimanitas;;
;;N/A: ;;;Pujol;p.;;;;;De Sierra Morena golota Maria p.Pujol: 238 8. 100 bocoyos azúcar.;;Maria;;;golota;1881_05_17;Sierra Morena;;
;;N/A:  | N/A: ;;;Lopez;p.;;;;;De Cabañas g. Caballo Marino, p. Lopez, 900 s. azúcar 17 pipas aguardiente.;;Caballo Marino;;;g.;1881_05_17;Cabañas;;
;;N/A:  | N/A:  | N/A: ;;;Amalla;p.;;;;;De Garnacha g. Buena Ventura p. Amalla: 50 sacos lana, 5 qtls. cobro viojo y efectos.;Am;Buena Ventura;;;g.;1881_05_17;Garnacha;;
;;N/A:  | N/A:  | N/A: ;;;Daluro;p.;;;;;De Trujillo g. Estrella p. Daluro: 800 atravesaños, 160 -caballos leña y efectos.;;Estrella;;;g.;1881_05_17;Trujillo;;
Día null:;;N/A: ;;;Tiés;patrón;;;;;De Sagua goleta Carmita patron Tiés: 1250 sacos carbon.;;Carmita;;;goleta;1881_05_17;Sagua;;
;;N/A: ;;;Joy;pat.;;;;;De Sagna goleta Tres Hermanas pat. Joy: 900 sacos carbon.;;Tres Hermanas;;;goleta;1881_05_17;Sagna;;
;;N/A: ;;;Martinez;p.;;;;;De Banes gol. Cecilia Manuela, p. Martinez-32 bocoyes azúcar.;;Cecilia Manuela;;;gol.;1881_05_18;Banes;;
;;N/A: ;;;Gil-10;p.;;;;;De klem gol Nuova Esperanza, p. Gil-10 bocoyes azúcar.;;Nuova Esperanza;;;gol;1881_05_18;klem;;
;;N/A: ;;;Vich;p.;;;;;De Cabañas gol. Ntra. Sra. de la Caridad, p. Vich— 430 sacos azúcar.;;Ntra. Sra. de la Caridad;;;gol.;1881_05_18;Cabañas;;
;;N/A: ;;;Folicó;p.;;;;;De Arroyos gol. Especulacion, p. Folicó-100 sacos de carbon.;;Especulacion;;;gol.;1881_05_18;Arroyos;;
;;N/A:  | N/A: ;;;Juan-2160;p.;;;;;De Cabañas gol Esmeralda. p. Juan-2160., 163 8. y 76 bocoyes azúcar y 30 pipas agdte.;;Esmeralda;;;gol;1881_05_18;Cabañas;;
;;N/A:  | N/A: ;;;Félix-210;p.;;;;;De Mulata gol. Dolores, p. Félix-210 atravesaños y 55 fanegas maiz.;;Dolores;;;gol.;1881_05_18;Mulata;;
;;N/A: ;;;Ruiz;pat.;;;;;"De Santa Isabel g. Isabelita; pat. Ruiz, 1800 sacos de oarbon.";;Isabelita;;;g.;1881_05_19;Santa Isabel;;
;;N/A:  | N/A:  | N/A: ;;;Piñeyro;pat.;;;;;"De Arroyos g. Cármen Nombre do Dios, pat. Piñeyro, 400 varas madera; 200 caballos leña, 100 sacos carbon.";;Cármen Nombre do Dios;;;g.;1881_05_19;Arroyos;;
;;N/A:  | N/A: ;;;Santos;pat.;;;;;De Mariel gta. Justica pat. Santos, 58 bocoyes azúca r 16 pipas agnardiente.;;Justica;;;gta.;1881_05_20;Mariel;;
;;N/A: ;;;Bonet;pat.;;;;;De Matanzas gta Ignacita, pat. Bonet, 7,000 arrobas tasajo.;;Ignacita;;;gta;1881_05_20;Matanzas;;
;;N/A:  | N/A:  | N/A: ;;;Pujol;pat.;;;;;De Santa Lucia gta. Carmita pat. Pujol, 200 c. azúcar 33 pipas aguardiento y ofectos.;;Carmita;;;gta.;1881_05_20;Santa Lucia;;
;;N/A: ;;;Reca;patrón;;;;;De idem goleta Gallego patron Reca, 800 sacos carbon.;;Gallego;;;goleta;1881_05_21;idem;;
;;N/A: ;;;Bosch;pat.;;;;;De Cárdenas goleta Rosita patron Bosch, 1,87 mazos arcos.;;Rosita;;;goleta;1881_05_21;Cárdenas;;
Día null:;;N/A:  | N/A: ;;;Fortell;pat.;;;;;De idem goleta Victoria patron Fortell, 350 c.. 50 bo cores a úcer.;;Victoria;;;goleta;1881_05_21;idem;;
;;N/A: ;;;Cartell;patrón;;;;;De Cárdenas goleta Asity patron Cartell, 250 boc. yes azúcar.;;Asity;;;goleta;1881_05_21;Cárdenas;;
;;N/A: ;;;Orbay;pat.;;;;;De Tje leta Paquete de Nuevitas pat. Orbay, 800 Bacoarbon.;;Nuevitas;;;Paquete;1881_05_21;Tje;;
;;N/A: ;;;Marante;pat.;;;;;De Matiel goleta Altagracia patrou Marante. 95 bocoves azúcar.;;Altagracia;;;goleta;1881_05_21;Matiel;;
;;N/A:  | N/A: ;;;Alemany;p.;;;;;De Canasi g. Correo de Canasi p. Alemany: 56 bocoyes azúcar y 26 'do miel.;;Correo de Canasi;;;g.;1881_05_22;Canasi;;
;;N/A:  | N/A:  | N/A: ;;;García;p.;;;;;De Jibacoa g. Vinaroz p. García: 800 fanegas, 65 sacos maiz y 12 cuartorolas miol.;;Vinaroz;;;g.;1881_05_22;Jibacoa;;
;;N/A:  | N/A:  | N/A:  | N/A: ;;;Pujol;p.;;;;;De Cárdenas g. Joaquina p. Pujol: 170 cajas, 35 bocoves azúcar. 130 sacos arroz y efectos.;;Joaquina;;;g.;1881_05_22;Cárdenas;;
;;N/A:  | N/A: ;;;Cnovas;p.;;;;;De idem g. Angelita p. Cnovas: 62,000, 60 palos madoras, 6 tercios tabaco efectos.;;Angelita;;;g.;1881_05_22;idem;;
;;N/A:  | N/A:  | N/A: ;;;Horrera;p.;;;;;De Cárdenas g. Mercedita p. Horrera: 10 cajas, 51 bocoyes azúcar y efectos.;;Mercedita;;;g.;1881_05_22;Cárdenas;;
;;N/A: ;;;Royos;p.;;;;;De Panta do San Juan gta Castilla, p. Royos: 684 atravesaños.;;San Juan;;;do;1881_05_24;Panta;;
;;N/A: ;;;Vich;p.;;;;;De Cabañas gta. Ntra. Sra. de la Caridad, p. Vich, 450 avos azúcar.;;Ntra. Sra. de la Caridad;;;gta.;1881_05_24;Cabañas;;
;;N/A:  | N/A:  | N/A: ;;;Alemany;p.;;;;;De Sierra Morena gta. Jóven Pilar, p. Alemany: 12 cajas azúcar, 28 bocoyes aguardiente y efectos.;;Jóven Pilar;;;gta.;1881_05_24;Sierra Morena;;
;;N/A:  | N/A: ;;;Ensobat;p.;;;;;De idem gta. Union, p. Ensobat, 223 bocoyes azúcar, 8 pipas aguardiente.;;Union;;;gta.;1881_05_24;idem;;
;;N/A: ;;;Colomar;p.;;;;;De Sagua gt. Antonia, p. Colomar: 1200 sacos carbon.;;Antonia;;;gt.;1881_05_24;Sagua;;
;;N/A:  | N/A: ;;;Colomar;p.;;;;;De idem col. Maria Magdalona, p: Colomar: 233 sakilos harina y efectes.;;Maria Magdalona;;;col.;1881_05_24;idem;;
;;N/A:  | N/A:  | N/A: ;;;Barrera;p.;;;;;De Sorra M tena gta. 24 Ignacia, p. Barrera: 620 caballos leña, 264 sacos carbon, 160sacos azúcar.;;Ignacia;;;gta.;1881_05_24;Sorra;;
;;N/A: ;;;Fernandez;p.;;;;;"De la Teja gta. Altagracia, p. Fernandez; 1000 sacos carbon.";;Altagracia;;;gta.;1881_05_24;Teja;;
;;N/A: ;;;Otero;pat.;;;;;De Sagua gta. Rosita, patron Otero: 930 sacos carbon.;;Rosita;;;gta.;1881_05_24;Sagua;;
;;N/A: ;;;Bonojan;p.;;;;;De idem gta. Margarita, p. Bonojan: 1803 saccs carbon.;;Margarita;;;gta.;1881_05_24;idem;;
Día :;;N/A:  | N/A: ;;;Zaragoza;p.;;;;;De Cárdenas gta. Flor de Sagua, p. Zaragoza: 100 bariilos harina y efectos.;;Flor de Sagua;;;gta.;1881_05_24;Cárdenas;;
;;N/A:  | N/A: ;;;Sanchez;p.;;;;;De Jarnco gta. Jaruqueña, p. Sanchez: 107 cajas azúcar y efectos.;;Jaruqueña;;;gta.;1881_05_24;Jarnco;;
;;N/A: ;;;Serra;p.;;;;;De la Teja gta. Isabel II, p. Serra: 800 sacos carbon.;;Isabel II;;;gta.;1881_05_24;Teja;;
Día 01:;;N/A:  | N/A:  | N/A: ;;;Paula;p.;;;;;De Sierra Morena gta. Sofia, p. Paula: 10 bocoses y 42 cajas azúcar.;;Sofia;;;gta.;1881_05_24;Sierra Morena;;
;;N/A: ;;;Fernandez-1000;p.;;;;;De la Teja g. Altagracia, p. Fernandez-1000 s. car. bon.;;Altagracia;;;g.;1881_05_25;Teja;;
;;N/A: ;;;Navarro;p.;;;;;De id. g. Dorotea, p. Navarro-5:0 atravesaños, 2 c. azúcar.;;Dorotea;;;p.;1881_05_25;id. g.;;
Día 01:;;N/A:  | N/A: ;;;Lopez;p.;;;;;De Dominica g. Dominica, p. Lopez-50 bocoros ásúcar:;;Dominica;;;g.;1881_05_25;Dominica;;
;;N/A: ;;;Pajós-1200;p.;;;;;De Sagua g. Segunda Ross, p. Pajós-1200 8. carbon.;;Segunda;;;g.;1881_05_25;Sagua;;
;;N/A: ;;;;;;;;;De id. g. Manuela, p. Mantell-800 8. carbon,;;Manuela;;;p.;1881_05_25;id. g.;;
;;N/A: ;;;Garriga-700;p.;;;;;De id. g. Segunda Luz de Yara, p. Garriga-700 8. carbon.;;Segunda Luz;;;g.;1881_05_25;Yara;;
;;N/A:  | N/A: ;;;Lopez;p.;;;;;De Cabañas g. Caballo Marino, p. Lopez-1000 s. azúcar, 6 pipas aguardiente.;;Caballo Marino;;;g.;1881_05_25;Cabañas;;
;;N/A:  | N/A: ;;;;;;;;;De Ortigosag Babia Honda, p. Covas-175 cajas y 70 boo. azúcar.;;Babia Honda;;;p.;1881_05_25;Ortigosag;;
;;N/A:  | N/A:  | N/A: ;;;Jofre;oap.;;;;;De Cárdenas vapor Soler, oap. Jofre-30 bocojes y 260 o. azúcar y efectos.;;Soler;;;vapor;1881_05_25;Cárdenas;;
;;N/A:  | N/A:  | N/A: ;;;Ron;cap.;;;;;De Cuba vapor Clara, cap. Ron-355 piezas de ferrocarril portátil, 70 a. cacao, 20 serones ajos y efectos.;;Clara;;;vapor;1881_05_25;Cuba;;
;;N/A: ;;;Gil;p.;;;;;De Baracoa gol. Bonifacia, p. Gil: 72 bocores azúcar.;;Bonifacia;;;gol.;1881_05_26;Baracoa;;
;;N/A:  | N/A:  | N/A:  | N/A: ;;;Masip;p.;;;;;De Santa Cruz gol. Desompeño, p. Masip: 30 bocoyes aznear 90 fanegas,1100 sacos maiz y ofectos.;;Desompeño;;;gol.;1881_05_26;Santa Cruz;;
;;N/A:  | N/A:  | N/A:  | N/A: ;;;Gavique;cap.;;;;;De Calbarien vap. Alava, cap. Gavique: 1450 cajas azúcar, 50 pipas aguardiente. 63 tercios tabaco y efectos,;;Alava;;;vap.;1881_05_26;Calbarien;;
;;N/A:  | N/A: ;;;Morante;p.;;;;;De Mariel gta. Altagracla p. Morante. 64 bocoyes a zúcar, 54 pipas aguardiente.;;Altagracla;;;gta.;1881_05_28;Mariel;;
;;N/A: ;;;Juan;pat.;;;;;De Cabañas balandro Rosita patron Juan, 58 cuartorolas miel.;;Rosita;;;balandro;1881_05_28;Cabañas;;
;;N/A: ;;;Inolan;p.;;;;;De Cabañas gta. Josefa p. Inolan, 190 o. 82 booo565 &zoar, 16 pipas aguardiente;;Josefa;;;gta.;1881_05_28;Cabañas;;
;;N/A:  | N/A: ;;;Visquerra;p.;;;;;De Cabafins gta. Pequita p. Visquerra, 48 sacos y 8 bocopes azúcar.;;Pequita;;;gta.;1881_05_29;Cabafins;;
;;N/A: ;;;Garcia;pat.;;;;;De Gibara goleta Vinaros pat. Garcia, 100 cafas azúcar.;;Vinaros;;;goleta;1881_05_29;Gibara;;
;;N/A: ;;;Pujol;pat.;;;;;De Baracoa gla. San Josó pat. Pujol, 17 bocoyes azúcar.;;San Josó;;;gla.;1881_05_29;Baracoa;;
;;N/A: ;;;Alemañy;p.;;;;;De Canasi g. Correo de Canasi, p. Alemañy, 78 bocoyes azúcar.;;Correo de Canasi;;;g.;1881_05_31;Canasi;;
;;N/A: ;;;Jofre;patron;;;;;De Teja g Dos Amigos, patron Jofre, 100 bocores azúcar.;;Dos Amigos;;;g;1881_05_31;Teja;;
;;N/A: ;;;Colomar;p.;;;;;De Canasi g. Flor de Cárdenas, p. Colomar, 100 bocoyea miel.;;Flor de Cárdenas;;;g.;1881_05_31;Canasi;;
;;N/A:  | N/A:  | N/A: ;;;Ensofiat;p.;;;;;De S. Morena g. Union, p. Ensofiat, 221 `byes, azúcar, 10 s. catbon.;;Union;;;g.;1881_05_31;S. Morena;;
;;N/A: ;;;Tortell;p.;;;;;De Cárdenas g. Victoria p. Tortell, 150 c. 100 bocoyer azúcar.;;Victoria;;;g.;1881_05_31;Cárdenas;;
;;N/A:  | N/A: ;;;Eanet;p.;;;;;De Matanzas g. Ignacita, p. Eanet, 12 byes. azúcar, ģ PP aguardiente.;;Ignacita;;;g.;1881_05_31;Matanzas;;
;;N/A:  | N/A:  | N/A: ;;;Prieto;p.;;;;;De Sagua g. Paquets de Sagus, p. Prieto, 450 s. carbott 310 atravesaños y efectos.;;Paquets de Sagus;;;g.;1881_05_31;Sagua;;
;;N/A:  | N/A: ;;;Riobó;p.;;;;;De Carahatas g. Tres Hermanas, p. Riobó 100 boooyes, 600 s. azúcar y efectos.;;Tres Hermanas;;;g.;1881_05_31;Carahatas;;
;;N/A:  | N/A: ;;;Alemany;p.;;;;;De S. Morena g. Matilde, p. Alemany, 400 s. carbon, 70 bocopes nzdcar y efecto.;;Matilde;;;g.;1881_05_31;S. Morena;;
;;N/A: ;;;Piñeyro;p.;;;;;De Cardenasg. Carmen, p. Piñeyro, 135 bocores azncar.;;Carmen;;;g.;1881_05_31;Cardenasg;;
;;N/A:  | N/A: ;;;Inclan;pat.;;;;;De Cabañas g. Josofa pat. Inclan: 420 8. 82 boca. azúcar, 12 pipas aguardiente.;;Josofa;;;g.;1881_06_01;Cabañas;;
;;N/A:  | N/A: ;;;Forrer;p.;;;;;De Bahls Honda g. Mercedita p. Forrer: 470 s. azúcar, 20 pipas aguardiente,;;Mercedita;;;g.;1881_06_01;Bahls Honda;;
Día 01:;;N/A: ;;;Acuña;pat.;;;;;De Sagua gol. Naovo Popo, pat. Acuña: 2.000 sacos carbon.;;Naovo Popo;;;gol.;1881_06_01;Sagua;;
Día XX:;;N/A: ;;;Villalonga;pat.;;;;;De Sierra Morena gol. Teresita pat. Villalonga: 400· 8. carbon.;;Teresita;;;gol.;1881_06_01;Sierra Morena;;
Día 01:;;N/A: ;;;Vich;pat.;;;;;De Cabañas gol. N. Sra. de la Caridad, pat. Vich: 450° 8. 59 c. azdcar.;;N. Sra. de la Caridad;;;gol.;1881_06_01;Cabañas;;
;;N/A: ;;;Juan;pat.;;;;;De Cabañas balandro Rosita pat. Juan: 56 courterolas mial.;;Rosita;;;balandro;1881_06_01;Cabañas;;
;;N/A: ;;;Pinoy;patrón;;;;;De Sierra Morena goleta Aguila de Oro, patron Pinoy ra: 1500 varas madoras.;;Aguila de Oro;;;goleta;1881_06_02;Sierra Morena;;
;;N/A:  | N/A:  | N/A: ;;;Brage;patrón;;;;;De Panta Alegre goleta Popilla Alvarez, patron Brage: 600 atravesaños, 1 oaja y 1 bulto cers.;;Popilla;;;goleta;1881_06_02;Panta Alegre;;
;;N/A:  | N/A:  | N/A: ;;;Tarifa;patron;;;;;De idem golota Aguodita, patron Tarifa: 110 palos la brados, 300 caballos leña, 1 tercerola miel do abeja.;;Aguodita;;;golota;1881_06_02;idem;;
;;N/A: ;;;Lopez;patrón;;;;;De Dominica g. Dominica, patron Lopez, 60 byes. znear;;Dominica;;;g.;1881_06_03;Dominica;;
;;N/A: ;;;Esteban;p.;;;;;De Sagua goleta Viceuta, p Esteban, 900 sacos car. bog.;;Viceuta;;;goleta;1881_06_03;Sagua;;
;;N/A: ;;;Hornandez;p.;;;;;De Morrillo goleta Feli, p. Hornandez, 33 bocnyes miel.;;Feli;;;goleta;1881_06_03;Morrillo;;
;;N/A:  | N/A:  | N/A: ;;;Juan;p.;;;;;De Malas Aguas g. Nuova Rosita, p. Juan, 3150 ladri Hos, 30 caballos leña.;;Nuova Rosita;;;g.;1881_06_03;Malas Aguas;;
;;N/A:  | N/A: ;;;Villalonga;p.;;;;;De Mariel g. Joven Gertrudis, p. Villalonga, 120 bocoyos azúcar, 30 pp. aguardiente.;;Joven Gertrudis;;;g.;1881_06_04;Mariel;;
;;N/A:  | N/A:  | N/A: ;;;Inclan;p.;;;;;De Cabañas g. Josefa, p.Inclan, 950 s. asticar, pipas agte. 1iesa do caoba..;;Josefa;;;g.;1881_06_04;Cabañas;;
;;N/A:  | N/A:  | N/A: ;;;Madip;p.;;;;;De Sta Cruz g. Desempeño, p. Madip, 22 byes azúcar 30 pipas agte. 40 fanogas pais.;;Desempeño;;;g.;1881_06_04;Sta Cruz;;
;;N/A:  | N/A:  | N/A: ;;;Torres;p.;;;;;De Mariel g. Isabelle, p. Torres, 68 terclas tabaco, 300 caballos leña, 100 atravesafios.;;Isabelle;;;g.;1881_06_04;Mariel;;
;;N/A: ;;;Morante;p.;;;;;De Mariel g. Altagracia, p. Morante, 60 boooyes asúcar.;;Altagracia;;;g.;1881_06_04;Mariel;;
;;N/A:  | N/A: ;;;Llorrent;p.;;;;;De Dimas g. Angelita p. Llorrent, 300 vs. madera, 25. caballes lekay.;;Angelita;;;g.;1881_06_04;Dimas;;
;;N/A: ;;;Arochá;p.;;;;;De Cabanne g. Conchita, »p. . Arochá, #60's. asdom, 18 borea. id., 10.quarterolas miel.;;Conchita;;;g.;1881_06_04;Cabanne;;
;;N/A: ;;;Gorrin;patrón;;;;;De Bahia Honda goleta Feancisca, patron Gorrin: 187 boroyes azúcar.;;Feancisca;;;goleta;1881_06_05;Bahia Honda;;
;;N/A: ;;;Pujol;pat.;;;;;De Mantua goleta Nuevo Hilario, patron Pujol: 200 sacos carbon.;;Nuevo Hilario;;;goleta;1881_06_05;Mantua;;
;;N/A:  | N/A:  | N/A: ;;;Deulofeu;p.;;;;;De Cabañas g. Ntra. Sra. del Carmen, p. Deulofeu: 106 cajas, 53 bocoyes azúcar y 11 pipas aguardiente.;;Ntra. Sra. del Carmen;;;g.;1881_06_07;Cabañas;;
;;N/A:  | N/A: ;;;Colomar;p.;;;;;De Canasi g. Flor de do  Cárdenas, p. Colomar, 319 c., 12 boo. azúcar, 2 c. turron.;;Flor de do;;;g.;1881_06_07;Canasi;;
;;N/A:  | N/A:  | N/A: ;;;Pujol;p.;;;;;De Sierra Morena g. Maria, p. Pujol, 122 boc., 42 a., 8 c. azúcar.;;Maria;;;g.;1881_06_07;Sierra Morena;;
;;N/A:  | N/A: ;;;Alemañy;p.;;;;;De Canasi g. Correo de Canasi, p. Alemañy, 23 boo. miel, 63 boc. azúcar y efectos.;;Correo de Canasi;;;g.;1881_06_07;Canasi;;
;;N/A:  | N/A: ;;;Visquerra;p.;;;;;De Cabañas g. Paquita, p. Visquerra, 663 8., 43 boc. azúcar y efectos.;;Paquita;;;g.;1881_06_07;Cabañas;;
;;N/A:  | N/A: ;;;Herrera;p.;;;;;De Cardenas g. Mercedita, p. Herrera, 100 c. 80 bocoyes aznicar, 3,000 piós tablillas y efectos.;;Mercedita;;;g.;1881_06_07;Cardenas;;
;;N/A:  | N/A: ;;;Planas;p.;;;;;De la Mulata g. María, p. Planas, 70 fanegas maiz, 500 caballos lena.;;María;;;g.;1881_06_07;Mulata;;
;;N/A:  | N/A: ;;;Fernandez;p.;;;;;De Morgajitas g. Nuova Concha. p. Fernandez, 450 polines, 100 yaras inajagua.;;Nuova Concha;;;g.;1881_06_07;Morgajitas;;
;;N/A: ;;;Lozano;p.;;;;;De Jamanitas, g. Joven Salvador, p. Lozano, 7,000 la. drillos.;;Joven Salvador;;;g.;1881_06_07;Jamanitas;;
;;N/A: ;;;Zaragoza;p.;;;;;De Cárdenas g. Isla do Cuba, p. Zaragoza, 180 boc. azúcar.;;Isla do Cuba;;;g.;1881_06_07;Cárdenas;;
;;N/A:  | N/A:  | N/A:  | N/A: ;;;Gavica;p.;;;;;De Caibarion vapor Alava, p. Gavica, 551 tercios tobaco, 10 estaches azúcar, 100 pipas aguardierte, 0. àzúcar y efectos.;;Alava;;;vapor;1881_06_07;Caibarion;;
;;N/A:  | N/A:  | N/A: ;;;Juan;p.;;;;;De Cabañas gol. Esmeralda, p. Juan, 52 tercios tabaco. 1:0 bocores ▼ 150 cajas astoar.;;Esmeralda;;;gol.;1881_06_08;Cabañas;;
;;N/A: ;;;Lopez;p.;;;;;De idem gol. Caballo Marino, p. Lopez, 580 cajas ardcar.;;Caballo Marino;;;gol.;1881_06_08;idem;;
;;N/A:  | N/A:  | N/A:  | N/A: ;;;Serante;p.;;;;;De Morri lo g. Britannia, p. Serante,, 35 bocoyes azdoa, 31 onarterolas miel, t60 tendidos majagua y efeotos.;;Britannia;;;g.;1881_06_08;Morri;;
;;N/A: ;;;Garcia;patron;;;;;De la Teja g. Leonarda patron Garcia: 800 sacos carbou:;;Leonarda;;;g.;1881_06_10;la Teja;;
;;N/A:  | N/A:  | N/A: ;;;;;;;;;De Jaruco goleta (olondrina p. Pujol: 100 sacos mais 20 secos y 1 čaja hzúcar.;;;;;goleta;1881_06_10;Jaruco;;
Día null:;;N/A: ;;;Alang;p.;;;;;De Canasi g. Corrço do Cansal p. Alang: 76 bordyes azúcar.;;Corrço do Cansal;;;g.;1881_06_10;Canasi;;
;;N/A:  | N/A: ;;;Imper;p.;;;;;De Sierra Morena g. Carlota p. Imper: to palos madera dura y efectos.;;Carlota;;;g.;1881_06_10;Sierra Morena;;
;;N/A: ;;;Mateu;pat.;;;;;De la Toja goleta Catalina patron Mateu: 1000 sacos carbor.;;Catalina;;;goleta;1881_06_10;Toja;;
;;N/A:  | N/A:  | N/A:  | N/A: ;;;Gispert;pat.;;;;;De la Teja goleta Jóvon Carlota, pat. Gispert: 600 atravesafios, 200 varas madora, 3 cajas, 3 estuchos azúcar.;;Jóvon Carlota;;;goleta;1881_06_11;la Teja;;
Día :;;N/A:  | N/A: ;;;Juan;pat.;;;;;De Cabañas balandro Rosita, pat. Juan: 50 cuarterolas miel do purga.;;Rosita;;;balandro;1881_06_11;Cabañas;;
;;N/A:  | N/A:  | N/A:  | N/A:  | N/A: ;;;Grandal;pat.;;;;;De Caibarien gol. Cella, pat. Grandal: con 32 bulos cora, un bocoy, 8 cajas, tercerolas azúcar y efectos.;;Cella;;;gol.;1881_06_12;Caibarien;;
;;N/A:  | N/A: ;;;Visquerra;pat.;;;;;De Matauzas gol. Amalia, pat. Visquerra: con 1,000 ar. tasajo y efectos.;;Amalia;;;gol.;1881_06_12;Matauzas;;
;;N/A:  | N/A:  | N/A:  | N/A: ;;;Barcoló;pat.;;;;;Da idem gol. Desempeño, pat. Barcoló: con '65 tercios tabacos, 20 pipas aguardiente, 100 sacos maiz y efectos.;;Desempeño;;;gol.;1881_06_12;idem;;
;;N/A:  | N/A:  | N/A: ;;;Simó;pat.;;;;;De Sagua gol. Jóven Vicenta, pat. Simó: con 750 atravesanos, 283 tendidos majagua y efectos.;;Jóven Vicenta;;;gol.;1881_06_12;Sagua;;
;;N/A: ;;;Valent;pat.;;;;;Ds Matanzas gol. Maria del Carmen, pat. Valent: con 14 bocoyes azúcar.;;Maria del Carmen;;;gol.;1881_06_12;Matanzas;;
;;N/A:  | N/A:  | N/A:  | N/A: ;;;Rivas;pat.;;;;;De Nuevitas gol. Dichona, pat. Rivas: con 300 atravesaños, 200 caballos leña, 40 trosos madera y efectos.;;Dichona;;;gol.;1881_06_14;Nuevitas;;
;;N/A: ;;;Gil;pat.;;;;;De Banes gol. Nueva Esperanza, pat. Gil: con 41 bocoves szúcar.;;Nueva Esperanza;;;gol.;1881_06_14;Banes;;
Día 01:;;N/A: ;;;Calafell;pat.;;;;;De Matanzas gol. Dos Hermanas, pat. Calafell: con 4,000 ar. tasajo;;Dos Hermanas;;;gol.;1881_06_14;Matanzas;;
;;N/A:  | N/A: ;;;Bonet;pat.;;;;;De idem gol. Ignacita, pat. Bonet: con 16 serones tasajo y efectos.;;Ignacita;;;gol.;1881_06_14;idem;;
;;N/A:  | N/A:  | N/A: ;;;Jofre;cap.;;;;;De Cárdenas vap. Soler, cap. Jofre: con 133 cajas azúcar, 13 fardos suela y efectos.;;Soler;;;vap.;1881_06_14;Cárdenas;;
Día null:;;N/A:  | N/A: ;;;Vaca;cap.;;;;;De Cuba vapor esp. Alloante, cap. Vaca: con 40 barriLes soeite coco efectos.;esp.;Alloante;;;vapor;1881_06_14;Cuba;;
;;N/A: ;;;Juan;pat.;;;;;De abantoldro. Rosita, pat. Juan: con 56 cuarterolas mid;;Rosita;;;;1881_06_14;abantoldro;;
;;N/A: ;;;Enseñat;pat.;;;;;De San Cayetano gol. Tres Teresas, pat. Enseñat: con 130 piezas madera de pino.;;Tres Teresas;;;gol.;1881_06_14;San Cayetano;;
;;N/A:  | N/A: ;;;Covas;pat.;;;;;De Ortigosa, gol. Bahia Honda, pat. Covas: con 517 cajas y 46 bocoyes azúcar.;;Bahia Honda;;;gol.;1881_06_14;Ortigosa;;
Día null:;;N/A: ;;;Mariño;pat.;;;;;De Tela gol. San Francisco, pat. Mariño: con 800 sacos carbon.;;San Francisco;;;gol.;1881_06_14;Tela;;
;;N/A: ;;;Fernandez;pat.;;;;;De idem gol. Altagracia, pat. Fernandez: con 1,000 cos carbon.;;Altagracia;;;gol.;1881_06_14;idem;;
;;N/A: ;;;Juad;pat.;;;;;De Sierra Morena bldo. Rosita, pat. Juad: con 56 cuarborolas miel. Da Cárdenas gol. Carmen, pat. Piñeyro: con 135 boco768 azúcar. De Cabañas gol. Paquita, pat. Visquerra: con 64 bosoyes, 311 cajas y 9 sacos azúcar.;;Rosita;;;bldo.;1881_06_14;Sierra Morena;;
;;N/A:  | N/A: ;;;Villalonga;p.;;;;;De Mariel g. Jóven Gertrudis, p. Villalonga-132 bocoyes azúcar, 12 pipas aguardiente.;;Jóven Gertrudis;;;g.;1881_06_15;Mariel;;
;;N/A:  | N/A: ;;;Durant;p.;;;;;De Malata g. Mercedita, p. Durant–170 fanegas mais y 200 troses madera.;;Mercedita;;;g.;1881_06_15;Malata;;
;;N/A: ;;;Jorain;p.;;;;;De Bahia Honda g. Francisca, p. Jorain-117 bocoyes astcar.;;Francisca;;;g.;1881_06_15;Bahia Honda;;
;;N/A:  | N/A: ;;;Deulofeu-87;p.;;;;;De Cabañas g. Ntra. Sra. del Carmon, p. Deulofeu-87 boyes, 32 cajas y 9 pipas aguardiente.;;Ntra. Sra. del Carmon;;;g.;1881_06_15;Cabañas;;
;;N/A:  | N/A: ;;;Garcia;p.;;;;;De Jibacoa g. Vinarós, p. Garcia-80 fanegas mais y 80 ancos id.;;Vinarós;;;g.;1881_06_15;Jibacoa;;
;;N/A:  | N/A:  | N/A: ;;;Arocha-520;p.;;;;;De Cabañas g. Conchita, p. Arocha-520 s. 5 boo050 astcar  y  97 euarterolas miel.;;Conchita;;;g.;1881_06_15;Cabañas;;
;;N/A: ;;;Morante-94;p.;;;;;De Mariel g. Altagracia, p. Morante-94 boca. asdoar y 9 quintales cobre viejo.;;Altagracia;;;g.;1881_06_15;Mariel;;
;;N/A: ;;;Moner;patrón;;;;;De la Teja goleta Sofia, patron Moner: 1000 sacos carbon.;;Sofia;;;goleta;1881_06_16;la Teja;;
;;N/A: ;;;Martinez;pat.;;;;;De Banes goleta Ceci la Manuela, patron Martinez: 32 bocoses azúcar.;;Ceci la Manuela;;;goleta;1881_06_16;Banes;;
;;N/A: ;;;Calzada;pat.;;;;;De Sagua goleta Júcaro, patron Calzada: 800 sacos carbon.;;Júcaro;;;goleta;1881_06_16;Sagua;;
;;N/A: ;;;Pagós;pat.;;;;;De idem goleta 2 Rosa, patron Pagós: 1303 sacos carbon;;2 Rosa;;;goleta;1881_06_16;idem;;
Día null:;;N/A:  | N/A: ;;;Zaragoza;patrón;;;;;De Cárdenas goleta Flor do Sagua, patron Zaragoza: 4000 rroba tasajo, 170 cajas azúcar.;;Flor do Sagua;;;goleta;1881_06_16;Cárdenas;;
;;N/A:  | N/A: ;;;Co;cap.;;;;;De Sagua vap, Cubs, cap. Co : 476 tercios tabaco, 38 bultes muebles y efectos.;;Cubs;;;vap;1881_06_16;Sagua;;
Día null:;;N/A:  | N/A:  | N/A: ;;;Gavica;cap.;;;;;De Cibarten vap, A ava cap. Gavica, 235 tercios tabaco. 20 pipas aguarlfento y efectos.;;A;;;vap;1881_06_16;Cibarten;;
;;N/A: ;;;Moll-144;p.;;;;;De Marlel g. Jóven Magdalena, p. Moll-144 bocoyes azúcar.;;Jóven Magdalena;;;g.;1881_06_18;Marlel;;
;;N/A:  | N/A:  | N/A:  | N/A:  | N/A: ;;;Oliver;p.;;;;;De Pto-Padro gol. Amistad, p. Oliver,-700 atravess fios, 200 varas maderas, 150 quintales cáscara, 10000 tiran majagua, 100 cabalos leña.;;Amistad;;;gol.;1881_06_18;Pto-Padro;;
;;N/A:  | N/A:  | N/A: ;;;Pellicer;p.;;;;;De Matanzas g. Imilio, p. Pellicer-4500 arrobas y 55 serones tasajo, 49 bles. harina y efectos.;;Imilio;;;g.;1881_06_18;Matanzas;;
;;N/A: ;;;Vich-460;p.;;;;;De Cabañas g. Ntra. Sra. de la Caridad, p. Vich-460 88008 azúcar.;;Ntra. Sra. de la Caridad;;;g.;1881_06_18;Cabañas;;
;;;;;;p;;;;;De Paras de San Juang. Enriquota, p;;Enriquota;;;;1881_06_18;Paras de San Juang;;
;;N/A:  | N/A: ;;;Sanchez;p.;;;;;De Jaruco g. Jaruqueña, p. Sanchez-200 fanegas de maiz y efectos.;;Jaruqueña;;;g.;1881_06_18;Jaruco;;
;;N/A:  | N/A: ;;;Lopez;p.;;;;;De Cabañas g. Caballo Marine, p. Lopez-520 o. azúcar y 20 pipas aguardiente.;;Caballo Marine;;;g.;1881_06_18;Cabañas;;
;;N/A:  | N/A: ;;;Navarro;pat.;;;;;De Teja gol. Dorotea, pat. Navarro: oon 158 atravesaDos y 900 caballos leña.;;Dorotea;;;gol.;1881_06_21;Teja;;
;;N/A:  | N/A:  | N/A:  | N/A: ;;;Inclan;pat.;;;;;Databañas gol. Josefa, pat. Inclan: con 14 becoyes, 300 sacos, 70 cajas azúcar y 20 pipas aguardiente.;;Josefa;;;gol.;1881_06_21;Databañas;;
;;N/A:  | N/A:  | N/A:  | N/A: ;;;Bernaza;pat.;;;;;De Nuevilas gol. Dolores, pat. Bernaza: con 850 atraTesaños, 300 caballos leña, 60 palos sabica y efectos.;;Dolores;;;gol.;1881_06_21;Nuevilas;;
;;N/A: ;;;Alemany;patron;;;;;"De Matanzas gol, Maris, patron Alemany; con 12,000 arrobas tasajo.";;Maris;;;gol;1881_06_21;Matanzas;;
Día null:;;N/A:  | N/A:  | N/A:  | N/A: ;;;Enseñat;pat.;;;;;De Sierro Morena gol. Union, pat. Enseñat: com. 229 cajas, 33 boooyes, 80 sacos azúcar y efectos.;;Union;;;gol.;1881_06_21;Sierro;;
;;N/A: ;;;Colomar;pat.;;;;;De Sagua gol 2 Isabel, pat. Colomar: con 1,900 sačos carbon.;;2 Isabel;;;gol;1881_06_21;Sagua;;
;;N/A:  | N/A:  | N/A: ;;;Herrera;pat.;;;;;De Cárdenas gol. Mercedits, pat. Herrera: con 300 cajas, 30 booeyes arnicar y efectos.;;Mercedits;;;gol.;1881_06_21;Cárdenas;;
Día XX:;;N/A: ;;;Ventura;pat.;;;;;De Bagna gol. Panchita, pat. Ventura: com 800 mes Carbon.;;Panchita;;;gol.;1881_06_21;Bagna;;
;;N/A: ;;;Joy;pat.;;;;;De Blerra Morena gol. Tres Hermanas, pat. Joy:” com 79 Kiesas maderas.;;Tres Hermanas;;;gol.;1881_06_21;Blerra;;
;;N/A: ;;;Fourodona;pat.;;;;;De Teja gel. Nueva Providencia, pat, Fourodona: com 600 saces carbon.;;Nueva Providencia;;;gel.;1881_06_21;Teja;;
;;N/A:  | N/A:  | N/A: ;;;Jefrs;cop.;;;;;"De Cárdenas vapor Soler, cop. Jefrs; com 30 nejen Ardper, pipes aguardiente y sens";;Soler;;;vapor;1881_06_21;Cárdenas;;
;;N/A: ;;;Simó;pat.;;;;;"De Sagua gol Segunda Isabel, pat; Simó; 1,500 81008 .carbon.";;Segunda Isabel;;;gol.;1881_06_22;Sagua;;
Día 30:;;N/A:  | N/A: ;;;Suno;pat.;;;;;De Sierra Morena g. Habanera pat. Suno: 30 pipra aguardiente, 706 n. carbon,;;Habanera;;;g.;1881_06_22;Sierra Morena;;
Día XX:;;N/A:  | N/A: ;;;Visquerra;pat.;;;;;De Cabañas gol. Paquita pat. Visquerra: 257 c. arncar, 60 pipas aguardiente.;;Paquita;;;gol.;1881_06_22;Cabañas;;
Día XX:;;N/A:  | N/A:  | N/A: ;;;Zaragoza;p.;;;;;De Cardenas g, Isla de Caba, p. Zaragoza: 1'' eatuches azdar, 12 bles, sevo.;;Isla de Caba;;;g;1881_06_22;Cardenas;;
;;N/A:  | N/A: ;;;Deulofeo;p.;;;;;De Cabanas. Nera. Bra. del Carmen, p. Deulofeo, con astoar y aguardiente.;;del Carmen;;;Bra.;1881_06_22;Cabanas;;
;;N/A:  | N/A:  | N/A: ;;;Pujol;p.;;;;;De Banta Lucia g. Carmita p. Pujol: 1130.asticar, 47 pipas aguardiente, 18 plozas maderas.;;Carmita;;;g.;1881_06_22;Banta Lucia;;
;;N/A: ;;;;;;;;;De 8. Morena g. Enriqueta Josefa Pelliréles: 800 sacos carbon.;;Enriqueta Josefa Pelliréles;;;g.;1881_06_22;8.;;
;;N/A: ;;;Portell;pet.;;;;;De Santa Maria galete Neptuno, pet, Portell: 800 -;;Neptuno;;;galete;1881_06_22;Santa Maria;;
;;N/A:  | N/A:  | N/A:  | N/A: ;;;Ron;cap.;;;;;"De Calia vapor Clara, cap. Ron; con 155 sacos cacao, 13 serenes guano, 2b cores cora y ofectos.";;Clara;;;vapor;1881_06_23;Calia;;
;;N/A:  | N/A: ;;;Felicó;pat.;;;;;"Do Mantus gol. Expeculacion, pat. Felicó; con 6:00 sacos carbon y 9 tercina tabaco.";;Expeculacion;;;gol.;1881_06_23;Mantus;;
;;N/A: ;;;Alvarez;pat.;;;;;"De Playas do San Juan gol. Priota, pat. Alvarez; con 200 sacos carbon.";;Priota;;;gol.;1881_06_23;Playas;;
;;N/A: ;;;Jofre;pat.;;;;;". Dos Amigos, pat. Jofre; con 100 boooyea aзúcar y efectos.";;Dos Amigos;;;;1881_06_23;;;
;;N/A: ;;;Ilusac;pat.;;;;;"De Dimas gol. Amable Resita, pat: Ilusac; con 800 sacos carbon.";;Amable Resita;;;gol.;1881_06_23;Dimas;;
;;N/A: ;;;Saluń;pat.;;;;;"De Sagna gol. Agustina, pat. Saluń; con 1,000 sacos carbon.";;Agustina;;;gol.;1881_06_23;Sagna;;
;;N/A: ;;;Moll;patrón;;;;;De Cana goleta Lince, patron Moll: con 800 sacos carbon.;;Lince;;;goleta;1881_06_23;Cana;;
;;N/A: ;;;Segui;pat.;;;;;"De Bajas goleta Margarito, pat. Segui; con 800 ascos carbon.";;Margarito;;;goleta;1881_06_23;Bajas;;
;;N/A:  | N/A: ;;;Gorrin;pa.;;;;;Da Bahia Honda gol. Francisca, pa. Gorrin: con 97 bocoyes azúcar y 13 pipas aguardiente.;;Francisca;;;gol.;1881_06_23;Bahia Honda;;
Día 01:;;N/A:  | N/A: ;;;Santo Domingo;pat.;;;;;De Matanzas gol. Teresita, pat Santo Domingo: con 80 becoyes azúcar y 1:0 boooyes vacíos.;;Teresita;;;gol.;1881_06_23;Matanzas;;
Día XX:;;N/A:  | N/A:  | N/A: ;;;Lopoz;patrón;;;;;De Dominica goleta Dominica, patron Lopoz: 47 bocoJea azúcar. 100 quintales hierro y efectos.;Dominica;;;;goleta;1881_06_24;Dominica;;
;;N/A:  | N/A: ;;;Covas;pat.;;;;;De Ortigosa golota Bahia Honda, pat. Covas: 643 cajas azúcar, 18 pipas aguardiente.;;Bahia Honda;;;golota;1881_06_24;Ortigosa;;
;;N/A: ;;;Enrich;pat.;;;;;De Berracos goleta Irenita, patron Enrich: 101 pieza pino.;;Irenita;;;goleta;1881_06_24;Berracos;;
Día null:;;N/A: ;;;Juan;pat.;;;;;De Cabañas bdro. Rosita, pat. Juan: 50 cuarterolas miel.;;Rosita;;;bdro.;1881_06_24;Cabañas;;
;;N/A: ;;;Vich;pat.;;;;;De Cabañas gelota Ntra. Sra de la Caridad, pat. Vich: 450 sacos azúcar.;;Ntra. Sra de la Caridad;;;gelota;1881_06_24;Cabañas;;
;;N/A: ;;;Ruiz;pat.;;;;;De Mantua goleta Isabelita, patron Ruiz: 1,000 sacos carbon.;;Isabelita;;;goleta;1881_06_24;Mantua;;
Día 02:;;N/A: ;;;Dopico;pat.;;;;;De Jaruco goleta 2: Tres Hermanos, pat Dopico: 150 sacos carbon.;;Tres Hermanos;;;goleta;1881_06_24;Jaruco;;
;;N/A: ;;;Colomar;pat.;;;;;"De Canaai goleta Flor de Cárdenas, pat. Colomar; 100 bocoyes azúcar.";;Flor de Cárdenas;;;goleta;1881_06_24;Canaai;;
;;N/A:  | N/A: ;;;Juan;patrón;;;;;De Cabañas goleta Esmeralda, patron Juan: con azúcar y aguardiente.;;Esmeralda;;;goleta;1881_06_24;Cabañas;;
;;N/A:  | N/A:  | N/A:  | N/A: ;;;Juan;pat.;;;;;De Cabañas gelata Esmeralda, patron Juan: 298 cajas, 201 asco: 90 bocor s azńcar;;Esmeralda;;;gelata;1881_06_25;Cabañas;;
;;N/A:  | N/A:  | N/A:  | N/A: ;;;AlemaBy;patrón;;;;;De Malas Aguas goleta Maria Teresa, patron AlemaBy: 1000 ladrillos, the caballos leña, 21 plezas maderas.;;Maria Teresa;;;goleta;1881_06_25;Malas Aguas;;
;;N/A: ;;;Pan;patrón;;;;;De Bagna goleta Josefa Coruñesa, patron Pan: 200 sacos carbon.;;Josefa Coruñesa;;;goleta;1881_06_25;Bagna;;
;;N/A: ;;;Hernandez;pat.;;;;;De Matanzas gla. Emilia patron Hernandez-600 tojaz.;;Emilia;;;gla.;1881_06_26;Matanzas;;
;;;;;Prieto-c00;p.;;;;;De Sagua gta. Paquete de Engua p. Prieto-c00 atravesaños.;;Paquete de Engua;;;gta.;1881_06_26;Sagua;;
;;N/A:  | N/A:  | N/A:  | N/A: ;;;Gabica-150;cap.;;;;;De Caibarien. Alaga, cap. Gabica-150 pipss aguardiente, 11s tereies tabaco, 1 caja azúcar y efectos.;;Alaga;;;;1881_06_26;Caibarien;;
;;N/A:  | N/A: ;;;Visquerra;p.;;;;;"De Matanzas g. Amalía p, Visquerra;' 123 cajas azúCar y efectos.";;Amalía;;;g.;1881_06_28;Matanzas;;
;;N/A: ;;;Pavia;p.;;;;;"De Bajas g. General la Mar, p. Pavia; 100's.";;General la Mar;;;g.;1881_06_28;Bajas;;
;;N/A: ;;;Juan;p.;;;;;"De Cabañas balandro Rosita p. Juan; 56 oparterolas miel.";;Rosita;;;balandro;1881_06_28;Cabañas;;
;;N/A: ;;;Lorenzo;p.;;;;;"De Sagua g, Madrileña p Lorenzo; 2,000 sacos carbon.";;Madrileña;;;g;1881_06_28;Sagua;;
;;N/A: ;;;Santori;pat.;;;;;"De Sagua goleta Trafalgar patron Santori; 1,500 sacos carbon.";;Trafalgar;;;goleta;1881_06_28;Sagua;;
;;N/A: ;;;Otero;p.;;;;;"De id. g. Rosita p. Otero; 900 8. carbon.";;Rosita;;;p.;1881_06_28;id. g.;;
;;N/A:  | N/A:  | N/A: ;;;Jofre;cap.;;;;;De Cárdenas vap. Soier cap. Jofre: 00 pipas aguardiente 41 o. azúcar, 7 fardos suela.;;Soier;;;vap.;1881_06_28;Cárdenas;;
;;N/A: ;;;Mantell;pat.;;;;;De la Teja g. Manuelas pat. Mantell, 800 sacos de carbon.;;Manuelas;;;g.;1881_06_29;la Teja;;
;;N/A:  | N/A: ;;;Dalcira;pat.;;;;;De Trujillo g. Estrella, pat. Dalcira, '400 atravesaños y 200 varas maderas.;;Estrella;;;g.;1881_06_29;Trujillo;;
;;N/A: ;;;Orbay;pat.;;;;;De la Teja g. Jóven Catalina' pat. Orbay, 600 sacos do carbon.;;Jóven Catalina';;;g.;1881_06_29;la Teja;;
;;N/A:  | N/A:  | N/A: ;;;Feliz;pat.;;;;;De la Mulata g. Dolores. pat. Feliz, 250 polines, 100 sacos carbon y 45 fanogas maiz.;;Dolores;;;g.;1881_06_29;Mulata;;
;;N/A:  | N/A:  | N/A: ;;;Barreras;pat.;;;;;De Sierra Morona g. Segunda Ignacia, pat. Barreras, 300 caballos do leña, 241 cajas y 111 sacos azucar.;;Segunda Ignacia;;;g.;1881_06_29;Sierra Morona;;
;;N/A: ;;;Pojol;pat.;;;;;De Banes g. San José, pat. Pojol, 5000 ladrillos.;;San José;;;g.;1881_06_29;Banes;;
;;N/A: ;;;Pajés;pat.;;;;;De Sagus g. Segunda Rosa, pat. Pajés, 1300 sacos do carbon.;;Segunda Rosa;;;g.;1881_07_02;Sagus;;
;;N/A:  | N/A: ;;;Harrers;pat.;;;;;De Cárdenas g. Mercedita, pat. Harrers, 200 cajas y 18 boonyes azúcar y efecten;;Mercedita;;;g.;1881_07_02;Cárdenas;;
;;N/A:  | N/A:  | N/A:  | N/A: ;;;Lopes;pat.;;;;;De Bakla Honda g. Caballe Marino, pat, Lopes, 400 cajas, 19 booeyes azucar y 40 pipas aguardiente.;;Caballe Marino;;;g.;1881_07_02;Bakla Honda;;
;;N/A:  | N/A:  | N/A: ;;;Pujol;pat.;;;;;De Jaruco goleta Golondrina, patron Pujol: 140 sacos. 22 becoyos azúcar, 30 sacos malz.;;Golondrina;;;goleta;1881_07_03;Jaruco;;
;;;;;Deulofen;pat.;;;;;De Cabañas golets Nuestra Señora del Cármen, patron Deulofen.;;Nuestra Señora del Cármen;;;golets;1881_07_03;Cabañas;;
;;N/A:  | N/A:  | N/A:  | N/A:  | N/A: ;;;Jofre;cap.;;;;;De Cárdenas vapor Solor, cap. Jofre: 126 cajas, 5 estaches azúcar, 40 pipas aguardiente, 12 fardos suela y efectos.;;Solor;;;vapor;1881_07_05;Cárdenas;;
;;N/A:  | N/A:  | N/A: ;;;;;;;;;De Mario goleta Jóven Gortrúdia, pa Villalonga: 133 bocoyos azúcar, 15 pipas aguardiente y efectos.;;Jóven Gortrúdia;;;goleta;1881_07_05;Mario;;
Día 01:;;N/A:  | N/A:  | N/A:  | N/A: ;;;Juan;pat.;;;;;De Cabañas goleta Esmeralda, pat. Juan: 402 cajas, 30 bocoyos. 120 sacos azúcar, 140 tercios tanco.;;Esmeralda;;;goleta;1881_07_05;Cabañas;;
;;N/A: ;;;Colomir;pat.;;;;;De Canasi goleta Flor de Cárdenas, pat. Colomir: 103 bicoyes azúcar.;;Flor de Cárdenas;;;goleta;1881_07_05;Canasi;;
;;N/A:  | N/A:  | N/A:  | N/A:  | N/A:  | N/A: ;;;Ponte;p.;;;;;De Nuevitas g. Emilia, p. Ponte: 125 atravesafios, 250 caballos lens, 8 terolos cers, 50 sacos carbon, 32 pacas trapo y efectos..;;Emilia;;;g.;1881_07_06;Nuevitas;;
;;;;;Ron;cap.;;;;;De Cuba vapor Clara, cap. Ron: con efectos.;;Clara;;;vapor;1881_07_06;Cuba;;
;;N/A:  | N/A:  | N/A: ;;;Enrrich;p.;;;;;De Borracos g. Ironita, p. Enrrich-83 piezas madera pino, 26 tercios tabaco, 70 atravesaños.;;Ironita;;;g.;1881_07_07;Borracos;;
;;N/A:  | N/A:  | N/A: ;;;Macip-72;p.;;;;;De Banta Cruz g. Centinola, p. Macip-72 fanegas y 29 sacos maiz, 1 cerdos.;;Centinola;;;g.;1881_07_07;Banta Cruz;;
;;N/A: ;;;Hernandez;p.;;;;;De Sagua g Encarnacion, p. Hernandez-510 racos darbon.;;Encarnacion;;;g;1881_07_07;Sagua;;
;;N/A: ;;;Lozano;p.;;;;;De Jaimanitas g. Jóven Salvador, p. Lozano-7000 la= drillos.;;Jóven Salvador;;;g.;1881_07_07;Jaimanitas;;
;;N/A: ;;;Fortell;p.;;;;;De Cárdenas goleta Victoria, p. Fortell, 11 bocoyes de azúcar.;;Victoria;;;goleta;1881_07_08;Cárdenas;;
;;N/A: ;;;Garcia;pat.;;;;;De Teja goleta Leonarda, patron Garcia, 600 sacos de carbon.;;Leonarda;;;goleta;1881_07_08;Teja;;
;;N/A:  | N/A: ;;;Sto. Domingo;p.;;;;;De Carabatas gta. Teresita, p. Sto. Domingo, 130 bocores azúcar y efectos.;;Teresita;;;gta.;1881_07_08;Carabatas;;
;;N/A: ;;;Zaragoza;pat.;;;;;De Cárdenas gta. Isla do Cuba, pat. Zaragoza, 3 fardos suela.;;Isla do Cuba;;;gta.;1881_07_08;Cárdenas;;
;;N/A: ;;;Planas;patrón;;;;;De Mantua goleta Maria, patron Planas, 200 sacos carbon.;;Maria;;;goleta;1881_07_08;Mantua;;
;;;;;Orbay;pat.;;;;;De S. Morena balandro Antonica pat. Orbay con efecto.;;Antonica;;;balandro;1881_07_09;S. Morena;;
;;N/A:  | N/A: ;;;Jofre;p.;;;;;De la Teja g. Dos Amigos p. Jofre: 160 callos carbon 41 boca, azúcar.;;Dos Amigos;;;g.;1881_07_09;la Teja;;
;;N/A:  | N/A: ;;;Colomar;p.;;;;;De Sagua g. Antoñica p. Colomar: 1,000 8. carbon 200 atravesaños.;;Antoñica;;;g.;1881_07_09;Sagua;;
;;N/A:  | N/A: ;;;Estebau;p.;;;;;"De idem g. Vicenta p; Estebau: 900 s. carbon, 22 sacos cáscara inangle.";;Vicenta;;;g.;1881_07_09;idem;;
;;N/A: ;;;Gil;pat.;;;;;De Baracoa gol. Bonifacia pat. Gil: 8 bocoyes azúcar.;;Bonifacia;;;gol.;1881_07_09;Baracoa;;
;;N/A: ;;;Mateu;p.;;;;;De la Teja g. Catalina p. Mateu: 800 s. carbou.;;Catalina;;;g.;1881_07_09;la Teja;;
Día XX:;;N/A:  | N/A: ;;;;;;;;;De Ortigong Bahia Honda p. Roca: 646 c. azúcar 20 pipas aguardiente,;;Roca;;;p.;1881_07_09;Ortigong;;
;;N/A:  | N/A:  | N/A: ;;;Gispert;p.;;;;;De la Teja g. Jóven Carlota p. Gispert, 100 arabos 550 atravesaños 70 yugos carreta.;;Jóven Carlota;;;g.;1881_07_09;la Teja;;
;;N/A:  | N/A: ;;;Joy;pat.;;;;;De Sierra Merena g. Tres Hermanas. pat. Joy: 100 atravesaños y efectos.;;Tres Hermanas;;;g.;1881_07_09;Sierra Merena;;
Día 01:;;N/A: ;;;Paz;p.;;;;;De Sagua g. Carmita p. Paz: 1,000 s. carbon.;;Carmita;;;g.;1881_07_09;Sagua;;
;;N/A: ;;;Orlay;p.;;;;;De Muleta g. Paqueto de Nuevitas, p. Orlay, 800 sacos carbon.;;Paqueto de Nuevitas;;;g.;1881_07_10;Muleta;;
;;N/A: ;;;Pojol;p.;;;;;De Teja goleta Isabel Segunda, p. Pojol, 800 Lacos carbon.;;Isabel Segunda;;;goleta;1881_07_10;Teja;;
;;N/A: ;;;Mora;pat.;;;;;De Mollio g. Nuora Estrella, patron Mora, 400 cabal'os lega.;;Nuora Estrella;;;g.;1881_07_10;Mollio;;
;;N/A: ;;;Riera;p.;;;;;De Carahatas g. San Francisco, p. Riera-1000 sacos carbon.;;San Francisco;;;g.;1881_07_12;Carahatas;;
;;N/A: ;;;Moner;p.;;;;;De Teja g. Sofis, p. Moner-1000 s. carbon.;;Sofis;;;g.;1881_07_12;Teja;;
;;N/A:  | N/A: ;;;Coll;cap.;;;;;De Sagua vapor Cuba, cap. Coll-182 tercios tabaco y efectos:;;Cuba;;;vapor;1881_07_12;Sagua;;
;;N/A:  | N/A:  | N/A:  | N/A: ;;;Denlofen;p.;;;;;De Cabañas g. Ntra. Sra. del Carmen, p. Denlofen-50 pipas aguardiento, 40 bocoyes, 50 cajas azúcar y ofeotos.;;Ntra. Sra. del Carmen;;;g.;1881_07_12;Cabañas;;
;;N/A:  | N/A:  | N/A: ;;;Rivas;cap.;;;;;De Mántaa vapor Guaniguauico, cap. Rivas-1110 tercios tabaco, 25 8. miraguano y efectos.;;Guaniguauico;;;vapor;1881_07_12;Mántaa;;
;;N/A:  | N/A:  | N/A: ;;;Arocha;p.;;;;;De Cabañas g. Conchita, p. Arocha-566 sacos, 13 bocovesazúcar. 5 bultos equipaje.;;Conchita;;;g.;1881_07_12;Cabañas;;
;;N/A:  | N/A: ;;;Bosch-205;p.;;;;;De Cárdenas g. Rosita, p. Bosch-205 bocoyos aguar. diente, 12 fardos suela.;;Rosita;;;g.;1881_07_12;Cárdenas;;
;;;;;Bosch-051;p.;;;;;De Manzanillo g. Segunda María, p. Bosch-051 atraresaДns.;;Segunda María;;;g.;1881_07_12;Manzanillo;;
;;N/A: ;;;Grandal;p.;;;;;De Jaimanitas g. José Manuel, p. Grandal-6000 ladrillos.;;José Manuel;;;g.;1881_07_12;Jaimanitas;;
;;N/A: ;;;Fernandez-180;p.;;;;;De Margajitas g. Nueva Concha, p. Fernandez-180 atravesaños, 200 varas madera y efectoa.;;Nueva Concha;;;g.;1881_07_12;Margajitas;;
;;N/A: ;;;Bernaza;p.;;;;;De Mantua g. Dos Hermanas, p. Bernaza-800 s. carbon.;;Dos Hermanas;;;g.;1881_07_12;Mantua;;
;;N/A: ;;;Benejan;p.;;;;;De Sagua g. Margarita, p. Benejan-2200 sacos carbon.;;Margarita;;;g.;1881_07_12;Sagua;;
Día 18:;;N/A:  | N/A: ;;;Herrera;p.;;;;;De Cárdenas g. Mercedita, p. Herrera-18 bocoyes azúcar y ofectos.;;Mercedita;;;g.;1881_07_12;Cárdenas;;
;;N/A:  | N/A:  | N/A: ;;;Riovo-137;p.;;;;;De Carahatas g. Tros Hermanas, p. Riovo-137 bocoyes, 133 8. azúcar y efectos.;;Tros Hermanas;;;g.;1881_07_12;Carahatas;;
;;N/A:  | N/A: ;;;Villalonga-130;p.;;;;;De Mariel gol. Jóven Gertrudis, p. Villalonga-130 boooyes azúcar, 1 equipaje.;;Jóven Gertrudis;;;gol.;1881_07_13;Mariel;;
;;N/A:  | N/A:  | N/A: ;;;Visquerra-89;p.;;;;;De Cabañas g. Paquita, p. Visquerra-89 pipas agte. 13 bocs, 880. y 170 s. azúcar y efectos.;;Paquita;;;g.;1881_07_13;Cabañas;;
;;N/A: ;;;Muñoz;p.;;;;;De Teja g. San Francisco, p. Muñoz-800 sacos carbon.;;San Francisco;;;g.;1881_07_13;Teja;;
;;N/A:  | N/A: ;;;Lopez;p.;;;;;De Cabañas g. Caballo Marino, p. Lopez-500 o., 13 boooyes azúcar y efectos..;;Caballo Marino;;;g.;1881_07_13;Cabañas;;
;;N/A:  | N/A:  | N/A:  | N/A: ;;;Juan;p.;;;;;De Cabatinig. Esmeralda p. Juan-200 cajas azúcar, 12 pipas aguardiente y efectos. . De Cárdenas g. Jóven Pilar p. Alemañs-350 sacos barina. 70 paquetes duelas y efectos.;;Esmeralda;;;p.;1881_07_15;Cabatinig;;
;;N/A: ;;;Carbonoll;pat.;;;;;De Matanzas goleta Elvira patron Carbonoll-115,023 kilos taajo.;;Elvira;;;goleta;1881_07_15;Matanzas;;
;;N/A:  | N/A:  | N/A: ;;;Visquerra;p.;;;;;De Matanzas g. Amalia p. Visquerra-111 bocores vacios, 50 garrafones vinagre y efectos.;;Amalia;;;g.;1881_07_16;Matanzas;;
;;N/A: ;;;Ferrer;patron;;;;;De Dimas golota Josefa patron Ferrer-600 sacos carbon.;;Josefa;;;golota;1881_07_16;Dimas;;
;;N/A:  | N/A:  | N/A: ;;;Jerez-111;p.;;;;;De Playas de San Juan g. Engraolà p. Jerez-111 sacos carbon, 888 atravesaños y efectos.;;Engraolà;;;g.;1881_07_16;Playas de San Juan;;
;;N/A:  | N/A: ;;;Rodriguez;p.;;;;;De la Teja g. América p. Rodriguez-400 atravesaños y 400 sacos carbon..;;América;;;g.;1881_07_16;la Teja;;
;;N/A: ;;;Calzada;pat.;;;;;De Sagua goleta Júcaro, patron Calzada-900 sacos carbon.;;Júcaro;;;goleta;1881_07_17;Sagua;;
;;N/A: ;;;Colomar;p.;;;;;De Camasi g. Fl. r de Cárdenas, p. Colomar-110 bocoyes miel.;;Fl. r de Cárdenas;;;g.;1881_07_17;Camasi;;
;;N/A: ;;;Torres;p.;;;;;De San Cayetano g. Isabelita, p. Torres-100 caballos loña.;;Isabelita;;;g.;1881_07_17;San Cayetano;;
;;N/A: ;;;Portella;p.;;;;;De Mantaa g. Neptuno, p. Portella-500 eacos carსიუ.;;Neptuno;;;g.;1881_07_17;Mantaa;;
;;N/A: ;;;Félix-340;;;;;;De la Mulata Dolores, p. Félix-340 atravesaños, 150 9. carbon.;;Dolores;;;p.;1881_07_17;Mulata;;
;;N/A: ;;;Tortell;pat.;;;;;De Cárdenas goleta Victoria, pat. Tortell: 2 bocores azúcar.;;Victoria;;;goleta;1881_07_19;Cárdenas;;
;;N/A: ;;;Flusso;pat.;;;;;De Dimas goleta Amable Rosita, patron Flusso: 800 Bacoa carbon.;;Amable Rosita;;;goleta;1881_07_19;Dimas;;
;;N/A:  | N/A:  | N/A: ;;;Mireles;patrón;;;;;De Sierra Morena goleta Enriqueta y Josefa, patron Mireles: 1088 rayos carreta, 130 atravesaños, 90 caballos leña.;;Enriqueta y Josefa;;;goleta;1881_07_19;Sierra Morena;;
;;N/A:  | N/A: ;;;Calafell;pat.;;;;;De Matanzas goleta Dos Hermanas, patron Calafell: 20 cajas tooineta, 50 cuartos vino.;;Dos Hermanas;;;goleta;1881_07_19;Matanzas;;
;;N/A:  | N/A: ;;;Bosch;pat.;;;;;De Cárdenas goleta Rosita, patron Bosch: 220 pipas aguardiente y efectos.;;Rosita;;;goleta;1881_07_19;Cárdenas;;
;;N/A:  | N/A:  | N/A: ;;;AlemañƑ;pat.;;;;;De Playas San Juan goleta Almansa, pat. AlemañƑ: 800 atravesalos, C6 estacas y efectos.;;Almansa;;;goleta;1881_07_19;Playas San Juan;;
;;N/A:  | N/A: ;;;Garcia;pat.;;;;;De Gibacoa goleta Vinaroz, pat, Garcia. 277 sacos maiz v muebles.;;Vinaroz;;;goleta;1881_07_19;Gibacoa;;
;;N/A:  | N/A:  | N/A: ;;;Pojol;pat.;;;;;De Jaruco goleta Golondrina, pat. Pojol: 100 sacos maiz, 9 bocoyes, 100 sacos azúcar.;;Golondrina;;;goleta;1881_07_19;Jaruco;;
;;N/A: ;;;Ramon;pat.;;;;;De Jaimanitas bote Benito, pat. Ramon: 6000 ladrillos.;;Benito;;;bote;1881_07_19;Jaimanitas;;
;;N/A: ;;;Ventura;pat.;;;;;De Sagus g. Panchita, pat. Ventura, 900 sacos de carboo.;;Panchita;;;g.;1881_07_20;Sagus;;
;;N/A: ;;;Lozano;pat.;;;;;De Jaimanitas g. Jóven Salvador, pat. Lozano, 6060 ladrillos,;;Jóven Salvador;;;g.;1881_07_20;Jaimanitas;;
;;N/A:  | N/A:  | N/A: ;;;Cuevas;pat.;;;;;De Cárdenas g. Angolita, pat. Cuevas, 200 garrafones vioagro, 200 medios garrafones y 300 suartos idem carabanchel y efectos.;;Angolita;;;g.;1881_07_21;Cárdenas;;
;;N/A:  | N/A:  | N/A: ;;;Colomar;pat.;;;;;De Canasi'g, Flor de Cárdenas, pat. Colomar, 1×5 ca-. jas, 80 bocores azúcar 50 ladrillos.;;Flor de Cárdenas;;;;1881_07_21;Canasi'g;;
;;N/A:  | N/A:  | N/A:  | N/A: ;;;Pellicor;pat.;;;;;De Matanzas g. Emilio, pat. Pellicor, 93 cajas azúcar, 13 tercerolas miel do abejas, 2 cajas y 2 fardos de cera y efectos.;;Emilio;;;g.;1881_07_21;Matanzas;;
;;N/A:  | N/A:  | N/A: ;;;Masip;pat.;;;;;De Santa Cruz g. Centinola, pat. Masip, 87 sacos de maiz, 59 cerdos y 50 arrobas boniato.;;Centinola;;;g.;1881_07_21;Santa Cruz;;
;;N/A:  | N/A: ;;;Herrera;pat.;;;;;De Cárdenas 5. Mercedits, pat. Herrera, 16 cuartos pipas vino yefectos.;;Mercedits;;;5.;1881_07_21;Cárdenas;;
;;N/A:  | N/A:  | N/A: ;;;Pojol;pat.;;;;;De Santa Lucia g. Carmita, pat. Pojol, 150 cajas de azúcar, 30 pipas aguardiento y 100 caballoo leña y efeo. tos.;;Carmita;;;g.;1881_07_21;Santa Lucia;;
;;N/A:  | N/A: ;;;Coll;cap.;;;;;De Sagua vapor Uaba, cap. Coll, 2 torcios tabaco y efectos.;;Uaba;;;vapor;1881_07_21;Sagua;;
;;N/A: ;;;Alvarez;pat;;;;;Do Playas de San Juan gol. Priota, pat Alvarez: con 900 sacos carbon.;;Priota;;;gol.;1881_07_23;Playas de San Juan;;
;;N/A:  | N/A:  | N/A: ;;;Alemañy;pat.;;;;;De Matauzas gol. Maria, pat. Alemañy: con 90 sacos frigolos, 12 cajas ropa y efectos.;;Maria;;;gol.;1881_07_23;Matauzas;;
;;N/A:  | N/A: ;;;Vich;pat.;;;;;"De Cabañas gol. Ntra. Sra. de la Caridad, pat. Vich; con 160 saros y 20 bocoyes azúcar.";;Ntra. Sra. de la Caridad;;;gol.;1881_07_23;Cabañas;;
;;N/A: ;;;Easeñat;pat.;;;;;D Boriacos gol. Tros Teresas, pat. Easeñat: con 92 piezas 58 pa'on unadoras.;;Tros Teresas;;;gol.;1881_07_23;Boriacos;;
;;N/A:  | N/A:  | N/A:  | N/A: ;;;Hernandez;pa.;;;;;De Morrillo gol. Félix, pa. Hernandez: con 210 cabalos leña, 40 enar erolas nitel, 5 arrobas cera y efectos.;;Félix;;;gol.;1881_07_23;Morrillo;;
Día 01:;;N/A:  | N/A:  | N/A: ;;;Coruñess;pat.;;;;;Do Sagua gol Josofa Coruñess, pat. Paz: con 207 pio. zaa uadoras, 135 caballos lonh y 786 sacos carbon.;;Josofa;;;gol.;1881_07_23;Sagua;;
;;N/A:  | N/A:  | N/A:  | N/A: ;;;Arocha;pat.;;;;;De Cabañas goi. Conchiti, pat. Arocha: con 50 pipas aguardiente 37 bocoyos azúcar, 81 ascos idom 5 4 cuarterolas miel de abeja.;;Conchiti;;;goi.;1881_07_23;Cabañas;;
;;N/A: ;;;Sinio;pat.;;;;;De Sagaá goleta Vicenta, patron Sinio, 1,370 sacos carbon.;;Vicenta;;;goleta;1881_07_24;Sagaá;;
;;N/A: ;;;Mantell;patrón;;;;;De Tela goleta Manuela, patron Mantell, 200 sacos carbon.;;Manuela;;;goleta;1881_07_24;Tela;;
;;N/A: ;;;Acuña;pat.;;;;;De Sagua goleta Nuevo Pepo, patron Acuña, 2,000 aacos carbon.;;Nuevo Pepo;;;goleta;1881_07_24;Sagua;;
Día null:;;N/A:  | N/A: ;;;Deulofeu;p.;;;;;De Cabañas gol. Nuostra. Sra. del Cármen, p. Deulofeu: 121 cajas azúcar y 24 pipas aguardiento.;;Nuostra. Sra. del Cármen;;;gol.;1881_07_27;Cabañas;;
;;N/A: ;;;Pujol;p.;;;;;De Banes balandro San José, p Pujol: 5000 ladri11o8.;;San José;;;balandro;1881_07_27;Banes;;
;;N/A:  | N/A: ;;;Sanchez;p.;;;;;De Mariel gol. San Antonio, p. Sanchez: 81 tercios tabaco y 31 pipaz aguardiente.;;San Antonio;;;gol.;1881_07_27;Mariel;;
;;N/A:  | N/A:  | N/A: ;;;Colomar;p.;;;;;De Canasi gol. Flor de Cárdenas, p. Colomar: 315 caJas, G bocoyes azúcar, 2 pies 2 cajas maquinaria.;;Flor de Cárdenas;;;gol.;1881_07_27;Canasi;;
Día 13:;;N/A:  | N/A:  | N/A:  | N/A: ;;;Visquerra;p.;;;;;De Matanza gta. Amalia: p. Visquerra: 13 cajas ropa: 23,000 kilos tasajo, 1 pipa cera y efectos.;;Amalia;;;gta.;1881_07_27;Matanza;;
;;N/A:  | N/A:  | N/A: ;;;Riobo;p.;;;;;De Carahatas gta. Tres hormanus, p. Riobo: 93 bocoyes azúcar, 12 pipas aguardiente y efectos.;;Tres hormanus;;;gta.;1881_07_27;Carahatas;;
;;N/A:  | N/A:  | N/A:  | N/A: ;;;Rivas;p.;;;;;De Nuevitas gol. Dichosa, p. Rivas: 350 atravesa fios, 300 caballos loña, 100 sacos carbon y efectos.;;Dichosa;;;gol.;1881_07_27;Nuevitas;;
;;N/A:  | N/A:  | N/A: ;;;Lopez;p.;;;;;De Cabañas gta. Caballo Marino, p. Lopez: 203 cajas azńcar, 21 pipa aguardiente y efectos.;;Caballo Marino;;;gta.;1881_07_27;Cabañas;;
;;N/A: ;;;Juan;p.;;;;;De Malas-Aguas gta. Nueva Rosita, p. Juan, 36,030 ladrillos.;;Nueva Rosita;;;gta.;1881_07_27;Malas-Aguas;;
;;N/A: ;;;Moll;pat.;;;;;De Cana goleta Dince, patron Moll: 800 sacos carbon.;;Dince;;;goleta;1881_07_27;Cana;;
Día XX:;;N/A: ;;;Otero;pat.;;;;;De Sagua gta. Rosita: patron Otero: 950 sacos carbɔn.;;Rosita;;;gta.;1881_07_27;Sagua;;
;;N/A:  | N/A:  | N/A:  | N/A: ;;;Zaragoza;p.;;;;;De Cárdenas gta. Isla de Cuba, p. Zaragoza: 15 fardos anela y carnaza. 37 sacos harina y efectos.;;Isla de Cuba;;;gta.;1881_07_27;Cárdenas;;
;;N/A:  | N/A:  | N/A:  | N/A: ;;;Rivas;cap.;;;;;De Mantua vap. Guanigaanico, cap. Rivas: 722 tercios tabaco, 170 garrafones miel abeja, 6 marquetes cera y efectos.;;Guanigaanico;;;vap.;1881_07_27;Mantua;;
;;N/A:  | N/A:  | N/A: ;;;Gavica;cap.;;;;;De Caibarion vapor Alava, cap. Gavica-2636 tercios tabaco, 50 pipas aguardiente y ofectos.;;Alava;;;vapor;1881_07_28;Caibarion;;
;;N/A:  | N/A:  | N/A: ;;;Carbonell;p.;;;;;De Matanzas goleta Elvira p. Carbonell, 300 ars. tasajo, 14 pipas aguardiente y efectos.;;Elvira;;;goleta;1881_07_30;Matanzas;;
;;N/A:  | N/A: ;;;Bosch;p.;;;;;De Cardenas gol. Rosita, p. Bosch, 220 pipas, 10 medias pp. agto.;;Rosita;;;gol.;1881_07_30;Cardenas;;
;;N/A:  | N/A: ;;;Tortell;patron;;;;;De Cárdenas golets.Victoria patron Tortell, 1 o. azúcar, 1 c. efectos.;;Victoria;;;golets.;1881_07_30;Cárdenas;;
;;N/A:  | N/A:  | N/A: ;;;Simó;p.;;;;;De Sagua goleta 2: Isabel, p. Simó, 1,000 carbon, s. 250 atravesaños y efectos.;;Isabel;;;goleta;1881_07_30;Sagua;;
;;N/A: ;;;Planell;p.;;;;;De Bajas, gol. Salve Virgen Maria, p. Planell, 600 Bacos carbon.;;Salve Virgen Maria;;;gol.;1881_07_30;Bajas;;
;;N/A: ;;;R Gordils;p.;;;;;"De la Teja gta. Magdalena, p. R Gordils; 800 sacos carbon.";;Magdalena;;;gta.;1881_08_02;Teja;;
;;N/A:  | N/A:  | N/A:  | N/A: ;;;Enseñat;p.;;;;;De Sierra Morena gol Union, p. Enseñat, 9 sacos, 24 bocoyes azúcar, 54 pipas agnardiente y efectos.;;Union;;;gol.;1881_08_02;Sierra Morena;;
;;N/A:  | N/A:  | N/A:  | N/A: ;;;Cuevas;p.;;;;;De Cárdenas gol. Angelita, p. Cuevas, 5 fardos suela y carnaza, 12 sacos trapo y efectos.;;Angelita;;;gol.;1881_08_02;Cárdenas;;
;;N/A: ;;;Tie;patron;;;;;De Sagna gta. Carmela, patron Tie: 1230 ancos carbon.;;Carmela;;;gta.;1881_08_02;Sagna;;
;;N/A: ;;;Garcia;p.;;;;;De la Teja golota Leonarda, p. Garcia: 800 sacos carbon.;;Leonarda;;;golota;1881_08_04;la Teja;;
;;N/A: ;;;Pajés;pat.;;;;;De Sagua gol. Segunda Rosa, pat. Pajés: 1,300 sacos carbon.;;Segunda Rosa;;;gol.;1881_08_04;Sagua;;
;;N/A:  | N/A:  | N/A: ;;;Ponte;pat.;;;;;De Nuevitas gel. Emilia, pat. Ponte: 600 caballos leGa, 100 atravesafios, 50 8. carbon.;;Emilia;;;gel.;1881_08_04;Nuevitas;;
;;N/A: ;;;Orbar;p.;;;;;De Sierra Morena bal. Antoñica, p. Orbar, 600 sacos carbon.;;Antoñica;;;bal.;1881_08_04;Sierra Morena;;
;;N/A:  | N/A: ;;;Herrera;p.;;;;;De Cárdenas goleta Mercedita p. Herrera, 10 palos maderas y efectos.;;Mercedita;;;goleta;1881_08_05;Cárdenas;;
;;N/A:  | N/A: ;;;Bonet;p.;;;;;De Matanzas got. Ignacita, p. Bonet, 42 o. ani4, 14 pp. aguardiente y efectos.;;Ignacita;;;got.;1881_08_05;Matanzas;;
;;N/A:  | N/A: ;;;Gil;p.;;;;;De Bans goleta Nueva Esperanza, p. Gil, 73 o. 11 bocoves azúcar, 18 cuarterolas miel..;;Nueva Esperanza;;;goleta;1881_08_05;Bans;;
;;N/A: ;;;Segui;pat.;;;;;De Dimas goleta Margarita, patron Segui, 800 sacos carbon.;;Margarita;;;goleta;1881_08_05;Dimas;;
;;N/A: ;;;Ruiz;p.;;;;;De Santa Isabel g. Isabalita p. Ruiz: 1,200 sacos carbon.;;Isabalita;;;g.;1881_08_06;Santa Isabel;;
;;N/A:  | N/A:  | N/A:  | N/A:  | N/A: ;;;Arocha;p.;;;;;De Cabaña g. Conchita p. Arocha: 36 pipas aguardiente, 91 sacos, 4 bocoses azúcar, 52 ouarterolas miel y efectos.;;Conchita;;;g.;1881_08_06;Cabaña;;
;;N/A: ;;;Pujol;patrón;;;;;De Banes goleta San José patron Pujol: 5000 ladrillos.;;San José;;;goleta;1881_08_06;Banes;;
;;N/A: ;;;Prieto;pat.;;;;;De Sagna gol. Paquete de Sagna. pat. Prieto, 670 a travesañas.;;Paquete de Sagna;;;gol.;1881_08_07;Sagna;;
;;N/A:  | N/A: ;;;Gavica;cap.;;;;;De Caibarien vapor Alava, cap, Gavica: 1651 torcios tabaco y efectos.;;Alava;;;vapor;1881_08_09;Caibarien;;
;;N/A: ;;;Ferrer;pat.;;;;;De Carabatas goleta Jóven Luisa, patron Ferrer: 1000 sacos carbon.;;Jóven Luisa;;;goleta;1881_08_09;Carabatas;;
;;N/A:  | N/A:  | N/A: ;;;Colomar;patrón;;;;;De Sagua golota Antonia, patron Colomar: 20 bocoyes miel: 100 sacos trapos viejos y efectos.;;Antonia;;;golota;1881_08_09;Sagua;;
Día null:;;N/A:  | N/A:  | N/A:  | N/A: ;;;Alemany;pat.;;;;;De Matanzas goleta Maris, pat. Alemany: 30 serones fasajo, 2 cajas cera, 31 sacos mais y efectos.;;Maris;;;goleta;1881_08_09;Matanzas;;
;;N/A:  | N/A:  | N/A:  | N/A: ;;;Oliver;pat.;;;;;De Matanzas goleta Amistad, pat. Oliver: 200 varas maderas, 200 tiras, 400 tendidos majagua y efcotos.;;Amistad;;;goleta;1881_08_09;Matanzas;;
;;N/A: ;;;Pavia;påt.;;;;;De Bajas goleta General la Mar, påt. Pavia: 1300 sacos carbon.;;General la Mar;;;goleta;1881_08_09;Bajas;;
;;N/A: ;;;Bernasa;pat.;;;;;"De Dimas goleta Dos Hermanas, pat. Bernasa; 800 Ba cos carbon.";;Dos Hermanas;;;goleta;1881_08_09;Dimas;;
;;N/A:  | N/A:  | N/A:  | N/A: ;;;Planas;pat.;;;;;De San Cayetano goleta Maria. pat. Planas: 33 plezas maderas: 35 fuegos carreta, 27 atravesaños, 140 caballos leña.;;Maria;;;goleta;1881_08_09;San Cayetano;;
;;N/A:  | N/A:  | N/A: ;;;Zaragoza;pat.;;;;;De Cárdenas goleta Isla de Cuba, pat. Zaragoza, 75 faidos de tabaco, 1 caja picadura y efectos.;;Isla de Cuba;;;goleta;1881_08_09;Cárdenas;;
;;N/A: ;;;Hernandez;pat.;;;;;De Sagaa goleta Encarnacion, pat. Hernandez: 300 caballos leña.;;Encarnacion;;;goleta;1881_08_09;Sagaa;;
;;N/A:  | N/A: ;;;Barreras;pat.;;;;;De Sierra Morena gol. 2 Ignacia, pat. Barreras: con 1,360 caballos carbon y ofectos.;;2 Ignacia;;;gol.;1881_08_10;Sierra Morena;;
Día :;;N/A: ;;;Pavia;pat.;;;;;Do Bajas gol. General la Mar, pat. Pavia: con 1,360 sacos carbon.;;General la Mar;;;gol.;1881_08_10;Bajas;;
Día null:;;N/A:  | N/A:  | N/A:  | N/A: ;;;Bornaz;pat.;;;;;De Nuevitas gol. Dolores, pat. Bornaz: con 900 atravesaños, 300 caballos lena, 700 saons carbon y efectos. »;;Dolores;;;gol.;1881_08_10;Nuevitas;;
;;N/A:  | N/A:  | N/A:  | N/A: ;;;Alemany;pat.;;;;;"Da Malas Aguas gol. M Josofa, pat. Alemany; con 21,000 ladrillos, 300 caballos leña, arrobas cera y efectos.";;M Josofa;;;gol.;1881_08_10;Malas Aguas;;
;;N/A:  | N/A:  | N/A: ;;;Lopez;pat.;;;;;De Bahia Honda gol. Caballo Marino, pat. Lopez: con 75 pipas aguardiente, 51 cajas azúcar y efectos.;;Caballo Marino;;;gol.;1881_08_10;Bahia Honda;;
;;N/A:  | N/A: ;;;Hernandez;pat.;;;;;"De Morrillo gol. Félix, pat. Hernandez; con 29 bocoyos azúcar y 28 ouarterolas miel.";;Félix;;;gol.;1881_08_10;Morrillo;;
;;N/A: ;;;Pujol;pat.;;;;;Do la Tejs gol. 2. Isabel. patron Pujol: con 200 sacos carbon.;;2. Isabel;;;gol.;1881_08_10;la Tejs;;
;;N/A: ;;;Félix;pat.;;;;;De Mulata gol. Dolores, patron Félix: con 316 atra vesaños.;;Dolores;;;gol.;1881_08_10;Mulata;;
;;N/A:  | N/A:  | N/A: ;;;Torres;p.;;;;;De Cabañas g. Maria del Carmen, p. Torres-130 cuartorolas iniel, 30 tercios tabaco y 45 sacas maiz.;;Maria del Carmen;;;g.;1881_08_12;Cabañas;;
;;N/A:  | N/A: ;;;Tortell;p.;;;;;De Cárdenas golota Victoria p. Tortell-73 cajas azdcar y efectos.;;Victoria;;;golota;1881_08_13;Cárdenas;;
;;N/A:  | N/A:  | N/A: ;;;Jerez-350;p.;;;;;De Playas de San Jaaa g. Engraola p. Jerez-350 atravesaños, 500 varas madera y efectos.;;Engraola;;;g.;1881_08_13;Playas de San Jaaa;;
;;N/A: ;;;Torres;p.;;;;;De Bajas gol. Isabelita, p. Torres. 317 polines.;;Isabelita;;;gol.;1881_08_14;Bajas;;
;;N/A: ;;;Escandell;p.;;;;;De Morrillo gol. Elvira, p. Escandell: 800 bocoyes azúcar.;;Elvira;;;gol.;1881_08_14;Morrillo;;
;;N/A:  | N/A: ;;;Mir;p.;;;;;De Jibacoa gol. Vinaroz, p. Mir: 25 fanogas maiz, 26 cerdos.;;Vinaroz;;;gol.;1881_08_14;Jibacoa;;
;;N/A:  | N/A: ;;;Torres;p.;;;;;De Mantas bergantin Pepeip. Torres: 520 railes, 1500 planchuelas.;;Pepeip.;;;berg.;1881_08_14;Mantas;;
Día 30:;;N/A:  | N/A:  | N/A: ;;;Suso;cap.;;;;;De Bierra-Morena gol. Habanera, cap. Suso: 30 pipas aguardiente, 3500 ladrillos y 300 sacos carbon.;;Habanera;;;gol.;1881_08_14;Bierra-Morena;;
;;N/A:  | N/A: ;;;Pellireles;p.;;;;;De id. gol. Enriqueta Josefs, p. Pellireles: 160 caba llos carbon y 23 piezas.;;Enriqueta Josefs;;;gol.;1881_08_14;id.;;
;;N/A: ;;;Grandal;pat.;;;;;De Jaimanitas gol. José Manuel, pat. Grandal: con 0,000 ladrilles.;;José Manuel;;;gol.;1881_08_17;Jaimanitas;;
Día XX:;;N/A:  | N/A:  | N/A: ;;;Lloret;pat.;;;;;De Malas Aguas gol. Arancana, pat. Lloret: con 2,000 ladrillos y 200 caballos leña.;;Arancana;;;gol.;1881_08_17;Malas Aguas;;
;;N/A:  | N/A: ;;;Bonet;pat.;;;;;De Matanzas gol. Ignacits, pat. Bonet: con 37 cajas jabon y efectos.;;Ignacits;;;gol.;1881_08_17;Matanzas;;
Día null:;;N/A: ;;;Calvot;pat.;;;;;De Mantua gol. Francisca Gener, pat. Calvot: con 1,000 82008 carbon.;;Francisca Gener;;;gol.;1881_08_17;Mantua;;
;;;;;Piñeyro;pat.;;;;;"De Cárdenas gol. Carmen, pat. Piñeyro; con efectos.";;Carmen;;;gol.;1881_08_17;Cárdenas;;
;;;;;Deulofen;pat.;;;;;De Cabañas gol. Ntra. Sra. del Carmen, pat. Deulofen: con efectos.;;Ntra. Sra. del Carmen;;;gol.;1881_08_17;Cabañas;;
;;;;;Coll;patrón;;;;;De Ortigosa goleta Doloritas, patron Coll: con efeotos.;;Doloritas;;;goleta;1881_08_17;Ortigosa;;
Día XX:;;;;;Calafell;pat.;;;;;De Mataczas gol. Dos Hermanas. pat. Calafell: con efectos.;;Dos Hermanas;;;gol.;1881_08_17;Mataczas;;
;;N/A:  | N/A:  | N/A: ;;;Coll;cap.;;;;;Do Bagus vapor Cabs, cap. Coll: con 573 tercios tabaco, 215 torcidos soga majagua y efectos.;;Cabs;;;vapor;1881_08_17;Bagus;;
;;N/A:  | N/A: ;;;Coll;patrón;;;;;De Ortigosa goleta Doloritas. patron Coll: 214 cajas,. 1 bocoy azúcar, 8 pipas aguardiento.;;Doloritas;;;goleta;1881_08_18;Ortigosa;;
Día XX:;;N/A:  | N/A: ;;;Lloret;pat.;;;;;De Bajas gol. Angelits, pat. Lloret: 140 tercios tabaco, 400 a. carbon.;;Angelits;;;gol.;1881_08_19;Bajas;;
;;N/A:  | N/A:  | N/A:  | N/A:  | N/A:  | N/A:  | N/A:  | N/A: ;;;Moll-60;p.;;;;;De Punta Alegre g. Jóven Magdalena p. Moll-60 08tacas muelle, 400 yayas, 45 caballos leña, 40 sacos carbon, 20 camas carretas y efectos.;;Jóven Magdalena;;;g.;1881_08_21;Punta Alegre;;
;;N/A: ;;;Calzada;p.;;;;;De Sagua g. Júcaro, p. Calzada-1000 sacos do carbon.;;Júcaro;;;g.;1881_08_23;Sagua;;
;;N/A:  | N/A: ;;;Toro-1.20;p.;;;;;De Sagaa g. Rita Fortuna, p. Toro-1.20 s. carbon y 160 sacos maiz.;;Rita Fortuna;;;g.;1881_08_23;Sagaa;;
;;N/A:  | N/A:  | N/A:  | N/A: ;;;Piñeiro-114;p.;;;;;De Sagua de Tánamo y Nuevitas g, Aguila do Oro, p. Piñeiro-114 pa'os madoras, 50 atravesaños, 3 piezas sabicú y efoctos,;;Aguila do Oro;;;g;1881_08_23;Sagua de Tánamo y Nuevitas;;
;;N/A:  | N/A:  | N/A: ;;;Herrera-6;p.;;;;;De Cárdenas g. Mercedita, p. Herrera-6 c. 3 estuches azúcar y 13 pipas aguardiente y efectos,;;Mercedita;;;g.;1881_08_23;Cárdenas;;
;;N/A: ;;;Ferrer;p.;;;;;De Sagaa g. María Josefa, p. Ferrer-1000 sacos carbon..;;María Josefa;;;g.;1881_08_23;Sagaa;;
;;N/A: ;;;Paz;p.;;;;;De Sagus g. Josefa Coruñesa, p. Paz-1000 sacos carbon.;;Josefa Coruñesa;;;g.;1881_08_23;Sagus;;
;;;;;Mall-600;p.;;;;;De Cana g. Lince, p. Mall-600 a. oarbon.;;Lince;;;g.;1881_08_23;Cana;;
;;N/A: ;;;Pajol;p.;;;;;De Cana g. Nuevo Hilario, p. Pajol-800 sacos carbon.;;Nuevo Hilario;;;g.;1881_08_23;Cana;;
;;N/A:  | N/A: ;;;Gavica;cap.;;;;;De Calbarien vapor Alava, cap. Gavica, 2700 terolos tabaco y efectos.;;Alava;;;vapor;1881_08_24;Calbarien;;
;;N/A:  | N/A:  | N/A: ;;;Ron;cap.;;;;;De Caba vapor C'ara, cap. Ron, 91 sacos de cacao y 96 cajas bacalao y efectos.;;C'ara;;;vapor;1881_08_24;Caba;;
;;N/A: ;;;Pujol;pat.;;;;;De Banes balandro San José, pat. Pujol, 500 ladrllloa.;;San José;;;balandro;1881_08_24;Banes;;
;;N/A:  | N/A:  | N/A: ;;;Alemañу;pat.;;;;;De Matanzas g, María, pat. Alemañу, 50 cajas de volas y 28 pipas aguardiente y efectos.;;María;;;g;1881_08_24;Matanzas;;
;;N/A: ;;;Cabrera;pat.;;;;;De Ploadillo bote Teresa Josefa, pat. Cabrera, 138 palos maderas.;;Teresa Josefa;;;bote;1881_08_24;Ploadillo;;
;;N/A:  | N/A:  | N/A: ;;;Tar;pat.;;;;;De Tortuga g. Antonia Habana, pat. Tar, 120 atraresaños, 20 yugos, 2) camas carretas y efectos.;;Antonia Habana;;;g.;1881_08_24;Tortuga;;
;;;;;Joy;pat.;;;;;De Playas de San Juan g. Tres Hermanas, pat. Joy,;;Tres Hermanas;;;g.;1881_08_24;Playas de San Juan;;
;;N/A: ;;;Villalonga;pat.;;;;;De Sierra Morena g. Teresita, pat, Villalonga, 24,000 ladrillos.;;Teresita;;;g.;1881_08_24;Sierra Morena;;
;;N/A:  | N/A:  | N/A: ;;;Visquerra;p.;;;;;De Matanzas gol. Amalia, p. Visquerra: 11 pipas aguardiente, 10 cajas jabon y efectos.;;Amalia;;;gol.;1881_08_25;Matanzas;;
;;N/A:  | N/A: ;;;Portella;p.;;;;;De Santa Maria gol. Neptuno, p. Portella, 200 sacos carbon y 95 ancos cáscaras.;;Neptuno;;;gol.;1881_08_25;Santa Maria;;
;;N/A: ;;;Zaragoza;pat.;;;;;De Carlenas goleta Flor de Sagua, patron Zaragoza, lastre.;;Flor de Sagua;;;goleta;1881_08_25;Carlenas;;
;;N/A: ;;;Montell;patron;;;;;De la Teja gol. Manuels, patron Montell: 800 sacos, carbon.;;Manuels;;;gol.;1881_08_26;la Teja;;
Día XX:;;N/A: ;;;Blera;p.;;;;;De Carahatas gol. San Francisco, p. Blera: 1000 sacoa carbon.;;San Francisco;;;gol.;1881_08_26;Carahatas;;
;;N/A: ;;;Alvarez;pat.;;;;;De Playas de San Juan g. Prieta, pat. Alvarez: 900 u. carbon.;;Prieta;;;g.;1881_08_26;Playas de San Juan;;
;;N/A:  | N/A: ;;;Gomes;p.;;;;;De 8. Merens g. Anita. p. Gomes: 600 a. carbon, 38 s. asdcar.;;Anita;;;g.;1881_08_26;8. Merens;;
Día null:;;N/A:  | N/A: ;;;Colomar;null;;;;;De Sagua : Magdalena, p. Colomar: 1,000 u. carbon y efectos.;;Magdalena;;;p.;1881_08_26;Sagua;;
;;N/A: ;;;Covas;p.;;;;;De Matanzas g. Vinarós, p. Covas: 7,000 tejas.;;Vinarós;;;g.;1881_08_26;Matanzas;;
;;N/A: ;;;Estóban;pat.;;;;;Do Bagus gol. Vicenta, pat. Estóban: 909 sacos carbon.;;Vicenta;;;gol.;1881_08_26;Bagus;;
;;N/A:  | N/A: ;;;Tortell;p.;;;;;De Cárdenas gol. Victoria, p. Tortell: 100 barriles harina y efectos.;;Victoria;;;gol.;1881_08_26;Cárdenas;;
;;N/A: ;;;Alemañy;p.;;;;;"De Puerto Padre g. Almansa p. Alemañy; 175 palos madera cedro.";;Almansa;;;g.;1881_08_26;Puerto Padre;;
Día 05:;;N/A:  | N/A: ;;;Hernandez;pat.;;;;;Del Morrillo gol. Felis, pat. Hernandez: 5:0 caballus leña.;;Felis;;;gol.;1881_08_26;Morrillo;;
;;N/A: ;;;Gorrin;p.;;;;;De Bahia Honda bto. Teresita, p. Gorrin: 37 pipas guardiente.;;Teresita;;;bto.;1881_08_26;Bahia Honda;;
;;N/A:  | N/A: ;;;Grandal;p.;;;;;De Punta Alegre g. Enriquets, p. Grandal: 270 atravesaños y efectos.;;Enriquets;;;g.;1881_08_26;Punta Alegre;;
Día null:;;N/A:  | N/A: ;;;Otero;p.;;;;;De Sagus g. Resita, p. Otero: 310 s. carbon, 200 caballos leña.;;Resita;;;g.;1881_08_26;Sagus;;
;;;;;Ĺlorca;p.;;;;;De Bajas g. Carmen Nombre de Dios, p. Ĺlorca, con efectos.;;Carmen Nombre de Dios;;;g.;1881_08_26;Bajas;;
;;N/A: ;;;Orbay;p.;;;;;De Magajitas g. Paquete de Nuevitas, p. Orbay: 800 8. carben.;;Paquete de Nuevitas;;;g.;1881_08_26;Magajitas;;
;;N/A:  | N/A:  | N/A: ;;;Coll;cap.;;;;;De Sagua vap. Cuba cap. Coll: 766 terolos tabaco, 789 tendidos majagna y efectos.;Cuba;;;;vap.;1881_08_26;Sagua;;
;;N/A: ;;;Grandal;p.;;;;;De Jaimanitas gta. José Manuel, p. Grandal, 7000 ladrillon.;;José Manuel;;;gta.;1881_08_27;Jaimanitas;;
;;N/A:  | N/A:  | N/A: ;;;Lopez;patron;;;;;De Cabañas gta. Caballo Marino, patron Lopez, 69 pipas aguardiente, 92 cajas azúcar y efectos.;;Caballo Marino;;;gta.;1881_08_27;Cabañas;;
;;N/A:  | N/A:  | N/A:  | N/A: ;;;Bernasa;pat.;;;;;De Puerto del Padre gta. Tres Hermanas, pat. Bernasa, 100 caballos Jeña, 520 atravesaños, 3 piezas codro y 6 o. azúcar.;;Tres Hermanas;;;gta.;1881_08_27;Puerto del Padre;;
;;N/A:  | N/A:  | N/A:  | N/A:  | N/A: ;;;Calvo;patrón;;;;;De Gibara goleta Seis Manuelas, patron Calvo, 451 atravesaños, 200 caballos leña, 6 tercios tabaco. 1 caja cera y efectos.;;Seis Manuelas;;;goleta;1881_08_27;Gibara;;
;;N/A:  | N/A: ;;;Planell;patrón;;;;;De Bajas golets Salve Virgen Maria, patron Planell 200 sacos carbon, 150 ascos cáscara.;;Salve Virgen Maria;;;golets;1881_08_28;Bajas;;
Día XX:;;N/A:  | N/A:  | N/A:  | N/A: ;;;Vich;pat.;;;;;De Cabañas goleta Nuestra Señora de la Caridad, patron Vich: 161 cajaa azúcar, pipas aguardiente, 6 cajas cera, 14 cuarterolas miel de abeja;;Nuestra Señora de la Caridad;;;goleta;1881_08_28;Cabañas;;
;;N/A: ;;;Savedra;pat.;;;;;De Morrillo goleta Buenaventura, patron Savedra: 100 sacos carbon,;;Buenaventura;;;goleta;1881_08_28;Morrillo;;
;;N/A:  | N/A: ;;;Serrante;pat.;;;;;De idem goleta Britannis, patron Serrante: 250 cabellos, 200 sacos parbon.;;Britannis;;;goleta;1881_08_28;idem;;
;;N/A:  | N/A: ;;;Carbonell;patrón;;;;;De Matangas goleta Elvira, patron Carbonell: 200 8. cafó y efectos.;;Elvira;;;goleta;1881_08_30;Matangas;;
;;N/A:  | N/A: ;;;Coll;p.;;;;;De Ortigosa g. Doloritas, p. Coll: 226 cajas azúcar y 20 pipas aguardiente.;;Doloritas;;;g.;1881_08_30;Ortigosa;;
;;;;;Alemany;pat.;;;;;De Idem goleta Jóven Pilar, pat. Alemany con efeo(03.;;Jóven Pilar;;;goleta;1881_08_30;Idem;;
;;N/A:  | N/A:  | N/A: ;;;Bosob;pat.;;;;;De Cárdenas gol. Rosita, pat. Bosob: con 120 cajas. 13 bocores azúcar y 20 bocoyes aguardiente.;;Rosita;;;gol.;1881_08_31;Cárdenas;;
;;N/A:  | N/A:  | N/A:  | N/A: ;;;Arocha;pat.;;;;;De Mariel gol. Conchita, pat. Arocha, con 60 pipas aguardiente, 70 sacos, 8 bocores asdear y efectos.;;Conchita;;;gol.;1881_08_31;Mariel;;
;;N/A:  | N/A: ;;;Gil;pat.;;;;;De Banse gol. Nueva Esperansa, pat. Gil: con 99 cajas astcar y 27 cuarterolas miel.;;Nueva Esperansa;;;gol.;1881_08_31;Banse;;
Día XX:;;N/A:  | N/A: ;;;Planas;pat.;;;;;De Mulata gol Maris, pat. Planas: con 16 terolos tabaco y 500 caballos lefia.;;Maris;;;gol;1881_08_31;Mulata;;
;;N/A:  | N/A:  | N/A: ;;;Enseñat;pat.;;;;;Do Sierra Morena gol. Union, pat. Enseñat: con 73 82003 azńcar. 36 pipas aguardiente y efectos.;;Union;;;gol.;1881_08_31;Sierra Morena;;
;;;;;Grandal-Lastre;p.;;;;;De Santa Cruz g. Clio, p. Grandal-Lastre.;;Clio;;;g.;1881_09_01;Santa Cruz;;
;;N/A:  | N/A:  | N/A:  | N/A: ;;;Herrera;p.;;;;;De Cárdenas g. Mercedita, p. Herrera-13 pipas de agullonte, 20 panes azúcar, 41 paquetes tablillas y exectos.;;Mercedita;;;g.;1881_09_01;Cárdenas;;
;;N/A:  | N/A: ;;;Zaragoza-19;p.;;;;;De Carl nas g. Isla de Caba, p. Zaragoza-19 c. frntas y efectos.;;Isla de Caba;;;g.;1881_09_04;Carl;;
;;N/A: ;;;Orbay;p.;;;;;De Teja g. Jóven Catalina, p. Orbay-800 sacos carbon.;;Jóven Catalina;;;g.;1881_09_04;Teja;;
;;N/A:  | N/A:  | N/A: ;;;Pojol;p.;;;;;De Jaruco g. Golondrina, p. Pojol-80 caballos leña, 20 sacos maiz, 30 sacos frijoles y efectos.;;Golondrina;;;g.;1881_09_04;Jaruco;;
;;N/A:  | N/A:  | N/A: ;;;Lopes;pat.;;;;;De Dominica gta. Dominica, pat. Lopes, 4,950 tējas, 30 lios atravesafios, 37 piezas sueltas.;;Dominica;;;gta.;1881_09_06;Dominica;;
;;N/A: ;;;Pajes;pat.;;;;;De Sagus gta. Segunda Rosa, pat. Pajes, 1,300 sacos carbon.;;Segunda Rosa;;;gta.;1881_09_06;Sagus;;
;;N/A: ;;;Moll;pat.;;;;;De Mariel gta Jóren Magdalena, pat. Moll, 42 pipis aguardiente.;;Jóren;;;gta;1881_09_06;Mariel;;
;;N/A:  | N/A: ;;;Sanchez;pat.;;;;;De Mariel bdro. San Antonio, pat. Sanchez, 137 tercios tabaco y efectos,;;San Antonio;;;bdro.;1881_09_06;Mariel;;
;;N/A: ;;;Garriga;pat.;;;;;De Teja gta. Seganda Luz de Yara, pat. Garriga, 603 sacos carbon.;;Seganda Luz de Yara;;;gta.;1881_09_06;Teja;;
;;N/A: ;;;Gordils;pat.;;;;;De Teja gra. Magdalena, pat. Gordils, 1,061 sacos carbon.;;Magdalena;;;gra.;1881_09_06;Teja;;
;;N/A: ;;;Fernandez;pat.;;;;;De Teja gta. Altagracia, pat. Fernandez, 1,000 carbon.;;Altagracia;;;gta.;1881_09_06;Teja;;
;;N/A: ;;;Almanza;pst.;;;;;De Teja gta. Segunda Sofia, pst. Almanza, 1,000 sacos carbon.;;Segunda Sofia;;;gta.;1881_09_06;Teja;;
;;N/A: ;;;Maten;pat.;;;;;De Teja gta. Catalina, pat. Maten, 1,000 sacos carbon.;;Catalina;;;gta.;1881_09_06;Teja;;
;;N/A: ;;;Mariño;pat.;;;;;De Teja gta. San Francisco, pat. Mariño, 1,000 sacos carbon.;;San Francisco;;;gta.;1881_09_06;Teja;;
;;N/A:  | N/A: ;;;Rojas;pat.;;;;;De Calbarien gta. Castilla, pat. Rojas, 430 atravesaños y efectos.;;Castilla;;;gta.;1881_09_06;Calbarien;;
;;N/A:  | N/A: ;;;Bernaza;p.;;;;;De Dimas gol. 2 Hermanas, p Bernaza, 600 s. carbon, 118 terolos tabaco.;;2 Hermanas;;;gol.;1881_09_07;Dimas;;
;;N/A: ;;;Coras;pat.;;;;;De Canasi Balandro Venaros, patron Coras, 10 cochinom.;;Venaros;;;Balandro;1881_09_07;Canasi;;
;;N/A:  | N/A: ;;;Bosch;pat.;;;;;De Cárdenas gol. Rosita pat. Bosch: 44 cajas, 36 bocores azúcar.;;Rosita;;;gol.;1881_09_08;Cárdenas;;
;;N/A:  | N/A:  | N/A: ;;;Tortell;pat.;;;;;De Idem gol. Viotoria, pat. Tortell: 14 fardos suela y oarnass, 40 tabales basalao y efectos.;;Viotoria;;;gol.;1881_09_08;Idem;;
;;N/A:  | N/A: ;;;Bidagaren;np.;;;;;De Cuba rape Jay Mir, np. Bidagaren: 4 torcios tabacs y 3 bultos efectos.;;Jay Mir;;;rape;1881_09_09;Cuba;;
Día null:;;N/A: ;;;Grandal;pat.;;;;;De Jaimanitas gol. José Manuel, pat. Grandal: 6,500 ladrillos.;;José Manuel;;;gol.;1881_09_09;Jaimanitas;;
;;N/A:  | N/A: ;;;Banchez;pat.;;;;;De Jaraco g. Jaruqueña, pat. Banchez: con carbon y lefia.;;Jaruqueña;;;g.;1881_09_09;Jaraco;;
Día null:;;N/A:  | N/A:  | N/A: ;;;Rlobo;pat.;;;;;De Carahatas g. Tres Hermanas, pat. Rlobo: 20 bocoyes miel, & torcios tabaco y efectos.;;Tres Hermanas;;;g.;1881_09_09;Carahatas;;
;;N/A:  | N/A: ;;;Molondro;cap.;;;;;De Guanes vapor Guaniguanico, cap. Molondro, 868 terolos tabaco y efectos.;;Guaniguanico;;;vapor;1881_09_10;Guanes;;
;;N/A:  | N/A:  | N/A: ;;;Torres;p.;;;;;De Cabañas g. Maria del Carmen, p. Torres: 22 cuarterolaa miel, 77 terolos tabaco y efectos.;;Maria del Carmen;;;g.;1881_09_11;Cabañas;;
;;N/A:  | N/A: ;;;Pajol;p.;;;;;De Playas de San Joan g. Joaquina, p. Pajol: 100 palos labrados y 80 caballos leña.;;Joaquina;;;g.;1881_09_11;Playas de San Joan;;
;;N/A: ;;;Hernandez;pat.;;;;;De Sagus la Chica gol. Numancia, pat. Hernandez: 33,000 ladrillos.;;Numancia;;;gol.;1881_09_13;Sagus la Chica;;
;;N/A:  | N/A:  | N/A:  | N/A:  | N/A: ;;;Cuevas;p.;;;;;De Cárdenas g. Angelita, p. Cuevas: 500 galones, 305 medios galones anisado, 16 fardos suela y carnasa y efooton.;;Angelita;;;g.;1881_09_13;Cárdenas;;
;;N/A: ;;;Macip;p.;;;;;De Santa Cruz g. Rosa Maria, p. Macip: 13 marquetas сега;;Rosa Maria;;;g.;1881_09_13;Santa Cruz;;
;;N/A: ;;;Calvet;pat.;;;;;De la Teja gol. Isabel II, pat. Calvet: 800 sacos carbon.;;Isabel II;;;gol.;1881_09_13;la Teja;;
Día null:;;N/A: ;;;Vallhonrat;pat.;;;;;De Matanzas g. Des de Mayo, pat. Vallhonrat: 61,300 cocos.;;Des de Mayo;;;g.;1881_09_13;Matanzas;;
Día null:;;N/A: ;;;Mireles;p.;;;;;De Sierra Morena g. Enriqueta Josefs, p. Mireles: 800 Bacon carbon..;;Enriqueta Josefs;;;g.;1881_09_13;Sierra Morena;;
;;N/A:  | N/A: ;;;Lopez;p.;;;;;De Cabañas g. Caballo Mariño, p. Lopez: 20 terolon tabaco y efectos.;;Caballo Mariño;;;g.;1881_09_13;Cabañas;;
Día :;;N/A:  | N/A: ;;;Deulofeu;pat.;;;;;De Cabañas goleta Nuestra Señora del Carmen, patron Deulofeu: 48 pipas aguardiente, 8 cajas astcar.;;Nuestra Señora del Carmen;;;goleta;1881_09_14;Cabañas;;
;;N/A: ;;;Gispert;patrón;;;;;De a Teja goleta Jóven Carlota, patron Gispert: 1600 Bacos carbon.;;Jóven Carlota;;;goleta;1881_09_14;Teja;;
;;N/A: ;;;Alemany;pat.;;;;;De Flayas de San Juan goleta Matilde, patron Alemany: 1600 sacos carbon.;;Matilde;;;goleta;1881_09_14;Flayas de San Juan;;
;;N/A:  | N/A:  | N/A:  | N/A: ;;;Ponte;pat.;;;;;De Noovitas gol. Emilia, pat. Ponte: con 225 atravesaños, 300 caballos leña, 200 sacos carbon y efectos.;;Emilia;;;gol.;1881_09_15;Noovitas;;
;;N/A: ;;;Covas;pat.;;;;;Do Gibacca gol. Vinarez, pat. Covas: con 300 caballom lofa.;;Vinarez;;;gol.;1881_09_15;Gibacca;;
;;N/A:  | N/A: ;;;Alemany;pat.;;;;;De Matanzas gol. Maria, pat. Alemany: con 22 tabalea bacalao y efectos.;;Maria;;;gol.;1881_09_15;Matanzas;;
;;N/A:  | N/A: ;;;Enseñat;pat.;;;;;D-Sterra Morena gol. Union, pat. Enseñat: con 26 pipas aguardiente y efectos.;;Union;;;gol.;1881_09_15;D-Sterra;;
;;N/A: ;;;Garofa;pat.;;;;;De Teja gol. Leonarda, patron Garofa: con 800 sacom carbon.;;Leonarda;;;gol.;1881_09_15;Teja;;
;;N/A:  | N/A: ;;;Saavedra;pat.;;;;;De Morrillo gol. Félix. pat. Saavedra: con 214 caballom leña y 100 sacos carbon.;;Félix;;;gol.;1881_09_15;Morrillo;;
Día XX:;;N/A: ;;;Lledó;pat.;;;;;De Rio Blanco gol. Crisalida, pat. Lledó: con 130 piezas madera.;;Crisalida;;;gol.;1881_09_15;Rio Blanco;;
;;N/A: ;;;Grandal;patrón;;;;;De Jaimanitas goleta Josó Manus!, patron Grandal: G000 ladrillos.;;Josó Manus!;;;goleta;1881_09_16;Jaimanitas;;
;;N/A:  | N/A: ;;;Zaragoza;pat.;;;;;De Cárdenas go'eta Flor de Sagua, patron Zaragoza, 78 torcios sutela y efectos.;;Flor de Sagua;;;go'eta;1881_09_16;Cárdenas;;
;;N/A:  | N/A: ;;;Amengual;pat.;;;;;De Santa Maria goleta Dos Amigos, pat. Amengual: 81 tercios tabaco, 800 sacos carben..;;Dos Amigos;;;goleta;1881_09_16;Santa Maria;;
;;N/A: ;;;Moll;patrón;;;;;De Santa Maria goleta Luice, patron Moll: 800 sacos carbon.;;Luice;;;goleta;1881_09_16;Santa Maria;;
Día XX:;;N/A: ;;;Orbay;cap.;;;;;De la Malata g. Paqueto de Nuevitas, cap. Orbay: 800 8. carbon.;;Paqueto de Nuevitas;;;g.;1881_09_17;Malata;;
;;;;;Mao'p;pat.;;;;;De Bonta Cruz g. Rosa Maria, pat Mao'p. en lastre.;;Rosa Maria;;;g.;1881_09_20;Bonta;;
;;N/A:  | N/A:  | N/A: ;;;Felicó;pat.;;;;;De Dimas g. Especulacion, pat. Felicó 318 sacos de carbon, 46 arrobas de cera, 21 onarterolas miel.;;Especulacion;;;g.;1881_09_20;Dimas;;
;;N/A: ;;;Pujol;pat.;;;;;De Santa Maria g. Nuevo Hilario. pat. Pujol, 800 sacos carbon.;;Nuevo Hilario;;;g.;1881_09_20;Santa Maria;;
;;N/A:  | N/A: ;;;Dabeira;pat.;;;;;De Panta Alegre g. Estrella, pat. Dabeira, 69 palos y 170 caballos le52.;;Estrella;;;g.;1881_09_20;Panta Alegre;;
;;N/A:  | N/A: ;;;Coll;cap.;;;;;De Sagua vapor Cuba, cap. Coll: con 433 tercios tabacos y efectos.;;Cuba;;;vapor;1881_09_21;Sagua;;
;;N/A: ;;;Planas;pat.;;;;;De San Cayetano goleta Maria, patron Planas, 56 piezaa madoras.;;Maria;;;goleta;1881_09_22;San Cayetano;;
;;N/A:  | N/A:  | N/A:  | N/A: ;;;Covas;p.;;;;;De Ortigoan g. Doloritas, p. Covas, 40 pipar, 2 barriJos agnardiento. 20 cajas azúcar y efectos.;;Doloritas;;;g.;1881_09_23;Ortigoan;;
;;N/A: ;;;Gil;p.;;;;;"De Banes g. Nueva Esperanza, p. Gil; 28 bocoƑes vacios.";;Nueva Esperanza;;;g.;1881_09_23;Banes;;
;;N/A: ;;;Grandal;patron;;;;;De Jaimanitas golota José Manuel, patron Grandal: 6,000 ladrillos;;José Manuel;;;golota;1881_09_24;Jaimanitas;;
;;N/A: ;;;Bosch;pat.;;;;;De Cárdenas goleta Rosita, patron, Bosch: 15 pipas Aguardiento.;;Rosita;;;goleta;1881_09_24;Cárdenas;;
;;N/A:  | N/A: ;;;Bonet;patrón;;;;;De Matanzas goleta Ignacita, patron Bonet: 14 cajas Azúcar y efectos.;;Ignacita;;;goleta;1881_09_24;Matanzas;;
;;N/A:  | N/A: ;;;Piñeyro;pat.;;;;;De Cárdenas goleta Cármen, patron Piñeyro: 50114 vino y ofectos.;;Cármen;;;goleta;1881_09_24;Cárdenas;;
;;N/A:  | N/A:  | N/A: ;;;Zaragoza;patrón;;;;;De Cárdenas goleta Isla de Caba, patron Zaragoza, 9 plezas maquinaria, 15 tornillos y efectos.;;Isla de Caba;;;goleta;1881_09_24;Cárdenas;;
;;N/A:  | N/A:  | N/A: ;;;;;;;;;De Trujillo g. Jóven Vicenta, Sim6-600 atravesaños 130 caballos leña y efectos.;;Jóven Vicenta;;;g.;1881_09_25;Trujillo;;
;;N/A: ;;;Calzada;pat.;;;;;De Sagua goleta Júcaro, patron Calzada: 1000 sacos carbon.;;Júcaro;;;goleta;1881_09_27;Sagua;;
;;N/A: ;;;Codina;patron;;;;;De Machado golota Panchita, patron Codina: 1000 sacosidom.;;Panchita;;;golota;1881_09_27;Machado;;
;;N/A:  | N/A: ;;;Visquorra;patrón;;;;;De Matanzas goleta Amalia, patron Visquorra: 165 barriles, 115 sacos harina.;;Amalia;;;goleta;1881_09_27;Matanzas;;
;;N/A: ;;;Barreras;patrón;;;;;De Sierra Morena galeta Segunda Ignacia, patron Barreras: 1280 ascos carbon.;;Segunda Ignacia;;;galeta;1881_09_27;Sierra Morena;;
;;N/A:  | N/A: ;;;Enseñat;pat.;;;;;De Sierra Morena gol. Union, pat. Enseñat, 31 pipa aguardiente y efectos.;;Union;;;gol.;1881_09_29;Sierra Morena;;
;;N/A:  | N/A:  | N/A:  | N/A:  | N/A: ;;;Jerez;p.;;;;;De Calbarien gol. Altagraefa, p. Jerez, 40 caballos lona, palos labrados, 2 pipas, 1 caja cora y efectos;;Altagraefa;;;gol.;1881_09_30;Calbarien;;
;;N/A:  | N/A:  | N/A: ;;;Lopez;pat.;;;;;De Cubañas goleta Caballo Marino, patron Lopez: 115 tereins tabaco, 55 pipas aguardiente y of otos.;;Caballo Marino;;;goleta;1881_10_01;Cubañas;;
;;N/A: ;;;Bernaza;pat.;;;;;De Damas golota Dos Hermanas, patron Bernaza: 800 8308 carbon,;;Dos Hermanas;;;golota;1881_10_01;Damas;;
;;N/A:  | N/A:  | N/A: ;;;Co'omar;patron;;;;;De Manzanillo y Cienfuegos g. Segunda María, patron Co'omar: 355 trozos, 60 tirantes madera y 36 tubos hierro.;;Segunda María;;;g.;1881_10_02;Manzanillo y Cienfuegos;;
Día 01:;;N/A:  | N/A:  | N/A:  | N/A: ;;;Feliz;p.;;;;;De la Mulata g. Dolores, p. Feliz: 41 camas carreta 225 8. carbon, 20 piezas roble y 600 tendidos majagua.;;Dolores;;;g.;1881_10_02;Mulata;;
;;N/A:  | N/A: ;;;Alemany;patrón;;;;;De Matanzas goleta Maria, patron Alemany: 14 pipas aguardiente y efectos.;;Maria;;;goleta;1881_10_04;Matanzas;;
;;N/A: ;;;Pajol;pat.;;;;;"De Banes goleta Sr José, patron Pajol; con 2,500 ladrillos.";;Sr José;;;goleta;1881_10_05;Banes;;
;;N/A: ;;;Bosch;pat.;;;;;De Cárdenas g. Rosita, patron Bosch, 125 pipas aguardiente.;;Rosita;;;g.;1881_10_06;Cárdenas;;
;;N/A:  | N/A: ;;;Colomar;pat.;;;;;De Canasi goleta Flor de Cárdenas, pation Colomar: 19 cajas azúcar y efectos.;;Flor de Cárdenas;;;goleta;1881_10_07;Canasi;;
;;N/A: ;;;Almanza;patrón;;;;;De la Teja golcta Dos Sofias, patron Almanza: 10000 Bacos carbon.;;Dos Sofias;;;golcta;1881_10_07;la Teja;;
;;N/A:  | N/A: ;;;Grandal;p.;;;;;De Calbarien g. Enriqueta, p. Grandal: 200 caballcs lena y efectos.;;Enriqueta;;;g.;1881_10_08;Calbarien;;
;;N/A: ;;;Perdomo;p.;;;;;De Matanzas g. Pepilia, p. Perdomo: 32 plozas madoras.;;Pepilia;;;g.;1881_10_08;Matanzas;;
;;;;;Gavica;cap.;;;;;De Cárdenas y Caibarion vapor Alava, cap. Gavica: con ofectos.;;Alava;;;vapor;1881_10_11;Cárdenas y Caibarion;;
;;N/A:  | N/A:  | N/A:  | N/A:  | N/A: ;;;Rivas;pat.;;;;;"De Nuevitas galeta Dichoss, patron Rivas; 180 atravesaños, 600 caballos lens, 200 sacos carbon, 30,000 tibinies y efectos.";;Dichoss;;;galeta;1881_10_14;Nuevitas;;
;;N/A: ;;;;;;;;;De Bajag. General la Mar, p. Pavia: 1,242 sacos carbon.;;Pavia;;;p.;1881_10_16;Bajag.;;
Día :;;N/A: ;;;Orbay;p.;;;;;De la Mulata g. Paquete de Naevita, p. Orbay: 800 sacos carbon.;;Paquete de Naevita;;;g.;1881_10_16;Mulata;;
;;N/A: ;;;Portilla;pat.;;;;;De Mactan golota Neptuno, patron Portilla: 1,000 sa008 Carben.;;Neptuno;;;golota;1881_10_16;Mactan;;
;;N/A: ;;;Estóban;pat.;;;;;De Sagua goleta Vicenta, pat. Estóban: 900 sacos carbon.;;Vicenta;;;goleta;1881_10_18;Sagua;;
;;N/A: ;;;Colomar;patrón;;;;;De idem goletantonia, patron Colomar: 1000 aacoi carbon.;;;;;goletantonia;1881_10_18;idem;;
;;N/A:  | N/A: ;;;Barceló;pat.;;;;;De Matanzas goleta Desempeño, pat. Barceló: 12,000 pica caoba, una paila.;;Desempeño;;;goleta;1881_10_18;Matanzas;;
Día XX:;;N/A:  | N/A: ;;;Lledó;pat.;;;;;De Rio Blanco, gol. Crisálida, pat. Lledó: 120 piezas maderas y efectos.;;Crisálida;;;gol.;1881_10_18;Rio Blanco;;
;;N/A: ;;;Gomes;pat.;;;;;"De Sierra Morena, gol. Anita, pat. Gomes; 800 sacos carbon.";;Anita;;;gol.;1881_10_18;Sierra Morena;;
;;N/A:  | N/A: ;;;Hernandez;pat.;;;;;Del Morrillo, gol. Britannis, pat. Hernandez, 200.88coя carbon, 100 caballos leña.;;Britannis;;;gol.;1881_10_18;Morrillo;;
;;N/A: ;;;Moil;patron;;;;;De Cana, golota Lince, patron Moil: 700 sucos carbon.;;Lince;;;golota;1881_10_18;Cana;;
;;N/A:  | N/A:  | N/A: ;;;Bidaguren;cap.;;;;;"De Caibarien. vap. Juan Mir, cap. Bidaguren; 2000 tercios tabaco, 176 sacos cá cara y efectos.";;Juan Mir;;;vap.;1881_10_18;Caibarien;;
;;N/A:  | N/A: ;;;Ron-30;cap.;;;;;De Cuba vap. Clara, cap. Ron-30 sacos cacao y efectos.;;Clara;;;vap.;1881_10_19;Cuba;;
;;N/A: ;;;Coll-15;p.;;;;;De Ortigosa g. Doloritas, p. Coll-15 pipas de aguardiente.;;Doloritas;;;g.;1881_10_19;Ortigosa;;
;;N/A:  | N/A: ;;;Planell;p.;;;;;De Bajas g. Salve Virgen Maria, p. Planell-100 sacos carbon, 200 *acoa ośacara.;;Salve Virgen Maria;;;g.;1881_10_19;Bajas;;
;;N/A: ;;;Gomez;p.;;;;;"De Sierra Morona g. Anita; p. Gomez-900 sacos carbon.";;Anita;;;g.;1881_10_19;Sierra Morona;;
;;N/A:  | N/A:  | N/A:  | N/A: ;;;Lopez;p.;;;;;De Cabañas g. Caballo Marino, p. Lopez-377 cajas de azúcar, 50 pipas aguardiente, 75 tercios tabaco y efectos.;;Caballo Marino;;;g.;1881_10_19;Cabañas;;
;;N/A:  | N/A: ;;;Serante;p.;;;;;De Morrillo g. Félix, p. Serante-300 caballos leña y 244 sacos carbon.;;Félix;;;g.;1881_10_19;Morrillo;;
;;N/A: ;;;Mantell;p.;;;;;De Teja g. Manuela, p. Mantell-800 sacos carbon.;;Manuela;;;g.;1881_10_19;Teja;;
;;N/A:  | N/A:  | N/A: ;;;Vich-73;p.;;;;;De Cabanas g. Ntra. Sra. de la Caridad, p. Vich-73 pipas agdte., 40 carriles y efectos.;;Ntra. Sra. de la Caridad;;;g.;1881_10_19;Cabanas;;
;;N/A: ;;;Deulofen;p.;;;;;De idom g. Ntra. Sra. del Carmen, p. Deulofen-40 plpas agdte.;;Ntra. Sra. del Carmen;;;g.;1881_10_19;idom;;
;;;;;Martinez;p.;;;;;De Banes g. Gecilia Alazuela, p. Martinez-12000 toja..;;Gecilia Alazuela;;;g.;1881_10_19;Banes;;
;;N/A: ;;;Vizquorra;p.;;;;;De Rio Blanco g. Paquita, p. Vizquorra-100 piezas maderas.;;Paquita;;;g.;1881_10_19;Rio Blanco;;
;;N/A: ;;;Cobas;p.;;;;;De Canasi g. Vinaros, p. Cobas-120 fanegas maiz.;;Vinaros;;;g.;1881_10_19;Canasi;;
;;N/A:  | N/A:  | N/A: ;;;Ibañez;p.;;;;;De Bagua la Chica g. Marta Coferina, p. Ibañez-305 tercios tabaco, 150 atravesaños y 30 tercios hilo.;;Marta Coferina;;;g.;1881_10_19;Bagua la Chica;;
;;N/A: ;;;Flusac;p.;;;;;De Santa Maria g. Amable Rosita, p. Flusac-800 sacos carbon.;;Amable Rosita;;;g.;1881_10_19;Santa Maria;;
;;N/A:  | N/A: ;;;Simó;pat.;;;;;De Matanzas gta. Seganda Isabo', pat. Simó, con 300 atravesaños, 70 tercios majagua.;;Seganda Isabo';;;gta.;1881_10_20;Matanzas;;
;;N/A:  | N/A:  | N/A: ;;;Herrera;prt.;;;;;De Sagua gta. Mercedita, prt. Herrera, con 13000 pi63 malera, 12 pipas agdte. y efectos.;;Mercedita;;;gta.;1881_10_20;Sagua;;
;;N/A: ;;;Salvat;patrón;;;;;De Sagna goleta Agastina, patron Salvat, 1000 sacos carbon.;;Agastina;;;goleta;1881_10_20;Sagna;;
;;N/A: ;;;Anglada;pat.;;;;;De la Mulata goleta Maria, patron Anglada, con efectos.;;Maria;;;goleta;1881_10_20;Mulata;;
;;N/A:  | N/A:  | N/A:  | N/A:  | N/A: ;;;Bornaza;pat.;;;;;De Manati gta. Tres Hermanas, pat. Bornaza, con 200 caballos leña, 70 piezas caoba, 250 atravesafios, 1900 tiras majagua y ofectos.;;Tres Hermanas;;;gta.;1881_10_20;Manati;;
;;N/A:  | N/A: ;;;Villalonga;pat.;;;;;De Malasaguas gte. Maria Magdalena, pat. Villalonga, con 478 caballos lefia y 4000 ladrillos.;;Maria Magdalena;;;gte.;1881_10_20;Malasaguas;;
;;N/A: ;;;Pagós;pat.;;;;;De Sagua g. Segunda Rosa, pat. Pagós, 1200 sacos de carbon.;;Segunda Rosa;;;g.;1881_10_21;Sagua;;
;;N/A:  | N/A: ;;;Gorrin;pat.;;;;;De Bahia Honda g. Teresita, pat. Gorrin, 37 pipas de aguardiente y efectos.;;Teresita;;;g.;1881_10_21;Bahia Honda;;
;;N/A:  | N/A: ;;;Ventura;pat.;;;;;"De Sagua g. Panchita. pat. Ventura; 400 caballos de lena, 70 arabos";;Panchita;;;g.;1881_10_21;Sagua;;
;;N/A: ;;;Casanova;pat.;;;;;De Cabañas goleta Josefa, patron Casanova, con 200 8. carbon.;;Josefa;;;goleta;1881_10_22;Cabañas;;
;;N/A:  | N/A:  | N/A: ;;;Zaragoza;pat.;;;;;De Cárdenas goleta Isla de Cuba, patron Zaragoza con 10 pacas tabaco, 10 id. carnaza y efectos.;;Isla de Cuba;;;goleta;1881_10_22;Cárdenas;;
;;N/A:  | N/A: ;;;Enseñat;pat.;;;;;De Sierra Morena gta. Unton, patron Enseñat, con, 45 pipas aguardiente y efectos.;;Unton;;;gta.;1881_10_22;Sierra Morena;;
;;N/A: ;;;Pujol;patrón;;;;;De Teja goleta Isabol 2: patron Pujol, 800 aseos carbon.;;Isabol 2;;;goleta;1881_10_23;Teja;;
;;N/A: ;;;Martinez;pat.;;;;;De Teja goleta San Francisco, patron Martinez, 800 Bacos carbon.;;San Francisco;;;goleta;1881_10_23;Teja;;
;;N/A:  | N/A: ;;;Maoip;pat.;;;;;De Santa Cruz g. Rosa Maria, pat. Maoip, 133 cab:-. los leña y 2 piezas maquinari.;;Rosa Maria;;;g.;1881_10_25;Santa Cruz;;
;;N/A:  | N/A:  | N/A:  | N/A:  | N/A: ;;;Earrich;pat.;;;;;De Borracos g. Irenita pat. Earrich, 150 varas madera, 120 atravesaños, 300 cortes de catre, 35 camones de oarre'as. 200 paquetes de tab illas.;;Irenita;;;g.;1881_10_25;Borracos;;
;;N/A:  | N/A: ;;;Otero;pat.;;;;;De Sazna g. Rosita, pat. Otero, f00 sacos carbon 100 oaballos leña.;;Rosita;;;g.;1881_10_25;Sazna;;
;;N/A:  | N/A: ;;;Millares;pat.;;;;;De Rio Percog Morcodita pat. Millares, 200 sacos carbon, 200 polinea.;;Morcodita;;;;1881_10_25;Rio Percog;;
;;N/A:  | N/A: ;;;Garriga;pat.;;;;;Do Jaruco g. Estrella, pat. Garriga, 600 caballos de leña. Dla Teja g. Altagracia, pat. Fernandez. 10:0 sacon carbon.;;Estrella;;;g.;1881_10_25;Jaruco;;
;;N/A:  | N/A:  | N/A: ;;;Arocha;p.;;;;;"De Mariolg. Conchits, p. Arocha; 50 pipas agte., 1 o. sombreros y efectos.";;Conchits;;;gol.;1881_10_26;Mariolg.;;
;;N/A: ;;;Richar;p.;;;;;De Teja g. Paquete Tejano, p. Richar, 400 sacos carbon.;;Paquete Tejano;;;g.;1881_10_26;Teja;;
;;N/A:  | N/A:  | N/A: ;;;Torres;p.;;;;;De S. Cayetano, g. Isabe'ita, p. Torres, 250 caballes leña, 39 s. carbon, 10 torsios tabaco.;;Isabe'ita;;;g.;1881_10_26;S. Cayetano;;
;;N/A:  | N/A: ;;;Duran;p.;;;;;De Mulata g. Buenaventura, p. Duran, 16 terolos tabaoo, 15 fanegas malz.;;Buenaventura;;;g.;1881_10_26;Mulata;;
;;N/A:  | N/A:  | N/A:  | N/A: ;;;Pujol;p.;;;;;De 8. Cayetano g. Carmita, p. Pujol, 300 caballos lea. 70 camones, 70 atravesaños y efectos.;;Carmita;;;g.;1881_10_26;8.;;
;;N/A:  | N/A: ;;;Uribaso;cap.;;;;;De Bahia Honda vap. B. Honda, cap. Uribaso, 2010 tercios tabaco, 180 camones.;;B. Honda;;;vap.;1881_10_26;Bahia Honda;;
;;N/A:  | N/A:  | N/A: ;;;Torres;pat.;;;;;"De Cabañas gol. Maria dol Carmen, pat. Torres; co 204 tercios tabacos, 40 pipas aguardiente y efectos.";;Maria;;;gol.;1881_10_27;Cabañas;;
;;N/A: ;;;Martinez;pat.;;;;;"Do Banes gal. Cecilia Manuela, pat. Martinez; con 10 010 tejas.";;Cecilia Manuela;;;gal.;1881_10_27;Banes;;
;;N/A: ;;;Bernazar;pat.;;;;;"Ds Mantus gol. Dos Hermanas, pat. Bernazar; con 80) sacos caib n";;Dos Hermanas;;;gol.;1881_10_27;Mantus;;
;;N/A:  | N/A:  | N/A:  | N/A: ;;;Planas;pat.;;;;;De Mulata gul. Dolores, pat. Planas: con 39 camas carreta, 300 sacos carbon, 450 tendidos majagua y efeoton.;;Dolores;;;gul.;1881_10_27;Mulata;;
;;N/A: ;;;Lozano;pat.;;;;;"De Jibacoa gol. Jóven Salvador, pat. Lozano; con 40 fanegas maiz.";;Jóven Salvador;;;gol.;1881_10_27;Jibacoa;;
;;N/A:  | N/A: ;;;Llorca;pat.;;;;;"Da Dimas gol. Cármen Nombro de Dios, pat. Llorca; con 139 tercios tabaco y 446 sacos carbon.";;Cármen Nombro de Dios;;;gol.;1881_10_27;Dimas;;
;;N/A: ;;;Amengual;pat.;;;;;"De Dimas gol. Dos Amigos, pat. Amengual; con 1,200 Bacos carbon.";;Dos Amigos;;;gol.;1881_10_27;Dimas;;
;;N/A: ;;;Pajol;pat.;;;;;"De Cano gol. Nuevo Hilario, pat. Pajol; con 800 sacos carbon.";;Nuevo Hilario;;;gol.;1881_10_27;Cano;;
;;N/A: ;;;Pujol;pat.;;;;;"De Banes gol. San José, patron Pujol; con 4,000 la-drillos.";;San José;;;gol.;1881_10_28;Banes;;
;;;;;Gil;pat.;;;;;De Banes g. Naeva Esperanza, pat. Gil, en lastre.;;Naeva Esperanza;;;g.;1881_10_29;Banes;;
;;;;;Covas;pat.;;;;;De Gibanca g. Vinarroz, pat. Covas, on lastro.;;Vinarroz;;;g.;1881_10_29;Gibanca;;
;;N/A: ;;;Zaragoza;pat.;;;;;De la Teja g. Flor do Sagua, pat. Zaragoza, 1600 sacon carbon.;;Flor do Sagua;;;g.;1881_10_29;la Teja;;
;;N/A: ;;;Jordana;pat.;;;;;De idem g. Nuova Providencia, pat. Jordana, 8'0 sacos carbon,;;Nuova Providencia;;;g.;1881_10_29;idem;;
;;N/A:  | N/A: ;;;Piñoyro;pat.;;;;;De Cárdenas g. Cármen, pat. Piñoyro, 5 bocores cobra viejo y efectos.;;Cármen;;;g.;1881_10_29;Cárdenas;;
;;N/A:  | N/A: ;;;Hernandez;patron;;;;;De Matanzas golota Numanoia, patron Hernandez: 411 caballos leña, 15 caballos carbon .;;Numanoia;;;golota;1881_10_30;Matanzas;;
;;N/A:  | N/A:  | N/A: ;;;Herrera;pat.;;;;;De Cárdenas goleta Mercedita, patron Herrera: 5520 varas maderas, 18 pipas aguardiente y  efectos.;;Mercedita;;;goleta;1881_10_30;Cárdenas;;
;;N/A:  | N/A:  | N/A: ;;;Riobo;pat.;;;;;De Carahatas galeta Tres Hermanas, patron Riobo= 437 tercios tabaco. 6 pipas aguardienta y efectos.;;Tres Hermanas;;;galeta;1881_10_30;Carahatas;;
;;N/A: ;;;Ferrer;patrón;;;;;De Sagua goleta M Josefa, patron Ferrer: 1,200 sacom carbon.;;M Josefa;;;goleta;1881_10_30;Sagua;;
;;N/A: ;;;Lopez;pat.;;;;;De Mariol goleta Dominica, patron Lopez: 3 csjas maquinaria.;Dominica;;;;goleta;1881_11_01;Mariol;;
;;N/A:  | N/A: ;;;Deulofen;pat.;;;;;De Cabañas goleta Ntra. Sra. del Carmen, patron Deulofen: 32 pipas aguardiente y efectos.;;Ntra. Sra. del Carmen;;;goleta;1881_11_01;Cabañas;;
;;N/A:  | N/A:  | N/A: ;;;Visquerra;pat.;;;;;De Matanzas golota Amalia, pat. Visquerra: 386 sacos café, 5 tercero as sebo y efectos.;;Amalia;;;golota;1881_11_01;Matanzas;;
;;N/A: ;;;Garola;pat.;;;;;De Toja goleta Leonarda, patron Garola, 810 sacos carbon.;;Leonarda;;;goleta;1881_11_03;Toja;;
;;N/A: ;;;Martinez;p.;;;;;De Banes Bte. Cecilia Manuela, p. Martinez, 10,000 tejas.;;Cecilia Manuela;;;Bte.;1881_11_03;Banes;;
;;N/A:  | N/A: ;;;Felicó;D.;;;;;De Gaanes g, Especulacion, D. Felicó, 40) sacos do carbon, 70 tercios tabaco.;;Especulacion;;;g;1881_11_03;Gaanes;;
;;N/A:  | N/A:  | N/A: ;;;Pellicer;pat.;;;;;De Matanzas golets Emilio, patron Pellicer, 14 plpas agte., 43 sacos manis y efectos.;;Emilio;;;golets;1881_11_03;Matanzas;;
;;N/A: ;;;Grandal;pat.;;;;;De Jaimanitas goleta José Manuel, patron Grandal, 6,500 ladrillos.;;José Manuel;;;goleta;1881_11_03;Jaimanitas;;
;;N/A:  | N/A: ;;;Ponte;pat.;;;;;De Nuevitas goleta Emilia, patron Ponte, 600 atravesaños y efectos.;;Emilia;;;goleta;1881_11_03;Nuevitas;;
;;N/A:  | N/A:  | N/A:  | N/A:  | N/A:  | N/A: ;;;Calvo;pat.;;;;;De Gibara goleta 6 Manuelas, patron Calvo, 500 atrarexaños, 200 caballos leña, 203 sacos maiz  y efectos.;;6 Manuelas;;;goleta;1881_11_03;Gibara;;
;;N/A:  | N/A: ;;;Ron;cap.;;;;;De Cuba vapor Clara, capitan Ron, 55 sacos cacao y efectos.;;Clara;;;vapor;1881_11_03;Cuba;;
;;N/A:  | N/A: ;;;Lloret;p.;;;;;De Mantus g. Angelita, p. Lloret-500 sacos carbon y 7 terolos tabaco.;;Angelita;;;g.;1881_11_04;Mantus;;
;;N/A:  | N/A: ;;;Moll;p.;;;;;De Malasaguas g. Jóven Magdalena, p. Moll-400 caballos leña y atravesaños.;;Jóven Magdalena;;;g.;1881_11_04;Malasaguas;;
;;N/A: ;;;Almansa;pat.;;;;;De la Teja gta. Dos Sofias, patron Almansa, 1200 saces carbon.;;Dos Sofias;;;gta.;1881_11_08;la Teja;;
;;N/A:  | N/A:  | N/A: ;;;Torres28;pat.;;;;;De Cabañas gta. Maria del Carmen, patron Torres28 pipas aguardiente, 130 tercios  tabaco y efectos.;;Maria del Carmen;;;gta.;1881_11_08;Cabañas;;
;;N/A:  | N/A:  | N/A: ;;;Vioh;p.;;;;;De Cabañas g. Ntra. Sra. de la Caridad, p. Vioh, 70 pipas agdte., 20 railes y efectos.;;Ntra. Sra. de la Caridad;;;g.;1881_11_08;Cabañas;;
;;N/A:  | N/A:  | N/A: ;;;Ferrer;p.;;;;;De Playas de San Juan gta. Joaquina, p. Ferrer, 100. palos labrados, 500 caballos  leña.;;Joaquina;;;gta.;1881_11_08;Playas de San Juan;;
;;N/A: ;;;Pujol;pat.;;;;;De Banes goleta San José, patron Pujol, 4000 ladrillos.;;San José;;;goleta;1881_11_08;Banes;;
;;N/A:  | N/A:  | N/A: ;;;Zaragoza;p.;;;;;De Cárdenas g. Isla de Cuba, p. Zaragoza, 230 galones anisete, 8 fardos anela y efectos .;;Isla de Cuba;;;g.;1881_11_08;Cárdenas;;
;;N/A:  | N/A: ;;;Ibañes;pat.;;;;;De Trujillo gta. Marta Ceferina, pat. Ibañes, 540 atravesaños, 50 caballos soga .;;Marta Ceferina;;;gta.;1881_11_08;Trujillo;;
;;N/A: ;;;Grandal;pat.;;;;;De Calbarien gta. Enriqueta, patron Grandal, 60 caballos leña.;;Enriqueta;;;gta.;1881_11_08;Calbarien;;
;;N/A:  | N/A:  | N/A: ;;;Linares;pat.;;;;;De Granadillo g. Maria Zaragoza, pat. Linares, 0 caballes leña, 40 juegos carretas y efectos.;;Maria;;;g.;1881_11_09;Granadillo;;
;;N/A: ;;;Alemany;pat.;;;;;De Sierra Morona g. Matilde, pat. Alemany, 1200 sacos carbon.;;Matilde;;;g.;1881_11_09;Sierra Morona;;
;;N/A: ;;;Roca;pat.;;;;;De la Teja g. Gallego, pat. Roca. 900 sacos carbon.;;Gallego;;;g.;1881_11_10;la Teja;;
;;N/A: ;;;Moner;pat.;;;;;De idem g. Sotia, pat. Moner, 1000 sacos carbon.;;Sotia;;;g.;1881_11_10;idem;;
;;N/A:  | N/A:  | N/A: ;;;Torres;pat.;;;;;De Sierra Morena g. J. Manuel, pat. Torres, 200 sacos carbon, 50 caballos leña y 18 bocoyes azúcar.;;J. Manuel;;;g.;1881_11_10;Sierra Morena;;
;;N/A:  | N/A:  | N/A: ;;;Visquerra;pat.;;;;;"De Cabañas g. Paquita, pat. Visquerra; 10,000 ladrillos y 40 carriles y efectos.";;Paquita;;;g.;1881_11_10;Cabañas;;
;;N/A: ;;;Linares;pat.;;;;;De Sagua g. Armonia, pat. Linares, 1200 sacos de carbon.;;Armonia;;;g.;1881_11_10;Sagua;;
;;N/A: ;;;Villalonga;pt.;;;;;De Sierra Morena g. Teresita, pt. Villalonga, 809 sacos carbon.;;Teresita;;;g.;1881_11_10;Sierra Morena;;
;;N/A: ;;;Bosch;pat.;;;;;De Cárdenas goleta Rosita, patron Bosch: 220 pipas aguardiente.;;Rosita;;;goleta;1881_11_11;Cárdenas;;
;;N/A:  | N/A:  | N/A: ;;;Alemañy;pat.;;;;;De Matanzas goleta Maris, patron Alemañy: 15 plpas aguardiente, 20 cajas jabon y efectos.;;Maris;;;goleta;1881_11_11;Matanzas;;
;;N/A:  | N/A:  | N/A:  | N/A: ;;;Jofre;patrón;;;;;De la Teja goleta Dos Amigos, patron Jofre: 100 atravaaños, 300 sacos carbon, 67 cargaderas y efectos.;;Dos Amigos;;;goleta;1881_11_11;Teja;;
;;N/A:  | N/A:  | N/A: ;;;Sublrat;patrón;;;;;De Moron goleta Paquete de Moron, patron Sublrat: 300 caballos leña, 65 reses y efectos.;;Paquete de Moron;;;goleta;1881_11_11;Moron;;
;;N/A:  | N/A:  | N/A: ;;;Coll;cap.;;;;;De Sagua vapor Caba, capitan Coll: 834 tercios tabacoa, 50 baltos mueblesy ofectca.;;Caba;;;vapor;1881_11_12;Sagua;;
;;N/A: ;;;Ventura;patrón;;;;;De Sagua goleta Panohita, patron Ventura: 1100 sa008 carbon.;;Panohita;;;goleta;1881_11_13;Sagua;;
;;N/A: ;;;Montell;pat.;;;;;Dala Teja g. Manuela, pat. Montell: con 000 sacos carton.;;Manuela;;;g.;1881_11_15;Teja;;
;;N/A: ;;;Gardila;patron;;;;;De ldem g. Magdalena. patron Gardila: 800 sAGOS CATbon.;;Magdalena;;;g.;1881_11_15;ldem;;
;;N/A:  | N/A:  | N/A: ;;;Carbonell;p.;;;;;De Matanzas g. Elvira, p. Carbonell: 750 atados arcos, 14 pipas aguardiente y efectos.;;Elvira;;;g.;1881_11_15;Matanzas;;
;;N/A:  | N/A: ;;;Valent;p.;;;;;De Panta Alegre g. Maria del Carmen, p. Valent: 200 caballos y afectes.;;Maria del Carmen;;;g.;1881_11_15;Panta Alegre;;
;;N/A:  | N/A:  | N/A: ;;;Benajan;p.;;;;;De Dimas g. Margarita, p. Benajan: 353 tercios tababaco, 1300 sacos carbon y efectos.;;Margarita;;;g.;1881_11_15;Dimas;;
;;;;;;;;;;;De Calbarien vapor Alava, ospitan Garica: con efec 08. +;;Alava;;;vapor;1881_11_15;Calbarien;;
;;N/A: ;;;Lorenzo;pat.;;;;;De Sagas goleta Madrilefia, patron Lorenzo: ose carbon.;;Madrilefia;;;goleta;1881_11_16;Sagas;;
;;N/A: ;;;Codina;patron;;;;;De la Teja gole'a Panchita, patron Codina: 1000 sacos carbon.;;Panchita;;;gole'a;1881_11_16;la Teja;;
;;;;;Fios;pat.;;;;;De la Teja, goleta Carmita, patron Fios: 1900 an;;Carmita;;;goleta;1881_11_16;la Teja;;
;;N/A: ;;;Acuña;pat.;;;;;De idem goleta Castilla, patron Acuña: 1000 sa os carbon.;;Castilla;;;goleta;1881_11_16;idem;;
;;N/A: ;;;Bosch;pat.;;;;;De idem balandro Rosa María. patron Bosch: 300 sacos carbon,;;Rosa María;;;balandro;1881_11_16;idem;;
;;N/A:  | N/A:  | N/A: ;;;From Pilisires;Pil;;;;;De Do  Panto Alegre geléia Bat From Pilisires. 60 please madera, 59 sacos corbon, 800 caballes lefts...;;Panto Alegre;;;geléia;1881_11_16;Do;;
;;N/A: ;;;Miralles;pation;;;;;De ide golets Araucana,  pation Miralles. 500;;Araucana;;;golets;1881_11_16;ide;;
;;N/A: ;;;Riera;pat.;;;;;De Sagna goleta San Francisco, patron Riera: 1100 sa 008 carbon.;;San Francisco;;;goleta;1881_11_16;Sagna;;
Día null:;;N/A:  | N/A:  | N/A:  | N/A: ;;;Calafell;pat.;;;;;De Matanzas gol. Dos Hermanas, patron Calafell: 50 bocores aguardiente, 14 pipas idem, 31 terclos tabaco y efectos.;;Dos Hermanas;;;gol.;1881_11_18;Matanzas;;
;;N/A:  | N/A: ;;;;p.;;;;;De Cárdenas gol. Marseite, p. 10 000 TAYOR -de carreta y un moviliario.;;Marseite;;;gol.;1881_11_18;Cárdenas;;
;;N/A:  | N/A: ;;;;;;;;;De idem gol. Isla de Cuba, P. Zaragoza: 3 fardos suela y 6 bombas.;;Isla de Cuba;;;gol.;1881_11_18;idem;;
Día XX:;;N/A: ;;;Orbay;p.;;;;;De la Malata, gol. Paquete Naevitas, p. Orbay: 530 caballos leña.;;Paquete Naevitas;;;gol.;1881_11_18;la Malata;;
;;N/A:  | N/A:  | N/A:  | N/A: ;;;Vidaguon;cap.;;;;;De Sagua y Caibarien vap. Juan Mir, cap. Vidaguon: 561 terofos de tabaco y efectos... De Cárdenas g. Angelita, pat. Cuevas: 350 paquetes duelas, 135 atravesaños, 2 fardos suela y efectos.;;Juan Mir;;;vap.;1881_11_19;Sagua y Caibarien;;
Día null:;;N/A:  | N/A: ;;;Vidaguren;cap.;;;;;De Sagua y Caibarien vap. Juan Mir, cap. Vidaguren: 561 terofos de tabaco y efectos..;;Juan Mir;;;vap.;1881_11_20;Sagua y Caibarien;;
;;N/A:  | N/A:  | N/A:  | N/A: ;;;Cuevas;pat.;;;;;De Cárdenas g. Angelita, pat. Cuevas: 350 paquetes duelas, 135 atravesaños, 2 fardos suela y efectos.;;Angelita;;;g.;1881_11_20;Cárdenas;;
;;N/A:  | N/A: ;;;Gabica;cap.;;;;;De Caibarlen vap. Alava, capitan Gabica, 2 cajas repa y efectos;;Alava;;;vap.;1881_11_22;Caibarlen;;
;;N/A:  | N/A:  | N/A: ;;;Vizquerra;p.;;;;;De Matanzas g. Atealia, p. Vizquerra, 300 arcos, 43 serones tasajo y efectos.;;Atealia;;;g.;1881_11_22;Matanzas;;
;;N/A:  | N/A:  | N/A:  | N/A: ;;;Torres;pat.;;;;;"De Cabañas goluta Maria del Carmen, patron Torres; 149 tercios tabaco, 65 pipas agte, 4 qtles. cobro viejo y efootoa.";;Maria del Carmen;;;goluta;1881_11_22;Cabañas;;
;;N/A:  | N/A:  | N/A: ;;;Tortell;pat.;;;;;De Cárdenas g, Victoria, pat. Tortell, 12 bocoyes de azúcar, 2 fardos suela y efectos.;;Victoria;;;g;1881_11_23;Cárdenas;;
;;N/A:  | N/A:  | N/A: ;;;Molondro;cap.;;;;;De Mantua vapor Gaaniguanico, cap. Molondro, 1613 terelos tabaco. 15 marquetes cora y efectos.;;Gaaniguanico;;;vapor;1881_11_23;Mantua;;
;;;;;Simé;pat.;;;;;De Bagus g. Seganda Isabel, pat. Simé, 1500 8603 de que bona afecten.;;Seganda Isabel;;;g.;1881_11_24;Bagus;;
;;N/A:  | N/A: ;;;Zaragoza;pat.;;;;;De Cárdenas g. Isla de Cabs, pat. Zaragoza, 20 terolos tabaco, 14 pipas aguardiente efontos.;;Isla de Cabs;;;g.;1881_11_24;Cárdenas;;
;;N/A: ;;;Martines;pat.;;;;;De Baracos g. Uscilia y Manuela, pat. Martines, con 10,000 tejas.;;Uscilia y Manuela;;;g.;1881_11_24;Baracos;;
;;N/A: ;;;Sanchez;pat.;;;;;De idem g, San Antonio, pat. Sanchez, 73 tercios de tabaco refe.tos.;;San Antonio;;;g;1881_11_24;idem;;
;;N/A: ;;;L'edó;pat.;;;;;De Rio Bianco g. Crisalida, pat. L'edó, 13,000 plés madera.;;Crisalida;;;g.;1881_11_24;Rio Bianco;;
;;N/A: ;;;Torres;cap.;;;;;De Rio Blanco berg. Pepe, cap. Torres, 190 piezaa madera, de pino.;;Pepe;;;berg.;1881_11_25;Rio Blanco;;
;;N/A: ;;;Arocha;pat.;;;;;De Cabañas gta. Conohita, patron Arocha, 38 ripas aguardiente.;;Conohita;;;gta.;1881_11_25;Cabañas;;
;;N/A: ;;;Pajes;pat.;;;;;De Sagus gta. Seganda Rosa, patron Pajes, 1,200 sacon carbon.;;Seganda Rosa;;;gta.;1881_11_25;Sagus;;
;;N/A: ;;;Lopez;p.;;;;;De Mariel gta. Dominica, p. Lopez, 66 cortes de yugo madera vieja y de vuelta.;Dominica;;;;gta.;1881_11_25;Mariel;;
;;N/A: ;;;Martinez;p.;;;;;De Teja gta. San Francisco. p. Martinez, 800 sacos ca: boo.;;San Francisco.;;;gta.;1881_11_25;Teja;;
;;N/A: ;;;Ulbay;p.;;;;;De idem gta. Jóven Oataliną, p. Ulbay, 603 sasos carbon.;;Jóven Oataliną;;;gta.;1881_11_25;idem;;
;;N/A: ;;;Ulbay;pat.;;;;;De idem gta. Antonica, patron Ulbay, 600 sacos carbou.;;Antonica;;;gta.;1881_11_25;idem;;
;;N/A: ;;;Torres;pat.;;;;;De San Cayetano gta. Isabelita, patron Torres, 370 caballos leña.;;Isabelita;;;gta.;1881_11_25;San Cayetano;;
;;N/A: ;;;;pat.;;;;;De Mántas golets Neptuno, pat. Pa: 10 a008 carbon.;;Neptuno;;;golets;1881_11_26;Mántas;;
;;N/A: ;;;Flusao;pat.;;;;;De Mantua, goleta Amable Rosita, pat. Flusao: 10:0 8. carbon.;;Amable Rosita;;;goleta;1881_11_26;Mantua;;
;;N/A:  | N/A: ;;;Herrera;pat.;;;;;De Cárdenas gta. Mercedita, pat. Herrera, 30 pipas aguardiente y efecto.;;Mercedita;;;gta.;1881_11_29;Cárdenas;;
Día XX:;;N/A:  | N/A: ;;;Piñeyro;pat.;;;;;De Cárdenas gol. Cármen, pat. Piñeyro: con 24 pipas aguardiente y efectos.;;Cármen;;;gol.;1881_11_30;Cárdenas;;
Día XX:;;N/A: ;;;Suao;pat.;;;;;De Playas de San Juan gol. Habanera, pat. Suao: con 800 sacos carbon.;;Habanera;;;gol.;1881_11_30;Playas de San Juan;;
;;N/A: ;;;Pujol;pat.;;;;;De Teja gol. Isabel II, patron Pujol: con 200 sacos oarbon.;;Isabel II;;;gol.;1881_11_30;Teja;;
Día XX:;;N/A: ;;;Toro;pat.;;;;;De Vagus gol. Rita Fortuna, pat. Toro: con 1,300 sacos carbon y efectas..;;Rita Fortuna;;;gol.;1881_11_30;Vagus;;
;;N/A:  | N/A: ;;;Bosch;pat.;;;;;De Cárdenas gol. Rosita, pat. Bosch: con 200 pipas águardiente y efectos.;;Rosita;;;gol.;1881_11_30;Cárdenas;;
;;N/A:  | N/A: ;;;Cnovas;pat.;;;;;"De idem gol. Angelita, pat. Cnovas; con 50 cajas frutas y efectos.";;Angelita;;;gol.;1881_11_30;idem;;
Día XX:;;N/A:  | N/A: ;;;Vich;pat.;;;;;De Cabañas gol. Ntra. Sra. de la Caridad, pat. Vich: con 40 pipas aguardiente y efectos.;;Ntra. Sra. de la Caridad;;;gol.;1881_11_30;Cabañas;;
;;N/A:  | N/A: ;;;Macip;pat.;;;;;De Santa Cruz gol. Rosa Maris, pat. Macip: con 10 paquetes tornillos y efectos.;;Rosa Maris;;;gol.;1881_11_30;Santa Cruz;;
;;N/A: ;;;Hernandez;pat.;;;;;De Teja gol. Altagracia, pat. Hernandez: con 1,00088008 carbon.;;Altagracia;;;gol.;1881_11_30;Teja;;
;;N/A:  | N/A: ;;;Gorordo;cap.;;;;;De Calbarien y Sagun vapor Juan Mir: cap. Gorordo: con 103 terolos tabacos y efectos.;;Juan Mir;;;vapor;1881_11_30;Calbarien y Sagun;;
;;N/A:  | N/A: ;;;Coll;cap.;;;;;De 8agua vapor Cuba, cap. Coll: con 411 terolos taba00 y efectos.;;Cuba;;;vapor;1881_11_30;8agua;;
;;N/A:  | N/A: ;;;Riobo;pat.;;;;;Carahatas gol. Tres Hermanas, pat. Riobo: con 113 terolos tabaco y efectos.;;Tres Hermanas;;;gol.;1881_11_30;Carahatas;;
;;N/A: ;;;Otero-960;p.;;;;;De idem g. Rosits, p. Otero-960 a..carbon.;;Rosits;;;g.;1881_12_01;idem;;
;;N/A:  | N/A:  | N/A: ;;;Fernandez;p.;;;;;De Morrillo g. 'Britania. p. Fernandez-376 caballos leña, 350 a. carbon y efe tos;;Britania;;;g.;1881_12_01;Morrillo;;
;;N/A:  | N/A:  | N/A: ;;;Millares-200;p.;;;;;De Margajitas g Mercedita, p. Millares-200 81008 carbon, 150 caballos leña y ofectos.;;Mercedita;;;g;1881_12_01;Margajitas;;
;;N/A:  | N/A: ;;;Carbonell;pat.;;;;;De Matanzas goleta Elvira, patron Carbonell: 25000 arcos, 5690 telas francesRA;;Elvira;;;goleta;1881_12_02;Matanzas;;
;;N/A: ;;;Juan;pat.;;;;;De Cabañas balandro Roaita, patron Juan: 50 pipaa aguardiente.;;Roaita;;;balandro;1881_12_02;Cabañas;;
;;N/A: ;;;Covas;pat.;;;;;De Jaimanitas balandro Vinarós, patron Covas: 5000 ladrillos.;;Vinarós;;;balandro;1881_12_02;Jaimanitas;;
;;N/A: ;;;Segal;pat.;;;;;"De Cans goleta Margarita, patron Segal; 800 sacos carbon.";;Margarita;;;goleta;1881_12_02;Cans;;
;;N/A: ;;;Serante;pat.;;;;;De Morrillo goleta Feliz, patron Serante: 600 caballos loña.;;Feliz;;;goleta;1881_12_02;Morrillo;;
;;N/A:  | N/A: ;;;Pojol;pat.;;;;;"De San Cayetano goleta Carmita, patron Pojol; 95 terelos tabaco, 500 varas maderas.";;Carmita;;;goleta;1881_12_02;San Cayetano;;
;;N/A: ;;;Gil;pat.;;;;;De Banes goleta Nueva Esperanza, pat. Gil: 10 sacos Broua.;;Nueva Esperanza;;;goleta;1881_12_03;Banes;;
;;N/A: ;;;Pujol;pat.;;;;;De Baracoa, goleta San José, pat. Pujol: 100 caballos loña.;;San José;;;goleta;1881_12_03;Baracoa;;
;;N/A: ;;;Ritában;pat.;;;;;De Sagua, go'. Vicenta, pat. Ritában! 799 8. várbon, 30 cabelos (opa.;;Vicenta;;;go'.;1881_12_03;Sagua;;
;;N/A:  | N/A: ;;;Gorrin;pat.;;;;;Do Bahia Honda, gol. Franciaca, pat. Gorrin: 40 pipis aguardiente, 100 caballos lens.;;Franciaca;;;gol.;1881_12_03;Bahia Honda;;
;;N/A:  | N/A:  | N/A:  | N/A:  | N/A: ;;;Sevilla;pat.;;;;;Do Manzanillo, gol. Segunda Cantinera, pat. Sevilla, 600 tablas cedro, 233 camas carreta, 113 piezas majagus, 20 cedros, 40 os mais y efectos.;;Segunda Cantinera;;;gol.;1881_12_03;Manzanillo;;
Día XX:;;N/A:  | N/A:  | N/A: ;;;Fernandeà;pat.;;;;;De Guadiana rol. Nueva Concha, pat. Fernandeà: 300 tercios tabaco, 200 caballos leña, 26 atravesaños.;;Nueva Concha;;;rol.;1881_12_03;Guadiana;;
;;N/A:  | N/A: ;;;Martines;p.;;;;;De Banes g. Cecilia Manuela, p. Martines: 8,000 la drillos y efectos.;;Cecilia Manuela;;;g.;1881_12_04;Banes;;
;;N/A: ;;;Hernandes;p.;;;;;De Playas de Paquete g. Encarnacion, p. Hernandes: 800 s. carbou.;;Encarnacion;;;g.;1881_12_04;Playas de Paquete;;
;;N/A: ;;;Ruiz;p.;;;;;De Dimas g. Isabelita, p. Ruiz: 800 a. carbon.;;Isabelita;;;g.;1881_12_04;Dimas;;
;;N/A:  | N/A:  | N/A:  | N/A: ;;;Torres;p.;;;;;De I lem g. Maria del Carmen. p..Torres, 36 pipas aguardiente, 180 barolos tabaco, 52 s. malz y efectos.;;Maria del Carmen;;;g.;1881_12_06;I lem;;
;;N/A: ;;;Fourodana;p.;;;;;De Teja g. Nva. Providencia p. Fourodana, 800 sacos carbon.;;Nva. Providencia;;;g.;1881_12_06;Teja;;
;;N/A: ;;;Loropz;patrón;;;;;De Segua goleta Trafalgar, patron Loropz, 1700 kan 028 carbon.;;Trafalgar;;;goleta;1881_12_06;Segua;;
;;N/A: ;;;;p.;;;;;De Muuta g Pte. de Nuorites, p. O bar. <80 8. car bon, 500 caballos teña.;;Pte. de Nuorites;;;g;1881_12_06;Muuta;;
;;;;;Inolan;pat.;;;;;"De Cabañas gol. Josefa, pat Inolan; en lastre.";;Josefa;;;gol.;1881_12_07;Cabañas;;
;;N/A: ;;;Barrero;pat.;;;;;Do 8iorra Morena gol. 2 Ignacita, pat. Barrero, con 1,410 sacos carbon.;;2 Ignacita;;;gol.;1881_12_07;8iorra;;
;;N/A:  | N/A: ;;;Lopez;pat.;;;;;"De Cabañas gol. Caballo Marino, pat. Lopez; con 30 pipas aguardiente y 3 cajas maquinaria.";;Caballo Marino;;;gol.;1881_12_07;Cabañas;;
;;;;;Coll-8000;pat.;;;;;De Baracoa goleta Doloritas, patron Coll-8000 ladri1108.;;Doloritas;;;goleta;1881_12_10;Baracoa;;
;;;;;Lopez;pat.;;;;;De Dominica goleta Dominica, patron Lopez-on lastro.;Dominica;Dominica;;;goleta;1881_12_10;Dominica;;
;;;;;Jaap;patron;;;;;De Cabañas ba'andro Rosita, patron Jaap en las tre.;;Rosita;;;ba'andro;1881_12_10;Cabañas;;
;;;;;Palmer;p.;;;;;De Mariel goleta Diez de Agosto, p. Palmer-en lastro.;;Diez de Agosto;;;goleta;1881_12_10;Mariel;;
;;N/A:  | N/A: ;;;Pellicer;patron;;;;;De Matanzas golota Emillo, patron Pellicer-2000 barriles harion y efectos.;;Emillo;;;golota;1881_12_10;Matanzas;;
;;N/A: ;;;Grandal;pat.;;;;;De Banes goleta Jořé Manuel, patron Grandal-3500 ladrillos.;;Jořé;;;goleta;1881_12_10;Banes;;
;;N/A: ;;;Bosch;pat.;;;;;De Cárdenas goleta Rosita, patron Bosch-170 pipas aguardiente.;;Rosita;;;goleta;1881_12_10;Cárdenas;;
;;N/A:  | N/A: ;;;Snarez-750;patrón;;;;;De Playas de San Joan goleta Ignacia Aleman, patron Snarez-750 atravesatios y 10 caballos de majagua.;;Ignacia Aleman;;;goleta;1881_12_10;Playas de San Joan;;
;;;;;Martin;pat.;;;;;De Banes goleta Joven Salvador, patron Martin-7000: ladri.los.;;Joven Salvador;;;goleta;1881_12_10;Banes;;
;;N/A:  | N/A: ;;;Sanchez;p.;;;;;De Mariel balandro San Antonio, p. Sanchez-111 tercios tabaco y al caballos leña.;;San Antonio;;;balandro;1881_12_10;Mariel;;
;;N/A: ;;;Lledó;p.;;;;;De Rio Blanco g. Crisalida, p. Lledó-130 piezas pino de tea.;;Crisalida;;;g.;1881_12_11;Rio Blanco;;
;;N/A:  | N/A: ;;;Lloret;p.;;;;;De Dimas g. Angelita, p. Lloret-86 tercios tabaco y 450 s. carbon.;;Angelita;;;g.;1881_12_11;Dimas;;
;;N/A: ;;;Moner;p.;;;;;De la Toja g. Sofis, p. Moner: 1000 a. carbon,;;Sofis;;;g.;1881_12_13;la Toja;;
Día XX:;;N/A:  | N/A: ;;;Moll;p.;;;;;De Malas Aguas g. Magdalena: p. Moll: 100 caballos leña, 100 mirsgaanos.;;Magdalena;;;g.;1881_12_13;Malas Aguas;;
;;N/A:  | N/A:  | N/A: ;;;Valent;p.;;;;;"De Cárdenas g. Maria del Carmen, p. Valent; 40 pipas aguardiente, 40 teroics tabaco y efectos.";;Maria del Carmen;;;g.;1881_12_13;Cárdenas;;
;;N/A: ;;;Almanza;p.;;;;;De la Toja g. Dos 8:fiss, p. Almanza: 1000 sacos carDon.;;Dos;;;g.;1881_12_13;la Toja;;
;;N/A:  | N/A:  | N/A: ;;;Jofré;p.;;;;;De Idem g. Dos Amigos, p. Jofré: 850 atravesañon: 400 carbon, 660 vatas madera y efectos.;;Dos Amigos;;;g.;1881_12_13;Idem;;
Día XX:;;N/A:  | N/A: ;;;Vich;p.;;;;;De Cabañas g. Ntra. Sra. de la Caridad, p. Vich: 5000 ladril'or, 12 s. carbon.;;Ntra. Sra. de la Caridad;;;g.;1881_12_13;Cabañas;;
;;N/A:  | N/A:  | N/A: ;;;Alemañy;p.;;;;;De Rio Blanco g. Almanas, p. Alemañy: 900 varas maderas, 400 paquetes tablillas y efectos.;;Almanas;;;g.;1881_12_13;Rio Blanco;;
;;N/A:  | N/A:  | N/A: ;;;Torres;p.;;;;;De Cabas g. Maria del Carmen, p. Torres: 38 tercios tabacos, 40 pipas aguardiente y efectos.;;Maria del Carmen;;;g.;1881_12_13;Cabas;;
;;N/A:  | N/A:  | N/A: ;;;Bonet;p.;;;;;De Matanzas g. Ignacita, p. Bonet, 34 seronos taarjo, 63 cajas jabon y efectos.;;Ignacita;;;g.;1881_12_13;Matanzas;;
;;N/A:  | N/A: ;;;Alemany;p.;;;;;De Matua g. Dos Amigos, p. Alemany: 503 toreios de tabase, 400 s. carbon.;;Dos Amigos;;;g.;1881_12_13;Matua;;
;;N/A:  | N/A: ;;;Ibañez;p.;;;;;De Granadillo g. Marta Celerina, pak. Ibañez: 20 jnegea carreta, 150 caballos lexa. - De Playas de San Juan g. 2º Gertrudis, p. Mayane. 900 a. carbon.;;Marta Celerina;;;g.;1881_12_13;Granadillo;;
;;N/A: ;;;Miroles;p.;;;;;De Bierra Morena gol. Enriqueta Jesela, p. Miroles. 660 anos carbon.;;Enriqueta Jesela;;;gol.;1881_12_13;Bierra Morena;;
Día XX:;;N/A:  | N/A:  | N/A: ;;;Gorea;p.;;;;;De Guares g. Cármen Nombre de Dice: p. Gorea: 200 varas maderas, 100 caballos leña, 200 guano.;;Cármen Nombre de Dice;;;g.;1881_12_13;Guares;;
;;N/A:  | N/A: ;;;Banto;p.;;;;;De Carahatas g. Teresita, p. Banto Domingo 126 terolos abaco y efectos.;;Teresita;;;g.;1881_12_13;Carahatas;;
;;N/A:  | N/A: ;;;Pavia;p.;;;;;De Bajas g. General la Mar, p. Pavia: 1900 a. carbon 300 caballos lena.;;General la Mar;;;g.;1881_12_13;Bajas;;
;;;;;Paula;pat.;;;;;De Blerra Morena, goleta Bofia, pat. Paula on lastre.;;Bofia;;;goleta;1881_12_14;Blerra Morena;;
;;N/A: ;;;Pujol;patrón;;;;;"De Baracoa, goleta Ben José, patron Pujol ; 5000 ladrillos.";;Ben José;;;goleta;1881_12_14;Baracoa;;
;;N/A: ;;;Dans;pat.;;;;;"De Bagua, goleta Josefa Coruneza, patron Dans; 1500";;Josefa Coruneza;;;goleta;1881_12_14;Bagua;;
;;N/A: ;;;Urbaş;patrem;;;;;De la Teja, goleja J. Catalina, patrem Urbaş: 600;;J. Catalina;;;goleja;1881_12_14;la Teja;;
Día 1903:;null;N/A: ;;;Colomar;pat.;;;null;;De Bagus goista Cpadita, patron Colomar, 1903 con 8. caj bon.;;Cpadita;;;goista;1881_12_15;Bagus;;
;;N/A: ;;;Martinez;pat.;;;;;De Baracoa gol. Coollia Manuela, pat. Martinez: .com 3,co ladrillos. Da Gaanes gol. Especulacion, pat. Felicó: oon 300 ter Bios tabace y 12 sacos carbon. De Baracoa gel. Dios de Agosto, patron Rojas: en Lantre De Mariel gol. Jóven Pilar, pat. Alemany: con l'caja maquinaria. Da Matanzas gol. Maria, pat. Alemany: con 100 barria harina, 37 serones tanajo, 14 pipas aguardiente y footos. De Cabañas bdro. Rosita, pat. Juan: con 20 pipas aguardiente y efect s Da idem gol. Josefa, pat. Inolan: con 47 tercios tabaco 15 pipas sguardiente. Da idem gol. (aballo Marino, pat. Lopez: con 20 plas aguardiente. De Cano gol. Lince, pat. Moll: con 800 sacos carbon.;;Coollia Manuela;;;gol.;1881_12_16;Baracoa;;
;;N/A: ;;;Bosch-'45;patrón;;;;;De ldem goleta Rosits, patron Bosch-'45 pipas aKaardiente.;;Rosits;;;goleta;1881_12_17;ldem;;
;;;;;Piñssrd-'0;patrón;;;;;De idem goleta Cármen, patron Piñssrd-'0 bocopes astrar y efectos.;;Cármen;;;goleta;1881_12_17;idem;;
;;N/A: ;;;Joy;pat.;;;;;De Sierra Morena goleta Tres Hermananas, patron Joy 800 sacos ossbon,;;Tres Hermananas;;;goleta;1881_12_17;Sierra Morena;;
;;N/A:  | N/A:  | N/A:  | N/A: ;;;Planas-f0;pat.;;;;;De Malata geleta Dolores, patron Planas-f0) atravesaños, 100 sacos carbon, 20 fanegas maiz, 500 sogas de majagua y efectos.;;Dolores;;;geleta;1881_12_17;Malata;;
;;N/A:  | N/A: ;;;;p.;;;;;De Mulata goleta Maria, p. Anglaia-300 fanegas de mais y efectos.;Anglaia;Maria;;;goleta;1881_12_17;Mulata;;
;;N/A:  | N/A: ;;;Calafell;p.;;;;;De Matanzas goleta Hermanas, p. Calafell, 41 boys. aznear, 113 torcie tabaco y efectos.;;Hermanas;;;goleta;1881_12_20;Matanzas;;
Día null:;;N/A:  | N/A:  | N/A: ;;;Tortel;pat.;;;;;De Cárdenas goleta Victoria, pat. Tortel: 8 fardos anels, 1 mobillario y efector.;;Victoria;;;goleta;1881_12_21;Cárdenas;;
;;N/A:  | N/A: ;;;Torres;pat.;;;;;Do Cabañas gol. Maria del Carmen, pat. Torres: con 116 terolos tabaco y 10 pipas aguardiente.;;Maria del Carmen;;;gol.;1881_12_22;Cabañas;;
;;N/A:  | N/A:  | N/A: ;;;Fraragesa;pat.;;;;;De Cárdenas gol. Isla de Cuba, pat. Fraragesa: con 40 torolos tabacos, 10 cantos y efector.;;Isla de Cuba;;;gol.;1881_12_22;Cárdenas;;
;;;;;Colomer;pat.;;;;;Do Canasi gol. Flor de Ciadenas, pat. Colomer: en lastre.;;Flor de Ciadenas;;;gol.;1881_12_22;Canasi;;
;;N/A: ;;;Inclán;pat.;;;;;De Cabañas goleta Josefa, patron Inclán: 13 pipas aguardiente.;;Josefa;;;goleta;1881_12_23;Cabañas;;
;;;;;Arooha;pat.;;;;;De idem goleta Conchita, patron Arooha eco ladri110.;;Conchita;;;goleta;1881_12_23;idem;;
Día 31:;;N/A:  | N/A: ;;;Grandal;pat.;;;;;De Meron goleta Kuriqueta, patron Grandal: 31 toTos y 400 caballos leña.;;Kuriqueta;;;goleta;1881_12_23;Meron;;
;;N/A: ;;;Mariño;p.;;;;;De la Toja g. Castilla, p. Mariño: 100 s. carbon, $00 atravesaños.;;Castilla;;;g.;1881_12_24;la Toja;;
;;N/A: ;;;Martines;p.;;;;;De Baracoa g. Cecilia Manne's, p. Martines: 8000 lai drillos.;;Cecilia Manne's;;;g.;1881_12_24;Baracoa;;
;;N/A: ;;;Mantell;patrón;;;;;De la Toja gelota Manuela, patron Mantell: 800 MABON carbon.;;Manuela;;;gelota;1881_12_24;la Toja;;
;;;;;Visguerra;p.;;;;;De Cabañas g. Paquita, p. Visguerra: en lasize,;;Paquita;;;g.;1881_12_24;Cabañas;;
Día 18:;;N/A: ;;;Pollicer;pat.;;;;;De Matanzas g. Emilio pat. Pollicer: 18 hoooyes astiCBT.;;Emilio;;;g.;1881_12_24;Matanzas;;
;;N/A: ;;;Garcia;pat.;;;;;De la Teja gol, Leonards, pat. Garcia: 400 sacos carbon.;;Leonards;;;gol;1881_12_24;la Teja;;
;;N/A: ;;;Gomes;;;;;;De Blerra Morena goleta Anita, pason Gomes: 200 8. carbon.;;Anita;;;goleta;1881_12_24;Blerra;;
;;N/A: ;;;Alemañy;pat.;;;;;"De Matanzas, goleta Maria; pat. Alemañy: 19 pipas aguardiente.";;Maria;;;goleta;1881_12_25;Matanzas;;
;;N/A: ;;;Jofre;pat.;;;;;De Cárdenas, goleta Rosita pat. Jofre: 215 pipas a guardiente.;;Rosita;;;goleta;1881_12_25;Cárdenas;;
Día null:;null;;;;Pajes;pat.;;;null;;"De Bagus, goleta Segunda Rosa, pat. Pajes; 1900";;Segunda Rosa;;;goleta;1881_12_25;Bagus;;
;;N/A:  | N/A:  | N/A:  | N/A:  | N/A: ;;;Bonet;patrón;;;;;De Matanzas goleta Ignacita, patron Bonet: 100 bgooyes azdoar, 98 aerones tagajo, 119 terelos tabaco, 8 pipas aguardiente y efectos.;;Ignacita;;;goleta;1881_12_28;Matanzas;;
;;N/A: ;;;Valenk;patrón;;;;;De Dardenas go:eta Maria del Carmen, patron Valenk 10 tercerolas manteca.;;Maria del Carmen;;;go:eta;1881_12_28;Dardenas;;
;;N/A: ;;;Pafol;pat.;;;;;De Jaruco goleta Golondrina, patron Pafol: 200 caballos leña.;;Golondrina;;;goleta;1881_12_28;Jaruco;;
;;N/A: ;;;Pajol;pat.;;;;;De Banes golets San José, patron Pajol: 4000 ladri-. llos.;;San José;;;golets;1881_12_28;Banes;;
Día 01:;;N/A:  | N/A: ;;;Santo Domiugo;pat.;;;;;De Carabatas goleta Teresita, patron Santo Domiugo: 496 88008 asdoar y efectos.;;Teresita;;;goleta;1881_12_28;Carabatas;;
;;N/A:  | N/A:  | N/A:  | N/A: ;;;Calvo;patrón;;;;;De Gibara goleta Bela Manuelas, patron Calvo: 1000 caballos leña, 1000 estacas, 300 sacos carbon, 100 atraTeBADOS.;;Bela Manuelas;;;goleta;1881_12_28;Gibara;;
;;N/A: ;;;Maten;patrón;;;;;De la Teja goleta Cataline, patron Maten: 800 $4,000 carbon.;;Cataline;;;goleta;1881_12_28;la Teja;;
;;;;;Zaragoza;pat.;;;;;De Cárdenas geleta Flor de Sagan, patron Zaragoza: on lastre.;;Flor de Sagan;;;geleta;1881_12_28;Cárdenas;;
;;N/A:  | N/A: ;;;Mojica;patrón;;;;;De Plagas de San Juan goleta Brigida, patron Mojica: 450 atravesafios, 400 caballos lena.;;Brigida;;;goleta;1881_12_28;Plagas de San Juan;;
;;;;;Lesane;pat.;;;;;De Jaimanitas goleta Joven Salvador, patron Lesane:;;Joven Salvador;;;goleta;1881_12_28;Jaimanitas;;
;;;;;Villalonga;pat.;;;;;De Mariel goleta Maria Magdalena, patrem Villalonga, on lastre..;;Maria Magdalena;;;goleta;1881_12_28;Mariel;;
;;N/A: ;;;Montell;patrón;;;;;De la Teja goleta Magdalena, patron Montell, 80? sa cos carbon.;;Magdalena;;;goleta;1881_12_28;Teja;;
;;N/A: ;;;Cartell;pat.;;;;;"De Cárdenas gol. Chita, patron Cartell; 250 bocoysa asicer.";;Chita;;;gol.;1881_12_28;Cárdenas;;
;;;;;LoDe Banoë;pat.;;;;;De Osbokse goleta Caballo Marino, patron LoDe Banoë gelain Naava Repormm, paiton;;Caballo Marino;;;goleta;1881_12_28;Osbokse;;
;;N/A:  | N/A: ;;;Cabres;p.;;;;;De S. Moreno g. Union, p. Cabres, 350 s., 32 byes. azácar y efectos.;;Union;;;g.;1881_12_30;S. Moreno;;
;;N/A:  | N/A: ;;;Torres;p.;;;;;De Cabañas g. Ma del Carmen, p. Torres, 30 pp. agto... 59 bras. azúcar.;;Ma del Carmen;;;g.;1881_12_30;Cabañas;;
;;N/A: ;;;Playro;p.;;;;;De Cárdenas g. Cármen, p. Playro, 135 bocores azdoar.;;Cármen;;;g.;1881_12_30;Cárdenas;;
;;N/A: ;;;Ventura;patron;;;;;De Sagua g. Panchita, patron Ventura, 896 sacos car. bon.;;Panchita;;;g.;1881_12_30;Sagua;;
