arrival_date;arrival_date_calc;cargo_list;crew_number;forced_arrival;master_name;master_role;parsed_text;passenger_account;publication_day;quarantine;raw_text;ship_flag;ship_name;ship_tons_capacity;ship_tons_unit;ship_type;source_file;travel_departure_port;travel_duration_unit;travel_duration_value
Día XX:;;N/A:  | N/A: ;;;Albóniga;cap.;;;;;De Cuba y escalas vap. Avilés, cap. Albóniga: con 289 sacos cocos, 25 sacos cacao y efectos.;;Avilés;;;vap.;1887_01_04;Cuba;;
;;N/A:  | N/A:  | N/A: ;;;Planas;pat.;;;;;Mulata gol. Dolores, pat. Planas: con 100 sacos carbón, 300 varas madera y 300 tendidos hilo maquena.;;Dolores;;;gol.;1887_01_04;;;
Día :;;N/A: ;;;Jerez;pat.;;;;;Yaguajay gol. Trafalgar, pat. Jerez: con 39,673 pies madera.;;Trafalgar;;;gol.;1887_01_04;Yaguajay;;
Día null:;;N/A: ;;;Toneido;pat.;;;;;Morillo gol. Britania, pat. Toneido: con 350 sacos azúcar.;;Britania;;;gol.;1887_01_04;Morillo;;
;;N/A:  | N/A:  | N/A: ;;;Valent;pat.;;;;;Cárdenas gol. Mª del Carmen, pat. Valent: con 785 sacos azúcar, 50 pipas aguardiente y efectos.;;Mª del Carmen;;;gol.;1887_01_04;Cárdenas;;
;;N/A: ;;;Barreras;pat.;;;;;Sierra Morena gol. América, pat. Barreras: con 1,200 sacos carbón.;;América;;;gol.;1887_01_04;;;
;;N/A:  | N/A:  | N/A: ;;;Bombi;cap.;;;;;De Caibarien vap. Alava, cap. Bombi: con 507 tercios tabaco, 1.500 sacos azúcar y efectos.;;Alava;;;vap.;1887_01_05;Caibarien;;
;;;;;Ochoa;cap.;;;;;De Cuba y escalas vap. Ramon Herrera, cap. Ochoa;;Ramon Herrera;;;vap.;1887_01_06;Cuba;;
;;N/A:  | N/A:  | N/A: ;;;Morantes;pat.;;;;;De Mariel gol. Altagracia, pat. Morantes: con 40 bo- coyes azúcar, 85 tercios tabaco y efectos.;;Altagracia;;;gol.;1887_01_08;Mariel;;
;;;;;Gil;pat.;;;;;—Banes gol. Josefa pat. Gil: en lastre.;;Josefa;;;gol.;1887_01_08;Banes;;
;;N/A:  | N/A:  | N/A:  | N/A: ;;;Cuevas;pat.;;;;;—Cárdenas gol. Angélica, pat. Cuevas: con 40 bo-coyes y 200 sacos azúcar, 70 tercios tabaco y efectos.;;Angélica;;;gol.;1887_01_08;Cárdenas;;
;;N/A:  | N/A:  | N/A: ;;;Olaguibel;cap.;;;;;—Sagua vap. Adela, cap. Olaguibel: con 24 pipas aguardiente, 21 tercios tabaco y efectos.;;Adela;;;vap.;1887_01_08;Sagua;;
Día :;;N/A: ;;;Urrutibesa;cap.;;;;;—Caibaríen vap. Clara cap. Urrutibesa: con 368 tercios tabaco.;;Clara;;;vap.;1887_01_08;Caibaríen;;
;;N/A:  | N/A: ;;;Tur;pat.;;;;;"De Saguó. San José, pat. Tur; con 80 sacos carbon y 370 atravesahos.";;San José;;;;1887_01_09;Saguó;;
;;N/A: ;;;Coruñez;pat.;;;;;—Sagua gol. Joséfí Coruñez, pat. Tié: con 800 sacos carbon.;;Joséfí;;;gol.;1887_01_09;Sagua;;
Día :;;N/A: ;;;Orbay;pat.;;;;;—Teja gol. Dos Amigos, pat. Orbay: con 700 sacos carbon.;;Dos Amigos;;;gol.;1887_01_09;;;
;;;;;Riobo;pat.;;;;;—Carahatas gol. 3 Hermanas, pat. Riobo: en lastre.;;3 Hermanas;;;gol.;1887_01_09;;;
Día :;;N/A:  | N/A: ;;;Unibaso;cap.;;;;;—Bahía Honda vap. Bahía Honda, cap. Unibaso: con 279 tercios tabaco y 177 sacos azúcar.;;Bahía Honda;;;vap.;1887_01_09;Bahía Honda;;
Día null:;;N/A: ;;;Toñeri;pat.;;;;;De Granadillo gol. Joven Felipe, pat. Toñeri: con 1,000 sacos carbon.;;Joven Felipe;;;gol.;1887_01_11;Granadillo;;
;;N/A:  | N/A:  | N/A: ;;;Piñeyro;pat.;;;;;Cárdenas gol. Anita, pat. Piñeyro: con 300 sacos carbon, 30 pipas aguardiente y efectos.;;Anita;;;gol.;1887_01_11;Cárdenas;;
Día 01:;;N/A:  | N/A:  | N/A: ;;;Llado;pat.;;;;;Morillo gol. Agustina, pat. Llado: con 570 sacos carbon, 64 tendidos soga y 2 tachos.;;Agustina;;;gol.;1887_01_11;Morillo;;
;;N/A: ;;;Moll;pat.;;;;;Arroyos gol. Lince, pat. Moll: con 700 sacos carbon.;;Lince;;;gol.;1887_01_11;Arroyos;;
;;N/A: ;;;Almanza;pat.;;;;;Teja gol. Dos Sofías, pat. Almanza: con 1,000 sacos carbon.;;Dos Sofías;;;gol.;1887_01_11;;;
;;N/A: ;;;Felic;pat.;;;;;Guanas gol. Especulación, pat. Felic: con 800 caballos leña.;;Especulación;;;gol.;1887_01_11;Guanas;;
;;N/A: ;;;Bernaza;pat.;;;;;Dimas gol. Amable Rosita, pat. Bernaza: con 900 sacos carbon.;;Amable Rosita;;;gol.;1887_01_11;;;
;;N/A: ;;;Fuster;pat.;;;;;Bajas gol. Carmita, patron Fuster: con 900 sacos carbon.;;Carmita;;;gol.;1887_01_11;;;
Día Febrero:;;N/A:  | N/A:  | N/A: ;;;Febrero;cap.;;;;;Dimas vap. José R. Rodríguez, cap. Febrero: con 143 atravesanos, 42 tercios tabaco y efectos.;;José R. Rodríguez;;;vap.;1887_01_11;;;
;;N/A:  | N/A: ;;;Macip;pat.;;;;;Santa Cruz gol. Dos Hermanas, pat. Macip: con 100 sacos y 30 fanegas maíz y efectos.;;Dos Hermanas;;;gol.;1887_01_11;Santa Cruz;;
;;N/A: ;;;Lorenzo;pat.;;;;;Sagua gol. Rosita pat. Lorenzo: con 600 sacos carbon.;;Rosita;;;gol.;1887_01_11;Sagua;;
;;N/A:  | N/A:  | N/A: ;;;Vázquez;pat.;;;;;Gibara gol. Seis Manuelas, pat. Vázquez: con 500 caballos leña, 300 estacas y efectos.;;Seis Manuelas;;;gol.;1887_01_11;Gibara;;
;;;;;Bomb;cap.;;;;;De Caibarien vap. Alava, cap. Bomb: con efectos.;;Alava;;;vap.;1887_01_12;Caibarien;;
;;N/A: ;;;Palmer;pat.;;;;;—Sagua gol. Conchita, pat. Palmer: con 500 sacos azúcar.;;Conchita;;;gol.;1887_01_12;Sagua;;
Día :;;N/A: ;;;Mateu;pat.;;;;;—Bajas gol San Francisco, pat. Mateu: con 800 sacos carbon.;;San Francisco;;;gol.;1887_01_12;Bajas;;
Día XX:;;N/A:  | N/A:  | N/A:  | N/A: ;;;Olaquibel;cap.;;;;;De Saguá vap. Adela, cap. Olaquibel: con 130 tercios tabaco, 80¼ pipas y 40 garrafones aguardiente y efectos.;;Adela;;;vap.;1887_01_14;Saguá;;
Día :;;N/A:  | N/A:  | N/A: ;;;Zaragoza;pat.;;;;;— Cárdenas gol. Isla de Cuba, pat. Zaragoza: con 200 sacos azúcar, 80 pipas aguardiente y efectos.;;Isla de Cuba;;;gol.;1887_01_14;Cárdenas;;
Día 01:;;N/A:  | N/A: ;;;Juan;pat.;;;;;— Cárdenas gol. Esmeralda, pat. Juan: con 132 tercios tabaco y efectos.;;Esmeralda;;;gol.;1887_01_14;Cárdenas;;
;;N/A: ;;;Alemaíy;pet.;;;;;— Cárdenas gol. Joven Pilar, pet. Alemaíy: con 800 barriles azúcar refino.;;Joven Pilar;;;gol.;1887_01_14;Cárdenas;;
Día XX:;;N/A: ;;;Urrutibeasoa;cap.;;;;;De Caibarien vap. Clara, cap. Urrutibeasoa: con 569;;Clara;;;vap.;1887_01_15;Caibarien;;
;;N/A: ;;;Ruiz;pat.;;;;;—Dimas gol. Dos Hermanas, pat. Ruiz: con 800 sacos;;Dimas;;;gol.;1887_01_15;Hermanas;;
;;N/A: ;;;Aguiar;pat.;;;;;—Congojas gol. Júcaro, pat. Aguiar: con 800 sacos;;Júcaro;;;gol.;1887_01_15;;;
;;;;;Pujol;pat.;;;;;—Jaruco gol. Golondrina, pat. Pujol: con efectos.;;Golondrina;;;gol.;1887_01_15;Jaruco;;
;;N/A: ;;;Ferrer;pat.;;;;;De Dimas gol. Mercedita, pat. Ferrer: con 900 sacos carbon.;;Mercedita;;;gol.;1887_01_16;Dimas;;
;;N/A: ;;;Benejan;pat.;;;;;- Arroyos gol. Margarita, pat. Benejan: con 750 sacos carbon.;;Margarita;;;gol.;1887_01_16;Arroyos;;
;;N/A: ;;;Ventura;pat.;;;;;- Congosjos gol. Sofia, pat. Ventura: con 1,000 sacos carbon.;;Sofia;;;gol.;1887_01_16;Congosjos;;
;;N/A: ;;;Pajés;pat.;;;;;- Sagua la Chica gol. 2ª Rosa, pat. Pajés: con 1,000 sacos carbon.;;2ª Rosa;;;gol.;1887_01_16;Sagua la Chica;;
;;N/A:  | N/A:  | N/A:  | N/A: ;;;Serantes;pat.;;;;;- Morrillo gol. Feliz, pat. Serantes: con 700 tendidos soga, 400 cortes bastidores, 200 caballos leña y efectos.;;Feliz;;;gol.;1887_01_16;Morrillo;;
;;N/A: ;;;Gil;pat.;;;;;- Banes gol. Josefa, pat. Gil: con 100 quarterolas miel.;;Josefa;;;gol.;1887_01_16;Banes;;
;;N/A:  | N/A: ;;;Rodriguez;pat.;;;;;- Jaruco gol. Rosa, pat. Rodriguez: con 22 tablones pino y efectos.;;Rosa;;;gol.;1887_01_16;Jaruco;;
;;N/A:  | N/A: ;;;Cabres;pat.;;;;;- Sierra Morena gol. Union, pat. Cabres: con 200 sacos azúcar y efectos.;;Union;;;gol.;1887_01_16;;;
;;N/A:  | N/A: ;;;Busch;pat.;;;;;- Cárdenas gol. Almanza, pat. Busch: con 570 sacos azúcar y efectos.;;Almanza;;;gol.;1887_01_16;Cárdenas;;
;;N/A:  | N/A: ;;;Valent;pat.;;;;;- Cárdenas gol. Mª del Carmen, pat. Valent: con 80 barriles azúcar refino y 51 pipas aguardiente.;;Mª del Carmen;;;gol.;1887_01_16;Cárdenas;;
;;N/A:  | N/A: ;;;Ventura;cap.;;;;;- Cuba y escalas vap. Manuela, cap. Ventura: con 120 sacos maíz y efectos.;;Manuela;;;vap.;1887_01_16;Cuba;;
;;N/A: ;;;Amengual;pat.;;;;;- San Cayetano gol. Rosa María, pat. Amengual: con 300 sacos maderas.;;Rosa María;;;gol.;1887_01_16;San Cayetano;;
Día null:;;N/A:  | N/A: ;;;Herrera;pat.;;;;;De Cárdenas gol. Nueva Rosita, pat. Herrera: con 407 sacos azúcar, 22 fardos carmaza y efectos.;;Nueva Rosita;;;gol.;1887_01_18;Cárdenas;;
;;N/A:  | N/A:  | N/A: ;;;Sánchez;pat.;;;;;Júcaro gol. Francisco, pat. Sánchez: con 500 atra- vesas, 137 cedros y efectos.;;Francisco;;;gol.;1887_01_18;Júcaro;;
;;N/A:  | N/A:  | N/A: ;;;Hernández;pat.;;;;;Morrillo gol. Rosario, pat. Hernández: con 460 sacos azúcar, 700 tendidos hilo maguaje y efectos.;;Rosario;;;gol.;1887_01_18;;;
;;N/A: ;;;Macip;pat.;;;;;Santa Cruz gol. Dos Hermanas, pat. Macip: con 230 sacos maíz.;;Dos Hermanas;;;gol.;1887_01_18;Santa Cruz;;
;;N/A: ;;;Bombi;cap.;;;;;De Caibarian vap. Alava, cap. Bombi: con 2,800 sacos azúcar.;;Alava;;;vap.;1887_01_20;Caibarian;;
;;N/A:  | N/A:  | N/A: ;;;Unibaso;cap.;;;;;"— Malas Aguas vap. Bahía Honda, cap. Unibaso: con 264 sacos azúcar; 189 tercios tabaco y efectos.";;Bahía Honda;;;vap.;1887_01_20;Malas Aguas;;
;;N/A:  | N/A:  | N/A: ;;;Zubirat;pat.;;;;;"— Moron gol. Manuela, pat. Zubirat: con 800 paquetes tablillas; 40 arrobas cera y efectos.";;Manuela;;;gol.;1887_01_20;Moron;;
;;N/A: ;;;Borrell;pat.;;;;;— Teja gol. Altagracia, pat. Borrell: con 800 sacos de carbon.;;Altagracia;;;gol.;1887_01_20;Teja;;
;;N/A:  | N/A:  | N/A: ;;;Pujol;pat.;;;;;"— San Cayetano gol. Mª del Carmen, pat. Pujol: con 653 sacos de carbon; 33 sacos cáscara de mangle y 11 almácigo.";;Mª del Carmen;;;gol.;1887_01_20;San Cayetano;;
;;N/A:  | N/A:  | N/A: ;;;Alemañy;pat.;;;;;"— Cárdenas gol. Merceda, pat. Alemañy: con 320 sacos azúcar; 80 pipas aguardiente y efectos.";;Merceda;;;gol.;1887_01_20;Cárdenas;;
Día null:;;N/A:  | N/A: ;;;Albóniga;cap.;;;;;De Cuba y escalas vap. Mortera, cap. Albóniga: con 1,291 sacos azúcar y efectos.;;Mortera;;;vap.;1887_01_21;Cuba;;
;;N/A:  | N/A: ;;;Zalvide;cap.;;;;;—Nuevias y Puerto Padre vap. Avilés, cap. Zalvide: con 1,145 sacos y 155 boceyes azúcar y efectos.;;Avilés;;;vap.;1887_01_21;Nuevias;;
Día 21:;;N/A:  | N/A: ;;;Jerez;pat.;;;;;De Gibara 21. Paquete Bariay, pat. Jerez: con 800 atravesados y efectos.;;Bariay;;;21.;1887_01_22;Gibara;;
Día :;;N/A:  | N/A: ;;;Alemañy;pat.;;;;;— Cárdenas gol. Jóven Pilar, pat. Alemañy: con 700 barriles azúcar refinado y efectos.;;Jóven Pilar;;;gol.;1887_01_22;Cárdenas;;
;;N/A: ;;;Mandilego;pat.;;;;;— Cárdenas gol. Victoria, pat. Mandilego: con 700 barriles azúcar refinado y efectos.;;Victoria;;;gol.;1887_01_22;Cárdenas;;
;;N/A:  | N/A: ;;;Olaguibel;cap.;;;;;— Sagua vap. Adela, cap. Olaguibel: con 127 tercios tabaco, 1,166 sacos azúcar y efectos.;;Adela;;;vap.;1887_01_22;Sagua;;
;;N/A:  | N/A:  | N/A: ;;;Urrutibaezosa;cap.;;;;;De Calbarian vap. Clara, capita* Urrutibaezosa: con 1.100 sacos azucar, 529 tercio tabaco y efectos.;;Clara;;;vap.;1887_01_23;Calbarian;;
;;N/A:  | N/A:  | N/A: ;;;1.;p.;;;;;— C4 deneas gol. Agua de Oro, p.1. Cañones: con 400 sacos azucar, 60 pipas aguardiente y efectos.;;Agua de Oro;;;gol.;1887_01_23;;;
Día null:;;N/A: ;;;Villalonga;pat.;;;;;De Mariel gol. Jóven Gertrudis, pat. Villalonga: con 850 sacos azúcar.;;Jóven Gertrudis;;;gol.;1887_01_25;Mariel;;
;;N/A:  | N/A: ;;;Llado;pat.;;;;;— Morillo gol. Agustina, pat. Llado: con 570 sacos azúcar y efectos.;;Agustina;;;gol.;1887_01_25;;;
;;N/A:  | N/A:  | N/A: ;;;Toncido;pat.;;;;;— Morillo gol. Britania, pat. Toncido: con 96 sacos azúcar, 65 quaterones miel y 251 hilos magaña.;;Britania;;;gol.;1887_01_25;Morillo;;
;;N/A:  | N/A: ;;;Cánovas;pat.;;;;;— Jarucar gol. Jóven Lola, pat. Cánovas: con 370 sacos azúcar y 18 pipas aguardiente.;;Jóven Lola;;;gol.;1887_01_25;Jarucar;;
;;N/A:  | N/A:  | N/A: ;;;Cuevas;pat.;;;;;— Cárdenas gol. Angelita, pat. Cuevas: con 700 barriles, 50 sacos y 350 cajas azúcar refino y efectos.;;Angelita;;;gol.;1887_01_25;Cárdenas;;
;;N/A: ;;;Esteban;pat.;;;;;— Teja gol. Vicenta, pat. Esteban: con 300 sacos azúcar y efectos.;;Vicenta;;;gol.;1887_01_25;;;
;;N/A:  | N/A:  | N/A: ;;;Inclen;pat.;;;;;— Cabanas gol. Caballo Marino, pat. Inclen: con 600 sacos azúcar, 70 quaterones miel y 10 pipas aguardiente.;;Caballo Marino;;;gol.;1887_01_25;Cabanas;;
;;N/A:  | N/A: ;;;López;pat.;;;;;— Baña Honda gol. Francisca, pat. López: con 800 sacos azúcar y efectos.;;Francisca;;;gol.;1887_01_25;Baña Honda;;
;;N/A:  | N/A:  | N/A: ;;;Marin;cap.;;;;;— Guanes vap. Guaniguanico, cap. Marin: con 16 sacos lana, 100 quintales cáscara mangle y efectos.;;Guaniguanico;;;vap.;1887_01_25;Guanes;;
;;N/A:  | N/A: ;;;Bombí;cap.;;;;;De Caibarién vap. Alava, cap. Bombí: con 189 tercios tabaco y 2.600 sacos azúcar.;;Alava;;;vap.;1887_01_27;Caibarién;;
;;N/A:  | N/A: ;;;Pereira;pat.;;;;;—Caralatas gol. Teresita, pat. Pereira: con 38 bo- coyes mío y efectos.;;Teresita;;;gol.;1887_01_27;Caralatas;;
Día 01:;;N/A: ;;;Tóro;pat.;;;;;—Sagua gol. Rita Fortuna, pat. Tóro: con 500 sacos carbon.;;Rita Fortuna;;;gol.;1887_01_27;Sagua;;
Día null:;;N/A:  | N/A:  | N/A: ;;;Urrutibeasoa;cap.;;;;;De Caibarien vap. Clara, cap. Urrutibeasoa: con 170 tercios tabaco, 956 sacos azúcar y efectos.;;Clara;;;vap.;1887_01_28;Caibarien;;
;;N/A: ;;;Otero;pat.;;;;;—Sagua gol. Mª Andrea, pat. Otero: con 800 sacos carbon.;;Mª Andrea;;;gol.;1887_01_28;Sagua;;
;;N/A:  | N/A:  | N/A:  | N/A:  | N/A: ;;;Olagüibel;cap.;;;;;—Sagua vap. Adela, cap. Olagüibel: con 738 sacos y 50 barriles azúcar, 408 tercios tabaco, 17 pipas aguardiente y efectos.;;Adela;;;vap.;1887_01_28;Sagua;;
;;N/A: ;;;Bosch;pat.;;;;;De Sagua gol. Antonia, pat. Bosch: con 1,200 sacos carbon.;;Antonia;;;gol.;1887_01_29;Sagua;;
;;N/A: ;;;Simó;pat.;;;;;—Sierra Morena gol. Ignacita, pat. Simó: con 520 sacos carbon.;;Ignacita;;;gol.;1887_01_29;;;
;;N/A:  | N/A:  | N/A: ;;;Juan;pat.;;;;;De Cabañas gol. Esmeralda, pat. Juan: con 186 sacos azúcar, 120 quartelras miel y efectos.;;Esmeralda;;;gol.;1887_02_01;Cabañas;;
;;N/A: ;;;Llorca;pat.;;;;;- Bajas gol. Salve Virgen María, pat. Llorca: con 400 quintales cascara mangle.;;Salve Virgen María;;;gol.;1887_02_01;;;
;;N/A: ;;;Villalonga;pat.;;;;;- Mariel gol. Jóven Gertridis, pat. Villalonga: con 850 sacos azúcar.;;Jóven Gertridis;;;gol.;1887_02_01;;;
;;N/A: ;;;Morantes;pat.;;;;;- Mariel gol. Altargracia, pat. Morantes: con 96 bo-coyes azúcar.;;Altargracia;;;gol.;1887_02_01;;;
;;N/A:  | N/A: ;;;Moll;pat.;;;;;- Mariel gol. Jóven Magdalena, patron Moll: con 35.000 pies madera, 160 paquetes teja mani.;;Jóven Magdalena;;;gol.;1887_02_01;;;
;;N/A: ;;;Villalonga;pat.;;;;;- Dominica gol. Mª Magdalena, pat. Villalonga: con 680 sacos azúcar.;;Mª Magdalena;;;gol.;1887_02_01;Dominica;;
;;N/A: ;;;Planas;pat.;;;;;- Mulata gol. Dolores, pat. Planas: con 300 varas mader.;;Dolores;;;gol.;1887_02_01;;;
;;N/A: ;;;Echés;pat.;;;;;- Sigüapa gol. Alcancias, pat. Echés: con 855 sacos azúcar.;;Alcancias;;;gol.;1887_02_01;Sigüapa;;
;;N/A: ;;;Salvá;pat.;;;;;- Sierra Morena gol. Mª Teresa, pat. Salvá: con 700 sacos azúcar.;;Mª Teresa;;;gol.;1887_02_01;;;
;;N/A: ;;;Cabres;pat.;;;;;- Sierra Morena gol. Union, pat. Cabres: con 1.200 sacos azúcar.;;Union;;;gol.;1887_02_01;;;
;;N/A:  | N/A: ;;;Mart;pat.;;;;;- Batabanó gol. Elva, pat. Mart: con 300 caballos leña, 800 sacos carbón.;;Elva;;;gol.;1887_02_01;Batabanó;;
;;N/A: ;;;Macín;pat.;;;;;- Santa Cruz gol. Dos Hermanos, pat. Macín: con 1000 sacos azúcar.;;Dos Hermanos;;;gol.;1887_02_01;Santa Cruz;;
;;N/A: ;;;Deulofeo;pat.;;;;;- Cabañas gol. Nuestra Señora del Carmen, patron Deulofeo: con 860 sacos azúcar.;;Nuestra Señora del Carmen;;;gol.;1887_02_01;Cabañas;;
;;N/A: ;;;Inclán;pat.;;;;;- Cabañas gol. C. Ballo Marino, pat. Inclán: con 1000 sacos azúcar.;;C. Ballo Marino;;;gol.;1887_02_01;Cabañas;;
Día XX:;;N/A:  | N/A: ;;;Unibaso;cap.;;;;;De Malas Aguas vap. Bahía Honda, cap. Unibaso: con 339 tercios tabaco, 322 sacos azúcar y efectos. Cuba y escasas vap. Mª y María, cap. Vaca: con 4.622 sacos, 13 bocuyos azúcar, 315 sacos maíz y efectos.;;Bahía Honda;;;vap.;1887_02_02;Malas Aguas;;
;;N/A:  | N/A:  | N/A: ;;;Serantes;pat.;;;;;Morillo gol. Feliz, pat. Serantes: con 100 sacos azúcar, 52 tercios tabaco y efectos.;;Feliz;;;gol.;1887_02_02;Morillo;;
;;N/A:  | N/A: ;;;Hernández;pat.;;;;;Morillo gol. Rosario, pat. Hernández: con 470 sacos azúcar y 1.000 hilos magaj.;;Rosario;;;gol.;1887_02_02;Morillo;;
;;N/A:  | N/A:  | N/A: ;;;Torres;pat.;;;;;Baracoa gol. Anita, pat. Torres: con 50.000 cocos, 34 sacos cacao y efectos.;;Anita;;;gol.;1887_02_02;Baracoa;;
;;N/A: ;;;Vera;pat.;;;;;Yagujay gol. Trafalgar, pat. Vera: con 26.008 piezas madera.;;Trafalgar;;;gol.;1887_02_02;;;
;;N/A:  | N/A:  | N/A: ;;;Bombí;cap.;;;;;De Cabaré vap. Alava, cap. Bombí: con 288 tercios tabaco, 2,600 sacos azúcar y efectos.;;Alava;;;vap.;1887_02_04;Cabaré;;
;;N/A:  | N/A: ;;;Urutíbeascoa;cap.;;;;;Cabaré vap. Clara, cap. Urutíbeascoa: con 1,314 sacos azúcar y efectos.;;Clara;;;vap.;1887_02_04;Cabaré;;
;;N/A:  | N/A:  | N/A:  | N/A: ;;;Zarágoza;pat.;;;;;Cárdenas gol. Isla de Cuba, pat. Zarágoza: con 600 sacos y 350 barriles azúcar refino, 50 pipas aguardiente y efectos.;;Isla de Cuba;;;gol.;1887_02_04;Cárdenas;;
;;N/A: ;;;Piñeyro;pat.;;;;;Cárdenas gol. Anita, pat. Piñeyro: con 1,300 sacos azúcar.;;Anita;;;gol.;1887_02_04;Cárdenas;;
;;N/A:  | N/A:  | N/A:  | N/A: ;;;Ponte;pat.;;;;;Nuevías gol. Emilia, pat. Ponte: con 148 pacas guano, 200 atravesaños, 6 pacas carnaza y efectos.;;Emilia;;;gol.;1887_02_04;Nuevías;;
;;N/A: ;;;Mayans;pat.;;;;;Playas de San Juan gol. 2ª Gertrúdis, pat. Mayans: con 1,700 sacos carbon.;;2ª Gertrúdis;;;gol.;1887_02_04;Playas de San Juan;;
;;N/A: ;;;Portella;pat.;;;;;Mantua gol. Catalina, pat. Portella: con 800 sacos carbon.;;Catalina;;;gol.;1887_02_04;Mantua;;
Día :;;N/A: ;;;Orbay;pat.;;;;;Mulata gol. Paquete de Nuevitas, pat. Orbay: con 600 sacos carbon.;;Paquete;;;gol.;1887_02_04;Nuevitas;;
;;N/A:  | N/A: ;;;Cánovas;pat.;;;;;Jaruco gol. Jóven Lola, pat. Cánovas: con 380 sacos azúcar y 8 pipas aguardiente.;;Jóven Lola;;;gol.;1887_02_04;Jaruco;;
;;N/A:  | N/A: ;;;Valent;pat.;;;;;Cárdenas gol. Mª del Carmen, pat. Valent: con 1,000 barriles azúcar refino y 40 pipas aguardiente.;;Mª del Carmen;;;gol.;1887_02_04;Cárdenas;;
;;N/A: ;;;Colomar;pat.;;;;;Canas gol. Sabas, pat. Colomar: con 90 bocoyes azúcar.;;Sabas;;;gol.;1887_02_04;;;
;;;;;Olaguíbel;cap.;;;;;De Saguá vap. Adela, cap. Olaguíbel: con efectos.;;Adela;;;vap.;1887_02_05;Saguá;;
;;N/A:  | N/A:  | N/A:  | N/A: ;;;Herrera;pat.;;;;;—Cárdenas gol. Nueva Rosita, pat. Herrera: con 419 sacos azúcar, 25 pipas aguardiente, 500 barriles azúcar refinado y efectos.;;Nueva Rosita;;;gol.;1887_02_05;Cárdenas;;
;;N/A: ;;;Barreras;pat.;;;;;—Saguá la Chica gol. 2ª Ignacia, pat. Barreras: con 1,000 sacos carbón.;;2ª Ignacia;;;gol.;1887_02_05;Saguá la Chica;;
;;N/A:  | N/A: ;;;Alemañy;pat.;;;;;—Sierra Morena gol. Matilde, pat. Alemañy: con 660 sacos y 20 boceyes azúcar.;;Matilde;;;gol.;1887_02_05;;;
Día Ocho:;;N/A:  | N/A:  | N/A: ;;;Ocho;cap.;;;;;De Cuba y escalas vapor Ramon Herrera, capitan Ocho: con 621 sacos azúcar, 30 sacos cacao, 329 sacos maíz y efectos.;;Ramon Herrera;;;vapor;1887_02_06;Cuba;;
;;N/A: ;;;Villalonga;patrón;;;;;De Mariel gol. Jóven Magdalena: patron Villalonga: con 850 sacos azúcar;;Jóven Magdalena;;;gol.;1887_02_09;Mariel;;
;;N/A: ;;;Villalonga;pat.;;;;;—Mariel gol. Jóven Gertrádis, pat. Villalonga: con 850 sacos azúcar.;;Jóven Gertrádis;;;gol.;1887_02_09;Mariel;;
;;N/A: ;;;Borrell;pat.;;;;;—Teja gol. Altargracia. pat. Borrell: con 800 sacos carbon.;;Altargracia;;;gol.;1887_02_09;Teja;;
;;N/A:  | N/A: ;;;Fehrer;cap.;;;;;—Dimas vap. José R. Rodríguez, cap. Fehrer: con 8 tercios tabaco y 200 cortes de corte.;;José R. Rodríguez;;;vap.;1887_02_09;;;
;;N/A: ;;;Pujol;pat.;;;;;—Canasi gol. Golondrina, pat. Pujol: con 40 boces azúcar.;;Golondrina;;;gol.;1887_02_09;Canasi;;
;;N/A: ;;;Llado;pat.;;;;;—Cabañas gol. Crisálida, pat. Llado: con 1,000 sacos azúcar.;;Crisálida;;;gol.;1887_02_09;Cabañas;;
;;N/A: ;;;Vich;pat.;;;;;—Cabañas gol. Caridad, pat. Vich: con 430 sacos azúcar.;;Caridad;;;gol.;1887_02_09;Cabañas;;
;;N/A:  | N/A: ;;;Rodríguez;pat.;;;;;—Bahía Honda. gol. Ignacia Aleman, pat. Rodríguez: con 700 sacos azúcar y 10 pipas aguardiente.;;Ignacia Aleman;;;gol.;1887_02_09;Bahía Honda;;
Día null:;;N/A:  | N/A:  | N/A:  | N/A: ;;;Marin;cap.;;;;;De Guanapaz vap. Guaniguanico, cap. Marin: con 374 tercios tabaco, 400 caballos leña, 200 quintales cáscara mangle y efectos.;;Guaniguanico;;;vap.;1887_02_10;Guanapaz;;
;;N/A:  | N/A:  | N/A:  | N/A: ;;;Bomb;cap.;;;;;- Cabarínez vap. Alava, cap. Bomb: con 2,425 sacos azúcar, 75 tercios tabaco, 25 pipas aguardiente y efectos.;;Alava;;;vap.;1887_02_10;Cabarínez;;
;;N/A:  | N/A: ;;;Morantes;pat.;;;;;- Mariel gol. Altargracia, pat. Morantes: con 90 boquies azúcar y 18 tercios tabaco.;;Altargracia;;;gol.;1887_02_10;Mariel;;
;;N/A:  | N/A:  | N/A:  | N/A: ;;;Juan;pat.;;;;;- Cabañas gol. Esmeralda, pat. Juan: con 352 sacos, 80 cañas azúcar, 63 tercios tabaco y efectos.;;Esmeralda;;;gol.;1887_02_10;Cabañas;;
;;N/A: ;;;Grandal;pat.;;;;;- Moron gol. Engracia, pat. Grandal: con 45 palos labrados.;;Engracia;;;gol.;1887_02_10;Moron;;
;;N/A: ;;;Deulofeo;pat.;;;;;- Cabañas gol. Nuestra Señora del Carmen, patron Deulofeo: con 600 sacos azúcar.;;Nuestra Señora del Carmen;;;gol.;1887_02_10;Cabañas;;
;;N/A:  | N/A:  | N/A: ;;;Torres;pat.;;;;;- Manzánillo gol. Amistad, pat. Torres: con 1,020 atravesados, 50 troncos madera y efectos.;;Amistad;;;gol.;1887_02_10;Manzánillo;;
;;N/A:  | N/A:  | N/A: ;;;Riera;pat.;;;;;- Matanzas gol. Joven Pepilla, pat. Riera: con 150 tablas, 30 piezas madera y efectos.;;Joven Pepilla;;;gol.;1887_02_10;Matanzas;;
;;N/A:  | N/A:  | N/A: ;;;Inclí;pat.;;;;;- Cabañas gol. Caballo Marino, pat. Inclí: con 430 sacos y 41 boquies azúcar, 41 pipas aguardiente y efectos.;;Caballo Marino;;;gol.;1887_02_10;Cabañas;;
;;N/A:  | N/A:  | N/A: ;;;Enseñat;pat.;;;;;- Sierra Morena gol. Joven Bule, pat. Enseñat: con 1,100 quintales y 14 estuches azúcar y efectos.;;Joven Bule;;;gol.;1887_02_10;Sierra Morena;;
;;N/A:  | N/A:  | N/A: ;;;Urribeasoca;cap.;;;;;De Cabaríen vap. Clara, cap. Urribeasoca: con 980 sacos azúcar, 696 tercios tabaco y efectos.;;Clara;;;vap.;1887_02_12;Cabaríen;;
;;N/A:  | N/A:  | N/A: ;;;Albóniga;cap.;;;;;Cuba y escalas vap. Mortera, cap. Albóniga: con 1.973 sacos azúcar, 71 sacos eacao y efectos.;;Mortera;;;vap.;1887_02_12;Cuba;;
;;N/A:  | N/A: ;;;Felicó;pat.;;;;;Guanes gol. Especulación, pat. Felicó: con 350 caballos leña y efectos.;;Especulación;;;gol.;1887_02_12;Guanes;;
;;N/A:  | N/A:  | N/A: ;;;Lloret;pat.;;;;;Bajas gol. Angelita, pat. Lloret: con 108 tercios tabaco, 400 quintales cáscara mangle y 34 varas madera.;;Angelita;;;gol.;1887_02_12;Bajas;;
;;N/A:  | N/A: ;;;Cabrera;pat.;;;;;Sierra Morena gol. Castilla, pat. Cabrera: con 90 bocotes y 25 quartelares miel de purga.;;Sierra Morena;;;gol.;1887_02_12;;;
;;N/A:  | N/A:  | N/A: ;;;Felipe;pat.;;;;;San Cayetano gol. Magdalena, pat. Felipe: con 480 sacos carbon, 110 caballos leña y 160 cortes de cato.;;Magdalena;;;gol.;1887_02_12;San Cayetano;;
;;N/A: ;;;Simó;pat.;;;;;Sagua gol. Ignacita, patron Simó: con 396 sacos azúcar.;;Ignacita;;;gol.;1887_02_12;Sagua;;
;;N/A:  | N/A:  | N/A:  | N/A: ;;;Torres;pat.;;;;;Mariel gol. Isabelita, pat. Torres: con 10 piezas madera, 100 yayas, 200 estaquillas y 36 atravesanos.;;Isabelita;;;gol.;1887_02_12;;;
;;N/A: ;;;Moll;pat.;;;;;Mantua gol. Lince, pat. Moll: con 700 sacos carbon.;;Lince;;;gol.;1887_02_12;Mantua;;
;;N/A: ;;;Palmer;pat.;;;;;Batabanó gol. Clio, pat. Palmer: con 1.000 caba.;;Clio;;;gol.;1887_02_12;Batabanó;;
Día XX:;;N/A:  | N/A: ;;;Zalvidea;cap.;;;;;De Cuba y escalas vap. Avilés, cap. Zalvidea: con 180 sacos azúcar y efectos.;;Avilés;;;vap.;1887_02_13;Cuba;;
;;N/A:  | N/A: ;;;Mándeligo;pat.;;;;;— Cárdenas gol. Victoria, pat. Mándeligo: con 600 sacos y 250 barriles azúcar y efectos.;;Victoria;;;gol.;1887_02_13;Cárdenas;;
;;N/A:  | N/A: ;;;Maíp;pat.;;;;;— Santa Cruz gol. 2 Hermanas, pat. Maíp: con 12 bocques azúcar y efectos.;;2 Hermanas;;;gol.;1887_02_13;Santa Cruz;;
;;N/A:  | N/A: ;;;Hernández;pat.;;;;;— Morrillo gol. Rosario, pat. Hernández: con 470 sacos azúcar y 1.000 tendidos hilo majagua.;;Rosario;;;gol.;1887_02_13;;;
;;N/A: ;;;Aguí;pat.;;;;;— Congoos gol. Júcaro, pat. Aguí: con 800 sacos carbón.;;Júcaro;;;gol.;1887_02_13;Congoos;;
Día 01:;;N/A:  | N/A:  | N/A: ;;;Arocha;pat.;;;;;De Cabanas gol. Ceñiro, pat. Arocha: con 156 cajas azúcar, 16 pipas aguardiente y efectos.;;Ceñiro;;;gol.;1887_02_15;Cabanas;;
;;N/A: ;;;Moll;pat.;;;;;— Mariel gol. Jóven Magdalena, pat. Moll: con 850 sacos azúcar.;;Jóven Magdalena;;;gol.;1887_02_15;Mariel;;
;;N/A:  | N/A: ;;;Bernaza;pat.;;;;;— Mantua gol. Amable Rosita, pat. Bernaza: con 45 tercios tabaco y 800 sacos carbón.;;Amable Rosita;;;gol.;1887_02_15;Mantua;;
;;N/A:  | N/A: ;;;Calvet;pat.;;;;;— Dimas gol. Francisco Gener, pat. Calvet: con 1,175 sacos carbon y 45 sacos cáscara mangle.;;Dimas;;;gol.;1887_02_15;;;
;;N/A:  | N/A: ;;;Pereira;pat.;;;;;— Carahitas gol. Teresita, pat. Pereira: con 800 sacos azúcar y 19 cartulones miel.;;Teresita;;;gol.;1887_02_15;Carahitas;;
;;N/A:  | N/A:  | N/A: ;;;Inclan;pat.;;;;;— Cabana gol. Caballo Marino: pat. Inclan: con 600 sacos azúcar y 18 pipas aguardiente y efectos.;;Caballo Marino;;;gol.;1887_02_15;Cabana;;
;;N/A: ;;;Almeyda;pat.;;;;;— Cabana gol. José Pilar, pat. Almeyda: con 25 pipas aguardiente.;;José Pilar;;;gol.;1887_02_15;;;
;;N/A:  | N/A: ;;;Joy;pat.;;;;;— Sierra Morena gol. 3 Hermanas, pat. Joy: con 550 sacos y 14 bocotes azúcar.;;3 Hermanas;;;gol.;1887_02_15;;;
;;N/A:  | N/A:  | N/A: ;;;Bomb;cap.;;;;;De Calibar vap. Alava, cap. Bomb: con 367 tercios tabaco, 2,200 sacos azúcar y efectos.;;Alava;;;vap.;1887_02_16;Calibar;;
;;N/A:  | N/A:  | N/A: ;;;Ventura;cap.;;;;;Cuba y escalas vap. Manuela, cap. Ventura: con 469 sacos maíz, 589 sacos azúcar y efectos.;;Manuela;;;vap.;1887_02_16;Cuba;;
;;N/A:  | N/A: ;;;Morantes;pat.;;;;;Mariel gol, Altargracia, pat. Morantes: con 92 boyes azúcar y efectos.;;Altargracia;;;gol;1887_02_16;;;
;;N/A:  | N/A: ;;;Bosch;pat.;;;;;Cárdenas gol. Almansa, pat. Bosch: con 680 sacos azúcar y efectos.;;Almansa;;;gol.;1887_02_16;Cárdenas;;
Día Tié:;;N/A: ;;;;pat.;;;;;De Sagna gol. Josefa Corneña, pat. Tié: con 1,000;;Josefa Corneña;;;gol.;1887_02_17;Sagna;;
;;N/A: ;;;Cabres;pat.;;;;;—Sierra Morena gol. Union, pat. Cabres: con 1,320;;Union;;;gol.;1887_02_17;;;
;;N/A:  | N/A: ;;;Rodríguez;pat.;;;;;Bahía Honda gol. Ignacia Aleman, pat. Rodríguez: con 300 scros azúcar y efectos.;;Ignacia Aleman;;;gol.;1887_02_17;Bahía Honda;;
;;N/A:  | N/A:  | N/A:  | N/A: ;;;Olaguibel;cap.;;;;;De Sagua vap. Adela, cap. Olaguibel: con 40 boceyes azúcar, 32 pipas aguardiente, 71 tercios tabaco y efectos.;;Adela;;;vap.;1887_02_18;Sagua;;
Día :;;N/A:  | N/A: ;;;Unibaso;cap.;;;;;— Malas Aguas vap. Bahía Honda, cap. Unibaso: con 573 sacos azúcar y efectos.;;Bahía Honda;;;vap.;1887_02_18;Malas Aguas;;
Día 01:;;N/A:  | N/A: ;;;Juan;pat.;;;;;— Cabañas gol. Esmeralda, pat. Juan. Llado: con 675 sacos azúcar y efectos.;;Esmeralda;;;gol.;1887_02_18;Cabañas;;
;;N/A:  | N/A: ;;;Llado;pat.;;;;;— Morrillo gol. Agustina, pat. Llado: con 570 sacos azúcar y efectos.;;Agustina;;;gol.;1887_02_18;;;
;;N/A: ;;;Serantes;pat.;;;;;— Morrillo gol. Feliz, pat. Serantes: con 100 sacos azúcar y efectos.;;Feliz;;;gol.;1887_02_18;;;
Día :;;N/A:  | N/A:  | N/A:  | N/A: ;;;Sisniga;pat.;;;;;— Mulata gol. Nuevo Neptuno, pat. Sisniga: con 300 varas madera, 80 sacos carbon, 125 tendidos hilo y efectos.;;Nuevo Neptuno;;;gol.;1887_02_18;;;
;;N/A: ;;;Amengual;pat.;;;;;— Manhua gol. Mª Mazoni, pat. Amengual, con 850 sacos carbon.;;Mª Mazoni;;;gol.;1887_02_18;Manhua;;
;;N/A:  | N/A: ;;;Valent;pat.;;;;;— Cárdenas gol. Mª del Carmen, pat. Valent: con 950 barriles y 150 medios barriles azúcar y efectos.;;Mª del Carmen;;;gol.;1887_02_18;Cárdenas;;
;;N/A:  | N/A: ;;;Salvá;pat.;;;;;— Sierra Morena gol. Mª Teresa, pat. Salvá: con 760 sacos azúcar y 2 cajas cobre.;;Mª Teresa;;;gol.;1887_02_18;;;
;;N/A: ;;;Macip;pat.;;;;;— Santa Cruz gol. 2 Hermanas, pat. Macip: con 23 boceyes azúcar.;;2 Hermanas;;;gol.;1887_02_18;Santa Cruz;;
;;N/A:  | N/A: ;;;Cantero;pat.;;;;;De Cárdenas gol. Agüla de Oro, pat. Cantero: con 600 sacos y 200 cajas azúcar y efectos.;;Agüla de Oro;;;gol.;1887_02_19;Cárdenas;;
;;N/A: ;;;Moll;pat.;;;;;Maríel gol. Jóven Magdalena, pat. Moll: con 850 sacos azúcar.;;Jóven Magdalena;;;gol.;1887_02_19;;;
;;N/A: ;;;Cuevas;pat.;;;;;Cárdenas gol. Angelita, pat. Cuevas: con 150 bo-coyes azúcar.;;Angelita;;;gol.;1887_02_19;Cárdenas;;
;;N/A:  | N/A:  | N/A: ;;;Pérez;pat.;;;;;Matanzas gol. María, pat. Pérez: con 970 sacos azúcar, 40 pipas guardián y efectos.;;María;;;gol.;1887_02_19;Matanzas;;
;;N/A:  | N/A:  | N/A: ;;;Urribeasoca;cap.;;;;;Caibarín vap. Clara, cap. Urribeasoca: con 950 sacos azúcar, 62 tercios tabaco y efectos.;;Clara;;;vap.;1887_02_19;Caibarín;;
Día null:;;N/A:  | N/A: ;;;Villalonga;pat.;;;;;De Mariel gol. Joven Gentródis, pat. Villalonga: con 3,470 tablas y 80 paquetes teja mani.;;Joven Gentródis;;;gol.;1887_02_20;Mariel;;
Día XX:;;N/A: ;;;Planas;pat.;;;;;De Mulata gol. Dolores, pat. Planas: con 900 tendidos;;Dolores;;;gol.;1887_02_22;Mulata;;
;;N/A: ;;;Cánovas;pat.;;;;;Jaruco gol. Joven Lola, pat. Cánovas: con 416;;Joven Lola;;;gol.;1887_02_22;Jaruco;;
;;N/A: ;;;Bosch;pat.;;;;;Dominica gol. Dominica, pat. Bosch: con 340 sacos;;Dominica;;;gol.;1887_02_22;Dominica;;
;;N/A: ;;;Hernández;pat.;;;;;Morrillo gol. Rosario, pat. Hernández: con 570;;Rosario;;;gol.;1887_02_22;;;
;;N/A: ;;;Ruiz;pat.;;;;;Dimas gol. Dos Hermanas, pat. Ruiz: con 850;;Dos Hermanas;;;gol.;1887_02_22;;;
;;N/A: ;;;Píñeyro;pat.;;;;;Cárdenas gol. Anita, pat. Píñeyro: con 1,300 sacos;;Anita;;;gol.;1887_02_22;Cárdenas;;
;;;;;Zaragoza;pat.;;;;;Cárdenas gol. Isla de Cuba, pat. Zaragoza: con;;Isla de Cuba;;;gol.;1887_02_22;Cárdenas;;
;;N/A: ;;;Moll;pat.;;;;;Puerto Padre gol. Dolores, pat. Moll: con 120,000;;Dolores;;;gol.;1887_02_22;Puerto Padre;;
;;;;;Alemañy;pat.;;;;;Cárdenas gol. Dos Amigos, pat. Alemañy: con;;Dos Amigos;;;gol.;1887_02_22;Cárdenas;;
Día null:;;N/A:  | N/A:  | N/A: ;;;Bombí;cap.;;;;;De Caibaríen vap. Alava. cap. Bombí: con 61 tercios tabaco, 2,800 sacos azúcar y efectos.;;Alava;;;vap.;1887_02_23;Caibaríen;;
;;N/A:  | N/A: ;;;Morantes;pat.;;;;;—Maríel gol. Altaragracia, pat. Morantes: con 62 bo-coyes azúcar y efectos.;;Altaragracia;;;gol.;1887_02_23;;;
Día :;;N/A: ;;;Órbay;pat.;;;;;—Mulata gol. Paquetes de Nuevitas, pat. Órbay: con 800 sacos carbón.;;Mulata;;;gol.;1887_02_23;Nuevitas;;
;;N/A:  | N/A:  | N/A: ;;;Zubirat;pat.;;;;;—Morón gol. Manuela, pat. Zubirat: con 600 pa- quetes tablillas, 50 arrobas cera y efectos.;;Manuela;;;gol.;1887_02_23;Morón;;
;;N/A:  | N/A:  | N/A: ;;;Arocha;pat.;;;;;—Cabanas gol. Cefo, pat. Arocha: con 250 cajas y 150 sacos azúcar y 12 pipas aguardiente.;;Cefo;;;gol.;1887_02_23;Cabanas;;
;;N/A:  | N/A: ;;;Gil;pat.;;;;;—Banes gol. Josefa, pat. Gil: con 32 bocoyes azúcar y 12 pipas aguardiente.;;Josefa;;;gol.;1887_02_23;Banes;;
;;N/A:  | N/A: ;;;Gil;pat.;;;;;—Banes gol. Josefa, pat. Gil: con 32 bocoyes azúcar y efectos.;;Josefa;;;gol.;1887_02_23;Banes;;
;;N/A: ;;;Cabruja;pat.;;;;;—Mantua gol. Gallego, pat. Cabruja: con 700 sacos carbón.;;Gallego;;;gol.;1887_02_23;Mantua;;
;;N/A:  | N/A: ;;;Urrutibeasco;cap.;;;;;De Caibarién vap. Clara, cap. Urrutibeasco: con 115 toros y 850 sacos azúcar.;;Clara;;;vap.;1887_02_25;Caibarién;;
;;N/A:  | N/A:  | N/A:  | N/A: ;;;;cap.;;;;;— Guanaco, cap. Guanaguancio, cap. con 300 caballos leña, 28 tercios tabaco, 100 quintales caca mangle y efectos.;;Guanaguancio;;;;1887_02_25;Guanaco;;
;;N/A:  | N/A:  | N/A: ;;;Juan;pat.;;;;;— Cabañas gol. Esmeralda, pat. Juan: con 100 bocas miel, 120 sacos y 167 caca azúcar.;;Esmeralda;;;gol.;1887_02_25;Cabañas;;
;;N/A: ;;;Loranzo;pat.;;;;;— Sagua gol. Rosita, pat. Loranzo: con 600 sacos carbon.;;Rosita;;;gol.;1887_02_25;Sagua;;
;;N/A:  | N/A: ;;;Macip;pat.;;;;;— Santa Cruz gol. 2 Hermanas, pat. Macip: con 16 boocyes azúcar y efectos.;;2 Hermanas;;;gol.;1887_02_25;Santa Cruz;;
;;N/A: ;;;Coll;pat.;;;;;— Yaguajav gol. Joven Blanco, pat. Coll: con 700 sacos.;;Joven Blanco;;;gol.;1887_02_25;Yaguajav;;
;;N/A:  | N/A:  | N/A: ;;;Borrell;pat.;;;;;— Tela gol. Aliagracia, pat. Borrell: con 100 bocas, 25 sacos azúcar y 400 sacos carbon.;;Aliagracia;;;gol.;1887_02_25;Tela;;
Día XX:;;N/A: ;;;Orbay;pat.;;;;;De Teja gol. Dos Amigos, pat. Orbay: con 700 sacos carbon.;;Dos Amigos;;;gol.;1887_02_26;Teja;;
;;N/A: ;;;Palmer;pat.;;;;;a Mariel gol. Clio, pat. Palmer: con 800 sacos azucar;;Clio;;;gol.;1887_02_27;Mariel;;
;;N/A:  | N/A:  | N/A: ;;;Cantero;pat.;;;;;De Cárdenas gol. Agnila de Oro, pat. Cantero: con 500 sacos, 300 cajas azúcar y efectos.;;Agnila de Oro;;;gol.;1887_03_01;Cárdenas;;
Día 01:;;N/A: ;;;Llorca;pat.;;;;;—Bajas gol. Salve Virgin Maria, pat. Llorca: con 400 quintales cárseca mangle.;;Salve Virgin Maria;;;gol.;1887_03_01;Bajas;;
;;N/A: ;;;Bosch;pat.;;;;;—Dominica gol. Dominica, pat. Bosch: con 330 sacos azúcar.;;Dominica;;;gol.;1887_03_01;Dominica;;
;;N/A:  | N/A:  | N/A: ;;;Bombi;cap.;;;;;De Caibarien vap. Alava, cap. Bombi: con 110 tercios tabaco, 43 piezas maquinaria y efectos.;;Alava;;;vap.;1887_03_03;Caibarien;;
Día :;;N/A: ;;;Tasso;pat.;;;;;— Santa Cruz gol. 1ª da Vinaroz, pat. Tasso: con 25 bocoyes azucar.;;1ª da;;;gol.;1887_03_03;Vinaroz;;
;;N/A:  | N/A:  | N/A: ;;;Vázquez;pat.;;;;;De Gibara gol. Seis Manuelas, pat. Vázquez: con 700 quintales hune, 1,362 sacos maíz, 40 buítos de cera y efectos.;;Seis Manuelas;;;gol.;1887_03_04;Gibara;;
;;N/A:  | N/A:  | N/A:  | N/A: ;;;Zaragoza;pat.;;;;;Cárdenas gol. Isla de Cuba, pat. Zaragoza: con 13 barriles, 30 sacos y 180 bocuyos azúcar y efectos.;;Isla de Cuba;;;gol.;1887_03_04;Cárdenas;;
;;N/A: ;;;Moll;pat.;;;;;Sierg Moré gol. Jóven Magdalena, pat. Moll: con 510 sacos azúcar.;;Jóven Magdalena;;;gol.;1887_03_04;Sierg;;
;;;;;Olagüibel;cap.;;;;;Sagua vap. Adela, cap. Olagüibel: con efectos.;;Adela;;;vap.;1887_03_04;Sagua;;
;;;;;Urrutibaeosa;cap.;;;;;Da Cabarieu vap. Clara, cap. Urrutibaeosa: con efectos.;;Clara;;;vap.;1887_03_05;Cabarieu;;
;;N/A: ;;;Hernández;pat.;;;;;— Morrillo gol. R sario, pat. Hernández: con 470 sacos azúcar.;;R sario;;;gol.;1887_03_05;;;
;;N/A: ;;;Palmer;pat.;;;;;— Mariel gol. Clio, patron Palmer: con 1,100 sacos azúcar.;;Clio;;;gol.;1887_03_05;;;
;;N/A: ;;;Pujol;pat.;;;;;— Teja goleta Isabel II, pat. Pujol: con 800 sacos carbón.;;Isabel II;;;goleta;1887_03_05;;;
;;N/A: ;;;López;pat.;;;;;— Bahía Honda gol. Francisca, pat. López: con 1,000 sacos azúcar.;;Francisca;;;gol.;1887_03_05;Bahía Honda;;
;;N/A:  | N/A:  | N/A: ;;;Herrera;pat.;;;;;De Cárdenas gol. Nueva Rosita, pat. Herrera: con 200 barriles, 480 sacos y 28 cajas azúcar.;;Nueva Rosita;;;gol.;1887_03_06;Cárdenas;;
Día :;;N/A:  | N/A: ;;;Villalonga;pat.;;;;;— Mariel gol. Jóven Gertrudis, pat. Villalonga: con 3,617 tablas y 46 paquetes teja mant.;;Jóven Gertrudis;;;gol.;1887_03_06;Mariel;;
;;N/A:  | N/A: ;;;Juan;pat.;;;;;De Cabanas gol. Esmeralda, pat. Juan: con 589 sacos y 84 cajas azucar y efectos.;;Esmeralda;;;gol.;1887_03_08;Cabanas;;
;;N/A: ;;;Ventura;pat.;;;;;—Sagua gol. Sofia pat. Ventura: con 500 sacos carbon.;;Sofia;;;gol.;1887_03_08;Sagua;;
Día :;;N/A: ;;;Almanza;pat.;;;;;—Teja gol. Dos Sofias, pat. Almanza: con 1,000 sacos carbon.;;Dos Sofias;;;gol.;1887_03_08;Teja;;
;;N/A:  | N/A: ;;;Cánovas;pat.;;;;;—Jaruco gol. Jóven Lola, pat. Cánovas: con 307 sacos azucar y 15 pipas aguardiente.;;Jóven Lola;;;gol.;1887_03_08;Jaruco;;
;;N/A: ;;;Bosch;pat.;;;;;—Dominica gol. Dominica, pat. Bosch: con 330 sacos azucar.;;Dominica;;;gol.;1887_03_08;Dominica;;
;;N/A:  | N/A: ;;;Colomar;pat.;;;;;—Baracoa gol. Gaspar, pat. Colomar: con 23 bocas azucar y efectos.;;Gaspar;;;gol.;1887_03_08;;;
;;N/A:  | N/A: ;;;Bosch;pat.;;;;;—Cárdenas gol. Almansa, pat. Bosch: con 700 sacos azucar y efectos.;;Almansa;;;gol.;1887_03_08;Cárdenas;;
;;N/A:  | N/A: ;;;Pollicer;pat.;;;;;—Sierra Morena gol. Pirineo, patron Pollicer: con 1,160 sacos azucar y efectos.;;Pirineo;;;gol.;1887_03_08;;;
;;N/A:  | N/A: ;;;Enseñat;pat.;;;;;—Sierra Morena gol. Jóven Balear, pat. Enseñat: con 1,100 sacos azucar y efectos.;;Jóven Balear;;;gol.;1887_03_08;;;
;;N/A:  | N/A:  | N/A:  | N/A: ;;;Bomb;cap.;;;;;De Caibarién vap. Alava, cap. Bomb: con 2,500 sacos azúcar, 27 pipas aguardiente, 17 tercios tabaco y efectos.;;Alava;;;vap.;1887_03_09;Caibarién;;
;;N/A:  | N/A:  | N/A:  | N/A: ;;;Morantes;pat.;;;;;Mariel gol. Altagracia, pat. Morantes: con 86 boquies azúcar, 6 pipas aguardiente, 10 quintales cera y efectos.;;Altagracia;;;gol.;1887_03_09;;;
;;N/A:  | N/A: ;;;Pujol;pat.;;;;;Santa Lucía gol. Mª del Carmen, pat. Pujol: con 30 bocotes azúcar y 80 quarteros miele.;;Mª del Carmen;;;gol.;1887_03_09;Santa Lucía;;
;;N/A:  | N/A: ;;;Colomar;pat.;;;;;Canas gol. Sabas, pat. Colomar: con 200 cajas y 20 bocotes azúcar.;;Sabas;;;gol.;1887_03_09;;;
;;;;;Llinas;pat.;;;;;Matanzas berg. Pepe, pat. Llinas: con efectos.;;Pepe;;;berg.;1887_03_09;Matanzas;;
;;N/A:  | N/A:  | N/A:  | N/A: ;;;Marin;cap.;;;;;De Mantua vap. Guanquancio, cap. Marin: con 400 caballos leña, 28 bultos cera, 26 tercios tabaco y efectos.;;Guanquancio;;;vap.;1887_03_10;Mantua;;
;;N/A: ;;;Fuster;pat.;;;;;Bajas go'! Carmita, pat. Fuster: con 900 sacos carbon.;;Carmita;;;go';1887_03_10;;;
;;N/A:  | N/A: ;;;Toudico;pat.;;;;;Morril gol. Britania, pat. Toudico: con 118 sacos azúcar y 60 cartulones miel.;;Britania;;;gol.;1887_03_10;Morril;;
;;N/A:  | N/A: ;;;Moll;pat.;;;;;Mariel gol. Jóven Magdalena, pat. Moll: con 800 sacos azúcar y 15 pipas aguardiente.;;Jóven Magdalena;;;gol.;1887_03_10;;;
;;N/A: ;;;Moll;pat.;;;;;Mantua gol. Lluce, pat. Moll: con 800 sacos carbon.;;Lluce;;;gol.;1887_03_10;Mantua;;
;;N/A: ;;;Portella;pat.;;;;;Mantua gol. Catalina, pat. Portella: con 800 sacos carbon.;;Catalina;;;gol.;1887_03_10;Mantua;;
;;N/A: ;;;Ferrer;pat.;;;;;Dimas gol. Mercedita, pat. Ferrer: con 800 sacos carbon.;;Mercedita;;;gol.;1887_03_10;;;
;;N/A:  | N/A:  | N/A: ;;;Ponte;pat.;;;;;De Nuevitas gol. Emilia, pat. Ponte: con 313 pacas guano, 200 atrasanos y efectos.;;Emilia;;;gol.;1887_03_11;Nuevitas;;
;;N/A: ;;;Palmer;pat.;;;;;—Marisol gol. Clio, pat. Palmer: con 1,100 sacos azúcar.;;Clio;;;gol.;1887_03_11;;;
;;N/A:  | N/A:  | N/A:  | N/A:  | N/A: ;;;Felipe;pat.;;;;;—San Cayetano gol. Magdalena, pat. Felipe: con 100 caballos-leña, 500 pies cedro, 140 polines, 60 sacos carbon y efectos.;;Magdalena;;;gol.;1887_03_11;San Cayetano;;
;;N/A:  | N/A:  | N/A:  | N/A: ;;;Cuevas;pat.;;;;;—Cárdenas gol. Angelita, pat. Cuevas: con 400 sacos y 100 boceyes azúcar, 40 pipas aguardiente y efectos.;;Angelita;;;gol.;1887_03_11;Cárdenas;;
;;N/A: ;;;Sánchez;pat.;;;;;—Sagua gol. Jóven Manuel, pat. Sánchez: con 600 sacos carbon.;;Jóven Manuel;;;gol.;1887_03_11;Sagua;;
;;;;;Olaguibel;cap.;;;;;—Sagua rap. Adela, cap. Olaguibel: con efectos.;;Adela;;;rap.;1887_03_11;Sagua;;
;;;;;Urrutibasoca;cap.;;;;;De Caibarien vap. Clara, cap. Urrutibasoca: con efectos.;;Clara;;;vap.;1887_03_12;Caibarien;;
;;N/A: ;;;Lladó;pat.;;;;;— Morillo gol. Agustina, pat. Lladó: con 570 sacos azúcar.;;Agustina;;;gol.;1887_03_12;Morillo;;
;;N/A: ;;;Bernazu;pat.;;;;;— Dimas gol. Amable Rosita, pat. Bernazu: con 900 sacos carbon.;;Amable Rosita;;;gol.;1887_03_12;;;
;;N/A: ;;;Benejan;pat.;;;;;— Arroyos gol. Margarita, pat. Benejan: con 750 sacos carbon.;;Margarita;;;gol.;1887_03_12;Arroyos;;
;;N/A: ;;;Cabrúa;pat.;;;;;— Arroyos gol. Gallego, pat. Cabrúa: con 750 sacos carbon.;;Gallego;;;gol.;1887_03_12;Arroyos;;
;;N/A: ;;;Mateu;pat.;;;;;— Bajas gol. San Francisco, pat. Mateu: con 1,000 sacos carbon.;;San Francisco;;;gol.;1887_03_12;Bajas;;
Día XX:;;N/A:  | N/A: ;;;Enseñat;pat.;;;;;De Sierra Morena gol. Sofia, pat. Enseñat: con 800 sacos azucar y efectos.;;Sofia;;;gol.;1887_03_13;Sierra Morena;;
;;N/A: ;;;Vera;pat.;;;;;— Yagunajay gol. Taafalgar, pat. Vera: con 49,211 pies madera.;;Taafalgar;;;gol.;1887_03_13;;;
;;N/A:  | N/A:  | N/A: ;;;Inclan;pat.;;;;;— Cabañas gol. Caballo Marino, pat. Inclan: con 700 sacos y 20 bocoyes azucar y 47 quarterolas miele.;;Caballo Marino;;;gol.;1887_03_13;Cabañas;;
;;N/A:  | N/A: ;;;Morantes;pat.;;;;;De Mariel gol. Altagrácia, pat. Morantes: con 80 bo- cores azúcar y efectos.;;Altagrácia;;;gol.;1887_03_15;Mariel;;
;;N/A: ;;;Villalonga;pat.;;;;;Mariel gól. Mª Magdalena, pat. Villalonga: con 8 0 sacos azúcar.;;Mª Magdalena;;;gól.;1887_03_15;;;
;;N/A:  | N/A: ;;;Villalonga;pat.;;;;;Mariel gól. Joven Gertrudis, pat. Villalonga: con 636 sacos azúcar y efectos.;;Joven Gertrudis;;;gól.;1887_03_15;;;
;;N/A: ;;;Cabrera;pat.;;;;;Congajas gol. Castilla, pat. Cabrera: con 1 600 sacos carbon.;;Castilla;;;gol.;1887_03_15;;;
;;N/A: ;;;Otero;pat.;;;;;Sagu gol. MT Andrea, pat. Otero: con 800 sacos carbon.;;MT Andrea;;;gol.;1887_03_15;Sagu;;
;;N/A:  | N/A: ;;;Colomar;pat.;;;;;Baraco gól. Gaspar, pat. Colomar: con 27 bo- cores azúcar y efectos.;;Gaspar;;;gól.;1887_03_15;;;
;;N/A:  | N/A:  | N/A:  | N/A: ;;;Pellicer;pat.;;;;;Matanzas gol. Emilio, pat. Pellicer: con 250 bo- cores, 7072 pipas, 204 y 40 pipas aguaferré.;;Emilio;;;gol.;1887_03_15;Matanzas;;
;;N/A:  | N/A:  | N/A: ;;;Cañueli;pat.;;;;;Matanzas gol. María Josefa, pat. Cañueli: con 900 sacos azúcar, 35 bococes aguaferré y efectos.;;María Josefa;;;gol.;1887_03_15;Matanzas;;
;;N/A:  | N/A:  | N/A: ;;;Va- ca;cap.;;;;;Guba y escalas vap. Manuelita y María, cap. Va- ca: con 2 480 sacos azúcar, 70 sacos cacao, 857 sa- cos maíz y efectos.;;Manuelita y María;;;vap.;1887_03_15;;;
Día :;;N/A: ;;;Toro;pat.;;;;;Yagu-jy gol. 2ª Isabel, pat. Toro: con 54,410 sacos azúcar.;;2ª Isabel;;;gol.;1887_03_15;;;
;;N/A: ;;;Pereira;pat.;;;;;Carahatas gól. T. resita, pat. Pereira: con 1 200 sacos azúcar.;;T. resita;;;gól.;1887_03_15;Carahatas;;
;;N/A:  | N/A: ;;;Macíp;pat.;;;;;Santa Cruz gól. Dos Hermanas, pat. Macíp: con 5 bococes azúcar y efectos.;;Dos Hermanas;;;gól.;1887_03_15;Santa Cruz;;
;;N/A:  | N/A:  | N/A: ;;;Juan;pat.;;;;;De Cabana gol. Esmeralda, pat. Juan: con 300 sacos y 30 cajas azúcar y 100 boceyes miel.;;Esmeralda;;;gol.;1887_03_16;Cabana;;
;;N/A: ;;;Bosch;pat.;;;;;—Dominica gol. Dominica, pat. Bosch: con 330 sa- cos azúcar.;;Dominica;;;gol.;1887_03_16;Dominica;;
;;N/A: ;;;Prieto;pat.;;;;;—Yaguajy gol. Paquete de Sagu, pat. Prieto: con 800 sacos azúcar.;;Paquete de Sagu;;;gol.;1887_03_16;;;
;;N/A:  | N/A: ;;;Bomb;cap.;;;;;—Caibarín vap. Alava, cap. Bomb: con 2600 sacos azúcar y efectos.;;Alava;;;vap.;1887_03_16;Caibarín;;
;;N/A: ;;;Rodriguez;pat.;;;;;De Batabanó gol. Josefa, pat. Rodriguez: con 1,000;;Josefa;;;gol.;1887_03_17;Batabanó;;
;;N/A: ;;;Planas;pat.;;;;;— Multa gol. Dolores, pat. Planas, con 1,000 atras-;;Dolores;;;gol.;1887_03_17;;;
;;N/A: ;;;Riera;pat.;;;;;— Sagua la Chol. gol. 2º Rosa, pat. Riera: con 1,000;;2º Rosa;;;gol.;1887_03_17;Sagua la Chol;;
;;N/A:  | N/A:  | N/A:  | N/A: ;;;Inclan;pat.;;;;;De Cabañas gol. Caballo Marino, pat. Inclan, con 400 cajas, 50 bocoyes azúcar, 10 pipas aguardiente y efectos.;;Caballo Marino;;;gol.;1887_03_18;Cabañas;;
;;N/A: ;;;Hernández;pat.;;;;;De Morrillo gol. Rosario, pat. Hernández con 470 sacos azúcar.;;Rosario;;;gol.;1887_03_19;Morrillo;;
;;N/A:  | N/A: ;;;Pujol;pat.;;;;;Santa Lucía gol. Mª Nol Carmen, pat. Pujol, con 36 bocoyes azúcar y 60 quarteros miel.;;Mª Nol Carmen;;;gol.;1887_03_19;Santa Lucía;;
;;N/A:  | N/A: ;;;Felicio;pat.;;;;;Guanes gol. Especulación, pat. Felicio: con 100 caballos leña y 200 sacos cáscara mangel.;;Especulación;;;gol.;1887_03_19;Guanes;;
;;N/A:  | N/A: ;;;Gil;pat.;;;;;Banes gol. Josefa, pat. Gil: con 26 bocoyes azúcar y efectos.;;Josefa;;;gol.;1887_03_19;Banes;;
;;N/A: ;;;Villalonga;pat.;;;;;Sierra Morena gol. Enrique, pat. Villalonga: con 382 sacos carbón.;;Enrique;;;gol.;1887_03_19;;;
;;N/A: ;;;Menaya;pat.;;;;;Sierra Morena gol. Habanera, pat. Menaya: con 1.000 sacos azúcar y efectos.;;Habanera;;;gol.;1887_03_19;;;
;;N/A:  | N/A:  | N/A: ;;;Olagüel;cap.;;;;;Sagna vap. Adela, cap. Olagüel: con 969 bocoyes azúcar, 20 pipas aguardiente y efectos.;;Adela;;;vap.;1887_03_19;;;
;;N/A:  | N/A: ;;;Ventura;cap.;;;;;Cuba y escalas vap. Manuela, cap. Ventura: con 584 sacos maíz y efectos.;;Manuela;;;vap.;1887_03_19;Cuba;;
;;N/A:  | N/A: ;;;López;pat.;;;;;De Bahia Hondon gol. Francisco, pat. López con: 475 sacos azúcar y 48 booyes miel.;;Francisco;;;gol.;1887_03_20;Bahia Hondon;;
;;N/A:  | N/A: ;;;Herrera;pat.;;;;;De Cárdenas gol. Nueva Rosita, pat. Herrera: con 800 barriles y 100 sacos azúcar refin.;;Nueva Rosita;;;gol.;1887_03_22;Cárdenas;;
Día :;;N/A:  | N/A:  | N/A: ;;;Zaragoza;pat.;;;;;Cárdenas gol. Isla de Cuba, pat. Zaragoza: con 120 boccones gol. 83 sacos azúcar y efectos.;;Isla de Cuba;;;gol.;1887_03_22;Cárdenas;;
;;N/A:  | N/A:  | N/A:  | N/A:  | N/A: ;;;Valent;pat.;;;;;Cárdenas gol. Victoria, pat. Valent: con 500 barriles, 400-3 boccones y 120 sacos azúcar refin. 20 pipas aguardiente y efectos.;;Victoria;;;gol.;1887_03_22;Cárdenas;;
;;N/A:  | N/A: ;;;Alemañy;pat.;;;;;Sierra Morena gol. Matilde, pat. Alemañy: con 660 sacos azúcar y 20 boccones miel.;;Matilde;;;gol.;1887_03_22;;;
;;N/A:  | N/A:  | N/A:  | N/A: ;;;Cuevas;pat.;;;;;Cárdenas gol. Angelita, pat. Cuevas: con 100 boccones azúcar, 40 pipas guardiente, 160 sacos azúcar y efectos.;;Angelita;;;gol.;1887_03_22;Cárdenas;;
;;N/A:  | N/A: ;;;Colomar;pat.;;;;;Canas gol. Sabas, pat. Colomar: con 67 boccones y 104 sacos azúcar.;;Sabas;;;gol.;1887_03_22;Canas;;
;;;;;Bomb;cap.;;;;;Cubarien vap. Alava, cap. Bomb: con efectos.;;Alava;;;vap.;1887_03_22;Cubarien;;
;;N/A:  | N/A:  | N/A:  | N/A: ;;;Albomina;cap.;;;;;Cuba y escalas vap. Mortera, cap. Albomina: con 1,202 sacos y 157 cajas azúcar, 710 sacos maíz y efectos.;;Mortera;;;vap.;1887_03_22;Cuba;;
Día :;;N/A:  | N/A: ;;;Salvieda;cap.;;;;;Cuba vap. Avilés, cap. Salvieda: con 1,000 sacos azúcar y efectos.;;Avilés;;;vap.;1887_03_22;Cuba;;
Día 01:;;N/A:  | N/A: ;;;Cánovas;pat.;;;;;Jaruco gol. Józén Lola, pat. Cánovas: con 209 sacos y 19 boccones azúcar y efectos.;;Józén;;;gol.;1887_03_22;Jaruco;;
;;N/A:  | N/A:  | N/A:  | N/A: ;;;Cantero;pat.;;;;;De Cárdenas gol. Agüla de Oro. pat. Cantero: con 480 sacos y 240 cajas azúcar, 30 pipas aguardiente y efectos.;;Agüla de Oro.;;;gol.;1887_03_23;Cárdenas;;
;;N/A:  | N/A: ;;;Morantes;pat.;;;;;— Mariel gol. Altagracia, pat. Morantes: con 50 boceyes azúcar y 60 cuarterones miel.;;Altagracia;;;gol.;1887_03_23;Mariel;;
;;N/A:  | N/A: ;;;Moll;pat.;;;;;— Mariel gol. Jóven Magdalena, pat. Moll: con 850 sacos azúcar y efectos.;;Jóven Magdalena;;;gol.;1887_03_23;Mariel;;
;;N/A:  | N/A: ;;;Tonicido;pat.;;;;;— Morrillo gol. Britania, pat. Tonicido: con 50 sacos azúcar y 80 cuarterones miel.;;Britania;;;gol.;1887_03_23;Morrillo;;
;;N/A:  | N/A: ;;;Riob.;pat.;;;;;— Carahatas gol. 3 Hermanas, pat. Riob. con 800 sacos azúcar y efectos.;;3 Hermanas;;;gol.;1887_03_23;Carahatas;;
;;N/A: ;;;Macip;pat.;;;;;— Santa Cruz gol. 2 Hermanas, patron Macip: con efectos.;;2 Hermanas;;;gol.;1887_03_23;Santa Cruz;;
;;N/A: ;;;Borrell;pat.;;;;;— Teja gol. Altagracia, pat. Borrell: con 800 sacos carbon.;;Altagracia;;;gol.;1887_03_23;Teja;;
;;N/A: ;;;Bomb;cap.;;;;;De Caibarien vap. Alava, cap. Bomb: con 2,600 sacos azucar.;;Alava;;;vap.;1887_03_24;Caibarien;;
Día null:;;N/A:  | N/A:  | N/A:  | N/A: ;;;Valent;pat.;;;;;Cárdenas gol. Marfa del Carmen, pat. Valent: con 600 barriles, 1º/2 barriles y 1,160 cajas azúcar y 3º pipas aguardiente.;;Marfa del Carmen;;;gol.;1887_03_24;Cárdenas;;
;;N/A:  | N/A:  | N/A: ;;;Tasso;pat.;;;;;Jibacoa gol. 1º de Vinauro, patron Tasso: con 26 pipas aguardiente, 100 arrobas cera y efectos.;;1º de Vinauro;;;gol.;1887_03_24;Jibacoa;;
;;N/A: ;;;Ruiz;pat.;;;;;Dimas gol. 2 Hermanas, pat. Ruiz: con 900 sacos carbon.;;2 Hermanas;;;gol.;1887_03_24;;;
;;N/A:  | N/A:  | N/A:  | N/A: ;;;Olaguibel;cap.;;;;;De Saguas Adela, cap. Olaguibel: con 740 sacos y 54 bocayos azúcar, 26 pipas aguardiente y efectos.;;Adela;;;;1887_03_25;Saguas;;
;;N/A:  | N/A: ;;;Unibaso;cap.;;;;;— Malas Aguas vapor Bahía Honda, cap. Unibaso: con 168 sacos azúcar y 10 tercios tabaco.;;Bahía Honda;;;vapor;1887_03_25;Malas Aguas;;
;;N/A: ;;;Pajes;pat.;;;;;— Saguas gol. 2ª Gertrudis, pat. Pajes: con 800 sacos carbon.;;2ª Gertrudis;;;gol.;1887_03_25;Saguas;;
;;N/A:  | N/A:  | N/A: ;;;Calvet;pat.;;;;;— Mantua gol. Francisca Gener, pat. Calvet: con 600 caballos leña, 200 sacos carbon y 70 quintales cáscara mangue.;;Francisca Gener;;;gol.;1887_03_25;Mantua;;
;;N/A:  | N/A:  | N/A: ;;;Inclán;pat.;;;;;— Cabañas gol. Caballo Marino, pat. Inclán: con 700 sacos azúcar, 10 pipas aguardiente y efectos.;;Caballo Marino;;;gol.;1887_03_25;Cabañas;;
;;N/A: ;;;Tíe;pat.;;;;;— Saguas gol. Josefa Coruñez, pat. Tíe: con 600 sacos carbon.;;Josefa Coruñez;;;gol.;1887_03_25;;;
;;N/A:  | N/A: ;;;Serantes;pat.;;;;;De Morillo gol. Feliz, pat. Serantes: con 100 sacos azúcar y 40 bocos miel.;;Feliz;;;gol.;1887_03_27;Morillo;;
;;N/A: ;;;Llado;pat.;;;;;Merrill gol. Agustina, pat. Llado: con 570 sacos azúcar.;;Agustina;;;gol.;1887_03_27;;;
;;N/A: ;;;Bosch;pat.;;;;;Dominica gol. Dominica, pat. Bosch: con 330 sacos azúcar.;;Dominica;;;gol.;1887_03_27;Dominica;;
;;N/A: ;;;Gil;pat.;;;;;Banes gol. Josefa, pat. Gil: con 312 sacos azúcar.;;Josefa;;;gol.;1887_03_27;Banes;;
;;N/A:  | N/A:  | N/A: ;;;Arocha;pat.;;;;;Cabañas gol. Céburo, pat. Arocha: con 250 cajas y 150 sacos azúcar y 12 pipas aguardiente.;;Céburo;;;gol.;1887_03_27;Cabañas;;
;;N/A:  | N/A: ;;;Pereira;pat.;;;;;Carahatas gol. Teresita, pat. Pereira: con 800 sacos azúcar y 60 boces miel.;;Teresita;;;gol.;1887_03_27;Carahatas;;
;;N/A:  | N/A:  | N/A:  | N/A: ;;;Alemañy;pat.;;;;;Cárdenas gol. Joven Pilar, pat. Alemañy: con 750 sacos, 200 barriles y 350 cajas azúcar refino, 15 sacos cera y efectos.;;Joven Pilar;;;gol.;1887_03_27;Cárdenas;;
;;N/A:  | N/A: ;;;Villalonga;pat.;;;;;Mariel gol. Joven Gertrúd, pat. Villalonga: con 800 sacos azúcar y 11 pipas aguardiente.;;Joven Gertrúd;;;gol.;1887_03_27;Mariel;;
Día Cánovas:;;N/A:  | N/A:  | N/A: ;;;Cánovas;pat.;;;;;De Jaruco gol. Jóven Lola, pat. Cánovas: con 500 quintales cebollas, 101 sacos papas, 38 sacos maíz y efectos.;;Jóven Lola;;;gol.;1887_03_29;Jaruco;;
;;N/A:  | N/A:  | N/A: ;;;Valent;pat.;;;;;—Cárdenas gol. Victoria, pat. Valent: con 700 barriles y 130 sacos azúcar y 25 pipas aguacate.;;Victoria;;;gol.;1887_03_29;Cárdenas;;
;;N/A:  | N/A: ;;;Colomar;pat.;;;;;—Ortigosa gol. Gaspar, pat. Colomar: con 24 bocas miel y 14 bocas azúcar.;;Gaspar;;;gol.;1887_03_29;Ortigosa;;
;;N/A:  | N/A: ;;;Villalonga;pat.;;;;;—Cabañas gol. Mª Magdalena, pat. Villalonga: con 200 sacos azúcar y 60 quarteros la miel.;;Mª Magdalena;;;gol.;1887_03_29;Cabañas;;
;;N/A: ;;;Moll;pat.;;;;;—Mariel gol. Jóven Magdalena, pat. Moll: con 850 sacos azúcar.;;Jóven Magdalena;;;gol.;1887_03_29;Mariel;;
;;N/A:  | N/A: ;;;Verga;pat.;;;;;Manzánillo gol. Pensativo, pat. Verga: con 1,265 atravesos y 150 píes madera.;;Pensativo;;;gol.;1887_03_29;Manzánillo;;
;;N/A:  | N/A:  | N/A:  | N/A:  | N/A: ;;;Cuevas;pat.;;;;;Cárdenas gol. Angelica, pat. Cuevas: con 68 bo- coyes, 80 sacos, 300 barriles y 53 cajas azúcar y 40 pipas aguardiente.;;Angelica;;;gol.;1887_03_29;Cárdenas;;
;;N/A:  | N/A: ;;;Salvídea;cap.;;;;;De Cuba y escalas vapor Avilés, cap. Salvídea: con 1.500 sacos y 150 bocyes azúcar y efectos.;;Avilés;;;vapor;1887_03_31;Cuba;;
;;N/A: ;;;Bombí;cap.;;;;;Cabarien vap Alava, cap. Bombí: con 1.200 sacos azúcar.;;Alava;;;vap;1887_03_31;Cabarien;;
;;N/A:  | N/A: ;;;Juan;pat.;;;;;Cabanas gol. Esmeralda, pat. Juan: con 224 sacos azúcar y 126 bocyes miel.;;Esmeralda;;;gol.;1887_03_31;Cabanas;;
;;N/A:  | N/A:  | N/A: ;;;Zubirat;pat.;;;;;Moron gol. Manuela, pat. Zubirat: con 400 paquetes tablillas, 40 arrobas cera y efectos.;;Manuela;;;gol.;1887_03_31;Moron;;
;;N/A:  | N/A: ;;;Píñeyro;pat.;;;;;Cárdenas gol. Anita, pat. Píñeyro: con 1.300 sacos y 10 cajas azúcar y efectos.;;Anita;;;gol.;1887_03_31;Cárdenas;;
;;N/A:  | N/A: ;;;Deulofeo;pat.;;;;;Cabanas gol. Nuestra Señora del Carmen, patron Deulofeo: con 800 sacos azúcar y efectos.;;Nuestra Señora del Carmen;;;gol.;1887_03_31;Cabanas;;
Día XX:;;N/A:  | N/A:  | N/A: ;;;Zaragoza;pat.;;;;;De Cárdenas gol. Isla de Cuba, pat. Zaragoza: con 500 sacos azúcar, 91 pipas aguardiente y efectos.;;Isla de Cuba;;;gol.;1887_04_01;Cárdenas;;
;;N/A: ;;;Lorenzo;pat.;;;;;—Sagua gol. Rosita, pat. Lorenzo, con 800 sacos carbón.;;Rosita;;;gol.;1887_04_01;Sagua;;
;;N/A:  | N/A: ;;;Urrutibeasoa;cap.;;;;;—Caibaren vsp. Clara, cap. Urrutibeasoa: con 660 sacos azúcar y efectos.;;Clara;;;vsp.;1887_04_01;Caibaren;;
;;N/A: ;;;Bosc;pat.;;;;;—Sagua gol. Antonia, pat. Bosc: con 1,200 sacos carton.;;Antonia;;;gol.;1887_04_01;Sagua;;
;;N/A:  | N/A:  | N/A: ;;;Olagüibel;cap.;;;;;De Caibarien vap. Adela, cap. Olagüibel: con 674 sacos azúcar, 55 tercios tabaco y efectos.;;Adela;;;vap.;1887_04_02;Caibarien;;
;;N/A: ;;;Unibaso;cap.;;;;;—Malas Aguas vap. Bahía Honda, cap. Unibaso: con 318 sacos azúcar.;;Bahía Honda;;;vap.;1887_04_02;Malas Aguas;;
;;N/A:  | N/A: ;;;Vaca;cap.;;;;;—Cuba y escalas vap. Manuelita y Maria, cap. Vaca: con 3,64 sacos y 12 bocoyes azúcar y efectos.;;Manuelita y Maria;;;vap.;1887_04_02;Cuba;;
;;N/A: ;;;Riera;pat.;;;;;—Uveros gol. 2º Rosa, pat. Riera: con 1,000 sacos carbon.;;2º Rosa;;;gol.;1887_04_02;;;
;;N/A:  | N/A: ;;;Gil;pat.;;;;;—Banes gol. Josefa, pat. Gil: con 125 sacos y 25 bocoyes azúcar.;;Josefa;;;gol.;1887_04_02;Banes;;
;;N/A: ;;;Villalonga;pat.;;;;;—Mariel gol. Jóven Gertrúdis, pat. Villalonga: con 850 sacos azúcar.;;Jóven Gertrúdis;;;gol.;1887_04_02;Mariel;;
;;N/A: ;;;Bosch;pat.;;;;;—Dominica gol. Dominica, pat. Bosch: con 330 sacos azúcar.;;Dominica;;;gol.;1887_04_02;Dominica;;
;;N/A: ;;;Orbay;pat.;;;;;—Teja goleta 2 Amigos, pat. Orbay: con 700 sacos carbon.;;2 Amigos;;;goleta;1887_04_02;;;
;;N/A:  | N/A: ;;;Bosch;pat.;;;;;—Cárdenas gol. Almansa, pat. Bosch: con 800 sacos azúcar y 38 cunteroles miel.;;Almansa;;;gol.;1887_04_02;Cárdenas;;
;;N/A: ;;;Alcayán;pat.;;;;;—Sierra Morena gol. Matilde, pat. Alcayán: con 770 sacos azúcar.;;Matilde;;;gol.;1887_04_02;;;
;;N/A:  | N/A:  | N/A: ;;;Iuclan;pat.;;;;;—Cabañas gol. Caballo Marino, pat. Iuclan: con 150 cajas y 630 sacos azúcar y 19 pipas aguardiente.;;Caballo Marino;;;gol.;1887_04_02;Cabañas;;
;;N/A:  | N/A: ;;;Moll;pat.;;;;;De Mariel gol. Jóven Magdalena, pat. Moll: con 850 sacos azúcar y 14 pipas aguardiente.;;Jóven Magdalena;;;gol.;1887_04_03;Mariel;;
;;N/A:  | N/A:  | N/A:  | N/A: ;;;Morantes;pat.;;;;;— Mariel gol. Altagracia, pat. Morantes: con 80 boqueros azúcar, 15 pipas aguardiente, 61 arrobas cera y efectos.;;Altagracia;;;gol.;1887_04_03;Mariel;;
Día :;;N/A:  | N/A:  | N/A: ;;;Toncido;pat.;;;;;— Morrillo gol. Britania, pat. Toncido: con 100 sacos azúcar, 60 quartelos mío y 1,200 tendidos soga.;;Britania;;;gol.;1887_04_03;Morrillo;;
;;N/A:  | N/A: ;;;Pujol;pat.;;;;;— Santa María gol. Nuevo Hilaro, pat. Pujol: con 250 caballos leña y 200 sacos carbon.;;Santa María;;;gol.;1887_04_03;;;
Día :;;N/A: ;;;Toro;pat.;;;;;— Yaguajay gol. 2º Isabel, pat. Toro: con 770 sacos azúcar.;;2º Isabel;;;gol.;1887_04_03;Yaguajay;;
;;N/A:  | N/A:  | N/A: ;;;Herrera;pat.;;;;;De Cárdenas gol. Nueva Rosita, pat. Herrera: con 500 barriles, 160 sacos y 150 cajas azúcar y efectos.;;Nueva Rosita;;;gol.;1887_04_05;Cárdenas;;
;;N/A:  | N/A: ;;;Cánovas;pat.;;;;;Jaroqu gol. Jóven Lola, pat. Cánovas: con 448 sacos azúcar y 25 quintales cebollas.;;Jóven Lola;;;gol.;1887_04_05;Jaroqu;;
;;N/A: ;;;Pérez;pat.;;;;;Mataná gol. María, pat. Pérez: con 1,170 sacos azúcar y efectos.;;María;;;gol.;1887_04_05;Mataná;;
Día Febrero:;;N/A:  | N/A: ;;;Febrero;cap.;;;;;Cárdenas vap. José R. Rodríguez, cap. Febrero: con 88 cajas azúcar y efectos.;;José R. Rodríguez;;;vap.;1887_04_05;Cárdenas;;
;;N/A:  | N/A:  | N/A:  | N/A: ;;;Valent;pat.;;;;;Cárdenas gol. Mª del Carmen, pat. Valent: con 1,700 cajas, 300 barriles, 600½ barriles y 150 sacos azúcar.;;Mª del Carmen;;;gol.;1887_04_05;Cárdenas;;
;;N/A: ;;;Riobo;pat.;;;;;Carahatas gol. 3 Hermanas, pat. Riobo: con 1,170 sacos azúcar.;;3 Hermanas;;;gol.;1887_04_05;Carahatas;;
Día :;;N/A:  | N/A:  | N/A:  | N/A: ;;;Jerez;pat.;;;;;Mayari gol. Paquete Barlay, pat. Jerez: con 483 polines, 979 sacos maíz, 1,200 quintales flame y efectos.;;Paquete Barlay;;;gol.;1887_04_05;Mayari;;
Día Ocho:;;N/A:  | N/A: ;;;Ocho;cap.;;;;;De Cuba y escalas vaa. Ramon Herrera, cap. Ocho: -Sierra Morena gol. Sofia, pat. Enseñat: con 800 sacos y 1 caja azúcar y efectos.;;Ramon Herrera;;;vaa.;1887_04_06;Cuba;;
;;N/A:  | N/A:  | N/A: ;;;Calaff;pat.;;;;;Matanzas gol. Mª Josefa, pat. Calaff: con 500 sacos y 273 cajas azúcar y 40 pipas aguardiente.;;Mª Josefa;;;gol.;1887_04_06;Matanzas;;
;;N/A:  | N/A:  | N/A: ;;;Macip;pat.;;;;;Santa Cruz gol. 2 Hermanas, pat. Macip: con 83 sacos maíz, 53 sacos frijoles y efectos.;;2 Hermanas;;;gol.;1887_04_06;Santa Cruz;;
;;N/A:  | N/A: ;;;Bombí;cap.;;;;;De Caibarián vap. Alava, cap. Bombi: con 1,000 sacos de azúcar y efectos.;;Alava;;;vap.;1887_04_07;Caibarián;;
Día 13:;;N/A:  | N/A: ;;;Taso;pat.;;;;;— Gibacoa gol. 13º Vinazoz, pat. Taso: con 100 fangas maíz y 12 pipas aguardiente.;;13º Vinazoz;;;gol.;1887_04_07;Gibacoa;;
;;N/A:  | N/A:  | N/A:  | N/A: ;;;Inclán;pat.;;;;;"— Cabanillas gol. ""Aballo Marino, patron Inclán: con 100 cajas, 400 sacos y 38 bocoyes azúcar y 15 pipas aguardiente.";;Aballo Marino;;;gol.;1887_04_07;Cabanillas;;
;;N/A: ;;;Colomar;pat.;;;;;— Playas de San Juan gol. Ma. Josefa, pat. Colomar: con 600 sacos azúcar.;;Ma. Josefa;;;gol.;1887_04_07;Playas de San Juan;;
;;N/A: ;;;Lladó;pat.;;;;;— Morillo gol. Agustina, pat. Lladó: con 470 sacos azúcar.;;Agustina;;;gol.;1887_04_07;Morillo;;
;;N/A:  | N/A: ;;;Cantero;pat.;;;;;De Cárdenas gol. Aguila de Oro, pat. Cantero: con 200 cajas y 400 sacos azúcar.;;Aguila de Oro;;;gol.;1887_04_10;Cárdenas;;
;;N/A: ;;;Torres;pat.;;;;;—Baracoa gol. Anita, pat. Torres: con 50,000 cocos azúcar.;;Anita;;;gol.;1887_04_10;Baracoa;;
;;N/A: ;;;Bosch;pat.;;;;;—Dominica gol. Dominica, pat. Bosch: con 330 sacos carbon.;;Dominica;;;gol.;1887_04_10;Dominica;;
;;N/A: ;;;Cabrúa;pat.;;;;;—Arroyos gol. Gallego, pat. Cabrúa: con 750 sacos carbon.;;Gallego;;;gol.;1887_04_10;Arroyos;;
;;N/A: ;;;Mateu;pat.;;;;;—Bajas gol. San Francisco, pat. Mateu: con 800 sacos carbon.;;San Francisco;;;gol.;1887_04_10;Bajas;;
;;N/A:  | N/A:  | N/A:  | N/A: ;;;Planas;pat.;;;;;—Mulata gol. Dolores, pat. Planas: con 50 garrafas miel de abeja, 200 xaras madera, 30 caballos leña y efectos.;;Dolores;;;gol.;1887_04_10;;;
;;N/A: ;;;Colomar;pat.;;;;;—Canasi gol. Sabas, pat. Colomar: con 45 bocoyos miel.;;Sabas;;;gol.;1887_04_10;Canasi;;
;;N/A: ;;;Hernández;pat.;;;;;—Sagua gol. Anita, pat. Hernández: con 900 sacos carbon.;;Anita;;;gol.;1887_04_10;Sagua;;
;;N/A:  | N/A:  | N/A: ;;;;cap.;;;;;—Sagua v. Adela, cap. Bilbao: con 1,475 sacos azúcar, 142 tercios tabaco y efectos.;Bilbao;Adela;;;v.;1887_04_10;Sagua;;
;;N/A:  | N/A: ;;;Urrutibasoa;cap.;;;;;—Caibarien vapor Clara, cap. Urrutibasoa: con 1,100 sacos azúcar y efectos.;;Clara;;;vapor;1887_04_10;Caibarien;;
;;N/A: ;;;Moll;pat.;;;;;—Arroyos gol. Lince, pat. Moll: con 700 sacos carbon.;;Lince;;;gol.;1887_04_10;Arroyos;;
;;N/A:  | N/A: ;;;Salvídea;cap.;;;;;De Cuba: escala vap. Ayiles, capitán Salvídea: con 2,004 sacos azúcar y 150 boces miel.;;Ayiles;;;vap.;1887_04_12;Cuba;;
Día 01:;;N/A:  | N/A:  | N/A: ;;;Albona;cap.;;;;;Cuba: escala vap. Morla, cap. Albona: con 2,395 sacos y 16 boces azúcar, 69 sacos maíz.;;Morla;;;vap.;1887_04_12;Cuba;;
;;N/A:  | N/A:  | N/A:  | N/A: ;;;Ponte;pat.;;;;;Nuevitas gol. Emilia, pat. Ponte: con 200 atraves- saños, 100 caballos leña y efectos.;;Emilia;;;gol.;1887_04_12;Nuevitas;;
;;N/A:  | N/A: ;;;Rodríguez;pat.;;;;;Cabañas gol. Joséfu, pat. Rodríguez: con 500 sacos y 150 cajas azúcar y efectos.;;Joséfu;;;gol.;1887_04_12;Cabañas;;
;;N/A:  | N/A: ;;;Serantes;pat.;;;;;Morríto gol. Feliz, pat. Serantes: con 84 sacos y 20 boces azúcar y efectos.;;Feliz;;;gol.;1887_04_12;;;
;;N/A: ;;;García;pat.;;;;;Teja gol. Leonarda, pat. García: con 600 sacos carbón.;;Leonarda;;;gol.;1887_04_12;;;
;;N/A: ;;;Moll;pat.;;;;;Mantua gol. Lince, pat. Moll: con 700 sacos carbón.;;Lince;;;gol.;1887_04_12;Mantua;;
;;N/A: ;;;Sánchez;pat.;;;;;Sierra Morena gol. Ignacio Aleman, patron Sánchez: con 700 sacos azúcar.;;Sierra Morena;;;gol.;1887_04_12;;;
;;N/A:  | N/A:  | N/A:  | N/A: ;;;Bombf;cap.;;;;;De Caibarian vap. Alava, cap. Bombf: con 1,266 su- coas azúcar, 202 tercios tabaco, 10 pipas aguardiente- te y efectos.;;Alava;;;vap.;1887_04_14;Caibarian;;
Día :;;N/A:  | N/A: ;;;Bilbao;cap.;;;;;— Cárdenas vap. José R. Rodríguez, cap. Bilbao: con 56 cajas azúcar y efectos.;;José R. Rodríguez;;;vap.;1887_04_14;Cárdenas;;
Día XX:;;N/A: ;;;Villalonga;pat.;;;;;De Mariel gol. Jóven Gertrúdis, pat. Villalonga: con 850 sacos azúcar.;;Jóven Gertrúdis;;;gol.;1887_04_15;Mariel;;
;;N/A: ;;;Planell;pat.;;;;;Bajas gol. Salve Virgen Mª, pat. Planell: con 400 quinientas cadera mángel.;;Salve Virgen Mª;;;gol.;1887_04_15;;;
;;N/A: ;;;Calvet;pat.;;;;;Mantua gol. Francisca Gener, pat. Calvet: con 850 sacos carbon.;;Francisca Gener;;;gol.;1887_04_15;Mantua;;
;;N/A: ;;;Tur;pat.;;;;;Rio Blanco gol. San José, pat. Tur: con 500 atra- vesinos.;;San José;;;gol.;1887_04_15;Rio Blanco;;
;;N/A: ;;;Bosch;pat.;;;;;Dominica gol. Dominic, pat. Bosch: con 830 sacos azúcar.;;Dominic;;;gol.;1887_04_15;Dominica;;
;;N/A:  | N/A: ;;;López;pat.;;;;;Bahía Honda gol. Francisca, pat. López: con 325 sacos y 105 boceyes azúcar.;;Francisca;;;gol.;1887_04_15;Bahía Honda;;
;;N/A:  | N/A: ;;;Covas;pat.;;;;;Ortigosa gol. Doloritas, pat. Covas: con 240 sacos y 12 boceyes azúcar y efectos.;;Doloritas;;;gol.;1887_04_15;;;
Día 01:;;N/A:  | N/A:  | N/A: ;;;Tarifa;pat.;;;;;Matanza gol. Elvira, pat. Tarifa: con 831 sacos, 30 cajas y 40 barriles azúcar.;;Elvira;;;gol.;1887_04_15;Matanza;;
Día XX:;;N/A:  | N/A: ;;;Urrutibeasaco;cap.;;;;;De Cubarién vap. Clara, cap. Urrutibeasaco: con 760 sacos azúcar y efectos.;;Clara;;;vap.;1887_04_16;Cubarién;;
;;;;;Ventura;cap.;;;;;Cuba y escalas vap. Manuela, cap. Ventura: con efectos.;;Manuela;;;vap.;1887_04_16;Cuba;;
;;N/A:  | N/A: ;;;Morantes;pat.;;;;;Mariel gol. Altglaeia, pat. Morantes: con 81 bo-coyes azúcar y 21 quaterones miel.;;Altglaeia;;;gol.;1887_04_16;;;
;;N/A: ;;;Piñeyro;pat.;;;;;Cárdenas gol. Auita, pat. Piñeyro: con 1,300 sacos azúcar.;;Auita;;;gol.;1887_04_16;Cárdenas;;
;;N/A:  | N/A:  | N/A:  | N/A:  | N/A:  | N/A: ;;;Zaragoza;pat.;;;;;Cárdenas gol. Isla de Cuba, pat. Zaragoza: con 200 barriles, 100 cajas, 170 sacos y 81 bocoyes azúcar. 30 pipas aguardiente y efectos.;;Isla de Cuba;;;gol.;1887_04_16;Cárdenas;;
;;N/A:  | N/A: ;;;Cabrás;pat.;;;;;Sierra Morena gol. Union, pat. Cabrás: con 1,204 sacos azúcar y efectos.;;Union;;;gol.;1887_04_16;;;
;;N/A:  | N/A: ;;;Pereyra;pat.;;;;;Carahatas gol. Teresita, patron Pereyra: con 470 sacos azúcar y 80 bocoyes miel.;;Teresita;;;gol.;1887_04_16;Carahatas;;
;;N/A:  | N/A: ;;;Bosch;pat.;;;;;Cárdenas gol. Almansa, pat. Bosch: con 700 sacos y 2 bocoyes azúcar y efectos.;;Almansa;;;gol.;1887_04_16;Cárdenas;;
;;N/A:  | N/A:  | N/A: ;;;Macip;pat.;;;;;Santa Cruz gol. Jóven Manuel, pat. Macip: con 35 bocoyes y 50 sacos azúcar y efectos.;;Jóven Manuel;;;gol.;1887_04_16;Santa Cruz;;
;;N/A: ;;;Menaya;pat.;;;;;Sierra Morena gol. Habana, pat. Menaya: con 400 sacos azúcar.;;Habana;;;gol.;1887_04_16;;;
;;N/A: ;;;Martí;pat.;;;;;Batabanó gol. Elba, pat. Martí: con 600 caballos leña.;;Elba;;;gol.;1887_04_16;Batabanó;;
;;N/A:  | N/A: ;;;Palmer;pat.;;;;;Mariel gol. Jóven Magdalena, pat. Palmer: con 800 sacos azúcar y 14 pipas aguardiente.;;Jóven Magdalena;;;gol.;1887_04_16;;;
;;N/A: ;;;Ferrer;pat.;;;;;De Mantua gol. Mercedita, pat. Ferrer: con 900 sacos carbon.;;Mercedita;;;gol.;1887_04_17;Mantua;;
;;N/A:  | N/A: ;;;Portella;pat.;;;;;—Santa María gol. Catalina, pat. Portella: con 800 sacos carbon, 100 quintales cáscara mangle.;;Catalina;;;gol.;1887_04_17;;;
;;N/A:  | N/A:  | N/A: ;;;Graby;pat.;;;;;—Mulata gol. Paquete Nuevitas, pat. Graby: con 130 polines, 200 yugos y 20 piezas madera.;;Paquete Nuevitas;;;gol.;1887_04_17;;;
;;N/A: ;;;Aguiar;pat.;;;;;—Congos, gol. Júcaro, pat. Aguiar: con 800 sacos carbon.;;Júcaro;;;gol.;1887_04_17;Congos;;
Día Cánovas:;;N/A:  | N/A:  | N/A: ;;;Cánovas;pat.;;;;;De Jaruco gol. Joven Lola, pat. Cánovas: con 335 sacos azúcar, 12 pipas aguardiente, 40 quintales cebollas y efectos.;;Joven Lola;;;gol.;1887_04_19;Jaruco;;
;;N/A:  | N/A: ;;;Herrera;pat.;;;;;Cárdenas gol. Nueva Rosita, pat. Herrera: con 600 barriles y 400 sacos azúcar y efectos.;;Nueva Rosita;;;gol.;1887_04_19;Cárdenas;;
;;N/A:  | N/A: ;;;Tocino;pat.;;;;;Morillo gol. Britania, pat. Tocino: con 58 cuarteleros miel y 250 sacos azúcar.;;Britania;;;gol.;1887_04_19;Morillo;;
;;N/A:  | N/A:  | N/A:  | N/A: ;;;Rodríguez;pat.;;;;;Cabañas gol. Josefa, pat. Rodríguez: con 150 cajas y 85 sacos azúcar, 16 pipas aguardiente y efectos.;;Josefa;;;gol.;1887_04_19;Cabañas;;
Día :;;N/A:  | N/A: ;;;Villalonga;pat.;;;;;Mariel gol. María Magdalena, pat. Villalonga: con 680 sacos azúcar y efectos.;;María Magdalena;;;gol.;1887_04_19;;;
;;N/A:  | N/A:  | N/A:  | N/A: ;;;Torres;pat.;;;;;Mulat gol. Isabelita, pat. Torres: con 140 polines, 250 tendidos soga, 129 rollos madera y efectos.;;Isabelita;;;gol.;1887_04_19;Mulat;;
;;N/A:  | N/A: ;;;Salvá;pat.;;;;;Sierra Morena gol. Mª Teresa, pat. Salvá: con 625 sacos azúcar y 25 bocayes miel.;;Mª Teresa;;;gol.;1887_04_19;;;
;;N/A: ;;;Riobo;pat.;;;;;Carahatas gol. Tres Hermanas, pat. Riobo: con 1,050 sacos azúcar.;;Tres Hermanas;;;gol.;1887_04_19;Carahatas;;
;;N/A: ;;;Grandal;pat.;;;;;Caibarien gol. Engracia, pat. Grandal: con 41 palos labrados.;;Engracia;;;gol.;1887_04_19;Caibarien;;
;;N/A: ;;;Otero;pat.;;;;;Sagua gol. Mª Andrea, pat. Otero: con 600 sacos carbón.;;Mª Andrea;;;gol.;1887_04_19;Sagua;;
Día null:;;N/A: ;;;Berna;pat.;;;;;Dimas gol. Amable Rosita, pat. Berna: con 850 sacos carbón.;;Amable Rosita;;;gol.;1887_04_19;;;
Día XX:;;N/A:  | N/A: ;;;Zalvidea;cap.;;;;;De Cuba y escalas vap. Avilés, cap. Zalvidea: con 1,200 sacos azúcar y 200 boceyes miel.;;Avilés;;;vap.;1887_04_20;Cuba y escalas;;
;;N/A:  | N/A:  | N/A:  | N/A: ;;;Bomb;cap.;;;;;Cabaríes vap. Alava, cap. Bomb: con 1,451 sacos azúcar, 30 pipas aguardiente, 43 tercios tabaco y efectos.;;Alava;;;vap.;1887_04_20;Cabaríes;;
;;;;;null;cap.;;;;;De Cuba y escalas vap. Manuelita y Maria, capitan;;Manuelita y Maria;;;vap.;1887_04_21;Cuba;;
Día :;;N/A: ;;;Úrrutibeascoa;cap.;;;;;De Caibarien vap. Clara, cap. Úrrutibeascoa: con 639 sacos de efectos.;;Clara;;;vap.;1887_04_22;Caibarien;;
;;N/A: ;;;Bosch;pat.;;;;;—Dominica gol. Dominica, pat. Bosch: 330 sacos azúcar.;;Dominica;;;gol.;1887_04_22;Dominica;;
;;N/A:  | N/A: ;;;Villalonga;pat.;;;;;—Mariel gol. Jóven Magdalena, patron Villalonga: con 800 sacos azúcar y 16 pipas aguardiente.;;Jóven Magdalena;;;gol.;1887_04_22;Mariel;;
;;N/A: ;;;Benejan;pat.;;;;;—Mantua gol. Margarita, pat. Benejan: con 700 sacos carbon.;;Margarita;;;gol.;1887_04_22;Mantua;;
;;N/A: ;;;Barreras;pat.;;;;;—Sagua gol. Ignacia, pat. Barreras: con 1,000 sacos carbon.;;Ignacia;;;gol.;1887_04_22;Sagua;;
;;N/A: ;;;Gil;pat.;;;;;—Banes gol. Josefa pat. Gil: con 27 bocoyes azúcar.;;Josefa;;;gol.;1887_04_22;Banes;;
;;N/A:  | N/A:  | N/A:  | N/A: ;;;Serantes;pat.;;;;;Morillo gol. Feliz pat. Serantes, con 85 sacos y 13 baoes azúcar, 32 quarteros miel y efectos.;;Feliz;;;gol.;1887_04_23;Morillo;;
Día Cánovas:;;N/A:  | N/A:  | N/A:  | N/A: ;;;Cánovas;pat.;;;;;De Jaruco gol. Joven Lola, pat. Cánovas: con 86 bo- coves y 114 sacos azúcar, 118 sacos maíz y 44 quintales ebohlas.;;Joven Lola;;;gol.;1887_04_23;Jaruco;;
;;N/A: ;;;Joy;pat.;;;;;Cárdenas gol. Anita, pat. Joy: con 1,300 sacos azúcar.;;Anita;;;gol.;1887_04_23;Cárdenas;;
;;N/A:  | N/A:  | N/A: ;;;Alemañy;pat.;;;;;Cárdenas gol. Jóven Pilar, pat. Alemañy: con 500 barriles, 600 medios barriles y 402 cajas azúcar-reno.;;Jóven Pilar;;;gol.;1887_04_23;Cárdenas;;
;;N/A:  | N/A:  | N/A: ;;;Inclán;pat.;;;;;Cabañas gol. Caballo Marino, pat. Inclán: con 600 sacos azúcar, 24 pipas aguardiente y efectos.;;Caballo Marino;;;gol.;1887_04_23;Cabañas;;
;;N/A: ;;;Ruiz;pat.;;;;;Dimas gol. 2 Hermanas, pat. Ruiz: con 900 sacos azúcar.;;2 Hermanas;;;gol.;1887_04_23;;;
;;N/A:  | N/A:  | N/A:  | N/A:  | N/A: ;;;Vázquez;pat.;;;;;De Gibara gol. Seis Manuelas, pat. Vázquez: con 547 sacos nával, 1.100 quintales flame, 25.000 plátanos, 50 bocches miel y 7 efectos.;;Seis Manuelas;;;gol.;1887_04_24;Gibara;;
;;N/A: ;;;Mena;pat.;;;;;Playas de San Juan, gol. Dos Sófas, pat. Mena- ya: con 1.100 sacos carbon.;;Dos Sófas;;;gol.;1887_04_24;Playas de San Juan;;
Día null:;;N/A:  | N/A:  | N/A: ;;;Zaragoza;pat.;;;;;De Cárdenas gol. Isla de Cuba, pat. Zaragoza: con 320 sacos, 86 bocoyes azúcar y efectos.;;Isla de Cuba;;;gol.;1887_04_26;Cárdenas;;
;;N/A: ;;;Tofíer;pat.;;;;;Granadillo gol. Jóven Felipe, pat. Tofíer: con 2.000 sacos carbon.;;Jóven Felipe;;;gol.;1887_04_26;Granadillo;;
;;N/A: ;;;Villalonga;pat.;;;;;Mariel gol. Mª Magdalena, pat. Villalonga: con 800 sacos azúcar.;;Mª Magdalena;;;gol.;1887_04_26;;;
;;N/A: ;;;Lladó;pat.;;;;;Morrillo gol. Agustina, pat. Lladó: con 570 sacos azúcar.;;Agustina;;;gol.;1887_04_26;;;
;;;;;Rodríguez;pat.;;;;;Cabañas gol. Josefa, pat. Rodríguez: con efectos.;;Josefa;;;gol.;1887_04_26;Cabañas;;
Día :;;N/A:  | N/A: ;;;Arocha;pat.;;;;;Cabañas gol. Cefro, pat. Arocha: con 549 sacos azúcar y efectos.;;Cefro;;;gol.;1887_04_26;Cabañas;;
;;N/A: ;;;Ventura;patron.;;;;;Sagua gol. Sofía patron. Ventura: con 800 sacos carbon.;;Sofía;;;gol.;1887_04_26;Sagua;;
;;N/A:  | N/A: ;;;Pellicer;pat.;;;;;Sierra Morena gol. Pirineo, patron Pellicer: con 1.220 sacos azúcar y 30 bocoyes miel.;;Pirineo;;;gol.;1887_04_26;;;
;;N/A:  | N/A:  | N/A: ;;;Pérez;pat.;;;;;Matanzas gol. María, pat. Pérez: con 770 sacos azúcar, 100 bocoyes aguardiente y efectos.;;María;;;gol.;1887_04_26;Matanzas;;
;;N/A:  | N/A:  | N/A: ;;;Pellicer;pat.;;;;;Matanzas gol. Emilio, pat. Pellicer: con 651 sacos azúcar, 50 pipas aguardiente y efectos.;;Emilio;;;gol.;1887_04_26;Matanzas;;
Día null:;;N/A:  | N/A:  | N/A:  | N/A: ;;;Tarifa;pat.;;;;;Matanzas gol. Elvira, pat. Tarifa: con 410 sacos y 172 cajas azúcar, 40 bocoyes aguardiente y efectos.;;Elvira;;;gol.;1887_04_26;Matanzas;;
;;N/A: ;;;Bomb;cap.;;;;;De Caibarien vap. Alava, cap. Bomb: con 1,400 sacos azúcar y efectos.;;Alava;;;vap.;1887_04_27;Caibarien;;
;;N/A: ;;;Riera;pat.;;;;;—Sgna la chica gol. San Francisco, pat. Riera: con 800 sacos carbón.;;San Francisco;;;gol.;1887_04_27;;;
;;N/A:  | N/A:  | N/A: ;;;Felic;pat.;;;;;—Guanes gol. Especulación, pat. Felic: con 8 tercios tabaco, 30 caballos leña y 270 sacos ca-car mangle.;;Especulación;;;gol.;1887_04_27;Guanes;;
;;N/A: ;;;Juan;pat.;;;;;—Cabañas gol. Esmeralda, pat. Juan: con 80 bococes miel.;;Esmeralda;;;gol.;1887_04_27;Cabañas;;
;;N/A: ;;;Tié;pat.;;;;;—Sagua gol. Josefa Coruñez, pat. Tié: con 800 sacos carbón.;;Josefa Coruñez;;;gol.;1887_04_27;Sagua;;
;;N/A:  | N/A:  | N/A: ;;;Colom;pat.;;;;;—Canas gol. Sabas, pat. Colom: con 60 bococes miel, azúcar y 30 bococes miel.;;Sabas;;;gol.;1887_04_27;Canas;;
;;N/A: ;;;Cabrúja;pat.;;;;;De Arroyos gol. Gallego, pat. Cabrúja: con 750 sacos carbon.;;Gallego;;;gol.;1887_04_28;Arroyos;;
;;N/A:  | N/A: ;;;Valent;pat.;;;;;—Cárdenas gol. Victoria, pat. Valent: con 500 cañas azúcar y efectos.;;Victoria;;;gol.;1887_04_28;Cárdenas;;
Día XX:;;N/A:  | N/A: ;;;Bilbao;cap.;;;;;De Sagua vap. Adela, cap. Bilbao: con 1,197 sacos azúcar y efectos.;;Adela;;;vap.;1887_04_29;Sagua;;
;;N/A:  | N/A:  | N/A: ;;;Morantes;pat.;;;;;—Mariel gol. Altagracia, pat. Morantes: con 75 boceyes azúcar, 12 pipas aguardiente y efectos.;;Altagracia;;;gol.;1887_04_29;Mariel;;
;;N/A:  | N/A:  | N/A:  | N/A:  | N/A: ;;;Cánovas;pat.;;;;;—Jaruco gol. Jóvenes Lola, pat. Cánovas: con 139 sacos y 20 boceyes azúcar, 100, 100, 44 fanegas maíz y efectos.;;Jóvenes Lola;;;gol.;1887_04_29;Jaruco;;
Día null:;;N/A:  | N/A:  | N/A: ;;;Deulofu;pat.;;;;;—Caballos gol. Nuestra Señora del Carmen, pat. Deulofu: con 300 sacos y 30 boceyes azúcar y 3 pipas aguardiente.;;Nuestra Señora del Carmen;;;gol.;1887_04_29;;;
;;N/A:  | N/A: ;;;Pereira;pat.;;;;;—Carahas gol. Teresita, pat. Pereira: con 550 sacos azúcar y 100 boceyes miel.;;Teresita;;;gol.;1887_04_29;;;
;;N/A:  | N/A:  | N/A:  | N/A: ;;;Inclan;pat.;;;;;—Caballos gol. Caballo Marino, pat. Inclan: con 550 sacos y 60 cajas azúcar, 30 pipas aguardiente y efectos.;;Caballo Marino;;;gol.;1887_04_29;;;
;;N/A:  | N/A: ;;;Villalonga;pat.;;;;;De Mariel gol. Jóven Magdalena pat. Villalonga: con 810 sscs azúcar y 12 pipas aguardar.;;Jóven Magdalena;;;gol.;1887_04_30;Mariel;;
;;N/A: ;;;Bosch;pat.;;;;;—Dominica gol. Dominicca pat. Bosch: con 930 sscs azúcar.;;Dominicca;;;gol.;1887_04_30;Dominica;;
;;N/A:  | N/A:  | N/A: ;;;Valent;pat.;;;;;—Cárdenas gol. Mª d. l. Carmen, pat. Valent: con 740 barriles, 100 sscs y 25 cajas azúcar refinado.;;Mª d. l. Carmen;;;gol.;1887_04_30;Cárdenas;;
;;N/A:  | N/A:  | N/A: ;;;Macip;pat.;;;;;De Santa Cruz gol. Jóven Manuel, pat. Macip: con 150 fanegas maíz, 50 sacos azúcar y efectos.;;Jóven Manuel;;;gol.;1887_05_01;Santa Cruz;;
Día :;;N/A:  | N/A:  | N/A: ;;;Calafell;pat.;;;;;—Matanzas gol. Mª Josefa, pat. Calafell: con 389 sacos y 260 cajas azúcar y 62 boceyes aguardiente.;;Mª Josefa;;;gol.;1887_05_01;Matanzas;;
;;;;;Zalbíiga;cap.;;;;;—Cuba y escalas vap. Avilés, cap. Zalbíiga: con efectos.;;Avilés;;;vap.;1887_05_01;Cuba y escalas;;
;;;;;Albóngia;cap.;;;;;—Cuba y escalas vap. Morera, cap. Albóngia: con efectos.;;Morera;;;vap.;1887_05_01;Cuba;;
Día 01:;;N/A:  | N/A:  | N/A:  | N/A: ;;;Paz;pat.;;;;;De San Cayetano gol. Magdalena, pat. Paz: con 100 p. línes, 100 sacos carbon, 100 caballos leña y 200 varas madera.;;Magdalena;;;gol.;1887_05_03;San Cayetano;;
;;N/A:  | N/A:  | N/A: ;;;Herrera;pat.;;;;;—Cárdenas gol. Nueva Rosita, pat. Herrera: con 70 pipas ag. nardino, 41 tercios tabaco y efectos.;;Nueva Rosita;;;gol.;1887_05_03;Cárdenas;;
;;N/A:  | N/A: ;;;Tonicido;pat.;;;;;—Morillo gol. Britania, pat. Tonicido: con 150 sacos azúcar y 800 tenditos soga.;;Britania;;;gol.;1887_05_03;Morillo;;
;;N/A:  | N/A: ;;;Hernández;pat.;;;;;—Morriño gol. Rosario, pat. Hernández: con 470 sacos azúcar y 538 tenditos soga.;;Rosario;;;gol.;1887_05_03;;;
;;N/A: ;;;Colomar;pat.;;;;;—Catusi gol. Sabas, pat. Colomar: con 98 bocoyes azúcar.;;Sabas;;;gol.;1887_05_03;;;
;;N/A: ;;;Alemáfy;pat.;;;;;—Sierra Morena gol. Teresita, pat. Alemáfy: con 500 sacos azúcar.;;Teresita;;;gol.;1887_05_03;;;
;;N/A: ;;;Maten;pat.;;;;;De Fajas gol. San Francisco, pat. Maten: con 800 sacos carbon.;;San Francisco;;;gol.;1887_05_04;Fajas;;
;;N/A:  | N/A:  | N/A: ;;;Villalonga;pat.;;;;;Mariel gol. Mª Magdalena, pat. Villalonga: con 300 sacos azúcar, 50 quarteros miel y efectos.;;Mª Magdalena;;;gol.;1887_05_04;Mariel;;
;;N/A:  | N/A: ;;;Bombi;cap.;;;;;Cabirn vap. Alav, cap. Bombi: con 1,882 sacos azúcar y efectos.;;Alav;;;vap.;1887_05_04;;;
;;N/A: ;;;Barreras;pat.;;;;;Sagua la Chica gol. América, pat. Barreras: con 1,000 sacos carbon.;;América;;;gol.;1887_05_04;Sagua la Chica;;
;;N/A: ;;;Colomar;pat.;;;;;Sagua gol. Mª Josefa, pat. Colomar: con 1,000 sacos carbon.;;Mª Josefa;;;gol.;1887_05_04;Sagua;;
;;N/A: ;;;Vaello;pat.;;;;;Sagua gol. 2 Isabeles, pat. Vaello: con 1,000 sacos carbon.;;2 Isabeles;;;gol.;1887_05_04;Sagua;;
;;N/A:  | N/A:  | N/A:  | N/A: ;;;Alemañ;pat.;;;;;Cárdenas gol. Jóven Pilar, pat. Alemañ: con 1,000 cajitas, 400 barriles, 400/2 barriles y 63 sacos azúcar refino.;;Jóven Pilar;;;gol.;1887_05_04;Cárdenas;;
;;N/A:  | N/A: ;;;Cabres;pat.;;;;;Sierra Morena gol. Union, pat. Cabres: con 44 sacos carbon y efectos.;;Union;;;gol.;1887_05_04;;;
Día XX:;;N/A: ;;;Sisniga;pat.;;;;;De Yaguajay gol. Nuevo Neptuno, pat. Sisniga: con 450 sacos azúcar.;;Nuevo Neptuno;;;gol.;1887_05_05;Yaguajay;;
Día :;;N/A: ;;;Vera;pat.;;;;;— Yaguajay gol. Trafalgar, pat. Vera: con 139 bo- co. es miel.;;Trafalgar;;;gol.;1887_05_05;Yaguajay;;
;;N/A: ;;;Lorenzo;pat.;;;;;— Sagua gol. Rosita, pat. Lorenzo: con 860 sacos carbon.;;Rosita;;;gol.;1887_05_05;Sagua;;
Día null:;;N/A: ;;;Olaguibel;cap.;;;;;De S. gua vap. Adela, cap. Olaguibel: con 1,382 sacos azúcar y efectos.;;Adela;;;vap.;1887_05_06;S. gua;;
;;N/A:  | N/A: ;;;Urrutibeasoe;cap.;;;;;- Cabaríñan vap. Clara, cap. Urrutibeasoe: con 770 sacos azúcar y efectos.;;Clara;;;vap.;1887_05_06;Cabaríñan;;
;;N/A:  | N/A:  | N/A:  | N/A: ;;;Juan;pat.;;;;;- Cabanas gol. Esmeralda, pat. Juan: con 180 ca- jas y 63 sacos azúcar, 92 bocotes y 16 quaterneos.;;Esmeralda;;;gol.;1887_05_06;Cabanas;;
;;N/A:  | N/A: ;;;Bosch;pat.;;;;;- Yaguajay gol. Almansa, pat. Bosch: con 1,000 sacos azúcar y 10 bocotes miel.;;Almansa;;;gol.;1887_05_06;Yaguajay;;
;;N/A: ;;;Bosch;pat.;;;;;De Dominicola gol. Dominicola, pat. Bosch: con 330 sacos azúcar.;;Dominicola;;;gol.;1887_05_07;Dominicola;;
;;N/A:  | N/A:  | N/A:  | N/A: ;;;Rodriguez;pat.;;;;;-Cabanas gol. Josefa, pat. Rodriguez: con 300 cajas, 53 sacos y 24 bocoyes azúcar y efectos.;;Josefa;;;gol.;1887_05_07;Cabanas;;
;;N/A:  | N/A:  | N/A: ;;;Cantero;pat.;;;;;-Cárdenas gol. Agüila de Oro, pat. Cantero: con 300 cajas, 60 pipas aguardiente y efectos.;;Agüila de Oro;;;gol.;1887_05_07;Cárdenas;;
;;N/A:  | N/A: ;;;Gil;pat.;;;;;-Banes gol. Josefa, pat. Gil: con 200 sacos azúcar y efectos.;;Josefa;;;gol.;1887_05_07;Banes;;
;;N/A: ;;;Mayans;pat.;;;;;-Sagua gol. 23 Gertrudis, pat. Mayans: con 1,000 sacos carbón.;;23 Gertrudis;;;gol.;1887_05_07;Sagua;;
Día :;;N/A: ;;;Zaragoza;pat.;;;;;-Puerto Escondido gol. Centinela, pat. Zaragoza: con 19 bocoyes miel.;;Centinela;;;gol.;1887_05_07;Puerto Escondido;;
;;N/A:  | N/A: ;;;Esteban;pat.;;;;;-Río de la Palma gol. Vicenta, pat. Esteban: con 30 caballos carbon.;;Vicenta;;;gol.;1887_05_07;Río de la Palma;;
;;N/A:  | N/A:  | N/A: ;;;Pellicer;pat.;;;;;De Matazás gol. Emilio, pat. Pellicer: con 779 sacos, azúcar, 119 bocas es agrandante y efectos.;;Emilio;;;gol.;1887_05_08;Matazás;;
;;N/A:  | N/A:  | N/A: ;;;Planas;pat.;;;;;—Mulata gol. Dolores, pat. Planas: con 250 tendidos soja, 1,500 hilo mejagua y efectos.;;Dolores;;;gol.;1887_05_08;;;
;;N/A:  | N/A:  | N/A:  | N/A: ;;;;cap.;;;;;De Guan, cap. Guan, cap. con 134 tercios tabaco, 207 quintales cársera mangle, 300 caballos y efectos.;;Guan;;;;1887_05_10;Guan;;
;;N/A:  | N/A: ;;;Villalonga;pat.;;;;;—Mariel gol. Mª Magdalena, pat. Villalonga: con 303 sacos azúcar y 46 quartelar mis.;;Mª Magdalena;;;gol.;1887_05_10;Mariel;;
;;N/A:  | N/A:  | N/A: ;;;Zubrit;pat.;;;;;—Moron gol. Manuela, pat. Zubrit: con 400 paquetes tablillas, 90 arrobas cera y 24 tercios tabaco.;;Manuela;;;gol.;1887_05_10;Moron;;
;;N/A:  | N/A:  | N/A:  | N/A: ;;;Ponte;pat.;;;;;—Nuevitas gol. Emilia, pat. Ponte: con 160 atravesanos, 50 caballos leña y efectos.;;Emilia;;;gol.;1887_05_10;Nuevitas;;
;;N/A: ;;;Enseñat;pat.;;;;;—Sierra Morena gol. Soffa, pat. Enseñat: con 800 sacos azúcar.;;Soffa;;;gol.;1887_05_10;;;
;;N/A: ;;;Moll;pat.;;;;;—Mantua gol. Lince, pat. Moll: con 700 sacos carbón.;;Lince;;;gol.;1887_05_10;Mantua;;
;;N/A: ;;;Orbay;pat.;;;;;—Teja gol. 2 Amigos, pat. Orbay: con 700 sacos carbón.;;2 Amigos;;;gol.;1887_05_10;;;
;;N/A:  | N/A: ;;;Calvés;pat.;;;;;—Mantua gol. Francisco Géner, pat. Calvés: con 400 sacos carbon y 1,000 quintales cársera mangle.;;Francisco Géner;;;gol.;1887_05_10;Mantua;;
;;N/A:  | N/A:  | N/A: ;;;Bonet;pat.;;;;;—Matanzas gol. 2 Hermanas, pat. Bonet: con 660 sacos azúcar, 72 boceyes aguardiente y efectos.;;2 Hermanas;;;gol.;1887_05_10;Matanzas;;
;;N/A: ;;;Coll;pat.;;;;;—Yaguaje gol. Joven Blanca, pat. Coll: con 63,452 pies madera.;;Joven Blanca;;;gol.;1887_05_10;;;
;;N/A:  | N/A:  | N/A:  | N/A: ;;;Cuevas;pat.;;;;;—Cárdenas gol. Angelita, pat. Cuevas: con 600 magajos, 4 faridos suela y efectos.;;Angelita;;;gol.;1887_05_10;Cárdenas;;
;;N/A:  | N/A: ;;;Joy;patrón;;;;;—Cárdenas gol. Anita, patrón Joy: con 107 pipas aguardiente y efectos.;;Anita;;;gol.;1887_05_10;Cárdenas;;
;;N/A:  | N/A:  | N/A: ;;;Bomb;cap.;;;;;De Caibarién vap. Alaya, cap. Bomb: con 1,310 sacos y 3 bocoyes azúcar, 20 bocoyes aguardiente y efectos.;;Alaya;;;vap.;1887_05_11;Caibarién;;
;;N/A:  | N/A: ;;;Zaividica;cap.;;;;;Cuba y escalas vap. Avilés, cap. Zaividica: con 300 sacos azúcar y efectos.;;Avilés;;;vap.;1887_05_11;Cuba;;
;;N/A:  | N/A: ;;;Cabrera;pat.;;;;;Teja gol. Castilla, pat. Cabrera: con 300 sacos azúcar y efectos.;;Castilla;;;gol.;1887_05_11;;;
;;N/A:  | N/A:  | N/A: ;;;Morantes;pat.;;;;;Mariel gol. Altargraca, pat. Morantes: con 740 bocoyes azúcar, 9 pipas aguardiente y escofes.;;Altargraca;;;gol.;1887_05_11;;;
;;N/A: ;;;Pujol;pat.;;;;;Arroyos gol. Nuevo Hilario, pat. Pujol: con 700 sacos carbon.;;Nuevo Hilario;;;gol.;1887_05_11;Arroyos;;
Día XX:;;N/A:  | N/A:  | N/A: ;;;Zaragoza;pat.;;;;;De Cárdenas gol. Isl. de Cuba, pat. Zaragoza: con 60 bocoyes y 180 cajas azúcar y 30 pipas aguardiente.;;Isl. de Cuba;;;gol.;1887_05_12;Cárdenas;;
;;N/A: ;;;Pujol;pat.;;;;;Santa Lucía gol. M° del Carmen, pat. Pujol: con 40 bocoyes azúcar.;;M° del Carmen;;;gol.;1887_05_12;Santa Lucía;;
;;N/A:  | N/A:  | N/A:  | N/A: ;;;Inclán;pat.;;;;;Cabanas gol. Caballo Marino, pat. Inclán: con 400 cajas azúcar y 200 cajas azúcar, 16 pipas aguardiente y efectos.;;Caballo Marino;;;gol.;1887_05_12;Cabanas;;
;;N/A: ;;;Salvá;pat.;;;;;Sierra Morena gol. M° Teresa, pat. Salvá: con 780 sacos azúcar.;;M° Teresa;;;gol.;1887_05_12;;;
;;N/A:  | N/A:  | N/A:  | N/A:  | N/A:  | N/A:  | N/A: ;;;Urrutibaeasca;cap.;;;;;De Cabariz. vap. Clara, cap. Urrutibaeasca: con 660 sacos y escalas vap. Manuelita y Ma, cap. Vacas: con 2,295 sacos y 20 bocoyes azucar, 36 saco cao y efectos.;;Clara;;;vap.;1887_05_13;Cabariz;;
;;N/A:  | N/A:  | N/A:  | N/A: ;;;Vacas;cap.;;;;;- Cuba y escalas vap. Manuelita y Ma, cap. Vacas: con 2,295 sacos y 20 bocoyes azucar, 36 saco cao y efectos.;;Manuelita;;;vap.;1887_05_13;Cuba;;
;;N/A:  | N/A:  | N/A: ;;;Unibaso;cap.;;;;;- Malas Aguas vap. Bahia Honda, cap. Unibaso: con 25 sacos azugar, 9 pipas aguardiente y efectos.;;Bahia Honda;;;vap.;1887_05_13;Malas Aguas;;
;;N/A: ;;;Ibanez;pat.;;;;;- Punta San Juan gol. Candita, pat. Ibanez: con 1,000 sacos carbon.;;Candita;;;gol.;1887_05_13;Punta San Juan;;
;;N/A:  | N/A:  | N/A: ;;;Lladó;pat.;;;;;De Morrillo gol. Agustina, pat. Lladó: con 436 sacos y 14 estuches azúcar y 9 garrafones miel.;;Agustina;;;gol.;1887_05_14;Morrillo;;
;;N/A: ;;;Ferrer;pat.;;;;;De Mantua gol. Mercedita, pat. Ferrer: con 900 sacos carbon.;;Mercedita;;;gol.;1887_05_17;Mantua;;
;;N/A:  | N/A:  | N/A: ;;;Lloret;pat.;;;;;Bajos gol. Angelita, patron Lloret: con 270 sacos carbon, 100 quintales ciscar mange y 50 cabal-s ién.;;Angelita;;;gol.;1887_05_17;Bajos;;
Día 01:;;N/A:  | N/A:  | N/A:  | N/A: ;;;Cánovas;pat.;;;;;Jaroa gol. Joven Lola, pat. Cánovas: con 28 bo- coyes y 100 sacos azúcar, 1 pipas aguardiente y 180 sacos maiz.;;Joven Lola;;;gol.;1887_05_17;Jaroa;;
;;N/A:  | N/A: ;;;Serrat;pat.;;;;;Manta gol. Amalia, pat. Serrat: con 500 sacos carbon y 300 caballos leña.;;Amalia;;;gol.;1887_05_17;Manta;;
;;N/A: ;;;Villalonga;pat.;;;;;Mariel gol. Mª Magdalena, pat. Villalonga: con 500 sacos azúcar.;;Mª Magdalena;;;gol.;1887_05_17;;;
;;N/A:  | N/A:  | N/A: ;;;Pérez;pat.;;;;;Matanzas gol. María, pat. Pérez: con 670 sacos azúcar, 105 boquies aguardiente y efectos.;;María;;;gol.;1887_05_17;Matanzas;;
;;N/A:  | N/A:  | N/A:  | N/A:  | N/A: ;;;Tarifa;pat.;;;;;Matanzas gol. Elvira, pat. Tarifa: con 156 cajas, 390 sacos y 60 boquies azúcar, 10 boquies aguardiente y efectos.;;Elvira;;;gol.;1887_05_17;Matanzas;;
Día Valen:;;N/A:  | N/A:  | N/A:  | N/A: ;;;Valen;pat.;;;;;Cárdenas gol. Mª del Cármen, pat. Valen: con 2000 cajitas, 400 barriles y 400,2 barriles azúcar refino y 30 pipas aguardiente.;;Mª del Cármen;;;gol.;1887_05_17;Cárdenas;;
;;N/A: ;;;Mas;pat.;;;;;Manzanas gol. Teresa, pat. Mas: con 1000 atras- vesaños.;;Teresa;;;gol.;1887_05_17;;;
;;N/A:  | N/A: ;;;Ventura;cap.;;;;;Cuba y escalas vap. Manuela, cap. Ventura: con 800 sacos azúcar y efectos.;;Manuela;;;vap.;1887_05_17;Cuba;;
;;;;;Bomb;cap.;;;;;De Caibarien vap. Alava, cap. Bomb: con efectos.;;Alava;;;vap.;1887_05_18;Caibarien;;
Día XX:;;N/A: ;;;Prieto;pat.;;;;;De Saguá gol. Paquete de Saguá, patron Prieto: cam 400 varas madera.;;Paquete;;;gol.;1887_05_19;Saguá;;
Día 01:;;N/A:  | N/A: ;;;Unibaso;cap.;;;;;De Malas Aguas vap. Bahía Honda, cap. Unibaso: cog 27 sacos azúcar y 8 pipas aguardiente.;;Bahía Honda;;;vap.;1887_05_21;Malas Aguas;;
;;N/A:  | N/A:  | N/A:  | N/A: ;;;Olagüibel;cap.;;;;;Sagua v.p. Adela, cap. Olagüibel: con 1,100 sacos azúcar, 52 pipas aguardiente, 42 tercios tabaco y efectos.;;Adela;;;v.p.;1887_05_21;Sagua;;
;;N/A:  | N/A: ;;;Urrutiveasoa;cap.;;;;;Cabarien v.p. Clara, cap. Urrutiveasoa: con 600 sacos azúcar y efectos.;;Clara;;;v.p.;1887_05_21;;;
;;N/A:  | N/A:  | N/A: ;;;Zalvidea;cap.;;;;;Cuba y escalas vapor Avilés, cap. Zalvidea: con 1,000 sacos azúcar, 160 bocyes miet y efectos.;;Avilés;;;vapor;1887_05_21;Cuba;;
;;N/A:  | N/A:  | N/A: ;;;Herrera;pat.;;;;;Cárdenas gol Nueva Rosita, pat. Herrera: con 500 barres y 10 caj. azúcar refino, 40 pipas aguardiente y efectos.;;Nueva Rosita;;;gol.;1887_05_21;Cárdenas;;
;;N/A:  | N/A: ;;;Bosch;pat.;;;;;Dominica gol. Dominica, pat. Bosch: con 330 sacos azúcar y efectos.;;Dominica;;;gol.;1887_05_21;Dominica;;
Día :;;N/A:  | N/A: ;;;Arocha;pat.;;;;;Cabanas gol Ceñro, pat. Arocha: con 350 sacos azúcar y efectos.;;Ceñro;;;gol;1887_05_21;Cabanas;;
;;N/A:  | N/A:  | N/A: ;;;Amengual;pat.;;;;;De San Cayetano gol. Rosa María, patron Amengual: con 221 pollinas, 1,809 cujes y 10 camas correta.;;Rosa María;;;gol.;1887_05_22;San Cayetano;;
;;N/A: ;;;Serantes;pat.;;;;;Mortillo gol. Feliz, pat. Serantes: cpn 300 cabos leña.;;Feliz;;;gol.;1887_05_22;Mortillo;;
;;N/A:  | N/A:  | N/A:  | N/A: ;;;Juan;pat.;;;;;Cabañas gol. Esmeralda, pat. Juan: con 207 cajas y 55 sacos azúcar, 72 boceyes miel y efectos.;;Esmeralda;;;gol.;1887_05_22;Cabañas;;
;;N/A:  | N/A: ;;;Rodríguez;p.;;;;;Cabañas gol. Josefa, p.º Rodríguez: con 300 cañas y 56 boceyes azúcar y efectos.;;Josefa;;;gol.;1887_05_22;Cabañas;;
;;N/A:  | N/A:  | N/A:  | N/A: ;;;Calafell;pat.;;;;;Matanzas gol. Mª Josefa, pat. Calafell: con 300 sacos azúcar, 150 boceyes, 102 boceyes y 20 pipas aguardiente.;;Mª Josefa;;;gol.;1887_05_22;Matanzas;;
;;N/A: ;;;Vich;patron;;;;;Cabaña gol. Nuestra Señora de la Caridad, patron Vich: con 430 sacos azúcar.;;Nuestra Señora de la Caridad;;;gol.;1887_05_22;;;
;;N/A: ;;;Otero;pat.;;;;;Sagua gol. Mª Andrea, pat. Otero: con 700 sacos carbón.;;Mª Andrea;;;gol.;1887_05_22;Sagua;;
;;N/A: ;;;Bombi;cap.;;;;;"De Cabaríen vap. Alava, cap. Bombi; con 50 pipas";;Alava;;;vap.;1887_05_24;Cabaríen;;
;;N/A: ;;;Bernaza;pat.;;;;;Dimas gol. Amable Rosita, pat. Bernaza: con 900;;Amable Rosita;;;gol.;1887_05_24;;;
;;N/A: ;;;Amengual;pat.;;;;;Dimas gol. María Mazoni, pat. Amengual: con 900;;María Mazoni;;;gol.;1887_05_24;;;
Día XX:;;N/A: ;;;Orbay;pat.;;;;;Dimas gol. Paquete de Nuevitas, pat. Orbay: con 900;;Paquete;;;gol.;1887_05_24;Nuevitas;;
;;N/A: ;;;Macip;pat.;;;;;Santa Cruz gol. Jóven Manuel, pat. Macip: con 137;;Jóven Manuel;;;gol.;1887_05_24;Santa Cruz;;
;;N/A: ;;;Valent;pat.;;;;;Cárdenas gol. Victoria, pat. Valent: con 800 ba-;;Victoria;;;gol.;1887_05_24;Cárdenas;;
;;N/A: ;;;Perera;pat.;;;;;Carahatas gol. Terecita, pat. Perera: con 550 sa-;;Terecita;;;gol.;1887_05_24;Carahatas;;
;;N/A: ;;;Llorca;pat.;;;;;Bajas gol. Salve Virgen María, pat. Llorca: con 400;;Salve Virgen María;;;gol.;1887_05_24;;;
;;N/A:  | N/A:  | N/A: ;;;Marin;cap.;;;;;"De Guanes vap. Guaniguanico, cap. Marin: cen 215 tercios tabaco; 74 sacos miragano y efectos.";;Guaniguanico;;;vap.;1887_05_25;Guanes;;
;;N/A:  | N/A: ;;;Salv;pat.;;;;;Sierra Morena gol. Mª Teresa, pat. Salv: con 600 sacos azúcar y efectos.;;Mª Teresa;;;gol.;1887_05_25;;;
;;N/A:  | N/A:  | N/A:  | N/A: ;;;Alemañ;pat.;;;;;—Cerdón gol. Jóven Pilar, pat. Alemañ: con 850 barriles y 200 cajas azúcar, 20 pipas aguardiente y efectos.;;Jóven Pilar;;;gol.;1887_05_25;Cerdón;;
;;N/A:  | N/A:  | N/A:  | N/A: ;;;Pujol;pat.;;;;;De Jaruco gol. Joven Lola, pat. Pujol: con 150 sacos y 14 boquies azucar, 6 pipas aguardiente, 143 sacos maiz y efectos.;;Joven Lola;;;gol.;1887_05_26;Jaruco;;
;;N/A:  | N/A: ;;;Cantero;pat.;;;;;Cárdenas gol. Agüila de Oro, pat. Cantero: con 850 barriles azucar refino y 40 pipas aguardiente.;;Agüila de Oro;;;gol.;1887_05_26;Cárdenas;;
;;N/A: ;;;Morantes;pat.;;;;;Mariel gol. Altagracia, pat. Morantes: con 96 boquies azucar.;;Altagracia;;;gol.;1887_05_26;;;
;;N/A: ;;;Fonrodona;pat.;;;;;Sierra Morena gol. 3 Hermanas, pat. Fonrodona: con 800 sacos azucar.;;3 Hermanas;;;gol.;1887_05_26;;;
;;N/A:  | N/A:  | N/A: ;;;Cuevas;pat.;;;;;Cárdenas gol. Angelita, pat. Cuevas: con 50 barriles y 250 cajas azucar refino y 30 pipas aguardiente.;;Angelita;;;gol.;1887_05_26;Cárdenas;;
;;N/A:  | N/A: ;;;Bosch;pat.;;;;;Dominica gol. Dominica, pat. Bosch: con 340 sacos azucar y efectos.;;Dominica;;;gol.;1887_05_26;Dominica;;
Día 01:;;N/A:  | N/A: ;;;Urrutibeascoa;cap.;;;;;De Caibarín vapor Alava, cap. Urrutibeascoa: con 670 sacos azúcar y efectos.;;Alava;;;vapor;1887_05_27;Caibarín;;
;;N/A:  | N/A:  | N/A: ;;;Toneló;pat.;;;;;-Morrillo gol. Britania, pat. Toneló: con 53 sacos azúcar, 1.000 tendidos sogas y efectos.;;Britania;;;gol.;1887_05_27;Morrillo;;
;;N/A: ;;;Llado;pat.;;;;;-Morrillo gol. Agustina, pat. Llado: con 650 caba- llos leña.;;Agustina;;;gol.;1887_05_27;Morrillo;;
Día :;;N/A:  | N/A:  | N/A: ;;;Paz;pat.;;;;;-San Cayetano gol. Megdalena, pat. Paz: con 289 varas madera, 1.300 pieles idem y efectos.;;Megdalena;;;gol.;1887_05_27;San Cayetano;;
;;N/A: ;;;Vera;pat.;;;;;-Yaguyay gol. Trafalgar, pat. Vera: con 62.850 pies madera.;;Trafalgar;;;gol.;1887_05_27;;;
;;N/A: ;;;Alemañy;pat.;;;;;-Sierra Morena gol. Mercedita, pat. Alemañy: con 1.500 sacos carbón.;;Mercedita;;;gol.;1887_05_27;;;
;;N/A:  | N/A:  | N/A:  | N/A: ;;;Unibaso;cap.;;;;;-Malas Aguas vap. Bahía Honda, cap. Unibaso: con 282 sacos azúcar, 6 pipas aguardiente, 36 tercios tabaco y efectos.;;Bahía Honda;;;vap.;1887_05_27;Malas Aguas;;
;;N/A:  | N/A: ;;;Bilbao;cap.;;;;;-Sagua vap. Adela, cap. Bilbao: con 785 sacos azú- car y efectos.;;Adela;;;vap.;1887_05_27;Sagua;;
;;N/A:  | N/A: ;;;Eusef;pat.;;;;;De Sierra Morena gol. Sofia, pat. Eusef: con 402 sacos y 12 estuches azcar y efectos.;;Sofia;;;gol.;1887_05_28;Sierra Morena;;
;;N/A: ;;;Duran;pat.;;;;;Granadillo gol. Nueva Providencia, pat. Duran: con 700 sacos carbon.;;Nueva Providencia;;;gol.;1887_05_28;Granadillo;;
;;N/A: ;;;Flusac;pat.;;;;;Bajas gol. Carmita, pat. Flusac: con 900 sacos carbon.;;Carmita;;;gol.;1887_05_28;;;
;;N/A:  | N/A: ;;;Joy;pat.;;;;;Cárdenas gol. Anita, patron Joy: con 130 pipas aguardiente y efectos.;;Anita;;;gol.;1887_05_28;Cárdenas;;
;;N/A:  | N/A:  | N/A: ;;;Colomar;pat.;;;;;Sagua gol. Antonia, pat. Colomar: con 400 atra- vesaños, 20 estacas y 12 piezas madera.;;Antonia;;;gol.;1887_05_28;Sagua;;
;;N/A: ;;;Moli;pat.;;;;;"De Puerto Padregol. Clio. pat. Moli; con 800 varas madera.";;Clio;;;gol.;1887_05_29;Puerto Padregol;;
;;;;;;cap.;;;;;De Cuba y escolas vap. Manuelita y María. capitán;;Manuelita y María;;;vap.;1887_05_31;Cuba;;
Día :;;;;;Zaragoza;pat.;;;;;Cárdenas gol. Isla de Cuba. pat. Zaragoza: con;;Isla de Cuba;;;gol.;1887_05_31;Cárdenas;;
;;N/A: ;;;Torres;pat.;;;;;Mulata gol. Isabelita, pat. Torres: con 200 polí;;Isabelita;;;gol.;1887_05_31;;;
;;N/A: ;;;Moll;pat.;;;;;Mantua gol. Lince, pat. Moll: con 700 sacos car;;Lince;;;gol.;1887_05_31;Mantua;;
;;N/A: ;;;Ruiz;pat.;;;;;Dimas gol. 2 Hermanas, pat. Ruiz: con 900 sacos;;2 Hermanas;;;gol.;1887_05_31;;;
;;N/A:  | N/A: ;;;Bomb;cap.;;;;;De Cabariren vap. Alava, cap. Bomb: con 1.755 sacos azucar y efectos.;;Alava;;;vap.;1887_06_01;Cabariren;;
;;N/A:  | N/A:  | N/A: ;;;Villalonga;pat.;;;;;— Mariel gol. Mª Magdalena, pat. Villalonga: con 400 sacos azucar, 18 pipas aguardante y efectos.;;Mª Magdalena;;;gol.;1887_06_01;;;
;;N/A:  | N/A: ;;;Planas;pat.;;;;;— Mulata gol. Dolores, pat. Planas: con 2.000 tendidos sogas y 50 fanegas maiz.;;Dolores;;;gol.;1887_06_01;;;
;;N/A:  | N/A:  | N/A: ;;;Bonet;pat.;;;;;— Matanzas gol. 2 Hermanas, pat. Bonet: con 800 sacos azucar, 30 bocoyes aguardante y efectos.;;2 Hermanas;;;gol.;1887_06_01;Matanzas;;
;;N/A: ;;;Sim;pat.;;;;;— Sagua gol. Ignacia, pat. Sim: con 1.600 sacos carbon.;;Ignacia;;;gol.;1887_06_01;Sagua;;
;;N/A:  | N/A: ;;;Deulofeo;pat.;;;;;— Cabanas gol. Nuestra Señora del Carmen, patron Deulofeo: con 211 sacos azucar y 4º pipas aguardante.;;Nuestra Señora del Carmen;;;gol.;1887_06_01;Cabanas;;
;;N/A:  | N/A: ;;;Rodíguez;pat.;;;;;— Bahía Honda gol. Ignacia Aleman, pat. Rodíguez: con 200 sacos azucar y 107 piezas madera.;;Ignacia Aleman;;;gol.;1887_06_01;Bahía Honda;;
;;N/A: ;;;Blanco;pat.;;;;;De San Cayetano balandro San Antonio, pat. Blanco: con 300 varas madera.;;San Antonio;;;balandro;1887_06_02;San Cayetano;;
;;N/A: ;;;Gil;pat.;;;;;—Banes gol. Josefa, pat. Gil: con 42 bocoyes azúcar.;;Josefa;;;gol.;1887_06_02;Banes;;
;;N/A: ;;;Garcia;pat.;;;;;—Tej. gol. Leonarda, pat. Garcia: con 700 sacos carbón.;;Leonarda;;;gol.;1887_06_02;;;
;;N/A:  | N/A: ;;;Albóniga;cap.;;;;;Cuba y escalas vap. Avilés, cap. Albóniga: con 1,845 sacos azúcar y 232 bocoyes miel.;;Avilés;;;vap.;1887_06_02;Cuba;;
;;N/A:  | N/A: ;;;Bilbao;cap.;;;;;De Sagua de Adela, capitán Bilbao: con 466 sacos azucar y efectos.;;;;;;1887_06_03;Sagua de Adela;;
;;N/A:  | N/A: ;;;Urrutibeacosa;cap.;;;;;—Caibaren vap. Clara, cap. Urrutibeacosa: con 440 sacos azucar y efectos.;;Clara;;;vap.;1887_06_03;Caibaren;;
;;N/A:  | N/A:  | N/A: ;;;Felic;pat.;;;;;De Guanes gol. Especulacion, pat. Felic: con 200 sacos cáscar, 100 caballos leña, 15 tercios tab. co y efectos.;;Especulacion;;;gol.;1887_06_04;Guanes;;
;;N/A:  | N/A: ;;;Juan;pat.;;;;;Cabañas gol. Esmeralda, pat. Juan: con 350 sacos azúcar y 30 quarteros miel.;;Esmeralda;;;gol.;1887_06_04;Cabañas;;
;;N/A: ;;;Tasso;pat.;;;;;Santa Cruz gol. 1ª de Vinaroz, pat. Tasso: con 35 pipas aguardiente.;;1ª;;;gol.;1887_06_04;Vinaroz;;
;;N/A: ;;;Bosch;pat.;;;;;Yagunay gol. Natividad, pat. Bosch: con 38,974 piés madera.;;Natividad;;;gol.;1887_06_04;;;
;;N/A: ;;;Colomar;pat.;;;;;Canas gol. Sabas, pat. Colomar: con 80 bocoyes azúcar.;;Sabas;;;gol.;1887_06_04;;;
Día XX:;;N/A: ;;;Unibaso;cap.;;;;;De Malas Agua vap. Bahía Honda, cap. Unibaso: con 389 sacos azúcar.;;Bahía Honda;;;vap.;1887_06_05;Malas Agua;;
;;N/A:  | N/A:  | N/A:  | N/A: ;;;Cantero;pat.;;;;;— Cárdenas gol. Agua de Oro, pat. Cantero: con 100 pipas aguardiente, 8 sacos y 3 bocoyes azúcar y efectos.;;Agua de Oro;;;gol.;1887_06_05;Cárdenas;;
;;N/A:  | N/A: ;;;Serantes;pat.;;;;;— Morillo gol. Feliz, pat. Serantes: con 300 caballeros leña y 2 trecos tabaco.;;Feliz;;;gol.;1887_06_05;Morillo;;
;;N/A:  | N/A:  | N/A: ;;;Pujo;pat.;;;;;— Jarncu gol. Jóven Lola, pat. Pujo': con 126 sacos y 26 bocoyes azúcar, 100 quintales cebollas y efectos.;;Jóven Lola;;;gol.;1887_06_05;Jarncu;;
;;N/A:  | N/A:  | N/A: ;;;Villalonga;pat.;;;;;De Mariel gol. Mª Magdalena, pat. Villalonga: con 480 sacos azúcar, 12 sacos lana y efectos.;;Mª Magdalena;;;gol.;1887_06_07;Mariel;;
;;N/A:  | N/A:  | N/A: ;;;Bombí;cap.;;;;;Cabieran vap. Álava, cap. Bombí: con 36 tercios tabaco, 60 pipas aguardiente y efectos.;;Álava;;;vap.;1887_06_07;;;
;;N/A:  | N/A:  | N/A: ;;;Sánchez;pat.;;;;;Manzanallo gol. Francisco, pat. Sánchez: con 1,544 atravesanos, 30 soleras y efectos.;;Francisco;;;gol.;1887_06_07;Manzanallo;;
;;N/A:  | N/A: ;;;Macíp;pat.;;;;;Santa Cruz gol. Jóven Manuel, pat. Macíp: con 140 fanegas y 130 sacos maíz y efectos.;;Jóven Manuel;;;gol.;1887_06_07;Santa Cruz;;
Día 01:;;N/A:  | N/A: ;;;Valent;pat.;;;;;Cárdenas gol. Mª del Cármen, pat. Valent: con 660 barriles y 1,250 cajas azúcar refinado y efectos.;;Mª del Cármen;;;gol.;1887_06_07;Cárdenas;;
;;N/A:  | N/A:  | N/A: ;;;Bosch;pat.;;;;;Cárdenas gol. Almuisa, pat. Bosch: con 176 sacos azúcar, 13 cuartelares miel y efectos.;;Almuisa;;;gol.;1887_06_07;Cárdenas;;
;;N/A:  | N/A:  | N/A: ;;;Ochoa;cap.;;;;;Cuba y esclavas vap. Ramón Herrera, cap. Ochoa: con 25 barriles aceite coco, 10,000 plátanos y efectos.;;Ramón Herrera;;;vap.;1887_06_07;Cuba;;
;;N/A:  | N/A: ;;;Pérez;pat.;;;;;Matanzas gol. María, pat. Pérez: con 650 sacos azúcar y efectos.;;María;;;gol.;1887_06_07;Matanzas;;
Día null:;;N/A:  | N/A:  | N/A:  | N/A: ;;;Tarifa;pat.;;;;;Matanzas gol. Elvira, pat. Tarifa: con 100 cajas y 262 sacos azúcar, 8 boceyes aguardiente y efectos.;;Elvira;;;gol.;1887_06_07;Matanzas;;
;;N/A: ;;;Cabrajs;pat.;;;;;De Rio del Medio gol. Gallego, pat. Cabrajs: con 780;;Gallego;;;gol.;1887_06_08;Rio del Medio;;
;;N/A: ;;;Iucan;pat.;;;;;—Cabanas gol. Caballo Marino, pat. Iucan: con 120;;Caballo Marino;;;gol.;1887_06_08;Cabanas;;
;;N/A:  | N/A:  | N/A:  | N/A: ;;;Colomar;pat.;;;;;De Bahía Honda gol. Gaspar. pat. Colomar: con 500 pies caoba, 100 polines, 100 caballos leña y efectos.;;Gaspar;;;gol.;1887_06_09;Bahía Honda;;
;;N/A: ;;;Acuña;pat.;;;;;—Sagua gol. Rosita. pat. Acuña: con 400 sacos carbon.;;Rosita;;;gol.;1887_06_09;Sagua;;
;;N/A:  | N/A: ;;;Urrutibeasog;cap.;;;;;De Caibarien vap. Clara, capitán Urrutibeasog: con 176 sacos azúcar y efectos.;;Clara;;;vap.;1887_06_11;Caibarien;;
Día :;;N/A: ;;;Zaragoza;pat.;;;;;—Cárdenas gol. Juan Ferrín, pat. Zaragoza: con 74 pipas aguardiente.;;Juan Ferrín;;;gol.;1887_06_11;Cárdenas;;
;;N/A:  | N/A:  | N/A:  | N/A:  | N/A: ;;;Bonet;pat.;;;;;—Matanazas gol. María Josefa, pat. Bonet: con 260 cajas y 150 sacos azúcar, 20 pipas y 20 barriles aguardiente y efectos.;;María Josefa;;;gol.;1887_06_11;Matanazas;;
;;N/A:  | N/A:  | N/A:  | N/A: ;;;Sischer;cap.;;;;;De Cuba y escalas vap. Mortera, capitán Sischer: con 1,116 sacos y 30 cajas azúcar, 28,000 plátanos y efectos.;;Mortera;;;vap.;1887_06_12;Cuba;;
;;N/A:  | N/A:  | N/A: ;;;Bomb;cap.;;;;;De Caibarón vap. Alava, cap. Bomb: con 60 pacas, 1 serón esponjas y efectos.;;Alava;;;vap.;1887_06_14;Caibarón;;
;;N/A: ;;;Bosch;pat.;;;;;—Dominica gol. Dominica, pat. Bosch: con 330 sacos azúcar.;;Dominica;;;gol.;1887_06_14;Dominica;;
;;N/A:  | N/A: ;;;Alemañy;pat.;;;;;—Cárdenas gol. Jóven Pilar, pat. Alemañy: con 750 barriles y 404 cajas azucar refino y efectos.;;Jóven Pilar;;;gol.;1887_06_14;Cárdenas;;
;;N/A:  | N/A:  | N/A: ;;;Cuevas;pat.;;;;;—Cárdenas gol. Angélica, pat. Cuevas: con 18 boeys miel, 2 sacos y 1 boey azucar y efectos.;;Angélica;;;gol.;1887_06_14;Cárdenas;;
;;N/A: ;;;Enseñat;pat.;;;;;De Sierra Morena gol. Sofia, pat. Enseñat: con 453;;Sofia;;;gol.;1887_06_16;Sierra Morena;;
;;N/A: ;;;Ponte;pat.;;;;;—Návitas gol. Emilia, pat. Ponte: con 200 caballos;;Emilia;;;gol.;1887_06_16;;;
;;N/A: ;;;Prats;pat.;;;;;—Teja gol. 2 Amigos, pat. Prats: con 700 sacos car-;;2 Amigos;;;gol.;1887_06_16;;;
;;N/A: ;;;Ferrer;pat.;;;;;—Dumas gol. Mercedita, pat. Ferrer: con 800 sacos;;Mercedita;;;gol.;1887_06_16;;;
;;N/A: ;;;Serra;pat.;;;;;—Mantua gol. Amalia, patron Serra: con 800 sacos;;Amalia;;;gol.;1887_06_16;Mantua;;
;;N/A:  | N/A: ;;;Morantes;pat.;;;;;De Mariel gol. Altagracia, pat. Morantes: con 56 bo-coyes azúcar y 50 quarteros miel.;;Altagracia;;;gol.;1887_06_17;Mariel;;
;;N/A:  | N/A: ;;;Urribeasoa;cap.;;;;;— Cabá ien vap. Clara, cap. Urribeasoa: con 85 toros y 35 barriles fríjoles.;;Clara;;;vap.;1887_06_17;;;
;;N/A:  | N/A:  | N/A: ;;;Inclán;pat.;;;;;— Cabañas gol. Caballo Marino, pat. Inclán: con 100 sacos azúcar, 180 quarteros miel y 16 pipas aguardiente.;;Caballo Marino;;;gol.;1887_06_17;Cabañas;;
;;N/A: ;;;Villalonga;pat.;;;;;De Mariel gol. Mª Magdalena, pat. Villalonga: con 400 sacos azúcar.;;Mª Magdalena;;;gol.;1887_06_18;Mariel;;
Día null:;;N/A: ;;;Torres;pat.;;;;;De Baracoa gol. Elva, pat. Torres: con 70,000 cocos.;;Elva;;;gol.;1887_06_19;Baracoa;;
;;N/A:  | N/A: ;;;Valent;pat.;;;;;— Cárdenas gol. Mª del Carmen, pat. Valent: con 300 caja y 900 barriles azúcar refinado y efectos.;;Mª del Carmen;;;gol.;1887_06_19;Cárdenas;;
;;N/A:  | N/A: ;;;Macip;pat.;;;;;— Santa Cruz gol. Jóven Manuel, pat. Macip: con 300 sacos y 30 fanegas maíz y efectos.;;Jóven Manuel;;;gol.;1887_06_19;Santa Cruz;;
Día :;;N/A:  | N/A: ;;;Zubat;pat.;;;;;— Moron gol. Mannela, pat. Zubat: con 40 toros y 600 paquetes tablillas.;;Mannela;;;gol.;1887_06_19;Moron;;
;;N/A:  | N/A:  | N/A:  | N/A:  | N/A: ;;;Pujol;pat.;;;;;De Jarque 20. Joven Lola, pat. Pujol: con 21 boces y 25 sacos azúcar, 200 sacos y 44 fanegas maíz y efectos.;;Joven Lola;;;;1887_06_21;Jarque;;
;;N/A:  | N/A:  | N/A: ;;;Cantero;pat.;;;;;—Cárdenas gol. Aguila de Oro, pat. Cantero: con 29 bocyes miel, 10 sacos azúcar y efectos.;;Aguila de Oro;;;gol.;1887_06_21;Cárdenas;;
;;N/A: ;;;García;pat.;;;;;—Yaguarjay gol. Joven (Gertrudis, pat. García: con 50,191 pies madera.;;Joven (Gertrudis;;;gol.;1887_06_21;;;
;;N/A: ;;;Flusach;pat.;;;;;—Bajas gol. Carmita, pat. Flusach: con 100 sacos carbón.;;Carmita;;;gol.;1887_06_21;Bajas;;
;;N/A: ;;;Moll;pat.;;;;;—Arroyos gol. Lince, pat. Moll: con 700 sacos carbón.;;Lince;;;gol.;1887_06_21;Arroyos;;
;;N/A: ;;;Portella;pat.;;;;;—Santa María gol. Catalina, pat. Portella: con 1,000 sacos carbón.;;Catalina;;;gol.;1887_06_21;;;
;;N/A:  | N/A: ;;;Vaca;cap.;;;;;—Cuba y escalas vap. Manuelita y Mª, cap. Vaca: con 2,022 sacos azúcar y efectos.;;Manuelita y Mª;;;vap.;1887_06_21;Cuba;;
Día 01:;;N/A:  | N/A: ;;;Bombí;cap.;;;;;—Caíbar en vap. Alva, cap. Bombí: con 9 cuartelas miel y efectos.;;Alva;;;vap.;1887_06_21;Caíbar;;
;;N/A:  | N/A:  | N/A:  | N/A: ;;;Visquerra;pat.;;;;;—Matanzas gol. Amalia, pat. Visquerra: con 342 sacos y 104 cajas azúcar, 45 bocyes aguardiente y efectos.;;Amalia;;;gol.;1887_06_21;Matanzas;;
;;N/A: ;;;Calvet;pat.;;;;;—Santa María gol. Francisca, pat. Calvet: con 1,000 sacos carbón.;;Francisca;;;gol.;1887_06_21;;;
Día :;;;;;Unibaso;cap.;;;;;De Malas Aguas vap. Bahía Honda, cap. Unibaso:;;Bahía Honda;;;vap.;1887_06_22;Malas Aguas;;
;;N/A: ;;;;;;;;;De San Cayetano, gol. Rosa, con 400 atravesafios, 80;;Rosa;;;gol.;1887_06_23;San Cayetano;;
;;N/A:  | N/A:  | N/A:  | N/A: ;;;Paz;pat.;;;;;—Yagualgol. Magdalena, pat. Paz: con 120 polnes, 190 sacos carbon, 150 cortes de cama, 40 caballos;;Magdalena;;;gol.;1887_06_23;Yagual;;
;;N/A: ;;;Alemañ;pat.;;;;;—Cárdenas gol. Joven Pilar, pat. Alemañ: con 650;;Joven Pilar;;;gol.;1887_06_23;Cárdenas;;
;;N/A: ;;;Simé;pat.;;;;;—Sierra Morena gol. 3 Hermanas, pat. Simé: con 800 sacos carbon.;;3 Hermanas;;;gol.;1887_06_23;;;
Día :;;N/A:  | N/A: ;;;Bilbao;cap.;;;;;—Sagua vap. Adela, cap. Bilbao: con 50 toros, 25;;Adela;;;vap.;1887_06_23;Sagua;;
;;N/A: ;;;Pujol;pat.;;;;;—Teja gol. Isabel II, pat. Pujol: con 800 sacos carbon.;;Isabel II;;;gol.;1887_06_23;Teja;;
;;N/A:  | N/A: ;;;Urrutibeascoa;cap.;;;;;De Caibarien vap. Clara, cap. Urrutibeascoa: con 98 tercos tabaco y efectos.;;Clara;;;vap.;1887_06_24;Caibarien;;
;;N/A:  | N/A:  | N/A:  | N/A: ;;;Amengal;pat.;;;;;— San Cayetano gol. Rosa María, pat. Amengal: con 400 estancias carreta, 500 atraviesanos, 48 sacos carbon y efectos.;;Rosa María;;;gol.;1887_06_24;San Cayetano;;
;;N/A:  | N/A:  | N/A:  | N/A: ;;;Serantes;pat.;;;;;De Morillo gol. Feliz, pat. Serantes: con 300 caballos leña, 40 varas almácigo, 400 hilos majagua y efectos.;;Feliz;;;gol.;1887_06_25;Morillo;;
;;N/A:  | N/A:  | N/A: ;;;Tonicdo;pat.;;;;;Morillo gol. Britania, pat. Tonicdo: con 600 caballos leña, 1,200 hilos majagua y 10 sacos mizaguano.;;Britania;;;gol.;1887_06_25;Morillo;;
Día :;;N/A:  | N/A:  | N/A: ;;;Zaragoza;pat.;;;;;Cárdenas gol. Isla de Cuba, pat. Zaragoza: con 17 garrafones y 10 barriles coñac y efectos.;;Isla de Cuba;;;gol.;1887_06_25;Cárdenas;;
;;N/A:  | N/A: ;;;Marin;cap.;;;;;"Guanes vap. Guaniguanico, cap. Marin: con 350 tercios tabaco; 1,200 quintales cáscara mangle.";;Guaniguanico;;;vap.;1887_06_25;Guanes;;
;;N/A:  | N/A:  | N/A: ;;;Balcar;pat.;;;;;Cienfuegos gol. Jóven. Balcar, pat. Enseñat: con 600 cajas, 10 pipas alcohol y efectos.;;Jóven.;;;gol.;1887_06_25;Cienfuegos;;
;;N/A: ;;;Cabrera;pat.;;;;;Teja gol. Castilla, pat. Cabrera: con 1,000 sacos carbón.;;Castilla;;;gol.;1887_06_25;;;
Día null:;;N/A: ;;;Juan;pat.;;;;;De Cabañas bdro. Rosita, pat. Juan: con 200 sacos azúcar.;;Rosita;;;bdro.;1887_06_26;Cabañas;;
;;N/A:  | N/A: ;;;Valdés;pat.;;;;;— Arroyos gol. Correo Canasi, pat. Valdés con 81 bocas azúcar y efectos.;;Correo Canasi;;;gol.;1887_06_26;Arroyos;;
;;N/A: ;;;Macip;pat.;;;;;— Santa Cruz gol. Jóven Manuel, pat. Macip: con 400 sacos maíz.;;Jóven Manuel;;;gol.;1887_06_26;Santa Cruz;;
;;N/A: ;;;Pereira;pat.;;;;;— Carahatas gol. Terezita, pat. Pereira: con 1,150 sacos azúcar.;;Terezita;;;gol.;1887_06_26;Carahatas;;
;;N/A:  | N/A: ;;;Bombí;cap.;;;;;De Caibarén vap. Alava, cap. Bombí: con 123 tercios tabaco y efectos.;;Alava;;;vap.;1887_06_28;Caibarén;;
Día :;;N/A:  | N/A: ;;;Herrera;pat.;;;;;Cárdenas gol. Nueva Rosita, pat. Herrera: con 24 escaras madera efectos.;;Nueva Rosita;;;gol.;1887_06_28;Cárdenas;;
Día 01:;;N/A: ;;;Mateu;pat.;;;;;Bajas gol. San Francisco, pat. Mateu: con 803 sacos carbon.;;San Francisco;;;gol.;1887_06_28;Bajas;;
;;N/A: ;;;Bernaza;pat.;;;;;Dimas gol. Amable Rosita, pat. Bernaza: con 900 sacos carbon.;;Amable Rosita;;;gol.;1887_06_28;;;
;;N/A:  | N/A:  | N/A:  | N/A: ;;;Fellicer;pat.;;;;;Matanzas gol. Emilio, pat. Fellicer: con 39 bocoyes aguardiente, 22 sacos y 76 cajas azúcar y efectos.;;Emilio;;;gol.;1887_06_28;Matanzas;;
Día Zaragoza:;;N/A: ;;;;pat.;;;;;Cárdenas gol. Juan Ferrín, pat. Zaragoza: con 15 pipas aguardiente.;;Juan Ferrín;;;gol.;1887_06_28;Cárdenas;;
;;N/A:  | N/A: ;;;Alemañy;pat.;;;;;Sierra Morena gol. Matilde, pat. Alemañy: con 430 sacos azúcar y 24 bocoyes miel.;;Matilde;;;gol.;1887_06_28;;;
;;N/A: ;;;Barreras;pat.;;;;;Lagunas del Medio gol. América, pat. Barreras: con 500 atravesos.;;América;;;gol.;1887_06_28;Lagunas del Medio;;
;;N/A: ;;;Riera;pat.;;;;;Teja gol. Carmita, pat. Riera: con 100 troncos madera.;;Carmita;;;gol.;1887_06_28;;;
;;N/A: ;;;Riobo;pat.;;;;;De Carahatas gol. 3 Hermanas, pat. Riobo: con 670;;3 Hermanas;;;gol.;1887_06_29;Carahatas;;
;;;;;Tasso;pat.;;;;;— Jibacoa gol. Primera de Vícaroz, pat. Tasso: con;;Primera;;;gol.;1887_06_29;Jibacoa;;
;;N/A:  | N/A:  | N/A: ;;;Bilbao;cap.;;;;;De Sagua vapor Adela, capitán Bilbao: con 25 pipas aguardiente, 216 tercios tabaco y efectos.;;Adela;;;vapor;1887_07_01;Sagua;;
Día 01:;;N/A:  | N/A:  | N/A: ;;;Tarifa;pat.;;;;;—Matanzas gol. Elvira, pat. Tarifa: con 155 boces aguardiente, 48 sacos azúcar y efectos.;;Elvira;;;gol.;1887_07_01;Matanzas;;
;;N/A:  | N/A: ;;;Bonet;pat.;;;;;—Matanzas gol. 2 Hermanas, pat. Bonet: con 150 boceyes aguardiente y efectos.;;2 Hermanas;;;gol.;1887_07_01;Matanzas;;
;;N/A:  | N/A:  | N/A: ;;;Bosch;pat.;;;;;—Cárdenas gol. Almansa, pat. Bosch: con 10 pacas carna, 5 fardos suela y efectos.;;Almansa;;;gol.;1887_07_01;Cárdenas;;
;;N/A:  | N/A:  | N/A: ;;;Macip;pat.;;;;;—Santa Cruz gol. Jóven Manuel, pat. Macip: con 900 sacos, 53 cerdos y efectos.;;Jóven Manuel;;;gol.;1887_07_01;Santa Cruz;;
;;N/A:  | N/A:  | N/A:  | N/A: ;;;Valen;pat.;;;;;—Cárdenas gol. Mª del Carmen, pat. Valen: con 500 barriles, 150 sacos, 50 cajas y 140 cajitas azúcar y efectos.;;Mª del Carmen;;;gol.;1887_07_01;Cárdenas;;
;;;;;Urrutibesco;cap.;;;;;—Caibrien vap. Clara, cap. Urrutibesco: con efectos.;;Clara;;;vap.;1887_07_01;Caibrien;;
;;N/A:  | N/A: ;;;Morantes;pat.;;;;;De Mariel gol. Altgracia, pat. Morantes: con 58 bo-coyes azúcar y 22 quarteros miel.;;Altgracia;;;gol.;1887_07_02;Mariel;;
;;N/A: ;;;Lorenzo;pat.;;;;;—Sagua gol. Mª Andrea, pat. Lorenzo: con 1,000 sacos carbon.;;Mª Andrea;;;gol.;1887_07_02;Sagua;;
;;N/A: ;;;Bernaza;pat.;;;;;—Santa María gol. Amable Rosita, pat. Bernaza: con 900 socos carbon.;;Amable Rosita;;;gol.;1887_07_02;;;
;;N/A:  | N/A:  | N/A: ;;;Villalonga;pat.;;;;;De Mariel gol. María Magdalena, pat. Villalonga: con 400 sacos azúcar, 50 pacas heno y 12 pipas aguardiente.;;María Magdalena;;;gol.;1887_07_04;Mariel;;
;;N/A:  | N/A: ;;;Macic;pat.;;;;;De Santa Cruz gol. Jóven Manuel, pat. Macic: con 380 sacos in-fz y efectos.;;Jóven Manuel;;;gol.;1887_07_05;Santa Cruz;;
;;N/A:  | N/A:  | N/A: ;;;Pérez;pat.;;;;;—Matanzas gol. María, patron Pérez: con 50 sacos azúcar, 64 bocos aguardiente y efectos.;;María;;;gol.;1887_07_05;Matanzas;;
;;N/A:  | N/A: ;;;Bombí;cap.;;;;;—Cabaríen vap. Alava, cap. Bombí: con 75 tercios tabaco y efectos.;;Alava;;;vap.;1887_07_05;Cabaríen;;
;;N/A:  | N/A:  | N/A:  | N/A: ;;;Cantero;pat.;;;;;—Cárdenas gol. Aguilá de Oro, pat. Cantero: con 350 barriles y 280.2 barriles azúcar, 600 cajitas azúcar ríñco y efectos.;;Aguilá de Oro;;;gol.;1887_07_05;Cárdenas;;
;;N/A: ;;;Cabría;pat.;;;;;—Río del Medio gol. Gallego, pat. Cabría: con 775 sacos carbon.;;Gallego;;;gol.;1887_07_05;Río del Medio;;
Día 6:;;N/A: ;;;Llorca;pat.;;;;;Dia 6: Salve Virgen María, pat. Llorca: con 400 quintales cásara mangle.;;Salve Virgen María;;;;1887_07_07;;;
Día :;;N/A:  | N/A:  | N/A:  | N/A: ;;;Jerez;pat.;;;;;—Gibara gol. Paquete Baray: pat. Jerez: con 800 quintales frame, 1,084 polines, 210 piezas maderas y efectos.;;Paquete Baray;;;gol.;1887_07_07;Gibara;;
Día XX:;;N/A:  | N/A:  | N/A: ;;;Bilbao;cap.;;;;;De Caibarien vap. Adela, cap. Bilbao: con 115 tercios tabaco, 100 pipas aguardiente y efectos.;;Adela;;;vap.;1887_07_08;Caibarien;;
;;N/A: ;;;Urrutibeasco;cap.;;;;;— Caibarien vap. Clara, cap. Urrutibeasco: con 48 toros.;;Clara;;;vap.;1887_07_08;Caibarien;;
Día Ocho:;;N/A:  | N/A: ;;;Ocho;cap.;;;;;— Cuba y escalas vap. Ramon Herrera, cap. Ocho: con 2,057 tercios tabaco y efectos.;;Ramon Herrera;;;vap.;1887_07_08;Cuba;;
;;N/A: ;;;Torres;pat.;;;;;— Mariel gol. Isabelita, pat. Torres: con 50 fanegas maíz y efectos.;;Isabelita;;;gol.;1887_07_08;;;
;;N/A:  | N/A: ;;;Toferi;pat.;;;;;De Granada gol. Joven Felipe, pat. Toferi: con 700 varas madera y 200 caballos majagua.;;Joven Felipe;;;gol.;1887_07_09;Granada;;
;;N/A: ;;;Enseñat;pat.;;;;;—Sierra Morena gol. Sofia, pat. Enseñat: con 2 cajas efectos.;;Sofia;;;gol.;1887_07_09;;;
;;N/A: ;;;Más;pat.;;;;;—Baracoa gol. Anita, pat. Más: con 50,000 cocos.;;Anita;;;gol.;1887_07_09;Baracoa;;
;;N/A:  | N/A:  | N/A: ;;;Macip;pat.;;;;;—Santa Cruz gol. Joven Manuel, pat. Macip: con 170 sacos y 70 fanegas maíz y efectos.;;Joven Manuel;;;gol.;1887_07_09;Santa Cruz;;
;;N/A:  | N/A:  | N/A: ;;;Colomar;pat.;;;;;—Playas de San Juan gol. Antonia, pat. Colomar: con 200 sacos carbón, 300 travesías y 10 trazos madera.;;Antonia;;;gol.;1887_07_09;Playas de San Juan;;
;;N/A:  | N/A: ;;;Deulofeo;pat.;;;;;—Cabañas gol. Nuestra Señora del Carmen, patron Deulofeo: con 164 sacos azúcar, 33 pipas aguardeniente.;;Nuestra Señora del Carmen;;;gol.;1887_07_09;Cabañas;;
Día XX:;;N/A:  | N/A:  | N/A: ;;;Uíbasa;cap.;;;;;De Malas Aguas vap. Bahía Honda, cap. Uíbasa: con 301 tercios tabaco, 15 cajas azúcar y efectos.;;Bahía Honda;;;vap.;1887_07_11;Malas Aguas;;
Día :;;N/A:  | N/A: ;;;Marin;cap.;;;;;— Guanagüinaco, cap. Marin: con 991 tercios tabaco y efectos.;;;;;;1887_07_11;Guanagüinaco;;
;;N/A:  | N/A:  | N/A:  | N/A:  | N/A: ;;;Zaragoza;pat.;;;;;— Cárdenas, gol. Isla Cuba, pat. Zaragoza: con 98 sacos, 200 barriles y 100 cajas azúcar refino. 50 pipas aguardiente y efectos.;;Isla Cuba;;;gol.;1887_07_11;Cárdenas;;
;;N/A:  | N/A:  | N/A: ;;;Bomb;cap.;;;;;De Caioaren cap. Alava, cap. Bomb: con 267 tercios tabaco, 48 cajas azúcar y efectos.;;Alava;;;cap.;1887_07_12;Caioaren;;
;;N/A: ;;;Colomar;pat.;;;;;—Teja gol. 2 Amigos, pat. Colomar: con 1,000 sacos carbon.;;2 Amigos;;;gol.;1887_07_12;;;
;;N/A: ;;;Mená;pat.;;;;;—Teja gol. 2 Sofias, pat. Mená: con 1,000 sacos carbon.;;2 Sofias;;;gol.;1887_07_12;;;
;;N/A: ;;;Ruiz;pat.;;;;;—Dimas gol. 2 Hermanas, pat. Ruiz: con 900 sacos carbon.;;2 Hermanas;;;gol.;1887_07_12;;;
;;N/A:  | N/A: ;;;Pujol;pat.;;;;;De Jaruco gol. Jóven Lola, pat. Pujol: con 270 sacos maíz y efectos.;;Jóven Lola;;;gol.;1887_07_13;Jaruco;;
;;N/A: ;;;Bujosa;pat.;;;;;—Moron gol. Engrácia, pat. Bujosa: con 80 toros.;;Engrácia;;;gol.;1887_07_13;Moron;;
Día 01:;;N/A:  | N/A:  | N/A:  | N/A: ;;;Juan;pat.;;;;;De Gibara gol. Seis Manuales, pat. Juan: con 500 caballos leña, 500 estacas, 500 quintales maíz y efectos.;;Seis Manuales;;;gol.;1887_07_14;Gibara;;
;;N/A:  | N/A: ;;;Villalonga;pat.;;;;;— Mariel gol. Mº Magdalena, pat. Villalonga: con 40 pacas heno y 6 sacos mirguano.;;Mº Magdalena;;;gol.;1887_07_14;;;
;;N/A:  | N/A: ;;;Unibas³;cap.;;;;;De Malas Aguas vap Bahía Honda, cap. Unibas³ con 292 tercios tabaco y 71 sacos azúcar.;;Bahía Honda;;;vap;1887_07_15;Malas Aguas;;
;;N/A:  | N/A:  | N/A: ;;;Urrutibaeas;cap.;;;;;— Caibarien vap. Clara, cap. Urrutibaeas: con 101 tercios tabaco, 60 toros y efectos.;;Clara;;;vap.;1887_07_15;Caibarien;;
;;;;;Juan;pat.;;;;;— Gibara gol. Seis Manuel, pat. Juan: con efectos.;;Seis;;;gol.;1887_07_15;Gibara;;
;;N/A:  | N/A:  | N/A: ;;;Herrera;pat.;;;;;— Cárdenas gol. Nueva Rosita, pat. Herrera: con 25 barriles, 8 cajitas azúcar reino y 3 fardos svela.;;Nueva Rosita;;;gol.;1887_07_15;Cárdenas;;
;;N/A: ;;;Borrell;pat.;;;;;— Teja gol. Altagracia, pat. Borrell: con 800 sacos carbón.;;Altagracia;;;gol.;1887_07_15;Teja;;
Día XX:;;N/A: ;;;Pianas;pat.;;;;;De Mulas. Dolores. pat. Pianas: con 140 sacos;;Dolores.;;;;1887_07_16;Mulas.;;
;;N/A: ;;;Morantes;pat.;;;;;Mariel. gol. Altargracia, patron Morantes: con 38;;Altargracia;;;gol.;1887_07_16;;;
Día :;;N/A: ;;;Ventura;pat.;;;;;Sagua. gol. Sofía. pat. Ventura: con 1,000 sacos;;Sofía;;;gol.;1887_07_16;Sagua;;
;;;;;Valen;pat.;;;;;Cárdenas. gol. Mª del Carmen, pat. Valen: con;;Mª del Carmen;;;gol.;1887_07_16;Cárdenas;;
;;N/A: ;;;Pellicer;pat.;;;;;Matanzas. gol. Emilio, pat. Pellicer: con 282 bo;;Emilio;;;gol.;1887_07_16;Matanzas;;
Día XX:;;N/A:  | N/A:  | N/A:  | N/A:  | N/A: ;;;Ponte;pat.;;;;;De Nuevitas gol. Emilia, pat. Ponte: con 200 atravesos, 200 caballos leña, 116 tablas, 100 poste de telégrafo y efectos.;;Emilia;;;gol.;1887_07_19;Nuevitas;;
;;N/A:  | N/A: ;;;Serantes;pat.;;;;;Morrillo gol. Feliz, pat. Serantes, con 400 caballos leña y 11 tortugas.;;Feliz;;;gol.;1887_07_19;;;
;;N/A:  | N/A:  | N/A:  | N/A: ;;;Felicio;patrón;;;;;Guanes gol. Especulación, patron Felicio: con 23 barriles miel, 30 arrobas cera, 7 sacos miraguan y efectos.;;Especulación;;;gol.;1887_07_19;Guanes;;
;;N/A:  | N/A: ;;;Macip;pat.;;;;;Santa Cruz gol. Joven Manuel, pat. Macip: con 300 sacos y 30 fanegas maíz y efectos.;;Joven Manuel;;;gol.;1887_07_19;Santa Cruz;;
;;N/A:  | N/A:  | N/A: ;;;Bomb;cap.;;;;;Caibaren vap. Alava, cap. Bomb: con 156 tercios tabaco, 900 sacos zícar y efectos.;;Alava;;;vap.;1887_07_19;Caibaren;;
;;N/A: ;;;Pujol;pat.;;;;;De Canasigol. Golondrina, pat. Pujol: con 28 hocos-yes azocar.;;Golondrina;;;gol.;1887_07_21;Canasigol;;
Día XX:;;N/A:  | N/A:  | N/A:  | N/A: ;;;Unibaso;cap.;;;;;De Malas Aguas vap. Bahía Honda, cap. Unibaso: con 439 tercios tabaco, 30 boceyes y 27 sacos azúcar y efectos.;;Bahía Honda;;;vap.;1887_07_23;Malas Aguas;;
;;N/A:  | N/A:  | N/A: ;;;Albóniga;cap.;;;;;— Cuba y escalas vap. Avilés, cap. Albóniga: con 785 sacos azúcar, 13 ceras cera y efectos.;;Avilés;;;vap.;1887_07_23;Cuba;;
Día :;;N/A:  | N/A:  | N/A:  | N/A: ;;;Bilbao;cap.;;;;;— Sagua vap. Adela, cap. Bilbao: con 527 tercios tabaco, 353 ecos azúcar, 147 pipas aguardiente y efectos.;;Adela;;;vap.;1887_07_23;Sagua;;
;;N/A:  | N/A: ;;;Urrutibeascoa;cap.;;;;;— Caibaren vap. Clara, cap. Urrutibeascoa: con 38 tercios tabaco, 115 toros vacas y novillos.;;Clara;;;vap.;1887_07_23;Caibaren;;
;;N/A: ;;;Maíp;pat.;;;;;— Santa Cruz gol. Jóven Manuel, pat. Maíp: con 400 sacos maíz.;;Jóven Manuel;;;gol.;1887_07_23;Santa Cruz;;
;;N/A:  | N/A: ;;;Zubirat;pat.;;;;;— Moron gol. Manuela, pat. Zubirat: con 50 toros y 30 arrobas cera.;;Manuela;;;gol.;1887_07_23;Moron;;
;;N/A:  | N/A:  | N/A: ;;;Paz;pat.;;;;;— San Cayetano gol. Magdalena, pat. Paz: con 100 sacos carbon, 200 caballos leña y efectos.;;Magdalena;;;gol.;1887_07_23;;;
Día :;;N/A: ;;;Bernaza;pat.;;;;;— Dimas gol. Amable Rosita, pat. Bernaza: con 900 sacos carbon.;;Amable Rosita;;;gol.;1887_07_23;;;
;;N/A: ;;;Ferrer;pat.;;;;;— Dimas gol. Mercedita, pat. Ferrer: con 900 sacos carbon.;;Mercedita;;;gol.;1887_07_23;;;
Día :;;N/A: ;;;Orbay;pat.;;;;;— Mulata gol. Paquete Nuevitas, pat. Orbay: con 800 sacos carbon.;;Paquete Nuevitas;;;gol.;1887_07_23;;;
;;N/A:  | N/A: ;;;Toncido;pat.;;;;;De Morrillo gol. Britania. pat. Toncido: con 400 caballos leña y 1,200 tendidos hilo.;;Britania;;;gol.;1887_07_27;Morrillo;;
;;N/A: ;;;Acuña;pat.;;;;;—Sagua goleta Rosita. pat. Acuña: con 860 sacos carbon.;;Rosita;;;goleta;1887_07_27;Sagua;;
;;N/A: ;;;Mas;pat.;;;;;—Playa de San Juan gol. José Riera. pat. Mas: con 800 sacos carbon.;;José Riera.;;;gol.;1887_07_27;Playa de San Juan;;
;;N/A:  | N/A:  | N/A:  | N/A: ;;;Marin;cap.;;;;;—Guanes vap. Guaniguanico. cap. Marin: con 1,554 tercios tabaco, 73 marquetas, 1 caja cera y efectos.;;Guaniguanico;;;vap.;1887_07_27;Guanes;;
;;N/A:  | N/A: ;;;Bombi;cap.;;;;;—Cárdenas vap. Alava, cap. Bombi: con 192 tercios tabaco y efectos.;;Alava;;;vap.;1887_07_27;Cárdenas;;
;;N/A:  | N/A:  | N/A:  | N/A:  | N/A: ;;;Pérez;pat.;;;;;—Matanzas gol. María. pat. Pérez: con 168 bocoyes 29/2 bocoyes y 21/4 id. aguardente, 78 cajas azúcar y efectos.;;María;;;gol.;1887_07_27;Matanzas;;
;;N/A: ;;;Villalonga;pat.;;;;;De Mariel gol. Mª Magdalena, pat. Villalonga: con 11,100 ladrillos.;;Mª Magdalena;;;gol.;1887_07_29;Mariel;;
;;N/A: ;;;Prats;pat.;;;;;—Teja gol. Dos Amigos, pat. Prats: con 700 sacos carbón.;;Dos Amigos;;;gol.;1887_07_29;;;
;;N/A:  | N/A: ;;;Urrutibeasas;cap.;;;;;—Caubarien vap. Clara, cap. Urrutibeasas: con 24 tercios tabaco y 53 tercios.;;Clara;;;vap.;1887_07_29;Caubarien;;
;;N/A:  | N/A: ;;;Maíl;pat.;;;;;—Santa Cruz gol. Jóven Manuel, pat. Maíl: con 300 sacos y 70 fanegas maíz y efectos.;;Jóven Manuel;;;gol.;1887_07_29;Santa Cruz;;
;;N/A:  | N/A:  | N/A: ;;;Inclán;pat.;;;;;—Cabaña gol. Caballo Marino, pat. Inclán: con 128 cajas azúcar, 28 pipas aguardiente y efectos.;;Caballo Marino;;;gol.;1887_07_29;Cabaña;;
Día 01:;;N/A:  | N/A: ;;;Unibaso;cap.;;;;;—Malas Agüas vap. Bahía Honda, cap. Unibaso: con 855 tercios tabaco y efectos.;;Bahía Honda;;;vap.;1887_07_29;Malas Agüas;;
;;N/A: ;;;Cabrucha;pat.;;;;;De Bajas gol. Gallego, pat. Cabrucha: con 780 sacos carbon.;;Gallego;;;gol.;1887_07_30;Bajas;;
Día :;;N/A:  | N/A:  | N/A:  | N/A: ;;;Bllao;cap.;;;;;—Sagua vap. Adela, cap. Bllao: con 1,138 tercios tabaco, 100 pipas aguardiente, 414 sacos azúcar y efectos.;;Adela;;;vap.;1887_07_30;Sagua;;
;;N/A:  | N/A:  | N/A:  | N/A: ;;;Cantero;pat.;;;;;De Cárdenas gol. Agüila de Oro. pat. Cantero: con 1,160 cajas y 57 sacos azúcar, 50 pipas aguardiente y efectos.;;Agüila de Oro.;;;gol.;1887_07_31;Cárdenas;;
;;N/A:  | N/A: ;;;Vacas;cap.;;;;;De Cuba y escalas vap. esp. ManuLita y Maria, capitan Vacas: con 700 sacos azucar y efectos.;esp.;ManuLita y Maria;;;vap.;1887_08_02;Cuba;;
;;N/A:  | N/A: ;;;Maclp;pat.;;;;;Santa Cruz gol Jóven Manuel, pat. Maclp: con 850 sacos maiz y efectos.;;Jóven Manuel;;;gol;1887_08_02;Santa Cruz;;
;;N/A:  | N/A: ;;;Tasso;pat.;;;;;— Jibacoa gol. 1º Viuaro, pat. Tasso: con 130 farinas maiz y efectos.;;1º Viuaro;;;gol.;1887_08_02;Jibacoa;;
;;N/A:  | N/A:  | N/A:  | N/A: ;;;Pujol;pat.;;;;;De Santa Lucia gol. Ma' del Carmen, pat. Pujol: con 12 bocoyes azucar, 500 sacos carbon, 180 caballos y 10 tercios tabaco.;;Ma' del Carmen;;;gol.;1887_08_04;Santa Lucia;;
;;;;;Segarra;pat.;;;;;—Matanzas gol. Primavera, pat. Segarra: en lastre.;;Primavera;;;gol.;1887_08_04;Matanzas;;
;;N/A:  | N/A: ;;;Mato;pat.;;;;;—Jaraco gol. 2 Hermanas, pat. Mato: con 60 fanegas y 10 sacos mizg.;;2 Hermanas;;;gol.;1887_08_04;Jaraco;;
;;N/A: ;;;le:;pat.;;;;;—Sagua la Chica gol. 2ª Rosa, pat. le: con 1,000 sacos carbon.;;2ª Rosa;;;gol.;1887_08_04;Sagua la Chica;;
Día XX:;;N/A: ;;;Urrutibeasoa;cap.;;;;;De Caibarien vap. Clara, cap. Urrutibeasoa: con 189;;Clara;;;vap.;1887_08_05;Caibarien;;
Día Ocho:;;N/A:  | N/A:  | N/A: ;;;Ocho;cap.;;;;;De Cuba y escalas vap. Ramon Herrera, cap. Ocho: con 8,000 plátanos, 60 novillos y efectos.;;Ramon Herrera;;;vap.;1887_08_06;Cuba;;
;;N/A: ;;;Ventura;pat.;;;;;— Sagua goleta Sía, pat. Ventura: con 800 sacos carbon.;;Sía;;;goleta;1887_08_06;Sagua;;
;;N/A: ;;;Mayan;pat.;;;;;— Plays de San Juan gol. Deseda, pat. Mayan: con 800 sacos carbon.;;Deseda;;;gol.;1887_08_06;San Juan;;
;;N/A: ;;;Pujol;pat.;;;;;De Jauro gol. Golondrina, pat. Pujol: con 16 bocoyes azucar.;;Golondrina;;;gol.;1887_08_07;Jauro;;
;;N/A:  | N/A: ;;;Vizquerra;pat.;;;;;—Matanzas gol. Amalia, pat. Vizquerra: con 150 bo-coyes aguardiente y efectos.;;Amalia;;;gol.;1887_08_07;Matanzas;;
Día null:;;N/A: ;;;Juan;pat.;;;;;De Cabanas bdro. Rosita, pat. Juan: con 66 tercios tabaco.;;Rosita;;;bdro.;1887_08_10;Cabanas;;
;;N/A:  | N/A: ;;;Bombt;cap.;;;;;—Cabarien nap. Alava, cap. Bombt: con 396 tercios tabaco y efectos.;;Alava;;;nap.;1887_08_10;Cabarien;;
;;N/A:  | N/A:  | N/A: ;;;Marin;cap.;;;;;—Guanes tap. Guaniguanico, cap. Marin: con 201 tercios tabaco, 152 marquetas cera y efectos.;;Guaniguanico;;;tap.;1887_08_10;Guanes;;
Día :;;N/A: ;;;Vera;pat.;;;;;—Yaguajy gol. Trafalgar, pat. Vera: con 60,992 piés madera.;;Trafalgar;;;gol.;1887_08_10;Yaguajy;;
;;N/A:  | N/A: ;;;Albigna;cap.;;;;;De Cuba y escalas vapor Avilés, cap. Albigna: con 1.500 tercios tabaco y efectos.;;Avilés;;;vapor;1887_08_11;Cuba;;
;;N/A: ;;;Ruiz;pat.;;;;;—Dimas gol. 2 Hermanas, pat. Ruiz: con 900 sacos carbon.;;2 Hermanas;;;gol.;1887_08_11;;;
Día :;;N/A:  | N/A: ;;;Bilbao;cap.;;;;;De Sagna vap. Adela, cap. Bilbao: con 825 terceros tabaco y efectos.;;Adela;;;vap.;1887_08_12;Sagna;;
;;N/A:  | N/A: ;;;Urrutibaeaca;cap.;;;;;—Calbarien vap. Clara, cap. Urrutibaeaca: con 455 terceros tabaco y efectos.;;Clara;;;vap.;1887_08_12;Calbarien;;
Día XX:;;N/A:  | N/A:  | N/A: ;;;Zaragoza;pat.;;;;;De Cárdenas gol. Isla da Cuba, pat. Zaragoza: con 30 pipas aguardiente, 44 cajas azúcar y efectos.;;Isla da Cuba;;;gol.;1887_08_13;Cárdenas;;
;;N/A: ;;;Morantes;pat.;;;;;—Maríel gol. Alaragrácia, pat. Morantes: en lastre.;;Alaragrácia;;;gol.;1887_08_13;;;
;;N/A: ;;;Lorenzo;pat.;;;;;—Sagua gol. María Andrea, pat. Lorenzo: con 800 sacos carbón.;;María Andrea;;;gol.;1887_08_13;Sagua;;
;;;;;Prieto;pat.;;;;;Cárdenas gol. Rosita, pat. Prieto: en lastre.;;Rosita;;;gol.;1887_08_13;Cárdenas;;
;;N/A:  | N/A: ;;;Colomar;pat.;;;;;Canas gol. Sabas, patron Colomar, con 60 sacos azúcar y 80 sacos maíz.;;Sabas;;;gol.;1887_08_13;;;
Día null:;;N/A: ;;;Llado;pat.;;;;;De Morrillo gol. Agustín, pat. Llado: con 600 sacos carbón.;;Agustín;;;gol.;1887_08_14;Morrillo;;
Día :;;N/A:  | N/A:  | N/A: ;;;Inclán;pat.;;;;;— Cabañas gol. Caballo Marino, pat. Inclán: con 50 tercios tabaco, 18 pipas aguardiente y efectos.;;Caballo Marino;;;gol.;1887_08_14;Cabañas;;
;;N/A: ;;;Macip;pat.;;;;;Santa Cruz gol. Jóven Manuel, pat. Macip: con 400 sacos maíz.;;Jóven Manuel;;;gol.;1887_08_14;Santa Cruz;;
Día XX:;;N/A: ;;;Llado;pat.;;;;;De Morillo gol. Agustina, pat. Llado: con 400 caba-;;Agustina;;;gol.;1887_08_17;Morillo;;
;;N/A: ;;;Eusenat;pat.;;;;;—Serra Morena gol. Sofía, pat. Eusenat: con 15;;Sofía;;;gol.;1887_08_17;;;
;;N/A: ;;;Pujol;pat.;;;;;—Jaraco gol. Joven Lola, pat. Pujol: con 150 sacos;;Joven Lola;;;gol.;1887_08_17;Jaraco;;
;;N/A: ;;;Pana;pat.;;;;;—Mulata gol. Dolores, pat. Pana: con 71 caballos;;Dolores;;;gol.;1887_08_17;;;
;;;;;Colmar;pat.;;;;;—Mulata gol. Santa Antonia, pat. Colmar: con;;Santa Antonia;;;gol.;1887_08_17;;;
;;N/A: ;;;Bombf;cap.;;;;;—Calabarn vap. Alava, cap. Bombf: con 666 ter-;;Alava;;;vap.;1887_08_17;Calabarn;;
;;N/A: ;;;Pellic;pat.;;;;;—Matanzas gpl. Emilio, pat. Pellic: con 180 ca-;;Emilio;;;gpl.;1887_08_17;Matanzas;;
;;N/A: ;;;Moll;pat.;;;;;De Mantua gol. Lince, pat. Moll: con 700 sacos carbon.;;Lince;;;gol.;1887_08_18;Mantua;;
;;N/A:  | N/A:  | N/A: ;;;Pajol;pat.;;;;;—Jaruco gol. Jóven Lola, pat. Pajol: con 151 sacos y 50 fanegas maíz y 18 pipas aguardiente.;;Jóven Lola;;;gol.;1887_08_18;Jaruco;;
;;N/A:  | N/A:  | N/A: ;;;Bernaza;patron;;;;;—Puerto Padre gol. 3 Hermanas, patron Bernaza: con 400 varas madera, 36 pipas aguardiente y efectos.;;3 Hermanas;;;gol.;1887_08_18;Puerto Padre;;
;;N/A: ;;;Agustín;pat.;;;;;—Playas de San Juan gol. Paz, pat. Agustín: con 800 sacos carbon.;;Paz;;;gol.;1887_08_18;Playas de San Juan;;
Día XX:;;N/A: ;;;Unibaso;cap.;;;;;De Ma's Aguas vap. Bahía Honda, cap. Unibaso: con 1,47% tercios tabac.;;Bahía Honda;;;vap.;1887_08_19;Ma's Aguas;;
Día :;;N/A:  | N/A: ;;;Urrubigasca;cap.;;;;;—Caibarien vap. Clara, cap. Urrubigasca: con 333 tercios tabaco y efectos.;;Clara;;;vap.;1887_08_19;Caibarien;;
Día 01:;;N/A:  | N/A: ;;;Cuañas;pat.;;;;;—Cárdenas gol. Argelita, pat. Cuañas: con 700 barriles y 200 cajas azúcar fino y efectos.;;Argelita;;;gol.;1887_08_19;Cárdenas;;
;;N/A:  | N/A: ;;;Maclp;pat.;;;;;—Santa Cruz gol. Jóven Manuel, pat. Maclp: con 300 sacos y 100 fanegas maíz y efectos.;;Jóven Manuel;;;gol.;1887_08_19;Santa Cruz;;
Día 01:;;N/A: ;;;Juan;pat.;;;;;Da Cabanas bdro. Rosita, pat. Juan: con 120 tercios tabaco.;;Rosita;;;bdro.;1887_08_20;Cabanas;;
;;N/A: ;;;Cabrúa;pat.;;;;;Río del Medio gol. Gallego, pat. Cabrúa: con 770 sacos carbon.;;Gallego;;;gol.;1887_08_20;Medio;;
;;N/A: ;;;Gil;pat.;;;;;"De Banns gol. Josefa, pat. Gil; con 50 pacas heno.";;Josefa;;;gol.;1887_08_21;Banns;;
;;N/A:  | N/A:  | N/A: ;;;Zubrát;pat.;;;;;De Moron. Manuela, pat. Zubrát con 80 arrobas cera, 50 toros y efectos.;;Manuela;;;;1887_08_23;Moron;;
;;N/A:  | N/A:  | N/A: ;;;Rosita;pat.;;;;;Cárdenas gol. Nueva, pat. Rosita, pat. Herrera, con 800 barriles azúcar, 150 rayos madera y efectos.;;Nueva;;;gol.;1887_08_23;Cárdenas;;
;;N/A:  | N/A:  | N/A:  | N/A: ;;;Llorot;pat.;;;;;Bajas gol. Angelita, pat. Llorot, con 101 quintales cáscara mangle, 200 sacos carbon, 68 tercios tabaco y efectos.;;Angelita;;;gol.;1887_08_23;;;
;;N/A: ;;;Lloro;pat.;;;;;Bajas gol. Salve Virgen María, pat. Lloro, con 400 quintales cáscara mangle.;;Salve Virgen María;;;gol.;1887_08_23;Bajas;;
;;N/A:  | N/A:  | N/A:  | N/A:  | N/A: ;;;Felino;pat.;;;;;Gusnes gol. Especulación, patron Felino, con 70 sacos cáscara mangle, 150 caballos leña, 37 arrobas cera, 124 tercios tabaco y efectos.;;Especulación;;;gol.;1887_08_23;Gusnes;;
;;N/A:  | N/A:  | N/A:  | N/A: ;;;Paz;pat.;;;;;San Cayetano gol. Mg. Tablada, pat. Paz, con 250 cortes de cato, 200 sacos carbon, 200 estacas y efectos.;;Mg. Tablada;;;gol.;1887_08_23;San Cayetano;;
;;N/A:  | N/A:  | N/A: ;;;Valent;pat.;;;;;Cárdenas gol. Mª del Carmen, patron Valent, con 100 barriles y 200 cajas azúcar refino, 121 tercios tabaco y efectos.;;Mª del Carmen;;;gol.;1887_08_23;Cárdenas;;
;;N/A:  | N/A: ;;;Banet;pat.;;;;;Matanzas gol. 2 Hermanas, pat. Banet, con 40 bocotes aguarelas y efectos.;;2 Hermanas;;;gol.;1887_08_23;Matanzas;;
;;N/A:  | N/A:  | N/A: ;;;null;cap.;;;;;De Cuba y escasas vap. Manuelita y Maria, capitan con: 1,072 tercios tabaco, 563 sacos azucar y efectos.;;Manuelita y Maria;;;vap.;1887_08_24;Cuba;;
;;N/A:  | N/A: ;;;Bomb;cap.;;;;;— Caibareen vap. Alava, cap. Bomb: con 951 tercios tabaco y efectos.;;Alava;;;vap.;1887_08_24;Caibareen;;
;;N/A: ;;;Serra;pat.;;;;;— Dimas gol. Amalia, patron Serra: con 800 sacos carbon.;;Amalia;;;gol.;1887_08_24;;;
Día 01:;;N/A: ;;;Bernaza;pat.;;;;;— Dimas gol. Amable Rosita, pat. Bernaza: con 800 sacos carbon.;;Amable Rosita;;;gol.;1887_08_24;null;;
;;N/A: ;;;Orbay;pat.;;;;;— Mulati gol. Padue de Nuevitas, patron Orbay: con 800 sacos carbon.;;Padue;;;gol.;1887_08_24;Nuevitas;;
;;N/A: ;;;;pat.;;;;;— Mantu gol. Margarita, pat. Vene: con 700 sacos carbon.;Vene;Margarita;;;gol.;1887_08_24;Mantu;;
;;N/A:  | N/A:  | N/A: ;;;Marin;cap.;;;;;De Guanes vap. Guanigarico, cap. Marin: con 1,125 tercios tabaco, 50 marquetas cera y efectos.;;Guanigarico;;;vap.;1887_08_25;Guanes;;
;;N/A:  | N/A:  | N/A: ;;;Urrutibeasoca;cap.;;;;;De Caibarien vap. Clara, cap. Urrutibeasoca: con 141 tercios tabaco, 50 toros y efectos.;;Clara;;;vap.;1887_08_26;Caibarien;;
;;N/A:  | N/A: ;;;Pujol;pat.;;;;;—Canast gol. Golondrina, pat. Pujol: con 100 fanegas maíz y efectos.;;Golondrina;;;gol.;1887_08_26;;;
Día XX:;;N/A: ;;;Alsmay;pat.;;;;;De Sagu gol. Mercedita, pat. Alsmay: con 1,500;;Mercedita;;;gol.;1887_08_27;Sagu;;
Día :;;N/A: ;;;Bilbao;cap.;;;;;—Sagua vap. Adela, cap. Bilbao: con 1,482 tercios;;Adela;;;vap.;1887_08_27;Sagua;;
Día XX:;;N/A:  | N/A:  | N/A:  | N/A: ;;;Toncido;pat.;;;;;De Mulata gol. Britania, pat. Toncido: con 1.000 tendidos sogu, 14 fanegas maiz, 50 polines y efectos.;;Britania;;;gol.;1887_08_28;Mulata;;
;;N/A:  | N/A:  | N/A: ;;;Ponte;pat.;;;;;—Nuevitas gol. Emilia, pat. Ponte: con 300 caballos leña, 150 atravesados y efectos.;;Emilia;;;gol.;1887_08_28;Nuevitas;;
;;;;;Morantes;pat.;;;;;—Mariel gol. Altangraca, pat. Morantes: en lastre.;;Altangraca;;;gol.;1887_08_28;;;
Día 01:;;N/A:  | N/A: ;;;Tarifa;pat.;;;;;—Matanzas gol. Elvira, pat. Tarifa: con 190 bocoyes aguardiente y efectos.;;Elvira;;;gol.;1887_08_28;Matanzas;;
;;N/A:  | N/A:  | N/A:  | N/A: ;;;Biera;pat.;;;;;—San Cayetano gol. Carmita, pat. Biera: con 150 varas madera, 800 atravesados, 25 caballos leña y efectos.;;Carmita;;;gol.;1887_08_28;San Cayetano;;
Día :;;N/A: ;;;Zaragoza;pat.;;;;;—Cárdenas gol. 1º de Cárdenas, pat. Zaragoza: con 130 pipas aguardiente.;;1º de Cárdenas;;;gol.;1887_08_28;Cárdenas;;
;;N/A:  | N/A:  | N/A:  | N/A:  | N/A: ;;;Joy;pot.;;;;;—Cárdenas gol. Anita, pot. Joy: con 600 barriles, 500/4 barriles, 1.225 cajitas y 100 sacos azúcar reino y efectos.;;Anita;;;gol.;1887_08_28;Cárdenas;;
;;N/A: ;;;Moragas;pat.;;;;;—Cárdenas gol. Juan Ferrín, pat. Moragas: con 80 pipas aguardiente.;;Juan Ferrín;;;gol.;1887_08_28;Cárdenas;;
Día null:;;N/A:  | N/A: ;;;Bombí;cap.;;;;;De Cabarier vap. Alava, cap. Bombí: con 1,282 tercios tabaco y efectos.;;Alava;;;vap.;1887_08_30;Cabarier;;
;;N/A:  | N/A:  | N/A: ;;;Cantero;;;;;;—(ádenas gol. Agüila de Oro. Cantero: con 500 barriles y 200 cajas azú ar reino, 100 pipas aguardiente y efectos.;;Agüila de Oro;;;gol.;1887_08_30;ádenas;;
;;N/A: ;;;Ventura;pat.;;;;;Sagua gol. Sosia, patron Ventura: con 800 sacos carbón.;;Sosia;;;gol.;1887_08_30;Sagua;;
Día :;;N/A:  | N/A:  | N/A: ;;;Suao;pat.;;;;;Gibara gol. Seis Manuclas, pat. Suao: con 218 sacos maíz, 2 cajas cera y efectos.;;Seis Manuclas;;;gol.;1887_08_30;Gibara;;
;;N/A: ;;;Portela;pat.;;;;;San a María gol. Cataria, pat. Portela: con 1000 sacos carbón.;;Cataria;;;gol.;1887_08_30;María;;
Día Tíe:;;N/A: ;;;;pat.;;;;;Sagua gol. Josefa Coruñez, pat. Tíe: con 803 sacos carbón.;;Josefa Coruñez;;;gol.;1887_08_30;Sagua;;
;;N/A:  | N/A: ;;;Pérez;pat.;;;;;Matancas gol. María, pat. Pérez: con 5,052 sacos harina y efectos.;;María;;;gol.;1887_08_30;Matancas;;
;;N/A:  | N/A: ;;;Macip;pat.;;;;;Santa Cruz gol. Joven Manuel, pat. Macip: con 310 sacos y 50 fanegas maíz.;;Joven Manuel;;;gol.;1887_08_30;Santa Cruz;;
;;N/A:  | N/A:  | N/A: ;;;Bosch;pat.;;;;;Cárdenas gol. Almans, pat. Bosch: con 235 barriles, 600 cajas y 500 sacos azúcar reino y efectos.;;Almans;;;gol.;1887_08_30;Cárdenas;;
;;N/A:  | N/A:  | N/A: ;;;Inclan;pat.;;;;;Cabanas gol. Caballo Marín, pat. Inclan: con 20 pipas aguardiente, 80 arrobas cobra y efectos.;;Caballo Marín;;;gol.;1887_08_30;Cabanas;;
;;N/A: ;;;Pellice;pat.;;;;;Sagua gol. Pirineo, pat. Pellice: con 1,500 sacos carbón.;;Pirineo;;;gol.;1887_08_30;Sagua;;
;;N/A: ;;;Salvá;pat.;;;;;Sagua g. l. Ma Terca, pat. Salvá: con 800 sacos carbón.;l.;Ma Terca;;;g.;1887_08_30;Sagua;;
;;N/A:  | N/A: ;;;Tasso;pat.;;;;;Santa Cuz gol. 13. Vinaroz, pat. Tasso: con 800 sacos y 70 lnegras maíz.;;13;;;gol.;1887_08_30;Vinaroz;;
;;N/A: ;;;Borrell;pat.;;;;;Teja gol. Altagracia, pat. Borrell: con 700 sacos carbón.;;Altagracia;;;gol.;1887_08_30;;;
;;N/A: ;;;Riera;pat.;;;;;De Sagua la Chica gol. 2º Rosa, pat. Riera: con 1,000;;2º Rosa;;;gol.;1887_08_31;Sagua la Chica;;
;;;;;Garcia;pat.;;;;;Grandillo gol. Nueva Providencia, pat. Garcia: con;;Grandillo;;;gol.;1887_08_31;null;;
;;N/A: ;;;Flusac;pat.;;;;;Bajas gol. Carmita, pat. Flusac: con 800 sacos carbon.;;Carmita;;;gol.;1887_08_31;;;
;;N/A: ;;;Mas;pat.;;;;;Yaguajay gol. Joven Blanca, pat. Mas: con 56,507;;Joven Blanca;;;gol.;1887_08_31;Yaguajay;;
Día null:;;N/A:  | N/A:  | N/A: ;;;Llado;pat.;;;;;De Bahía Honda gol. Agustina, pat. Llado: con 80 piezas maderas cedro, caoba y sabiof.;;Agustina;;;gol.;1887_09_02;Bahía Honda;;
;;N/A:  | N/A: ;;;Biblo;cap.;;;;;— Sagua vap. Adela, cap. Biblo: con 1.121 tercios tabaco y efectos.;;Adela;;;vap.;1887_09_02;Sagua;;
;;N/A:  | N/A:  | N/A:  | N/A: ;;;A. Bóniga;cap.;;;;;— Cuba y escalas vap. Avilés, cap. A. Bóniga, con 51 sacos cacao, 520 sacos maíz, 168 bultos cera y ef. oto.;;Avilés;;;vap.;1887_09_02;Cuba y escalas;;
Día XX:;;N/A:  | N/A: ;;;Unibaso;cap.;;;;;De Malas Aguas vap. Bahía Honda, cap. Unibaso: con 776 tercios tabaco y efectos.;;Bahía Honda;;;vap.;1887_09_03;Malas Aguas;;
;;N/A: ;;;;pat.;;;;;— Mañanillo gol. Teresa, pat. con 405 piezas madera de varios clás.;;Teresa;;;gol.;1887_09_03;Mañanillo;;
;;N/A: ;;;Pujol;pat.;;;;;— Santa Lucía gol. Mª del Cármen, pat. Pujol: con 500 sacos carbón.;;Mª del Cármen;;;gol.;1887_09_03;Santa Lucía;;
;;N/A:  | N/A:  | N/A:  | N/A: ;;;Alemaný;pat.;;;;;De Cárdenas gol. Jóven Pilar, pat. Alemaný: con 800 barriles y 90 cajas azúcar, 50 pipas aguardiente y efectos.;;Jóven Pilar;;;gol.;1887_09_04;Cárdenas;;
;;N/A:  | N/A:  | N/A:  | N/A: ;;;Mandílago;pat.;;;;;Cárdenas gol. Victoria, pat. Mandílago: con 620 barriles y 305 cajas azúcar refino, 50 pipas aguardiente y efectos.;;Victoria;;;gol.;1887_09_04;Cárdenas;;
;;N/A: ;;;Pajol;pat.;;;;;Mantua gol. Nuevo Hilario, pat. Pajol: con 600 sacos carbon.;;Nuevo Hilario;;;gol.;1887_09_04;Mantua;;
;;N/A:  | N/A: ;;;Serantes;pat.;;;;;De Morillo gol. Feliz, pat. Serantes: con 400 caballos leña y efectos.;;Feliz;;;gol.;1887_09_06;Morillo;;
;;N/A:  | N/A:  | N/A:  | N/A: ;;;Moll;pat.;;;;;— Puerto Padre gol. Clio, pat. Moll: con 40 sabicues 77 majagas, 31 robles y 120 yayas.;;Clio;;;gol.;1887_09_06;Puerto Padre;;
;;N/A:  | N/A: ;;;Enseñat;pat.;;;;;— Sierra Morena gol. Sofía, patron Enseñat: con 9 bultos equipajes y efectos.;;Sofía;;;gol.;1887_09_06;;;
;;N/A:  | N/A: ;;;Torres;pat.;;;;;— Baracoa gol. Eiva, pat. Torres: con 60,000 cocos y efectos.;;Eiva;;;gol.;1887_09_06;;;
;;N/A:  | N/A: ;;;Mas;pat.;;;;;— Baracoa gol. Anita, pat. Mas: con 50,000 cocos y efectos.;;Anita;;;gol.;1887_09_06;;;
Día 01:;;N/A:  | N/A:  | N/A:  | N/A: ;;;Zaragoza;pat.;;;;;— Cárdenas gol. Isla de Cuba pat. Zaragoza: con 300 barriles y 70 cajas azucar refino, 66 pipas aguardiente y efectos.;;Isla de Cuba;;;gol.;1887_09_06;Cárdenas;;
;;N/A:  | N/A: ;;;Bomb;cap.;;;;;— Caibarien vap. Alava, cap. Bomb: con 1,000 tercios tabaco y efectos.;;Alava;;;vap.;1887_09_06;Caibarien;;
;;N/A:  | N/A:  | N/A: ;;;Cuevas;pat.;;;;;— Cárdenas gol. Angelita, patron Cuevas: con 1,040 cajas y 250 barriles azucar refino, 30 pipas-guardiente.;;Angelita;;;gol.;1887_09_06;Cárdenas;;
Día null:;;N/A: ;;;Menaya;pat.;;;;;De Teja gol. Dos Sofias, pat. Menaya: con 1,000 sacos carbon.;;Dos Sofias;;;gol.;1887_09_07;Teja;;
Día :;;N/A: ;;;Mayans;pat.;;;;;—Sagua gol. Segunda Gertrúdis, pat. Mayans: con 1,500 sacos carbon.;;Segunda Gertrúdis;;;gol.;1887_09_07;Sagua;;
Día null:;;N/A: ;;;Hernández;cap.;;;;;De Malas Aguas vap. Badía Honda, cap. Hernández: con tabacos;;Badía Honda;;;vap.;1887_09_09;Malas Aguas;;
;;N/A: ;;;Ferrer;pat.;;;;;—Dimas gol. Mercedita, pat. Ferrer: con 900 sacos carbon;;Mercedita;;;gol.;1887_09_09;;;
;;N/A: ;;;Mací;pat.;;;;;—Santa Cruz gol. Jóven Manuel, pat. Mací: con 400 sacos maíz y efectos:;;Jóven Manuel;;;gol.;1887_09_09;Santa Cruz;;
;;N/A: ;;;Marin;cap.;;;;;De Guanes vap. Guaniguanico, cap. Marin: con 1,500;;Guaniguanico;;;vap.;1887_09_10;Guanes;;
Día :;;N/A: ;;;Bilbao;cap.;;;;;—Sagua vap. Adola, cap. Bilbao: con 1 801 tercios;;Adola;;;vap.;1887_09_10;Sagua;;
;;N/A: ;;;Acuña;pat.;;;;;—Sagua gol. Rosita, patron Acuña: con 500 sacos;;Rosita;;;gol.;1887_09_10;Sagua;;
;;N/A:  | N/A: ;;;Bosch;pat.;;;;;De Cárdenas gol. Almansa, pat. Bosch: con 100 pipas aguardiente y efectos.;;Almansa;;;gol.;1887_09_11;Cárdenas;;
;;N/A:  | N/A: ;;;Valent;pat.;;;;;Cárdenas gol Mª del Cármen, pat. Valent: con 350 barriles y 170 cajas azúcar refino.;;Mª del Cármen;;;gol;1887_09_11;Cárdenas;;
;;N/A: ;;;Pujol;pat.;;;;;Teja gol. Isabel II, pat. Pujol: con 800 sacos carbon.;;Isabel II;;;gol.;1887_09_11;Teja;;
;;N/A:  | N/A:  | N/A: ;;;Vaca;cap.;;;;;Cuba y escalas vap. Manuelita y María, cap. Vaca: con 1.100 tercios tabaco, 541 sacos maíz y efectos.;;Manuelita y María;;;vap.;1887_09_11;Cuba;;
;;N/A:  | N/A:  | N/A:  | N/A: ;;;Vizquerra;pat.;;;;;De Matanzas gol. Amalia, pat. Vizquerra: con 200 pías, 204 pídas, 44 pipas aguardiente y efectos.;;Amalia;;;gol.;1887_09_13;Matanzas;;
;;N/A: ;;;Juan;pat.;;;;;— Plays de Sau Juan gol. Deseada, pat. Juan: con 400 sacos carbon.;;Deseada;;;gol.;1887_09_13;Sau Juan;;
;;N/A:  | N/A: ;;;Herrera;pat.;;;;;De Cárdenas gol. Nueva Rosita, patrón Herrera: con 100 pipas aguardiente, 100 cajas cognac y efectos. — Cabañas bdro Rosita, pat. Juan: con 104 tercios tabaco.;;Nueva Rosita;;;gol.;1887_09_14;Cárdenas;;
;;N/A: ;;;Amengual;pat.;;;;;Dimas gol. María Mazoni, pat. Amengual: con 800 sacos carbon.;;María Mazoni;;;gol.;1887_09_14;;;
;;N/A:  | N/A:  | N/A: ;;;Plana;pat.;;;;;Mulata gol. Dolores, pat. Plana: con 200 varas madera, 40 caballos leña, 60 sacos carbon y efectos.;;Dolores;;;gol.;1887_09_14;;;
;;N/A:  | N/A:  | N/A: ;;;Colomar;pat.;;;;;Playas de San Juan gol. Antonia, pat. Colomar: con 500 sacos carbon, 40 palos labrados y efectos.;;Antonia;;;gol.;1887_09_14;Playas de San Juan;;
;;N/A: ;;;Colomar;pat.;;;;;Playas de San Juan gol. Mª Josefa, pat. Colomar: con 1,000 sacos carbon.;;Mª Josefa;;;gol.;1887_09_14;Playas de San Juan;;
;;N/A:  | N/A: ;;;Grandal;pat.;;;;;Moron gol. Conchita, pat. Grandal: con 60 toros y 39 palos labrados.;;Conchita;;;gol.;1887_09_14;Moron;;
;;N/A: ;;;Sino;pat.;;;;;De Sagua gol. Ignacio, pat. Sino: con 1,500 sacos;;Ignacio;;;gol.;1887_09_16;Sagua;;
;;N/A: ;;;Pereira;pat.;;;;;—Carahatas gol. Teresita, pat. Pereira: con 24 pis;;Teresita;;;gol.;1887_09_16;Carahatas;;
;;;;;Mací;pat.;;;;;—Santa Cruz gol. Jóven Manuel, pat. Mací: con;;Jóven Manuel;;;gol.;1887_09_16;Santa Cruz;;
;;N/A: ;;;Alemañy;pat.;;;;;—Cárdenas gol. Jóven Pilar, pat. Alemañy: con 560;;Jóven Pilar;;;gol.;1887_09_16;Cárdenas;;
;;N/A: ;;;Marantes;pat.;;;;;—Mariel gol. Altgracia, pat. Marantes: con 60 tercios;;Altgracia;;;gol.;1887_09_16;Mariel;;
;;N/A: ;;;Joy;pat.;;;;;—Cárdenas gol. Anita, pat. Joy: con 200 camone,;;Anita;;;gol.;1887_09_16;Cárdenas;;
Día XX:;;N/A: ;;;Ventura;pat.;;;;;De Sagua gol. Safia, pat. Ventura: con 800 sacos carbon.;;Safia;;;gol.;1887_09_17;Sagua;;
;;;;;Bomb;cap.;;;;;Caibarien vap. Alava, cap. Bomb: con efectos.;;Alava;;;vap.;1887_09_17;Caibarien;;
Día 01:;;N/A:  | N/A: ;;;Sitches;cap.;;;;;Cuba y escalas vap. Mortera, cap. Sitches: con 1,612 tercios tabaco, 2 5 sacos maíz y efectos.;;Mortera;;;vap.;1887_09_17;Cuba;;
;;N/A: ;;;Gil;pat.;;;;;De Banes gol. J. sef. pat. Gil: con 16 sacos fríjoles.;;J. sef.;;;gol.;1887_09_18;Banes;;
;;N/A:  | N/A: ;;;Pellicer;pat.;;;;;—Matanzas gol. Emilio, pat. Pellicer: con 260 bo- coyes aguardante y efectos.;;Emilio;;;gol.;1887_09_18;Matanzas;;
Día :;;N/A: ;;;Simo;pat.;;;;;—Laguna del Medio gol. Mallorquin, pat. Simo: con 2,000 sacos carbón.;;Mallorquin;;;gol.;1887_09_18;Laguna del Medio;;
;;N/A:  | N/A:  | N/A:  | N/A: ;;;Cantero;pat.;;;;;De Cádiz gol. Agüla de Oro, pat. Cantero: con 300 barriles y 40 cajas azúcar refino, 40 pipas aguardiente y efectos.;;Agüla de Oro;;;gol.;1887_09_20;Cádiz;;
;;N/A: ;;;Lorenzo;pat.;;;;;- Sagua gol. Mª Andrea, pat. Lorenzo: con 800 sacos carbón.;;Mª Andrea;;;gol.;1887_09_20;Sagua;;
;;N/A:  | N/A: ;;;Luciano;pat.;;;;;- Cabanas gol Caballo Marino, pat. Luciano: con 95 tercios tabaco y efectos.;;Caballo Marino;;;gol;1887_09_20;Cabanas;;
Día Valent:;;N/A:  | N/A:  | N/A: ;;;Valent;pat.;;;;;De Cárdenas gol. Mª del Carmen, pat. Valent: con 180 barriles, 500/2 barriles y 1,000 cajas azúcar refino.;;Mª del Carmen;;;gol.;1887_09_21;Cárdenas;;
;;N/A: ;;;Macip;pat.;;;;;— Santa Cruz gol. Jóven Manuel, pat. Macip: con 400 sacos maíz.;;Jóven Manuel;;;gol.;1887_09_21;Santa Cruz;;
;;N/A: ;;;Ruiz;pat.;;;;;— Dimas gol. 2 Hermanas, pat. Ruiz: con 900 sacos carbón.;;2 Hermanas;;;gol.;1887_09_21;;;
;;N/A: ;;;Vera;pat.;;;;;— Yaguajay gol. Trafalgar, patron Vera: con 58,717 pies madera.;;Trafalgar;;;gol.;1887_09_21;Yaguajay;;
;;N/A:  | N/A:  | N/A: ;;;Aloniga;cap.;;;;;— Cuba y escalas vap. Avilés, cap. Aloniga: con 812 tercios tabaco, 492 sacos maíz y efectos.;;Avilés;;;vap.;1887_09_21;Cuba y escalas;;
;;N/A:  | N/A:  | N/A: ;;;Garcia;pat.;;;;;De Esperanza gta. Dominic, pat. Garcia: con 400 pañas 300 varas maderas y efectos.;;Dominic;;;gta.;1887_09_22;Esperanza;;
Día :;;N/A:  | N/A:  | N/A:  | N/A: ;;;Paz;pat.;;;;;—San Cayetano gta. Magdalena, pat. Paz: con 1.000 sacos carbon, 80 yayas, 30 palos labrados y efectos.;;Magdalena;;;gta.;1887_09_22;San Cayetano;;
;;N/A: ;;;Torres;pat.;;;;;—Rio Blanco gta. Isabel, pat. Torres: con 200 varas maderas.;;Isabel;;;gta.;1887_09_22;Rio Blanco;;
Día 01:;;N/A: ;;;Orbay;pat.;;;;;—Barraco gta. Paquete de Nuevías, pat. Orbay: con 375 tercios tabaco.;;Paquete;;;gta.;1887_09_22;Nuevías;;
;;N/A:  | N/A:  | N/A: ;;;Riera;pat.;;;;;—Bahía Honda gta. Carmita, pat. Riera: con 359 sacos azúcar, 40 pipas aguardiente y 100 tendidos sogas.;;Carmita;;;gta.;1887_09_22;Bahía Honda;;
;;N/A:  | N/A: ;;;Mandílego;pat.;;;;;De Cárdenas gol. Victoria, pat. Mandílego: con 300 cajas y 500 barriles azúcar refino.;;Victoria;;;gol.;1887_09_23;Cárdenas;;
Día :;;N/A:  | N/A:  | N/A: ;;;Zaragoza;pat.;;;;;— Cárdenas gol. Isla de Cuba, pat. Zaragoza: con 30 pipas aguardiente, 620 tercios tabaco y efectos.;;Isla de Cuba;;;gol.;1887_09_23;Cárdenas;;
Día XX:;;N/A:  | N/A:  | N/A: ;;;Enseñat;pat.;;;;;De Sierra Morena gta. Sofia, pat. Enseñat: con 5 tercios tabaco, 6 bultos cera y efectos.;;Sofia;;;gta.;1887_09_24;Sierra Morena;;
;;N/A:  | N/A:  | N/A: ;;;Cuevas;pat.;;;;;— Cárdenas gta. Angelita, pat. Cuevas: con 160 pipas aguardiente, 300 camiones carreta y efectos.;;Angelita;;;gta.;1887_09_24;Cárdenas;;
Día :;;N/A:  | N/A: ;;;Bilbao;cap.;;;;;— Sagua vapor Adela, cap. Bilbao: con 2163 tercios tabaco y 45 pipas aguardiente.;;Adela;;;vapor;1887_09_24;Sagua;;
;;N/A: ;;;Alemañ;pat.;;;;;De Cárdenas gta. Jóven Pilar, pat. Alemañ: con 560;;Jóven Pilar;;;gta.;1887_09_25;Cárdenas;;
;;N/A: ;;;Maru;cap.;;;;;Guanes vapor Guaniguanico, cap. Maru: con 890;;Guaniguanico;;;vapor;1887_09_25;Guanes;;
;;N/A:  | N/A: ;;;Zubirat;pat.;;;;;De Moron 26. Manuela, pat. Zubirat: con 1,000 paquetes tablillas y 20 arrobas cera.;;Manuela;;;;1887_09_27;Moron;;
;;N/A:  | N/A: ;;;Unibaso;cap.;;;;;—Malas Aguas vap. Bahía Honda, cap. Unibaso: con 1,670 tercios tabaco y 10 pipas aguardiente.;;Bahía Honda;;;vap.;1887_09_27;Malas Aguas;;
;;N/A:  | N/A: ;;;Macip;pat.;;;;;—Santa Cruz gol. Jóven Manuel, pat. Macip: con 300 sacos maíz y 40 cedros.;;Jóven Manuel;;;gol.;1887_09_27;Santa Cruz;;
;;N/A: ;;;Tasso;pat.;;;;;—Gibacoa gol. 1ª Vinaroz, pat. Tasso: con 140 sacos aguardiente.;;1ª Vinaroz;;;gol.;1887_09_27;Gibacoa;;
;;N/A: ;;;Pereira;pat.;;;;;—Carahatas gol. Teresita, pat. Pereira: con 19 pipas aguardiente.;;Teresita;;;gol.;1887_09_27;Carahatas;;
;;N/A:  | N/A:  | N/A:  | N/A: ;;;Alemañ;pat.;;;;;—Cárdenas gol. Mercedita, pat. Alemañ: con 300 barriles y 200 sacos azúcar refino, 24 pipas aguardiente y efectos.;;Mercedita;;;gol.;1887_09_27;Cárdenas;;
Día 27:;;N/A:  | N/A:  | N/A:  | N/A: ;;;Lloret;pat.;;;;;Dia 27. Gol. Angelita, pat. Lloret: con 100 granos, 60 quintales cascarca mangle, 60 varas madera y 117 tercios tabaco.;;Angelita;;;gol.;1887_09_28;;;
;;N/A:  | N/A: ;;;Urrutibeasoa;cap.;;;;;Caibarien vapor Clara, cap. Urrutibeasoa: con 1.750 tercios tabaco y efectos.;;Clara;;;vapor;1887_09_28;Caibarien;;
;;N/A: ;;;Juan;pat.;;;;;Da Cabañas bdro. Rosita, pat. Juan: con 90 tercios tabaco;;Rosita;;;bdro.;1887_09_29;Cabañas;;
;;N/A:  | N/A:  | N/A: ;;;Pujol;pot.;;;;;—Jarruco gol. Joven Lolas, pot. Pujol: con 91 sacos m-12, 60 fanegas maiz y efectos.;;Joven Lolas;;;gol.;1887_09_29;;;
Día :;;N/A:  | N/A: ;;;Villalonga;pat.;;;;;—María gol. María Magdalena, pat. Villalonga: con 40 quinientas hierro viejo y efectos.;;María Magdalena;;;gol.;1887_09_29;;;
;;N/A:  | N/A: ;;;Serantes;pat.;;;;;—Morrillo gol. Félix, pat. Serantes: con 400 caballos leña y 9 sacos lana miragano.;;Félix;;;gol.;1887_09_29;Morrillo;;
;;N/A:  | N/A:  | N/A: ;;;Hernández;pat.;;;;;—Morrillo gol. Britania, pat. Hernández: con 250 varas madera, 30 camas carrete, 200 tendidos m-ajuga.;;Britania;;;gol.;1887_09_29;Morrillo;;
;;N/A: ;;;Calvet;pat.;;;;;—Dimas gol. Francisco Gener, patron Calvet: con 1,000 sacos carbón.;;Francisco Gener;;;gol.;1887_09_29;;;
;;N/A:  | N/A:  | N/A:  | N/A: ;;;Bosch;pat.;;;;;De Cárdenas gol. Almansa, pat. Bosch: con 750 barriles azucar, un mobiliario de uso, 23 cajas tejido hilo y algodón y 5 fardos idem.;;Almansa;;;gol.;1887_09_30;Cárdenas;;
;;N/A: ;;;Bernejal;pat.;;;;;—Manita gol. Ma garita, pat. Bernejal: con 700 sacos carbón.;;Ma garita;;;gol.;1887_09_30;;;
Día null:;;;;;Marantes;pat.;;;;;De Mariel gol. Altagracia, pat. Marantes: en lastre.;;Altagracia;;;gol.;1887_10_01;Mariel;;
;;N/A: ;;;Borrell;pat.;;;;;—Teja gol. Altagracia, pat. Borrell: con 800 sacos de carbon.;;Altagracia;;;gol.;1887_10_01;;;
;;N/A:  | N/A: ;;;Bibao;pat.;;;;;—Caibaren gol. Adela, pat. Bibao: con 2,239 tercios tabaco y efectos.;;Adela;;;gol.;1887_10_01;Caibaren;;
;;N/A: ;;;Prats;pat.;;;;;—Tejas gél. 2 Amigos, pat. Prats: con 800 sacos de carbon.;;2 Amigos;;;gél.;1887_10_01;Tejas;;
Día null:;;N/A: ;;;Tarifa;pat.;;;;;De Matanzas gol. Elvira, pat. Tarifa: con 100 boces aguardante.;;Elvira;;;gol.;1887_10_02;Matanzas;;
;;N/A: ;;;Covas;pat.;;;;;Ortigosa gol. Dolorosa, pat. Covas: con 800 cabalos leña.;;Dolorosa;;;gol.;1887_10_02;;;
;;N/A:  | N/A:  | N/A: ;;;Sinchez;pat.;;;;;Manzanillo gol. Francisco, patron Sinchez: con 1.622 atravesados, 68 piezas madera y efectos.;;Francisco;;;gol.;1887_10_02;Manzanillo;;
;;N/A: ;;;Bernaza;pat.;;;;;Damas gol. Amable Rosita, pat. Bernaza: con 800 sacos carbon.;;Amable Rosita;;;gol.;1887_10_02;;;
Día null:;;N/A: ;;;Ventura;pat.;;;;;De Sagna gol. Sofia, patron Ventura: con 800 sacos carbon.;;Sofia;;;gol.;1887_10_04;Sagna;;
;;N/A: ;;;Riera;pat.;;;;;— Sagna la Chica gol. 2ª Rosa, pat. Riera: con 1,000 sacos carbon.;;2ª Rosa;;;gol.;1887_10_04;;;
;;N/A: ;;;Cabrja;pat.;;;;;— Nombre de Dios gol. Gallego, pat. Cabrja: con 750 sacos carbon;;Gallego;;;gol.;1887_10_04;Nombre de Dios;;
;;N/A:  | N/A: ;;;Bonet;pat.;;;;;— Matanzas gol. 2 Hermanas, pat. Bonet: con 160 bocoyes aguardiente y efectos.;;2 Hermanas;;;gol.;1887_10_04;Matanzas;;
Día :;;N/A:  | N/A:  | N/A:  | N/A: ;;;Jeréz;pat.;;;;;— Gibara gol. Paquete Bariy, pat. Jeréz: con 39 tercios tabaco, 224 trozos caoba, 340 atravesas y efectos.;;Paquete Bariy;;;gol.;1887_10_04;Gibara;;
;;N/A:  | N/A: ;;;Mandígle;pat.;;;;;— Cárdenas gol. Victoria, pat. Mandígle: con 520 barriles, 400 cajitas azucar refino y efecto.;;Victoria;;;gol.;1887_10_04;Cárdenas;;
;;N/A:  | N/A: ;;;Zalvidea;cap.;;;;;De Caibarí: vapor Clara, cap. Zalvidea: con 1,590 tercios tabaco y efectos.;;Clara;;;vapor;1887_10_05;Caibarí;;
;;N/A: ;;;Bernaza;pat.;;;;;—Dimas gol. Amable Rosita, pat. Bernaza: con 500 sacos carbon.;;Amable Rosita;;;gol.;1887_10_05;;;
;;N/A:  | N/A: ;;;Ventura;cap.;;;;;De Cuba y escalas vap. Manuela, cap. Ventura: con 523 sacos maíz y efectos.;;Manuela;;;vap.;1887_10_06;Cuba;;
;;N/A:  | N/A: ;;;Cantero;pat.;;;;;— Cárdenas gol. Agüla de Oro, pat. Cantero: con 750 barriles y 200 sacos azúcar refino y efectos.;;Agüla de Oro;;;gol.;1887_10_06;Cárdenas;;
;;N/A: ;;;Hernández;cap.;;;;;— Malas Agua vap. Bahía Honda, cap. Hernández: con tabaco.;;Bahía Honda;;;vap.;1887_10_06;Malas Agua;;
Día XX:;;N/A:  | N/A:  | N/A: ;;;Bilbao;cap.;;;;;De Sagua vap. Adela, cap. Bilbao: con 1,770 tercios tabaco, 22 pipas aguardiente y efectos.;;Adela;;;vap.;1887_10_07;Sagua;;
Día :;;N/A: ;;;Arsola;pat.;;;;;— Cárdenas lancha María, pat. Arsola: con 80 pipas aguardiente.;;María;;;lancha;1887_10_07;Cárdenas;;
;;N/A:  | N/A: ;;;Pérez;pat.;;;;;De Matanzas gol. María, pat. Pérez: con 150 boceyes aguardiente y efectos.;;María;;;gol.;1887_10_09;Matanzas;;
;;N/A:  | N/A:  | N/A: ;;;Alemañy;pat.;;;;;—Cárdenas gol. Jóven Pilar, pat. Alemañy: con 850 barriles y 25 sacos azúcar refino y efectos.;;Jóven Pilar;;;gol.;1887_10_09;Cárdenas;;
;;N/A:  | N/A: ;;;Enseñat;pat.;;;;;De Sierra Morena gol. Sofia, pat. Enseñat, con 18 tercios tabaco y efectos.;;Sofia;;;gol.;1887_10_11;Sierra Morena;;
;;N/A:  | N/A: ;;;Albóniga;cap.;;;;;—Cuba y escalas vapor Áviles, cap. Albóniga: con 456 sacos maíz y efectos.;;Áviles;;;vapor;1887_10_11;Cuba;;
;;N/A: ;;;Valent;pat.;;;;;—Cárdenas gol. Mª del Carmen, pat. Valent: con 905 barriles azúcar refin.;;Mª del Carmen;;;gol.;1887_10_11;Cárdenas;;
Día null:;;N/A: ;;;Pujol;pat.;;;;;De Santa Lucía gol. Mª del Carmen, pat. Pujol: con 5'0 sacos carbon.;;Mª del Carmen;;;gol.;1887_10_12;Santa Lucía;;
;;N/A: ;;;Tí;pat.;;;;;—Sagua gol. Josefa Coruñez, pat. Tí: con 800 sacos carbon.;;Josefa Coruñez;;;gol.;1887_10_12;Sagua;;
;;N/A: ;;;Moll;pat.;;;;;—Santa María gol. Lince, pat. Moll: con 700 sacos carbon.;;Lince;;;gol.;1887_10_12;;;
;;N/A: ;;;Serra;pat.;;;;;—Dimas gol. Amalia, pat. Serra: con 800 sacos carbon.;;Amalia;;;gol.;1887_10_12;;;
;;N/A: ;;;Portella;pat.;;;;;—Mantua go. Catalina, pat. Portella: con 800 sacos carbon.;;Catalina;;;go.;1887_10_12;Mantua;;
;;N/A:  | N/A:  | N/A: ;;;Urrutibasos;cap.;;;;;—Caibarin cap. Clara, capitán Urrutibasos: con 1,830 tercios tabaco, 50 pipas aguardiente y efectos.;;Clara;;;;1887_10_12;Caibarin;;
Día :;;N/A: ;;;Barceló;pat.;;;;;—Bahía Honda gol. San Francisco, pat. Barceló: con 300 sacos carbon.;;San Francisco;;;gol.;1887_10_12;Bahía Honda;;
;;N/A:  | N/A:  | N/A: ;;;Tasso;pat.;;;;;—Jibacoa gol. 1º Vinazor, pat. Tasso: con 70 sacos farinas y 57 sacos maíz y efectos.;;1º Vinazor;;;gol.;1887_10_12;Jibacoa;;
;;N/A:  | N/A:  | N/A: ;;;;cap.;;;;;De Saguia, Adela, cap. Bilbao: con 1.335 tercios tabaco, 10/4 pipas aguardiente y efectos.;bilbao;Adela;;;;1887_10_14;Saguia;;
;;N/A:  | N/A:  | N/A: ;;;Mandeligo;pat.;;;;;Barriles gol. Victoria, pat. Mandeligo: con 700 barriles y 25 cajas azúcar refino y 40 pipas aguardiente.;;Victoria;;;gol.;1887_10_14;;;
;;N/A: ;;;Juan;pat.;;;;;Cabañas balandro Rosita, pat. Juan: con 15 tercios tabaco.;;Rosita;;;balandro;1887_10_14;Cabañas;;
Día XX:;;N/A:  | N/A:  | N/A:  | N/A: ;;;Suao;pat.;;;;;"De G. bara gol. Seis Manuelas, pat. Suao: con 355 sacos maiz; 50 tercios tabaco; 150 caballos leña y efectos.";;Seis Manuelas;;;gol.;1887_10_16;G. bara;;
Día null:;;N/A:  | N/A:  | N/A:  | N/A: ;;;Zaragoza;pat.;;;;;De Cárdenas gol. Isla de Cuba, pat Zaragoza: con 16 fargos, 11 cajas y 5 atados tejidos y efectos.;;Isla de Cuba;;;gol.;1887_10_18;Cárdenas;;
;;N/A:  | N/A:  | N/A: ;;;Urrutibesacoa;cap.;;;;;Da Cabarier vap. Clara, cap. Urrutibesacoa: con 405 tercios tabaco, 150 pipas aguardiente y efectos.;;Clara;;;vap.;1887_10_19;Cabarier;;
Día XX:;;N/A:  | N/A:  | N/A: ;;;Bilbao;cap.;;;;;De Sagua vap. Adela, cap. Bilbao: con 1,066 tercios tab. co. 1,04 pipas aguardiente y efectos.;;Adela;;;vap.;1887_10_20;Sagua;;
Día :;;N/A:  | N/A:  | N/A:  | N/A: ;;;Calafell;pat.;;;;;"—Matanzas gol. Maria Josefa, pat. Calafell: con 52 pipas, 6,2 pipas y 2014 aguardiente; 288 sacos azúcar y efectos.";;Maria Josefa;;;gol.;1887_10_20;Matanzas;;
;;N/A: ;;;Pujol;pat.;;;;;Para Marta gol. Nuevo Hilario, pat. Pujol: con 600 sacos carbon.;;Nuevo Hilario;;;gol.;1887_10_22;Marta;;
;;N/A:  | N/A:  | N/A:  | N/A:  | N/A: ;;;Vizquerra;pat.;;;;;De Matanzas gol. Amalia, pat. Vizquerra: con 120 bo- coyes, 20 2 y 30 4 bocoyes aguardiente, 20 bocoyes azúcar y efectos.;;Amalia;;;gol.;1887_10_23;Matanzas;;
;;N/A:  | N/A: ;;;Bosch;pat.;;;;;Cárdenas gol. Almansa, pat. Bosch: con 600 bar- rilles azúcar refino y efectos.;;Almansa;;;gol.;1887_10_23;Cárdenas;;
;;N/A: ;;;Cuevas;pat.;;;;;Cárdenas gol. Angelita, pat. Cuevas: con 138,000 kilos tasao;;Angelita;;;gol.;1887_10_23;Cárdenas;;
Día 01:;;N/A:  | N/A:  | N/A: ;;;Alemanía;pat.;;;;;Cárdenas gol. Mercedita, pat. Alemanía: con 200 sacos azúcar, 80 tercios tabaco y efectos.;;Mercedita;;;gol.;1887_10_23;Cárdenas;;
;;N/A: ;;;Barreras;pat.;;;;;Tierra Morena gol. 2ª Ignacia, pat. Barreras: con 400 carbon.;;2ª Ignacia;;;gol.;1887_10_23;;;
;;N/A: ;;;Pereira;pat.;;;;;Carahatas gol. Teresita, pat. Pereira: con 12 plas aguardiente.;;Teresita;;;gol.;1887_10_23;Carahatas;;
;;N/A:  | N/A:  | N/A: ;;;Valent;pat.;;;;;De Cárdenas gol. Mª del Carmen, pat. Valent: con 950 barriles azúcar refino, 50 pipas aguardiente y efectos.;;Mª del Carmen;;;gol.;1887_10_25;Cárdenas;;
;;N/A:  | N/A:  | N/A: ;;;Alemañy;pat.;;;;;Cárdenas gol. Jóvén Pilar, pat. Alemañy: con 500 barriles 500/2 barriles y 400 cajas azúcar refino y 34 pipas aguardiente.;;Jóvén Pilar;;;gol.;1887_10_25;Cárdenas;;
;;N/A: ;;;Mací;pat.;;;;;Santa Cruz gol. Jóvén Manuel, pat. Mací: con 400 sacos maíz.;;Jóvén Manuel;;;gol.;1887_10_25;Santa Cruz;;
Día XX:;;N/A:  | N/A:  | N/A: ;;;Urrutibeasos;cap.;;;;;De Caibarien vapor Clara, cap. Urrutibeasos: con 283 tercios tabaco, 70 pipas aguardiente y efectos.;;Clara;;;vapor;1887_10_26;Caibarien;;
;;N/A:  | N/A: ;;;Ponte;pat.;;;;;-Nuevias gol. Emilia, pat. Ponte: con 130 pipas aguardiente y efectos.;;Emilia;;;gol.;1887_10_26;Nuevias;;
;;N/A:  | N/A:  | N/A: ;;;Bibao;cap.;;;;;De Saguas van. Adela. cap. Bibao: con 809 tercios taba, 1.500 teididos soga y efectos.;;Adela;;;van.;1887_10_28;Saguas;;
;;N/A: ;;;Garcia;pat.;;;;;— Ortigosa gol Doloritas, pat. Garcia con 600 caños leír.;;Doloritas;;;gol;1887_10_28;Ortigosa;;
Día XX:;;N/A: ;;;Hernández;cap.;;;;;De Malas Aguas vap. Bahía Honda, cap. Hernández: con 400 tiscos tabaco.;;Bahía Honda;;;vap.;1887_10_30;Malas Aguas;;
;;N/A:  | N/A:  | N/A: ;;;Herrera;pat.;;;;;—Cárdenas gol. Nueva Rosita, pat. Herrera: con 192 tacos azúcar, 35 pipas aguardiente y efectos.;;Nueva Rosita;;;gol.;1887_10_30;Cárdenas;;
;;N/A:  | N/A:  | N/A: ;;;Alboniga;cap.;;;;;De Cuba esc. las vap. Avilés, cap. Alboniga: con 73 tercios tabaco, 820 sacos maíz y efectos.;;Avilés;;;vap.;1887_11_01;Cuba;;
;;;;;Enseñat;pat.;;;;;— Sierra Moreza gol. Sofía, pat. Enseñat: en lastre.;;Sofía;;;gol.;1887_11_01;Sierra Moreza;;
;;N/A:  | N/A:  | N/A: ;;;Tur;pat.;;;;;— Clenfuegos gol. Josefa, pat. Tur: con 1,73 t cajas alcohol, 31 pipas id., 200 galones garnacha y efectos.;;Josefa;;;gol.;1887_11_01;Clenfuegos;;
;;N/A:  | N/A: ;;;Juan;pat.;;;;;— Cabañas bdro. Rosita, pat. Juan: con 100 garrafones ginebra y 25 carabanchel.;;Rosita;;;bdro.;1887_11_01;Cabañas;;
;;N/A:  | N/A:  | N/A: ;;;Inclan;pat.;;;;;— Cabañas gol. Caballo Marino, pat. Inclan: con 387 tercios tabaco, 15 pipas aguardiente y efectos.;;Caballo Marino;;;gol.;1887_11_01;Cabañas;;
;;;;;Morantes;pat.;;;;;— Mariel gol. Altagracia, pat. Morantes: en lastre.;;Altagracia;;;gol.;1887_11_01;;;
;;N/A:  | N/A: ;;;Vilalon;pat.;;;;;— Bahía Honda gol. Ma. Magdalena, pat. Vilalon: con 25 pipas aguardiente y efectos.;;Ma. Magdalena;;;gol.;1887_11_01;Bahía Honda;;
;;N/A:  | N/A: ;;;Llado;pat.;;;;;— Morrillo gol. Agustina, pat. Llado: con 600 caballos leña y efectos.;;Agustina;;;gol.;1887_11_01;;;
;;N/A: ;;;Fuster;pat.;;;;;— Bajas gol. Carmita, pat. Fuster: con 1,000 sacos carbón.;;Carmita;;;gol.;1887_11_01;Bajas;;
Día null:;;N/A:  | N/A:  | N/A: ;;;Zalvidea;cap.;;;;;De Caibarin vap. Clara, cap. Zalvidea: con 187 tercios tabaco, 70 pipas aguardiente y efectos.;;Clara;;;vap.;1887_11_03;Caibarin;;
;;N/A:  | N/A:  | N/A: ;;;Cantero;pat.;;;;;— Cardenas gol. Agüila de Oro, pat. Cantero: con 60 pipas aguardiente, 90 batas y efectos.;;Agüila de Oro;;;gol.;1887_11_03;Cardenas;;
;;N/A: ;;;Zaragoza;pat.;;;;;— Cardenas gol. Isla de Cuba, pat. Zaragoza: con 30 pisos aguardiente.;;Isla de Cuba;;;gol.;1887_11_03;Cardenas;;
;;N/A:  | N/A:  | N/A: ;;;Alemañ;pat.;;;;;— Cardenas gol. Joven Pilar pat. Alemañ: con 700 barriles, 2/0 sacos y 200 cajas azúr al refino y efectos.;;Joven Pilar;;;gol.;1887_11_03;Cardenas;;
Día :;;N/A:  | N/A: ;;;Bilbao;cap.;;;;;De Sagua vap. Adela, cap. Bilbao: con 1,778 tercios tabaco y efectos.;;Adela;;;vap.;1887_11_04;Sagua;;
Día null:;;N/A:  | N/A: ;;;Torres;pat.;;;;;De Baracoa gol. Elva, pat. Torres: con 64.000 cocos y efectos.;;Elva;;;gol.;1887_11_05;Baracoa;;
;;N/A:  | N/A:  | N/A:  | N/A: ;;;Lloret;pat.;;;;;—Bajas gol. Angelita, pat. Lloret: con 130 tercios tabaco, 100 sacos carbon, 99 varas maderas y efectos.;;Angelita;;;gol.;1887_11_05;Bajas;;
;;N/A:  | N/A: ;;;Bonet;pat.;;;;;—Matanzas gol. Dos Hermanas, pat. Bonet: con 55 bocayos aguardiente y efectos.;;Dos Hermanas;;;gol.;1887_11_05;Matanzas;;
;;;;;Jorge;pat.;;;;;—Sagua gol. Tres María, pat. Jorge: en lastre.;;Tres María;;;gol.;1887_11_05;Sagua;;
;;N/A:  | N/A:  | N/A:  | N/A:  | N/A: ;;;Valent;pat.;;;;;—Cárdenas gol. María del Carmen, pat. Valent: con 30 pipas aguardiente, 250 cajas, 200 sacos, 600 barriles azúcar refino y efectos.;;María del Carmen;;;gol.;1887_11_05;Cárdenas;;
;;N/A:  | N/A: ;;;Pujol;pat.;;;;;—Jaruco gol. Jóven Lola, pat. Pujol: con 215 sacos maíz y efectos.;;Jóven Lola;;;gol.;1887_11_05;Jaruco;;
;;N/A:  | N/A:  | N/A: ;;;Macíp;pat.;;;;;—Santa Cruz gol. Jóven Manuel, pat. Macíp: con 400 sacos maíz, 3 tercios tabaco y efectos.;;Jóven Manuel;;;gol.;1887_11_05;Santa Cruz;;
;;N/A:  | N/A: ;;;Hernández;cap.;;;;;—Malas Aguas vap. Bahía Honda, cap. Hernández: con 101 tercios tabaco y 25 sacos azúcar.;;Bahía Honda;;;vap.;1887_11_05;Malas Aguas;;
;;N/A: ;;;Ventura;pat.;;;;;—Sagua gol. Sofía, pat. Ventura: con 800 sacos carbon.;;Sofía;;;gol.;1887_11_05;Sagua;;
;;N/A:  | N/A:  | N/A: ;;;Alboniga;cap.;;;;;De Calabac vap. Aviles, cap. Alboniga: con 370 tercios tabaco, 92 pipas aguardiente y efectos.;;Aviles;;;vap.;1887_11_08;Calabac;;
;;N/A:  | N/A:  | N/A: ;;;Joy;pat.;;;;;Cárdenas gol. Auita, pat. Joy: con 925 sacos azúcar, 40 pipas aguardiente y 12 barri'es uvas.;;Auita;;;gol.;1887_11_08;Cárdenas;;
;;N/A:  | N/A:  | N/A:  | N/A: ;;;Bujoso;pat.;;;;;Moron gol. Ergracia, pat. Bujoso: con 5 cajas rota-delta 1 baul id. id, 15 toros y 1-0 tercios t baco;;Ergracia;;;gol.;1887_11_08;Moron;;
;;N/A:  | N/A:  | N/A: ;;;Zubrat;pat.;;;;;M-roul col. Manuela, pat. Zubrat: con 1,000 paquetes tablillas, 500 estacas carretas y efectos.;;Manuela;;;col.;1887_11_08;;;
;;N/A:  | N/A:  | N/A:  | N/A:  | N/A: ;;;Hernández;pat.;;;;;"De Morillo gol. Britania, pat. Hernández: con 4 tercos tabaco; 50 pelín s; 300 tendidos majagua; 500 varas maderas y efectos.";;Britania;;;gol.;1887_11_09;Morillo;;
;;N/A: ;;;Bosch;pat.;;;;;De Cárdenas gol Almansa, pat. Bosch: con 6 cajas;;Almansa;;;gol.;1887_11_12;Cárdenas;;
;;N/A: ;;;Pojol;pat.;;;;;—Puert: Escondido goleta Goiondrina, pat. Pojol: con 1 0 varas al “código y efecto”.;;Goiondrina;;;goleta;1887_11_12;Escondido;;
;;N/A: ;;;Ruiz;pat.;;;;;De Dimas gol. 2 Hermanos. pat. Ruiz: con 500 sacos carbon.;;2 Hermanos;;;gol.;1887_11_13;Dimas;;
;;N/A:  | N/A:  | N/A: ;;;Zalvides;cap.;;;;;De Caibarian van, Clara, cap. Zalvides: con 976 tercios tabaco, 33 pipas aguardiente y efectos.;;Clara;;;van;1887_11_15;Caibarian;;
;;N/A:  | N/A: ;;;Juan;pat.;;;;;— Cubañas bdro. Rosita, pat. Juan: con 90 tercios tabaco y 50 garrafones ginebra.;;Rosita;;;bdro.;1887_11_15;Cubañas;;
Día :;;N/A:  | N/A: ;;;Jerez;pat.;;;;;— Gibara gol. Paniete Bariy, pat. Jerez: con 200 boqueros aguardiente y efectos.;;Paniete Bariy;;;gol.;1887_11_15;Gibara;;
;;N/A:  | N/A: ;;;Alemañy;pat.;;;;;— Cárdenas gol. Jóven Pilar, pat. Alemañy: con 825 azúcar y efectos.;;Jóven Pilar;;;gol.;1887_11_15;Cárdenas;;
;;N/A:  | N/A: ;;;Valent;pat.;;;;;— Cárdenas gol. Mª del Carmen, pat. Valent: con 700 boqueros azúcar refino y efectos.;;Mª del Carmen;;;gol.;1887_11_15;Cárdenas;;
Día null:;;N/A: ;;;Menor;pat.;;;;;— Plays de San Juan gol 2 Sofias, pat. Menor: con 1,200 sacos carbón.;;2 Sofias;;;gol;1887_11_15;San Juan;;
;;;;;null;cap.;;;;;De Cuba y as alas vap. Ramon de Herrera, capitan;;Ramon de Herrera;;;vap.;1887_11_16;Cuba;;
;;;;;Pereira;pat.;;;;;—Carahatas gol. Teresita, pat. Pereira: en lastre.;;Teresita;;;gol.;1887_11_16;Carahatas;;
;;N/A: ;;;Herrera;pat.;;;;;De Cárdenas gol. Nueva Rosita, pat. Herrera: con 300 barriles azúcar refinado y efectos.;;Nueva Rosita;;;gol.;1887_11_18;Cárdenas;;
Día :;;N/A:  | N/A:  | N/A: ;;;Morates;pat.;;;;;—Maríel tabo. Altgracia, pat. Morates: con 89 tercios tabaco, 136 f. uegas maíz y efectos.;;Altgracia;;;tabo.;1887_11_18;;;
;;;;;Enseñat;pat.;;;;;—Siera Morena, gol. Sofía, pat. Enseñat: en lastre.;;Sofía;;;gol.;1887_11_18;;;
Día :;;N/A:  | N/A: ;;;;cap.;;;;;—Calbarnes vap. Adela, cap. Bilbao: con 1,401 tercios tabaco y efectos.;;Adela;;;vap.;1887_11_18;Bilbao;;
;;N/A:  | N/A: ;;;Pujol;pat.;;;;;De Bajas gol. Mª del Carmen, pat. Pujol: con 500 sacos carbon y efectos.;;Mª del Carmen;;;gol.;1887_11_20;Bajas;;
Día null:;;N/A: ;;;Fernandez;cap.;;;;;De Malas Aguas vao. Bahia Honda, cap. Fernandez: con 113 tercios tabaco en rams.;;Bahia Honda;;;vao.;1887_11_22;Malas Aguas;;
;;N/A:  | N/A:  | N/A: ;;;Alboniga;cap.;;;;;Cuba y escalas vao. Aviles, cap. Alboniga: con 5 barriles azucar, 16 tercios tabaco y efectos.;;Aviles;;;vao.;1887_11_22;Cuba;;
;;N/A:  | N/A: ;;;Zaividea;cap.;;;;;De Caibarien vap. Clara, cap. Zaividea: con 518 tercios tabaco y efectos.;;Clara;;;vap.;1887_11_23;Caibarien;;
;;N/A:  | N/A: ;;;Bernaza;pat.;;;;;—Dimas gol. Amable Rosita, pat. Bernaza: con 58 tercios tabaco y 500 sacos carbon.;;Amable Rosita;;;gol.;1887_11_23;Dimas;;
;;N/A: ;;;Colomar;pat.;;;;;—Sagna gol. Mª Josefa, pat. Colomar: con 12,0 sacos carbon.;;Mª Josefa;;;gol.;1887_11_23;;;
;;N/A:  | N/A:  | N/A: ;;;Bibao;cap.;;;;;De Calibrien vap. Adela, cap. Bibao: con 778 tercios tabaco, 373 sacos azúcar y efectos.;;Adela;;;vap.;1887_11_24;Calibrien;;
Día :;;N/A:  | N/A: ;;;Suao;pat.;;;;;—Gibara gol. Seis Manueltas, pat. Suao: con 496 sacos maíz y efectos.;;Seis Manueltas;;;gol.;1887_11_24;Gibara;;
;;N/A:  | N/A: ;;;Mas;pat.;;;;;—Baracca gol. Anita, pat. Mas: con 18,000 cocos y efectos.;;Anita;;;gol.;1887_11_24;Baracca;;
;;N/A:  | N/A:  | N/A: ;;;Valent;pat.;;;;;—Cárdenas gol. Mª del Cármen, pat. Valent: con 276 sacos azúcar y 16 barriles id. refino y efectos.;;Mª del Cármen;;;gol.;1887_11_24;Cárdenas;;
;;N/A:  | N/A:  | N/A: ;;;Pérez;pat.;;;;;—Matanzas gol. María pat. Pérez: con 2 bocoyes aguardiente, 41 los tiras maguey y efectos.;;María;;;gol.;1887_11_24;Matanzas;;
;;N/A:  | N/A:  | N/A: ;;;Cantero;pat.;;;;;De Cárdenas gol. Agüa de Oro, pat. Cantero: con 255 tercios tabaco, 30 pipas sguardiente y efectos.;;Agüa de Oro;;;gol.;1887_11_25;Cárdenas;;
;;N/A:  | N/A: ;;;Bosch;pat.;;;;;De Cárdenas gol. Almansa, pat. Bosch: con 50 terc-olas manteca y efectos.;;Almansa;;;gol.;1887_11_29;Cárdenas;;
;;N/A:  | N/A:  | N/A: ;;;Macip;pat.;;;;;—Santa Cruz gol. Jóven Manuel, pat. Macip: con 100 sacos maíz, 100 cedros y efectos.;;Jóven Manuel;;;gol.;1887_11_29;Santa Cruz;;
;;N/A:  | N/A: ;;;Zalvidea;cap.;;;;;—Caibarien vap. Clara, cap. Zalvidea: con 50 pipas aguardiente, 43 tercios y efectos.;;Clara;;;vap.;1887_11_29;Caibarien;;
;;N/A:  | N/A:  | N/A: ;;;Bombi;cap.;;;;;—Cárdenas vap. Alava, cap. Bombi: con 188 tercios, 93 pipas aguardiente y efectos.;;Alava;;;vap.;1887_11_29;Cárdenas;;
;;N/A: ;;;Gil;pat.;;;;;—Banes g. Joséfa, pat. Gil: con 12 sacos frijoles.;;Joséfa;;;g.;1887_11_29;Banes;;
Día :;;N/A:  | N/A:  | N/A: ;;;Lloret;patrón;;;;;—Bajas gol. Angélica, patron. Lloret: con 300 sacos carbón, 50 cera y efectos.;;Angélica;;;gol.;1887_11_29;Bajas;;
;;N/A: ;;;Simó;pat.;;;;;De Sagna gol. Mallorquin, patron Simó: con 200 sacos carbon.;;Mallorquin;;;gol.;1887_11_30;Sagna;;
;;N/A: ;;;Fernández;cap.;;;;;—Malas Aigas vap Bahía Honda, cap. Fernández: con 267 tercios tabaco en rama.;;Bahía Honda;;;vap;1887_11_30;Malas Aigas;;
Día XX:;;N/A:  | N/A:  | N/A:  | N/A: ;;;Sitches;cap.;;;;;De Cuba y escalas vap. Mortera, cap. Sitches: con 153 sacos maíz, 1 caja tabaco, 2 pipas aguardiente y efectos.;;Mortera;;;vap.;1887_12_02;Cuba;;
;;N/A:  | N/A: ;;;Bilbao;osp.;;;;;De Cabariren vap. Adela, osp. Bilbao: con 979 tercios tabaco y efectos.;;Adela;;;vap.;1887_12_06;Cabariren;;
;;N/A: ;;;Juan;pat.;;;;;-Cabanas bdro Rosita, pat. Juan: con 116 tercios tabaco.;;Rosita;;;bdro;1887_12_06;Cabanas;;
;;N/A: ;;;Amengall;pat.;;;;;-Mantua gol. Mª Mazoni, pat. Amengall: con 800 sacos carbon.;;Mª Mazoni;;;gol.;1887_12_06;Mantua;;
;;N/A:  | N/A: ;;;Calafell;patron;;;;;-Matanzas gol. Mª Josefa, patron Calafell: con 50 boceyes aguardiente y efectos.;;Mª Josefa;;;gol.;1887_12_06;Matanzas;;
;;N/A:  | N/A:  | N/A: ;;;Serantes;pat.;;;;;-Morrillo gol. Feliz, pat. Serantes: con 213 varas madera, 116 poiones y efectos.;;Feliz;;;gol.;1887_12_06;Morrillo;;
;;N/A:  | N/A:  | N/A: ;;;Planas;pat.;;;;;-Mulata gol. Dolores, pat. Planas: con 65 tercios tabaco, 85 sacos carbon y efectos.;;Dolores;;;gol.;1887_12_06;;;
Día XX:;;N/A:  | N/A:  | N/A: ;;;Ventura;cap.;;;;;De Cuba y escala vap. Manuela, cap. Ventura: con 6 cajas machetes, 5 sacos azúcar y efectos.;;Manuela;;;vap.;1887_12_07;Cuba;;
;;N/A:  | N/A:  | N/A: ;;;Bomb;cap.;;;;;Caibariten vap. Alava, cap. Bomb: con 59 pipas aguardiente, ½ pipas vino y efectos.;;Alava;;;vap.;1887_12_07;Caibariten;;
;;N/A: ;;;Simó;pat.;;;;;Granadillo gol. Ignacia, pat. Simó: con 1,000 sacos carbón.;;Ignacia;;;gol.;1887_12_07;Granadillo;;
;;N/A: ;;;Lladró;pat.;;;;;Morrillo gol. Agustina, pat. Lladró: con 800 varas madera.;;Agustina;;;gol.;1887_12_07;;;
;;N/A: ;;;Felicio;pat.;;;;;De Guanes gol. Especulación, patron Felicio: con 311 tercios taéaco.;;Especulación;;;gol.;1887_12_08;Guanes;;
Día :;;N/A:  | N/A:  | N/A: ;;;Orbay;pat.;;;;;— Barracos gol. Paquete de Nuevitas, pat. Orbay: con 215 tercios tabaco, 25 caballos leí y efectos.;;Barracos;;;gol.;1887_12_08;Nuevitas;;
;;N/A: ;;;Ventura;pat.;;;;;— Sagna gol. Sofía, patron Ventura: con 800 sacos carbón.;;Sofía;;;gol.;1887_12_08;;;
;;N/A: ;;;Serra;pat.;;;;;Dimas gol. Amális, pat. Serra: con 800 sacos carbón.;;Amális;;;gol.;1887_12_08;;;
;;N/A:  | N/A:  | N/A: ;;;Rivas;cap.;;;;;De Mantua vap. Guanigancio, cap. Rivas: con 1 caja tabaco, 2 piezas madera y efectos.;;Guanigancio;;;vap.;1887_12_10;Mantua;;
Día :;;N/A: ;;;Fernández;cap.;;;;;—Malas Aguas vap. Bahía Honda, cap. Fernández: con 115 tercios tabaco.;;Bahía Honda;;;vap.;1887_12_10;Malas Aguas;;
;;N/A:  | N/A:  | N/A: ;;;Tofery;pat.;;;;;—Granadillo gol. Jóven Felipe, pat. Tofery: con 60 caballeros, majaq y efectos.;;Jóven Felipe;;;gol.;1887_12_10;Granadillo;;
;;N/A: ;;;Borrell;pat.;;;;;—Teja gol. Altargracia, pat. Borrell: con 800 sacos carbon.;;Altargracia;;;gol.;1887_12_10;;;
;;N/A:  | N/A: ;;;Fonroda;pat.;;;;;—Sierra Morena gol. Tres Hermanas, pat. Fonroda: con 400 sacos carbon y efectos.;;Tres Hermanas;;;gol.;1887_12_10;;;
;;N/A: ;;;Villalonga;pat.;;;;;—Sagua gol. Enriqueta, pat. Villalonga: con 500 sacos carbon.;;Enriqueta;;;gol.;1887_12_10;Sagua;;
;;N/A: ;;;Alemañ;pat.;;;;;—Sagua gol. Matilde, pat. Alemañ: con 500 sacos carbon.;;Matilde;;;gol.;1887_12_10;Sagua;;
;;N/A:  | N/A: ;;;Cuevas;pat.;;;;;—Cárdenas gol. Angelita, pat. Cuevas: con 400 boquillas azúcar refino y efectos.;;Angelita;;;gol.;1887_12_10;Cárdenas;;
;;N/A:  | N/A: ;;;Zaragoza;pat.;;;;;—Cárdenas gol. Isla de Cuba, pat. Zaragoza: con 170 pipas aguardiente y efectos.;;Isla de Cuba;;;gol.;1887_12_10;Cárdenas;;
;;N/A:  | N/A: ;;;Vizquerra;pat.;;;;;—Matanzas gol. Amalia, patron Vizquerra: con 100 bococes aguardiente y efectos.;;Amalia;;;gol.;1887_12_10;Matanzas;;
Día XX:;;N/A: ;;;Mateu;pat.;;;;;De Bajas gol. San Francisco, pat. Mateu: con 800 sacos carbon.;;San Francisco;;;gol.;1887_12_11;Bajas;;
;;N/A:  | N/A: ;;;Bomb;cap.;;;;;- Caibarien vap. Alava, cap. Bomb: con 324 tercios tabaco y efectos.;;Alava;;;vap.;1887_12_13;Caibarien;;
Día :;;N/A:  | N/A:  | N/A: ;;;Bilbao;cap.;;;;;- Caibarien vap. Adela, cap. Bilbao: con 982 tercios tabaco. 104 pipas aguardiente y efectos.;;Adela;;;vap.;1887_12_13;Caibarien;;
;;N/A:  | N/A:  | N/A: ;;;Alboniga;cap.;;;;;- Cuba y escasas vap. Aviles, cap. Alboniga: con 2 marquetas cera, 177 sacos maíz y efectos.;;Aviles;;;vap.;1887_12_13;Cuba;;
;;N/A:  | N/A: ;;;Inclan;pat.;;;;;- Cabanas gol. Caballo Marino, pat. Inclan: con 20 pipas aguardiente y efectos.;;Caballo Marino;;;gol.;1887_12_13;Cabanas;;
Día null:;;N/A: ;;;Urbay;pat.;;;;;De Teja gol. Antofíca, patron Urbay: con 400 sacos carbon.;;Antofíca;;;gol.;1887_12_14;Teja;;
;;N/A: ;;;Bosch;pat.;;;;;—Yagüesay gol. Natividad, pat. Bosch: con 34,844 pies madera.;;Natividad;;;gol.;1887_12_14;;;
Día :;;N/A: ;;;Toro;pat.;;;;;—Playas de San Juan gol. 23 Isabel, pat. Toro: con 600 sacos carbon.;;23 Isabel;;;gol.;1887_12_14;Playas de San Juan;;
Día null:;;N/A: ;;;Zalvideo;cap.;;;;;De Caibarien vap. Clara, cap. Zalvideo: con 232 tercios tabaco.;;Clara;;;vap.;1887_12_15;Caibarien;;
;;N/A: ;;;Alemaíy;pat.;;;;;—Sagua gol. Teresita, pat. Alemaíy: con 600 sacos;;Teresita;;;gol.;1887_12_15;Sagua;;
;;N/A: ;;;Juan;pat.;;;;;—Cabanas bdro. Rosita, pat. Juan: con 128 terclos;;Rosita;;;bdro.;1887_12_15;Cabanas;;
;;;;;Enseñat;pat.;;;;;—Sierra Morena gol. Sofia, pat. Enseñat: en lastre.;;Sofia;;;gol.;1887_12_15;;;
;;N/A:  | N/A:  | N/A: ;;;Macip;pat.;;;;;De Santa Cruz gol Jóven Manuel, pat. Macip: con 85 sacos maíz, 1 seron tasajo y efectos.;;Jóven Manuel;;;gol;1887_12_17;Santa Cruz;;
Día 01:;;;;;Ocho;cap.;;;;;De Cuba y esclavas vap. Ramon Herrera, cap. Ocho:;;Ramon Herrera;;;vap.;1887_12_18;Cuba;;
;;N/A:  | N/A: ;;;Cantero;pat.;;;;;Cárdenas gol. Agüita de Oro, pat. Cantero: con 122 pipas aguardiente y efectos.;;Agüita de Oro;;;gol.;1887_12_18;Cárdenas;;
;;N/A:  | N/A:  | N/A:  | N/A: ;;;Pellicer;pat.;;;;;Motancas gol. Emilio. Pat. Pellicer: con 1,000 sacos arroz. 2 boquies y 15idas blancas y efectos.;;Emilio;;;gol.;1887_12_18;;;
;;N/A:  | N/A: ;;;Bombi;cap.;;;;;De Caibarien vap. Alava, cap. Bombi: con 143 tercios rabo y efectos.;;Alava;;;vap.;1887_12_20;Caibarien;;
;;;;;Gil;pat.;;;;;—Banes gol. Josefa, pat. Gil: en lastre.;;Josefa;;;gol.;1887_12_20;Banes;;
;;N/A: ;;;Morantes;pat.;;;;;—Mariel gol. M. Altargraca, pat. Morantes: con 60 fanegas maiz.;;M. Altargraca;;;gol.;1887_12_20;Mariel;;
;;N/A:  | N/A: ;;;Fernández;cap.;;;;;—Malas Agua vap. Bahia Honda, cap. Fernández: con 311 tercios tabaco en rama y 25 sacos azúcar.;;Bahia Honda;;;vap.;1887_12_20;Malas Agua;;
Día XX:;;N/A: ;;;Pujol;pat.;;;;;De Jaruco gol. Joven Lola, pat. Pujol: con 24 sacos maiz y efectos.;;Joven Lola;;;gol.;1887_12_21;Jaruco;;
;;N/A: ;;;Garriga;pat.;;;;;—Santa Cruz gol. San Juan, pat. Garriga: con 5,000 tejas.;;San Juan;;;gol.;1887_12_21;Santa Cruz;;
;;N/A:  | N/A: ;;;Valent;pat.;;;;;—Cárdenas gol. Mª del Carmen, pat. Valent: con 300 barriles azúcar y efectos.;;Mª del Carmen;;;gol.;1887_12_21;Cárdenas;;
;;;;;Píñeiro;pat.;;;;;—Carahatas gol. Teresa, pat. Píñeiro: en lastre.;;Teresa;;;gol.;1887_12_21;;;
Día null:;;N/A: ;;;Paz;pat.;;;;;De Bajas gol. Magdalena, pat. Paz: con 70 sacos carbon.;;Magdalena;;;gol.;1887_12_22;Bajas;;
;;N/A: ;;;Masía;pat.;;;;;—Bajas gol. Gallego, patron Masía: con 675 sacos carbon.;;Gallego;;;gol.;1887_12_22;Bajas;;
;;N/A:  | N/A: ;;;Serantes;pat.;;;;;—Morillo gol. Feliz, pat. Serantes: con 160 tercios tabaco en rama y efectos.;;Feliz;;;gol.;1887_12_22;Morillo;;
;;N/A: ;;;Enseñat;pat.;;;;;—Ortigosa gol. Dolorita, pat. Enseñat: con 14,000 ladrillos.;;Dolorita;;;gol.;1887_12_22;;;
;;N/A: ;;;Riera;pat.;;;;;—Playas de San Juan gol. 2ª. Rosa, pat. Riera: con 1,000 sacos carbon.;;2ª. Rosa;;;gol.;1887_12_22;Playas de San Juan;;
;;N/A:  | N/A: ;;;Zalvıda;cap.;;;;;"De Calbarien vap. Clara; cap. Zalvıda: con 60 sacos asfaltos y 1 barril manzanas.";;Clara;;;vap.;1887_12_23;Calbarien;;
;;N/A:  | N/A:  | N/A: ;;;Cuevas;pat.;;;;;Cárdenas gol. Angélica, pat. Cuevas: con 2 serones taso, 1 caña fosforos y efectos.;;Angélica;;;gol.;1887_12_23;Cárdenas;;
;;N/A: ;;;Romero;pat.;;;;;Cárdenas gol. 1ª de Cárdenas, pat. Romero: con 70,000 locates.;;1ª;;;gol.;1887_12_23;Cárdenas;;
;;N/A:  | N/A: ;;;Herrera;pat.;;;;;De Cárdenas gol. Nueva Rosita, pat. Herrera: con 14 0 0 hstas 93 bulfas cobre viejo y efectos.;;Nueva Rosita;;;gol.;1887_12_24;Cárdenas;;
;;N/A: ;;;Ventura;pat.;;;;;—Sagya gol. Sofia, pat. Ventura: con 800 sacas carbón.;;Sofia;;;gol.;1887_12_24;;;
;;N/A:  | N/A:  | N/A: ;;;Rivas;pat.;;;;;De Mantua gol. Guaniguanico, pat. Rivas: con 6 tercios y 1 caja tabaco y efectos.;;Guaniguanico;;;gol.;1887_12_25;Mantua;;
Día :;;N/A:  | N/A:  | N/A: ;;;Bilbao;cap.;;;;;— Cabiríben vap. Adela, cap. Bilbao: con 296 tercios tabaco, 133 pipas aguardiente y efectos.;;Adela;;;vap.;1887_12_25;Cabiríben;;
;;N/A: ;;;Jaurírese;pat.;;;;;— Sierra Morena gol. Marina, pat. Jaurírese: con 500 sacos carbon.;;Marina;;;gol.;1887_12_25;;;
;;N/A:  | N/A: ;;;Gutérrez;pat.;;;;;— Teja gol. Vicente, pat. Gutérrez: con 610 carretas y 100 cartas portateles.;;Vicente;;;gol.;1887_12_25;Teja;;
;;N/A: ;;;Mir;pat.;;;;;— Granadillo gol. Ignacia Aleman, patron Mir: con 1,000 sacos carbon.;;Ignacia Aleman;;;gol.;1887_12_25;Granadillo;;
Día :;;N/A: ;;;Vera;pat.;;;;;— Yaguajav gol. Trafalgar, pat. Vera: con 14,651 piezas madera.;;Trafalgar;;;gol.;1887_12_25;Yaguajav;;
;;N/A:  | N/A:  | N/A: ;;;Bombi;cap.;;;;;De Caibarien vap. Alava, cap. Bombi: con 252 tercios tabaco en rama, 1 fardo ropa y efectos.;;Alava;;;vap.;1887_12_28;Caibarien;;
;;N/A:  | N/A:  | N/A: ;;;Mandígle;pat.;;;;;-Cárdenas gol. Victoria, pat. Mandígle: con 170 tercios tabaco en rama, 400 boceyes azúcar refino y efectos.;;Victoria;;;gol.;1887_12_28;Cárdenas;;
;;N/A:  | N/A: ;;;Zalvidea;;;;;;De Sagua vap. Clara, csp. Zalvidea: con 80 toros y efectos;csp.;Clara;;;vap.;1887_12_30;Sagua;;
;;N/A: ;;;Salvá;pat.;;;;;—Sagua gol. Ma. Teresa, pat. Salvá: con 1,000 sacos carbon.;;Ma. Teresa;;;gol.;1887_12_30;Sagua;;
