arrival_date;arrival_date_calc;cargo_list;master_name;master_role;publication_day;raw_text;ship_flag;ship_name;ship_type;source_file;travel_departure_port
Día 30:;;N/A:  | N/A: ;Patter;cap.;;Día 30: De Pauzacola, en 3 días, gol. amer. Boniform, capitán Patter, trip. 7, tons. 148: con carbón, á Lawton y Hnos.;amer.;Boniform;gol.;1889_01_01;Pauzacola
Día 9:;;N/A:  | N/A: ;Coombs;cap.;;Newton, cap. Coombs, trip. 7, tons. 366: con petróleo y maderas. & L. V. Placé. -Nueva-York, en 9 días, berg. amer. John R. Ber;amer.;John R. Ber;berg.;1889_01_01;Nueva-York
;;N/A: ;Squire;cap.;;gen, cap. Squire, trip. 8, tons. 615: con carbón, &;;;gen;1889_01_01;
Día 12:;;N/A: ;Whittemore;cap.;;-Boston. en 12 días, gol. smer. John Proctos, capitán Whittemore, trip. 9, tons. 474: con carbón,;smer.;John Proctos;gol.;1889_01_01;Boston
Día 31:;;N/A:  | N/A: ;Baker;cap.;;Día 31: De Nueva-Orleans y escalas, en 4 días, vap. americano Hutchinson, cap. Baker, trip. 84, toneladas;americano;Hutchinson;vap.;1889_01_01;Nueva-Orleans
Día 5:;;N/A: ;Hansen;cap.;;-Nueva-York, en 5 días, vap. amer. City of Atlanta, cap. Hansen, trip. 40, tons. 1,154: con carga general, á Hidalgo y Comp.;amer.;City of Atlanta;vap.;1889_01_01;Nueva York
Día 6:;;N/A:  | N/A:  | N/A:  | N/A: ;Dahl;cap.;;-Filadelfia, en 6 fas, vap. norg. Kong Alf, capitán Dahl, trip. 20. tons. 580: con carbón, & Bridat, Mont' Ros y Comp.;norg.;Kong Alf;vap.;1889_01_02;Filadelfia
Día 10:;;N/A: ;Dyer;cap.;;Norfolk, en 10 días. gol. amer. Grace Davis, capitán Dyer, trip. 8, tons. 873: con carbón, á L.;amer.;Grace Davis;gol.;1889_01_02;Norfolk
;;N/A: ;Mc Kay;cap.;;Olivette, cap. Mc Kay, trip. 49, tons. 1,104: con;;Olivette;;1889_01_03;
;;N/A: ;Arano;cap.;;Arecibo, cap. Arano, trip. 31. tons. 1,107: con;;;;1889_01_03;Arecibo
Día 3:;;N/A:  | N/A: ;Reynolds;cap.;;-Veracruz, en 3 días, vap. amer. City of Washington, cap. Reynolds, trip. 74, tons, 1,650: con;amer.;City of Washington;vap.;1889_01_03;Veracruz
Día 3:;;N/A: ;Sensine;cap.;;-Veracraz, en 3 días, vap. franc. Chateau Margaux, cap. Sensine, trip. 89, tons. 3.108: con carga general, á Bridat, Mont' Ros y Comp.;franc.;Chateau Margaux;vap.;1889_01_03;Veracraz
Día 25:;;;Garteiz;cap.;;Liverpool v Santander, en 25 días, vap. esp. Pedro, cap. Garteiz, trip. 31, tons. 675: con carga;esp.;Pedro;vap.;1889_01_03;Liverpool
;;N/A: ;Bennis;cap.;;cap. Bennis, trip. 60, tons. 1,667: con carga general, & Hidalgo y Comp.;;;;1889_01_04;
Día 2:;;;Baker;cap.;;Día 2: Para Nueva-Orleans y escalas, vap. amer. Hutchinson, cap. Baker.;amer.;Hutchinson;vap.;1889_01_04;Nueva-Orleans
Día 3:;;;Sensine;cap.;;Día 3: Para Santander y escalas, vap. franc. Chateau Margaux, cap. Sensine.;franc.;Chateau Margaux;vap.;1889_01_04;Santander
;;;Reynolds;cap.;;Veracruz y escalas, vap. am. City of Washington, cap. Reynolds.;am.;City of Washington;vap.;1889_01_04;Veracruz
;;;Hausen;cap.;;cap. Hausen, trip. 40, tons. 1,154: en lastre, á;;;;1889_01_05;
;;N/A:  | N/A: ;Davies;cap.;;cap. Davies, trip. 6, tons. 92: con madera, & M.;;;;1889_01_05;
;;;Me Kay;cap.;;Olivette, cap. Me Kay, trip. 49, tons. 1,104: con;;Olivette;;1889_01_06;
;;N/A: ;Simmons;cap.;;cap. Simmons, trip. 12, tons. 795: con carga general, á L. V. Placé;;;;1889_01_08;
;;N/A: ;Roig;cap.;;cap. Roig, trip, 13, tons. 443: con tassjo, á Gener;;;;1889_01_08;
Día 5:;;N/A: ;Mitchell;cap.;;-Panzacola, en 5 días, berg. amer. Mary E. Pennell, cap. Mitchell, trip. 7, tons. 289: con madera,;amer.;Mary E. Pennell;berg.;1889_01_08;Panzacola
;;N/A:  | N/A: ;Servan;cap.;;Washington, cap. Servan, trip. 151. tons. 1,932:;;;;1889_01_08;Washington
;;N/A: ;Stevens;cap.;;cap. Stevens, trip. 39, tons. 1,154: con carga geeneral, á Hidalgo y Comp.;;;;1889_01_08;
Día 5:;;N/A:  | N/A: ;Mountfort;cap.;;-Pascagoula en 5 dias berg. am. Fannie B. Tuckar, cap. Mountfort, trip. 8, tons. 885: con madera & Santa María.;am.;Fannie B. Tuckar;berg.;1889_01_08;Pascagoula
Día 18:;;;;cap.;;-Pascagoula en 18 dias gol. am. Eugenia, cap.;am.;Eugenia;gol.;1889_01_08;Pascagoula
Día 8:;;N/A: ;Charleson;cap.;;Día 8: De Parzacola, en 5 días, barg. amer. Henry B. Clesves, cap. Charleson, trip. 8, tons. 870: con madera, á Santa María.;amer.;Henry B. Clesves;barg.;1889_01_09;Parzacola
Día 5:;;N/A: ;Buckler;cap.;;-Jamaica y escalas, en 5 días, vap. ing. Dee, capitán Buckler, trip. 47, tons. 1,196: con carga general, á Francke, hijos y Comp.;ing.;Dee;vap.;1889_01_09;Jamaica
;;;Stevens;cap.;;Matanzas, vap. amer. Manhattan, cap. Stevens.;amer.;Manhattan;vap.;1889_01_09;Matanzas
;;;Bucker;cap.;;Veracruz, vap. ing Dee, cap. Bucker.;ing;Dee;vap.;1889_01_09;Veracruz
Día 9:;;N/A:  | N/A: ;Staples;cap.;;Día 9: De Nueva-Orleans y escalas, en 6 días. vap. americano Clinton, cap. Staples, trip. 32, tons. 717:;americano;Clinton;vap.;1889_01_10;Nueva-Orleans
Día 5:;;N/A: ;Carmona;cap.;;-Nueva-York, en 5 días, vap. esp. México, capitán Carmona, trip. 68. tons. 2,112: con carga general, & M. Calvo y Comp.;esp.;México;vap.;1889_01_10;Nueva-York
;;N/A: ;Mc Kay;cap.;;Olivette, cap. Mc Kay, trip. 49, tons. 1,104: con;;Olivette;;1889_01_10;
Día 10:;;N/A:  | N/A: ;Deaken;cap.;;Día 10: De Nueva-York, en 4 días, vap. amer. City of Alexandría, cap. Deaken, trip. 68, tons. 1,652: con;amer.;City of Alexandría;vap.;1889_01_11;Nueva-York
Día 4:;;N/A: ;Curtis;cap.;;-Veracruz y escalas, en 4 días, vap. amer. Saratoga, cap. Curtis, trip. 72, tons. 1,692: con carga;amer.;Saratoga;vap.;1889_01_11;Veracruz
Día 12:;;;Me Kay;cap.;;Día 12: De Tampa y Cayo-Hueso, en 13 días, vapor americano Olivette, cap. Me Kay, trip. 51, tons. 1,104:;americano;Olivette;vapor;1889_01_13;Tampa y Cayo-Hueso
Día 6:;;N/A: ;Stevens;cap.;;-Matanzas. en 6 horas, vap. amer. Manhattan, capitán Stevens, trip. 39. tons. 1,154: con carga de;amer.;Manhattan;vap.;1889_01_13;Matanzas
;;N/A:  | N/A: ;Bengoa;cap.;;ñol Saturnina, cap. Bengoa, trip. 38, tons. 1,785:;;Saturnina;;1889_01_13;
;;N/A: ;Cazgrove;cap.;;cap. Cazgrove, trip. 8, tons. 27: con maderas, á;;;;1889_01_15;
Día 16:;;N/A: ;Beny;cap.;;-Cors wailis, en 16 días, gol. ing. Frances Z, capitán Beny, trip. 7, tons. 146: con carga, á Lawion;ing.;Frances Z;gol.;1889_01_15;
;;N/A: ;Bonet;cap.;;cap. Bonet, trip. 39, tons. 1,772. con carga generai, á Deulofen, hjo y Comp.;;;;1889_01_15;
;;N/A: ;Hatch;cap.;;cap. Hatch rs, trip. 7, tons. 874: con carbón y;;;;1889_01_15;
Día 15:;;N/A:  | N/A:  | N/A: ;Mc Intosh;cap.;;Día 15: De Nueva-York, en 5 dias, vap. am. City of Columbia, cap. Mc Intosh, trip. 40, tons. 1,285: con;am.;City of Columbia;vap.;1889_01_16;Nueva-York
Día 5:;;;Baker;cap.;;-Nueva-Orleans y escalas, en 5 días, vap. americano Hutchinson, cap. Baker, trip. 84, toneladas;americano;Hutchinson;vap.;1889_01_16;Nueva Orleans
Día 16:;;N/A:  | N/A: ;Mc Kay;cap.;;Día 16: De Tampa y Cayo-Hueso, en 1 días, vapor americano Olivette, cap. Mc Kay, trip. 50, tons. 1,104:;americano;Olivette;vapor;1889_01_17;Tampa y Cayo-Hueso
Día 4:;;N/A: ;Rettig;cap.;;Veracruz y escalas, en 4 días, vap. amer. Niágara, cap. Rettig, trip. 55, tons. 1,667: con carga;amer.;Niágara;vap.;1889_01_17;Veracruz
;;N/A: ;Torres;cap.;;Teresa, cap. Torres, trip. 10, tons. 292: con tasajo,;;Teresa;;1889_01_17;
Día 17:;;N/A:  | N/A:  | N/A: ;Reynolds;cap.;;Día 17: De Nueva-York en 4 días, vap. amer. City of Washington, cap. Reynolds, trip. 58, tons. 1, 650: con;amer.;City of Washington;vap.;1889_01_18;Nueva-York
Día 18:;;N/A: ;James;cap.;;cap. James, trip. 8, tons. 412: con carbón, á Vionet y Comp. - -Baltimore, en 18 días, gol. amer. J. B. Atkinson,;amer.;J. B. Atkinson;gol.;1889_01_18;Baltimore
;;N/A: ;Donahoa;cap.;;cap. Donahoa, trip. 8, tons. 424: con carbón y;;;;1889_01_18;
;;N/A: ;;cap.;;cap. Servan, trip. 151. tons. 1,932: con carga general, á Bridat, Mont' Ros y Comp.;;Servan;;1889_01_18;
;;N/A:  | N/A: ;Aldamis;cap.;;yap esp. Alicis, cap. Aldamis, trip. 88, tons.;esp.;Alicis;;1889_01_19;
Día 19:;;N/A:  | N/A: ;Mo Kay;cap.;;Día 19: De Tampa y Cayo-Hueso, en 11 días, vapor americano Olivette, cap. Mo Kay, trip. 50, tons. 1,104:;americano;Olivette;vapor;1889_01_20;Tampa y Cayo-Hueso
Día 12:;;N/A:  | N/A: ;Mc Intosh;cap.;;-Cárdenas, en 12 horas, vap. amer. City of Columbia, cap. Mc Intosh, trip. 42, tor s. 1,285: con azácar de tránsito, & Hidalgo y Comp.;amer.;City of Columbia;vap.;1889_01_20;Cárdenas
Día 20:;;N/A:  | N/A:  | N/A: ;L6pez;cap.;;Día 20: De Montevideo, en 55 días, bca. esp. Eva, cap. L6pez, trip 10, tons. 223: con tasajo, & Gelata y Cp;esp.;Eva;bca.;1889_01_22;Montevideo
;;N/A:  | N/A: ;Ge ha;cap.;;cap. Ge ha, trip. 8, tons. 451: con carbón y boco;;;;1889_01_22;
Día 14:;;N/A: ;Petterson;cap.;;-Nueva-York, en 14 días, gol, amer. Clara E. Colcard, cap. Petterson, trip. 8, tons. 489: con earbón, á la Compañía de Gas Española-Americans.;amer.;Clara E. Colcard;gol;1889_01_22;Nueva-York
Día 20:;;;Mo;cap.;;-Cornwallis, en 20 días. gol. ing. Germ. cap. Mo;ing.;Germ.;gol.;1889_01_22;Cornwallis
Día 32:;;N/A:  | N/A: ;Staples;cap.;;Día 32: De Nueva-Orleans y escalas, en 5 días, vap. americano Clinton, cap. Staples, trip. 37, tons. 717:;americano;Clinton;vap.;1889_01_23;Nueva-Orleans
Día 5:;;N/A: ;Hausen;cap.;;-Nueva-York, en 5 días, vap. amer. City of Atlanta, cap. Hausen, trip. 50, tons. 1,154: con carga general, á Hidalgo y Comp.;amer.;City of Atlanta;vap.;1889_01_23;Nueva York
;;;García;cap.;;esp. Vizcaya, cap. García, trip. 91, tons. 2,458:;esp.;Vizcaya;;1889_01_23;
;;N/A: ;Thompson;cap.;;cap. Thompson, trip. 8, tons. 631: con carbón, á;;;;1889_01_23;
Día 28:;;N/A:  | N/A: ;Mo Kay;cap.;;Día 28: De Tampa y Cayo-Hueso, en 13 días, vapor americano Olivette, cap. Mo Kay, trip. 48, tons. 1,104:;americano;Olivette;vapor;1889_01_24;Tampa y Cayo-Hueso
Día 14:;;N/A: ;Smith;cap.;;-Filadelfia, en 14 días, gol mer. Charles E. Morrison, cap. Smith, trip. 8, tons. 525: con carbón,;;Charles E. Morrison;gol.;1889_01_24;Filadelfia
Día 26:;;N/A: ;Glass;cap.;;-Calais-Main, en 26 días, gol. smer. Hattie Tarner, cap. Glass, trip 7, tons. 232: con madera, á;smer.;Hattie Tarner;gol.;1889_01_24;Calais
;;;Deaken;cap.;;Alexandría, cap. Deaken, trip. 73, tons. 1,652:;;;;1889_01_25;Alexandría
Día 6:;;N/A: ;Petcher;cap.;;-Mobila, en 6 días, gol. amer. Thomas R. Pillsburg, cap Petcher, trip. 8, tons. 501: con madera. a la orden.;amer.;Thomas R. Pillsburg;gol.;1889_01_25;Mobila
Día 21:;;N/A:  | N/A: ;Halmilton;cap.;;-Williams, en 21 días, gol. ing. Lilliam, cap. Halmilton, trip 6, tons. 134: con papas y madera, á;ing.;Lilliam;gol.;1889_01_25;Williams
;;N/A: ;Hausen;cap.;;cap. Hausen, trip. 48, tons. 1,154: en lastre, &;;;;1889_01_26;
Día 26:;;;Me Kay;cap.;;Día 26: De Tampa y Cayo-Hueso, en 1 días, vapor americano Olivette, cap. Me Kay, trip. 46, tons. 1,104:;americano;Olivette;vapor;1889_01_27;Tampa y Cayo-Hueso
;;N/A:  | N/A: ;Gorordo;cap.;;de Lazón, cap. Gorordo, trip. 115, tons. 2,560:;;;;1889_01_29;Lazón
Día 24:;;;Maestre;cap.;;-Barcelona y escalas, en 24 días, vap. esp. Cristóbal Colón, cap. Maestre, trip 57, tons. 1,741: con;esp.;Cristóbal Colón;vap.;1889_01_29;Barcelona
Día 15:;;N/A: ;A. Holt;cap.;;-Filadelfia, en 15 días, gol. amer. Helen G Maceley, cap. A. Holt, trip 9, tone. 588: con carbón;amer.;Helen G Maceley;gol.;1889_01_29;Filadelfia
;;N/A: ;Stevens;cap.;;cap. Stevens, trip. 50, tons. 1,154: con carga goneral, á Hidalgo y Comp.;;;;1889_01_29;
Día 29:;;N/A: ;Resalt;cap.;;Día 29: De Nueva York, en 4 días, vap. esp. Panamá, capitán Resalt, trip. 69, tons. 2,085: con carga general, & M. Calvo y Comp.;esp.;Panamá;vap.;1889_01_30;Nueva York
Día 6:;;N/A: ;Nelson;cap.;;-Penzacola, en 6 días, gol. amer. Lewis Cottingham, cap. Nelson, trip. 7, tons. 497: con madera,;amer.;Lewis Cottingham;gol.;1889_01_30;Penzacola
Día 1:;null;N/A:  | N/A: ;Mc Kay;cap.;30-10-2023;Dis 30: De Tampa y Cayo-Hueso, en 1 días, vapor americano Olivette, cap. Mc Kay, trip. 49, tons. 1,104:;americano;Olivette;vapor;1889_01_31;Tampa y Cayo-Hueso
;;N/A: ;Clifford;cap.;;cap. Clifford, trip. 10, tons. 532: con carbón á;;;;1889_01_31;
Día 31:;;N/A: ;Stevens;cap.;;Día 31: De Matanzas, en 6 horas. vap. amar. Manhattan, capitán Stevens, trip. 40, tons. 1,155: con azúcar de;amar.;Manhattan;vap.;1889_02_01;Matanzas
Día 8:;;N/A:  | N/A:  | N/A:  | N/A: ;Hoel;cap.;;-Santa Lucía, en 8 días, vap. ing. Jermond. capitán Hoel, trip. 28, tons. 973: en lastre, á Luis V.;ing.;Jermond;vap.;1889_02_01;Santa Lucía
Día 19:;19-02-YYYY;;Aberasture;cap.;;Día 19 de febrero: De Liverpool y Santander, en 27 días, vap. esp. Enrique, cap. Aberasture, trip. 40, tons. 2,064:  con;esp.;Enrique;vap.;1889_02_02;Liverpool y Santander
;;N/A: ;Bennis;cap.;;cap. Bennis, trip. 86, tons. 1,667: con carga general, á Hidalgo y Comp.;;;;1889_02_02;
;;;Reynolds;cap.;;hington, cap. Reynolds. trip. 0, tons. 1,650. con;;;;1889_02_03;
Día 2:;;N/A:  | N/A: ;Henderson;cap.;;Día 2: De Portland, en 21 días, gol. amer. Annie L Henderson, cap. Henderson, trip. 8, tons. 406: con;amer.;Annie L Henderson;gol.;1889_02_05;Portland
Día 15:;;N/A: ;Penzol;cap.;;-Santander y escalas en 15 días vaper-correo español Ciudad de Santander, cap. Penzol, trip. 125, tons. 2,298, con carga general, á M. Calvo y Comp. -Saint Nazsire y escalas, en 16 días vapor francés Saint Germain, capitán Goffroy, trip. 150, toneladas 2 293, con carga general, á Bridat, Mont'Ros y Comp.;español;Ciudad de Santander;vapor-correo;1889_02_05;Santander
;;N/A: ;Carballo;cap.;;cap. Carballo, trip 10, tons. 39: con pescado,;;;;1889_02_05;
;;N/A:  | N/A: ;Megel;cap.;;cap. Megel, trip. 8, tons. 448: con carbón y bocoyes vacíos, á G. Sastro.;;;;1889_02_05;
Día 4:;;N/A: ;Little;eap.;;Día 4: De Baltimore, en 20 días, gol. amer. Furman L. Mulford, eap. Little, trip. 8, tons. 559: con carbón, &;amer.;Furman L. Mulford;gol.;1889_02_05;Baltimore
Día 43:;;N/A: ;Pierce;cap.;;Nueva-York, en 43 dias, vap. am. City of Columbia, cap. Pierce, trip. 40, tons. 1,285: con carga;am.;City of Columbia;vap.;1889_02_05;Nueva-York
Día 16:;;N/A: ;Matheus;cap.;;Nueva York en 16 días gol. Amer. Jhos N. Stowe, cap. Matheus, trip. 7, tons. 374, con carbón,;Amer.;Jhos N. Stowe;gol.;1889_02_05;Nueva York
Día 6:;;;Mc Kay;cap.;;Día 6: De Tampa y Cayo-Hueso, en 3 días, vapor americano Olivette, cap. Mc Kay, trip. 46, tons. 1,104:;americano;Olivette;vapor;1889_02_07;Tampa y Cayo-Hueso
Día 5:;;N/A: ;Weastherford;cap.;;-Nueva-Orleans y escalas, en 5 días, vap. americano Clinton, cap. Weastherford, trip. 38, tonelsdas 717: con carga general, á Lawton y Hnos.;americano;Clinton;vap.;1889_02_07;Nueva Orleans
Día 4:;;N/A:  | N/A: ;Mo Intosh;cap.;;-Nueva-York, en 4 días, vap. amer. City of Alexandría, cap. Mo Intosh, trip. 86, tons. 1,652: con;amer.;City of Alexandría;vap.;1889_02_07;Nueva York
;;;Lachiondo;cap.;;cap. Lachiondo, trip. 39, tons. 2064, con carga;;;;1889_02_08;
Día 28:;;N/A:  | N/A:  | N/A: ;Pearson;cap.;;-Glasgow, en 28 días, vap. ing. Fort William, capitán Pearson, trip. 24, tons. 1,178: con carga ge;ing.;Fort William;vap.;1889_02_09;Glasgow
Día 9:;;N/A:  | N/A: ;Me Kay;cap.;;Día 9: De Tampa y Cayo-Hueso, en 13 días, vapor americano Olivette, cap. Me Kay, trip. 50, tons. 1,104:;americano;Olivette;vapor;1889_02_10;Tampa y Cayo-Hueso
Día 9:;;N/A: ;Pierce;cap.;;-Cárdenas, en 9 horas, vap. amer. City of Columbla, cap. Pierce, trip. 42, tons. 1,285: con azúcar;amer.;City of Columbla;vap.;1889_02_10;Cárdenas
;;N/A: ;Larrinaga;cap.;;cap. Larrinaga, trip. 89, tons. 1,822: con carga;;;;1889_02_10;
Día 6:;;N/A: ;Trench;cap.;;-Mobila, en 6 días, gol. amer. Sarah D. J. RawBon, cap. Trench, trip. 8, tons. 867: con madera,;amer.;Sarah D. J. RawBon;gol.;1889_02_10;Mobila
;;N/A:  | N/A: ;Ugalde;cap.;;esp. Carolina, cap. Ugalde, trio 39 tons. 1,350:;esp.;Carolina;;1889_02_12;
Día 17:;;N/A:  | N/A: ;C. M. Gillmor;csp;;-Baltimore, en 17 días, gol. amer. William J. Lermond, csp C. M. Gillmor, trip. 10. tons. 843: con;amer.;William J. Lermond;gol.;1889_02_12;Baltimore
;;N/A: ;Smith;cap.;;cap. Smith, trip. 8, tons. 407: con carga, á L. V.;;;;1889_02_12;
Día 4:;;N/A: ;Hausen;cap.;;-Nueva-York, en 4 días, vap. amer. City of Atlanta, cap. Hausen, trip. 40, tons. 1,154: con carga general, á Hidalgo y Comp.;amer.;City of Atlanta;vap.;1889_02_12;Nueva-York
Día 9:;;N/A: ;Roso;cap.;;Burnham, cap. Roso, trip. 9, tons. 472: con carbón, á la Compañía de Gas.;;Burnham;;1889_02_13;
Día 13:;;N/A:  | N/A: ;Mo Kay;cap.;;Día 13: De Tampa y Cayo-Hueso, en 1 días, vapor americano Olivette, cap. Mo Kay, trip. 40, tons.  1,104:;americano;Olivette;vapor;1889_02_14;Tampa y Cayo-Hueso
;;N/A: ;Lechapelain;cap.;;cap. Lechapelain, trip. 83, tons. 3,108: con carga,;;;;1889_02_14;
Día 4:;;N/A:  | N/A: ;Reynolds;cap.;;-Nueva-York en 4 días, vap. amer. City of Washington, cap. Reynolds, trip. 58, tons. 1,650: con;amer.;City of Washington;vap.;1889_02_14;Nueva York
Día 5:;;N/A: ;Rettig;cap.;;Veracruz y escalas, en 5 días, vap. amer. Niágara, cap. Rettig, trip. 55, tons. 1,667: con carga;amer.;Niágara;vap.;1889_02_15;Veracruz
;;N/A: ;Goffroy;cap.;;cap. Goffroy, trip. 150, tons. 2,293: con carga general, á Bridat, Mont' Ros y Comp.;;;;1889_02_16;
Día 16:;;N/A:  | N/A: ;Mo Kay;cap.;;Día 16: De Tampa y Cayo-Hueso, en 13 días, vapor ameriesno Olivette, cap. Mo Kay, trip. 51, tons. 1,104:;;Olivette;vapor;1889_02_17;Tampa y Cayo-Hueso
;;N/A: ;Laughlin;cap.;;Truc, cap. Laughlin, trip. 10, tons. 783: con carhón, á la Compañía de Gas.;;Truc;;1889_02_17;
Día 21:;;N/A: ;Godfrey;cap.;;-Baltimore, en 21 días, gol. amer. Jacob M. Haskell, cap. Godfrey, trip 8, tons 461: con carbón,;amer.;Jacob M. Haskell;gol.;1889_02_17;Baltimore
;;N/A:  | N/A: ;Carmona;cap.;;México, cap. Carmona, trip. 75, tons. 2,112: con;;;;1889_02_17;México
;;;Tellería;cap.;;esp. Eúskaro, cap. Tellería, trip. 32, tons. 1,390:;esp.;Eúskaro;;1889_02_19;
Día 5:;;N/A:  | N/A: ;Woods;cap.;;-Penzacola, en 5 días, gol. am. Elisha Gibbs, capitán Woods, trip. 9 tons. 465: con madera, á Hamel y Comp.;am.;Elisha Gibbs;gol.;1889_02_19;Penzacola
Día 11:;;N/A: ;Yannell;csp.;;-Baltimore, en 11 días, gol. amer. Blanche Hopkins, csp. Yannell, trip. 8, tons. 602: con carbón,;amer.;Blanche Hopkins;gol.;1889_02_19;Baltimore
Día 9:;;N/A: ;Burton;cap.;;-Mobila, en 9 días, gol. amer. City of Philadelphia, cap. Burton, trip. 9, tons. 867: con madera,;amer.;City of Philadelphia;gol.;1889_02_19;Mobila
;;;Moreno;cap.;;Agustín, cap. Moreno, trip. 87, tons. 1,553: con;;Agustín;;1889_02_19;
;;N/A: ;Cirarda;cap.;;vap. esp. Gracia, cap. Cirarda, trip. 40, toneladas 3,196: con carga general, á Deulofeu, hijo y;esp.;Gracia;vap.;1889_02_19;
;;N/A: ;Stevens;cap.;;cap. Stevens, trip. 40, tons. 1,154: con carga general, & Hidalgo y Comp.;;;;1889_02_19;
Día 19:;;N/A: ;Weastherford;cap.;;Día 19: De Nueva-Orleans y escalas, en 5 días, vap. americano Clinton, cap. Weastherford, trip. 34. toneladas 717: con carga general, á Lawton y Hnos.;americano;Clinton;vap.;1889_02_20;Nueva-Orleans
Día 4:;;N/A: ;Resalt;cap.;;-Nueva-York, en 4 días, vap. esp. Panamá, capitán Resalt, trip. 66, tons. 2,085: con carga general, á M. Calvo y Comp.;esp.;Panamá;vap.;1889_02_20;Nueva York
Día 20:;;N/A:  | N/A: ;Mc Kay;cap.;;Dia 20: De Tampa y Cayo-Hueso, en 13 días, vapor americano Olivatta, cap. Mc Kay, trip. 50, tons. 1,104:;americano;Olivatta;vapor;1889_02_21;Tampa y Cayo-Hueso
;;;Abrisqueta;cap.;;M. Piuillos, cap. Abrisqueta, trip. 48, tons. 2,998:;;M. Piuillos;;1889_02_22;
Día 3:;;N/A: ;Hart;cap.;;-Penzacola, en 3 días, gol. amer. Levi Hart, capitán Hart, trip. 8, tons. 385: con madera, á G6mez y Comp;amer.;Levi Hart;gol.;1889_02_22;Penzacola
Día 4:;;N/A: ;Curtis;cap.;;-Nueva-York en 4 días, vap. amer. Saratoga, capitán Curtis, trip. 92, tons. 1,692: con carga general, á Hidalgo y Comp.;amer.;Saratoga;vap.;1889_02_22;Nueva-York
;;N/A:  | N/A: ;Me Intosh;cap.;;Alexandría, cap. Me Intosh, trip. 86, tons. 2,488:;;;;1889_02_22;Alexandría
Día 21:;;N/A: ;Dodge;cap.;;Día 21: De Panzacola, en 11 días, gol. amer. Nellie I. Dinsmore, cap. Dodge, trip. 8, tons. 363: con madera,;amer.;Nellie I.;gol.;1889_02_23;Panzacola
Dia 28:;;N/A: ;Alegría;cap.;;Dia 28: De Liverpool y Santander, en 17 días, vap eap. Leonora, cap. Alegría, trip 29, tons. 1,808: con carga general, A Deulofeu, hito y Comp.;;Leonora;vap;1889_02_24;Liverpool y Santander
;;N/A:  | N/A: ;Mo Kay;cap.;;no Olivette, cap. Mo Kay, trip. 50, tons. 1,104:;;Olivette;;1889_02_24;
Día 21:;;N/A:  | N/A: ;Sensine;cap.;;Burdeos y escalas, en 21 días, vapor franc. Chateau Margaux, cap. Sensine, trip 90, tons. 3,108:;franc.;Chateau Margaux;vapor;1889_02_24;Burdeos
;;N/A: ;Strong;cap.;;cap. Strong t-tp. 8. tons. 450: con bocoуea vaefos, á R. Treffia y Comp.;;;t-tp.;1889_02_24;
Dia 25:;;;Pierce;cap.;;Dia 25: De Nueva-York, en 4 dias, vap. am. City of Columbia, cap. Pierce, trip. 40, tons. 1,285: con carga;am.;City of Columbia;vap.;1889_02_26;Nueva-York
Día 27:;;N/A: ;Sawyer;cap.;;-Boston, en 27 días, gol. amer. South Shore, capitán Sawyer, trip. 7, tons. 344: con madera, á;amer.;South Shore;gol.;1889_02_26;Boston
Día 15:;;;;cap.;;Nueva York en 15 dias berg. am. Sweeney, cap.;am.;Sweeney;berg.;1889_02_26;Nueva York
Día 15:;;N/A: ;Webber;cap.;;-Panzacola y Cayo-Enero, en 15 días, gol. americana Cumberland, cap. Webber, trio. 8, toneladas 393: con madera, á R. P. Santa María.;americana;Cumberland;gol.;1889_02_27;Panzacola y Cayo-Enero
Día 1:;;;Mc Kay;cap.;;-Tampa y Cayo-Huеso. en 1 días, vapor americano Olivette, cap. Mc Kay, trip. 48, tons. 1,104:;americano;Olivette;vapor;1889_02_28;Tampa y Cayo-Huеso
;;N/A: ;T. Eveckson;cap.;;cap. T. Eveckson, trip. 12, tons. 795: con carga;;;;1889_02_28;
Día 16:;;N/A: ;Rettig;cap.;;cap. Rettig, trip. 86, tons. 1,668: con carga general, & Hidalgo y Comp. -Filadelfia, en 16 días, herg amer. Eva Lynch,;amer.;Eva Lynch;herg;1889_03_01;Filadelfia
;;N/A: ;Llorca;cap.;;de León, cap. Llorca, trin. 50, tons. 2,085: con;;;trin.;1889_03_03;León
Día 13:;;N/A:  | N/A: ;Me Kay;cap.;;-Tampa y Cayo-Hueso, en 13 días, vapor americano Olivette, cap. Me Kay, trip. 49, tons. 1,104:;americano;Olivette;vapor;1889_03_03;Tampa y Cayo-Hueso
Día 6:;;N/A:  | N/A: ;Reynolds;cap.;;-Veracruz, en 6 días, vap. amer. City of Washington, cap. Reynolds, trip. 80, tons, 1,650: con;amer.;City of Washington;vap.;1889_03_03;Veracruz
Día 1:;;N/A: ;Tellerís;cap.;;-Sagua, en 1 día, vap. esp. Kúskaro, cap. Tellerís, trip. 32, tons. 1,396: con carga general, á C.;esp.;Kúskaro;vap.;1889_03_03;Sagua
;;N/A:  | N/A: ;Carballo;cap.;;cap. Carballo, trip. 7, tons. 48: con pescado, & L.;;;;1889_03_05;
;;N/A:  | N/A: ;;cap.;;cap. San Juan, trip. 9, tons. 219: csn tasajo, & J.;;San Juan;;1889_03_05;
Día 5:;;N/A: ;Staples;cap.;;Día 5: De Nueva-Orleans y escalas, en 5 días, vap. americano Clinton, cap. Staples, trip. 32, tons. 717: alcon con  carga general, á Lawton y Hnos.;americano;Clinton;vap.;1889_03_06;Nueva-Orleans
Día 6:;;N/A:  | N/A: ;Me Kay;cap.;;Día 6: De Tampa y Cayo-Hueso, en 14 días, vapor americano Olivette, cap. Me Kay, trip. 50, tons. 1,104:;americano;Olivette;vapor;1889_03_07;Tampa y Cayo-Hueso
Día 5:;;N/A: ;Curtis;cap.;;-Veracruz y escalas, en 5 días, vap amer. Saratoga, cap. Curtis, trip. 78, tons. 1,692: con carga;;Saratoga;vap.;1889_03_07;Veracruz
Día 6:;;;Me Intosh;cap.;;Día 6: Da Nueva-York, en 4 días, vap. amer. City of Alexandría, cap. Me Intosh, trip. 58, tons. 1,650: con;amer.;City of Alexandría;vap.;1889_03_08;Nueva-York
;;N/A:  | N/A: ;Nouvellon;cap.;;Lafayette, cap. Nouvellon, trip. 145. tons. 2,150:;;Lafayette;;1889_03_09;
;;;Hausen;cap.;;cap. Hausen, trip. 40, tons. 1,154: con carga de;;;;1889_03_09;
;;N/A: ;Sarrahu;cap.;;mian, cap. Sarrahu, trip. 8, tons. 418, oon madera, & R. Pérez Santa María.;;;mian;1889_03_09;
;;N/A:  | N/A: ;Cardona;cap.;;Iglesias, cap. Cardona, trip. 62, tons. 1,822: con;;Iglesias;;1889_03_10;
Día 1:;;N/A: ;Me Kay;cap.;;carga general, & M. Calvo y Comp. - -Tampa y Cayo-Husso, en 1 días, vapor americano Olivette, cap. Me Kay, trip. 51, tons. 1,104:;americano;Olivette;vapor;1889_03_10;Tampa
Día 4:;;N/A: ;Crosgrove;cap.;;-Panzacola, en 4 días, berg. amer. Shannon, capitán Crosgrove, trip. 8, tons. 393: con madera,;amer.;Shannon;berg.;1889_03_10;Panzacola
;;N/A:  | N/A: ;Stevens;cap.;;cap. Stevens, trip. 40, tons. 1,154: con carga general, & Hidalgo y Comp.;;;;1889_03_12;
Día 27:;;;Arribi;cap.;;-Liverpool y escalas, en 27 días, vap. eap. Frauclacs, cap. Arribi. trip 39, tona 2,037: con carga;;Frauclacs;vap.;1889_03_12;Liverpool
;;N/A:  | N/A: ;Resalt;cap.;;Panamá, cap. Resalt, trip. 64, tons. 2,085: con;;;;1889_03_13;Panamá
Día 6:;;;Rogers;cap.;;-Filadelfla en 6 dias vap. ing Wylo, cap. Rogers,;ing;Wylo;vap.;1889_03_13;Filadelfla
;;N/A:  | N/A: ;Larrauri;cap.;;Eduardo, cap. Larrauri, trip. 40, tons. 1,246, con;;Eduardo;;1889_03_14;
Día 1:;;N/A:  | N/A: ;Mo Kay;cap.;;-Tampa y Cayo-Hueso, en 1 días, vapor americano Olivette, cap. Mo Kay, trip. 51, tons. 1,104:;americano;Olivette;vapor;1889_03_14;Tampa y Cayo-Hueso
;;N/A:  | N/A: ;Domínguez;cap.;;López, cap. Domínguez, trip. 119, tons. 3,769,;;;;1889_03_14;
Día 14:;;;Rarnolds;cap.;;Día 14: De Nueva-York, en 4 días, vap. amer. City of Washington, cap. Rarnolds, trip. 88, tons. 1,650: con;amer.;City of Washington;vap.;1889_03_15;Nueva-York
Día 13:;;N/A:  | N/A: ;Mattson;cap.;;Día 13: De Boston. en 17 días. berg. ing. Anglo. cap. Mattson, trip. 8, tons, 298: con carbón, á Barrios,;ing.;Anglo;berg.;1889_03_15;Boston
Día 4:;;N/A: ;Retig;cap.;;-Veracruz y escalas, en 4 días, vap. amer. Niágara, cap. Retig, trip. 71, tons. 1,667: con carga;amer.;Niágara;vap.;1889_03_15;Veracruz
Día 23:;;N/A: ;Sanderson;copltán;;-Cardiff, en 23 días, vap. ing Roehamptan, copltán Sanderson, trip. 26, tons. 2,896: con carbón,;ing;Roehamptan;vap.;1889_03_15;Cardiff
;;;;cap.;;-Matsnzas eu 6 horas, vap. amer. Manhattan, cap.;amer.;Manhattan;vap.;1889_03_15;
Día 1:;;N/A:  | N/A: ;Mc Kay;cap.;;-Tampa y Cayo-Huero, en 1 días, vapor americano Ulivette, cap. Mc Kay, trip. 51, tons. 1,004:;americano;Ulivette;vapor;1889_03_17;Tampa y Cayo-Huero
;;;Staples;cap.;;cano Clinton, cap. Staples, trip. 82, tons. 71;;Clinton;cano;1889_03_20;
;;N/A: ;Perce;cap.;;bia, cap. Perce, trip. 40, tons. 1,285: con carg;;;bia;1889_03_20;
Dia 21:;;N/A: ;Curtis;cap.;;Dia 21: De Nueva-York en 4 días, vap. amer. Saratoga, capitán Curtis, trip. 62, tons. 1,692: con carga general, á Hidalgo y Comp.;amer.;Saratoga;vap.;1889_03_22;Nueva-York
;;N/A: ;Mc Into h;cap.;;Alexandría, cap. Mc Into h, trip. 77, tons. 1,652:;;;trip.;1889_03_22;Alexandría
Día 4:;;N/A: ;Cardona;cap.;;-Veracruz y Progreso, en 4 dias vap. esp. Baldomero Iglesia, cap Cardona, trip 80, tons. 1 526;esp.;Baldomero Iglesia;vap.;1889_03_23;Veracruz
;;N/A: ;Calzadu;cap.;;cap. Calzadu, trip. 18, tons. 575, con tasajo, á L.;;;;1889_03_23;
;;;Abrisquets;cap.;;vap. esp. M. M. Pinillos, cap. Abrisquets, trip.;esp.;M. M. Pinillos;vap.;1889_03_24;
Día 33:;;N/A:  | N/A: ;Me Kay;cap.;;Dia 33: De Tampa y Cayo-Hueso, en 7 horas, vapor moricano Olivette, cap. Me Kay, trip. 51, tons. 1,004:;;Olivette;vapor;1889_03_24;Tampa y Cayo-Hueso
;;N/A:  | N/A: ;Ozatu'z;cap.;;Castellano, cap. Ozatu'z, trip. R1, tons. 1,381,;;;;1889_03_24;
Día 21:;;N/A:  | N/A: ;Bengoecher;cap.;;Dis 21: De Liverpool y escelas, en 22 dias vap. esp. Emiliano, cap. Bengoecher, trip 40, tons. 1,489, con;esp.;Emiliano;vap.;1889_03_26;Liverpool
Día 22:;;N/A: ;Lentiguez;cap.;;-Liverpool, en 22 dias vapor esp. Pedro, cap. Lentiguez, trip. 38, tons. 165, con carga general, á;esp.;Pedro;vapor;1889_03_26;Liverpool
Día 5:;;N/A:  | N/A: ;Hansen;cap.;;-Nueva-York, en 5 días, vap amer. City of AtAtlanta, cap. Hansen, trip. 40, tons. 1,154: con;amer.;City of AtAtlanta;vap;1889_03_26;Nueva-York
;;N/A: ;Tohnstone;cap.;;cap. Tohnstone, trip. 9, tons. 619, con carbón de;;;;1889_03_26;
;;N/A: ;Mashall;cap.;;Ames, cap. Mashall, trip 8, tons. 421, con madera, al capitán.;;Ames;;1889_03_26;
Día 7:;;;Mo Kay;cap.;;-Tampa y Cayo-Hueso, en 7 horas, vapor americano Olivette, cap. Mo Kay, trip. 52, tons. 1,004:;americano;Olivette;vapor;1889_03_28;Tampa y Cayo-Hueso
Día 7:;;N/A: ;Borcos;cap.;;-Filadelfia, en 7 dias vap. inglés West Cumberland. cap. Borcos, trip. 19, tons. 898, con carbón,;inglés;West Cumberland;vap.;1889_03_28;Filadelfia
;;N/A: ;Rettig;cap.;;cap. Rettig, trip. 60, tons. 1,667: con carga general, & Hidalgo y Comp.;;;;1889_03_29;
Día :;;;Ponce de;cap.;;Nueva-Orleans, en dfas, vap. cap. Ponce de;;;vap.;1889_03_30;Nueva-Orleans
;;;Carballo;cap.;;cap. Carballo, trip., tons. 48, en lastre , á L.;;;;1889_03_30;
;;;Mc Kay;cap.;;cano Olivette, cap. Mc Kay, trip. 52, tons. 1,104:;;Olivette;cano;1889_03_31;
Día 16:;;N/A:  | N/A: ;O'Neill;cap.;;-Wilmington, en 16 días, berg. ing. Trygre, capitán O'Neill, trip. 7, tons. 220 : con maderas y otros;ing.;Trygre;berg.;1889_04_02;Wilmington
Día 19:;19-04-YYYY;N/A:  | N/A: ;Lelanchon;cap.;;Día 19 de abril: De la Coruña y escalas, en 24 días, vap. francés Alexandre Bixio, cap. Lelanchon,  trip. 54. ton. 1,473:;francés;Alexandre Bixio;vap.;1889_04_02;La Coruña
;;N/A: ;Stevens;cap.;;cap. Stevens, trip. 69, tons. 1,154: con  carga general, á Hidalgo y Comp.;;;;1889_04_02;
Día 20:;;N/A:  | N/A:  | N/A: ;Venero;cap.;;-Veracruz y Progreso, en 4 días, vapor-correo esу pañol Alfonso XIII, cap. Venero,  trip. 143, tonea ladas 3,585: con carga de tránsito,  á M. Calvo y l Comp. a -Filadelfia, en 20 días, gol. amer. S. Sabago, capitán Lecke, trip. 7, tons. 291:  con carbón y boco2 yes, á G. Sastre.;español;Alfonso XIII;vapor-correo;1889_04_02;Veracruz
Día 19:;19-04-YYYY;;G.;cap.;;Dia 19 de abril: De Filadelfia, en 20 días, gol. amer. Selago, cap. G.;amer.;Selago;gol.;1889_04_03;Filadelfia
;;N/A:  | N/A: ;Staples;cap.;;amer. Aransas, cap. Staples, trip. 33, tons. 678:;amer.;;;1889_04_03;Aransas
Día 21:;;N/A: ;Arana;cap.;;-Liverpool y Santander, en 21 días, vap. esp. Arecibo, cap. Arana, trip..., tons. 1,100: con carga;esp.;Arecibo;vap.;1889_04_03;Liverpool y Santander
Día 3:;;N/A:  | N/A: ;Me Kay;cap.;;Día 3: De Tampa y Cayo-Hueso, en 7 horas, vapor americano Olivette, cap. Me Kay, trip. 51, tons. 1,104:;americano;Olivette;vapor;1889_04_04;Tampa y Cayo-Hueso
;;;Reinold;cap.;;of Washington, cap. Reinold, trip. 54, tons. 1,650:;;;;1889_04_04;Washington
Día 4:;;;Mc Intosh;cap.;;Día 4: De Nueva York, en 4 días, vap. amer. City of Alexandría, cap. Mc Intosh, trip. 66, tons. 1,652: con;amer.;City of Alexandría;vap.;1889_04_05;Nueva York
;;;Marshall;cap.;;Pickering, cap. Marshall, trip. 8, tons. 264, con;;Pickering;;1889_04_06;
Día 6:;;N/A:  | N/A: ;Me Kay;cap.;;Día 6: De Tampa y Cayo-Hueso, en 7 horas, vapor americano Olivette, cap. Me Kay, trip. 48, tons. 1,104:;americano;Olivette;vapor;1889_04_07;Tampa y Cayo-Hueso
Día 8:;;N/A: ;Hamilton;cap.;;-Panzacola en 8 dias gol. ing. Lilliam, cap, Hamilton, trip. 16, tons. 134, con carbón á L, V.;ing.;Lilliam;gol.;1889_04_07;Panzacola
Día 14:;;N/A: ;R. W. Bennett;cap.;;-Filadelfia en 14 dias gol. am. Blanch H. King, capitán R. W. Bennett, trtp, 10, tons. 698, con carbón á L V. Placé.;am.;Blanch H. King;gol.;1889_04_07;Filadelfia
Día 7:;;N/A: ;Curtis;cap.;;Día 7: De Veracruz y escalas, en 3 días, vap. amer. Saratoga, cap. Curtis, trip. 66, tons. 1,692: con efectos,;amer.;Saratoga;vap.;1889_04_09;Veracruz
Día 8:;;N/A: ;Baker;cap.;;Día 8: De Nueva-Orleans y escalas, en 5 días. vap. am. Hutchinson, cap. Baker, tou. 1,492, con carga general,;am.;Hutchinson;vap.;1889_04_09;Nueva-Orleans
Día 15:;;N/A: ;Hart;cap.;;-Nueva-York, en 15 días got. amer. Sara A. Filler, cap. Hart, trip. 8, tons. 461, con madera, á;amer.;Sara A. Filler;got.;1889_04_09;Nueva York
;;N/A: ;Nowell;cap.;;cap. Nowell, trip. 9, tons. 497, con carbón, á la;;;trip.;1889_04_09;
Día 5:;;N/A: ;Pierce;cap.;;orden. -Nueva-York, en 5 días, vap. amr. City of Columbia, cap. Pierce, trip. 40, tons. 1,285: con carga;amr.;City of Columbia;vap.;1889_04_09;Nueva-York
;;N/A: ;Aldamis;cap.;;cap. Aldamis, trip. 37, tons. 1,837, con carga, general, á Deulofen, hijo y Cp.;;;;1889_04_09;
Día 22:;;N/A: ;Gornsivorthy;cap.;;cap. Gornsivorthy, trip. 22, tons. 807: con carga;;;trip.;1889_04_10;
;;;Cardona;cap.;;Iglesias, cap. Cardona, trip. 64, tons. 1,822: con;;Iglesias;;1889_04_10;
;;N/A: ;Arteiza;cap.;;-Liverpool y escalas, vap. esp. Buenaventura, capitán Arteiza, trip. 36, tons. 1,331: con carga general, á Codes, Loychate y Comp.;esp.;Buenaventura;vap.;1889_04_10;Liverpool
Día 10:;;N/A:  | N/A: ;Hanlon;cap.;;Día 10: De Tampa y Cayo-Hueso, en 7 horas, vapor americano Olivette, cap. Hanlon, trip. 44, tons. 1,104:;americano;Olivette;vapor;1889_04_11;Tampa y Cayo-Hueso
;;N/A: ;Thompson;cap.;;cap. Thompson, trip. 8, tons. 565: con carbón, á;;;;1889_04_11;
;;N/A: ;Collins;cap.;;cap. Collins, trip. 7, tons. 351, con carbón, á G.;;;;1889_04_11;
Día 13:;;N/A: ;Frost;cap.;;-Filadelfia, en 13 días gta. amer. Charles L. Mitchell, cap. Frost, trip. 9, tons. 597, con carbón y;amer.;Charles L. Mitchell;gta.;1889_04_11;Filadelfia
Día 11:;;N/A: ;Pierce;cap.;;Día 11: De Cárdenas, en 7 horas, vapor amer. City of Columbia, cap. Pierce, trip. 40, tons. 1,285: con carga;amer.;City of Columbia;vapor;1889_04_12;Cárdenas
Día 7:;;N/A:  | N/A: ;Rettig;cap.;;-Progreso y Veracruz, en 7 días, vap. amer. Niágara, cap. Rettig, trip. 55, tons. 1,667: con efectos, á Hidalgo y Comp.;amer.;Niágara;vap.;1889_04_12;Progreso y Veracruz
Día 11:;;N/A: ;Casassa;cap.;;Día 11: De Montevideo y Ponce, en 60 días, berg. esp. Virgenes, cap. Casassa, trip. 10, tons. 219: con tasajo, á;esp.;Virgenes;berg.;1889_04_13;Montevideo y Ponce
;;N/A:  | N/A: ;Bardley;cap.;;cap. Bardley, trip. 9, tons. 448: con bocoyes vacios, á Conill y Comp.;;;;1889_04_13;
Día 3:;;N/A:  | N/A: ;García;cap.;;Veracruz y Progreso, en 3 días, vapor-correo español Vizcaya, cap. García, trip. 97, tons. 1,568;español;Vizcaya;vapor-correo;1889_04_13;Veracruz
Día 19:;;N/A: ;Hausen;cap.;;Día 19: De Nueva York, en 6 días, vap. amer. City of Atlauta, cap. Hausen, trip. 40, tons. 1,154: con carga;amer.;City of Atlauta;vap.;1889_04_14;Nueva York
Día 13:;;N/A:  | N/A: ;Hanlon;cap.;;Dia 13: De Tampa y Cayo-Hueso, en 7 horas, vapor americano Olivette, cap. Hanlon, trip. 50, tons. 1,10:;americano;Olivette;vapor;1889_04_14;Tampa y Cayo-Hueso
;;N/A:  | N/A: ;Lambord;cap.;;cap. Lambord, trip. 8. tons. 433: con carbón y bocoyes vacíos, á Luis V. Placé.;;;;1889_04_14;
;;N/A:  | N/A: ;Gorordo;cap.;;Wifredo, cap. Gorordo, trip. 60, tons. 2,765: con;;Wifredo;;1889_04_14;
;;N/A: ;Rich;cap.;;cap. Rich, trip. 9, tons. 642: con carbón, á Luis;;;;1889_04_14;
Día 74:;;N/A: ;Mas;cap.;;-Buenos Aires, en 74 días berg. esp. Amable Antonia, cap. Mas, trip. 10, tons. 319, con tasajo, á;esp.;Amable Antonia;berg.;1889_04_14;Buenos Aires
;;N/A: ;Carballo;cap.;;cap. Carballo, trip. 8, tons. 687: con pescado vivo,;;;;1889_04_16;
;;N/A:  | N/A: ;Staples;cap.;;amer. Aransas, cap. Staples, trip. 48, tons. 687:;amer.;;;1889_04_16;Aransas
;;N/A: ;;cap.;;cap. Kersaliec, irip. 150, tons. 2,293: con carga;;Kersaliec;irip.;1889_04_16;
;;N/A: ;Vila;cap.;;cap. Vila, trip. 79, tons. 1592, con carga general,;;;;1889_04_17;
Día 17:;;;Hanlon;cap.;;Día 17: De Tampa y Cayo-Hueso, en 7 horas, vapor americano Olivette, cap. Hanlon, trip. 51, tons. 1,104:;americano;Olivette;vapor;1889_04_18;Tampa y Cayo-Hueso
Día 5:;;N/A: ;Reznolds;cap.;;con carga general, á Lawton y Hnos. _ Nueva York, en 5 días, vap. amer. City of Washington, cap. Reznolds, trip. 76, tons. 1,650: con;amer.;City of Washington;vap.;1889_04_18;Nueva York
;;N/A: ;Lasayer;cap.;;cap. Lasayer, trip. 9, tons. 428, con bocoyes vacios, á Truffin y Cp.;;;;1889_04_18;
;;N/A: ;Stevens;cap.;;cap. Stevens, trip. 40, tons. 1,154: con carga goneral, á Hidalgo y Comp.;;;;1889_04_21;
;;N/A: ;Gold;cap.;;cap. Gold, trip. 10, tons. 529: con petróleo, á Luis;;;;1889_04_21;
;;;Sarmiento;cap.;;Canarias, cap. Sarmiento, trip. 21, tons. 414: con;;;;1889_04_21;Canarias
Día 20:;;;Hanlon;cap.;;Día 20: De Tampa y Cayo-Hueso, en 7 horas, vapor americano Olivette, cap. Hanlon, trip. 43, tons. 1,104:;americano;Olivette;vapor;1889_04_21;Tampa y Cayo-Hueso
Día 4:;;N/A: ;Baker;cap.;;-Nueva-Orleans y escalas, en 4 días. vap. am. Hutchinson, cap. Baker, trip. 34, tons. 1,492, con carga general, á Lawton y Hnos.;am.;Hutchinson;vap.;1889_04_23;Nueva Orleans
Día 4:;;N/A:  | N/A: ;Le Lanchon;cap.;;-Veracruz, en 4 días vapor francés Alexandre Bixio, cap. Le Lanchon, trip. 55, tons. 1473, con;francés;Alexandre Bixio;vapor;1889_04_23;Veracruz
;;N/A: ;R. Aberasturi;cap.;;cap. R. Aberasturi, trip. 39, tons. 1,561: con carga;;;;1889_04_24;
Día 24:;;;Goicoechea;cap.;;Día 24: De Liverpool y escalas, en 24 días, vap. esp. Gaditano, cap. Goicoechea, trip. 35, tons. 1,710: con;esp.;Gaditano;vap.;1889_04_25;Liverpool
Día 7:;;N/A:  | N/A: ;Mc Kay;cap.;;-Tampa y Cayo-Hueso, en 7 horas, vapor americano Olivette, cap. Mc Kay, trip. 45, tons. 1,104:;americano;Olivette;vapor;1889_04_25;Tampa y Cayo-Hueso
;;N/A: ;Dillon;cap.;;"cap. Dillon, trip. 7; tons. 45: en lastre, á Manuel";;;;1889_04_25;
;;;Gorordo;cap.;;cap. Gorordo, trip. 61, tons. 3,773: de tránsito, á.;;;;1889_04_25;
Día 8:;;N/A: ;Stevens;cap.;;-Matanzas, en 8 horas, vap. amer. Manhattan, capitán Stevens, trip. 38, tons. 1,154: con carga de;amer.;Manhattan;vap.;1889_04_25;Matanzas
Día 5:;;N/A: ;Curtis;cap.;;"Día 5: De Veracruz y escalas, en 5 días, vapor amer. Saratoga, cap. Curtis; trip. 66, tons. 1,692: con carga";amer.;Saratoga;vapor;1889_05_07;Veracruz
;;;Nouvellon;cap.;;Lafayette, cap. Nouvellon, trip. 155, tons. 1,774:;;Lafayette;;1889_05_07;
Dia 6:;;N/A: ;Matheson;cap.;;Dia 6: lee of obsteoroquaires De Pascagoula, en 7 días, gol. amer. John Pretor, oapitán Matheson, trip. 8, tons. 474: con madera, á;amer.;John Pretor;gol.;1889_05_07;Pascagoula
;;N/A: ;Sosvilla;cap.;;cap. Sosvilla, trip. 22, tons. 436: con carga general, á A. Serpa. Pasajeros 165.;;;;1889_05_07;
;;N/A: ;Garau;cap.;;cap. Garau, trip. 15, tons. 600: con carga general,;;;;1889_05_08;
Día 4:;;N/A:  | N/A: ;Mc Intosh;cap.;;-Nueva-York, en 4 días, vap. amer. City of Alexandría, cap. Mc Intosh, trip. ,88 tons. 2,488: con;amer.;City of Alexandría;vap.;1889_05_08;Nueva York
Día 5:;;N/A:  | N/A:  | N/A: ;Baker;cap.;;-Nueva-Orleans y escalas, en 5 días. vap. am. Hutchinson, cap. Baker, trip. 34, tons. 1,492, con carga general, á Lawton y Hnos.-Pasajeros 22, y 5;am.;Hutchinson;vap.;1889_05_08;Nueva Orleans
;;N/A: ;E. M. Beun;cap.;;cap. E. M. Beun, trip. 25, tons. 1,534: con carbón,;;;;1889_05_08;
Día 22:;;N/A: ;Davies;cap.;;cañones 15. - Nueva-York, en 22 dias, bea. ing. Maggie Brocone, cap. Davies, trip. 12, tons. 574: con carbón, á;ing.;Maggie Brocone;bea.;1889_05_08;Nueva-York
Dia 8:;;;Me Kay;cap.;;Dia 8: De Tampa y Cayo-Hueso, en 7 horas, vapor americano Olivette, cap. Me Kay, trip. 47, tons. 1,104:;americano;Olivette;vapor;1889_05_09;Tampa y Cayo-Hueso
Día 1:;;;;cap.;;-Cayo-Hueso en 1 día gol. am. Legal Tender, cap.;am.;Legal Tender;gol.;1889_05_09;Cayo-Hueso
Día 9:;;N/A: ;López;cap.;;Día 9: De Nueva-York, en 4 días. vapor esp. M. L. Villaverde, cap. López, trip. 56, tons. 951: con carga;esp.;M. L. Villaverde;vapor;1889_05_10;Nueva-York
;;N/A:  | N/A: ;Stevens;cap.;;cap. Stevens, trip. 36, tons. 1,154: con carga general, á Hidalgo y Comp.-Pasajeros 6.;;;;1889_05_10;
;;N/A: ;;cap.;;cap. Orgilagut, trip. 14, tons. 605: éon carga general, á Rafecas.;;Orgilagut;;1889_05_10;
;;N/A: ;Gillte;cap.;;cap. Gillte, trip. 9, tons. 559: con carbón, á Barrios y Comp.;;;;1889_05_10;
Día 11:;;N/A:  | N/A: ;Mc Kay;cap.;;Día 11: De Tampa y Cayo-Hueso, en 7 horas, vapor americano Olivette, cap. Mc Kay, trip. 42, tons. 1,104:;americano;Olivette;vapor;1889_05_12;Tampa y Cayo-Hueso
Día 28:;;N/A: ;Rettig;cap.;;"con efectos, á Lawton y Hnos.-Pasajeros 28. - -Veracruz y escalas, en 5 días, vapor amer. Niágara, cap. Rettig; trip. 55, tons. 1,667: con carga";amer.;Niágara;vapor;1889_05_12;Veracruz
Día 24:;;N/A: ;Luzarraga;cap.;;-Liverpool y escalas, en 24 días, vap esp. Murciano, cap. Luzarraga, trip. 43, tons. 1,552: con carga general, á C. Blanch y Comp.;esp.;Murciano;vap;1889_05_12;Liverpool
;;N/A:  | N/A: ;Mitchell;cap.;;cap. Mitchell, trip. 8, tons. 445: con madera y petróleo, á Conill y Comp.;;;;1889_05_12;
;;N/A:  | N/A: ;Ugalde;cap.;;Carolina, cap. Ugalde, trip. 38. tons. 1350, con;;;;1889_05_12;Carolina
Dia 11:;;N/A: ;Matheco;cap.;;Dia 11: De Filadelfia, en 22 días, gol. amer. C. Knocoles, capitán Matheco, trip. 16, tons. 586: con carbón y;amer.;C. Knocoles;gol.;1889_05_14;Filadelfia
;;N/A: ;Hahn;cap.;;cap. Hahn, trip. 34, tons. 1,533: con carga general, á Falk, Rohlsen y Comp.;;;;1889_05_14;
Día 15:;;N/A:  | N/A: ;Lunuell;cap.;;-Filadelfia, en 15 días, berg. amer. Vidette, capitán Lunuell, trip. 9, tons. 540: con carbón y bocoyes vacíos, á Gabriel Sastre.;amer.;Vidette;berg.;1889_05_14;Filadelfia
Día 18:;;N/A: ;Alegría;cap.;;-Liverpool y escalas, en 18 días, vap. esp. Leonora, cap. Alegría, trip. 40, tons. 1,806: con carga;esp.;Leonora;vap.;1889_05_14;Liverpool
Día 14:;;;Reznolds;cap.;;Dia 14: De Nueva-York, en 5 días, vap. amer. City of Washington, cap. Reznolds, trip. 58, tons. 1,650: con;amer.;City of Washington;vap.;1889_05_15;Nueva-York
Día 7:;;N/A:  | N/A: ;Mc Kay;cap.;;-Tampa y Cayo-Hueso, en 7 horas, vapor americano Olivette, cap. Mc Kay, trip. 45, tons. 1,104:;americano;Olivette;vapor;1889_05_16;Tampa y Cayo-Hueso
Día 7:;;;Hanlon;cap.;;-Tampa y Cayo-Hueso, en 7 horas, vapor americano Mascotte, cap. Hanlon, trip. 40, tons. 520:;americano;Mascotte;vapor;1889_05_16;Tampa y Cayo-Hueso
Día 3:;;N/A:  | N/A: ;Nouvellon;cap.;;-Veracruz y escalas, en 3 días, vap. franc. Lafayette, cap. Nouvellon, trip. 153, tons. 1,774: con;franc.;Lafayette;vap.;1889_05_16;Veracruz
Dia 16:;;N/A:  | N/A: ;Wattsen;cap.;;Dia 16: De Filadelfia, en 22 días, berg. ing. Anglo, cap. Wattsen, trip. 8. tons. 309: con carbón y bocoyes vacíos, á Gabriel Sastre.;ing.;Anglo;berg.;1889_05_17;Filadelfia
Día 4:;;N/A:  | N/A:  | N/A: ;Pierce;cap.;;-Nueva-York, en 4 días vap. amr. City of Columbia, cap. Pierce, trip. 40, tons. 1,285: con efectos, á Hidalgo y Comp.-Pasajeros 3.;amr.;City of Columbia;vap.;1889_05_17;Nueva-York
Dia 17:;;N/A:  | N/A: ;Staples;cap.;;Dia 17: De Nueva-Orleans y escalas, en 4 días, vapor ameriAransas, cap. Staples, trip. 33, tons. 678: con earga general, á Lawton y Hnos.-Pasajeros 6.;;ameriAransas;vapor;1889_05_18;Nueva-Orleans
Dia 18:;;N/A:  | N/A: ;Hanlon;cap.;;Dia 18: Bierioqui no89 on sovsen De Tampa y Cayo Hueso, en 7 horas, vapor ameri air cano Mascotte, cap. Hanlon, trip. 37, tons. 520: 119 en lastre, á Lawton y Hnos.-Pasajeros 52.;can;Mascotte;vapor;1889_05_19;Tampa y Cayo Hueso
;;;Me Intosh;cap.;;Alexandría, cap. Me Intosh, trip. 86, tons. 2,480:;;;;1889_05_19;Alexandría
;;;Staples;ibocap.;;Nueva-Orleans y esealas, vap. amer. Aransas, ibocap. Staples. si sb sols50v aol non-id;amer.;Aransas;vap.;1889_05_19;Nueva-Orleans
;;N/A:  | N/A: ;Williams;cap.;;cap. Williams, trip. 7, tons. 630: con carbón y bocoyes vacíos, á G. Sastre.;;;;1889_05_21;
Dia 19:;;N/A: ;Martí;cap.;;Dia 19: De Nueva York, en 4 días. vap. esp. Baldomero 1glesias, cap. Martí, trip. 60, tons. 1,822: con carga;esp.;Baldomero 1glesias;vap.;1889_05_21;Nueva York
Día 7:;;;Hanlon;cap.;;Tampa y Cayo-Hueso, en 7 horas, vapor americano Mascotte, cap. Hanlon, trip. 38, tons. 520:;americano;Mascotte;vapor;1889_05_23;Tampa y Cayo-Hueso
Día 22:;;N/A: ;Pierce;cap.;;Dia 22: De Cárdenas, en 12 horas, vap. amer. City of Coluinbia, cap. Pierce, frip. 36, tons. 1,285: con azúcar;amer.;City of Coluinbia;vap.;1889_05_24;Cárdenas
Dia 22:;;N/A:  | N/A: ;Baker;cap.;;Dia 22: De Nueva-Orleans y escalas, en 4 días. vap. am. Hutchinson, cap. Baker, trip. 34, tons. 1,492: con efectos, á Lawton y Hnos.-Pasajeros 3.;am.;Hutchinson;vap.;1889_05_24;Nueva-Orleans
;;N/A:  | N/A: ;Morrys;cap.;;cap. Morrys, trip. 8, tons. 448: con carbón y carriles, á Luis V. Placé.;;;;1889_05_25;
Día 5:;;N/A: ;Hausen;cup.;;-Nueva-York, en 5 días, vap. amr. City of Atlanta, cup. Hausen, trip. 40, tons. 1,154: con carga;amr.;City of Atlanta;vap.;1889_05_25;Nueva York
Día 7:;;;Hanlon;cap.;;OD YOU N De Tampa y Cayo-Hueso, en 7 horas, vapor americano Mascotte, cap. Hanlon, trip. 38, tons. 520:;americano;Mascotte;vapor;1889_05_26;Tampa y Cayo-Hueso
Día 21:;;N/A: ;Alob honiga;cap.;;Liverpool en 21 días vapor esp. Alava, cap. Alob honiga, trip. 37, tons. 1,267, cou carga general á;esp.;Alava;vapor;1889_05_26;Liverpool
;;N/A: ;Smith;cap.;;cap. Smith, trip. 23, tons. 887. con carga general sel. V. Placé. Pasajeros 3 de tránsito.;;;;1889_05_26;
;;;Gosselin;cap.;;de Marseille, cap. Gosselin, trip. 89, tons. 1,804:;;;;1889_05_28;Marseille
Día 10:;;N/A: ;Staple;cap.;;cap. Staple, trip. 10, tons. 655: con carbón, á Luis;;;;1889_05_28;
Día 25:;;N/A: ;Studley;cap.;;Boston, en 25 días, gol. amer. Rebecca F. Moulion, cap. Studley. trip. 8, tons. 559: con carbón, á;amer.;Rebecca F. Moulion;gol.;1889_05_28;Boston
Dia 27:;;N/A:  | N/A:  | N/A: ;Rettig;cap.;;Dia 27: De Nueva-York, en 4 días, vap. amer. Niágara, capitán Rettig, trip. 56, tons. 1,667: con carga genepiral, & Hidalgo y Comp. Pasaj. 7 y 16 de tránsito.;amer.;Niágara;vap.;1889_05_28;Nueva-York
Dia 29:;;;Haulon;cap.;;Dia 29: De Tampa y Cayo-Hueso, en 7 horas, vapor americano Mascotte, cap. Haulon, trip. 38, tons. 520:;americano;Mascotte;vapor;1889_05_30;Tampa y Cayo-Hueso
;;N/A: ;Bailey;cap.;;cap. Bailey, trip. 9. tons. 370: con carbón, á Barrios y Comp.;;;;1889_05_30;
Dia 29:;;N/A:  | N/A: ;Smith;cap.;;Dia 29: De Filadelfia, en 18 días. gol. amer. L. G. Rabel, capitán Smith, trip. 8, tons. 553: con carbón y bocoyes vacíos, á Barrios y Comp.;amer.;L. G. Rabel;gol.;1889_05_31;Filadelfia
Dia 30:;;N/A:  | N/A: ;Stevens;cap.;;Dia 30: De Nueva-York, en 4 dias, vap. amer. Séneca, capitán Stevens, trip. 46, tons. 1,600: con carga general, á Hidalgo y Comp.-Pasajeros 8.;amer.;Séneca;vap.;1889_05_31;Nueva-York
Día 31:;;N/A: ;Pearson;cap.;;Dia 31: De Glasgow. vapor inglés Fort William, cap. Pearson, trip. 24, tons. 1,179: con carga general, á;inglés;Fort William;vapor;1889_06_01;Glasgow
Día 19:;19-06-YYYY;;Hanlon;cap.;;Dia 19 de junio: De Tampa y Cayo-Hueso, en 7 horas, vapor americano Mascotte, cap. Hanlon, trip. 38, tons. 520:;americano;Mascotte;vapor;1889_06_02;Tampa y Cayo-Hueso
Día 3:;;N/A: ;Curtis;cap.;;"Veracruz y escalas, en 3 días, vap. amer. Saratoga, cap. Curtis; trip. 66, tons. 1,692: con efectos,";amer.;Saratoga;vap.;1889_06_02;Veracruz
Día 26:;;;Nadres;cap.;;-Barcelona y escalas, en 26 días, vap. esp. Cristóbal Colón, cap. Nadres, trip. 53, tons. 1,741: con;esp.;Cristóbal Colón;vap.;1889_06_02;Barcelona
Dia 2:;;N/A: ;Tellería;cap.;;Dia 2: De Liverpool y escalas, en 22 días, vap. esp. Eńskaro, cap. Tellería, trip. 37, tons. 1,346: con carga;esp.;Eńskaro;vap.;1889_06_04;Liverpool
Dia 3:;;N/A:  | N/A: ;Staples;cap.;;Dia 3: Life to skeed De Nueva-Orleans y escalas, en 5 días, vapor ameriAransas, cap. Staples, trip. 33, tons. 1,675: con;;ameriAransas;vapor;1889_06_04;Nueva-Orleans
Día 32:;;N/A:  | N/A: ;Sorvilla;cap.;;-Santa Cruz de las Palmas y escalas en 32 días, vapor espl. Rosario, cap. Sorvilla, trips. 11, tons.;;espl. Rosario;vapor;1889_06_04;Santa Cruz de las Palmas
Día 4:;;N/A:  | N/A:  | N/A: ;Colton;cap.;;"Dia 4: De Nueva-York, en 5 días, vap. amer. Cienfuegos, capitán Colton, trip. 53, tons. 1,600: con carga general, á Hidalgo y Cp""-Pasajeros 7 y 19 de tránsito.";amer.;Cienfuegos;vap.;1889_06_05;Nueva-York
Día 5:;;;Hanlon;cap.;;Dia 5: De Tampa y Cayo-Hueso, en 7 horas, vapor americano Mascotte, cap. Hanlon, trip. 43, tons. 520:;americano;Mascotte;vapor;1889_06_06;Tampa y Cayo-Hueso
;;N/A: ;Pierce;cap.;;bia, cap. Pierce, trip. 36, tons. 1,285: con carga;;;bia;1889_06_07;
Dia 6:;;N/A:  | N/A: ;Thompson;cap.;;Dia 6: De Filadelfia, en 27 días, berg. amer. M. W. Norswood, cap. Thompson, trip. 8, tons, 453: con carbón, á Gabriel Sastre.;amer.;M. W. Norswood;berg.;1889_06_08;Filadelfia
Día 3:;;N/A:  | N/A:  | N/A: ;Rettig;cap.;;"-Veracruz y escalas, en 3 días, vap. amer. Niágara, cap. Rettig; trip. 55, tons. 1,667: con carga";amer.;Niágara;vap.;1889_06_08;Veracruz
;;N/A:  | N/A: ;Larraudi;cap.;;esp. Eduardo, cap. Larraudi, trip. 38, tons. 1,246:;esp.;;;1889_06_08;
Dia 8:;;;Hanlon;cap.;;Dia 8: De Tampa y Cayo-Hueso, en 7 horas, vapor americano Mascotte, cap. Hanlon, trip. 43, tons. 520:;americano;Mascotte;vapor;1889_06_09;Tampa y Cayo-Hueso
Día 3:;;N/A:  | N/A: ;Gosselin;cap.;;-Veracruz, en 3 días, vap. frane. Ville de Marseille, cap. Gosselin, trip. 90, tons. 1,804: con efectos, á Bridat, Mont' Ros y Comp.-Pasajeros 1 y;frane;Ville de Marseille;vap.;1889_06_09;Veracruz
Día 2:;;;;cap.;;-Cayo Hueso en 2 dlas gol. amer. Gone Star, cap.;amer.;Gone Star;gol.;1889_06_09;Cayo Hueso
Día 6:;;N/A: ;Carmona;cap.;;cap. Pagés, trip. 13, tons. 509: con tasajo, á Fabra y Comp. - -Nueva-York, en 6 días, vapor-correo esp. Méndez Núñez, cap. Carmona, trip. 80, tons. 1,067:;esp.;Méndez Núñez;vapor-correo;1889_06_11;Nueva-York
Día 18:;;N/A: ;Iguieres;cap.;;-Nueva-York, en 18 días, gol. amer. John R. Bergen, cap. Iguieres, trip. 8, tons. 658: con carbón,;amer.;John R. Bergen;gol.;1889_06_11;Nueva York
Dia 10:;;;Mc Intosh;cap.;;Dia 10: De Nueva-York, en 4 días, vap. amer. City of Alexandría, cap. Mc Intosh, trip. 75, tons. 2,488: con;amer.;City of Alexandría;vap.;1889_06_11;Nueva-York
Dia 11:;;N/A:  | N/A:  | N/A: ;Baker;cap.;;Dia 11: De Nueva-Orleans y escalas, en 5 días. vap. am. Hutchinson, cap. Baker, trip. 34, tens. 1,492: con efectos, á Lawton y Hnos.-Pasajeros 23.;am.;Hutchinson;vap.;1889_06_12;Nueva-Orleans
Día 3:;;N/A: ;Droscher;cap.;;-Veracruz, en 3 días, vap. alem. Allemannia, capitán Droscher, trip. 34, tons. 1,375: con efectos, á;alem.;Allemannia;vap.;1889_06_12;Veracruz
Día 51:;;N/A: ;Guitalive;cap.;;-Montevideo, en 51 días, berg. esp. Tranquilo, capitán Guitalive, trip. 11, tons. 311: con tasajo, &;esp.;Tranquilo;berg.;1889_06_12;Montevideo
Dia 11:;;N/A: ;Gener;cap.;;Dia 11: De Montevideo y Ponce, en 56 días, berg. esp. Juanito, cap. Gener, trip. 11, tons. 236: con tasajo, á;esp.;Juanito;berg.;1889_06_13;Montevideo y Ponce
Dia 12:;;N/A:  | N/A: ;Martí;cap.;;Dia 12: De Colón y escalas, en 5 días, vapor-correo esp. Baldomero Iglesias, cap. Martí, trip. 64, tons. 1,823:;esp.;Baldomero Iglesias;vapor-correo;1889_06_13;Colón
Día 18:;;;Díaz Campón;cap.;;Vigo y escalas, en 18 días, vapor-correo esp. España, cap. Díaz Campón, trip..., tons. 1,835: con;esp.;España;vapor-correo;1889_06_13;Vigo
Día 7:;;;Hanlon;cap.;;Tampa y Cayo-Hueso, en 7 horas, vapor americano Mascotte, cap. Hanlon, trip. 40, tons. 520:;americano;Mascotte;vapor;1889_06_13;Tampa y Cayo-Hueso
Día 11:;;N/A: ;Pierce;cap.;;Dia 11: De Cárdenas, en 7 horas, vap. amer. City of Columbia, cap. Pierce, trip. 42, tons. 1,285: con azúcar;amer.;City of Columbia;vap.;1889_06_14;Cárdenas
;;N/A:  | N/A: ;Pagés;cap.;;cap. Pagés, trip. 10, tons. 240: con tasajo, J.;;;;1889_06_14;
Día 14:;;N/A: ;Penzol;cap.;;-Cádiz y Santander, en 14 días vapor-corroo español Ciudad de Santander, cap. Penzol, tripulación 121, tons. 2,258, con carga general, á M.;español;Ciudad de Santander;vapor;1889_06_14;Cádiz y Santander
Día 14:;;N/A: ;Hausen;cap.;;Dia 14: De Nueva-York, en 5 días, vap. amr. City of Atlanta, cap. Hausen, trip. 40, tons. 1,154: con carga;amr.;City of Atlanta;vap.;1889_06_15;Nueva-York
Dia 15:;;N/A:  | N/A: ;Hanlon;cap.;;Dia 15: De Tampa y Cayo-Hueso, en 7 horas, vapor americano Mascolie, cap. Hanlon, trip. 40, tons. 520:;americano;Mascolie;vapor;1889_06_16;Tampa y Cayo-Hueso
Día 20:;;N/A: ;Gelmen;cap.;;-Filadelfia, en 20 días, gol. amer. Thomas R. Pillsburg, cap. Gelmen, trip. 8, tous. 501: con carbón,;amer.;Thomas R. Pillsburg;gol.;1889_06_16;Filadelfia
;;;Kersalier;cap.;;cap. Kersalier, trip. 150, tons. 2,292, con carga;;;;1889_06_16;
;;N/A: ;Small;cap.;;cap. Small, trip. 9, tons. 522: con carbón, á la orden.;;;trip.;1889_06_18;
;;N/A:  | N/A: ;Erases;cap.;;cap. Erases, trip. 12, tons. 345, con tasajo, á Gelats y Comp.;;;;1889_06_18;
Dia 18:;;N/A:  | N/A: ;Guerricaechevarría;cap.;;Dia 18: De Liverpool y Coruña, en 28 días, vap. esp. Catalan, cap. Guerricaechevarría, trip. 26, tous. 970:;esp.;Catalan;vap.;1889_06_19;Liverpool y Coruña
;;;;;;De CAYO-HUESO y TAMPA, en el vapor americano Mascotte:;americano;Mascotte;vapor;1889_06_20;CAYO-HUESO y TAMPA
Día 4:;;N/A: ;Stevens;cap.;;-Nueva-York, en 4 días, vap. amer. Séneca, capitán Stevens, trip. 46, tons. 1,600: con carga general, á Hidalgo y Comp.;amer.;Séneca;vap.;1889_06_21;Nueva York
Dia 21:;;N/A:  | N/A: ;Staples;cap.;;Dia 21: De Nueva-Orleans y escalas, en 5 días, vapor ameriAransas, cap. Staples, trip. 33, tons. 1,675: con;;ameriAransas;vapor;1889_06_22;Nueva-Orleans
;;;Abrisqueta;cap.;;M. Pinillos, cap. Abrisqueta, trip. 53, tons. 2.124:;;M. Pinillos;;1889_06_23;
Día 4:;;N/A:  | N/A: ;García;cap.;;-Veracruz y escalas, en 4 días, vapor-correo español Vizcaya, cap. García, trip. 98, tons. 1,581:;español;Vizcaya;vapor-correo;1889_06_23;Veracruz
Día 1:;;;Hanlon;cap.;;Tampa y Cayo-Hueso, en 7 horas, vapor americano Mascotte, cap. Hanlon, trip. 41, tons. 520:;americano;Mascotte;vapor;1889_06_23;Tampa y Cayo-Hueso
;;N/A: ;Cox;cap.;;cap. Cox, trip. 21, tons. 1,188: con carbón, á Bridat. Mont' Ros y Comp.;;;;1889_06_23;
;;N/A: ;Roig;cap.;;cap. Roig, trip..., tons. 597: con carga general,;;;;1889_06_23;
;;N/A:  | N/A: ;Mc Intosh;cap.;;Alexandría, cap. Mc Intosh, trip. 64, tons. 1,650:;;;;1889_06_25;Alexandría
Día 24:;;N/A:  | N/A:  | N/A: ;Rettig;cap.;;Dia 24: De Nueva York, en 4 días, vap. amer. Niágara, capitán Rettig, trip. 39, tons. 1.667: con carga general, & Hidalgo y Comp.-Pasajeros 36 y 11 de;amer.;Niágara;vap.;1889_06_25;Nueva York
;;;Arribi;cap.;;Francisca, cap. Arribi, trip. 39, tons. 1,830: con;;Francisca;;1889_06_25;
Dia 24:;;;Garteiz;cap.;;Dia 24: De Liverpool y Santander, en 23 días, vap. esp. Pedro, cap. Garteiz, trip. 36, tons. 975: con carga;esp.;Pedro;vap.;1889_06_26;Liverpool y Santander
Día 26:;;N/A:  | N/A: ;Hanlon;cap.;;Dia 26: -Tampa y Cayo-Hueso, en 7 horas, vapor americano Mascotte, cap. Hanlon, trip. 39, tons. 520: en lastre, á Lawton y Hnos.-Pasajeros 37.;americano;Mascotte;vapor;1889_06_27;Tampa y Cayo-Hueso
Dia 27:;;N/A:  | N/A: ;Baker;cap.;;Dia 27: De Nueva-Orleans y escalas, en 4 días. vapor americano Hutchinson, cap. Baker, trip. 34, tons. 1,492:;americano;Hutchinson;vapor;1889_06_28;Nueva-Orleans
Día 4:;;;Pierce;cap.;;-Nueva-York, en 4 días vap. amr. City of Columbia, cap. Pierce, trip. 36, tons. 1,285: con carga;amr.;City of Columbia;vap.;1889_06_28;Nueva York
;;N/A:  | N/A:  | N/A:  | N/A: ;Atienza;cap.;;cap. Atienza, trip. 37, tons. 1,931: con carga general, á Codes, Loychate y Comp.;;;;1889_06_28;
Dia 29:;;;Hanlon;cap.;;Dia 29: De Tampa y Cayo-Hueso, en 7 horas, vapor amerienno Mascotte, cap. Hanlon, trip. 40, tons. 520:;amerienno;Mascotte;vapor;1889_06_30;Tampa y Cayo-Hueso
;;N/A: ;Reesing;cap.;;Croatia, cap. Reesing, trip. 35, tons. 1,100: con;;;;1889_06_30;Croatia
;;N/A: ;Goicoechea;cap.;;cap. Goicoechea. trip. 13, tons. 492: con efectos,;;;trip.;1889_06_30;
Día 40:;;N/A: ;Maristany;cap.;;-Montevideo, en 40 días, bea. esp. Ana, cap. Maristany, trip. 11, tons. 222: con tasajo, á Fabra y;esp.;Ana;bea.;1889_06_30;Montevideo
Dia 29:;;;Gar;cap.;;Dia 29: De Matanzas, en 10 horas, vap. esp. Pedro, cap. Gar;esp.;Pedro;vap.;1889_07_02;Matanzas
;;N/A:  | N/A: ;Cardona;cap.;;dez Núñez, cap. Cardona, tons. 1,515, trip.;;;;1889_07_02;
;;N/A:  | N/A:  | N/A: ;Curtis;cap.;;ga, cap. Curtis, tons. 1,692, trip. 66, á Hidalg;;;;1889_07_02;
;;;Johnson;cap.;;cap. Johnson, tons. 508, trip. 10, á L. V. Place;;;;1889_07_02;
;;N/A:  | N/A: ;Dechille;cap.;;cap. Dechille, tons. 3,108, trip. 92, á Bridat,;;;;1889_07_02;
;;N/A: ;Aldecoa;cap.;;cap. Aldecoa, tons. 2,514, trip. C. Blanch y;;;;1889_07_02;
;;N/A:  | N/A: ;Mugica;cap.;;cap. Mugica, tons. 1,772, trip. 40, á Deulofe;;Deulofe;;1889_07_02;
;;N/A:  | N/A: ;Colton;cap.;;cap. Colton, tons. 1,630, trip. 56, á Hidalgo y;;Hidalgo;tons.;1889_07_02;
Dia 2:;;N/A:  | N/A:  | N/A: ;Parsons;cap.;;Dia 2: De Caimán Grande, gol. ing. Mary Ellen, cap. Parsons, tons. 50, trip. 7. á Joige Ferrán.-Entrado;ing.;Mary Ellen;gol.;1889_07_03;Caimán Grande
Día 2:;;N/A:  | N/A: ;Moreno;cap.;;Dia 2: De Veracruz y Progreso, en 4 días, vapor-correo español Panamá, cap. Moreno, tons. 2,085, trip. 66,;español;Panamá;vapor-correo;1889_07_04;Veracruz y Progreso
Día 3:;;N/A: ;Pierce;cap.;;Dia 3: De Cárdenas, en 10 horas, vap. amer. City of Columbia, cap. Pierce, tons. 1,285, trip. 38, á Hidalgo y;amer.;City of Columbia;vap.;1889_07_04;Cárdenas
Día 13:;;N/A:  | N/A:  | N/A: ;Hanlon;cap.;;-Tampa y Cayo-Hueso, en 13 días, vapor americano Mascotte, cap. Hanlon, tons. 520, trip. 40, á;americano;Mascotte;vapor;1889_07_04;Tampa y Cayo-Hueso
;;N/A:  | N/A: ;Bemton;cap.;;Stewart, cap. Bemton, tons. 243, trip. 7: 'con;;Stewart;;1889_07_04;
;;N/A:  | N/A:  | N/A: ;Jaureguizar;cap.;;esp. Cataluña, cap. Jaureguizar, tons. 2,217, tripulación 123, á M. Calvo y Comp.-A las 6.;esp.;;;1889_07_06;Cataluña
Día 5:;;N/A:  | N/A:  | N/A: ;Hausen;cap.;;-Nueva-York, en 5 días, vap. amr. City of Atlanta, cap. Hausen, tons. 1,154, trip. 38, á Hidalgo y;amr.;City of Atlanta;vap.;1889_07_06;Nueva York
Día 1:;;N/A:  | N/A:  | N/A: ;Rivero;cap.;;-Cayo-Hueso, en 1 dia, gol. amer. Lone Star, capitán Rivero, tons. 39, trip. 6, á L. Someillán é;amer.;Lone Star;gol.;1889_07_06;Cayo-Hueso
;;N/A:  | N/A:  | N/A: ;Tejera;cap.;;esp. Amelia A., cap. Tejera, tons. 315, trip. 14, á;esp.;Amelia A.;;1889_07_06;
Día 60:;;N/A:  | N/A:  | N/A: ;Amenchasarre;cap.;;-Barcelona y Canarias, en 60 días, bea. esp. Dolores Romano, cap. Amenchasarre, tons. 358, tripulación 12, á Fabra y Comp.-A las 8.;esp.;Dolores Romano;bea.;1889_07_06;Barcelona y Canarias
;;N/A: ;Nouvellon;cap.;;"Lafayette, cap. Nouvellon, tons. 1,774; con carga";;Lafayette;;1889_07_06;
;;;Rieff;cap.;;cap. Rieff, tons. 317, trip. 9, al Cónsul.-A las 6.;;;;1889_07_07;
;;;;;;De arribada. offivsuse o;;;;1889_07_07;
;;;Larrinaga;cap.;;cap. Larrinaga, tons. 1,822, trip. 40, á Codes,;;;;1889_07_07;
;;N/A:  | N/A:  | N/A: ;Llorca;cap.;;de León, cap. Llorca, tons. 2,085, trip. 60, á C.;;;;1889_07_07;León
Día 14:;;N/A: ;P. H. Hanlon;cap.;;-Tampa y Cayo-Hueso, eu 14 días, vapor americano Mascotte, cap. P. H. Hanlon, tons. 520,;americano;Mascotte;vapor;1889_07_07;Tampa y Cayo-Hueso
Día 8:;;N/A:  | N/A:  | N/A: ;Mc Intosh;cap.;;Dia 8: De Nueva York, en 4 días, vap. amer. City of Alexandría, cap. Mc Intosh, tons. 1,652, trip. 67, á;amer.;City of Alexandría;vap.;1889_07_09;Nueva York
Dia 9:;;N/A:  | N/A:  | N/A: ;Staples;cap.;;Dia 9: De Nueva-Orleans y escalas, en 5 días, vapor ameriClinton, cap. Staples, tons. 717 59100, trip. 31, á;;ameriClinton;vapor;1889_07_10;Nueva-Orleans
;;;Snbirá;cap.;;cap. Snbirá, tons. 860, trip. 18, á Jané y Cp.-A;;;;1889_07_10;
Día 63:;;N/A:  | N/A:  | N/A:  | N/A: ;Hausen;cap.;;Atlanta, cap. Hausen, tons. 1,154, trip. 38, á Hidalgo y Comp.-A las 63.-En lastre.;;Atlanta;;1889_07_10;
Día 44:;;N/A:  | N/A: ;Martí;cap.;;-Nueva-York, en 44 días, vapor-correo esp. Baldomero Iglesias, cap. Martí, tons. 1,114, trip. 67,;esp.;Baldomero Iglesias;vapor-correo;1889_07_10;Nueva York
Día 10:;;;A. N, Smith;cap.;;-Halifax en 10 dias vap. ing. Beta, cap. A. N, Smith, ton. 677, trip. 44, á R. n'Trffin y C,-A la 1.;ing.;Beta;vap.;1889_07_10;Halifax
Dia 10:;;N/A:  | N/A:  | N/A: ;Hanlon;cap.;;Dia 10: De Tampa y Cayo-Hueso, en 1 días, vapor americano Mascotte, cap. Hanlon, tons. 520 48100, tripulación 41, á Lawton y Hnos.-A las 6.;americano;Mascotte;vapor;1889_07_11;Tampa y Cayo-Hueso
Dia 11:;;N/A:  | N/A:  | N/A: ;Stevens;cap.;;Dia 11: De Nueva-York, en 4 días, vap. amer. Séneca, oapitán Stevens, tons. 1,912, trip. 46, á Hidalgo y Cp.;amer.;Séneca;vap.;1889_07_12;Nueva-York
Día 1:;;;;cap.;;-Cayo Hueso en 1 dia, gol. amer. Lone Starg, cap.;amer.;Lone Starg;gol.;1889_07_12;Cayo Hueso
Día 4:;;N/A:  | N/A: ;García;cap.;;-Veracruz y Progreso, en 4 días, vapor-correo español Vizcaya, cap. García, tons. 1,581, trip. 91,;español;Vizcaya;vapor-correo;1889_07_13;Veracruz
Día 16:;;N/A:  | N/A: ;Baste;cap.;;-Vigo y escalas, en 16 días, vapor-correo esp. Ciudad Condal, cap. Baste, tons.1,616, trip. 87, á;esp.;Ciudad Condal;vapor-correo;1889_07_13;Vigo
Día 5:;;N/A:  | N/A:  | N/A: ;Colton;cap.;;-Veracruz y escalas, en 5 días, vap. amer. Cienfnegos, cap. Colton, tons. 1,630, trip. 58, á Hidalgo y Comp.-A las 10.-De tránsito.;amer.;Cienfnegos;vap.;1889_07_13;Veracruz
Día 5:;;N/A: ;Llorca;cap.;;cap. Llorca, tons. 2,658, trip. 60, à Codes, Loychate y Comp.-A las 5.-Con carga general.;;;;1889_07_14;
Día 1:;;N/A:  | N/A:  | N/A: ;Hanlon;cap.;;-Tampa y Cayo-Hueso, en 1 días, vapor americano Mascotte, cap. Hanlon, tons. 520 40100, tripulación 41, á Lawton y Hnos.-A las 6.-Con;americano;Mascotte;vapor;1889_07_14;Tampa y Cayo-Hueso
;;;Aldamis;cap.;;cap. Aldamis, tons. 1,837, trip. 39, á Deulofeu,;;;;1889_07_14;
Día 23:;;N/A:  | N/A:  | N/A: ;Ozamiz;cap.;;-Liverpool y escalas, en 23 días, vap. esp. Castellano, cap. Ozamiz, tons. 1,381, trip. 31, á C.;esp.;Castellano;vap.;1889_07_16;Liverpool
;;N/A:  | N/A:  | N/A: ;Luzarraga;cap.;;-Liverpool y escalas, vap. esp. Serra, cap. Luzarraga, tons. 1,461, trip. 39, á Deulofeu, hijo y Cp.;esp.;Serra;vap.;1889_07_16;Liverpool
;;N/A:  | N/A:  | N/A: ;Izaguirre;cap.;;Veracruz, cap. Izaguirre, tons. 2,749, trip. 107, á;;;;1889_07_16;Veracruz
Dia 16:;;N/A:  | N/A:  | N/A: ;Baker;cap.;;Dia 16: De Nueva-Orleans y escalas, en 4 días. vapor americano Hutchinson, cap. Baker, tons. 909. trip. 32, á;americano;Hutchinson;vapor;1889_07_17;Nueva-Orleans
Día 3:;;N/A:  | N/A:  | N/A: ;Nouvellón;cap.;;-Veracruz, en 3 días, vap. franc. Lafayette, capitán Nouvellón, tons. 1,774. trip. 154, á Bridat,;franc.;Lafayette;vap.;1889_07_17;Veracruz
;;N/A:  | N/A: ;Abrisqueta;cap.;;Pinillos, cap. Abrisqueta, tons. 2,124, trip. 62, á;;;;1889_07_17;
Día 14:;;N/A:  | N/A:  | N/A: ;Hanlon;cap.;;-Tampa y Cayo-Hueso, en 14 días, vapor americano Mascotte, cap. Hanlon, tons. 520 43100, tripulación 40, á Lawton y Hnos.-A las 6.-En;americano;Mascotte;vapor;1889_07_18;Tampa y Cayo-Hueso
Día 10:;;N/A:  | N/A:  | N/A: ;Stevens;cap.;;-Matanzas, en 10 horas, vap. amer. Séneca, capitán Stevens, tons. 2,912, trip. 46, á Hidalgo y Cp.;amer.;Séneca;vap.;1889_07_18;Matanzas
;;N/A:  | N/A:  | N/A: ;Llorca;cap.;;cap. Llorca, tons. 2,085, trip. 59, á C. Blanch y;;;;1889_07_19;
Día 18:;;N/A:  | N/A:  | N/A: ;Pierce;cap.;;Dia 18: De Nueva-York, en 5 días vap. amr. City of Colunibia, cap. Pierce, tons. 1,285, trip. 48, á Hidalgo y;amr.;City of Colunibia;vap.;1889_07_20;Nueva-York
Día 1:;;N/A:  | N/A: ;Hanlon;cap.;;Tampa y Cayo-Hueso, en 1 días, vapor americano Mascotte, cap. Hanlon. tons. 520 trip. 40, á;americano;Mascotte;vapor;1889_07_21;Tampa y Cayo-Hueso
;;N/A:  | N/A: ;Me Intosh;cap.;;Alexandría, cap. Me Intosh, tons. 1,650, trip. 67,;;;;1889_07_23;Alexandría
Día 14:;;N/A:  | N/A:  | N/A: ;Aldecocea;cap.;;-la Mar, en 14 horas, vap. esp. Navarro, cap. Aldecocea, tons. 2,514, trip. 40, á C. Blanch y Cp.;esp.;Navarro;vap.;1889_07_23;la Mar
Día 17:;;N/A: ;Aberásturi;cap.;;-Liverpool y escalas, en 17 días, vap. esp. Enrique, cap Aberásturi, tons. 1,571, trip. 39, á Deulofeu, hijo y Comp.-A las 113.-Con carga general.;esp.;Enrique;vap.;1889_07_23;Liverpool
Dia 22:0;;N/A:  | N/A:  | N/A: ;Jaureguízar;cap.;;Dia 22:0 De Veracruz y escalas, en 3 días, vapor-correo español Cataluña, cap. Jaureguízar, tons. 2,247, tripulación 123. & M. Calvo y Cp.-A las 6.-Con;español;Cataluña;vapor-correo;1889_07_23;Veracruz
Día 4:;;N/A:  | N/A:  | N/A: ;Rettig;cap.;;Nueva York, en 4 días, vap. amer. Niágara, capitán Rettig, tons. 1,667, trip. 56, á Hidalgo y Cp.;amer.;Niágara;vap.;1889_07_23;Nueva York
Día 12:;;N/A:  | N/A:  | N/A: ;Geo Pierce;cap.;;-Cárdenas, en 12 horas, vap. amer. City of Columbia, cap. Geo Pierce, tons. 1,285, trip. 42, á;amer.;City of Columbia;vap.;1889_07_24;Cárdenas
;;N/A:  | N/A: ;Derlán;cap.;;cap. Derlán, tons. 1,554, trip. 55, á Bridat, Mont';;;;1889_07_25;
;;N/A: ;Hanlon;cap.;;Mascotte, cap. Hanlon, tons. 520, trip. 40, á Lawton Hnos.-A las 8.-En lastre.;;Mascotte;;1889_07_25;
Día 48:;;N/A:  | N/A:  | N/A: ;Millet;cap.;;-Gualeguay y escalas, en 48 días, berg. esp. Angela, cap. Millet, tons. 195, trip. 11, á Cano y Cp.;esp.;Angela;berg.;1889_07_25;Gualeguay
Dia 25:;;N/A: ;Hausen;cap.;;Dia 25: De Nueva-York, en 5 días, vap. amer. City of Atlanta, cap. Hausen, trip. 40, tons. 1,154, con carga gensral, á Hidalgo y Comp.;amer.;City of Atlanta;vap.;1889_07_26;Nueva-York
Día 26:;;N/A:  | N/A: ;Staples;cap.;;Dia 26: De Nueva-Orleans y escalas, en 5 días, vapor americano Aransas, cap. Staples, tons. 678173, trip. 31,;americano;Aransas;vapor;1889_07_27;Nueva-Orleans
Día 4:;;N/A:  | N/A:  | N/A: ;Curtis;cap.;;-Veracruz y escalas, en 4 días, vap. amer. Saratoga, cap. Curtis, tons. 1,806, trip. 60, á Hidalgo y;amer.;Saratoga;vap.;1889_07_27;Veracruz
;;N/A: ;Goicoechea;cap.;;vap. esp. Gaditano, cap. Goicoechea, tons. 1,710,;esp.;Gaditano;vap.;1889_07_27;
;;;Deulofeu;cap.;;cap. Lachonda, tons. 2064, trip. 39, & Deulofeu,;;Lachonda;;1889_07_28;
Día 16:;;N/A:  | N/A: ;Chaquert;cap.;;-Cádiz y escalas, en 16 días, vapor-correo esp. Alfonso XII, cap. Chaquert, tons. 3,417, trip. 134,;esp.;Alfonso XII;vapor-correo;1889_07_28;Cádiz
;;N/A: ;Hanlon;cap.;;Mascotte, cap. Hanlon, tons. 520, trip. 40, á Lawton Hnos.-A las 6.-Con pescado en hielo.;;Mascotte;;1889_07_28;
Día 7:;;N/A:  | N/A:  | N/A: ;Gibson;cap.;;-Baltimore, en 7 días, vapor inglés Wm. C. Mitchell, cap. Gibson, tons. 1,201, trip. 22, á Bridat,;ing.;Wm. C. Mitchell;vapor;1889_07_28;Baltimore
;;;Tuwney;cap.;;cap. Tuwney, tons. 132, trip. 8, á César Díaz.-A;;;;1889_07_28;
;;N/A:  | N/A: ;Rodríguez;cap.;;berg. Morey, cap. Rodríguez, tons. 248, trip. 15,;;Morey;berg.;1889_07_30;
Día 26:;;N/A:  | N/A: ;González;cap.;;-Las Palmas y Orotava, en 26 días, bca. esp. Feliciana, cap. González, tons. 300, trip..., à Galbán, Rio y Comp.-A las 10.-Con carga general.;esp.;Feliciana;bca.;1889_07_30;Las Palmas y Orotava
;;N/A:  | N/A:  | N/A: ;Ortega;cap.;;Luisa, cap. Ortega, tons. 272, trip. 16, á Galbán,;;Luisa;;1889_07_30;
;;;Colton;cap.;;cap. Colton, tons. 1,630, trip. 56, á Hidalgo y;;Hidalgo;tons.;1889_07_30;
Dia 29:;;N/A:  | N/A:  | N/A: ;Arribalzaga;cap.;;Dia 29: De Hamburgo y escalas, en 32 días, vap. esp. Gallego, cap. Arribalzaga, tons. 1,515, trip. 36, á C.;esp.;Gallego;vap.;1889_07_31;Hamburgo
;;N/A: ;Hausen;cap.;;Atlanta, cap. Hausen, tons. 1,154 561100, tripulación 34, á Hidalgo y Comp.-A las 6.-Con carga;;Atlanta;;1889_08_01;
Día 19:;;N/A:  | N/A:  | N/A: ;Tilly;cap.;;Hamburgo y escalas, en 19 días, vap. amer. Francia, cap. Tilly, tons. 1,590, trip. 36, á Falk, Rohlsen y Comp.-A las 7 de la noche.-Con carga;amer.;Francia;vap.;1889_08_01;Hamburgo
;;N/A:  | N/A:  | N/A: ;Ed? Davey;cap.;;Ardandhu, cap. Ed? Davey. tons. 732, trip. 19, á;;Ardandhu;;1889_08_01;
;;N/A: ;Hanlon;cap.;;Mascotte, cap. Hanlon, tons. 520, trip. 40, á Lawton Hnos.-A las 6.-Con efectos.;;Mascotte;;1889_08_01;
Día 19:;;N/A:  | N/A:  | N/A: ;Stevens;cap.;;Dia 19: De Nueva York, en 4 días, vap. amer. Séneca, capitán Stevens, tons. 1,912, trip. 46, á Hidalgo y Cp.;amer.;Séneca;vap.;1889_08_02;Nueva York
Día 54:;;N/A:  | N/A: ;Abril;cap.;;-Barcelona y escalas, en 54 días, bea. esp. Estrella de la Mañana, cap. Abril, tons. 661, trip. 15;esp.;Estrella de la Mañana;bea.;1889_08_02;Barcelona
;;;B. Ategui;cap.;;cap. B. Ategui, tons. 1,754, trip. 37, á Codes,;;;;1889_08_03;
;;;J. Venero;cap.;;XIII, cap. J. Venero. trip. 149, tons. 3,585, con;;;;1889_08_03;
Día 3:;;;Cabruja;pat.;;Dia 3: De Playas de San Juan, gol. 2ª Rosa, pat. Cabruja:;;2ª Rosa;gol.;1889_08_04;Playas de San Juan
;;N/A: ;Hanlon;cap.;;Mascotte, cap. Hanlon, tons. 520 43100, trip. 40, á as Lawton Hnos.-A las 7.-En lastre.;;Mascotte;;1889_08_04;
;;;Villalonga;pat.;;-Mariel, gol. María Magdalena, pat. Villalonga:;;María Magdalena;gol.;1889_08_04;Mariel
;;N/A: ;Unanul;pat.;;-Cárdenas, gol. María Josefa, pat. Unanul: con 40;;María Josefa;gol.;1889_08_04;Cárdenas
;;N/A: ;Bernaza;pat.;;-Dimas, gol. Amable Rosita, pat. Bernaza: con 700;;Amable Rosita;gol.;1889_08_04;
Día 4:;;N/A:  | N/A:  | N/A: ;Rettig;cap.;;Dia 4: De Veracruz y escalas, en 4 días, vap. amer. Niágara, cap. Rettig, tons. 1,667, trip. 55, á Hidalgo y;amer.;Niágara;vap.;1889_08_06;Veracruz
;;N/A:  | N/A:  | N/A: ;Kersabieck;cap.;;-Saint Nazaire y escalas, vap. franc. Saint Germain, cap. Kersabieck, tons. 2,292, trip. 150, á;franc.;Saint Germain;vap.;1889_08_06;Saint Nazaire
Día 4:;;N/A:  | N/A:  | N/A: ;Mc Intosh;cap.;;-Nueva-York, en 4 días, vap. amer. City of Alexandría, cap. Mc Intosh, tous. 1,652, trip. 58, á;amer.;City of Alexandría;vap.;1889_08_06;Nueva York
Día 6:;;N/A: ;Baker;cap.;;Dia 6: De Nueva-Orleans y escalas, en 5 días, vapor americano Hutchinson, cap. Baker, tons. 909193, tripulación 30, á Lawton y Hno.-A las 5.-Con carga general.;americano;Hutchinson;vapor;1889_08_07;Nueva-Orleans
;;;Hanlon;cap.;;Mascotte. cap. Hanlon, tons. 520143, trip. 40, á;;Mascotte;;1889_08_08;
Dia 9:;;N/A: ;Pierce;cap.;;Dia 9: De Nueva-York, en 5 días, vap. amer. City of Columbia, cap. Pierce, tons. 1,285, trip. 42, á Hidalgo y;amer.;City of Columbia;vap.;1889_08_10;Nueva-York
;;;Baste;cap.;;cap. Baste, tons. 1,616, trip. 80, á M. Calvo y;;;;1889_08_10;
Día 45:;;N/A:  | N/A:  | N/A: ;Pagés;cap.;;-Montevideo, en 45 días, berg. eap. Segundet, capitán Pagés, tons. 159, trip. 10, á Cano y Cp.-A;;eap. Segundet;berg.;1889_08_10;Montevideo
Día 4:;;N/A:  | N/A:  | N/A: ;Colton;cap.;;-Veracruz y escalas, en 4 días, vap. amer. Cienfue208, cap. Colton, tons. 1,630, trip. 58, á Hidalgo;amer.;Cienfue208;vap.;1889_08_11;Veracruz
;;;Hanlon;cap.;;Mascotte, cap. Hanlon, tons. 520143, trip. 40, á;;Mascotte;;1889_08_11;
;;;Barceló;cap.;;cap. Barceló, tons. 285, trip. 12, á Badía y Cp.;;;;1889_08_11;
Dia 11:;;N/A:  | N/A:  | N/A: ;Ugalde;cap.;;Dia 11: De Liverpool y escalas, en 29 días, vap. esp. Carolina, cap. Ugalde, tons 1,350, trip. 38. á Deulofeu,;esp.;Carolina;vap.;1889_08_13;Liverpool
Día 16:;null;N/A:  | N/A:  | N/A: ;Curtis;cap.;12-10-2023;Dia 12. De Nueva-York, en 4 días, vap. amer. Saratoga, capitán Curtis, tons. 1.692, trip. 62, á Hidalgo y Cp.;amer.;Saratoga;vap.;1889_08_13;Nueva-York
Día 4:;;N/A:  | N/A:  | N/A: ;Chaquert;cap.;;-Veracruz y escalas, en 4 días, vapor-correo español Alfonso XII, cap. Chaquert, tons. 5,206, tripulación 135, á M. Calvo y Cp.-A las 62.-Con;español;Alfonso XII;vapor-correo;1889_08_13;Veracruz
;;N/A:  | N/A: ;Benítez;cap.;;Francisco, cap. Benítez, tons. 1.611, trip. 88, á;;;;1889_08_13;
Día 1:;;N/A:  | N/A:  | N/A: ;Rivero;cap.;;-Cayo-Hueso, en 1 dia, gol. amer. Lone Star, capitán Rivero, tons. 39, trip. 6, á L. Someillán é;amer.;Lone Star;gol.;1889_08_13;Cayo-Hueso
Día 13:;;N/A: ;San Emeterio;cap.;;Dia 13: De Cádiz y escalas, en 14 días, vapor-correo esp. Reina María Cristina, cap. San Emeterio, tons. 3,633,;esp.;Reina María Cristina;vapor-correo;1889_08_14;Cádiz
Día 14:;;N/A: ;Pierce;cap.;;Dia 14: De Cárdenas, en 12 horas, vap. amer. City of Columbia, cap. Pierce, tons. 1,285, trip. 42, á Hidalgo y;amer.;City of Columbia;vap.;1889_08_15;Cárdenas
;;N/A:  | N/A:  | N/A: ;Carmona;cap.;;Méndez Núñez, cap. Carmona, tons. 1,315, tripulación 59, á M. Calvo y Comp.-A las 6.-Con;;;;1889_08_15;
;;;Hanlon;cap.;;Mascotte, cap. Hanlon, tons. 520143, trip. 39, á;;Mascotte;;1889_08_15;
;;N/A:  | N/A:  | N/A: ;Cox;cap.;;Prince, cap. Cox, tons. 1,198, trip. 20, á Luis V.;;Prince;;1889_08_15;
Día 16:;;N/A:  | N/A:  | N/A: ;Leighton;cap.;;Dia 16: De Nueva-York, en 5 días, vap. amer. City of Atlanta, cap. Leighton, tons. 1,115, trip. 40, á HiHidalgo y Comp.-A las 6.-Con carga general.;amer.;City of Atlanta;vap.;1889_08_17;Nueva-York
;;;Kersabiec;cap.;;cap. Kersabiec, tons. 2,292, trip. 150, á Bridat,;;Bridat;tons.;1889_08_17;
;;N/A:  | N/A:  | N/A: ;Staples;cap.;;amer. Aransas, cap. Staples, tons. 678, trip. 31, á;amer.;;;1889_08_17;Aransas
;;N/A: ;Mc Intohs;cap.;;Alexandría, cap. Mc Intohs, tons. 1,652 081100,;;;;1889_08_18;Alexandría
;;;Hanlon;cap.;;Mascotte, cap. Hanlon, tons. 520 431100, trip. 39,;;Mascotte;;1889_08_18;
Día 30:;;N/A: ;Ors;cap.;;-Barcelona y escalas en 30 días, vap. esp. Hernán Cortés, cap. Ors, tons 2112. trip. 58, pasajeros 45, cón carga general, á C. Blanch y Compañía.;esp.;Hernán Cortés;vap.;1889_08_18;Barcelona
Día 18:;;N/A:  | N/A:  | N/A: ;Llorca;cap.;;Dia 18: De Nueva-Orleans, en 2 días, vap. esp. Pío IX. capitán Llorca, tons. 2,658, trip. 61, á Codes, Loychate y Comp.-A las 6.-Con carga de tránsito.;esp.;Pío IX;vap.;1889_08_20;Nueva-Orleans
Día 4:;;N/A:  | N/A:  | N/A: ;Venero;cap.;;-Veracruz y escalas, en 4 días, vapor-correo español Alfonso XIII, cap. Venero, tons. 3,585, tripulación 147, á M. Calvo Op.-A las 6.-Con;español;Alfonso XIII;vapor-correo;1889_08_20;Veracruz
Día 33:;;N/A: ;Vae lo;cap.;;-Barcelona y escalas, en 33 días, vap. esp. Castilla, cap. Vae lo, tons. 1,604, trip. 39, á Jané, Pascual y y Comp.-A las 74.-Con carga general.;esp.;Castilla;vap.;1889_08_20;Barcelona
;;;Alsina;cap.;;cap. Alsina, tons. 499, trip. 14, á Fabra y Comp.;;;;1889_08_21;
Dia 20:;;N/A:  | N/A:  | N/A: ;Leighton;cap.;;Dia 20: De Sagua, en 1 dia, vap. amer. City of Atlanta, capitán Leighton, tons. 1,154, trip. 38. á Hidalgo y;amer.;City of Atlanta;vap.;1889_08_21;Sagua
;;;Hanlon;cap.;;Mascotte, cap. Hanlon, tons. 520143, trip. 39, á;;Mascotte;;1889_08_22;
;;N/A:  | N/A:  | N/A: ;J. Mas;cap.;;último, berg. esp. Mayagüez, cap. J. Mas, toneladas 311, trip. 10, á Jané, Pascual y Comp.-A;esp.;Mayagüez;berg.;1889_08_22;
;;;Fwomey;cap.;;cap. Fwomey, tons. 132, trip. 7, á César Díaz.;;;;1889_08_22;
;;N/A:  | N/A: ;Sosvilla;cap.;;bea, esp. Verdad, cap. Sosvilla, tons. 436, tripulación 19, á Galbán, Rio y Cp.-A las 12.-Con;esp.;Verdad;bea;1889_08_22;
;;N/A: ;Dechailie;cap.;;Iquem, cap. Dechailie, tons. 3,109, trip. 92, pasajeros 50, con carga general, á Bridat, Mont' Ros;;Iquem;;1889_08_23;
Día 4:;;N/A:  | N/A:  | N/A:  | N/A: ;Stevens;cap.;;-Nueva-York, en 4 días, vap. amer. Séneca, capitán Stevens, tons. 1,912, trip. 46, pasaj. 13, con;amer.;Séneca;vap.;1889_08_23;Nueva York
Día 23:;;;Urisa;cap.;;-Liverpool y escalas en 23 días vap. esp. Murciano, cap. Urisa, ton. 1552, trip. 35, á Blanch y Cp.;esp.;Murciano;vap.;1889_08_23;Liverpool
;;;Hanlon;cap.;;Mascotte, cap. Hanlon, tons. 520143, trip. 39, á;;Mascotte;;1889_08_25;
Día 4:;;N/A:  | N/A:  | N/A: ;Curtis;cap.;;-Veracruz y escalas, en 4 días, vap. amer. Saratoga, cap. Curtis, tons. 1,806, trip. 60, á Hidalgo y;amer.;Saratoga;vap.;1889_08_25;Veracruz
Día 26:;;N/A: ;Alegría;cap.;;Dia 26: De Liverpool y Santander, en 23 días, vap. esp, Leonora, cap. Alegría, tons. 1,806, trip. 39, á Deulofeu, hijo y Cp.-A las 6.-Con carga general.;esp;Leonora;vap.;1889_08_27;Liverpool y Santander
;;N/A:  | N/A:  | N/A: ;Colton;cap.;;cap. Colton, tons. 1,630, trip. 58, á Hidalgo y Cp.;;;tons.;1889_08_27;
;;N/A:  | N/A:  | N/A: ;Genis;cap.;;de Luzón, cap. Genis, tons. 3,580, trip. 120, á M.;;;;1889_08_28;Luzón
;;;Hanlon;cap.;;Mascotte, cap. Hanlon, tons. 520143, trip. 40, á;;Mascotte;;1889_08_29;
Dia 29:;;N/A:  | N/A: ;Pierce;cap.;;Dia 29: De Nueva York, en 4 días, vap. amer. City of Columbia, cap. Pierce, tons. 1,285, trip. 40, á Hidalgo y Comp.-A las 9.-Con carga general.;amer.;City of Columbia;vap.;1889_08_30;Nueva York
Día 4:;;N/A: ;Carmona;cap.;;-Veracruz y escalas, en 4 días, vapor-correo español Ciudad Condal, cap. Carmona, tons. 1,615,;español;Ciudad Condal;vapor-correo;1889_08_30;Veracruz
;;N/A: ;Ors;cap.;;cap. Ors, tons. 2,112, trip. 57, con carga general,;;;;1889_08_31;
;;N/A:  | N/A: ;Echevarría;cap.;;Larrinaga, cap. Echevarría, tons. 2,083, trip. 38,;;;;1889_08_31;
Día 37:;;N/A: ;Bengoa;cap.;;-Hamburgo y escalas, en 37 días, vap. esp. Saturnina, cap. Bengoa, ten. 1785, tri. 88, á Codes, Loychate y Comp.-A las 122.-Con carga general.;esp.;Saturnina;vap.;1889_08_31;Hamburgo
;;;Johnson;cap.;;cap. Johnson, tons. 508, trip. 10, á L. V. Placé.;;;;1889_08_31;
;;N/A: ;Cabrera;cap.;;bea esp. Triunfo, cap. Cabrera, tons. 232, tripulación 15, á A. Serpa.-A las 6.-Con carga general.;esp.;Triunfo;bea;1889_09_01;
;;;B. F. Hall;cap.;;Mascotte, cap. B. F. Hall, tons. 520143, trip. 40,;;Mascotte;;1889_09_01;
Día 16:;;N/A:  | N/A:  | N/A: ;Theile;cap.;;-Hamburgo y Havre, en 16 días, vap. alem. Allemania, cap. Theile, tons. 1,375, trip. 34, á Falk,;alem.;Allemania;vap.;1889_09_01;Hamburgo y Havre
Día 23:;;N/A:  | N/A:  | N/A: ;Jaume;cap.;;-Santa Cruz de las Palmas, en 23 días, barca española María, cap. Jaume, tons. 239, trip. 16, a A.;española;María;barca;1889_09_01;Santa Cruz de las Palmas
Día 5:;;N/A:  | N/A:  | N/A: ;Hausen;cap.;;-Veracruz y escalas, en 5 días, vap. amer. Niágara, cap. Hausen, tons. 1,650, trip. 55, á Hidalgo;amer.;Niágara;vap.;1889_09_01;Veracruz
Día 19:;19-09-YYYY;N/A:  | N/A:  | N/A: ;Canán;cap.;;Dia 19 de septiembre: De Barcelona, en 39 días, bca. esp. María, cap. Canán, tons. 622, trip. 12, á J. Balcells y Comp.-A;esp.;María;bca.;1889_09_03;Barcelona
Día 10:;;N/A:  | N/A:  | N/A: ;Lee;cap.;;-Pazcagoula, en 10 días, gol. amer. Lena R. Stover, cap. Lee, tons. 238, trip. 7, á Rafael Pérez;amer.;Lena R. Stover;gol.;1889_09_03;Pazcagoula
Día 2:;;N/A:  | N/A:  | N/A: ;Mc Intosh;cap.;;Dia 2: De Nueva-York, en 4 días, vap. amer. City of Alexandría, cap. Mc Intosh, tons. 1,652, trip. 58, á;amer.;City of Alexandría;vap.;1889_09_03;Nueva-York
Día 1:;;N/A:  | N/A:  | N/A: ;Carballo;cap.;;-Cayo-Hueso, en 1 dia, gol. Lone Star, cap. Carballo, tons. 39, trip. 6, á L. Someillán é hijo.-A;;Lone Star;gol.;1889_09_03;Cayo-Hueso
Día B:;;N/A:  | N/A: ;Maxson;cap.;;Dia B: De Nueva-Orleans y escalas, en 5 días, vapor americano Aransas, cap. Maxson, tons. 678173, trip. 32,;americano;Aransas;vapor;1889_09_04;Nueva-Orleans
;;;N. Johnson;cap.;;Gower, cap. N. Johnson, tons. 241117, trip. 6, á;;;;1889_09_04;
;;;B. F. Hall;cap.;;Mascotte, cap. B. F. Hall, tons. 520143, trip. 39,;;Mascotte;;1889_09_05;
Día 4:;;N/A:  | N/A:  | N/A:  | N/A:  | N/A: ;Nouvellon;cap.;;Dia 4: De Saint Nazaire y Santander, en 13 días, vap. francés Lafayette, cap. Nouvellon, tons. 1,774, tripulación 154, á Bridat, Mont' Ros y Comp.-A las;francés;Lafayette;vap.;1889_09_06;Saint Nazaire y Santander
Día 5:;;N/A:  | N/A:  | N/A: ;Maxson;cap.;;Dia 5: De Cayo-Hueso, en dia, vap. amer. Aransas, capitán Maxson, tons. 678, trip. 32, á Lawton y Hnos.;amer.;Aransas;vap.;1889_09_06;Cayo-Hueso
Día 6:;;N/A:  | N/A: ;Pierce;cap.;;-Cárdenas, en 12 horas, vapor amer. City of Columbia, cap. Pierce, tons. 1,285, trip. 40, á Hidalgo y Comp.-A las 6.-De tránsito.;amer.;City of Columbia;vapor;1889_09_06;Cárdenas
Día 4:;;N/A:  | N/A:  | N/A:  | N/A: ;Leighton;cap.;;-Nueva-York, en 4 días, vap. amer. City of Atlanta, cap. Leighton, tons. 1,154, trip. 38, á Hidalgo y Comp. A las 9.-Con carga general.;amer.;City of Atlanta;vap.;1889_09_06;Nueva-York
Día 6:;;N/A:  | N/A: ;Resalt;cap.;;Dia 6: De Santander y escalas, en 17 días, vapor-correo español Vizcaya, cap. Resalt, tons. 1,581, trip. 96,;español;Vizcaya;vapor-correo;1889_09_07;Santander
;;;González;cap.;;cap. González, tons. 38, trip. 7, á M. Suárez-A;;;;1889_09_07;
;;N/A:  | N/A:  | N/A: ;Hall;cap.;;Mascotte, cap. Hall, tons. 520, trip. 39, á Lawton;;Mascotte;;1889_09_08;
Día 4:;;N/A: ;Colton;cap.;;- Veracruz y escalas en 4 dias, vap. amer. Cienfuegos, cap. Colton, tons. 1630130, trip. 60, á Hidalgo y Cp.-A las 11-Con carga de tránsito.;amer.;Cienfuegos;vap.;1889_09_08;Veracruz
;;N/A:  | N/A:  | N/A: ;López;cap.;;Baldomero Iglesias, cap. López, tons. 1,114, tripulación 62, á M. Calvo y Comp.-A las 61.-Con;;;;1889_09_10;
Día 4:;;N/A:  | N/A:  | N/A: ;Genis;cap.;;Veracruz y escalas, en 4 días, vapor-correo español Isla de Luzón, cap. Genis, tons. 2,580, tripuJación 117, á M. Calvo y Comp.-A las 7.-Con;español;Isla de Luzón;vapor-correo;1889_09_10;Veracruz
Día 4:;;N/A:  | N/A:  | N/A: ;Rettig;cap.;;Ina 9: De Nueva York, en 4 días, vap. amer. Saratoga, capitán Rettig, tons. 1,692, trip. 62, á Hidalgo y;amer.;Saratoga;vap.;1889_09_10;Nueva York
;;N/A:  | N/A:  | N/A: ;Dechaille;cap.;;Iquem, cap. Dechaille, tons. 3,108, trip. 92, á;;Iquem;;1889_09_11;
;;;Leighton;cap.;;cap. Leighton, tons. 1,155, trip. 38, á Hidalgo y;;;;1889_09_11;
;;;Hall;cap.;;Mascotte, cap. Hall, tons. 520143, trip . 40, á Lawton Hnos.-A las 7.-En lastre.;;Mascotte;;1889_09_12;
Día 55:;;N/A:  | N/A:  | N/A: ;Cisa;cap.;;-Salte Oriental (B. A.), en 55 días, bea. esp. María, cap. Cisa, tons. 273, trip. 12, á J. Balcells y;esp.;María;bea.;1889_09_12;Salte Oriental (B. A.)
Día 4:;;N/A:  | N/A:  | N/A: ;Stevens;cap.;;-Nueva-York, en 4 días, vap. amer. Séneca, capitán Stevens, tons. 1,200, trip. 46, á Hidalgo y;amer.;Séneca;vap.;1889_09_13;Nueva York
Dia 13:;;N/A:  | N/A:  | N/A: ;Jaureguízar;cap.;;Dia 13: De Cádiz y escalas, en 14 días. vapor-correo esp. Cataluña, cap. Jaureguízar, tons. 2.217, trip. 119, á;esp.;Cataluña;vapor-correo;1889_09_15;Cádiz
;;N/A: ;Hall;cap.;;Mascotte, cap. Hall, tons. 52013, trip. 40, á Lawton Hnos.-A las 7.-Con pescado en hielo.;;Mascotte;;1889_09_15;
;;N/A:  | N/A:  | N/A: ;Mc Intosh;cap.;;of Alexandría, cap. Mc Intosh, tons. 1,652, tripulación 61, á Hidalgo y Comp.-A las 7-De;;;;1889_09_15;Alexandría
;;;Carmona;cap.;;cap. Carmona, tons. 1,616, trip. 81, á M. Calvo y;;;;1889_09_17;
;;;Maristany;cap.;;cap. Maristany. tons. 306, trip. 12, á J. Balcells y;;;;1889_09_17;
;;;Fooney;cap.;;cap. Fooney, tons. 132, trip. 6, á C. Díaz.-A las;;;;1889_09_17;
Día 3:;;N/A:  | N/A:  | N/A: ;Nouvellón;cap.;;-Veracruz, en 3 días, vap. franc: Lafayette, capitán Nouvellón, tons. 1,774, trip. 154, á Bridat,;franc;Lafayette;vap.;1889_09_17;Veracruz
;;N/A:  | N/A:  | N/A: ;Cirarda;cap.;;cap. Cirarda, tons. 2,122, trip. 39, à Deulofeu,;;;;1889_09_17;
;;;Luzárraga;cap.;;cap. Luzárraga, tons. 1,471, trip. 39, á Deulofeu,;;;;1889_09_18;
Día 5:;;N/A:  | N/A:  | N/A: ;Hausen;cap.;;-Nueva-York, on 5 días, vap. amer. Niágara, capitán Hausen, tons. 1,667, trip. 56. á Hidalgo y;amer.;Niágara;vap.;1889_09_18;Nueva York
Día 25:;;N/A:  | N/A:  | N/A: ;Tellería;cap.;;-Liverpool y escalas, en 25 días, vap. esp. Eúskaro, cap. Tellería, tons. 1,396, trip. 35, á C. Blanch;esp.;Eúskaro;vap.;1889_09_20;Liverpool
;;N/A:  | N/A: ;Cox;cap.;;Indian Prince, cap. Cox, tons. 1,199, trip. 21, á;;Indian Prince;;1889_09_20;
Dia 19:;;N/A:  | N/A:  | N/A: ;Nacher;cap.;;Dia 19: De Barcelona y escalas, en 32 días, vap. esp. Cristóbal Colón, cap. Nacher, tons. 1,742, trip. 55, á C.;esp.;Cristóbal Colón;vap.;1889_09_21;Barcelona
;;N/A: ;Hall;cap.;;Mascotte, cap. Hall, tons. 520143, trip. 40, á Lawton Hnos.-A las 11.-Con carga general.;;Mascotte;;1889_09_22;
;;;Gelats;cap.;;cap. Gelats, tons. 260, trip. 11, á N. Gelats y;;;;1889_09_22;
Día 22:;;N/A:  | N/A:  | N/A: ;Rettigg;cap.;;Dia 22: De Veracruz y escalas, en 4 días, vap. amer. Saratoga, cap. Rettigg, tons. 1,692, trip. 67, á Hidalgo y;amer.;Saratoga;vap.;1889_09_24;Veracruz
;;N/A:  | N/A: ;Colton;cap.;;cap. Colton, tons. 1,630, trip. 58, á Hidalgo y Cp.;;;tons.;1889_09_24;
Día 25:;;N/A:  | N/A:  | N/A: ;Munro;cap.;;-Cardiff, en 25 días, vapor inglés Stag, cap. Munro, tons. 1,338, trip. 23, á M. Calvo y Comp.-A;ing.;Stag;vapor;1889_09_24;Cardiff
;;;Garteiz;cap.;;cap. Garteiz, tons. 764, trip. 32, á Deulofeu, hijo;;;;1889_09_26;
Día 6:;;N/A:  | N/A:  | N/A: ;Staples;cap.;;-Nueva-Orleans y escalas, en 6 días, vapor americano Aransas, cap. Staples, tons. 678, trip. 32, á;americano;Aransas;vapor;1889_09_26;Nueva Orleans
;;N/A:  | N/A:  | N/A: ;Moreno;cap.;;Iglesias, cap. Moreno, tons. 1,114, trip. 62, á M.;;;;1889_09_26;
Día 1:;;N/A:  | N/A:  | N/A: ;Carballo;cap.;;-Cayo-Hueso, en 1 dia, gol. amer. Lone Star, capitán Carballo, tons. 39, trip. 6, á L. Someillán é;amer.;Lone Star;gol.;1889_09_26;Cayo-Hueso
;;N/A:  | N/A:  | N/A: ;Hall;cap.;;Mascotte, cap. Hall, tons. 520, trip. 37, á Lawton;;Mascotte;;1889_09_26;
Dia 25:;;N/A: ;Leighton;cap.;;Dia 25: De Nueva-York. en 5 días, vap. amer. City of Atlant, cap Leighton, tons. 1,154186, rip. 4. á Hidalgo y Comp.-A las 51.-Con carga general.;amer.;City of Atlant;vap.;1889_09_27;Nueva-York
;;N/A:  | N/A:  | N/A: ;Gardón;cap.;;Ciudad de Cádiz, cap. Gardón, tons. 3,174, ttipalación 114. á M. Calvo y Comp.-A las 9 de la;;;;1889_09_27;Ciudad de Cádiz
;;N/A:  | N/A: ;Staples;cap.;;cap. Staples, tons. 678. trip. 32, á Lawton Hnos.;;Lawton Hnos.;;1889_09_28;
;;;Stelphen;cap.;;cap. Stelphen, tons. 208, trip. 7, á Velázquez,;;;;1889_09_28;
;;N/A: ;Hall;cap.;;Mascotte, cap. Hall, tons. 520143, trip. 40, á Lawton y Hnos. A las 8.-Con carga general.;;Mascotte;;1889_09_29;
;;;M. Suárez;cap.;;cap. Griffin, tons. 59178, trip. 5, á M. Suárez.-A;;Griffin;tons.;1889_09_29;
Día 28:;;N/A:  | N/A:  | N/A: ;Astienza;cap.;;-Liverpool y escalas, en 28 días, vap. esp. Buenaventura, cap. Astienza, tons. 1,331, trip. 33, á;esp.;Buenaventura;vap.;1889_09_29;Liverpool
Día 20:;;N/A:  | N/A: ;Fröcchluk;cap.;;-Hamburgo y escalas, en 20 días, vap. alem. Ascania, cap. Fröcchluk, tons. 1.487, trip. 34, á;alem.;Ascania;vap.;1889_09_29;Hamburgo
Dia 28:;;N/A: ;Carmona;cap.;;Dia 28: De Veracruz y Progreso, en 4 días, vapor-correo español Cindad Condal, cap. Carmona, tons. 1,616,;español;Cindad Condal;vapor-correo;1889_10_01;Veracruz y Progreso
Dia 29:;;N/A:  | N/A:  | N/A: ;Hausen;cap.;;Dia 29: De Veracruz y escalas, en 5 días, vap. amer. Niágara, cap. Hausen, tons. 1,667, trip. 61, á Hidalgo y;amer.;Niágara;vap.;1889_10_01;Veracruz
Dia 30:;;N/A:  | N/A: ;Llachón;cap.;;Dia 30: Del Havre y escalas, en 17 días, vapor francés Alexandre Bixio, cap. Llachón, tons. 1,473, trip. 55,;francés;Alexandre Bixio;vapor;1889_10_01;Del Havre y escalas
Día 4:;;N/A:  | N/A:  | N/A: ;Mo Intosh;cap.;;-Nueva-York, en 4 días. vap. amer. City of Alexandría, cap. Mo Intosh, tons. 1,650, trip. 64, á;amer.;City of Alexandría;vap.;1889_10_01;Nueva York
;;;Leighton;cap.;;cap. Leighton, tons. 1,155, trip. 40, á Hidalgo y;;;;1889_10_01;
Día 10:;;N/A:  | N/A:  | N/A: ;Garnecho;cap.;;-Pascagoula, en 10 días, bca. esp. María, cap. Garnecho, tons. 492, trip. 14, á R. P. Santa María.;esp.;María;bca.;1889_10_01;Pascagoula
Día 101:;;N/A:  | N/A:  | N/A: ;Owen;cap.;;-Lobos de Afuera, en 101 días, barca inglesa Cordelia, cap. Owen, tons. 598, trip. 14, & B. Piñón;inglesa;Cordelia;barca;1889_10_01;Lobos de Afuera
Día 10:;10-10-YYYY;N/A:  | N/A: ;Pagés;cap.;;Dia 10 de octubre: De Gualeguay y Matanzas, en 1 dia, berg esp. Agapito, cap. Pagés, tons. 236, trip. 6, á la orden.-A;esp.;Agapito;berg;1889_10_02;Gualeguay y Matanzas
;;N/A: ;Aldamis;cap.;;cap. Aldamis, trip. 39, tons. 1,837: con carga general, á Deulofen, hijo y Comp.-A las 9;;;;1889_10_02;Deulofen
Dia 19:;;;Asteinza;cap.;;Dia 19: Para Matanzas y Cienfuegos, vap. esp. Buenaventura, cap. Asteinza.;esp.;Buenaventura;vap.;1889_10_03;Matanzas y Cienfuegos
;;N/A: ;Hall;cap.;;Mascotte, cap. Hall, tons. 520143, trip. 40, á Lawton y Hnos.-A las 7.-Con carga.;;Mascotte;;1889_10_03;
Día 12:;;N/A: ;Davey;cap.;;-Filadelfia y Cárdenas, en 12 horas del último, vapor inglés Adandhu, cap. Davey, tons. 732, tripulación 15, à L. V. Placé.-A las 6.-Con carga;ing.;Adandhu;vapor;1889_10_04;Filadelfia
Día 104:;;N/A:  | N/A: ;Headwrell;cap.;;-Lobos de Afuera, en 104 dias, fragata inglesa Regent, cap. Headwrell, tons. 1,289, á B. Piñón y Comp. A las 12. -De Glasgow, en 19 días, vapor inglés Fort William, cap. Pearson, tons, 1,179, trip. 25, á Higgins y Comp.-A las 4.-Con carga general.;inglesa;Regent;fragata;1889_10_04;Lobos de Afuera
;;;Larrinaga;cap.;;cap. Larrinaga, tons. 1,822, trip. 38, á Codes,;;;;1889_10_05;
;;N/A:  | N/A: ;Abrisqueta;cap.;;M. Pinillos, cap. Abrisqueta, tons. 2998, tríp. 52,;;;;1889_10_05;
;;;Hall;cap.;;Mascotte, cap. Hall, tons. 520143, trip. 40, á Lawton y Hnos.-A las 7.-En lastre.;;Mascotte;;1889_10_06;
;;N/A:  | N/A:  | N/A:  | N/A:  | N/A: ;Kersabiec;cap.;;Saint Germain, cap. Kersabiec, tons. 2,292, tripulación 152, á Brídat, Mont'ros y Comp.-A las;;Saint Germain;;1889_10_08;
Día 15:;;N/A: ;Chaquert;cap.;;-Santander y escalas, en 15 días, vapor- correo español Alfonso XII, cap. Chaquert, tons. 5,206,;español;Alfonso XII;vapor;1889_10_08;Santander
;;;Bonet;cap.;;cap. Bonet, tons. 1.613, trip. 35, á Deulofeu, hijo;;;;1889_10_08;
Día 3:;;N/A:  | N/A:  | N/A: ;Colton;cap.;;-Veracruz y escalas, en 3 días, vap. amer. Cienfuegos, cap. Colton, tons. 1,630, trip. 60. á Hidalgo y Comp.-A las 11.-Con carga general.;amer.;Cienfuegos;vap.;1889_10_08;Veracruz
Día 7:;;N/A:  | N/A:  | N/A: ;Rettig;cap.;;Día 7: Do Nueva-York, en 4 días, vap. amer. Saratoga, capitán Rettig, tons. 1,692, trip. 62, á Hidalgo y;amer.;Saratoga;vap.;1889_10_08;Nueva-York
;;N/A:  | N/A: ;López;cap.;;Méndez Núñez, cap. López, tons. 1,315, trip. 82,;;;;1889_10_08;
Día 9:;;N/A:  | N/A:  | N/A: ;Ozamis;cap.;;Dia 9: Do Liverpool y esealas, en 20 días, vap. esp. Castellanos, cap. Ozamis, tons. 1.381, trip.  31, á C.;esp.;Castellanos;vap.;1889_10_10;Liverpool
;;;Hall;cap.;;Mascotte, cap. Hall, tons. 520143, trip. 40, á Lawton y Hnos.-A las 7.;;Mascotte;;1889_10_10;
Dia 10:;;N/A:  | N/A: ;Pierce;cap.;;Dia 10: De Nueva-York, en 4 días, vap. amer. Oity of Columbia, cap. Pierce, tons. 1,285102, trip. 39, á;amer.;Oity of Columbia;vap.;1889_10_11;Nueva-York
;;;César Díaz;cap.;;cap. Diaz, tons. 132, trip. 7, á César Díaz .- A;;;;1889_10_11;
Día 11:;;N/A:  | N/A:  | N/A: ;Garteiz;cap.;;Dia 11: De Liverpool y escalas, en 17 días, vap. esp. Federico, cap. Garteiz, tons. 1,459, trip. 39. á Deulofeu,;esp.;Federico;vap.;1889_10_12;Liverpool
Dia 12:;;N/A:  | N/A:  | N/A: ;Díaz;cap.;;Dia 12: De Vigo y escalas, en 31 días, vapor-correo esp. España, cap. Díaz, tons. 1,836, trip. 89, á M. Calvo;esp.;España;vapor-correo;1889_10_13;Vigo
;;N/A: ;Hall;cap.;;Mascotte, cap. Hall, tons. 520143, trip. 40, á Lawton y Hnos.-A las 9.-Con carga general.;;Mascotte;;1889_10_13;
;;N/A:  | N/A:  | N/A: ;Mc Intosh;cap.;;of Alexandría, cap. Mc Intosh, tons. 1,650, tripulación 64, á Hidalgo y Comp.-A las 10.-Con;;;;1889_10_13;Alexandría
Día 13:;;N/A: ;Aberásturi;cap.;;Dia 13: De Liverpool y escalas, en 15 días, vap. esp. Enrique, cap. Aberásturi, tons. 1,571, trip. 40, á Deulofeu, hijo y Comp.-A las 7.-Con carga general.;esp.;Enrique;vap.;1889_10_15;Liverpool
;;N/A:  | N/A:  | N/A: ;Lothiam;cap.;;cap. Lothiam, tons. 1,576, trip. 20, á M. Calvo y;;;;1889_10_15;
Dia 14:;;N/A: ;Baker;cap.;;Dia 14: De Nueva-Orleans y escalas, en 6 días, vapor americana Hutchinson, cap. Baker, tons. 909193, tripulación 32, á Lawton Hnos.-A las 61.-Con carga;;Hutchinson;vapor;1889_10_15;Nueva-Orleans
Día 22:;;N/A:  | N/A:  | N/A: ;Goicoechea;cap.;;-Liverpool y escalas, en 22 días, vap. esp. Gaditano, cap. Goicoechea, tons. 1,710, trip. 35, & C.;esp.;Gaditano;vap.;1889_10_15;Liverpool
Día 1:;;N/A:  | N/A:  | N/A: ;Carballo;cap.;;-Cayo-Hueso, en 1 dia, gol. amer. Lone Star, capitán Carballo, tons. 39, trip. 6, á L. Someillán é;amer.;Lone Star;gol.;1889_10_15;Cayo-Hueso
Día 4:;;N/A: ;Moreno;cap.;;-Veracruz y escalas, en 4 días, vapor-correo español Baldomero Iglesias, cap. Moreno, tons. 1,114,;español;Baldomero Iglesias;vapor-correo;1889_10_16;Veracruz
Día 2:;;N/A:  | N/A:  | N/A: ;De Kersabiec;cap.;;Veracruz, en 2 días, vapor francés Saint Germain, cap. De Kersabiec, tons. 2,292, trip. 150, á;francés;Saint Germain;vapor;1889_10_16;Veracruz
Día 4:;;N/A:  | N/A:  | N/A: ;Carmona;cap.;;-Nueva-York, en 4 días, vap. esp. Ciudad Condal, capitán Carmona, tons. 1,615, trip. 80, & M.;esp.;Ciudad Condal;vap.;1889_10_16;Nueva York
Día 16:;;N/A:  | N/A:  | N/A: ;Hall;cap.;;Dia 16: -Tampa y Cayo-Hueso, en 1 días, vap. americano Mascotte, cap. Hall, tons. 520143, trip. 40, á Lawton y Hnos.-A las 7.;americano;Mascotte;vap.;1889_10_17;Tampa y Cayo-Hueso
;;N/A:  | N/A:  | N/A: ;Staples;cap.;;amer. Aransas, cap. Staples, tons. 678, trip. 32, á;amer.;;;1889_10_18;Aransas
Día 5:;;N/A: ;Pierce;cap.;;-Cárdenas, en 5 horas, vap. amer. City of Columbia, cap. Pierce, tons. 1,285, trip. 39, á Hidalgo y;amer.;City of Columbia;vap.;1889_10_18;Cárdenas
;;N/A:  | N/A:  | N/A: ;Izaguirre;cap.;;Veracruz, cap. Izaguirre, tons. 2,749, trip. 109, á;;;;1889_10_18;Veracruz
Día 4:;;N/A:  | N/A:  | N/A:  | N/A: ;Leighton;cap.;;-Nueva-York, en 4 días, vap. amer. City of Atlanta, cap. Leighton, tons. 1,154, trip. 38, & Hidalgo y Comp.-A las 9.-Con carga general.;amer.;City of Atlanta;vap.;1889_10_18;Nueva-York
Día 4:;;N/A:  | N/A:  | N/A:  | N/A:  | N/A: ;Le Lauchon;cap.;;-Veracruz en 4 dias vapor francés Alexandre Bixio, cap. Le Lauchon, tons. 1472, trip. 56, á Bridat, Mont' Ros y C. á las 12.;francés;Alexandre Bixio;vapor;1889_10_18;Veracruz
;;N/A:  | N/A:  | N/A: ;Lachondo;cap.;;cap. Lachondo, tons. 2.064, trip. 38, á Deulofeu,;;;;1889_10_19;
;;;Leihgton;cap.;;Atlanta, cap. Leihgton, tons. 1,154, trip. 40, a;;Atlanta;;1889_10_22;
Día 123:;;N/A:  | N/A:  | N/A: ;De Boer;cap.;;-Lobos de Afuera, en 123 días, bea. alemana Margaretha, cap. De Boer, tons. 747, trip. 14, á B.;alemana;Margaretha;bea.;1889_10_22;Lobos de Afuera
Día 22:;;N/A:  | N/A:  | N/A: ;Abril;cap.;;Dia 22: De Montevideo, en 51 días, berg. esp. C'otilde, capitán Abril, tons. 278, trip. 11, á J. Balcells y Cp.;esp.;C'otilde;berg.;1889_10_23;Montevideo
;;N/A:  | N/A:  | N/A: ;Llorca;cap.;;de León, cap. Llorca, tons. 2.085, trip. 60, á C.;;;;1889_10_23;León
Dia 22:;;N/A:  | N/A:  | N/A: ;Reynolds;cap.;;Dia 22: De Nueva-York, en 4 días, vap. amer. City of Washington, cap. Reynolds, tons. 1,649, trip. 66, á;amer.;City of Washington;vap.;1889_10_24;Nueva-York
Día 71:;;N/A: ;Hall;cap.;;Mascotte, cap. Hall, tons. 520143, trip. 40, á Lawton y Hnos.-A las 71.-En lastre.;;Mascotte;;1889_10_24;
;;;Martí;cap.;;esp. M. L. Villaverde, cap. Martí, tons. 951, tripulación 55, á M. Calvo y Comp-A las 6.-Con;esp.;M. L. Villaverde;;1889_10_25;
Día 25:;;N/A:  | N/A:  | N/A: ;Stevens;cap.;;Día 25: De Nueva-York, en 4 días, vap. amer. Séneca, capitán Stevens, tons. 1,912, trip. 46, á Hidalgo y Cp.;amer.;Séneca;vap.;1889_10_26;Nueva-York
Día 41:;;N/A:  | N/A:  | N/A: ;López;cap.;;-Nueva-York, en 41 dias, vap. esp. Méndez Núñez, cap. López, tons. 1,503, trip. 81, á M. Calvo;esp.;Méndez Núñez;vap.;1889_10_26;Nueva-York
;;N/A:  | N/A:  | N/A: ;Hall;cap.;;Mascotte, cap. Hall, tons. 520. trip. 40, á Lawton;;Mascotte;;1889_10_27;
Día 5:;;N/A:  | N/A:  | N/A: ;Hansen;cap.;;-Veracruz y escalas, en 5 días, vap. amer. Niágagara, cap. Hansen, tons. 1,667, trip. 55, á Hidalgo y Comp.-A las 9.;amer.;Niágagara;vap.;1889_10_27;Veracruz
Día 19:;;N/A: ;Arribi;cap.;;-Hamburgo y Amberes, en eni 19 días, vap. esp. Francisca, cap. Arribi, tons. 1,839, trip. 39, à Deulofen, hijo y Comp.-A las 11.-Con carga general.;esp.;Francisca;vap.;1889_10_29;Hamburgo y Amberes
;;;Evans;cap.;;cap. Evans tons. 1,306, trip. 21, á B. Piñón y;;;;1889_10_29;
Día 28:;;N/A: ;Ungalde;cap.;;Día 28: De Liverpool y escalas, en 16 días, vap. esp. Carolina, cap. Ungalde, tons. 1,350, trip. 39, á Deulofeu, hijo y Comp -A las 6.-Con carga general.;esp.;Carolina;vap.;1889_10_29;Liverpool
Día 4:;;N/A:  | N/A:  | N/A: ;Me Intosh;cap.;;-Nueva-York, en 4 días, vap. amer. City of Alexandría, cap. Me Intosh, tons. 1,652, trip. 58, á;amer.;City of Alexandría;vap.;1889_10_29;Nueva York
;;N/A:  | N/A:  | N/A: ;Carmona;cap.;;Condal, cap. Carmona, tons. 1616, trip. 80 á M.;;Condal;;1889_10_29;
;;N/A:  | N/A:  | N/A: ;Linares;cap.;;Murga, cap. Linares, tons. 294, trip. 12 á Fabra;;;;1889_10_29;
Día 29:;;N/A:  | N/A:  | N/A: ;Lerroy;cap.;;Día 29: Del Havre y escalas, en 18 días, vapor francés Flachat, cap. Lerroy, tons. 1,473, trip. 56, á Bridat,;francés;Flachat;vapor;1889_10_30;Del Havre
Día 5:;;N/A:  | N/A: ;Baker;cap.;;-Nueva-Orleans y escalas, en 5 días, vapor americano Hntchinson, cap. Baker, tons. 909, trip. 34,;americano;Hntchinson;vapor;1889_10_30;Nueva Orleans
Día 21:;;N/A:  | N/A:  | N/A: ;Matheus;cap.;;-Boston, en 21 días, gol. amer. F. N. Stone, capitán Matheus, tons. 374, trip. 7, á Gabriel Sastre.;amer.;F. N. Stone;gol.;1889_10_30;Boston
Día 29:;;;A. B. Barkeaux;cap.;;Día 29: De Port William, (N. E.) en 13 días, gol. ing. Evolution, cap. A. B. Barkeaux, tons. 173, trip 7, á;ing.;Evolution;gol.;1889_10_31;Port William
Día 30:;;N/A: ;Mc Kay;cap.;;Día 30: De Tampa y Cayo-Hueso, en 7 horas del último, vapor americano Olivette, cap. Mc Kay. tons. 1,104,;americano;Olivette;vapor;1889_10_31;Tampa y Cayo-Hueso
;;;Fwoney;cap.;;cap. Fwoney, tons. 132, trip. 8, á César Díaz.-A;;;;1889_10_31;
Día 17:;;N/A:  | N/A:  | N/A: ;Berry;cap.;;-Port of Canning, (N. E.) en 17 días, goleta inglesa Resolution, cap. Berry, tons. 144, trip. 6, á;inglesa;Resolution;goleta;1889_10_31;Port of Canning
Día 26:;;N/A: ;Arribalzaba;cap.;;A las 6.-Con azúcar de tránsito. -Liverpool y escalas, en 26 días, vap. esp. Gallego, cap. Arribalzaba, tons. 1,515, trip. 35, á C.;esp.;Gallego;vap.;1889_11_01;Liverpool
;;;Geo. Sanford;cap.;;Blanche, cap. Geo. Sanford. tons. 89, trip. 5, á;;Blanche;;1889_11_01;
Día 19:;;N/A:  | N/A:  | N/A:  | N/A:  | N/A: ;Pierce;cap.;;Día 19: De Nueva York, en 5 dias, vap. shef. Cils of Columbia, cap. Pierce, tons. 1.285. trip. 46, 11dalgo y Comp.-A las 6-Con carga general.;shef.;Cils of Columbia;vap.;1889_11_02;Nueva York
;;;Kenealy;cap.;;cap. Kenealy, tons. 138, trip. 6, à Lawton Hnos.;;;;1889_11_02;
;;N/A:  | N/A:  | N/A: ;Gorordo;cap.;;Wifredo, cap. Gorordo, tons. 2,765, trip. 65, á;;Wifredo;;1889_11_03;
Día 14:;;N/A:  | N/A: ;Mc Kay;cap.;;-Tampa y Cayo-Hueso, en 14 días, vapor americano Olivette, cap. Mc Kay, tons. 1,104, trip. 44,;americano;Olivette;vapor;1889_11_03;Tampa y Cayo-Hueso
Día 7:;;N/A: ;Beotegui;cap.;;cap. Beotegui, tons. 1,754, trip. 38, à Codes, Loychate y Comp.-A las 7-Con carga general.;;;;1889_11_03;
Día 3:;;N/A: ;Rettig;cap.;;-Nueva-York, en 3 días y 22 horas, vap. amer. Saratoga, cap. Rettig, tons. 1692, trip. 62, á Hidalgo y Cp.-A las 2.-Con carga general.;amer.;Saratoga;vap.;1889_11_05;Nueva York
;;N/A:  | N/A:  | N/A: ;Bayona;cap.;;Iglesias, cap. Bayona, tons. 1,114, trip. 64, á M.;;;;1889_11_05;
Día 5:;;N/A:  | N/A:  | N/A: ;Staples;cap.;;Dia 5: De Nueva-Orleans y escalas, en 5 días, vapor americano Aransas, cap. Staples, tons. 678, trip. 32, á;americano;Aransas;vapor;1889_11_06;Nueva-Orleans
Día 6:;;N/A:  | N/A: ;Mc Kay;cap.;;Dia 6: De Tampa y Cayo-Hueso, en 1+ días, vapor ameriaro (iette, cap. Mc Kay, tons. 1,104, trip. 45,;;ameriaro (iette;vapor;1889_11_07;Tampa y Cayo-Hueso
;;;Aremburg;cap.;;cap. Aremburg tons. 107, trip. 7, á Lawton y;;;;1889_11_07;
Día 7:;;N/A: ;Pierce;cap.;;Dia 7: De Cárdenas, en 5 horas, vap. amer. City of Columbia, cap. Pierce, tons. 1.285, trip. 40, á Hidalgo y;amer.;City of Columbia;vap.;1889_11_08;Cárdenas
Día 8:;;N/A:  | N/A:  | N/A: ;Penzol;cap.;;Día 8: De Veracruz y escalas, en 3 días, vapor correo español Montevideo, cap. Penzol, tons. 5,296, tripulación 131, á M. Calvo y Comp.-A las 6.-Con;español;Montevideo;vapor;1889_11_09;Veracruz
Día 30:;;N/A:  | N/A: ;Schaffer;cap.;;-Hamburgo y escalas, en 30 días, vap. alem. Rhenania, cap. Schaffer, tons. 1,359, trip. 44. á Falk,;alem.;Rhenania;vap.;1889_11_09;Hamburgo
Día :;;N/A: ;Albóniga;cap.;;cap. Albóniga, tons. 1,277, trip. 38, à Codes. Loychate y Comp.-A las 8.-Con carga general.;;;;1889_11_09;
Dia 9:;;N/A:  | N/A: ;Mc Kay;cap.;;Dia 9: De Tampa y Cayo-Hueso, en 1 días, vapor americano Olivette, cap. Mc Kay, tons. 1,104, trip. 48,;americano;Olivette;vapor;1889_11_10;Tampa y Cayo-Hueso
;;N/A:  | N/A:  | N/A: ;Mugier;cap.;;cap. Mugier, tons. 1,172, trip. 39, á Deulofeu, hijo;;;;1889_11_10;
;;;Squires;cap.;;cap. Squires, tons. 615, á la Compañía Española;;;;1889_11_10;
Día 7:;;N/A:  | N/A:  | N/A: ;Bakler;cap.;;-Fort William, en 7 días, berg. inglés Alice, capitán Bakler, tons. 137, trip. 7, á R. Truffin y Cp.;ing.;Alice;berg.;1889_11_10;Fort William
;;;F. M. Langhlin;cap.;;True, cap. F. M. Langhlin, tons. 783, trip. 10, á;;;;1889_11_10;
Día 61:;;N/A:  | N/A:  | N/A: ;Mc Intosh;cap.;;of Alexandría, cap. Mc Intosh, tons. 1,650, tripulación 64, á Hidalgo y Comp.-A las 61.-Con;;;;1889_11_12;Alexandría
;;;Baker;cap.;;amer. Hutchinson, cap. Baker, tons. 909, trip. 34,;amer.;Hutchinson;;1889_11_12;
Día 4:;;N/A:  | N/A:  | N/A: ;Hansen;cap.;;-Nueva-York, en 4 días, vap. amer. Niágara, capitán Hansen, tons. 1,667, trip. 56, á Hidalgo y;amer.;Niágara;vap.;1889_11_12;Nueva York
;;;Leighton;cap.;;cap. Leighton, tons. 1,155, trip. 40, á Hidalgo y;;;;1889_11_13;
Día 1:;;N/A:  | N/A:  | N/A: ;Carballo;cap.;;-Cayo-Hueso, en 1 día, gol. amer. Lone Star, capitán Carballo, tons. 39190, trip. 40, á L. SomeiIlán é hijo.-A las 91.-En lastre.;amer.;Lone Star;gol.;1889_11_13;Cayo-Hueso
Día 12:;;N/A:  | N/A:  | N/A: ;Povle;cap.;;Dia 12: De Nueva-York, en 14 días, gol. amer. Eleonor, capitán Povle, tons. 353, trip. 9, á R. Pérez Santa;amer.;Eleonor;gol.;1889_11_14;Nueva-York
Día 13:;;N/A:  | N/A: ;Mc Kay;cap.;;Día 13: De Tampa y Cayo-Hueso, en 12 días, vapor americano Olivette, cap. Mc Kay, tons. 1,104, trip. 49,;americano;Olivette;vapor;1889_11_14;Tampa y Cayo-Hueso
Día 16:;;N/A:  | N/A: ;Ugarte;cap.;;-Vigo y escalas, sn 16 días, vapor-correo esp Reina Mercedes. cap. Ugarte, tons. 2,019, trip. 87, &;esp.;Reina Mercedes;vapor-correo;1889_11_14;Vigo
Dia 14:;;N/A:  | N/A:  | N/A: ;Stevens;cap.;;Dia 14: 2 De Nueva-York, en 4 días, vap. amer. Séneca, capitán Stevens, tons. 1,912, trip. 46, á Hidalgo y;amer.;Séneca;vap.;1889_11_15;Nueva-York
Día 4:;;N/A:  | N/A:  | N/A: ;Carmona;cap.;;-Nueva-York, en 4 días, vap. esp. Ciudad Condal, cap. Carmona, tons. 1,616, trip. 80, á M.;esp.;Ciudad Condal;vap.;1889_11_16;Nueva York
Día 15:;;N/A:  | N/A:  | N/A: ;Urizar;cap.;;Día 15: De Liverpool y escalas, en 18 días, vap. esp. Murciano, cap. Urizar, tons. 1,552, trip. 37, & C. Blanch;esp.;Murciano;vap.;1889_11_17;Liverpool
Día 16:;;N/A:  | N/A:  | N/A: ;Rettig;cap.;;Dia 16: De Veracruz y escalas, en 6 días, vap. amer. Saratoga, cap. Rettig, tons. 1,692, trip. 55, á Hidalgo y;amer.;Saratoga;vap.;1889_11_17;Veracruz
Día 1:;;N/A:  | N/A: ;Mc Kay;cap.;;-Tampa y Cayo-Hueso, en 1 días, vapor americano Olivette, cap. Mc Kay, tons. 1,104, trip. 48,;americano;Olivette;vapor;1889_11_17;Tampa y Cayo-Hueso
Día 7:;;N/A:  | N/A:  | N/A: ;López;cap.;;-Veracruz y escalas, en 7 días, vapor-correo español Méndez Núñez, cap. López, tons. 1,513, tripulación 76, á M. Calvo y Comp.-A las 73.-Con;español;Méndez Núñez;vapor-correo;1889_11_17;Veracruz
Día 16:;;N/A:  | N/A:  | N/A: ;Serván;cap.;;Dia 16: De Veracruz y escalas, en 3 días, vap. franc. Washington, cap. Serván, tons. 1,539, trip. 160, á;franc.;Washington;vap.;1889_11_19;Veracruz
;;;Mc Donald;cap.;;-Port Meduray, berg. inglés Fasma, cap. Mc Donald, tons. 249, trip. 7, á E. W. Adams y Cp.-A;inglés;Fasma;berg.;1889_11_19;Port Meduray
Día 18:;;N/A:  | N/A:  | N/A: ;Staples;cap.;;Día 18: De Nueva-Orleans y escalas, en 5 días, vapor americano Aransas, cap. Staples, tons. 678, trip. 33, á;americano;Aransas;vapor;1889_11_19;Nueva-Orleans
Día 23:;;N/A:  | N/A:  | N/A: ;Letrer;cap.;;-Cardiff, en 23 días, vapor inglés Cairo, cap. Letrer, tons. 1,110, trip. 21, á M. Calvo y Comp.-A;inglés;Cairo;vapor;1889_11_19;Cardiff
;;N/A:  | N/A: ;Leleain;cap.;;cap. Leleain, tons. 174, trip. 7, á Lawton Hnos.:;;Lawton Hnos.;;1889_11_19;
Día 8:;;;Smith;cap.;;Halifax, en 8 días, vap. inglés Beta, cap. Smith,;ing.;Beta;vap.;1889_11_19;Halifax
Día 19:;;N/A:  | N/A:  | N/A: ;Alegría;cap.;;Día 19: De Liverpool y escalas, en 23 días, vap. esp. Leonora, cap. Alegría, tons. 1,806, trip. 41, á Deulofeu,;esp.;Leonora;vap.;1889_11_20;Liverpool
;;;Bodden;cap.;;cap. Bodden, tons. 30, trip. 3, á L. Ferrán.-En;;;tons.;1889_11_20;
Día 7:;;N/A:  | N/A: ;Me Kay;cap.;;-Tampa y Cayo-Hueso, en 7 horas, vapor americano Olivette, cap. Me Kay, tons. 1,104, trip. 46,;americano;Olivette;vapor;1889_11_21;Tampa y Cayo-Hueso
Día 9:;;N/A:  | N/A:  | N/A: ;Leroy;cap.;;-Veracruz y Gibara, en 9 días, vapor francés Flachat, cap. Leroy, tons. 1,473, trip. 56, á Bridat,;francés;Flachat;vapor;1889_11_21;Veracruz y Gibara
;;;Schaffer;cap.;;cap. Schaffer, tons....., trip..., á Falk, Rohlsen y Comp.;;;;1889_11_21;
;;;Potter;cap.;;cap. Potter, tons. 148, trip. 7, á Lawton Hnos.;;Lawton Hnos.;tons.;1889_11_22;
Día 22:;;N/A: ;Pierce;cap.;;Día 22: De Nueva-York, en 5 días, vap. amer. City of Columbia, cap. Pierce. tons. 1,285, trip. 40, à Hidalgo y Comp.-A las 61.-Con carga general.;amer.;City of Columbia;vap.;1889_11_23;Nueva-York
Día 7:;;N/A: ;Lloren;cap.;;cap. Lloren, tons. 2,658, trip. 63, à Codes, Loychate y Comp.-A las 7.-Con carga general.;;;;1889_11_23;Codes
;;;;cap.;;cap. Kiera, tons. 423, trip. 12, á Jané y Comp.;;Kiera;;1889_11_23;
Día 7:;;N/A:  | N/A: ;Hanlon;cap.;;-Tampa y Cayo-Hueso, en 7 horas, vapor americano Olivette, cap. Hanlon, tons. 1,104, trip. 48,;americano;Olivette;vapor;1889_11_24;Tampa y Cayo-Hueso
Día 20:;;N/A:  | N/A: ;Bengoa;cap.;;-Liverpool y escalas, en 20 nías, vap. esp. Saturnina, cap Bengoa, tons. 1,785, trip. 38, á Codes,;esp.;Saturnina;vap.;1889_11_24;Liverpool
;;N/A: ;Casquero;cap.;;esp. M. L. Villaverde, cap. Casquero, tons. 951,;esp.;M. L. Villaverde;;1889_11_26;
;;N/A:  | N/A:  | N/A: ;Dechaille;cap.;;Iquem, cap. Dechaille, tons. 3,109, trip . 91, á;;Iquem;;1889_11_26;
Día 4:;;N/A:  | N/A:  | N/A: ;Hansen;cap.;;-Veracruz y escalas, en 4 días, vap. amer. Niágara, cap. Hansen, tons. 1,667, trip. 45, á Hidalgo y;amer.;Niágara;vap.;1889_11_26;Veracruz
;;;Rice;cap.;;cap. Rice, tons. 977. trip. 15, á L. V.  Placé.- A;;;;1889_11_26;
Día 25:;;N/A:  | N/A:  | N/A: ;Mc Intosh;cap.;;Día 25: De Nueva-York, en 4 días, vap. amer. City of Alexandría, cap. Mc Intosh, tons. 1,652, trip. 58 , á;amer.;City of Alexandría;vap.;1889_11_26;Nueva-York
Día 3:;;N/A:  | N/A:  | N/A: ;Haidie;cap.;;-Pensacola, en 3 días, vap. inglés Scythian, capitán Haidie, tons. 120, trip. 13, á L. V. Placé.-A;inglés;Scythian;vap.;1889_11_27;Pensacola
Día 5:;;N/A:  | N/A: ;Baker;cap.;;-Nueva-Orleans y escalas, en 5 días, vapor americano Hutchinson, cap. Baker, tons. 909, trip, 32,;americano;Hutchinson;vapor;1889_11_27;Nueva Orleans
;;;J. Marshall;cap.;;Me Lain, cap. J. Marshall, tons. 584180, trip. 6, á;;Me Lain;;1889_11_27;
;;;Otes;cap.;;cap. Otes, tons. 103, trip. 6, & Barrios y Comp.;;;;1889_11_27;
Día 23:;;N/A:  | N/A:  | N/A: ;Aldecocea;cap.;;-Liverpool y escalas, en 23 días, vap. esp. Nuvarro, cap. Aldecocea, tons. 2,514, trip. 39, á C.;esp.;Nuvarro;vap.;1889_11_27;Liverpool
Día 27:;;N/A:  | N/A:  | N/A: ;Pierce;cap.;;Día 27: 447 Cárdenas, en 12 horas, vap. amer. City of Columbia, cap. Pierce, tons. 1,285, trip. 40, á;amer.;City of Columbia;vap.;1889_11_28;Cárdenas
Día 7:;;N/A: ;Hanlon;cap.;;Hidalgo y Cp.-A las 6-Con carga de tránsito. 448 Tampa y Cayo-Hueso, en 7 horas, vap. americano Olivette, cap. Hanlon, tons. 1.104, tripulación 50, á Lawton y Hnos.-A las 64-Con;americano;Olivette;vap.;1889_11_28;Tampa y Cayo-Hueso
Día 19:;;N/A:  | N/A:  | N/A:  | N/A: ;Steel;cap.;;pescado en hielo. 449 Card, en 19 días, vap. inglés Elvaston, capitán Steel, tons. 1,266, trip. 24, á L. V. Placé.;inglés;Elvaston;vap.;1889_11_28;
;;N/A: ;Maristany;cap.;;cap. Maristany, tons. 317, trip. 10, á J. Balcells y Comp.-A las 113.-Con tasajo.;;;;1889_11_28;
Día 6:;;N/A:  | N/A:  | N/A: ;Jameson;cap.;;Filadelfia, en 6 días, vapor inglés Godrevy, 453 cap. Jameson, tons. 1,066, trip. 23, á L. V.;ing.;Godrevy;vapor;1889_11_29;Filadelfia
Día 5:;;N/A:  | N/A: ;;cap.;;vap. amer City of AtNueva-YorkLeighton,  456 lanta, cap. , en 5 días, tons. 1,155, trip. 40, á;;City of AtLeighton;vap.;1889_11_30;Nueva York
Día 21:;;;;;;tons. 678143, trip. 8, á L. V. Placé.-A las 9. 458 Filadelfin, en 21 días, gol. amer. George G.;amer.;George G.;gol.;1889_11_30;Filadelfia
;;N/A: ;Burton;cap.;;Green, cap. Burton, tons. 640, trip. 8, à Barrios y Comp. A las 12.-Con carbón de piedra.;;;;1889_11_30;
Día 21:;;N/A:  | N/A:  | N/A: ;Pérez;cap.;;Canarias y escalas, en 21 días, vap. esp. Ra459 món de Herrera, cap. Pérez, tons. 1,400, trilación 59, á Sobrinos de Herrera.-A las 4.-Con;esp.;Ra459 món de Herrera;vap.;1889_12_01;Canarias
;;N/A:  | N/A: ;Hanlon;cap.;;Tampa Olivette, cap. Hanlon, tons. , tri- 1,104ame pulación 49, á Lawton y Hnos.-A las 6.-En lastre.;;Olivette;;1889_12_01;Tampa
;;N/A:  | N/A:  | N/A: ;Mr. Pillsbury;comandante;;E U. Blake, comandante Mr. Pillsbury, tonela218, trip. 38. 461 Cayo-Hueso, tons. 39, trip. amer. día, gol. Someillán;amer.;Someillán;gol.;1889_12_01;Cayo-Hueso
Día 102:;;N/A:  | N/A: ;Jones;cap.;;6 hijo. A las 7-Con pescado salado 462 Lobos de Afuera, en 102 días, bea ing. Eduy-fed, cap. Jones, tons. 1,081, trip. E0. á B. Piñón y Comp.-A las 94-Con guano del Perú.;ing.;Eduy-fed;bea;1889_12_01;Lobos de Afuera
;;N/A:  | N/A:  | N/A: ;Reynolds;cap.;;of Washington, cap. Reynolds, tons. 1,649, trip. 66, á Hidalgo y Cp -A las 9.-De tránsito.;;;;1889_12_03;Washington
Día 2:;;N/A:  | N/A:  | N/A: ;Staples;cap.;;Día 2: 465 Nueva-Orleans y escalas, en 5 días, vap. americano Aransas. cap. Staples,  tons. 678, tripulación 33, á Lawton Hnos.-A las 7.-Con carga;americano;Aransas;vap.;1889_12_03;Nueva-Orleans
;;;Grles;cap.;;cap. Grles, tons. 595, trip. 9, á la orden.-A;;;;1889_12_03;
;;;Rettig;cap.;;cap. Rettig, tons. 1,692, trip. 62, á Hidalgo y;;;;1889_12_03;
Día 7:;;N/A: ;Luzarraga;cap.;;Serra, cap. Luzarraga, tons. 1,471, trip. 39, Deulofen, hijo y Comp.-A ias 7.-Con carga general.;;;;1889_12_04;Deulofen
Día 72:;;N/A: ;Powars;cap.;;cap. Powars, tons. 525, trip. á L. V. Placé.-A las 72.-Con carga general.;;;;1889_12_04;
;;;Millington;cap.;;cap. Millington, tons. 967, trip. 22,  á C. Blanh;;;;1889_12_04;
;;;Hall;cap.;;cap. Hall, tons. 832, trip. 10, á Barrios  y Cp.;;;;1889_12_04;
Día 4:;;N/A:  | N/A:  | N/A:  | N/A:  | N/A:  | N/A: ;Mc Kay;cap.;;Día 4: 474 Tampa y Cayo-Hueso, en 7 horas, vap. americano Olivette, cap. Mc Kay, tons. 1,104, tripulación 49, á Lawton y Hnos.-A las 6.-En lastre. 475 Sagua, en 15 horas, vap. amer. City of Atlanta, cap. Leighton, tons. 1,154, trip. 40, á Hidalgo y Comp.-A las 7.-En lastre.;americano;Olivette;vap.;1889_12_05;Tampa y Cayo-Hueso
Día 14:;;N/A: ;Chaquet;cap.;;Santander y escalas, en 14 días, vapor-correo 476 esp. Alfonso XII, cap. Chaquet, tons. 5,206,;esp.;Alfonso XII;vapor-correo;1889_12_06;Santander
Día 13:;;N/A: ;Nouvellón;cap.;;480 cés Lafayette , y escalas, en 13 días, vap. franSaint Nazaire cap. Nouvellón, tons. 1,774,;fran;Lafayette;vap.;1889_12_06;Saint Nazaire
;;N/A: ;Stevens;cap.;;cap. Stevens, tons.  1,912, trip. 46, á Hidalgo y Comp. A las 7.-Con carga general.;;;tons.;1889_12_06;
;;N/A:  | N/A:  | N/A: ;López;cap.;;Núñez, cap. López, tons. 1,315,  trip. 78, á M.;;;;1889_12_06;
Día 6:;;N/A:  | N/A:  | N/A: ;Bernard;cap.;;Filadelfia, en 6 días, vapor inglés Irthington, 478 cap.  Bernard, tons. 1,290, trip. 23, á Bridat,;inglés;Irthington;vapor;1889_12_06;Filadelfia
Día 13:;;N/A: ;Braudley;cap.;;Calvo y Comp.-A las 121.-Con carga general, 483 Filadelfia, en 13 días, berg. amer. G. F. Merry, cap. Braudley, tons. 418, trip. 9, á Barrios;amer.;G. F. Merry;berg.;1889_12_06;Filadelfia
Día 57:;;N/A: ;Castayn;cap.;;á Dussaq y Comp.-A las 7-Con carga general. 485 Concordia y escalas, en 57 días, berg. esp. JoBefa, cap. Castayn , tons. 243, trip. 11, á N.;esp.;JoBefa;berg.;1889_12_07;Concordia
Día 3:;;N/A: ;A. Carter;cap.;;(Fla.) en 3 días, berg. america486 ApalachicolaGregg, cap. A. Carter, tons. 470,;;america486;berg.;1889_12_07;Apalachicola
Día 7:;;N/A:  | N/A:  | N/A:  | N/A:  | N/A: ;Me Kay;cap.;;Día 7: 487 ricano y Cayo-Hueso, en 7 horas, vap. ameTampa Olivette, cap. Me Kay, tons. 1,104, tripulación 49, á Lawton y Hnos.-A las 6.-En lastre.;ame;Tampa Olivette;vap.;1889_12_08;Cayo-Hueso
Día 19:;;N/A:  | N/A:  | N/A: ;Pietsch;cap.;;Hamburgo y escalas, en 19 días, vapor alemán 491 Albinia, cap. Pietsch, tons. 1,365, trip. 34, á;alemán;491 Albinia;vapor;1889_12_10;Hamburgo
Día 4:;;N/A:  | N/A: ;Baker;cap.;;Schull, cap. Rogers, tons. 840,  trip. 9, á Gabriel Sastre.-A las 64.-Con carbón y otros. 494 Nueva-Orleans y Cayo-Hueso, en 4 días, vapor amer. Hutchinson, cap. Baker, tons. 909,;amer.;Hutchinson;vapor;1889_12_10;Nueva-Orleans
Día 10:;;N/A:  | N/A:  | N/A:  | N/A: ;Zabandecoechea;cap.;;Día 10: 496 Liverpool y escalas, en 21 dias, a. esp. Eúskaro, cap. Zabandecoechea, tons. 1,396, triplación 39, á C. Blauch y Comp.-A las 7. 497 Matanzas, en 6 horas, vap. amer. Séneca, cnpitan ovens, tous. 1,912, trip. 46, á Hidalgo;esp.;Eúskaro;a.;1889_12_11;Liverpool
Día 11:;;N/A:  | N/A: ;Mc Kayhoras;cap.;;Día 11: 499 ricano y Cayo-Hueso, en 7 , tons. 1,104, triTampa Olivette, cap. Mc Kayhoras, vap. amepulación 50, á Lawton y Hnos.-A las 6.-Con carga general.;amepulación;Olivette;vap.;1889_12_12;Cayo-Hueso
Día 40:;;N/A:  | N/A: ;Hernández;cap.;;Campeche, en 40 días, gol. mejic. Tres Her501 manas,  cap. Hernández, tons. 106, trip. 8, &;mejic.;Tres Her501 manas;gol.;1889_12_13;Campeche
Día 5:;;N/A:  | N/A: ;Pierce;cap.;;Columbia, cap. en 5 días, vap, amer. City of 502 Nueva York, Pierce, tons. 1,285, trip. 40,;amer.;City of 502;vap;1889_12_13;Columbia
Día 13:;;N/A:  | N/A:  | N/A: ;Wiley;cap.;;Día 13: 503 Nueva York, en 6 días, vap. amer. Orión, capitán Wiley, tons. 1,170 , trip. 25,  á  Hidalgo y;amer.;Orión;vap.;1889_12_14;Nueva York
Día 7:;;N/A:  | N/A:  | N/A: ;Me;cap.;;ricano y Cayo-Hueso, Kayhoras, vap. , tri504 Tampa Olivette, cap. Me en 7 , tons . 1,104amepulación 50, á Lawton y Hnos.-A las 6.-Con;;Olivette;vap.;1889_12_15;Cayo-Hueso
;;N/A: ;Benítez;cap.;;cap. Benítez, tons. 1,671,;;;;1889_12_15;
Día 74:;;N/A: ;Vayas;cap.;;no Saratoga, cap. , en 4 , tons. vapor , americaá Hidalgo y Comp.-A las 9.-En lastre. 507 Barcelona y Almería en 74 días bergantín español Fe, capitán Vayas, tons. 228, trip. 9, á J. Astorqui.-A las 10.;español;Fe;bergantín;1889_12_15;Barcelona
Día 64:;;N/A: ;Carmona;cap.;;Condal, cap. Carmona, tons. 1,616, trip. 82, á M. Calvo y Comp.-A las 64.-Con carga general.;;Condal;;1889_12_17;
Día 38:;;;;cap.;;cap. Nouvellón, tons. 1,774, trip. 161, á Bridat, Mont' Ros y Comp.-A las 8. 513 Barcelona y escalas, en 38 dias, vapor español;español;Nouvellón;vapor;1889_12_17;Barcelona
;;N/A: ;Reynolds;cap.;;Washington, cap. Reynolds, tons. 1,649, tripulación 66, á Hidalgo y Comp.-A las 2.-Con carga general.;;;;1889_12_17;Washington
Día 5:;;N/A:  | N/A: ;J. Dyer;cap.;;ricano Orleans , y escalas en 5 días vapor ame519 Nueva Aransascapitán Staples tons. 678, tripulantes 33, á Lawton Hnos.-A las 62. 520 Mobila, en 6 días, gol. amer. Grace Davis, capitán J. Dyer, tons. 385, trip. 8, á R. P. Santa;amer.;Grace Davis;vapor;1889_12_18;Orleans
Día 54:;;N/A:  | N/A: ;Stubb;cap.;;Crosby, cap. Stubb, tons. 391, trip. 9, á L. V. Placé.-A las 54.-Con petroleo y otros.;;Crosby;;1889_12_19;
Día 18:;;N/A:  | N/A:  | N/A: ;Mc Kay;cap.;;Día 18: 523 Tampa y Cayo-Hueso, en 7 horas, vap. americano Olivette, cap. Mc Kay, tons. 1,104, tripulación 51, á Lawton y Hnos.-A las 61.-Con;americano;Olivette;vap.;1889_12_19;Tampa y Cayo-Hueso
Día 19:;;N/A: ;Kersabiec;cap.;;Día 19: 525 Saint Nazaire y escalas, en 17 días, vap. francés  Saint Germain, cap. Kersabiec, ton. 1,883,;francés;Saint Germain;vap.;1889_12_20;Saint Nazaire
Día 20:;;N/A: ;Asarandia;cap.;;Con carga general. 526 Liverpool y escalas, en 20 días, vap. esp. Sofía, cap. Asarandia ton. 764  trp. 35, á Deulofen, hijo y Comp.-A las 7.-Con carga general. 527 Veracruz y escalas, en 4 días, vapor-correo;esp.;Sofía;vap.;1889_12_20;Liverpool
;;N/A: ;Chaquert;cap.;;esp. Alfonso XII, cap.  Chaquert, tons. 3,417,;esp.;Alfonso XII;;1889_12_20;
;;;Hardie;cap.;;cap. Hardie, tons. 120, tríp. 13 , á L. V. Placé.;;;tríp.;1889_12_20;
;;;Carballo;cap.;;cap. Carballo, tons. 39, trip . 7, á L. Someillán;;;;1889_12_20;
;;N/A:  | N/A: ;Leighton;cap.;;Atlanta, cap. Leighton, tons. 1,155, trip. 40,;;Atlanta;;1889_12_20;
;;;tán Pérez;cap.;;De Cabotaje & Travesía, gol esp. María, capi532 tán Pérez.;esp.;María;gol;1889_12_21;Cabotaje & Travesía
;;;Hanlon;cap.;;en 7 horas, vapor amey Cayo-Hueso, Hanlon, tons. 520, tri534 Tampa Mascottericano , cap.;Mascottericano;amey;vapor;1889_12_22;Cayo-Hueso
Día 23:;;N/A: ;Nacher;cap.;;Barcelona y escalas, en 23 días, vapor español 535 Cristóbal Colón, cap. Nacher, tons. 1,743. tripulación 57, á C. Blanch y Comp.-Con carga general.;español;Cristóbal Colón;vapor;1889_12_22;Barcelona
Día 11:;;N/A:  | N/A:  | N/A: ;;cap.;;Nueva, cap. en 11 tons. 269. amer. & S. M. 538 Barter-York, Barter, días, gol, trip. 7, Etta T.;amer.;Etta T.;gol;1889_12_24;Nueva
Día 4:;;N/A:  | N/A:  | N/A: ;Pietsch;cap.;;Tolon. A las 4. 539 Veracruz, en 4 días, vapor alemán Albingia, cap. Pietsch, tons. 1,365, trip. 35, á Falck, Rohlsen y Cp.-A las 5.-Con carga de tránsito.;alemán;Albingia;vapor;1889_12_24;Veracruz
;;;Dinsmore;cap.;;Sala, cap. Dinsmore, tons. 508, trip. 10, á L.;;Sala;;1889_12_24;
;;N/A: ;Noresco;cap.;;Rocca, cap. Noresco, tons. 603, trip. 14, á J. Brochi.-A las 5.- Con carga general.;;Rocca;;1889_12_24;
Día 7:;;N/A: ;Mc;cap.;;y Cayo, cap. Mc en 7 horas, vap. ameTampa Olivette-Hueso,  543 ricano;ame;Tampa Olivette-Hueso;vap.;1889_12_24;Cayo
;;N/A: ;Asteinza;cap.;;esp. Buenaventura , cap. Asteinza, tons. 1.331,;esp.;Buenaventura;;1889_12_25;
Día 4:;;N/A:  | N/A: ;Baker;cap.;;eu 4 días,  547 amer . -Orleans NuevaHutchinsoncap. Baker, y , escalas, en tons. 909, tri- vapor;;Hutchinson;vapor;1889_12_25;Orleans
Día 24:;;N/A: ;Aldaniz;cap.;;general 548 Liverpool y escalas, en 24 días, vap. esp. Alicia, cap.  Aldaniz, tons. 1,836, trip. 39, à Deulofeu, hijo y Cp.-A las 7.-Con carga general,;esp.;Alicia;vap.;1889_12_25;Liverpool
Día 15:;;N/A: ;Pujol;cap.;;Porvenir, cap. Pujol: tons. 327, trip. 12, & Baguer Hno. y Comp.-A las 12.-Con carga general. 555 Baltimore, en 15 días, gol. amer. Bertrane L.;amer.;Bertrane L.;gol.;1889_12_27;Baltimore
Día 121:;;N/A:  | N/A: ;Tunnell;cap.;;Townsend, cap. Tunnell, tons. 690, trip. 9,  á L. V. Placé.-A las 121.-Con carbón y tonelería.;;Townsend;;1889_12_27;
Día 13:;;N/A:  | N/A:  | N/A: ;Williams;cap.;;Filadelfia, en 13 días, gol. amer. Mary L. Pe556 ters, cap. Williams, ton. 505, trip. 8, à  Barrios;amer.;Mary L. Pe556 ters;gol.;1889_12_27;Filadelfia
;;;Riera;cap.;;cap. Riera. tons. 268, trip. 10, á L. Ruiz y;;;;1889_12_27;
Día 3:;;N/A: ;Marchall;cap.;;en 3 días, goleta-chalupa america562 Pensacola, Me na Maud Lain, cap. Marchall, tons. 545,;;america562;goleta-chalupa;1889_12_28;Pensacola
Día 28:;;;Mc;cap.;;Día 28: 563 Tampa ricano Olivette-y Cayo, Hueso, Kay, cap. Mc en 7 horas, vap. , tri- tons . 1,104amepulación 52, á Lawton y Hnos.-A las 61.;;Olivette;vap.;1889_12_29;Tampa
Día 15:;;N/A: ;capitán;cap.;;Con carga de tránsito. 565 BostonWasg, , en 15 días, tons. 536, tripgol. amer. Gew, capitán;amer.;Gew;;1889_12_29;Boston
Día 20:;;N/A:  | N/A:  | N/A: ;Ormaechea;cap.;;las 9. 566 Liverpool y escalas, en 20 días, vap. esp. Catalán, cap. Ormaechea, tons. 976, trip. 28, á;esp.;Catalán;vap.;1889_12_29;Liverpool
