arrival_date;arrival_date_calc;cargo_list;crew_number;forced_arrival;master_name;master_role;parsed_text;passenger_account;publication_day;quarantine;raw_text;ship_flag;ship_name;ship_tons_capacity;ship_tons_unit;ship_type;source_file;travel_departure_port;travel_duration_unit;travel_duration_value
;;;;;Alamany;pat.;;;;;-Sierra Morena, gol. Matilde, pat. Alamany: con;;Matilde;;;gol.;1889_01_01;Sierra Morena;;
;;;;;Inclan;pat.;;;;;-C.b.fias, gol. Caballo Marino, pat. Inclan: con;;Caballo Marino;;;gol.;1889_01_01;;;
;;;;;Valent;pat.;;;;;-Cárdenas, gol. María del Carmen, pat. Valent:;;María del Carmen;;;gol.;1889_01_01;Cárdenas;;
;;N/A:  | N/A:  | N/A: ;;;Bernaza;pat.;;;;;"-Puerto-Padre, gol. Trea Hermanas, pat. Bernaza: con 40 piezas cedro; 25 sacos maíz y efectos.";;Trea Hermanas;;;gol.;1889_01_01;Puerto-Padre;;
;;N/A:  | N/A: ;;;Guasch;pat.;;;;;-Baracoa, gol. Aguila, pat. Guasch: con 7,000 tejas y efectos.;;Aguila;;;gol.;1889_01_03;Baracoa;;
;;;;;Ginesta;cap.;;;;;Caibarión, vap. Clara, cap. Ginesta: con efoctos.;;Clara;;;vap.;1889_01_03;Caibarión;;
Día 3:;;N/A: ;;;Ferrer;pat.;;;;;Día 3: De Dimas, gol. Mercedita, pat. Ferrer: con 800 saCOB;;Mercedita;;;gol.;1889_01_04;Dimas;;
Día 4:;;N/A: ;;;Suárez;cap.;;;;;Día 4: De Sagua, vapor Elena Oms, cap. Suárez: con 100;;Elena Oms;;;vap.;1889_01_05;Sagua;;
;;N/A:  | N/A: ;;;Marantee;pat.;;;;;toror, 3 tercios tabaco y efectos. -Mariel, gol. Altagracia, pat. Marantee: con 130;;Altagracia;;;gol.;1889_01_05;;;
;;;;;Cantero;pat.;;;;;Cárdenas, gol. Aguila de Oro, pat. Cantero: con;;Aguila de Oro;;;gol.;1889_01_05;Cárdenas;;
;;N/A: ;;;Beneján;pat.;;;;;-Midtua, gol. Margarita, pat. Beneján: con 800;;Margarita;;;gol.;1889_01_05;Midtua;;
;;N/A: ;;;Guasch;pat.;;;;;-Baracoa, gol. Agaila, pat. Guasch: con 30,000;;Agaila;;;gol.;1889_01_05;Baracoa;;
Día 5:;;N/A: ;;;Enseñat;pat.;;;;;Día 5: De Sierra-Morena, gol. Sofía, pat. Enseñat: con 146;;Sofía;;;gol.;1889_01_06;Sierra-Morena;;
;;N/A: ;;;Torres;pat.;;;;;-Santa Cruz, gol. Amistad, pat. Torres: con 628;;Amistad;;;gol.;1889_01_06;Santa Cruz;;
;;;;;Prieto;pat.;;;;;-Puerto-Padre, gol. Rosita, pat. Prieto: con efecLOB.;;Rosita;;;gol.;1889_01_06;Padre;;
Día 7:;;N/A: ;;;Felicó;pat.;;;;;Día 7: De Guanes, gol. Expeculación, pat. Felicó: con 350;;Expeculación;;;gol.;1889_01_08;Guanes;;
;;N/A: ;;;Torres;pat.;;;;;-San Cayetano, gol. Isabelita, pat. Torres: con 14;;Isabelita;;;gol.;1889_01_09;San Cayetano;;
Día 9:;;;;;Aguiar;pat.;;;;;Día 9: De Sagua la Chics, gol. Júcaro, pat. Aguiar: con;;Júcaro;;;gol.;1889_01_10;Sagua la Chics;;
;;;;;Gil;pat.;;;;;-Banes, gol. Josefa, pat. Gil: en lastre.;;Josefa;;;gol.;1889_01_10;Banes;;
;;;;;;cap.;;;;;-Sagua, vapor Elena Oms, cap. Bilbao: con efectos.;bilbao;Elena Oms;;;vapor;1889_01_10;Sagua;;
Día 10:;;N/A:  | N/A: ;;;Ginesta;cap.;;;;;Día 10: De Calbarión, vapor Clara, cap. Ginesta: con 926 B&cos azúcar y efectos.;;Clara;;;vap.;1889_01_11;Calbarión;;
;;;;;Bernaza;pat.;;;;;-Dimas, gol. Amable Rosita, pat. Bernaza: con;;Amable Rosita;;;gol.;1889_01_11;Dimas;;
;;N/A: ;;;Llovet;pat.;;;;;-Bajas, gol. Angelita, pat. Llovet: con 500 saCOB;;Angelita;;;gol.;1889_01_11;Bajas;;
;;N/A: ;;;Cudilleiro;pat.;;;;;-Bajos, gol. Carmita, pat. Cudilleiro: con 800 sa0:8 carnón.;;Carmita;;;gol.;1889_01_11;Bajos;;
;;;;;Valdés;pat.;;;;;-Arroyos, gol. Correo Caphsf, pat. Valdés: con;;Correo Caphsf;;;gol.;1889_01_11;Arroyos;;
;;N/A: ;;;Pagés;pat.;;;;;-Jaruco, gol. Joven Lola, pat. Pagés: con 170 sacos maiz.;;Joven Lola;;;gol.;1889_01_11;Jaruco;;
;;;;;Suárez;pat.;;;;;-Bahia-Honda, gol. Roza María, pat. Suárez: con;;Roza María;;;gol.;1889_01_11;Bahia-Honda;;
;;N/A: ;;;Sim6;pat.;;;;;-Sagua, gol. Igoscita, pat. Sim6: con 500 sacos;;Igoscita;;;gol.;1889_01_11;Sagua;;
;;N/A: ;;;Riera;pat.;;;;;-Malata, gol. Natividad, pat Riera: con 400 saCOB;;Natividad;;;gol.;1889_01_12;Malata;;
Día 12:;;N/A: ;;;Pereira;pat.;;;;;Día 12: De Carahatas, gol. Teresits, pat. Pereira: con 177 Bacos azúcar.;;Teresits;;;gol.;1889_01_13;Carahatas;;
;;N/A:  | N/A:  | N/A:  | N/A: ;;;Pérez;pat.;;;;;"-Matanzas, gol. María, pat. Pérez: con 45 atraveBaños; 50 sacos maíz; 186 garrafones vacíos y efectos.";;María;;;gol.;1889_01_15;Matanzas;;
;;;;;Masip;pat.;;;;;-Santa Crnz, gol. Joven Manuel, pat. Masip: con;;Joven Manuel;;;gol.;1889_01_15;Santa Crnz;;
;;N/A: ;;;Bilbao;cap.;;;;;-Sagua, vapor Elena Oms, cap. Bilbao: con 41;;Elena Oms;;;vap.;1889_01_17;Sagua;;
;;N/A: ;;;Serra;pat.;;;;;-Sagua, gol. Amalia, pat. Serra: con 500 sacos;;Amalia;;;gol.;1889_01_17;Sagua;;
;;N/A: ;;;Prats;pat.;;;;;-Dimas, gol. Dos Amigos, pat. Prats: con 800 BBcos carbón.;;Dos Amigos;;;gol.;1889_01_17;Dimas;;
;;N/A: ;;;Bosch;pat.;;;;;-Cárdenas, gol. Almanza, pat. Bosch: con 1,400;;Almanza;;;gol.;1889_01_17;Cárdenas;;
;;N/A: ;;;Mandilego;pat.;;;;;-Dimas, gol. Esmeralda, pat. Mandilego: con 150;;Esmeralda;;;gol.;1889_01_17;Dimas;;
Día 17:;;N/A: ;;;Ginesta;cap.;;;;;Día 17: De Caibarión, vapor Clara, cap. Ginesta: con 1,230;;Clara;;;vapor;1889_01_18;Caibarión;;
;;N/A: ;;;Coll;pat.;;;;;Yagaajay, gl. Joven Blanca, pat. Coll: con 50;;Joven Blanca;;;gl.;1889_01_18;;;
;;N/A: ;;;Maciá;pat.;;;;;-Bajas, gol. Gallego, pat. Maciá: con 600 zacos;;Gallego;;;gol.;1889_01_19;Bajas;;
Día 19:;;N/A: ;;;Marantes;pat.;;;;;Día 19: De Mariel, gol. Altagracia, pat. Marantes: con 281;;Altagracia;;;gol.;1889_01_20;Mariel;;
Día null:;;N/A: ;;;;;;;;;Mántua, gol. Lince, 1 at. Moll: con 600 sacos carbón.;;Lince;;;gol.;1889_01_22;Mántua;;
;;N/A: ;;;Ferrer;pat.;;;;;-Dimas, gol. Deseads, pat. Ferrer: con 500 sacOS;;Deseads;;;gol.;1889_01_22;Dimas;;
Día 01:;;;;;Tar;pat.;;;;;-Playas de San Juan, gol. José Riera, pat. Tar:;;José Riera;;;gol.;1889_01_22;Playas de San Juan;;
;;N/A:  | N/A:  | N/A: ;;;Calafe'l;pat.;;;;;"-Manatí, gol Jusnita, pat. Calafe'l: con 400 atravesafior; 1,000 tendidos rogs y efectos.";;Jusnita;;;gol.;1889_01_22;Manatí;;
;;N/A: ;;;Pujol;pat.;;;;;Mántna, gol. Nuevo Hilario, pat. Pujol: con 400;;Nuevo Hilario;;;gol.;1889_01_22;Mántna;;
;;;;;Zaragoza;pat.;;;;;-Cardenas, gol. Isla de Cuba, pat. Zaragoza: con;;Isla de Cuba;;;gol.;1889_01_22;Cardenas;;
Día 23:;null;N/A: ;;;Bilbao;cap.;;;null;;Dis 23: De Sagua, vapor Elena Oms. cap. Bilbao: con 50;;Elena Oms;;;vap.;1889_01_24;Sagua;;
;;N/A: ;;;;;;;;;-Sagua, gol. Anita, pst Sanrez: con 900 sacos carbón.;;Anita;;;gol.;1889_01_24;Sagua;;
;;;;;Estradella;pat.;;;;;-Puerto-Padre, gol. Crieálida, pat. Estradella: con;;Crieálida;;;gol.;1889_01_24;Padre;;
;;N/A: ;;;Ginesta;cap.;;;;;-Caibarión. vapor Clara, cap. Ginesta: con 1,200;;Clara;;;vapor;1889_01_24;Caibarión;;
Día 24:;;N/A: ;;;Mas;pat.;;;;;Día 24: Da Baracoa, gol. Anita, pat. Mas: con 53,000 cocos.;;Anita;;;gol.;1889_01_25;Baracoa;;
Día 26:;;;;;Calafell;pat.;;;;;Día 26: De Matanzas, gol. María Josefs, pat. Calafell: con un;;María Josefs;;;gol.;1889_01_27;Matanzas;;
;;N/A: ;;;Cuevas;pat.;;;;;-Cárdenas, gol. Angelita, pat. Cuevas: con 211;;Angelita;;;gol.;1889_01_27;Cárdenas;;
Día 28:;;N/A: ;;;Aguiar;pat.;;;;;Día 28: De Arroyon, gol. Júcaro, pat. Aguiar: con 900 sacos;;Júcaro;;;gol.;1889_01_29;Arroyon;;
;;N/A: ;;;Rals;pat.;;;;;-Dimas, gol. Dos Hermanas, pat. Rals: con 600;;Dos Hermanas;;;gol.;1889_01_29;Dimas;;
;;;;;Coll;pat.;;;;;-Manzanil o, gol. María Teresa, pat. Coll: con;;María Teresa;;;gol.;1889_01_29;Manzanil;;
Día :;;;;;Orbay;pat.;;;;;-Mainta, gol. Paquete de Nuevitas, pat. Orbay:;;Paquete;;;gol.;1889_01_29;Nuevitas;;
;;N/A: ;;;Villalonga;pat.;;;;;-Segua, gol Enrigueta, pat. Villalonga: con 500;;Enrigueta;;;gol;1889_01_29;Segua;;
;;N/A:  | N/A: ;;;Cahres;pat.;;;;;-Balabanó, gol. Unión, pat. Cahres: con 800 caballos leña y efectos.;;Unión;;;gol.;1889_01_31;Balabanó;;
Día 81:;;N/A:  | N/A: ;;;;pat.;;;;;Día 81: Da Sagua, vapor Elena One, pat. Bilbao: con 50 tereina tabaon y efectos.;Bilbao;Elena One;;;vapor;1889_02_01;Sagua;;
;;N/A: ;;;Ginesta;cap.;;;;;-Caibarión, vapor Clara, cap. Ginesta: con 1,280;;Clara;;;vapor;1889_02_01;Caibarión;;
;;N/A: ;;;Bujosa;pat.;;;;;-Morón, gol Engracis, pat. Bujosa: con 300 varas;;Engracis;;;gol.;1889_02_01;Morón;;
Día 10:;;N/A: ;;;Menaya;pat.;;;;;Día 10: 07 De Teja, gol. Dos Sofías, pat. Menaya: con 1,000 saCOB carbón.;;Dos Sofías;;;gol.;1889_02_02;Teja;;
;;N/A: ;;;Enseñat;pal.;;;;;-Sierra Morena, gol. Sofía, pal. Enseñat: con 538;;Sofía;;;gol.;1889_02_05;Sierra Morena;;
;;N/A:  | N/A:  | N/A: ;;;Tié;pat.;;;;;"-Sague, gol. Maris Andros, pat. Tié: con 500 Bяcce carbóa; 200 varas maderas y 6 cuerdas leña.";;Maris Andros;;;gol.;1889_02_05;Sague;;
;;N/A: ;;;Gil;pat.;;;;;-Baracas, gol. Joseft, pat. Gil: con 12 bocoy es;;Joseft;;;gol.;1889_02_05;Baracas;;
;;;;;Bernaza;pat.;;;;;-Dimas, gol. Amable Rozita, pat. Bernaza: con;;Amable Rozita;;;gol.;1889_02_05;Dimas;;
;;;;;Cabruja;pat.;;;;;-Sagus la Chics, gol. 2a Rosa, pat. Cabruja: con;;2a Rosa;;;gol.;1889_02_05;;;
;;;;;Valent;pat.;;;;;-Cárdenas, gol. María del Carmen, pat. Valent:;;María del Carmen;;;gol.;1889_02_05;Cárdenas;;
;;N/A: ;;;Alemany;pat.;;;;;-Arroyos, gol. Mercedita, pat. Alemany: con 1,000;;Mercedita;;;gol.;1889_02_05;Arroyos;;
;;;;;Besch;pat.;;;;;-PlayOs de San Juan, gol. Antonis, pat. Besch:;;Antonis;;;gol.;1889_02_05;San Juan;;
;;;;;Bonet;pat.;;;;;-Matanzas. gol. Dos Hermanas, pat. Bonet: con;;Dos Hermanas;;;gol.;1889_02_05;Matanzas;;
;;N/A: ;;;L'oret;pat.;;;;;-Bajas, got. Angelita, pat. L'oret: con 80 quintales;;Angelita;;;got.;1889_02_06;;;
;;N/A: ;;;Marantes;pat.;;;;;-Mariel, gol. Altagracia pat. Marantes: con 350;;Altagracia;;;gol.;1889_02_06;;;
Día 6:;;N/A: ;;;;pat.;;;;;Día 6: De Sagua, vapor Elena Ons, pat. Bilbao: con efectos.;bilbao;Elena Ons;;;vap.;1889_02_07;Sagua;;
;;N/A: ;;;Rigo;pat.;;;;;-Cabañas, gol. Cuba, pat. Rigo: con 530 sacos de;;Cuba;;;gol.;1889_02_07;Cabañas;;
;;;;;Pérez;pat.;;;;;-Matanzas, gol. María, pat. Pérez: con efectos.;;María;;;gol.;1889_02_07;Matanzas;;
;;N/A: ;;;Enseñat;pat.;;;;;-Morrillo, gol. Feliz, pat. Enseñat: can 800 sacos;;Feliz;;;gol.;1889_02_07;Morrillo;;
Día 7:;;N/A: ;;;Ginesta;cap.;;;;;Día 7: De Caibarión, vapor Clara, cap. Ginesta: con 1,252;;Clara;;;vapor;1889_02_08;Caibarión;;
Día 01:;;;;;Bernaza;pat.;;;;;-Puerto-Padre, gol. Tres Hermanas, pat. Bernaza:;;Tres Hermanas;;;gol.;1889_02_10;Padre;;
;;N/A: ;;;Gl;pat.;;;;;-Banes, gol Josefa, pat. Gl: con 42 bocoyes azú;;Josefa;;;gol;1889_02_12;Banes;;
;;N/A: ;;;Fors;pat.;;;;;-Mat zas, gol Elvira, pat. Fors: con 36 cajas;;Elvira;;;gol;1889_02_12;Mat;;
Día 01:;;;;;Villalongs;pat.;;;;;-Ms iel, gol. María Magdalena, pat. Villalongs:;;María Magdalena;;;gol.;1889_02_12;;;
;;N/A: ;;;Mateu;pat.;;;;;-Bajas, gol. San Francisco, pat. Mateu: con 1,000;;San Francisco;;;gol.;1889_02_13;Bajas;;
Día 13:;;N/A:  | N/A: ;;;Ginesta;cap.;;;;;Día 13: -Calbarién, vapor Clara, cap. Ginesta: con 1,163| sacos azúcar y 100 toros.;;Clara;;;vapor;1889_02_14;Calbarién;;
Día 14:;;N/A:  | N/A: ;;;;pat.;;;;;Día 14: De Sagua, vapor Elena Oms, pat. Bilbao: con 42 pipas aguardiente y efectos.;bilbao;Elena Oms;;;vap.;1889_02_15;Sagua;;
;;N/A: ;;;Marantes;pat.;;;;;-Mariel, gol. Altagracia, pat. Marantes: con 300;;Altagracia;;;gol.;1889_02_15;Mariel;;
;;;;;Bonet;pat.;;;;;-Matanzas, gol. Dos Hermanas, pat. Bonet: con;;Dos Hermanas;;;gol.;1889_02_15;Matanzas;;
;;;;;Porcel;pat.;;;;;Jaruco, gol. Paquete de Jaruco, pat. Porcel: con;;Paquete de Jaruco;;;gol.;1889_02_15;Jaruco;;
;;;;;Alemany;pat.;;;;;Cárdenas, gol. Joven Pilar, pat. Alemany: con;;Joven Pilar;;;gol.;1889_02_15;Cárdenas;;
;;N/A: ;;;Serra;pat.;;;;;-Sagua, gol. Amalia, pat. Serra: con 500 BACOB;;Amalia;;;gol.;1889_02_16;Sagua;;
;;N/A: ;;;Rigó;pat.;;;;;-Cabañas, gol. Caba, pat. Rigó: con 530 sacos;;Caba;;;gol.;1889_02_16;Cabañas;;
;;N/A:  | N/A:  | N/A: ;;;Pagés;pat.;;;;;"-Jaruco, gol. Joven Lola, pat. Pagés: con 88 88cos papas; 28 sacos frijoles y efectos.";;Joven Lola;;;gol.;1889_02_16;Jaruco;;
;;;;;Salvá;pat.;;;;;-Sierra Morena, gol. María Teresa, pat. Salvá: con;;María Teresa;;;gol.;1889_02_16;Sierra Morena;;
Día 18:;;N/A: ;;;Fastes;pat.;;;;;Día 18: De Bajas, gol. Carmita, pat. Fastes: con 800 sacos;;Carmita;;;gol.;1889_02_19;Bajas;;
;;N/A: ;;;Ferrer;pat.;;;;;-Dimas, gol. Deseada, pat. Ferrer: con 500 BaCOS;;Deseada;;;gol.;1889_02_19;Dimas;;
;;N/A: ;;;Ruiz;pat.;;;;;-Dimas, gol. Dos Hermanss, pat. Ruiz: con 600;;Dos Hermanss;;;gol.;1889_02_19;Dimas;;
;;N/A: ;;;Prats;pat.;;;;;-Dimas, gol. Dos Amigos, pat. Prats: con 800 saCUB carbón.;;Dos Amigos;;;gol.;1889_02_19;Dimas;;
;;N/A: ;;;Maciá;pat.;;;;;-Bajas, gol. Gallego, pat. Maciá: con 600 sacos;;Gallego;;;gol.;1889_02_19;Bajas;;
;;N/A: ;;;Enseñat;pat.;;;;;-Morrillo, gol. Feliz, pat. Enseñat: con 300 sacos;;Feliz;;;gol.;1889_02_19;Morrillo;;
;;N/A: ;;;Moll;pat.;;;;;Mántua, gol. Lince, pat. Moll: con 700 sacos carbón.;;Lince;;;gol.;1889_02_19;Mántua;;
;;;;;Pérez;pat.;;;;;-Matanzas, gol. María, pat. Pérez: en lastre.;;María;;;gol.;1889_02_19;Matanzas;;
;;N/A: ;;;Pujol;pat.;;;;;-Canasí, gol. Golondrina, pat. Pujol: con 10 bocpyea szúcar.;;Golondrina;;;gol.;1889_02_19;Canasí;;
;;;;;Suárez;pat.;;;;;-Bahía-Honda, gol. Rosa María, pat. Suárez: con;;Rosa María;;;gol.;1889_02_19;Bahía-Honda;;
;;N/A: ;;;Riera;pat.;;;;;-Canasi, gol, Joven Pepilla, pat. Riera: con 41;;Joven Pepilla;;;gol;1889_02_19;Canasi;;
;;N/A: ;;;Ginesta;cap.;;;;;-Caibarión, vapor Clara, cap. Ginesta: con 1,484;;Clara;;;vapor;1889_02_21;Caibarión;;
Día :;;N/A:  | N/A: ;;;Bilbao;cap.;;;;;-Sagua, vapor Elena Oms, cap. Bilbao: con 20 pipas aguardiente y efectos.;;Elena Oms;;;vapor;1889_02_21;Sagua;;
;;N/A:  | N/A:  | N/A:  | N/A: ;;;Tur;pat.;;;;;"-Berracos, gol. San José, pat. Tur: con 100 caballoa leña; 100 varas madera; 50 sacos carbón y efectos.";;San José;;;gol.;1889_02_21;Berracos;;
Día 21:;;;;;Bernaza;pat.;;;;;Dia 21: De Paerto-Padre, gol. Tres Hermanas, pat. Bernaza:;;Tres Hermanas;;;gol.;1889_02_22;Paerto-Padre;;
;;N/A: ;;;Torres;pat.;;;;;-Baracoa, gol. Elva, pat. Torres: con 50,000 cocos;;Elva;;;gol.;1889_02_22;Baracoa;;
;;N/A: ;;;Guasch;pst.;;;;;Baracoa, gol. Agaila, pst. Guasch: con 34,000;;Agaila;;;gol.;1889_02_22;Baracoa;;
Día 01:;;;;;Fonrodona;pat.;;;;;-Guamutas, gol. Tres Hermanas, pat. Fonrodona:;;Tres Hermanas;;;gol.;1889_02_22;Guamutas;;
Día 22:;;N/A:  | N/A: ;;;Marante;pat.;;;;;Día 22: De Mariel, gol. Altagraola, pat. Marantes: cen 46 bocoyes y 810 eacos azúcar y efectos;;Altagraola;;;gol.;1889_02_23;Mariel;;
Día 23:;;N/A: ;;;Aguiar;pat.;;;;;Día 23: De Arroyos, gol. Júcaro, pat. Aguiar: con 900 sacos;;Júcaro;;;gol.;1889_02_24;Arroyos;;
Día XX:;;N/A: ;;;Suao;pat.;;;;;-Gibara, gol. Moralidad, pat. Suao: con 30,000;;Moralidad;;;gol.;1889_02_27;Gibara;;
;;N/A: ;;;Bonet;pat.;;;;;-Matanzas, gol. Dos Hermanas, pat. Bonet: con 1;;Dos Hermanas;;;gol.;1889_02_27;Matanzas;;
Día 28:;;N/A: ;;;Ginesta;cap.;;;;;Dia 28: De Caibarión. vapor Cara, cap. Ginesta: con 1,015;;Cara;;;vapor;1889_03_01;Caibarión;;
Día :;;N/A: ;;;;cap.;;;;;gas, vapor I ens Ome, cap. Bilbao: con 78 tabales pesada y efectea;;I ens Ome;;;vapor;1889_03_01;Bilbao;;
;;;;;Amengual;pat.;;;;;-Sagua, gol. 2a Centiners, pat. Amengual: con;;2a Centiners;;;gol.;1889_03_01;Sagua;;
;;N/A: ;;;Rigo;pat.;;;;;Cabañas, gol. Cubs, pat Rigo: con 520 sacos 3zúcar.;;Cubs;;;gol.;1889_03_02;Cabañas;;
;;;;;Inclan;pat.;;;;;-Cabañas, gol. Caballo Marino, pat. Inclan: con;;Caballo Marino;;;gol.;1889_03_02;Cabañas;;
Día 2:;;;;;Cabruja;pat.;;;;;Día 2: De Sagua la Chica, gol. 2ª Rosa, pat. Cabruja: con;;2ª Rosa;;;gol.;1889_03_03;Sagua la Chica;;
;;N/A: ;;;Alemany;pat.;;;;;-Sierra Morena, gol. amer. pat. Alemany: con 600;amer.;;;;gol.;1889_03_03;Sierra Morena;;
;;N/A:  | N/A: ;;;Juan;pat.;;;;;-Cabañas, balandro Rosita, pat. Juan: con 85 cajas azúcar y 16 cuarterolas miel.;;Rosita;;;balandro;1889_03_03;Cabañas;;
Día 4:;;N/A: ;;;Bernaza;pat.;;;;;Día 4: De Dimas, gol. Amable Rosita, pat. Bernaza: con 700;;Amable Rosita;;;gol.;1889_03_05;Dimas;;
;;N/A: ;;;Lloret;pat.;;;;;-Bajas, gol. Angelita, pat. Lloret: con 400 sacOS;;Angelita;;;gol.;1889_03_05;Bajas;;
;;N/A: ;;;Felicó;pat.;;;;;-Dimas, gol. Expeculación, pat. Felicó: con 500;;Expeculación;;;gol.;1889_03_05;Dimas;;
;;N/A: ;;;Bosch;pat.;;;;;-Dominica, gol. Dominica, pat. Bosch: con 330;;Dominica;;;gol.;1889_03_05;Dominica;;
;;N/A:  | N/A: ;;;Marantos;pat.;;;;;-Mariel, gol. Altagracia, pat. Marantos: 50 bocoyes azúcar y efectos.;;Altagracia;;;gol.;1889_03_05;;;
;;N/A:  | N/A: ;;;Pérez;pat.;;;;;-Matanzas, gol. María, pat. Pérez: con 187 bocoves y 1714 bocoyes agnardiente.;;María;;;gol.;1889_03_05;Matanzas;;
;;;;;Bonet;pat.;;;;;-Matanzas, gol. Dos Hermanas, pat. Bonet: con;;Dos Hermanas;;;gol.;1889_03_05;Matanzas;;
;;N/A: ;;;Acuña;pat.;;;;;-Sagus, gol María Andrea, pat. Acuña: con 800;;María Andrea;;;gol.;1889_03_06;;;
;;N/A: ;;;Enseñat;pat.;;;;;-Morrillo, gol. Feliz, pat. Enseñat: con 171 B&COS;;Feliz;;;gol.;1889_03_06;Morrillo;;
;;N/A: ;;;Hernández;pat.;;;;;-Morrillo, gol. Britanis, pat. Hernández: con 200;;Britanis;;;gol.;1889_03_06;Morrillo;;
Día 7:;;N/A:  | N/A: ;;;;cap.;;;;;Día 7: De Sagua, vapor Elena Oms, cap. Bilbao: con 54 toros y efectos.;bilbao;Elena Oms;;;vap.;1889_03_08;Sagua;;
;;N/A: ;;;Ginesta;cap.;;;;;-Caibarién, vapor Clara, cap. Ginesta: con 509;;Clara;;;vapor;1889_03_08;Caibarién;;
;;N/A: ;;;Rigó;pat.;;;;;-Cabañas, gol. Ouba, pat. Rigó: con 520 sacos;;Ouba;;;gol.;1889_03_08;Cabañas;;
Día 9:;;N/A:  | N/A: ;;;Juan;pat.;;;;;Día 9: De Cabañas, bdro. Rosita, pat. Juan: con 20 ouarterolas miel y 45 cajas azúcar.;;Rosita;;;bdro.;1889_03_10;Cabañas;;
;;;;;González;pat.;;;;;-Granadillo, gol. Joven Victoria, pat. González:;;Joven Victoria;;;gol.;1889_03_12;Granadillo;;
;;N/A: ;;;Enseñat;pat.;;;;;-Sierra Morena. gol. Soffa, pat Enseñat: con 800;;Soffa;;;gol.;1889_03_12;Sierra Morena;;
;;;;;Cantero;pat.;;;;;-Cárdenas, gol. Aguila de Oro, pat. Cantero: con;;Aguila de Oro;;;gol.;1889_03_12;Cárdenas;;
;;;;;Bosch;pat.;;;;;-Pisyas de San Juan, gol. Antonia, pat. Bosch:;;Antonia;;;gol.;1889_03_12;San Juan;;
;;N/A:  | N/A: ;;;Tous;pat.;;;;;con 1,000 sacos carbón. -Matanzás, gel. Elvira, pat. Tous: con 1822 pipas;;Elvira;;;gel.;1889_03_12;Matanzás;;
;;;;;Calafell;pat.;;;;;-Matanzas, gol. María Josefa, pat. Calafell: con;;María Josefa;;;gol.;1889_03_12;Matanzas;;
;;N/A: ;;;Bonell;pat.;;;;;-Toja, gol. Castilla, pat. Bonell: con 1,300 BRCOS;;Castilla;;;gol.;1889_03_12;Toja;;
;;N/A: ;;;Pereiro;pat.;;;;;-Carshatas, gol. Teresita, pat. Pereiro: con 180;;Teresita;;;gol.;1889_03_12;Carshatas;;
;;;;;Salvá;pat.;;;;;-Sierra Morena, gol. María Teress, pat. Salvá: con;;María Teress;;;gol.;1889_03_12;Sierra Morena;;
;;;;;Valent;pat.;;;;;-Cárdeuar, gol. María del Carmen, pat. Valent:;;María del Carmen;;;gol.;1889_03_12;Cárdeuar;;
;;;;;Inclan;pat.;;;;;-Cabañas, gol. Caballo Marino, pat. Inclan: con;;Caballo Marino;;;gol.;1889_03_12;Cabañas;;
;;;;;Villalongs;pat.;;;;;-Mariel, gol. María Magdalena, pat. Villalongs:;;María Magdalena;;;gol.;1889_03_12;;;
;;N/A:  | N/A:  | N/A: ;;;Ponte;pat.;;;;;"madera. -Nuevitas, gol. Emilia, pat. Ponte: con 200 gaballos leña; I08 cajas quesos y efectos.";;Emilia;;;gol.;1889_03_13;Nuevitas;;
;;N/A:  | N/A: ;;;Martin;pat.;;;;;-Baracoa, gta Anita, pat. Martin: con 50,000 cocos y 200 racimo plátanos.;;Anita;;;gta;1889_03_14;Baracoa;;
Día :;;N/A:  | N/A: ;;;Domínguez;pat.;;;;;-Laguna del Medio bdro. San Antonio, pat. Domínguez: con 217 acos maíz y 1 cerdo.;;San Antonio;;;bdro.;1889_03_14;Laguna del Medio;;
;;N/A: ;;;Macip;pat.;;;;;-Santa Cruz, gts. J Manuel pat. Macip: con 100;;J Manuel;;;gts.;1889_03_14;Santa Cruz;;
;;N/A: ;;;Coll;pat.;;;;;-Yaguajay, gta. J. Blanca, pat. Coll: con 66,000;;J. Blanca;;;gta.;1889_03_14;Yaguajay;;
;;N/A: ;;;Bilbao;cap.;;;;;-Sagua, vapor Elena Oms, cap. Bilbao: con 400;;Elena Oms;;;vapor;1889_03_15;Sagua;;
;;N/A: ;;;Ginesta;cap.;;;;;-Caibari6a, vapor Clara, cap. Ginesta: con 556;;Clara;;;vapor;1889_03_15;Caibarién;;
Día :;;N/A: ;;;Aguiar;pat.;;;;;-Arroyos, gol. Jácaro, pat. Aguiar:, con 900 sacOS;;Jácaro;;;gol.;1889_03_15;Arroyos;;
;;N/A: ;;;Maten;pat.;;;;;-Bajas, gol. San Francisco, pat. Maten: con 1,000;;San Francisco;;;gol.;1889_03_15;Bajas;;
;;;;;Benejan;pat.;;;;;-Santa María, gol. Margarita, pat. Benejan: con;;Margarita;;;gol.;1889_03_17;Santa María;;
;;N/A: ;;;Freixas;pat.;;;;;-Cabañas, gol. Jozefa, pat. Freixas: con 900 sacos;;Jozefa;;;gol.;1889_03_17;Cabañas;;
;;N/A: ;;;Rigó;pat.;;;;;-Cabafits, gol. Cubs, pat. Rigó: con 520 sacos;;Cubs;;;gol.;1889_03_17;;;
Día 16:;;N/A: ;;;Rivas;cap.;;;;;Dia 16: De Guanes, vapor Gusniguanico, cap. Rivas: con 485;;Gusniguanico;;;vap.;1889_03_19;Guanes;;
;;N/A: ;;;Bosch;pat.;;;;;-Dominica, gta. Dominica, pat. Bosch: con 880;;Dominica;;;gta.;1889_03_19;Dominica;;
;;N/A:  | N/A:  | N/A: ;;;Ferrer;pat.;;;;;223 sacos y 51 cuarterolas miel. - -Dimas, gta. Dezeada, pat. Ferrer: con 500 sacos;;Dimas;;;gta.;1889_03_19;Dezeada;;
;;N/A: ;;;Moll;pat.;;;;;-Mantua, gta. Lince, pat. Moll: con 400 sacos;;Lince;;;gta.;1889_03_19;Mantua;;
;;N/A: ;;;;pat.;;;;;carbón. -Cabañas, gta. Cuba, pat. Rigo. con 600 sacos &zúcar.;Cuba;Rigo;;;gta.;1889_03_19;Cabañas;;
;;N/A: ;;;Pérez;pat.;;;;;-Matanzas, gta. Ma:ís, pat. Pérez: con 1,003 sacos;;Ma:ís;;;gta.;1889_03_19;Matanzas;;
;;N/A: ;;;G.;pat.;;;;;-Banes, gta. Josefa, pat. G. con 46 bocoyes de;;Josefa;;;gta.;1889_03_19;Banes;;
;;N/A: ;;;Cuchilleiro;pat.;;;;;-Bajos, gta. Carmita, pat. Cuchilleiro: con 800;;Carmita;;;gta.;1889_03_19;Bajos;;
Día 19:;;N/A: ;;;Marantes;pat.;;;;;Día 19: Del Mariel, gta. Altagracia, pat. Marantes: con 200;;Altagracia;;;gta.;1889_03_20;Mariel;;
;;N/A: ;;;Moll;pat.;;;;;Mariel, gta Magdalena, pat. Moll: con 257 s&COS;;Mariel;;;gta;1889_03_20;Magdalena;;
;;N/A: ;;;Macía;pat.;;;;;-Bajas, gta. Gallego, pat. Macía: con 700 eacos;;Gallego;;;gta.;1889_03_20;;;
;;N/A: ;;;Serra;pat.;;;;;-Sagua, gta. Amalia, pat. Serra: con 600 sacas;am.;Amalia;;;gta.;1889_03_20;Sagua;;
;;N/A: ;;;Raíz;pat.;;;;;-Dimas, gta. Dos Hermanas, pat. Raíz: con 600;;Dimas;;;gta.;1889_03_21;Dos Hermanas;;
;;;;;Bilbao;cap.;;;;;-Sagua, vap. Elena Oms, cap. Bilbao: con efectos.;;Elena Oms;;;vap.;1889_03_22;Sagua;;
;;N/A:  | N/A: ;;;Gil;pat.;;;;;1,000 sacos carbón. -Banes, gta. Josefa, pat. Gil: con 46 bocoyes azú03r.;;Josefa;;;gta.;1889_03_24;Banes;;
;;N/A: ;;;Bernaze;pat.;;;;;-Puerto del Padre, gta. Tres Hermanas. pat. Bernaze: con 225 bocoyes miel. - -Cabañas, gta. Caballo Marino, pat. Inclán: con;;Tres Hermanas;;;gta.;1889_03_24;Padre;;
;;N/A:  | N/A:  | N/A: ;;;Bosch;pat.;;;;;"-Cárdenss, gta. Almanza, pat. Bosch; con 592 sacos azúcar, 35 bocoyes miel y 23 onarterolas id.";;Almanza;;;gta.;1889_03_24;Cárdenss;;
;;N/A: ;;;Enseñat;pat.;;;;;-Sierra Morens, gta. Sofía, pat. Enseñat: con 700;;Sofía;;;gta.;1889_03_24;Sierra Morens;;
;;N/A: ;;;Tars;pat.;;;;;-Matanzas, gta. Elvira, pat. Tars: con 400 sacos;;Elvira;;;gta.;1889_03_24;Matanzas;;
;;N/A: ;;;Juan;pat.;;;;;-Cabañas, balandro Rosita, pat. Juan: con 260 Bacos azúcar.;;Rosita;;;balandro;1889_03_24;Cabañas;;
;;N/A: ;;;Acuña;pat.;;;;;-Sagua, gta. Rosita, pat. Acuña: con 500 sacos;;Rosita;;;gta.;1889_03_24;Sagua;;
;;N/A: ;;;Bujosa;pat.;;;;;-Moron, gta. Engracia, pat. Bujosa: con 123 palos;;Engracia;;;gta.;1889_03_27;Moron;;
;;N/A: ;;;Vidal;pat.;;;;;-Sagua, gte. María Josefa, pat. Vidal: con 700 BBOs carbón.;;María Josefa;;;gte.;1889_03_27;Sagua;;
;;N/A: ;;;Bosch;pat.;;;;;-Dominica, gta. Dominica, pat. Bosch: con 320;;Dominica;;;gta.;1889_03_27;Dominica;;
;;N/A: ;;;Lladó;pat.;;;;;-Morrillo, gta. Agustina, pat. Lladó: con 200 sa008;;Agustina;;;gta.;1889_03_27;Morrillo;;
Día 27:;;N/A:  | N/A: ;;;Gluesta;cap.;;;;;Día 27: Da Caibarión, vap. Clara, cap. Gluesta: con 536 88cos szúcar y efectos.;;Clara;;;vap.;1889_03_28;Caibarión;;
Día :;;;;;Bilbao;cap.;;;;;Sagua, vap. Elena Oma, cap. Bilbao: con efectos;;Elena Oma;;;vap.;1889_03_28;Sagua;;
;;N/A:  | N/A:  | N/A: ;;;Juan;pat.;;;;;-Cabañas, balandro Roaits, pat. Juan: con 80 csjás y 20 bacoyes azúcar.;;Roaits;;;balandro;1889_03_28;Cabañas;;
Día 28:;;N/A: ;;;Rivas;cap.;;;;;Día 28: De Guanes, vapor Guaniguanico, cap. Rivas: con 441;;Guaniguanico;;;vap.;1889_03_29;Guanes;;
;;N/A: ;;;Marantes;pat.;;;;;-Mariel, gta. Altagracia, pat. Marantes: con 250;;Altagracia;;;gta.;1889_03_29;Mariel;;
;;N/A:  | N/A: ;;;Cabres;pat.;;;;;Mantua, gta. Unión, pat. Cabres: con 94 toneladas palo tinte y efectos.;;Unión;;;gta.;1889_03_30;Mantua;;
;;N/A:  | N/A:  | N/A: ;;;Tasso;pat.;;;;;-Gibars, gta. 1a Vinaroz, pat. Tasso, con 130 sacos maiz, 30 arrobas cera y efectos.;;1a;;;gta.;1889_03_30;Vinaroz;;
;;N/A: ;;;Tortell;pat.;;;;;-Cabañas, gta. Victoria, pat. Tortell: con 600 83;;Victoria;;;gta.;1889_03_30;Cabañas;;
;;N/A: ;;;Aguiar;pat.;;;;;-Arroyos, gta. Júcaro, pat. Aguiar: con 900 saCOR;;Júcaro;;;gta.;1889_03_30;Arroyos;;
Día 19:;19-04-2023;N/A: ;;;Lloret;pat.;;;;;Día 19 de abril: De Bajas, gol. Angelita, pat. Lloret: con 400 sacos;;Angelita;;;gol.;1889_04_02;Bajas;;
;;N/A: ;;;Gil;pat.;;;;;-Banes, gol. Josefa, pat. Gil: con 46 bocoyes azúcar.;;Josefa;;;gol.;1889_04_02;Banes;;
Día :;;;;;Llorca;pat.;;;;;-Rosario, gol. Salve Virgen María, pat. Llorca:;;Salve Virgen María;;;gol.;1889_04_02;Rosario;;
;;N/A: ;;;Lezama;pat.;;;;;-Matanzas, gol. Primavera, pat. Lezama: con 45500;;Primavera;;;gol.;1889_04_02;Matanzas;;
Día 01:;;N/A: ;;;Linares;pat.;;;;;Teja, gol. Desempeño, pat. Linares: con 700 sacos;;Desempeño;;;gol.;1889_04_02;Teja;;
Día 2:;;N/A: ;;;Riera;pat.;;;;;Día 2: De Rio Blanco, gol. Natividad, pat. Riera: con 100;;Natividad;;;gol.;1889_04_03;Rio Blanco;;
;;N/A:  | N/A: ;;;Tous;pat.;;;;;-Matanzas, gol. Elvira, pat. pat. Tous: con 800 sacos azúcar refino y efectos.;;Elvira;;;gol.;1889_04_03;Matanzas;;
;;N/A: ;;;Bosch;pat.;;;;;"-Dominica; gol. Dominica, pat. Bosch: con 300 sacos azúcar.";;Dominica;;;gol.;1889_04_03;Dominica;;
;;N/A:  | N/A: ;;;Planas;pat.;;;;;-Mulata, gol. Dolores, pat. Planas: con 500 tendidos soga majagua y efectos.;;Dolores;;;gol.;1889_04_03;;;
Día 3:;;N/A:  | N/A:  | N/A: ;;;Ginesta;cap.;;;;;"Día 3: De Caibarién, vapor Clara, cap. Ginesta: con 320 sacos azúcar; 120 toros y efectos.";;Clara;;;vapor;1889_04_04;Caibarién;;
;;;;;;cap.;;;;;-Sagua, vapor Elena Oms, cap. Bilbao: con efectos.;bilbao;Elena Oms;;;vapor;1889_04_04;Sagua;;
;;N/A: ;;;Prieto;pat.;;;;;efectos. -Sagua, gol. Rosita, pat. Prieto: con 136 paquetes;;Rosita;;;gol.;1889_04_04;Sagua;;
;;;;;Villalonga;pat.;;;;;-Mariel, gol. María Magdalena, pat. Villalonga:;;María Magdalena;;;gol.;1889_04_04;;;
;;N/A:  | N/A:  | N/A: ;;;Lladó;pat.;;;;;con 400 sacos azúcar. - -Morrillo, gol. Agustina, pat. Lladó: con 72 cuarterolas miel y ) sacos azúcar. 100;;Agustina;;;gol.;1889_04_04;Morrillo;;
;;N/A: ;;;Rigó;pat.;;;;;-Cabeñas, gol. Cuba, pat, Rigó: con 520 sacos azúcar.;;Cuba;;;gol.;1889_04_04;Cabeñas;;
;;N/A: ;;;Pujol;pat.;;;;;-Cabañas, gol. Nuevo Hilario, pat. Pujol: con 300;;Nuevo Hilario;;;gol.;1889_04_04;Cabañas;;
;;N/A: ;;;Juan;pat.;;;;;Cabañas, bdro. Rosita, pat. Juan: con 140 sacos y;;Rosita;;;bdro.;1889_04_04;;;
Día 4:;;;;;Inclan;pat.;;;;;Dia 4: De Cabañas, gol. Caballo Marino, pat. Inclan: con;;Caballo Marino;;;gol.;1889_04_05;Cabañas;;
;;N/A: ;;;Marantes;pat.;;;;;-Mariel, gol. Altagracia, pat. Marantes: con 280;;Altagracia;;;gol.;1889_04_06;;;
;;N/A: ;;;Gil;pat.;;;;;-Banes, gol. Josefa, pat. Gil: con 46 bocoyes azúcar.;;Josefa;;;gol.;1889_04_06;Banes;;
;;N/A: ;;;Bosch;pat.;;;;;-Dominica, gol. Dominica, pat. Bosch: con 330 sacos azúcar.;;Dominica;;;gol.;1889_04_06;Dominica;;
;;N/A: ;;;Acuña;pat.;;;;;-Sagua, gol. María Andrea, pat. Acuña: con 800;;María Andrea;;;gol.;1889_04_06;Sagua;;
;;;;;Bonet;pat.;;;;;-Matanzas, gol. Dos Hermanas, pat. Bonet: con;;Dos Hermanas;;;gol.;1889_04_06;Matanzas;;
;;N/A: ;;;Pérez;pat.;;;;;-Matanzas, gol. María, pat. Pérez: con 350 sacos;;María;;;gol.;1889_04_06;Matanzas;;
Día :;;;;;Matheu;pat.;;;;;-Sagua la Chica, gol. San Francisco, pat. Matheu:;;San Francisco;;;gol.;1889_04_09;Sagua la Chica;;
;;N/A: ;;;Ferrer;pat.;;;;;-Dimas, gol. Deseada, pat. Ferrer: con 500 sacos;;Deseada;;;gol.;1889_04_09;Dimas;;
;;N/A: ;;;Prats;pat.;;;;;-Sagua, gol. Dos Amigos, pat. Prats: con 800 sacos;;Dos Amigos;;;gol.;1889_04_09;Sagua;;
Día :;;;;;Calafell;pat.;;;;;-Matanzas, gol. María Josefa, pat. Calafell: con;;María Josefa;;;gol.;1889_04_09;Matanzas;;
;;N/A:  | N/A:  | N/A: ;;;Ponte;pat.;;;;;"700 sacos azúcar; 68 bocoyes aguardiente y efec-Nuevitas, gol. Emilia, pat. Ponte: con 51 toros;";;Emilia;;;gol.;1889_04_09;Nuevitas;;
;;N/A: ;;;Gómez;pat.;;;;;-Cárdenas, gol. Juanita, pat. Gómez: con 40,000;;Juanita;;;gol.;1889_04_09;Cárdenas;;
;;;;;Mandilejor;pat.;;;;;-Cárdenas, gol. Esmeralda, pat. Mandilejor con;;Esmeralda;;;gol.;1889_04_09;Cárdenas;;
;;;;;Valent;pat.;;;;;-Cárdenas, gol. María del Carmen, pat. Valent:;;María del Carmen;;;gol.;1889_04_09;Cárdenas;;
;;N/A: ;;;Simó;pat.;;;;;Sagua, gol. Ignacita, pat. Simó: con 500 sacos;;Ignacita;;;gol.;1889_04_09;Sagua;;
;;N/A: ;;;Rigó;pat.;;;;;-Cabañas, gol. Cuba, pat. Rigó: con 520 sacos azúcar.;;Cuba;;;gol.;1889_04_10;Cabañas;;
;;N/A: ;;;López;pat.;;;;;-Bahía-Honda, gol. Francisca, pat. López: con 600;;Francisca;;;gol.;1889_04_10;Bahía-Honda;;
Día 10:;;N/A: ;;;Gil;pat.;;;;;Día 10: De Banes, gol. Josefa, pat. Gil: con 46 bocoyes azúcar.;;Josefa;;;gol.;1889_04_11;Banes;;
;;N/A: ;;;Enseñat;pat.;;;;;Sierra Morena, gol. Sofia, pat. Enseñat: con 800;;Sofia;;;gol.;1889_04_11;;;
;;N/A: ;;;Ginesta;cap.;;;;;-Caibarién, vapor Clara, cap. Ginesta: con 1,018;;Clara;;;vap.;1889_04_11;Caibarién;;
;;;;;Dominguez;pat.;;;;;-Santa Cruz, gol. San Antonio, pat. Dominguez:;;San Antonio;;;gol.;1889_04_11;Santa Cruz;;
;;N/A: ;;;Volga;pat.;;;;;-Manzanillo, gol. Pensativo, pat. Volga: con 2,378;;Pensativo;;;gol.;1889_04_11;Manzanillo;;
;;;;;Porcel;pat.;;;;;-Jaruco, gol. Paquete da Jaruco, pat. Porcel: con;;Paquete da Jaruco;;;gol.;1889_04_12;Jaruco;;
;;;;;Villalonga;pat.;;;;;-Sierra Morena, gol. Enriqueta, pat. Villalonga:;;Enriqueta;;;gol.;1889_04_12;Sierra Morena;;
Día 12:;;N/A: ;;;Moll;pat.;;;;;Día 12: De Mántua, gol. Lince, pat. Moll: con 700 sacos carbón.;;Lince;;;gol.;1889_04_13;Mántua;;
;;;;;Valdés;pat.;;;;;-Santa María, gol. Corréo Canasi, pat. Valdés: con;;Corréo Canasi;;;gol.;1889_04_13;;;
;;N/A: ;;;Pujol;pat.;;;;;-Teja, gol. Isabel II, pat. Pujol: con 600 sacos carbón.;;Isabel II;;;gol.;1889_04_13;Teja;;
Día 01:;;N/A:  | N/A:  | N/A:  | N/A: ;;;Suao;pat.;;;;;"-Gibara, gol. Moralidad, pat. Suao: con 50,000 plátanos: 1,000 quintales names; 237 sacos maiz; 54";;Moralidad;;;gol.;1889_04_13;Gibara;;
;;N/A: ;;;Mayans;pat.;;;;;-Playa de San Juan, gol. 2 Gertrudis, pat. Mayans: con SCO sacos carbón.;;2 Gertrudis;;;gol.;1889_04_13;Playa de San Juan;;
;;N/A: ;;;Juan;pat.;;;;;Cabañas, bdro. Rozita, pat. Juan: con 3h cajas y;;Rozita;;;bdro.;1889_04_13;Cabañas;;
;;N/A: ;;;Serra;pat.;;;;;Sagua, gol. Amalia, pat. Serra: con 500 sacos carbón.;;Amalia;;;gol.;1889_04_13;Sagua;;
Día 13:;;;;;Bernaza;pat.;;;;;Día 13: De Puerto-Padre, gol. Tres Hermanas, pat. Bernaza:;;Tres Hermanas;;;gol.;1889_04_14;Puerto-Padre;;
;;;;;Ferrer;pat.;;;;;-Bahía-Honda, gol. Mercedita, pat. Ferrer: con;;Mercedita;;;gol.;1889_04_14;Bahía-Honda;;
Día 01:;;;;;Almenara;pat.;;;;;-Cárdenas, gol. 1. de Cárdenas, pat. Almenara:;;1.;;;gol.;1889_04_14;Cárdenas;;
;;N/A: ;;;Bosch;pat.;;;;;-Dominica, gol. Dominica, pat' Bosch: con 330 sacos azúcar.;;Dominica;;;gol.;1889_04_14;Dominica;;
Día 15:;;N/A: ;;;Ruiz;pat.;;;;;Día 15: De Dimas, gol. Dos Hermanas, pat. Ruiz: con 700 sacos carbón.;;Dos Hermanas;;;gol.;1889_04_16;Dimas;;
;;N/A: ;;;Rodríguez;pat.;;;;;Arroyos, gol. Júcaro, pat. Rodríguez: con 900 sacos carbón.;;Júcaro;;;gol.;1889_04_16;Arroyos;;
Día :;;;;;Pujol;pat.;;;;;-Santa Lucía, gol. María del Carmen, pat. Pujol:;;María del Carmen;;;gol.;1889_04_16;Santa Lucía;;
;;N/A: ;;;Felicó;pat.;;;;;-Bajas, gol. Expeculación, pat. Felicó: con 500 sacos carbón.;;Expeculación;;;gol.;1889_04_16;Bajas;;
;;N/A: ;;;Gil;pat.;;;;;-Banes, gol. Josefa, pat. Gil: con 46 bocoyes azúerr.;;Josefa;;;gol.;1889_04_16;Banes;;
;;N/A: ;;;Torres;pat.;;;;;-San Cayetano, gol. Isabelita, pat. Torres: con 60;;Isabelita;;;gol.;1889_04_16;San Cayetano;;
;;N/A:  | N/A: ;;;Guanes;pat.;;;;;-Baracoa, gol. Aguila, pat. Guanes: con 50,000 cocos y 50 cajas jabón.;;Aguila;;;gol.;1889_04_16;Baracoa;;
;;;;;Alemany;pat.;;;;;-Cárdenas, gol. Joven Pilar, pat. Alemany: con;;Joven Pilar;;;gol.;1889_04_16;Cárdenas;;
;;;;;Valent;pat.;;;;;-Cárdenas, gol. María del Carmen, pat. Valent:;;María del Carmen;;;gol.;1889_04_16;Cárdenas;;
;;;;;Inclan;pat.;;;;;-Cabañas, gol. Caballo Marino, pat. Inclan: con;;Caballo Marino;;;gol.;1889_04_16;Cabañas;;
;;;;;Vinet;pat.;;;;;-Matanzas, gol. Tres Hermanas, pat. Vinet: con;;Tres Hermanas;;;gol.;1889_04_16;Matanzas;;
;;N/A: ;;;Pérez;pat.;;;;;-Matanzas, gol. María, pat. Pérez: con 1,010 sacos;;María;;;gol.;1889_04_16;Matanzas;;
Día 16:;;;;;Villalonga;pat.;;;;;Día 16: Del Mariel, gol. Joven Gertrúdis, pat. Villalonga: con;;Joven Gertrúdis;;;gol.;1889_04_17;Mariel;;
;;;;;Villalonga;pat.;;;;;-Mariel, gol. María Magdalena, pat. Villalonga:;;María Magdalena;;;gol.;1889_04_17;;;
;;N/A: ;;;Hernández;pat.;;;;;-Moraillo, gol. Britania, pat. Hernández: con 370;;Britania;;;gol.;1889_04_17;Moraillo;;
;;N/A: ;;;Enseñat;pat.;;;;;-Morrillo, gol. Feliz, pat. Enseñat: con 20 bocoyes;;Feliz;;;gol.;1889_04_17;Morrillo;;
;;;;;Beneján;pat.;;;;;-Santa Isabel, gol. Margarita, pat. Beneján: con;;Margarita;;;gol.;1889_04_17;Santa Isabel;;
;;N/A: ;;;Ruiz;pat.;;;;;-Dimas, gol. Dos Hermanas, pat. Ruiz: con 700 sacos carbón.;;Dos Hermanas;;;gol.;1889_04_17;Dimas;;
;;N/A: ;;;Cudilleiro;pat.;;;;;-Bajas, gol. Carmita, pat. Cudilleiro: con 800 sacos;;Carmita;;;gol.;1889_04_17;Bajas;;
;;N/A:  | N/A:  | N/A: ;;;Ginesta;cap.;;;;;"-Caibarién, vapor Clara, cap. Ginesta: con 430 sacos azúcar; 85 sacos asfalto y efectos.";;Clara;;;vapor;1889_04_18;Caibarién;;
;;N/A:  | N/A:  | N/A: ;;;Serra;pat.;;;;;Teja, gol. San Francisco, pat. Serra: con 150 caballos leña y efectos.;;San Francisco;;;gol.;1889_04_18;Teja;;
Día 20:;;N/A: ;;;Bilbao;cap.;;;;;Día 20: De Sagua, vapor Adela, cap. Bilbao: con 150 pipas;;Adela;;;vap.;1889_04_21;Sagua;;
Día :;;;;;Cabruja;pat.;;;;;-Playas de San Juan, gol. 25 Rosa, pat. Cabruja:;;25 Rosa;;;gol.;1889_04_21;Playas de San Juan;;
;;;;;Rodríguez;pat.;;;;;Granadillo, gol. Ignacia Alemany: pat. Rodríguez:;;Ignacia Alemany;;;gol.;1889_04_21;Granadillo;;
;;N/A: ;;;Moll;pat.;;;;;-Mariel, gol. Joven Magdalena, pat. Moll: con 400;;Joven Magdalena;;;gol.;1889_04_21;Mariel;;
;;N/A: ;;;Enseñat;pat.;;;;;-Sierra Morena, gol. Sofia, pat. Enseñat: con 600;;Sofia;;;gol.;1889_04_21;Sierra Morena;;
;;;;;Mandilego;pat.;;;;;-Matanzas, gol. María Josefa, pat. Mandilego: con;;María Josefa;;;gol.;1889_04_21;Matanzas;;
;;N/A: ;;;Pérez;pat.;;;;;-Matanzas, gol. María, pat, Pérez: con 1,500 sacos;;María;;;gol.;1889_04_21;Matanzas;;
;;N/A: ;;;Coll;pat.;;;;;-Yaguajay, gol. Joven Balear, pat. Coll: con 32,809;;Joven Balear;;;gol.;1889_04_21;Yaguajay;;
;;;;;Zaragoza;pat.;;;;;-Cárdenas, gol. Isla de Cuba, pat. Zaragoza: con;;Isla de Cuba;;;gol.;1889_04_21;Cárdenas;;
;;N/A: ;;;Valent;pat.;;;;;-Cárdenas, gol. Juan Toraya, pat. Valent: con 600;;Juan Toraya;;;gol.;1889_04_21;Cárdenas;;
;;N/A:  | N/A:  | N/A: ;;;Pagés;pat.;;;;;"-Jaruco, gol. Joven Lola, pat. Pagés: con 365 sacos azúcar; 8 pipas aguardiente y efectos.";;Joven Lola;;;gol.;1889_04_21;Jaruco;;
;;N/A:  | N/A: ;;;Alemany;pat.;;;;;Sierra Morena, gol. Matilde, pat. Alemany: con 300 726 sacos azúcar y efectos.;;Matilde;;;gol.;1889_04_21;;;
;;N/A: ;;;Suárez;pat.;;;;;-Sagua, gol. Brígida, pat. Suárez: con 140 pipas JUO aguardiente.;;Brígida;;;gol.;1889_04_21;Sagua;;
;;N/A: ;;;Cabaleiro;pat.;;;;;Sagua, gol. Rosita, pat. Cabaleiro: con 500 sacos;;Rosita;;;gol.;1889_04_21;Sagua;;
Día 22:;;N/A: ;;;Gil;pat.;;;;;Día 22: De Banes, gol. Josefa, pat. Gil: con 46 bocoyes azúcar.;;Josefa;;;gol.;1889_04_23;Banes;;
;;N/A: ;;;Bosch;pat.;;;;;-Dominica, gol. Dominica, pat. Bosch: con 330 sacos azúcar.;;Dominica;;;gol.;1889_04_23;Dominica;;
;;N/A:  | N/A:  | N/A: ;;;Bosch;pat.;;;;;-Cárdenas, gol, Almanza, pat. Bosch: con 236 sacos azúcar, 52 bocoyes y 13 cuarterolas miel y;;Almanza;;;gol;1889_04_23;Cárdenas;;
;;N/A: ;;;Freixas;pat.;;;;;-Bahía-Honda, gol. Josefa, pat. Freixas: con 800;;Josefa;;;gol.;1889_04_23;Bahía-Honda;;
;;;;;Macip;pat.;;;;;-Santa Cruz, gol. Joven Manuel, pat. Macip: con;;Joven Manuel;;;gol.;1889_04_23;Santa Cruz;;
;;N/A:  | N/A: ;;;Valent;pat.;;;;;-Cárdenas, gol. Juan Toraya, pat. Valent: con azúcar y efectos.;;Juan Toraya;;;gol.;1889_04_24;Cárdenas;;
Día :;;;;;Enseñat;pat.;;;;;-Puerto-Alegre, gol. Joven Balear, pat. Enseñat:;;Joven Balear;;;gol.;1889_04_24;Puerto Alegre;;
Día 24:;;;;;Villalonga;pat.;;;;;Día 24: Del Mariel, gol. María Magdalena. pat. Villalonga:;;María Magdalena;;;gol.;1889_04_25;Mariel;;
;;N/A: ;;;Enseñat;pat.;;;;;-Morrillo, gol. Feliz, pat. Enseñat cun 300 sacos;;Feliz;;;gol.;1889_04_25;Morrillo;;
;;N/A: ;;;Líadó;pat.;;;;;-Morrillo, gol. Agustina, pat. Líadó: con 400 sacos;;Agustina;;;gol.;1889_04_25;Morrillo;;
;;N/A: ;;;Hernández;pat.;;;;;-Morrillo. gol. Britania, pat. Hernández: con R10;;Britania;;;gol.;1889_04_25;Morrillo;;
;;;;;Inclan;pat.;;;;;-Cabañas, gol. Caballo Marino, pat. Inclan: con;;Caballo Marino;;;gol.;1889_05_07;Cabañas;;
;;;;;Ferrer;pat.;;;;;-Babía-Honda, gol. Mercedita, pat. Ferrer: con;;Mercedita;;;gol.;1889_05_07;Babía-Honda;;
;;N/A:  | N/A:  | N/A: ;;;Planas;pat.;;;;;"Mulata, gol. Dolores, pat. Planas: con 400 tendidos soga; 40 varas madera y 100 caballos leña.";;Dolores;;;gol.;1889_05_07;;;
;;N/A: ;;;Barrera;pat.;;;;;-Sagua, gol. América, pat. Barrera: con 800 sacos;;América;;;gol.;1889_05_07;Sagua;;
;;;;;Bonet;pat.;;;;;-Matanzas, gol. Dos Hermanas, pat. Bonet: con;;Dos Hermanas;;;gol.;1889_05_08;Matanzas;;
Día 8:;;N/A: ;;;Marín;pat.;;;;;"Día 8: De Guanes, vapor Guaniguanico, pat. Marín; con efectos.";;Guaniguanico;;;vap.;1889_05_09;Guanes;;
;;N/A: ;;;Bosch;pat.;;;;;-Dominica, gol. Dominica, pat. Bosch: con 320 sacos azúcar.;;Dominica;;;gol.;1889_05_09;Dominica;;
;;N/A:  | N/A:  | N/A: ;;;Pagés;pat.;;;;;"-Jaruco, gol. Joven Lola, pat. Pagés: con 330 sacos azúcar; 4 pipas agusrdiente y efectos.";;Joven Lola;;;gol.;1889_05_09;Jaruco;;
;;N/A:  | N/A: ;;;Rigó;pat.;;;;;-Cabañas, gol. Cuba, pat. Rigó: con 600 sacos azúcar y 6 tercios tabaco,;;Cuba;;;gol.;1889_05_09;Cabañas;;
;;N/A:  | N/A:  | N/A: ;;;Bosch;pat.;;;;;"-Cárdenas, gol. Almanza, pat. Bosch: con 240 sacos azúcar; 60 pipas aguardiente y efectos.";;Almanza;;;gol.;1889_05_09;Cárdenas;;
;;N/A: ;;;Ponte;pat.;;;;;-Nuevitas, gol. Emilia, pat. Ponte: con 60 cascos;;Emilia;;;gol.;1889_05_09;Nuevitas;;
Día 9:;;N/A:  | N/A:  | N/A: ;;;Ginesta;cap.;;;;;"Día 9: The mach De Caibarién, vapor Clara, cap. Ginesta: con 720 sacos azúcar; 150 pipas aguardiente y efectos.";;Clara;;;vapor;1889_05_10;Caibarién;;
;;N/A: ;;;Villamil;pat.;;;;;-Puerto-Padre, gol. Adela, pat. Villamil: con 1044;;Adela;;;gol.;1889_05_10;Padre;;
;;N/A: ;;;Marantes;pat.;;;;;"-Mariel, gol. Altagracia, pat. Marantes; con 300";;Altagracia;;;gol.;1889_05_10;;;
Día 01:;;;;;Domínguez;pat.;;;;;-Santa Cruz, gol. San Antonio, pat. Domínguez:;;San Antonio;;;gol.;1889_05_10;Santa Cruz;;
;;;;;Alemany;pat.;;;;;-Sierra Morena, gol. Matilde, pat. Alemany: con;;Matilde;;;gol.;1889_05_10;Sierra Morena;;
;;N/A:  | N/A:  | N/A:  | N/A: ;;;Cuervo;pat.;;;;;"-Cárdenas, gol. Angelita, pat. Cuervo: con 700 barriles y 900 cajitas azúcar refino; 30 pipas aguardiente y efectos.";;Angelita;;;gol.;1889_05_10;Cárdenas;;
;;N/A: ;;;Lorenzo;pat.;;;;;-Sagua, gol. Amalia, pat. Lorenzo: con 500 sacos;;Amalia;;;gol.;1889_05_10;Sagua;;
;;N/A: ;;;Gil;pat.;;;;;-Banes, gol. Josefa, pat. Gil: coa 46 bocoyes azúcar.;;Josefa;;;gol.;1889_05_10;Banes;;
;;N/A: ;;;Juan;pat.;;;;;-Cabañas, bdro. Rosita, pat. Juan: con 250 sacos;;Rosita;;;bdro.;1889_05_10;Cabañas;;
;;;;;Menaya;pat.;;;;;"-Sierra Morena; gol. Habanera, pat. Menaya: con";;Habanera;;;gol.;1889_05_12;Sierra Morena;;
;;N/A: ;;;Rigó;pat.;;;;;-Cabañas, gol. Cuba, pat. Rigó: éon 600 sacos azúcar.;;Cuba;;;gol.;1889_05_12;Cabañas;;
Día 13:;;N/A: ;;;Gil;pat.;;;;;Día 13: De Banes, gol. Josefa, pat. Gil: con 46 bocoyes azúcar.;;Josefa;;;gol.;1889_05_14;Banes;;
;;;;;Inclan;pat.;;;;;-Cabañas, gol. Caballo Marino, pat. Inclan: con;;Caballo Marino;;;gol.;1889_05_14;Cabañas;;
;;;;;Alemany;pat.;;;;;-Cárdenas, gol. Joven Pilar, pat. Alemany: con;;Joven Pilar;;;gol.;1889_05_14;Cárdenas;;
;;N/A: ;;;Hernández;pat.;;;;;-Morrillo, gol. Briíania, pat. Hernández: con 186;;Briíania;;;gol.;1889_05_14;Morrillo;;
;;;;;Ferrer;pat.;;;;;-Bahía-Honda, gol. Mercedita, pat. Ferrer: con;;Mercedita;;;gol.;1889_05_14;Bahía-Honda;;
;;;;;Valent;pat.;;;;;-Cárdenas, gol. María del Carmen, pat. Valent:;;María del Carmen;;;gol.;1889_05_14;Cárdenas;;
;;;;;Calafell;pat.;;;;;-Matanzas, gol. María Josefa, pat. Calafell: con;;María Josefa;;;gol.;1889_05_14;Matanzas;;
Día 01:;;N/A: ;;;Tours;pat.;;;;;-Matanzal, gol. Elvira, pat. Tours: con 243 sacos;;Elvira;;;gol.;1889_05_14;Matanzal;;
Día 14:;;;;;Moll;pat.;;;;;Día 14: De Bahía-Honda, gol. Joven Magdalena, pat. Moll:;;Joven Magdalena;;;gol.;1889_05_15;Bahía-Honda;;
;;;;;Macip;pat.;;;;;-Santa Cruz, gol. Joven Manuel, pat. Macip: con;;Joven Manuel;;;gol.;1889_05_15;Santa Cruz;;
;;N/A: ;;;;pat.;;;;;-Jibacoa, gol. 1 de Vinaróz, pat, Tasso: con 29;;Tasso;;;gol.;1889_05_15;Vinaróz;;
;;N/A: ;;;Mayans;pat.;;;;;-Sagua, gol. 2 Gertrúdis, pat. Mayans: con 1,000;;2 Gertrúdis;;;gol.;1889_05_15;Sagua;;
;;N/A:  | N/A:  | N/A: ;;;Zubirat;pat.;;;;;-Punta Alegre, gol. Joven Gertrudis, pat. Zubirat: con 130 palos cedro y caoba y 20 arrobas;;Joven Gertrudis;;;gol.;1889_05_16;Punta Alegre;;
;;N/A:  | N/A:  | N/A: ;;;Mandilego;pat.;;;;;"-Cardenas, gol. Esmeralda, pat. Mandilego: con 0950 pipas aguardiente; 2,125 piés madera y efectos.";;Esmeralda;;;gol.;1889_05_16;Cardenas;;
;;N/A: ;;;Vera;pat.;;;;;-Santa Cruz, gol. San Autonio, pat. Vera: con 293;;San Autonio;;;gol.;1889_05_17;Santa Cruz;;
;;N/A: ;;;Bujosa;pat.;;;;;-Morón, gol. Engracia, pat. Bujosa: con 32 palos;;Engracia;;;gol.;1889_05_17;Morón;;
;;N/A: ;;;Valent;pat.;;;;;-Cárdenas, gol. Juan Toraya, pat. Valent: con 900;;Juan Toraya;;;gol.;1889_05_17;Cárdenas;;
;;N/A: ;;;Pérez;pat.;;;;;-Matanzas, gol. María, pat. Pérez: con 300 sacos;;María;;;gol.;1889_05_17;Matanzas;;
Día :;;;;;Toro;pat.;;;;;-Playas de San Juan, gol. Rita Fortuna, pat. Toro:;;Rita Fortuna;;;gol.;1889_05_17;Playas de San Juan;;
;;N/A: ;;;Planas;pat.;;;;;-Cabañas, gol. Dolores, pat. Planas: con 50 bocoyes miel.;;Dolores;;;gol.;1889_05_17;Cabañas;;
;;N/A:  | N/A:  | N/A: ;;;Ginesta;cap.;;;;;"Caibarién, vapor Clara, cap. Ginesta: con 590 sacos azúcar; 82 pipas alcohol y efeetos.";;Clara;;;vapor;1889_05_17;Caibarién;;
Día 17:;;N/A:  | N/A: ;;;Marantes;pat.;;;;;Día 17: De Mariel, gol. Altagracia, pat. Marantes: eon 300 sacos y 42 bocoyes azúcar y efectos.;;Altagracia;;;gol.;1889_05_18;Mariel;;
;;;;;Cantero;pat.;;;;;-Cárdenas, gol. Aguila de Oro, pat. Cantero: con;;Aguila de Oro;;;gol.;1889_05_18;Cárdenas;;
;;;;;Zaragoza;pat.;;;;;-Cárdenas, gol. Isla de Cuba, pat. Zaragoza: con;;Isla de Cuba;;;gol.;1889_05_18;Cárdenas;;
Día 01:;;;;;Menaya;pat.;;;;;-Laguna del Medio, gol. Doз Sofías, pat. Menaya:;;Doз Sofías;;;gol.;1889_05_18;Laguna del Medio;;
;;N/A: ;;;Pujol;pat.;;;;;-Teja, gol. Isabel I1, pat. Pujol: con 600 sacos;;Isabel I1;;;gol.;1889_05_18;Teja;;
;;N/A: ;;;Matheu;pat.;;;;;Baja, gol. San Francisco, pat. Matheu: con 1,000;;San Francisco;;;gol.;1889_05_18;Baja;;
;;N/A: ;;;Ferrer;pat.;;;;;Dimas, gol. Deseada, pat. Ferrer: con 500 sacos;;Deseada;;;gol.;1889_05_19;;;
;;N/A: ;;;Calialeiro;pat.;;;;;Sagna, gol. Rosia, pat. Calialeiro: con 500 sacos ob carbónimas altov send al ordos O;;Rosia;;;gol.;1889_05_19;Sagna;;
;;N/A: ;;;Lladó;pat.;;;;;Morrillo, gol. Agustia, pat. Lladó: eon 200 sacos;;Agustia;;;gol.;1889_05_19;Morrillo;;
;;N/A:  | N/A:  | N/A: ;;;Juan;pat.;;;;;-Cabañas, go,. bdro. Rosita, pat. Juan: con 50 sacos y 40 cajas azúcar y 20 euarterolas miel.;;bdro. Rosita;;;go.;1889_05_21;Cabañas;;
;;N/A: ;;;Hernández;pat.;;;;;-Morrillo, gol. Britania, pat. Hernández: con 200;;Britania;;;gol.;1889_05_21;Morrillo;;
;;N/A:  | N/A: ;;;Tasso;pat.;;;;;- -Gibnra, gol. 1a de Vinaroz, pat. Tasso: con 18 bocoyes azúcar y efectos.;;1a;;;gol.;1889_05_21;Vinaroz;;
;;;;;Alemany;pat.;;;;;"-Cárdenas, gol. Joven Pilna. pat. Alemany; con";;Joven Pilna;;;gol.;1889_05_21;Cárdenas;;
;;N/A: ;;;Tous;pat.;;;;;-Matanzas, gol. Elvira, pat. Tous: con 25 bocoyes;;Elvira;;;gol.;1889_05_21;Matanzas;;
;;;;;Bonet;pat.;;;;;-Matanzas, gol. Dos Hermanas, pat. Bonet: con;;Dos Hermanas;;;gol.;1889_05_21;Matanzas;;
Día 21:;;N/A: ;;;Gil;pat.;;;;;Día 21: De Banes, gol, Josefa, pat. Gil: con 46 bocoyes azúcar.;;Josefa;;;gol;1889_05_22;Banes;;
;;N/A: ;;;Enseñat;pat.;;;;;-Morrillo, gol. Feliz, pat. Enseñat: con 180 sacos;;Feliz;;;gol.;1889_05_22;Morrillo;;
;;;;;Porcel;pat.;;;;;-Jaruco, gol. Paquete de Jaruco, pat. Porcel: con;;Paquete de Jaruco;;;gol.;1889_05_22;Jaruco;;
;;N/A: ;;;Vera;pat.;;;;;-Santa Cruz, gol. San Antonio, pat. Vera: con 316;;San Antonio;;;gol.;1889_05_22;Santa Cruz;;
;;N/A: ;;;Ruiz;pat.;;;;;-Dimas. gol. Dos Hermanas, pat. Ruiz: con 600;;Dos Hermanas;;;gol.;1889_05_22;Dimas;;
;;N/A: ;;;Amengual;pat.;;;;;Dimas, gol. María, pat. Amengual: con 600 sacos;;María;;;gol.;1889_05_22;;;
Día 22:;;N/A: ;;;Rodríguez;pat.;;;;;Día 22: De Arroyos, gol. Júcaro, pat. Rodríguez: con 900 sacos carbón.;;Júcaro;;;gol.;1889_05_23;Arroyos;;
;;N/A: ;;;Tasso;pat.;;;;;Gibara, gol. 14 de Vinaróz, pat. Tasso: con 18;;14 de Vinaróz;;;gol.;1889_05_23;Gibara;;
;;;;;Bosch;pat.;;;;;-Mariel, Dominica, gol. Dominica, pat. Bosch: con;Dominica;Mariel;;;gol.;1889_05_23;Dominica;;
Día 23:;;N/A:  | N/A:  | N/A: ;;;Ginesta;cap.;;;;;"Día 23: De Caibarién, vapor Clara, cap. Ginesta: con 950 sacos azúcar; 63 pipas alcoliol y efectos. mo";;Clara;;;vapor;1889_05_24;Caibarién;;
;;N/A: ;;;Real;cap.;;;;;-Malas-Aguas, vapor Tritón, cap. Real: con 800;;Tritón;;;vapor;1889_05_24;Malas-Aguas;;
;;;;;Mandilego;pat.;;;;;Cárdenas, gol. Esmeralda, pat. Mandilego: con;;Esmeralda;;;gol.;1889_05_24;Cárdenas;;
Día 25:;;N/A: ;;;Gil;pat.;;;;;Día 25: De Banes, gol. Josefa, pat. Gil: con 46 bocoyes azúcar.;;Josefa;;;gol.;1889_05_25;Banes;;
;;N/A: ;;;Bonejan;pat.;;;;;-Mántua, gol. Margarita, pat. Bonejan: con 600;;Margarita;;;gol.;1889_05_25;Mántua;;
;;N/A: ;;;Valent;pat.;;;;;-Cárdenas, gol. Juan Toraya, pat. Valent: con 800;;Juan Toraya;;;gol.;1889_05_25;Cárdenas;;
Día 126:;null;N/A: ;;;Suao;pat.;;;null;;126 TO 1900 De Gibara, berg. Moralidad, pat. Suao: con 94,000;;Moralidad;;;berg.;1889_05_26;Gibara;;
;;N/A: ;;;Bosch;pat.;;;;;-Dominica, gol. Dominica, pat. Bosch: con 600 safgarcos azúcar.;;Dominica;;;gol.;1889_05_26;Dominica;;
Día 27:;;N/A:  | N/A: ;;;Marín;cap.;;;;;Día 27: De Guanes, vapor Guaniguanico, cap. Marín: con 741 Up tercios tabaco y efectos.;;Guaniguanico;;;vap.;1889_05_28;Guanes;;
;;;;;González;pat.;;;;;-Granadillo. gol. J. Victoria, pat. González: con;;J. Victoria;;;gol.;1889_05_28;Granadillo;;
;;N/A: ;;;Gil;pat.;;;;;-Banes, gol. Josefa, pat. Gil: con 46 bocoyes azú;;Josefa;;;gol.;1889_05_28;Banes;;
;;N/A: ;;;Macip;pat.;;;;;-Santa Cruz, gol. J. Manuel, pat. Macip: con 200;;J. Manuel;;;gol.;1889_05_28;Santa Cruz;;
;;N/A: ;;;Lladó;pat.;;;;;-Morrillo, gol. Agustina, pat. Lladó: con 300 sacos;;Agustina;;;gol.;1889_05_28;Morrillo;;
;;N/A: ;;;Hernández;pat.;;;;;-Morrillo, gol. Britania, pat. Hernández: con 200;;Britania;;;gol.;1889_05_28;Morrillo;;
;;;;;Ronet;pat.;;;;;-Matanzas, gol. Dos Hermanas, pat. Ronet: con;;Dos Hermanas;;;gol.;1889_05_28;Matanzas;;
;;N/A: ;;;Simó;pat.;;;;;-Sagua, gol. Ignacita, pat. Simó: con 500 saeos;;Ignacita;;;gol.;1889_05_28;Sagua;;
;;N/A: ;;;Pagés;pat.;;;;;-Jaruco, gol. J. Lola, pat. Pagés: con 399 sacos;;J. Lola;;;gol.;1889_05_28;Jaruco;;
;;;;;Acuña;pat.;;;;;-Sagua, gol. María Magdalena, pat. Acuña: con;;María Magdalena;;;gol.;1889_05_29;Sagua;;
;;N/A: ;;;Felicó;pat.;;;;;-Dimas, gol. Expeculación, pat. Felicó: con 300;;Expeculación;;;gol.;1889_05_29;Dimas;;
;;N/A: ;;;Lloret;pat.;;;;;-Bajas, gol. Angelita, pat. Lloret: con 600 sacos;;Angelita;;;gol.;1889_05_29;Bajas;;
;;N/A: ;;;Marantes;pat.;;;;;-Mariel, gol. Altagracia, pat. Marantes: con 300;;Altagracia;;;gol.;1889_05_29;;;
;;N/A: ;;;Moll;pat.;;;;;-Mariel, gol. Joven Magdalena, pat. Moll: con 800;;Joven Magdalena;;;gol.;1889_05_29;Mariel;;
;;;;;Pujol;pat.;;;;;Granadillo, gol. Ignacia Alemán, pat. Pujol: con;;Ignacia;;;gol.;1889_05_29;Granadillo;;
;;N/A:  | N/A: ;;;Mora;pat.;;;;;-Morrillo, gol. San Juan, pat. Mora: con 200 barras de catre y efectos.;;San Juan;;;gol.;1889_05_29;Morrillo;;
Día 29:;;N/A: ;;;Vilar;cap.;;;;;Día 29: De Nuevitas, vapor Mortera, cap. Vilar: con 500 reses.;;Mortera;;;vap.;1889_05_30;Nuevitas;;
;;;;;Valent;pat.;;;;;-Cárdenas, gol. María del Carmen, pat. Valent:;;María del Carmen;;;gol.;1889_05_30;Cárdenas;;
;;N/A: ;;;Vera;pat.;;;;;-Santa Cruz, gol. San Antonio, pat. Vera: con 316;;San Antonio;;;gol.;1889_05_30;Santa Cruz;;
;;;;;Bernaza;pat.;;;;;-Dimas, gol. Amable Rosita, pat. Bernaza: con;;Amable Rosita;;;gol.;1889_05_30;Dimas;;
Día 31:;;N/A: ;;;Real;cap.;;;;;Día 31: De Malas-Aguas, vapor Tritón, cap. Real: con 100;;Tritón;;;vap.;1889_06_01;Malas-Aguas;;
;;N/A:  | N/A:  | N/A: ;;;Ginesta;cap.;;;;;"-Caibarién, vapor Clara, cap. Ginesta: con 129 pipas alcohol; 626 sacss azúcar y efectos.";;Clara;;;vapor;1889_06_01;Caibarién;;
;;;;;Cantero;pat.;;;;;Cárdenas, gol. Aguila de Oro, pat. Cantero: con;;Aguila de Oro;;;gol.;1889_06_01;Cárdenas;;
;;N/A: ;;;Bernaza;pat.;;;;;Dimas, gol. Amable Rosita, pat. Bernaza: con 700;;Amable Rosita;;;gol.;1889_06_01;;;
Día :;;;;;Prats;pat.;;;;;-Playas de San Juan, gol. Dos Amigos, pat. Prats:;;Dos Amigos;;;gol.;1889_06_01;Playas de San Juan;;
;;;;;Cabruja;pat.;;;;;-Sagua la Chica, gol. 2 Rosa, pat. Cabruja: con;;2 Rosa;;;gol.;1889_06_01;Sagua la Chica;;
;;N/A: ;;;Freixas;pat.;;;;;-Cybañas, gol. Josefa, pat. Freixas: con 100 sacos;;Josefa;;;gol.;1889_06_01;Cybañas;;
;;N/A: ;;;Valent;pat.;;;;;-Cárdenas, gol. Juan Toralla, pat. Valent con 800;;Juan Toralla;;;gol.;1889_06_01;Cárdenas;;
;;N/A: ;;;Deulofeu;pat.;;;;;-Cabañas, gol. Ntra. Sra. del Carmen, pat. Deulofeu: con 600 sacos azúcar.;;Ntra. Sra. del Carmen;;;gol.;1889_06_01;Cabañas;;
;;N/A: ;;;Lladó;pat.;;;;;-Morrillo, gol. Agustina. pat. Lladó: con 300 sacos;;Agustina;;;gol.;1889_06_01;Morrillo;;
;;N/A: ;;;Planas;pat.;;;;;"-Mulata, gol. Dolores, pat. Planas; con 46 piés";;Dolores;;;gol.;1889_06_01;;;
;;N/A:  | N/A: ;;;Juan;pat.;;;;;-Cabañas, bdro. Rosita, pat. Juan: con 80 cajas azúcar y 23 tercerolas miel..;;Rosita;;;bdro.;1889_06_01;Cabañas;;
;;N/A: ;;;;pat.;;;;;gol. Cuba, pat. Rigó: con 500 cajas azúcar.;;Rigó;;;gol.;1889_06_02;Cuba;;
;;N/A: ;;;Padrón;pat.;;;;;-Santa Maria, gol. Anita, pat. Padrón: con 1,100;;Anita;;;gol.;1889_06_02;;;
;;N/A: ;;;Hernández;pat.;;;;;-Morrillo, gol. Britania, pat. Hernández: 250 sacos;;Britania;;;gol.;1889_06_04;Morrillo;;
;;N/A: ;;;Enseñat;pat.;;;;;-Morrillo, gol. Feliz, pat. Enseñat: con 321 sacos grazúcar.;;Feliz;;;gol.;1889_06_04;Morrillo;;
;;N/A: ;;;Villamil;cap.;;;;;-Nuevitas, vapor Adela, cap. Villamil: con 1,500;;Adela;;;vapor;1889_06_04;Nuevitas;;
Día 4:;;N/A:  | N/A:  | N/A: ;;;Pagés;pat.;;;;;"Dia 4: De Jaruco. gol. Joven Lola, pat. Pagés: con 247 sacos azúcar; 177 sacos maiz y efectos. --Bajas, gol. Carmita, pat. Cudilleiro: con 800 sacos";;Joven Lola;;;gol.;1889_06_05;Jaruco;;
;;N/A: ;;;Gil;pat.;;;;;Baues, gol. Josefa, pat. Gil: con 46 bocoyes azúcar.;;Josefa;;;gol.;1889_06_05;Baues;;
;;;;;Valent;pat.;;;;;-Cárdenas, gol. María del Carmen, pat. Valent:;;María del Carmen;;;gol.;1889_06_06;Cárdenas;;
;;N/A: ;;;Bosch;pat.;;;;;-Cárdenas, gol. Almanza, pat. Bosch: con 29 sacos;;Almanza;;;gol.;1889_06_06;Cárdenas;;
;;N/A: ;;;Tous;pat.;;;;;-Matanzas, gol. Elvira, pat. Tous: con 25 pipas;;Elvira;;;gol.;1889_06_06;Matanzas;;
Día 6:;;N/A: ;;;Vilar;cap.;;;;;Dia 6: De Nuevitas, vapor Mortera, cap. Vilar: con 469 re160;;Mortera;;;vapor;1889_06_07;Nuevitas;;
;;N/A:  | N/A:  | N/A: ;;;Ginesta;cap.;;;;;"-Caibarién, vapor Clara, cap. Ginesta: con 470 sacos azúcar; 25 pipas alcohol y efecfos.";;Clara;;;vapor;1889_06_07;Caibarién;;
;;N/A: ;;;Real;cap.;;;;;-Malas-Aguas, vapor Tritóa, cap. Real: con 300;;Tritóa;;;vapor;1889_06_07;Malas-Aguas;;
;;N/A: ;;;Marantes;pat.;;;;;-Mariel, gol. Altagracia, pat. Marantes: con 300;;Altagracia;;;gol.;1889_06_07;Mariel;;
;;N/A: ;;;Serra;pat.;;;;;-Sagua, gol. Amalia, pat. Serra: con 500 sacos carbón.;;Amalia;;;gol.;1889_06_07;Sagua;;
;;N/A:  | N/A: ;;;Mas;pas.;;;;;-Gibara, gol. Francisca, pas. Mas: con 40,000 cocos y 20,000 semillas plátanos.;;Francisca;;;gol.;1889_06_07;Gibara;;
;;N/A: ;;;Freixas;pat.;;;;;-Cabañas, gol. Josefa, pat. Freixas: con 600 sacos;;Josefa;;;gol.;1889_06_07;Cabañas;;
;;;;;Macip;pat.;;;;;-Santa Cruz, gol. Jouen Manuel, pat. Macip: con;;Jouen;;;gol.;1889_06_07;Santa Cruz;;
;;N/A: ;;;Férez;pat.;;;;;-Sagua, gol. María, pat. Férez: con 25 pipas aguardiente.;;María;;;gol.;1889_06_07;Sagua;;
Día 7:;;N/A: ;;;Bosch;pat.;;;;;Dia 7: De Dominica, gol. Dominica, pat. Bosch: con 300 sacos azúcar.;;Dominica;;;gol.;1889_06_08;Dominica;;
;;N/A:  | N/A: ;;;Bosch;pat.;;;;;850 tercios tabaco y efectos. --Dominica, gol. Dominica, pat. Bosch: con 300 sacos azúcar.;;Dominica;;;gol.;1889_06_09;Dominica;;
;;N/A: ;;;Torres;pat.;;;;;-San Cayetano, gol. Isabellta, pat. Torres: con 300;;Isabellta;;;gol.;1889_06_09;San Cayetano;;
;;N/A: ;;;Valent;pat.;;;;;-Cárdenas, gol. Juan Toralla, pat. Valent: con 314;;Juan Toralla;;;gol.;1889_06_09;Cárdenas;;
;;;;;Ponte;pat.;;;;;Nuevitas, gol. Emilia, pat. Ponte: con efectos.;;Emilia;;;gol.;1889_06_09;Nuevitas;;
;;N/A: ;;;Enseñat;pat.;;;;;-Sierra Morena, gol. Soffa, pat. Enseñat: con 760;;Soffa;;;gol.;1889_06_11;Sierra Morena;;
;;;;;Zaragoza;pat.;;;;;-Cárdenas, gol. Isla de Cuba, pat. Zaragoza: con;;Isla de Cuba;;;gol.;1889_06_11;Cárdenas;;
;;;;;Alemany;pat.;;;;;-Cárdenas, gol. Joven Pilar, pat. Alemany: con;;Joven Pilar;;;gol.;1889_06_11;Cárdenas;;
;;N/A: ;;;Ruiz;pat.;;;;;-Dimas, gol. Dos Hermanas, pat. Ruiz: con 700;;Dos Hermanas;;;gol.;1889_06_11;;;
Día 11:;;N/A: ;;;Cabaleiro;pat.;;;;;Dia 11: De Sagua, gol. Rosita, pat. Cabaleiro: con 500,sacos;;Rosita;;;gol.;1889_06_12;Sagua;;
;;N/A: ;;;Rodríguez;pat.;;;;;Arroyos, gol. Júcaro. pat. Rodríguez: con 900 sacos carbón.;;Júcaro;;;gol.;1889_06_12;Arroyos;;
;;;;;Macip;pat.;;;;;-Santa Cruz, gol. Joven Manuel, pat. Macip: con;;Joven Manuel;;;gol.;1889_06_12;Santa Cruz;;
Día 12:;;N/A: ;;;Cuevas;pat.;;;;;Dia 12: De Cárdenas, gol. Angelita, pat. Cuevas: oon 370 barriles azúcar refino y efectos.;;Angelita;;;gol.;1889_06_13;Cárdenas;;
Día :;;;;;Menaya;pat.;;;;;-Laguna del Medio, gol. Dos Sofias, pat. Menaya:;;Dos Sofias;;;gol.;1889_06_13;Laguna del Medio;;
;;N/A: ;;;Tasso;pat.;;;;;Jibacoa, gol. 13 de Vinaróz, pat. Tasso: cen 150;;13;;;gol.;1889_06_13;Vinaróz;;
;;N/A: ;;;Real;pat.;;;;;-Malas-Aguas, vapor Tritón, pat. Real: con 110;;Tritón;;;vapor;1889_06_14;Malas-Aguas;;
;;;;;Morales;pat.;;;;;-Punta-Alegre, gol. Carmita, pat. Morales: con;;Carmita;;;gol.;1889_06_14;Punta Alegre;;
Día 17:;;;;;Cantero;pat.;;;;;Dia 17: De Cárdenas, gol. Aguila de Oro, pat. Cantero: con;;Aguila de Oro;;;gol.;1889_06_18;Cárdenas;;
;;N/A: ;;;Gil;pat.;;;;;-Banes, gol. Josefa, pat. Gil: con 46 hocoyes azúcar.;;Josefa;;;gol.;1889_06_18;Banes;;
;;N/A: ;;;Sánchez;cap.;;;;;-Nuevitus, vapor Mortera, cap. Sánchez: con 500;;Mortera;;;vapor;1889_06_18;;;
;;N/A: ;;;Valent;pat.;;;;;-Cárdenas, gol. Juan Toralla, pat. Valent: con 650;;Juan Toralla;;;gol.;1889_06_18;Cárdenas;;
;;N/A: ;;;Marin;cap.;;;;;-Guanes, vapor Guaniguanico, cap. Marin: con 533;;Guaniguanico;;;vapor;1889_06_18;Guanes;;
Día 18:;;N/A: ;;;Bosch;pat.;;;;;Dia 18: De Dominica, gol. Dominica, pat. Bosch: con 300 sacos azúcar.;;Dominica;;;gol.;1889_06_19;Dominica;;
Día 01:;;;;;Pujol;pat.;;;;;-Santa Lucía, gol. María del Carmen, pat. Pujol:;;María del Carmen;;;gol.;1889_06_19;Santa Lucía;;
;;N/A: ;;;Ferrer;pat.;;;;;-Dimas, gol. Deseada, pat. Ferrer: con 400 sacos;;Deseada;;;gol.;1889_06_19;Dimas;;
;;N/A: ;;;Tous;pat.;;;;;-Matanzas, gol. Elvira, pat. Tous: con 48 pipas;;Elvira;;;gol.;1889_06_19;Matanzas;;
;;N/A:  | N/A:  | N/A: ;;;Cabres;pat.;;;;;-Santa Cruz, gol. Unión, pat. Cabres: con 692 trozos cedro y caoba y efectos.;;Unión;;;gol.;1889_06_19;Santa Cruz;;
Día 19:;;N/A: ;;;Marantes;pat.;;;;;Dia 19: De Mariel, gsl. Altagracia, pat. Marantes: con 200;;Altagracia;;;gsl.;1889_06_20;Mariel;;
Día 21:;;N/A: ;;;Real;cap.;;;;;Dia 21: De Malas-Aguas, vapor Tritón, cap. Real: con 110;;Tritón;;;vapor;1889_06_22;Malas-Aguas;;
;;N/A:  | N/A: ;;;Ginesta;cap.;;;;;-Caibarién, vapor Alava, cap. Ginesta: con 30 pipas aguardiente y efectos.;;Alava;;;vapor;1889_06_22;Caibarién;;
;;N/A: ;;;Maciá;pat.;;;;;Rio del Medio, gol. Gallego, pat: Maciá: con 700;;Gallego;;;gol.;1889_06_22;Rio del Medio;;
;;N/A: ;;;Ruiz;pat.;;;;;-Dimas, gol Dos Hermanas, pat. Ruiz: con 700 sacos carbón.;;Dos Hermanas;;;gol;1889_06_22;;;
;;N/A: ;;;Pérez;pat.;;;;;-Matanzas, gal. María, pat. Pérez: con 25 pipas;;María;;;gal.;1889_06_22;Matanzas;;
;;N/A: ;;;García;pat.;;;;;-San Cayetano, gol. Rosario, pat. García: con 200;;Rosario;;;gol.;1889_06_22;San Cayetano;;
;;;;;Maciá;pat.;;;;;-Santa Cruz, gol. Joven Manuel, pat. Maciá: con;;Joven Manuel;;;gol.;1889_06_22;Santa Cruz;;
;;N/A: ;;;Esteban;pat.;;;;;-Teja, gol. Vicenta, pat. Esteban: con 700 sacos;;Vicenta;;;gol.;1889_06_22;Teja;;
;;N/A: ;;;Vidal;pat.;;;;;Sagua, gol. Joven Luisa, pat. Vidal: cen 700 sacos carbón.;;Joven Luisa;;;gol.;1889_06_22;Sagua;;
Día 22:;;;;;Alemany;pat.;;;;;Dia 22: De Granadillo, gol. Joveu Felipe, pat. Alemany: con;;Joveu;;;gol.;1889_06_23;Granadillo;;
;;N/A: ;;;Borrell;pat.;;;;;Teja, gol. Castilla, pat. Borrell: con 1,500 sacos;;Castilla;;;gol.;1889_06_23;Teja;;
;;;;;Mandilego;pat.;;;;;-Cárdenas, gol. Esmeralda, pat. Mandilego: con;;Esmeralda;;;gol.;1889_06_23;Cárdenas;;
Día 24:;;N/A: ;;;Moll;pat.;;;;;Dia 24: De Mantua, gol. Lince, pat. Moll: con 400 sacos carbón.;;Lince;;;gol.;1889_06_25;Mantua;;
;;N/A: ;;;Bosch;pat.;;;;;-Dominica, gol. Dominica, pat. Bosch: con 300 sacos carbón.;;Dominica;;;gol.;1889_06_25;Dominica;;
;;;;;Torres;pat.;;;;;Sagua de Tánamo, gol. Elva, pat. Torres: con;;Elva;;;gol.;1889_06_25;Sagua de Tánamo;;
;;N/A: ;;;Valent;pat.;;;;;-Cárdenas, gol. Juan Toralla, pat. Valent: con 850;;Juan Toralla;;;gol.;1889_06_25;Cárdenas;;
;;N/A:  | N/A: ;;;Pereira;pat.;;;;;-Caraliatas, gol. Teresita, pat. Pereira: con 70 bocoyes miel y 11 pipas aguardiente.;;Teresita;;;gol.;1889_06_25;Caraliatas;;
;;N/A:  | N/A: ;;;Cuevas;pat.;;;;;-Cárdenas, gol. Angelita, pat. Cuevas: con 80 pipas aguardiente y efectos.;;Angelita;;;gol.;1889_06_25;Cárdenas;;
;;;;;Bonet;pat.;;;;;-Matanzas, gol. Dos Hermanas, pat. Bonet: con;;Dos Hermanas;;;gol.;1889_06_25;Matanzas;;
Día 25:;;N/A: ;;;Cabruja;pat.;;;;;Dia 25: De Bajas, gol. 2ª Rosa, pat. Cabruja: con 1,000 sacos;;2ª Rosa;;;gol.;1889_06_26;Bajas;;
;;N/A: ;;;Suárez;pat.;;;;;-Rio del Medio, gol. Anita, pat. Suárez. con 1,000;;Anita;;;gol.;1889_06_26;Rio del Medio;;
Día 26:;;N/A: ;;;Moll;pat.;;;;;Dia 26: De Mariel. gol. Joven Magdalena, pat. Moll: con 800;;Joven Magdalena;;;gol.;1889_06_27;Mariel;;
Día 01:;;N/A: ;;;Calafell;pat.;;;;;-Matauzas, gol. María Josefa, pat. Calafell: con 60;;María Josefa;;;gol.;1889_06_27;Matauzas;;
Día 27:;;N/A: ;;;Ginesta;cap.;;;;;Dia 27: F De Caibarién, vap. Clara, cap. Ginesta: con 25 tercios;;Clara;;;vap.;1889_06_28;Caibarién;;
;;N/A: ;;;Real;cap.;;;;;Malas-Aguas, vapor Tritón, cap. Real: con 160;;Tritón;;;vapor;1889_06_28;Malas-Aguas;;
;;;;;Inclan;pat.;;;;;-Cabañas, gol. Caballo Marino, pat. Inclan: con;;Caballo Marino;;;gol.;1889_06_28;Cabañas;;
Día 01:;;;;;Zaragoza;pat.;;;;;efeetos. - -Cárdenas, gol. Isla de Cuba, pat. Zaragoza: con;;Isla de Cuba;;;gol.;1889_06_28;Cárdenas;;
;;;;;Suárez;pat.;;;;;-Bahía-Honda. gol. Rosa María, pat. Suárez: con;;Rosa María;;;gol.;1889_06_28;Bahía-Honda;;
;;;;;Alemany;pat.;;;;;-Cárdenas, gol. Joven Pilar, pat. Alemany: con;;Joven Pilar;;;gol.;1889_06_28;Cárdenas;;
;;N/A:  | N/A: ;;;Pagés;pat.;;;;;-Jaruco, gol. Joven Lola, pat. Pagés: con 450 sacos maiz y 8 pipas aguardiente.;;Joven Lola;;;gol.;1889_06_28;Jaruco;;
;;;;;Salvá;pat.;;;;;Sierra Morena, gol. María Teresa, pat. Salvá: con;;María Teresa;;;gol.;1889_06_28;;;
Día 28:;;N/A: ;;;Vilar;cap.;;;;;Dia 28: De Nuevitas, vapor Mortera, cap. Vilar: con 450 reses.;;Mortera;;;vapor;1889_06_29;Nuevitas;;
Día :;;;;;Zubirat;pat.;;;;;Punta-Alegre, gol. Joven Gertrúdis, pat. Zubirat:;;Joven Gertrúdis;;;gol.;1889_06_29;Punta-Alegre;;
;;N/A: ;;;Loret;pat.;;;;;Bajas. gol. Angelita, pat. Loret: con 300 sacos;;Angelita;;;gol.;1889_06_29;;;
;;N/A: ;;;Enseñat;pat.;;;;;-Sierra Morena, gol. Sofía, pat Enseñat: con 265;;Sofía;;;gol.;1889_06_29;Sierra Morena;;
;;N/A: ;;;Pujol;pat.;;;;;Teja, gol. Isabel II, pat. Pujol: con 600 sacos;;Isabel II;;;gol.;1889_06_29;Teja;;
;;N/A:  | N/A:  | N/A: ;;;Sánchez;cap.;;;;;"Cuba y escalas, vapor Elena Oms, cap. Sánchez: 60 con 1,848 sacos azúcar; 56 tercios tabaco; 38,000";;Elena Oms;;;vap.;1889_07_02;Cuba;;
;;N/A: ;;;Bernaza;pat.;;;;;Dimas, gol. Amable Rosita, pat. Bernaza: con 700;;Amable Rosita;;;gol.;1889_07_02;;;
;;N/A: ;;;Acuña;pat.;;;;;-Sagua, gol. María Andrea, pat. Acuña: con 800;;María Andrea;;;gol.;1889_07_02;Sagua;;
;;N/A: ;;;Pérez;pat.;;;;;-Matanzas, gol. María, pat. Pérez: con 25 pipas;;María;;;gol.;1889_07_02;Matanzas;;
;;N/A: ;;;Valent;pat.;;;;;-Cárdenas, gol. Juan Toralla, pat. Valent: con 600;;Juan Toralla;;;gol.;1889_07_02;Cárdenas;;
;;N/A: ;;;Pellicer;pat.;;;;;-Sagua, gol. Pirineo, pat. Pellicer: con 1,500 sacos;;Pirineo;;;gol.;1889_07_02;Sagua;;
Día 2:;;N/A: ;;;Mateu;pat.;;;;;Dia 2: De Playas de San Juan, gol. San Francisco, pat. Mateu: con 1,000 sacos carbón.;;San Francisco;;;gol.;1889_07_03;Playas de San Juan;;
;;;;;Cantero;pat.;;;;;-Cárdenas, gol. Aguila de Oro, pat. Cantero: con;;Aguila de Oro;;;gol.;1889_07_03;Cárdenas;;
;;N/A:  | N/A:  | N/A: ;;;Bujosa;pat.;;;;;"Morón, gol. Engracia, pat. Bujosa: con 1,000 polines; 38 palos madera y 50 caballos leña.";;Engracia;;;gol.;1889_07_03;Morón;;
Día 3:;;N/A:  | N/A:  | N/A: ;;;;cap.;;;;;"Dia 3: De Nuevitas, vapor Mortera, cap. Bilbao: con 440 reses; 188,000 plátanos y efectos.";bilbao;Mortera;;;vapor;1889_07_04;Nuevitas;;
;;;;;Bonet;pat.;;;;;-Matanzas, gol. Dos Hermanas, pat. Bonet: con;;Dos Hermanas;;;gol.;1889_07_04;Matanzas;;
Día 4:;;N/A:  | N/A:  | N/A:  | N/A: ;;;Bilbao;cap.;;;;;"Dia 4: De Caibarién, vapor Clara, cap. Bilbao: con 196 reses; 30 pipas y 2 barriles aguardiente y efectos.";;Clara;;;vapor;1889_07_05;Caibarién;;
;;N/A: ;;;Mayans;pat.;;;;;-Playas de San Juan, gol. 2ª Gertrudis, pat. Mayans: con 800 sacos carbón.;;2ª Gertrudis;;;gol.;1889_07_05;Playas de San Juan;;
;;N/A: ;;;Felicó;pat.;;;;;-Guanes, gol. Expeculación, pat. Felicó: con 300;;Expeculación;;;gol.;1889_07_05;Guanes;;
;;N/A: ;;;Real;cap.;;;;;Malas-Aguas, vapor Tritón, cap. Real: con 300;;Tritón;;;vapor;1889_07_05;Malas-Aguas;;
;;N/A: ;;;Cabaleiro;pat.;;;;;-Sagua, gol. Rosita, pat. Cabaleiro: con 500 sacos;;Rosita;;;gol.;1889_07_05;Sagua;;
Día 6:;;N/A: ;;;Terrades;pat.;;;;;Dia 6: De Sagua, gol. Candita, pat. Terrades: con 1,000 sacos carbón.;;Candita;;;gol.;1889_07_07;Sagua;;
;;;;;Alemany;pat.;;;;;-Cárdenas, gol. Joven Pilar, pat. Alemany: con;;Joven Pilar;;;gol.;1889_07_09;Cárdenas;;
;;;;;Inclán;pat.;;;;;-Cabañas, gol. Caballo Marino, pat. Inclán: con;;Caballo Marino;;;gol.;1889_07_09;Cabañas;;
;;N/A:  | N/A:  | N/A: ;;;Pagés;pat.;;;;;Jaruco, gol. Joven Lola, pat. Pagés: con 350 sacos y 51 fanegas maiz y 60 sacos azúcar.;;Joven Lola;;;gol.;1889_07_09;Jaruco;;
;;N/A: ;;;Padrón;pat.;;;;;-Santa Marín, gol. Anita, pat. Padrón: con 1,000;;Anita;;;gol.;1889_07_09;Santa Marín;;
Día 9:;;N/A: ;;;Cudillero;pat.;;;;;Dia 9: De Bajas, gol. Carmita, pat. Cudillero: con 800 sacos;;Carmita;;;gol.;1889_07_10;Bajas;;
;;N/A: ;;;Ferrer;pat.;;;;;carbón. - -Dimas, gol. Salve Virgen María, pat. Ferrer: con;;Salve Virgen María;;;gol.;1889_07_10;;;
Día :;;;;;Menaya;pat.;;;;;-Laguna del Medio, gol. Dos Sofias, pat. Menaya:;;Dos Sofias;;;gol.;1889_07_10;Laguna del Medio;;
Día 10:;;N/A:  | N/A:  | N/A: ;;;;cap.;;;;;"Dia 10: De Sagua, vapor Elena Oms, cap. Bilbao: con 30 pipas aguardiente; 43 tercios tabaco y efectos.";Bilbao;Elena Oms;;;vapor;1889_07_11;Sagua;;
;;N/A: ;;;Ferrer;pat.;;;;;-Dimas, gol. Deseada, pat. Ferrer: con 400 sacos;;Deseada;;;gol.;1889_07_11;Dimas;;
Día :;;;;;Calafell;pat.;;;;;-Matanzas, gol. María Josefa, pat. Calafell: con;;María Josefa;;;gol.;1889_07_11;Matanzas;;
;;N/A: ;;;Menaya;pat.;;;;;Srgna, gol. Habanera, pat. Menaya: con 500 sacos carbón.;;Habanera;;;gol.;1889_07_11;Srgna;;
;;;;;Zaragoza;pat.;;;;;-Cárdenas, gol. Isla de Cuba, pat. Zaragoza: con;;Isla de Cuba;;;gol.;1889_07_11;Cárdenas;;
Día 11:;;;;;Riera;pat.;;;;;Dia 11: De Playas de San Juan, gol. José Riera, pat. Riera:;;José Riera;;;gol.;1889_07_12;Playas de San Juan;;
;;N/A: ;;;Real;cap.;;;;;Malas-Aguas, vapor Tritón, cap. Real: con 300;;Tritón;;;vapor;1889_07_12;Malas-Aguas;;
;;N/A: ;;;Pérez;pat.;;;;;-Matanzas, gol. Amalia, pat. Pérez: con 195 tercios tasajo.;;Amalia;;;gol.;1889_07_13;Matanzas;;
;;;;;Valent;pat.;;;;;-Cárdenas, gol. María del Carmen, pat. Valent:;;María del Carmen;;;gol.;1889_07_13;Cárdenas;;
Día 13:;;N/A:  | N/A:  | N/A:  | N/A:  | N/A:  | N/A: ;;;Suao;pat.;;;;;"Dia 13: De Gibara, Moralidad, pat. Suao: con 334 tercios tabaco; 693 sacos maiz; 80,000 plátanos; 100 quintales ñames; 100 pipas aguardiente y efectos.";;;;;Moralidad;1889_07_14;Gibara;;
;;N/A: ;;;Serra;pat.;;;;;-Sagua, gol. Amalia, pat. Serra: con 500 sacos;;Amalia;;;gol.;1889_07_14;Sagua;;
Día XX:;;;;;Cabruja;pat.;;;;;-Playas de San Juan, gol. 23 Rosa, pat. Cabruja:;;23 Rosa;;;gol.;1889_07_16;Playas de San Juan;;
;;;;;Macip;pat.;;;;;-Santa Cruz, gol. Joven Manuel, pat. Macip: con;;Joven Manuel;;;gol.;1889_07_16;Santa Cruz;;
;;N/A:  | N/A:  | N/A: ;;;Pérez;pat.;;;;;-Matanzas, gol. María, pat. Pérez: con 150 bocoves y 2012 aguardiente y efectos.;;María;;;gol.;1889_07_16;Matanzas;;
Día 16:;;;;;Inclan;pat.;;;;;Dia 16: De Cabañas, gol. Caballo Marino, pat. Inclan: con;;Caballo Marino;;;gol.;1889_07_17;Cabañas;;
;;N/A:  | N/A: ;;;Pagés;pat.;;;;;Jaruco, gol. Joven Lola, pat. Pagés: con 219 sacos maiz y 8 pipas aguardiente.;;Joven Lola;;;gol.;1889_07_17;Jaruco;;
;;N/A: ;;;Vera;pat.;;;;;-Santa Cruz, gol. San Antonio, pat. Vera: con 296;;San Antonio;;;gol.;1889_07_17;Santa Cruz;;
;;N/A: ;;;Moll;pat.;;;;;Mantua, gol. Lince, pat. Moll: con 500 sacos carbón.;;Lince;;;gol.;1889_07_18;Mantua;;
Día 18:;;N/A: ;;;Enseñat;pat.;;;;;Dia 18: De Sierra Morena, gol. Sofía, pat. Enseñat: con 156;;Sofía;;;gol.;1889_07_19;Sierra Morena;;
Día 19:;;N/A: ;;;Espriu;pat.;;;;;Dia 19: De Santa María, gol. Catalina, pat. Espriu: con 800;;Catalina;;;gol.;1889_07_20;Santa María;;
;;N/A: ;;;Rodríguez;pat.;;;;;-Congojas, gol. Júcaro, pat. Rodríguez: con 800;;Júcaro;;;gol.;1889_07_21;Congojas;;
;;;;;Macip;pat.;;;;;-Santa Cruz, gol. Joven Manuel, pat. Macip: con;;Joven Manuel;;;gol.;1889_07_21;Santa Cruz;;
;;N/A: ;;;Pujol;pat.;;;;;-Mantua, gol. Nuevo Hilario, pat. Pujol: con 600;;Nuevo Hilario;;;gol.;1889_07_21;Mantua;;
;;;;;Linares;pat.;;;;;Matanzas, gol. Dos Isabelas, pat. Linares: con;;Dos Isabelas;;;gol.;1889_07_23;Matanzas;;
;;N/A: ;;;Riera;pat.;;;;;-Mulata. gol. Natividad, pat. Riera: con 30 camas;;Natividad;;;gol.;1889_07_23;;;
;;N/A: ;;;Marantesi;pat.;;;;;-Mariel, gol, Altagracia, pat. Marantesi con 88;;Altagracia;;;gol;1889_07_23;;;
;;;;;Cantero;pat.;;;;;-Cárdenas, gol. Agulla de Oro, pat. Cantero: con;;Agulla de Oro;;;gol.;1889_07_23;Cárdenas;;
;;N/A:  | N/A:  | N/A: ;;;Pérez;pat.;;;;;-Matanzas, gol. Amalia, pat. Pérez: con 150 hocoyes, 1212 bocoyes aguardiente y efectos.;;Amalia;;;gol.;1889_07_23;Matanzas;;
Día 23:;;N/A: ;;;Maciá;pat.;;;;;Dia 23: De Bajas, gol. Gallego, pat. Maciá: con 800 sacos;;Gallego;;;gol.;1889_07_24;Bajas;;
;;N/A: ;;;Mateu;pat.;;;;;-Bajas, gol. San Francisco, pat. Mateu: con 1,000;;San Francisco;;;gol.;1889_07_24;Bajas;;
;;N/A: ;;;Enseñat;pat.;;;;;-Morrillo, gol. Feliz, pat. Enseñat: con 200 sacos;;Feliz;;;gol.;1889_07_24;Morrillo;;
;;N/A: ;;;Pérez;pat.;;;;;-Matanzas, gol. María, pat. Pérez: con 150 bocoyes;;María;;;gol.;1889_07_24;Matanzas;;
;;N/A:  | N/A: ;;;Morales;pat.;;;;;Caibarién, gol. armita, pat. Morales: con 25 bocoyes hueso y efectos.;;armita;;;gol.;1889_07_24;Caibarién;;
;;N/A: ;;;Lloret;f.;;;;;-Bajas, gol. Angelita, f. Lloret: con 260 tercios;;Angelita;;;gol.;1889_07_25;;;
;;N/A:  | N/A: ;;;Vera;pat.;;;;;"obesilt med gevallen ashstrollca -Santa Cruz, gol. San Antonio, pat. Vera: con 267 sacos y 40 fanegas maiz. -Santa Cruz, gol. Joven Manuel, pat. Macip: con 363 sacos azúcar; 50 fanegas maiz y 5 pipas aguardiente. RETEN -Cabañas, bdro. Rosita, pat. Juan: con 62 cajas azúcar y 20 cuarterolas miel. Cárdenas, gol. Angelita, pat. Cuevas: con 150 barries azúcar; 50 pipas aguardiente y efectos.";;San Antonio;;;gol.;1889_07_25;Santa Cruz;;
Día 26:;;N/A: ;;;Real;cap.;;;;;Dia 26: De Malas-Aguas, vapor Tritón, cap. Real: con 200;;Tritón;;;vapor;1889_07_27;Malas-Aguas;;
;;N/A: ;;;Ruiz;pat.;;;;;-Dimas, gol. Dos Hermanas, pat. Ruiz: con 700;;Dos Hermanas;;;gol.;1889_07_27;Dimas;;
;;N/A: ;;;Lloret;pat.;;;;;-Cárdenas, gol. Victoria, pat. Lloret: con 35 toneladas hierro.;;Victoria;;;gol.;1889_07_27;Cárdenas;;
;;;;;Porcel;pat.;;;;;Jaruco, gol. Paquete de Jaruco, pat. Porcel: con;;Paquete de Jaruco;;;gol.;1889_07_27;Jaruco;;
Día 27:;;;;;Inclán;pat.;;;;;Dia 27: De Cabañas, gol. Caballo Marino, pat. Inclán: con;;Caballo Marino;;;gol.;1889_07_28;Cabañas;;
;;;;;Mandilego;cap.;;;;;-Cárdenas, gol. Esmeralda, cap. Mandilego: con;;Esmeralda;;;gol.;1889_07_28;Cárdenas;;
;;N/A: ;;;Alvarez;pat.;;;;;-Guanes, vapor Guadiana, pat. Alvarez: con 1,093;;Guadiana;;;vapor;1889_07_30;Guanes;;
;;;;;Alemany;pat.;;;;;-Cárdenas, gol. Joven Pílar, pat. Alemany: con;;Joven Pílar;;;gol.;1889_07_30;Cárdenas;;
;;N/A: ;;;Valent;pat.;;;;;-Cárdenas, gol. Juan Toralla, pat. Valent: con 40;;Juan Toralla;;;gol.;1889_07_30;Cárdenas;;
;;;;;Bonit;pat.;;;;;-Matanzas, gol. Dos Hermanas, pat. Bonit: con;;Dos Hermanas;;;gol.;1889_07_30;Matanzas;;
;;N/A:  | N/A:  | N/A: ;;;Planas;pat.;;;;;"-Mulata, gol. Dolores, pat. Planas: con 1,000 tendidos majagua; 20 sacos maiz y efectos.";;Dolores;;;gol.;1889_07_30;;;
;;;;;Calafell;pat.;;;;;Matanzas, gol. María Josefa, pat. Calafell: con;;María Josefa;;;gol.;1889_07_31;Matanzas;;
;;N/A: ;;;Estradella;pat.;;;;;-Gibara, gol Crisálida, pat. Estradella: con 8,000;;Crisálida;;;gol;1889_07_31;Gibara;;
;;N/A: ;;;Acuña;pat.;;;;;-Sagua, gol. María Andrea, pat. Acuña: con 800;;María Andrea;;;gol.;1889_08_01;Sagua;;
;;;;;Fulgor;pat.;;;;;-Matanzas, gol. Jocen Leocadia, pat. Fulgor: en;;Jocen Leocadia;;;gol.;1889_08_01;Matanzas;;
Día 10:;;;;;Macip;pat.;;;;;Dia 10: De Santa Cruz, gol. Joven Manuel, pat. Macip: con;;Joven Manuel;;;gol.;1889_08_02;Santa Cruz;;
Día 2:;;;;;Vior;pat.;;;;;Dia 2: De Cienfuegos, gol. Josefita. pat. Vior: con efectos.;;Josefita;;;gol.;1889_08_03;Cienfuegos;;
;;N/A:  | N/A: ;;;Cervera;pat.;;;;;-Cárdenas, gol Emilia, pat. Cervera: con 152 pipas aguardiente y efectos.;;Emilia;;;gol.;1889_08_03;Cárdenas;;
;;N/A:  | N/A: ;;;Pérez;pat.;;;;;Matanzas, gol. Amalia, pat. Pérez: con 185 bocoyes aguardiente y efectos;;Amalia;;;gol.;1889_08_03;Matanzas;;
Día 01:;;N/A: ;;;Rigó;pat.;;;;;Cabañas. gol. Cuba, pat. Rigó: con 60 hocoyes;;Cuba;;;gol.;1889_08_03;Cabañas;;
;;;;;Gil;pat.;;;;;Banes, gol. Josefa, pat. Gil: con efectos.;;Josefa;;;gol.;1889_08_03;Banes;;
;;N/A: ;;;Rodríguez;pat.;;;;;Corgojas, gol. Júcaro, pat. Rodríguez: con 800;;Júcaro;;;gol.;1889_08_03;Corgojas;;
;;;;;Bosch;pat.;;;;;-Cárdenas, gol. Almanza, pat. Bosch: con efectos.;;Almanza;;;gol.;1889_08_03;Cárdenas;;
Día 4:;;;;;Subirat;pat.;;;;;Dia 4: De Caibarién, gol. Joven Gertrúdis, pat. Subirat: con;;Joven Gertrúdis;;;gol.;1889_08_06;Caibarién;;
;;;;;Marantes;pat.;;;;;Mariel, gol. Altagracia. pat. Marantes: con efectos;;Altagracia;;;gol.;1889_08_06;;;
;;N/A: ;;;Ferrer;pat.;;;;;-Dimas, gol. Deseada, pat. Ferrer: con 400 sacos;;Deseada;;;gol.;1889_08_06;Dimas;;
;;;;;Cantero;pat.;;;;;-Cárdenas, gol. Aguila de Oro, pat. Cantero: con;;Aguila de Oro;;;gol.;1889_08_06;Cárdenas;;
;;N/A: ;;;Pérez;pat.;;;;;Matanzas, gol. María, pat. Pérez: con 30 pipas;;María;;;gol.;1889_08_06;Matanzas;;
;;;;;Inclán;pat.;;;;;Cabañas, gol. Caballo Marino, pat. Inclán: con;;Caballo Marino;;;gol.;1889_08_06;Cabañas;;
;;N/A:  | N/A:  | N/A: ;;;Pagés;pat.;;;;;-Jaruco, gol. Joven Lola, pat. Pagés: con 430 sacos y 50 fanegas maiz y 4 pipas aguardiente.;;Joven Lola;;;gol.;1889_08_06;Jaruco;;
;;N/A: ;;;Lagarreta;pat.;;;;;-Cárdenas, gol. Teresita, pat. Lagarreta: con 70;;Teresita;;;gol.;1889_08_06;Cárdenas;;
;;;;;Suárez;pat.;;;;;Sagua la Chica, gol. Rosa María, pat. Suárez:;;Rosa María;;;gol.;1889_08_06;Sagua la Chica;;
;;N/A: ;;;Pujol;pat.;;;;;-Cárdenas, gol. Rivadesellas, pat. Pujol: con 12000;;Rivadesellas;;;gol.;1889_08_06;Cárdenas;;
;;N/A: ;;;Vera;pat.;;;;;-Santa Cruz, gol San Antonio, pat. Vera: con 261;;San Antonio;;;gol;1889_08_06;Santa Cruz;;
;;;;;Real;cap.;;;;;Malas-Aguas, vapor Tritón, cap. Real: con efectos.;;Tritón;;;vapor;1889_08_08;Malas-Aguas;;
;;;;;González;pat.;;;;;Granadillo, gol. Joven Vietoria, pat. González:;;Joven Vietoria;;;gol.;1889_08_08;Granadillo;;
;;N/A: ;;;Enseñiat;pat.;;;;;-Morrillo, gol. Feliz, pat. Enseñiat: con 100 sacos;;Feliz;;;gol.;1889_08_08;Morrillo;;
Día 8:;;N/A: ;;;Cabaleiro;pat.;;;;;Dia 8: De Sagua, gol. Rosita, pat. Cabaleiro: cou 500 sacos;;Rosita;;;gol.;1889_08_09;Sagua;;
;;N/A:  | N/A: ;;;Cuevas;pat.;;;;;-Cárdenas, gol. Angelita, pat. Cuevas: con 160 pipas aguardiente y efectos.;;Angelita;;;gol.;1889_08_09;Cárdenas;;
;;;;;Salvá;pat.;;;;;-Sierra Morena, gol. María Teresa, pat. Salvá: con;;María Teresa;;;gol.;1889_08_09;Sierra Morena;;
;;N/A: ;;;Terrades;pat.;;;;;-Sagua, gol. Candita, pat. Terrades: con 1,000 sacos carbón.;;Candita;;;gol.;1889_08_09;Sagua;;
;;N/A:  | N/A:  | N/A:  | N/A: ;;;Ponte;pat.;;;;;"-Nuevitas, gol. Emilia, pat. Ponte: con 400 estacas; 50 atravesaños; 80 caballos leña; 50 novillos";;Emilia;;;gol.;1889_08_10;Nuevitas;;
;;;;;Suárez;pat.;;;;;-Laguna del Medio, gol. Anita, pat. Suárez: con;;Anita;;;gol.;1889_08_10;Laguna del Medio;;
Día 10:;;;;;Mayans;pat.;;;;;Dia 10: De Punta San Juan, gol. 2a Gertrúdis, pat. Mayans:;;2a Gertrúdis;;;gol.;1889_08_11;Punta San Juan;;
;;N/A: ;;;Felicó;pat.;;;;;-Guancs, gol. Especulación, pat. Felicó: con 40;;Especulación;;;gol.;1889_08_11;Guancs;;
;;N/A:  | N/A:  | N/A:  | N/A: ;;;Mas;pat.;;;;;sacos carbón y 20 caballos leña. - -Baracoa, gol. Francisca, pat. Mas: con 40,000 cocos y efectos.;;Francisca;;;gol.;1889_08_11;Baracoa;;
Día 12:;;N/A: ;;;Villalonga;pat.;;;;;Dia 12: De Jaruco, gol. Clio, pat. Villalonga: con 253 toxas;;Clio;;;gol.;1889_08_13;Jaruco;;
Día 01:;;;;;Pujol;pat.;;;;;-Granadillo, gol. Ignacia Alemany, pat. Pujol:;;Ignacia Alemany;;;gol.;1889_08_13;Granadillo;;
;;;;;Alemany;pat.;;;;;-Cárdenas, gol. Joven Pilar, pat. Alemany: con;;Joven Pilar;;;gol.;1889_08_13;Cárdenas;;
;;;;;Enseñat;pat.;;;;;-Cárdenas, gol. Juan Toralla, pat. Enseñat: con;;Juan Toralla;;;gol.;1889_08_13;Cárdenas;;
Día 01:;;N/A: ;;;Calafell;pat.;;;;;Matanzas, gol. María Josefa, pat. Calafell: con 25;;María Josefa;;;gol.;1889_08_14;Matanzas;;
Día 01:;;N/A: ;;;Beneján;pat.;;;;;Mantua, gol. Margarita, pat. Beneján: con 500;;Margarita;;;gol.;1889_08_14;Mantua;;
;;N/A: ;;;Real;cap.;;;;;-Malas-Aguas, vapor Tritón, cap. Real: con 200;;Tritón;;;vapor;1889_08_15;Malas-Aguas;;
;;N/A: ;;;Moll;pat.;;;;;-Mantua, gol. Lince. pat. Moll: con 600 sacos carbón.;;Lince;;;gol.;1889_08_15;Mantua;;
Día :;;;;;Menaya;pat.;;;;;-Sagua la Chica, gol. Dos Sofías, pat. Menaya:;;Dos Sofías;;;gol.;1889_08_15;Sagua la Chica;;
;;N/A: ;;;Esteban;pat.;;;;;-Teja, gol. Vicenta, pat Esteban: con 700 sacos;;Vicenta;;;gol.;1889_08_15;Teja;;
;;N/A: ;;;Alemany;pat.;;;;;-Uveros, gol. Trafalgar, pat. Alemany: con 800 sacos earbón.;;Trafalgar;;;gol.;1889_08_15;Uveros;;
;;N/A: ;;;Vera;pat.;;;;;-Santa Cruz, gol. San Antonio, pat. Vera: con 315;;San Antonio;;;gol.;1889_08_15;Santa Cruz;;
;;N/A: ;;;Sánchez;cap.;;;;;-Nuevitas, vapor Mortera, cap. Sánchez: con 450;;Mortera;;;vapor;1889_08_17;Nuevitas;;
;;N/A: ;;;Moll;pat.;;;;;Mantua, gol. Lince, pat. Moll: con 600 sacos carbón.;;Lince;;;gol.;1889_08_17;Mantua;;
;;N/A: ;;;Lloret;pat.;;;;;-Bajas, gol. Angelita, pat. Lloret: con 299 tercios;;Angelita;;;gol.;1889_08_17;Bajas;;
;;N/A: ;;;Lladó;pat.;;;;;-Morrillo, gol. Agustina, pat. Lladó: óon 200 sacos;;Agustina;;;gol.;1889_08_17;Morrillo;;
;;N/A:  | N/A: ;;;Cervera;pat.;;;;;-Cárdenas, gol. Emilia, pat. Cervera: con 100 pipas aguardiente y efectos.;;Emilia;;;gol.;1889_08_17;Cárdenas;;
;;N/A: ;;;Pérez;pat.;;;;;-Matanzas, gol. Amalia, pat. Pérez: con 75 pipas;;Amalia;;;gol.;1889_08_17;Matanzas;;
Día 17:;;N/A: ;;;Maciá;pat.;;;;;Dia 17: De Rio del Medio, gol. Gallego, pat. Maciá: con 700;;Gallego;;;gol.;1889_08_18;Rio del Medio;;
Día 01:;;;;;Mateu;pat.;;;;;-Rio del Medio, gol. San Francisco, pat. Mateu:;;San Francisco;;;gol.;1889_08_18;Rio del Medio;;
;;;;;Bosch;pat.;;;;;-Punta San Juan, gol. Antonia, pat. Bosch: con;;Antonia;;;gol.;1889_08_18;Punta San Juan;;
;;N/A:  | N/A: ;;;Orbay;pat.;;;;;-San Cayetano, gol. Paquete de Sagua, pat. Orbay: con 200 varas madera y efectos;;Paquete de Sagua;;;gol.;1889_08_18;San Cayetano;;
;;N/A: ;;;Vior;cap.;;;;;-Cienfuegos, vapor Argonauta, cap. Vior: con 200;;Argonauta;;;vap.;1889_08_18;Cienfuegos;;
;;N/A: ;;;Marín;cap.;;;;;-Guane, vap. Guaniguanico, cap. Marín: con 1,585;;Guaniguanico;;;vap.;1889_08_20;Guane;;
;;N/A: ;;;Amenguol;pat.;;;;;-Sagua, gol. 2ª Cantinera, pat. Amenguol: con mil;;2ª Cantinera;;;gol.;1889_08_20;Sagua;;
;;;;;Inclán;pat.;;;;;-Cabañas, gol. Caballo Marino, pat. Inclán: con;;Caballo Marino;;;gol.;1889_08_20;Cabañas;;
;;N/A: ;;;Mil;pat.;;;;;-Granadillo, gol. Joven Felipe, pat. Mil: con 1,500;;Joven Felipe;;;gol.;1889_08_20;Granadillo;;
;;;;;Bonet;pat.;;;;;-Matanzas, gol. Dos Hermanas, pat. Bonet.;;Dos Hermanas;;;gol.;1889_08_20;Matanzas;;
;;;;;Alemany;pat.;;;;;Yaguajay, gol. Joven Blanca, pat. Alemany: con;;Joven Blanca;;;gol.;1889_08_21;Yaguajay;;
;;N/A:  | N/A:  | N/A: ;;;Bujosa;pat.;;;;;"-Morón, gol. Engracia, pat. Bujosa: con 100 estaquillas; 100 polines y efectos.";;Engracia;;;gol.;1889_08_21;Morón;;
;;N/A: ;;;Pujol;pat.;;;;;-Mantua, gol. Nuevo Hilario, pat. Pujol: con 500;;Nuevo Hilario;;;gol.;1889_08_21;Mantua;;
Día :;;;;;Enseñat;pat.;;;;;-Punta-Alegre, gol. Joven Balear, pat. Enseñat:;;Joven Balear;;;gol.;1889_08_21;Punta-Alegre;;
;;N/A: ;;;Cudilleiro;pat.;;;;;Bajas, gol. Carmita, pat. Cudilleiro: con 800 sacos carbón.;;Carmita;;;gol.;1889_08_22;Bajas;;
Día 23:;;N/A: ;;;Calafell;pat.;;;;;Dia 23: De Matanzas, gol. María Josefa, pat. Calafell: con 50;;María Josefa;;;gol.;1889_08_24;Matanzas;;
;;N/A: ;;;Vera;pat.;;;;;-Santa Cruz, gol. San Antonio, pat. Vera: con 320;;San Antonio;;;gol.;1889_08_24;Santa Cruz;;
Día :;;;;;Cabruja;pat.;;;;;-Playas de San Juan, gol. 2ª Rosa, pat. Cabruja:;;2ª Rosa;;;gol.;1889_08_24;Playas de San Juan;;
Día 24:;;N/A: ;;;Enseñat;pat.;;;;;Dia 24: De Sierra Morena, gol. Sofía, pat. Enseñat: con 509;;Sofía;;;gol.;1889_08_25;Sierra Morena;;
;;N/A: ;;;Planas;pat.;;;;;"-Mulata; gol. Dolores, pat. Planas: con 200 varas";;Dolores;;;gol.;1889_08_25;;;
;;;;;Frasquet;pat.;;;;;Juan López, gol. Tres Hermanas, pat. Frasquet:;;Tres Hermanas;;;gol.;1889_08_27;;;
;;N/A: ;;;Barreiro;pat.;;;;;-Sagua, gol. María Josefa, pat. Barreiro: con 500;;María Josefa;;;gol.;1889_08_27;Sagua;;
;;;;;Cantero;pat.;;;;;-Cárdenas, gol. Aguila de Oro, pat. Cantero: con;;Aguila de Oro;;;gol.;1889_08_29;Cárdenas;;
;;N/A: ;;;Pujol;pat.;;;;;Teja, gol. Isabel II, pat. Pujol: con 600 sacos;;Isabel II;;;gol.;1889_08_29;Teja;;
;;;;;Suárez;pat.;;;;;-Sagua la Chica, gol. Brígida, pat. Suárez: con;;Brígida;;;gol.;1889_08_29;Sagua la Chica;;
;;;;;Alemany;pat.;;;;;-Cárdenas, gol. Joven Leocadia, pat. Alemany:;;Joven Leocadia;;;gol.;1889_08_29;Cárdenas;;
;;N/A: ;;;Espríu;pat.;;;;;-Rosario, gol, Catalina, pat. Espríu: con 800 sacos;;Catalina;;;gol;1889_08_29;Rosario;;
Día 29:;;N/A: ;;;Real;cap.;;;;;Dia 29: De Malas-Aguas, vapor Tritón, cap. Real: con 300;;Tritón;;;vapor;1889_08_30;Malas-Aguas;;
Día 01:;;N/A: ;;;Suao;pat.;;;;;-Gibara. gol. Moralidad, pat. Suao: con 100,000;;Moralidad;;;gol.;1889_08_30;Gibara;;
;;N/A: ;;;Torres;pat.;;;;;-San Cayetano, gol. Isabelita, pat. Torres: con 150;;Isabelita;;;gol.;1889_08_30;San Cayetano;;
;;N/A: ;;;Vera;pat.;;;;;-Santa Cruz, gol. San Antonio, pat. Vera: con 250;;San Antonio;;;gol.;1889_08_30;Santa Cruz;;
;;;;;Cuevas;pat.;;;;;-Cárdenas, gol. Angelita, pat. Cuevas: con efeetos.;;Angelita;;;gol.;1889_08_30;Cárdenas;;
;;N/A: ;;;Torres;pat.;;;;;"-Baracoa, gol. Elva, pat. Torres: con 7,000 co008;";;Elva;;;gol.;1889_08_31;Baracoa;;
Día 2:;;N/A: ;;;Riva;cap.;;;;;Dia 2: De Guanes, vapor Guaniguanico, cap. Riva: con 1576;;Guaniguanico;;;vapor;1889_09_03;Guanes;;
;;N/A: ;;;Lloret;pat.;;;;;-Bajas, gol. Angelita, pat. Lloret: con 1,325 tercios;;Angelita;;;gol.;1889_09_03;Bajas;;
;;;;;Acuña;pat.;;;;;-Sagua, gol. María Andrea, pat. Acuña. O;;María Andrea;;;gol.;1889_09_03;Sagua;;
;;N/A:  | N/A: ;;;Real;cap.;;;;;-Malas-Aguas, vapor Tritón, cap. Real: con tabaco. - -Sagua, gol. Rosita, pat. Cabaleiro: con 500 sacos;;Tritón;;;vapor;1889_09_05;Malas-Aguas;;
;;;;;Fonrodona;pat.;;;;;-Sagua, gol. Tres Hermanas, pat. Fonrodona: con;;Tres Hermanas;;;gol.;1889_09_05;Sagua;;
Día :;;;;;Calafell;pat.;;;;;-Matanzas, gol. María Josefa, pat. Calafell: con;;María Josefa;;;gol.;1889_09_05;Matanzas;;
;;;;;Marantes;pat.;;;;;-Mariel, gol. Altagracia, pat. Marantes: en lastre.;;Altagracia;;;gol.;1889_09_05;;;
Día 5:;;N/A: ;;;Amengual;pat.;;;;;Dia 5: De Dimas, gol. María, pat. Amengual: con 800 sacos;;María;;;gol.;1889_09_06;Dimas;;
Día 7:;;;;;Mateu;pat.;;;;;Dia 7: De Arroyos, gol. San Francisco, pat. Mateu: con;;San Francisco;;;gol.;1889_09_08;Arroyos;;
;;;;;Alemany;pat.;;;;;-Sierra Morena, gol. Matilde, pat. Alemany: con;;Matilde;;;gol.;1889_09_08;Sierra Morena;;
Día 9:;;N/A: ;;;Rodríguez;pat.;;;;;Dia 9: De Congojas, gol. Júcaro, pat. Rodríguez: con 900 sacos carbón.;;Júcaro;;;gol.;1889_09_10;Congojas;;
;;;;;Maten;pat.;;;;;-Rio del Medio, gol. San Francisco, pat. Maten:;;San Francisco;;;gol.;1889_09_10;Rio del Medio;;
;;N/A: ;;;Felicó;pat.;;;;;Quanes, gol. Especulación, pat. Felicó: con 350;;Especulación;;;gol.;1889_09_10;Quanes;;
;;N/A: ;;;Enseñat;pat.;;;;;-Sierra Morena, gol. Sofía, pat. Enseñat: con 798;;Sofía;;;gol.;1889_09_10;Sierra Morena;;
;;;;;Bernaza;pat.;;;;;-Dimas, gol. Amable Rosita, pat. Bernaza: con;;Amable Rosita;;;gol.;1889_09_11;Dimas;;
;;N/A: ;;;Ferrer;pat.;;;;;-Dimas, gol. Deseada, pat. Ferrer: con 100 sacos;;Deseada;;;gol.;1889_09_11;Dimas;;
;;N/A:  | N/A:  | N/A:  | N/A: ;;;Ponte;pat.;;;;;"-Nuevitas, gol. Emilia, pat. Ponte: eon 200 caballos leña; 1,500 piés cedro: 500 estacas y efectos.";;Emilia;;;gol.;1889_09_11;Nuevitas;;
;;N/A: ;;;Beneján;pat.;;;;;Mantua, gol. Margarita, pat. Beneján: con 800;;Margarita;;;gol.;1889_09_11;Mantua;;
;;;;;Real;cap.;;;;;-Malas-Aguas, vapor Tritón, cap. Real: con efectos.;;Tritón;;;vapor;1889_09_12;Malas-Aguas;;
Día 13:;;;;;Cabruja;pat.;;;;;Dia 13: De Punta San Juan, gol. 2ª Rosa, pat. Cabruja: con;;2ª Rosa;;;gol.;1889_09_14;Punta San Juan;;
;;;;;Inclán;pat.;;;;;-Cabañas, gol. Caballo Marino, pat. Inclán: en;;Caballo Marino;;;gol.;1889_09_14;Cabañas;;
;;;;;Pereira;pat.;;;;;-Carahatas, gol. Teresita, pat. Pereira: en lastre.;;Teresita;;;gol.;1889_09_14;Carahatas;;
;;N/A: ;;;Padrón;pat.;;;;;Congojas, gol. Joven Jaime, pat. Padrón: con 800;;Joven Jaime;;;gol.;1889_09_14;Congojas;;
Día 14:;;N/A: ;;;Serra;pat.;;;;;Dia 14: De Sagua, gol. Amalia, pat. Serra: con 500 sacos;;Amalia;;;gol.;1889_09_15;Sagua;;
;;N/A: ;;;Estradellas;pat.;;;;;Gibara, gol. Crisálida, pat. Estradellas: con 60;;Crisálida;;;gol.;1889_09_15;Gibara;;
;;;;;Calafell;pat.;;;;;Matanzás, gol. María Josefa, pat. Calafell: con;;María Josefa;;;gol.;1889_09_17;Matanzás;;
Día 18:;;;;;Cantero;pat.;;;;;Dia 18: De Cárdenas, gol. Aguila de Oro, pat. Cantero: con;;Aguila de Oro;;;gol.;1889_09_19;Cárdenas;;
;;;;;Macip;pat.;;;;;-Santa Cruz, gol. Joven Manuel, pat. Macip: con;;Joven Manuel;;;gol.;1889_09_19;Santa Cruz;;
;;N/A: ;;;Real;cap.;;;;;-Malas-Aguas, vapor Tritón, cap. Real: con 570;;Tritón;;;vapor;1889_09_20;Malas-Aguas;;
;;N/A: ;;;Lloret;pat.;;;;;-Bajas. gol. Angelita, pat. Lloret: con 400 tercios;;Angelita;;;gol.;1889_09_20;;;
;;N/A: ;;;Marantes;pat.;;;;;-Mariel, gol. Altagracia, pat. Marantes: con 270;;Altagracia;;;gol.;1889_09_20;;;
;;N/A: ;;;Padrón;pat.;;;;;-Arroyos, gol. Joven Jaime. pat. Padrón: con 1100;;Joven Jaime;;;gol.;1889_09_20;Arroyos;;
Día 21:;;N/A: ;;;Vilar;cap.;;;;;Dia 21: De Nuevitas, vapor Mortera, cap. Vilar: con 275 reses.;;Mortera;;;vapor;1889_09_22;Nuevitas;;
;;N/A: ;;;Mir;pat.;;;;;-Sagua, gol. Joven Felipe, pat. Mir: con 2,000 sacos carbón.;;Joven Felipe;;;gol.;1889_09_22;Sagua;;
;;N/A:  | N/A:  | N/A: ;;;Pagés;pat.;;;;;-Jaruco, gol. Joven Lola, pat. Pagés: con 360 sacos y 93 fanegas maiz y 8 pipas aguardiente.;;Joven Lola;;;gol.;1889_09_22;Jaruco;;
;;N/A: ;;;Vesa;pat.;;;;;-Santa Cruz, gol. San Antonio, pat. Vesa: con 260;;San Antonio;;;gol.;1889_09_22;Santa Cruz;;
;;N/A: ;;;Valent;pat.;;;;;-Cárdenas, gal. Juan Toralla, pat. Valent: con 80;;Juan Toralla;;;gal.;1889_09_22;Cárdenas;;
Día 01:;;;;;Menaya;pat.;;;;;Laguna del Medio, gol. Almanza, pat. Menaya:;;Almanza;;;gol.;1889_09_22;Laguna del Medio;;
;;N/A: ;;;Mayans;pat.;;;;;-Punta de San Juan, gol. 2 Gertrudís, pat. Mayans: con 900 sacos carbón.;;2 Gertrudís;;;gol.;1889_09_24;Punta de San Juan;;
;;;;;Alemany;pat.;;;;;-Cárdenas, gol. Joven Pilar, pat. Alemany: con;;Joven Pilar;;;gol.;1889_09_24;Cárdenas;;
;;;;;Pérez;pat.;;;;;-Matanzas, gol. Amalia, pat. Pérez: con efectos.;;Amalia;;;gol.;1889_09_24;Matanzas;;
Día 25:;;N/A: ;;;Pujol;pat.;;;;;Dia 25: De Mantua, gol. Nuevo Hilario, pat. Pujol: 600 sacos carbón.;;Nuevo Hilario;;;gol.;1889_09_26;Mantua;;
;;N/A: ;;;Enseñat;pat.;;;;;-Morrillo, gol. Feliz, pat. Enseñat: con 8 tercios;;Feliz;;;gol.;1889_09_26;Morrillo;;
Día :;;;;;Orbay;pat.;;;;;-Mulata, gol. Paquete de Nuevitas, pat. Orbay:;;Paquete;;;gol.;1889_09_26;Nuevitas;;
;;N/A: ;;;Ferrer;pat.;;;;;-Dimas, gol. Mercedita, pat. Ferrer: con 800 sacos;;Mercedita;;;gol.;1889_09_26;Dimas;;
;;N/A: ;;;Ferrer;pat.;;;;;-Sagua, gol. María Josefa, pat. Ferrer: con 800;;María Josefa;;;gol.;1889_09_26;Sagua;;
;;N/A: ;;;Juan;pat.;;;;;-Cabañas, hdro. Rosita, pat. Juan: con 4 palos;;Rosita;;;hdro.;1889_09_26;Cabañas;;
;;N/A:  | N/A:  | N/A: ;;;Vilar;cap.;;;;;"-Nnevitas, vapor Mortera, cap. Vilar: con 400 reses; 50 caballos y efectos.";;Mortera;;;vapor;1889_09_26;Nnevitas;;
;;;;;Pujol;pat.;;;;;-Canasí, gol. Golondrina, pat. Pujol: con efectos.;;Golondrina;;;gol.;1889_09_26;Canasí;;
;;;;;Salvá;pat.;;;;;-Sierra Morena, gol. María Teresa, pat. Salvá: con;;María Teresa;;;gol.;1889_09_26;Sierra Morena;;
;;;;;Salvá;pat.;;;;;-Sierra Morena, gol. María Teresa, pat. Salvá: con;;María Teresa;;;gol.;1889_09_27;Sierra Morena;;
;;N/A: ;;;Vera;pat.;;;;;-Santa Cruz, gol. San Antonio, pat. Vera: con 300;;San Antonio;;;gol.;1889_09_27;Santa Cruz;;
;;;;;Real;cap.;;;;;-Malas-Aguas, vapor Tritón, cap. Real: con efectos.;;Tritón;;;vapor;1889_09_27;Malas-Aguas;;
Día 28:;;N/A: ;;;Zubirat;pat.;;;;;Dia 28: De Sagua, gol. María Andrea, pat. Zubirat: con 800;;María Andrea;;;gol.;1889_09_29;Sagua;;
Día :;;;;;Zubirat;pat.;;;;;-Punta Alegre, gol. Joven Gertrudis, pat. Zubirat:;;Joven Gertrudis;;;gol.;1889_09_29;Punta Alegre;;
;;N/A: ;;;Tasso;pat.;;;;;-Jibacoa, gol. 13 de Vinaroz, pat. Tasso: con 70;;13 de Vinaroz;;;gol.;1889_09_29;Jibacoa;;
;;;;;Blanco;pat.;;;;;-Laguna del Medio, gol. América, pat. Blanco: con;;América;;;gol.;1889_09_29;Laguna del Medio;;
;;N/A: ;;;Enseñat;pat.;;;;;-Cárdenas, gol. Teresita, pat. Enseñat: con 40 pipas aguardiente.;;Teresita;;;gol.;1889_09_29;Cárdenas;;
;;N/A:  | N/A:  | N/A:  | N/A:  | N/A:  | N/A:  | N/A:  | N/A:  | N/A: ;;;;;;;;;"Guanes, vapor Guaniguanico, cap. Marín: con 1,525 tercios tabaco. -Cuba y escalas, vapor Avilés, cap. Albóniga: cen 12,000 plátanos; 100 reses; 24 tercios tabaco; 200 Bacos azúcar y efectos. Matanzas, gol. María Josefa, pat. Calafell: con 1,000 piés rails y efectos. Matanzas, gol. María, pat. Pérez: con 50 pipas aguardiente y efectos. Sierra Morena, gol. Sofía, pat. Enseñat: con 192 sacos carbón; 30 pipas aguardiente y efectos.";;;;;;1889_10_01;;;
Día 1:;null;;;;Macip;pat.;;;null;;Dia 1 de octubre: De Santa Cruz, gol. Joven Manuel, pat. Macip: con;;Joven Manuel;;;gol.;1889_10_02;Santa Cruz;;
;;;;;Villalonga;pat.;;;;;-Mariel, gol. María Magdalena, pat. Villalonga:;;María Magdalena;;;gol.;1889_10_02;;;
;;N/A: ;;;Real;cap.;;;;;-Bahía-Honda, vapor Tritón, cap. Real: con 726;;Tritón;;;vapor;1889_10_04;Bahía-Honda;;
;;;;;Valent;pat.;;;;;-Cárdenas, gol. María del Carmen, pat. Valent:;;María del Carmen;;;gol.;1889_10_04;Cárdenas;;
;;N/A: ;;;Folgar;pat.;;;;;-Salto, gol. Joven Leocadia, pat. Folgar: con 80;;Joven Leocadia;;;gol.;1889_10_04;Salto;;
Día 4:;;N/A: ;;;Marantes;pat.;;;;;Dia 4: De Mariel, gol. Altagracia, pat. Marantes: con 57;;Altagracia;;;gol.;1889_10_05;Mariel;;
;;N/A: ;;;Alemany;pat.;;;;;-Dimas, gol. Mercedita, pat. Alemany: con 1,200;;Mercedita;;;gol.;1889_10_05;Dimas;;
;;;;;Riera;pat.;;;;;-Punta San Juan, gol. José Riera, pat. Riera: con;;José Riera;;;gol.;1889_10_05;Punta San Juan;;
;;N/A: ;;;Suárez;pat.;;;;;-Punta San Juan, gol. Anita, pat. Suárez: con 75;;Anita;;;gol.;1889_10_06;Punta San Juan;;
;;N/A:  | N/A: ;;;Ferrer;pat.;;;;;-Jaruco, gol. Joven Lola, pat. Ferrer: con 380 sacos y 58 fanegas mnaiz.;;Joven Lola;;;gol.;1889_10_06;Jaruco;;
;;N/A: ;;;Mateu;pat.;;;;;-Bajas, gol. San Francisco, pat. Mateu: con 1,000;;San Francisco;;;gol.;1889_10_08;Bajas;;
;;N/A: ;;;Cudilleiro;pot.;;;;;-Bajas, gol. Carmita, pot. Cudilleiro: con 800 sacos carbón.;;Carmita;;;gol.;1889_10_08;Bajas;;
;;N/A: ;;;Ruiz;pat.;;;;;Dimas, gol. Dos Hermanas, pat. Ruiz: con 700;;Dos Hermanas;;;gol.;1889_10_08;;;
Día 9:;;N/A: ;;;Prats;pat.;;;;;Dia 9: -Punta San Juan, gol. Dos Amigos, pat. Prats: con 800 sacos carbón.;;Dos Amigos;;;gol.;1889_10_10;Punta San Juan;;
Día 10:;;N/A: ;;;Real;cap.;;;;;Dia 10: De Malas-Agnas, vapor Tritón, cap. Real: con 600;;Tritón;;;vapor;1889_10_11;Malas-Agnas;;
;;N/A:  | N/A:  | N/A: ;;;Vilar;cap.;;;;;"-Nuevitas, vapor Mortera, cap. Vilar: con 380 reses; 40 bocoy es aceite coco y efectos.";;Mortera;;;vapor;1889_10_11;Nuevitas;;
;;N/A: ;;;Cuevas;pat.;;;;;-Cárdenas, gol. Angelita, pat. Cuevas: con 1,000;;Angelita;;;gol.;1889_10_11;Cárdenas;;
;;N/A: ;;;Coll;pat.;;;;;-Punta Alegre, gol. Carmita, pat. Coll: con 200;;Carmita;;;gol.;1889_10_11;Punta Alegre;;
Día XX:;;N/A: ;;;Suao;pat.;;;;;Gibara, gol. Moralidad, pat. Suao: con 500 sacos;;Moralidad;;;gol.;1889_10_15;Gibara;;
;;N/A: ;;;Enseñat;pat.;;;;;-Sierra Morena, gol. Sofía, pat. Enseñat: con 20;;Sofía;;;gol.;1889_10_15;Sierra Morena;;
;;N/A:  | N/A:  | N/A: ;;;Bujosa;pat.;;;;;"-Morón, gol. Engracia, pat. Bujosa: con 1,000 atravesaños; 50 varas cedro y efectos.";;Engracia;;;gol.;1889_10_15;Morón;;
;;;;;Alemany;pat.;;;;;-Cárdenas, gol. Joven Lola, pat. Alemany: con;;Joven Lola;;;gol.;1889_10_15;Cárdenas;;
Día 15:;;N/A: ;;;Riva;cap.;;;;;Dia 15: De Guanes, vap. Guaniguanico, cap. Riva: con 1,200;;Guaniguanico;;;vap.;1889_10_16;Guanes;;
;;N/A: ;;;Ventura;cap.;;;;;tercios tabaco. --Nuevitas, vapor Manuela, cap. Ventura: con 200;;Manuela;;;vapor;1889_10_16;Nuevitas;;
Día 16:;;N/A: ;;;Mas;pat.;;;;;Dia 16: De Baracoa, gol. Francisca, pat. Mas: con 60,000 coCOS.;;Francisca;;;gol.;1889_10_17;Baracoa;;
Día :;;N/A: ;;;Padrón;pat.;;;;;-Arroyos, gol. J. Jaime, pat. Padrón: con 1,170;;J. Jaime;;;gol.;1889_10_17;Arroyos;;
;;N/A: ;;;Real;cap.;;;;;-Malas-Aguas, vapor Tritón, cap. Real: con 600;;Tritón;;;vapor;1889_10_18;Malas-Aguas;;
;;;;;Enseñat;pat.;;;;;-Cárdenas, gol. Juan Toralla, pat. Enseñat: con;;Juan Toralla;;;gol.;1889_10_18;Cárdenas;;
Día 18:;;N/A: ;;;Marantes;pat.;;;;;Dia 18: De Mariel, gol. Altagracia, pat. Marantes: con 8 sacos lana.;;Altagracia;;;gol.;1889_10_19;Mariel;;
;;N/A: ;;;Lancirica;pat.;;;;;- Sagua, gol Marina, pat. Lancirica: con 40 pipas;;Marina;;;gol.;1889_10_19;Sagua;;
;;;;;Cantero;pat.;;;;;-Cárdenas, gol. Aguila de Oro, pat. Cantero: con;;Aguila de Oro;;;gol.;1889_10_22;Cárdenas;;
;;N/A:  | N/A: ;;;Batista;pat.;;;;;-Baracoa. gol. Aguila, pat. Batista: con 40,000 cocos y 20 barriles aceite.;;Aguila;;;gol.;1889_10_23;Baracoa;;
Día 23:;;N/A: ;;;Ferrer;pat.;;;;;Dia 23: De Dimas, gol. Deseada, pat. Ferrer: con 500 sacos;;Deseada;;;gol.;1889_10_24;Dimas;;
;;N/A: ;;;Pérez;pat.;;;;;-Matanzas, gol. María, pat. Pérez: con 29 tercios;;María;;;gol.;1889_10_24;Matanzas;;
;;N/A: ;;;Cabrés;pat.;;;;;-Manzanillo, gol. Unión, pat. Cabrés: con 1,000;;Unión;;;gol.;1889_10_24;Manzanillo;;
Día 24:;;N/A: ;;;Lloret;pat.;;;;;Día 24: De Bajas, gol. Angelita, pat. Lloret: con 430 tercios;;Angelita;;;gol.;1889_10_25;Bajas;;
;;N/A: ;;;Esprius;pat.;;;;;-Dimas, gol. Catalina, pat. Esprius: con 800 sacos;;Catalina;;;gol.;1889_10_25;Dimas;;
Día 26:;;;;;Bernaza;pat.;;;;;Día 26: De Dimas, gol. Amable Rosita. pat. Bernaza: con;;Amable Rosita;;;gol.;1889_10_27;Dimas;;
Día 01:;;N/A: ;;;Menaya;pat.;;;;;700 sacos carbón.. - Sagua, gol. Dos Sofías, pat. Menaya: con 500 sacos carbón.;;Dos Sofías;;;gol.;1889_10_27;Sagua;;
;;N/A: ;;;González;pat.;;;;;-Sagua la Chica, gol. Joven Victoria, pat. González: con 1,000 sacos carbón.;;Joven Victoria;;;gol.;1889_10_29;Sagua la Chica;;
;;N/A: ;;;Enseñat;pat.;;;;;Srra Morena, gol. Sofía, pat. Enseñat: con 500;;Sofía;;;gol.;1889_10_30;Srra Morena;;
;;N/A:  | N/A:  | N/A: ;;;Ferrer;pat.;;;;;Sua, gol. María Josefa, pat. Ferrer: con 500 sacarbón. Sta Crnz, gol. Joven Manuel, pat. Macip: con 3 sacos maiz y efectos.;;María Josefa;;;gol.;1889_10_30;Sua;;
;;N/A: ;;;Jorge;pat.;;;;;gua, gol. Dos Amigos, pat. Jorge: con 200 vamaderas.;;Dos Amigos;;;gol.;1889_10_30;;;
;;;;;Enseñat;pat.;;;;;Crdenas, gol. Juan Toralla, pat. Enseñat: con;;Juan Toralla;;;gol.;1889_10_30;Crdenas;;
;;N/A: ;;;Acuña;pat.;;;;;-Sagua, go'. María Andrea, pat. Acuña! con 800;;María Andrea;;;go';1889_11_01;Sagua;;
Día 2:;;N/A:  | N/A: ;;;Marantes;pat.;;;;;Día 2: De Mariel, gol. Altagracia, pat. Marantes: con 25 tercios tabaco y 20 caballos leña.;;Altagracia;;;gol.;1889_11_03;Mariel;;
;;N/A: ;;;Felicó;pat.;;;;;-Dimas, gol. Especulación, pat. Felicó: con 300;;Especulación;;;gol.;1889_11_03;Dimas;;
;;N/A: ;;;Real;cap.;;;;;-Malas-Aguas, oapor Tritón, cap. Real: con 500;;Tritón;;;oapor;1889_11_03;Malas-Aguas;;
;;N/A: ;;;Rodríguez;pat.;;;;;-Arroyos, gol Júcaro pat. Rodríguez: con 1,000;;Júcaro;;;gol;1889_11_05;Arroyos;;
Día :;;;;;Cabruja;pat.;;;;;-Playa de San Juan, gol. 23 Rora, pat. Cabruja:;;23 Rora;;;gol.;1889_11_05;Playa de San Juan;;
;;N/A: ;;;Vera;pat.;;;;;-Santa Cruz, gol. San Antonio, pat. Vera: con 300;;San Antonio;;;gol.;1889_11_05;Santa Cruz;;
;;;;;Valent;pat.;;;;;-Cárdenas, gol. María del Carmen, pat. Valent:;;María del Carmen;;;gol.;1889_11_05;Cárdenas;;
;;N/A: ;;;Pereira;pat.;;;;;-Carah tas, gol. Teresita, pat. Pereira: con 67 tercios tabaco.;;Teresita;;;gol.;1889_11_05;Carah tas;;
;;;;;Porcel;pat.;;;;;-Jaruco, gol. Paquete de Jaruco, pat. Porcel: con;;Paquete de Jaruco;;;gol.;1889_11_05;Jaruco;;
;;N/A: ;;;Hernández;pat.;;;;;-Morrillo, gol. Britania, pat. Hernández: con 100;;Britania;;;gol.;1889_11_05;Morrillo;;
;;N/A: ;;;Pujol;pat.;;;;;Mantua, gol Nuevo Hilario, pat. Pujol con 600;;Nuevo Hilario;;;gol;1889_11_05;Mantua;;
;;N/A: ;;;Portell;pat.;;;;;Dimas, Mercedita, pat. Portell: con 800 sacos;;Mercedita;;;;1889_11_06;;;
;;N/A: ;;;Beneján;pat.;;;;;-Mantua, gol. Margarita, pat. Beneján: con 600;;Margarita;;;gol.;1889_11_06;Mantua;;
;;N/A: ;;;Alemany;pat.;;;;;-Dimas, gol. Mercedita, pat. Alemany: con 900;;Mercedita;;;gol.;1889_11_06;Dimas;;
Día 7:;;N/A:  | N/A:  | N/A:  | N/A: ;;;Ponte;pat.;;;;;"Día 7: De Nuevitas, gol. Emilia, pat. Ponte: con 200 caballos leña; 6 cascos cera; 6 barriles miel y efectos.";;Emilia;;;gol.;1889_11_08;Nuevitas;;
;;N/A: ;;;Maciá;pat.;;;;;-Bajas, gol. Gallego, pat Maciá: con 800 sacos;;Gallego;;;gol.;1889_11_08;Bajas;;
;;;;;Cantero;pat.;;;;;-Cárdenas, gol. Aguila de Oro, pat. Cantero: con;;Aguila de Oro;;;gol.;1889_11_08;Cárdenas;;
;;N/A: ;;;Marín;cap.;;;;;-Guanes, vap. Guaniguanico, cap. Marín: con 603;;Guaniguanico;;;vap.;1889_11_08;Guanes;;
;;N/A: ;;;Real;cap.;;;;;-Malas-Aguas, vapor Tritón, cap. Real: con 400;;Tritón;;;vapor;1889_11_08;Malas-Aguas;;
Día 9:;;N/A: ;;;Cuevas;pat.;;;;;Día 9: De Cárdenas, gol. Angelita, pat. Cuevas: con 140;;Angelita;;;gol.;1889_11_10;Cárdenas;;
;;N/A: ;;;Alemany;pat.;;;;;-Nuevitas, gol. Juanita, pat. Alemany: con 600 varas maderas.;;Juanita;;;gol.;1889_11_12;Nuevitas;;
Día 12:;;N/A: ;;;Vera;pat.;;;;;Día 12: Nissl De Santa Cruz, gol. San Antonio, pat. Vera: con 350;;San Antonio;;;gol.;1889_11_13;Santa Cruz;;
;;N/A: ;;;Vidal;pat.;;;;;-Sagua, gol. Joven Luisa, pat. Vidal: con 800 вacos carbón.;;Joven Luisa;;;gol.;1889_11_13;Sagua;;
Día 13:;;N/A: ;;;Coll;pat.;;;;;Día 13: De Manzanillo, gol. María Teresa, pat. Coll: con 1,900;;María Teresa;;;gol.;1889_11_14;Manzanillo;;
;;N/A: ;;;Lloret;pat.;;;;;-Bajas, gol. Angelita, pat. Lloret: con 300 tercios;;Angelita;;;gol.;1889_11_14;;;
;;N/A: ;;;Ruiz;pat.;;;;;-Dimas, gol. Dos Hermanas, pat. Ruiz: con 700;;Dos Hermanas;;;gol.;1889_11_14;Dimas;;
;;N/A: ;;;Ferrer;pat.;;;;;"-Dimas, gol. Deseada, pat. Ferrer; con 400 sacos";;Deseada;;;gol.;1889_11_14;Dimas;;
;;N/A:  | N/A:  | N/A:  | N/A: ;;;Pérez;pat.;;;;;-Matanzas gol. María, pat. Pérez: con 150 bocoyes, 712 id. y 2014 idem aguardiente y 122 bocoyes;;María;;;gol.;1889_11_14;Matanzas;;
Día 14:;;N/A: ;;;Bi bao;cap.;;;;;Día 14: De Sagus, vapor Clara, cap. Bi bao: con 1,090 tercios;;Clara;;;vap.;1889_11_15;Sagus;;
;;N/A: ;;;Real;pat.;;;;;-Bahía-Honda, vapor Tritón, pat. Real: con 550;;Tritón;;;vapor;1889_11_15;Bahía-Honda;;
;;;;;Prats;pat.;;;;;Playas de San Juan, gol. Dos Amigos, pat. Prats:;;Dos Amigos;;;gol.;1889_11_15;San Juan;;
;;N/A: ;;;Enseñiat;pat.;;;;;Sierra Morena, gol. Soffa, pat. Enseñiat: en lastre.;;Soffa;;;gol.;1889_11_15;;;
;;N/A: ;;;Jorge;pat.;;;;;-Cárdenas, gol. Dos Amigos, pat. Jorge: con 100.;;Dos Amigos;;;gol.;1889_11_15;Cárdenas;;
;;N/A: ;;;Coll;pat.;;;;;-Yaguajay, gol. Carmita, pat. Coll: con 50 palos;;Carmita;;;gol.;1889_11_15;Yaguajay;;
;;N/A: ;;;Marin;cap.;;;;;-Guanes, vap. Guaniguanico, cap. Marin: con 714;;Guaniguanico;;;vap.;1889_11_19;Guanes;;
;;N/A: ;;;Enseñat;pat.;;;;;-Cárdenas gol. J. Toralla, pat. Enseñat: con 100;;J. Toralla;;;gol.;1889_11_19;Cárdenas;;
;;N/A: ;;;Mandilego;pat.;;;;;-Cárdenas gol. Esmeralda, pat. Mandilego: con 50;;Esmeralda;;;gol.;1889_11_19;Cárdenas;;
;;N/A: ;;;Vera;pat.;;;;;Santa Cruz, gol. San Antonio, pat. Vera: con 300;;San Antonio;;;gol.;1889_11_19;Santa Cruz;;
;;N/A: ;;;Macip;pat.;;;;;-Santa Cruz, gol. J. Manuel, pat. Macip: con 243;;J. Manuel;;;gol.;1889_11_19;Santa Cruz;;
;;N/A: ;;;Terrades;pat.;;;;;-Sagua, gol. Candita, pat. Terrades: con 800 sacos;;Candita;;;gol.;1889_11_19;Sagua;;
;;N/A: ;;;Tur;pat.;;;;;-Bajas, gol. San José, pat. Tur: con 312 tercios;;San José;;;gol.;1889_11_19;Bajas;;
Día 20:;;N/A: ;;;Rodríguez;pat.;;;;;Día 20: De Arroyos, gol. Júcaro, pat. Rodríguez: con 1,000;;Júcaro;;;gol.;1889_11_21;Arroyos;;
;;;;;Villalonga;pat.;;;;;-Banes, gol. María Magdalena, pat. Villalonga:;;María Magdalena;;;gol.;1889_11_21;Banes;;
;;N/A: ;;;Marantes;pat.;;;;;Mariel, gol. Altagracia, pat. Marantes: con 150;;Altagracia;;;gol.;1889_11_21;;;
Día :;;N/A:  | N/A: ;;;Bilbao;cap.;;;;;-Sagua, vapor Clara, cap. Bilbao: con 1,408 tercies tabaco y efectos.;;Clara;;;vapor;1889_11_21;Sagua;;
;;N/A: ;;;Zalvidea;cap.;;;;;-Nuevitas, vapor Mortera, cap. Zalvidea: con 450;;Mortera;;;vapor;1889_11_21;Nuevitas;;
Día 21:;;N/A: ;;;Bernaza;pat.;;;;;Día 21: De Dimas, gol. Amable Rosita, pat. Bernaza: con 700;;Amable Rosita;;;gol.;1889_11_22;Dimas;;
Día :;;;;;Calafell;pat.;;;;;-Matanzas, gol. María Josefa, pat. Calafell: con;;María Josefa;;;gol.;1889_11_22;Matanzas;;
;;;;;Porcell;pat.;;;;;-Jaruco, gol. Paquete de Jaruco, pat. Porcell: con;;Paquete de Jaruco;;;gol.;1889_11_22;Jaruco;;
;;N/A: ;;;Jorge;pat.;;;;;-Cárdenas, gol. Dos Amigos, pat. Jorge: con 100;;Dos Amigos;;;gol.;1889_11_22;Cárdenas;;
;;;;;Bosch;pat.;;;;;-Dominica, gol. Dominica, pat. Bosch: en lastre.;;Dominica;;;gol.;1889_11_22;Dominica;;
Día 22:;;;;;Valent;pat.;;;;;Día 22: De Cárdenas, gol. María del Carmen, pat. Valent:;;María del Carmen;;;gol.;1889_11_23;Cárdenas;;
;;N/A: ;;;Vidal;pat.;;;;;Sagua, gol. Joven Luisa, pat. Vidal: con 800 sacos carbón.;;Joven Luisa;;;gol.;1889_11_23;Sagua;;
;;N/A: ;;;Real;cap.;;;;;-Malas-Aguas, vapor Tritón, cap. Real: con 350;;Tritón;;;vapor;1889_11_23;Malas-Aguas;;
;;N/A: ;;;Pujol;pat.;;;;;Teja. gol. Isabel II, pat. Pujol: con 400 sacos;;Isabel II;;;gol.;1889_11_23;Teja;;
;;N/A:  | N/A:  | N/A: ;;;Vilar;cap.;;;;;"-Nuevitas, vapor Mortera, cap. Vilar: con 451 reses; 200 cajas quesos y efectos.";;Mortera;;;vapor;1889_11_26;Nuevitas;;
;;;;;Ferrer;pat.;;;;;-Matanzas, gol. Dos Hermanas, pat. Ferrer: con;;Dos Hermanas;;;gol.;1889_11_26;Matanzas;;
;;;;;Juan;pat.;;;;;-Sierra Morena. gol. 1a de Chávez, pat. Juan: con;;1a de Chávez;;;gol.;1889_11_26;Sierra Morena;;
;;N/A: ;;;Esteban;pat.;;;;;-Teja, gol. Vicenta, pat. Esteban: con 500 Bacos;;Vicenta;;;gol.;1889_11_26;Teja;;
Día 28:;;N/A: ;;;Marín;cap.;;;;;Día 28: De Guanes, vapor Guaniguanico, cap. Marín: con 300;;Guaniguanico;;;vap.;1889_11_29;Guanes;;
;;N/A: ;;;Real;cap.;;;;;-Mulas-Aguas, vapor Tritón, cap. Real: con 290;;Tritón;;;vapor;1889_11_29;Aguas;;
;;N/A: ;;;Bilbao;cap.;;;;;-Sagua, vapor Clara, cap. Bilbao: con 599 tercios;;Clara;;;vapor;1889_11_29;Sagua;;
;;N/A: ;;;Pérez;pat.;;;;;Matanzas. gol. Amalia, pat Pérez: con 300 bultos;;Amalia;;;gol.;1889_11_29;Matanzas;;
;;N/A:  | N/A: ;;;López;pat.;;;;;-Morrillo, gol. Agustina. pat. López: con 200 varas madera y 100 caballos leña.;;Agustina;;;gol.;1889_11_29;Morrillo;;
;;N/A: ;;;Hernández;pat.;;;;;-Morrillo, gol. Britania, pat. Hernández: con 200;;Britania;;;gol.;1889_11_29;Morrillo;;
Día 29:;;N/A: ;;;Mayans;pat.;;;;;Día 29: De Playa de San Juan, gol. 2 Gertrudis, pat. Mayans: con 800 sacos carbón;;2 Gertrudis;;;gol.;1889_12_01;Playa de San Juan;;
;;;;;Mandilego;pat.;;;;;Cárdenas, gol. E meralda, pat. Mandilego: con;;E meralda;;;gol.;1889_12_04;Cárdenas;;
Día 5:;;N/A: ;;;Bilbao;cap.;;;;;Día 5: De Sagua, vapor Clara, cap. Bilbao: con 359 tercios;;Clara;;;vapor;1889_12_06;Sagua;;
;;;;;Mateu;pat.;;;;;-Congojas, gol. San Francisco, pat. Mateu: con;;San Francisco;;;gol.;1889_12_06;Congojas;;
;;N/A:  | N/A: ;;;Ponte;pat.;;;;;-Nuevitas, gol. Emilia, pat. Ponte: con 100 caballos leña y efectos.;;Emilia;;;gol.;1889_12_06;Nuevitas;;
;;N/A: ;;;Pereira;pat.;;;;;-Carahatas, gol. Teresita, pat. Pereira: con 300;;Teresita;;;gol.;1889_12_06;Carahatas;;
;;N/A: ;;;Coll;pat.;;;;;-Caibarién, gol. Blanca, pat. Coll: con 120 palos;;Blanca;;;gol.;1889_12_06;Caibarién;;
;;N/A:  | N/A: ;;;Suárez;pat.;;;;;Granadillo, gol. Anita, pat. Suárez: con 200 atravesaños y 50 caballos leña.;;Anita;;;gol.;1889_12_06;Granadillo;;
;;;;;Calafell;pat.;;;;;-Matanzas, gol. María Josefa, pat. Calafell: con;;María Josefa;;;gol.;1889_12_06;Matanzas;;
;;N/A: ;;;Pérez;pat.;;;;;Matanzas, gol. María, pat. Pérez: con 20 bocoуes;;María;;;gol.;1889_12_06;Matanzas;;
;;;;;Zubirat;pat.;;;;;-Punta-Alegre, gol. J. Gertrudis, pat. Zubirat:;;J. Gertrudis;;;gol.;1889_12_06;Punta-Alegre;;
Día 7:;;N/A: ;;;Marin;cap.;;;;;Día 7: De Guanes, vapor Guaniguanico, cap. Marin: con 590;;Guaniguanico;;;vap.;1889_12_08;Guanes;;
;;N/A: ;;;Acuña;pat.;;;;;-Sagua, gol. María Andrea, pat. Acuña: con 800;;María Andrea;;;gol.;1889_12_08;Sagua;;
;;N/A: ;;;Suno;pat.;;;;;-Gibara gol. Moralidad, pat. Suno: con 225 tercios;;Moralidad;;;gol.;1889_12_08;Gibara;;
;;N/A: ;;;Padrón;pat.;;;;;-Arroyos, gol. Joven Jaime, pat. Padrón: con mil;;Joven Jaime;;;gol.;1889_12_08;Arroyos;;
;;N/A: ;;;Enseñat;pat.;;;;;-Sierra Morena, gol. Sofía, pat. Enseñat: con 396;;Sofía;;;gol.;1889_12_08;Sierra Morena;;
;;N/A: ;;;Pérez;pat.;;;;;-Mantua, bdro. Catalina, pat. Pérez: con 500 sacos carbón.;;Catalina;;;bdro.;1889_12_08;Mantua;;
Día 9:;;N/A: ;;;Aguiar;pat.;;;;;Día 9: De Arroyos, gol. Júcaro, pat. Aguiar: con 1,000 sacos;;Júcaro;;;gol.;1889_12_10;Arroyos;;
;;N/A: ;;;Moll;pat.;;;;;-Arroyos, gol. Lince, pat. Moll: con 600 sacos carbón. -Guanes, gol. Especulación, pat. Felicó: 350 tercios tabaco.;;Lince;;;gol.;1889_12_10;Arroyos;;
;;N/A: ;;;Torres;pat.;;;;;-Baracos, gol. Elva, pat. Torres: con 50,000 cocos.;;Elva;;;gol.;1889_12_10;Baracos;;
;;N/A: ;;;Ferrer;pat.;;;;;-Dimas, gol. Deseada, pat. Ferrer: con 400 sacos;;Deseada;;;gol.;1889_12_10;Dimas;;
;;N/A: ;;;Vera;pat.;;;;;-Santa Cruz, gol. San Antonio, pat. Vera: con 350;;San Antonio;;;gol.;1889_12_10;Santa Cruz;;
;;N/A: ;;;Pujol;pat.;;;;;-Mantua, gol. Nuevo Hilario, pat. Pujol: con 600;;Nuevo Hilario;;;gol.;1889_12_10;Mantua;;
;;N/A: ;;;Alemañy;pat.;;;;;-Dimas, gol. Mercedita, pat. Alemañy: con 700 sacos carbón.;;Mercedita;;;gol.;1889_12_10;Dimas;;
Día 01:;;;;;Villalonga;pat.;;;;;-Sierra Morena, gol. Enriqueta, pat. Villalonga:;;Enriqueta;;;gol.;1889_12_10;Sierra Morena;;
Día 10:;;N/A:  | N/A:  | N/A: ;;;Vilar;cap.;;;;;"Día 10: De Nuevitas, vapor Mortera, cap. Vilar: con 200 tercios tabaco; 500 reses y efectos.";;Mortera;;;vap.;1889_12_11;Nuevitas;;
;;N/A: ;;;Simó;pat.;;;;;-Sagua, gol. 14 de Asturias, pat. Simó: cen 1,500;;14 de Asturias;;;gol.;1889_12_11;Sagua;;
;;N/A: ;;;Mir;pat.;;;;;-Granadillo, gol. Joven Felipe, pat. Mir: con 2,000;;Joven Felipe;;;gol.;1889_12_11;Granadillo;;
;;N/A: ;;;Lancirica;pat.;;;;;-Sagua, gol. Marina, pat. Lancirica: con 140 pipas;;Marina;;;gol.;1889_12_11;Sagua;;
;;N/A: ;;;Esprius;pat.;;;;;-Mantua, gol. Catalina, pat. Esprius: con 800 sacos carbón.;;Catalina;;;gol.;1889_12_11;Mantua;;
;;;;;Gil;pat.;;;;;-Banes, gol. Dos Isabeles, pat. Gil: en lastre.;;Dos Isabeles;;;gol.;1889_12_11;Banes;;
Día 12:;;N/A: ;;;Bilbao;cap.;;;;;Dia 12: De Sagua, vapor Clara, cap. Bilbao: con 911 tercios;;Clara;;;vapor;1889_12_13;Sagua;;
;;N/A: ;;;Lloret;pat.;;;;;-Bajas, gol. Angelita, pat. Lloret: con 450 sacos;;Angelita;;;gol.;1889_12_13;Bajas;;
;;;;;Pereira;pat.;;;;;-Carahatas, gol. Teresita, pat. Pereira: en lastre.;;Teresita;;;gol.;1889_12_13;Carahatas;;
;;N/A: ;;;Beneján;pat.;;;;;-Mantua, gol. Margarita, pat. Beneján: con 600;;Margarita;;;gol.;1889_12_13;Mantua;;
;;N/A: ;;;Amengual;pat.;;;;;-Dimas, gol. María, pat. Amengual: con 800 sacos;;María;;;gol.;1889_12_13;Dimas;;
;;N/A: ;;;Maciá;pat.;;;;;-Bajas, gol. Gallego, pat. Maciá: con 700 sacos;;Gallego;;;gol.;1889_12_13;Bajas;;
;;;;;Alemany;pat.;;;;;-Cárdenas, gol. Joven Pilar, pat. Alemany: con;;Joven Pilar;;;gol.;1889_12_13;Cárdenas;;
Día 16:;;N/A:  | N/A:  | N/A:  | N/A: ;;;Vilar;cap.;;;;;"Día 16: De Nuevitas, vapor Mortera, cap. Vilar: con 409 tercios tabaco; 102 reses; 75 sacos azúcuar; 198 sacos";;Mortera;;;vapor;1889_12_17;Nuevitas;;
;;N/A: ;;;Borrell;pat.;;;;;-Sagua, gol. María Josefa, pat. Borrell: con 800;;María Josefa;;;gol.;1889_12_17;Sagua;;
;;N/A: ;;;Vidal;pat.;;;;;-Sagua, gol. Joven Luisa, pat. Vidal: aon 800 sacos carbón.;;Joven Luisa;;;gol.;1889_12_17;Sagua;;
;;N/A: ;;;Moll;pat.;;;;;-San Cayetano, gol. Magdalena, pat. Moll: con 300;;Magdalena;;;gol.;1889_12_17;San Cayetano;;
;;N/A: ;;;Estradellas;pat.;;;;;Gibara, gol. Crisálida, pat. Estradellas: con 12,000;;Crisálida;;;gol.;1889_12_17;Gibara;;
;;;;;Ferrer;pat.;;;;;-Rio del Medio, gol. Almanza, pat. Ferrer: con;;Almanza;;;gol.;1889_12_18;Medio;;
;;N/A: ;;;Valent;pat.;;;;;-Cárdenas, gol. Juan Toralla, pat. Valent: con 200;;Juan Toralla;;;gol.;1889_12_18;Cárdenas;;
;;;;;Ferrer;pat.;;;;;-Matanzas, gol. Dos Hermanas, pat. Ferrer: con;;Dos Hermanas;;;gol.;1889_12_18;Matanzas;;
Día 18:;;N/A: ;;;Marantes;pat.;;;;;Día 18: De Mariel, gol, Altagracia, pat. Marantes: con 50;;Altagracia;;;gol;1889_12_19;Mariel;;
;;;;;Bernaza;pat.;;;;;-Dimas, gol. Amable Rosita, pat. Bernaza: con;;Amable Rosita;;;gol.;1889_12_19;Dimas;;
;;N/A: ;;;Ruiz;pat.;;;;;-Dimas, gol. Dos Hermanas, pat. Ruiz: con 700;;Dos Hermanas;;;gol.;1889_12_19;;;
;;N/A:  | N/A:  | N/A: ;;;Prats;pat.;;;;;-Sagua, gol. Dos Amigos, pat. Prats: con 900 paquetes y sus fondos para bocoyes y 500 varas maderas.;;Dos Amigos;;;gol.;1889_12_19;Sagua;;
;;N/A: ;;;Pujol;pat.;;;;;-Teja, gol. Rivadesella, pat. Pujol: con 600 sacos;;Rivadesella;;;gol.;1889_12_19;Teja;;
Día 19:;;N/A: ;;;null;cap.;;;;;Día 19: De Sagua, vapor Clara, cap. Bilbao: con 490 tercios;bilbao;Clara;;;vapor;1889_12_20;Sagua;;
;;N/A: ;;;Ferrer;pat.;;;;;-Dimas, gol. Mercedita, pat. Ferrer: con 800 sacos;;Mercedita;;;gol.;1889_12_20;Dimas;;
Día 20:;;N/A:  | N/A: ;;;Más;pat.;;;;;Día 20: De Baracoa, gol. Francisca, pat. Más, con 16,000 cocos y efectos.;;Francisca;;;gol.;1889_12_21;Baracoa;;
;;N/A: ;;;Masip;pat.;;;;;-Santa Cruz, gol. J. Manuel, pat. Masip, con 49;;J. Manuel;;;gol.;1889_12_21;Santa Cruz;;
;;N/A: ;;;Vera;pat.;;;;;-Santa Cruz, gol. San Antonio, pat. Vera, con 209;;San Antonio;;;gol.;1889_12_21;Santa Cruz;;
;;N/A: ;;;Enseñat;pat.;;;;;-Morrillo, gol. Feliz, pat. Enseñat, con 50 caballos;;Feliz;;;gol.;1889_12_21;Morrillo;;
;;N/A: ;;;Hernández;pat.;;;;;-Morrillo, gol. Britania, pat. Hernández, con 100;;Britania;;;gol.;1889_12_21;Morrillo;;
;;N/A: ;;;Hernández;pat.;;;;;-Morrillo, gol. Agustina, pat. Hernández, con 100;;Agustina;;;gol.;1889_12_21;Morrillo;;
;;N/A: ;;;Padrón;pat.;;;;;-Arroyos, gol J. Jaime, pat. Padrón: con 1,000;;J. Jaime;;;gol;1889_12_22;Arroyos;;
;;;;;Mandilego;pat.;;;;;-Cárdenas, gol. Esmeralda, pat. Mandilego: con;;Esmeralda;;;gol.;1889_12_24;Cárdenas;;
;;N/A: ;;;Cuevas;pat.;;;;;-Cárdenas, gol. Angelita, pat. Cuevas: 50 pipas;;Angelita;;;gol.;1889_12_24;Cárdenas;;
;;N/A: ;;;Cudilleiro;pat.;;;;;-Bajas, gol Carmita, pat. Cudilleiro: con 800 saces;;Carmita;;;gol.;1889_12_24;Bajas;;
;;;;;Cahruja;pat.;;;;;-Rio del Medio, gol. 2ª Rosa, pat. Cahruja: con;;2ª Rosa;;;gol.;1889_12_24;Medio;;
;;;;;Ferrer;pat.;;;;;Matanzas, gol. Dos Hermanas, pat. Ferrer: con;;Dos Hermanas;;;gol.;1889_12_24;Matanzas;;
;;N/A: ;;;Pereira;pat.;;;;;-Carahatas. gol. Teresita, pat. Pereira: con 59 tercies tabaco.;;Teresita;;;gol.;1889_12_24;Carahatas;;
Día 26:;;N/A: ;;;Real;cap.;;;;;Dia 26: De Malas-Aguas, vapor Tritón, cap. Real: con 100;;Tritón;;;vap.;1889_12_27;Malas-Aguas;;
;;N/A: ;;;Marantes;pat.;;;;;-Mariel, gol. Altagracia, pat. Marantes: con 100;;Altagracia;;;gol.;1889_12_27;;;
;;N/A: ;;;Ferrer;pat.;;;;;-Dimas, gol. Deseada, pat. Ferrer: con 400 sacos;;Deseada;;;gol.;1889_12_27;Dimas;;
;;;;;Valent;pat.;;;;;-Cárdenas, gol. Juan Toralla, pat. Valent: con;;Juan Toralla;;;gol.;1889_12_27;Cárdenas;;
;;N/A: ;;;Esteban;pat.;;;;;-Teja, gol. Vicenta, pat. Esteban: con 700 sacos;;Vicenta;;;gol.;1889_12_27;Teja;;
;;N/A: ;;;Tolón;pat.;;;;;-Berracos, gol. San José, pat. Tolón: con 400 varas maderas.;;San José;;;gol.;1889_12_27;Berracos;;
Día :;;;;;Orbay;pat.;;;;;-Margajita. gol. Paquete de Nuevitas. pat. Orbay:;;Margajita;;;gol.;1889_12_27;Nuevitas;;
Día 27:;;N/A: ;;;Aguiar;pat.;;;;;Día 27: De Arroyos, gol. Júcaro, pat. Aguiar: con 980 sacos;;Júcaro;;;gol.;1889_12_28;Arroyos;;
;;;;;Padilla;pat.;;;;;-Banes, gol. Josefa, pat. Padilla: en lastre.;;Josefa;;;gol.;1889_12_28;Banes;;
;;;;;Gil;pat.;;;;;-Banes, gol. Dos Isabeles, pat. Gil: en lastre.;;Dos Isabeles;;;gol.;1889_12_28;Banes;;
;;N/A: ;;;Mora;pat.;;;;;-Morrillo, bdro. San Juan, pat. Mora: con 20 tercios tabaco.;;San Juan;;;bdro.;1889_12_28;Morrillo;;
Día 28:;;N/A: ;;;Cabaleiro;pat.;;;;;Día 28: De Sagua, gol. Rosita, pat. Cabaleiro: con 500 sacos;;Rosita;;;gol.;1889_12_29;Sagua;;
;;;;;Cantero;pat.;;;;;-Cárdenas, gol. Aguila de Oro, pat. Cantero: con;;Aguila de Oro;;;gol.;1889_12_29;Cárdenas;;
