arrival_date;arrival_date_calc;cargo_list;crew_number;forced_arrival;master_name;master_role;parsed_text;passenger_account;publication_day;quarantine;raw_text;ship_flag;ship_name;ship_tons_capacity;ship_tons_unit;ship_type;source_file;travel_departure_port;travel_duration_unit;travel_duration_value
Día 24:;;;;;escalas y Garteiz;cap.;;;;;tons. días, vap. esp. Fe574 Liverpool derico, cap. escalas, y Garteiz, en 24;esp.;Fe574;;;vap.;1890_01_01;Liverpool;;
;;N/A: ;;;Staples;cap.;;;;;Deulofeu, hijo y Comp.-A las 7.-Con carga general. 575 Nueva-Orleans y escalas, en , 5 tons. vapdías, 678, ame- . tripuricano Aransas, cap.  Staples lación 33, á Lawton Hno.-A las 7.-Con carga general.;;Aransas;;;vap;1890_01_01;Nueva-Orleans;;
Día 15:;;N/A:  | N/A:  | N/A: ;;;Lure;cap.;;;;;Nueva York, en 15 días, gol. amer. John L. 576 Treat, cap. Lure, tons. 477, trip. 7, á Luis V.;amer.;John L. 576 Treat;;;gol.;1890_01_01;Nueva York;;
;;;;;Smith;cap.;;;;;Morrison, cap. Smith, tons. 526, trip. 9, á Gabriel Sastre.-A las 12.;;;;;;1890_01_01;;;
Día 20:;;N/A:  | N/A:  | N/A: ;;;E. Grane(N. E.)Heusly;cap.;;;;;cap. , en 20 días, berg. ing. Bessie 578 Canning , E. Grane(N. E.)Heusly, tons. 184, trip. 7, á;ing.;Bessie;;;berg.;1890_01_03;;;
Día 7:;;N/A:  | N/A: ;;;Me Kay;cap.;;;;;ricano y Cayo-Hueso, en 7 horas, vap. ame580 Tampa Olivette, cap. Me Kay, tons. 1,104, tripulación 51. á Lawton y Hnos.-A las 7. 581 Port Williams, Perry,;ame580;Tampa Olivette;;;vap.;1890_01_03;ricano y Cayo-Hueso;;
Día 27:;;N/A: ;;;Coipel;cap.;;;;;Coipel, cap. en 27 días. 143, tons, berg. ing. 7, á R. trip. Louise;ing.;trip. Louise;;;berg.;1890_01_03;;;
;;;;;Colcord;cap.;;;;;Colcord, cap. Colcord, tons. 489, trip. 8, á Benito Menéndez.-A las 31. Kols caborty;;Colcord;;;;1890_01_03;;;
Día 11:;;N/A:  | N/A: ;;;Montgomery;cap.;;;;;Filade fia, en 11 días, gol. amer. Robert Mc 584 Farland, cap. Montgomery, tons. 609, trip. 9,;amer.;Robert Mc 584 Farland;;;gol.;1890_01_03;Filade fia;;
Día 6:;;N/A:  | N/A:  | N/A: ;;;Whittier;cap.;;;;;E. W. Adams y Comp.-A las 91. 586 Apalachicola, en 6 días, berg. amer. Ernestine, cap. Whittier. tons. 400, trip. 9, á Veláz-;amer.;Ernestine;;;berg.;1890_01_03;Apalachicola;;
;;N/A:  | N/A:  | N/A: ;;;Pierce;cap.;;;;;Columbia, cap. Pierce, tons. 1,285, trip. 40, á Hidalgo y Comp. A las 5.;;;;;;1890_01_04;Columbia;;
Día 57:;;N/A:  | N/A:  | N/A: ;;;Estrada;cap.;;;;;A las 8. 589 Buenos Aires, en 57 días, berg. esp. Temerario, cap. Estrada, tons. 190 , trip. 9, á Cano y;esp.;Temerario;;;berg.;1890_01_04;Buenos Aires;;
Día 28:;;N/A:  | N/A:  | N/A:  | N/A: ;;;Hahn;cap.;;;;;por alemán Havre y Mayagüez, en 28 días va592 Hamburgo, Flandria, cap. Hahn, tons. 1,533, trip. 34, á Falk Rohlsen y Cp.-A las 8, 593 Suntander y escalas en 15 dias vapor correo;;Flandria;;;vapor;1890_01_05;Havre y Mayagüez;;
;;N/A:  | N/A:  | N/A: ;;;San Emeterio;cap.;;;;;español  Reina María Cristina, cap. San Emeterio, tons. 2,631, trip. 162 á M. Calvo y Cp,lá las;;Reina María Cristina;;;;1890_01_05;;;
Día 31:;;N/A:  | N/A: ;;;Bishop;cap.;;;;;ton, cap. Serván, tons. 1,548, trip. 154, á Bridat, Mont' Ros y Comp.-A las 11 598 Cardiff, en 31 días, berg. gol. ing. John Hickman, cap. Bishop, tons. 1,210, trip. 19, á L. V. Placé. A las 5.;ing.;John Hickman;;;berg.;1890_01_07;Cardiff;;
Día 4:;;N/A: ;;;Baker;cap.;;;;;Nueva-Orleans y escalas, en 4 días, vap. ame599 N ricano Hutchinson, cap. Baker, tons. 909,;ame599;N ricano Hutchinson;;;vap.;1890_01_07;Nueva-Orleans;;
Día 33:;;N/A:  | N/A: ;;;Camerón;cap.;;;;;ricano y Cayo-Hueso,  601 Tampa Olivette, cap. Me en 7 horas, vap. ameKay, tons. 1,104, tripulación 30, á Lawton y Enos.--A las 8 602 Cardiff, en 33 días, berg ing. E. W. Gale, capitán Camerón, tons. 298, trip. 8, á L. Placé.;ing.;E. W. Gale;;;berg;1890_01_07;Cayo-Hueso;;
Día 6:;;N/A:  | N/A: ;;;Bengochea;cap.;;;;;Día 6: 603 Liverpool y escalas, on 21 dias, vap. esp. Emiliano, cap.  Bengochea, tons. 1,500, trip. 36, á Codes, Loychate y Comp.-A la 1.;esp.;Emiliano;;;vap.;1890_01_08;Liverpool;;
Día 14:;;N/A: ;;;López;cap.;;;;;Colón y escalas, en 14 días, vapor-correo es604 pañol Méndez Núñez, cap. López, tons. 1,626,;;Méndez Núñez;;;vapor-correo;1890_01_08;Colón;;
;;N/A:  | N/A:  | N/A: ;;;Cobb;cap.;;;;;Abbott, cap. Cobb, tons.  564, trip. 8, á Barrios;;;;;;1890_01_08;;;
Día 14:;;N/A:  | N/A:  | N/A: ;;;Lachiondo;cap.;;;;;Liverpool y escalas, en 14 días. vap. esp. Gui608 do, cap  Lachiondo , tons.  2,064, trip. 39, á;esp.;Gui608 do;;;vap.;1890_01_09;Liverpool;;
;;;;;Mc;cap.;;;;;lampa Olivette, cap. Mc en 7 horas, vap. ame610 ricano y Cayo-Hueso,;ame610;Olivette;;;vap.;1890_01_10;Cayo-Hueso;;
Día 50:;;N/A:  | N/A:  | N/A: ;;;Laudo;cap.;;;;;Marsella y Cárdens en 50 días barca italiana 617 Leopoldo, cap. Laudo,  tons. 718, trip. 10, á;italiana;Leopoldo;;;barca;1890_01_12;Marsella y Cárdens;;
Día 12:;;N/A:  | N/A: ;;;Reynolds;cap.;;;;;Día 12: 620 Nueva York, vap. americano City of Washinton, cap. Reynolds , tons. 1649, tripulantes 56,;americano;City of Washinton;;;vap.;1890_01_14;Nueva York;;
;;N/A:  | N/A:  | N/A: ;;;Guerricoechevarría;cap.;;;;;vap. esp. Palentino, cap . Guerricoechevarría, tons. 1456, trip. 31, á C. Blanch y Cp.-A las 61.;esp.;Palentino;;;vap.;1890_01_14;;;
Día 13:;;N/A:  | N/A:  | N/A: ;;;Staples;cap.;;;;;Día 13. 622 Nueva Orleans y escalas en 5 días vap. americano  Aransas, cap. Staples, tons. 678, trip. 33, á Lawton Hnos -A las 6.;americano;Aransas;;;vap.;1890_01_14;Nueva Orleans;;
Día 7:;;N/A:  | N/A:  | N/A: ;;;Mc Kay;cap.;;;;;Tampa y Cayo-Hueso, en 7 horas, vap. ame623 ricano Olivette, cap. Mc Kay, tons. 1,104, tripulación 46, á Lawton y Hnos.-A las 7. 624 Liverpool y;ame623;Olivette;;;vap.;1890_01_14;Tampa y Cayo-Hueso;;
Día 17:;;N/A:  | N/A:  | N/A: ;;;Aldarig;cap.;;;;;ñol CarolinaSantander en 17 días, vap. tri,  cap. Aldarig, tons. 1,350, espapulantes 38, á Deulofeu, hijo y Comp.-A la 7.;esp;tri;;;vap.;1890_01_14;CarolinaSantander;;
;;;;;Smith;cap.;;;;;cap. Smith, tons. 1052, trip. 21, á L. V. Placé.;;;;;;1890_01_15;;;
Día 33:;;;;;Killen;cap.;;;;;E.) en 33 días gta. americana 628 Bear River (N. cap. Killen, tons. 360, trip. 8,;americana;Bear River;;;gta.;1890_01_15;;;
Día 35:;;;;;Cavalsen;cap.;;;;;Barcelona, , tons. dias berg. . esp.  629 cap . Cavalsen 35;esp.;;;;berg.;1890_01_16;Barcelona;;
Día 15:;;N/A:  | N/A:  | N/A:  | N/A: ;;;Hanlon;cap.;;;;;Día 15: 631 Tampa y Cayo-Hueso, en 7 horas, vapor americano Mascotte, cap. Hanlon, tons. 520, tripulación 38, á Lawton Hno.-A las 6. 632 Sagua y Cárdenas, en 10 horas vapor americano City of Atlanta, cap. Leighton, tons. 1,154,;americano;Mascotte;;;vapor;1890_01_16;Tampa y Cayo-Hueso;;
;;N/A:  | N/A: ;;;Larrinaga;cap.;;;;;Niceto, cap. Larrinaga, tons. 1,822, trip. 38, á;;;;;;1890_01_16;;;
;;N/A:  | N/A:  | N/A: ;;;Carmona;cap.;;;;;Condal, cap. Carmona, tons. 1,616, trip. 78, & M. Calvo y Cp.-A las 7;;Condal;;;;1890_01_16;;;
Día 15:;;N/A:  | N/A: ;;;Peirol;cap.;;;;;Cádiz y escalas, en 15 días vapor-correo espa635 ñol Montevideo, cap. Peirol, tons. 5,296, trip.;español;Montevideo;;;vapor-correo;1890_01_16;Cádiz;;
Día 4:;;N/A:  | N/A:  | N/A: ;;;Resalt;cap.;;;;;á Sobrinos de Herrera.-A las 9. 637 Veracruz y escalas. en 4 días vapor esp. Vizcaya, cap. Resalt, tons. 1,568, trip. 77, á M.;esp.;Vizcaya;;;vapor;1890_01_16;Veracruz;;
;;;;;Bargiliat;cap.;;;;;cap. Bargiliat, tons. 1932, trip. 155, á Bridat,;;;;;;1890_01_16;;;
Día 15:;;N/A:  | N/A: ;;;Killard;cap.;;;;;Día 15: 639 Filadelfia, en 15 die. gol. am. Alicia B. Crosby, cap. Killard. tons . 1,064, trip. 73, á Gabriel Sastre-A las 8 640 Nueva York er i días, vapor amer. Séneca,;am.;Alicia B. Crosby;;;gol.;1890_01_17;Filadelfia;;
;;;;;Stevens;cap.;;;;;cap. Stevens , tons. 1,911, trip. 46, á Hidalgo y Comp. A las 7 do la noche.;;;;;;1890_01_17;;;
;;;;;Barnard;cap.;;;;;cap. Barnard,  tons. 1,290, trip. 23, á L. V.;;;;;;1890_01_18;;;
Día 4:;;N/A:  | N/A: ;;;Hausen;cap.;;;;;ricano  y Cayo-Hueso, en 7  647 Tampa Olivette, cap. Mc Kayhoras, vap. ame, tons. 1,104, tripulación 46, á Lawton y Hnos.-A las 6. 648 Veracruz y escalas, en 4 días, vapor americano Niágara, cap. Hausen, tons. 1,667, trip. 67,;ame;Niágara;;;vapor;1890_01_19;Cayo-Hueso;;
;;;;;Erickson;cap.;;;;;cap. Erickson,  tons. 795, trip. 12, á Luis V.;;;;;;1890_01_19;;;
Día 8:;;N/A:  | N/A: ;;;Clark;cap.;;;;;Pensacola, en 8 días, gol. amer. J. S. Wins651 lon, cap. Clark, tons. 865, trip. 9, á L. V. Placé A las 124 652 Mobila, en 7 días, gol. amer. Lucía Porter, capitán Gundel, tons. 315, trip. 7, á R. P. Santa;amer.;J. S. Wins651 lon;;;gol.;1890_01_19;Pensacola;;
;;;;;Hanlon;cap.;;;;;y Cayo-, cap. Hanlon, tons. 520, tripulación 38, á Lawton Hno.-A las 6. 657 Barcelona y escalas, Abrisqueta, tonsespañol;español;Abrisqueta;;;;1890_01_21;Barcelona;;
Día 19:;;N/A: ;;;Bonard;cap.;;;;;trip. 53, á Codes, Loychate y Comp.-A las 7 658 Havre y escalas, en 19 días, vapor franc. Versailles, cap. Bonard, tons. 2,217, trip. 136, E;franc.;Versailles;;;vapor;1890_01_21;Havre;;
Día 52:;;N/A: ;;;Pou;cap.;;;;;Bridat, Mont' Ros y Comp.-A las 7. 659 Concordia, (Montovideo) en 52 días, barca española  María, cap. Pou, tons. 426, trip. 12, E N. Gelats y Comp.-A las 12. Consignatarios: 359,326 kilógramos carne de tasajo;española;María;;;barca;1890_01_21;Montovideo;;
Día 10:;;N/A:  | N/A:  | N/A: ;;;Heagon;cap.;;;;;Comp-A las 2. 661 Filadelfia, en 10 días, gol. amer. Herald, capitán Heagon, tons. 474, trip. 8, á G. Sastre.-A las 3.;amer.;Herald;;;gol.;1890_01_22;Filadelfia;;
;;;;;Hollana;cap.;;;;;cap. Hollana, tons. 397, trip . 9, á Gabriel;;;;;tons.;1890_01_22;;;
Día 9:;;N/A:  | N/A:  | N/A:  | N/A:  | N/A: ;;;Stevens;cap.;;;;;Ritter, cap.  Peterson, tons. 611, trip. 9, á Barrios y Comp.-A las 12. 665 Matanzas, en 6 horas, vap. amer. Séneca, capitán Stevens, tons.  1,911, trip. 46, & Hidalgo;amer.;Séneca;;;vap.;1890_01_22;Matanzas;;
Día 4:;;N/A:  | N/A: ;;;Mc eu;cap.;;;;;Tampa Olivette, Hueso, Kayhoras, vap. tri666 ricano y Cayo-cap. Mc eu 7 , tons, 1,104, amepulación 46. & Lawton y Hnos.-A las 7. 667 Veracruz, en 4 días, vapor alemán Flandria,;alemán;Flandria;;;vapor;1890_01_23;Veracruz;;
Día 12:;;;;;Trust;cap.;;;;;cap. Hahn,  tons. 1,553, trip. 35, á Falk, Rholsen y Comp.-A las 7-De tránsito. 668 Baltimore, en 12 días, gol. amer Chas L. Mitchell. cap. Trust,  tons. 561, trip. 10, á la Compañía de Vapores de Regla.;amer;Chas L. Mitchell;;;gol.;1890_01_23;Baltimore;;
;;;;;Blay;cap.;;;;;cap. Blay, tons. 725, trip. 10, á L. V. Placé. A las 4.;;;;;;1890_01_24;;;
;;N/A:  | N/A:  | N/A: ;;;Pierce;cap.;;;;;Columbia, cap. Pierce, tons. 1,285, trip. 40, á;;;;;;1890_01_24;Columbia;;
Día 9:;;;;;Rice;cap.;;;;;cap. Rice, tons. 9 días, bea.;;;;;bea.;1890_01_24;;;
;;N/A:  | N/A:  | N/A: ;;;Rogas;cap.;;;;;Schull, cap. Rogas, tons. 840, trig 9, á L. V.;;;;;;1890_01_25;Schull;;
;;N/A: ;;;Izaguirre;cap.;;;;;español Veracruz, cap. Izaguirre, tons. 2,749,;;;;;;1890_01_25;Veracruz;;
Día 25:;;N/A:  | N/A:  | N/A:  | N/A:  | N/A:  | N/A: ;;;Reynolds;cap.;;;;;Día 25: 676 Veracruz y escalas, en 4 días, vapor americano City of Washington, cap. Reynolds, toneladas 1,619, trip. 66, á Hidalgo y Comp.-A las 6. 677 Tampa Mascottey Cayo-Hueso, en 7 horas, vapor americano , cap. Hanlon, tens. 520, tripulación 88, á Lawton Hno.-A las 7. 678 Hamburgo y escalas, en 22 días, vap. esp. Enrique, cap. Larrauri, tons. 1,571, trip. 38, á;americano;City of Washington;;;vapor;1890_01_26;Veracruz;;
Día 23:;;N/A:  | N/A: ;;;Beotegui;cap.;;;;;en 23 días vap. esp. Cádiz, 681 Liverpooly escalas, tons. 1,754, trip. 38, á Cocapitán  Beotegui,  des, Loychate y Comp.-A las 8.;esp.;;;;vap.;1890_01_28;Cádiz;;
;;N/A:  | N/A:  | N/A: ;;;Curtis;cap.;;;;;"cap. Curtis, tons. 2;332 , trip. 73, & Hidalgo y";;;;;;1890_01_28;;;
Día 7:;;N/A:  | N/A:  | N/A: ;;;Mc Kay;cap.;;;;;Comp. A las 7. 683 ricano Tampa Olivette, Hueso, en 7 horas, vap. amey Cayo-cap. Mc Kay, tons. 1,104, tripulación 43, á Lawton y Hnos.-A las 7.-En lastre.;am.;Olivette;;;vap.;1890_01_28;Cayo;;
;;N/A:  | N/A:  | N/A: ;;;Carmona;cap.;;;;;esp. Ciudad  Condal, cap. Carmona, tons. 1,616, trip. 78, á M. Calvo y Comp.-A las 7.;esp.;;;;;1890_01_29;Ciudad Condal;;
Día 42:;;N/A:  | N/A: ;;;Roig;cap.;;;;;Barcelona y Torrevieja, en 42 días, barca es686 pañola Tafalla, cap. Roig, tons. 995, trip. 16,;pañola;Tafalla;;;barca;1890_01_29;Barcelona y Torrevieja;;
Día 13:;;;;;Squire;cap.;;;;;Nueva-York, en 13 días, gol. amer. John R. 687 Bergen , cap. Squire, tons. 615128, trip. 9, á la;amer.;John R.;;;gol.;1890_01_29;Nueva-York;;
Día 29:;;N/A:  | N/A:  | N/A: ;;;Pierce;cap.;;;;;Día 29: 689 Cárdenas, en 8 horas, vap. amer. City of Columbia, cap. Pierce, tons. 1,285, trip. 40, á;amer.;City of Columbia;;;vap.;1890_01_30;Cárdenas;;
Día 14:;;N/A: ;;;Hanlon;cap.;;;;;y Cayo-, cap. Hanlon, tons. 520, tripulación 38, á Lawton Hno.--A las 8. 692 Filadelfia, en 14 días, gol. amer. Addie Charleson, tons. 625, trip. 9, á  la Compañía Cubana del Gas. 693 Baltimore, en 13 días, bea. amer. Isaac Jackson, cap. Goodwin , tons. 585, á Luis V. Placé.-A las 8.;amer.;Addie Charleson;;;gol.;1890_01_30;Filadelfia;;
;;N/A:  | N/A: ;;;Wallace;cap.;;;;;Smith, cap. Wallace,  tons. 566, trip. 9, á Luis V. Placé.-A las 11.;;;;;;1890_01_31;;;
Día 30:;;;;;Heagan;cap.;;;;;Día 30: Para Matanzas, gol. amer. Herald, cap. Heagan.;amer.;Herald;;;gol.;1890_01_31;Matanzas;;
;;;;;Castañy;cap.;;;;;Montevideo, berg. esp. J. Durall, cap. Castañy.;esp.;J. Durall;;;berg.;1890_01_31;Montevideo;;
;;;;;Aberásturi;cap.;;;;;Matanzas y otros, vap. esp. Enrique, cap. Aberásturi;esp.;Enrique;;;vap.;1890_01_31;Matanzas;;
;;N/A:  | N/A:  | N/A: ;;;Carpenter;cap.;;;;;Atlanta, cap. Carpenter, tons. 1,154, trip. 40, á Hidalgo y Comp.-A las 6.;;Atlanta;;;;1890_02_01;;;
Día 51:;;N/A:  | N/A:  | N/A: ;;;Ferrer;cap.;;;;;Rio de , la Plata, en 51 días, berg. esp. María 699 Teresacap. Ferrer, tona 292, trip. 11, á Jaué;esp.;María 699 Teresa;;;berg.;1890_02_01;Rio de la Plata;;
Día 10:;;;;;Godfrey;cap.;;;;;Judge, cap. Godfrey, tons. 448, trip. 8, á Barrios y Comp.-A las 11. 702 Mobila, en 10 días, gol. ing. Amanda, capitán;ing.;Amanda;;;gol.;1890_02_01;Mobila;;
;;;;;Gay;cap.;;;;;ples, cap. Gay,  tons. 442,  y Comp.-A las 6.;;;;;;1890_02_02;;;
Día 32:;;N/A:  | N/A:  | N/A: ;;;Llorca;cap.;;;;;Barcelona y escalas, en 32 días, vapor español 704 Ponce de León, cap. Llorca, tons. 2,085, tripulación 62, á C. Blanch y Comp.-A las 71.;español;704 Ponce de León;;;vapor;1890_02_02;Barcelona;;
;;;;;Hooper;cap.;;;;;C. Smith, cap. Hooper, tons. 628, trip. 10, á L. V. Placé.-A las 22.;;;;;;1890_02_04;;;
;;;;;Murphy;cap.;;;;;cap. Murphy, tons. 553, trip. 8, á Barrios y Comp.-A las 11.;;;;;;1890_02_04;;;
Día 12:;;N/A:  | N/A:  | N/A: ;;;Merrill;cap.;;;;;Nueva-York, en 12 días, gcl. amer. S. M. 709 Bird, cap. Merrill, tons. 491, trip 8, á L. V.;amer.;S. M. 709 Bird;;;gcl.;1890_02_04;Nueva-York;;
Día 3:;;N/A:  | N/A: ;;;Arribalzaga;cap.;;;;;Día 3: 710 Liverpool y escalas, en 22 días, vap. esp. Gallego, cap. Arribalzaga, tons. 1.515, trip. 35, á;esp.;Gallego;;;vap.;1890_02_04;Liverpool;;
;;;;;Baker;cap.;;;;;amer. Hutchinson, cap. Baker. tons. 909, tripulación 34, á Lawton Hnos.-A las 8.;amer.;Hutchinson;;;;1890_02_04;;;
Día 65:;;N/A: ;;;Ferrer;cap.;;;;;Rosario y . escalas, tons. 224, berg. 12, á  712 cisco, capFerrer, en 65 días, trip. espFran- . Jané y;esp;Jané;;;berg.;1890_02_04;Rosario;;
Día 7:;;;;;Hanlon;cap.;;;;;Comp.-A las 8. 713 Tampa y Cayo-Hueso, en 7 horas, vapor americano Mascotte, cap. Hanlon, tons. 520, tripulación 38, á Lawton Hno.-A las 8. 714 Baltimore, en 13 días, gol. am. Wm. A. Marburg, cap. Pillsbury, tons. 678, trip. 9, á la;americano;Mascotte;;;vapor;1890_02_04;Tampa y Cayo-Hueso;;
;;;;;Cook;cap.;;;;;May, cap. Cook, tons. 379, trip. 8, á Barrios y;;;;;;1890_02_04;;;
Día 4:;;N/A:  | N/A:  | N/A: ;;;Hausen;cap.;;;;;ricano Niágara, cap. Hausen, tons. 1,667, tripulación 56, á Hidalgo y Comp.-A las 7. 717 Nueva-York, en 4 dias, vap. esp.;esp.;Niágara;;;vap.;1890_02_05;Nueva-York;;
;;;;;F. Crockett;cap.;;;;;cap. F. Crockett, tons. 412112, trip. 7, á R. P.;;;;;tons.;1890_02_05;;;
;;;;;M. N. Dinsmore;cap.;;;;;Sala, cap. M. N. Dinsmore, tons. 508, trip. 10,;;Sala;;;;1890_02_05;;;
Día 5:;;N/A:  | N/A:  | N/A: ;;;P. J. Johristone;cap.;;;;;Día 5: 720 Boston, en 14 días, gol. amer. Ellen M. Golder, cap. P. J.  Johristone, tons. 619, trip. 9, á;amer.;Ellen M. Golder;;;gol.;1890_02_06;Boston;;
Día 722:;;N/A: ;;;Mc Kay;cap.;;;;;A las 7. 722 Tampa y Cayo-Hueso, en 7 horas, vap. americano Olivette, cap. Mc Kay, tons. 1,104 , tripulación 47, á Lawton y Hnos.-A las 8. 723 Sagua, en 15 horas, vap. amer. City of Atlanta, cap. Carpenter, tons. 1,154, trip.  40, á Hidalgo y Conip.-A las 84.-Con carga de tránsito para Nueva-York;americano;Olivette;;;vap.;1890_02_06;Tampa y Cayo-Hueso;;
;;N/A: ;;;Nouvellón;cap.;;;;;francés Lafayette, cap. Nouvellón, tons. 1,774,;;Lafayette;;;;1890_02_07;;;
;;;;;Lombard;cap.;;;;;cap. Lombard, tons. 433, trip. 8, á R. P. Santa María. - A las 12.;;;;;;1890_02_07;;;
Día 31:;;N/A:  | N/A:  | N/A: ;;;Garteiz;cap.;;;;;en . 14 días, vapor. 1,592, tripulación 71, á M. Calvo y Comp.-A las 12. 730 Liverpool y escalas, en 26 días, vap. esp. Hugo, cap. Garteiz, tons. 1,772, trip. 39, à  Deulofeu, hijo y Comp.-A las 31.;esp.;Hugo;;;vapor;1890_02_07;Liverpool;;
;;;;;Mc Donald;cap.;;;;;cap. Mc Donald, tons. 931, trip. 22, á Bridat,;;;;;;1890_02_08;;;
;;N/A:  | N/A: ;;;Schaffer;cap.;;;;;Rhenania, cap. Schaffer, tons. 1,359, trip. 34,;;Rhenania;;;;1890_02_08;;;
;;N/A:  | N/A: ;;;Hanlon;cap.;;;;;Veracruz . escalas, tonsen . 5 2,323, trip. amer. á Yu734 muri, capy Curtis, días, vap. 75, Ill- Hidalgo y Comp.-A las 7.-De tránsito. 735 Tampa y Cayo-Hueso, en 7 horas, vapor americano  Mascotte, cap. Hanlon, tons. 520, tripulación 38, á Lawton Hno.-A las 9.;amer.;Mascotte;;;vap.;1890_02_09;Veracruz;;
Día 8:;;N/A:  | N/A:  | N/A: ;;;Griggs;cap.;;;;;Día 8: 737 Port Medway, en 18 días, berg. amer. Onolaska, cap. Griggs, tons. 469,  trip. 11, á E. W. Adams y Comp.-A las 4.;amer.;Onolaska;;;berg.;1890_02_11;Port Medway;;
Día 25:;;N/A:  | N/A: ;;;Gorordo;cap.;;;;;Barcelona y escalas, en 25 días, vap. esp. Con738 Ba Wifredode , cap. Gorordo, ton. 2,765, trip. 61,;esp.;Wifredode;;;vap.;1890_02_11;Barcelona;;
Día 10:;;N/A:  | N/A:  | N/A: ;;;Mc Kay;cap.;;;;;Día 10: 739 Tampa y Cayo-Hueso, en 7 horas, vap. americano Olivette, cap. Mc Kay , tons. 1,104, tripulación 47, á Lawton y Hnos.-A las 6.-En;americano;Olivette;;;vap.;1890_02_11;Tampa y Cayo-Hueso;;
Día 22:;;N/A:  | N/A:  | N/A:  | N/A: ;;;Luzárraga;cap.;;;;;lastre. 740 Liverpool , y escalas, en 22 días, vap. esp. Santanderino cap. Luzárraga, tons. 2,017, tripulación 39, á C. Blanch y Comp.-A las 7.;esp.;Santanderino;;;vap.;1890_02_11;Liverpool;;
Día 4:;;N/A:  | N/A:  | N/A: ;;;Leighton;cap.;;;;;Nueva-York, en 4 dias, vap. amer. Saratoga, 741 cap. Leighton, tons. 1,692, trip. 66, á Hidalgo;amer.;Saratoga;;;vap.;1890_02_11;Nueva-York;;
;;N/A:  | N/A:  | N/A: ;;;Fábrega;cap.;;;;;esp. Isidra, cap.  Fábrega, tons. 185, trip. 10, á L. Ruiz y Comp.-A las 5.;esp.;Isidra;;;;1890_02_13;;;
Día 16:;;N/A:  | N/A:  | N/A:  | N/A: ;;;Hanlon;cap.;;;;;Tampa MascotteHueso, en 7 horas, vapor ame746 ricano  y Cayo, cap. Hanlon, tons. 520, tripulación 38, á Lawton Hno.-A las 61. 747 Vigo y escalas, en 16 días, vapor-correo español España, cap. Diaz, tons. 1,836, trip. 79, á;español;Mascotte;;;vapor;1890_02_13;Tampa;;
;;N/A:  | N/A: ;;;Arribi;cap.;;;;;Francisca, cap. Arribi, tons. 1,839 , trip. 40, á;;Francisca;;;;1890_02_13;;;
;;N/A:  | N/A: ;;;Hamilton;cap.;;;;;Seythian, cap. Hamilton, tons. 120,  trip. 13, &;;Seythian;;;;1890_02_13;;;
Día 6:;;N/A:  | N/A:  | N/A: ;;;Stevens;ca;;;;;Matanzas, en 6 horas, vap. amer. Séneca, ca751 pitán Stevens, tons. 1,911, trip. 46, á Hidalgo;amer.;Séneca;;;vap.;1890_02_14;Matanzas;;
;;N/A:  | N/A:  | N/A: ;;;Pearson;cap.;;;;;cap. Pearson, tons. 1,179, trip. 24, & Higgins;;;;;;1890_02_14;;;
;;N/A:  | N/A:  | N/A: ;;;Ray;cap.;;;;;Columbia, cap. Ray, tons. 1,285, trip. 40, á;;;;;;1890_02_14;Columbia;;
;;;;;Barter;cap.;;;;;cap. Barter, tons. 259, trip. 6, á R. P. Santa;;;;;;1890_02_14;;;
Día 26:;;N/A: ;;;G. W. Dillon;cap.;;;;;cap. G. W. Dillon, tons. 41, trip. 5, á M. Suárez. A las 9.-En lastre. 756 C Cardiff en 26 días vapor inglés Cairo, capitán;ing.;Cairo;;;vapor;1890_02_14;Cardiff;;
;;N/A: ;;;López;cap.;;;;;esp. Méndez  Núñez, cap. López, tons. 1,513, trip. 76, á M. Calvo y Comp.-A las 11.;esp.;Méndez Núñez;;;;1890_02_15;;;
;;;;;Wallace;cap.;;;;;-Matanzas, gol. amer. Nellie Smith, cap. Wallace;amer.;Nellie Smith;;;gol.;1890_02_15;Matanzas;;
;;;;;Godfrey;cap.;;;;;-Pensacola, gol. amer. Mary B. Judge, cap. Godfrey.;amer.;Mary B. Judge;;;gol.;1890_02_15;Pensacola;;
Día 4:;;N/A:  | N/A: ;;;Carmona;cap.;;;;;Nueva-, cap. en 4 días, tons. 1,616,  760 CondalYork, Carmona, vapor espCiudad . trip. 78, á;esp;CondalYork;;;vapor;1890_02_16;Nueva;;
Día 7:;;N/A:  | N/A:  | N/A: ;;;Mc Kay;cap.;;;;;M. Calvo y Comp.-A las 7. 761 ricano Tampa Olivette, Hueso, en 7 horas, vap. amey Cayo-cap. Mc Kay, tons. 1,104, tripulación 46. á Lawton y Hnos.-A las 8.;am.;Olivette;;;vap.;1890_02_16;Tampa;;
Día 15:;;N/A: ;;;Cebada;cap.;;;;;á Sobrinos de Herrera.-A las 9. 763 Cádiz y escalas, en 15 días. vapor-correo español Buenos Aires, cap.  Cebada, tons. 3,764,;español;Buenos Aires;;;vapor-correo;1890_02_16;Cádiz;;
;;N/A:  | N/A: ;;;Hausen;cap.;;;;;Niágara, cap. Hausen, tons. 1,667, trip. 61, &;;Niágara;;;;1890_02_16;;;
Día 19:;;N/A:  | N/A:  | N/A: ;;;Pickup;cap.;;;;;(N. E.), en 19 día, gol. ing. Lena 766 Amapolis capPickup,  . Roop, tons. 292, trip. 7, á César;ing.;Lena;;;gol.;1890_02_18;;;
Día 15:;;N/A:  | N/A:  | N/A: ;;;Gearley;cap.;;;;;en 15 días, gol. amer. Myra B. 767 Nueva-York, Gearley, tons. 498, trip. 8, á R.;amer.;Myra B.;;;gol.;1890_02_18;Nueva-York;;
;;N/A:  | N/A:  | N/A: ;;;Reynolds;cap.;;;;;Washington, cap.  Reynolds, tons. 1,650, tripulación 56, á Hidalgo y Comp.-A las 2.;;;;;;1890_02_18;Washington;;
Día 7:;;N/A: ;;;Hanlon;cap.;;;;;y Cayo-, cap. en 7 horas, vapor , tri770 Tampa MascotteHueso, Hanlon, tons. 520ame;;Mascotte;;;vapor;1890_02_18;Tampa;;
Día 17:;;;;;Godfrey;cap.;;;;;pulación 41, á Lawton Hno.-A las 6. 771 Filadelfia, en 17 días, gol. amer. Bertha Wamer, cap. Godfrey , tons. 420, trip. 9, á la orden.-A las 11. 772 A Nueva-York, en 11 días, gol. Alice Mc Donald, cap.  Dukeshire, tons. 623, trip. 9, á R. Truffin y Comp.-A las 12.;amer.;Bertha Wamer;;;gol.;1890_02_18;Filadelfia;;
Día 20:;;N/A:  | N/A:  | N/A: ;;;Freeman;cap.;;;;;Nueva-York, en 20 días, berg. amer. Carrie 773 Heckle, cap. Freeman, tons. 475, trip. 10, á;amer.;Carrie 773 Heckle;;;berg.;1890_02_18;Nueva-York;;
Día 40:;;N/A:  | N/A:  | N/A: ;;;Jones;cap.;;;;;Londres y Amberes, en 40 días, vapor inglés 774 Nicosian, cap. Jones, tons. 863, trip. 20, á;inglés;774 Nicosian;;;vapor;1890_02_19;Londres y Amberes;;
Día 20:;;N/A:  | N/A:  | N/A: ;;;Cook;cap.;;;;;Filadelfia, en 20 días, berg. amer. Alice C. 775 Dickerman, cap. Cook, tons. 475, trip. 9, á L.;amer.;Alice C.;;;berg.;1890_02_19;Filadelfia;;
;;;;;Burgess;cap.;;;;;Doon, cap. Burgess, tons. 546, trip. 10, á Gabriel Sastre.-A las 5.;;;;;;1890_02_19;;;
;;N/A:  | N/A:  | N/A:  | N/A:  | N/A: ;;;Bengoa;cap.;;;;;días, vap.  esp. Saturnina, cap. Bengoa, toneladas 1,785, trip. 38, á Codes, Loychate y Comp.;esp.;Saturnina;;;vap.;1890_02_19;;;
Día 16:;;N/A:  | N/A:  | N/A: ;;;Merryman;cap.;;;;;Nueva-York, en 16 días, bea. amer. C. P. Di781 xon,  cap. Merryman, tons. 601164, trip. 10, á;amer.;C. P. Di781 xon;;;bea.;1890_02_19;Nueva-York;;
;;;;;Dickson;cap.;;;;;V H. Dietz, cap. Dickson, tons. 463, trip. 9, á la;;V H. Dietz;;;;1890_02_19;;;
;;;;;Kennedy;cap.;;;;;Kennedy , cap. Kennedy, tons. 601, trip. 8, á;;;;;;1890_02_19;;;
Día 12:;;N/A:  | N/A: ;;;;;;;;;, en 12 días, gol. amer. Bellie 784 Nueva-YorkButter, tons. 444, trip. 8, á S. T.;amer.;Bellie;;;gol.;1890_02_19;Nueva-York;;
Día 12:;;N/A:  | N/A: ;;;Powell;cap.;;;;;Tolón y Comp.-A las 11. 785 Filadelfia, en 12 días, gol. amer. Susie H. Davidson, cap.  Powell, tons. 519, trip. 8, á la;amer.;Susie H. Davidson;;;gol.;1890_02_19;Filadelfia;;
Día 23:;;N/A:  | N/A:  | N/A: ;;;Urizar;cap.;;;;;A las 12. 786 Liverpool y Santander, en 23 días, vapor español Murciano, cap. Urizar, tons. 1,552, tripulación 36, á C. Blanch y Comp.-A la 1.;español;Murciano;;;vapor;1890_02_19;Liverpool;;
Día 4:;;N/A:  | N/A:  | N/A: ;;;Schaffer;cap.;;;;;Veracruz, en 4 días, vapor alemán Rhenania, 788 cap. Schaffer, tons. 1,358, trip. 34, á Falk,;alemán;Rhenania;;;vapor;1890_02_20;Veracruz;;
Día 4:;;N/A:  | N/A:  | N/A: ;;;Allen;cap.;;;;;Nueva-York, en 4 días, vap. amer. City of 789 Alexandría, cap. Allen, tons. 1,652, trip. 66, á;amer.;City of 789 Alexandría;;;vap.;1890_02_21;Nueva-York;;
Día 20:;;N/A:  | N/A:  | N/A: ;;;Ray;cap.;;;;;Día 20: 790 Cárdenas, en 1 día, vap. amer. City of Columbia, cap. Ray, tons. 1,285,  trip. 40, á Hidalgo;amer.;City of Columbia;;;vap.;1890_02_21;Cárdenas;;
Día 13:;;N/A: ;;;Thompson;cap.;;;;;y Comp. A las 6.-Con carga de tránsito. 791 Filadelfia, en 13 días, gol. am. H. E. Thompson, cap. Thompson , tons. 649, trip. 9, á G.;am.;H. E. Thompson;;;gol.;1890_02_21;Filadelfia;;
Día 20:;;N/A: ;;;Dechaille;cap.;;;;;Havre y escalas, en 20 días, vap. francés Ville 793 de Saint Nazaire, cap. Dechaille, tons. 1,161,;francés;Ville 793 de Saint Nazaire;;;vap.;1890_02_22;Havre;;
Día 22:;;N/A:  | N/A: ;;;Hanlon;cap.;;;;;Día 22: 795 Tampa y Cayo-Hueso, en 7 horas, vapor americano Mascotte, cap. Hanlon, tons.  520, tripulación 42, á Lawton Hno.-A las 6. 796 Veracruz y Progreso, en 4 días, vapor americano Saratoga, cap . Leighton, tons. 1,692, tripulación 66, á Hidalgo y Comp.-A las 7.;americano;Mascotte;;;vapor;1890_02_23;Tampa;;
Día 8:;;N/A:  | N/A:  | N/A: ;;;Mc Kay;cap.;;;;;Tampa y Cayo-Hueso, en 7 horas, vap. ame801 ricano Olivette, cap. Mc Kay, tons. 1,104, tripulación 46, á Lawton y Hnos: á las 8.;ame801;Olivette;;;vap.;1890_02_25;Tampa y Cayo-Hueso;;
;;N/A: ;;;Moreno;cap.;;;;;cap. Moreno , tons. 2,678,  y Comp.-A las 7.;;;;;;1890_02_26;;;
Día 23:;;N/A:  | N/A:  | N/A: ;;;escalas;cap.;;;;;varro , cap. escalas, en 23 días, vap. esp. Na805 Liverpool y Tellería, tons. 2,514, trip. 40, á C.;esp.;Na805;;;vap.;1890_02_26;Liverpool;;
Día 4:;;N/A:  | N/A:  | N/A: ;;;Curtis;cap.;;;;;Nueva-York, en 4 días, vap. amer. Yumuri 806 cap. Curtis, tons. 2,232, tríp. 70, á Hidalgo;amer.;Yumuri 806;;;vap.;1890_02_27;Nueva-York;;
;;;;;Roig;cap.;;;;;cap. Roig, tons. 478, trip. 18, & Jané y Comp.;;;;;;1890_02_27;;;
;;N/A:  | N/A:  | N/A: ;;;Hanlon;cap.;;;;;A las 7. 808 ricano Tampa MascotteHueso, en 7 horas, vapor , triy Cayo-, cap. Hanlon, tons. 520amepulación 42, á Lawton Hno.-A las 8. 809 Matanzas, en 5 cap. horas, vapor amer. City of;amer.;City of;;;vapor;1890_02_27;;;
Día :;;;;;Loring;cap.;;;;;Seytihan, en . Harmington, tons. 120, tripulación 13, á H. B. Hamel y Comp.-A las 2. 811 Pensacola, en días, goleta chalupa americana México , cap. Loring, tons. 792, trip. 6, á;americana;México;;;goleta;1890_02_27;Pensacola;;
;;N/A:  | N/A:  | N/A: ;;;Gardón;cap.;;;;;vapor-correo  esp. Ciudad de Cádiz, cap. Gardón, tons. 3,174, trip. 119, á M. Calvo y Comp.A las 11 de la noche.;esp.;Ciudad de Cádiz;;;vapor-correo;1890_02_28;Ciudad de Cádiz;;
Día 8:;;N/A:  | N/A: ;;;Hensley;cap.;;;;;Shieldsborongh (Miss.), en 8 días, berg. inglés 813 Bessie E. Crane, cap Hensley, tons. 184, tripulación 6, á R. P. Santa María. A las 9. 814 Filadelfia, en 13 días, gol. amer. John H. Converse,  cap .  Leighton, tons. 315, trip. 8, á la;inglés;813 Bessie E. Crane;;;berg.;1890_02_28;Shieldsborongh (Miss.);;
Día 27:;;N/A: ;;;Isern;cap.;;;;;Día 27: 815 Ajo (B. A.), en 62 días, berg. esp. Soberano  III, cap. Isern, tons. 335, trip. 11, á Fabra y Comp.-A las 3.;esp.;Soberano III;;;berg.;1890_03_01;B. A.;;
;;N/A:  | N/A: ;;;Pérez;cap.;;;;;de Herrera, cap. Pérez, tons. 848, trip. 51, á Sobrinos de Herrera.-A las 4,;;de Herrera;;;;1890_03_01;;;
Día 28:;;N/A:  | N/A:  | N/A: ;;;Steven;cap.;;;;;Día 28: 817 Matanzas, en 10 horas, vap. amer. Séneca, capitán Steven, tons.  1,911, trip. 46, á Hidalgo y;amer.;Séneca;;;vap.;1890_03_01;Matanzas;;
Día 33:;;N/A:  | N/A:  | N/A:  | N/A:  | N/A: ;;;Mc;cap.;;;;;ricano y Cuyo-Hueso, Kay, tons, vap. ame819 Tampa Olivette, cap. Mc en 7 horas. 1,104, tripulación 46, á Lawton y Hnos: á las 61. 820 Hamburgo, Amberes y Santander, en 33 días,;ame819;Olivette;;;vap.;1890_03_02;Tampa;;
;;N/A:  | N/A:  | N/A: ;;;Alegría;cap.;;;;;vap. esp. Leonora, cap. Alegría, tons. 2,665, trip. 39, á Deulofeu, hijo y Comp -A las 9.;esp.;Leonora;;;vap.;1890_03_02;;;
;;N/A:  | N/A:  | N/A: ;;;Luzárraga;cap.;;;;;esp.  Serra, cap. Luzárraga, tons. 1,471, tripulación 39, á Deulofeu, hijo y Comp.-A las 7.;esp.;Serra;;;;1890_03_04;;;
;;;;;Barnard;cap.;;;;;cap. Barnard , tons. 1,290, trip. 23, & L. V.;;;;;;1890_03_04;;;
;;;;;Hausen;cap.;;;;;cap. Hausen,  tons. 1,667, trip. 56, á Hidalgo y;;;;;;1890_03_04;;;
Día 7:;;;;;Haulon;cap.;;;;;Comp.-A las 7. 825 Tampa y Cayo-Hueso, en 7 horas, vapor americano  Mascotte, cap. Haulon, tons. 520, tripulación 42, á Lawton Hno.-A las 12.-En lastra;americano;Mascotte;;;vapor;1890_03_04;Tampa y Cayo-Hueso;;
Día 4:;;N/A: ;;;Baker;cap.;;;;;Día 4: 826 Nueva-Orleans y Cayo-Hueso, en 5 días, vapor  amer. Hutchinson, cap. Baker, tons. 909,;amer.;Hutchinson;;;vapor;1890_03_05;Nueva-Orleans y Cayo-Hueso;;
Día 10:;;N/A: ;;;Saxton;cap.;;;;;trip. 34, á Lawton Hnos.-A las 6. 827 Mobila, en 10 días, gol. amer. James E. Bayles, eap . Saxton, tons. 392, trip. 7, á Galbán,;amer.;James E. Bayles;;;gol.;1890_03_05;Mobila;;
Día 3:;;N/A:  | N/A:  | N/A:  | N/A: ;;;Mc Kay;cap.;;;;;ricano y Cayo-Hueso, en 7 horas, vap. ame828 Tampa Olivette, cap. Mc Kay, tons. 1,104, tripulación 46. á Lawton y Hnos: á las 7.-En lastre. 829 Veracruz, en 3 días, vaper francés Ville de;ame;Olivette;;;vap.;1890_03_06;Veracruz;;
;;N/A:  | N/A:  | N/A:  | N/A:  | N/A: ;;;Lechaille;cap.;;;;;Saint Nazaire, cap. Lechaille, tons. 1,079, tripulación 90, á Bridat, Mont' Ros y Comp.-A las;;;;;;1890_03_06;Saint Nazaire;;
;;;;;Carballo;cap.;;;;;cap. Carballo, tons. 39, trip. 5, á L. Someillán;;Someillán;;;;1890_03_06;;;
Día 3:;;N/A:  | N/A: ;;;Grindel;cap.;;;;;y Comp.-A las 12.-En lastre. 831 Apalachicola, en 3 días, gol. amer. Lucía Porter, cap. Grindel, tons. 316, trip. 8, á R. P.;amer.;Lucía Porter;;;gol.;1890_03_06;Apalachicola;;
;;;;;Me Intosch;cap.;;;;;cap. Me Intosch,  tons. 2,234, trip. 70, á Hidalgo y Comp.-A las 4.;;;;;;1890_03_07;;;
Día 4:;;N/A:  | N/A: ;;;Allen;cap.;;;;;Veracruz y escalas, en 4 días, vap. amer. City 834 of Alexandría, cap. Allen, tons. 1,652, trip. 66,;amer.;City 834 of Alexandría;;;vap.;1890_03_07;Veracruz;;
;;N/A: ;;;López;cap.;;;;;Núñezcap. López,  tons. 1,315, trip. 76, á M.;;;;;;1890_03_08;;;
Día 6:;;;;;Hausen;cap.;;;;;Calvo y Comp.-A las 6. 840 Sagua y Matanzas, en 6 horas, vapor americano Niágara, cap.  Hausen, tons. 1,667, trip. 56,;americano;Niágara;;;vapor;1890_03_08;Sagua y Matanzas;;
Día 7:;;N/A:  | N/A:  | N/A: ;;;Hanlon;cap.;;;;;Tampa y Cayo-Hueso, en 7 horas, vapor ame846 ricano Mascotte, cap. Hanlon, tons. 520, tripulación 42, á Lawton Hno.-A las 7.;ame846;Mascotte;;;vapor;1890_03_09;Tampa y Cayo-Hueso;;
;;;;;Wm. Morse;cap.;;;;;Sweerey, cap. Wm. Morse, tons. 610187, tripulación 10, á G. Sastre.-A las 5;;Sweerey;;;;1890_03_11;;;
Día 9:;;;;;;;;;;;Día 9. 849 Nueva York, . tons. días, vap. amer. á Hidalgo;amer.;Hidalgo;;;vap.;1890_03_11;Nueva York;;
Día 8:;;N/A:  | N/A: ;;;Schreewer;cap.;;;;;y Comp.-A las 2. 850 Sheldsborongh, en 8 días, gol. amer. Polos, capitán Schreewer , tons. 246, trip. 7, á R. P. Santa María.-A las 5.;amer.;Polos;;;gol.;1890_03_11;Sheldsborongh;;
Día 10:;;N/A: ;;;Zabalandicoechea;cap.;;;;;Día 10: 851 Liverpool y escalas, en 23 días, . esp. Eús- vap1,396, trikaro , cap. Zabalandicoechea, tons.;esp.;Eús;;;vap;1890_03_11;Liverpool;;
Día 4:;;;;;Staples;cap.;;;;;pulación 27, á C. Blanch y Comp.-A las 6. 852 Nueva-Orleans y escalas, en 4 días, vap. americano Aransas, cap. Staples, tons. 678, tripuJación 33, á Lawton Hnos -A las 6;americano;Aransas;;;vap.;1890_03_11;Nueva-Orleans;;
Día 854:;;N/A: ;;;Mc;cap.;;;;;ricano y Cayo-Hueso,  854 Tampa Olivette, cap. Mc en 7 horas, vap. ameKay, tons. 1,104, tripulación 45, á Lawton y Hnos: á las 7.-En lastre. 855 Concordia, (Montevideo) erg. esp. Frasquito,;ame;Olivette;;;vap.;1890_03_11;Cayo-Hueso;;
;;;;;Sust;cap.;;;;;cap. Sust, tons. 311, trip. 11, á Cano y Comp. A las 7.;;;;;;1890_03_11;;;
Día 5:;;N/A:  | N/A:  | N/A: ;;;Curtis;cap.;;;;;Veracruz y Progreso, en 5 días, vapor ameri856 cano Yumuri, cap. Curtis, tons. 2,332, tripulación 75, á Hidalgo y Comp.-A las 8. 857 Nueva-cap. Hutchinson, tons . amer. Harry;amer.;cano Yumuri;;;vapor;1890_03_11;Veracruz;;
Día 13:;;;;;Shibbs;cap.;;;;;gol. trip. 9, á S. T. Toby, cap. Shibbs, 13 días 391,;;Toby;;;gol.;1890_03_12;;;
Día 22:;;N/A:  | N/A: ;;;Marena;cap.;;;;;dias, berg. á L. V. amer. Place. Marena, 860 NewMoorecap. -York , en 22 405, trip. 9 tons.;amer.;Place;;;berg.;1890_03_12;New York;;
;;N/A:  | N/A:  | N/A: ;;;Moresco;cap.;;;;;De la mar, bea. italiana Carmelita Rocca, ca361 D pitán Moresco. toneladas 603, trip. 14, á Juan;italiana;Carmelita Rocca;;;bea.;1890_03_13;la mar;;
Día 12:;;;;;Reynolds;cap.;;;;;Día 12: 362 Nueva Yorken . días, vap. tons. 1,649, triWashington, , cap31 Reynolds, amer. City of;amer.;City of Washington;;;vap.;1890_03_13;Nueva York;;
Día 3:;;;;;;cap.;;;;;pulación 56, á Hidalgo y Comp.-A las 8. 863 Tampa y Cayo-Hueso, en 7 horas, vap. americano Mascotte, cap. Hanlon, tons. 520, tripulación 42, á Lawton Hno.-A las 8.-En lastre. 864 Cienfuegos, , en 3 días, vapor inglés Nicosian,;ing.;Nicosian;;;vapor;1890_03_13;Cienfuegos;;
;;;;;Jonestons;cap.;;;;;cap. Jonestons. 863, trip. 20, & Dussaq y Cp.;;;;;;1890_03_13;;;
;;;;;Mc Donald;cap.;;;;;cap. Mc Donald, tons. 931, trip. 22, á Luis V. Placé.-A las 4.;;;;;;1890_03_14;;;
Día 13:;;N/A:  | N/A: ;;;Curtistons;cap.;;;;;Día 13: 869 Cárdenas, , en 1 día, vap. amer. Yumuri, capitán Curtistons. 2,332, trip. 75, á Hidalgo y Comp.-A las 7.-De tránsito.;amer.;Yumuri;;;vap.;1890_03_14;Cárdenas;;
Día 1:;;N/A:  | N/A:  | N/A: ;;;C tán Staples;cap.;;;;;Cárdenas, en 1 día, vap. amer. Aransas, capi871 C tán Staples, tons. 678, trip. 33, á Lawton Hño.;amer.;Aransas;;;vap.;1890_03_14;Cárdenas;;
;;N/A:  | N/A: ;;;Millard;cap.;;;;;Millard, cap. Steelmac, tons. 546, trip. 9, á la;;Steelmac;;;;1890_03_14;;;
Día 14:;;N/A:  | N/A:  | N/A: ;;;Cirarda;cap.;;;;;Día 14: 873 Liverpool, Santander y Cádiz, en 26 días, vapor esp.  Gracia, cap. Cirarda, tons. 2,122, tripulación 39, á Deulofeu, hijo y Comp.-A las 6 . 874 Nueva-York, en 9 días, bca. amer. Havana,;esp.;Gracia;;;vapor;1890_03_15;Liverpool;;
Día 14:;;;;;Powars;cap.;;;;;cap. Powars, tons. 617, trip. 11, & L. V. Placé.-A las 7. 875 Marsella y escalas, en 14 días, vapor-correo;;L. V. Placé;;;vapor-correo;1890_03_15;Marsella;;
;;N/A: ;;;Ugarte;cap.;;;;;esp.  Reina Mercedes, cap. Ugarte, tons. 2,049,;esp.;Reina Mercedes;;;;1890_03_15;;;
;;;;;Casals;cap.;;;;;cap. Casals,  tons. 509, trip. 15, á Fabra y Cp. A las 8.;;;;;;1890_03_15;;;
Día 7:;;N/A:  | N/A:  | N/A: ;;;Coombs;cap.;;;;;Filadelfia, en 7 días, gol. amer. Annie J. Cou877 lomb, cap. Coombs, tons. 561, trip. 10, á G.;amer.;Annie J. Cou877 lomb;;;gol.;1890_03_15;Filadelfia;;
;;N/A:  | N/A:  | N/A: ;;;7 Smith;cap.;;;;;Morrison, cap. 7 Smith, gol. 576. Charles E. 880 Filadelfia, en días , tons. amer, trip. 6, &, R.;;Charles E.;;;gol.;1890_03_16;Filadelfia;;
;;N/A:  | N/A:  | N/A: ;;;Leighton;cap.;;;;;ricano Saratoga, cap. Leighton, tons. 1,692, trip. 50, á Hidalgo y Comp-A las 61.-De tránsito.;;Saratoga;;;;1890_03_16;;;
Día 1:;;N/A:  | N/A:  | N/A: ;;;Me Kay;cap.;;;;;ricano y Cayo-Hueso, en 7 horas, vab, ame883 Tampa Olivette, cap. Me Kay, tons. 1,104, tripulación 46, á Lawtony Hnos: á las 7. 884 Cars-Hueso, en 1 día, gol. amer. Lone Star,;ame883;Olivette;;;vab;1890_03_16;Cayo-Hueso;;
;;;;;Carballo;cap.;;;;;cap. Carballo , tons. 39, trip. 5, á L. Somillán;;;;;;1890_03_16;;;
Día 5:;;N/A: ;;;Carmona;cap.;;;;;Ciudad York, en 5 días, vapor-correo español 886 Nueva Condal, cap. Carmona, tons. 1,616,;español;Nueva Condal;;;vapor-correo;1890_03_18;Ciudad York;;
Día 2:;;N/A: ;;;Keraabiec;cap.;;;;;trip. 77, á M. Calvo y Comp.-A las 6 887 Veracruz, en 2 días, vap. francés Saint Germain, cap. Keraabiec, tons. 2,292,  trip. 143, á;francés;Saint Germain;;;vap.;1890_03_18;Veracruz;;
Día 16:;;N/A: ;;;Penzol;cap.;;;;;Bridut, Mont Ros y Comp.-A las 11. 888 Cádiz y escalas, en 16 días, vapor-correo español Montevideo, cap. Penzol, tons. 5,296,;español;Montevideo;;;vapor-correo;1890_03_18;Cádiz;;
Día 4:;;N/A: ;;;Stevens;cap.;;;;;. amer. Séneca, 890 Nueva York, cap. Stevens, en 4 1,912, triptons.;amer.;Séneca;;;;1890_03_18;Nueva York;;
;;N/A:  | N/A: ;;;Aldámiz;cap.;;;;;Alicia, cap.  Aldámiz, tons. 1,837, trip. 37, á;;Alicia;;;;1890_03_18;;;
Día 72:;;N/A: ;;;Hanlon;cap.;;;;;cap. Hamilton, tons.  120, trip. 10, á H. B. Hamel y Comp.-A las 72.-En lastre. 893 Tampa y Cayo-Hueso, en 7 horas, vap. americano Mascotte, cap. Hanlon, tons. 520,  tripulación 42, & Lawton Hno.-A las 11.;americano;Mascotte;;;vap.;1890_03_18;Tampa y Cayo-Hueso;;
Día 17:;;N/A:  | N/A:  | N/A: ;;;E. Waddington;cap.;;;;;Waddingtoncap. E. goleta americana Henry 894 Filadelfia en , 17 días R. Megee, tons. 469, tripulantes 8, á H. B. Hamel y Cp: á las 87.;americana;Henry;;;goleta;1890_03_19;Filadelfia;;
Día 4:;;N/A:  | N/A:  | N/A: ;;;Bragdon;cap.;;;;;Mobila, en 4 días, gol. amer. J. F. Coolidge, 896 cap. Bragdon, tons. 421, trip. 8, á E. W. Adams. - A la 1.;amer.;J. F. Coolidge;;;gol.;1890_03_19;Mobila;;
;;;;;Hall;cap.;;;;;cap. Hall, tons. 404, trip.  8 , á M. Gómez  y Comp. - A las 3.;;;;;;1890_03_20;;;
Día 51:;;N/A:  | N/A:  | N/A:  | N/A:  | N/A:  | N/A: ;;;Mc Kay;cap.;;;;;Tampa y Cayo-Hueso, en 7 horas, vap. ame900 ricano Olivette, cap. Mc Kay, tons. 1,104, tripulación 45, á Lawton y Hnos: á las 7. 901 Canarias, Gibara cap. Cabrera, en 51 . tons232tri- , bar- días,;ame900;Olivette;;;vap.;1890_03_20;Tampa y Cayo-Hueso;;
;;;;;Allen;cap.;;;;;vap. amer City of 902 Alexandría, Nueva York, en Allen, cap.;;City of 902 Alexandría;;;vap.;1890_03_21;Nueva York;;
Día 6:;;N/A: ;;;Laurent;cap.;;;;;francés Washington, cap. Laurent, tons. 1,548 trip. 51, á Bridat, Mont' Ros y Comp.-A las 6.;francés;Washington;;;;1890_03_21;;;
Día 4:;;N/A:  | N/A:  | N/A: ;;;Mc Intosch;cap.;;;;;Veracruz y escalas, en 4 días, vap. amer. Ori904 zaba, cap. Mc Intosch. tons. 2,334, trip. 75, á;amer.;Ori904 zaba;;;vap.;1890_03_21;Veracruz;;
Día 12:;;N/A:  | N/A:  | N/A: ;;;Davidson;cap.;;;;;Filadelfia, en 12 días, gol. amer. James Jud905 ge, cap. Davidson, tons. 616, trip. 9, á L. V.;amer.;James Jud905 ge;;;gol.;1890_03_22;Filadelfia;;
;;;;;Droecher;cap.;;;;;cap. Droecher,  tons. 1,513, trip. 35, á Falk,;;;;;;1890_03_22;;;
Día 53:;;;;;;cap.;;;;;Rohlsen y Comp.-A las 74.-De tránsito. 907 Burdeos. en 53 días, berg. danés Medor, cap.;danés;Medor;;;berg.;1890_03_22;Burdeos;;
Día 22:;;N/A:  | N/A: ;;;Jhonson;cap.;;;;;Parthian, y escalas, en 22 días, vapor inglés 908 Londres cap. Jhonson, tons. 1040, trips. 23,;ing.;Parthian;;;vapor;1890_03_22;Londres;;
Día 22:;;N/A:  | N/A:  | N/A:  | N/A: ;;;Hanlon;cap.;;;;;Día 22: 909 Tampa y Cayo-Hueso, en 7 horas, vap. americano Mascotte, cap. Hanlon, tons. 520, tripulación 42, á Lawton Hno.-A las 7.-En lastre. 910 Matanzas, en 6 horas, vap. amer. Séneca, capitán Stevens, tons. 1,912, trip. 46, á Hidalgo y Comp.-A las 10.-De tránsito.;americano;Mascotte;;;vap.;1890_03_23;Tampa y Cayo-Hueso;;
;;;;;Lombard;cap.;;;;;cap. Crockett. -Delaware, (B. W.) gol. amer. Clara Leavitt, capitán Lombard.;amer.;Clara Leavitt;;;gol.;1890_03_23;Delaware;;
;;;;;Stevens;cap.;;;;;-Nueva-York, vap. amer. Séneca, cap. Stevens.;amer.;Séneca;;;vap.;1890_03_23;Nueva-York;;
Día 22:;;N/A:  | N/A:  | N/A:  | N/A:  | N/A:  | N/A: ;;;Hanlon;cap.;;;;;Día 22: 909 Tampa y Cayo-Hueso, en 7 horas, vap. americano Mascotte, cap. Hanlon, tons. 520, tripulación 42, á Lawton Hno.-A las 7.-En lastre. 910 Matanzas, en , 6 horas, vap. amer. Séneca, capitán Stevenstons. 1,912, trip. 46, á Hidalgo;americano;Mascotte;;;vap.;1890_03_25;Tampa y Cayo-Hueso;;
;;N/A: ;;;Chaw;cap.;;;;;Fenimore, cap. Chaw,  tons. 603, á S. T. Tolón;;Fenimore;;;;1890_03_26;;;
;;;;;Cobb;cap.;;;;;Abbot, cap. Cobb , tons. 564, trip. 8, á L. V.;;Abbot;;;;1890_03_26;;;
Día 7:;;N/A:  | N/A:  | N/A: ;;;Hanlon;cap.;;;;;Hueso, en 7 horas, vap. ameri925 Tampa y Cayo-cap. Hanlon, tons. 520, tripucano Mascotte,  lación 42, á Lawton Hno.-A las 7.;;Mascotte;;;vap.;1890_03_27;Hueso;;
;;N/A:  | N/A:  | N/A: ;;;Reynolds;cap.;;;;;of Washington, cap. Reynolds, tons. 1,649, trip. 66, á Hidalgo y Comp.-A las 3.;;;;;;1890_03_27;Washington;;
Día 1:;;N/A: ;;;;cap.;;;;;-Hueso, en 1 día, gol. amer. Lone Star, 927 CayoCarballocap.  , tons. 39137, trip 7, á la orden.;amer.;Lone Star;;;gol.;1890_03_27;Hueso;;
;;N/A: ;;;Whitmore;cap.;;;;;more, cap. Whitmore, tons. 552, trip. 8, á Gabriel Sastre.-A la 1.-Con carbón de piedra.;;;;;;1890_03_27;;;
;;;;;Curtis;cap.;;;;;cap. Curtis, tons. 2,332 , trip. 75, á Hidalgo y Comp. A las 6.;;;;;;1890_03_28;;;
Día 2:;;N/A:  | N/A:  | N/A: ;;;;cap.;;;;;capitán  Orleans, en 2 días, vap. esp. Pío IX, 931 Nueva Llorca, tons. 2,658, trip. 62, á Codes,;esp.;Pío IX;;;vap.;1890_03_28;Orleans;;
Día 55:;;N/A:  | N/A:  | N/A: ;;;Carreras;cap.;;;;;Loychate y Comp.-A las 7. 932 Montevideo, en 55 días, bea. esp. Dos Hermanas, cap. Carreras, tons. 345, trip. 13, & N.;esp.;Dos Hermanas;;;bea.;1890_03_28;Montevideo;;
;;;;;Carrau;cap.;;;;;cap. Carrau, tons. 622, berg. gol. esp. María,;esp.;María;;;berg.;1890_03_29;;;
Día 2:;;N/A:  | N/A: ;;;Astienza;cap.;;;;;Comp. 935 Cienfuegos, en 2 días, vap. esp. Buenaventura, cap. Astienza, tons. 1,738, trip. 38, á Codes Loy chate y Comp.-A las 24.-De tránsito.;esp.;Buenaventura;;;vap.;1890_03_29;Cienfuegos;;
Día 28:;;N/A:  | N/A:  | N/A: ;;;Tejera;cap.;;;;;Día 28: 936 Las Palmas de Gran Canaria, en 39 días, barca esp. Amalia A., cap. Tejera, tons. 351, tripulación 15, á Galbán, Rio y Comp.-A las 3.;esp.;Amalia A.;;;barca;1890_03_30;Las Palmas de Gran Canaria;;
Día 29:;;N/A:  | N/A:  | N/A:  | N/A: ;;;Mc Kay;cap.;;;;;Día 29: 938 ricano  y Cayo-Hueso, en 7 horas, vap. ameTampa Olivette, cap. Mc Kay, tons. 1,104, tripulación 46, á Lawton y Hnos.-A las 61.-En;ame;Tampa Olivette;;;vap.;1890_03_30;Cayo-Hueso;;
;;;;;Hausen;cap.;;;;;Sagua Niágara. cap. Hausen, tons. 1,66, tripulación 57, á Hidalgo y Comp.-A las 6.-De;;;;;tons.;1890_03_30;Sagua Niágara;;
;;N/A:  | N/A:  | N/A: ;;;Rogers;cap.;;;;;Scull, cap. Rogers, tons. 810, trip. 10 , á L. V.;;Scull;;;;1890_03_30;;;
Día 17:;;N/A:  | N/A:  | N/A: ;;;Henley;cap.;;;;;Filadelfia, en 17 días, goleta amer. Sarah y 941 Ellen, cap. Henley, tons. 553, trip. 8, á R.;amer.;Sarah y 941 Ellen;;;goleta;1890_04_01;Filadelfia;;
Día 30:;;N/A:  | N/A:  | N/A: ;;;Davies;cap.;;;;;Día 30: 942 Mobila, en 6 días, gol. amor. Harold B. Cousens, cap. Davies, tous. 360 , trip. 7, á E. W. Adams y Comp.-A las 7.;;amor. Harold B. Cousens;;;gol.;1890_04_01;Mobila;;
Día 4:;;N/A:  | N/A:  | N/A: ;;;Woods;cap.;;;;;Pensacola, en 4 días, gol. amer. Elisha Gibbs, 944 cap Woods, tons. 465, trip. 8, á M. Gómez y;amer.;Elisha Gibbs;;;gol.;1890_04_01;Pensacola;;
Día 22:;;N/A:  | N/A: ;;;Lachondo;cap.;;;;;y Comp. A las 12. 945 Liverpool y escalas, en 22 días, vap. esp. Guido, capitán Lachondo, tons. 2,064, trip. 37, á Deulofeu, hijo y Comp.-A las 3.;esp.;Guido;;;vap.;1890_04_01;Liverpool;;
Día 3:;;N/A:  | N/A:  | N/A:  | N/A:  | N/A: ;;;Laurent;cap.;;;;;Veracauz en 3 días, vapor francés Washing946 ton, cap. Laurent, tons.  1548, trip. 151, á Bridat, Mont' Ros y Comp -A las 3. De tránsito.;francés;Washing946 ton;;;vapor;1890_04_01;Veracauz;;
;;;;;Leighton;cap.;;;;;cap. Leighton, tons. 1,692, trip. 62, á Hidalgo;;;;;;1890_04_01;;;
;;;;;Hanlon;cap.;;;;;y Comp.-A las 6. 948 Tampa y Cayo-cap. Hanlonhoras, vapameri- . , , tons. 520tripucano Mascotte, Hueso, en 7  lación 42, á Lawton Hno.-A las 6.-En lastre.;;Mascotte;;;vapor;1890_04_01;Tampa;;
Día 15:;;N/A:  | N/A:  | N/A: ;;;Dinsinore;cap.;;;;;Sala, York, en 15 días, bca. amer. Antonia 949 Nueva cap. Dinsinore, tons. 508, trip. 10, á L.;amer.;Antonia 949;;;bca.;1890_04_01;York;;
día;;;;;Griffin;cap.;;;;;Cayo-Hueso, tons1 59,  950 cap. Griffin, en . día, trip. amer. gol. 7, á M. Alice Vane, Suárez.-A;amer.;M. Alice Vane;;;gol.;1890_04_01;Cayo-Hueso;;
;;;;;Erickson;cap.;;;;;cap. Erickson, tons. 795,  trip. 12, á Luis V.;;;;;;1890_04_01;;;
;;N/A: ;;;Brown;cap.;;;;;Placé. A las 8.1 952 Brown, cap. en 15 tons. gol. amer. Marjory;amer.;Marjory;;;gol.;1890_04_01;;;
Día 4:;;N/A:  | N/A:  | N/A:  | N/A:  | N/A:  | N/A: ;;;Baker;cap.;;;;;amer. -Orlears y escalas, en 4 días, vapor 953 NuevaHutchinson, cap. Baker, tons. 909, tripulación 34. á Lawton Hnos.-A las 9. 954 Nueva York en 15 días barca americana Sarah S. Ridgway. cap. Townsend, tons 831, tripulantes 18, á la Compañía Española y Americana del Gas: á las 12. 955 Nueva Yor en 15 días gta. amer. Adela Thackara, cap. Harding. tons. 525, trip. 8, á L. V.;amer.;953 NuevaHutchinson;;;vapor;1890_04_01;Orlears;;
Día 21:;;N/A:  | N/A:  | N/A: ;;;Setts;cap.;;;;;Placé: á las 12. 956 Filadelfia en 21 días gta, amer. Eva B. Dauglass, cap. Setts, tons. 1039, trip. 10, á Barrios;amer.;Eva B. Dauglass;;;gta;1890_04_01;Filadelfia;;
;;N/A:  | N/A: ;;;Mc Kay;cap.;;;;;Olivette, cap. Mc Kay, tons. 1,104, trip. 47, en;;Olivette;;;;1890_04_03;;;
;;;;;Allen;cap.;;;;;Alexandría, cap. Allen. trip 66, tons. 1,652, con;;;;;;1890_04_03;Alexandría;;
Día 33:;;N/A: ;;;Jino;cap.;;;;;-Marsella, en 33 días, bea. italiana, Felicina Antonia, cap. Jino, trip. 15, tons. 938. con tejas y;italiana;Felicina Antonia;;;bea.;1890_04_03;Marsella;;
Día 5:;;;;;Baker;cap.;;;;;-Matanzas, en 5 horas, vap. amer. Hutchinson, capitán Baker, trip. 34, tons. 909, con carga de;amer.;Hutchinson;;;vap.;1890_04_03;Matanzas;;
Día 2:;;N/A:  | N/A:  | N/A: ;;;Bortraux;cap.;;;;;Día 2: De La Plata y Buenos Aires, en 62 días, berg. español Prim, cap. Bortraux, trip. 12, tons. 222, con;español;Prim;;;berg.;1890_04_06;La Plata y Buenos Aires;;
Día 25:;;N/A: ;;;Bengechea;cap.;;;;;tasajo. à Fabra y Comp. --Liverpool y escalas, en 25 días, vap. esp. Emiliano, cap. Bengechea, trip. 36, tons 1,813, con carga general, á Codes, Loy hate y Comp.;esp.;Emiliano;;;vap.;1890_04_06;Liverpool;;
Día 3:;;N/A:  | N/A:  | N/A: ;;;Mc Bride;cap.;;;;;Día 3: De Nueva York, en 18 días, gol. amer. Edith Herwind, cap. Mc Bride, trip. 9. tons. 774, con carbón y madera, á E Menéndez;amer.;Edith Herwind;;;gol.;1890_04_06;Nueva York;;
Día 15:;;N/A: ;;;Veezie;cap.;;;;;-Filadelfia, en 15 días, gol. amer. Humarock, capiran Veezie, trip. 8, tons. 774, con carbón á L.;amer.;Humarock;;;gol.;1890_04_06;Filadelfia;;
Día 6:;;N/A:  | N/A: ;;;Loring;cap.;;;;;-Panzacola, en 6 días, chalupa México, cap. Loring, trip 7, tons. 792, con carbón y madera, á;;México;;;chalupa;1890_04_06;Panzacola;;
Día 5:;;;;;Hanlon;cap.;;;;;Día 5: De Tampa y Cayo-Hueso, en 13 días, vapor americano Mascotte, cap. Hanlon, trip. 42, tons. 520, en;americano;Mascotte;;;vapor;1890_04_06;Tampa y Cayo-Hueso;;
Día 9:;;;;;Svaham;cap.;;;;;Filadelfia en 9 días vap. Frior, cap. Svaham, trip.;;Frior;;;vap.;1890_04_06;Filadelfia;;
Día 7:;;N/A:  | N/A: ;;;Staples;cap.;;;;;Día 7: De Nueva-Orleans y escalas, en 5 días, vapor americano Aransas, cap. Staples, trip. 33, tons. 678,;americano;Aransas;;;vapor;1890_04_08;Nueva-Orleans;;
Día 4:;;N/A: ;;;Stevens;cap.;;;;;-Nueva-York, en 4 días, vap. amer. Séneca, capitán Stevens, trip. 56, tons. 1,911, con carga general, á Hidalgo y Comp.;amer.;Séneca;;;vap.;1890_04_08;Nueva York;;
;;;;;Mc Kay;cap.;;;;;Olivette, cap. Mc Kay, trip. 47, tons. 1,104, con;;Olivette;;;;1890_04_08;;;
Día 16:;;N/A: ;;;López;cap.;;;;;-Colón y escalas en 16 dias vap. esp. Méndez Núñez, cap. López, trip. 76, ts. 2520, con carga general, á M. Calvo y Cp,;esp.;Méndez Núñez;;;vap.;1890_04_08;Colón;;
Día 8:;;;;;;cap.;;;;;-Filadelfia en 8 dias gol. amer. J. R. Bergen, cap.;amer.;J. R. Bergen;;;gol.;1890_04_08;Filadelfia;;
Día 8:;;N/A: ;;;Helet;cap.;;;;;-Filadelfia, en 8 días, gol. amer. Hellen G. Moseley, cap. Helet, trip. 8, tons. 538, con carbón y;amer.;Hellen G. Moseley;;;gol.;1890_04_09;Filadelfia;;
;;N/A: ;;;Lacey;cap.;;;;;cap. Lacey, trip. 8, tons. 602, con bocoyes vacíos,;;;;;;1890_04_09;;;
Día 9:;;;;;Hanlon;cap.;;;;;Día 9: De Tampa y Cayo-Hueso, en 14 días, vapor americano Mascotte, cap. Hanlon, trip. 42, tons. 520, en;americano;Mascotte;;;vapor;1890_04_10;Tampa y Cayo-Hueso;;
Día 3:;;N/A: ;;;Curtis;cap.;;;;;-Veracruz y escalas, en 3 dias, vap. amer. Yumurí, cap. Curtis, trip. 80, tons. 2,332, con carga general, á Hidalgo y Comp.;amer.;Yumurí;;;vap.;1890_04_10;Veracruz;;
Día 3:;;N/A:  | N/A: ;;;Reynolds;cap.;;;;;Nueva-York, en 3 días. vap. amer. City of Washington, cap. Reynolds, trip. 63, tons. 1,652, con;amer.;City of Washington;;;vap.;1890_04_10;Nueva-York;;
;;N/A: ;;;Charleson;cap.;;;;;cap. Charleson, trip. 8, tons. 625, con carbón á S.;;;;;;1890_04_10;;;
Día 1:;;N/A: ;;;Carballo;cap.;;;;;-Cayo Hueso, en 1 día, gol. amer. Lone Star, capitán Carballo, trip. 6, tons. 39, con madera, á la;amer.;Lone Star;;;gol.;1890_04_12;Cayo Hueso;;
;;;;;Abrenkiel;cap.;;;;;Martha, cap. Abrenkiel, trip. 32, tons. 1,580, con;;Martha;;;;1890_04_12;;;
Día 7:;;N/A: ;;;Barter;cap.;;;;;-Mobila, en 7 días, gol. amer. Etta M. Barter, capitán Barter, trip. 7, tons. 529, con madera, á R.;amer.;Etta M. Barter;;;gol.;1890_04_12;Mobila;;
;;;;;Mc Kay;cap.;;;;;Olivette, cap. Mc Kay, trip. 47, tons. 1,104, con;;Olivette;;;;1890_04_13;;;
;;N/A: ;;;Mitchell;cap.;;;;;Schiehallin, cap. Mitchell, trip. 21, tons. 1,021, en;;Schiehallin;;;;1890_04_15;;;
;;N/A: ;;;Gouper;cap.;;;;;cap. Gouper, trip. 8, tons. 515, con bocoyes vacios, á S T. Tolón y Comp.;;;;;;1890_04_15;;;
Día 4:;;N/A: ;;;Hausen;cap.;;;;;-Nueva-York, en 4 días, vap. amer. Niágara, capitán Hausen, tr.p. 55, tons. 1,667, con carga general, á Hidalgo y Comp.;amer.;Niágara;;;vap.;1890_04_15;Nueva York;;
Día 1:;;;;;Hanlon;cap.;;;;;-Tampa y Cayo-Hueso, en 1 días, vap. americano Mascotte, cap. Hanlon, trip. 42, tons. 520, en;americano;Mascotte;;;vap.;1890_04_15;Tampa y Cayo-Hueso;;
;;N/A: ;;;Resalt;cap.;;;;;cap. Resalt, trip. 76, tons. 1,5 3, con carga general, M. Calvo y Comp.;;;;;;1890_04_16;;;
;;N/A:  | N/A:  | N/A: ;;;Ventura;cap.;;;;;nuela, cap. Ventura, trip. 40, tons. 852, á Sobrinos de Herrera.;;nuela;;;;1890_04_16;;;
;;;;;Mc Kay;cap.;;;;;Olivette, cap. Mc Kay, trip. 48, tons. 1,104, con;;Olivette;;;;1890_04_17;;;
;;;;;Mc Intosh;cap.;;;;;cap. Mc Intosh, trip. 73, tons. 2,334, con carga;;;;;;1890_04_17;;;
Día 84:;;N/A: ;;;Allen;cap.;;;;;-Nueva York en 84 días, vap. amer. City of Alexandría, cap. Allen, trip. 58, tons. 1652, con carga general, á Hidalgo y Cp.;amer.;City of Alexandría;;;vap.;1890_04_17;Nueva York;;
Día 17:;;;;;Baker;cap.;;;;;Dia 17: De Sagua, en 15 horas, vap. amer. Hutchinson, capitán Baker, trip. 34, tons. 1,492, con carga de;amer.;Hutchinson;;;vap.;1890_04_18;Sagua;;
Día 30:;;;;;Aldamiz;cap.;;;;;-Liverpool y escalas, en 30 días, vap. esp. Carolina, cap. Aldamiz, trip. 35, tons. 1,380, con carga;esp.;Carolina;;;vap.;1890_04_18;Liverpool;;
Día :;;N/A: ;;;Hauseu;cap.;;;;;Sugua, en día, vap. amer. Niágara, cap. Hauseu trip. 55, tons. 1,667, con carga de transito, á;amer.;Niágara;;;vap.;1890_04_19;Sugua;;
Día 19:;;;;;Hanlon;cap.;;;;;Día 19: De Tampa y Cayo-Hueso, en 1 días, vap. americano Mascotte, cap. Hanlon, trip. 40, tons. 520, en;americano;Mascotte;;;vap.;1890_04_20;Tampa y Cayo-Hueso;;
Día 21:;;N/A: ;;;Goicoechea;cap.;;;;;-Liverpool y escalas, en 21 días, vap. esp. Gaditano. cap. Goicoechea, trip. 37, tons. 1,710, con carga general, á C. Blanch y Comp.;esp.;Gaditano;;;vap.;1890_04_20;Liverpool;;
;;N/A: ;;;Deut;cap.;;;;;Eujelta, cap. Deut, trip 6, tons. 175, con carga,;;Eujelta;;;;1890_04_20;;;
Día 20:;;N/A:  | N/A:  | N/A: ;;;Leighton;cap.;;;;;Día 20: De Nueva-York, en 3 días, vap. amer. Saratoga, capitin Leighton, trip. 62, tons. 1,692, con carga;amer.;Saratoga;;;vap.;1890_04_22;Nueva-York;;
;;;;;Mc Kay;cap.;;;;;Olivette, cap. Mc Kay, trip. 47, tons. 1,104, con;;Olivette;;;;1890_04_22;;;
;;N/A:  | N/A: ;;;Glass;cap.;;;;;cap. Glass, trip. 8, tons. 295, con carbón y bucoyes vacíos, á R. Truffin y Cemp;;;;;;1890_04_23;;;
;;N/A: ;;;Jarvis;cap.;;;;;May, cap. Jarvis, trip. 9, tons. 509, con carbón, á;;;;;;1890_04_24;May;;
Día 16:;;N/A: ;;;Watts;cap.;;;;;New Port, en 16 días, berg. amer. Chestina Redman, cap. Watts, trip. 9, tons. 558, con carbón, á;amer.;Chestina Redman;;;berg.;1890_04_24;New Port;;
Día 13:;;N/A: ;;;G. E. Hinas;cap.;;;;;-Nueva York, en 13 días, berg. amer. Kaluna, capitán G. E. Hinas, trip. 8, tons. 380, con madera,;amer.;Kaluna;;;berg.;1890_04_24;Nueva York;;
Día 23:;;N/A:  | N/A: ;;;Sstaples;cap.;;;;;Día 23: De Nueva-Orleans y escalas, en 4 días, vapor americano Aransas, cap. Sstaples, trip. 32, tons. 687,;americano;Aransas;;;vapor;1890_04_24;Nueva-Orleans;;
Día 3:;;N/A:  | N/A:  | N/A: ;;;Ors;cap.;;;;;-Nueva-Orleans, en 3 días, vap. esp. Hernán Cortés, cap. Ors, trip. 60, tons. 2,112, á C. Blanch y;esp.;Hernán Cortés;;;vap.;1890_04_24;Nueva Orleans;;
Día 1:;;;;;Hanlon;cap.;;;;;-Tampa y Cayo-Hueso, en 1 días, vap. americano Mascotte, cap. Hanlon, trip. 42, tons. 520, con;americano;Mascotte;;;vap.;1890_04_24;Tampa y Cayo-Hueso;;
Día 23:;;N/A: ;;;Cok;cap.;;;;;Día 23: De Nueva-York, en 6 días, vapor inglés Indian Prince, cap. Cok, trip. 21, tons. 1,199, con carga general, á L. V. Placé.;inglés;Indian Prince;;;vapor;1890_04_25;Nueva-York;;
;;N/A: ;;;Brown;cap.;;;;;cap. Brown, trip. 9, tons. 467, con carbón, á G.;;;;;;1890_04_25;;;
;;;;;Pérez;cap.;;;;;de Herrera, cap. Pérez, trip. 55, tons. 564, con;;de Herrera;;;;1890_04_25;;;
Día 17:;;N/A: ;;;Mulde;cap.;;;;;-Filadelfia, en 17 días, berg. amer. Nellie E. Rumball, cap. Mulde, trip. 9, tons. 420, con carbón, á;amer.;Nellie E. Rumball;;;berg.;1890_04_25;Filadelfia;;
;;N/A: ;;;Oakes;cap.;;;;;Williams, cap. Oakes, trip, 8, tons. 387, con madera, á L. V. Placé.;;;;;;1890_04_25;;;
Día 13:;;N/A:  | N/A: ;;;García;cap.;;;;;-Cádiz y escalas, en 13 días, vapor correo español, Veracruz, cap. García, trip. 111, tons. 1,222,;español;Veracruz;;;vapor;1890_04_25;Cádiz;;
Día 24:;;N/A: ;;;Weeynes;cap.;;;;;Día 24: De Boston, en 13 días, gol. amer. Dione, cap. Weeynes, trip. 7, tons. 200, con madera, á Adams y Cp.;amer.;Dione;;;gol.;1890_04_26;Boston;;
Día 44:;;N/A:  | N/A:  | N/A: ;;;López;cap.;;;;;-Nueva-York, en 44 días, vapor-correo esp. Méndez Núñez, cap. López, trip. 77, tons. 1,315, con;esp.;Méndez Núñez;;;vapor-correo;1890_04_26;Nueva York;;
Día 8:;;N/A:  | N/A:  | N/A: ;;;Staples;cap.;;;;;-Matanzas, en 8 horas, vap. amer. Aransas, capitán Staples, trip. 33, tons. 678, con carga de tránito, Lawton y Hnos.;amer.;Aransas;;;vap.;1890_04_26;Matanzas;;
;;N/A: ;;;Lombard;cap.;;;;;cap. Lombard, trip. 8, tons. 433, con carbón, á;;;;;;1890_04_26;;;
Día 12:;;N/A: ;;;Abrisqueta;cap.;;;;;Matanzas, en 12 horas, vap. e p. Miguel . Pinillos, cap. Abrisqueta, trip 52, tons. 2.197, con;;Miguel . Pinillos;;;vap.;1890_04_27;Matanzas;;
;;;;;G. de Beotegui;cap.;;;;;cap. G. de Beotegui, trip. 22, tons. 1,754, con;;;;;;1890_04_29;;;
;;N/A: ;;;Bayers;cap.;;;;;cap. Bayers, trip. 10, tons. 570, con carbón, á L.;;;;;;1890_04_29;;;
Día 1:;;;;;Hanlon;cap.;;;;;-Tampa y Cayo-Hueso, en 1 días, vap. americano Mascotte, cap. Hanlon, trip. 42, tons. 520, en;americano;Mascotte;;;vap.;1890_04_29;Tampa y Cayo-Hueso;;
Día 27:;;;;;Larrauri;cap.;;;;;-Liverpool y escalas, en 27 días, vap. esp. Enrique, cap. Larrauri, trip. 45, tons. 1,5 1, con carga;esp.;Enrique;;;vap.;1890_05_01;Liverpool;;
;;;;;Allen;cap.;;;;;of Alexandría, cap. Allen, trip. 69, tons. 1,652,;;;;;;1890_05_01;Alexandría;;
;;;;;Mc Kay;cap.;;;;;Olivette, cap. Mc Kay, trip. 48, tons. 1,104, con;;Olivette;;;;1890_05_01;;;
Día 19:;19-05-YYYY;N/A:  | N/A:  | N/A: ;;;Baker;cap.;;;;;Día 19 de mayo: De Matanzas. en 6 días. vap. amer. Hutchinson, capitán Baker, tri. 34, tons. 1,492, con carga de;amer.;Hutchinson;;;vap.;1890_05_02;Matanzas;;
;;;;;Mc Kay;cap.;;;;;Olivette, cap. Mc Kay, trip. 48, tons. 1,104, en;;Olivette;;;;1890_05_04;;;
Día 4:;;N/A:  | N/A:  | N/A: ;;;Monteira;cap.;;;;;Día 4: De Trujillo, en 12 días. gol. esp. Condor, cap. Monteira, trip. 7, tons. 61, en lastre, á M. Suárez.;esp.;Condor;;;gol.;1890_05_06;Trujillo;;
Día 4:;;N/A: ;;;Hansen;cap.;;;;;-Nueva-York, en 4 días, vap. amer. Niágara, capitán Hansen, trip. 56, tons. 1,669, con carga general, á Hidalgo y Comp.;amer.;Niágara;;;vap.;1890_05_06;Nueva-York;;
;;N/A:  | N/A: ;;;Trochlich;cap.;;;;;Ascania, cap. Trochlich, trip. 36, tons. 1,487, con;;Ascania;;;;1890_05_06;;;
;;;;;Grifi;cap.;;;;;cap. Grifi, trip. 6, tons. 59, en lastre, á M. Saárez.;;;;;;1890_05_06;;;
Día 5:;;N/A:  | N/A:  | N/A: ;;;Resalt;cap.;;;;;-Nueva-York, en 5 días, vapor-correo esp. Vizcaya, cap. Resalt, trip. 75, tons. 1,568, con carga;esp.;Vizcaya;;;vapor-correo;1890_05_07;Nueva York;;
Día 6:;;N/A:  | N/A: ;;;Staples;cap.;;;;;Día 6: De Nueva-Orleans y escalas, en 4 días, vapor americano Aransas, cap. Staples, trip. 33, tons. 678,;americano;Aransas;;;vapor;1890_05_07;Nueva-Orleans;;
;;;;;Mc Kay;cap.;;;;;Olivette, cap. Mc Kay, trip. 48, tons. 1,104, en;;Olivette;;;;1890_05_08;;;
Día 8:;;N/A:  | N/A:  | N/A: ;;;Reynolds;cap.;;;;;Día 8: De Nueva-York, en 4 días, vap. amer. City of Washington, cap. Reynolds, trip. 66, tons. 1,649, con;amer.;City of Washington;;;vap.;1890_05_09;Nueva-York;;
;;N/A: ;;;Alsina;cap.;;;;;Figueras, cap. Alsina, trip. 14, tons. 499, con carga general, a Faber y Comp.;;;;;;1890_05_09;Figueras;;
Día 9:;;N/A: ;;;Stover;cap.;;;;;cap. Stover, trip. 9, tons. 429, con madera, á Santa María.;;;;;;1890_05_09;;;
Dia 8:;;;;;García;cap.;;;;;Dia 8: De Veracruz y escala, en 4 días, vapor-correo español Veracruz. cap. García, trip. 81, tons. 2,174,;español;Veracruz;;;vapor-correo;1890_05_10;Veracruz;;
;;N/A: ;;;Me Kay;cap.;;;;;cap. Me Kay, trip. 49, tons. 1,104, en lastre, á;;;;;;1890_05_10;;;
;;N/A: ;;;Moyer;cap.;;;;;cap. Moyer, trip. 8, tons. 49, con carga, á R. Truffin y Comp.;;;;;;1890_05_10;;;
;;N/A: ;;;Bonet;cap.;;;;;cap. Bonet, trip. 36, tons. 1 618, con carga general, á Deulofeu, hijo y Comp.;;;;;;1890_05_14;;;
Día 52:;;N/A: ;;;Gibernáu;cap.;;;;;-Buenos Aires y Ponce, en 52 días, berg. esp. Ventura, cap. Gibernáu, trip. 11, tons. 207, con tasajo, á la orden.;esp.;Ventura;;;berg.;1890_05_14;Buenos Aires y Ponce;;
Día 14:;;;;;Hanlon;cap.;;;;;Día 14: De Tampa y Cayo-Hueso, en 14 días, vap. americano Mascotte, cap. Hanlon, trip. 42, tons. 520, en;americano;Mascotte;;;vap.;1890_05_15;Tampa y Cayo-Hueso;;
Día 4:;;N/A: ;;;Mc Intosh;cap.;;;;;-Veracruz y escalas, en 4 días, vap. amer. Orizaba, cap. Mc Intosh, trip. 73, tons. 2,334, con carga general, á Hidalgo y Comp.;amer.;Orizaba;;;vap.;1890_05_15;Veracruz;;
;;N/A: ;;;Arozena;cap.;;;;;cap. Arozena, trip. 14, tons. 385, con carga general, á Martínez Méndez;;;;;;1890_05_15;;;
;;N/A: ;;;Muri;cap.;;;;;cap. Muri, trip. 12, tons. 636, con carga general,;;;;;;1890_05_15;;;
;;;;;Carmona;cap.;;;;;Condal, cap. Carmona, trip. 83, tons. 1,616, con;;Condal;;;;1890_05_16;;;
Día 2:;;N/A:  | N/A:  | N/A: ;;;Kersabiec;cap.;;;;;Veracruz, en 2 días, vapor francés Saint Germain, cap. Kersabiec, trip. 147, tons. 1,883, con;francés;Saint Germain;;;vapor;1890_05_16;Veracruz;;
;;N/A:  | N/A:  | N/A: ;;;Gorordo;cap.;;;;;Wifredo, cap. Gorordo, trip. 59, tons. 2 775, cou;;Wifredo;;;;1890_05_17;;;
Día 16:;;N/A:  | N/A: ;;;Goven;cap.;;;;;Día 16: De Sagua, en 1 día, vapor inglé: Coronilla, cap. Goven, trip. 20, tons. 875, con azúcar, á Hidalgo y;inglé;Coronilla;;;vapor;1890_05_17;Sagua;;
Día 17:;;N/A:  | N/A:  | N/A: ;;;Bengoa;cap.;;;;;Día 17: De Liverpool y escalas, en 20 días, vap. esp. Saturnina, cap. Bengoa, tons. 1,636, trip. 38, á Codes,;esp.;Saturnina;;;vap.;1890_05_21;Liverpool;;
;;;;;Honston;cap.;;;;;cap. Honston, tons. 1,175, trip. 24, á Higgins y;;;;;tons.;1890_05_21;;;
;;N/A: ;;;Llorca;cap.;;;;;"cap. Llorca, tons. 2,085, ""trip. 59, á C. Blanch y";;;;;;1890_05_21;;;
Día 7:;;N/A:  | N/A:  | N/A:  | N/A: ;;;Allen;cap.;;;;;-Nueva-York, en 7 días, vap. amer, City of Alexandría, cap. Allen, tons. 1,652, trip. 154, pasajeros 3, á Hidalgo y Comp.;amer;City of Alexandría;;;vap.;1890_05_21;Nueva-York;;
Día 40:;;N/A:  | N/A: ;;;Laporte;cap.;;;;;-Bremen y escalas, en 40 días, vapor francés Havre, cap. Laporte, tons. 2,662, trip. 45, á Dnssaq;francés;Havre;;;vapor;1890_05_21;Bremen;;
Día 19:;;N/A:  | N/A:  | N/A: ;;;Stevens;cap.;;;;;Día 19: De Nueva-York, en 4 días, vap. amer. Séneca, capitán Stevens, tons. 1,911, trip. 60, & Hidalgo y Cp;amer.;Séneca;;;vap.;1890_05_21;Nueva-York;;
;;N/A: ;;;Mc Keunn;cap.;;;;;cap. Mc Keunn, trip. 10, tons. 484, con madera,;;;;;;1890_05_21;;;
;;N/A:  | N/A:  | N/A: ;;;Arribas;cap.;;;;;Francisca, cap. Arribas, trip. 40, tons. 1,839, cca;;Francisca;;;;1890_05_21;;;
;;N/A: ;;;Suñol;cap.;;;;;cap. Suñol, trip. 11, tons. 247, con carga, á la orden.;;;;;;1890_05_22;;;
Día 13:;;;;;Hanlon;cap.;;;;;-Tampa y Cayo-Hueso, en 13 días, vap. americano Mascotte, cap. Hanlon, trip. 42, tons. 520, en;americano;Mascotte;;;vap.;1890_05_22;Tampa y Cayo-Hueso;;
;;N/A:  | N/A: ;;;Reynolds;cap.;;;;;Washington, cap. Reynolds, trip. 55, tons. 1,649,;;;;;;1890_05_22;Washington;;
Dia 21:;;;;;Stevens;cap.;;;;;Dia 21: Para Matanzas, vap. amer. Séneca, cap. Stevens.;amer.;Séneca;;;vap.;1890_05_22;Matanzas;;
;;;;;Bonet;cap.;;;;;-Matanzas, vap. esp. Pedro, cap. Bonet.;esp.;Pedro;;;vap.;1890_05_22;Matanzas;;
;;N/A: ;;;Gorordo;cap.;;;;;cap. Gorordo, trip. 58, tons. 2,765, con azúcar dé;;;;;;1890_05_23;;;
Día 5:;;N/A: ;;;Curtis;cap.;;;;;-Nueva-York, en 5 días, vap. amer. Yumuri, capitán Curtis, trip. 73, tons. 2,332, con carga general, á Hidalgo y Comp.;amer.;Yumuri;;;vap.;1890_05_23;Nueva York;;
Día 8:;;N/A: ;;;Baker;cap.;;;;;-Matanzas, en 8 horas, vap. amer. Hutchinson, capitán Baker, trip. 34, tons. 909, con carga de tránsito, á Lawton Hnos.o;amer.;Hutchinson;;;vap.;1890_05_23;Matanzas;;
;;N/A: ;;;Larrinaga;cap.;;;;;cap. Larrinaga, trip. 37, tons. 1, 82, con carga;;;;;;1890_05_24;;;
;;N/A:  | N/A: ;;;Venero;cap.;;;;;fonso XII, cap. Venero, trip. 13%, tons. 3,415,;;fonso XII;;;;1890_05_24;;;
Día 24:;;N/A:  | N/A: ;;;Hanlon;cap.;;;;;Día 24: De Tampa y Cayo-Hueso, eu 1 días, vap. americano Mascotte, cap. Hanlon, trip. 42, tone. 520, en;americano;Mascotte;;;vap.;1890_05_25;Tampa y Cayo-Hueso;;
Día 27:;;N/A: ;;;Dees;cap.;;;;;-Boston, en 27 días, berg. amer. John Swan, capitán Dees, trip. 10, tons. 685, con carbón, á G.;amer.;John Swan;;;berg.;1890_05_27;Boston;;
Día 25:;;;;;Servan;cap.;;;;;Día 25: Del Havre y escalas, en 26 días, vap. franc. Versailles, cap. Servan, trip. 130, tons. 2,177, con carga,;franc.;Versailles;;;vap.;1890_05_27;Del Havre;;
Día 26:;;N/A:  | N/A: ;;;Staples;cap.;;;;;Dia 26: De Nueva-Orleans y escalas, en 5 días, vapor americano Aransas, cap. Staples, trip. 33, tons. 678,;americano;Aransas;;;vapor;1890_05_28;Nueva-Orleans;;
;;N/A: ;;;Scott;cap.;;;;;Carrie, cap. Scott, trip. 20, tons. 860, con carga;;Carrie;;;;1890_05_28;;;
;;N/A: ;;;Pagés;cap.;;;;;Paula, cap. Pagés, trip. 12, tons. 316, con tasajo,;;Paula;;;;1890_05_28;;;
Día 46:;;N/A: ;;;Coll;cap.;;;;;á la orden. -Rosario y Montevideo, en 46 días, bca. esp. Paretons, cap. Coll, trip. 12, tons. 199, con tasajo, á;esp.;Paretons;;;bca.;1890_05_28;Rosario y Montevideo;;
Día 5:;;N/A: ;;;Leigthon;cap.;;;;;-Nueva-York, en 5 días, vap. amer. City of Columbia, cap. Leigthon, tons. 1,285, con carga general, á Hidalgo y Comp.;amer.;City of Columbia;;;vap.;1890_05_29;Nueva-York;;
Dia 28:;;;;;Hanlon;cap.;;;;;Dia 28: De Tampa y Cayo-Hueso, en 1 días, vap. americano Mascotte, cap. Hanlon, trip. 42, tons. 520, en;americano;Mascotte;;;vap.;1890_05_29;Tampa y Cayo-Hueso;;
Día 6:;;N/A: ;;;Albóniga;cap.;;;;;-Matanzas, en 6 horas, vap. esp. Alava. cap Albóniga, tons. 1,277, con carga de tránsito, á Codes, Loychate y Comp.;esp.;Alava;;;vap.;1890_05_29;Matanzas;;
Día 40:;;;;;;cap.;;;;;-Buenos Aires en 40 dias berg. esp. Marcelina, cap.;esp.;Marcelina;;;berg.;1890_05_29;Buenos Aires;;
;;N/A:  | N/A: ;;;Small;cap.;;;;;Lain, cap. Small, tons. 445, con maderas y carbón, á H. B. Hamel y y Cp,;;;;;;1890_05_29;;;
;;N/A: ;;;Carmona;cap.;;;;;Condal, cap. Carmona, tons. 1616, con carga ge;;Condal;;;;1890_05_29;;;
;;N/A: ;;;Linares;cap.;;;;;Murga, cap. Linares, tons. 296, con carga general, à Ignacio Amiel y Comp.;;;;;;1890_05_29;;;
Día 4:;;N/A: ;;;Mc Intosh;cap.;;;;;-Nueva-York, en 4 días, vap. amer. Orizaba, capitán Mc Intosh, trip. 62, tons. 1,860, con carga;amer.;Orizaba;;;vap.;1890_05_29;Nueva York;;
;;N/A:  | N/A: ;;;Urizar;cap.;;;;;esp. Murciano, cap. Urizar, trip. 37, tons. 1,552,;esp.;Murciano;;;;1890_06_01;;;
Día 6:;;N/A: ;;;Hausen;cap.;;;;;-Sagua y Matanzas, en 6 horas, vap. amer. Niágara, cap. Hausen, trip. 66, tons. 1,664, con azúcar;amer.;Niágara;;;vap.;1890_06_01;Sagua y Matanzas;;
;;;;;Llorca;cap.;;;;;de León, cap. Llorca, trip. 75, tons. 2,085, con;;;;;;1890_06_01;León;;
Día 1:;;;;;Hanlon;cap.;;;;;Tampa y Cayo-Hueso, en 1 días, vap. americano Mascotte, cap. Hanlon, trip. 42, tons. 520, en;americano;Mascotte;;;vap.;1890_06_01;Tampa y Cayo-Hueso;;
Día 1º:;01-06-YYYY;N/A: ;;;Cox;cap.;;;;;Día 1º de junio: De Nueva York. en 9 días, vapor inglé- Indian Prince, cap. Cox, trip. 21, tons. 1, 199, con carga general, á L. V. Placé.;inglé;Indian Prince;;;vapor;1890_06_03;Nueva York;;
;;N/A: ;;;Houland;cap.;;;;;cap. Houland, trip 7, tons. 263, con madera, á E.;;;;;;1890_06_03;;;
Día 2:;;N/A: ;;;Leighton;cap.;;;;;Día 2: De Nueva-York, en 4 días, vap. amer. Saratoga, capitán Leighton, trip. 61, tons. 1,692, con carga;amer.;Saratoga;;;vap.;1890_06_03;Nueva-York;;
Día 34:;;;;;Morris;cap.;;;;;-Santa Cruz de Tenerife, eu 34 días, vap, americano Minnin Abbe, cap. Morris, trip. 8, tons. 826,;americano;Minnin Abbe;;;vap;1890_06_03;Santa Cruz de Tenerife;;
Día 1:;;;;;Hanlon;cap.;;;;;-Tampa y Cayo-Hueso, en 1 días, vap. americano Mascotte, cap. Hanlon, trip. 42, tons. 520, en;americano;Mascotte;;;vap.;1890_06_05;Tampa y Cayo-Hueso;;
;;N/A: ;;;López;cap.;;;;;cap. López, trip. 66, tons. 1815, con carga general á M. Calvo y Comp.;;;;;;1890_06_05;;;
Día 4:;;;;;Reynolds;cap.;;;;;-Nueva York en 4 dias, vap. am. City of Washington, cap. Reynolds, trip. 55, tons. 1356 con;am.;City of Washington;;;vap.;1890_06_05;Nueva York;;
Día 14:;;N/A:  | N/A: ;;;Novellón;cap.;;;;;-Saint Nazaire y escalas en 14 días yap, franc, Lafayette, cap. Novellón, trip, 157, tons. 1774, con;franc;Lafayette;;;yap;1890_06_06;Saint Nazaire;;
;;N/A: ;;;Curtis;cap.;;;;;cap. Curtis, trip. 75, tons. 2,332, con carga general á Hidalgo y Cp.;;;;;;1890_06_06;;;
Día 5:;;;;;Leighton;cap.;;;;;Día 5: De Cárdenas, en 12 horas, vap. amer. Saratoga, capitán Leighton, trip. 61, tons. 1,692, con carga de;amer.;Saratoga;;;vap.;1890_06_07;Cárdenas;;
;;N/A: ;;;Dinsmore;cap.;;;;;cap. Dinsmore, trip. 10, tons. 507, con carga, á L.;;;;;;1890_06_07;;;
;;N/A: ;;;Serván;cap.;;;;;cap. Serván, trip. 130, tons. 2,217, con carga general, á Bridat, Mont' Ros y Comp.;;;;;;1890_06_07;;;
Día 6:;;;;;M.;cap.;;;;;Día 6: De Montevideo, en 47 días, berg. esp. Reus, cap. M.;esp.;Reus;;;berg.;1890_06_08;Montevideo;;
;;;;;Boddin;cap.;;;;;cap. Boddin, trip 3, tons. 30, en lastre, á Ferrán;;;;;;1890_06_08;;;
;;N/A: ;;;Cirarda;cap.;;;;;cap. Cirarda, trip. 39, tons. 2,132, con carga general, á Deulofeu, hijo y Comp;;;;;;1890_06_08;;;
Día 7:;;;;;Hanlon;cap.;;;;;Día 7: De Tampa y Cayo-Hueso, en 14 días, vap. americano Mascotte, cap. Hanlon, trip. 42, tons. 520, en;americano;Mascotte;;;vap.;1890_06_08;Tampa y Cayo-Hueso;;
Día 24:;;N/A: ;;;Gaoy;cap.;;;;;-Filadelfia, en 24 días, bca amer. Sarah A. Staples, cap. Gaoy, trip. 10, tons. 442, con carga general, á Barrios y Comp.;amer.;Sarah A. Staples;;;bca;1890_06_10;Filadelfia;;
Día 9:;;N/A: ;;;Stevens;cap.;;;;;Día 9: De Nueva-York, en 4 días, vap. amer. Séneca, capitán Stevens, trip. 46, tons. 1,911, con carga general, á Hidalgo y Comp.;amer.;Séneca;;;vap.;1890_06_10;Nueva-York;;
Día 9:;;;;;Tuells;cap.;;;;;-Ponce, en 9 días, berg. esp. Rosario, cap. Tuells,;esp.;Rosario;;;berg.;1890_06_11;Ponce;;
;;;;;Luzárraga;cap.;;;;;cap. Luzárraga, trip. 39, tons. 2,179, con carga;;;;;;1890_06_11;;;
Día 11:;;;;;Hanlon;cap.;;;;;Día 11: De Tampa y Cayo-Hueso, en 7 horas, vap. americano Mascotte, cap. Hanlon, trip. 42, tons. 520, en;americano;Mascotte;;;vap.;1890_06_12;Tampa y Cayo-Hueso;;
Día 14:;;N/A:  | N/A: ;;;Ludiwigo;cap.;;;;;-Pascagoula, en 14 días, bca amer. Mary Hasbrauk, cap. Ludiwigo, trip. 12, tons. 733, con;amer.;Mary Hasbrauk;;;bca;1890_06_12;Pascagoula;;
;;N/A: ;;;Rogers;cap.;;;;;cap. Rogers, trip. 22, tons. 978, con carbón, á L.;;;;;;1890_06_13;;;
Día 4:;;N/A: ;;;Hausen;cap.;;;;;-Nueva-York, en 4 días, vap. amer. Niágara, capitán Hausen, trip. 56, tons. 1,667, con carga general, á Hidaigo y Comp.;amer.;Niágara;;;vap.;1890_06_13;Nueva-York;;
Día 25:;;;;;Zabalandicochea;cap.;;;;;-Liverpool y escalas, en 25 días, vap. esp. Eúskaro, cap. Zabalandicochea, trip. 34, tons. 1,396,;esp.;Eúskaro;;;vap.;1890_06_13;Liverpool;;
Día 13:;;N/A: ;;;Gibernau;cap.;;;;;Día 13: De Bue os Aires, en 51 días, berg. esp. Lince, capitán Gibernau, trip. 11, tons. 306. con carga general, á J. Balcells y Comp.;esp.;Lince;;;berg.;1890_06_14;Bue os Aires;;
;;;;;Pérez;cap.;;;;;de Herrera, cap. Pérez, trip. 53, tons. 624, con;;de Herrera;;;;1890_06_14;;;
Día 14:;;;;;Hanlon;cap.;;;;;Día 14: De Tampa y Cayo-Hueso, en 1 días, vap. americano Mascotte, cap. Hanlon, trip. 42, tons. 520, en;americano;Mascotte;;;vap.;1890_06_15;Tampa y Cayo-Hueso;;
;;N/A:  | N/A: ;;;Cabada;cap.;;;;;Buenos Aires, cap. Cabada. trip. 138, tons. 3,761,;;;;;;1890_06_17;Buenos Aires;;
Día 4:;;N/A:  | N/A: ;;;Carmona;cap.;;;;;Nueva-York, en 4 días, vapor-correo esp. Ciudad Condal, cap. Carmona, trip. 81, tons. 1,616,;esp.;Ciudad Condal;;;vapor-correo;1890_06_17;Nueva-York;;
Día 17:;;N/A:  | N/A: ;;;Ray;cap.;;;;;Día 17: De Nueva-York, en 5 días, vap. amer. City of Columbia, cap. Ray, trip. 40, tons. 1,285, con carga general, & Hidalgo y Comp.;amer.;City of Columbia;;;vap.;1890_06_18;Nueva-York;;
Día 5:;;N/A:  | N/A: ;;;Staples;cap.;;;;;-Nueva-Orleans y escalas, en 5 días, vapor americano Aransas, cap. Staples, trip. 33, tons. 678,;americano;Aransas;;;vapor;1890_06_18;Nueva Orleans;;
;;N/A: ;;;Aldamiz;cap.;;;;;cap. Aldamiz, trip. 39, tons. 1,837, con carga general, á Deulofen, hijo y Comp.;;;;;;1890_06_19;;;
Día 1:;;;;;Hanlon;cap.;;;;;-Tampa y Cayo-Hueso, en 1 días, vap. americano Mascotte, cap. Hanlon, trip. 42, tons. 520, en;americano;Mascotte;;;vap.;1890_06_19;Tampa y Cayo-Hueso;;
;;N/A:  | N/A: ;;;Reynolds;cap.;;;;;Washington, cap. Reynolds, trip. 66, tons. 1,649,;;;;;;1890_06_19;Washington;;
Día 19:;;N/A:  | N/A: ;;;Venero;cap.;;;;;Día 19: De Veracruz y escalas, en 2 días, vapor-correo español Alfonso XIII, cap Venero, trip. 160, toneladas 3,585, con carga general, á M. Calvo y Comp. - Nueva-York, en 44 días. vap. amer. Yumuri, capitán Curtis, trip. 70, tons. 2,332. con carga general, á Hidalgo y Comp.;español;Alfonso XIII;;;vapor-correo;1890_06_20;Veracruz;;
;;N/A: ;;;Llorca;cap.;;;;;cap. Llorca, trip. 65, tons. 2,658, con carga general, á Codes, Loychate y Comp.;;;;;;1890_06_21;;;
Día 21:;;;;;Hanlon;cap.;;;;;Día 21: De Tampa y Cayo-Hueso, en 1 días, vap. americano Mascotte, cap. Hanlon, trip. 42, tons. 520, en;americano;Mascotte;;;vap.;1890_06_22;Tampa y Cayo-Hueso;;
;;;;;Brillouin;cap.;;;;;Bordeaux, cap. Brillouin, trip. 94, tons. 1830, con;;;;;;1890_06_22;Bordeaux;;
Día 26:;;N/A: ;;;Kiyes;cap.;;;;;-Nueva York en 26 días bergantin amer. Allanwilde, cap. Kiyes, trip. 10, tons. 606, con carbón,;amer.;Allanwilde;;;berg.;1890_06_24;Nueva York;;
Día 22:;;;;;Guerrica;cap.;;;;;-Liverpool y escalas en 22 días vapor esp. Palentino, cap. Guerrica, trip. 31, tons. 1456, con carga;esp.;Palentino;;;vapor;1890_06_24;Liverpool;;
Dia 25:;;N/A: ;;;Lachiondo;cap.;;;;;Dia 25: De Liverpool y esca'as en 19 días vapor español Guido, cap. Lachiondo, trip. 44, tons. 1274, con carga general, á Deulofen, hijo y Cp.;español;Guido;;;vapor;1890_06_26;Liverpool;;
Día 1:;;N/A:  | N/A: ;;;Hanlon;cap.;;;;;Tampa y Cayo-Hueso, en 1 días, vap. americano Mascotte, cap. Hanlon, trip. 42, tons, 520, en;americano;Mascotte;;;vap.;1890_06_26;Tampa y Cayo-Hueso;;
Día 25:;;N/A: ;;;Gill;cap.;;;;;Día 25: De Apalachicola, en 12 días, gol. amer. Scottia, capitán Gill, trip. 7, tons. 386, con madera, á R. P.;amer.;Scottia;;;gol.;1890_06_27;Apalachicola;;
Día 24:;;N/A:  | N/A:  | N/A: ;;;Welck;cap.;;;;;-Filadelfia, en 24 días, gol. amér. Donglas Dearborn, cap. Welck, trip. 10, tons. 1,124, con carga,;amér.;Donglas Dearborn;;;gol.;1890_06_27;Filadelfia;;
Día 4:;;N/A:  | N/A:  | N/A: ;;;Cunill;cap.;;;;;-Nueva-York, en 4 días, vapor-correo esp. Vizcaya, cap. Cunill, trip. 75, tons. 2,458, con carga;esp.;Vizcaya;;;vapor-correo;1890_06_27;Nueva York;;
Día 20:;;N/A: ;;;Munzo;cap.;;;;;Canar, cap. Munzo, trip. 20, tons. 1,028, con carga general, á Dassaq y Comp.;;;;;;1890_06_28;Canar;;
Día 28:;;N/A: ;;;Baker;cap.;;;;;Día 28: De Nueva-Orleans, en 5 días, vap. amer. Hutchinson, cap. Baker, trip. 84, tons. 909, con carga, &;amer.;Hutchinson;;;vap.;1890_06_29;Nueva-Orleans;;
Día 13:;;N/A:  | N/A: ;;;Hanlon;cap.;;;;;Tampa y Cayo-Hueso, en 13 días, vap. americano Mascotte, cap. Hanlon, trip. 42, tons. 520, con;americano;Mascotte;;;vap.;1890_06_29;Tampa y Cayo-Hueso;;
Día 28:;;;;;Nacher;cap.;;;;;Día 28: De Barcelona y escalas, en 28 días, vap. esp Cristóbal Colón, cap. Nacher, trip. 55, tons. 1,742, con;esp;Cristóbal Colón;;;vap.;1890_07_01;Barcelona;;
;;N/A: ;;;Wetherell;cap.;;;;;cap. Wetherell, trip. 24, tons. 1,074, con carga;;;;;;1890_07_01;;;
Día 4:;;N/A: ;;;Stevens;cap.;;;;;Nueva York, en 4 días, vap. amer. Séneca, capitán Stevens, trip. 50, tons. 1,911, con carga general, á Hidalgo y Comp.;amer.;Séneca;;;vap.;1890_07_01;Nueva York;;
Día 22:;;N/A:  | N/A: ;;;Bengochea;cap.;;;;;-Liverpool y escalas, en 22 días, vap. esp. Emiliano, cap. Bengochea, trip. 8%, tons. 1,489, con;esp.;Emiliano;;;vap.;1890_07_01;Liverpool;;
Dia 30:;;N/A:  | N/A: ;;;Jones;cap.;;;;;Dia 30: De Lobos de Afuera, en 104 días, hea. inglesa Eastern Monarh. cap. Jones, trip. 27 tons. 1709 con;inglesa;Eastern Monarh;;;hea.;1890_07_01;Lobos de Afuera;;
Día 19:;19-07-YYYY;;;;Garteiz;cap.;;;;;Día 19 de julio: De Hamburgo y escalas, en 36 días, vap. esp. Federico, cap. Garteiz, trip. 37, tons. 1,459, con carga;esp.;Federico;;;vap.;1890_07_02;Hamburgo;;
;;;;;Brillouin;cap.;;;;;deaux, cap. Brillouin, trip. 95, tons. 1.230, con;;deaux;;;;1890_07_03;;;
Día 1:;;;;;Hanlon;cap.;;;;;Din 2: De Tampa y Cayo-Hueso, en 1 días, vap. americano Mascotte, cap. Hanlon, trip. 42, tons. 520, en;americano;Mascotte;;;vap.;1890_07_03;Tampa y Cayo-Hueso;;
;;N/A: ;;;Curtis;cap.;;;;;rí, cap. Curtis, trip. 72, tons. 2,332, con carga, á;;rí;;;;1890_07_03;;;
Día 2:;;N/A:  | N/A:  | N/A: ;;;Reynolds;cap.;;;;;Día 2: De Nueva-York, en 4 días, vap. amer. City os Washington, cap Reynolds, trip. 55, tons. 1,619, con;amer.;City os Washington;;;vap.;1890_07_04;Nueva-York;;
;;N/A:  | N/A: ;;;Cox;cap.;;;;;Prince, cap. Cox, trip. 22, tons. 1,198, con petróarhan & L. V. Placé.;;Prince;;;;1890_07_04;;;
Día 5:;;;;;;cap.;;;;;Día 5: De Matanzas, en 12 horas, vap. amer. Séneca, cap.;amer.;Séneca;;;vap.;1890_07_06;Matanzas;;
Día 62:;;;;;;cap.;;;;;-Montevideo, en 62 dias. berg. esp. Vírgenes. cap.;esp.;Vírgenes;;;berg.;1890_07_06;Montevideo;;
Día 37:;;N/A:  | N/A: ;;;Carrau;cap.;;;;;Casasa, trip. 10, tons. 219, con tasajo, á L. Ruiz. -Barcelona en 37 días, bea. esp. Josefina, cap. Carrau, trip. 15, tons. 600, con carga general á Gener y Cp.;esp.;Josefina;;;bea.;1890_07_06;Barcelona;;
Día 1:;;;;;Hanlon;cap.;;;;;-Tampa y Cayo-Hueso, en 1 días, vap. americano Mascotte, cap. Hanlon, trip. 42, tons. 520, en;americano;Mascotte;;;vap.;1890_07_06;Tampa y Cayo-Hueso;;
Día 15:;;N/A:  | N/A: ;;;San Emeterio;cap.;;;;;-Santander y esc., en 15 días vap. esp. Reina María Cristina, cap. San Emeterio, trip. 136, tons.;esp.;Reina María Cristina;;;vap.;1890_07_06;Santander;;
;;N/A:  | N/A: ;;;de Kersavieck;cap.;;;;;Germain, cap. de Kersavieck. trip. 143, tons.;;;;;;1890_07_08;;;
;;N/A:  | N/A: ;;;Busch;cap.;;;;;Holsatia, cap. Busch, trip. 55, tons. 1,397, con;;Holsatia;;;;1890_07_08;;;
;;N/A: ;;;Moreno;cap.;;;;;cap. Moreno, trip. 72, tons. 1568, con carga general, á M. Calvo y Cp.;;;;;;1890_07_08;;;
Día 8:;;N/A: ;;;Kay;cap.;;;;;Día 8: De Nueva-York, en 5 días, vap. amer. City of Columbia, cap Kay, trip. 40, tons. 1,285, con carga;amer.;City of Columbia;;;vap.;1890_07_09;Nueva-York;;
Día 5:;;N/A:  | N/A:  | N/A: ;;;Staples;cap.;;;;;Nueva Orleans en 5 días, vapor americano Aransas, cap. Staples, trip. 34, tons. 678, con carga;americano;Aransas;;;vapor;1890_07_09;Nueva Orleans;;
;;N/A: ;;;López;cap.;;;;;Núñez, cap. López, trip. 76, tons. 1,315, con carga general, á M. Calvo y Cp.;;Núñez;;;;1890_07_09;;;
Día 8:;;N/A: ;;;Jaime;cap.;;;;;Día 8: De Santa Cruz de la Palma en 27 días, barca española María, cap. Jaime, trip. 16, tons. 239, con carga general, á A Serpa..;española;María;;;barca;1890_07_10;Santa Cruz de la Palma;;
Día 9:;;;;;Hanlon;cap.;;;;;Día 9: De Tampa y Cayo-Hueso, en 13 días, vap. americano Mascotte, cap. Hanlon, trip. 42, tons. 520, en;americano;Mascotte;;;vap.;1890_07_10;Tampa y Cayo-Hueso;;
Día 89:;;N/A:  | N/A: ;;;Curell;cap.;;;;;-Barcelona y Torrevieja en 89 días, bea. española Esmeralda, cap. Curell, trip 13, tons. 612, con;española;Esmeralda;;;bea.;1890_07_10;Barcelona y Torrevieja;;
;;N/A: ;;;Harding;cap.;;;;;cap. Harding, trip. 10, tons. 372, con carbón, á;;;;;;1890_07_11;;;
Día 9:;;N/A: ;;;Gerhan;cap.;;;;;-De la Filadelfia en 9 días, vap. ing. Prior, capitán Gerhan, trip. 25, tons. 1053, con carbón, á L.;ing.;Prior;;;vap.;1890_07_11;Filadelfia;;
;;N/A: ;;;Garriga;cap.;;;;;cap. Garriga, trip. 14, tons. 482, con carga, á Jané y Cp.;;;;;;1890_07_11;;;
;;N/A:  | N/A: ;;;Ray;cap.;;;;;cap. Ray, trip. 40, tons. 1285, con carga de tránsito, & Hidalgo y Cp.;;;;;;1890_07_13;;;
Día 12:;;;;;Rogers;cap.;;;;;Día 12: De Filadelfia en 7 días, vap. ing. Wilo, cap. Rogers,;ing.;Wilo;;;vap.;1890_07_13;Filadelfia;;
Día 1:;;;;;Hanlon;cap.;;;;;-Tampa y Cayo-Hueso, en 1 días, vap. americano Mascotte, cap. Hanlon, trip. 42, tons. 520, en;americano;Mascotte;;;vap.;1890_07_13;Tampa y Cayo-Hueso;;
Día 28:;;;;;Aldanaiz;cap.;;;;;-Liverpool y escalas en 28 días, vap. esp. Carolina, cap. Aldanaiz, trip. 39, tons. 1850, con carga;esp.;Carolina;;;vap.;1890_07_13;Liverpool;;
Día 27:;;N/A: ;;;González;cap.;;;;;-Canarias en 27 d'as, bca. esp. Felicia, cap. González. trip. 16, tons. 800, con carga general, á;esp.;Felicia;;;bca.;1890_07_15;Canarias;;
Día 14:;;;;;Leighton;cap.;;;;;Día 14: De Nueva York en 44 días, vap. amer. Saratoga, capitán Leighton, trip. 61, tons. 1692, con carga;amer.;Saratoga;;;vap.;1890_07_15;Nueva York;;
Día 5:;;N/A: ;;;Cunill;cap.;;;;;-Veracruz en 5 días, vap. esp. Vizcaya, cap. Cunill, trip. 75, tons. 1568, con carga general, á M.;esp.;Vizcaya;;;vap.;1890_07_15;Veracruz;;
;;N/A:  | N/A: ;;;González;cap.;;;;;Fama de Canarias, cap. González, trip. 17, tons.;;Fama de Canarias;;;;1890_07_16;;;
;;N/A: ;;;Bayona;cap.;;;;;cap. Bayona, trip. 78, tons. 3595, con carga general, á M. Calvo y Cp.;;;;;;1890_07_16;;;
Día 25:;;;;;Goicohechea;cap.;;;;;-Liverpool y escalas en 25 días, vap. esp. Gaditano, cap. Goicohechea, trip. 35, tons. 1710, con;esp.;Gaditano;;;vap.;1890_07_16;Liverpool;;
Día 16:;;;;;García;cap.;;;;;Día 16: De Cádiz y escalas en 15 días, vap. correo esp. Verecruz, cap. García, trip. 111, tons. 1622, con carga;esp.;Verecruz;;;vap.;1890_07_17;Cádiz;;
;;N/A: ;;;Amigó;cap.;;;;;cap. Amigó, trip. 20, tons. 1111, con carga general á Jané y Cp.;;;;;;1890_07_17;;;
;;N/A:  | N/A: ;;;Hanlon;cap.;;;;;Mascotte, cap. Hanlon, trip. 42, tons. 520, en lastre, á Lawton y Hno.;;Mascotte;;;;1890_07_17;;;
;;;;;Reynolds;cap.;;;;;Washington, cap. Reynolds, trip. 66, tons. 1649,;;;;;;1890_07_17;Washington;;
Día 16:;;N/A: ;;;Ormachea;cap.;;;;;Día 16: De Cárdenas, en 1 día, vap. esp. Catalán, cap. Ormachea, trip. 26, tons. 976, con carga de tránsito,;esp.;Catalán;;;vap.;1890_07_18;Cárdenas;;
Día 5:;;;;;Baker;cap.;;;;;Ditt 17: De Nueva Orleans y escalas, en 5 días, vapor americano Morgan, cap. Baker, trip. 32, tons. 537, con;americano;Morgan;;;vapor;1890_07_18;Nueva Orleans;;
Día 4:;;N/A: ;;;Curtis;cap.;;;;;-Nueva York, en 4 días, vap. amer. Yumuri, capitán Curtis, trip. 72, tons. 2,332, con carga general, á Hidalgo y Comp.;amer.;Yumuri;;;vap.;1890_07_18;Nueva York;;
;;N/A: ;;;Wyhne;cap.;;;;;cap. Wyhne, trip. 26, tons. 1,236, con carbón, á;;;;;;1890_07_18;;;
;;;;;Hanlon;cap.;;;;;lascotte, cap. Hanlon, trip. 42, tons. 520, en lasre, á Lawton y Hno.;;;;;lascotte;1890_07_20;;;
Día 19:;;;;;Wade;cap.;;;;;Día 19: De Londres y escalas, en 25 días, vapor inglés Stanmors, cap. Wade, trip. 27, tons. 1,269, con carga;inglés;Stanmors;;;vapor;1890_07_22;Londres;;
Día 20:;;;;;Martí;cap.;;;;;Día 20: De Ajó, en 50 días, berg. esp. Gustavo, cap. Martí,;esp.;Gustavo;;;berg.;1890_07_22;Ajó;;
Día 21:;;N/A: ;;;Stevens;cap.;;;;;Día 21: De Nueva-York, en 4 días, vap. amer. Séneca, capitán Stevens, trip. 50, tons. 1,911, con carga general, á Hidalgo y Comp.;amer.;Séneca;;;vap.;1890_07_22;Nueva-York;;
;;N/A: ;;;Camberno;cap.;;;;;Iquem, cap. Camberno, trip. 93, tons. 3,108, com;;Iquem;;;;1890_07_22;;;
Día 22:;;;;;Gandiller;cap.;;;;;Día 22: De Amberes y escalas, en 35 días, vapor francés Bordeaux, cap. Gandiller, trip. 7, tons. 2,662, con;francés;Bordeaux;;;vapor;1890_07_23;Amberes;;
;;N/A: ;;;Kirk;cap.;;;;;Lain, cap. Kirk, trip. 6, tons. 545, con madera, á;;Lain;;;;1890_07_23;;;
;;N/A: ;;;Hanlon;cap.;;;;;Mascotte, cap. Hanlon, trip. 42, tons. 520, en  lastre, á Lawton y Hno.;;Mascotte;;;;1890_07_24;;;
Día 23:;;;;;Mc Intosh;cap.;;;;;Día 23: De Nueva York, en 4 días, vap. amer. Orizaba, capitán Mc Intosh, trip 74, tons. 2,334, con carga;amer.;Orizaba;;;vap.;1890_07_25;Nueva York;;
Día 21:;;N/A:  | N/A: ;;;Staples;cap.;;;;;Día 21: De Nueva Orleans y escalas, en 5 días, vapor americano Aransas, cap. Staples, trip. 33, tons. 678,;americano;Aransas;;;vapor;1890_07_25;Nueva Orleans;;
Día 4:;;N/A:  | N/A:  | N/A: ;;;Hausen;cap.;;;;;-Veracruz y escalas, en 4 días, vap. amer. Niágara, cap. Hausen, trip. 65, tons. 1,667, con carga;amer.;Niágara;;;vap.;1890_07_25;Veracruz;;
;;;;;Penzol;cap.;;;;;Montevideo, cap. Penzol, trip. 133, tons. 5,296,;;;;;;1890_07_25;Montevideo;;
Día 26:;;N/A:  | N/A:  | N/A: ;;;López;cap.;;;;;Día 26: De Nueva-York, en 5 días, vapor-correo esp. Méndez Núñez, cap. López, trip. 76, tons. 1,315, con;esp.;Méndez Núñez;;;vapor-correo;1890_07_27;Nueva-York;;
Día 12:;;N/A: ;;;Stevens;cap.;;;;;carga general, á M. Calvo y Comp. - -Matanzas, en 12 horas, vap. amer. Séneca, capitán Stevens, trip. 50, tons. 1,911, con carga de;amer.;Séneca;;;vap.;1890_07_27;Matanzas;;
;;N/A:  | N/A: ;;;Hanlon;cap.;;;;;Mascotte, cap. Hanlon, trip. 42, tons. 520, en lastre, á Lawton y Hno.;;Mascotte;;;;1890_07_27;;;
Día 26:;;;;;Diaz;cap.;;;;;Día 26: De Ponce, en 36 días, berg. esp. Sensat. cap. Diaz,;esp.;Sensat;;;berg.;1890_07_29;Ponce;;
;;N/A: ;;;Larrauri;cap.;;;;;cap. Larrauri, trip 39, tons. 1,581, con carga general, á Deulofeu, hijo y Comp.;;;;;;1890_07_29;;;
Día 28:;;N/A: ;;;Hendon;cap.;;;;;Día 28: De Luxemburg en 32 días, berg. ing. Carrick, capitán Hendon, trip. 7, tons. 314, con madera, á D.;ing.;Carrick;;;berg.;1890_07_29;Luxemburg;;
Día 29:;;;;;Ray;cap.;;;;;Día 29: De Nueva-York, en 5 días, vap. amer. City of Columbia, cap. Ray, trip. 41, tons. 1,285, con carga;amer.;City of Columbia;;;vap.;1890_07_30;Nueva-York;;
Día 25:;;;;;Arribi;cap.;;;;;-Liverpool y escalas, en 25 días, vap. eep. Francisca, cap. Arribi, trip. 39, tons. 1,859, con carga;;Francisca;;;vap.;1890_07_31;Liverpool;;
Día 4:;;N/A:  | N/A:  | N/A: ;;;Reynolds;cap.;;;;;-Nueva-York, en 4 días, vap. amer. City of Washington, cap. Reynolds, trip. 56, tons. 1,619, con;amer.;City of Washington;;;vap.;1890_08_01;Nueva York;;
Día 31:;;N/A:  | N/A:  | N/A: ;;;Curtis;cap.;;;;;Día 31: De Veracruz y escalas, en 3 días, vap. amer. Yumurí, cap. Curtis, trip. 72, tons. 2,332, con carga;amer.;Yumurí;;;vap.;1890_08_01;Veracruz;;
Día 2:;;N/A:  | N/A:  | N/A: ;;;Ray;cap.;;;;;Día 2: De Sagua, en 1 día, vap. amer. City of Columbia, capitán Ray, trip. 45, tons. 1,285, con carga de;amer.;City of Columbia;;;vap.;1890_08_03;Sagua;;
;;N/A:  | N/A: ;;;Reessing;cap.;;;;;Croatia, cap. Reessing, trip. 46, tons. 1,486, con;;;;;trip.;1890_08_03;Croatia;;
;;N/A:  | N/A: ;;;Hanlon;cap.;;;;;Mascotte, cap. Hanlon, trip. 42, tons. 520, en lastre, á Lawton y Hno.;;Mascotte;;;;1890_08_03;;;
Día 4:;;;;;;;;;;;-De Veracruz en 4 dias, vapor francés Chateau;francés;Chateau;;;vapor;1890_08_03;Veracruz;;
;;;;;Camberno;cap.;;;;;Iquem, cap. Camberno, trip. 93, tons. 3108, con;;Iquem;;;;1890_08_03;;;
Día 4:;;;;;Leighton;cap.;;;;;Día 4: De Nueva-York, en 4 días, vap. amer. Saratoga, capitán Leighton, trip. 66, tons. 1,692, con carga,;amer.;Saratoga;;;vap.;1890_08_05;Nueva-York;;
Día 4:;;;;;Cunill;cap.;;;;;Día 4: De Nueva-York, en 5 días, vapor-correo esp. Vizcaya, cap. Cunill, trip. 78, tons. 1,568, con carga;esp.;Vizcaya;;;vapor-correo;1890_08_06;Nueva-York;;
;;N/A:  | N/A: ;;;Laurent;cap.;;;;;Washington, cap. Laurent, trip. 152, tons. 1,543,;;;;;;1890_08_06;Washington;;
Día 15:;;N/A:  | N/A:  | N/A: ;;;Luzárraga;cap.;;;;;-Lizerpool y escalas, en 15 días, vap. esp. Santanderino, cap. Luzárraga, trip. 39, tons. 1,910, com;esp.;Santanderino;;;vap.;1890_08_06;Lizerpool;;
Día 5:;;;;;Baker;cap.;;;;;Día 5: De Nueva-Orleans y escalas, en 5 días, vapor americano Morgan, cap. Baker, trip. 32, tons. 537, con;americano;Morgan;;;vapor;1890_08_07;Nueva-Orleans;;
Día 6:;;N/A: ;;;Cots;cap.;;;;;Día 6: De New Castrol, en 7 días, vapor inglés Indian Prince, cap. Cots, trip. 21, tons. 1,198, con carga, á;ing.;Indian Prince;;;vapor;1890_08_07;New Castrol;;
;;N/A: ;;;Anderson;cap.;;;;;cap. Anderson, trip. 22, tons. 907, con carga, á;;;;;;1890_08_07;;;
;;N/A:  | N/A: ;;;Hanlon;cap.;;;;;Mascotte, cap. Hanlon, trip. 42, tons. 520, en lastre, á Lawton y Hno.;;Mascotte;;;;1890_08_07;;;
;;;;;Mc Intosh;cap.;;;;;cap. Mc Intosh, trip. 73, tons. 2,334, con carga;;;;;;1890_08_08;;;
Día 7:;;N/A: ;;;Hausen;cap.;;;;;Día 7: Du Naura Yurky on baras, vap. amer. Niágara, capitán Hausen, trip. 60, tons. 1,667, con carga general, á Hidalgo y Comp.;amer.;Niágara;;;vap.;1890_08_09;;;
Día 5:;;N/A:  | N/A: ;;;Leighton;cap.;;;;;tonio Janer, cap. Diez, trip. 17, tons. 860, con tasajo, á Jané y Comp. - Cárdenas y Matanzas, en 5 horas del último, vapor amer. Saratoga, cap. Leighton, trip. 61, toneladas 1,692, con carga, á Hidalgo y Comp.;amer.;Saratoga;;;vapor;1890_08_10;Cárdenas y Matanzas;;
;;N/A:  | N/A: ;;;Chaster;cap.;;;;;cap. Chaster, tip, 10, tons. 105, en lastre, á Luis;;;;;tip;1890_08_12;;;
;;N/A: ;;;H. S.;cap.;;;;;cap. H. S. Joshin, trip. 2, tons. 185, con carbón,;;Joshin;;;;1890_08_12;;;
Día 11:;;N/A: ;;;Stevens;cap.;;;;;Día 11: De Nueva York, en 4 días, vap. amer. Séneca, capitán Stevens, trip. 75, tons. 1,911, con carga general, á Hidalgo y Comp.;amer.;Séneca;;;vap.;1890_08_12;Nueva York;;
;;N/A: ;;;Garteiz;cap.;;;;;cap. Garteiz, trip. 39, tons. 1,772, con carga, á;;;;;;1890_08_13;;;
Día 12:;;;;;Grancies;cap.;;;;;Día 12: De Tuxpan (Méjico) en 30 días, bergantín ing. Nellies, cap. Grancies, trip. 9, tons. 262, con carga;ing.;Nellies;;;bergantín;1890_08_13;Tuxpan (Méjico);;
;;N/A: ;;;Bonet;cap.;;;;;cap. Bonet, trip. 30, tons. 1,618, con carga general, á Deulofeu, hijo y Comp.;;;;;;1890_08_13;;;
;;N/A:  | N/A: ;;;Hanlon;cap.;;;;;Mascotte, cap. Hanlon, trip. 42, tons. 520, en lastre, á Lawton y Hno.;;Mascotte;;;;1890_08_14;;;
;;N/A: ;;;Reynolds;cap.;;;;;ton, cap. Reynolds, trip. 64, tons. 1,619, con carga, á Hidalgo y Comp.;;;;;;1890_08_14;;;
Día 4:;;N/A: ;;;Curtis;cap.;;;;;-Nueva-York, en 4 dias, vap. amer. Yumuri, capitán Curtis, trip. 70, tons. 2,332, con carga, á Hidalgo y Comp.;amer.;Yumuri;;;vap.;1890_08_15;Nueva York;;
Día 4:;;N/A:  | N/A:  | N/A: ;;;Staples;cap.;;;;;-Nueva-Orleans y escalas, en 4 días, vapor americano Aransas, cap. Staples, trip. 39, tons. 678, á;americano;Aransas;;;vapor;1890_08_15;Nueva Orleans;;
;;N/A: ;;;Dinsmore;cap.;;;;;cap. Dinsmore, trip. 10, tons. 508, con madera y;;;;;;1890_08_16;;;
Día 15:;;N/A:  | N/A:  | N/A: ;;;Laurent;cap.;;;;;Día 15: De Veracruz en 4 días, vap. francés Washington, capitán Laurent, trip. 153, tons. 1,548, con carga, á;francés;Washington;;;vap.;1890_08_17;Veracruz;;
;;N/A: ;;;Hanlon;cap.;;;;;Mascotte. cap. Hanlon, trip. 42, tons. 520,  con  efectos, á Lawton y Hno.;;Mascotte;;;;1890_08_17;;;
;;;;;Rodríguez;cap.;;;;;María Luisa, cap. Rodríguez, trip. 17, tons. 272,;;María Luisa;;;;1890_08_17;;;
Día 18:;;N/A:  | N/A: ;;;Neil;cap.;;;;;Día 18: De Pascagoula, en 10 días, berg. inglés Trygre, capitán Neil, trip. 7, tons. 220, con madera, á Vidal y;ing.;Trygre;;;berg.;1890_08_19;Pascagoula;;
Día 18:;;N/A:  | N/A: ;;;Sewan;cap.;;;;;-Havre y escalas en 18 días, vapor francés Versalles, cap. Sewan, trip 130, tons. 2217 con carga;francés;Versalles;;;vapor;1890_08_19;Havre;;
Día 19:;;;;;Ray;cap.;;;;;Día 19: De Nueva-York, en 4 días, vap. amer. City of Columbia, cap. Ray, trip. 40, tons. 1,285, con carga;amer.;City of Columbia;;;vap.;1890_08_20;Nueva-York;;
;;;;;Carmona;cap.;;;;;Condal. cap. Carmona, trip. 81, tons. 1,616, con;;Condal;;;;1890_08_20;;;
Día 19:;;;;;Diez;cap.;;;;;Dia 19: De Matanzas, en 6 horas vapor esp. Miguel M. Pinillos, cap. Diez, trip. 51, tons. 2124, con carga de;esp.;Miguel M. Pinillos;;;vapor;1890_08_21;Matanzas;;
;;N/A: ;;;Carballo;cap.;;;;;cap. Carballo, tri. 5, tons. 39, con madera, á L,;;;;;tri.;1890_08_21;;;
Día 25:;;;;;Bengoa;cap.;;;;;-Liverpool y escalas, en 25 días vapor español Saturnina, cap. Bengoa, trip. 32, tons. 1786, con;español;Saturnina;;;vapor;1890_08_21;Liverpool;;
Día 20:;;N/A: ;;;Mc Intosh;cap.;;;;;Día 20: De Nueva York, en 4 días, vap. amer. Orizaba, capitán Mc Intosh, trip. 9, tons. 2,334, con carga, á;amer.;Orizaba;;;vap.;1890_08_22;Nueva York;;
;;;;;Arribalzaga;cap.;;;;;cap. Arribalzaga, trip. 35, tons. 1,615, con carga;;;;;;1890_08_22;;;
;;N/A: ;;;Rosell;cap.;;;;;cap. Rosell, trip. 11, tons. 211, con tasajo, á Cano;;;;;;1890_08_23;;;
;;N/A: ;;;Roldas;cap.;;;;;cap. Roldas, trip. 14, tons. 575, con tasajo á;;;;;;1890_08_24;;;
;;N/A: ;;;Hausen;cap.;;;;;cap. Hausen, trip. 60, tons. 1667, con carga á Hidalgo y Ca;;;;;;1890_08_24;;;
;;;;;Hanlon;cap.;;;;;Mascotte, cap. Hanlon, trip. 42, tons. 520, con;;Mascotte;;;;1890_08_24;;;
Día 1:;;N/A: ;;;Ray;cap.;;;;;-Sagua en 1 dia, vap. amer. City of Columbia, capiqán Ray, trip. 41, tons. 1285, con carga á Hidalgo y Ca;amer.;City of Columbia;;;vap.;1890_08_24;Sagua;;
;;N/A: ;;;Haevecker;cap.;;;;;Holstein, cap. Haevecker, trip. 26, tons. 1,103,;;Holstein;;;;1890_08_26;;;
Día 23:;;N/A:  | N/A:  | N/A: ;;;Schlossmann;cap.;;;;;-Londres y Amberes, en 23 días, vap. inglés Scotsman, cap. Schlossmann, trip. 23, tons. 2,115, con;inglés;Scotsman;;;vap.;1890_08_26;Londres y Amberes;;
Día 25:;;;;;Leighton;cap.;;;;;Día 25: De Nueva York, en 4 días, vap. amer Saratoga, capitán Leighton, trip. 62, tons. 1,356, con carga;amer;Saratoga;;;vap.;1890_08_26;Nueva York;;
;;N/A: ;;;Abril;cap.;;;;;cap. Abril, trip. 16, tons. 684, con carga general,;;;;;;1890_08_27;;;
;;N/A:  | N/A: ;;;Abrisqueta;cap.;;;;;Wifredo, cap. Abrisqueta, trip. 50. tons. 2765,;;Wifredo;;;;1890_08_27;;;
;;;;;Hanlon;cap.;;;;;Mascotte, cap. Hanlon, trip. 42, tons. 520, en;;Mascotte;;;;1890_08_28;;;
;;N/A:  | N/A: ;;;Loring;cap.;;;;;cap. Loring, trip. 6, tons. 860: con carbón y madera, á H. B. Hamel.;;;;;;1890_08_28;;;
Día 4:;;N/A: ;;;Allen;cap.;;;;;-Nueva-York en 4 días vap. amer. City of Washistong, cap. Allen, trip. 70, tons. 1,649: con carga, á Hidalgo y Ca;amer.;City of Washistong;;;vap.;1890_08_28;Nueva-York;;
Día 28:;;;;;Curtis;cap.;;;;;Día 28: De Veracruz y escalas, en 4 días, vap. amer. Yamarí, cap. Curtis, trip. 72, tons. 2,332, con carga;amer.;Yamarí;;;vap.;1890_08_29;Veracruz;;
Día 19:;19-09-YYYY;N/A: ;;;Stevens;cap.;;;;;Dia 19 de septiembre: De Nueva York, en 4 días, vap. amor. Séneca, capitán Stevens, trip. 56, tons. 1,911, con carga general, á Hidalgo y Comp.;amor.;Séneca;;;vap.;1890_09_03;Nueva York;;
;;;;;Hanlon;cap.;;;;;Mascotte, cap. Hanlon, trip. 42, tons. 520, con;;Mascotte;;;;1890_09_04;;;
Día 6:;;;;;Cunill;cap.;;;;;-La Guaira y Cuba, en 6 días, vapor-correo español Vizcaya, cap. Cunill, trip 78, tons. 2,458, con;español;Vizcaya;;;vapor-correo;1890_09_05;La Guaira y Cuba;;
Día 5:;;N/A:  | N/A: ;;;Staples;cap.;;;;;-Nueva-Orleans y escalas, en 5 días, vapor americano Aransas, cap. Staples, trip. 32, tons. 678,;americano;Aransas;;;vapor;1890_09_05;Nueva Orleans;;
;;N/A: ;;;Nouvellón;cap.;;;;;Lafayette, cap. Nouvellón, tríp. 13, tons. 1,774,;;Lafayette;;;tríp.;1890_09_05;;;
;;N/A: ;;;Warren;cap.;;;;;cap. Warren, trip. 13, tons. 1,163, con guano, á;;;;;;1890_09_05;;;
;;N/A:  | N/A: ;;;Schroetter;cap.;;;;;Borusia, cap. Schroetter, trip. 44, tons. 1,306, con;;Borusia;;;;1890_09_05;;;
Día 4:;;N/A: ;;;López;cap.;;;;;Día 4: De Nueva-York, en 5 días, vapor-correo esp. Méndez Núñez, cap. López trip. 79, tons. 1,315, con;esp.;Méndez Núñez;;;vapor-correo;1890_09_06;Nueva-York;;
;;;;;Llorca;cap.;;;;;de León, cap. Llorca, trip. 55, tons. 2,085, con;;;;;;1890_09_06;León;;
;;N/A: ;;;Cirarda;cap.;;;;;cap. Cirarda, trip. 39, tons. 2,122, con carga general, á Deulofeu, hijo y Comp.;;;;;;1890_09_07;;;
;;;;;Hanlon;cap.;;;;;Mascotte, cap. Hanlon, trip. 42, tons. 520, en;;Mascotte;;;;1890_09_07;;;
;;N/A: ;;;Arocena;cap.;;;;;cap. Arocena, trip. 13, tons. 385, con carga general, á la orden.;;;;;;1890_09_07;;;
Día 7:;;N/A: ;;;Stevens;cap.;;;;;Día 7: De Caibarián, en 17 horas, vap. amer. Séneca, capitán Stevens, trip. 49, tons. 1,911, con carga general, á Hidalgo y Comp. -Halifax, en 7 días, vapor inglés Beta, cap. Smith,;amer.;Séneca;;;vap.;1890_09_09;Caibarián;;
Día 9:;;N/A: ;;;Burley;cap.;;;;;Día 9: De Nueva York, en 5 días, vap. mer. Niágara, capitán Burley, trip. 55, tons. 1,661, con carga general, á Hidalgo y Comp.;;mer. Niágara;;;vap.;1890_09_10;Nueva York;;
Día 11:;;N/A: ;;;Curtis;cap.;;;;;Día 11: De Nueva-York, en 4 días, vap. amer. Yumuri, capitán Curtis, trip. 73, tons. 2,332, con carga general, á Hidalgo y Comp.;amer.;Yumuri;;;vap.;1890_09_12;Nueva-York;;
;;;;;Allen;cap.;;;;;Washington, cap. Allen, trip. 69, tons. 1,649, con;;;;;;1890_09_12;Washington;;
Día 12:;;N/A: ;;;La Porte;cap.;;;;;Día 12: De Amberes y escalas, en 27 días, vapor francés Havre, cap. La Porte, trip. 42, tons. 2,662, con carga general, á Dussaq y Comp.;francés;Havre;;;vapor;1890_09_13;Amberes;;
;;N/A: ;;;Cisa;cap.;;;;;cap. Cisa trip. 12, tons. 292, con tasajo, á J.;;;;;;1890_09_13;;;
;;;;;Hanlon;cap.;;;;;Mascotte, cap. Hanlon, trip. 42, tons. 520, en;;Mascotte;;;;1890_09_14;;;
;;N/A: ;;;Lachiondo;cap.;;;;;cap. Lachiondo, trip. 40, tons. 2,064, con carga, &;;;;;;1890_09_14;;;
Día 14:;;N/A:  | N/A:  | N/A: ;;;Uriza;cap.;;;;;Día 14: De Liverpool y escalas, en 17 díse, vap esp Murciano, cap. Uriza. trip. 37,  tons. 1,152, con carga;esp;Murciano;;;vap;1890_09_16;Liverpool;;
;;;;;Burley;cap.;;;;;amer. Niágara, cap. Burley, trip. 55,  tons. 1,667,;amer.;Niágara;;;;1890_09_16;;;
Día 4:;;N/A:  | N/A:  | N/A: ;;;Leighton;cap.;;;;;Nueva-York. en 4 días, vap. amer. Saratoga, capitán Leighton, trip. 62, tons. 1,692, con carga ,;amer.;Saratoga;;;vap.;1890_09_16;Nueva-York;;
;;N/A:  | N/A: ;;;Cebada;cap.;;;;;Buenos Aires, cap. Cebada, trip. 131, tons. 3,764,;;;;;;1890_09_17;Buenos Aires;;
;;;;;Baker;cap.;;;;;Hutchinson, cap. Baker, trip. 33, tons. 909, con;;Hutchinson;;;;1890_09_17;;;
;;;;;Carmona;cap.;;;;;Condal, cap. Carmona, trip. 81, tons. 1,616, con;;Condal;;;;1890_09_17;;;
;;;;;Larrinaga;cap.;;;;;cap. Larrinaga, trip. 39, tons. 3,703, con carga;;;;;;1890_09_18;;;
;;;;;Hanlon;cap.;;;;;Mascotto, cap. Hanlon, trip. 42, tons. 520, con;;Mascotto;;;;1890_09_18;;;
Día 18:;;;;;Me Intosh;cap.;;;;;Día 18: De Nueva-York, en 4 días, vap. amer. Orizaba, capitán Me Intosh, trip. 72, tons. 2,334, con carga,;amer.;Orizaba;;;vap.;1890_09_19;Nueva-York;;
Día 19:;;N/A: ;;;Arribalzaga;cap.;;;;;Día 19: De Sagus, en 1 día, vap. esp. Gallego, cap. Arribalzaga, trip. 35, tons. 1,515, con azúcar de tránsito,;esp.;Gallego;;;vap.;1890_09_21;Sagus;;
Día 20:;;;;;Cambernon;cap.;;;;;Día 20: De Burdeos, Santander y Coruña, vap. francés Chateau Iquem, cap. Cambernon, trip. 92, ton. 3,109,;francés;Chateau Iquem;;;vap.;1890_09_21;Burdeos;;
;;;;;Hanlon;cap.;;;;;Mascotte, cap. Hanlon, trip. 42, tons. 520, en;;Mascotte;;;;1890_09_21;;;
;;N/A: ;;;Black;cap.;;;;;cap. Black, trip. 10, tons. 153, con carga, á Santa;;;;;;1890_09_21;;;
Día 6:;;N/A: ;;;Bruce;cap.;;;;;-Panzacola, en 6 días, gol. amer. Robert Ruff, capitán Bruce, trip. 7, tons. 219, con carga, á J.;amer.;Robert Ruff;;;gol.;1890_09_21;Panzacola;;
;;N/A: ;;;Llorca;cap.;;;;;cap. Llorca, trip. 63, tons. 2,658, con carga, á;;;;;;1890_09_21;;;
;;N/A: ;;;Peacon;cap.;;;;;cap. Peacon, trip. 6 tons. 73, con pescado, á M.;;;;;;1890_09_21;;;
Día 22:;;N/A:  | N/A:  | N/A: ;;;Stevens;cap.;;;;;Día 22: De Nueva York, en 4 días, vap. amer. Séneca, capitán Stevens, trip, 50, tons. 1,911, con carga, á;amer.;Séneca;;;vap.;1890_09_23;Nueva York;;
Día 23:;;N/A: ;;;Carballo;cap.;;;;;Día 23: De Cayo-Hueso, en 2 días, gol. amer. Lone Star, capitán Carballo, trip. 6, tons. 39, con pescado, á;amer.;Lone Star;;;gol.;1890_09_24;Cayo-Hueso;;
;;N/A: ;;;Durlop;cap.;;;;;cap. Durlop. trip. 23, tons. 1058, con azúcar de;;;;;;1890_09_24;;;
;;N/A: ;;;Curtis;cap.;;;;;cap. Curtis, trip. 73, tons. 2,332, con carga general, á Hidalgo y Comp.;;;;;;1890_09_25;;;
Día 17:;;N/A: ;;;Madison;cap.;;;;;-Parlington. en 17 días, berg. amer. Annie Madison, cap. Madison, trip. 9, tons. 243, con madera,;amer.;Annie Madison;;;berg.;1890_09_25;Parlington;;
Día 4:;;;;;Allen;cap.;;;;;-Nueva-York, en 4 días, vap. amer. City of Washington, cap. Allen, trip. 66, tons. 1,649, con;amer.;City of Washington;;;vap.;1890_09_26;Nueva York;;
;;N/A: ;;;Staples;cap.;;;;;cap. Staples, trip. 33, tons. 678, con carga general, á Lawton y Hnos.;;;;;;1890_09_27;;;
Día 10:;;N/A: ;;;Stevens;cap.;;;;;-Matanzas, en 10 horas, vap. amer. Séneca, capitán Stevens, trip. 50, tons. 1,911, con carga de;amer.;Séneca;;;vap.;1890_09_27;Matanzas;;
Día 27:;;N/A: ;;;Hanlon;cap.;;;;;Día 27: -Tampa y Cayo-Hueso en 13 días, vap. americano Mascotte. cap. Hanlon, trip. 42, tons. 520, con carga, & Lawton y Hno,;americano;Mascotte;;;vap.;1890_09_28;Tampa y Cayo-Hueso;;
Día 27:;;N/A: ;;;Bengoechea;cap.;;;;;Día 27: De Liverpool y escalas, en 21 días, vap. esp. Emiliano, cap. Bengoechea, trip. 37, ton. 1,489, con carga, á Codes, Loy chate y Comp.;esp.;Emiliano;;;vap.;1890_09_30;Liverpool;;
Día 12:;;N/A: ;;;Lachiondo;cap.;;;;;-Cárdenas, en 12 horas, vap. esp. Guido, cap. Lachiondo, trip. 40, tons. 2,064, con carga, á Deulofeu, hijo y Comp.;esp.;Guido;;;vap.;1890_09_30;Cárdenas;;
;;N/A:  | N/A: ;;;Goba;cap.;;;;;cap. Gobae, trip 15, tons. 383, con papas, á Lawton y Hnos.;;;;;;1890_09_30;;;
Día 22:;;N/A: ;;;Aldamiz;cap.;;;;;cap. Carballo, trip 6, tons. 39, en lastre, á Salvador Aguiar y Comp. -Liverpool y escalas, en 22 días, vap. esp. Carolina. cap. Aldamiz, trip. 41, tons. 1,350, con carga,;esp.;Carolina;;;vap.;1890_09_30;Liverpool;;
Día 10:;10-10-YYYY;;;;Hanlon;cap.;;;;;Día 10 de octubre: De Tampa y Cayo-Hueso en 30 horas, vap. americano Mascotte, cap. Hanlon, tons. 520, trip. 42, con;americano;Mascotte;;;vap.;1890_10_02;Tampa y Cayo-Hueso;;
Día 2:;;N/A:  | N/A:  | N/A: ;;;Reynolds;cap.;;;;;Día 2: De Nueva York, en 4 días, vap. amer. Yucatán, capitán Reynolds, tons. 2,317, trip. 73, con carga;amer.;Yucatán;;;vap.;1890_10_03;Nueva York;;
Día 4:;;N/A:  | N/A:  | N/A:  | N/A:  | N/A: ;;;Mc Intosh;cap.;;;;;Veracruz y Progreso, en 4 días, vap. amer. Orizaba, cap. Mc Intosh, tons. 2,334, trip. 70, con carga y 16 pasajeros, á Hidalgo y Comp.;amer.;Orizaba;;;vap.;1890_10_03;Veracruz;;
;;;;;Schück;cap.;;;;;Teutonia, cap. Schück, tons. 1,280, trip. 34, con;;Teutonia;;;;1890_10_04;;;
Día 30:;;;;;Hanlon;cap.;;;;;-Tampa y Cayo-Hueso en 30 horas, vap. americano Mascotte, cap. Hanlon, tons. 520, trip. 42, con;americano;Mascotte;;;vap.;1890_10_05;Tampa y Cayo-Hueso;;
;;N/A: ;;;Cambernon;cap.;;;;;cap. Cambernon, trip. 92, tons. 3,109, con carga,;;;;;;1890_10_05;;;
;;N/A:  | N/A:  | N/A:  | N/A: ;;;Vaca;cap.;;;;;Dia t ruerto Ico y escalas, en o días, vap. esp. Ramón de Herrera, cap. Vaca, trip. 45, tons. 624, con carga, á Sobrinos de Herrera. -Pascagoula, en 10 días, bca. esp. Feliciana, capitán González, trip. 11, tons. 300, con carga, á Crespo y Plamol. -Nueva-York, en 5 días, vapor-correo esp. Baldomero Iglesias, cap. Bayona, trip. 60, tons. 1,114, con carga general, á M. Calvo y Comp. -Santander y escalas, en 14 días, yapor-correo español Alfonso XIII, cap. Venero, trip. 183, toneladas 3,585, con carga general, á M. Calvo y Cp.;esp.;Ramón de Herrera;;;;1890_10_07;;;
Día 6:;;N/A: ;;;Leighton;cap.;;;;;Día 6: De Nueva York, en 4 días, vap. amer. Saratoga, capitán Leighton, trip. 61, tons. 1,692, con carga, á;amer.;Saratoga;;;vap.;1890_10_07;Nueva York;;
Día 26:;;N/A: ;;;Zaye;cap.;;;;;-Londres y escalas, en 26 días, vapor inglés Romanach, cap. Zaye, trip. 25, tons. 1,172, con carga, á Dussaq y Comp.;ing.;Romanach;;;vapor;1890_10_07;Londres;;
Día 7:;;;;;Baker;cap.;;;;;Día 7: De Nueva-Orleans y escalas, en 5 días, vapor americano Hutchinson, cap. Baker, trip. 34, tons. 909,;americano;Hutchinson;;;vapor;1890_10_08;Nueva-Orleans;;
Día 8:;;;;;García;cap.;;;;;Día 8: De Veracruz y escalas, en 4 días, vapor-correo español Veracruz, cap. García, trip. 110, tons. 2,749,;español;Veracruz;;;vapor-correo;1890_10_09;Veracruz;;
;;N/A: ;;;López;cap.;;;;;Méndez Núñez, cap. López, trip 79, tons. 1,315,;;Méndez Núñez;;;;1890_10_09;;;
Día 1:;;N/A:  | N/A: ;;;Hall;cap.;;;;;-Tampa y Cayo-Hueso, en 1 días, vapor americano Olivette, cap. Hall, trip. 42, tons. 1,104,;americano;Olivette;;;vapor;1890_10_09;Tampa y Cayo-Hueso;;
Día 4:;;N/A: ;;;Curtis;cap.;;;;;Nueva-York, en 4 días, vap. amer. Yumuri, capitán Curtis, trip. 70, tons. 2,332, con carga general, & Hidalgo y Comp.;amer.;Yumuri;;;vap.;1890_10_09;Nueva-York;;
;;N/A:  | N/A: ;;;Karsabice;cap.;;;;;Germain, cap. Karsabice, trip. 143, tons. 1229,;;Germain;;;;1890_10_10;;;
;;N/A: ;;;Rice;cap.;;;;;cap. Rice, trip. 12, tons. 795, con carga general á;;;;;;1890_10_10;;;
;;;;;Allen;cap.;;;;;Washington, cap. Allen, trip. 65, tons. 1649, con;;;;;;1890_10_10;Washington;;
Día 10:;;;;;Goicoechea;cap.;;;;;Día 10: De Liverpool y escalas, en 27 días, vap. esp. Gaditano, cap. Goicoechea, trip. 34, tons. 1,710, con;esp.;Gaditano;;;vap.;1890_10_12;Liverpool;;
Día 11:;;;;;Leighton;cap.;;;;;Día 11: De Cárdenas, en 7 horas. vap. amer Saratoga, capitán Leighton, trip. 61, tons. 1,693, con carga de;amer;Saratoga;;;vap.;1890_10_12;Cárdenas;;
Día 30:;;N/A: ;;;Yuness;cap.;;;;;-Port Medway, en 30 días, berg. ing. Gilbert Parker, cap. Yuness, trip. 9, tons. 491, con carga, á;ing.;Gilbert Parker;;;berg.;1890_10_12;Port Medway;;
Día 1:;;;;;Hall;cap.;;;;;-Tampa v Cayo-Hueso, en 1 días, vapor americano Olivette, cap. Hall, trip. 42, tons. 1,104,;americano;Olivette;;;vapor;1890_10_12;Tampa;;
Día 11:;;N/A: ;;;W. L. Brird;cap.;;;;;Día 11: De Panzacola, en 4 días, chalupa amer. E. B. Arnold, cap. W. L. Brird. trip. 6, tons. 785, con ant carga, á H. B. Hamel y Comp.;amer.;E. B. Arnold;;;chalupa;1890_10_14;Panzacola;;
Día 12:;;;;;Coquais;cap.;;;;;Día 12: De Amberes y escalas, en 26 días, vapor francés Nantes, cap. Coquais, trip. 46, tons. 2,678, con carga;francés;Nantes;;;vapor;1890_10_14;Amberes;;
Día 29:;;;;;Garteiz;cap.;;;;;-Liverpool y escalas, en 29 días, vap. esp. Federico, cap. Garteiz, trip. 39, tons. 1,459, con carga;esp.;Federico;;;vap.;1890_10_14;Liverpool;;
Día 13:;;;;;Hausen;cap.;;;;;Día 13: De Nueva York, en 4 días, vap. amer. City of Alexandría, cap. Hausen, trip. 62, tons. 1,652, con;amer.;City of Alexandría;;;vap.;1890_10_14;Nueva York;;
Día 2:;;;;;;cap.;;;;;-Cienfuegos, en 2 días, vap. esp. Madrileño, cap.;esp.;Madrileño;;;vap.;1890_10_15;Cienfuegos;;
Día 15:;;;;;Hall;cap.;;;;;Día 15: De Tampa v Cayo-Hueso, en 13 días, vapor americano Olivette, cap. Hall, trip. 45, tons. 1,004,;americano;Olivette;;;vapor;1890_10_16;Tampa;;
Día 25:;;;;;Arribi;cap.;;;;;en lastre, á Lawton y Hno. - -Liverpool y escalas, en 25 días, vap esp. Francisca, cap. Arribi, trip. 39, tons. 1,839, con carga;esp.;Francisca;;;vap;1890_10_16;Liverpool;;
Día 16:;;N/A: ;;;Mc. Intosh;cap.;;;;;Día 16: De Nueva York, en 4 días, vap. amer. Orizaba, capitán Mc. Intosh, trip. 70, tons. 2,331, con carga, á;amer.;Orizaba;;;vap.;1890_10_17;Nueva York;;
Día 5:;;N/A:  | N/A: ;;;Staples;cap.;;;;;-Nueva-Orleans y escalas, en 5 días, vapor americano Aransas. cap. Staples, trip. 47, tons. 678,;americano;Aransas;;;vapor;1890_10_17;Nueva Orleans;;
Día 1:;;;;;;cap.;;;;;-Cayo-Hueso, en un día, gol. am. Lowe Star, cap.;am.;Lowe Star;;;gol.;1890_10_17;Cayo-Hueso;;
;;N/A: ;;;Reynolds;cap.;;;;;cap. Reynolds, trip 75, tons. 2,317, con carga, á;;;;;;1890_10_17;;;
Día 18:;;;;;Hall;cap.;;;;;Día 18: De Tampa y Cayo-Hueso. en 13 días, vapor americano Olivette, cap. Hall, trip. 49, tons. 1,104,;americano;Olivette;;;vapor;1890_10_19;Tampa y Cayo-Hueso;;
Día 20:;;;;;Nacher;cap.;;;;;Día 20: De Barcelona y escalas, en 26 días, vap. esp. Cristóbal Colón, cap. Nacher, trip. 57, tons. 1741, con;esp.;Cristóbal Colón;;;vap.;1890_10_21;Barcelona;;
Día 4:;;N/A: ;;;Burley;cap.;;;;;-Nueva-York, en 4 días, vap. amer. Niágara, capitán Burley, trip. 66, tons. 1,667, con carga, á;amer.;Niágara;;;vap.;1890_10_21;Nueva York;;
;;N/A: ;;;Jamer;cap.;;;;;cap. Jamer, trip. 21, tons. 1,474, con guano, á B;;;;;;1890_10_22;;;
;;;;;Arribi;cap.;;;;;-Matanzas, vap. esp. Francisca, cap. Arribi.;esp.;Francisca;;;vap.;1890_10_22;Matanzas;;
Día 21:;;N/A: ;;;Valle;cap.;;;;;Día 21: De Nueva York, en 11 días, gol. esp. Cárdenas, capitán Valle, trip. 11, tons. 330, con madera, á;esp.;Cárdenas;;;gol.;1890_10_23;Nueva York;;
Día 22:;;;;;Hall;cap.;;;;;Día 22: De Tampa v Cayo-Hueso, en 14 días, vapor americano Olivette, cap. Hall, trip. 47, tons. 1,104,;americano;Olivette;;;vapor;1890_10_23;Tampa;;
Día 24:;;;;;Burley;cap.;;;;;Día 24: De Sagua, en 1 día, vap. amer. Niágara, cap. Burley,;amer.;Niágara;;;vap.;1890_10_25;Sagua;;
Día 21:;;N/A:  | N/A: ;;;Zabalanelecoechea;cap.;;;;;-Liverpool y escalas, en 21 días, vap. esp. Eúskaro, cap. Zabalanelecoechea, trip. 35, tons. 1,396,;esp.;Eúskaro;;;vap.;1890_10_25;Liverpool;;
Día 24:;;N/A: ;;;Gohde;cap.;;;;;Día 24: De Cauning, (N. E) en 11 días, vap. norg. Odin, capitáu Gohde, trip. 14, tons. 383, con papas, &;norg.;Odin;;;vap.;1890_10_26;Cauning;;
Día 14:;;N/A:  | N/A: ;;;Domínguez;cap.;;;;;-Cádiz y escalas, en 14 días, vapor-correo esp. Alfonso XII, cap. Domínguez, trip. 159, tons. 5,417,;esp.;Alfonso XII;;;vapor-correo;1890_10_26;Cádiz;;
Día 1:;;N/A:  | N/A: ;;;Mc Kay;cap.;;;;;Tampa y Cayo-Hueso, en 1 días, vapor americano Olivette, cap. Mc Kay, trip. 47, tons. 1,104.;americano;Olivette;;;vapor;1890_10_26;Tampa y Cayo-Hueso;;
Día 27:;;N/A: ;;;Leighton;cap.;;;;;Día 27: De Nueva York, en 4 días, vap. amer. Saratoga, capitán Leighton, trip. 66, tons. 1,692. con carga, á;amer.;Saratoga;;;vap.;1890_10_28;Nueva York;;
Día 18:;;N/A: ;;;Wilch;cap.;;;;;-Baltimore, en 18 días, vap amer. Douglas Dearbourn, cap. Wilch, trip. 10, tons. 979, con carbón,;amer.;Douglas Dearbourn;;;vap.;1890_10_28;Baltimore;;
Día 18:;;N/A: ;;;Squire;cap.;;;;;-Nueva-York, en 18 días, gol. amer. John R. Bergen, cap. Squire, trip. 9, tons. 615, con carbón, á;amer.;John R. Bergen;;;gol.;1890_10_28;Nueva York;;
Día 28:;;;;;Baker;cap.;;;;;Día 28: De Nueva-Orleans y escalas, en 4 días, vapor americano Hutchinson, cap. Baker, trip. 34, tons. 904;americano;Hutchinson;;;vapor;1890_10_29;Nueva-Orleans;;
Día 1:;;;;;Hall;cap.;;;;;-Tampa y Cayo-Hueso, en 1 días, vapor americano Mascotte, cap. Hall, trip. 39, tons. 520, en;americano;Mascotte;;;vapor;1890_10_30;Tampa y Cayo-Hueso;;
;;N/A: ;;;Moreno;cap.;;;;;cap. Moreno, trip. 73, tons. 1,573, con carga, á;;;;;;1890_10_31;;;
Día 30:;;N/A:  | N/A:  | N/A: ;;;Reynolds;cap.;;;;;Día 30: 20 De Nueva York, en 4 días, vap. amer. Yucatán, capitán Reynolds, trip. 72, tons. 2,317, con carga á;amer.;Yucatán;;;vap.;1890_10_31;Nueva York;;
;;;;;Mc Intosh;cap.;;;;;cap. Mc Intosh, trip. 73, tons. 2,334, con carga;;;;;;1890_10_31;;;
Día 25:;;N/A: ;;;Harrison;cap.;;;;;Amberes y escalas, en 25 días, vapor inglés Victoria, cap. Harrison, trip. 23. tons. 1,767, con carga general, á Dussaq y Comp.;ing.;Victoria;;;vapor;1890_11_02;Amberes;;
Día 19:;;;;;Hall;cap.;;;;;Día 19 de noviembre: De Tampa y Cayo-Hueso, en 14 días, vapor americano Mascotte, cap. Hall, trip. 39, tons. 520, en;americano;Mascotte;;;vapor;1890_11_02;Tampa y Cayo-Hueso;;
Día 3:;;N/A:  | N/A:  | N/A: ;;;Hansen;cap.;;;;;Día 3: De Nueva-York, en 4 días, vap. amer. City of Alexandría, cap. Hansen, trip 70, tons. 1,652, con;amer.;City of Alexandría;;;vap.;1890_11_04;Nueva-York;;
Día 1:;;N/A: ;;;Carballo;cap.;;;;;-Cayo-Hueso, en 1 día, gol. amer. Lone Star, capitán Carballo, trip. 6, tons. 39, con carga, á S.;amer.;Lone Star;;;gol.;1890_11_04;Cayo-Hueso;;
;;N/A: ;;;Mc Carnick;cap.;;;;;cap. Mc Carnick, trip. 8, tons. 292, con madera,;;;;;;1890_11_05;;;
;;N/A:  | N/A: ;;;Martens;cap.;;;;;Bavaria, cap. Martens, trip. 44, tons. 1,242, con;;Bavaria;;;;1890_11_05;;;
Día 14:;;N/A: ;;;Ouzani;cap.;;;;;general, á Bridat, Mont'ros y Comp -Santander y escalas, en 14 dias, vapor-correo español Reina María Cristina, cap. Ouzani, tripulación 141, tons. 2,631, con carga, á M. Calvo y;español;Reina María Cristina;;;vapor-correo;1890_11_05;Santander;;
Día 23:;;;;;Luzárraga;cap.;;;;;-Liverpool y escalas, en 23 días. vap. esp. Santanderino, cap. Luzárraga, trip. 40, tons. 1,910, con;esp.;Santanderino;;;vap.;1890_11_05;Liverpool;;
;;;;;Nouvellón;cap.;;;;;Lafayette, cap. Nouvellón, trip. 157, tons. 1,281,;;Lafayette;;;;1890_11_06;;;
Día 5:;;N/A:  | N/A: ;;;Staples;cap.;;;;;-Nueva-Orleans y escalas, en 5 dias, vapor americano Aransas, cap. Staples, trip. 33, tons. 678,;americano;Aransas;;;vapor;1890_11_06;Nueva Orleans;;
Día 13:;;;;;Hall;cap.;;;;;-Tampa y Cayo-Hueso, en 13 días, vapor americano Mascotte, cap. Hall, trip. 45, tons. 520, en;americano;Mascotte;;;vapor;1890_11_06;Tampa y Cayo-Hueso;;
Día 5:;;N/A: ;;;Mortensen;cap.;;;;;Día 5: De Halifax, en 10 días, vap. norg. Bergenseren, capitán Mortensen, trip. 14, tons. 412, con papas, á;norg.;Bergenseren;;;vap.;1890_11_07;Halifax;;
Día 4:;;N/A: ;;;Curtis;cap.;;;;;-Nueva-York, en 4 días, vap. amer. Yumuri, capitán Curtis, trip. 70, tons. 2,932, con carga general, á Hidalgo y Comp.;amer.;Yumuri;;;vap.;1890_11_07;Nueva-York;;
;;N/A:  | N/A: ;;;Allen;cap.;;;;;Washington, cap. Allen, trip. 76, tons. 1,619, con;;;;;;1890_11_07;Washington;;
Día 7:;;N/A:  | N/A: ;;;Hausen;cap.;;;;;Día 7: Do Matanzas, en 5 horas, vap amer City of Alexandría, cap. Hausen, trip. 59, tons. 1,652, con azúcar, á Hidalgo y Comp.;;City of Alexandría;;;vap;1890_11_08;Matanzas;;
Día lé:;;N/A: ;;;Me Kay;cap.;;;;;Tampa y Cayo Hueso, en lé días, yapor americano Olivette, cap. Me Kay. trip 45, tons. 1,101,;americano;Olivette;;;yapor;1890_11_08;Tampa y Cayo Hueso;;
;;N/A: ;;;Jaureguizar;cap.;;;;;cap. Jaureguizar, trip. 12, tons. 371, con carga, á;;;;;;1890_11_11;;;
Día 26:;;N/A: ;;;Petrie;cap.;;;;;-Cardiff en 26 días vapor inglés Azalea, cap. Petrie, trip. 22, tons. 1,188, con carbón, á M. Calvo y Cp.;ing.;Azalea;;;vapor;1890_11_11;Cardiff;;
Día 10:;;N/A: ;;;Burley;cap.;;;;;Día 10: De Nueva-York, en 4 días, vap. amer. Niágara, capitán Burley, trip. 70, tons. 1,667, con carga, á;amer.;Niágara;;;vap.;1890_11_11;Nueva-York;;
Día 13:;;;;;Hall;cap.;;;;;Tampa y Cayo-Hueso, en 13 dias, vapor americano Mascotte, cap. Hall, trip. 42, tons. 520, en;americano;Mascotte;;;vapor;1890_11_11;Tampa y Cayo-Hueso;;
Día 22:;;N/A: ;;;Ellis;cap.;;;;;-Halifax, en 22 días, gol. ing. Maud Carter, capitán Ellis, trip. 6 tons. 92, con carga, á Lawton y;ing.;Maud Carter;;;gol.;1890_11_11;Halifax;;
;;N/A: ;;;Randing;cap.;;;;;cap. Randing, trip. 7, tons. 144 con paper, of;;;;;;1890_11_13;;;
Día 14:;;N/A:  | N/A: ;;;Mc Kay;cap.;;;;;-Tampa y Cayo-Hueso, en 14 días, vapor americano Olivette, cap. Mc Kay, trip. 42, tons. 1,104,;americano;Olivette;;;vapor;1890_11_13;Tampa y Cayo-Hueso;;
;;;;;Reynolds;cap.;;;;;Yucatán, cap. Reynolds, trip. 70, tons. 2317, con;;;;;;1890_11_14;Yucatán;;
Día 14:;;;;;Hall;cap.;;;;;Dia 14: De Tampa y Cayo-Hueso, en 1 días, vapor americano Mascotte, cap. Hall, trip. 44, tons. 590, en;americano;Mascotte;;;vapor;1890_11_15;Tampa y Cayo-Hueso;;
;;N/A: ;;;Taylor;cap.;;;;;cap. Taylor, trip. 6, tons. 97, con papas, á Truffin y Comp.;;;;;;1890_11_15;;;
Día 15:;;N/A:  | N/A:  | N/A: ;;;Rogers;cap.;;;;;Dia 15: De Filadelfia en 7 días, vapor inglés Wylo, cap. Rogers, trip. 22, tons. 1,700, con carbon, á Luis V.;inglés;Wylo;;;vapor;1890_11_16;Filadelfia;;
;;;;;Diez;cap.;;;;;M. Pinillos, cap. Diez, trip. 53, tons. 2,124, con;;;;;;1890_11_16;;;
Día 1:;;;;;Burley;cap.;;;;;-Sagua, en 1 día, vap. amer. Niágara, cap. Burley,;amer.;Niágara;;;vap.;1890_11_16;Sagua;;
Día 4:;;N/A:  | N/A:  | N/A: ;;;Leighton;cap.;;;;;-Nueva-York, en 4 días, vap. amer. Saratoga, capitán Leighton, trip. 70, tons. 1,692, con carga,;amer.;Saratoga;;;vap.;1890_11_18;Nueva York;;
Día 1:;;;;;Hall;cap.;;;;;-Tampa y Cayo-Hueso, en 1 días, vapor americano Mascotte, cap. Hall, trip. 41, tons. 520, en;americano;Mascotte;;;vapor;1890_11_18;Tampa y Cayo-Hueso;;
Día 5:;;N/A:  | N/A: ;;;Bayona;cap.;;;;;-Nueva-York, en 5 días, vapor-correa esp. Baldomero Iglesias, cap. Bayona, trip. 64, tons. 1,422,;esp.;Baldomero Iglesias;;;vapor;1890_11_19;Nueva York;;
Día 20:;;N/A:  | N/A:  | N/A: ;;;Bengon;cap.;;;;;-Liverpool y escalas, en 20 días, vap esp. Saturnina, cap. Bengon, trip, 39 tons. 1,725, con carga,;esp.;Saturnina;;;vap;1890_11_19;Liverpool;;
Día 1:;;N/A:  | N/A: ;;;Me Kay;cap.;;;;;-Tampa y Cayo-Hueso, en 1 días, vapor americano Olivette, cap. Me Kay, trip. 42, tons. 1,104,;americano;Olivette;;;vapor;1890_11_20;Tampa y Cayo-Hueso;;
Día 4:;;N/A: ;;;Allen;cap.;;;;;-Nueva York en 4 días vap am. City of Washington. cap. Allen, trip 60, tons. 1,649, con carga;am.;City of Washington;;;vap;1890_11_20;Nueva York;;
Día 20:;;N/A: ;;;Curtis;cap.;;;;;Dia 20: De Veracruz y escalas, en 5 días, vap. amer. Yumuri. cap. Curtis, trip. 63, tons. 2,332, con carga, á;amer.;Yumuri;;;vap.;1890_11_21;Veracruz;;
Dia 21:;;;;;Haulón;cap.;;;;;Dia 21: De Tampa y Cayo-Hueso, en 14 días, vapor americano Mascotte, cap. Haulón, trip. 42, tons. 520,;americano;Mascotte;;;vapor;1890_11_22;Tampa y Cayo-Hueso;;
Día 22:;;;;;Leighton;cap.;;;;;Dia 22: De Cárdenas, en 8 horas, vap. amer. Saratoga, capitán Leighton, trip. O, tons. 1,882, con carga de;amer.;Saratoga;;;vap.;1890_11_23;Cárdenas;;
Día 1:;;N/A: ;;;Carballo;cap.;;;;;-Cayo Hueso, en 1 día, gol. am. Lone Star, capitán Carballo, trip. 6, tons. 39, con pescado salado,;am.;Lone Star;;;gol.;1890_11_23;Cayo Hueso;;
Día 23:;;N/A: ;;;Cambernon;cap.;;;;;Día 23: Del Havre, Santander y Coruña, en 16 días del último, vapor francés Chateau Iquem, cap. Cambernon, trip. 91, tons. 3,108, con carga, á Bridat,;francés;Chateau Iquem;;;vapor;1890_11_25;Del Havre;;
Día 24:;;;;;Haulon;cap.;;;;;Dia 24: De Tampa y Cayo-Hueso, en 14 días, vapor americano Mascotte, cap. Haulon, trip. 44, tons. 520,;americano;Mascotte;;;vapor;1890_11_25;Tampa y Cayo-Hueso;;
Día 4:;;N/A:  | N/A: ;;;Hausen;cap.;;;;;-Nueva-York, en 4 días, vap. amer. City of Alexandría, cap. Hausen, trip. 60, tons 1,652, con;amer.;City of Alexandría;;;vap.;1890_11_25;Nueva York;;
Dia 24:;;N/A: ;;;Whitmore;cap.;;;;;Dia 24: De Nueva-York. en 15 días, gol. amer. Jennie Whitmore, cap. Whitmore, trip. 9, tons. 618, con carhón, á B. Menéndez.;amer.;Jennie Whitmore;;;gol.;1890_11_26;Nueva-York;;
;;N/A:  | N/A: ;;;Hensly;cap.;;;;;cap. Hensly, trip. 7, tons. 184, con papas, á Lawton y Hno.;;;;;;1890_11_26;;;
;;;;;Cebada;cap.;;;;;Buenos Aires. cap. Cebada, trip. 135, tons. 3,674,;;;;;;1890_11_26;Buenos Aires;;
Día 26:;;N/A:  | N/A: ;;;Haulon;cap.;;;;;Día 26: De Tampa y Cayo-Hueso, en 13 días, vapor americano Olivette, cap. Haulon, trip. 46, tons. 1,104,;americano;Olivette;;;vapor;1890_11_27;Tampa y Cayo-Hueso;;
Día 5:;;N/A: ;;;Hausen;cap.;;;;;-Matanzas, en 5 horas, vap. amer. City of Alexandría, cap. Hausen. trip. 60, tons. 1,652, con azúcar de tránsito, á Hidalgo y Comp.;amer.;City of Alexandría;;;vap.;1890_11_27;Matanzas;;
;;N/A: ;;;Bunker;cap.;;;;;Long, cap. Bunker, trip. 10, tons. 548, con petróleo, á Luis V. Placé.;;Long;;;;1890_11_27;;;
Día 26:;;N/A: ;;;Reynolds;cap.;;;;;Día 26: De Nueva-York, en 4 días, vap. amer. Yucatán, capitán Reynolds, trip. 73, tons. 2,317, con carga, á;amer.;Yucatán;;;vap.;1890_11_28;Nueva-York;;
;;N/A:  | N/A: ;;;Cardona;cap.;;;;;Agustín, cap. Cardona, trip. 79, tons. 1,568, con;;Agustín;;;;1890_11_30;;;
Día 29:;29-11-YYYY;;;;Fargeuseu;cap.;;;;;Día 29 de noviembre. De Greenock (Escocia) en 93 días bea. noruega Diotador, cap. Fargeuseu, trip. 19, tons. 1,8.0: con;noruega;Diotador;;;bea.;1890_12_02;Greenock;;
;;N/A: ;;;Uribe;cap.;;;;;cap. Uribe, trip. 71, tons. 1,573: con carga, á M.;;;;;;1890_12_02;;;
Día 19:;19-12-YYYY;N/A:  | N/A: ;;;Burley;cap.;;;;;Dia 19 de diciembre. De Nueva-York en 4 días vap. amer. Niágara, capitán Burley, trip. 70, tons. 1,667: con carga, á Hidalgo y C;amer.;Niágara;;;vap.;1890_12_02;Nueva-York;;
Día 1:;;;;;Haulon;cap.;;;;;-Tampa y Cayo-Hueso, en 1 días, vapor americano Mascotte, cap. Haulon, trip. 42, tons. 520,;americano;Mascotte;;;vapor;1890_12_02;Tampa y Cayo-Hueso;;
Día 2:;;;;;Alegría;cap.;;;;;Día 2: De Liverpool y escalas, en 21 días, vap. esp. Leonora, cap. Alegría, trip. 39, tons. 1,806, con carga;esp.;Leonora;;;vap.;1890_12_04;Liverpool;;
Día 19:;;N/A: ;;;Gnerrica;cap.;;;;;Liverpool y escelas, en 19 días, vap. esp. Palentino, cap. Gnerrica, trip. 33, tons. 1,456, con carga general, á C. Blanch y Comp.;esp.;Palentino;;;vap.;1890_12_04;Liverpool;;
Día 3:;;N/A:  | N/A: ;;;Baker;cap.;;;;;Día 3: De Nueva-Orleons y escalas, en 4 días, vapor americano Hutchinson, cap. Baker, trip. 34, tons. 1492,;americano;Hutchinson;;;vapor;1890_12_04;Nueva-Orleons;;
Día 1:;;N/A:  | N/A: ;;;Mc Kay;cap.;;;;;-Tampa y Cayo-Hueso, en 1 días, vapor americano Olivette, cap. Mc Kay, trip. 46, tons. 1,104,;americano;Olivette;;;vapor;1890_12_04;Tampa y Cayo-Hueso;;
;;N/A: ;;;Bonet;cap.;;;;;cap. Bonet, trip. 35, tons. 1,618, con carga general, á Deulofeu, hijo y Comp.;;;;;;1890_12_04;;;
Día 3:;;N/A: ;;;Tuells;cap.;;;;;Día 3: De Las Palmas y Gibara en .. días, berg. esp. Rosario. cap. Tuells, trip. 12, ton. 139, con carga, &;esp.;Rosario;;;berg.;1890_12_05;Las Palmas y Gibara;;
Día 17:;;;;;Smith;cap.;;;;;-Glasgow y escalas en 17 días vap. ing, Ardanbham, cap. Smith, trip. 19, ton. 1,160, con carga,;ing;Ardanbham;;;vap.;1890_12_05;Glasgow;;
Día 1:;;;;;Burley;cap.;;;;;-Sagua, en 1 día, vap. amer. Niágara, cap. Burley,;amer.;Niágara;;;vap.;1890_12_06;Sagua;;
Día 5:;;N/A:  | N/A: ;;;Bayona;cap.;;;;;Día 5: De Nueva-York, en 4 días, vapor-correo esp. Baldomero Iglesias, cap. Bayona, trip. 63, tons. 1,822,;esp.;Baldomero Iglesias;;;vapor-correo;1890_12_06;Nueva-York;;
;;;;;Keirstead;cap.;;;;;Scammell, cap. Keirstead, trip. 11, tons. 530, con;;;;;Scammell;1890_12_06;;;
;;N/A: ;;;Latirent;cap.;;;;;Washington, cap. Latirent. trip 154. tons. 1,548,;;;;;;1890_12_09;Washington;;
;;N/A: ;;;Leighton;cap.;;;;;cap. Leighton, trip. 75, tons. 1,692, con carga, á;;;;;;1890_12_09;;;
Día 8:;;N/A:  | N/A: ;;;Mc Kay;cap.;;;;;Día 8: De Tampa y Cayo-Hueso, en 13 días, vapor americano Olivette, cap. Mc Kay, trip. 46, tons. 1,101,;americano;Olivette;;;vapor;1890_12_09;Tampa y Cayo-Hueso;;
Día 56:;;N/A: ;;;Juwelines;cap.;;;;;-Cardiff, en 56, días, barca rusa Ceres, cap. Juwelines, trip. 19, tons. 1,048, con carbón, á M. CalEvo y Comp.;rusa;Ceres;;;barca;1890_12_10;Cardiff;;
;;N/A: ;;;Reynolds;cap.;;;;;cap. Reynolds, trip. 72, tons. 2317, con carga general, á Hidalgo y Cp.;;;;;;1890_12_12;;;
Día 28:;;;;;Sonderhoff;cap.;;;;;-Hamburgo y escalas, en 28 días, vap. alemán Saxonia. capitán Sonderhoff, trip. 44, tons. 1,264,;alemán;Saxonia;;;vap.;1890_12_13;Hamburgo;;
Día 13:;;;;;Hanlon;cap.;;;;;Día 13: De Tampa y Cayo-Hueso, en 14 días, vapor americano Mascotte, cap. Hanlon, trip. 41, tons. 520,;americano;Mascotte;;;vapor;1890_12_14;Tampa y Cayo-Hueso;;
Día 16:;;N/A: ;;;Leighton;cap.;;;;;-Caibarién, en 16 horas, vap. amer. Saratoga, capitán Leighton, trip. 61, tons. 1,692, con carga, á;amer.;Saratoga;;;vap.;1890_12_14;Caibarién;;
;;N/A: ;;;Spaldin;cap.;;;;;cap. Spaldin, trip. 12, tons. 556, con carbon, &;;;;;;1890_12_16;;;
Día 27:;;N/A: ;;;Llorca;cap.;;;;;-Barcelona y escalas, en 27 días, vap. esp Ponce de León. cap. Llorca, trip. 59, tons. 2,085, con carga, á C. Blanch y Comp.;esp;Ponce de León;;;vap.;1890_12_16;Barcelona;;
Día 15:;;N/A:  | N/A: ;;;Mc Kay;cap.;;;;;Día 15: De Tampa y Cayo-Hueso, en 14 días, vapor americano Olivette, cap. Mc Kay, trip. 46, tons. 1,104,;americano;Olivette;;;vapor;1890_12_16;Tampa y Cayo-Hueso;;
;;N/A: ;;;Lachiondo;cap.;;;;;cap. Lachiondo, trip. 40, tons. 2,064, con carga,;;;;;;1890_12_16;;;
;;N/A: ;;;Esmaill;cap.;;;;;cap. Esmaill, trip. 9, tons. 522, con carbón, á L.;;;;;;1890_12_17;;;
;;N/A:  | N/A: ;;;Izaguirre;cap.;;;;;Montevideo, cap. Izaguirre, trip. 132, tons. 8,672,;;;;;;1890_12_17;Montevideo;;
Día 17:;;;;;Hanlon;cap.;;;;;Dia 17: De Tampa y Cayo-Hueso, en 1 días, vapor americano Mascotte, cap. Hanlon, trip. 41, tons. 520,;americano;Mascotte;;;vapor;1890_12_18;Tampa y Cayo-Hueso;;
Día 19:;;N/A: ;;;Vins;cap.;;;;;Tanjore, cap. Vins, trip. 19, tons. 1,243, con guano, á B Piñón y Cp.;;;;;;1890_12_19;Tanjore;;
;;N/A:  | N/A: ;;;Allen;cap.;;;;;Washington, cap. Allen, trip. 60, tons. 1,649, con;;;;;;1890_12_19;Washington;;
Día 12:;;N/A:  | N/A: ;;;Hausen;cap.;;;;;-Matanzas, on 12 días vap. americano City of Alexandria, capitán Hausen, trip. 60, tons. 1,652,;americano;City of Alexandria;;;vap.;1890_12_19;Matanzas;;
Día 19:;;;;;Venero;cap.;;;;;"Día 19; De Veracruz y Progreso en 4 días, vapor esp. Alfonso XIII, cap. Venero, trip. 148, tons. 3585, con";esp.;Alfonso XIII;;;vapor;1890_12_20;Veracruz y Progreso;;
Día 14:;;;;;Hanlon;cap.;;;;;Codes, Loychate y Ca De Tampa y Cayo-Hueso, en 14 días, vapor americano Mascotte, cap. Hanlon, trip. 42, tons. 520,;americano;Mascotte;;;vapor;1890_12_21;Tampa y Cayo-Hueso;;
Día 1:;;;;;;cap.;;;;;-Cayo-Hueso en 1 día gol. amer. Lone Star, cap.;amer.;Lone Star;;;gol.;1890_12_21;Cayo-Hueso;;
Día 20:;;N/A: ;;;Haskell;eap.;;;;;Día 20: De Nueva-York, en 19 dias, gol. smer. D. D. Haskell, eap. Haskell, trip. 7, tons. 301, con carga, á;;D. D. Haskell;;;gol.;1890_12_23;Nueva-York;;
;;N/A: ;;;Erickson;cap.;;;;;cap. Erickson, trip. 15, tons. 966, con carga, á L.;;;;;;1890_12_23;;;
;;N/A: ;;;Dinsmore;cap.;;;;;cap. Dinsmore, trip. 10, tons. 508, con petróleo,;;;;;;1890_12_23;;;
Día 22:;;N/A:  | N/A: ;;;Me Kay;cap.;;;;;Día 22: De Tampa y Cayo-Hueso, en 1+ días, vapor americano Olivette, cap. Me Kay, trip. 43, tons. 1,104,;americano;Olivette;;;vapor;1890_12_23;Tampa y Cayo-Hueso;;
;;N/A:  | N/A: ;;;Aldamiz;cap.;;;;;Alicia, cap. Aldamiz, trip. 39, tons. 1,837, con;;Alicia;;;;1890_12_23;;;
Día 4:;;N/A: ;;;Burley;cap.;;;;;-Nueva-York, en 4 días, vap. amer. Niágara, capitán Burley, trip. 60, tons. 1,667, con carga, á;amer.;Niágara;;;vap.;1890_12_23;Nueva York;;
Día 28:;;N/A:  | N/A:  | N/A:  | N/A: ;;;Watson;cap.;;;;;-Londres y Amberes, en 28 días, vap. ing. Benmore, cap. Watson, trip. 21, ton. 4,050, eon carga, & Dussaq y Cp.;ing.;Benmore;;;vap.;1890_12_23;Londres y Amberes;;
Día 14:;;N/A: ;;;Loring;cap.;;;;;-Nueva-York, en 14 días, gol. am. Lucy A. Davis, cap. Loring, trip. 9, ton. 596, con maderas, á;am.;Lucy A. Davis;;;gol.;1890_12_23;Nueva York;;
Día 23:;;N/A: ;;;Nerkensen;cap.;;;;;Dia 23: De Halifax, en 11 días, vap. norg. Bergenseren, capitán Nerkensen, trip. 14, tons. 412, con papas, á;norg.;Bergenseren;;;vap.;1890_12_25;Halifax;;
Día 24:;;;;;Hanlon;cap.;;;;;Día 24: De Tampa y Cayo-Hueso, en 1 días, vapor americano Mascotte, cap. Hanlon, trip. 42, tons. 520,;americano;Mascotte;;;vapor;1890_12_25;Tampa y Cayo-Hueso;;
;;;;;Carmona;cap.;;;;;Condal, cap. Carmona, trip. 80, tons. 1,616, con;;Condal;;;;1890_12_27;;;
Día 4:;;N/A: ;;;Mc Intosh;cap.;;;;;-Veracruz y escalas, an 4 días, vap. amer. Orizaba, cap Mc Intosh, trip. 72, tons. 2,334, con carga, á Hidalgo y Comp;amer.;Orizaba;;;vap.;1890_12_27;Veracruz;;
Día 27:;;;;;Hanlon;cap.;;;;;Día 27: De Tampa y Cayo-Hueso, en 1 días, vapor americano Mascotte, cap. Hanlon, trip. 43, tons. 520,;americano;Mascotte;;;vapor;1890_12_28;Tampa y Cayo-Hueso;;
Día 28:;;N/A: ;;;Uriza;cap.;;;;;-Liverpool y escalas, en 28 días, vap. esp. Murciano, cap. Uriza, trip. 37, tons. 1,552, con carga general, á C. Blanch y Comp.;esp.;Murciano;;;vap.;1890_12_28;Liverpool;;
Día 64:;;N/A: ;;;Rahola;cap.;;;;;-Barcelona, en 64 días. bca. esp. Pedro, cap. Rahola, trip. 15, tons. 502, con carga, á Jané y Cp.;esp.;Pedro;;;bca.;1890_12_28;Barcelona;;
Día 14:;;N/A:  | N/A: ;;;Gonde;cap.;;;;;-Kinsport, en 14 días, vap. norg Odin, cap. Gonde, trip. 13, tous 381, con carga, & Lawton Hnos;;norg Odin;;;vap.;1890_12_28;Kinsport;;
;;N/A: ;;;Luzárraga;cap.;;;;;cap. Luzárraga, trip. 44, tons. 1,471, con carga, &;;;;;;1890_12_30;;;
Día 29:;;N/A:  | N/A: ;;;Me Kay;cap.;;;;;Día 29: De Tampa y Cayo-Hueso, en 13 días, vapor americano Olivette, cap. Me Kay, trip. 10, tons. 1,104,;americano;Olivette;;;vapor;1890_12_30;Tampa y Cayo-Hueso;;
Día 4:;;N/A: ;;;Leighton;cap.;;;;;-Nueva York, en 4 días, vap. amer. Saratoga, capitán Leighton, trip. 60, tons. 1,692, con carga, á;amer.;Saratoga;;;vap.;1890_12_30;Nueva York;;
;;;;;Marxen;cap.;;;;;Teutonia cap. Marxen, trip. 44, tons. 1,280, con;;Teutonia;;;;1890_12_31;;;
Día 62:;;N/A: ;;;Pagés;cap.;;;;;-Buenos Aires, en 62 días, berg. esp. Agapito, capitán Pagés, trip, 10, tons. 236, con tasajo, á la;esp.;Agapito;;;berg.;1890_12_31;Buenos Aires;;
