arrival_date;arrival_date_calc;cargo_list;crew_number;forced_arrival;master_name;master_role;parsed_text;passenger_account;publication_day;quarantine;raw_text;ship_flag;ship_name;ship_tons_capacity;ship_tons_unit;ship_type;source_file;travel_departure_port;travel_duration_unit;travel_duration_value
Día 81:;;N/A: ;;;Mateu;pat.;;;;;Día 81: De Playas de San Juan, gol. San Francisco, pat. Mateu: con 1,000 sacos carbón.;;San Francisco;;;gol.;1890_01_01;Playas de San Juan;;
Día 2:;;N/A: ;;;Bilbao;cap.;;;;;Día 2: De Sagua, vapur Clara, cap. Bilbao: con 184 tercios;;Clara;;;vap.;1890_01_03;Sagua;;
;;N/A: ;;;Real;cap.;;;;;-Malas-Agnas, vapor Tritón. cap. Real: con 201;;Tritón;;;vapor;1890_01_03;Malas-Agnas;;
;;N/A: ;;;Pereira;pat.;;;;;-Carahatas, gol. Teresita, pat. Pereira: con 185;;Teresita;;;gol.;1890_01_03;Carahatas;;
;;N/A: ;;;Chetas;pat.;;;;;Cárdenas. gol. Angelita, pat. Chetas con 280;;Angelita;;;gol.;1890_01_03;Cárdenas;;
;;;;;Valent;pat.;;;;;-Cárdenas, gol. María del Cariilen, pat. Valent:;;María del Cariilen;;;gol.;1890_01_03;Cárdenas;;
Día 4:;;;;;Vera;pat.;;;;;Día 4: De Santa Cruz, gol. San Francisco, pat. Vera: con;;San Francisco;;;gol.;1890_01_05;Santa Cruz;;
Día 7:;;N/A: ;;;Sanjurjo;cap.;;;;;Día 7: De Sagua, vaper Adela, cap. Sanjurjo: con & battiläs;;Adela;;;vaper;1890_01_08;Sagua;;
;;N/A: ;;;Marín;cap.;;;;;Guanes, vap Guaniguanico, cap. Marín: con 407;;Guaniguanico;;;vap.;1890_01_08;;;
;;N/A: ;;;Marantes;pat.;;;;;-Mariel, gol. Altagracia, pat. Marantes: con 150;;Altagracia;;;gol.;1890_01_08;;;
;;N/A: ;;;Borrell;pat.;;;;;Tja, gol. Castilla, pat. Borrell: con 1,300 sacso;;Castilla;;;gol.;1890_01_08;;;
;;N/A: ;;;Jofre;pát.;;;;;-Dimas, gol. Mercedita, pát. Jofre: con 1,200 sacos carbón;;Mercedita;;;gol.;1890_01_08;Dimas;;
;;N/A: ;;;Laucirica;pat.;;;;;-Sagua, gol. Marina, pat. Laucirica: con 140 pipas;;Marina;;;gol.;1890_01_08;Sagua;;
;;;;;Valent;pat.;;;;;-Cárdenas, gol. Juan Toralla, pat. Valent: con;;Juan Toralla;;;gol.;1890_01_08;Cárdenas;;
Día 8:;;N/A: ;;;Bilbao;cap.;;;;;"Día 8: De Sagua, vapor Clara; cap. Bilbao: con 244 tercios";;Clara;;;vapor;1890_01_09;Sagua;;
;;N/A: ;;;Calzada;pat.;;;;;-Manzanillo, gol. Margarita, pat. Calzada: con 800;;Margarita;;;gol.;1890_01_09;Manzanillo;;
;;N/A: ;;;Alemañy;pat.;;;;;-Nuevitas, gol. Juanita, pat. Alemañy: con 100;;Juanita;;;gol.;1890_01_09;Nuevitas;;
;;N/A: ;;;Ostra;pat.;;;;;Teja goleta J. Catalina, pat. Ostra: con 800 sacos;;J. Catalina;;;goleta;1890_01_10;;;
Día 10:;;N/A: ;;;Acuña;pat.;;;;;Día 10: De Sag a goleta María Andrea, pat. Acuña: con 200;;María Andrea;;;goleta;1890_01_11;Sag;;
;;N/A: ;;;Castillo;pat.;;;;;Manzanillo gta. Blanca, pat. Castillo: con 2200;;Blanca;;;gta.;1890_01_11;Manzanillo;;
Día 11:;;N/A: ;;;Ruiz;pat.;;;;;Día 11: De Dimas goleta Dos Hermanas, pat. Ruiz: con 700;;Dos Hermanas;;;goleta;1890_01_12;Dimas;;
;;N/A: ;;;Menayacon;pat.;;;;;-Sierra Morena goleta Habanera, pat. Menayacon 921 sacos carbón.;;Habanera;;;goleta;1890_01_12;;;
;;N/A:  | N/A: ;;;Sanjurjo;cap.;;;;;-Sagua, vapor Adela, cap. Sanjurjo: con 383 tercios tabaco y efectos.;;Adela;;;vapor;1890_01_14;Sagua;;
;;N/A: ;;;Vera;pat.;;;;;Santa Cruz, gta San Antonio, pat. Vera: con 260;;San Antonio;;;gta;1890_01_14;Santa Cruz;;
;;;;;Ferrer;pat.;;;;;-Jaruco, gta. Joven Lola, pat. Ferrer: con efectos.;;Joven Lola;;;gta.;1890_01_14;Jaruco;;
;;N/A: ;;;Calafell;pat.;;;;;-Matanzas, gta. María Josefa, pat. Calafell: con 3;;María Josefa;;;gta.;1890_01_14;Matanzas;;
;;N/A:  | N/A:  | N/A: ;;;Pérez;pat.;;;;;-Matanzas, gta. María, pat. Pérez: con 100 bocoyes, 1012, 1214 bocoyes aguardiente y efectos.;;María;;;gta.;1890_01_14;Matanzas;;
;;N/A: ;;;López;pat.;;;;;-Morrillo, gta. Agustina, pat. López: con F00 sacos azúcar.;;Agustina;;;gta.;1890_01_15;Morrillo;;
Día 15:;;N/A: ;;;Inclán;pat.;;;;;Día 15: De Cabañas, gta. Caballo Marino, pat. Inclán: con 70;;Caballo Marino;;;gta.;1890_01_16;Cabañas;;
Día :;;N/A:  | N/A:  | N/A: ;;;Bilbao;cap.;;;;;-Sagua, vap. Clara, cap. Bilbao: con 626 sacos azúcar, 126 tercios tabaco, 232 railes acero y efectos.;;Clara;;;vap.;1890_01_16;Sagua;;
;;N/A: ;;;Ventura;cap.;;;;;-Nuevitas, vapor Manuela, cap. Ventura: con 511;;Manuela;;;vapor;1890_01_16;Nuevitas;;
Día 17:;;N/A: ;;;Real;cap.;;;;;Día 17: De Malas-Aguas, vapor Tritón, cap. Real: con 320;;Tritón;;;vapor;1890_01_18;Malas-Aguas;;
;;N/A:  | N/A:  | N/A: ;;;Pérez;pat.;;;;;"-Matanzas, gol. Amalia, pat. Pérez: con 50 bocoyes aguardiente; 10 bocoyes alcohol y efectos.";;Amalia;;;gol.;1890_01_18;Matanzas;;
;;N/A: ;;;Ferrer;pat.;;;;;-Dimas, gol. Deseada, pat. Ferrer: con 400 sacos;;Deseada;;;gol.;1890_01_18;Dimas;;
;;;;;Alemañy;pat.;;;;;-Cárdenas, gol. Joven Pilar, pat. Alemañy: con;;Joven Pilar;;;gol.;1890_01_18;Cárdenas;;
;;;;;Ferrer;pat.;;;;;Matanzas, gol. Dos Hermanas, pat. Ferrer: con;;Dos Hermanas;;;gol.;1890_01_18;Matanzas;;
Día :;;;;;Toro;pat.;;;;;-Punta San Juan, gol. Rita Fortuna, pat. Toro:;;Rita Fortuna;;;gol.;1890_01_18;Punta San Juan;;
Día 18:;;N/A: ;;;Hernández;pat.;;;;;Día 18: De Guanes, gol. Guadiana, pat. Hernández: con 51;;Guadiana;;;gol.;1890_01_19;Guanes;;
;;N/A: ;;;Valent;pat.;;;;;-Cárdenas, gol. Juan Toralla, pat. Valent: con 500;;Juan Toralla;;;gol.;1890_01_19;Cárdenas;;
;;N/A: ;;;Planas;pat.;;;;;Mulata, gol. Dolores, pat. Planas: con 100 varas;;Dolores;;;gol.;1890_01_19;;;
;;N/A: ;;;Ponte;pat.;;;;;-Nuevitas, gol. Emilia, pat. Ponte: con 50 aaballos;;Emilia;;;gol.;1890_01_19;Nuevitas;;
;;N/A: ;;;Suárez;pat.;;;;;-Mantua, gol. Anita, pat. Suárez: con 1,000 sacos;;Anita;;;gol.;1890_01_19;Mantua;;
Día 20:;;N/A: ;;;Vilar;cap.;;;;;Día 20: De Cuba, vapor Mortera, cap. Vilar: con 2,000 sacos;;Mortera;;;vap.;1890_01_22;Cuba;;
;;N/A: ;;;G nesta;cap.;;;;;-Sagua, vapor Adela, cap. G nesta: con 142 reses.;;Adela;;;vapor;1890_01_22;Sagua;;
Día :;;;;;Zubirat;pat.;;;;;-Punta Alegre, gol. Joven Gertrudis, pat. Zubirat:;;Joven Gertrudis;;;gol.;1890_01_22;Punta Alegre;;
;;;;;Zaragoza;pat.;;;;;-árdenas, gol. Isla de Cuba, pat. Zaragoza: con;;Isla de Cuba;;;gol.;1890_01_22;árdenas;;
Día 21:;;;;;Calafell;pat.;;;;;Día 21: De Matanzas, gol. María Josefa, pat. Calafell: con;;María Josefa;;;gol.;1890_01_22;Matanzas;;
;;;;;Inclán;pat.;;;;;-Cabañas, gol. Caballo Marino, pat. Inclán: con;;Caballo Marino;;;gol.;1890_01_22;Cabañas;;
;;N/A: ;;;Vera;pat.;;;;;-Santa Cruz, gol. San Antonio, pat. Vera: con 250;;San Antonio;;;gol.;1890_01_22;Santa Cruz;;
Día 22:;;N/A: ;;;;cap.;;;;;Día 22: De Sagua, vapor Clara, cap. Bilbao: con 313 tercios;bilbao;Clara;;;vap.;1890_01_23;Sagua;;
;;;;;Mir;pat.;;;;;-Sierra Morena: gol. Joven Felipe, pat. Mir: con;;Joven Felipe;;;gol.;1890_01_23;Sierra Morena;;
Día 24:;;;;;Real;cap.;;;;;Día 24: De Malas-Aguas, vapor Tritón, cap. Real: con 36;;Tritón;;;vapor;1890_01_25;Malas-Aguas;;
;;N/A: ;;;Hernández;pat.;;;;;-Morrillo, gol. Britania, pat. Hernández: con 250;;Britania;;;gol.;1890_01_25;Morrillo;;
;;N/A:  | N/A: ;;;Pujol;pat.;;;;;-Jibacoa, gol. 1 Vinaróz, pat. Pujol: con 80 fanegas y 56 sacos maiz.;;1 Vinaróz;;;gol.;1890_01_25;Jibacoa;;
;;;;;Alemañу;pat.;;;;;Cárdenas, gol. Joven Pilar, pat. Alemañу: con;;Joven Pilar;;;gol.;1890_01_25;Cárdenas;;
Día 27:;;N/A: ;;;Marantes;pat.;;;;;Día 27: De Mariel, gol. Altagracia, pat. Marantes: con 400;;Altagracia;;;gol.;1890_01_28;Mariel;;
;;;;;Villalonga;pat.;;;;;Manel, gol. María Magdalena, pat. Villalonga:;;María Magdalena;;;gol.;1890_01_28;;;
;;N/A: ;;;Moll;pat.;;;;;Maniua, gol. Lince, pat. Moll: con 600 sacos carbón.;;Lince;;;gol.;1890_01_28;Maniua;;
;;N/A: ;;;Hernández;pat.;;;;;-Guanes, gol. Guadiana, pat. Hernández: con 13;;Guadiana;;;gol.;1890_01_28;Guanes;;
;;N/A: ;;;Aguiar;pat.;;;;;-Arroyos, gol. Júcaro, pat. Aguiar: con 1,000 sacos carbón.;;Júcaro;;;gol.;1890_01_28;Arroyos;;
;;N/A: ;;;Padrón;pat.;;;;;-Arroyos, gol. J. Jaime, pat. Padrón: con 1,1:0;;J. Jaime;;;gol.;1890_01_28;Arroyos;;
;;N/A: ;;;Mateu;pat.;;;;;-Bajas, gol. San Francisco, pat. Mateu: con 1,000;;San Francisco;;;gol.;1890_01_28;Bajas;;
;;N/A: ;;;Pérez;pat.;;;;;Matanzas, gol. María, pat. Pérez: con 85 bocoyes;;María;;;gol.;1890_01_28;Matanzas;;
;;;;;Zaragoza;pat.;;;;;-Cárdenas, gol. Isla de Cuba, pat. Zaragoza: con;;Isla de Cuba;;;gol.;1890_01_28;Cárdenas;;
;;N/A: ;;;Mora;pat.;;;;;-Morrillo, gol. San Juan, pat. Mora: con 70 tercios;;San Juan;;;gol.;1890_01_28;Morrillo;;
;;N/A: ;;;Cabaleiro;pat.;;;;;-Sagua, gol. Rosita, pat. Cabaleiro: con 500 sacos;;Rosita;;;gol.;1890_01_29;Sagua;;
;;N/A: ;;;Jofre;pat.;;;;;-Dimas, gol. Mercedita, pat. Jofre: con 1,000 sacos carbón.;;Mercedita;;;gol.;1890_01_29;Dimas;;
Día 29:;;N/A: ;;;Ginesta;cap.;;;;;Dia 29. De Sagua, vapor Adela, cap. Ginesta: con 31 tercios;;Adela;;;vapor;1890_01_30;Sagua;;
;;N/A: ;;;Cudilleiro;pat.;;;;;-Bajas, gol. Carmita, pat. Cudilleiro: con 800 sacos carbón.;;Carmita;;;gol.;1890_01_30;Bajas;;
;;N/A: ;;;Fernández;pat.;;;;;-Balabanó, gol. Pilar, pat. Fernández: con 50 sacoa carbón.;;Pilar;;;gol.;1890_01_30;Balabanó;;
;;N/A:  | N/A: ;;;Ferrer;pat.;;;;;Jaruco gol. Joven Lola, pat. Ferrer: con 44 sacos frijoles y 50 tercerolas miel --Sierra Morena, gol. Sofía, pat. Enseñat: con 400;;Joven Lola;;;gol.;1890_01_30;Jaruco;;
;;;;;Valent;pat.;;;;;-Cárdenas, gol. María del Carmen, pat. Valent:;;María del Carmen;;;gol.;1890_02_01;Cárdenas;;
;;;;;Sanjurjo;cap.;;;;;-Cuba, vapor Avilés. cap. Sanjurjo: con efectos.;;Avilés;;;vapor;1890_02_01;Cuba;;
Día 10:;;N/A: ;;;Moll;pat.;;;;;Día 10: De Mantua, gol. Lince, pat. Moll: con 600 sacos carbón.;;Lince;;;gol.;1890_02_02;Mantua;;
;;;;;Cantero;pat.;;;;;-Cárdenas, gol. Aguila de Oro, pat. Cantero: con;;Aguila de Oro;;;gol.;1890_02_02;Cárdenas;;
;;N/A: ;;;Marantes;pat.;;;;;-Mariel, gol Altagracia, pat. Marantes: con 200;;Altagracia;;;gol.;1890_02_04;;;
;;N/A: ;;;Moll;pat.;;;;;-Mariel, gol. J. Magdalena, pat. Moll: con 000 sacos azúcar.;;J. Magdalena;;;gol.;1890_02_04;;;
;;N/A: ;;;Bosch;pat.;;;;;-Mariel, gol. Dominica, pat. Bosch: con 330 sacos;;Dominica;;;gol.;1890_02_04;;;
Día XX:;;N/A: ;;;Suao;pat.;;;;;Gibara, gol. Moralidad, pat. Suao: con 578 tercios;;Moralidad;;;gol.;1890_02_04;Gibara;;
;;N/A:  | N/A: ;;;Cuevas;pat.;;;;;-Cárdenas, gol. Angelita, pat. Cuevas: con 900 sacos y 200 bocoyes azúcar y 25 pipas aguardiente;;Angelita;;;gol.;1890_02_04;Cárdenas;;
;;N/A: ;;;Macip;pat.;;;;;-Santa Cruz, gol. J. Manuel, pat. Macip: con 300;;J. Manuel;;;gol.;1890_02_04;Santa Cruz;;
;;N/A: ;;;Vera;pat.;;;;;-Santa Cruz, gol. San Antonio, pat. Vera: con 400;;San Antonio;;;gol.;1890_02_04;Santa Cruz;;
;;;;;Porcel;pat.;;;;;Jaruco, gol. Paquete de Jaruco, pat. Porcel: con;;Paquete de Jaruco;;;gol.;1890_02_04;Jaruco;;
;;N/A: ;;;López;pat.;;;;;-Morrillo, gol. Agustina, pat. López: con 500 sacos azúcar.;;Agustina;;;gol.;1890_02_04;Morrillo;;
;;N/A:  | N/A:  | N/A:  | N/A: ;;;Pérez;pat.;;;;;-Matanzas, gol. Amalia, pat. Pérez: con 152 bocoyes, 812 id. y 2414 id. aguardiente y efectos.;;Amalia;;;gol.;1890_02_04;Matanzas;;
Día 4:;;N/A: ;;;Amengual;pat.;;;;;Día 4: De Bahía-Honda, gol. Paquete de Sagua, pat. Amengual: con 219 sacos azúcar.;;Paquete de Sagua;;;gol.;1890_02_05;Bahía-Honda;;
;;N/A:  | N/A: ;;;Covas;pat.;;;;;-Ortigosa, gol. Doloritas, pat. Covas: con 40 bocoyes miel y 100 sacos azúcar.;;Doloritas;;;gol.;1890_02_05;Ortigosa;;
;;N/A: ;;;Colomar;pat.;;;;;-Canasí, gol. Sabás, pat. Colomar: con 400 sacos;;Sabás;;;gol.;1890_02_05;Canasí;;
;;;;;Berga;pat.;;;;;-Puerto-Padre, gol. Pensativo, pat. Berga: con;;Pensativo;;;gol.;1890_02_05;Padre;;
;;N/A: ;;;Beneján;pat.;;;;;-Mantua, gol. Margarita, pat. Beneján: con 800;;Margarita;;;gol.;1890_02_05;Mantua;;
;;;;;Morales;pat.;;;;;-Punta-Alegre, gol. Carmita, pat. Morales: con;;Carmita;;;gol.;1890_02_05;Punta Alegre;;
Día 5:;;N/A: ;;;Bilbao;cap.;;;;;Día 5: De Sagua, vapor Adela, cap. Bilbao: con 46 paquetes;;Adela;;;vapor;1890_02_06;Sagua;;
;;N/A: ;;;Cuevas;pat.;;;;;-Bajas, gol. Angelita, pat. Cuevas: con 440 sacos;;Angelita;;;gol.;1890_02_06;Bajas;;
;;N/A: ;;;Valent;pat.;;;;;-Cárdenas, gol, Juan Toralla, pat. Valent: con 800;;Juan Toralla;;;gol;1890_02_06;Cárdenas;;
Día 6:;;N/A: ;;;Ferrer;pat.;;;;;Día 6: De Dimas, gol. Deseada, pat. Ferrer: con 400 8a008;;Deseada;;;gol.;1890_02_07;Dimas;;
;;N/A: ;;;Ruiz;pat.;;;;;-Dimas, gol. Dos Hermanas, pat. Ruiz: con 700;;Dos Hermanas;;;gol.;1890_02_07;Dimas;;
;;N/A: ;;;Bosch;pat.;;;;;-Dominica, gol. Dominica, pat. Bosch: con 330 sacos azúcar. -Matanzas, gol. Dos Hermanas, pat. Ferrer: con 60 bocoyes aguardiente y efectos. Carahatas, gol. Tres Hermanas, pat. Riobo: con 1,125 sacos carbón. -Teja, gol. Joven Catalina, pat. Orts: con 500 sacos carbón. -Mulata, gol. Dolores, pat. Planas: con 200 tercios tabaco y efectos.;;Dominica;;;gol.;1890_02_07;Dominica;;
;;N/A: ;;;Marantes;pat.;;;;;-Mariel, gol. Altagracia, pat. Marantes: con 300;;Altagracia;;;gol.;1890_02_07;;;
;;N/A: ;;;Felicó;pat.;;;;;-Ceja, gol. Especulación, pat. Felicó: con 300 caballos leña.;;Especulación;;;gol.;1890_02_07;Ceja;;
;;N/A: ;;;Hernández;cap.;;;;;Guanes, vapor Guadiana, cap. Hernández: con 26;;Guadiana;;;vapor;1890_02_08;Guanes;;
;;;;;Alemany;pat.;;;;;-Cárdenas, gol. Joven Pilar, pat. Alemany: con;;Joven Pilar;;;gol.;1890_02_08;Cárdenas;;
;;;;;Zaragoza;pat.;;;;;-Cárdenas, gol. Isla de Cuba, pat. Zaragoza: con;;Isla de Cuba;;;gol.;1890_02_08;Cárdenas;;
;;;;;Macip;pat.;;;;;-Santa Cruz, gol. Joven Manuel, pat. Macip: con;;Joven Manuel;;;gol.;1890_02_08;Santa Cruz;;
Día 8:;;;;;Salvá;pat.;;;;;Día 8: De Sierra Morena, gol. María Teresa, pat. Salvá:;;María Teresa;;;gol.;1890_02_09;Sierra Morena;;
;;N/A: ;;;Rigó;pat.;;;;;-Cabañas, gol. Cuba, pat. Rigó: con 500 sacos;;Cuba;;;gol.;1890_02_09;Cabañas;;
;;N/A: ;;;Vilar;cap.;;;;;Cuba, vapor Mortera, cap. Vilar: con 4,077 sacos;;Mortera;;;vap.;1890_02_11;Cuba;;
;;N/A:  | N/A:  | N/A: ;;;Sanjurjo;cap.;;;;;"-Nuevitas, vapor Cosme de Herrera, cap. Sanjurjo: con 150 reses; 1,400 sacos azúcar y efectos.";;Cosme de Herrera;;;vapor;1890_02_11;Nuevitas;;
Día 01:;;;;;Bernaza;pat.;;;;;Puerto-Padre, gol. Tres Hermanas, pat. Bernaza:;;Tres Hermanas;;;gol.;1890_02_11;Puerto-Padre;;
;;N/A: ;;;Aguiar;pat.;;;;;-Arroyos, gol. Júcaro, pat. Aguiar: con 1,000 sacos carbón.;;Júcaro;;;gol.;1890_02_11;Arroyos;;
Día 12:;;N/A: ;;;Serra;pat.;;;;;Día 12: De Sagua, gol. Amalia, pat. Serra: con 500 sacos carbón,;;Amalia;;;gol.;1890_02_13;Sagua;;
;;;;;Cantero;pat.;;;;;-Cárdenas, gol. Aguila de Oro, pat. Cantero: con;;Aguila de Oro;;;gol.;1890_02_13;Cárdenas;;
;;N/A: ;;;Marantes;pat.;;;;;-Mariel, gol. Altagracia, pat. Marantes: con 300;;Altagracia;;;gol.;1890_02_13;Mariel;;
;;N/A: ;;;Enseñat;pat.;;;;;-Sierra Morena, gol. Sofía, pat. Enseñat: con 800;;Sofía;;;gol.;1890_02_13;Sierra Morena;;
;;N/A:  | N/A:  | N/A: ;;;Pérez;pat.;;;;;"-Matanzas, gol. María, pat. Pérez: con 120 bocoyes, 2212 idem y 814 idem aguardiente. - -Cárdenas, gol. María del Carmen, pat. Valent;";;María;;;gol.;1890_02_13;Matanzas;;
;;;;;Mandilego;pat.;;;;;-Cárdenas, gol. Fsmeralda, pat. Mandilego: con;;Fsmeralda;;;gol.;1890_02_13;Cárdenas;;
;;;;;Villalonga;pat.;;;;;-Mariel, gol. María Magdalena, pat. Villalonga:;;María Magdalena;;;gol.;1890_02_13;;;
Día 13:;;N/A: ;;;Cardelúz;pat.;;;;;Día 13: De Sagua, gol. Adela, pat. Cardelúz: con 106 pipas;;Adela;;;gol.;1890_02_14;Sagua;;
;;N/A: ;;;Valent;pat.;;;;;-Cá denas, gol. Juan Toralla, pat. Valent: con 700;;Juan Toralla;;;gol.;1890_02_14;Cá denas;;
;;N/A: ;;;Hernández;pat.;;;;;-Morrillo, gol. Britania, pat. Hernández: con 300;;Britania;;;gol.;1890_02_14;Morrillo;;
Día 14:;;;;;Macip;pat.;;;;;Día 14: De Santa Cruz, gol. Joven Manuel, pat. Macip: con;;Joven Manuel;;;gol.;1890_02_15;Santa Cruz;;
;;N/A: ;;;;pat.;;;;;-Sagua, vapor Clara, pat. Bilbao: con 320 sacos;;Clara;;;vapor;1890_02_15;Sagua;;
Día 15:;;;;;Zaragoza;pat.;;;;;Día 15: De Cárdenas, gol. Isla de Cuba, pat. Zaragoza: con;;Isla de Cuba;;;gol.;1890_02_16;Cárdenas;;
;;;;;Salvá;pat.;;;;;-Sierra Morena, gol. María Teresa, pat. Salvá: con;;María Teresa;;;gol.;1890_02_16;Sierra Morena;;
;;N/A: ;;;Pérez;pat.;;;;;-Matanzas, gol. Amalia, pat. Pérez: con 90 cascos;;Amalia;;;gol.;1890_02_16;Matanzas;;
;;N/A:  | N/A:  | N/A: ;;;Ventura;cap.;;;;;"-Cuba, vapor Manuela, cap. Ventura: con 500 sacos azúcar; 153 reses y efectos.";;Manuela;;;vapor;1890_02_16;Cuba;;
;;;;;Ferrer;pat.;;;;;-Matanzas, gol. Dos Hermanas, pat. Ferrer: con;;Dos Hermanas;;;gol.;1890_02_19;Matanzas;;
;;N/A: ;;;Torres;pat.;;;;;-Baracoa, gol. Elva, pat. Torres: con 30,000 cocos;;Elva;;;gol.;1890_02_19;Baracoa;;
Día 19:;;N/A: ;;;Vilar;cap.;;;;;Día 19: De Cuba, vapor Mortera, cap. Vilar: con 1,800 sacos;;Mortera;;;vap.;1890_02_20;Cuba;;
;;N/A: ;;;Vera;pat.;;;;;-Santa Cruz, gol. San Antonio, pat. Vera: con 131;;San Antonio;;;gol.;1890_02_20;Santa Cruz;;
;;;;;Porcell;pat.;;;;;Jaruco, gol. Paquete de Jaruco, pat. Porcell: con;;Paquete de Jaruco;;;gol.;1890_02_20;Jaruco;;
;;N/A: ;;;López;pat.;;;;;-Morrillo, gol. Agustina, pat. López: con 300 sacos;;Agustina;;;gol.;1890_02_20;Morrillo;;
Día 20:;;N/A: ;;;Cardeluz;cap.;;;;;Día 20: De Sagua, vapor Adela, cap. Cardeluz: con 10 Bacos;;Adela;;;vap.;1890_02_21;Sagua;;
;;N/A:  | N/A:  | N/A:  | N/A: ;;;Sanjurjo;cap.;;;;;"-Cuba, vapor Avilés, cap. Sanjurjo: con 1,982 sacos azúcar; 53 cascos ron; 100 reses y efectos.";;Avilés;;;vapor;1890_02_21;Cuba;;
;;N/A: ;;;Durán;pat.;;;;;-Teja, gol. Dos Sofías, pat. Durán: con 1,200 sacos;;Dos Sofías;;;gol.;1890_02_21;Teja;;
;;N/A: ;;;Borrell;pat.;;;;;carbón. -Teja, gol. Castilla, pat. Borrell: con 900 sacos;;Castilla;;;gol.;1890_02_21;Teja;;
Día 21:;;N/A: ;;;Marantes;pat.;;;;;Día 21: De Mariel, gol. Altagracia, pat. Marantes: con 300;;Altagracia;;;gol.;1890_02_22;Mariel;;
;;N/A: ;;;Bosch;pat.;;;;;Dominica, gol. Dominica, pat. Bosch: con 330;;Dominica;;;gol.;1890_02_22;Dominica;;
;;N/A: ;;;Real;cap.;;;;;-Malas-Aguas, vapor Tritón, cap. Real: con 200;;Tritón;;;vapor;1890_02_22;Malas-Aguas;;
;;N/A: ;;;;pat.;;;;;-Sagua, vapor Clara, pat. Bilbao: con 296 sacos;bilbao;Clara;;;vapor;1890_02_22;Sagua;;
;;;;;Valent;pat.;;;;;-Cárdenas, gol. María del Carmen, pat. Valent:;;María del Carmen;;;gol.;1890_02_22;Cárdenas;;
;;N/A: ;;;Cabaleiro;pat;;;;;-Sagua, gol. Rosita, pat Cabaleiro: con 500 sacos;;Rosita;;;gol.;1890_02_22;Sagua;;
;;N/A: ;;;Terrades;pat.;;;;;-Sagua, gol. Candita, pat. Terrades: con 500 sacos;;Candita;;;gol.;1890_02_22;Sagua;;
;;;;;Ferrer;pat.;;;;;Bahía-Honda, gol. Mercedita, pat. Ferrer: con;;Mercedita;;;gol.;1890_02_22;Bahía-Honda;;
;;;;;Calafell;pat.;;;;;-Matanzas, gol. María Jose'a, pat. Calafell: con;;María Jose'a;;;gol.;1890_02_22;Matanzas;;
Día 22:;;N/A: ;;;Juan;pat.;;;;;Día 22: De Cabañas, gol. Rosita, pat. Juan: con 150 sacos;;Rosita;;;gol.;1890_02_23;Cabañas;;
;;N/A: ;;;Enseñat;pat.;;;;;-Morrillo, gol. Feliz, pat. Enseñat: con 75 cuarterolas miel,;;Feliz;;;gol.;1890_02_23;Morrillo;;
;;;;;Cantero;pat.;;;;;Cárdenas, gol. Aguila de Oro, pat. Cantero: con;;Aguila de Oro;;;gol.;1890_02_25;Cárdenas;;
;;N/A: ;;;Enseñat;pat.;;;;;Sierra Morena, gol. Sofía, pat. Enseñat: con 745;;Sofía;;;gol.;1890_02_25;;;
;;;;;González;pat.;;;;;-Arroyos, gol. Joven Victoria, pat. González: con;;Joven Victoria;;;gol.;1890_02_25;Arroyos;;
;;;;;Macip;pat.;;;;;-Santa Cruz, gol. Joven Mannel, pat. Macip: con;;Joven Mannel;;;gol.;1890_02_25;Santa Cruz;;
;;;;;Mandilego;pat.;;;;;-Cárdenas, gol. Esmeralda, pat. Mandilego: con;;Esmeralda;;;gol.;1890_02_25;Cárdenas;;
Día 25:;;N/A: ;;;Marantes;pat.;;;;;Día 25: De Mariel, gol. Altagracia, pat. Marantes: con 300;;Altagracia;;;gol.;1890_02_26;Mariel;;
Día 01:;;;;;Mayans;pat.;;;;;-Punta San Juan, gol. 2a Gertrudis, pat. Mayans:;;2a Gertrudis;;;gol.;1890_02_26;Punta San Juan;;
;;;;;Maciá;pat.;;;;;-Rio de la Palma, gol. Gallego, pat. Maciá: con;;Gallego;;;gol.;1890_02_26;Rio de la Palma;;
Día :;;;;;Villalonga;pat.;;;;;-Mariel gol. María Magdalena, pat. Villalonga:;;María Magdalena;;;gol.;1890_02_26;;;
;;N/A: ;;;Villalonga;pat.;;;;;-Punta-Alegre, gol. Clío, pat. Villalonga: con 100;;Clío;;;gol.;1890_02_26;Punta Alegre;;
;;N/A: ;;;Aguiar;pat.;;;;;-Arroyos, gol Júcaro, pat. Aguiar: con 1,000 sacos carbón.;;Júcaro;;;gol;1890_02_27;Arroyos;;
;;N/A: ;;;Bernaza;pat.;;;;;-Dimas, gol. Amable Rosita, pat. Bernaza: con 700;;Amable Rosita;;;gol.;1890_02_27;Dimas;;
;;N/A: ;;;Ferrer;pat.;;;;;-Dimas, gol. Deseada, pat. Ferrer: con 400 sacos;;Deseada;;;gol.;1890_02_27;Dimas;;
;;N/A: ;;;Acuña;pat.;;;;;Gibara, gol. María Andrea, pat. Acuña: con 124;;María Andrea;;;gol.;1890_02_27;Gibara;;
;;N/A: ;;;Freixas;pat.;;;;;-Cabañas, gol. Josefa, pat. Freixas: con 900 sacos;;Josefa;;;gol.;1890_02_27;Cabañas;;
;;;;;Valent;pat.;;;;;-Cárdenas, gol. Juan Toralla, pat. Valent: con;;Juan Toralla;;;gol.;1890_02_27;Cárdenas;;
;;N/A: ;;;Pérez;pat.;;;;;-Matanzas, gol. Amalia, pat. Pérez: con 25 pipas;;Amalia;;;gol.;1890_02_27;Matanzas;;
;;N/A: ;;;López;pat.;;;;;-Morrillo, gol. Agustina, pat. López: con 23 sacos;;Agustina;;;gol.;1890_02_27;Morrillo;;
;;N/A: ;;;Alemañу;pat.;;;;;-Dimas, gol. Mercedita, pat. Alemañу: con 1,200;;Mercedita;;;gol.;1890_02_27;Dimas;;
Día 27:;;N/A: ;;;Cardeluz;cap.;;;;;Día 27: De Sagua, vap. Adela, cap. Cardeluz: con 360 sacos;;Adela;;;vap.;1890_02_28;Sagua;;
;;;;;Bernaza;pat.;;;;;-Dimas, gol. Amable Rosita, pat. Bernaza: con;;Amable Rosita;;;gol.;1890_02_28;Dimas;;
;;N/A: ;;;Moll;pat.;;;;;Mantua, gol. Lince, pat. Moll: con 600 sacos carbón.;;Lince;;;gol.;1890_02_28;Mantua;;
Día 28:;;N/A: ;;;Mateu;pat.;;;;;Día 28: De Bajas, gol. Sun Francisco, pat. Mateu: con 1,000;;Sun Francisco;;;gol.;1890_03_01;Bajas;;
;;;;;Toro;pat.;;;;;-Pto. San Juan, gol. Rita Fortuna, pat. Toro: con;;Rita Fortuna;;;gol.;1890_03_01;San Juan;;
;;N/A: ;;;Prieto;pat.;;;;;-Manzanillo, gol. Rosita, pat. Prieto: con 1,000;;Rosita;;;gol.;1890_03_01;Manzanillo;;
;;N/A:  | N/A: ;;;Alemañy;pat.;;;;;-Manatí, gol. Juanita, pat. Alemañy: con 40 caballos leña y 114 piezas madera.;;Juanita;;;gol.;1890_03_01;Manatí;;
Día :;;;;;Orbay;pat.;;;;;-Mulata, gol. Paquete de Nuevitas, pat. Orbay:;;Paquete;;;gol.;1890_03_01;Nuevitas;;
;;N/A: ;;;Portella;pat.;;;;;-Bahía-Honda, gol. Paquete de Sagua, pat. Portella: con 500 sacos azúcar.;;Paquete de Sagua;;;gol.;1890_03_01;Bahía-Honda;;
;;;;;Ferrer;pat.;;;;;-Bahía-Honda, gol. Mercedita, pat. Ferrer: con;;Mercedita;;;gol.;1890_03_01;Bahía-Honda;;
;;;;;Suárez;pat.;;;;;-Santa Cruz. gol. San Antonio, pat. Suárez: con;;San Antonio;;;gol.;1890_03_01;Santa Cruz;;
;;N/A:  | N/A:  | N/A: ;;;Planas;pat.;;;;;"-Mulata. gol. Dolores, pat. Planas: con 100 caballos leña; 150 sacos carbón y 100 varas madera.";;Dolores;;;gol.;1890_03_01;;;
Día 19:;;N/A: ;;;Vilar;cap.;;;;;Día 19: De Nuevitas, vapor Mortera, cap. Vilar: con 1,400;;Mortera;;;vapor;1890_03_02;Nuevitas;;
;;N/A: ;;;Cabruja;pat.;;;;;-Congoja, 2 Rosa, pat. Cabruja: con 1,000 sacos;;Rosa;;;;1890_03_02;Congoja;;
;;;;;Zaragoza;pat.;;;;;-Cárdenas, gol. Isla de Cuha, pat. Zaragoza: con;;Isla de Cuha;;;gol.;1890_03_02;Cárdenas;;
;;N/A:  | N/A: ;;;Pujol;pat.;;;;;Gibara, gol. 18 de Vinaróz, pat. Pujol: con 80 fanegas maiz y 24 arrobas cera.;;18 de Vinaróz;;;gol.;1890_03_02;Gibara;;
;;N/A: ;;;Bosch;pat.;;;;;-Mariel, gol. Dominica, pat. Bosch: con 300 sacos;;Dominica;;;gol.;1890_03_04;;;
;;;;;Salvá;pat.;;;;;-Sierra Morena, gol. María Teresa, pat. Salvá: con;;María Teresa;;;gol.;1890_03_04;Sierra Morena;;
Día 6:;;N/A:  | N/A:  | N/A: ;;;Cardeluz;cap.;;;;;"Día 6: De Sagua, vapor Adela, cap. Cardeluz: con 2,000 sacos azúcar; 120 pipas aguardiente y efectos.";;Adela;;;vapor;1890_03_07;Sagua;;
;;N/A: ;;;Colomar;pat.;;;;;Baracoa, gol. Gaspar, pat. Colomar: con 46 bocoyes miel.;;Gaspar;;;gol.;1890_03_07;Baracoa;;
;;;;;Porcel;pat.;;;;;-Jaruco, gol. Paquete de Jaruco, pat. Porcel: con;;Paquete de Jaruco;;;gol.;1890_03_07;Jaruco;;
;;;;;Alemañy;pat.;;;;;-Cárdenas, gol. Joven Pilar, pat. Alemañy: con;;Joven Pilar;;;gol.;1890_03_07;Cárdenas;;
Día :;;;;;Villalonga;pat.;;;;;-Sierra Morena, gol. Enriqueta, pat. Villalonga:;;Enriqueta;;;gol.;1890_03_07;Sierra Morena;;
;;N/A: ;;;Vidal;pat.;;;;;-Sagua, gol. Joven Luisa, pat. Vidal: con 1,000sacos carbón.;;Joven Luisa;;;gol.;1890_03_07;Sagua;;
;;N/A: ;;;Pellicer;pat.;;;;;-Granadillo, gol. Pirineo, pat. Pellicer: con 1,200;;Pirineo;;;gol.;1890_03_07;Granadillo;;
;;N/A: ;;;Freixas;pat.;;;;;-Cabañas, gol. Josefa, pat. Freixas: con 800 sacos;;Josefa;;;gol.;1890_03_07;Cabañas;;
;;;;;Macip;pat.;;;;;-Santa Cruz, gol. Joven Manuel, pat. Macip: con;;Joven Manuel;;;gol.;1890_03_07;Santa Cruz;;
Día 7:;;N/A: ;;;Vilar;cap.;;;;;Día 7: De Nuevitas, vapor Mortera, cap. Vilar: con 1,776;;Mortera;;;vap.;1890_03_08;Nuevitas;;
Día :;;;;;Menaya;pat.;;;;;-Laguna del Medio, gol. Almanza, pat. Menaya:;;Almanza;;;gol.;1890_03_08;Laguna del Medio;;
;;N/A: ;;;Ferrer;pat.;;;;;con 2,000 sacos carbón. -Matanzas, gol. Dos Hermanas, pat. Ferrer: con;;Dos Hermanas;;;gol.;1890_03_08;Matanzas;;
;;N/A: ;;;Lloret;pat.;;;;;-Bejas, gol. Angelita, pat. Lloret: con 300 sacos;;Angelita;;;gol.;1890_03_09;Bejas;;
;;N/A: ;;;Cudilleiro;pat.;;;;;-Bajas gol. Carmita, pat. Cudilleiro: con 800 sacos;;Carmita;;;gol.;1890_03_09;Bajas;;
;;N/A: ;;;Pujol;pat.;;;;;Jibacoa, gol. 1 de Vinaroz, pat. Pujol: con 40;;1;;;gol.;1890_03_09;Vinaroz;;
;;N/A: ;;;Serra;pat.;;;;;-Sagua, goleta Amalia, pat. Serra: con 500 sacos;;Amalia;;;goleta;1890_03_11;Sagua;;
;;N/A: ;;;Enseñat;pat.;;;;;-Sierra Morena, gol. Sofía, pat. Enseñat: con 800;;Sofía;;;gol.;1890_03_11;Sierra Morena;;
;;;;;Barreras;pat.;;;;;-Sierra Morena, gol. América, pat. Barreras, con;;América;;;gol.;1890_03_12;Sierra Morena;;
;;N/A: ;;;Marantes;pat.;;;;;Mariel, gol. Altagracia, pat. Marantes, con 300 s[;;Altagracia;;;gol.;1890_03_12;;;
Día 13:;;N/A: ;;;Real;cap.;;;;;Día 13: De Malas-Aguas, vapor Tritón, cap. Real: con 700;;Tritón;;;vapor;1890_03_14;Malas-Aguas;;
;;;;;Cantero;pat.;;;;;-Cárdenas, gol. Aguila de Oro, pat. Cantero: con;;Aguila de Oro;;;gol.;1890_03_14;Cárdenas;;
;;N/A: ;;;Padilla;pat.;;;;;-Banes, gol. Josefa, pat. Padilla: con 40 bocoyes;;Josefa;;;gol.;1890_03_14;Banes;;
;;;;;Macip;pat.;;;;;-Santa Cruz, gol. Joven Manuel, pat. Macip: con;;Joven Manuel;;;gol.;1890_03_14;Santa Cruz;;
;;N/A: ;;;Borrell;pat.;;;;;-Teja, gol. Castilla, pat. Borrell: con 1,000 sacos;;Castilla;;;gol.;1890_03_14;Teja;;
;;N/A: ;;;Rigó;pat.;;;;;-Cabañas, gol. Cuba, pat. Rigó: con 500 sacos carbón.;;Cuba;;;gol.;1890_03_14;Cabañas;;
Día 14:;;N/A:  | N/A:  | N/A: ;;;Cardeluz;cap.;;;;;"Día 14: De Sagua, vapor Adela, cap. Cardeluz: con 2,000 sacos azúcar; 66 pipas aguardiente y efectos.";;Adela;;;vap.;1890_03_15;Sagua;;
;;N/A: ;;;Vilar;cap.;;;;;-Nuevitas, vapor Mortera, cap. Vilar: con 3,220;;Mortera;;;vapor;1890_03_15;Nuevitas;;
;;N/A: ;;;Marantes;pat.;;;;;-Mariel, goi. Altagracia, pat. Marantes: con 300;;Altagracia;;;goi.;1890_03_15;;;
;;;;;Zaragoza;pat.;;;;;Cárdenas, gol. Isla de Cuba, pat. Zaragoza: con;;Isla de Cuba;;;gol.;1890_03_15;Cárdenas;;
;;;;;Alemañу;pat.;;;;;Cárdenas, gol. Joven Pilar, pat. Alemañу: con;;Joven Pilar;;;gol.;1890_03_15;Cárdenas;;
;;N/A:  | N/A: ;;;Pérez;pat.;;;;;-Matanzas. gol. Amalia, pat. Pérez: con 1,000 sacos azúcar y efectos.;;Amalia;;;gol.;1890_03_15;Matanzas;;
;;;;;Pérez;pat.;;;;;-Matanzas, gol. Dos Hermanas, pat. Pérez: con;;Dos Hermanas;;;gol.;1890_03_15;Matanzas;;
;;N/A:  | N/A: ;;;Ferrer;pat.;;;;;-Jaruco, gol. Joven Lola, pat. Ferrer: con 415 83cos azúcar y 2 pipas aguardiente.;;Joven Lola;;;gol.;1890_03_15;Jaruco;;
;;;;;Tur;pat.;;;;;-Punta San Juan, gol. José Riera, pat. Tur: con;;José Riera;;;gol.;1890_03_15;San Juan;;
;;;;;Rodríguez;pat.;;;;;-Cabañas, gol. Dos Amigos, pat. Rodríguez: con;;Dos Amigos;;;gol.;1890_03_15;Cabañas;;
;;N/A: ;;;Ventura;cap.;;;;;"-""uba vap. Manuela. cap. Ventura: con 450 sneos";;Manuela;;;vap.;1890_03_16;uba;;
;;N/A: ;;;Pujol;pat.;;;;;Jibacoa gta. Primera Vinaroz, pat. Pujol: con 20;;Primera Vinaroz;;;gta.;1890_03_16;Jibacoa;;
;;N/A: ;;;Amengual;pat.;;;;;-Mantua gta. María, pat. Amengual: con 800 sacos carbón.;;María;;;gta.;1890_03_16;Mantua;;
Día 17:;;N/A: ;;;Bilbao;cap.;;;;;Día 17: De Sagua, vapor Clara, cap. Bilbao: con 730 Bacos;;Clara;;;vap.;1890_03_18;Sagua;;
;;N/A: ;;;Prats;pat.;;;;;-Sagua, gol. Dos Amigos, pat. Prats: con 800 sacos;;Dos Amigos;;;gol.;1890_03_18;Sagua;;
;;;;;Colomar;pat.;;;;;-Punta San Juan, gol. Antonia, pat. Colomar: con;;Antonia;;;gol.;1890_03_18;Punta San Juan;;
;;N/A: ;;;Coll;pat.;;;;;-Yaguajay, gol. Joven Blanca, pat. Coll: con 179;;Joven Blanca;;;gol.;1890_03_18;Yaguajay;;
;;N/A: ;;;Rigó;pat.;;;;;tozas cedro. -Cabañas, gol. Cuba, pat. Rigó: con 500 sacos azúcar.;Cuba;;;;gol.;1890_03_18;Cabañas;;
;;N/A: ;;;Marantes;pat.;;;;;-Mariel, gol. Altagracia, pat. Marantes: con 330;;Altagracia;;;gol.;1890_03_19;;;
Día 20:;;N/A: ;;;Cardeluz;cap.;;;;;Dia 20: De Sagua vapor Adela, cap. Cardeluz: con 1500 sacos;;Adela;;;vapor;1890_03_21;Sagua;;
;;N/A: ;;;Valent;pat.;;;;;-Cárdenas gta. Juan Toralla, pat. Valent: con 850;;Juan Toralla;;;gta.;1890_03_21;Cárdenas;;
;;N/A:  | N/A:  | N/A: ;;;Ferrer;pat.;;;;;-Jaruco gta. J. Lola, pat. Ferrer: con 75 sacos azúcar, 66 cuñetes miel y 8 pipas aguardiente.;;J. Lola;;;gta.;1890_03_21;Jaruco;;
;;N/A: ;;;Pérez;pat.;;;;;-Matanzas gta. Amalia, pat. Pérez con 1000 sacos;;Amalia;;;gta.;1890_03_21;Matanzas;;
Día :;;N/A: ;;;Esprius;pat.;;;;;Mantua gta. Catalina, pat. Esprius: con 800 sacos;;Catalina;;;gta.;1890_03_21;Mantua;;
;;N/A: ;;;Suárez;pat.;;;;;-Cabañas gta. Rosa María, pat. Suárez: con 90 bocoyes miel.;;Rosa María;;;gta.;1890_03_21;Cabañas;;
Día 21:;;N/A: ;;;Vi'ar;cap.;;;;;Día 21: De Nuev tas vapor Mortera, cap. Vi'ar, con 450 rese;;Mortera;;;vapor;1890_03_22;Nuev tas;;
;;N/A: ;;;Salvá;pat.;;;;;-Sierra Morena gol. María Teresa, pat. Salvá, con 625 sacos azúcar y efectos.;;María Teresa;;;gol.;1890_03_22;Sierra Morena;;
;;N/A: ;;;Bernaza;pat.;;;;;-Dimas gol. Amable Rosita, pat. Bernaza, con 700;;Amable Rosita;;;gol.;1890_03_22;;;
;;N/A: ;;;Ferrer;pat.;;;;;Dimas, gol. Deseada, pat. Ferrer, con 4 sacos;;Deseada;;;gol.;1890_03_22;;;
;;N/A: ;;;Durán;pat.;;;;;-Sagua go!. Dos S fías, pat. Durán, con 1200 sacos;;Dos S fías;;;go!;1890_03_22;Sagua;;
;;;;;Mancile ro;pat.;;;;;Car enas gol. Esmeralda, pat. Mancile ro, con;;Esmeralda;;;gol.;1890_03_22;;;
;;N/A:  | N/A:  | N/A: ;;;Cuevas;pat.;;;;;Cárdenas gol. Angelita, pat. Cuevas, con 600 barriles azúcar, 40 pipas aguardiente y efectos,;;Angelita;;;gol.;1890_03_22;Cárdenas;;
Día 26:;;N/A: ;;;Cardeluz;cap.;;;;;Día 26: De Sagua vapor Adela, cap. Cardeluz: con 56 vacas;;Adela;;;vapor;1890_03_27;Sagua;;
;;N/A: ;;;Verges;pat.;;;;;-Sagua gta. Paca, pat. Verges: con 1750 sacos azúcar.;;Paca;;;gta.;1890_03_27;Sagua;;
;;N/A: ;;;Macip;pat.;;;;;-Santa Cruz gta. J. Manuel, pat. Macip: con 210;;J. Manuel;;;gta.;1890_03_27;Santa Cruz;;
;;N/A: ;;;Joy;pat.;;;;;-Cárdenas gta Crisálida, pat. Joy: con 1000 sacos;;Crisálida;;;gta;1890_03_27;Cárdenas;;
;;N/A: ;;;Covas;pat.;;;;;-Ortigosa gt. Dolorita, pat. Covas: con 60 bocoyes;;Dolorita;;;gt.;1890_03_27;Ortigosa;;
;;N/A:  | N/A: ;;;Pérez;pat.;;;;;-Matanzas gta. Amalia, pat. Pérez: con 1000 sacos azúcar y 30 pipas aguardiente.;;Amalia;;;gta.;1890_03_27;Matanzas;;
;;N/A: ;;;Pérez;pat.;;;;;-Matanzas gta. María, pat. Pérez: con 1100 sacos;;María;;;gta.;1890_03_27;Matanzas;;
;;N/A: ;;;Acuña;pat.;;;;;Sagua, gol. María Andrea, pat. Acuña: con 800;;María Andrea;;;gol.;1890_03_28;Sagua;;
Día :;;N/A: ;;;Suao;pat.;;;;;-Gibara, gol. Moralidad, pat. Suao: con 876 sacos;;Moralidad;;;gol.;1890_03_28;Gibara;;
;;N/A: ;;;Freixas;pat.;;;;;-Cabañas, gol. Josefa, pat. Freixas: con 800 sacos;;Josefa;;;gol.;1890_03_28;Cabañas;;
Día :;;;;;Calafell;pat.;;;;;Matanzas, gol. María Josefa, pat. Calafell: con;;María Josefa;;;gol.;1890_03_28;Matanzas;;
;;;;;Ferrer;pat.;;;;;-Matanzas, gol. Dos Hermanas, pat. Ferrer: con;;Dos Hermanas;;;gol.;1890_03_28;Matanzas;;
;;;;;Mandilego;pat.;;;;;-Cárdenas, gol. Esmeralda, pat. Mandilego: con;;Esmeralda;;;gol.;1890_03_28;Cárdenas;;
;;;;;Serra;pat.;;;;;-Bahía-Honda, gol. San Francisco, pat. Serra: con;;San Francisco;;;gol.;1890_03_28;Bahía-Honda;;
Día 28:;;N/A:  | N/A:  | N/A:  | N/A: ;;;Vilar;cap.;;;;;Día 28: De Nuevitas vapor Mortera, cap. Vilar: con 1015 sacos azúcar, 131 bocoy es miel, 445 reses y efectos.;;Mortera;;;vapor;1890_03_29;Nuevitas;;
;;N/A: ;;;Bosch;pat.;;;;;-Dominica gta. Dominica, pat. Bosch: con 330 sacos azúcar.;;Dominica;;;gta.;1890_03_29;Dominica;;
;;N/A: ;;;Ruiz;pat.;;;;;-Dimas gta Dos Hermanas, pat. Ruiz: con 330;;Dimas;;;gta;1890_03_29;Dos Hermanas;;
;;N/A: ;;;Pujol;pat.;;;;;-Gibara gta. Primera Vinaroz, pat. Pujol: con 32;;Primera Vinaroz;;;gta.;1890_03_29;Gibara;;
;;N/A: ;;;Colomar;pat.;;;;;-Baracoa gta. Gaspar, pat. Colomar: con 40 bocoyes miel.;;Gaspar;;;gta.;1890_03_29;Baracoa;;
;;N/A:  | N/A: ;;;Tortell;pat.;;;;;Cabañas gta. Victoria, pat. Tortell: con 750 sacos azúcar y 32 cuñetes miel.;;Victoria;;;gta.;1890_03_29;Cabañas;;
;;N/A: ;;;Cánovas;pat.;;;;;-Mariel gta Trafalgar, pat. Cánovas: con 750 sacos azúcar.;;Mariel;;;gta;1890_03_29;Trafalgar;;
;;N/A: ;;;García;pat.;;;;;-Cabañas gta. Rosario, pat. García: con 90 bocoyes azúcar.;;Rosario;;;gta.;1890_03_29;Cabañas;;
Día 29:;;N/A: ;;;Bilbao;cap.;;;;;Día 29: De Sagua vapor Clara, cap. Bilbao: con 1838 saeos;;Clara;;;vapor;1890_03_30;Sagua;;
;;N/A: ;;;Marantes;pat.;;;;;Mariel gol. Altagracia, pat. Marantes: con 300;;Altagracia;;;gol.;1890_03_30;;;
;;;;;Juan;pat.;;;;;-Sierra Morena gol. María Teresa, pat. Juan: con;;María Teresa;;;gol.;1890_03_30;;;
;;N/A: ;;;;p.;;;;;-Carahatas gol. Tres Hermanas, p. Riobó: con 100;;Tres Hermanas;;;gol.;1890_03_30;Riobó;;
;;N/A: ;;;Pereira;pat.;;;;;-Carahatas gol. Teresita, pat. Pereira: con 180 bocoyes miel.;;Teresita;;;gol.;1890_03_30;Carahatas;;
Día :;;;;;García;pat.;;;;;-Puerto Escondido gol. J. Pepilla, pat. García:;;J. Pepilla;;;gol.;1890_03_30;Puerto Escondido;;
;;N/A: ;;;Pérez;pat.;;;;;-Matanzas gol. Amalia, pat. Pérez: con 1000 sacos;;Amalia;;;gol.;1890_03_30;Matanzas;;
;;N/A: ;;;Cuevas;pat.;;;;;-Cárdenas gol. Angelita, pat. Cuevas: con 720;;Angelita;;;gol.;1890_03_30;Cárdenas;;
;;N/A: ;;;Enseñat;pat.;;;;;-Morrillo gol, Feliz, pat. Enseñat: con 71 cuarterolas miel.;;Feliz;;;gol;1890_03_30;Morrillo;;
;;N/A: ;;;Juan;pat.;;;;;-Cabañas ol. Rosita, pat. Juan: con 150 sacos;;Rosita;;;ol.;1890_03_30;Cabañas;;
;;N/A: ;;;Vidal;pat.;;;;;-Sagua gol, Jove nLuisa, pat. Vidal: con 900 sacos;;Jove nLuisa;;;gol;1890_03_30;Sagua;;
;;N/A:  | N/A: ;;;Matos;pat.;;;;;Canasí, gol. Golondrina, pat, Matos: con 300 caballos leña y efectos.;;Golondrina;;;gol.;1890_03_30;Canasí;;
Día 31:;;N/A: ;;;Albóniga;cap.;;;;;Día 31: De Cuba vapor Avilés, cap. Albóniga: con 1500 sacos;;Avilés;;;vapor;1890_04_01;Cuba;;
;;N/A: ;;;Enseñat;pat.;;;;;-Sierra, Morena gta Sofía, pat. Enseñat: con 800;;Sofía;;;gta;1890_04_01;Sierra, Morena;;
;;N/A: ;;;Barceló;pat.;;;;;-Bahía Honda gta. Salve Virgen María, pat. Barceló: con 40 cuarterolas de miei.;;Salve Virgen María;;;gta.;1890_04_01;Bahía Honda;;
;;N/A: ;;;Bonet;pat.;;;;;-Jaruco gta. Joven Lola, pat. Bonet: con 250 sacos azúcar.;;Joven Lola;;;gta.;1890_04_01;Jaruco;;
;;N/A: ;;;Hernández;pat.;;;;;-Morrillo gta. Britania, pat. Hernández: con 200;;Britania;;;gta.;1890_04_01;Morrillo;;
;;N/A:  | N/A:  | N/A:  | N/A: ;;;Lloret;pat.;;;;;"-Bajas, gol. Angelita, pat Lloret: con 360 quintales cáscara; 125 caballos leña y efectos.";;Angelita;;;gol.;1890_04_02;Bajas;;
;;;;;Macip;pat.;;;;;-Santa Cruz, gol. Joven Manuel, pat. Macip: con;;Joven Manuel;;;gol.;1890_04_02;Santa Cruz;;
Día :;;N/A: ;;;Cánovas;pat.;;;;;-Mariel, gol. Trafalgar, pat. Cánovas: con 500 sacos azúcar.;;Trafalgar;;;gol.;1890_04_02;;;
Día 2:;;N/A: ;;;Cardeluz;cap.;;;;;Día 2: De Sagua, vapor Adela, cap. Cardeluz: con 51 pipas;;Adela;;;vapor;1890_04_03;Sagua;;
;;N/A:  | N/A:  | N/A: ;;;Marantes;pa.;;;;;aguardiente y 1,800 sacos azúcar. - -Mariel, gol. Altagracia, pa. Marantes: con 300;;Altagracia;;;gol.;1890_04_03;Mariel;;
;;N/A: ;;;Bosch;pat.;;;;;-Mariel, gol Dominica, pat. Bosch: con 300 sacos;;Dominica;;;gol;1890_04_03;;;
;;N/A: ;;;Cuevas;pat.;;;;;-Cárdenas, gol. Angelita, pat. Cuevas: con 1,000;;Angelita;;;gol.;1890_04_03;Cárdenas;;
;;N/A: ;;;Portella;pat.;;;;;-Bahía-Honda, gol. Paquete de Sagua, pat. Portella: con 600 sacos azúcar.;;Paquete de Sagua;;;gol.;1890_04_03;Bahía-Honda;;
;;N/A: ;;;López;pat.;;;;;-Morrillo, gol. Agustina, pat. López: con 300 Bacos;;Agustina;;;gol.;1890_04_03;Morrillo;;
;;;;;Ferrer;pat.;;;;;-Bahía-Honda, gol. Mercedita, pat. Ferrer: con;;Mercedita;;;gol.;1890_04_03;Bahía-Honda;;
Día :;;;;;Calafell;pat.;;;;;Matanzas. gol. María Josefa, pat. Calafell: con;;María Josefa;;;gol.;1890_04_03;Matanzas;;
;;;;;Serra;pat.;;;;;Manzanillo, gol. María Teresa, pat. Serra: con;;María Teresa;;;gol.;1890_04_03;Manzanillo;;
Día 5:;;N/A: ;;;Bilbao;cap.;;;;;Día 5: De Sagua, vapor Clara, cap. Bilbao: con 2,230 sacos;;Clara;;;vapor;1890_04_06;Sagua;;
;;N/A:  | N/A:  | N/A: ;;;Vilar;cap.;;;;;"-Nuevitas, vap. Mortera, cap. Vilar: con 1,130 sacos azúcar; 113 bocoyes miel y 427 reses.";;Mortera;;;vap.;1890_04_06;Nuevitas;;
;;N/A: ;;;Serra;pat.;;;;;-Sagua, gol. Amalia, pat. Serra: con 500 sasos carbón.;;Amalia;;;gol.;1890_04_06;Sagua;;
;;N/A: ;;;Valent;pat.;;;;;-Cárdenas, gol. Juan Toralla, pat. Valent: con 600;;Juan Toralla;;;gol.;1890_04_06;Cárdenas;;
;;;;;Amengual;pat.;;;;;-Sagua, gol. 2a Cantinera, pat. Amengual: con;;2a Cantinera;;;gol.;1890_04_06;Sagua;;
;;;;;Riobo;pat.;;;;;-Carahatas, gol. Tres Hermanaa, pat. Riobo: con;;Tres Hermanaa;;;gol.;1890_04_06;Carahatas;;
;;;;;Alemañy;pat.;;;;;-Canasí, gol. Amado Antonio, pat. Alemañy: con;;Amado Antonio;;;gol.;1890_04_06;Canasí;;
;;N/A: ;;;Hernández;pat.;;;;;-Morrillo, gol. Britania, pat. Hernández: con 200;;Britania;;;gol.;1890_04_06;Morrillo;;
;;N/A: ;;;Enseñat;pat.;;;;;-Morrillo, gol. Feliz, pat. Enseñat: con 200 sacos;;Feliz;;;gol.;1890_04_06;Morrillo;;
;;N/A:  | N/A: ;;;Cardeluz;cap.;;;;;-Sagun, vapor Adela, cap. Cardeluz: con 2,000 Facos azúcar y 50 pipas aguardiente.;;Adela;;;vapor;1890_04_08;Sagun;;
;;N/A: ;;;Marantes;pat.;;;;;-Mariel, gol. Altagracia, pat Marantes: con 300;;Altagracia;;;gol.;1890_04_08;;;
;;N/A: ;;;Barceló;pat.;;;;;-Bahía-Honda, gol. Salve Virgen María, pat. Barceló: con 40 cuarterolas miel.;;Salve Virgen María;;;gol.;1890_04_08;Bahía-Honda;;
;;N/A: ;;;Aguiar;pat.;;;;;-Arroyos, gol Júcaro, pat. Aguiar: con 990 sacos;;Júcaro;;;gol;1890_04_08;Arroyos;;
;;;;;González;pat.;;;;;-Congojas, gol. Joven Victoria, pat. González: con;;Joven Victoria;;;gol.;1890_04_08;Congojas;;
;;N/A: ;;;Alemañy;pat.;;;;;-Dimas, gol. Mercedita, pat. Alemañy: con 1,000;;Mercedita;;;gol.;1890_04_08;Dimas;;
;;N/A: ;;;Amengual;pat.;;;;;-Dimas, gol. María. pat. Amengual: con 600 sacos;;María;;;gol.;1890_04_08;Dimas;;
;;N/A: ;;;Esprius;pat.;;;;;-Dimas, gol. Catalina, pat. Esprius: con 800 sacos;;Catalina;;;gol.;1890_04_08;Dimas;;
;;;;;Folgar;pat.;;;;;Sagua la Chica, gol. Joven Leocadia, pat. Folgar:;;Joven Leocadia;;;gol.;1890_04_08;Sagua la Chica;;
;;N/A: ;;;Pereira;pat.;;;;;-Carahatas, gol. Teresita, pat. Pereira: con 1,150;;Teresita;;;gol.;1890_04_08;Carahatas;;
;;N/A: ;;;Freixas;pat.;;;;;-Cabañas, gol. Josefa, pat. Freixas: con 400 sacos;;Josefa;;;gol.;1890_04_08;Cabañas;;
;;;;;Porcel;pat.;;;;;Jaruco. gol. Paquete de Jaruco, pat. Porcel: con;;Paquete de Jaruco;;;gol.;1890_04_08;Jaruco;;
;;N/A: ;;;;Valent;;;;;Cardenas, gol. María del Carmen Valent: con 700;;María del Carmen;;;gol.;1890_04_08;Cardenas;;
Día 8:;;N/A: ;;;Bosch;pat.;;;;;Día 8: De Dominica, gol. Dominica, pat. Bosch: con 300 sacos azúcar.;;Dominica;;;gol.;1890_04_09;Dominica;;
;;N/A: ;;;Ferrer;pat.;;;;;-San Cayetano, gol. Anita, pat. Ferrer: con 400;;Anita;;;gol.;1890_04_09;San Cayetano;;
;;;;;Macip;pat.;;;;;-Santa Cruz, gol. Joven Manuel, pat. Macip: con;;Joven Manuel;;;gol.;1890_04_09;Santa Cruz;;
;;;;;Rodríguez;pat.;;;;;-Cabañas, gol. Dos Amigos, pat. Rodríguez: con;;Dos Amigos;;;gol.;1890_04_09;Cabañas;;
;;N/A: ;;;López;pat.;;;;;-Morrillo, gol. Agustina, pat. López: con 332 sacos azúcar.;;Agustina;;;gol.;1890_04_09;Morrillo;;
;;N/A: ;;;Cabres;pat.;;;;;-Sierra Morena, gol. Emilia, pat. Cabres: con 500;;Emilia;;;gol.;1890_04_09;Sierra Morena;;
;;N/A: ;;;Pérez;pat.;;;;;-Matanzas, gol. María, pat. Pérez: con 1,200 sacos;;María;;;gol.;1890_04_09;Matanzas;;
Día 9:;;;;;Cantero;pat.;;;;;Día 9: De Cárdenas, gol. Aguila de Oro, pat. Cantero: con;;Aguila de Oro;;;gol.;1890_04_10;Cárdenas;;
Día :;;;;;Calafell;pat.;;;;;-Matanzas, gol. María Josefa, pat. Calafell: con;;María Josefa;;;gol.;1890_04_10;Matanzas;;
;;N/A: ;;;Gil;pat.;;;;;-Banes gol. 2 Isabel, pat. Gil: con 500 sacsa azúcar.;;2 Isabel;;;gol.;1890_04_10;Banes;;
Día 10:;;N/A:  | N/A: ;;;Cardeluz;cap.;;;;;Día 10: De Sagna, vapor Adela, cap. Cardeluz: con 1,800 sacos azúcar y 200 pipes aguardiente.;;Adela;;;vapor;1890_04_11;Sagna;;
;;N/A: ;;;Real;cap.;;;;;-Malas-Aguas, vapor Tritón, cap. Real: con 525;;Tritón;;;vapor;1890_04_11;Malas-Aguas;;
;;N/A:  | N/A: ;;;Cuevas;pat.;;;;;-Cárdenas, gol Angelita, pat. Cuevas: con 800 barriles y 150 sacos azúcar y efectos.;;Angelita;;;gol;1890_04_11;Cárdenas;;
Día 01:;;;;;Villalonga;pat.;;;;;-Sierra Morena, gol. Enriqueta, pat. Villalonga:;;Enriqueta;;;gol.;1890_04_11;Sierra Morena;;
Día 11:;;N/A: ;;;Vilar;cap.;;;;;Día 11: De Nuevitas, vapor Mortera, cap. Vilar: con 594 reses.;;Mortera;;;vap.;1890_04_12;Nuevitas;;
Día :;;N/A:  | N/A:  | N/A: ;;;Mayans;pat.;;;;;"-Baracoa, gol. Aguila, pat. Mayans: con 100 barriles aceite de coco; 40,000 cocos y efectos.";;Aguila;;;gol.;1890_04_12;Baracoa;;
Día 01:;;N/A: ;;;;cap.;;;;;tibi fel VCFF De Sagua, vapor Clara, cap. Bilbao: con 2,257 sacos;bilbao;Clara;;;vapor;1890_04_13;Sagua;;
;;N/A: ;;;Pérez;pat.;;;;;-Matanzas, gol. Amalia, pat. Pérez: con 1,107 sacos azúcar.;;Amalia;;;gol.;1890_04_13;Matanzas;;
;;;;;Ferrer;pat.;;;;;-Matanzas, gol. Dos Hermanas, pat. Ferrer: con;;Dos Hermanas;;;gol.;1890_04_13;Matanzas;;
;;N/A: ;;;Mir;pat.;;;;;Granadillo, gol. Joven Felipe, pat. Mir: con 2,000;;Joven Felipe;;;gol.;1890_04_13;Granadillo;;
Día 14:;;N/A: ;;;Enseñat;pat.;;;;;Día 14: De Sierra Morena, gol, Sofía, pat. Enseñat: con 800;;Sofía;;;gol;1890_04_15;Sierra Morena;;
;;;;;Alemañу;pat.;;;;;-Cárdenas, gol. Joven Pilar, pat. Alemañу: con;;Joven Pilar;;;gol.;1890_04_15;Cárdenas;;
Día XX:;;;;;Menaya;pat.;;;;;-Laguna del Medio, gol. Almanza, pat. Menaya:;;Almanza;;;gol.;1890_04_15;Laguna del Medio;;
Día 15:;;N/A:  | N/A:  | N/A:  | N/A: ;;;Ventura;cap.;;;;;Día 15: De Cuba vapor Manuela, cap. Ventura: con 671 sacos azúcar, 50.000 plátanos, 150 reses y efectos.;;Manuela;;;vapor;1890_04_16;Cuba;;
;;N/A:  | N/A: ;;;Mara tes;pat.;;;;;-Mariel gta. Altagrrcia, pat. Mara tes: con 300 sacos azúcar y 500 cuarterolas de miel.;;Altagrrcia;;;gta.;1890_04_16;Mariel;;
Día 16:;;N/A: ;;;Mateu;pat.;;;;;Día 16: De Bajas, gol. San Francisco, pat. Mateu: con 1,000;;San Francisco;;;gol.;1890_04_17;Bajas;;
Día :;;;;;Calafell;pat.;;;;;Matanzas, gol. María Josefa, pat. Calafell: con;;María Josefa;;;gol.;1890_04_17;Matanzas;;
;;;;;Rodríguez;pat.;;;;;-Cabañas, gol. Dos Amigos, pat. Rodríguez: con;;Dos Amigos;;;gol.;1890_04_17;Cabañas;;
;;N/A: ;;;Freixas;pat.;;;;;600 sacos azúcar. - Cabañas, gol. Josefa, pat. Freixas: con 600 sacos;;Josefa;;;gol.;1890_04_17;Cabañas;;
Día 17:;;N/A:  | N/A:  | N/A:  | N/A:  | N/A: ;;;Cardeluz;cap.;;;;;"Día 17: De Sagua, vapor Adela, cap. Cardeluz: con 2,035 sacos azúcar; 450 pipas aguardiente; 40,000 plátanos; 384 tercios tabaco y efectos.";;Adela;;;vapor;1890_04_18;Sagua;;
;;;;;Iuclán;pat.;;;;;-Cabañas, gol. Caballo Marino, pat. Iuclán: con;;Caballo Marino;;;gol.;1890_04_18;Cabañas;;
;;N/A: ;;;Durán;pat.;;;;;-Sagua, gol. Dos Sofías, pat. Durán: con 1,370 sacos carbón.;;Dos Sofías;;;gol.;1890_04_18;Sagua;;
Día :;;;;;Orbay;pat.;;;;;-Margajitas, gol. Paquete de Nuevitas, pat. Orbay:;;Paquete de Nuevitas;;;gol.;1890_04_18;Margajitas;;
Día 18:;;N/A: ;;;Vilar;cap.;;;;;Dia 18: De Nuev tas, vapor Mortera. cap. Vilar: con 2,200;;Mortera;;;vapor;1890_04_19;Nuev tas;;
;;N/A: ;;;Marantes;pat.;;;;;-Mariel, gol. Altagracia, pat. Marantes: con 300;;Altagracia;;;gol.;1890_04_19;;;
;;N/A: ;;;Bosch;pat.;;;;;-Dominica, gol. Dominica, pat. Bosch: con 300;;Dominica;;;gol.;1890_04_19;Dominica;;
;;N/A: ;;;Barreras;pat.;;;;;-Granadillo, gol. Am rica, pat. Barreras: con 1000;;Am rica;;;gol.;1890_04_19;Granadillo;;
;;;;;Cabruja;pat.;;;;;-Sagua la Chica, gol. 2ª Rosa, pat. Cabruja: con;;2ª Rosa;;;gol.;1890_04_19;Sagua la Chica;;
;;;;;Cantero;pat.;;;;;-Cárdenas, gol. Aguila de Oro, pat. Cantero: con;;Aguila de Oro;;;gol.;1890_04_19;Cárdenas;;
;;N/A: ;;;Enseñat;pat.;;;;;-Morrillo, gol. Feliz, pat. Enseñat: con 250 sacos;;Feliz;;;gol.;1890_04_19;Morrillo;;
;;N/A: ;;;Juan;pat;;;;;-Cabañas, gol. Rosita, pat Juan: con 150 acos;;Rosita;;;gol.;1890_04_19;Cabañas;;
;;N/A: ;;;Alemany;pat.;;;;;-C denas, gol Joven Pilar, pat. Alemany: con 800;;Joven Pilar;;;gol;1890_04_19;denas;;
;;N/A: ;;;Gil;pat.;;;;;-Banes, gol. Dos Isabeles, pat. Gil: con 400 sacos;;Dos Isabeles;;;gol.;1890_04_19;Banes;;
Día 19:;;N/A: ;;;;cap.;;;;;Día 19: De Sagua, vapor Clara, cap. Bilbao: con 2,214 sacos;bilbao;Clara;;;vap.;1890_04_20;Sagua;;
;;;;;Bernaza;pat.;;;;;-Dimas, gol. Amable Rosita, pat. Bernaza: con;;Amable Rosita;;;gol.;1890_04_20;Dimas;;
;;N/A: ;;;Ferrer;pat.;;;;;-Dimas, gol. Deseada, pat. Ferrer: con 400 sacos;;Deseada;;;gol.;1890_04_20;Dimas;;
;;;;;Pujol;pat.;;;;;-Santa Lucía, gol. María del Carmen, pat. Pujol:;;María del Carmen;;;gol.;1890_04_20;Santa Lucía;;
;;N/A: ;;;Barceló;pat.;;;;;-Bahía-Honda, gol. Salve Virgen María, pat. Barceló: con 40 cuarterolas miel.;;Salve Virgen María;;;gol.;1890_04_20;Bahía-Honda;;
;;N/A: ;;;Covas;pat.;;;;;-Ortigosa, gol. Dolorita, pat. Covas: con 50 bocoyes azúcar.;;Dolorita;;;gol.;1890_04_20;Ortigosa;;
;;N/A: ;;;Mato;pat.;;;;;-Jaruco, gol. Golondrina, pat. Mato: con 30 bocoyes azúcar.;;Golondrina;;;gol.;1890_04_20;Jaruco;;
;;N/A: ;;;Pujol;pat.;;;;;Mantua, gol. Nuevo Hilario, pat. Pujol: con 600;;Nuevo Hilario;;;gol.;1890_04_20;Mantua;;
;;N/A: ;;;Lladó;pat.;;;;;Bajas, gol. Carmita, pat. Lladó: con 800 sacos;;Carmita;;;gol.;1890_04_20;Bajas;;
Día 21:;;N/A: ;;;Sanjurjo;cap.;;;;;Día 21: De Nuevitas, vapor Avilés, cap. Sanjurjo: con 1,500;;Avilés;;;vapor;1890_04_22;Nuevitas;;
;;N/A: ;;;Torres;pat.;;;;;-Baracoa, gol. Elva, pat. Torres: con 54 piezas;;Elva;;;gol.;1890_04_22;Baracoa;;
;;N/A: ;;;Aguiar;pat.;;;;;-Santa María, gol. Júcaro, pat. Aguiar: con 930;;Júcaro;;;gol.;1890_04_22;Santa María;;
;;N/A: ;;;Lladó;pat.;;;;;-Bajas, gol. Carmita, pat. Lladó: con 800 sacos;;Carmita;;;gol.;1890_04_22;Bajas;;
;;N/A:  | N/A:  | N/A:  | N/A: ;;;Cuevas;pat.;;;;;-Cárdenas, gol. Angelita, pat. Cuevas: con 700 barriles, 600 cajas y 76 st azúcar y 30 pipas aguardiente.;;Angelita;;;gol.;1890_04_22;Cárdenas;;
;;N/A: ;;;Pujol;pat.;;;;;-Jibacon, gol. 1 de Vinaroz, pat. Pujol: con 25;;1;;;gol.;1890_04_22;Vinaroz;;
;;;;;Menaya;pat.;;;;;-Sierra Morena, gol. Habanera, pat. Menaya: con;;Habanera;;;gol.;1890_04_22;Sierra Morena;;
;;;;;Pellicer;pat.;;;;;-Sierra Morena, gol. Pireneo, pat. Pellicer: con;;Pireneo;;;gol.;1890_04_22;Sierra Morena;;
;;N/A: ;;;Freixas;pat.;;;;;-Cabañas, gol. Josefa, pat. Freixas: con 1,000 sacos azúcar.;;Josefa;;;gol.;1890_04_22;Cabañas;;
;;N/A: ;;;Joy;pat.;;;;;Cárdenas, gol. Crisálida, pat. Joy: con 1,000 sacos azúcar.;;Crisálida;;;gol.;1890_04_22;Cárdenas;;
;;N/A: ;;;Colomar;pat.;;;;;-Baracoa, gol. Gaspar, pat. Colomar: con 40 boyes miel.;;Gaspar;;;gol.;1890_04_22;Baracoa;;
;;N/A:  | N/A: ;;;Bonet;pat.;;;;;-Jaruco, gol. Joven Lola, pat. Bonet: con 79 cuarterolas miel y 23 quintales cebollas.;;Joven Lola;;;gol.;1890_04_22;Jaruco;;
;;;;;Mandilego;pat.;;;;;-Cárdenas, gol. Esmeralda, pat. Mandilego: con;;Esmeralda;;;gol.;1890_04_22;Cárdenas;;
;;;;;Zaragoza;pat.;;;;;-Cárdenas, gol. Isla de Cuba, pat. Zaragoza: con;;Isla de Cuba;;;gol.;1890_04_22;Cárdenas;;
;;N/A: ;;;Simó;pat.;;;;;Sagua, gol. Ignacita, pat, Simó: con 1,300 sacos;;Ignacita;;;gol.;1890_04_22;Sagua;;
;;N/A: ;;;García;pat.;;;;;-Puerto-Escondido, gol. Joven Pepilla, pat. García: con 50 bocoyes miel.;;Joven Pepilla;;;gol.;1890_04_22;Escondido;;
;;N/A:  | N/A: ;;;Villalonga;pat.;;;;;-Cárdenas, gol. Clío, pat. Villalonga: con 1,100 sacos azúcar y 20 bocoyes miel.;;Clío;;;gol.;1890_04_22;Cárdenas;;
;;;;;Zubirat;pat.;;;;;-Cárdenas, gol. Joven Gertrudis, pat. Zubirat:;;Joven Gertrudis;;;gol.;1890_04_22;Cárdenas;;
;;;;;Suárez;pat.;;;;;-Santa Cruz, gol. San Antonio, pat. Suárez: con;;San Antonio;;;gol.;1890_04_22;Santa Cruz;;
Día 22:;;N/A:  | N/A: ;;;Vergel;pat.;;;;;Dia 22: De Carahatas, gol. Polka, pat. Vergel: con 260 bocoyes miel y efectos.;;Polka;;;gol.;1890_04_23;Carahatas;;
Día 23:;;N/A:  | N/A:  | N/A:  | N/A: ;;;Cardeluz;cap.;;;;;"Día 23: De Sagua, vapor Adela, cap. Cardeluz: con 1,419 sacos azúcar; 158 tercios tabaco; 50 pipas aguardiente y efectos.";;Adela;;;vap.;1890_04_24;Sagua;;
Día 24:;;;;;Real;cap.;;;;;Día 24: De Malas-Aguas, vapor Tritón, cap. Real: con efectos.;;Tritón;;;vapor;1890_04_25;Malas-Aguas;;
Día 25:;;N/A: ;;;Vilar;cap.;;;;;Día 25: De Cuba, vapor Mortera, cap. Vilar: con 1,450 sacos;;Mortera;;;vap.;1890_04_26;Cuba;;
;;N/A:  | N/A:  | N/A:  | N/A: ;;;Estradella;pat.;;;;;"-Gibara, gol. Habana, pat. Estradella: con 600 sacos y 300 fanegas maiz; 70,000 plátanos; 300 quintales ñames y efectos.";;Habana;;;gol.;1890_04_26;Gibara;;
Día 28:;null;N/A: ;;;Bilbao;cap.;;;null;;Dis 28: De Sagna, vapor Clara, cap. Bilbao: con 2,210 sacos;null;Clara;;;vap.;1890_04_29;Sagna;;
;;;;;Cantero;pat.;;;;;Cárdenas, gol. Aguila de Oro, pat. Cantero: con;;Aguila de Oro;;;gol.;1890_04_29;Cárdenas;;
;;N/A:  | N/A:  | N/A: ;;;Lloret;pat.;;;;;"-Bajas gol Angelits, pat. Lloret: con 140 quintales cásoara; 200 sacos carbón; 100 cabailos leña y";;Angelits;;;gol.;1890_04_29;Bajas;;
;;N/A: ;;;Ruiz;pat.;;;;;-Dimas, gol Dos Hermanas, pat. Ruiz: con 600;;Dos Hermanas;;;gol.;1890_04_29;;;
;;N/A: ;;;Acuña;pat.;;;;;Sagua, gol. María Andrea, pat. Acuña: con 800;;María Andrea;;;gol.;1890_04_29;Sagua;;
;;N/A: ;;;López;pat.;;;;;-Morrillo, gol. Agustina, pat. López: con 300 sacos;;Agustina;;;gol.;1890_04_29;Morrillo;;
;;N/A: ;;;Juan;pat.;;;;;Cabañas, gol. Rosita, pat. Juan: con 150 sacos azúcar.;;Rosita;;;gol.;1890_04_29;Cabañas;;
;;N/A: ;;;Enseñat;pat.;;;;;-Morrillo, gal. Feliz, pat. Enseñat: con 250 sacos;;Feliz;;;gal.;1890_04_29;Morrillo;;
;;;;;Rodríguez;pat.;;;;;abañas, gol. Dos Amigos, pat. Rodríguez: con;;Dos Amigos;;;gol.;1890_04_29;abañas;;
;;N/A: ;;;Planas;pat.;;;;;Malata, gol. Do' ores, pat. Planas: con 250 sacos;;Do' ores;;;gol.;1890_04_29;Malata;;
;;N/A: ;;;Valent;pat.;;;;;-Cárdenas, gol. Juan Toraila, pat. Valent: con 500;;Juan Toraila;;;gol.;1890_04_29;Cárdenas;;
;;;;;Inclán;pat.;;;;;-Cabañas, gol. Caballo Marino, pat. Inclán: con;;Caballo Marino;;;gol.;1890_04_29;Cabañas;;
;;N/A: ;;;Bonet;pat.;;;;;-Jaruco, gol. Joven Lola, pat. Bonet: con 450 sacos azúcar.;;Joven Lola;;;gol.;1890_04_29;Jaruco;;
;;N/A: ;;;Cabres;pat.;;;;;-Sierra Morera, gol. Emilia, pat. Cabres: con FOO;;Emilia;;;gol.;1890_04_29;Sierra Morera;;
;;N/A:  | N/A: ;;;Pérez;pat.;;;;;-Matanzas, gol. Amalia, pat. Pérez: con 1,060 sacos azúcar y efectos.;;Amalia;;;gol.;1890_04_29;Matanzas;;
;;N/A: ;;;Pérez;pat.;;;;;-Matanzas, gol. María, pat. Pérez: con 1,000 sacos;;María;;;gol.;1890_04_29;Matanzas;;
;;N/A: ;;;Suárez;pat.;;;;;"-Morrillo, gol. Rosa María, pat Suárez; con 400";;Rosa María;;;gol.;1890_04_29;Morrillo;;
;;;;;Suárez;pat.;;;;;-Santa Cruz, gol. San Antonio, pat. Suárez: con;;San Antonio;;;gol.;1890_04_29;Santa Cruz;;
;;N/A: ;;;Bosch;pat.;;;;;Dominica, gol. Dominica pat. Bosch: con 300;;Dominica;;;gol.;1890_04_30;Dominica;;
;;N/A: ;;;Cánovas;pat.;;;;;-Mariel. gol. Trafalgar, pat. Cánovas: con 800 sacos azúcar.;;Trafalgar;;;gol.;1890_04_30;;;
;;;;;Alemañy;pat.;;;;;Cárdenas, gol. Javen Pilar, pat. Alemañy: con;;Javen Pilar;;;gol.;1890_04_30;Cárdenas;;
;;N/A: ;;;Colomar;pat.;;;;;Baracoa, gol. Gaspar, pat. Colomar: con 40 boroyes miel.;;Gaspar;;;gol.;1890_04_30;Baracoa;;
;;;;;Macip;pat.;;;;;-Santa Cruz, gol. Joven Manuel, pat. Macip: con;;Joven Manuel;;;gol.;1890_04_30;Santa Cruz;;
;;N/A:  | N/A:  | N/A: ;;;Cardeluz;cap.;;;;;"-Sagua, vapor Adela, cap. Cardeluz: con 2,028 sacos azúcar; 50 reses y efectos.";;Adela;;;vapor;1890_05_01;Sagua;;
;;N/A: ;;;Marantes;pat.;;;;;-Mariel, gol. Altagracia, pat. Marantes: con 400;;Altagracia;;;gol.;1890_05_01;;;
;;;;;Mandilego;pat.;;;;;-Cárdenas, gol. Esmeralda, pat. Mandilego: con;;Esmeralda;;;gol.;1890_05_01;Cárdenas;;
;;N/A: ;;;Joy;pat.;;;;;-Cárdenas, gol. Crisálida, pat. Joy: con 1,000 sacos azúcar.;;Crisálida;;;gol.;1890_05_01;Cárdenas;;
Día 19:;;N/A:  | N/A: ;;;Bonet;pat.;;;;;Día 19: De Jaruco, gol. Joven Lola, pat Bonet: con 100 sacos azúcar y 75 cuarterolas miel;;Joven Lola;;;gol.;1890_05_02;Jaruco;;
;;N/A: ;;;Freixas;pat.;;;;;-Cabañas, gl. Josefa, pat. Freixas: con 500 sacos;;Josefa;;;gl.;1890_05_02;Cabañas;;
;;;;;Real;cap.;;;;;-Malas-Aguas, vapor Tritón, cap. Real: con efec-;;Tritón;;;vapor;1890_05_02;Malas-Aguas;;
Día 2:;;N/A: ;;;Vilar;cap.;;;;;Día 2: De Cuba, vapor Mortera, cap. Vilar: con 1,700 sacos;;Mortera;;;vap.;1890_05_03;Cuba;;
;;;;;Juan;pat.;;;;;-Sierra Morena, gol. María Teresa, pat. Juan: con;;María Teresa;;;gol.;1890_05_03;Sierra Morena;;
;;;;;Zaragoza;pat.;;;;;-Cárdenas, gol. Isla de Cuba. pat. Zaragoza: con;;Isla de Cuba;;;gol.;1890_05_03;Cárdenas;;
;;;;;Pellicer;pat.;;;;;-Sierra Morena, gol. Pirineo, pat. Pellicer: con;;Pirineo;;;gol.;1890_05_03;Sierra Morena;;
;;N/A: ;;;Pujol;pat.;;;;;Jibacoa, gol. Desempeño, pat. Pujol: con 30 cnarterolus miel.;;Desempeño;;;gol.;1890_05_03;Jibacoa;;
;;N/A: ;;;Deulofeu;pat.;;;;;-Cabañas. gol. Trafalgar, pat. Deulofeu: con 700;;Trafalgar;;;gol.;1890_05_03;Cabañas;;
;;;;;Menaya;pat.;;;;;-Sierra Morona, gol. Habanera, pat. Menaya: con;;Habanera;;;gol.;1890_05_03;Sierra Morona;;
Día 3:;;N/A: ;;;Enseñat;pat.;;;;;Día 3: De Sierra Morena, gol. Sofía, pat. Enseñat: con 805;;Sofía;;;gol.;1890_05_04;Sierra Morena;;
;;N/A: ;;;Bosch;pat.;;;;;Dominica, gol. Dominica, pat Bosch: con 300 sacos azúcar.;;Dominica;;;gol.;1890_05_04;Dominica;;
;;N/A: ;;;Cabruja;pat.;;;;;-Bajas, gol. 2a Rosa, pat. Cabruja: con 1,000 sacos;;2a Rosa;;;gol.;1890_05_04;;;
;;N/A: ;;;Mateu;pat.;;;;;-Bajas, gol. San Francisco, pat. Mateu: con 1,000;;San Francisco;;;gol.;1890_05_04;Bajas;;
;;N/A: ;;;Rigó;pat.;;;;;-Cabañas, gol. Cuba, pat. Rigó: con 500 sacos azúcar.;;Cuba;;;gol.;1890_05_04;Cabañas;;
;;N/A:  | N/A: ;;;Cuevas;pat.;;;;;-Cárdenas, gol. Angelita, pat. Cuevas: con 900 sacos azúcar y 30 pipas aguardiente.;;Angelita;;;gol.;1890_05_04;Cárdenas;;
;;N/A:  | N/A: ;;;Villalonga;pat.;;;;;Cérdenas, gol. Clio, pat. Villalonga: con 1,100 sacos azúcar y 25 pipas aguardiente.;;Clio;;;gol.;1890_05_04;Cérdenas;;
;;N/A: ;;;Gil;pat.;;;;;-Banes, gol. Dos Isabeles, pat. Gil: con 50 bocoyes;;Dos Isabeles;;;gol.;1890_05_04;Banes;;
;;N/A: ;;;Valent;pat.;;;;;-Cárdenss, gol. Juan Toralla, pat. Valent: con 450;;Juan Toralla;;;gol.;1890_05_06;Cárdenss;;
;;N/A: ;;;Hernández;pat.;;;;;-Morrillo, gol. Britania, pat. Hernández: con 300;;Britania;;;gol.;1890_05_06;Morrillo;;
;;;;;Valent;pat.;;;;;Cárdenas, gol. María del Carmen, pat. Valent;;María del Carmen;;;gol.;1890_05_06;Cárdenas;;
;;N/A: ;;;Enseñat;pat.;;;;;sacos azúcar. -Morrillo, gol. Feliz, pat. Enseñat: con 250 sacos;;Feliz;;;gol.;1890_05_06;;;
;;N/A: ;;;Rodriguez;pat.;;;;;azúcar. -Cabañas, gol. Dos Amigos, pat. Rodriguez: con 400 sacos azúcar. -Santa Cruz, gol. San Antonio, pat. Suárez: con 80 sacos y 130 fanegas maiz. -Dimas, gol. Amalia, pat. Serra: con 500 sados carbón. -Playas de San Juan, gol. Dos Amigos, pat. Prats: con 800 sacos carbón.;;Dos Amigos;;;gol.;1890_05_06;Cabañas;;
Día 6:;;N/A: ;;;Aguiar;pat.;;;;;Día 6: De Santa María, gol. Júcaro, pat. Aguiar: con 990 sacos carbón.;;Júcaro;;;gol.;1890_05_07;Santa María;;
;;N/A: ;;;Moll;pat.;;;;;-Mantua, gol. Lince, pat. Moll: con 700 sacos carbón.;;Lince;;;gol.;1890_05_07;Mantua;;
;;N/A: ;;;Ferref;pat.;;;;;-Dimas, gol. Deseada, pat. Ferref: con 400 sacos;;Deseada;;;gol.;1890_05_07;Dimas;;
;;N/A: ;;;Pujol;pat.;;;;;-Jibacoa, gol. Desempeño, pat. Pujol: con 30 bocoyes de miel.;;Desempeño;;;gol.;1890_05_07;Jibacoa;;
;;N/A: ;;;Deulofeu;pat.;;;;;-Cabañas. gol Trafalgar, pat. Deulofeu: con 743;;Trafalgar;;;gol.;1890_05_07;Cabañas;;
Día 01:;;N/A:  | N/A: ;;;Simó;pat.;;;;;82008 azúcar y 8 cuarterolas miel - -Sierra Morena, gol. 13 de Asturias, pat. Simó:;;13 de Asturias;;;gol.;1890_05_07;Sierra Morena;;
;;N/A: ;;;Laucirica;pat.;;;;;-Sagua, gol Marina, pat. Laucirica: con 130 bocoJes de miel.;;Marina;;;gol.;1890_05_07;Sagua;;
;;;;;Porcel;pat.;;;;;Jaruco, gol. Paquete de Jaruco, pat. Porcel: con;;Paquete de Jaruco;;;gol.;1890_05_07;Jaruco;;
;;;;;Macip;pat.;;;;;Santa Cruz, gol. Joven Manuel, pat. Macip: con;;Joven Manuel;;;gol.;1890_05_07;Santa Cruz;;
;;N/A: ;;;Cabres;pat.;;;;;-Sierra Morena, gol. Emilia, pat. Cabres: con 500;;Emilia;;;gol.;1890_05_07;Sierra Morena;;
;;N/A: ;;;Mayans;pat.;;;;;-Playas de San Juan, gol 28 Gertrudis, pat. Mayans: con 1,000 sacos carbón.;;28 Gertrudis;;;gol;1890_05_07;Playas de San Juan;;
Día :;;;;;Calafell;pat.;;;;;-Matanzas, gol. María Josefa, pat. Calafell: con;;María Josefa;;;gol.;1890_05_07;Matanzas;;
;;N/A: ;;;Bosch;pat.;;;;;-Sagua, gol. Antonia, pat Bosch: con 200 varas;;Antonia;;;gol.;1890_05_07;Sagua;;
;;N/A: ;;;Padilla;pat.;;;;;-Banes, gol. Josefa, pat. Padilla: con 30 bocoyes;;Josefa;;;gol.;1890_05_07;Banes;;
Día 7:;;N/A: ;;;Bosch;pat.;;;;;Día 7: De Dominica, gol. Dominica, pat. Bosch: con 300 sacos azúcar.;;Dominica;;;gol.;1890_05_08;Dominica;;
;;;;;Moll;pat.;;;;;-Cárdenas, gol. Joven Magdalena, pat. Moll: con;;Joven Magdalena;;;gol.;1890_05_08;Cárdenas;;
;;N/A: ;;;Marantes;pat.;;;;;-Mariel, gol. Altagracia, pat. Marantes: con 300;;Altagracia;;;gol.;1890_05_08;;;
;;N/A: ;;;Pereira;pat.;;;;;-Carahatas, gol. Teresita, pat. Pereira: con 1,040;;Teresita;;;gol.;1890_05_08;Carahatas;;
Día 8:;;N/A: ;;;Real;cap.;;;;;Día 8: De Malas-Aguas, vapor Tritón, cap. Real: con 150;;Tritón;;;vapor;1890_05_09;Malas-Aguas;;
;;N/A:  | N/A:  | N/A: ;;;Cardeluz;cap.;;;;;"-Sagua, vapor Adela, cap. Cardeluz: con 2,262 sacos azúcar; 100 pipas aguardiente y efectos.";;Adela;;;vapor;1890_05_09;Sagua;;
;;;;;Cantero;pat.;;;;;-Cárdenas, gol. Aguila de Oro, pat. Cantero: con;;Aguila de Oro;;;gol.;1890_05_09;Cárdenas;;
;;N/A: ;;;Matos;pat.;;;;;-Jaruc, gol. Golondrina, pat. Matos: con 200 fanegas maiz.;;Golondrina;;;gol.;1890_05_09;Jaruc;;
;;N/A: ;;;Freixas;pat.;;;;;-Cabañas, gol. Josefa, pat. Freixas: con 700 sacos;;Josefa;;;gol.;1890_05_09;Cabañas;;
;;N/A: ;;;Villalonga;pat.;;;;;-Cárdenas, gol. Clío, pat. Villalonga: con 1,100 sacos azúcar.;;Clío;;;gol.;1890_05_10;Cárdenas;;
;;;;;Alemañy;pat.;;;;;-Canasí, gol. Amado Antonio, pat. Alemañy: con;;Amado Antonio;;;gol.;1890_05_10;Canasí;;
;;N/A: ;;;Garriga;pat.;;;;;-Jibacoa, gol. 1a de Vinaroz, pat. Garriga: con 42;;1a de Vinaroz;;;gol.;1890_05_10;Jibacoa;;
;;N/A: ;;;García;pat.;;;;;-Puerto-Escondido, gol. Joven Pepilla, pat. García: con 30 bocoyes de miel.;;Joven Pepilla;;;gol.;1890_05_10;Escondido;;
;;N/A: ;;;Pérez;pat.;;;;;-Matauzas, gel. María, pat. Pérez: con 432 sacos y;;María;;;gel.;1890_05_10;Matauzas;;
;;N/A: ;;;Bosch;pat.;;;;;-Dominica, gol. Dominica, pat. Bosch: con 300;;Dominica;;;gol.;1890_05_14;Dominica;;
;;N/A: ;;;Cabaleiro;pat.;;;;;-Sagua gol. Rosita, pat. Cabaleiro: con 500 sacos;;Rosita;;;gol.;1890_05_14;Sagua;;
;;N/A: ;;;Pérez;pat.;;;;;-Matanzas, gol. Amalia, pat. Pérez: con 200 sacos;;Amalia;;;gol.;1890_05_14;Matanzas;;
;;;;;Inclán;pat.;;;;;-Cabañas, gol. Caballo Marino, pat. Inclán: con;;Caballo Marino;;;gol.;1890_05_14;Cabañas;;
;;N/A: ;;;Borrell;pat.;;;;;-Teja, gol. Castilla, pat. Borrell: con 500 sacos;;Castilla;;;gol.;1890_05_14;Teja;;
;;N/A: ;;;Deulofeu;pat.;;;;;-Cab ñas, gol. Trafalgar, pat. Deulofeu: con 150;;Trafalgar;;;gol.;1890_05_14;;;
;;N/A: ;;;Bonet;pat.;;;;;Jaruce, gol. Joven Lola, pat. Bonet: con 430;;Joven Lola;;;gol.;1890_05_14;Jaruce;;
;;;;;Macip;pat.;;;;;-Santa Cruz, gol. Joven Manuel, pat. Macip: con;;Joven Manuel;;;gol.;1890_05_14;Santa Cruz;;
;;;;;Suárez;pat.;;;;;-Santa Cruz, gol. San Antonio, pat. Suárez: con;;San Antonio;;;gol.;1890_05_14;Santa Cruz;;
;;N/A: ;;;Hernández;pat.;;;;;-Morrillo, gol. Britania, pat. Hernández: con 300;;Britania;;;gol.;1890_05_14;Morrillo;;
;;N/A: ;;;Vergel;pat.;;;;;-Sagua, gol. Paca, pat. Vergel: con 260 bocoyes;;Paca;;;gol.;1890_05_14;Sagua;;
;;N/A: ;;;Gil;pat.;;;;;-Banes, gol. Dos Isabeles, pat. Gil: can 400 sacos;;Dos Isabeles;;;gol.;1890_05_14;Banes;;
Día 14:;;N/A: ;;;Mas;pat.;;;;;Dia 14: De Baracoa, gol. Anita, pat. Mas: con 40,000 cocos;;Anita;;;gol.;1890_05_15;Baracoa;;
;;;;;Fonrodona;pat.;;;;;Teja, gol. Tres Hermanas pat. Fonrodona: con;;Tres Hermanas;;;gol.;1890_05_15;Teja;;
;;N/A: ;;;Colomar;pat.;;;;;-Baracoa, gol. Gaspar, pat. Colomar: con 36 bocoyes de miel.;;Gaspar;;;gol.;1890_05_15;Baracoa;;
;;N/A: ;;;Pereira;pat.;;;;;-Carahatas, gol. Teresita, pat. Pereira: con 1,125;;Teresita;;;gol.;1890_05_15;Carahatas;;
Día 16:;;N/A:  | N/A:  | N/A:  | N/A: ;;;Ginesta;cap.;;;;;"Día 16: De Cuba, vapor Mortera, cap. Ginesta: con 1,000 sacos azúcar, 60,000 plátanos; 150 reses y efectos.";;Mortera;;;vap.;1890_05_17;Cuba;;
;;N/A:  | N/A:  | N/A:  | N/A: ;;;Vilar;cap.;;;;;"-Nuevitas, vapor Mortera, cap. Vilar: con 180 bocoyes miel; 1,400 sacos azúcar; 520 reses y efectos.";;Mortera;;;vapor;1890_05_17;Nuevitas;;
;;N/A:  | N/A:  | N/A: ;;;Cardeluz;cap.;;;;;"-Sagua, vapor Adela, cap. Cardeluz: con 1,680 sacos azúcar; 50 pipas aguardiente y efectos.";;Adela;;;vapor;1890_05_17;Sagua;;
Día :;;N/A:  | N/A: ;;;Yeras;cap.;;;;;-Guanes, vapor Guadiana, cap. Yeras: con 453 tercios tabaco y efectos.;;Guadiana;;;vapor;1890_05_17;Guanes;;
;;;;;Alemañy;pat.;;;;;-Sierra Morena, gol. Matilde, pat. Alemañy: con;;Matilde;;;gol.;1890_05_17;Sierra Morena;;
;;N/A: ;;;Pujol;pat.;;;;;-Jibacoa, gl. Desempeñio, pat. Pujol: con 24 bocoyes de miel.;;Desempeñio;;;gl.;1890_05_17;Jibacoa;;
;;N/A: ;;;García;pat.;;;;;-Puerto-Escondido, gol. Joven Pepilla, pat. García: con 350 sacos azúcar.;;Joven Pepilla;;;gol.;1890_05_17;Escondido;;
;;N/A: ;;;Freixas;pat.;;;;;-Cabañas, gol. Josefa, pat. Freixas: con 600 sacos;;Josefa;;;gol.;1890_05_17;Cabañas;;
;;;;;Zaragoza;pat.;;;;;-Cárdenas, gol. Isla de Cuba, pat. Zaragoza: con;;Isla de Cuba;;;gol.;1890_05_17;Cárdenas;;
;;;;;Maciá;pat.;;;;;-Rio de la Palma, gol. Gallego, pat. Maciá: con;;Gallego;;;gol.;1890_05_17;Rio de la Palma;;
;;N/A:  | N/A:  | N/A:  | N/A: ;;;Lazo;pat.;;;;;"-Nuevitas, gol. Emilia, pat. Lazo: con 300 caballos leña; 90 sacos guano; 30 mazos tivicies y efectos.";;Emilia;;;gol.;1890_05_17;Nuevitas;;
;;;;;Alemañу;pat.;;;;;-Canasí, gol. Amado Antonio, pat. Alemañу.;;Amado Antonio;;;gol.;1890_05_17;Canasí;;
;;;;;Cantero;pat.;;;;;-Cárdenas, gol. Aguila de Oro, pat. Cantero: con;;Aguila de Oro;;;gol.;1890_05_17;Cárdenas;;
;;N/A: ;;;Bosch;pat.;;;;;-Dominica, gol. Dominica, pat. Bosch: con 300 EBcos azúcar.;;Dominica;;;gol.;1890_05_21;Dominica;;
;;;;;Moll;pat.;;;;;-Cárdenas, gol. Joven Magdalena, pat. Moll: con;;Joven Magdalena;;;gol.;1890_05_21;Cárdenas;;
;;N/A: ;;;Lladó;pat.;;;;;-Bajas, gol. Carmita, pat. Lladó: con 800 sacos;;Carmita;;;gol.;1890_05_21;Bajas;;
;;N/A: ;;;Bernaza;pat.;;;;;Dimas, gol. Amable Rosita, pat. Bernaza: con 700;;Amable Rosita;;;gol.;1890_05_21;;;
;;N/A: ;;;Lloret;pat.;;;;;-Bajas, gol. Angelita, pat. Lloret: con 400 quintales cáscara de mangle.;;Angelita;;;gol.;1890_05_21;Bajas;;
;;N/A:  | N/A:  | N/A:  | N/A:  | N/A:  | N/A:  | N/A:  | N/A:  | N/A:  | N/A:  | N/A:  | N/A:  | N/A:  | N/A:  | N/A: ;;;;;;;;;-Jaruco, gol. Joven Lola, pat. Bonet: con 215 sacos azúcar y 40 fanegas maiz. -Puerto-Escondido, gol. Juanita, pat. Visquerra: con 300 sacos azúcar. - Cárdenas, gol. Angelita, pat. Cuevas: con 700 barriles y 600 sacos azúcar y 30 pipas aguardiente. -Cabañas, gol Trafalgar, pat. Deulofeu: con 500 sacos azúcar y 30 bocoyes miel. -Cabañas, gol. Cuba, pat. Rigó: con 500 sacos azúcar. -Puerto-Escondido, gol Joven Pepilla, pat. García: con 250 sacos azúcar. -Cárdenas, gol. Esmeralda, pat. Mandilego: con 750 barriles y 800 cajas azúcar. -Cabañas, gal. Dos Amigos, pat. Rodríguez: con 145 sacos azúcar y 80 cuarterolas miel. Carahatas, gol. Marina, pat. Lanceira: con 130 bocoyes miel.;;;;;;1890_05_21;;;
;;N/A: ;;;Juan;pat.;;;;;-Cabañas, gol. Rozita, pat. Juan: con 250 sacos;;Rozita;;;gol.;1890_05_21;Cabañas;;
;;;;;Ferrer;pat.;;;;;-Bahis-Honda, gol. Mercedita, pat. Ferrer: con;;Mercedita;;;gol.;1890_05_21;Bahis-Honda;;
Día 22:;;N/A: ;;;Enseñat;pat.;;;;;Día 22: De Sierra Morena, gol. Sofía, pat. Enseñat: con 802;;Sofía;;;gol.;1890_05_23;Sierra Morena;;
;;N/A: ;;;Aguiar;pat.;;;;;-Santa María, gol. Júcaro, pat. Aguiar: con 950;;Júcaro;;;gol.;1890_05_23;Santa María;;
;;;;;Inclán;pat.;;;;;Cabañas, gol. Caballo Marino, pat. Inclán: con;;Caballo Marino;;;gol.;1890_05_23;Cabañas;;
;;N/A: ;;;Blanco;pat.;;;;;-Mariel, gol. Isabelita, pat. Blanco: con 300 sacos;;Isabelita;;;gol.;1890_05_23;Mariel;;
;;N/A: ;;;Portella;pat.;;;;;azúcar. - -Bahía Honda, gol. Paquete de Sagua, pat. Portella: con 600 sacos azúcar.;;Paquete de Sagua;;;gol.;1890_05_23;Bahía Honda;;
;;N/A: ;;;Pujol;pat.;;;;;Jibacoa, gol Desempeño, pat. Pujol: con 24 bocoyes de miel.;;Desempeño;;;gol;1890_05_23;Jibacoa;;
;;N/A:  | N/A: ;;;Covas;pat.;;;;;1,100 sacos azúcar. -Ortigosa, gol. Dolorita, pat. Covas: con 50 bocoyes de miel.;;Dolorita;;;gol.;1890_05_23;Ortigosa;;
Día :;;;;;Villalonga;pat.;;;;;-Mariel. gol. María Magdalena, pat. Villalonga:;;María Magdalena;;;gol.;1890_05_23;;;
;;N/A: ;;;Cardeluz;cap.;;;;;-Sagua, vapor Adela, cap. Cardeluz: con 990 sacos;;Adela;;;vapor;1890_05_23;Sagua;;
Día 23:;;N/A:  | N/A:  | N/A:  | N/A: ;;;Vilar;cap.;;;;;"Día 23: De Nnevitas, vapor Mortera, cap. Vilar: con 1,000 sacos azúcar; 150 bocoyes miel; 493 reses y efectos.";;Mortera;;;vapor;1890_05_24;Nnevitas;;
;;N/A: ;;;Yerus;cap.;;;;;-Guanes, vapor Guadiana, cap. Yerus: con 166;;Guadiana;;;vapor;1890_05_24;Guanes;;
;;N/A:  | N/A: ;;;Real;cap.;;;;;tercios tabaco y efectos. - -Malas-Aguas, vapor Tritón, cap. Real con 350;;Tritón;;;vapor;1890_05_24;Malas-Aguas;;
;;N/A: ;;;Mir;pat.;;;;;-Granadillo, gol. Joven Felipe, pat. Mir: con 1,000;;Joven Felipe;;;gol.;1890_05_24;Granadillo;;
;;;;;Juan;pat.;;;;;-Sierra Morena, gol. María Teresa, pat. Juan: con;;María Teresa;;;gol.;1890_05_24;Sierra Morena;;
;;;;;Macip;pat.;;;;;-Santa Cruz, gol. Joven Manuel, pat. Macip: con;;Joven Manuel;;;gol.;1890_05_24;Santa Cruz;;
;;N/A: ;;;Pellicer;pat.;;;;;-Sierra Morena, gol. Pirineo, pat. Pellicer: con 931;;Pirineo;;;gol.;1890_05_24;Sierra Morena;;
;;N/A: ;;;Joy;pa.;;;;;-Cárdenas, gol. Crisálida, pa. Joy: con 350 barriles;;Crisálida;;;gol.;1890_05_24;Cárdenas;;
;;N/A: ;;;Bosch;pat.;;;;;-Dominica, gol. Dominica, pat. Bosch: con 300;;Dominica;;;gol.;1890_05_25;Dominica;;
;;N/A: ;;;Pereira;pat.;;;;;Carahatas, gol. Teresita, pat. Pereira: con 1,150;;Teresita;;;gol.;1890_05_25;Carahatas;;
;;;;;Alemañy;pat.;;;;;-Cárdenas, gol. Joven Pilar, pat. Alemañy: con;;Joven Pilar;;;gol.;1890_05_25;Cárdenas;;
;;N/A: ;;;Esteban;pat.;;;;;Teja, gol. Vicenta, pat. Esteban: con 180 caballos;;Vicenta;;;gol.;1890_05_25;Teja;;
;;;;;Enseñat;pat.;;;;;-Caisarién, gol. Joven Balear, pat. Enseñat: con;;Joven Balear;;;gol.;1890_05_25;Caisarién;;
;;;;;Porcel;pat.;;;;;-Jaruco, gol. Paquete de Jaruco, pat. Porcel: con;;Paquete de Jaruco;;;gol.;1890_05_25;Jaruco;;
;;N/A: ;;;Acuña;pat.;;;;;-Sagua, gol. María Andrea, pat. Acuña: con 800;;María Andrea;;;gol.;1890_05_27;Sagua;;
;;;;;Zaragoza;pat.;;;;;-Cárdenas, gol. Isla de Cuba, pat. Zaragoza: con;;Isla de Cuba;;;gol.;1890_05_27;Cárdenas;;
;;;;;Valent;pat.;;;;;-Cárdenas, gol. María del Carmen, pat. Valent:;;María del Carmen;;;gol.;1890_05_27;Cárdenas;;
;;N/A: ;;;Covas;pat.;;;;;Ortigosa, gol. Doloritas, pat. Covas: con 490 sacos azúcar.;;Doloritas;;;gol.;1890_05_27;;;
;;N/A: ;;;Alemañy;pat.;;;;;-Dimas, gol. Mercedita, pat. Alemañy: con 1,200;;Mercedita;;;gol.;1890_05_27;Dimas;;
;;N/A: ;;;Cabres;pat.;;;;;-Sierra Morena, gol. Unión, pat. Cabres: con 1,306;;Unión;;;gol.;1890_05_27;Sierra Morena;;
;;N/A: ;;;Bosch;pat.;;;;;-Dominica, gol. Dominica, pat. Bosch: con 300;;Dominica;;;gol.;1890_05_28;Dominica;;
;;N/A: ;;;García;pat.;;;;;-Puerto-Escondido, gol. Joven Pepilla, pat. García: con 45 bocoyes de miel.;;Joven Pepilla;;;gol.;1890_05_28;Escondido;;
;;;;;Alemañy;pat.;;;;;-Sierra Morena, gol. Matilde, pat. Alemañy: con;;Matilde;;;gol.;1890_05_28;Sierra Morena;;
;;N/A: ;;;Garriga;pat.;;;;;-Jibacoa, gol 1a Vinaroz, pat. Garriga: con 36 bocoyes azúcar.;;1a Vinaroz;;;gol;1890_05_28;Jibacoa;;
;;;;;Alemañy;pat.;;;;;-Canasí, gol. Amado Antonio, pat. Alemañy: con;;Amado Antonio;;;gol.;1890_05_28;Canasí;;
;;N/A: ;;;Blanco;pat.;;;;;-Mariel, gol. Isabelita, pat. Blanco: con 75 cuarterolas de miel.;;Isabelita;;;gol.;1890_05_28;Mariel;;
;;;;;Suárez;pat.;;;;;-Santa Cruz, gol. San Antonio, pat. Suárez: con;;San Antonio;;;gol.;1890_05_28;Santa Cruz;;
Día 28:;;;;;Cantero;pat.;;;;;Día 28: eb De Cárdenas, gol. Aguila de Oro, pat. Cantero: con;;Aguila de Oro;;;gol.;1890_05_29;Cárdenas;;
;;N/A: ;;;Rigó;pat.;;;;;-Cabañas, gol. Cuba, pat. Rigó: con 500 sacos azúcar.;;Cuba;;;gol.;1890_05_29;Cabañas;;
Día 30:;;N/A: ;;;Cardeluz;cap.;;;;;Dia 30: De Sagua, vapor Adela, cap. Cardeluz: con 620-sacos;;Adela;;;vapor;1890_05_31;Sagua;;
;;N/A:  | N/A:  | N/A:  | N/A: ;;;Vilar;cap.;;;;;"-Nuevitas, vapor Mortera, cap. Vilar: con 1,400 sacos azúcar; 200 bocoyes miel; 450 reses y efectos.";;Mortera;;;vapor;1890_05_31;Nuevitas;;
;;N/A: ;;;Moll;pat.;;;;;-Mantva. gol. Lince, pat. Moll: con 750 sacos carbón.;;Lince;;;gol.;1890_05_31;Mantva;;
;;N/A: ;;;Ferrer;pat.;;;;;-Dimas, gol. Deseada, pat. Ferrer: con 3,100 sacos carbón.;;Deseada;;;gol.;1890_05_31;Dimas;;
;;N/A: ;;;Ruiz;pat.;;;;;-Dimas, gol. Dos Hermanas, pat. Ruiz: con 700;;Dos Hermanas;;;gol.;1890_05_31;;;
;;N/A: ;;;Beneján;pat.;;;;;-Mantua, gol. Margarita, pat. Beneján: con 750;;Margarita;;;gol.;1890_05_31;Mantua;;
;;N/A: ;;;Juan;pat.;;;;;-Cabañas, gol. Rosita, pat. Juan: con 250 sacos azúcar.;;Rosita;;;gol.;1890_05_31;Cabañas;;
;;N/A: ;;;Planas;pat.;;;;;-Mulata, gol. Dolores, pat. Planas: con 40 camas;;Dolores;;;gol.;1890_05_31;;;
;;;;;Inclán;pat.;;;;;-Cabañas, gol. Caballo Marino, pat. Inclán: con;;Caballo Marino;;;gol.;1890_05_31;Cabañas;;
;;N/A: ;;;Joy;pat.;;;;;-Cárdenas, gol. Crisálida, pat. Joy: con 1,000 sacos azúcer.;;Crisálida;;;gol.;1890_05_31;Cárdenas;;
;;N/A: ;;;Moner;pat.;;;;;Canasi, gol. Sabás, pat. Moner: con 357 sacos azúcar.;;Sabás;;;gol.;1890_05_31;Canasi;;
;;N/A:  | N/A:  | N/A:  | N/A: ;;;Cuevas;pat.;;;;;-Cárdenas, gol. Angelita, pat Cuevas: con 650 barriles. 700 cajas y 100 sacos azúar.;;Angelita;;;gol.;1890_05_31;Cárdenas;;
Día 31:;;;;;Frasquet;pat.;;;;;Día 31: De Guanes, gol. Tres Hermanas, pat. Frasquet: con;;Tres Hermanas;;;gol.;1890_06_01;Guanes;;
;;N/A: ;;;Mateu;pat.;;;;;-Bajas, gol. San Francisco, pat. Mateu: con 1,000;;San Francisco;;;gol.;1890_06_01;Bajas;;
;;;;;Riobo;pat.;;;;;-Carahatas, gol. Tres Hermanas, pat. Riobo: con;;Tres Hermanas;;;gol.;1890_06_01;Carahatas;;
;;;;;Menaya;pat.;;;;;-Sierra Morena, gol. Habanera, pat. Menaya: con;;Habanera;;;gol.;1890_06_01;Sierra Morena;;
;;N/A: ;;;Esprius;pat.;;;;;-Rosario, gol. Catalina, pat. Esprius: con 800 sacos carbón.;;Catalina;;;gol.;1890_06_01;Rosario;;
;;N/A: ;;;Arocha;pa.;;;;;-Mariel, gol. Altagracia, pa. Arocha: con 200 sacos;;Altagracia;;;gol.;1890_06_01;Mariel;;
;;N/A: ;;;Valent;pat.;;;;;-Cárdenas, gol. Juan Toralla, pat. Valent con 600;;Juan Toralla;;;gol.;1890_06_03;Cárdenas;;
;;N/A: ;;;Pereira;pat.;;;;;-Carabatas. gol Teresita, pat. Pereira: con 1,125;;Teresita;;;gol;1890_06_03;;;
;;;;;Mandilego;pat.;;;;;-Cárdenas, gol. Esmeralda. pat. Mandilego: con;;Esmeralda;;;gol.;1890_06_03;Cárdenas;;
;;N/A: ;;;Enseñat;pat.;;;;;-Sierra Morena, gol. Sofia, pat. Enseñat: con 800;;Sofia;;;gol.;1890_06_03;Sierra Morena;;
;;N/A: ;;;Mateu;pat.;;;;;-Bajas, gol. San Francisco, pat Mateu: con 1,000;;San Francisco;;;gol.;1890_06_03;Bajas;;
Día :;;;;;Villalonga;pat.;;;;;-Dominica, gol. María Magdalena, pat. Villalonga:;;María Magdalena;;;gol.;1890_06_03;Dominica;;
Día 4:;;N/A: ;;;Padrón;pat.;;;;;Día 4: De Arroyo, gol. Joven Jaime, pat. Padrón: con 1,100;;Joven Jaime;;;gol.;1890_06_05;Arroyo;;
Día :;;N/A:  | N/A:  | N/A: ;;;Suao;pat.;;;;;"-Gibara, gol. Moralidad, pat. Suao: con 1,000 quintales fames; 892 sacos maiz; 113,000 plátanos; 45";;Moralidad;;;gol.;1890_06_05;Gibara;;
;;N/A: ;;;Berga;pat.;;;;;Manzanillo, gol. Pensativo, pat. Berga: con 250;;Pensativo;;;gol.;1890_06_05;Manzanillo;;
;;N/A:  | N/A:  | N/A: ;;;Pujol;pat.;;;;;"-Jibacoa, gol. Desempeño, pat. Pujol: con 110 sacos azúcar; 70 fanegas y 38 sacos maiz.";;Desempeño;;;gol.;1890_06_05;Jibacoa;;
;;N/A: ;;;Vidal;pat.;;;;;-Sagua, gol. Joven Luisa, pat. Vidal: con 1,000;;Joven Luisa;;;gol.;1890_06_05;Sagua;;
;;;;;Suárez;pat.;;;;;-Santa Cruz, gol. San Antonio, pat. Suárez: con;;San Antonio;;;gol.;1890_06_05;Santa Cruz;;
;;;;;Colón;pat.;;;;;-Berracos, gol. Paquete de Sagua, pat. Colón: con;;Paquete;;;gol.;1890_06_05;Sagua;;
;;N/A: ;;;Mayans;pat.;;;;;-Panta de San Juan, gol. 2 Gertrudis, pat. Mayans: con 1,000 sacos carbón.;;2 Gertrudis;;;gol.;1890_06_05;San Juan;;
;;N/A: ;;;Covas;pat.;;;;;-Ortigosa, gol. Doloritas, pat. Covas: con 40 bocoyes miel.;;Doloritas;;;gol.;1890_06_05;Ortigosa;;
;;;;;Macip;pat.;;;;;-Santa Cruz, gol. Joven Manuel, pat. Macip: con;;Joven Manuel;;;gol.;1890_06_05;Santa Cruz;;
Día 6:;;N/A:  | N/A:  | N/A: ;;;Cardeluz;cap.;;;;;"Día 6: De Sagua, vapor Adela, cap. Cardeluz: con 1,678 sacos azúcar; 48 tercios tabaco  y efectos.";;Adela;;;vapor;1890_06_07;Sagua;;
;;N/A: ;;;Yeras;cap.;;;;;-Guanes, vapor Guadiana, cap. Yeras: con 449;;Guadiana;;;vapor;1890_06_07;Guanes;;
;;;;;Maciá;pat.;;;;;-Rio de la Palma, gol. Gallego, pat. Maciá: con;;Gallego;;;gol.;1890_06_07;Rio de la Palma;;
;;N/A: ;;;Joy;pat.;;;;;-Cárdenas, gol. Crisálida, pat. Joy: con 1,000 sacos azúcar.;;Crisálida;;;gol.;1890_06_07;Cárdenas;;
;;;;;Inclán;pat.;;;;;Cabañas, gol. Caballo Marino, pat. Inclán: con;;Caballo Marino;;;gol.;1890_06_07;Cabañas;;
;;N/A: ;;;Blanco;pat.;;;;;Mariel, gol. Isabelita, pat. Blanco: con 75 cuarterolas miel.;;Isabelita;;;gol.;1890_06_07;;;
Día 7:;;;;;Juan;pat.;;;;;Día 7: De Sierra Morena, gol. María Teresa, pat. Juan: con;;María Teresa;;;gol.;1890_06_08;Sierra Morena;;
;;N/A: ;;;Guasch;pat.;;;;;-Baracoa, gol. Aguila, pat. Guasch: con 3,000 cajas petroleo.;;Aguila;;;gol.;1890_06_08;Baracoa;;
;;N/A: ;;;Barceló;pat.;;;;;-Bahía-Honda, gol. Salve Virgen María, pat Barceló: con 60 cuarterolas miel.;;Salve Virgen María;;;gol.;1890_06_08;Bahía-Honda;;
;;N/A: ;;;Pino;pat.;;;;;-Carahatas, gol. Paca, pat. Pino: con 260 bocoyes;;Paca;;;gol.;1890_06_08;Carahatas;;
;;N/A: ;;;Garriga;pat.;;;;;-Jibacoa, gol. 14 de Vinaroz, pat. Garriga: con 26;;14 de Vinaroz;;;gol.;1890_06_08;Jibacoa;;
;;;;;Ferrer;pat.;;;;;-Bahía-Honda, gol. Mercedita, pat. Ferrer: con;;Mercedita;;;gol.;1890_06_08;Bahía-Honda;;
Día 9:;;;;;Cantero;pat.;;;;;Día 9: De Cárdenas, gol. Aguila de Oro, pat. Cantero: con;;Aguila de Oro;;;gol.;1890_06_10;Cárdenas;;
;;;;;Zaragoza;pat.;;;;;-Cárdenas, gol. Isla de Cuba, pat. Zaragoza: con;;Isla de Cuba;;;gol.;1890_06_10;Cárdenas;;
;;N/A: ;;;Cabres;pat.;;;;;-Sierra Morena, gol. Unión, pat. Cabres: con 225;;Unión;;;gol.;1890_06_10;Sierra Morena;;
;;N/A: ;;;Serra;pat.;;;;;-Dimas, gol. Amalia, pat. Serra: con 500 sacos;;Amalia;;;gol.;1890_06_10;Dimas;;
;;N/A:  | N/A: ;;;Boach;pat.;;;;;-Dominica, gol. Dominica, pat. Boach: con 200 sacos azúcar y 25 bocoyes miel.;;Dominica;;;gol.;1890_06_10;Dominica;;
Día 10:;;N/A: ;;;Juan;pat.;;;;;Dia 10: De Cabañas, bdro Rosita, pat. Juan: con 14 bocoyes;;Rosita;;;bdro;1890_06_11;Cabañas;;
;;;;;Riobo;pat.;;;;;Carahatas, gol. Tres Hermana, pat. Riobo: con;;Tres Hermana;;;gol.;1890_06_11;Carahatas;;
;;N/A: ;;;Pujol;pat.;;;;;-Jibacoa, gol. Desempeño, pat. Pujol: con 40 cuarterolas miel.;;Desempeño;;;gol.;1890_06_11;Jibacoa;;
;;;;;Suárez;pat.;;;;;- -San'a Cruz, gol. San Antonio, pat. Suárez: con;;San Antonio;;;gol.;1890_06_11;San'a Cruz;;
;;;;;Pérez;pat.;;;;;Matanzas, gol. María, pat. Pérez: con efectos;;María;;;gol.;1890_06_11;Matanzas;;
;;N/A: ;;;Vilar;cap.;;;;;-Nuevitas, vapor Mortera, cap. Vilar: con 524 reses.;;Mortera;;;vapor;1890_06_12;Nuevitas;;
;;N/A: ;;;Joy;pat.;;;;;-Cárdenas, gol. Crisálida, pat. Joy: con 1,000 sacos azúcar.;;Crisálida;;;gol.;1890_06_12;Cárdenas;;
;;N/A: ;;;Alemañy;pat.;;;;;-Manatí, gol. Juanita, pat. Alemañy: con 60 piezas;;Juanita;;;gol.;1890_06_12;Manatí;;
;;;;;Ferrer;pat.;;;;;-Matanzas, gol. Dos Hermanas, pat. Ferrer: con;;Dos Hermanas;;;gol.;1890_06_12;Matanzas;;
Día 12:;;N/A: ;;;Villalonga;pat.;;;;;Día 12: at De Cárdenas, gol. Clío, pat. Villalonga: con 890 sacos;;Clío;;;gol.;1890_06_13;Cárdenas;;
;;N/A: ;;;Pereira;pat.;;;;;-Carahatas, gol. Teresita, pat. Pereira: con 1,150;;Teresita;;;gol.;1890_06_13;Carahatas;;
;;;;;Villalonga;pat.;;;;;Mariel, gol. María Magdalena, pat. Villalonga:;;María Magdalena;;;gol.;1890_06_13;;;
;;;;;Cardeluz;cap.;;;;;-Sagua, vapor Adela, cap. Cardeluz: con efectos.;;Adela;;;vapor;1890_06_13;Sagua;;
;;;;;Real;cap.;;;;;-Malas-Aguas, vapor Tritón, cap. Real: con efectos.;;Tritón;;;vapor;1890_06_13;Malas-Aguas;;
Día 13:;;N/A:  | N/A: ;;;Yerus;cap.;;;null;;Ofe 13: De Guanes, vapor Guadiano, cap. Yerus: con 814 tercios tabaco y efectos. - -Cabañas, gol. Cuba, pat. Rigó: con 500 sacos azúcar.;;Guadiano;;;vap.;1890_06_14;Guanes;;
;;N/A:  | N/A:  | N/A: ;;;Bonet;pat.;;;;;"-Jaruco, gol. Joven Lola, pat. Bonet: con 206 Bacos azúcar; 100 fanegas maiz y efectos.";;Joven Lola;;;gol.;1890_06_14;Jaruco;;
;;;;;Macip;pat.;;;;;-Santa Cruz, gol. Joven Manuel, pat. Macip: con;;Joven Manuel;;;gol.;1890_06_14;Santa Cruz;;
;;N/A: ;;;Garriga;pat.;;;;;Jibacna, gol. 1º de Vinaroz, pat. Garriga: con 25;;1º;;;gol.;1890_06_14;Vinaroz;;
;;;;;Alemañy;pat.;;;;;Canasí, gol. Amado Antonio, pat. Alemañy: con;;Amado Antonio;;;gol.;1890_06_14;Canasí;;
;;N/A: ;;;Laza;pat.;;;;;-Nuevitas, gol. Emilia, pat. Laza: con 150 caballos;;Emilia;;;gol.;1890_06_14;Nuevitas;;
Día 14:;;;;;Rodríguez;pat.;;;;;Dia 14: De Congojas, gol. Joven Victoria, pat. Rodríguez:;;Joven Victoria;;;gol.;1890_06_15;Congojas;;
;;N/A: ;;;Sisnega;pat.;;;;;-Morrillo, gol. Feliz, pat. Sisnega: con 125 sacos;;Feliz;;;gol.;1890_06_15;Morrillo;;
;;;;;Suárez;pat.;;;;;-Santa Cruz, gol. San Antonio, pat. Suárez: con;;San Antonio;;;gol.;1890_06_15;Santa Cruz;;
Día 16:;;N/A:  | N/A:  | N/A: ;;;Ventura;cap.;;;;;"Dia 16: De Cuba, vapor Manuela, cap. Ventura: con 150-reses; 85,000 plátanos y efectos.";;Manuela;;;vap.;1890_06_17;Cuba;;
;;N/A: ;;;Bernaza;pat.;;;;;-Dimas, gol. Amable Rosita, pat. Bernaza: con 700;;Amable Rosita;;;gol.;1890_06_17;Dimas;;
;;N/A: ;;;Amengual;pat.;;;;;-Dimas, gol. María, pat. Amengual: con 700 sacos;;María;;;gol.;1890_06_17;Dimas;;
;;;;;Cabruja;cap.;;;;;-Sagua la Chica, gol. 2ª Rosa, cap. Cabruja: con;;2ª Rosa;;;gol.;1890_06_17;Sagua la Chica;;
;;N/A: ;;;Valent;pat.;;;;;-Cárdenas, gol. Juan Toralla, pat. Valent. con 25;;Juan Toralla;;;gol.;1890_06_17;Cárdenas;;
;;N/A: ;;;Adivina;pat.;;;;;Cárdenas, gol. María, pat. Adivina: con 25,000;;María;;;gol.;1890_06_17;Cárdenas;;
;;;;;Alemañy;pat.;;;;;-Cárdenas, gol. Joven Pilar, pat. Alemañy: con;;Joven Pilar;;;gol.;1890_06_17;Cárdenas;;
;;;;;Mandilego;pat.;;;;;-Cárdenas, gol. Esmeralda, pat. Mandilego: con;;Esmeralda;;;gol.;1890_06_17;Cárdenas;;
;;N/A:  | N/A: ;;;Arocha;pat.;;;;;-Mariel, gol. Altagracia, pat. Arocha: con 113 sacos azúcar y 15 pipas aguardiente.;;Altagracia;;;gol.;1890_06_17;Mariel;;
;;;;;Porcel;pat.;;;;;-Jaruco, gol. Paquete de Jaruco, pat. Porcel: con;;Paquete de Jaruco;;;gol.;1890_06_17;Jaruco;;
;;N/A: ;;;Borrell;pat.;;;;;-Teja, gol, Castilla, pat. Borrell: con 1,200 sacos;;Castilla;;;gol;1890_06_17;Teja;;
;;;;;Rodríguez;pat.;;;;;-Cabañas, gol. Dos Amigos, pat. Rodríguez: con;;Dos Amigos;;;gol.;1890_06_17;Cabañas;;
;;N/A:  | N/A: ;;;Blanco;pat.;;;;;-Mariel, gol. Isabelita, pat. Blanco: con 30 cuarterolas de miel y efectos.;;Isabelita;;;gol.;1890_06_17;Mariel;;
;;;;;Prats;pat.;;;;;Punta San Juan, gol. Dos Amigos, pat. Prats:;;Dos Amigos;;;gol.;1890_06_19;Punta San Juan;;
;;N/A: ;;;Ferrer;pat.;;;;;Dimus, gol. Deseada, pat. Ferrer: con 400 sacos;;Deseada;;;gol.;1890_06_19;;;
;;N/A: ;;;Colomar;pat.;;;;;-Matanzas, gol. Gaspar, pat. Colomar: con 40 bocoyes vacíos.;;Gaspar;;;gol.;1890_06_19;Matanzas;;
;;N/A: ;;;García;pat.;;;;;Jibacoa, gol. Desempeño, pat. García: con 80 fanegas maiz,;;Desempeño;;;gol.;1890_06_19;Jibacoa;;
;;;;;Enseñat;pat.;;;;;-Caibarién, gol. Joven Balear, pat. Enseñat: con;;Joven Balear;;;gol.;1890_06_19;Caibarién;;
;;N/A: ;;;Deulofeu;pat.;;;;;-Cabaña, gol. Trafalgar, pat. Deulofeu: con 740;;Trafalgar;;;gol.;1890_06_19;Cabaña;;
;;N/A: ;;;Barreiro;pat.;;;;;Sagua, gol. María Josefa, pat. Barreiro: con 1,000.;;María Josefa;;;gol.;1890_06_19;Sagua;;
;;N/A: ;;;Juan;pat.;;;;;-Cabañas, gol. Rosite, pat. Juan: con 105 zacos;;Rosite;;;gol.;1890_06_19;Cabañas;;
Día 19:;;N/A: ;;;Cardeluz;cap.;;;;;Día 19: De Sagua, vapor Adela, cap. Cardeluz: con efectos.;;Adela;;;vapor;1890_06_20;Sagua;;
;;N/A: ;;;Real;cap.;;;;;-Malas-Aguas, vapor Tritón, cap. Real: con 87;;Tritón;;;vapor;1890_06_20;Malas-Aguas;;
;;;;;Valent;pat.;;;;;-Cárdenas, gol. María del Carmen, pat. Valent:;;María del Carmen;;;gol.;1890_06_20;Cárdenas;;
;;N/A: ;;;Durán;pat.;;;;;-Sagua, gol. Dos Soffas, pat. Durán: con 1,800 sacos carbón.;;Dos Soffas;;;gol.;1890_06_20;Sagua;;
;;N/A: ;;;Hernández;pat.;;;;;-Morrillo, gol. Britania, pat. Hernández: con 240;;Britania;;;gol.;1890_06_20;Morrillo;;
Día 20:;;N/A: ;;;Yerus;cap.;;;;;Va 20: De Guanes, vapor Guadiana. cap. Yerus: con 1,196;;Guadiana;;;vap.;1890_06_21;Guanes;;
;;N/A: ;;;Torres;pat.;;;;;"-Baracoa, gol. Elva, pat. Torres: con 60,000 cocos;";;Elva;;;gol.;1890_06_21;Baracoa;;
;;N/A: ;;;Aguiar;pat.;;;;;-Santa María, gol. Júcaro, pat. Aguiar: con 300;;Júcaro;;;gol.;1890_06_21;Santa María;;
;;N/A: ;;;Gil;pat.;;;;;-Banes, gol. Dos Isabeles, pat. Gil: con 40 bocoyes;;Dos Isabeles;;;gol.;1890_06_21;Banes;;
Día 21:;;N/A:  | N/A: ;;;Villalonga;pat.;;;;;Día 21: De Cárdenas, gol. Clío, pat. Villalonga: eon 800 barriles y 550 cajas azúcar y efectos.;;Clío;;;gol.;1890_06_22;Cárdenas;;
;;;;;Zaragoza;pat.;;;;;-Cárdenas, gol. Isla de Cuba, pat. Zaragoza: con;;Isla de Cuba;;;gol.;1890_06_22;Cárdenas;;
;;;;;Suárez;pat.;;;;;Santa Cruz, gol. San Antonio, pat. Suárez: con;;San Antonio;;;gol.;1890_06_22;Santa Cruz;;
Día 23:;null;N/A: ;;;Padrón;pat.;;;null;;Dis 23: De Arioyos, gol. Joven Jaime, pat Padrón: con 1,100;;Joven Jaime;;;gol.;1890_06_24;Arioyos;;
;;N/A: ;;;Mateu;pat.;;;;;Bajas, gol. San Francisco, pat. Mateu: con 1,000;;San Francisco;;;gol.;1890_06_24;Bajas;;
;;N/A: ;;;Moll;pat.;;;;;-Mantua, gol. Lince, pat. Moll: con 750 Bacos;;Lince;;;gol.;1890_06_25;Mantua;;
;;N/A: ;;;Ors;pat.;;;;;-Teja, gol. Joven Catalina, pat. Ors: con 600 sacos;;Joven Catalina;;;gol.;1890_06_25;Teja;;
;;N/A: ;;;Palau;pat.;;;;;-Yaguajay, gol. Carmita, pat. Palau: con 18,000;;Carmita;;;gol.;1890_06_25;Yaguajay;;
;;N/A: ;;;Vera;pat.;;;;;-Yaguajay, gol. Natividad, pat. Vera: con 15,000;;Natividad;;;gol.;1890_06_25;Yaguajay;;
;;N/A: ;;;Rigó;pat.;;;;;-Cabañas, gol. Cuba, pat. Rigó: con 200 quintales;;Cuba;;;gol.;1890_06_25;Cabañas;;
;;;;;Villalonga;pat.;;;;;-Mariel, gol. María Magdalena, pat. Villalonga:;;María Magdalena;;;gol.;1890_06_25;;;
Día 25:;;N/A:  | N/A:  | N/A: ;;;Vilar;cap.;;;;;Dia 25: De Nuevitas, vapor Mortera, cap. Vilar: con 1,800 8acos azúcar, 530 reses y efectos. -Cárdenas, gol. Angelita, pat. Cuevas: con 400 barriles y 200 sacos azúcar y efectos.;;Mortera;;;vapor;1890_06_26;Nuevitas;;
;;N/A: ;;;Cabres;pat.;;;;;-Sierra Morena, gol. Unión, pat. Cabres: con 1,100;;Unión;;;gol.;1890_06_26;Sierra Morena;;
;;;;;Suárez;pat.;;;;;-Santa Cruz, gol. San Antonio, pat. Suárez: con;;San Antonio;;;gol.;1890_06_26;Santa Cruz;;
;;;;;Ferrer;pat.;;;;;-Bahía-Honda, gol. Mercedita, pat. Ferrer: en;;Mercedita;;;gol.;1890_06_26;Bahía-Honda;;
;;N/A: ;;;Real;cap.;;;;;-Malas-Aguas, vapor Tritón, cap. Real: con 181;;Tritón;;;vapor;1890_06_26;Malas-Aguas;;
;;;;;Juan;pat.;;;;;-Sierra Morena, gol. María Teresa, pat. Juan: con;;María Teresa;;;gol.;1890_06_26;Sierra Morena;;
;;N/A: ;;;Pujol;pat.;;;;;-Jibacoa, gol. Desempeño, pat. Pujol: con 70 fanegas maíz.;;Desempeño;;;gol.;1890_06_26;Jibacoa;;
Día 26:;;;;;Santana;pat.;;;;;Día 26: De Granadillo, gol. Ignacia Alemán, pat. Santana:;;Ignacia Alemán;;;gol.;1890_06_27;Granadillo;;
Día 27:;;N/A: ;;;;cap.;;;;;Dia 27: De Sagus, vapor Clara, cap. Bilbao: con 622 sacos;Bilbao;Clara;;;vapor;1890_06_28;Sagus;;
;;N/A: ;;;Real;cap.;;;;;-Malas-Aguas, vapor Tritón, cap. Real: con 998;;Tritón;;;vapor;1890_06_28;Malas-Aguas;;
;;N/A: ;;;Colomar;pat.;;;;;-Matanzas, gol. Gaspar, pat Colomar: con 40 bocoyes vacíos.;;Gaspar;;;gol.;1890_06_28;Matanzas;;
;;;;;Macip;pat.;;;;;Santa Cruz, gol. Joven Manuel, pat. Macip: con;;Joven Manuel;;;gol.;1890_06_28;Santa Cruz;;
Día 17:;null;N/A:  | N/A: ;;;Juan;pat.;;;null;;17fa 28: De Cabañas, bdro. Rosita, pat. Juan: con 20 cuarterolas miel y 20 quintales hierro.;;Rosita;;;bdro.;1890_06_29;Cabañas;;
;;N/A:  | N/A: ;;;Pérez;pat.;;;;;-Matanzas, gol. Amalia, pat Pérez: con 200 bocoyes aguardiente y efectos.;;Amalia;;;gol.;1890_06_29;Matanzas;;
;;;;;Ferrer;pat.;;;;;Matanzas, gol. Dos Hermanas, pat. Ferrer: con;;Dos Hermanas;;;gol.;1890_06_29;Matanzas;;
;;N/A: ;;;Pérez;pat.;;;;;-Matanzas, gol. María, pat. Pérez: con 80 bocoyes;;María;;;gol.;1890_06_29;Matanzas;;
;;N/A: ;;;Garriga;pat.;;;;;Jibacoa, gol. 13 de Vinaroz, pat. Garriga: con 20;;13;;;gol.;1890_06_29;Vinaroz;;
;;N/A: ;;;Covas;pat.;;;;;-Ortigosa. gol. Doloritas, pat. Covas: con 40 bocoyes miel.;;Doloritas;;;gol.;1890_06_29;Ortigosa;;
Día 30:;;N/A: ;;;Ruiz;pat.;;;;;Dia 30: De Dimas, gol. Dos Hermanas, pat. Ruiz: con 700 sacos carbón.;;Dos Hermanas;;;gol.;1890_07_01;Dimas;;
;;N/A: ;;;Beneján;pat.;;;;;-Mantua, gol. Margarita, pat. Beneján: con 600;;Margarita;;;gol.;1890_07_01;Mantua;;
;;N/A: ;;;Lladó;pat.;;;;;-Bajas, gol. Carmita, pat. Lladó: con 800 sacos;;Carmita;;;gol.;1890_07_01;Bajas;;
;;;;;Mandilego;pat.;;;;;-Cárdenas, gol. Esmeralda, pat. Mandilego: con;;Esmeralda;;;gol.;1890_07_01;Cárdenas;;
;;N/A: ;;;Valent;pat.;;;;;Cárdenas, gol. Juan Toralla, pat. Valent: con 300;;Juan Toralla;;;gol.;1890_07_01;Cárdenas;;
;;N/A:  | N/A: ;;;Sisniega;pat.;;;;;-Morrille, gol. Feliz, pat. Sisniega: con 65 cuarterolas miel y 265 sacos azúcar.;;Feliz;;;gol.;1890_07_02;Morrille;;
;;;;;Riobo;pat.;;;;;-Carahatas, gol. Tres Hermanas, pat. Riobo: con;;Tres Hermanas;;;gol.;1890_07_02;Carahatas;;
;;N/A:  | N/A: ;;;Bonet;pat.;;;;;860 sacos azúcar y 30 pipas aguardiente. -Jaruco, gol. Joven Lola, pat. Bonet: con 150 fanegas y 40 sacos maiz, y 30 sacos azúcar.;;Joven Lola;;;gol.;1890_07_02;Jaruco;;
Día 2:;;N/A:  | N/A: ;;;Vilar;cap.;;;;;Día 2: De Nuevitas, vapor Mortera, cap. Vilar: con 500 reses y efectos.;;Mortera;;;vapor;1890_07_03;Nuevitas;;
Día 01:;;N/A: ;;;Adivina;pat.;;;;;-Cárdenas, gol. María, pat. Adivina: con 50 toneladas de hierro.;;María;;;gol.;1890_07_03;Cárdenas;;
;;;;;Menaya;pat.;;;;;-Sierra Morena, gol. Habanera, pat. Menaya: con;;Habanera;;;gol.;1890_07_03;Sierra Morena;;
Día 3:;;N/A: ;;;Cardeluz;cap.;;;;;Dia 3: De Sagua, vapor Adela, cap. Cardeluz: con 60 tercios;;Adela;;;vapor;1890_07_05;Sagua;;
;;N/A: ;;;Felicó;pat.;;;;;-Guanes, gol. Especulación, pat. Felicó: con 200;;Especulación;;;gol.;1890_07_05;Guanes;;
;;;;;Colón;pat.;;;;;Berraces, gol. Paquete de Sagna, pat. Colón: con;;Paquete de Sagna;;;gol.;1890_07_05;Berraces;;
;;N/A: ;;;Enseñat;pat.;;;;;-Sierra Morena, gol. Soffa, pat. Enseñat: con 700;;Soffa;;;gol.;1890_07_05;Sierra Morena;;
;;;;;Alemañy;pat.;;;;;-Canasí, gol. Amado Antonio, pat. Alemañy: con;;Amado Antonio;;;gol.;1890_07_05;Canasí;;
Día 05:;null;N/A: ;;;Ferrer;pat.;;;null;;DIAL 5: De Dimas goleta Deseada, pat. Ferrer: con 40 sacos;;Deseada;;;goleta;1890_07_06;Dimas;;
;;N/A:  | N/A:  | N/A: ;;;Villalonga;pat.;;;;;-Cárdenas gta. Clio, pat. Villalonga: con 850 barriles, 160 sacos azúcar y efectos.;;Clio;;;gta.;1890_07_06;Cárdenas;;
Día 01:;;N/A: ;;;Cabraja;pat.;;;;;700 sacos carbón. - -Puata San Juan gta. Segunda Rosa, pat. Cabraja: con 1000 sacos de carbón.;;Segunda Rosa;;;gta.;1890_07_08;San Juan;;
;;N/A: ;;;Alemañу;pat.;;;;;-Cárdenas gta. Joven Pilar, pat. Alemañу: con 40;;Joven Pilar;;;gta.;1890_07_08;Cárdenas;;
;;N/A: ;;;;pat.;;;;;Arroyos gta. Joven Jaime, pat. Padrón: con 1100;;Joven Jaime;;;gta.;1890_07_09;Padrón;;
;;N/A: ;;;Colomar;pat.;;;;;-Matanzas gta. Gaspar, pat. Colomar: con 40 bocoyes vacíos;;Gaspar;;;gta.;1890_07_09;Matanzas;;
;;N/A: ;;;Cabaleiro;pat.;;;;;-Sagua gta. Rosita, pat. Cabaleiro: con 500 pes;;Rosita;;;gta.;1890_07_09;Sagua;;
;;N/A: ;;;Terrades;pat.;;;;;-Sagua gta. Candita, pat. Terrades: con 1000 sacos;;Candita;;;gta.;1890_07_09;Sagua;;
;;N/A: ;;;Toro;pat.;;;;;-Sagua gta. Rita Fortuna, pat. Toro: con 1000 sacos carbón.;;Rita Fortuna;;;gta.;1890_07_10;Sagua;;
;;N/A: ;;;Borrell;pat.;;;;;-Teja gta. Castilla, pat. Borrell: con 1,800 sacos;;Castilla;;;gta.;1890_07_10;Teja;;
;;N/A: ;;;Ferrer;pat.;;;;;-Sagua gta. María Josefa, pat. Ferrer: con 800 sacos carbón.;;María Josefa;;;gta.;1890_07_10;Sagua;;
Día :;;N/A: ;;;Bilbao;cap.;;;;;Sagua vap. Clara, cap. Bilbao: con 275 tercios;;Clara;;;vap.;1890_07_12;Sagua;;
Día :;;N/A: ;;;Yerus;cap.;;;;;-Guanes vap. Guadiana, cap. Yerus: con 1,286;;Guadiana;;;vap.;1890_07_12;Guanes;;
;;N/A: ;;;Mas;pat.;;;;;-Baracoa gol. Anita, pat. Mas: con 25,000 cocos,;;Anita;;;gol.;1890_07_12;;;
;;N/A: ;;;Juan;pat.;;;;;-Cabañas bdro. Rosita, pat. Juan: con 20 qq. de;;Rosita;;;bdro.;1890_07_12;Cabañas;;
;;N/A: ;;;;p.;;;;;-Carahatas gol. 3 Hermanas, p. Riobo: con 989;;3 Hermanas;;;gol.;1890_07_12;Riobo;;
Día 12:;;N/A: ;;;Banaza;pat.;;;;;Día 12: De Dimas gta. Amable Rosita, pat. Banaza: con 700;;Amable Rosita;;;gta.;1890_07_13;Dimas;;
;;N/A: ;;;Sisnieya;pat.;;;;;-Morrillo gta. Félix, pat. Sisnieya: con 73 cuarterolas miel.;;Félix;;;gta.;1890_07_13;Morrillo;;
Día 15:;;;;;Urrutibeascoa;cap.;;;;;Día 15: De Caiharién vap. Alava, cap. Urrutibeascoa: con 608;;Alava;;;vap.;1890_07_16;Caiharién;;
;;N/A:  | N/A: ;;;Ginesta;cap.;;;;;tercios tabaco y efectos. - -Nuevitas vap. Manuela, cap. Ginesta: con 225;;Manuela;;;vap.;1890_07_16;Nuevitas;;
;;N/A: ;;;Pujol;pat.;;;;;Mantua gta. Nueva Hilario, pat. Pujol: con 600;;Nueva Hilario;;;gta.;1890_07_16;Mantua;;
Día 16:;;N/A:  | N/A:  | N/A: ;;;Lloret;pat.;;;;;Día 16: Para Mantua gta Angelita, pat. Lloret: con 208 tercios tabaco, 175 quinte les cáscara de mangle y 50;;Angelita;;;gta;1890_07_17;Mantua;;
;;N/A: ;;;Vera;pat.;;;;;-Yaguajay gta. Joven Blanca, pat. Vera, con 800;;Joven Blanca;;;gta.;1890_07_17;Yaguajay;;
;;N/A: ;;;Joy;pat.;;;;;-Cárdenas gta. Crieálida: pat. Joy: con 737 sacos;;Crieálida;;;gta.;1890_07_17;Cárdenas;;
Día 17:;;N/A: ;;;Cardeluz;cap.;;;;;Día 17: De Sagua, vapor Adela, cap. Cardeluz: con 190 sacos;;Adela;;;vap.;1890_07_18;Sagua;;
;;N/A: ;;;Moll;pat.;;;;;Mantua, gol. Lince, pat. Moll: con 750 sacos carbón.;;Lince;;;gol.;1890_07_18;Mantua;;
;;;;;Moll;pat.;;;;;-Mariel, gol. María Magnalena, pat. Moll: en lastre.;;María Magnalena;;;gol.;1890_07_18;;;
;;;;;Alemañy;pat.;;;;;-Mariel, gol. Altagracia, pat. Alemañy: cou efectos.;;Altagracia;;;gol.;1890_07_18;;;
Día 18:;;;;;Ferrer;pat.;;;;;Día 18: De Bahía-Honda, gol. Mercedita, pat. Ferrer: con;;Mercedita;;;gol.;1890_07_19;Bahía-Honda;;
;;N/A: ;;;Enseñat;pat.;;;;;-Sierra Morena, gol. Sofía, pat. Enseñat: con 600;;Sofía;;;gol.;1890_07_19;Sierra Morena;;
Día 19:;;N/A:  | N/A:  | N/A: ;;;Suao;pat.;;;;;"Día 19: De Gibara, gol. Moralidad, pat. Suao: con 59,000 plátanos; 300 quintales de ñames; 170 tercios tabaco;";;Moralidad;;;gol.;1890_07_20;Gibara;;
;;N/A: ;;;Enseñat;pat.;;;;;-Sierra Morena, gol. Sofía, pat. Enseñat: con 800;;Sofía;;;gol.;1890_07_20;Sierra Morena;;
;;N/A: ;;;Serra;pat.;;;;;-Sagua, gol. Amalia, pat. Serra: con 500 sacos carbón.;;Amalia;;;gol.;1890_07_20;Sagua;;
;;N/A: ;;;Mateu;pat.;;;;;-Bajas, gol San Francisco, pat. Mateu: con 1,000;;San Francisco;;;gol.;1890_07_20;Bajas;;
;;;;;Alemañy;pat.;;;;;Canasí, gol. Amado Antonio, pat. Alemañy: con;;Amado Antonio;;;gol.;1890_07_20;Canasí;;
Día 22:;;N/A: ;;;Aguiar;pat.;;;;;Día 22: De Santa María, gol. Júcaro, pat. Aguiar: con 900 sacos carbón.;;Júcaro;;;gol.;1890_07_23;Santa María;;
;;;;;Alemañy;pat.;;;;;-Yaguajay, gol. Natividad, pat. Alemañy: con;;Natividad;;;gol.;1890_07_23;Yaguajay;;
;;;;;Valent;pat.;;;;;-Cárdenas, gol. María del Carmen, pat. Valent:;;María del Carmen;;;gol.;1890_07_23;Cárdenas;;
;;N/A: ;;;Coll;pat.;;;;;-Yaguajay, gol. Cuba, pat. Coll: con 20,000 pies;Cuba;;;;gol.;1890_07_23;Yaguajay;;
;;N/A:  | N/A: ;;;Sisnega;pat.;;;;;-Morrillo, gol. Feliz, pat. Sisnega: con 400 caballos leña y 32 fardos tabaco.;;Feliz;;;gol.;1890_07_23;Morrillo;;
;;N/A: ;;;Hernández;pat.;;;;;-Morrillo, gol. Britania, pat. Hernández: con 2,000;;Britania;;;gol.;1890_07_23;Morrillo;;
;;;;;Suárez;pat.;;;;;-Santa Cruz, gol. San Antonio, pat. Suárez: con;;San Antonio;;;gol.;1890_07_23;Santa Cruz;;
;;N/A: ;;;Durán;pat.;;;;;-Teja, gol. Dos Sofías, pat. Durán: con 1,300 sacos carbón.;;Dos Sofías;;;gol.;1890_07_23;Teja;;
Día 24:;;N/A: ;;;Real;cap.;;;;;Día 24: De Malas-Aguas, vapor Tritón, cap. Real: con 830;;Tritón;;;vapor;1890_07_25;Malas-Aguas;;
;;N/A:  | N/A: ;;;Ferrer;pat.;;;;;San Cayetano, gol. Carmita, pat. Ferrer: con 650 sacos carbón y 100 quintales cáscara de mangle;;Carmita;;;gol.;1890_07_25;San Cayetano;;
;;N/A: ;;;Mir;pat.;;;;;-Granadillo. gol Joven Felipe, pat. Mir: con 1,200;;Joven Felipe;;;gol;1890_07_25;Granadillo;;
;;;;;Albóniga;cap.;;;;;-Nuevitas, vapor Avilés, cap. Albóniga: con efectos.;;Avilés;;;vapor;1890_07_25;Nuevitas;;
;;;;;Riobe;pat.;;;;;-Carahatas, gol. Tres Hermanas, pat. Riobe: con;;Tres Hermanas;;;gol.;1890_07_25;Carahatas;;
;;;;;Blanco;pat.;;;;;efectos. -San Cayetano, gol. Isabelita, pat. Blanco: con;;Isabelita;;;gol.;1890_07_25;San Cayetano;;
Día 26:;;N/A:  | N/A: ;;;Bilbao;cap.;;;;;Día 26: De Caibarién, vapor Clara, cap. Bilbao: con 430 tercios tabaco y efectos.;;Clara;;;vapor;1890_07_27;Caibarién;;
;;N/A: ;;;Yerus;cap.;;;;;-Guanes, vapor Guadiana, cap. Yerus: con 725;;Guadiana;;;vapor;1890_07_27;Guanes;;
;;N/A: ;;;Ferrer;pat.;;;;;-Dimas, gol. Deseada, pat. Ferrer: con 400 sacos;;Deseada;;;gol.;1890_07_27;Dimas;;
;;;;;Zaragoza;pat.;;;;;-Cárdenas, gol. Isla de Cuba, pat. Zaragoza: con;;Isla de Cuba;;;gol.;1890_07_27;Cárdenas;;
;;N/A: ;;;Alemañy;pat.;;;;;-Dimas, gol. Mercedita, pat. Alemañy: con 1,200;;Mercedita;;;gol.;1890_07_27;Dimas;;
;;;;;Rodríguez;pat.;;;;;-Río del Medio, gol. Dos Amigos. pat. Rodríguez:;;Dos Amigos;;;gol.;1890_07_27;Río del Medio;;
Día 28:;;N/A: ;;;Ferrer;pat.;;;;;Día 28: De Dimas, gol. Dessada, pat. Ferrer: con 400 sacos;;Dessada;;;gol.;1890_07_29;Dimas;;
;;N/A: ;;;Amengual;pat.;;;;;-Dimas, gol. María, pat. Amengual: con 700 sacos;;María;;;gol.;1890_07_29;Dimas;;
Día 01:;;;;;Prats;pat.;;;;;-Punta San Juan, gol. Dos Amigos, pat. Prats:;;Dos Amigos;;;gol.;1890_07_29;Punta San Juan;;
;;N/A: ;;;Planas;pat.;;;;;-Mulata, gol. Dolores, pat. Planas: con 200 varas;;Dolores;;;gol.;1890_07_29;;;
;;;;;Macip;pat.;;;;;-Santa Cruz, gol. Joven Manuel, pat. Macip: con;;Joven Manuel;;;gol.;1890_07_29;Santa Cruz;;
;;N/A: ;;;Esteban;pat.;;;;;-Cárdenas, gol. María, pat. Esteban: con 100 pipas;;María;;;gol.;1890_07_29;Cárdenas;;
;;N/A: ;;;Freixas;pat.;;;;;-Cabañas, gol. Josefa, pat. Freixas: con 78 tergios;;Josefa;;;gol.;1890_07_29;Cabañas;;
;;;;;Inclán;pat.;;;;;-Cabañas, gol. Caballo Marino, pat. Inclán: con;;Caballo Marino;;;gol.;1890_07_29;Cabañas;;
;;N/A: ;;;Alemañy;pat.;;;;;-Sagua, gol. Juanita, pat. Alemañy: con 1,000 sacos carbón.;;Juanita;;;gol.;1890_07_29;Sagua;;
;;N/A:  | N/A: ;;;Colón;pat.;;;;;-San Cayetano gol. Paquete de Sagua, pat Colón: con 200 varas madera y 50 caballos leia.;;Paquete de Sagua;;;gol.;1890_07_29;San Cayetano;;
;;N/A: ;;;Mayans;pat.;;;;;-Sagua, gol. José Riera, pat. Mayans: con 800 sacos carbón.;;José Riera;;;gol.;1890_07_29;Sagua;;
;;N/A: ;;;Ruiz;pat.;;;;;-Dimas, gol. Dos Hermanas, pat. Ruiz: con 700;;Dos Hermanas;;;gol.;1890_07_30;Dimas;;
;;N/A: ;;;Lladó;pat.;;;;;-Bajas, gol. Carmita, pat. Lladó: con 800 sacos;;Carmita;;;gol.;1890_07_30;Bajas;;
;;N/A: ;;;Esprius;pat.;;;;;-Rosario, gol. Catalina, pat. Esprius: con 800 sacos carbón.;;Catalina;;;gol.;1890_07_30;Rosario;;
;;N/A: ;;;García;pat.;;;;;-San Cayetano, gol. Rosario, pat. García: con 400;;Rosario;;;gol.;1890_07_30;San Cayetano;;
;;;;;Suárez;pat.;;;;;-Santa Cruz, gol. San Antonio, pat. Suárez: con;;San Antonio;;;gol.;1890_07_30;Santa Cruz;;
;;;;;Villalonga;pat.;;;;;-Mariel, gol. María Magdalena, pat. Villalonga:;;María Magdalena;;;gol.;1890_07_30;;;
;;N/A:  | N/A: ;;;Alemañy;pat.;;;;;-Baracoa, gol. Aguila, pat. Alemañy: con 500 cajas petróleo y efectos.;;Aguila;;;gol.;1890_07_30;Baracoa;;
Día 31:;;N/A: ;;;Real;cap.;;;;;Día 31: De Malas-Aguas, vapor Tritón, cap. Real: con 460;;Tritón;;;vapor;1890_08_01;Malas-Aguas;;
;;;;;Cardeluz;cap.;;;;;-Sagua, vapor Adela, cap. Cardeluz: con efectos.;;Adela;;;vapor;1890_08_01;Sagua;;
;;N/A:  | N/A: ;;;Pujol;pat.;;;;;-Jibacoa, gol. Desempeño, pat. Pujol: con 31 saéos maiz y efectos.;;Desempeño;;;gol.;1890_08_01;Jibacoa;;
;;;;;Lancirica;pat.;;;;;-Sagua, gol. Marina, pat. Lancirica: con efectos.;;Marina;;;gol.;1890_08_01;Sagua;;
Día 10:;10-08-2023;N/A: ;;;Sastre;pat.;;;;;Día 10 de agosto: De Mariel, gol. Altagracia, pat. Sastre: con 100 cuarterolas vacías.;;Altagracia;;;gol.;1890_08_02;Mariel;;
;;N/A: ;;;Enseñat;pat.;;;;;-Sierra Morena, gol. Sofía, pat. Enseñat: con 420;;Sofía;;;gol.;1890_08_02;Sierra Morena;;
;;N/A:  | N/A:  | N/A: ;;;Febrer;pat.;;;;;-Cárdenas, gol. Angelita, pat. Febrer: con 750 barriles y 15 sacos azúcar y 34 pipas aguardiente.;;Angelita;;;gol.;1890_08_02;Cárdenas;;
;;;;;Riobo;pat.;;;;;-Carahatas, gol. Tres Hermanas, pat. Riobo: con;;Tres Hermanas;;;gol.;1890_08_02;Carahatas;;
Día 2:;;;;;Vidal;pat.;;;;;Día 2: De Punta Larga, gol. Joven Lince, pat. Vidal: con;;Joven Lince;;;gol.;1890_08_03;Punta Larga;;
;;;;;Pérez;pat.;;;;;-San Cayetano, gol. San Francisco, pat. Pérez:;;San Francisco;;;gol.;1890_08_03;San Cayetano;;
;;;;;Mari;pat.;;;;;-Mautua, vap. Guaniguanico, pat. Mari: con efectos.;;Guaniguanico;;;vap.;1890_08_03;Mautua;;
;;;;;Bilbao;cap.;;;;;-Sagua, vapor Clara, cap. Bilbao: con efectos.;;Clara;;;vapor;1890_08_03;Sagua;;
;;;;;Maciá;pat.;;;;;efectos. - Río de la Palma, gol. Gallego, pat. Maciá: con;;Gallego;;;gol.;1890_08_06;Río de la Palma;;
;;N/A: ;;;Beneján;pat.;;;;;-Mantua, gol. Margarita, pat. Beneján: con 600 sacos carbón.;;Margarita;;;gol.;1890_08_06;Mantua;;
;;N/A: ;;;Acuña;pat.;;;;;-Sagua, gol. María Andrea, pat. Acuña: con 500;;María Andrea;;;gol.;1890_08_06;Sagua;;
;;N/A:  | N/A:  | N/A: ;;;Alemañу;pat.;;;;;"-Manatí, gol. Juanita, pat. Alemañу: con 100 piezas cedro; 60 arabos y efectos.";;Juanita;;;gol.;1890_08_06;Manatí;;
;;;;;Calzada;pat.;;;;;-Manzanillo, gol. Margarita, pat. Calzada: con;;Margarita;;;gol.;1890_08_06;Manzanillo;;
;;;;;Alemañу;pat.;;;;;-Sagua la Chica, gol. Almanza, pat. Alemañу: con;;Almanza;;;gol.;1890_08_06;Sagua la Chica;;
;;;;;Suárez;pat.;;;;;-Santa Cruz, gol. San Antonio, pat. Suárez: con;;San Antonio;;;gol.;1890_08_06;Santa Cruz;;
;;;;;Valent;pat.;;;;;-Cárdenas, gol. María del Carmen, pat. Valent:;;María del Carmen;;;gol.;1890_08_06;Cárdenas;;
;;;;;Enseñat;pat.;;;;;- Cárdenas, gol. Jnan Toralla, pat. Enseñat: con;;Jnan Toralla;;;gol.;1890_08_06;Cárdenas;;
;;;;;Simó;pat.;;;;;-Sierra Morena. gol. 1a de Asturias, pat. Simó: con;;Sierra Morena;;;gol.;1890_08_06;Asturias;;
;;N/A: ;;;Cardeluz;cap.;;;;;-Sagua, vapor Adela, cap. Cardeluz: con 24 pipas;;Adela;;;vapor;1890_08_07;Sagua;;
;;N/A: ;;;Felicó;pat.;;;;;-Guanes, gol. Expeculación, pat. Felicó: con 200;;Expeculación;;;gol.;1890_08_07;Guanes;;
;;;;;Real;cap.;;;;;-Malas-Aguas, vapor Tritón, cap. Real: con efectos.;;Tritón;;;vapor;1890_08_07;Malas-Aguas;;
Día 8:;;N/A: ;;;Deulofeu;pat.;;;;;Día 8: De Cabañas, gol. Trafalgar, pat. Deulofeu: con 130;;Trafalgar;;;gol.;1890_08_09;Cabañas;;
;;N/A: ;;;Covas;pat.;;;;;-San Cayetano, gol. Doloritas, pat. Covas: con 400;;Doloritas;;;gol.;1890_08_09;San Cayetano;;
;;;;;Zaragoza;pat.;;;;;-Cárdenas, gol. Isla de Cuba, pat. Zaragoza: con;;Isla de Cuba;;;gol.;1890_08_09;Cárdenas;;
;;;;;Villalonga;pat.;;;;;-Mariel, gol. María Magdalena, pat. Villalonga:;;María Magdalena;;;gol.;1890_08_09;;;
Día 9:;;;;;Cantero;pat.;;;;;Día 9: De Cárdenas, gol. Aguila de Oro, pat. Cantero: con;;Aguila de Oro;;;gol.;1890_08_10;Cárdenas;;
;;;;;Suárez;pat.;;;;;-Santa Cruz, gol. San Antonio, pat. Suárez: con;;San Antonio;;;gol.;1890_08_10;Santa Cruz;;
;;;;;Alemañу;pat.;;;;;-Cárdenas, gol. Joven Pilar, pat. Alemañу: con;;Joven Pilar;;;gol.;1890_08_10;Cárdenas;;
;;N/A: ;;;Freixas;pat.;;;;;-Cabañas, gol. Josefa, pat. Freixas: con 178 tercios tabaco.;;Josefa;;;gol.;1890_08_10;Cabañas;;
Día 9:;;N/A: ;;;Aguiar;pat.;;;;;Día 9: De Santa María, gol. Júcaro, pat. Aguiar: con 900;;Júcaro;;;gol.;1890_08_12;Santa María;;
;;N/A:  | N/A: ;;;Vilar;cap.;;;;;-Cuba, vapor Mortera, cap. Vilar: con efectos. -Arroyos, gol. Amable Rosita, pat. Bernaza: con 700 sacos carbón.;;Mortera;;;vap.;1890_08_12;Cuba;;
;;N/A: ;;;Enseñat;pat.;;;;;-Bajas, gol. Agustina, pat. Enseñat: con 900 sacos;;Agustina;;;gol.;1890_08_12;Bajas;;
;;N/A: ;;;Juan;pat.;;;;;"Cabañas, bdro. Rosita, pat. Juan; con 12 tercios";;Rosita;;;bdro.;1890_08_12;;;
Día 12:;;;;;Rodríguez;pat.;;;;;Día 12: De Congajas, gol. Joven Victoria, pat. Rodríguez:;;Joven Victoria;;;gol.;1890_08_13;Congajas;;
;;N/A: ;;;Zubirat;pat.;;;;;con 1,050 sacos carbón. - -Morón, gol. Joven Gertrudis, pat. Zubirat: con;;Joven Gertrudis;;;gol.;1890_08_13;Morón;;
Día 01:;;;;;Villalonga;pat.;;;;;Punta San Juan, gol. Enriqueta, pat. Villalonga:;;Enriqueta;;;gol.;1890_08_13;San Juan;;
Día 13:;;N/A: ;;;Cardeluz;cap.;;;;;Dia 13: De Sagua, vapor Adela. cap. Cardeluz: con 149 sacos;;Adela;;;vapor;1890_08_14;Sagua;;
;;;;;Real;cap.;;;;;Malas-Aguas, vapor Tritón, cap. Real: con 8:0;;Tritón;;;vapor;1890_08_14;Malas-Aguas;;
;;N/A: ;;;Mari;cap.;;;;;-Guanea, vap. Guaniguanico, cap. Mari: con 1,293;;Guaniguanico;;;vap.;1890_08_14;Guanea;;
;;N/A: ;;;Moll;pat.;;;;;Mantua, gol. Lince, pat. Moll: con 700 sacos carbón.;;Lince;;;gol.;1890_08_14;Mantua;;
;;N/A: ;;;Lloret;pat.;;;;;-Bajas, gol. Angelita, pat. Lloret: con 300 tercios;;Angelita;;;gol.;1890_08_14;Bajas;;
;;;;;Maten;pat.;;;;;-Río del Medio, gol. San Francisco, pat. Maten:;;San Francisco;;;gol.;1890_08_14;Río del Medio;;
;;N/A: ;;;Torres;pat.;;;;;-Canasí, gol. Sabás, pat. Torres: con 40 quintales;;Sabás;;;gol.;1890_08_14;Canasí;;
;;;;;Joy;pat.;;;;;-Cárdenas, gol. Purísima Concepción, pat. Joy:;;Purísima Concepción;;;gol.;1890_08_14;Cárdenas;;
Día 14:;;N/A: ;;;Pérez;pat.;;;;;Día 14: De Matanzas, gol. María, pat. Pérez: con 25 pipas;;María;;;gol.;1890_08_15;Matanzas;;
;;N/A:  | N/A:  | N/A: ;;;Forgar;pat.;;;;;"-Sagua la Chica, gol. Joven Leocadia, pat. Forgar: con 30 estacas; 37 atravesaños y efectos.";;Joven Leocadia;;;gol.;1890_08_15;Sagua la Chica;;
;;N/A: ;;;Garriga;pat.;;;;;Jibacoa, gol. 1a de Vinaroz, pat. Garriga: con 60;;1a de Vinaroz;;;gol.;1890_08_15;Jibacoa;;
;;N/A: ;;;Pujol;pat.;;;;;-Bajas, gol. Nuevo Hilario, pat. Pujol: con 600 sacos carbón.;;Nuevo Hilario;;;gol.;1890_08_15;;;
Día 16:;;;;;;cap.;;;;;Día 16: De Sagna, vapor Clara, cap. Bilbao: con efectos.;bilbao;Clara;;;vapor;1890_08_17;Sagna;;
;;N/A: ;;;Ochoa;cap.;;;;;Cuba, vapor Manuela, cap. Ochoa: con efectos.;;Manuela;;;vapor;1890_08_17;Cuba;;
;;N/A: ;;;Coll;pat.;;;;;-Yaguajay, gol. Cuba, pat. Coll: con 600 varas;Cuba;;;;gol.;1890_08_17;Yaguajay;;
;;;;;Macip;pat.;;;;;-Santa Cruz, gol. Joven Manuel, pat. Macip: con;;Joven Manuel;;;gol.;1890_08_17;Santa Cruz;;
;;N/A: ;;;Freixas;pat.;;;;;-Cárdenas, gol. Angelita, pat. Freixas: con 800;;Angelita;;;gol.;1890_08_17;Cárdenas;;
;;N/A: ;;;Cabaleiro;pat.;;;;;-Sagua, gol. Rosita, pat. Cabaleiro: con 500 sacos;;Rosita;;;gol.;1890_08_19;Sagua;;
;;N/A: ;;;Torres;pat.;;;;;-Baracoa, gol. Elva, pat. Torres: con 60,000 cocos.;;Elva;;;gol.;1890_08_19;Baracoa;;
;;N/A: ;;;Estradellas;pat.;;;;;Gibara, gol. Habana, pat. Estradellas: con 70,000;;Habana;;;gol.;1890_08_19;Gibara;;
;;;;;Cabruja;pat.;;;;;-Sagua la Chica, gol. 22 Rosa, pat. Cabruja: con;;22 Rosa;;;gol.;1890_08_19;Sagua la Chica;;
;;N/A: ;;;Padrón;pat.;;;;;-Arroyos, gol. Joven Jaime, pat. Padrón: con 1100;;Joven Jaime;;;gol.;1890_08_19;Arroyos;;
;;N/A: ;;;Lazo;pat.;;;;;-Nuevitas, gol. Emilia, pat. Lazo: con 150 caballos;;Emilia;;;gol.;1890_08_19;Nuevitas;;
;;;;;Suárez;pat.;;;;;-Santa Cruz, gol. San Antonio, pat. Suárez: con;;San Antonio;;;gol.;1890_08_19;Santa Cruz;;
;;N/A: ;;;Ferrer;pat.;;;;;-Bahía-Honda, gol. Mercedita, pat. Ferrer: con 67;;Mercedita;;;gol.;1890_08_19;Bahía-Honda;;
;;;;;Alemañy;pat.;;;;;Canasí, gol. Amado Antonio, pat. Alemañy: en;;Amado Antonio;;;gol.;1890_08_19;Canasí;;
;;N/A: ;;;Cabruja;pat.;;;;;-Jibacoa, gol. 1a de Vinaroz, pat. Cabruja: con 30;;1a de Vinaroz;;;gol.;1890_08_19;Jibacoa;;
Día 19:;;N/A: ;;;Esteban;pat.;;;;;Dia 19: De Sierra Morena, gol. Soffa, pat. Esteban: con 35;;Soffa;;;gol.;1890_08_20;Sierra Morena;;
;;N/A: ;;;Perpiñáu;pat.;;;;;-Manzanillo, gol. 2 María, pat. Perpiñáu: con 800;;2 María;;;gol.;1890_08_20;Manzanillo;;
Día :;;;;;Pujol;pat.;;;;;-Santa Lucía, gol. María del Carmen, pat. Pujol:;;María del Carmen;;;gol.;1890_08_20;Santa Lucía;;
;;N/A:  | N/A: ;;;Pellicer;pat.;;;;;-Caibarién, gol. Crisálida, pat. Pellicer: con 80 pipas aguardiente y efectos.;;Crisálida;;;gol.;1890_08_20;Caibarién;;
;;;;;Valent;pat.;;;;;-Cárdenas, gol. María del Carmen, pat. Valent:;;María del Carmen;;;gol.;1890_08_20;Cárdenas;;
Día 01:;;;;;Toro;pat.;;;;;-Playa de San Juan, gol. Rita Fortuna, pat. Toro:;;Rita Fortuna;;;gol.;1890_08_20;Playa de San Juan;;
;;N/A: ;;;Terrades;pat.;;;;;-Congojas, gol. Candita, pat. Terrades: con 1,000;;Candita;;;gol.;1890_08_20;Congojas;;
;;;;;Yerus;cap.;;;;;Mantua, vap. Guadiana, cap. Yerus: con efectos.;;Guadiana;;;vap.;1890_08_20;Mantua;;
;;N/A: ;;;Real;cap.;;;;;-Malas-Aguns, vapor Tritón, cap. Real: con 408;;Tritón;;;vapor;1890_08_20;Malas-Aguns;;
;;;;;Mandilego;pat.;;;;;-Cárdenas, gol. Esmeralda, pat. Mandilego: con;;Esmeralda;;;gol.;1890_08_22;Cárdenas;;
;;N/A: ;;;Cardeluz;cap.;;;;;-Caibarién, vapor Adela, cap. Cardeluz: con 240;;Adela;;;vapor;1890_08_22;Caibarién;;
;;;;;Villalonga;pat.;;;;;-Mariel, gol. María Magdalena, pat. Villalonga:;;María Magdalena;;;gol.;1890_08_22;;;
Día 28:;;;;;Zaragoza;pat.;;;;;Dia 28: De Cárdenas, gol. Isla de Cuba, pat. Zaragoza: con;;Isla de Cuba;;;gol.;1890_08_24;Cárdenas;;
;;;;;Mary;cap.;;;;;-Guanes, vapor Guoniguanico, cap. Mary: con efectos.;;Guoniguanico;;;vapor;1890_08_27;Guanes;;
;;;;;Valent;pat.;;;;;-Cárdenas, gol. María del Carmen, pat. Valent;;María del Carmen;;;gol.;1890_08_27;Cárdenas;;
;;;;;Macip;pat.;;;;;-Santa Cruz, gol. Joven Manuel, pat. Macip: con;;Joven Manuel;;;gol.;1890_08_27;Santa Cruz;;
Día 27:;;N/A:  | N/A: ;;;Cardeluz;cap.;;;;;Dia 27: De Sagua, vapor Adela, cap. Cardeluz: con 800 tercios tabaco y efectos.;;Adela;;;vapor;1890_08_28;Sagua;;
;;N/A: ;;;Real;cap.;;;;;-Malas Aguas, vapor Tritón, cap. Real: con 1,000;;Tritón;;;vap.;1890_08_28;Malas Aguas;;
;;N/A:  | N/A: ;;;Prieto;pat.;;;;;-Manzanillo, gol. Rosita, pat. Prieto: con 835 atravesaños y 35 piezas maderas.;;Rosita;;;gol.;1890_08_28;Manzanillo;;
Día :;;;;;Mayans;pat.;;;;;-Punta San Juan, gol. 2a Gertrudis, pat. Mayans:;;2a Gertrudis;;;gol.;1890_08_28;Punta San Juan;;
;;;;;Alemañу;pat.;;;;;-Cárdenas, gol. Joven Pilar, pat. Alemañу: con;;Joven Pilar;;;gol.;1890_08_28;Cárdenas;;
Día 29:;;N/A: ;;;Zabal;pat.;;;;;Día 29: De Cárdenas, gol. Rosita, pat. Zabal: con 70 pipas;;Rosita;;;gol.;1890_08_30;Cárdenas;;
;;;;;Cantero;pat.;;;;;-Cárdenas, gol. Aguila de Oro, pat. Cantero: con;;Aguila de Oro;;;gol.;1890_08_30;Cárdenas;;
;;N/A: ;;;Vera;pat.;;;;;-Yaguajay, gol. Joven Blanca, pat. Vera: con 800;;Joven Blanca;;;gol.;1890_08_30;Yaguajay;;
;;N/A: ;;;Rniz;pat.;;;;;-Arroyos, gol. Dos Hermanas, pat. Rniz: con 800;;Dos Hermanas;;;gol.;1890_08_30;Arroyos;;
Día :;;;;;Orbay;pat.;;;;;-Mulata, gol. Paquete de Nuevitas, pat. Orbay:;;Paquete;;;gol.;1890_08_30;Nuevitas;;
;;N/A: ;;;Ferrer;pat.;;;;;-Sagua, gol. María Josefa, pat. Ferrer: con 800 sa008 carbón.;;María Josefa;;;gol.;1890_08_30;Sagua;;
Día 19:;;;;;Juan;pat.;;;;;Día 19: De Cabañas. gol. Rosita, pat. Juan: en tastre.;;Rosita;;;gol.;1890_09_02;Cabañas;;
;;N/A: ;;;Aguiar;pat.;;;;;-Santa María, gol. Jácaro, pat. Aguiar: con 900;;Jácaro;;;gol.;1890_09_02;;;
;;N/A: ;;;Hernández;pat.;;;;;Morrillo, gol. Britania, pat. Hernández: con 12000;;Britania;;;gol.;1890_09_02;Morrillo;;
Día 3:;;;;;Mayer;pat.;;;;;Día 3: De Punta San Juan, gol. Marta Ceferina, pat. Mayer:;;Marta Ceferina;;;gol.;1890_09_04;Punta San Juan;;
;;N/A: ;;;Covas;pat.;;;;;-Bajas, gol. Dolorita, pat. Covas: con 300 caballos;;Dolorita;;;gol.;1890_09_04;Bajas;;
;;N/A: ;;;Lloret;pat.;;;;;-Bajas, gol. Angelita, pat. Lloret: con 300 tercios;;Angelita;;;gol.;1890_09_04;Bajas;;
;;N/A: ;;;Hernández;pat.;;;;;-Morrillo, gol. Britania, pat. Hernández: con 2000;;Britania;;;gol.;1890_09_04;Morrillo;;
;;;;;Porcel;pat.;;;;;-Jaruco, gol. Paquete de Jaruco pat. Porcel: con;;Paquete de Jaruco;;;gol.;1890_09_04;Jaruco;;
;;N/A: ;;;Vera;pat.;;;;;-Yaguajay, gol. Natividad, pat. Vera: con 2,500;;Natividad;;;gol.;1890_09_04;Yaguajay;;
;;N/A: ;;;Planas;pat.;;;;;Mulata, gol. Dolores, pat. Planas: con 200 varas;;Dolores;;;gol.;1890_09_04;Mulata;;
;;N/A:  | N/A: ;;;Cardeluz;cap.;;;;;Sagua, vapor Adela, cap. Cardeluz: con 550 tercies tabaco y efectos.;;Adela;;;vapor;1890_09_04;Sagua;;
;;N/A: ;;;Real;cap.;;;;;-Malas-Aguas, vapor Tritón, cap. Real: con 400;;Tritón;;;vapor;1890_09_04;Malas-Aguas;;
Día 5:;;N/A: ;;;Bilbao;cap.;;;;;Dia 5: De Sagua, vapor Clara, cap. Bilbao: con 1,314 tercios;;Clara;;;vap.;1890_09_06;Sagua;;
;;N/A: ;;;Mas;pat.;;;;;-Baracoa, gol. Anita, pat. Mas: con 70,000 cocos y;;Anita;;;gol.;1890_09_06;Baracoa;;
;;N/A: ;;;Sastre;pat.;;;;;-Mariel, gol. Altagracia, pat. Sastre: con 24 tercios;;Altagracia;;;gol.;1890_09_06;;;
;;N/A: ;;;Rodríguez;pat.;;;;;-Matanzas, gol. Sociedad, pat. Rodríguez: con 50;;Sociedad;;;gol.;1890_09_06;Matanzas;;
;;;;;Pellicer;pat.;;;;;Sierra Morena, gol. Pirineo, pat. Pellicer: con;;Pirineo;;;gol.;1890_09_06;;;
;;N/A: ;;;Menaya;pat.;;;;;1,200 sacos carbón. -Sierra Morena, gol. Habanera, pat. Menaya: con;;Habanera;;;gol.;1890_09_06;Sierra Morena;;
Día 6:;;;;;Suárez;pat.;;;;;Día 6 De Santa Cruz, gol. San Antonio, pat. Suárez: con;;San Antonio;;;gol.;1890_09_07;Santa Cruz;;
;;N/A: ;;;;;;;;;-Punta San Juan, gol. Antonio Bosch: con 800 sacos carbón.;;Antonio Bosch;;;gol.;1890_09_07;Punta San Juan;;
;;;;;Tur;pat.;;;;;-Punta San Juan, gol. José Riera, pat. Tur: con;;José Riera;;;gol.;1890_09_07;Punta San Juan;;
;;N/A: ;;;Mari;cap.;;;;;-Guanes, vapor Guaniguanido, cap. Mari: con 476;;Guaniguanido;;;vapor;1890_09_10;Guanes;;
;;N/A: ;;;Felicó;pat.;;;;;-Guanes, gol. Especulación, pat. Felicó: con 379;;Especulación;;;gol.;1890_09_10;Guanes;;
;;;;;Maciá;pat.;;;;;Rio de la Palma. gol. Gallego, pat. Maciá: con;;Gallego;;;gol.;1890_09_10;Rio de la Palma;;
;;;;;Villalonga;pat.;;;;;Mariel, gol. María Magdalena, pat. Villalonga:;;María Magdalena;;;gol.;1890_09_10;;;
;;;;;Macip;pat.;;;;;-Santa Cruz, gol. Joven Manuel, pat. Macip: con;;Joven Manuel;;;gol.;1890_09_10;Santa Cruz;;
;;;;;Alemañy;pat.;;;;;-Sierra Morena, gol. Matilde, pat. Alemañy: con;;Matilde;;;gol.;1890_09_10;Sierra Morena;;
;;N/A: ;;;Alemañy;pat.;;;;;-Berracos, gol. Rosario, pat. Alemañy: con 13,000;;Rosario;;;gol.;1890_09_10;Berracos;;
;;;;;Aleniañy;pat.;;;;;1X 10: De Canasí, gol. Amado Antonio, pat. Aleniañy: en;;Amado Antonio;;;gol.;1890_09_11;Canasí;;
Día 11:;;N/A: ;;;Real;cap.;;;;;Día 11: De Mfilas-Aguas, vapor Tritón, cap. Real: con 460;;Tritón;;;vapor;1890_09_12;Mfilas-Aguas;;
;;N/A: ;;;Mateu;pat.;;;;;-Bajas, gol. San Francisco, pat. Mateu: con 1,000;;San Francisco;;;gol.;1890_09_12;Bajas;;
;;;;;Cabruja;pat.;;;;;-Sagua la Chica, gol. 2ª Rosa, pat. Cabruja: con;;2ª Rosa;;;gol.;1890_09_12;Sagua la Chica;;
;;;;;Portella;pat.;;;;;Arroyos, gol. Amable Rosita, pat. Portella: con;;Amable Rosita;;;gol.;1890_09_12;Arroyos;;
;;;;;Ferrer;pat.;;;;;-Matanzas, gol. Dos Hermanas, pat. Ferrer: con;;Dos Hermanas;;;gol.;1890_09_12;Matanzas;;
Día 12:;;N/A: ;;;Moll;pat.;;;;;Día 12: De Arroyos, gol. Lince, pat. Moll: con 700 sacos carbón.;;Lince;;;gol.;1890_09_13;Arroyos;;
;;;;;Mandilego;pat.;;;;;-Cárdenas, gol. Esmeralda, pat. Mandilego: con;;Esmeralda;;;gol.;1890_09_13;Cárdenas;;
;;;;;Suárez;pat.;;;;;-San Cayetano, gol. Rosa María, pat. Suárez: con;;Rosa María;;;gol.;1890_09_13;San Cayetano;;
;;N/A: ;;;Ferer;pat.;;;;;-San Cayetano, gol. Carmita, pat. Ferer: con 448;;Carmita;;;gol.;1890_09_13;San Cayetano;;
Día 13:;null;N/A:  | N/A: ;;;Yerus;cap.;;;null;;Dis 13: De Guanes, vapor Guadiana, cap. Yerus: con 453 tercios tabaco y efectos.;;Guadiana;;;vap.;1890_09_14;Guanes;;
Día :;;;;;Alemán;pat.;;;;;-Granadillo, gol. Ignacia Alemán, pat. Santana:;;Ignacia;;;gol.;1890_09_14;Granadillo;;
;;;;;Zaragoza;pat.;;;;;-Cárdenas, gol. Isla de Cuba, pat. Zaragoza: con;;Isla de Cuba;;;gol.;1890_09_14;Cárdenas;;
Día 15:;;N/A: ;;;Suau;pat.;;;;;Día 15: De Gibara, gol. Moralidad, pat. Suau: con 199 tercios;;Moralidad;;;gol.;1890_09_16;Gibara;;
;;N/A:  | N/A: ;;;Juan;pat.;;;;;-Cabañas, gol. Rosita, pat. Juan: con 20 sacos azúcar y 33 tortugas.;;Rosita;;;gol.;1890_09_16;Cabañas;;
;;;;;Villalonga;pat.;;;;;-Mariel, gol. María Magdalena, pat. Villalonga:;;María Magdalena;;;gol.;1890_09_16;;;
;;;;;Suárez;pat.;;;;;-Santa Cruz, gol. San Antonio, pat. Suárez: con;;San Antonio;;;gol.;1890_09_16;Santa Cruz;;
;;N/A:  | N/A:  | N/A: ;;;Ginesta;cap.;;;;;"-Cuba, vaper Manuela, cap. Ginesta: con 224 reses; 51 cascos ron y efectos.";;Manuela;;;vaper;1890_09_16;Cuba;;
Día :;;N/A: ;;;Ripoll;pat.;;;;;-Yaguajay, gol. Sofía, pat. Ripoll: con 132 piezas;;Sofía;;;gol.;1890_09_16;Yaguajay;;
;;;;;Menaya;pat.;;;;;-Sagua la Chica, gol. Almanza, pat. Menaya: con;;Almanza;;;gol.;1890_09_16;Sagua la Chica;;
Día 16:;;N/A: ;;;Pellicer;pat.;;;;;Día 16: De Cárdenas, gol. Crisálida, pat. Pellicer: con 40 pipas aguardiente.;;Crisálida;;;gol.;1890_09_17;Cárdenas;;
;;N/A: ;;;Vidal;pat.;;;;;-Sagua, gol. Joven Luisa, pat. Vidal: con 1,000;;Joven Luisa;;;gol.;1890_09_17;Sagua;;
Día 17:;;N/A:  | N/A: ;;;Cardeluz;cap.;;;;;Día 17: De Sagua, vapor Adela, cap. Cardeluz: con 679 tercios tabaco y efectos.;;Adela;;;vapor;1890_09_18;Sagua;;
;;N/A: ;;;Real;cap.;;;;;-Malas Aguas, vapor Tritón, cap. Real: con 600;;Tritón;;;vapor;1890_09_18;Malas Aguas;;
Día 19:;;N/A: ;;;Alemañy;pat.;;;;;Día 19: De Yaguajay, gol. Cuba, pat. Alemañy: con 600 varas;Cuba;;;;gol.;1890_09_20;Yaguajay;;
;;;;;Valent;pat.;;;;;-Cárdenas, gol. María del Carmen, pat. Valent:;;María del Carmen;;;gol.;1890_09_20;Cárdenas;;
;;N/A: ;;;Fonrodona;pat.;;;;;-Sierra Morena, gol. Tres Hermanas, pat. Fonrodona: con 800 sacos carbón.;;Tres Hermanas;;;gol.;1890_09_20;Sierra Morena;;
Día 22:;;;;;Cantero;pat.;;;;;Dia 22: De Cárdenas, gol. Aguila de Oro, pat. Cantero: con;;Aguila de Oro;;;gol.;1890_09_23;Cárdenas;;
;;;;;Alemañy;pat.;;;;;-Cárdenas, gol. Joven Pilar, pat. Alemañy: con;;Joven Pilar;;;gol.;1890_09_23;Cárdenas;;
;;N/A: ;;;Macip;pat.;;;;;-Santa Cruz, gol. Joven Manuel, pat. Macip: can;;Joven Manuel;;;gol.;1890_09_23;Santa Cruz;;
;;;;;Calvet;pat.;;;;;San Cayetano, gol. Rivadesella, pat. Calvet: con;;Rivadesella;;;gol.;1890_09_23;San Cayetano;;
;;;;;Salvá;pat.;;;;;-Sierra Morena, gol. María Teresa, pat. Salvá: con;;María Teresa;;;gol.;1890_09_23;Sierra Morena;;
Día XX:;;;;;Mayor;pat.;;;;;Jaimanitas, gol. Marta Ceferina, pat. Mayor: con;;Marta Ceferina;;;gol.;1890_09_23;Jaimanitas;;
Día 23:;;N/A: ;;;Lladó;pat.;;;;;Día 23: De Bajas, gol. Carmita, pat. Lladó: con 800 sacos;;Carmita;;;gol.;1890_09_24;Bajas;;
;;N/A: ;;;Ferrer;pat.;;;;;-Dimas, gol. Deseada, pat. Ferrer: con 400 sacos;;Deseada;;;gol.;1890_09_24;Dimas;;
;;N/A: ;;;Beneján;pat.;;;;;-Mantua, gol. Margarita, pat. Beneján: con 600 sacos carbón.;;Margarita;;;gol.;1890_09_24;Mantua;;
;;N/A: ;;;Padrón;pat.;;;;;-Arroyos, gol. Joven Jaime, pat. Padrón: con 800;;Joven Jaime;;;gol.;1890_09_24;Arroyos;;
;;N/A: ;;;Pujol;pat.;;;;;-Mantua, gol. Nuevo Hilario, pat. Pujol: con 600;;Nuevo Hilario;;;gol.;1890_09_24;Mantua;;
Día :;;;;;Pujol;pat.;;;;;-Santa Lucía, gol. María del Carmen, pat. Pujol:;;María del Carmen;;;gol.;1890_09_24;Santa Lucía;;
;;;;;Suárez;pat.;;;;;-Santa Cruz, gol. San Antonio, pat. Suárez: con;;San Antonio;;;gol.;1890_09_24;Santa Cruz;;
;;N/A: ;;;Bujosa;pat.;;;;;Morón, gol. Engracia, pat. Bujosa: con 300 varas;;Engracia;;;gol.;1890_09_24;Morón;;
;;;;;Folgar;pat.;;;;;-Sagua la Chica, gol. Joven Leocadia, pat. Folgar:;;Joven Leocadia;;;gol.;1890_09_24;Sagua la Chica;;
Día 25:;;N/A:  | N/A: ;;;Cardeluz;cap.;;;;;Día 25: De Sagua, vapor Adela, cap. Cardeluz: con 200 tercios tabacos y efectos.;;Adela;;;vapor;1890_09_26;Sagua;;
;;N/A: ;;;Real;cap.;;;;;-Bahía-Honda, vapor Tritón, cap. Real: con 530;;Tritón;;;vapor;1890_09_26;Bahía-Honda;;
Día 01:;;N/A:  | N/A: ;;;Yerus;cap.;;;;;tercios tabaco y efectos. - -Guanes, vapor Guadiana, cap. Yerus: con 250 tercios tabaco y efectos.;;Guadiana;;;vapor;1890_09_26;Guanes;;
Día 27:;;N/A: ;;;;cap.;;;;;Día 27: De Sagua, vapor Clara, cap. Bilbao: con 400 tercios;bilbao;Clara;;;vap.;1890_09_28;Sagua;;
;;N/A: ;;;Terrades;pat.;;;;;-Yaguajay, gol. Candita, pat. Terrades: con 153;;Candita;;;gol.;1890_09_28;Yaguajay;;
;;N/A: ;;;Zubirat;pat.;;;;;-Morón, gol. Joven Gertrudis, pat. Zubirat: con 50;;Joven Gertrudis;;;gol.;1890_09_28;Morón;;
;;N/A: ;;;Vázquez;pat.;;;;;-Baracoa, gol. Aguila, pat. Vázquez: con 1,000 cajas petróleo.;;Aguila;;;gol.;1890_09_28;Baracoa;;
;;N/A: ;;;Freixas;pat.;;;;;-Cárdenas, gol. Angelita, pat. Freixas: con 330;;Angelita;;;gol.;1890_09_28;Cárdenas;;
;;;;;Villalonga;pat.;;;;;-Mariel, gol. María Magdalena, pat. Villalonga:;;María Magdalena;;;gol.;1890_09_28;;;
;;N/A: ;;;Lloret;pat.;;;;;-Bajas, gel. Angelita, pat. Lloret: con 300 tercios;;Angelita;;;gel.;1890_09_30;;;
;;N/A:  | N/A:  | N/A:  | N/A: ;;;Pérez;pat.;;;;;"tabaco; 180 quintales cáscara de mangle y 30 caballos leña. --Matanzas, gol. Amalia, pat. Pérez: con 21 pipas";am.;Amalia;;;gol.;1890_09_30;Matanzas;;
;;N/A: ;;;Ruiz;pat.;;;;;-Arroyo, gol. Dos Hermanas, pat. Ruiz: con 700;;Dos Hermanas;;;gol.;1890_09_30;Arroyo;;
null;null;N/A: ;;;Aguiar;pat.;;;null;;50 De Santa María, gol. Júcaro, pat. Aguiar: con 850;;Júcaro;;;gol.;1890_10_01;Santa María;;
;;N/A: ;;;Castillo;pat.;;;;;-Manzanillo, gol. Blanca, pat. Castillo: con 825;;Blanca;;;gol.;1890_10_01;Manzanillo;;
;;N/A:  | N/A:  | N/A: ;;;Colón;pat.;;;;;"-Berracos, gol. Paquete de Sagua, pat. Colón: con 198 200 varas maderas; 150 atravesaños y 100 caballos";;Paquete de Sagua;;;gol.;1890_10_01;Berracos;;
Día :;;;;;Orbay;pat.;;;;;-Mulata, gol. Paquete de Nuevitas, pat. Orbay:;;Paquete;;;gol.;1890_10_01;Nuevitas;;
Día XX:;;;;;Mayor;pat.;;;;;-Jaimanitas, gol. Marta Ceferins, pat. Mayor: con;;Marta Ceferins;;;gol.;1890_10_01;Jaimanitas;;
Día 19:;;;;;Aguiar;pat.;;;;;Día 19: Para Playas de San Juan, gol. Júcaro, pat. Aguiar:;;Júcaro;;;gol.;1890_10_02;Playas de San Juan;;
;;;;;Ferrer;pat.;;;;;-Matar zas, gol. Dos Hermanas, pat. Ferrer: Con;;Dos Hermanas;;;gol.;1890_10_02;Matar;;
Día 2:;;;;;Suau;pat.;;;;;Día 2: Para Gibara, gol. Moralidad, pat. Suau: con efectos.;;Moralidad;;;gol.;1890_10_03;Gibara;;
;;;;;Lloret;pat.;;;;;-Dimas, gol. Angelita, pat. Lloret: con efectos.;;Angelita;;;gol.;1890_10_03;Dimas;;
Día 4:;;;;;Mas;pat.;;;;;Día 4: Para Baracoa, gol. Anita, pat. Mas: con efectos.;;Anita;;;gol.;1890_10_05;Baracoa;;
;;;;;Beneján;pat.;;;;;-Mantua, gol. Margarita, pat. Beneján: con efectos;;Margarita;;;gol.;1890_10_05;Mantua;;
;;;;;Ruiz;pat.;;;;;-Arroyos, goi. Dos Hermanas, pat. Ruiz: con efectos.;;Dos Hermanas;;;goi.;1890_10_05;Arroyos;;
;;;;;Bujosal;pat.;;;;;-Morón, gol. Engracia, pat. Bujosal con efectos.;;Engracia;;;gol.;1890_10_05;Morón;;
;;;;;Simó;pat.;;;;;-Sagua, gol. 1ª de Asturias, pat. Simó: con  erec;;1ª de Asturias;;;gol.;1890_10_05;Sagua;;
Día :;;;;;Villalonga;pat.;;;;;-Sierra Morena, gol. Enriqueta, pat. Villalonga:;;Enriqueta;;;gol.;1890_10_05;Sierra Morena;;
Día 6:;;;;;Ruiz;pat.;;;;;Dia 6: Tobado 2 omox lo abas Para Arroyos, gol. Dos Hermanas, pat. Ruiz: con;;Dos Hermanas;;;gol.;1890_10_07;Tobado;;
;;;;;Lladó;pat.;;;;;-Bajas, gol. Carmita, pat. Lladó: con efectos.;;Carmita;;;gol.;1890_10_07;Bajas;;
;;;;;Valdés;pat.;;;;;-Arroyos, gol. Correo de Canasí, pat. Valdés: con;;Correo de Canasí;;;gol.;1890_10_07;Arroyos;;
;;;;;Maciá;pat.;;;;;-Río de la Palma, gol. Gallego, pat. Maciá: con;;Gallego;;;gol.;1890_10_07;Río de la Palma;;
;;;;;Alemañу;pat.;;;;;-Cárdenas, gol. Joven Pilar, pat. Alemañу: con;;Joven Pilar;;;gol.;1890_10_07;Cárdenas;;
Día 8:;;N/A: ;;;Juan;pat.;;;;;Día 8: Para Cabañas, gol. Rosita, pat. Juan: con efectos.;;Rosita;;;gol.;1890_10_09;Cabañas;;
;;;;;Marantes;pat.;;;;;-Mariel, gol. Altagracia, pat. Marantes: con efectos.;;Altagracia;;;gol.;1890_10_09;;;
;;;;;Padrón;pat.;;;;;Arroyos, gol. Joven Jaime, pat. Padrón: con efectos.;;Joven Jaime;;;gol.;1890_10_09;Arroyos;;
Día :;;;;;Cabruja;pat.;;;;;-Playas de San Juan, gol. 2a Rosa, pat. Cabruja:;;2a Rosa;;;gol.;1890_10_09;Playas de San Juan;;
Día 01:;;;;;Alemañy;pat.;;;;;con efectos. -Caibarién, gol. Natividad, pat. Alemañy: con efectos.;;Natividad;;;gol.;1890_10_09;Caibarién;;
Día 10:;;;;;Inclán;pat.;;;;;Día 10: Para Cabañas, gol. Caballo Marino, pat. Inclán: con;;Caballo Marino;;;gol.;1890_10_11;Cabañas;;
Día 01:;;;;;Mayor;pat.;;;;;Jaimanitas, gol. Marta Ceferina, pat. Mayor: con;;Marta Ceferina;;;gol.;1890_10_11;Jaimanitas;;
;;;;;Pujol;pat.;;;;;Mantua, gol. Nuevo Hilario, pat. Pujol: con efectos;;Nuevo Hilario;;;gol.;1890_10_11;Mantua;;
;;;;;Porcel;pat.;;;;;Jaruco, gol. Paquete de Jaruco, pat. Porcel: con;;Paquete de Jaruco;;;gol.;1890_10_11;Jaruco;;
Día :;;;;;Orbay;pat.;;;;;Margajitas, gol. Paquete de Nuevitas, pat. Orbay:;;Paquete;;;gol.;1890_10_11;Nuevitas;;
Día 11:;;;;;Moll;pat.;;;;;Día 11: Para Mantua, gol. Lince, pat. Moll: con efectos.;;Lince;;;gol.;1890_10_12;Mantua;;
;;;;;Orts;pat.;;;;;-Caibarién, gol. Candita, pat Orts: con efectos.;;Candita;;;gol.;1890_10_12;Caibarién;;
;;;;;Pellicer;pat.;;;;;Gibara, gol. Crisálida, pat. Pellicer: con efectos.;;Crisálida;;;gol.;1890_10_12;Gibara;;
;;;;;Freixas;pat.;;;;;-Cárdenas, gol. Angelita, pat. Freixas: con efectos;;Angelita;;;gol.;1890_10_12;Cárdenas;;
;;;;;Pujol;pat.;;;;;-Gibara, gol. Desempeño, pat. Pujol: con efectos;;Desempeño;;;gol.;1890_10_12;Gibara;;
;;;;;Macip;pat.;;;;;-Santa Cruz, gol. Joven Manuel, pat. Macip: con;;Joven Manuel;;;gol.;1890_10_12;Santa Cruz;;
;;;;;Covas;pat.;;;;;-Ortigosa, gol. Doloritas, pat. Covas: con efectos.;;Doloritas;;;gol.;1890_10_12;Ortigosa;;
;;;;;Garriga;pat.;;;;;Jibacoa, gol. 14 de Vinaroz, pat. Garriga: con;;14;;;gol.;1890_10_12;Vinaroz;;
;;;;;Ferrer;pat.;;;;;-Congojas, gol. María Josefa, pat. Ferrer: con;;María Josefa;;;gol.;1890_10_12;Congojas;;
Día 13:;;;;;Felicó;pat.;;;;;131s 13: Para Guanes, gol. Especulación, pat. Felicó: con efectos.;;Especulación;;;gol.;1890_10_14;Guanes;;
Día 14:;;N/A: ;;;Coll;pat.;;;;;Dia 14: De Yaguajay, gol. Cuba, pat. Coll: con 25,000 pies;Cuba;;;;gol.;1890_10_15;Yaguajay;;
;;N/A: ;;;Juan;pat.;;;;;-Cabañas, bdro. Rosita, pat. Juan: con un mobiliario usado.;;Rosita;;;bdro.;1890_10_15;Cabañas;;
;;N/A: ;;;Bonet;pat.;;;;;-Mariel, gol. Joven Lola, pat. Bonet: con m quinaria usada.;;Joven Lola;;;gol.;1890_10_15;Mariel;;
Día 15:;;;;;Alemañy;pat.;;;;;Día 15: De Cárdenas, gol. Joven Pilar, pat. Alemañy: con;;Joven Pilar;;;gol.;1890_10_16;Cárdenas;;
;;N/A: ;;;Mateu;pat.;;;;;-Bajas, goi San Francisco, pat. Mateu: con 1,000;;San Francisco;;;goi;1890_10_16;;;
Día :;;;;;Mayor;pat.;;;;;Jaimanitas, gol. Marta Ceferina, pat. Mayor: con;;Marta Ceferina;;;gol.;1890_10_17;Jaimanitas;;
;;;;;Riobo;pat.;;;;;-Carahatas, gol. Tres Hermanas, pat. Riobo: con;;Tres Hermanas;;;gol.;1890_10_17;Carahatas;;
Día 17:;;N/A: ;;;Bilbao;cap.;;;;;Dia 17: De Sagua, vapor Clara, cap. Bilbao: con 455 tercios;;Clara;;;vapor;1890_10_18;Sagua;;
Día 18:;;N/A: ;;;Torres;pat.;;;;;Dis 18Da Baracoa, gol. Elva, pat. Torres: con 60,000 cocos;;Elva;;;gol.;1890_10_19;Baracoa;;
;;;;;Frasquet;pat.;;;;;Juan López, gol. Tres Hermanas, pat. Frasquet:;;Tres Hermanas;;;gol.;1890_10_19;;;
;;N/A: ;;;Sastre;pat.;;;;;-Mariel, gol. Altagracia. pat. Sastre: en lastre.;;Altagracia;;;gol.;1890_10_19;;;
;;N/A: ;;;Cabaleiro;pat.;;;;;-Sagua, gol. Rosita, pat. Cabaleiro: con 500 sacos;;Rosita;;;gol.;1890_10_21;Sagua;;
;;N/A: ;;;Ferrer;pat.;;;;;-Dimas, gol. Deseaea, pat. Ferrer: cen 400 sacos;;Deseaea;;;gol.;1890_10_21;Dimas;;
Día 21:;;N/A: ;;;Lloret;pat.;;;;;Día 21: De Bajas, gol. Angelita, pat. Lloret: con 200 tercios;;Angelita;;;gol.;1890_10_22;Bajas;;
;;;;;Juan;pat.;;;;;-Sierra Morena, gol. María Teresa, pat. Juan: con;;María Teresa;;;gol.;1890_10_22;Sierra Morena;;
;;N/A:  | N/A: ;;;Cuevas;pat.;;;;;-Cárdenas, gol. Angelita, pat. Cuevas: con 31 sacos vacíos y efectos.;;Angelita;;;gol.;1890_10_22;Cárdenas;;
;;N/A: ;;;Pérez;pat.;;;;;-Matanzas, gol. Amalia, pat. Pérez: con 81 cascos;;Amalia;;;gol.;1890_10_22;Matanzas;;
Día 22:;;;;;Portella;pat.;;;;;Dia 22: De Arroyos, gol. Amable Rosita, pat. Portella: con;;Amable Rosita;;;gol.;1890_10_23;Arroyos;;
;;;;;Macip;pat.;;;;;-Santa Cruz, gol. Joven Manuel, pat. Macip: con;;Joven Manuel;;;gol.;1890_10_23;Santa Cruz;;
Día :;;;;;Aguiar;pat.;;;;;-Playas de San Juan, gol. Júcaro, pat. Aguiar:;;Júcaro;;;gol.;1890_10_23;Playas de San Juan;;
;;N/A: ;;;Palau;pat.;;;;;-Yaguajay, gol. Joven Miguel, pat. Palau: con 114;;Joven Miguel;;;gol.;1890_10_23;Yaguajay;;
Día 23:;;N/A: ;;;Real;cap.;;;;;Dia 23: De Malas-Aguas, vapor Tri ón, cap. Real: con 550;;Tri ón;;;vapor;1890_10_24;Malas-Aguas;;
;;N/A:  | N/A: ;;;Cardeluz;cap.;;;;;-Sagua, vapor Adela, cap. Cardeluz: con 340 tercios tabaco y efectos.;;Adela;;;vapor;1890_10_24;Sagua;;
;;N/A: ;;;Padrón;pat.;;;;;-Arroyos, gol. Joven Jaime, pat. Padrón: con 1,100;;Joven Jaime;;;gol.;1890_10_24;Arroyos;;
Día 24:;;N/A: ;;;Ruiz;pat.;;;;;Dia 24: De Arroyos, gol. Dos Hermanas, pat. Ruiz: con 700;;Dos Hermanas;;;gol.;1890_10_25;Arroyos;;
Día 25:;;N/A: ;;;;cap.;;;;;Día 25 De Sagua, vapor Clara, cap. Bilbao: con 885 tercios;Bilbao;Clara;;;vapor;1890_10_26;Sagua;;
;;N/A: ;;;Mary;cap.;;;;;-Guanes, vapor Guaniguanico, cap. Mary: con 143;;Guaniguanico;;;vapor;1890_10_26;Guanes;;
;;;;;Cabruja;pat.;;;;;-Sagua la Chica, gol. 2ª Rosa, pat. Cabruja: con;;2ª Rosa;;;gol.;1890_10_26;Sagua la Chica;;
;;;;;Mandilego;pat.;;;;;-Cárdenas, gol. M ría Josefa, pat. Mandilego: con;;M ría Josefa;;;gol.;1890_10_26;Cárdenas;;
;;;;;Inclán;pat.;;;;;-Cabañas, gol. Caballo Marino, pat. Inclán: con;;Caballo Marino;;;gol.;1890_10_28;Cabañas;;
Día :;;N/A: ;;;Calafell;pat.;;;;;-Matanzas gol. María Josefa, pat. Calafell: con 50;;María Josefa;;;gol.;1890_10_28;Matanzas;;
;;;;;Riobo;pat.;;;;;-Carahatas, gol. Tres Hermanas, pat. Riobo: en;;Tres Hermanas;;;gol.;1890_10_28;Carahatas;;
null;;N/A: ;;;Zabala;pat.;;;null;;ts29 De Sagua la Chica, gol. Rosita. pat. Zabala: con 2800;;Rosita;;;gol.;1890_10_30;Sagua la Chica;;
;;;;;Vilar;cap.;;;;;-Nuevitas, vapor Mortera, cap. Vilar: con efectos;;Mortera;;;vapor;1890_10_30;Nuevitas;;
;;;;;Suárez;pat.;;;;;-San Cayetano, gol. Rosa María, pat. Suárez: con;;Rosa María;;;gol.;1890_10_30;San Cayetano;;
Día 30:;;N/A: ;;;Real;cap.;;;;;Dia 30 De Malas-Aguas, vapor Tritón, cap. Real: con 416;;Tritón;;;vapor;1890_10_31;Malas-Aguas;;
;;N/A: ;;;Cardeluz;cap.;;;;;-Sagua, vapor Adela, cap. Cardeluz: con 523 tercios tabaco y e ectos.;;Adela;;;vapor;1890_10_31;Sagua;;
Día 31:;;N/A:  | N/A: ;;;Yerus;cap.;;;;;Día 31: De Guanes, vapor Guadiana, cap. Yerus: con 310 tercios tabaco y efectos.;;Guadiana;;;vap.;1890_11_01;Guanes;;
;;N/A: ;;;Moll;pat.;;;;;Mantua, gol. Lince, pat. Moll: con 600 sacos carbón.allm;;Lince;;;gol.;1890_11_01;Mantua;;
;;N/A: ;;;Beneján;pat.;;;;;-Mantua, gol. Margarita, pat. Beneján: con 600;;Margarita;;;gol.;1890_11_01;Mantua;;
;;N/A: ;;;Ferrer;pat.;;;;;-San Cayetano, gol. Carmita, pat. Ferrer: con 301;;Carmita;;;gol.;1890_11_01;San Cayetano;;
;;;;;Ferrer;pat.;;;;;-Cárdenas, gol. Isla de Cuba, pat. Ferrer: con;;Isla de Cuba;;;gol.;1890_11_01;Cárdenas;;
;;N/A: ;;;;cap.;;;;;-Sagua, vapor Clara, cap. Bilbao: con 2,249 tercios;bilbao;Clara;;;vapor;1890_11_01;Sagua;;
Día :;;;;;Riera;pat.;;;;;-Playas de San Juan, gol. José Riera, pat. Riera:;;José Riera;;;gol.;1890_11_05;Playas de San Juan;;
;;N/A: ;;;Torres;pat.;;;;;"-Cárdenas, gol. Yumuri, pat. Torres: con 208 pipas aguardiente. -Cárdenas, gol. María del Carmen, pat. Valert: con 200 sacos azúcar; 1,200 quintales de hierro viejo y efectos.";;Yumuri;;;gol.;1890_11_05;Cárdenas;;
;;N/A: ;;;Fonrodona;pat.;;;;;-Sierra Morena, gol. Tres Hermanas, pat. Fonrodona: con 800 sacos carbón.;;Tres Hermanas;;;gol.;1890_11_05;Sierra Morena;;
;;N/A: ;;;Moner;pat.;;;;;-Sierra Morena, gol. Matilde, pat. Moner: con 6000;;Matilde;;;gol.;1890_11_05;Sierra Morena;;
;;N/A: ;;;Suau;pat.;;;;;-Gibara, gol. Moralidad, pat. Suau: con 176 tercios;;Moralidad;;;gol.;1890_11_05;Gibara;;
Día 5:;;N/A: ;;;Sastre;pat.;;;;;Dia 5: De Mariel, gol. Altagracia, pat. Sastre: con 18 pipas;;Altagracia;;;gol.;1890_11_06;Mariel;;
Día :;;;;;Orbay;pat.;;;;;-Berraços, gol. Paquete de Nuevitas, pat. Orbay:;;Paquete;;;gol.;1890_11_06;Nuevitas;;
Día :;;;;;Marrero;pat.;;;;;-Matanzas, gol. Juanita, pat. Marrero: de arribada.;;Juanita;;;gol.;1890_11_06;Matanzas;;
;;N/A: ;;;Ginesta;cap.;;;;;-Nuevitas, vapor Manuela, cap. Ginesta: con 120;;Manuela;;;vapor;1890_11_06;Nuevitas;;
;;;;;Yerus;cap.;;;;;-Guanes, vapor Guadiana, cap. Yerus: con efectos.;;Guadiana;;;vapor;1890_11_06;Guanes;;
Día 6:;;N/A:  | N/A: ;;;Cardeluz;cap.;;;;;Día 6: De Sagua, vapor Adela, cap. Cardeluz: con 525 terIcios tabaco y efectos. -Mala,-Aguas, vapor Tritón, cap. Real: con 315;;Adela;;;vapor;1890_11_07;Sagua;;
;;;;;Enseñat;pat.;;;;;-Yaguajay, gol. Juan Toralla, pat. Enseñat: con;;Juan Toralla;;;gol.;1890_11_07;Yaguajay;;
;;;;;Riobo;pat.;;;;;-Carahatos, gol. Tres Hermanas, pat. Riobo: con;;Tres Hermanas;;;gol.;1890_11_07;Carahatos;;
;;;;;Villalocga;pat.;;;;;-Sierra Morena, gol. Enriqueta, pat. Villalocga:;;Enriqueta;;;gol.;1890_11_07;Sierra Morena;;
Día 01:;;;;;Alemán;pat.;;;;;-Granadillo, gol. Ignacia Alemán, pat. Santana:;;Ignacia;;;gol.;1890_11_07;Granadillo;;
;;N/A: ;;;Durán;pat.;;;;;-Siguapa, gol. Dos Sofías, pat. Durán: con 1,000;;Dos Sofías;;;gol.;1890_11_07;Siguapa;;
Día 7:;;N/A: ;;;;cap.;;;;;Día 7: De Sagua, vapor Clara, cap. Bilbao: con 1,978 tercios;bilbao;Clara;;;vap.;1890_11_08;Sagua;;
;;N/A: ;;;Mary;cap.;;;;;-Guanes, vapor Guaniguanico, cap. Mary: con 263;;Guaniguanico;;;vapor;1890_11_08;Guanes;;
;;N/A: ;;;Pujol;pat.;;;;;-Teja. gol. Isabel II, pat. Pujol: cou 600 Bacos;;Isabel II;;;gol.;1890_11_08;Teja;;
;;N/A: ;;;Ferrer;pat.;;;;;Sagua, gol. María Josefa, pat. Ferrer: con 800;;María Josefa;;;gol.;1890_11_08;Sagua;;
;;;;;Alemañy;pat.;;;;;-Cárdenas, gol. Joven Pilar, pat. Alemañy: con;;Joven Pilar;;;gol.;1890_11_08;Cárdenas;;
;;;;;Maciá;pat.;;;;;-Río de la Palma, gol. Gallego, pat. Maciá: con;;Gallego;;;gol.;1890_11_08;Río de la Palma;;
;;N/A: ;;;Toro;pat.;;;;;-Sagua, gol. Rita Fortuna, pat. Toro: con 800 sacos carbón.;;Rita Fortuna;;;gol.;1890_11_08;Sagua;;
Día 8:;;N/A: ;;;Gavancho;pat.;;;;;Dia 8: De Cárdenas, gol. Cárdenas, pat. Gavancho: con 108;;Cárdenas;;;gol.;1890_11_09;Cárdenas;;
;;N/A: ;;;Esteban;pat.;;;;;-Teja, gol. Vicenta, pat. Esteban: cou 800 sacos;;Vicenta;;;gol.;1890_11_09;Teja;;
;;N/A:  | N/A: ;;;Serra;pat.;;;;;Sagua, gol. Amalia, pat. Serra: con 500 sacos carbón y 200 varas maderas.;;Amalia;;;gol.;1890_11_09;Sagua;;
;;N/A:  | N/A: ;;;Mas;pat.;;;;;-Baracoa, gol. Anita, pat. Mas: con 300 cajas jabón y 1.000 cajas petróleo.;;Anita;;;gol.;1890_11_11;Baracoa;;
;;;;;Esteban;pat.;;;;;- Sierra Morena, gol. Soffa, pat. Esteban: en lastre.;;Soffa;;;gol.;1890_11_11;Sierra Morena;;
Día 12:;;N/A: ;;;Torres;pat.;;;;;Día 12: De Cárdenas, gol. Yumuri, pat. Torres: con 140 pipas;;Yumuri;;;gol.;1890_11_13;Cárdenas;;
;;N/A: ;;;Felicó;pat.;;;;;-Guanes, go'. Expeculación, pat. Felicó: con 327;;Expeculación;;;go';1890_11_13;Guanes;;
;;N/A: ;;;Espino;pat.;;;;;-Morrillo, gol. Feliz, pat. Espino: con 8,000 pies;;Feliz;;;gol.;1890_11_13;Morrillo;;
;;;;;Inclán;pat.;;;;;-Cabañas, gol. Caballo Marino, pat. Inclán: en;;Caballo Marino;;;gol.;1890_11_13;Cabañas;;
Día 13:;;N/A:  | N/A: ;;;Cardeluz;cap.;;;;;Dis 13De Sagua, vapor Adela, cap. Cardeluz con 400 tercios tabaco y efectos.;;Adela;;;vapor;1890_11_14;Sagua;;
;;N/A: ;;;Real;cap.;;;;;-Malas-Aguas, vapor Tritón, cap. Real: con 250;;Tritón;;;vapor;1890_11_14;Malas-Aguas;;
Día 01:;;N/A: ;;;Alemañy;pat.;;;;;-Yaguajay, gol. Natividad, pat. Alemañy: cen 15;;Natividad;;;gol.;1890_11_14;Yaguajay;;
;;N/A: ;;;Bujosa;pat.;;;;;-Morón, gol. Engracia, pat. Bujosa: con 600 varas;;Engracia;;;gol.;1890_11_14;Morón;;
;;N/A: ;;;Padrón;pat.;;;;;-Arroyos, gol. Joven Jaime, pat. Padrón: con 1100;;Joven Jaime;;;gol.;1890_11_14;Arroyos;;
;;;;;Amengual;pat.;;;;;-Dimas, gol. María Mazoni, pat. Amengual: con;;María Mazoni;;;gol.;1890_11_14;;;
Día 14:;;N/A: ;;;Bilbao;cap.;;;;;Día 14: De Sagua, vapor Clara, cap. Bilbao! con 1,689 tercios;;Clara;;;vap.;1890_11_15;Sagua;;
;;N/A: ;;;Gavanch;pat.;;;;;-Cárdenas, gol. Cárdenas, pat. Gavanch: con 93;;Cárdenas;;;gol.;1890_11_15;Cárdenas;;
;;;;;Portella;pat.;;;;;-Arroyos, gol. Amable Rocita, pat. Portella: con;;Amable Rocita;;;gol.;1890_11_15;Arroyos;;
;;;;;Lagardete;cap.;;;;;-Sagua la Chica, gol. Teresita, cap. Lagardete:;;Teresita;;;gol.;1890_11_15;Sagua la Chica;;
;;N/A: ;;;Coll;pat.;;;;;-Yaguajay, gol. Cuba, pat. Coll: con 10,393 pies;Cuba;;;;gol.;1890_11_16;Yaguajay;;
;;;;;Perpiñán;pat.;;;;;-Manzanillo, gol. 23 María, pat. Perpiñán: con;;23 María;;;gol.;1890_11_16;Manzanillo;;
;;N/A:  | N/A: ;;;Cuevas;pat.;;;;;-Cárdenas, gol. Angelita, pat. Cuevas: con 250 sacos azúcar y efectos.;;Angelita;;;gol.;1890_11_16;Cárdenas;;
;;N/A: ;;;Lloret;pat.;;;;;-Bajas, gol Angelita, pat. Lloret: con 150 sacos;;Angelita;;;gol;1890_11_16;Bajas;;
;;N/A: ;;;Torres;pat.;;;;;-Cienfuegos, gol. Amistad, pat. Torres: con 800;;Amistad;;;gol.;1890_11_16;Cienfuegos;;
;;N/A: ;;;Terrades;pat.;;;;;-Yaguajay, gol. Candita, pat. Terrades: con 600;;Candita;;;gol.;1890_11_16;Yaguajay;;
;;N/A: ;;;Prats;pat.;;;;;-Arroyos, gol: Dos Amigos, pat. Prats: con 800;;Dos Amigos;;;gol;1890_11_16;Arroyos;;
;;N/A: ;;;Mary;cap.;;;;;-Guanes, vapor Guanigaanico, cap. Mary: con 113;;Guanigaanico;;;vapor;1890_11_18;Guanes;;
;;N/A: ;;;Lladó;pat.;;;;;-Bajas, gol. Carmita, pat. Lladó: con 800 sacos;;Carmita;;;gol.;1890_11_18;Bajas;;
;;N/A: ;;;Sastre;pat.;;;;;-Mariel. gol. Altagracia, pat. Sastre: con 20 pipas;;Altagracia;;;gol.;1890_11_18;;;
;;N/A: ;;;Lazo;pat.;;;;;-Nuevitas, gol. Emilia, pat. Lazo: con 200 varas;;Emilia;;;gol.;1890_11_18;Nuevitas;;
Día 18:;;N/A: ;;;Terrades;pat.;;;;;Día 18: De Sierra Morena, gol María Teresa, pat. Terrades: con 10,000 pies madera.;;María Teresa;;;gol.;1890_11_19;Sierra Morena;;
Día 19:;;N/A: ;;;Torres;pat.;;;;;Dia 19: De Cárdenas, gol. Yumurí, pat. Torres: con 32 pipas;;Yumurí;;;gol.;1890_11_20;Cárdenas;;
;;N/A:  | N/A:  | N/A:  | N/A:  | N/A: ;;;Vilar;cap.;;;;;"-Nuevitas. vapor Mortera, cap. Vilar: con 245 reses; 12 vacas; & caballos; 70 puercos; 160 sacos";;Mortera;;;vapor;1890_11_20;Nuevitas;;
;;N/A: ;;;Real;cap.;;;;;Malas-Aguas, vapor Tritón, cap. Real: con 150;;Tritón;;;vapor;1890_11_21;Malas-Aguas;;
Día 01:;;;;;Mateu;pat.;;;;;-Río del Medio, gol. San Francisco, pat. Mateu:;;San Francisco;;;gol.;1890_11_21;Río del Medio;;
;;N/A: ;;;Ferrer;pat.;;;;;-Dimas, gol. Deseada, pat. Ferrer: con 400 sacos;;Deseada;;;gol.;1890_11_21;Dimas;;
;;N/A: ;;;Pujol;pat.;;;;;-Mantua, gol. Nuevo Hilario, pat. Pujol: con 600;;Nuevo Hilario;;;gol.;1890_11_21;Mantua;;
;;N/A: ;;;Aguiar;pat.;;;;;-Santa María, gol. Júcaro, pat. Aguiar: con 800;;Júcaro;;;gol.;1890_11_21;Santa María;;
;;N/A: ;;;Ruiz;pat.;;;;;-Arroyos, gol. Dos Hermanas, pat. Ruiz: con 700;;Dos Hermanas;;;gol.;1890_11_21;Arroyos;;
;;;;;Barceló;pat.;;;;;-Bajas, gol. Salve Virgen María, pat. Barceló: con;;Salve Virgen María;;;gol.;1890_11_25;;;
;;N/A: ;;;Ferrer;p.;;;;;-Cárdenas, gol. Isla de Cuba, pa Ferrer: con 150;;Isla de Cuba;;;gol.;1890_11_25;Cárdenas;;
;;N/A: ;;;Pujol;pat.;;;;;-San Cayetano, gol. Rosario, pat. Pujol: con 70;;Rosario;;;gol.;1890_11_25;San Cayetano;;
;;N/A: ;;;Gil;pat.;;;;;-Banes, gol. Dos Isabeles, pat. Gil: con 5,000 ladrillos.;;Dos Isabeles;;;gol.;1890_11_25;Banes;;
Día 26:;;N/A: ;;;Cabruja;pat.;;;;;Día 26: De Bajas, gol. 2ª Rosa, pat. Cabruja: con 1,000 sacos;;2ª Rosa;;;gol.;1890_11_27;Bajas;;
;;;;;Meaaya;pat.;;;;;-Sierra Morena, gol. Habanera, pat. Meaaya: con;;Habanera;;;gol.;1890_11_27;Sierra Morena;;
;;;;;Inclán;pat.;;;;;"-Cabañas, gol. Caballo Marino, pat. Inclán; en";;Caballo Marino;;;gol.;1890_11_27;Cabañas;;
;;;;;Cardeluz;cap.;;;;;-Ságua, yapor Adela, cap. Cardeluz: con efectos.;;Adela;;;yapor;1890_11_27;Ságua;;
;;;;;Alemañy;pat.;;;;;Canasi, gol. Amado Antonio, pat. Alemañy: en;;Amado Antonio;;;gol.;1890_11_27;Canasi;;
Día #7:;;N/A: ;;;Real;cap.;;;;;Día #7: De Malsa-Aguas, vapor Tritón, cap. Real: con 120;;Tritón;;;vap.;1890_11_28;Malsa-Aguas;;
;;N/A: ;;;Moll;pat.;;;;;-Mantua, gol. Lince, pat. Moll: con 700 sacos carhón.;;Lince;;;gol.;1890_11_28;Mantua;;
;;N/A: ;;;Gavancho;pat.;;;;;-Cardenas, got. Cárdenas, pat. Gavancho. con 42;;Cárdenas;;;got.;1890_11_28;Cardenas;;
Día :;;;;;Colón;pat.;;;;;-Berracos, gol. Paquete de Sagua, pat. Colón: con;;Paquete;;;gol.;1890_11_28;Sagua;;
Día 28:;null;N/A: ;;;Lladó;pat.;;;null;;Dis 28: De Bajas, gol. Agustina, pat. Lladó: con 800 Bacos;;Agustina;;;gol.;1890_11_29;Bajas;;
;;N/A: ;;;Beneján;pat.;;;;;-Mantua, gol. Margarita, pat. Beneján: con 650;;Margarita;;;gol.;1890_11_29;Mantua;;
;;N/A:  | N/A:  | N/A:  | N/A:  | N/A: ;;;;;;;;;"-Mulata, gol. Dolores, pat. Planas: con 200 varas maderas; 50 caballos leña y efectos. -Matanzas, gol. María Josefa, pat. Calafell: con 25 pipas aguardiente y efectos. -Cienfuegos vapor Argonauta, cap. Vázquez: con 400 cajas fideos y 400 barriles aceitunas.";;;;;;1890_11_29;;;
;;N/A: ;;;Gavancho;pat.;;;;;-Cárdenas, gol. Cárdenas, pat. Gavancho: con 158;;Cárdenas;;;gol.;1890_11_29;Cárdenas;;
Día 29:;;;;;Alemañy;pat.;;;;;Día 29: De Cárdenas, gol. Joven Pilar, pat. Alemañy: con;;Joven Pilar;;;gol.;1890_11_30;Cárdenas;;
;;N/A:  | N/A:  | N/A: ;;;Ripoll;pat.;;;;;500 sacos azúcar y efectos. - -Yaguajay, gol. Soffa, pat. Ripoll: con 13,000 pies;;Soffa;;;gol.;1890_11_30;Yaguajay;;
;;N/A: ;;;;pat.;;;;;-Sagua, vapor Clara, pat. Bilbao: con 1,906 tercios;;Clara;;;vapor;1890_11_30;Sagua;;
Día 19:;null;N/A: ;;;Torres;pat.;;;null;;Dis 19: De Cárdenas, gol. Yumuri, pat. Torres: con 60 pipas;;Yumuri;;;gol.;1890_12_02;Cárdenas;;
Día 3:;;;;;Cantero;pat.;;;;;Dia 3 De Cárdenas, gol. Aguila de Oro, pat. Cantero: con;;Aguila de Oro;;;gol.;1890_12_04;Cárdenas;;
;;N/A: ;;;Espino;pat.;;;;;-Morrillo, gol. Feliz, pat. Espino: con 300 varas;;Feliz;;;gol.;1890_12_04;Morrillo;;
;;N/A: ;;;Snstre;pat.;;;;;-Mariel. gol. Altagracia, pat. Snstre: 232 tercios;;Altagracia;;;gol.;1890_12_04;;;
;;N/A:  | N/A: ;;;Bonet;pat.;;;;;-Jaruco, gol. Joven Lola, pat. Bonet: con 38 bocoyes azúcar y 77 sacos maiz.;;Joven Lola;;;gol.;1890_12_04;Jaruco;;
Día 4:;;N/A: ;;;Real;cap.;;;;;Día 4: De Malas-Aguas, vapor Tritón, cap. Real: con 120;;Tritón;;;vapor;1890_12_05;Malas-Aguas;;
Día :;;N/A:  | N/A: ;;;Cardeluz;cap.;;;;;tercios tabaco y efectos. -Sagua, vapor Adela, cap. Cardeluz: con 789 tercios tabaco y efectos.;;Adela;;;vapor;1890_12_05;Sagua;;
;;;;;Esteban;pat.;;;;;-Sierra Morena, gol. Soffa, pat. Esteban: en lastre.;;Soffa;;;gol.;1890_12_05;Sierra Morena;;
;;;;;Valent;pat.;;;;;-Cárdenas, gol. María del Carmen, pat. Valent:;;María del Carmen;;;gol.;1890_12_05;Cárdenas;;
Día 05:;null;N/A:  | N/A:  | N/A:  | N/A: ;;;Esterellas;pat.;;;null;;"Ma 5: De Gibara, gol. Habana, pat. Esterellas: con 80 tercios tabaco; 381 atravesaños; 1 maquinaria y efectos.";;Habana;;;gol.;1890_12_06;Gibara;;
;;N/A: ;;;Serra;pat.;;;;;-Arroyos, gol. Amalia, pat. Serra: con 509 sacos;;Amalia;;;gol.;1890_12_06;Arroyos;;
;;;;;Alemañy;pat.;;;;;-San Cayetano, gol. Catalina, pat. Alemañy: con;;Catalina;;;gol.;1890_12_06;San Cayetano;;
Día 6:;;N/A: ;;;Mir;pat.;;;;;Día 6: De Granadillo, gol. Joven Felipe, pat. Mir: con 2,000;;Joven Felipe;;;gol.;1890_12_07;Granadillo;;
;;N/A: ;;;Borrell;pat.;;;;;-Teja. gol. Castilla, pat. Borrell: con 1,000 sacos;;Castilla;;;gol.;1890_12_07;Teja;;
Día 01:;;;;;Barceló;pat.;;;;;-Chorrera, gol. Salve Virgen María, pat. Barceló:;;Salve Virgen María;;;gol.;1890_12_07;Chorrera;;
;;N/A: ;;;;cap.;;;;;-Sagua, vapor Clara, cap. Bilbao: con 1,271 tereios;Bilbao;Clara;;;vapor;1890_12_07;Sagua;;
;;N/A: ;;;Lloret;pat.;;;;;-Bajas, gol. Angelita, pat. Lloret: con 100 tercios;;Angelita;;;gol.;1890_12_10;Bajas;;
;;N/A:  | N/A: ;;;Felicó;pat.;;;;;-Guanes, gol. Especulación, pat. Felicó: con 286 tercios tabaco y efectos. -Cabañas, bdro Rosita, pat Juan: en lastre. -Congojas, gol Gallego, pat Maciá: con 700 sacos;;Especulación;;;gol.;1890_12_10;Guanes;;
Día 01:;;N/A: ;;;Padrón;pat.;;;;;carbón. -Punta San Juan, gol. Joven Jaime, pat. Padrón:;;Joven Jaime;;;gol.;1890_12_10;Punta San Juan;;
;;N/A:  | N/A:  | N/A:  | N/A:  | N/A:  | N/A:  | N/A:  | N/A:  | N/A:  | N/A: ;;;;;;;;;"con 900 sacos carbón. -Cárdenas, gol. Esmeralda, pat. Mandilego: con 250 sacos azúcar y 25 pipas aguardiente. -Sagua la Chica, gol. Teresita, pat. Lagardete: con 29,000 tejas. -Mulata, gol. Paquete de Nuevitas, pat. Orbay: con 200 varas maderas; 300 estacas de carreta y efectos. -Arroyos, gol. Amable Rosita, pat. Portella: con 700 sacos carbón. -Teja, gol. Castilla, pat Borrell: con 1,600 sacos Jarbón -Punta San Juan, gol. Sabás, pat. Tous: con 5,000 ples maderrs; 500 atravesaños y efectos.";;;;;;1890_12_10;;;
Día 11:;;N/A:  | N/A: ;;;Cardeluz;cap.;;;;;Día 11: De Sagua, vapor Adela, cap. Cardeluz: con 840 tercios tabaco y efectos.;;Adela;;;vapor;1890_12_12;Sagua;;
;;N/A:  | N/A: ;;;Torres;pat.;;;;;-Cárdenas, gol. Yumuri, pat. Torres: con 140 pipas aguardiente y efectos.;;Yumuri;;;gol.;1890_12_12;Cárdenas;;
;;;;;Ferrer;pat.;;;;;Matanzas, gol. Dos Hermanas, pat. Ferrer: con;;Dos Hermanas;;;gol.;1890_12_12;Matanzas;;
;;N/A: ;;;Pérez;pat.;;;;;-Matanzas, gol. Amalia, pat. Pérez: con 527 barriles cemento.;;Amalia;;;gol.;1890_12_12;Matanzas;;
Día 12:;;N/A: ;;;Real;cap.;;;;;Dia 12: De Malas-Aguas, vapor Tritón, cap. Real: con 150;;Tritón;;;vapor;1890_12_13;Malas-Aguas;;
Día 13:;;;;;Ferrer;pat.;;;;;Día 13: De Matanzas, gol. Dos Hermanas, pat. Ferrer: con;;Dos Hermanas;;;gol.;1890_12_14;Matanzas;;
;;;;;Enseñat;pat.;;;;;-Cárdenas, gol. Juan Toralla, pat. Enseñat: con;;Juan Toralla;;;gol.;1890_12_14;Cárdenas;;
;;;;;Ferrer;pat.;;;;;-Cárdenas, gol. Isla de Cuba, pat. Ferrer: con;;Isla de Cuba;;;gol.;1890_12_14;Cárdenas;;
;;;;;Villalonga;pat.;;;;;-Mariel, gol. María Magdalena, pat. Villalonga:;;María Magdalena;;;gol.;1890_12_14;;;
;;;;;Garriga;pat.;;;;;Jibacoa, gol. 1 de Vinaroz, pat. Garriga: con;;1;;;gol.;1890_12_14;Vinaroz;;
Día 15:;null;;;;Alemañy;pat.;;;null;;Dis 15: De Cárdenas, gol. Joven Pilar, pat. Alemañy: con;;Joven Pilar;;;gol.;1890_12_16;Cárdenas;;
;;;;;Valent;pat.;;;;;-Cárdenas, gol. María del Carmen, pat. Valent:;;María del Carmen;;;gol.;1890_12_16;Cárdenas;;
;;;;;Inclán;pat.;;;;;- -Cabañas, gol. Caballo Marino, pat. Inclán: con;;Caballo Marino;;;gol.;1890_12_16;Cabañas;;
;;;;;Cabres;pat.;;;;;-Sierra Morena, gol. Emilia, pat. Cabres: en lastre.;;Emilia;;;gol.;1890_12_16;Sierra Morena;;
Día 16:;null;N/A: ;;;Calafell;pat.;;;null;;Dis 16: De Matanzas, gol. María Josefa, pat. Calafell: con 20;;María Josefa;;;gol.;1890_12_17;Matanzas;;
;;;;;Cabruja;pat.;;;;;-Sagua la Chica, gol. 2 Rosa, pat. Cabruja: con;;2 Rosa;;;gol.;1890_12_17;Sagua la Chica;;
;;;;;Riobo;pat.;;;;;-Carabatas, gol. Tres Hermanas, pat. Riobo: en;;Tres Hermanas;;;gol.;1890_12_17;Carabatas;;
;;;;;Macip;pat.;;;;;-Santa Craz, gol. Joven Manuel, pat. Macip: con;;Joven Manuel;;;gol.;1890_12_17;Santa Craz;;
Día Santiago:;;N/A: ;;;Santiago;pat.;;;;;-Sagua, gol. Condor, pat Santiago: con 1,000 sacos carbón.;;Condor;;;gol.;1890_12_17;Sagua;;
Día 17:;;N/A:  | N/A: ;;;Cardeluz;cap.;;;;;Día 17: De Sagua, vapor Adela, cap. Cardeluz: con 261 terclos tabaco y efectos.;;Adela;;;vapor;1890_12_18;Sagua;;
;;N/A: ;;;Ruiz;pat.;;;;;-Arroyos, gol. Dos Hermanas, pat. Ruiz: con 800;;Dos Hermanas;;;gol.;1890_12_18;Arroyos;;
;;N/A: ;;;Moll;pat.;;;;;Mantua, gol. Lince, pat. Moll: con 700 sacos carbón.;;Lince;;;gol.;1890_12_18;Mantua;;
;;N/A: ;;;Pujol;pat.;;;;;-Teja, gol. Isabel II, pat. Pujol: con 600 sacos carbón.;;Isabel II;;;gol.;1890_12_18;Teja;;
;;;;;Palau;pat.;;;;;Yaguajay, gol. Joven Miguel, pat. Palau: con;;Joven Miguel;;;gol.;1890_12_18;Yaguajay;;
;;N/A: ;;;Riera;pat.;;;;;-Sagua, gol. José Riera, pat. Riera: con 800 sacOB;;José Riera;;;gol.;1890_12_18;Sagua;;
Día null:;;N/A: ;;;Real;cap.;;;null;;1fa 18: De Malas-Aguas, vapor Tritón, cap. Real: con 240;;Tritón;;;vapor;1890_12_19;Malas-Aguas;;
;;;;;Pujol;pat.;;;;;-Mantua, gol. Nuevo Hilario, pat. Pujol: co:: GLO;;Nuevo Hilario;;;gol.;1890_12_19;Mantua;;
;;;;;Deulofeu;pat.;;;;;-Mariel, gol. Trafalgar, pat. Deulofeu: en las e;;Trafalgar;;;gol.;1890_12_19;;;
;;N/A: ;;;Covas;pat.;;;;;-Ortigosa, gol. Dolerita, pat Covas: con 15,00 ladrillos.;;Dolerita;;;gol.;1890_12_19;Ortigosa;;
;;;;;Hernández;pat.;;;;;-Morrilla, gol. Britania, pat. Hernández: en 1.stre,;;Britania;;;gol.;1890_12_19;Morrilla;;
Día 19:;19-10-2023;N/A: ;;;Mari;cap.;;;19-10-2023;;19: De Guanes, vapor Guaniguanico, cap. Mari: con 150;;Guaniguanico;;;vap.;1890_12_20;Guanes;;
;;N/A: ;;;Pérez;pat.;;;;;Matanzas, gol Maria, pat. Pérez: con 35 pipas;;Maria;;;gol;1890_12_20;Matanzas;;
Día 19:;19-10-2023;N/A:  | N/A: ;;;Torres;pat.;;;19-20-2023;;19 20: De Cárdenas, gol. Yumuri, pat. Torres: con 140 pipas aguardiente y efectos.;;Yumuri;;;gol.;1890_12_21;Cárdenas;;
;;N/A:  | N/A: ;;;Mandilego;pat.;;;;;1,200 tercios fabaco y efectos. -Cárdenas, gol. Esmeralda. pat. Mandilego: con;;Esmeralda;;;gol.;1890_12_23;Cárdenas;;
;;N/A:  | N/A: ;;;Cuevas;pat.;;;;;Cárdenas, gol. Angelita, pat. Cuevas: con 200 sacos azúcar y efectos.;;Angelita;;;gol.;1890_12_23;Cárdenas;;
;;N/A: ;;;Gavancho;pat.;;;;;-Cárdenas, gol. Cárdenas, pat. Gavancho: con 80;;Cárdenas;;;gol.;1890_12_23;Cárdenas;;
;;;;;Menaya;pat.;;;;;Sierra Morena, gol. Habanera, pat. Menaya: con;;Habanera;;;gol.;1890_12_23;;;
Día 24:;;;;;Amengual;pat.;;;;;Dia 24: De Sierra Morena, gol. Matilde, pat. Amengual: en;;Matilde;;;gol.;1890_12_25;Sierra Morena;;
Día :;;;;;Menaya;pat.;;;;;-Playa de San Juan, gol. Almansa, pat. Menaya:;;Almansa;;;gol.;1890_12_25;Playa de San Juan;;
;;N/A: ;;;Inclán;pat.;;;;;con 1,600 sacos carbón. -Cabañas, gol. Caballo Marino, pat. Inclán: en;;Caballo Marino;;;gol.;1890_12_25;Cabañas;;
;;N/A: ;;;Lazo;pat.;;;;;"-Nuevitas, gol. Emilia, pat. Lazo: con 40 toros; 30";;Emilia;;;gol.;1890_12_25;Nuevitas;;
;;;;;Folgar;pat.;;;;;-Sagua la Chica, gol. Joven Leocadia, pat. Folgar:;;Joven Leocadia;;;gol.;1890_12_25;Sagua la Chica;;
;;;;;Alemañy;pat.;;;;;-San Cayetano, gol. Rosario, pat. Alemañy: con;;Rosario;;;gol.;1890_12_25;San Cayetano;;
;;N/A: ;;;Cardeluz;cap.;;;;;-Caibarión, vapor Adela, cap. Cardeluz: con 700;;Adela;;;vapor;1890_12_25;Caibarión;;
Día 26:;;;;;Valent;pat.;;;;;Dia 26: De Cárdeuas, gol. María del Carmen, pat. Valent:;;María del Carmen;;;gol.;1890_12_27;Cárdeuas;;
;;N/A: ;;;Torres;pat.;;;;;-Cárdenas, gol. Yumuri, pat. Torres: con 40 pipas;;Yumuri;;;gol.;1890_12_27;Cárdenas;;
;;;;;Portella;pat.;;;;;-Arroyoe, gol. Amable Rosita, pat. Portella: con;;Amable Rosita;;;gol.;1890_12_27;Arroyoe;;
;;N/A: ;;;Coll;pat.;;;;;-Yaguajay, gol. Cuba, pat. Coll: con 15,000 pies;Cuba;;;;gol.;1890_12_27;Yaguajay;;
;;N/A: ;;;Real;cap.;;;;;MB 27: De Malas-Aguas, vapor Tritón, cap. Real: con 800;;Tritón;;;vapor;1890_12_28;Malas-Aguas;;
Día :;;N/A: ;;;Bilbao;cap.;;;;;-Sagua, vapor Clara, cap. Bilbao: con 258 tercios;;Clara;;;vapor;1890_12_28;Sagua;;
;;N/A: ;;;Ferrer;pat.;;;;;-Dimas, gol. Deseada, pat Ferrer: con 400 saco;;Deseada;;;gol.;1890_12_28;Dimas;;
Día :;;;;;Prats;pat.;;;;;-Punta San Juan, gol. Dos Amigos, pat. Prats:;;Dos Amigos;;;gol.;1890_12_28;Punta San Juan;;
;;N/A: ;;;Padrón;pat.;;;;;-Arroyos, gol. Joven Jaime, pat. Padrón: con 800;;Joven Jaime;;;gol.;1890_12_28;Arroyos;;
;;N/A: ;;;Mateu;pat.;;;;;-Bajas, gol. San Francisco, pat. Mateu: con 1,200;;San Francisco;;;gol.;1890_12_28;Bajas;;
;;N/A: ;;;Suau;pat.;;;;;-Gibara, gol. Moralidad, pat. Suau: con 482 tercios;;Moralidad;;;gol.;1890_12_30;Gibara;;
;;N/A: ;;;Alemañy;pat.;;;;;-Baracoa, gol. Aguila, pat Alemañy: con 2,400;;Aguila;;;gol.;1890_12_30;Baracoa;;
;;;;;Pellicer;pat.;;;;;-Sagua de Tánamo, gol. Crisálida, pat. Pellicer:;;Crisálida;;;gol.;1890_12_30;Sagua de Tánamo;;
;;N/A: ;;;Torres;pat.;;;;;Matas, gol. Elva, pat. Torres: con 60,000 cocos.;;Elva;;;gol.;1890_12_31;;;
;;N/A: ;;;Borrell;pat.;;;;;Tejas, gol. Castilla, pat Borrell: con 1,600 sacos;;Castilla;;;gol.;1890_12_31;Tejas;;
;;;;;Riobo;pat.;;;;;-Carahatas, gol. Tres Hermana, pat. Riobo: con;;Tres Hermana;;;gol.;1890_12_31;Carahatas;;
;;;;;Colomar;pat.;;;;;-Ortigosa, gol. Gaspar, pat. Colomar: con efectos.;;Gaspar;;;gol.;1890_12_31;Ortigosa;;
