arrival_date;arrival_date_calc;cargo_list;crew_number;forced_arrival;master_name;master_role;parsed_text;passenger_account;publication_day;quarantine;raw_text;ship_flag;ship_name;ship_tons_capacity;ship_tons_unit;ship_type;source_file;travel_departure_port;travel_duration_unit;travel_duration_value
Día 31:;;;;;Hanlon;cap.;;;;;Día 31: De Tampa y Cayo-Hueso, en 1 días, vapor americano Mascotte, cap. Hanlon, trip. 42, tons. 520,;americano;Mascotte;;;vapor;1891_01_01;Tampa y Cayo-Hueso;;
Día 31:;;;;;Cantero;pat.;;;;;Dia 31: De Cárdenas, gol. Aguila de Oro, pat. Cantero: con;;Aguila de Oro;;;gol.;1891_01_01;Cárdenas;;
;;N/A: ;;;Acuña;pat.;;;;;-Sagua, gol. María Andrea, pat. Acuña: con 500;;María Andrea;;;gol.;1891_01_01;Sagua;;
;;N/A: ;;;Serra;pat.;;;;;-Arroyos, gol. Amalia, pat. Serra: con 500 sacos;;Amalia;;;gol.;1891_01_01;Arroyos;;
;;N/A:  | N/A:  | N/A: ;;;Villalonga;pat.;;;;;-Batabanó, gol. Clfo, pat. Villalonga: con 800 caballos leña y efectos.;;Clfo;;;gol.;1891_01_01;Batabanó;;
;;;;;Villalonga;pat.;;;;;-Mariel, gol. María Magdalena, pat. Villalonga:;;María Magdalena;;;gol.;1891_01_01;Mariel;;
;;;;;Porcel;pat.;;;;;Jaruce, gol. Paquete de Jaruco, pat. Porcel: con;;Paquete de Jaruco;;;gol.;1891_01_01;;;
;;N/A:  | N/A: ;;;Bonet;pat.;;;;;-Jaruco, gol. Joven Lola, pat. Bonet: con 100 sacos maiz y 1,200 tejas.;;Joven Lola;;;gol.;1891_01_01;Jaruco;;
Día 31:;;N/A: ;;;Curtis;cap.;;;;;Día 31 de diciembre: do sándian De Nueva York, en 3 días, vap. amer. Yumuri, capitán Curtis, trip. 78, tons. 2,332, con carga, á;amer.;Yumuri;;;vap.;1891_01_02;Nueva York;;
Día 16:;;N/A:  | N/A: ;;;Leighton;cap.;;;;;Cárdenas y Caibarién, en 16 boras, vapor americano Saratoga, cap. Leighton, trip. 60, tons. 1692,;americano;Saratoga;;;vapor;1891_01_02;Cárdenas y Caibarién;;
;;;;;Rogers;cap.;;;;;Schull, cap. Rogers, trip. 10, tons. 839, & Luis V.;;Luis V.;;;;1891_01_02;Schull;;
;;N/A: ;;;Ross;cap.;;;;;cap. Ross, trip. 10, tons. 729, con madera, á Diaz;;;;;;1891_01_03;;;
Día 2:;;N/A:  | N/A: ;;;Allen;cap.;;;;;Día 2: De Veracruz y escalas en 4 dias, vap. americano City of Washington, cap. Allen, trip. 60, tons. 1516;americano;City of Washington;;;vap.;1891_01_03;Veracruz;;
Día 3:;;N/A:  | N/A: ;;;Hanlon;cap.;;;;;Día 3: De Tampa y Cayo-Hueso, en 14 días, vapor americano Mascotte, cap. Hanlon, trip. 42, tons. 520,;americano;Mascotte;;;vapor;1891_01_04;Tampa y Cayo-Hueso;;
;;;;;Nouvellon;cap.;;;;;Lafayette, cap. Nouvellon, trip. 157, tons. 1,281,;;Lafayette;;;;1891_01_06;;;
Día 14:;;N/A: ;;;Gorordo;cap.;;;;;-Santander y escalas, en 14 días, vapor-correo español Ciudad de Santander, cap. Gorordo, tripuJación 127, tons. 2,295, con carga, á M. Calvo y;español;Ciudad de Santander;;;vapor-correo;1891_01_06;Santander;;
Día 5:;;N/A:  | N/A: ;;;Me Kay;cap.;;;;;Día 5: De Tampa y Cayo-Hueso, en 1 días, vapor americano Olivette, cap. Me Kay, trip. 42, tons. 1,104,;americano;Olivette;;;vapor;1891_01_06;Tampa y Cayo-Hueso;;
;;;;;Cardona;cap.;;;;;Agustín, cap. Cardona, trip. 38, tons. 2,950, con;;Agustín;;;;1891_01_06;;;
Día 4:;;N/A:  | N/A: ;;;Hausen;cap.;;;;;-Nueva-York, en 4 días, vap. amer. City of Alexandría, cap. Hausen, trip. 60, tons. 1,652, con;amer.;City of Alexandría;;;vap.;1891_01_06;Nueva York;;
Día 6:;;N/A:  | N/A: ;;;Staples;cap.;;;;;Día 6: De Nueva-Orleans y escalas, en 4 días, vapor ameribocano Aransas, cap. Staples, trip. 32, tons. 678,;;Aransas;;;vapor;1891_01_07;Nueva-Orleans;;
Día 7:;;;;;Hanlon;cap.;;;;;Día 7: Met Y De Tampa y Cayo-Hueso, en 11 días, vapor ameri97 cano Mascotte, cap. Hanlon, trip. 42, tons. 520,;can.;Mascotte;;;vapor;1891_01_08;Tampa y Cayo-Hueso;;
Día 4:;;;;;Mc Intosh;cap.;;;;;-Nueva-York, en 4 días, vap. amer. Orizaba, capitán Mc Intosh, trip. 70, tons. 2,334, con carga,;amer.;Orizaba;;;vap.;1891_01_08;Nueva York;;
Día 8:;;N/A: ;;;Reynolds;cap.;;;;;Día 8: De Veracruz y escalas, en 4 días, vap. amer. Yucatán, cap. Reynolds, trip. 75, tons. 2 317, con carga, á Hidalgo y Comp.;amer.;Yucatán;;;vap.;1891_01_09;Veracruz;;
Día 20:;;N/A:  | N/A: ;;;Dodge;cap.;;;;;L V Placé. Nueva York en 20 días, berg. amer. Haittie G. Mc Farlaut, cap. Dodge, trip. 9. tons. 519: con maderas, á R. Pérez Santa María. -Matanzas en 8 horas, vap. amer. City of Alexaudiía, cap. Hausen, trip. 60, tons. 1,65?: con carga, á Hida go y Ca;amer.;Haittie G. Mc Farlaut;;;berg.;1891_01_10;Nueva York;;
;;N/A: ;;;Llorca;cap.;;;;;cap. Llorca, trip. 63, tons. 3,895: con carga, á;;;;;;1891_01_10;;;
;;;;;Carmona;cap.;;;;;Condal, cap. Carmona, trip. 81, tons. 2,595: con;;Condal;;;;1891_01_10;;;
Día 10:;;N/A:  | N/A: ;;;Hanlon;cap.;;;;;Día 10: De Tampa y Cayo-Ifneso, en 1 días, vapor americano Mascotte, cap. Hanlon, trip. 42, tons. 520,;americano;Mascotte;;;vapor;1891_01_11;Tampa y Cayo-Ifneso;;
;;N/A: ;;;Aldámiz;cap.;;;;;na. cap. Aldámiz, trip. 38, tons. 1,380, con carga,;;;;;;1891_01_13;;;
;;N/A: ;;;Alsina;cap.;;;;;cap. Alsina, trip. 14, tons. 499, con carga, á Fabra y Comp.;;;;;;1891_01_13;;;
Día 12:;;N/A: ;;;Burley;cap.;;;;;Día 12: De Nueva York, en 4 días, vap. amer. Niágara, capitán Burley, trip. 60, tons. 1,667, con carga, á;amer.;Niágara;;;vap.;1891_01_13;Nueva York;;
Día 2:;;N/A:  | N/A:  | N/A: ;;;Rogers;cap.;;;;;-Cárdenas, en 2 días, berg. inglés Sladdastha, capitán Rogers, trip. 10, tons. 466, en lastre, á J.;inglés;Sladdastha;;;berg.;1891_01_13;Cárdenas;;
Día 20:;;N/A: ;;;La Porte;cap.;;;;;-Burdeos y escalas, en 20 días, vapor francés Havre, cap. La Porte, trip. 45, tons. 2,662, cen carga, á Dussaq y Comp.;francés;Havre;;;vapor;1891_01_13;Burdeos;;
Día 1:;;N/A:  | N/A: ;;;Mc Kay;cap.;;;;;Tampa y Cayo-Hueso, en 1 días, vapor americano Olivette, cap. Mc Kay, trip. 44, tons. 1,104,;americano;Olivette;;;vapor;1891_01_13;Tampa y Cayo-Hueso;;
Día 12:;;;;;Ozamiz;cap.;;;;;Día 12: De Liverpool y escalas, en 20 días, vap. esp. Madrileño, cap. Ozamiz, trip 35, tons. 2,292, con carga;esp.;Madrileño;;;vap.;1891_01_14;Liverpool;;
Día 18:;;N/A: ;;;Carballo;cap.;;;;;Día 18: De Cayo-Hueso, en 2 días, gol. amer. Lone Star, capitán Carballo, trip. 5, tons. 37, con pescado, á;amer.;Lone Star;;;gol.;1891_01_14;Cayo-Hueso;;
;;N/A: ;;;Goodman;cap.;;;;;cap. Goodman, trip. 9, tons. 536, con madera, á;;;;;;1891_01_14;;;
;;N/A: ;;;Bruce;cap.;;;;;cap. Bruce, trip. 26, tons. 1,399, con guano, á B.;;;;;;1891_01_14;;;
Día 13:;;N/A: ;;;Casals;cap.;;;;;Día 13: De Ajo (R. A.), en 55 días, berg. esp. Rafael, capitáu Casals, trip. 12, tons. 399, con tasajo, á Cano 188 y Comp.;esp.;Rafael;;;berg.;1891_01_15;Ajo (R. A.);;
Día 25:;;N/A: ;;;Me Uhinnie;cap.;;;;;-Annapolis (N. F.), en días, berg. ing. Gunelpton, cap. Me Uhinnie, trip. 9, tons. 344, con madera, á F. González y Comp. - -Kentville (N E.), en 25 días, gol. ing. Bertha;ing.;Gunelpton;;;berg.;1891_01_15;Annapolis (N. F.);;
;;N/A: ;;;Lellain;cap.;;;;;H., cap. Lellain, trip 7, tons. 124, con carga, á;;H.;;;;1891_01_15;;;
Día 1:;;;;;Hanlon;cap.;;;;;-Tampa y Cayo-Hueso, en 1 días, vapor americano Mascotte, cap. Hanlon, trip. 42, tons. 520,;americano;Mascotte;;;vapor;1891_01_15;Tampa y Cayo-Hueso;;
Día 25:;;N/A: ;;;Garteiz;cap.;;;;;-Liverpool y Santander, en 25 días, vap. esp. Ernesto, cap. Garteiz, trip. 38, tons. 1,690, con carga, á Deulofeu, hijo y Comp.;esp.;Ernesto;;;vap.;1891_01_15;Liverpool y Santander;;
;;N/A: ;;;Adams;cap.;;;;;cap. Adams, trip. 9, tons. 812, con carbón, á Barrios y Comp.;;;;;;1891_01_15;;;
;;N/A: ;;;Smith;cap.;;;;;cap. Smith, trip. 9, tons. 507, con carbón, á Barrios y Comp.;;;;;;1891_01_16;;;
Día ..:;;N/A: ;;;Joaker;cap.;;;;;-Shieldstorogh, en .. días, gol. ing. Donacona, capitán Joaker, trip. 7, tons. 173, con madera, á R.;ing.;Donacona;;;gol.;1891_01_16;Shieldstorogh;;
Día 15:;;N/A:  | N/A: ;;;Burley;cap.;;;;;Día 15: De Sagua, en 1 día, vap. amer. Niágara, cap. Burley, trip. 60, tons. 1,667, con azúcar, á Hidalgo y;amer.;Niágara;;;vap.;1891_01_16;Sagua;;
Día 34:;;N/A:  | N/A: ;;;Nacher;cap.;;;;;-Barcelona y escalas, en 34 días, vap. esp. Cristóbal Colón, cap. Nacher, trip. 57, tons. 1,741, con;esp.;Cristóbal Colón;;;vap.;1891_01_16;Barcelona;;
;;N/A: ;;;Rick;cap.;;;;;cap. Rick, trip. 8, tons. 561, con carga general, á;;;;;;1891_01_16;;;
;;N/A: ;;;Heusley;cap.;;;;;cap. Heusley, trip. 7, tons. 184, con madera á;;;;;;1891_01_16;;;
;;N/A: ;;;Deaz;cap.;;;;;"cap. Deaz, trip. 10; tons. 168, con carga, á J. Astorqui.";;;;;;1891_01_17;;;
Día 1:;;;;;Hanlon;cap.;;;;;-Tampa y Cayo-Hueso, en 1 días, vap. am. Mascotte, cap. Hanlon, trip. 42, ton. 520, en lastre, &;am.;Mascotte;;;vap.;1891_01_18;Tampa y Cayo-Hueso;;
Día 18:;;N/A: ;;;Hausen;cap.;;;;;Día 18: De Nueva York, en 10 días, vap. amer. Elihn Thomson, cap. Hausen, trip. 17, tons. 896, con petróleo, á Luis V. Placé. -Nueva-York, en 4 días, vapor-correo esp. Baldomero Iglesias, cap. Bayona, trip. 62, con carga, á M. Calvo y Comp.;amer.;Elihn Thomson;;;vap.;1891_01_20;Nueva York;;
;;N/A: ;;;;cap.;;;;;cap. Eladl, trip. 10, tons. 523, con carbón, á Bridat, Mont'ros y Comp.;;Eladl;;;trip.;1891_01_20;Bridat;;
Día 19:;;N/A:  | N/A: ;;;Mc Kay;cap.;;;;;Día 19: De Tampa y Cayo-Hueso, en 14 días, vapor americano Olivette, cap. Mc Kay, trip. 13, tons. 1,104,;americano;Olivette;;;vapor;1891_01_20;Tampa y Cayo-Hueso;;
Día 4:;;N/A: ;;;Gorordo;cap.;;;;;-Veracruz y Progreso, en 4 días, vapor-correo español Ciudad de Santander, cap. Gorordo, tripulación 136, tons. 2,295, con carga, á M. Calvo y;español;Ciudad de Santander;;;vapor-correo;1891_01_20;Veracruz;;
Día 4:;;N/A: ;;;Leisghton;cap.;;;;;-Nueva-York, en 4 días, vap. amer. Saratoga, capitán Leisghton, trip. 60, tons. 1,692, con carga,;amer.;Saratoga;;;vap.;1891_01_20;Nueva York;;
Día ..:;;N/A: ;;;Méndez;cap.;;;;;-Tampa, en.. días, gol. esp. Joven Gertrudis, capitán Méndez, trip. 7, tons. 68, con madera, á la;esp.;Joven Gertrudis;;;gol.;1891_01_20;Tampa;;
;;N/A: ;;;Chute;cap.;;;;;cap. Chute, trip. 7, tons. 148, con carga, á Lawton y Hnos.;;;;;;1891_01_20;;;
Día 5:;;N/A: ;;;Stubbs;cap.;;;;;-Mobila, en 5 días, gol. amer. Henry Crosby, capitán Stubbs, trip. 8, tons. 391, con madera, á la;amer.;Henry Crosby;;;gol.;1891_01_20;Mobila;;
Día 13:;;N/A:  | N/A: ;;;Janmen;cap.;;;;;Filadelfia, en 13 días, gol. amer Thomas J. Pallard, cap. Janmen, trip. 11, tons. 695, con carbón y duelas, á L. V. Placé.;amer;Thomas J. Pallard;;;gol.;1891_01_20;Filadelfia;;
Día 20:;;;;;Staples;cap.;;;;;Día 20: De Nueva-Orleans y escalas, en 5 días, vapor americano Aransas, cap. Staples, trip. 32, tons. 678,;americano;Aransas;;;vapor;1891_01_21;Nueva-Orleans;;
;;N/A: ;;;Stahl;cap.;;;;;cap. Stahl, trip. 10, tons. 855, con carga, & A.;;;;;;1891_01_21;;;
Día 21:;;;;;Hanlon;cap.;;;;;Día 21: De Tampa y Cayo-Hueso, en 1 días, vapor americano Mascotte, cap. Hanlon, trip. 42, tons. 520,;americano;Mascotte;;;vapor;1891_01_22;Tampa y Cayo-Hueso;;
Dia 21:;;N/A:  | N/A:  | N/A: ;;;Reynolds;cap.;;;;;Dia 21: De Nueva-York, en 4 días. vap. amer. Yucatán, capitán Reynolds, trip. 72, tons. 2,317, con carga,;amer.;Yucatán;;;vap.;1891_01_23;Nueva-York;;
;;N/A: ;;;Castella;cap.;;;;;cap. Castella, trip. 10, tons. 184, con tasajo, á la;;;;;;1891_01_23;;;
Día 19:;;N/A: ;;;Leighton;cap.;;;;;-Cárdenas, en 19 horas, vap. amar. Saratoga, capitán Leighton, trip. 61, tons. 1,692, con carga, á;amar.;Saratoga;;;vap.;1891_01_23;Cárdenas;;
Día 1:;;;;;Hanlon;cap.;;;;;-Tampa y Cayo-Hueso, en 1 días, vapor americano Mascotte, cap. Hanlon, trip. 42, tons. 520,;americano;Mascotte;;;vapor;1891_01_25;Tampa y Cayo-Hueso;;
Día 5:;;N/A: ;;;Mc Intosh;cap.;;;;;-Veracruz y escalas, en 5 días, vap. amer. Orizaba, cap. Mc Intosh, trip. 7, tons. 2,894, con carga, á Hidalgo y Comp.;amer.;Orizaba;;;vap.;1891_01_25;Veracruz;;
;;N/A:  | N/A: ;;;Cebada;cap.;;;;;Buenos Aires, cap. Cebada, trip. 134, tons. 3,764,;;;;;;1891_01_27;Buenos Aires;;
Día 26:;;;;;Carmona;cap.;;;;;Día 26: borgmos plongas (u about als De Nuevi-York, en 5 días, vapor correo esp. Ciudad Condal, cap. Carmona, trip. 82, tons. 3,952,;esp.;Ciudad Condal;;;vapor;1891_01_27;Nueva York;;
Día 4:;;N/A:  | N/A: ;;;Hausen;cap.;;;;;-Nueva-York, en 4 días, vap. amer City of Alexandría, cap. Hausen, trip. 60, tons. 1,652, con;amer;City of Alexandría;;;vap.;1891_01_27;Nueva York;;
Día 17:;;;;;Foreiria;cap.;;;;;-Liverpool y escalas, en 17 días, vap. esp. Federico, cap Foreiria, trip. 38, tons. 1,459, con carga,;esp.;Federico;;;vap.;1891_01_27;Liverpool;;
Día 13:;;N/A:  | N/A: ;;;Mc Kay;cap.;;;;;-Tampa y Cayo-Hueso, en 13 días, vapor americano Olivette, cap. Mc Kay, trip. 42, tons. 1,104,;americano;Olivette;;;vapor;1891_01_27;Tampa y Cayo-Hueso;;
Día 27:;;N/A:  | N/A: ;;;Baker;cap.;;;;;Día 27: De Nueva Orleans y escalas, en 5 días, vapor amaricano Hutchinson, cap. Baker, trip. 31, tons. 1,492,;amaricano;Hutchinson;;;vapor;1891_01_28;Nueva Orleans;;
Día 27:;;N/A: ;;;Whitmore;cap.;;;;;Día 27: De Pascagoula. en.. días, gol amer. Fanie Whitmors, cap. Whitmore, trip. 9, tons. 587, con madera, á K. P. Santa María.;amer.;Fanie Whitmors;;;gol;1891_01_29;Pascagoula;;
;;N/A: ;;;Nerkensen;cap.;;;;;cap. Nerkensen, trip. 13, tons. 412, con carga, á;;;;;;1891_01_29;;;
;;N/A: ;;;Riera;cap.;;;;;cap. Riera trip. 12, tons. 420, con tasajo, á Genor y Comp.;;;;;;1891_01_29;;;
;;N/A: ;;;Veazie;cap.;;;;;cap. Veazie, trip. 8, tons. 432, con madera, á R.;;;;;;1891_01_30;;;
Día 29:;;N/A: ;;;Curtis;cap.;;;;;Día 29: De Nueva-York, en 4 días, vap. amer. Yumurí, capitán Curtis, trip. 66, tons. 2,332, con carga, á Hidalgo y Cp.;amer.;Yumurí;;;vap.;1891_01_30;Nueva-York;;
;;N/A: ;;;Cardona;cap.;;;;;San Agustín, cap. Cardona. trip. 76, tons. 1,568,;;;;;;1891_01_31;San Agustín;;
Día :;;N/A: ;;;Hausen;cap.;;;;;-Matanzas, en día, vap amer. City of Alexandría, cap. Hausen, trip. 60, tons. 1,652, con carga, á Hidalgo y Comp.;amer.;City of Alexandría;;;vap.;1891_01_31;Matanzas;;
Día 31:;;;;;Hanlon;cap.;;;;;Día 31: De Tampa y Cayo-Hueso, en 13 días, vapor americano Mascotte, cap. Hanlon, trip. 42, tons. 520,;americano;Mascotte;;;vapor;1891_02_01;Tampa y Cayo-Hueso;;
Día 31:;31-01-YYYY;N/A: ;;;Millet;cap.;;;;;Día 31 de enero: De Buenos Aires, en 63 días, berg. esp. Angela, capitán Millet, trip 11, tons. 195, con carga, á la orden.;esp.;Angela;;;berg.;1891_02_03;Buenos Aires;;
;;;;;Bride;cap.;;;;;Edith Berund, cap. Bride, trip. 9, tons. 774, con;;Edith Berund;;;;1891_02_03;;;
Día 4:;;N/A: ;;;Bucley;cap.;;;;;-Nueva York, en 4 días, vap. amer. Niágara, capitán Bucley, trip. 64, tons. 1,667, con carga, á;amer.;Niágara;;;vap.;1891_02_03;Nueva York;;
Día 4:;;N/A:  | N/A: ;;;Staples;cap.;;;;;Día 4: De Nueva-Orleans y escalas, en 5 días, vapor americano Aransas, cap. Staples, trip. 33, tons. 678,;americano;Aransas;;;vapor;1891_02_05;Nueva-Orleans;;
Día 1:;;;;;Hanlon;cap.;;;;;-Tampa y Cayo-Hueso, en 1 días, vapor americano Mascotte, cap. Hanlon, trip. 42, tons. 520,;americano;Mascotte;;;vapor;1891_02_05;Tampa y Cayo-Hueso;;
Día 4:;;;;;Mc Intosh;cap.;;;;;-Nueva-York, en 4 días, vap. amer. Orizaba, capitán Mc Intosh, trip. 70, tons. 2,334, con carga,;amer.;Orizaba;;;vap.;1891_02_06;Nueva York;;
Día 5:;;N/A:  | N/A: ;;;Bavona;cap.;;;;;-Nueva York, en 5 días, vapor-correo esp. Baldomero Iglesias, cap. Bavona, trip. 59, tons. 1,822,;esp.;Baldomero Iglesias;;;vapor-correo;1891_02_06;Nueva York;;
;;;;;Ludlow;cap.;;;;;cap. Ludlow, trip. 16, tons. 138.;;;;;;1891_02_07;;;
Día 1:;;;;;Burley;cap.;;;;;-Sagua, en 1 día, vap. amer. Niágara, cap. Burley,;amer.;Niágara;;;vap.;1891_02_07;Sagua;;
Día 5:;;N/A:  | N/A:  | N/A: ;;;Reynolds;cap.;;;;;-Veracruz y Progreso, en 5 días, vap. amer. Yucatán, cap. Reynolds, trip. 78, tons. 2,317, con;amer.;Yucatán;;;vap.;1891_02_07;Veracruz;;
;;;;;Kersabiec;cap.;;;;;Germain, cap. Kersabiec, trip. 145, tons. 1,883,;;Germain;;;;1891_02_08;;;
Día 611:;;N/A: ;;;Gormecho;cap.;;;;;con carga á Bridat. Mont Ros y Ca -Barcelona en 611 días bea. esp María, cap. Gormecho, trip. 14, tons. 511, con carga á Jané y;esp;María;;;bea.;1891_02_08;Barcelona;;
Día 7:;;;;;Hanlon;cap.;;;;;Día 7: De Tampa y Cayo-Hueso, en 1 días, vapor americano Mascotte, cap. Hanlon, trip. 42, tons. 520,;americano;Mascotte;;;vapor;1891_02_08;Tampa y Cayo-Hueso;;
Día 8:;;;;;Arribi;cap.;;;;;Día 8: De Liverpool y escalas, en 28 días, vap. esp. Francisca, cap. Arribi, trip. 39, tons. 1,837, con carga,;esp.;Francisca;;;vap.;1891_02_10;Liverpool;;
Día 1:;;N/A: ;;;Carballo;cap.;;;;;á Deulofeu, hijo y Comp. - -Cayo Hueso, en 1 día, gol. amer. Lone Star, capitán Carballo, trip. 9, tons. 39, con pescado, á;amer.;Lone Star;;;gol.;1891_02_10;Cayo Hueso;;
;;;;;Faller;cap.;;;;;cap. Faller, trip. 24, tons. 1,065, en lastre, & L.;;;;;;1891_02_10;;;
Día 9:;;;;;Hanlon;cap.;;;;;Día 9: De Tampa y Cayo-Hueso, en 2 días, vapor americano Mascotte, cap. Hanlon, trip. 42, tons. 520,;americano;Mascotte;;;vapor;1891_02_11;Tampa y Cayo-Hueso;;
Día 20:;;N/A:  | N/A:  | N/A: ;;;O'Niell;cap.;;;;;LV Placé. -Nueva York, en 20 días, berg. ing. Estella, capitán O'Niell, trip. 9, tons. 270, con madera, á J.;ing.;Estella;;;berg.;1891_02_11;Nueva York;;
Día 10:;;N/A: ;;;Larrauri;cap.;;;;;Día 10: De Liverpool y escalas, en 20 días, vap. esp. Enrique, cap. Larrauri, trip. 33, tons. con carga,;esp.;Enrique;;;vap.;1891_02_11;Liverpool;;
Día 5:;;N/A:  | N/A: ;;;Baker;cap.;;;;;-Nueva-Orleans y escalas, en 5 días, vapor americano Hutchinson, cap. Baker, trip. 37, tons. 930,;americano;Hutchinson;;;vapor;1891_02_11;Nueva Orleans;;
Día ..:;;N/A: ;;;Hogdous;cap.;;;;;-Filadelfia, en.. días, gol. amer Franck T. Stenson, cap Hogdous, trip. 11, tons. 923, con carbón, & L. V. Placé.;amer;Franck T. Stenson;;;gol.;1891_02_11;Filadelfia;;
Día 10:;;N/A: ;;;Gilkey;cap.;;;;;Día 10: De Nueva York, en 16 días, gol amer. Georgia Gil-key, cap. Gilkey, trip. 11, tons. 493, con madera,;amer.;Georgia Gil-key;;;gol;1891_02_12;Nueva York;;
Día 11:;;;;;Mc Kay;cap.;;;;;Día 11: De Tampa y Cayo-Hueso, en 1 días, vapor americano Olivette, cap. Mc Kay, trip. 42, tons. 1,104,;americano;Olivette;;;vapor;1891_02_12;Tampa y Cayo-Hueso;;
;;N/A: ;;;Isern;cap.;;;;;cap. Isern, trip. 12, tons. 336, con carga, & P.;;;;;;1891_02_12;;;
Día 20:;;N/A: ;;;Zabala;cap.;;;;;Santander y escalas, en 20 días, vap. esp. Eúskaro, cap. Zabala, trip. 35, tons. 1,396, con carga, á;esp.;Eúskaro;;;vap.;1891_02_12;Santander;;
Día 11:;;;;;Brinck;cap.;;;;;Día 11: De Santa Cruz de Tenerife, en 37 días, berg. dinamarqués Rosa, cap. Brinck, trip. 9, tons. 300, con;dinamarqués;Rosa;;;berg.;1891_02_13;Santa Cruz de Tenerife;;
Día 4:;;N/A: ;;;Allen;cap.;;;;;-Nueva-York, en 4 días, vap amer. City of Washington, cap. Allen, trip. 60, tons. 1,649, con carga, á Hidalgo y Comp.;amer.;City of Washington;;;vap.;1891_02_13;Nueva York;;
Día 13:;;N/A: ;;;Squire;cap.;;;;;"Día 13:
 De Filadelfia, en 16 días, gol. amer. John R. Bergen, cap. Squire, trip. 8, tons. 615, con carbón,";amer.;John R. Bergen;;;gol.;1891_02_14;Filadelfia;;
Día 12:;;N/A: ;;;Stoner;cap.;;;;;Pensacola, en 12 días, berg. amer. David Bugbrel, cap. Stoner, trip. B, tong. 416, con madera,;amer.;David Bugbrel;;;berg.;1891_02_14;Pensacola;;
Dia 18:;;N/A: ;;;Kroepelin;cap.;;;;;Dia 18: De Cardiff en 52 días, bea. rusa China, cap. Kroepelin, trip. 15, tons. 1100, con carbón, á Bridat,;rusa;China;;;bea.;1891_02_15;Cardiff;;
Día 14:;;N/A:  | N/A: ;;;Mc Kay;cap.;;;;;Día 14: De Tampa y Cayo-Hueso, en 1 días, vapor americano Olivette, cap. Mc Kay, trip. 42, tons. 1,104,;americano;Olivette;;;vapor;1891_02_15;Tampa y Cayo-Hueso;;
;;N/A: ;;;Tabeiro;cap.;;;;;cap. Tabeiro, trip. 12, tons. 740, con sal, á Fabra;;;;;;1891_02_15;;;
;;;;;Vaca;cap.;;;;;Manuelita y María, cap. Vaca, trip. 40, tons. 737,;;Manuelita y María;;;;1891_02_17;;;
;;N/A: ;;;Garteiz;cap.;;;;;cap. Garteiz, trip. 40, tons. 2227, con carga, á;;;;;;1891_02_17;;;
Día 16:;;;;;Hanlon;cap.;;;;;Dia 16: De Tampa y Cayo-Hueso, en 14 días, vapor americano Mascotte, cap. Hanlon, trip. 42, tons. 520,;americano;Mascotte;;;vapor;1891_02_18;Tampa y Cayo-Hueso;;
Día 17:;;N/A:  | N/A: ;;;Staples;cap.;;;;;Dia 17: De Nueva-Orleans y escalas, en 5 días, vapor americano Aransas, cap. Staples, trip. 33, tons. 678,;americano;Aransas;;;vapor;1891_02_18;Nueva-Orleans;;
Día 18:;;N/A:  | N/A: ;;;Mc Kay;cap.;;;;;Dia 18: De Tampa y Cayo-Hueso, en 1 días, vapor americano Olivette, cap. Mc Kay, trip. 42, tons. 1,104,;americano;Olivette;;;vapor;1891_02_19;Tampa y Cayo-Hueso;;
Día 12:;;N/A:  | N/A: ;;;Hansen;cap.;;;;;-Matanzas, en 12 horas, vap. amer. City of Alexandría, cap. Hansen, trip. 61, tons. 1,652, con;amer.;City of Alexandría;;;vap.;1891_02_19;Matanzas;;
;;N/A: ;;;Jones;cap.;;;;;cap. Jones, trip. 20, tons. 1,701, con carga, á L.;;;;;;1891_02_19;;;
;;;;;Cardona;cap.;;;;;Agustín, cap. Cardona, trip. 76, tons. 1,568, con;;Agustín;;;;1891_02_20;;;
Día 25:;;N/A:  | N/A:  | N/A: ;;;Astienza;cap.;;;;;Liverpool y escalas, en 25 días, vap. esp. Buenaventura, cap. Astienza, trip. 23, tons. 1,833, con;esp.;Buenaventura;;;vap.;1891_02_20;Liverpool;;
;;N/A: ;;;Erickson;cap.;;;;;cap. Erickson, trip. 15, tons. 966, con carga, á L.;;;;;;1891_02_21;;;
Día 20:;;N/A: ;;;Clowen;cap.;;;;;Día 20: & De Mobila, en 12 días, gol. amer. Lizzie Lone, capitán Clowen, trip. 7, tons. 290, con madera, á;amer.;Lizzie Lone;;;gol.;1891_02_22;Mobila;;
Día 21:;;N/A:  | N/A: ;;;Me Kay;cap.;;;;;Día 21: De Tampa y Cayo-Hueso, en 13 días, vapor americano Olivette, cap. Me Kay, trip. 42, tons. 1,104,;americano;Olivette;;;vapor;1891_02_22;Tampa y Cayo-Hueso;;
;;N/A: ;;;Niems;cap.;;;;;cap. Niems, trip. 8, tons. 648, con carbón, á L.;;;;;;1891_02_22;;;
Día 22:;;;;;Bengoa;cap.;;;;;con carga, á Deulofeu, hijo y Cp. ( Día 22:05 sopinno De Liverpool y escalas en 22 días, vapor español Saturnina, cap. Bengoa, trip. 37, tons.  1786, con;español;Saturnina;;;vapor;1891_02_24;Liverpool;;
Día 28:;;;;;Hanlon;cap.;;;;;Día 28: De Tampa y Cayo-Hueso, en 13 días, vapor amerianno Mascotte, cap. Hanlon, trip. 42, tons. 520,;;Mascotte;;;vapor;1891_02_25;Tampa y Cayo-Hueso;;
Día 23:;;;;;Luzárraga;cap.;;;;;-Liverpool y escalas, en 23 días, vap. esp. Santanderino, cap Luzárraga, trip. 40, tons. 1,910, con;esp.;Santanderino;;;vap.;1891_02_25;Liverpool;;
Día 24:;;N/A: ;;;Davis;cap.;;;;;Día 24: De Mobila, en 10 días, gol. amer. Gertrudis L. Findy, cap. Davis, trip. 8, tons. 461, con madera, á;amer.;Gertrudis L. Findy;;;gol.;1891_02_26;Mobila;;
Día 25:;;N/A:  | N/A: ;;;Mc Kay;cap.;;;;;Día 25: De Tampa y Cayo-Hueso, en 14 días, vapor americano Olivette, cap. Mc Kay, trip. 42, tons. 1,004,;americano;Olivette;;;vapor;1891_02_26;Tampa y Cayo-Hueso;;
;;N/A:  | N/A: ;;;Allen;cap.;;;;;Washington, cap. Allen, trip. 65, tons. 1,649,;;;;;;1891_02_26;Washington;;
Día 25:;;N/A:  | N/A: ;;;Carmona;cap.;;;;;Día 25: De Nueva York, en 4 días, vapor-correo esp. Ciudad Condal, cap. Carmona, trip. 81, tons. 1,616,;esp.;Ciudad Condal;;;vapor-correo;1891_02_27;Nueva York;;
Día 26:;;N/A: ;;;Curtis;cap.;;;;;eki Día 26: De Nueva-York, en 4 días, vap. amer. Yumuri, capitán Curtis, trip. 70, tons. 2,332, con carga, á Hidalgo y Comp.;amer.;Yumuri;;;vap.;1891_02_27;Nueva-York;;
;;N/A:  | N/A: ;;;García;cap.;;;;;Veracruz, cap. García, trip. 112, tons. 2,868, con;;;;;;1891_02_27;Veracruz;;
;;N/A: ;;;Sargent;cap.;;;;;cap. Sargent, trip. 10, tons. 778, con carbón, á la;;;;;;1891_02_27;;;
Día 27:;;;;;Burley;cap.;;;;;Día 27: De Sua, en 1 día, vap. amer. Niágara, cap. Burley,;amer.;Niágara;;;vap.;1891_02_28;Sua;;
;;N/A: ;;;Loring;cap.;;;;;cap. Loring, trip. 8, tons. 596, con madera, á;;;;;;1891_03_01;;;
Día 28:;;N/A:  | N/A: ;;;Mc Kay;cap.;;;;;Día 28: De Tampa y Cayo-Hueso, en 1 días, vapor americano Olivette, cap. Mc Kay, trip. 42, tons. 1,104,;americano;Olivette;;;vapor;1891_03_01;Tampa y Cayo-Hueso;;
Día 9:;;N/A: ;;;Ross;cap.;;;;;-Pascagoula, en 9 días, gol. amer. Eleamor, capitán Ross, trip. 8, tons. 353, con madera, á R. P6rez Santa María.;amer.;Eleamor;;;gol.;1891_03_03;Pascagoula;;
;;N/A: ;;;Mc Donald;cap.;;;;;cap. Mc Donald, trip. 22, tons. 1,108, con carbón,;;;;;trip.;1891_03_03;;;
;;;;;Magin;cap.;;;;;Kormancia, cap. Magin, trip. 40, tons. 1,270, con;;Kormancia;;;;1891_03_03;;;
Día 2:;;N/A: ;;;Bonet;eap.;;;;;Día 2: De Liverpool y Santander, en 25 días, vap. esp. Pedro, eap. Bonet, trip. 36, tons. 1,890, con carga,;esp.;Pedro;;;vap.;1891_03_03;Liverpool y Santander;;
Día 4:;;N/A:  | N/A:  | N/A: ;;;Leighton;cap.;;;;;-Nueva-York, en 4 días, vap. amer. Saratoga, capitán Leighton, trip. 62, tons. 1,692, con carga, &;amer.;Saratoga;;;vap.;1891_03_03;Nueva York;;
;;N/A: ;;;Coull;cap.;;;;;tar, cap. Coull, trip. 24, tons. 1,281, con carbón,;;;;;tar;1891_03_03;;;
Día 25:;;N/A: ;;;Chevalier;cap.;;;;;-Amberes y escalas, en 25 días, vapor francés París, cap. Chevalier, trip. 45, tons. 2,662, con carga, á Dussaq y Comp.;francés;París;;;vapor;1891_03_03;Amberes;;
Día 1:;;;;;Hanlon;cap.;;;;;-Tampa y Cayo-Hueso, en 1 días, vapor americano Mascotte, cap. Hanlon, trip. 42, tons. 520,;americano;Mascotte;;;vapor;1891_03_03;Tampa y Cayo-Hueso;;
Día 3:;;N/A:  | N/A: ;;;Staples;cap.;;;;;Día 3: De Nueva-Orleans y escalas, en 5 días, vapor americano Aransas, cap. Staples, trip. 33, tons. 678,;americano;Aransas;;;vapor;1891_03_04;Nueva-Orleans;;
;;N/A: ;;;Cain;cap.;;;;;cap. Cain. trip. 8, tons. 560, con carbón, á Bridat, Mont'ros y Comp.;;;;;trip.;1891_03_04;Bridat;;
;;N/A: ;;;Lint;cap.;;;;;cap. Lint, trip. 8, tons. 386, con carbón, á Luis;;;;;;1891_03_04;;;
Día 3:;;N/A: ;;;Milne;cap.;;;;;Día 3: De Filadelfia en 9 días, vap. inglés Casttegale, capitán Milne, trip. 23, tons. 2,118: con carbón, á M.;inglés;Casttegale;;;vap.;1891_03_05;Filadelfia;;
Dia 4:;;N/A:  | N/A:  | N/A: ;;;Hall;cap.;;;;;"Dia 4: De Baltimore, en 12 días, gol. am. Oliva Picker, capitán Hall, trip. 10, tons. 867; con carbón, á L.";am.;Oliva Picker;;;gol.;1891_03_05;Baltimore;;
Día 13:;;N/A:  | N/A: ;;;Mc Kay;cap.;;;;;-Tampa y Caye-Hueso, en 13 días, vapor américano Olivette, cap. Mc Kay, trip. 45, tons. 1,104,;américano;Olivette;;;vapor;1891_03_05;Tampa y Caye-Hueso;;
;;N/A: ;;;Henley;cap.;;;;;cap. Henley, trip. 8, tons. 423: con carbón, á L.;;;;;;1891_03_05;;;
Día 5:;;;;;Grau;cap.;;;;;Día 5: De Cádiz y escalas, en 19 días, vapor-correo esp. Panamá, cap. Grau, trip. 77, tons. 1,347, con carga,;esp.;Panamá;;;vapor-correo;1891_03_06;Cádiz;;
;;N/A: ;;;Wynn;cap.;;;;;cap. Wynn, trip. 26, tons. 2,350, con carbón, á;;;;;;1891_03_06;;;
;;N/A: ;;;Cardona;cap.;;;;;Agustin, cap. Cardona, trip. 78, tons. 2,318, con;;Agustin;;;;1891_03_06;;;
Dia 7:;;N/A: ;;;Raynold;cap.;;;;;Dia 7: De Voracruz y escalas en 5 días, vap. amer. Yucatán, cap. Raynold. trip. 55 tons. 2317, con carga, á Hidalgo y Ca;amer.;Yucatán;;;vap.;1891_03_08;Voracruz;;
Día 13:;;N/A:  | N/A: ;;;Hanlon;cap.;;;;;Tampa y Cayo-Hueso, en 13 días, vapor americano Olivette, cap. Hanlon, trip. 45, tons. 1,104,;americano;Olivette;;;vapor;1891_03_08;Tampa y Cayo-Hueso;;
Día 18:;;N/A: ;;;Most;cap.;;;;;Filadelfia en 18 días gol. amer. Charles L. Mitchel, cap. Most, trip. 9, tons. 913, con carbón á;amer.;Charles L. Mitchel;;;gol.;1891_03_08;Filadelfia;;
Día 30:;;N/A:  | N/A:  | N/A: ;;;Yuuell;cap.;;;;;-Filadelfia en 14 ds, gol. amer. M. Charles Patterson, cap. Yuuell, trip. 9. tons. 1175, con carbón, á Bridat, Mont' Ras ву y Cp. -Newcastle en 30 días, vap. ing Circasian Prince,;amer.;M. Charles Patterson;;;gol.;1891_03_08;Filadelfia;;
;;;;;Plarni;cap.;;;;;cap. Plarni, trip 24, tons. 1567, en lastre, á L.;;;;;;1891_03_08;;;
;;N/A: ;;;Foss;cap.;;;;;Robeli, cap. Foss, trip. 8, tons. 582, con carbón;;Robeli;;;;1891_03_08;;;
;;;;;Campbell;cap.;;;;;Danmore, cap. Campbell, trip. 28, tons. 820, con;;Danmore;;;;1891_03_08;;;
;;;;;Neuvellon;cap.;;;;;Lafayette, cap. Neuvellon, trip. 156, tons. 1774,;;Lafayette;;;;1891_03_08;;;
Día 8:;;;;;García;cap.;;;;;Día 8: De Veracruz y escalas, en 4 días, vapor-correo español Veracruz, cap. García, trip. 33, tons. 2,749,;español;Veracruz;;;vapor-correo;1891_03_10;Veracruz;;
Día 25:;;;;;Diez;cap.;;;;;con carga, á M. Calvo y Comp. -Barcelona y escalas, en 25 días, vap. esp. Miguel M. Pinillos, cap Diez, trip. 53, tons. 2,124,;esp.;Miguel M. Pinillos;;;vap.;1891_03_10;Barcelona;;
Día 4:;;N/A:  | N/A:  | N/A: ;;;Hausen;cap.;;;;;Nueva-York, en 4 días, vap. amer. City of Alexandría, cap. Hausen, trip. 60, tons. 1,552, con;amer.;City of Alexandría;;;vap.;1891_03_10;Nueva-York;;
Día 1:;;;;;Hanlon;cap.;;;;;-Tampa y Cayo-Hueso, en 1 días, vapor americano Mascotte, cap. Hanlon, trip. 42, tons. 520,;americano;Mascotte;;;vapor;1891_03_10;Tampa y Cayo-Hueso;;
Día 10:;;N/A: ;;;Baker;cap.;;;;;Día 10: De Nueva-Orleans y escalas, en 5 días, vapor americano Hutchinson, cap. Baker, trip..., tons. 1492;americano;Hutchinson;;;vapor;1891_03_11;Nueva-Orleans;;
;;N/A: ;;;Abril;cap.;;;;;-Barcelona y Torrevieja, en.., bca. esp. Voladora, cap. Abril, trip. 16, tons. 719, con carga, á;esp.;Voladora;;;bca.;1891_03_12;Barcelona y Torrevieja;;
Día 11:;;N/A:  | N/A:  | N/A: ;;;Allen;cap.;;;;;Día 11: De Nueva York, en 3 días, vap. amer. City of Washington, cap Allen, trip. 60, tons. 1,649, con;amer.;City of Washington;;;vap.;1891_03_13;Nueva York;;
Día ..:;;N/A: ;;;Jordan;cap.;;;;;-Mobila, en.. días, gol. amer. Susi J. Oliver, capitán Jordan, trip 7, tons. 257, con maderas, á;amer.;Susi J. Oliver;;;gol.;1891_03_13;Mobila;;
;;;;;Linares;cap.;;;;;J. Murga, cap. Linares, trip 13, tons. 296, con;;;;;;1891_03_13;;;
;;N/A: ;;;Gordon;cap.;;;;;cap. Gordon, trip. 9, tons. 934, con carbón, á L.;;;;;;1891_03_13;;;
;;N/A: ;;;Hansen;cap.;;;;;cap. Hansen, trip. 60, tons. 1552, con carga, á;;;;;;1891_03_13;;;
;;N/A:  | N/A: ;;;Curtis;cap.;;;;;"cap. Curtis, trip. 70, tons. 2332, con carga; á Hidalgo y Cp.";;;;;;1891_03_13;;;
Día 53:;;N/A: ;;;Abril;cap.;;;;;-Barcelona y Torrevieja en 53 días bca. eap. Villa de Stige, cap. Abril. trip. 18, tons. 1136, con;eap.;Villa de Stige;;;bca.;1891_03_13;Barcelona y Torrevieja;;
Día 12:;;N/A: ;;;Ormachea;cap.;;;;;Día 12: nd omifros amo De Liverpool y escalas, en 26 días, vap. esp. Catalán, cap. Ormachea, trip. 26, tons. 966, con carga, á C. Blanch y Comp.;esp.;Catalán;;;vap.;1891_03_14;Liverpool;;
Día 14:;;;;;Mc Kay;cap.;;;;;Día 14: De Tampa y Cayo-Hueso, en 7 horas, vapor americano Olivette, cap. Mc Kay, trip. 48, tons. 1,104,;americano;Olivette;;;vapor;1891_03_15;Tampa y Cayo-Hueso;;
;;N/A: ;;;Cirarda;cap.;;;;;cap. Cirarda, trip. 40, tons. 2,800, con carga, á;;;;;;1891_03_15;;;
;;N/A: ;;;Ross;cap.;;;;;cap. Ross, trip. 10, tons. 673, con madera, á Alberto Jiménez.;;;;;;1891_03_15;;;
Día 14:;;N/A: ;;;Lachiondo;cap.;;;;;Día 14: De Liverpool y escalas en .. días, vapor español Guido, cap. Lachiondo, trip. 39, tons. 2,065, con carga, á Deulofeu, hijo y Cp;español;Guido;;;vapor;1891_03_17;Liverpool;;
;;N/A: ;;;Albóniga;cap.;;;;;cap. Albóniga, trip. 37, tons. 1272, con carga, á;;;;;;1891_03_17;;;
Día 15:;;N/A: ;;;Hansen;cap.;;;;;-Filadelfia, en 15 días, gta. amer. Ellen M. Golder, cap. Hansen, trip. 9, tons. 619, con carbón,;amer.;Ellen M. Golder;;;gta.;1891_03_17;Filadelfia;;
Día 16:;;;;;Hanlon;cap.;;;;;Día 16: De Tampa y Cayo-Hueso, en 11 días, vapor americano Mascotte, cap. Hanlon, trip. 42, tons. 520,;americano;Mascotte;;;vapor;1891_03_17;Tampa y Cayo-Hueso;;
Día 5:;;N/A: ;;;Burley;cap.;;;;;-Nueva-York, en 5 días, vap. amer. Niágara, capitán Burley, trip. 60, tons. 1,667, con carga, á;amer.;Niágara;;;vap.;1891_03_17;Nueva York;;
Día 5:;;N/A:  | N/A: ;;;Bayona;cap.;;;;;-Nueva-York, en 5 días, vapor-correo esp. Baldomero Iglesias, cap. Bayona, trip. 61, tons. 1,822,;esp.;Baldomero Iglesias;;;vapor-correo;1891_03_19;Nueva York;;
Día 5:;;;;;Staples;cap.;;;;;-Nueva Orleans y escalas, en 5 días, vapor americano Whitney, cap. Staples, trip. 32, tons. 793,;americano;Whitney;;;vapor;1891_03_19;Nueva Orleans;;
Día 13:;;N/A:  | N/A: ;;;Me Kay;cap.;;;;;-Tampa y Cayo Hueso, en 13 días, vapor americano Olivette, cap. Me Kay, trip. 51, tons. 1,104,;americano;Olivette;;;vapor;1891_03_19;Tampa y Cayo Hueso;;
Día 19:;;N/A: ;;;Reynolos;cap.;;;;;Día 19: De Nueva-York, en 4 días, vap. amer. Yucatán, capitán Reynolos, trip. 70, tons. 2,317, con carga, á;amer.;Yucatán;;;vap.;1891_03_20;Nueva-York;;
Día 20:;;N/A: ;;;Mc Intosh;cap.;;;;;Día 20: Gbometa De Veracruz y escalaa, en 5 días, vap. amer. Orizaba, cap. Mc Intosh, trip. 72, tons. 2,834, con carga, á Hidalgo y Comp.;amer.;Orizaba;;;vap.;1891_03_21;Veracruz;;
;;N/A: ;;;Grau;cap.;;;;;cap. Grau, trip. 77, tons. 1,347, con carga, á M.;;;;;;1891_03_21;;;
;;N/A: ;;;Loring;cap.;;;;;cap. Loring, trip. 10, tons. 568, con carbón, á;;;;;;1891_03_22;;;
Día :;;;;;Burley;cap.;;;;;-Sagua. en día, vap. amor. Niágara, cap. Burley,;;amor. Niágara;;;vap.;1891_03_22;Sagua;;
Día 21:;;;;;Mc Kay;cap.;;;;;Día 21: De Tampa y Cayo-Hueso, en 1 días, vapor americano Olivette, cap. Mc Kay, trip. 42, tons. 1,104,;americano;Olivette;;;vapor;1891_03_22;Tampa y Cayo-Hueso;;
;;N/A:  | N/A: ;;;Stowers;cap.;;;;;Loug, cap. Stowers, trip. 10, tons. 521, con petróleo, & L. V. Placé. valeun;;Loug;;;;1891_03_24;;;
Día ..:;;N/A: ;;;Loring;cap.;;;;;Panzacola y Matanzas, en.. días, gol. amer. México, cap. Loring, trip. 9, tons. 861, con carbón, á;amer.;México;;;gol.;1891_03_24;Panzacola y Matanzas;;
;;N/A: ;;;Aldamis;cap.;;;;;cap. Aldamis, trip. 38, tons. 1,837, con carga, á;;;;;;1891_03_24;;;
Día 4:;;N/A:  | N/A:  | N/A: ;;;Leighton;cap.;;;;;-Nueva-York, en 4 días, vap. amer. Saratoga, capitán Leighton, trip. 60, tons. 1,692, con carga,;amer.;Saratoga;;;vap.;1891_03_24;Nueva York;;
Día 1:;;;;;Hanlon;cap.;;;;;Tampa y Cayo-Hueso, en 1 días, vapor americano Mascotte, cap. Hanlon, trip. 42, tons. 520,;americano;Mascotte;;;vapor;1891_03_24;Tampa y Cayo-Hueso;;
Día 24:;;;;;Baker;cap.;;;;;Día 24: De Nueva-Orleans y escalas, en 5 días, vap. americano Hutchinson, cap. Baker, trip. 84, ton. 1492,;americano;Hutchinson;;;vap.;1891_03_25;Nueva-Orleans;;
;;N/A: ;;;Hill;cap.;;;;;Halifax, cap. Hill, trip. 56, tons. 1,697, en lastre,;;;;;trip.;1891_03_25;Halifax;;
;;N/A: ;;;Davidson;cap.;;;;;cap. Davidson, trip. 9, tons. 608, con carbón, á;;;;;;1891_03_25;;;
Día 24:;;N/A: ;;;Hind;cap.;;;;;Día 24: De Lobos de Afuera, on 104 días, bea. ing. Dunscore, cap. Hind, trip. 19, tons. 1,000, con guano, &;ing.;Dunscore;;;bea.;1891_03_26;Lobos de Afuera;;
;;N/A: ;;;Wallace;cap.;;;;;cap. Wallace, trip. 10, tons. 420, con carbón, á;;;;;;1891_03_26;;;
;;;;;Carmona;cap.;;;;;Condal, cap. Carmona, trip. 82, tons. 3,595, con;;Condal;;;;1891_03_26;;;
Día 14:;;N/A: ;;;Mc Kay;cap.;;;;;carga, á M. Calvo y Comp. -Tampa y Cayo-Hueso, en 14 días, vapor americano Olivette, cap. Mc Kay, trip. 76, tons. 1,104,;americano;Olivette;;;vapor;1891_03_26;Tampa y Cayo-Hueso;;
Día 26:;;N/A: ;;;Coll;cap.;;;;;Amapelis, en 26 días, gol. amer. Josephine Ellicott, cap. Coll, trip. 8, tons. 371, con madera, á;amer.;Josephine Ellicott;;;gol.;1891_03_26;Amapelis;;
;;;;;Allen;cap.;;;;;Washington, cap. Allen, trip. 65, tons. 1,694, con;;;;;;1891_03_26;Washington;;
Día 16:;;;;;Garricoechevarría;cap.;;;;;-Liverpool y escalas, on 16 días, vap. esp. Palentino, cap. Garricoechevarría, trip. 34, tons. 1,436,;esp.;Palentino;;;vap.;1891_03_26;Liverpool;;
Día 26:;;N/A: ;;;Hansen;cap.;;;;;Día 26: De Nueva York, on 4 días, vap. amer. Yumuri, capitán Hansen, trip. 73, tons. 2,382, con carga, &;amer.;Yumuri;;;vap.;1891_03_29;Nueva York;;
;;N/A: ;;;Adams;cap.;;;;;cap. Adams, trip. 10, tons. 771, con carbón, á L.;;;;;;1891_03_29;;;
Día 12:;;N/A: ;;;Leighton;cap.;;;;;-Cárdenas, en 12 horas, vap. amer. Saratoga, capitán Leighton, trip. 60, tons. 1,692, con azúcar,;amer.;Saratoga;;;vap.;1891_03_29;Cárdenas;;
;;;;;Abrisqueta;cap.;;;;;Wifredo, cap. Abrisqueta, trip. 56, tons. 2,765,;;Wifredo;;;;1891_03_29;;;
;;;;;Llorca;cap.;;;;;de León, cap. Llorca, trip. 59, tons. 2,851, con;;;;;;1891_03_29;León;;
Día 28:;;N/A:  | N/A: ;;;Me Kay;cap.;;;;;Día 28: De Tampa y Cayo-Hueso, en li días, vapor americano Olivette, cap. Me Kay, trip. 45, tons. 1,104,;americano;Olivette;;;vapor;1891_03_29;Tampa y Cayo-Hueso;;
Día 2:;;N/A: ;;;Albóniga;cap.;;;;;-Cienfuegos, en 2 días, vap. esp. Alava, cap. Albóniga, trip. 37, tons. 1,272, con carga, á Codes,;esp.;Alava;;;vap.;1891_03_29;Cienfuegos;;
Día 72:;;N/A:  | N/A:  | N/A: ;;;Forgeuser;cap.;;;;;-Marsella, en 72 días, bea. norg. Ceres, cap. Forgeuser, trip. 10, tons. 875, con carga, á Pérez del;norg.;Ceres;;;bea.;1891_03_29;Marsella;;
;;;;;Cain;cap.;;;;;-Matanzas, gol. amer. Governor Hall, cap. Cain.;amer.;Governor Hall;;;gol.;1891_04_01;Matanzas;;
;;;;;Ellis;cap.;;;;;-Halifax, gol. amer. Maud Carter, cap. Ellis.;amer.;Maud Carter;;;gol.;1891_04_01;Halifax;;
;;;;;Maxon;cap.;;;;;-Matanzas, vap. amer. Whitney, cap. Maxon.;amer.;Whitney;;;vap.;1891_04_01;Matanzas;;
Día 19:;19-04-YYYY;N/A:  | N/A: ;;;Mc Kay;cap.;;;;;Día 19 de abril: Do Tampa y Cayo-Hueso, en 14 días, vapor americano Olivette, cap. Mc Kay, trip. 45, tons. 1,104,;americano;Olivette;;;vapor;1891_04_02;Tampa y Cayo-Hueso;;
Día 29:;;N/A: ;;;Kechmil;cap.;;;;;-Londres y escalas, en 29 días, vapor inglés Dunedin, cap. Kechmil, trip. 21, tons. 858, con carga, á Dussaq y Comp.;ing.;Dunedin;;;vapor;1891_04_02;Londres;;
;;;;;Reed;cap.;;;;;cap. Reed, trip. 1, tons. 781, á L. V. Placé.;;;;;;1891_04_02;;;
Día 6:;;N/A:  | N/A:  | N/A: ;;;Vild;cap.;;;;;"-Jamaica y Cienfuegos, en 6 días; gol. amer. Wanderes, cap. Vild, trip. 18, tons. 92, en lastre, al";amer.;Wanderes;;;gol.;1891_04_02;Jamaica y Cienfuegos;;
Día 2:;;N/A: ;;;Reynolds;cap.;;;;;Día 2: N De Veracruz y escalas, en 5 días, vap. amer. Yucatán, cap. Reynolds, trip. 72, tons. 2,317, con carga, á Hidalgo y Comp.;amer.;Yucatán;;;vap.;1891_04_03;Veracruz;;
;;;;;Calloway;cap.;;;;;Alexandría, cap. Calloway, trip. 71, tons. 1652,;;;;;;1891_04_04;Alexandría;;
;;N/A: ;;;Larrinaga;cap.;;;;;cap. Larrinaga, trip 36. tons. 1,822, con caga, á;;;;;;1891_04_04;;;
;;N/A: ;;;Creytton;cap.;;;;;cap. Creytton, trip. 10, tons. 874, con carbón, á;;;;;;1891_04_05;;;
Día 4:;;N/A:  | N/A:  | N/A: ;;;Grau;cap.;;;;;-Nueva-York, en 4 días, vapor-correo esp. Panamá, cap. Grau, trip. 75, tons. con carga, á;esp.;Panamá;;;vapor-correo;1891_04_05;Nueva York;;
;;N/A: ;;;Verdaquez;cap.;;;;;cap. Verdaquez, trip. 11, tons. 183, con tasajo, á;;;;;;1891_04_07;;;
Día 16:;;N/A:  | N/A:  | N/A:  | N/A: ;;;Ventura;cap.;;;;;-Glasgow, en 16 días, vap. esp. Julia, cap. Ventura, trip. 27, tons. 1,126, en lastre, á Sobrinos de;esp.;Julia;;;vap.;1891_04_07;Glasgow;;
Día 20:;;N/A: ;;;Ow;cap.;;;;;-Filadelfia, en 20 días, berg. amer. Adelaide, capitán Ow, trip. 10, tons. 672, con carbón, á la;amer.;Adelaide;;;berg.;1891_04_07;Filadelfia;;
Día 1:;;;;;Mc Kay;cap.;;;;;Din 6: De Tampa y Cayo-Hueso, en 1 días, vapor americano Olivette, cap. Mc Kay, trip. 45, tons. 1,104,;americano;Olivette;;;vapor;1891_04_07;Tampa y Cayo-Hueso;;
;;N/A: ;;;Morris;cap.;;;;;cap. Morris, trip. 8, tons. 448, con madera, á A.;;;;;;1891_04_07;;;
Día 4:;;N/A:  | N/A:  | N/A: ;;;Miller;cap.;;;;;-Nueva-York, en 4 días, vap. amor. Valencia, capitán Miller, trip. 48, tons. 1,198, con carga, á;;amor. Valencia;;;vap.;1891_04_07;Nueva York;;
Día 15:;;;;;De Kersabiec;cap.;;;;;-Saint Nazaire y Santander, en 15 días, vap. francés Saint Germain, cap. De Kersabiec, trip. 145,;francés;Saint Germain;;;vap.;1891_04_07;Saint Nazaire y Santander;;
;;N/A: ;;;Luzárraga;cap.;;;;;cap. Luzárraga, trip. 39, tons. 14C0, con carga, á;;;;;;1891_04_09;;;
;;;;;Allen;cap.;;;;;Washington, cap. Allen, trip. 61, tons. 1649, con;;;;;;1891_04_09;Washington;;
;;N/A: ;;;Carreras;cap.;;;;;cap. Carreras, trip. 13, tons. 355, con tasajo, á;;;;;;1891_04_10;;;
Día 5:;;N/A:  | N/A:  | N/A: ;;;Hausen;cap.;;;;;-Veracruz y escalas, en 5 días, vap. amer. Yumuri, cap. Hausen, trip. 70, tons. 2,332, con carga,;amer.;Yumuri;;;vap.;1891_04_10;Veracruz;;
Día 10:;;N/A:  | N/A: ;;;Redman;cap.;;;;;Día 10: De Filadelfia, en 7 días vap. ing. Dago, cap. Redman, trip. 26, tons. 1931, con carbón, & Bridat,;ing.;Dago;;;vap.;1891_04_11;Filadelfia;;
Día ..:;;;;;Smith;cap.;;;;;-Halifax, en.. días, vap. ing. Beta, cap. Smith,;ing.;Beta;;;vap.;1891_04_11;Halifax;;
Día 1:;;N/A:  | N/A: ;;;Miller;cap.;;;;;-Sagua, en 1 día, vap. amer. Valencia, cap. Miller, trip. 48, tona. 1198, con azúcar, á Hidalgo y;amer.;Valencia;;;vap.;1891_04_11;Sagua;;
;;N/A:  | N/A: ;;;Yates;cap.;;;;;Willie Reed, cap. Yates, trip- 20, tons. 1379, con;;Willie Reed;;;;1891_04_11;;;
Día 54:;;N/A: ;;;Maristany;cap.;;;;;La Plata, en 54 días, berg. esp. Soberano, capitán Maristany, trip. 11, tons. 317, con tasajo, &;esp.;Soberano;;;berg.;1891_04_11;La Plata;;
;;N/A: ;;;Desmore;cap.;;;;;Sala, cap. Desmore, trip. 10, tons. 508, con carga, & L V. Placé.;;Sala;;;;1891_04_12;;;
Día 27:;;N/A:  | N/A: ;;;Arribalzaga;cap.;;;;;Liverpool y escalas, en 27 días, vap. esp. Gallego, cap. Arribalzaga, trip. 35, tons. 1,515, con carga, & C. Blanch y Comp. -Filadelfia, en 13 días, gol. amer. Nimbus, capitán Yong, trip, 10, tons. 839, con carbón, á E. W. Adams y Comp. -Baltimore, en 16 días, gol. amer. Sullivan Sawin, cap. Anderson, trip. 9, tons. 642, con carga, á la Compañía del Gas.;esp.;Gallego;;;vap.;1891_04_12;Liverpool;;
Día 21:;;N/A:  | N/A:  | N/A: ;;;Jarman;cap.;;;;;-Filadelfia, en 21 días, gta. amer. Thomas. F. Pallard, cap. Jarman. trip. 8, tons. 695, con carga,;amer.;Thomas F. Pallard;;;gta.;1891_04_12;Filadelfia;;
Día 11:;;;;;Green;cap.;;;;;á la Compañía del Gas.oas Nam Dia 11:sht ato otticong bob maig De Lobos de Afuera, en 105 días, barea ing. Arnguda, cap. Green, trip. 15, tons. 1592. con carga, &;ing.;Arnguda;;;barea;1891_04_12;Lobos de Afuera;;
Día 14:;;;;;Hanlon;cap.;;;;;-Tampa y Cayo-Hueso, en 14 días, vapor americano Mascotte, cap. Hanlon, trip. 43, tons. 520,;americano;Mascotte;;;vapor;1891_04_12;Tampa y Cayo-Hueso;;
;;N/A: ;;;Amigó;cap.;;;;;cap. Amigó, trip. 21, tons. 1,111, con carga, á;;;;;;1891_04_14;;;
Día 224:;;;;;Aldamis;cap.;;;;;-Liverpool y escalas, en 224 días, vap. esp. Carolina, cap. Aldamis, trip. 38, tons. 1,880, con carga,;esp.;Carolina;;;vap.;1891_04_14;Liverpool;;
Día 19:;;N/A: ;;;Hock;cap.;;;;;-Filadelfla, en 19 días, berg. amer. Alice C. Dickermen, cap. Hock, trip. 9, tons. 494, con carbón,;amer.;Alice C. Dickermen;;;berg.;1891_04_14;Filadelfla;;
Día 8:;;N/A: ;;;Williams;cap.;;;;;-Pascagoula, en 8 días, gol. amer. Isaih Hart, capitán Williams, trip. 11, tons. 853, con madera,;amer.;Isaih Hart;;;gol.;1891_04_14;Pascagoula;;
Día 13:;;;;;Aldamiz;cap.;;;;;á A. Jiménez.Día 13: De Sagua, en 1 día, vap. esp. Alicia, cap. Aldamiz,;esp.;Alicia;;;vap.;1891_04_14;Sagua;;
Día 4:;;N/A:  | N/A:  | N/A: ;;;Leighton;cap.;;;;;-Nueva-York, en 4 días, vap. amer. Saratoga, capitán Leighton, trip. 65, tons. 1,692, con carga,;amer.;Saratoga;;;vap.;1891_04_14;Nueva York;;
Día 11:;;N/A:  | N/A: ;;;Mc Kay;cap.;;;;;-Tampa y Cayo-Hueso, en 11 días, vapor americano Olivette, cap. Mc Kay, trip. 45, tons. 1,104,;americano;Olivette;;;vapor;1891_04_14;Tampa y Cayo-Hueso;;
;;N/A: ;;;Llorca;cap.;;;;;cap. Llorca, trip. 63, tons. 3,895, con carga, á;;;;;;1891_04_14;;;
Día 13:;;;;;Abrisqueta;cap.;;;;;Día 13: De Nueva-Orleans, en 3 días, vap. esp. Conde Wifredo, cap. Abrisqueta, trip. 51, tons. 2,755, con;esp.;Conde Wifredo;;;vap.;1891_04_15;Nueva-Orleans;;
Día 5:;;N/A:  | N/A: ;;;Staples;cap.;;;;;-Nueva-Orleans y escalas, en 5 días, vapor americano Whitney, cap. Staples, trip. 30, tons. 793,;americano;Whitney;;;vapor;1891_04_15;Nueva Orleans;;
Día 4:;;N/A:  | N/A: ;;;Marxen;cap.;;;;;-Veracruz y escalas, en 4 días, vapor alemán Albingia, cap. Marxen, trip. 33, tons. 1,365, con;alemán;Albingia;;;vapor;1891_04_15;Veracruz;;
;;N/A: ;;;Frim;cap.;;;;;cap. Frim, trip. 7, tons. 367, con madera, á Planiol, Fernández y Comp.;;;;;;1891_04_15;;;
Día 14:;;;;;Bengochea;cap.;;;;;Día 14: De Liverpool y escalas, en 24 días. vap. esp. Emiliano, cap. Bengochea, trip. 37, tons. 1,487, con;esp.;Emiliano;;;vap.;1891_04_16;Liverpool;;
;;N/A: ;;;;cap.;;;;;cap. York, trip. 9, tons. 455, con carbón, á Barrios y Comp.;;York;;;trip.;1891_04_16;;;
;;N/A: ;;;Smith;cap.;;;;;cap. Smith, trip. 72, tons. 1,878, con guano, á la;;;;;;1891_04_16;;;
Día 1:;;;;;Hanlon;cap.;;;;;-Tampa y Cayo-Hueso, en 1 días, vapor americano Mascotte, cap. Hanlon, trip. 42, tons. 520,;americano;Mascotte;;;vapor;1891_04_16;Tampa y Cayo-Hueso;;
Día 15:;;N/A: ;;;Mc Intosh;cap.;;;;;Día 15: De Veracruz y escalas, en 5 días, vap. amer. Orizaba, cap. Mc Intosh, trip. 72, tons. 2,334, con carga, á Hidalgo y Comp.;amer.;Orizaba;;;vap.;1891_04_17;Veracruz;;
;;N/A: ;;;Kersabiec;cap.;;;;;Germain, cap. Kersabiec. trip. 145, tons. 1,883,;;Germain;;;trip.;1891_04_17;;;
;;N/A:  | N/A: ;;;Reed;cap.;;;;;cap. Reed, trip. 22, tons. 1,108, con carbón, & M.;;;;;;1891_04_17;;;
;;N/A: ;;;Llevens;cap.;;;;;cap. Llevens, trip. 7, tons. 465, con madera, á la;;;;;;1891_04_18;;;
Día 2:;;N/A:  | N/A: ;;;Guarricoechevarría;cap.;;;;;-Cienfuegos, en 2 días, vap. esp. Palentino, capitán Guarricoechevarría, trip. 34, tons. 1,436, en;esp.;Palentino;;;vap.;1891_04_18;Cienfuegos;;
Día 17:;;N/A: ;;;Leighton;cap.;;;;;Día 17: De Cárdenas, en 11 horas, vap. amer. Saratoga, capitán Leighton, trip. 59, tons. 1,692, con azúcar,;amer.;Saratoga;;;vap.;1891_04_19;Cárdenas;;
Día 27:;;N/A: ;;;Nacher;cap.;;;;;-Barcelona y escalas, en 27 días, vap. esp. Cristóbal Colón, cap. Nacher, trip. 52, tons. 1,742, con carga, á C. Blanch y Comp. -Tampa y Cayo-Hueso, en 14 días, vapor americano Mascotte, cap. Hanlon, trip. 42, tons. 520, en lastre, á Lawton y Hnos. -Veracruz y eseslas, en 3 días, vapor-correo español Reina María Cristina, cap. San Emeterio. trip. 162, tons. 2,861, con carga, á M. Calvo y Ca;esp.;Cristóbal Colón;;;vap.;1891_04_19;Barcelona;;
Día 37:;;N/A: ;;;Verdad;cap.;;;;;-Santa Cruz de la Palma y escalas. en 37 días, barca cap. Verdad, cap. Sosvilla, trip. 21, tons. 436,;;;;;barca;1891_04_19;Santa Cruz de la Palma;;
Día 20:;;;;;Calloway;cap.;;;;;Día 20: De Nuova-York, en 4 días, vap. amer. City f Alexandría, cap. Calloway, trip. 65, tons. 1,652, con;amer.;City f Alexandría;;;vap.;1891_04_21;Nuova-York;;
Día 1:;;;;;Hall;cap.;;;;;carga, á Hidalgo y Comp. -Tampa y Cayo-Hueso, on 1 días, vapor americano Olivette, cap. Hall, trip. 45, tons. 1,101, en;americano;Olivette;;;vapor;1891_04_21;Tampa y Cayo-Hueso;;
Día 28:;;N/A: ;;;Mollein;cap.;;;;;-Amberes y escalas, en 28 días, vapor francés Marseille, cap. Mollein. trip. 41, tons. 2,729, con carga, á Dussaq y Comp.;francés;Marseille;;;vapor;1891_04_22;Amberes;;
;;N/A: ;;;Cabal;cap.;;;;;cap. Cabal, trip. 7, tons. 39, con pescado á M.;;;;;;1891_04_23;;;
Día 22:;;N/A: ;;;Hanlon;cap.;;;;;Dia 22: De Tampa y Cayo-Huoso, en 1 días, vapor americano Mascotte, cap. Hanlon, trip. 42. tons. 520,;americano;Mascotte;;;vapor;1891_04_23;Tampa y Cayo-Huoso;;
;;N/A:  | N/A: ;;;Allen;cap.;;;;;Washington, cap. Allen. trip. 70, tons. 1,619, con;;;;;;1891_04_23;Washington;;
;;;;;Collaway;cap.;;;;;xandría, cap. Collaway, trip. 65, tons. 1,652, con;;;;;;1891_04_24;xandría;;
Día 23:;;N/A: ;;;Hausen;cap.;;;;;Día 23: De Nueva York, en 4 días, vap. amer. Yumurí, capitán Hausen, trip. 71, tons. 2,832, con carga, á;amer.;Yumurí;;;vap.;1891_04_24;Nueva York;;
;;;;;Carreras;cap.;;;;;Villaverde, cap. Carreras, trip. 60, tons. 1,501,;;Villaverde;;;;1891_04_25;;;
;;N/A: ;;;Carmona;cap.;;;;;Condal, cap. Carmona, trip: 79, tons. 1,616, con;;Condal;;;;1891_04_26;;;
;;N/A:  | N/A: ;;;Me Kay;cap.;;;;;Olivette, cap. Me Kay, trip. 45, tons. 1,104, con;;Olivette;;;;1891_04_26;;;
;;N/A:  | N/A: ;;;Izaguirre;cap.;;;;;Montevideo, cap. Izaguirre, trip. 140, tons. 3,673,;;;;;;1891_04_26;Montevideo;;
Día 1:;;;;;Hanlon;cap.;;;;;-Tampa y Cayo-Hueso, en 1 días, vapor americano Mascotte, cap. Hanlon, trip. 42, tons. 520,;americano;Mascotte;;;vapor;1891_04_28;Tampa y Cayo-Hueso;;
;;N/A: ;;;Grau;cap.;;;;;Panamá, cap. Grau, trip. 78, tons. 1,347, á M.;;;;;;1891_04_30;Panamá;;
Día 7:;;N/A:  | N/A:  | N/A:  | N/A:  | N/A: ;;;Evans;cap.;;;;;-Filadelfia, en 7 días, vap. amer. Staridavd, capitán Evans, trip. 20, tons. 590, con petróleo, á Conill y Archbold ciblat ga;amer.;Staridavd;;;vap.;1891_04_30;Filadelfia;;
;;;;;Jordan;cap.;;;;;cap. Jordan, trip. 7, tons. 259, á Bridat, Mont';;;;;;1891_04_30;;;
Día 4:;;N/A:  | N/A: ;;;Reynolds;cap.;;;;;-Veracruz y escalas, en 4 días, vap. amer. Yucatán, cap. Reynolds, trip. 72, tons. 2,317, con carga, & Hidalgo y Comp.;amer.;Yucatán;;;vap.;1891_04_30;Veracruz;;
Día 4:;;N/A: ;;;Mac Intosk;cap.;;;;;Nueva-York en 4 días vap. amer. Orizaba, capitán Mac Intosk, trip. 70, tons. 3,500: con carga,;amer.;Orizaba;;;vap.;1891_04_30;Nueva-York;;
;;;;;Kreck;cap.;;;;;Holsatia, cap. Kreck, trip. 34, tons. 1,397, con;;Holsatia;;;;1891_05_01;;;
Día 30:;;;;;Burley;cap.;;;;;Día 30: De Sagua, en día, vap. amer. Niágara, cap. Burley,;amer.;Niágara;;;vap.;1891_05_01;Sagua;;
;;N/A:  | N/A: ;;;Alemany;cap.;;;;;Méjico, cap. Alemany, trip. 73, tons. 2,112, con;;;;;;1891_05_01;Méjico;;
Día 16:;;N/A:  | N/A: ;;;Rub;cap.;;;;;-Saint Pierre, (Martinica) on 16 días, gol. americana Julia. A. Ward, cap. Rub, trip. 8, tons. 530,;americana;Julia;;;gol.;1891_05_01;Saint Pierre;;
;;N/A: ;;;Beotegul;cap.;;;;;cap. Beotegul, trip. 38, tons. 1,754, con carga, á;;;;;;1891_05_03;;;
Día 18:;;N/A: ;;;Colby;cap.;;;;;-Nueva-York, en 18 días, gol. amer. Ariadne, capitán Colby, trip. 8, tons. 378, con carbón, á Barrios y Comp.;amer.;Ariadne;;;gol.;1891_05_03;Nueva York;;
Día 20:;;N/A: ;;;;trip.;;;;;-Nueva-York. en 20 días, gol. amer. Sarap S. Ridway, trip. 13, tons. 831, con carbón, à Bridat,;amer.;Sarap S. Ridway;;;gol.;1891_05_03;Nueva York;;
;;;;;Mc Kay;cap.;;;;;Olivette, cap. Mc Kay, trip. 45, tons. 1,104, en;;Olivette;;;;1891_05_03;;;
;;N/A: ;;;Stahl;cap.;;;;;cap. Stahl, trip. 10, tons. 655, con carga, á R.;;;;;;1891_05_03;;;
;;N/A: ;;;Ste wers;cap.;;;;;cap. Ste wers, trip. 10, tons. 548, con bocoyes vacíos, á L. V. Placé.;;;;;;1891_05_05;;;
Día 63:;;N/A: ;;;Alsina;pat.;;;;;-Baenos Aires, en 63 días, berg. esp. María Teresa, pat Alsina, trip 11, tons. 308, con tasajo, á P. Pagés. -Nueva-York, en 4 días. vap. amer. Saratoga, capitán Leighton, trip. 63, tons. 1,692, con carga, á Hidalgo y Comp.;esp.;María Teresa;;;berg.;1891_05_05;Baenos Aires;;
Día 12:;;N/A:  | N/A:  | N/A:  | N/A: ;;;Stubbs;cap.;;;;;-San Pedro, (Martinica) en 12 días, gol. am. Henry Grosby, cap. Stubbs, trip. 8, tons. 411, con bocoyes vacíos, & Bridat, Mont'ros y Comp.;am.;Henry Grosby;;;gol.;1891_05_05;San Pedro, (Martinica);;
;;N/A: ;;;Elwell;cap.;;;;;White, cap. Elwell, trip. 11, tons. 651, con bocoyes vacíos, á Bridat, Mont'ros y Comp.;;White;;;;1891_05_05;;;
Día 21:;;N/A: ;;;Young;cap.;;;;;Filadelfia. en 21 días, berg. amer. Sparkling Water. cap. Young, trip. 7, tons. 302, con carbón, á;amer.;Sparkling Water;;;berg.;1891_05_05;Filadelfia;;
;;N/A: ;;;Millar;cap.;;;;;cap. Millar, trip. 24, tons. 1,017, con 9,000 sacos;;;;;;1891_05_06;;;
;;N/A: ;;;Squires;cap.;;;;;cap. Squires, trip. 8, tons. 648, con carbón, à los;;;;;;1891_05_06;;;
Día 77:;;N/A: ;;;Plá;cap.;;;;;-Montevideo y Ponce, en 77 días, berg. esp. Marestani, cap. Plá, trip. 10, tons. 181, con tasajo, &;esp.;Marestani;;;berg.;1891_05_06;Montevideo y Ponce;;
Día 5:;;N/A: ;;;Steagar;cap.;;;;;Día 5: De Filadelfia, en 15 días, gta amer. Joseph W. Foster, cap. Steagar, trip. 8, tons. 604, con carbón, á;amer.;Joseph W. Foster;;;gta;1891_05_07;Filadelfia;;
;;;;;Me Kay;cap.;;;;;Olivette, cap. Me Kay, trip. 45, tons. 1,104, en;;Olivette;;;;1891_05_07;;;
;;N/A:  | N/A: ;;;Allen;cap.;;;;;Washington, cap. Allen, trip. 70, tons. 1619, con;;;;;;1891_05_07;Washington;;
Día 7:;;;;;Baker;cap.;;;;;Día 7: De Cárdenas, en 12 horas, vap. amer. Whitney, capitán Baker, trip. 32, tons. 767, con carga de;amer.;Whitney;;;vap.;1891_05_08;Cárdenas;;
Día 8:;;;;;Leighton;cap.;;;;;Día 8: De Cárdenas, en 7 horas, vap. amer. Saratoga, capitán Leighton, trip. 60, tons. 1,692, con carga á;amer.;Saratoga;;;vap.;1891_05_09;Cárdenas;;
Día 18:;;N/A: ;;;García;cap.;;;;;-Santander y escalas, en 18 días, vapor-correo español Ciudad de Santander, cap. García, tripufación 139, tons. 2,295, con carga, & M. Calvo y;español;Ciudad de Santander;;;vapor-correo;1891_05_09;Santander;;
;;N/A: ;;;Zaragoza;cap.;;;;;Constancia, cap. Zaragoza, trip. 18, tons. 643,;;Constancia;;;;1891_05_10;;;
;;;;;Mc Kay;cap.;;;;;Olivette, cap. Mc Kay, trip. 45, tons. 1,104, en;;Olivette;;;;1891_05_10;;;
Día 5:;;N/A: ;;;Hausen;cap.;;;;;-Veracruz y escalas, en 5 días, vap. amer. Yumurí. cap. Hausen, trip 72, tons. 2,332, con carga á;amer.;Yumurí;;;vap.;1891_05_10;Veracruz;;
;;N/A: ;;;Walts;cap.;;;;;cap. Walts, trip. 10, tons. 587, con carga, á la;;;;;;1891_05_12;;;
Día 11:;;N/A:  | N/A: ;;;Calloway;cap.;;;;;Día 11: De Nueva York, en 4 días, vap. amer. City of Alexandría, cap. Calloway, trip. 60, tons. 1,652, con;amer.;City of Alexandría;;;vap.;1891_05_12;Nueva York;;
Día 11:;;N/A: ;;;La Porte;cap.;;;;;Día 11: De Amberes y escalas, en 18 días, vapor francés Havre, cap. La Porte, trip. 46, tons. 2,662, con carga, & Dussaq y Comp. ISTIT lab 088;francés;Havre;;;vapor;1891_05_13;Amberes;;
;;N/A: ;;;Peam;cap.;;;;;Prince, cap. Peam, trip. 24, tons. 1,467, con carga, á Barrios y Comp.;;Prince;;;;1891_05_14;;;
;;;;;Mc Kay;cap.;;;;;Olivette, cap. Mc Kay, trip. 45, tons. 1,104, con;;Olivette;;;;1891_05_14;;;
Día 4:;;N/A:  | N/A:  | N/A: ;;;Reynolds;cap.;;;;;-Nueva-York, en 4 días, vap. amer. Yucatán, capitán Reynolds, trip. 80, tons. 2,317, con carga, á;amer.;Yucatán;;;vap.;1891_05_14;Nueva York;;
;;;;;Me Instosch;cap.;;;;;Orizaba, cap. Me Instosch, trip. 70, tons. 2334,;;;;;;1891_05_15;Orizaba;;
;;;;;Vaca;cap.;;;;;Manuelita y María, cap. Vaca, trip. 43, tons. 737,;;Manuelita y María;;;;1891_05_15;;;
;;;;;Staples;cap.;;;;;amer. Aransas, cap. Staples, trip. 32, tons. 672,;amer.;;;;;1891_05_16;Aransas;;
;;;;;Gurdón;cap.;;;;;fondo XII, cap. Gurdón, trip. 141, tons. 3,055,;;fondo XII;;;;1891_05_19;;;
;;N/A:  | N/A:  | N/A:  | N/A: ;;;Llorca;cap.;;;;;Saenz, cap. Llorca, trip. 54, tons. 3,465, con carga, & Codes, Loychate y Comp.;;Saenz;;;;1891_05_19;;;
Día 4:;;N/A: ;;;Burley;cap.;;;;;Nueva-York, en 4 días, vap. amer. Niágara, capitán Burley, trip. 70, tons. 1,667, con carga, &;amer.;Niágara;;;vap.;1891_05_19;Nueva-York;;
Día 24:;;;;;Alegría;cap.;;;;;-Liverpool y escalas, en 24 días, vap. esp. Leonora. cap. Alegría, trip. 38, tons. 1,806, con carga,;esp.;Leonora;;;vap.;1891_05_19;Liverpool;;
Día 19:;;N/A:  | N/A:  | N/A:  | N/A: ;;;Gelpí;cap.;;;;;Día 19: De Buenos Aires, en 66 días, berg. esp. Galofre, capitán Gelpí, trip, 13, tons. 360, con carga, á Jané;esp.;Galofre;;;berg.;1891_05_20;Buenos Aires;;
Día 19:;;N/A:  | N/A:  | N/A: ;;;Doball;cap.;;;;;Día 19: De Nueva-York, en 5 días, vap. amer. Maverick, capitán Doball, trip. 30, tons. 1,018, en lastre, & L. AV. Placé.;amer.;Maverick;;;vap.;1891_05_21;Nueva-York;;
Día 20:;;N/A: ;;;Hausen;cap.;;;;;Dia 20: De Nueva York, en 4 días, vap. amer. Yumuri, capitán Hausen, trip. 70, tons. 2,832, con carga, &;amer.;Yumuri;;;vap.;1891_05_21;Nueva York;;
;;;;;Allen;cap.;;;;;Washington, cap. Allen, trip. 65, tons. 1,619, con;;;;;;1891_05_21;Washington;;
;;;;;Mc Kay;cap.;;;;;Olivette, cap. Mc Kay, trip. 45, tons. 1,104, en;;Olivette;;;;1891_05_21;;;
Dia 20:;;N/A: ;;;Woolter;cap.;;;;;Dia 20: De Guanillos (Chile) y Barbadas en 106] días, bergantin amer. John S. Emery, cap. Woolter, tripulación 13, tons. 829, con guano, á B. Piñón y;amer.;John S. Emery;;;bergantin;1891_05_22;Guanillos (Chile) y Barbadas;;
Día 21:;;N/A: ;;;Gibernau;cap.;;;;;Día 21: De La Plata y Ponce, en 51 días, berg. esp Ventura, cap. Gibernau, trip. 11, tons. 207, con tasajo;esp;Ventura;;;berg.;1891_05_23;La Plata y Ponce;;
Día 134:;;N/A: ;;;Hagen;cap.;;;;;-Lobos de Afuera. en 134 días, bea. norg. Filicitas, cap. Hagen, trip. 12, tons. 754, con carga, á;norg.;Filicitas;;;bea.;1891_05_23;Lobos de Afuera;;
Día 22:;;N/A: ;;;Smith;cap.;;;;;Día 22: De Filadelfia. en 18 días, gol, amer. Charles E. Morrison. cap. Smith, trip. 8, tons. 526, con carbón,;amer.;Charles E. Morrison;;;gol;1891_05_23;Filadelfia;;
;;;;;Carreras;cap.;;;;;Villaverde, cap. Carreras, trip. 59, tons. 950, con;;Villaverde;;;;1891_05_26;;;
Día 111:;;N/A: ;;;Dyke;cap.;;;;;-Lobos de Afuera, en 111 días, frag. ing Tenasserim, cap. Dyke, trip. 23, tons. 1,373, con guano,;ing;Tenasserim;;;frag.;1891_05_26;Lobos de Afuera;;
;;;;;Carmona;cap.;;;;;Condal, cap. Carmona, trip. 78, tons. 1,616, con;;Condal;;;;1891_05_26;;;
Día 4:;;N/A: ;;;Leighton;cap.;;;;;carga, & M Calvo y Comp. -Nueva-York, en 4 días, vap. amer. Saratoga, capitán Leighton, trip. 60, tons. 1,692, con carga, á;amer.;Saratoga;;;vap.;1891_05_26;Nueva-York;;
Día 94:;;N/A: ;;;Evans;cap.;;;;;-Filadelfla, en 94 días, gol. amer. Standard, capitán Evans, trip. 20, tons. 590, con carga, á Luis;amer.;Standard;;;gol.;1891_05_26;Filadelfla;;
Día 26:;;N/A:  | N/A: ;;;Robinsón;cap.;;;;;Día 26: De Cardiff, en 22 días, vapor inglés Stag, cap. Robinsón, trip. 23, tons. 1,338, con carbón, & M.;inglés;Stag;;;vapor;1891_05_27;Cardiff;;
Día 28:;;N/A: ;;;Carender;cap.;;;;;Día 28: De Londres, en .. días, vap. inglés River Garry, capitán Carender, trip. 20, tons. 826, con maquinaria, á la orden.;inglés;River Garry;;;vap.;1891_05_30;Londres;;
Día 22:;;N/A: ;;;Petrie;cap.;;;;;con carga, á M. Calvo y Comp. -Cardiff, en 22 días, vapor inglés Azalea, cap. Petrie, trip. 22, tons. 1,188, con carbón, á Bridat,;inglés;Azalea;;;vapor;1891_05_30;Cardiff;;
Día 20:;;;;;Sanderhoff;cap.;;;;;-Hamburgo y Havre, en 20 días, vapor alemán Saxonia, cap. Sanderhoff, trip. 34, tons. 1,264, con;alemán;Saxonia;;;vapor;1891_05_30;Hamburgo y Havre;;
;;;;;Hopner;cap.;;;;;Whitney, cap. Hopner, trip. 85, tons. 767, en;;Whitney;;;;1891_05_31;;;
Día 31:;31-05-;N/A: ;;;Kelly;cap.;;;;;Dís 31 de mayo: De Pazcagoala, en 11 días, gol. amer. Ethel F. Hawley, cap. Kelly, trip. 6, tona 237, con madera, á;amer.;Ethel F. Hawley;;;gol.;1891_06_02;Pazcagoala;;
Día 1:;;N/A:  | N/A:  | N/A: ;;;Larrauri;cap.;;;;;-Gibara, en 1 día, vap. esp. Enrique, cap. Larrauri, trip. 38, tons. 1,571, con azúcar, á Deulofeu,;esp.;Enrique;;;vap.;1891_06_02;Gibara;;
Día 1º:;;N/A:  | N/A:  | N/A: ;;;Zabala;cap.;;;;;Día 1º de junio: De Liverpool y escalas, en 26 días, vap. esp. Eńskaro, cap. Zabala. trip. 34, tons. 1,396, con carga,;esp.;Eńskaro;;;vap.;1891_06_02;Liverpool;;
Día 7:;;N/A: ;;;Staples;cap.;;;;;-Cayo-Hueso, en 7 horas, vap. amer. Aransas, capitán Staples, trip. 34, tons. 678, con carga, &;amer.;Aransas;;;vap.;1891_06_02;Cayo-Hueso;;
Día 4:;;N/A:  | N/A: ;;;Calloway;cap.;;;;;-Nueva-York, en 4 días, vap. amer. City of Alexandría, cap. Calloway, trip. 68, tons. 1,652, con;amer.;City of Alexandría;;;vap.;1891_06_02;Nueva York;;
;;N/A: ;;;Alvarez;cap.;;;;;cap. Alvarez, trip. 89, tons. 1,833, con carga, á;;;;;;1891_06_03;;;
Día 3:;;N/A:  | N/A:  | N/A:  | N/A: ;;;Hausen;cap.;;;;;Día 3: De Veracruz y Progreso, en 5 días, vap. amer. Yumuri, cap. Hausen, trip. 75, tons. 2,382, con carga, Hidalgo y Comp.;amer.;Yumuri;;;vap.;1891_06_04;Veracruz y Progreso;;
;;;;;Hopner;cap.;;;;;Whitney, cap. Hopner, trip. 36, tons. 767, con;;Whitney;;;;1891_06_04;;;
;;N/A: ;;;Calloway;cap.;;;;;Aloxanória, cap. Calloway, trip. 68, tons. 1,652,;;Aloxanória;;;;1891_06_04;;;
;;N/A: ;;;Dinsmore;cap.;;;;;Sala, cap. Dinsmore, trip. 10, tons. 308, con carga, á L. V. Placé.;;;;;sala;1891_06_05;;;
Día 4:;;N/A:  | N/A:  | N/A: ;;;Pearn;cap.;;;;;Día 4: De Filadelfia, en 8 días, vapor inglés Circassian Prince, cap. Pearn, trip. 24, tons. 1,468, en lastre, á;inglés;Circassian Prince;;;vapor;1891_06_05;Filadelfia;;
Día 4:;;N/A: ;;;Grau;cap.;;;;;Día 4: De Nueva-York, en 5 días, vapor-correo esp. Panamná, cap. Grau, trip. 72, tons. 1,347, con carga, á;esp.;Panamná;;;vapor-correo;1891_06_06;Nueva-York;;
Día 21:;;N/A: ;;;Hall;cap.;;;;;-Filadelfia, en 21 días, gol. amer. Josephine, capitán Hall, trip 8, tons. 317, con carbón, á la;amer.;Josephine;;;gol.;1891_06_06;Filadelfia;;
Día ..:;;N/A:  | N/A: ;;;Diaz;cap.;;;;;-Las Palmas y escalas, en.. días, berg. esp. Sensat, cap. Diaz, trip. 9, tons. 168, con frutas, & J.;esp.;Sensat;;;berg.;1891_06_06;Las Palmas;;
Día :;;;;;Murciano;cap.;;;;;-Sagua, en día, vap. cap. Murciano, cap. Urizar,;;;;;vap.;1891_06_06;Sagua;;
Día 6:;;N/A:  | N/A:  | N/A: ;;;Rodríguez;cap.;;;;;Día 6: De Ponce, en 4 días, vap. esp. Hernán Cortés, capitán Rodríguez, frip. 56, tons. 2,112, con carga, á;esp.;Hernán Cortés;;;vap.;1891_06_07;Ponce;;
;;;;;Hopner;cap.;;;;;Whitney, cap. Hopner, trip. 36, tons. 767, en;;Whitney;;;;1891_06_07;;;
Día 6:;;N/A: ;;;Carrau;cap.;;;;;Día 6: De Buenos Aires, en 56 días, berg. esp. María, cap!tán Carrau. trip. 14, tons. 622, con carga, á C.;esp.;María;;;berg.;1891_06_09;Buenos Aires;;
Día 8:;;N/A: ;;;Burley;cap.;;;;;Día 8: De Nueva-York, en 4 días, vap. amer. Niágara, capitán Burley, trip. 51, tons. 1,667, con carga, á;amer.;Niágara;;;vap.;1891_06_09;Nueva-York;;
;;N/A: ;;;Terol;cap.;;;;;Sáenz, cap. Terol, trip. 58, tons. ..., con carga,;;;;;;1891_06_10;;;
;;N/A: ;;;Baker;cap.;;;;;cap. Baker, trip. 33. tons. 1,492, con carga, &;;;;;;1891_06_10;;;
Día 10:;;N/A:  | N/A: ;;;Me Intosh;cap.;;;;;Día 10: YOIOASATMOO De Veracruz y escalas, en 6 días, vap. amer. Orizaba, cap. Me Intosh, trip. 75, tons. 2,334, con car平 ga, & Hidalgo y Comp.;amer.;Orizaba;;;vap.;1891_06_11;Veracruz;;
Día 8:;;N/A:  | N/A:  | N/A:  | N/A: ;;;Smith;cap.;;;;;Halifax, en 8 días, vapor inglés Beta, cap. Smith, Ctrip. 26, tons. 677, con carga, á R. Truffin y Cp.;ing.;Beta;;;vapor;1891_06_11;Halifax;;
;;N/A:  | N/A: ;;;Baker;cap.;;;;;cap. Baker, trip. 33, tons. 909, con carga do tránaito, & Lawton Hermancs.;;;;;;1891_06_12;;;
;;N/A: ;;;Donglas;cap.;;;;;Lau, cap. Donglas, trip. 15, tons. 1,071, con guano, á los Agentes de la Compañía Francesa.;;Lau;;;;1891_06_14;;;
;;N/A: ;;;Abril;cap.;;;;;cap. Abril, trip. 15, tons. 760, con carga, J.;;;;;;1891_06_16;;;
Día 27:;;;;;Astienza;cap.;;;;;-Liverpool y escalas, en 27 días, vap. esp. Buenaventura, cap. Astienza, trip 33, tons. 1,332, con;esp.;Buenaventura;;;vap.;1891_06_16;Liverpool;;
;;N/A: ;;;Dacrot;cap.;;;;;cap. Dacrot, trip. 146, tons. 1,858, con carga, á;;;;;;1891_06_17;;;
;;N/A:  | N/A: ;;;Allen;cap.;;;;;Washington, cap. Allen, trip. 70, tons. 1,949, con;;;;;;1891_06_18;Washington;;
;;;;;Hopner;cap.;;;;;Whitney, cap. Hopner, trip. 35, tons. 767, en;;Whitney;;;;1891_06_18;;;
Día 18:;;N/A:  | N/A: ;;;Staples;cap.;;;;;Día 18: De Nueva-Orleans y escalas, en 5 días, vapor americano Aransas, cap. Staples, trip. 31, tons. 678,;americano;Aransas;;;vapor;1891_06_19;Nueva-Orleans;;
Día 7:;;N/A: ;;;Phillips;cap.;;;;;-Filadelfia, en 7 días, vap. amer. Standard, capitán Phillips, trip. 20, tons. 590, oon petróleo, &;amer.;Standard;;;vap.;1891_06_19;Filadelfia;;
;;N/A: ;;;Alemany;cap.;;;;;cap. Alemany, trip. 72, tons. 1366, con carga, á;;;;;;1891_06_20;;;
Día 45:;;N/A:  | N/A:  | N/A: ;;;Pagés;cap.;;;;;-Buenos Aires, en 45 días, bergantín esp. MarceHoa. cap. Pagés, trip. 12, tons. 240, con carga, á;esp.;MarceHoa;;;bergantín;1891_06_20;Buenos Aires;;
Día 19:;;;;;;cap.;;;;;Día 19: De Cienfuegos, en 2 días, vap. cap. Hernán Cortés,;;Hernán Cortés;;;vap.;1891_06_21;Cienfuegos;;
;;;;;Hopner;cap.;;;;;Whitney, cap. Hopner, trip. 35, tons. 767, en;;Whitney;;;;1891_06_21;;;
Día 21:;;;;;Alava;cap.;;;;;Dis 21: De Liverpool y escalas en 21 días, vap. cap. Alava,;;;;;vap.;1891_06_23;Liverpool;;
;;;;;A bóuiga;cap.;;;;;cap. A bóuiga, trip. 87, tons. 1277, con carga á;;;;;;1891_06_23;;;
;;N/A: ;;;Cirarda;cap.;;;;;cap. Cirarda, trip 38, tons. 2122, con cargá;;;;;;1891_06_23;;;
;;;;;Bonet;cap.;;;;;cap. Bonet, trip. 35, tons. 1618, con carga á Deulofea, hijo y C;;;;;;1891_06_23;;;
Día 4:;;N/A:  | N/A: ;;;Calloway;cap.;;;;;-Nueva York en 4 días vap, amor. City of Alexandris, cap. Calloway, trip. 60, tons. 1632, con;amor;City of Alexandris;;;vap;1891_06_23;Nueva York;;
;;;;;Diez;cap.;;;;;M. Pinillos, cap. Diez, trip. 52, tons. 2,124, con;;M. Pinillos;;;;1891_06_24;;;
Día 83:;;N/A:  | N/A:  | N/A: ;;;Carell;cap.;;;;;Moutevideo y Ponce, en 83 días, berg. esp. Nuovo Vigilante, cap. Carell, trip. 10, tons. 140, con;esp.;Nuovo Vigilante;;;berg.;1891_06_25;Moutevideo y Ponce;;
Día 4:;;N/A:  | N/A:  | N/A:  | N/A: ;;;Reynolds;cap.;;;;;Veracruz v escalas, en 4 días, vap. amer. Yucatán. cap. Reynolds, trip. 75, tons. 2,317, con carga, & Hidalgo y Comp.;amer.;Yucatán;;;vap.;1891_06_25;Veracruz;;
;;;;;Hopner;cap.;;;;;Whitney, cap. Hopner, trip. 35, tons. 769, en;;Whitney;;;;1891_06_25;;;
;;N/A: ;;;Mc Intosh;cap.;;;;;cap. Mc Intosh, trip. 70, tons. 2234, con carga, &;;;;;;1891_06_26;;;
Día 5:;;N/A: ;;;Carmona;cap.;;;;;-Nueva York' en 5 días, vapor esp. Ciudad Condal, cap. Carmona, trip. 81, tons. 1616, con carga, & M. Calvo y Cp.;esp.;Ciudad Condal;;;vapor;1891_06_26;Nueva York;;
;;;;;Hopner;cap.;;;;;Whitney, cap. Hopner, trip. 35, tons. 769, en;;Whitney;;;;1891_06_28;;;
;;N/A: ;;;Lachondo;cap.;;;;;cap. Lachondo, trip. 40, tons. 2062, con carga, á;;;;;;1891_06_30;;;
Día 21:;;N/A: ;;;Fruhlich;cap.;;;;;-Hamburgo y escalas, en 21 días, vap. alemán Colonia, cap. Fruhlich, trip. 85, tons. 1494, con carga, & Martín, Falk y Cp.;alemán;Colonia;;;vap.;1891_06_30;Hamburgo;;
;;;;;Cock;cap.;;;;;J. Moulton, cap. Cock. trip. 3, tons. 559, con;;J. Moulton;;;;1891_06_30;;;
Día 4:;;N/A: ;;;Burloy;cap.;;;;;-Nueva-York, en 4 días, vap. amer. Niágara, capitán Burloy, trip. 70, tons. 1,667, con carga, á;amer.;Niágara;;;vap.;1891_06_30;Nueva York;;
Día 6:;;;;;Grau;cap.;;;;;-Colón y escalas, en 6 días, vapor-correo esp. Panamá, cap. Grau, trip. 76, tons. 1,747, con carga,;esp.;Panamá;;;vapor-correo;1891_07_01;Colón;;
Día 21:;;N/A:  | N/A: ;;;Gaerricoechevarrís;cap.;;;;;you up.az De Liverpool y escalas, en 21 días, vap. esp. Palentino, cap. Gaerricoechevarrís, trip. 31, ton.  1456,;esp.;Palentino;;;vap.;1891_07_02;Liverpool;;
Día 4:;;N/A:  | N/A:  | N/A: ;;;Hausen;cap.;;;;;-Veracruz y escalas, en 4 días, vap. amer. Yumurf, cap. Hausen, trip. 72, tons. 2,317, con carga, á;amer.;Yumurf;;;vap.;1891_07_02;Veracruz;;
;;;;;Hopner;cap.;;;;;Whitney, cap. Hopner, trip. 35, tons. 787, en;;Whitney;;;;1891_07_02;;;
Día 19:;19-07-YYYY;;;;Hoffmann;cap.;;;;;Día 19 de julio: De Nueva York, en 4 días, vap. amer. City of Washington, cap. Hoffmann, trip. 70, tons. 1,619, con;amer.;City of Washington;;;vap.;1891_07_03;Nueva York;;
Día 3:;;N/A:  | N/A:  | N/A: ;;;Beary;cap.;;;;;Día 3: De Filadelfia, en 7 días, vapor inglés Circassian Prince, cap. Beary, trip. 26, tons. 1,468, en lastre, á;inglés;Circassian Prince;;;vapor;1891_07_04;Filadelfia;;
Día 43:;;N/A: ;;;Bengoa;cap.;;;;;-Hamburgo y escalas, en 43 días, vap. esp. Saturnina, cap. Bengoa, trip. 37, tons. 1,786, con carga, á Codes, Loychate y Comp.;esp.;Saturnina;;;vap.;1891_07_05;Hamburgo;;
;;;;;Hopner;cap.;;;;;Whitney, cap. Hopner, trip. 35, tons. 767, en;;Whitney;;;;1891_07_05;;;
Día 5:;;;;;Afemany;cap.;;;;;Día 5: De Nuera-Yerk, en 5 días, vapor correo esp. México. cap. Afemany, trip. 75, tons. 1,366, con carga,;esp.;México;;;vapor;1891_07_07;Nuera-Yerk;;
Día 4:;;N/A:  | N/A:  | N/A: ;;;Leighton;cap.;;;;;-Nueva-York, en 4 días, vap. amer. Saratoga, capitán Leighton, trip. 60, tons. 1,692, con carga, á;amer.;Saratoga;;;vap.;1891_07_07;Nueva York;;
Día 8:;;N/A: ;;;Allen;cap.;;;;;Día 8: De Nuevva-York, en 4 días, vap. am. Yucatán, capitán Allen, trip. 72, tons. 2,317, con carga, á Hidalgo y Comp.;am.;Yucatán;;;vap.;1891_07_09;Nuevva-York;;
Día 4:;;N/A: ;;;Mc Intosh;cap.;;;;;-Veracruz y escalas, en 4 días, vap amer. Orizaba, cap. Mc Intosh, trip. 70, tons. 2,334, con carga, á Hidalgo y Comp.;;Orizaba;;;vap.;1891_07_09;Veracruz;;
;;N/A: ;;;Carmona;cap.;;;;;cap. Carmona, trip 81, tons. 1,616, con carga, á;;;;;;1891_07_09;;;
Día 1:;;N/A:  | N/A:  | N/A: ;;;Hanlén;cap.;;;;;-Tampa y Cayo Hueso en 1 día vap. am. Mascotte, cap. Hanlén, trip, 45, ton. 510, en lastre á;am.;Mascotte;;;vap.;1891_07_09;Tampa y Cayo Hueso;;
Día 9:;;N/A: ;;;Chevesie;cap.;;;;;Día 9: De Amberes y escalas, en 20 días, vapor francés París, cap. Chevesie, trip. 56, tons. 2,662, con carga, & Dussaq y Comp.;francés;París;;;vapor;1891_07_10;Amberes;;
;;;;;Abrisqueta;cap.;;;;;Wifredo, cap. Abrisqueta, trip. 57, tons. 2,775,;;Wifredo;;;;1891_07_10;;;
;;N/A: ;;;Staples;cap.;;;;;cap. Staples, trip. 71, tons. 678, con carga,;;;;;;1891_07_10;;;
Día 9:;;;;;Saulth;cap.;;;;;Día 9: De Halifax, en 9 días, vap. ing Beta, cap. Saulth,;ing;Beta;;;vap.;1891_07_11;Halifax;;
;;;;;Hanlon;cap.;;;;;Mascotte, cap. Hanlon, trip. 35, tons. 520, en;;Mascotte;;;;1891_07_12;;;
;;N/A:  | N/A: ;;;Calloway;cap.;;;;;Alexandria, cap. Calloway, trip. 60, tons. 1652,;;;;;;1891_07_14;Alexandria;;
Día 14:;;N/A: ;;;Frohtich;cap.;;;;;Día 14: De Veracruz y escalas, en 3 días, vapor alemán Colenia, cap. Frohtich, trip. 85, tons. 1,479, concarga, & Martín, Falk y Comp.;alemán;Colenia;;;vapor;1891_07_15;Veracruz;;
;;N/A:  | N/A: ;;;Hoffman;cap.;;;;;Washington, cap. Hoffman, trip. 65, tons. 1,649,;;;;;;1891_07_16;Washington;;
;;;;;Hanlon;cap.;;;;;Mascotte, cap. Hanlon, trip. 52, tons. 520, en;;Mascotte;;;;1891_07_16;;;
;;N/A: ;;;Llorca;cap.;;;;;de León, cap. Llorca, trip. 52, tons. 2,035, con a carga, á C. Blanch y Comp.;;;;;;1891_07_16;León;;
;;N/A: ;;;Abrisqueta;cap.;;;;;cap. Abrisqueta, trip. 53, tons. 2,765, con carga,;;;;;;1891_07_19;;;
Día 4:;;N/A: ;;;Grau;cap.;;;;;-Nueva-York, en 4 días, vapor correo esp. Panamá, cap. Grau, trip. 75, tons. 1,847, con carga, &;esp.;Panamá;;;vapor;1891_07_19;Nueva York;;
;;;;;Hanlon;cap.;;;;;Mascotte, cap. Hanlon, trip. 52, tons. 520, en;;Mascotte;;;;1891_07_19;;;
Día 18:;;;;;Aldamis;cap.;;;;;Día 18: De Liverpool y escalas, on 21 días, vap. esp. Carolina, cap Aldamis, trip. 38, tons. 1,350, con carga,;esp.;Carolina;;;vap.;1891_07_21;Liverpool;;
;;N/A: ;;;Baker;cap.;;;;;cap. Baker, trip 34, tons. 909, con carga de tránto, á Lawton y Hnos.;;;;;;1891_07_21;;;
Día 20:;;N/A: ;;;Burley;cap.;;;;;Día 20: De Nueva-York, en 4 días, vap. amer. Niágara, capitán Burley, trip. 60, tons. 1,667, con carga, á Hidalgo y Comp.;amer.;Niágara;;;vap.;1891_07_21;Nueva-York;;
;;N/A: ;;;B. Cleat;cap.;;;;;cap. B. Cleat, trip. 10, tons. 1,883, con carbón y;;;;;;1891_07_21;;;
;;N/A:  | N/A: ;;;Hanlon;cap.;;;;;Mascoite, cap. Hanlon, trip. 42, tons. 520, con;;Mascoite;;;;1891_07_23;;;
Día 5:;;N/A:  | N/A:  | N/A: ;;;Allen;cap.;;;;;-Veracruz y escalas, en 5 días, vap. amer. Yucatán, cap. Allen, trip. 72, tons. 2, 317, con carga, á;amer.;Yucatán;;;vap.;1891_07_23;Veracruz;;
Día 23:;;;;;Mc Intosh;cap.;;;;;Día 23: De Nueva York, en 5 días. vap. amer. Orizaba, capitán Mc Intosh, trip. 70, tons. 2,331, con carga,;amer.;Orizaba;;;vap.;1891_07_24;Nueva York;;
Día 53:;;N/A: ;;;Pagés;cap.;;;;;-Montevideo, en 53 días, berg. esp. Segundet, capitán Pagés, trip. 10, tons. 159, con tasajo, á Fabra y Comp.;esp.;Segundet;;;berg.;1891_07_24;Montevideo;;
;;N/A: ;;;Staples;cap.;;;;;cap. Staples, trip. 34, tons. 678, con carga, á;;;;;;1891_07_25;;;
;;;;;Carmona;cap.;;;;;Condal, cap. Carmona, trip. 67, tons. 1,457, com;;Condal;;;;1891_07_26;;;
;;;;;Hanlon;cap.;;;;;Mascotte, cap. Hanlon, trip. 45, tons. 520, en;;Mascotte;;;;1891_07_26;;;
;;;;;Pagés;cap.;;;;;de la Mañana, cap. Pagés, trip. 15, tons. 661, con;;de la Mañana;;;;1891_07_28;;;
Día 24:;;N/A: ;;;Willey;cap.;;;;;-Nueva-York, en 24 días, gol. amer. Louis V. Placé, cap. Willey, trip. 10, tons. 698, con carbón, á;amer.;Louis V. Placé;;;gol.;1891_07_28;Nueva York;;
Día 9:;;N/A: ;;;Staples;cap.;;;;;-Matanzas, en 9 horas, vap. amer. Aransas, capitán Staples, trip. 34, tons. 678, con azúcar de;amer.;Aransas;;;vap.;1891_07_28;Matanzas;;
;;N/A:  | N/A: ;;;Llorca;cap.;;;;;Pio IX, cap. Llorca, Llorca, trip. 61, tons. 3,895,;;Pio IX;;;;1891_07_28;;;
;;N/A: ;;;Leighton;cap.;;;;;cap. Leighton, trip. 60, tons. 1,692, con carga, á;;;;;;1891_07_28;;;
Día 28:;;N/A: ;;;Garteiz;cap.;;;;;-Liverpool y escalas, en 28 días, vap. esp. Ernesto, cap. Garteiz, trip..., tons. 1,689, con carga,;esp.;Ernesto;;;vap.;1891_07_28;Liverpool;;
Día 29:;;N/A: ;;;Hausen;cap.;;;;;Día 29: De Veracruz y escalas, en 3 días, vap. amer. Yumurí, cap. Hausen, trip. 71, tons. 2,332, con carga,;amer.;Yumurí;;;vap.;1891_07_30;Veracruz;;
;;;;;Hanlon;cap.;;;;;Mascotte, cap. Hanlon, trip. 42, tons. 520, en;;Mascotte;;;;1891_07_30;;;
Día 29:;;;;;Bengoechea;cap.;;;;;Día 29: De Liverpool y escalas, en 25 días, vap. esp Emiliano, cap Bengoechea, trip 36, tons. 1,489, con;esp;Emiliano;;;vap.;1891_07_31;Liverpool;;
Día 30:;;;;;Hoffmann;cap.;;;;;carga, á Codes, Loychate y Comp. па Día 30: De Nueva York, en 4 días, vap. amer. City of Washi gton, cap. Hoffmann, trip. 70, tons. 1,619, con;amer.;City of Washington;;;vap.;1891_07_31;Nueva York;;
;;;;;Kreck;cap.;;;;;Holsatia, cap. Kreck, trip. 44, tons. 1,398, con;;Holsatia;;;;1891_08_01;;;
Día 19:;19-08-YYYY;N/A: ;;;Hanlon;cap.;;;;;Día 19 de agosto: -Tampa y Cayo-Hueso, en 11 días, vap. americano Mascotte, cap. Hanlon, trip. 42, tons. 520, en lastre, & Lawton y Hnos.;americano;Mascotte;;;vap.;1891_08_02;Tampa y Cayo-Hueso;;
Día 3:;;N/A:  | N/A:  | N/A: ;;;Calloway;cap.;;;;;Día 3: De Nueva York, en 4 días, vap. amer. City of Alexandría, cap. Calloway, trip. 60, tens. 1,652, con;amer.;City of Alexandría;;;vap.;1891_08_04;Nueva York;;
Día 5:;;N/A: ;;;Baker;cap.;;;;;-Nueva- Orleans, en 5 días, vap. amer. Hutchinson, cap. Baker, trip. 34, tons. 909, con carga á;amer.;Hutchinson;;;vap.;1891_08_05;Nueva Orleans;;
Día 5:;;N/A:  | N/A: ;;;Grau;cap.;;;;;Día 5: De Nueva-York, en 4 días, vapor-correo esp. Baldomero Iglesias, cap. Grau, trip. 63, tons. 1,822,;esp.;Baldomero Iglesias;;;vapor-correo;1891_08_06;Nueva-York;;
Día 5:;;N/A:  | N/A:  | N/A: ;;;Mc Intosh;cap.;;;;;-Veracruz y Progreso, en 5 días, vap. amer. Orizaba, cap. Mc Intosh, trip. 75, tons. 2,334, con;amer.;Orizaba;;;vap.;1891_08_06;Veracruz;;
;;;;;Hanlon;cap.;;;;;Mascotte, cap. Hanlon, trip. 42, tons. 520, en;;Mascotte;;;;1891_08_06;;;
;;N/A:  | N/A: ;;;González;cap.;;;;;de Canarias, cap. González, trip. 15, tons. 414,;;;;;;1891_08_06;Canarias;;
;;;;;Callaway;cap.;;;;;Alexandria, cap. Callaway, trip. 60, tons. 1652,;;;;;;1891_08_09;Alexandria;;
;;;;;López;cap.;;;;;de Cádiz, cap. López, trip. 120, tons. 1840, con;;;;;;1891_08_09;Cádiz;;
;;;;;Hanlon;cap.;;;;;Mascotte, cap. Hanlon, trip. 42, tons. 520, en;;Mascotte;;;;1891_08_09;;;
Día 18:;;N/A: ;;;Aberasturi;cap.;;;;;-Liverpool y escalas, en 18 días, vap. esp. Enriqua, cap. Aberasturi, trip 37, tons. 1,571, con;esp.;Enriqua;;;vap.;1891_08_11;Liverpool;;
Día 45:;;N/A: ;;;Canosa;cap.;;;;;-Montevideo, eu 45 días, berg. esp. Vírgenes, capitán Canosa, trip. 12, tons. 219, con tasajo, á;esp.;Vírgenes;;;berg.;1891_08_11;Montevideo;;
;;;;;Hanlon;cap.;;;;;Mascotte, cap. Hanlon, trip. 42, tons. 520, en;;Mascotte;;;;1891_08_13;;;
Día 18:;;N/A:  | N/A:  | N/A: ;;;Nacher;cap.;;;;;Día 18: De Barcelona y escalas, en 28 días, vap. esp. Cristóbal Colón, cap. Nacher, trip. 49, tous. 1,742, con;esp.;Cristóbal Colón;;;vap.;1891_08_14;Barcelona;;
Día 6:;;N/A: ;;;Staples;cap.;;;;;-Matanzas, en 6 horas, vap. amer. Aransas, capitán Staples, trip. 33, tons. 678, con carga de tránsito, & Lawton y Hnos.;amer.;Aransas;;;vap.;1891_08_14;Matanzas;;
Día 18:;;N/A:  | N/A:  | N/A: ;;;Foruria;cap.;;;;;Día 18: De Liverpool y escalas, en 24 días, vap. esp. Federico, cap. Foruria, trip. 37, tons. 1,459, con carga á;esp.;Federico;;;vap.;1891_08_15;Liverpool;;
;;;;;Vaca;cap.;;;;;Manuelita y María, cap. Vaca, trip. 42, tons. 737,;;Manuelita y María;;;;1891_08_15;;;
;;;;;Gardón;cap.;;;;;Alfonso XII cap. Gardón, trip. 140, tons. 6,206,;;Alfonso XII;;;;1891_08_16;;;
;;;;;Hanlon;cap.;;;;;Mascotte, cap. Hanlon, trip. 42, tons. 520, en;;Mascotte;;;;1891_08_16;;;
;;N/A: ;;;Kersabiec;cap.;;;;;cap. Kersabiec, trip. 144, tons. 1,853, con carga,;;;;;;1891_08_16;;;
Día 14:;;N/A: ;;;;;;;;;tons. 2,631, con carga, á M. Calvo y Comp. -Tampa y Cayo-Hueso, en 14 días, vap. americano;americano;;;;vap.;1891_08_20;Tampa y Cayo-Hueso;;
;;;;;Hanlon;cap.;;;;;Mascote, cap. Hanlon, trip. 42, tons. 520, en;;Mascote;;;;1891_08_20;;;
Día 21:;;N/A: ;;;Baker;cap.;;;;;Día 21: De Nueva-Orlaans, en 5 diss, vap. amer. Hutchinson, cap. Baker, trip. 34, tons. 909, con carga,;amer.;Hutchinson;;;vap.;1891_08_22;Nueva-Orlaans;;
;;;;;Hanlon;cap.;;;;;Mascotte, cap. Hanlon, trip. 42, tons. 520, en;;Mascotte;;;;1891_08_23;;;
;;;;;Cartis;cap.;;;;;Alexandria, cap. Cartis, trip 70, tons. 1652, con;;;;;;1891_08_25;Alexandria;;
;;;;;Carreras;cap.;;;;;Villaverde, cap. Carreras, trip. 61, tons. 951, con.;;Villaverde;;;;1891_08_25;;;
Día 14:;;N/A:  | N/A:  | N/A: ;;;Cebada;cap.;;;;;-Cádiz y escalas en 14 días, vap. esp, Buenos Aires, cap. Cebada, trip. 131, tons. 3,750, con carga;esp;Buenos Aires;;;vap.;1891_08_25;Cádiz;;
Día 21:;;;;;Cirarda;cap.;;;;;-Liverpool y escalas, en 21 días, vapor esp. Gracia, cap. Cirarda, trip. 37, tons. 1937, con carga,;esp.;Gracia;;;vapor;1891_08_26;Liverpool;;
;;N/A: ;;;Pasapera;cap.;;;;;cap. Pasapera, trip. 12, tons. 247, con tasajo, á;;;;;;1891_08_27;;;
;;;;;Hanlon;cap.;;;;;Mascotte, cap. Hanlon, trip. 42, tons. 520, en;;Mascotte;;;;1891_08_27;;;
;;;;;Hausen;cap.;;;;;Yumuri, cap. Hausen, trip. 68, tons. 2123, con;;Yumuri;;;;1891_08_27;;;
Día 27:;;;;;Hoffmann;cap.;;;;;Día 27. De Nueva-York, on 5 días, vap. amer. City of Washington, cap. Hoffmann, trip. 70, tons. 1,649, con;amer.;City of Washington;;;vap.;1891_08_28;Nueva-York;;
;;N/A: ;;;Gandition;cap.;;;;;cap. Gandition, trip. 47, tons. 2,662, con carga,;;;;;;1891_08_29;;;
Día 58:;;N/A: ;;;Ferrer;cap.;;;;;-Montevideo, en 58 días, berg. esp. Juanito, capitán Ferrer, trip. 11, tons. 246, con tasajo, á Canc;esp.;Juanito;;;berg.;1891_08_29;Montevideo;;
;;;;;Hanlon;cap.;;;;;Mascotte, cap. Hanlon, trip. 42, tons. 520, en;;Mascotte;;;;1891_08_30;;;
Día 30:;;N/A:  | N/A: ;;;Castney;cap.;;;;;Día 30: De Londres y Amberes, en 31 días, vapor inglés Persian Prince, cap. Castney, trip. 22, tons. 1,498,;inglés;Persian Prince;;;vapor;1891_09_01;Londres y Amberes;;
Día 1º de septiembre:;01-09-YYYY;N/A: ;;;Barley;cap.;;;;;Día 1º de septiembre: babhaiz De Nueva-York, en 4 días, vap. amer. Niágara, capitán Barley, trip. 60, tons. 1,667, con carga, á;amer.;Niágara;;;vap.;1891_09_02;Nueva-York;;
Día 19:;;N/A: ;;;Tellería;cap.;;;;;Día 19 de septiembre: De Liverpool y escalas, en 31 días, vap. esp. Madrileño, cap. Tellería, trip. 37, tons. 2,035, con carga, & C. Blanch y Comp.;esp.;Madrileño;;;vap.;1891_09_03;Liverpool;;
;;N/A: ;;;Terol;cap.;;;;;Saenz, cap. Terol, trip. 56, tons. 2,531, con carga, á Codes, Loychate y Comp.;;Saenz;;;;1891_09_03;;;
;;;;;Hanlon;cap.;;;;;Mascotte, cap. Hanlon, trip. 42, tons. 520, con;;Mascotte;;;;1891_09_03;;;
Día 4:;;N/A: ;;;Me Intosh;cap.;;;;;-Veracruz y escalas, en 4 días, vap. amer. Orizaba, cap. Me Intosh, trip. 70, tons. 2,324, con carga, á Hidalgo y Comp..;amer.;Orizaba;;;vap.;1891_09_03;Veracruz;;
Día 3:;;N/A: ;;;Allen;cap.;;;;;Día 3: De Nueva-Iork, en 5 días, vap. amer. Yucatán, 09pitán Allen, trip. 72, tons. 2,317, con carga, á;amer.;Yucatán;;;vap.;1891_09_04;Nueva-Iork;;
;;N/A: ;;;Werrpel;cap.;;;;;cap. Werrpel, trip. 46, tons. 1,503, con carga, á;;;;;;1891_09_04;;;
;;N/A: ;;;Stowers;cap.;;;;;Long, cap. Stowers, trip. 10, tons. 531, con petróleo, L. V. Placé.;;Long;;;;1891_09_04;;;
;;N/A: ;;;Ventara;cap.;;;;;cap. Ventara. trip. 50, tons. 1,106, con carga á;;;;;;1891_09_05;;;
;;N/A: ;;;Alemany;cap.;;;;;cap. Alemany, trip. 71, tons. 1,386, con carga, á;;;;;;1891_09_05;;;
;;;;;Hanlon;cap.;;;;;Mascotte, cap. Hanlon, trip. 42, tons. 520, en;;Mascotte;;;;1891_09_06;;;
Día 6:;;;;;Arribi;cap.;;;;;Día 6: De Liverpool y escalas, en 29 días, vap. esp. Francisca, cap. Arribi, trip. 89, tons. 1,899, con carga,;esp.;Francisca;;;vap.;1891_09_08;Liverpool;;
;;N/A: ;;;Leighton;cap.;;;;;cap. Leighton, trip. 60, tons. 1,692, con oarga, á;;;;;;1891_09_08;;;
;;N/A: ;;;Tabal;cap.;;;;;cap. Tabal, trip. 5, tons. 39, con pescado, á M.;;;;;;1891_09_08;;;
Día 9:;;;;;Baker;cap.;;;;;Día 9: De Nueva-Orleans y escalas, en 5 días, vapor americano Hutchinson. cap. Baker, trip. 89, tons. 909,;americano;Hutchinson;;;vapor;1891_09_10;Nueva-Orleans;;
;;;;;Hanlon;cap.;;;;;Mascotte, cap. Hanlon, trip. 42, tons. 520, en;;Mascotte;;;;1891_09_10;;;
;;;;;Heffmann;cap.;;;;;Washington, cap. Heffmann, trip. 70, tons. 1,649,;;;;;;1891_09_10;Washington;;
Día 4:;;N/A:  | N/A: ;;;Ibanan;cap.;;;;;-De Nueva York en 4 dias, vapor americano Yumuri, capitan Ibanan, tripulantes 70, toneladas;americano;Yumuri;;;vapor;1891_09_10;Nueva York;;
;;N/A: ;;;Albóniga;cap.;;;;;cap. Albóniga, trip. 36, tons. 1,277, con carga, &;;;;;;1891_09_11;;;
;;N/A: ;;;Kinley;cap.;;;;;cap. Kinley, trip. 23, tons. 1,035, con carga, á;;;;;;1891_09_12;;;
;;;;;Hanlon;cap.;;;;;Mascotte, cap. Hanlon, trip. 42, tons. 520, en;;Mascotte;;;;1891_09_13;;;
Día 15:;;N/A: ;;;Leighton;cap.;;;;;-Caibarión, en 15 horas, vap. amer. Saratoga, eapitán Leighton, trip. 60, tons. 1,692, con carga, á;amer.;Saratoga;;;vap.;1891_09_13;Caibarión;;
Día 59:;;;;;Mas;cap.;;;;;-Barcelona y Torrevieja, en 59 días, fragata capañola Cataluña, cap. Mas, trip. 12, tons. 1,108, con;;Cataluña;;;fragata;1891_09_15;Barcelona y Torrevieja;;
Día 4:;;;;;Curtis;cap.;;;;;-Nueva-York, en 4 días, vap. amer. City of Alexandria, cap. Curtis, trip. 71, tons. 1,652, con;amer.;City of Alexandria;;;vap.;1891_09_15;Nueva York;;
;;N/A: ;;;Alegría;cap.;;;;;ra. cap. Alegría. trip. 40, tons. 1,806, con carg;;;;;ra.;1891_09_16;;;
;;N/A:  | N/A: ;;;Cardona;cap.;;;;;Veracruz, cap. Cardona, trip. 115, tons. 1,627,;;;;;;1891_09_17;Veracruz;;
;;N/A: ;;;Tabal;cap.;;;;;cap. Tabal, trip. 6, tons. 35, con pescado, á M.;;;;;;1891_09_17;;;
Día 5:;;N/A:  | N/A:  | N/A: ;;;Allen;cap.;;;;;-Veracruz y escalas, en 5 días, vap. amer. Yucatán. cap. Allen, trip. 72, tons. 2,317, con carga, á;amer.;Yucatán;;;vap.;1891_09_17;Veracruz;;
Día 17:;;;;;Mc Intosh;cap.;;;;;Día 17: De Nueva York, en 4 días, vap. amer. Orizaba, capitán Mc Intosh, trip. 70, tons. 2,834, con carga,;amer.;Orizaba;;;vap.;1891_09_18;Nueva York;;
;;N/A: ;;;Staples;cap.;;;;;cap. Staples, trip. 46, tons. 986, con carga,;;;;;;1891_09_18;;;
Día 16:;;N/A: ;;;Marshall;cap.;;;;;Filadelfia, en 16. días, gol. amer. Joseph W. Eoster, cap. Marshall, trip. 8, tona. 601, con carlón,;amer.;Joseph W. Eoster;;;gol.;1891_09_19;Filadelfia;;
;;;;;Hanlon;cap.;;;;;Mascotte, cap. Hanlon, trip. 42, tons. 520, on;;Mascotte;;;;1891_09_20;;;
;;;;;Rodrigues;cap.;;;;;Cortés, cap. Rodrigues, trip. 55, tons. 2,112, con;;Cortés;;;;1891_09_20;;;
Día 4:;;;;;;cap.;;;;;-Veracruz, en 4 días, vap. alemán Hungaria, cap.;alemán;Hungaria;;;vap.;1891_09_22;Veracruz;;
Día 21:;;;;;;cap.;;;;;Día 21: De Nueva-York, en 41 días, vap. am. Niágara. cap.;am.;Niágara;;;vap.;1891_09_22;Nueva-York;;
;;N/A: ;;;Lachiondo;cap.;;;;;cap. Lachiondo, trip. 37, tons. 2,064, con carga,;;;;;;1891_09_22;;;
;;;;;Hanlon;cap.;;;;;Mascotte, cap. Hanlon, trip. 42, tons. 520, en;;Mascotte;;;;1891_09_24;;;
;;;;;Diez;cap.;;;;;M. Pinillos, cap. Diez, trip. 53, tons. 2,124, con;;M. Pinillos;;;;1891_09_24;;;
Día 4:;;N/A: ;;;Hausen;cap.;;;;;-Veracruz y esca'as, en 4 días, vap. amer. Yumurí, cap. Hausen, trip. 71, tons. 2,333, con carga, á;amer.;Yumurí;;;vap.;1891_09_24;Veracruz;;
Día 4:;;N/A:  | N/A: ;;;Reynolds;cap.;;;;;-Nueva-York, en 4 días, vap. amer. City of Washington, cap. Reynolds. trip. 60, tons. 1,614, con;amer.;City of Washington;;;vap.;1891_09_25;Nueva York;;
Día 9:;;N/A: ;;;Rasmsen;cap.;;;;;Canning, (N. E.) en 9 días, vap. norg. Washington, cap. Rasmsen, trip. 14, tons. 621, con papas,;norg.;Washington;;;vap.;1891_09_27;Canning, (N. E.);;
Día :;;;;;Burley;cap.;;;;;-Sagua, en día, vap. amer. Niágara, cap. Burley,;amer.;Niágara;;;vap.;1891_09_27;Sagua;;
Día 35:;;N/A: ;;;Urizar;cap.;;;;;-Hamborgo, en 35 dias, vap. esp. Marciano, capitán Urizar, trip 36. tons. 1,552, con carga, á C.;esp.;Marciano;;;vap.;1891_09_29;Hamborgo;;
;;;;;Alemany;cap.;;;;;Méjico, cap. Alemany, trip. 70, tons. 2,112, con;;;;;;1891_10_01;Méjico;;
;;;;;Hanlon;cap.;;;;;Mascotte, cap. Hanlon, trip. 42, tons. 520, en;;Mascotte;;;;1891_10_01;;;
;;N/A: ;;;;cap.;;;;;cap. Dambar, trip. 24, tons. 2,173, con carbón, á;;Dambar;;;;1891_10_01;;;
;;N/A: ;;;Aldamiz;cap.;;;;;cap. Aldamiz, trip. 37, tons. 1,837, con carga, á;;;;;;1891_10_01;;;
;;N/A:  | N/A: ;;;Jagemann;cap.;;;;;Borusia, cap. Jagemann, trip. 45, tons. 1,306, con;;Borusia;;;;1891_10_01;;;
Día 24:;;N/A: ;;;Chiraporu;cap.;;;;;-Liverpool y escalas, en 24 días, vap. esp. Gaditano, cap. Chiraporu, trip. 35, tons. 1,910, con carga, & C. Blanch y Comp.;esp.;Gaditano;;;vap.;1891_10_01;Liverpool;;
Día 4:;;;;;;cap.;;;;;Nueva York, en 4 días, vap. am. Yucatán, cap.;am.;Yucatán;;;vap.;1891_10_01;Nueva York;;
Día 30:;30-09-YYYY;N/A: ;;;Mc Intosh;cap.;;;;;Día 30 de septiembre: De Veracruz y esealas, en 4 días, vap. amer. Orizaba, cap. Mc Intosh, trip. 70, tons. 2,334, con carga, á Hidalgo y Comp.;amer.;Orizaba;;;vap.;1891_10_02;Veracruz;;
;;N/A: ;;;Davison;cap.;;;;;cap. Davison, trip. 9, tons. 798, con carbón, á;;;;;;1891_10_03;;;
;;N/A: ;;;Anderson;cap.;;;;;cap. Anderson, trip. 20, tons. 1,339, con carga, á;;;;;;1891_10_03;;;
;;;;;Hanlon;cap.;;;;;Mascotte, cap. Hanlon, trip. 42, tons. 520, en;;Mascotte;;;;1891_10_04;;;
;;N/A: ;;;Ventura;cap.;;;;;cap. Ventura, trip. 52, tons. 1,133, con carga,;;;;;;1891_10_06;;;
Día 4:;;N/A:  | N/A: ;;;Melburn;cap.;;;;;Día 4: De Londres y escalas, en 40 días, vapor inglés Arabian Prince, cap. Melburn, trip. 22, tons. 1,418;inglés;Arabian Prince;;;vapor;1891_10_06;Londres;;
Día 5:;;N/A:  | N/A:  | N/A: ;;;Curtis;cap.;;;;;Día 5: De Nueva-York, en 4 días, vap. amer. City of Alexandría, cap. Curtis, trip. 60, tons 1,652, com;amer.;City of Alexandría;;;vap.;1891_10_06;Nueva-York;;
;;;;;Hanlon;cap.;;;;;Mascotte, cap. Hanlon, trip. 42, tons. 520, en;;Mascotte;;;;1891_10_08;;;
Día 5:;;N/A:  | N/A: ;;;Staples;cap.;;;;;-Nueva-Orleans y escalas, en 5 días, vapor americano Aransas, cap. Staples, trip. 32, tons. 678,;americano;Aransas;;;vapor;1891_10_08;Nueva Orleans;;
Día 8:;;N/A: ;;;Hausen;cap.;;;;;Día 8: De Nueva York, en 4 días, vap. amer. Yumuri, capitán Hausen, trip. 68, tons. 2,332, con caiga, á;amer.;Yumuri;;;vap.;1891_10_09;Nueva York;;
;;N/A:  | N/A: ;;;Hoffmann;cap.;;;;;Washington, cap. Hoffmann, trip. 70, tons. 1,244,;;;;;;1891_10_09;Washington;;
Día 9:;;;;;Cartis;cap.;;;;;Día 9: De Matanzas, en 8 horas, vap. amer. City of Alexandria, cap. Cartis, trip. 68, tona. 1,652, con carga,;amer.;City of Alexandria;;;vap.;1891_10_10;Matanzas;;
Día 10:;;N/A:  | N/A: ;;;Staple;cap.;;;;;Día 10: De Cárdenas, en 12 horas, vap. amer. Aransas, capitán Staple, trip. 34, tons. 678, con carga de tránsito, & Lawton y Hnos.;amer.;Aransas;;;vap.;1891_10_11;Cárdenas;;
;;;;;Hanlon;cap.;;;;;Mascolta, cap. Hanlon, trip. 42, tons. 520, en;;Mascolta;;;;1891_10_11;;;
Día 12:;;N/A: ;;;Barley;cap.;;;;;Día 12: De Nueva-York, en 4 días, vap. amer. Niágara, capitan Barley, trip. 60, tons. 1,692, con carga, á;amer.;Niágara;;;vap.;1891_10_13;Nueva-York;;
Día 13:;;N/A:  | N/A:  | N/A:  | N/A: ;;;Urizar;cap.;;;;;Día 13: De Cienfuegos, en 2 días, vap. esp. Murciano, capitán Urizar,  trip. 36, tons. 1,552, con carga, á C.;esp.;Murciano;;;vap.;1891_10_15;Cienfuegos;;
;;N/A: ;;;Stowers;cap.;;;;;cap. Stowers, trip. 10, tons. 521, con carga, á L.;;;;;;1891_10_15;;;
;;;;;Hanlon;cap.;;;;;Mascotte, cap. Hanlon, trip. 42, tons. 520, en;;Mascotte;;;;1891_10_15;;;
;;N/A: ;;;Bonet;cap.;;;;;cap. Bonet, trip. 35, tons. 1,618, con carga, á;;;;;;1891_10_16;;;
Día 4:;;;;;Mc Intosh;cap.;;;;;-Nueva-York, en 4 días, vap. amer. Orizaba, capitán Mc Intosh, trip. 70, tons. 2,334, con carga,;amer.;Orizaba;;;vap.;1891_10_16;Nueva York;;
;;;;;Gardón;cap.;;;;;Alfonso XII. cap. Gardón, trip. tons..;;Alfonso XII;;;;1891_10_16;;;
Día 16:;;N/A:  | N/A: ;;;Baker;cap.;;;;;Día 16: De Nueva-Orleans y escalas, en 6 días, vapor americano Hutchinson, cap. Baker, trip. 35, tons. 909,;americano;Hutchinson;;;vapor;1891_10_17;Nueva-Orleans;;
Día 17:;;;;;Kersabier;cap.;;;;;Día 17: De Veracruz en 5 días vap. franc. Saint Germain. capitán Kersabier, trip. 14, tons. 1883, con carga;franc.;Saint Germain;;;vap.;1891_10_18;Veracruz;;
;;;;;Hanlon;cap.;;;;;Mascotte, cap. Hanlon, trip. 42, tons. 520, en;;Mascotte;;;;1891_10_18;;;
Día 4:;;N/A:  | N/A:  | N/A:  | N/A: ;;;Alemany;cap.;;;;;-Nueva-York, en 4 días, vapor-correo esp. Méjieu, cap. Alemany, trip. 70, tons. 2,112, con carga, & M. Calvo y Comp.;esp.;Méjieu;;;vapor-correo;1891_10_20;Nueva York;;
Día 6:;;N/A:  | N/A:  | N/A:  | N/A: ;;;Voss;cap.;;;;;ascagoula, en 6 días, gol. amer. Eleonora, capitán Voss, trip 8, tons. 387, con carga, á Alberto Jiménez.;amer.;Eleonora;;;gol.;1891_10_20;ascagoula;;
;;N/A: ;;;Baker;cap.;;;;;cap. Baker trip. 33, tons. 1,492, con carga, á;;;;;;1891_10_20;;;
Día 20:;;N/A: ;;;Lebain;cap.;;;;;-Kentville. en 20 días, gol. ing. Bertha. cap. Lebain, trip. 5, tons. 124, con papas, á R. Truffin y;ing.;Bertha;;;gol.;1891_10_20;Kentville;;
Día 10:;;N/A: ;;;Satvorea;cap.;;;;;-Kentville, en 10 días, vap. norg. Washington, capitán Satvorea, trip. 14, tons. 460, con papas, &;norg.;Washington;;;vap.;1891_10_20;Kentville;;
;;N/A: ;;;Smith;cap.;;;;;Patterson, cap. Smith, trip. 9, tons. 792, con carbón, á Luis V. Placé.;;Patterson;;;;1891_10_20;;;
Día 5:;;N/A:  | N/A:  | N/A:  | N/A: ;;;Diman;cap.;;;;;-Mobila, en 5 días, gol. amer. Fred Gower, capitán Diman, trip. 15. tons. 778, con carbón y maquinaris, & H. B. Hamel y Comp.;amer.;Fred Gower;;;gol.;1891_10_20;Mobila;;
Día 59:;;N/A: ;;;Riberes;cap.;;;;;-Barcelona, en 59 días, bea. esp. Felo, cap. Riberes, trip. 15, tons. 519, con carga general, á Jané,;esp.;Felo;;;bea.;1891_10_20;Barcelona;;
Día 23:;;N/A:  | N/A:  | N/A:  | N/A: ;;;Bengoa;cap.;;;;;-Liverpool y escalas, au 23 días, vap. esp. Saturnina, cap. Bengoa, trip. 38, tons. 1,286, con carga, & Codes, Loychate y Comp.;esp.;Saturnina;;;vap.;1891_10_22;Liverpool;;
;;;;;Hanlon;cap.;;;;;Mascotte, cap. Hanlon, trip. 42, tons. 520. on;;Mascotte;;;;1891_10_22;;;
Día 22:;;N/A: ;;;Grau;cap.;;;;;Día 22: 671 De Nueva-York, en 4 días, vapor correo esp. Panamá, cap. Grau, trip. 69, tons. 1,319, con carga, á;esp.;Panamá;;;vapor;1891_10_23;Nueva-York;;
;;N/A: ;;;Mc Bride;cap.;;;;;cap. Mc Bride, trip. 9, tons. 773, con carbón de;;;;;;1891_10_24;;;
Día 23:;;N/A: ;;;68;trip.;;;;;Dis 23: De Veracruz y escalas, en 6 días, vap. amer. Yumuricap Hausen, trip. 68, tons. 2,392, con carga, á;amer.;Yumuricap Hausen;;;vap.;1891_10_24;Veracruz;;
;;N/A: ;;;Fowesh;cap.;;;;;cap. Fowesh, trip. 21, tons. 1,096, con carbón, á;;;;;;1891_10_24;;;
Día 6:;;N/A: ;;;Ko kwall;cap.;;;;;-Nueva York, en 6 días, vap. am r. Ozama, capitán Ko kwall, trip. 84, tons. 766, con carga, á;am;Ozama;;;vap.;1891_10_25;Nueva York;;
;;N/A: ;;;Wallace;cap.;;;;;cap. Wallace, trip. 21, tons. 1,570, con carga,;;;;;;1891_10_25;;;
;;N/A: ;;;Funter;cap.;;;;;cap. Funter, trip. 8, tons. 843, con carbón, á J.;;;;;;1891_10_27;;;
Día 11:;;N/A: ;;;Squires;cap.;;;;;-Baltimoro, en 11 días, gol. amer. John R. Bergen, cap. Squires, trip. 9, tons. 560, con carbón,;amer.;John R. Bergen;;;gol.;1891_10_27;Baltimoro;;
Día 26:;;N/A: ;;;Curtis;cap.;;;;;Día 26: De Nueva-York, en 4 días, vap. amer. City of Alexandría, cap. Curtis, trip. 60, ton. 1,652, con carga, & Hidalgo y Comp.;amer.;City of Alexandría;;;vap.;1891_10_27;Nueva-York;;
;;N/A: ;;;Llorca;cap.;;;;;cap. Llorca, trip. 30, tons. 2,658, con carga, &;;;;;;1891_10_28;;;
;;;;;Hanlon;cap.;;;;;Mascotte, cap. Hanlon, trip. 42, tons. 520, su;;Mascotte;;;;1891_10_29;;;
Día 6:;;N/A:  | N/A: ;;;Staples;cap.;;;;;Nueva Orleans y escalas, en 6 días, vapor americano Aransas. cap. Staples, trip. 34, tons. 678,;americano;Aransas;;;vapor;1891_10_29;Nueva Orleans;;
;;N/A:  | N/A: ;;;Vilarubí;cap.;;;;;Viñas. cap. Vilarubí, trip. 12, tons. 482, con coga, & Badía y Comp.;;;;;;1891_10_29;Viñas;;
Día 29:;;N/A: ;;;Allén;cap.;;;;;Día 29: De Nueva-York, en 41 días, vap. amer. Yucatán, capitán Allén, trip. 72, tons. 2,317, con carga, á;amer.;Yucatán;;;vap.;1891_10_30;Nueva-York;;
Día 29:;;N/A:  | N/A:  | N/A: ;;;Mc Intosh;cap.;;;;;Día 29: De Veracruz y escalas, en 4 días, vap. amer. Orizaba, cap. Mc Intosh, trip. 72, tons. 2,334, com;amer.;Orizaba;;;vap.;1891_10_31;Veracruz;;
;;N/A: ;;;Arozena;cap.;;;;;cap. Arozena, trip. 9, tons. 385, con madera, á;;;;;;1891_10_31;;;
Día 6:;;N/A:  | N/A:  | N/A: ;;;Hange;cap.;;;;;-Nueva York en 6 días vap. noruego Alet, capitán Hange, trips. 15, tons. 558, con carga general á L. V. Placé.;noruego;Alet;;;vap.;1891_10_31;Nueva York;;
Día 15:;;N/A:  | N/A:  | N/A: ;;;Barkhonse;cap.;;;;;-Cornwalles (N. E.) en 15 dlal gol. ing. Resolución, cap. Barkhonse. trip. 6, ton. 144, con papas y madera & Lawton y hermanos,;ing.;Resolución;;;gol.;1891_10_31;Cornwalles (N. E.);;
Día ..:;;;;;Chevalier;cap.;;;;;-Havre, Amberos y escalas, en .. dias, vap. fráncés París, cap. Chevalier, trip. 46, tons. 2,662,;francés;París;;;vap.;1891_11_01;Havre;;
Día 2:;;N/A: ;;;Burley;cap.;;;;;Día 2: De Nueva-York, en 4 días, vap. amer. Niágara, capitán Burley, trip. 60, tons. 1,667, con carga, á;amer.;Niágara;;;vap.;1891_11_03;Nueva-York;;
;;N/A:  | N/A: ;;;Smith;cap.;;;;;cap. Smith, trip. 8, tons. 560, con carbón, & L.;;;;;;1891_11_04;;;
;;N/A:  | N/A:  | N/A: ;;;Sanford;cap.;;;;;cap. Sanford, trin. 6, tons. 151, con tablas y papas, & Lawton y Hnos.;;;;;trin.;1891_11_05;;;
Día 26:;;;;;Libthorp;cap.;;;;;-Londres y Amberes, en 25 días, vap. inglés Tantallon, cap. Libthorp, trlp. 26, tons 1,311, con;inglés;Tantallon;;;vap.;1891_11_05;Londres y Amberes;;
Día 4:;;N/A: ;;;Baker;cap.;;;;;Día 4: De Nueva-Orleans, en 5 días, vap. amer. Hutchinson, cap. Baker, trip. 85, tons. 1,492, con carga,;amer.;Hutchinson;;;vap.;1891_11_05;Nueva-Orleans;;
;;N/A: ;;;Juan;cap.;;;;;Mayo, cap. Juan, tons. 219: con tassjo, á Fabra;;;;;;1891_11_06;;;
Día 5:;;N/A: ;;;Brane;cap.;;;;;Día 5: De Liverpool y escalas, en 26 días, vap. eap. Emiliano, cap. Brane, trip. 24, tons. 1,489, con carga, &;;eap. Emiliano;;;vap.;1891_11_07;Liverpool;;
;;N/A: ;;;Cobb;cap.;;;;;cap. Cobb, trip 9, tons. 339, con carbón, á J;;;;;;1891_11_08;;;
;;N/A:  | N/A:  | N/A: ;;;Hanlon;cap.;;;;;Mascotte, cap. Hanlon, trip. 42, tons. 520, 60.;;Mascotte;;;;1891_11_08;;;
;;;;;Santauleri;cap.;;;;;cap. Santauleri, trip 28, tons. con carga,;;;;;;1891_11_10;;;
Día 4:;;N/A:  | N/A:  | N/A: ;;;Leighton;cap.;;;;;-Nueva-York, en 4 días, vap. amer. Saratoga, capitán Leighton, trip. 60, tons. 1,692, con carga,;amer.;Saratoga;;;vap.;1891_11_10;Nueva York;;
;;N/A: ;;;Wahely;cap.;;;;;cap. Wahely, trip. 9, tons. 402, con carga, á A;;;;;trip.;1891_11_11;;;
;;;;;Hanlon;cap.;;;;;Mascotte, cap. Hanlon, trip. 42, tons. 520, en;;Mascotte;;;;1891_11_12;;;
;;N/A: ;;;Staples;cap.;;;;;cap. Staples, trip. 35, tons. 678, con carga, à;;;;;;1891_11_12;;;
Día 3:;;;;;Mc Intosh;cap.;;;;;-Nueva-York, en 3 días, vap. amer. Orizaba, capitán Mc Intosh, trip. 70, tons. 2,334, con carga,;amer.;Orizaba;;;vap.;1891_11_12;Nueva York;;
;;N/A: ;;;Erickson;cap.;;;;;cap. Erickson, trip. 15, tons. 966, con carga, á L.;;;;;;1891_11_12;;;
;;;;;Warshall;cap.;;;;;Coweend, cap. Warshall, trip. 8, tons. 639, con;;Coweend;;;;1891_11_13;;;
;;;;;Hanlon;cap.;;;;;Blascotte, cap. Hanlon, trip. 42, tons. 520, en;;Blascotte;;;;1891_11_15;;;
Día 4:;;N/A:  | N/A:  | N/A: ;;;Allen;cap.;;;;;-Veracruz y escalaa, en 4 días, van. amer. Yucatán, cap. Allen, trip. 72, tons. 2,317, con carga, á;amer.;Yucatán;;;van;1891_11_15;Veracruz;;
;;;;;Curtis;cap.;;;;;alexandrís, cap. Curtis, trip. 75, tons. 1652, con;;;;;;1891_11_17;alexandrís;;
;;;;;Hanlon;cap.;;;;;Mascotte, cap. Hanlon, trip. 42, tons. 520, en;;Mascotte;;;;1891_11_18;;;
;;N/A: ;;;Cirarda;cap.;;;;;cap. Cirarda. trip. 39, tons. 2,122, con carga, á;;;;;;1891_11_19;;;
Día 3:;;N/A:  | N/A:  | N/A: ;;;Hoffmann;cap.;;;;;-Nueva-York, en 3 días, vap. amer. City of Washington, cap. Hoffmann, trip. 70, tona. 1,619, con;amer.;City of Washington;;;vap.;1891_11_19;Nueva York;;
Día 18:;;;;;Arribalzaga;cap.;;;;;Día 18: De Liverpool y escalas, en 31 días, vap. esp. Gallego, cap. Arribalzaga, trip. 36, tons. 1,325, con;esp.;Gallego;;;vap.;1891_11_20;Liverpool;;
Día 19:;;N/A: ;;;Boucholdt;cap.;;;;;Día 19: De Halifax, en 5 días. vap. norg. Cuba, cap. Boucholdt, trip. 15, tons. 564, con carga, á Lawton y;norg.;Cuba;;;vap.;1891_11_20;Halifax;;
;;;;;;cap.;;;;;cap. ..., trip. 14, tons. 450, con carga, á;;;;;;1891_11_20;;;
;;;;;Hausen;cap.;;;;;cap. Hausen, trip. 60, tons. 2116, eon carga, á;;;;;;1891_11_20;;;
Día 19:;;N/A: ;;;Garau;cap.;;;;;Día 19: De Palma de Mallorca, en 71, días, bea. esp. Santiage, cap. Garau, trip. 14, tons. 547, con carga, á;esp.;Santiage;;;bea.;1891_11_21;Palma de Mallorca;;
Día 5:;;N/A:  | N/A:  | N/A: ;;;Curtis;cap.;;;;;-Matanzas, en 5 horas, vap. amer. City of Alexandría, cap. Curtis, trip. 60, tons. 1,966, con carga,;amer.;City of Alexandría;;;vap.;1891_11_21;Matanzas;;
Día 13:;;N/A: ;;;Patter;cap.;;;;;-Connawallis, en 13 días, gol. ing. Blomidan, capitán Patter, trip. 7, tons. 270, con carga, á Lawton y Hnos.;ing.;Blomidan;;;gol.;1891_11_21;Connawallis;;
;;;;;Mc Kay;cap.;;;;;Olivette, cap. Mc Kay, trip. 45, tons. 1,104, en;;Olivette;;;;1891_11_22;;;
;;N/A: ;;;Me Kay;cap.;;;;;Olive te, cap. Me Kay, trip. 45, tons. 1, 164, en;;Olive te;;;;1891_11_24;;;
Día 44:;;N/A: ;;;Barley;cap.;;;;;lastre. & Lawton Hnes. -Nueva-York, en 44 días, vap. amer. Niágara, capitán Barley, trip. 60, tons. 1,602, con curga, á;amer.;Niágara;;;vap.;1891_11_24;Nueva-York;;
;;N/A: ;;;Alvarez;cap.;;;;;cap. Alvarez. trip 61, tons. 1,812, con carga á;;;;;;1891_11_25;;;
;;N/A: ;;;Stower;cap.;;;;;cap. Stower, trip. 10, tons. 521, con petróleo, á;;;;;trip.;1891_11_25;;;
Día 5:;;N/A:  | N/A: ;;;Carmona;cap.;;;;;-Nueva York, en 5 días, vapor-correo esp. Ciudad Condal, cap. Carmona, trip. 71, tons. 2,595,;esp.;Ciudad Condal;;;vapor-correo;1891_11_26;Nueva York;;
;;N/A: ;;;Mc Kay;cap.;;;;;Olive.ta, cap. Mc Kay, trip. 45, tons. 1,104, en;;Olive.ta;;;;1891_11_26;;;
;;N/A: ;;;Cattrill;cap.;;;;;cap. Cattrill, trip. 8, tons. 430, con madera, á A.;;;;;;1891_11_28;;;
;;N/A: ;;;Barreneches;cap.;;;;;cap. Barreneches, trip. 34, tons. 1,187, con carga, & Codes. Loychate y Comp.;;;;;;1891_11_28;;;
Día 14:;;;;;Hanlon;cap.;;;;;-Tampa y Cayo-Hueso, en 14 días, vapor americano Mascot e. cap. Hanlon, trip. 42, tons. 520.;americano;Mascot;;;vapor;1891_11_29;Tampa y Cayo-Hueso;;
;;N/A: ;;;Fleure;cap.;;;;;cap. Fleure, trip. 23, tons. 1,668, con carbón á;;;;;;1891_12_02;;;
Día 1º:;01-12-YYYY;N/A: ;;;Mulluri;cap.;;;;;Día 1º de diciembre: Del Havre y escalas, en 31, días, vapor francés Marseille, cap. Mulluri, trip. 44, tons. 2,729, con carga, á Dussaq y Comp.;francés;Marseille;;;vapor;1891_12_03;Havre;;
Día 2:;;N/A:  | N/A: ;;;Hanlon;cap.;;;;;Día 2: De Tampa y Cayo-Hueso, en 14 días, vapor americano Mascotte, cap. Hanlon, trip. 42, tons. 520;americano;Mascotte;;;vapor;1891_12_03;Tampa y Cayo-Hueso;;
Día 24:;;;;;Arribi;cap.;;;;;-Liverpool y escalas, en 24 días, vap. esp. Franci-ca, cap. Arribi, trip. 36, tons. 1,889, con carga,;esp.;Franci-ca;;;vap.;1891_12_03;Liverpool;;
;;;;;Bauer;cap.;;;;;Hungaria, cap. Bauer, trip. 43, tons. 1,513, con;;Hungaria;;;;1891_12_03;;;
Día 6:;;;;;Baker;cap.;;;;;Nueva-Orleans y escalas, en 6 días, vapor americano Hutchinson, cap. Baker, trip. 37, tons. 309,;americano;Hutchinson;;;vapor;1891_12_05;Nueva-Orleans;;
Día 5:;;;;;Hanlon;cap.;;;;;Día 5: De Tampa y Cayo-Hueso, en 14 días, vapor amoricano Mascotte, cap. Hanlon, trip. 42, tons. 520,;amoricano;Mascotte;;;vapor;1891_12_06;Tampa y Cayo-Hueso;;
Día 6:;;N/A:  | N/A: ;;;Curtis;cap.;;;;;Día 6: De Nueva York, en 3 días, vap. amer. City of Alexandría, cap. Curtis, trip. 60, tons. 1,966, con;amer.;City of Alexandría;;;vap.;1891_12_08;Nueva York;;
;;N/A: ;;;Urribarri;cap.;;;;;cap. Urribarri, trip. 36, tons. 2,775, con carga, á;;;;;;1891_12_08;;;
;;;;;Mc Kay;cap.;;;;;Olivette, cap. Mc Kay, trip. 45, tons. 1,104, en;;Olivette;;;;1891_12_08;;;
Día 5:;;N/A:  | N/A: ;;;Staples;cap.;;;;;ENTRA De Nueva-Orleans y escales, en 5 días, vapor americano Aransas cap. Staples, trip. 84, tons. 678,;americano;Aransas;;;vapor;1891_12_09;Nueva-Orleans;;
Día 8:;;;;;Nacher;cap.;;;;;Día 8: De Barcelona y escalas, en 28 días, vap. esp. Cristóbal Colón, cap. Nacher, trip. 61, tons. 1,742, con;esp.;Cristóbal Colón;;;vap.;1891_12_10;Barcelona;;
;;N/A: ;;;Amigó;cap.;;;;;cap. Amigó, trip. 19, tons. 1,111, con carga, á;;;;;;1891_12_10;;;
Día 9:;;;;;Hanlon;cap.;;;;;Dís 9: De Tampa y Cayo-Hueso, en 14 días, vapor ameriCano Mascotte, cap. Hanlon, trip. 42, tons. 520,;ameriCano;Mascotte;;;vapor;1891_12_10;Tampa y Cayo-Hueso;;
Día 32:;;N/A: ;;;Tellería;cap.;;;;;-Liverpool y escalas, en 32 días, vap esp. Madrileño, cap. Tellería, trip. 39, tons. 2,035, con carga, á C. Blanch y Comp.;esp.;Madrileño;;;vap;1891_12_10;Liverpool;;
Día 10:;;N/A:  | N/A: ;;;Plá;cap.;;;;;Día 10: De Montevideo, en 54 días, berg. esp. Ernesto, capitán Plá, trip. 12, tons. 205, con tasajo, á Cano y;esp.;Ernesto;;;berg.;1891_12_11;Montevideo;;
Día 1:;;N/A:  | N/A: ;;;Fabal;cap.;;;;;-Cayo Hueso, en 1 d'a, gol. amer. Lone Star, CRpitán Fabal, trip. 5, tons. 39, con pescado, & M.;amer.;Lone Star;;;gol.;1891_12_11;Cayo Hueso;;
Día 11:;;;;;Curtis;cap.;;;;;Día 11: De Matanzas, en 14 horas, vap. amer. City of Alexandría, cap. Curtis, trip. 60, tons. 1,986, con;amer.;City of Alexandría;;;vap.;1891_12_12;Matanzas;;
Día 12:;;;;;Hanlon;cap.;;;;;Día 12: De Tampa y Cayo-Hueso, en 13 días, vapor americano Mascotte. cap. Hanlon, trip. 42, tons. 520,;americano;Mascotte;;;vapor;1891_12_13;Tampa y Cayo-Hueso;;
Día 4:;;N/A:  | N/A: ;;;Deschamape;cap.;;;;;N. eva York, en 4 días, vapor-correo esp. Habara. cap. Deschamape, trip. 79, tons. 1,572, con;esp.;Habara;;;vapor-correo;1891_12_16;Nueva York;;
Día 16:;;N/A:  | N/A: ;;;Hanlon;cap.;;;;;Día 16: De Tampa y Cayo-Hueso, en 14 días, vapor americano Mascotte, cap. Hanlon, trip. 42, tons. 520,;americano;Mascotte;;;vapor;1891_12_17;Tampa y Cayo-Hueso;;
Día 15:;;N/A:  | N/A: ;;;Gorordo;cap.;;;;;-Barcelona y escalas, en 15 dias, vapor esp Alfonso XII, cap. Gorordo, trip. 144, tons. 3417,;esp;Alfonso XII;;;vapor;1891_12_17;Barcelona;;
Día 17:;;N/A: ;;;Reid;cap.;;;;;Dís 17: De Filadelfia, en 6 días, vap. inglés Capebreton, capitán Reid, trip. 23, tons. 1,108, con carbón, á L.;inglés;Capebreton;;;vap.;1891_12_18;Filadelfia;;
Día 12:;;N/A: ;;;F. Hofkins;cap.;;;;;-Filadelaa, en 12 días, gol. amer. Ofthesea, capitán F. Hofkins, trip. 9, tons. 919, con carbón, &;amer.;Ofthesea;;;gol.;1891_12_18;Filadelaa;;
;;N/A: ;;;Mount;cap.;;;;;cap. Mount, trip. 8, tons. 392, con madera, á Bridat, Mont'ros y Comp.;;Mount;;;trip.;1891_12_18;;;
Día 18:;;N/A: ;;;Barley;cap.;;;;;Día 18: De Sagua, vap. amer. Niágara, cap. Barley, trip. 60,;amer.;Niágara;;;vap.;1891_12_19;Sagua;;
;;;;;Venero;cap.;;;;;-Veracruz y escalas, vapor-eorreo esp. Reina María Cristina, cap. Venero, trip. 171, tons. 5,160,;esp.;Reina María Cristina;;;vapor;1891_12_19;Veracruz;;
;;N/A:  | N/A: ;;;Willcarris;cap.;;;;;-Cornwa lis, gol. ing. Avalos, cap. Willcarris, tripulación 5, tons. 121, con papas, & R Truffin y;ing.;Avalos;;;gol.;1891_12_20;Cornwallis;;
Día 8:;;N/A: ;;;Castellan;cap.;;;;;-Marsella, en 81 dí 8, bca. ital. Laura, cap. Castellan, trip. 11, tons. 425, con carga, á la orden.;ital.;Laura;;;bca.;1891_12_20;Marsella;;
Día 1:;;;;;Hanlon;cap.;;;;;Tampa y Cayo-Hueso, en 1 días, vapor americano Mascotte, cap. Hanlon, trip. 42, tons. 520,;americano;Mascotte;;;vapor;1891_12_20;Tampa y Cayo-Hueso;;
Día 20:;;N/A: ;;;Lachiondo;cap.;;;;;Día 20: De Liverpool, en 21 días, vap. esp. Guido, cap. Lachiondo, trip. 38, tons. 2,084, con carga, à Deulofeu, hijo y Comp.;esp.;Guido;;;vap.;1891_12_22;Liverpool;;
Día 4:;;N/A: ;;;Roap;cap.;;;;;-Penzacola, en 4 días, gol. ing. Lena Pickuy, capitán Roap, trip. 7, tons. 275, con madera, á M.;ing.;Lena Pickuy;;;gol.;1891_12_22;Penzacola;;
Día 21:;;;;;Echevarría;cap.;;;;;-Liverpool, en 21 días, vap. esp. Ramón de Larrinaga, cap Echevarría, trip. 38, tons. 2,083, con;esp.;Ramón de Larrinaga;;;vap.;1891_12_22;Liverpool;;
Día 6:;;N/A: ;;;Evans;cap.;;;;;Pascagoula, en 6 días, bea. ing. City of Liverpool, cap. Evans, trip. 20, tons. 1,379, con madera, al Consul inglés.;ing.;City of Liverpool;;;bea.;1891_12_22;Pascagoula;;
;;;;;Mc Kay;cap.;;;;;Olivette, cap. Mc Kay, trip. 45, tons. 1,104, en;;Olivette;;;;1891_12_22;;;
;;;;;Leigthon;cap.;;;;;cap. Leigthon, trip. 60, tons. 1682, con carga,;;;;;;1891_12_22;;;
Día 21:;;N/A: ;;;Took;cap.;;;;;Día 21: De Cornwallis, (N. E.) en 16 días, gol. ing. Danacona. cap. Took, trip 6, tons 173, eon carga, á;ing.;Danacona;;;gol.;1891_12_23;Cornwallis, (N. E.);;
;;N/A: ;;;Smith;cap.;;;;;Thomas, cap. Smith, trip. 9, tons. 750, con potróleo, á Luis V. Placé.;;Thomas;;;;1891_12_24;;;
Día 23:;;;;;Staples;cap.;;;;;Día 23: De Nueva-Orleans y escalas, en 5 díae, vapor americano Aransas, cap. Staples, trip. 35, tons. 678,;americano;Aransas;;;vapor;1891_12_24;Nueva-Orleans;;
;;N/A: ;;;Dinsmoro;cap.;;;;;cap. Dinsmoro, trip 10, tons. 508, con carga, 存;;;;;;1891_12_24;;;
;;;;;Curtis;cap.;;;;;Alexandria, cap. Curtis, trip. 60, tons. 1965, con;;;;;;1891_12_24;Alexandria;;
Día 4:;;N/A:  | N/A:  | N/A: ;;;Me Intosh;cap.;;;;;-Veracruz y escalas, en 4 días, vap. amer. Orizaba, cap Me Intosh, trip. 70, tons. 2,331, con;amer.;Orizaba;;;vap.;1891_12_25;Veracruz;;
Día 25:;;;;;Wikon;cap.;;;;;Día 25: De Perthambay, en 10 días, gol. Toja, cap. Wikon,;;Toja;;;gol.;1891_12_27;Perthambay;;
Día 26:;;N/A: ;;;Roger;cap.;;;;;Día 26: De Filadelfia. en 11 días, gol. amer. Florence Chegce, cap. Roger, trip. 10, tons. 1,026, con carbón,;amer.;Florence Chegce;;;gol.;1891_12_27;Filadelfia;;
Día 18:;;N/A:  | N/A:  | N/A: ;;;Campbell;cap.;;;;;-Nueva-York, en 18 días, gol. amer. Jannie Whitmore, cap. Campbell, trip. 9, tans. 787, con carga, á Bridat, Mont'ros y Comp.;amer.;Jannie Whitmore;;;gol.;1891_12_27;Nueva-York;;
Día 1:;;;;;Hanlon;cap.;;;;;Tampa y Cayo-Hueso, en 1 días, vapor americano Mascotte, cap. Hanlon, trip. 43, tons. 520,;americano;Mascotte;;;vapor;1891_12_27;Tampa y Cayo-Hueso;;
;;N/A: ;;;Baker;cap.;;;;;cap. Baker, trip. 10, tons. 927, con carga, á P.;;;;;;1891_12_27;;;
Día 27:;;N/A: ;;;Santamarina;cap.;;;;;Día 27: De Filadelfia, en 10 días, vap. esp. Pedro Murias, c8pitán Santamarina, trip. 16, tons. 300, con carbón, al Capitán.;esp.;Pedro Murias;;;vap.;1891_12_29;Filadelfia;;
Día 10:;;N/A: ;;;Cock;cap.;;;;;-Panaacola en 10 dias gol. amer. Rebecca J. Molton, cap. Cock, trip. 8, ton. 516, con carga, á la;amer.;Rebecca J. Molton;;;gol.;1891_12_29;Panaacola;;
;;N/A:  | N/A: ;;;Rodríguez;cap.;;;;;Cortés, cap. Rodríguez, trip. 55, tons. 2,112, con;;Cortés;;;;1891_12_30;;;
