arrival_date;arrival_date_calc;cargo_list;crew_number;forced_arrival;master_name;master_role;parsed_text;passenger_account;publication_day;quarantine;raw_text;ship_flag;ship_name;ship_tons_capacity;ship_tons_unit;ship_type;source_file;travel_departure_port;travel_duration_unit;travel_duration_value
Día 02:;;N/A: ;;;Aguiar;pat.;;;;;2ta 2: De Santa María, gol. Júcaro, pat. Aguiar: con 900;;Júcaro;;;gol.;1891_01_03;Santa María;;
;;N/A: ;;;Moll;pat.;;;;;-Mantua, gol. Lince, pat. Moll: con 600 sacos carbón.;;Lince;;;gol.;1891_01_03;Mantua;;
;;N/A: ;;;Enseñat;pat.;;;;;-Morrillo, gol. Agustina pat. Enseñat: con 400;;Agustina;;;gol.;1891_01_03;Morrillo;;
;;N/A: ;;;Pujol;pat.;;;;;-Mantua, gol. Nuevo Hilario, pat Pujol: con 600;;Nuevo Hilario;;;gol.;1891_01_03;Mantua;;
;;N/A:  | N/A: ;;;Cueva;pat.;;;;;-Cárdenas, gol. Angelita, pat. Cueva: con 600 sacos azúcar y efectos.;;Angelita;;;gol.;1891_01_03;Cárdenas;;
;;N/A: ;;;Alemañy;pat.;;;;;-Yaguajay, gol. Natividad, pat. Alemañy: con 80;;Natividad;;;gol.;1891_01_03;Yaguajay;;
;;N/A: ;;;Hernández;pat.;;;;;-Morrillo, gol. Britania, pat. Hernández: con 400;;Britania;;;gol.;1891_01_03;Morrillo;;
;;N/A: ;;;Espino;pat.;;;;;-Morrillo, gol. Feliz, pat. Espino: con 300 sacos;;Feliz;;;gol.;1891_01_03;Morrillo;;
;;;;;Rodríguez;pat.;;;;;-Congojas, gol. Joven Victoria, pat. Rodríguez:;;Joven Victoria;;;gol.;1891_01_03;Congojas;;
Día 3:;;N/A: ;;;Lladó;pat.;;;;;Dia 3: De Bajas, gol. Carmita, pat. Lladó: con 800 sacos;;Carmita;;;gol.;1891_01_04;Bajas;;
;;;;;Amengual;pat.;;;;;-Dimas. gol. María Mazoni, pat. Amengual: cen;;María Mazoni;;;gol.;1891_01_04;;;
;;N/A: ;;;Beneján;pat.;;;;;-Mantua, gol. Margarita, pat. Beneján: con 500;;Margarita;;;gol.;1891_01_04;Mantua;;
;;N/A:  | N/A: ;;;Barceló;pat;;;;;"-San Cayetano, gol. Salve Virgen María, pat Barceló: con 400 tendidos soga de majagua; 3,000 pies";;Salve Virgen María;;;gol.;1891_01_04;San Cayetano;;
Día 5:;;N/A: ;;;Torres;pat.;;;;;Día 5: De Cárdenas, gol. Yumuri, pat. Torres: con 50 pipas;;Yumuri;;;gol.;1891_01_06;Cárdenas;;
;;;;;Cardeluz;cap.;;;;;-Sagua, vapor Adela, cap. Cardeluz: con efectos.;;Adela;;;vapor;1891_01_08;Sagua;;
;;N/A: ;;;Pérez;pat.;;;;;-Matanzas, gol. Amalia, pat. Pérez: con 69,000;;Amalia;;;gol.;1891_01_08;Matanzas;;
;;;;;Llorca;pat.;;;;;-Panta San Juan, gol. Catalina, pat. Llorca: con;;Catalina;;;gol.;1891_01_08;San Juan;;
Día 10:;;N/A: ;;;Bilbao;cap.;;;;;Dia 10: ex pa De Sagua, vapor Clara, cap. Bilbao: con 460 sacos;;Clara;;;vapor;1891_01_11;Sagua;;
;;N/A: ;;;Ferrer;pat.;;;;;-Cárdenas, gol. Isla de Cuba, pat. Ferrer: con 9;;Isla de Cuba;;;gol.;1891_01_11;Cárdenas;;
;;;;;Pereira;pat.;;;;;Carahatas, gol. Teresita, pat. Pereira: en lastre.;;Teresita;;;gol.;1891_01_11;Carahatas;;
;;;;;Cabruja;pat.;;;;;-Segua la Chica, gol. 2ª Rosa, pat. Cabruja: con;;2ª Rosa;;;gol.;1891_01_11;;;
;;;;;Macip;pat.;;;;;Santa Cruz, gol. Joven Mannel, pat. Macip: con;;Joven Mannel;;;gol.;1891_01_11;Santa Cruz;;
;;;;;Mayor;pat.;;;;;-Santa ruz, gol. Desempeño, pat. Mayor: con;;Desempeño;;;gol.;1891_01_11;Santa ruz;;
;;;;;Enseñat;pat.;;;;;-Cárdenas, gol. Juan Toralla, pat. Enseñat: con;;Juan Toralla;;;gol.;1891_01_11;Cárdenas;;
;;N/A: ;;;Padrón;pat.;;;;;-Arroyos, gol Joven Jaime, pat. Padrón: con 1000;;Joven Jaime;;;gol;1891_01_11;Arroyos;;
Día 12:;;N/A: ;;;Rigó;pat.;;;;;Día 12: De Morrillo, gol. Condor, pat Rigó: con 400 sacos;;Condor;;;gol.;1891_01_13;Morrillo;;
;;N/A: ;;;Mas;pat.;;;;;"-Baracoa, gol Anita, pat. Mas: con 70,000 cocos;";;Anita;;;gol.;1891_01_13;Baracoa;;
;;N/A: ;;;Lloret;pat.;;;;;-Bajas, gol. Angelita, pat. Lloret: con 300 sacos;;Angelita;;;gol.;1891_01_13;Bajas;;
;;;;;Portela;pat.;;;;;Arroyos, gol. Amable Rosita, pat. Portela:  con;;Amable Rosita;;;gol.;1891_01_13;Arroyos;;
;;N/A: ;;;Ruiz;pat.;;;;;Arroyos, gel Dos Hermanas, pat. Ruiz: con 700;;Arroyos;;;gel;1891_01_13;Dos Hermanas;;
;;N/A: ;;;Cabaleiro;pat.;;;;;-Sagua, gol. Rosita, pat. Cabaleiro: con 500 sacos;;Rosita;;;gol.;1891_01_13;Sagua;;
;;N/A: ;;;Espiño;pat.;;;;;-Morrillo, gol. Feliz, pat. Espiño. een 300 acos;;Feliz;;;gol.;1891_01_13;Morrillo;;
;;N/A: ;;;Maciá;pat.;;;;;Bajas, gol Gallego, pat. Maciá: con 800 sacos;;Gallego;;;gol;1891_01_13;Bajas;;
;;N/A: ;;;Planas;pat.;;;;;-Mulata, gol. Dolores, pat. Planas: con 200 varas;;Dolores;;;gol.;1891_01_13;;;
;;N/A: ;;;Ferrer;pat.;;;;;-Dimas, gol. Deseada, pat. Ferrer: con 400 sacos;;Deseada;;;gol.;1891_01_13;Dimas;;
;;N/A: ;;;Gavancho;pat.;;;;;-Cárdenas, gol. Cárdenas, pat. Gavancho: con 75;;Cárdenas;;;gol.;1891_01_14;Cárdenas;;
;;;;;Alemany;pat.;;;;;San Cayetano, gol. Catalina, pat. Alemany: con;;Catalina;;;gol.;1891_01_14;San Cayetano;;
Día 01:;;;;;Pujol;pat.;;;;;-Santa María, gol. María del Carmen, pat. Pujol:;;María del Carmen;;;gol.;1891_01_14;;;
;;N/A: ;;;Bujosa;pat.;;;;;-Morón, gol. Engracia, pat. Bujosa: con 800 voras;;Engracia;;;gol.;1891_01_15;Morón;;
Día 15:;;N/A: ;;;;cap.;;;;;Día 15: ei solidal De Sagua, vapor Adela, cap. Bilbao: con 140 tercios;bilbao;Adela;;;vapor;1891_01_16;Sagua;;
Día 16:;;N/A: ;;;Real;cap.;;;;;Día 16: De Malas-Aguas vapor Tritón, cap. Real: con 1,000;;Tritón;;;vapor;1891_01_17;Malas-Aguas;;
;;N/A: ;;;Sastre;pat.;;;;;-Mariel, gol. Altagracia, pat. Sastre: con 550 sacos;;Altagracia;;;gol.;1891_01_17;;;
;;;;;Cantero;pat.;;;;;-Cárdenas, gol. Aguila de Oro, pat. Cantero: con;;Aguila de Oro;;;gol.;1891_01_17;Cárdenas;;
;;N/A:  | N/A: ;;;Enseñat;pat.;;;;;"-Morrillo, gol. Agustina, pat. Enseñat; con 900 sacos azúcar y 30 cuarterolas miel.";;Agustina;;;gol.;1891_01_17;Morrillo;;
;;N/A: ;;;Pereira;pat.;;;;;-Carahatas, gol. Teresita, pat. Pereira: con 800;;Teresita;;;gol.;1891_01_17;Carahatas;;
Día 17:;;N/A: ;;;Bosch;pat.;;;;;Día 17: De Dominica, gol. Dominica, pat. Bosch: con 330;;Dominica;;;gol.;1891_01_18;Dominica;;
;;;;;Rodríguez;pat.;;;;;-Cabañas, gol. Dos Amigos, pat. Rodríguez: con;;Dos Amigos;;;gol.;1891_01_18;Cabañas;;
;;;;;Inclán;pat.;;;;;-Cabañas, gol. Caballo Marino, pat. Inclán: con;;Caballo Marino;;;gol.;1891_01_18;Cabañas;;
;;N/A: ;;;Marín;cap.;;;;;-Guanes, vapor Guaniguanico, cap. Marín: con 46;;Guaniguanico;;;vapor;1891_01_18;Guanes;;
Día 19:;;N/A: ;;;Juan;pat.;;;;;19: Da Cabañas, bdro. Rosita, pat. Juan: con 200 sacos;;Rosita;;;bdro.;1891_01_20;Cabañas;;
;;N/A: ;;;Espino;pat.;;;;;Morrillo, gol. Feliz, pat. Espino: con 500 sacos;;Feliz;;;gol.;1891_01_20;Morrillo;;
;;N/A:  | N/A: ;;;Tortell;pat.;;;;;-Cabañas, gol. Vietoria, pat. Tortell: con 720 sacos azúcar y 20 cuarterolas miel.;;Vietoria;;;gol.;1891_01_20;Cabañas;;
Día :;;;;;Bilbao;cap.;;;;;Sagua, vapor Clara, cap. Bilbao: con efectos.;;Clara;;;vapor;1891_01_20;Sagua;;
Día :;;;;;Calafell;pat.;;;;;Matanzas, gol. María Josefa, pat. Calafell: con;;María Josefa;;;gol.;1891_01_20;Matanzas;;
;;N/A: ;;;Pujol;pat.;;;;;-Mantua gol. Nuevo Hilario, pat. Pujol: con 600;;Nuevo Hilario;;;gol.;1891_01_20;Mantua;;
;;N/A: ;;;Borrell;pat.;;;;;-Segua, gol. María Josefa, pat. Borrell: con 800;;María Josefa;;;gol.;1891_01_20;Segua;;
;;;;;Suárez;pat.;;;;;-Santa Cruz, gol. San Antonio, pat. Suárez: con;;San Antonio;;;gol.;1891_01_20;Santa Cruz;;
Día 20:;;N/A: ;;;Vilar;cap.;;;;;a 20: De Nuevitas, vapor Mortera, cap. Vilar: con 2,500;;Mortera;;;vap.;1891_01_21;Nuevitas;;
;;N/A: ;;;Ferrer;pat.;;;;;Cárdenas, gol. Isla de Cuba, pat. Ferrer: con 500;;Isla de Cuba;;;gol.;1891_01_21;Cárdenas;;
;;;;;Alemany;pat.;;;;;-Cárdenas, gol. Joven Pepilla, pat. Alemany: con;;Joven Pepilla;;;gol.;1891_01_21;Cárdenas;;
;;N/A: ;;;Prats;pat.;;;;;-Dimas, gol. Dos Amigos, pat. Prats: con 800;;Dos Amigos;;;gol.;1891_01_21;Dimas;;
Día 21:;null;N/A: ;;;Sastre;pat.;;;null;;Dis 21: De Mariel, gol. Altagracia, pat Sastre: con 550 sacos;;Altagracia;;;gol.;1891_01_22;Mariel;;
;;N/A: ;;;Sigat;pat.;;;;;Cárdenas, gol. Joven Julia, pat. Sigat: con 200;;Joven Julia;;;gol.;1891_01_22;Cárdenas;;
;;N/A: ;;;Bonet;pat.;;;;;sacos azúcar - Jaruco, gol Joven Lola, pat. Bonet: con 20 sacos;;Joven Lola;;;gol;1891_01_22;Jaruco;;
;;N/A: ;;;Palau;pat.;;;;;-Sierra Morena, gol. Matilde, pat. Palau: con 800;;Matilde;;;gol.;1891_01_22;Sierra Morena;;
;;N/A: ;;;Suárez;pat.;;;;;-Cabañas. gol. Rosa María, pat. Suárez: con 400;;Rosa María;;;gol.;1891_01_22;Cabañas;;
;;N/A: ;;;Pérez;pat.;;;;;-Matanzas, gol. María, pat. Pérez: con 25 pipas;;María;;;gol.;1891_01_22;Matanzas;;
Día 22:;;N/A:  | N/A: ;;;Enseñat;pat.;;;;;Dia 22: sino M De Morrillo, gol. Agustina, pat. Enseñat: con 400 sacos azúcar y 20 cuarterolas miel.;;Agustina;;;gol.;1891_01_23;Morrillo;;
;;N/A: ;;;Pujol;pat.;;;;;-Tela, gol. Isabel II, pat. Pujol: con 600 sacos;;Isabel II;;;gol.;1891_01_23;Tela;;
;;N/A: ;;;Hernández;pat.;;;;;-Morrillo, gol. Britania, pat. Hernández: con 400;;Britania;;;gol.;1891_01_23;Morrillo;;
;;N/A: ;;;Pereira;pat.;;;;;-Carahatas, gol. Teresita, pat. Pereira: con 920;;Teresita;;;gol.;1891_01_23;Carahatas;;
;;N/A: ;;;Tortell;pat.;;;;;-Cabañas, gol. Victoria, pat. Tortell: con 600 sacos azúcar.;;Victoria;;;gol.;1891_01_23;Cabañas;;
;;;;;Juan;pat.;;;;;-Sierra Morena, gol. María Teresa, pat. Juan: con;;María Teresa;;;gol.;1891_01_23;Sierra Morena;;
Día 23:;;N/A:  | N/A:  | N/A: ;;;Esterella;pat.;;;;;"Dia 23: De Gibara, gol. Habana, pat. Esterella: con 209 tercios tabaco; 600 atravesaños; 350 caballos leña;";;Habana;;;gol.;1891_01_24;Gibara;;
;;N/A: ;;;Bosch;pat.;;;;;-Dominica, gol. Dominica, pat. Bosch: con 330;;Dominica;;;gol.;1891_01_24;Dominica;;
;;;;;Gil;pat.;;;;;-Banes, gol. Dos Isabeles, pat. Gil: en lastre.;;Dos Isabeles;;;gol.;1891_01_24;Banes;;
;;;;;Villalonga;pat.;;;;;-Mariel, gol. María Magdalena, pat. Villalonga: en;;María Magdalena;;;gol.;1891_01_24;;;
;;;;;Real;cap.;;;;;-Malas-Aguas, vapor Tritón, cap. Real: con efectos.;;Tritón;;;vapor;1891_01_24;Malas-Aguas;;
;;;;;Cardeluz;cap.;;;;;-Sagua, vapor Adela, cap. Cardeluz: con efectos.;;Adela;;;vapor;1891_01_24;Sagua;;
Día 24:;;N/A: ;;;Aguiar;pat.;;;;;Dia 24: De Santa María, gol. Júcaro, pat. Aguiar: con 500;;Júcaro;;;gol.;1891_01_25;Santa María;;
;;;;;Inclán;pat.;;;;;-Cabañas, gol. Caballo Marino, pat. Inclán: con;;Caballo Marino;;;gol.;1891_01_25;Cabañas;;
;;N/A:  | N/A:  | N/A: ;;;Cuevas;pat.;;;;;"-Cárdenas, gol. Angelita, pat. Cuevas: con 700 acos azúcar; 50 pipas aguardiente y efectos.";;Angelita;;;gol.;1891_01_28;Cárdenas;;
;;N/A: ;;;Enseñat;pat.;;;;;Sierra Morena, gol. Sofia, pat. Enseñat: con 800;;Sofia;;;gol.;1891_01_28;;;
;;N/A: ;;;Lazo;pat.;;;;;sacos azúcar. -Nuevitas, gol. Eulalia, pat. Lazo: con 100 cah;;Eulalia;;;gol.;1891_01_28;Nuevitas;;
Día 28:;;N/A: ;;;Vilar;cap.;;;;;Dia 28: De Nuevitas, vapor Mortera, cap. Vilar: con 1,580;;Mortera;;;vapor;1891_01_29;Nuevitas;;
Día :;;;;;;cap.;;;;;Sagua, vapor Adela, cap. Bilbao: con efectos.;bilbao;Adela;;;vapor;1891_01_29;Sagua;;
;;;;;Cantero;pat.;;;;;-Cárdenas, gol. Aguila de Oro, pat. Cantero: con;;Aguila de Oro;;;gol.;1891_01_29;Cárdenas;;
;;N/A: ;;;Rigó;pat.;;;;;-Cabañas, gol. Condor, pat Rigó: con 500 sacos;;Condor;;;gol.;1891_01_29;Cabañas;;
;;;;;Rodríguez;pat.;;;;;-Cabañas, gol. Dos Amigos, pat. Rodríguez: con;;Dos Amigos;;;gol.;1891_01_29;Cabañas;;
;;;;;Suárez;pat.;;;;;-Santa Cruz, gol. San Antonio, pat. Suárez: con;;San Antonio;;;gol.;1891_01_29;Santa Cruz;;
;;;;;Macip;pat.;;;;;-Santa Cruz, gol. Joven Manuel, pat. Macip: con;;Joven Manuel;;;gol.;1891_01_29;Santa Cruz;;
;;;;;Alemany;pat.;;;;;-Canasí, gol. Amado Antonio, pat. Alemany: en;;Amado Antonio;;;gol.;1891_01_29;Canasí;;
;;N/A: ;;;Real;cap.;;;;;dea DO BRIGO De Malas-Aguas, vapor Tritón, cap. Real: con 700;;Tritón;;;vapor;1891_01_30;Malas-Aguas;;
;;N/A: ;;;;cap.;;;;;-Sagua, vapor Adela, cap. Bilbao: con 21 reses y;bilbao;Adela;;;vapor;1891_01_30;Sagua;;
;;N/A: ;;;Padrón;pat.;;;;;-Arroyos, gol. Joven Jaime, pat. Padrón: con 1000;;Joven Jaime;;;gol.;1891_01_30;Arroyos;;
;;;;;Cabruja;pat.;;;;;-Sagua la Chica, gol. 2ª Rosa, pat. Cabruja: con;;2ª Rosa;;;gol.;1891_01_30;Sagua la Chica;;
;;;;;Juan;pat.;;;;;-Sierra Morena, gol. María Teresa, pat. Juan: con;;María Teresa;;;gol.;1891_01_30;Sierra Morena;;
;;N/A: ;;;Espino;pat.;;;;;-Morrillo, gol. Feliz, pat. Espino: con 300 sacos;;Feliz;;;gol.;1891_01_30;Morrillo;;
;;N/A: ;;;Vidal;pat.;;;;;-Sagua, gol. Joven Luisa, pat. Vidal: con 1,000;;Joven Luisa;;;gol.;1891_01_30;Sagua;;
;;N/A: ;;;Sastre;pat.;;;;;-Mariel, gol. Altagracia, pat. Sastre: con 550 sacos;;Altagracia;;;gol.;1891_01_30;;;
Día 30:;;N/A: ;;;Blibao;cap.;;;;;Día 30: De Sagua, vapor Clara, cap. Blibao: con 740 sacos;;Clara;;;vapor;1891_01_31;Sagua;;
;;N/A: ;;;Bosch;pat.;;;;;-Dominica, gol. Dominica, pat. Bosch: con 330;;Dominica;;;gol.;1891_01_31;Dominica;;
;;N/A: ;;;Tortell;pat.;;;;;-Cabañas, gol. Victoria, pat. Tortell: con 550 sacos;;Victoria;;;gol.;1891_01_31;Cabañas;;
;;;;;Bosch;pat.;;;;;-Playas de San Juan, gol. Antonia, pat. Bosch:;;Antonia;;;gol.;1891_01_31;Playas de San Juan;;
;;N/A: ;;;Calzada;pat.;;;;;-Manzanillo, gol. Margrita, pat. Calzada: con 1000;;Margrita;;;gol.;1891_01_31;Manzanillo;;
Día 31:;;;;;Alemany;pat.;;;;;31: De Cárdenas, gol. Joven Pilar, pat. Alemany: com;;Joven Pilar;;;gol.;1891_02_01;Cárdenas;;
;;N/A: ;;;Pereira;pat.;;;;;-Carahatas, gol. Teresita, pat. Pereira: con 1,175;;Teresita;;;gol.;1891_02_01;Carahatas;;
Día 01:;;;;;Darán;pat.;;;;;-Playas de San Juan, gol. Almanza, pat. Darán:;;Almanza;;;gol.;1891_02_01;Playas de San Juan;;
;;N/A: ;;;Mora;pat.;;;;;-San Cayetano, gol. Carmita, pat. Mora: con 2500;;Carmita;;;gol.;1891_02_01;San Cayetano;;
;;N/A: ;;;Vilar;cap.;;;;;-Nuevitas, vapor Mortera, cap. Vilar: con 1,122;;Mortera;;;vap.;1891_02_04;Nuevitas;;
;;N/A: ;;;Bosch;pat.;;;;;Dominica, gol. Dominica, pat. Bosch: con 330;;Dominica;;;gol.;1891_02_04;Dominica;;
;;;;;Maciá;pat.;;;;;Río de la Palma, gol. Gallego, pat. Maciá! cot;;Gallego;;;gol.;1891_02_04;Río de la Palma;;
;;N/A:  | N/A: ;;;Bonet;pat.;;;;;Jaruco, gol. Joven Lola, pat Bonet: con 100 88cos zúcar y 70 cuarterolas miel.;;Joven Lola;;;gol.;1891_02_04;Jaruco;;
;;N/A: ;;;Sastre;pat.;;;;;Mariel, gol: Altagracia, pat. Sastre: con 550 sacos azúcar.;;Altagracia;;;gol.;1891_02_04;;;
;;;;;Macip;pat.;;;;;-Santa Cruz, gol. Joven Manuel. pat. Macip: con;;Joven Manuel;;;gol.;1891_02_04;Santa Cruz;;
;;;;;Grandal;pat.;;;;;-Mariel. gol. Maria Magdalena, pat. Grandal: con;;Maria Magdalena;;;gol.;1891_02_04;;;
;;N/A: ;;;Planas;pat.;;;;;-Arroyos, gol. Dolores, pat. Planas: con 137 sacos;;Dolores;;;gol.;1891_02_04;Arroyos;;
;;N/A: ;;;Moll;pat.;;;;;Martua, gol. Lince, pat. Moll: con 600 sacos;;Lince;;;gol.;1891_02_04;Martua;;
;;;;;Beneján;cap.;;;;;-Mantua, gol. Margarita, cap. Beneján: con 700;;Margarita;;;gol.;1891_02_04;Mantua;;
;;N/A: ;;;Serra;pat.;;;;;-Arroyos, gol. Amalia, pat. Serra: con 700 sacos;;Amalia;;;gol.;1891_02_04;Arroyos;;
Día 4:;;N/A: ;;;Cardeluz;cap.;;;;;Dia 4: De Sagua, vapor Adela, cap. Cardeluz: con 10 bultos;;Adela;;;vap.;1891_02_05;Sagua;;
;;N/A: ;;;Ochoa;cap.;;;;;"-Cuba, vapor Manuela, cap. Ochoa: con 82 reses;";;Manuela;;;vapor;1891_02_05;Cuba;;
;;N/A: ;;;Ferrer;pat.;;;;;-Dimas, gol. Deseada, pat. Ferrer: con 400 sacos;;Deseada;;;gol.;1891_02_05;Dimas;;
;;;;;Suárez;pat.;;;;;-Santa Cruz, gol. San Antonio, pat. Suárez: con;;San Antonio;;;gol.;1891_02_05;Santa Cruz;;
;;;;;Real;cap.;;;;;in 5: De Malas-Aguas, vapor Tritón, cap. Real: con du;;Tritón;;;vap.;1891_02_06;Malas-Aguas;;
;;N/A: ;;;Tortell;pat.;;;;;-Cabañas, gol. Victoria, pat. Tortell: con 800 sacos azúcar.;;Victoria;;;gol.;1891_02_06;Cabañas;;
;;N/A: ;;;Linares;pat.;;;;;-Siguapa, gol. Victoria, pat. Linares: con 301 sacos azúcar.;;Victoria;;;gol.;1891_02_06;Siguapa;;
Día 01:;;;;;Bosch;pat.;;;;;-Playas de San Juan, gol. Candita, pat. Bosch:;;Candita;;;gol.;1891_02_06;Playas de San Juan;;
Día 6:;;N/A: ;;;Suau;pat.;;;;;Día 6: De Cabañas, bdro. Rosita pat. Suau: con 300 sacos;;Rosita;;;bdro.;1891_02_07;Cabañas;;
;;;;;Joy;pat.;;;;;-Cárdenas, gol. Purísima Concepción, pat. Joy:;;Purísima Concepción;;;gol.;1891_02_07;Cárdenas;;
;;;;;Gabancho;pat.;;;;;-Cárdenas, gol. Cárdenas, pat. Gabancho: con;;Cárdenas;;;gol.;1891_02_07;Cárdenas;;
;;;;;Valent;pat.;;;;;-Cárdenas, gol. María del Carmen, pat. Valent:;;María del Carmen;;;gol.;1891_02_08;Cárdenas;;
;;N/A:  | N/A: ;;;Bonet;pat.;;;;;-Jaruco, gol. Joven Lola, pat. Bonet: con 100 sacos azúcar y 70 cuarterolas miel.;;Joven Lola;;;gol.;1891_02_08;Jaruco;;
;;;;;Inclán;pat.;;;;;-Cabañas, gol. Caballo Marino, pat. Inclán: con;;Caballo Marino;;;gol.;1891_02_08;Cabañas;;
Día 9:;;;;;Rodríguez;pat.;;;;;Día 9: De Mariel, gol. Santiago Apóstol, pat. Rodríguez: con;;Santiago Apóstol;;;gol.;1891_02_10;Mariel;;
;;N/A:  | N/A: ;;;Tortell;cap.;;;;;-Cabañas, gol. Victoria, cap. Tortell: con 500 sacos azúcar y 60 cuarterolas miel.;;Victoria;;;gol.;1891_02_10;Cabañas;;
;;N/A: ;;;Pereira;pat.;;;;;-Carabatas, gol. Teresita, pat Pereira: con 140;;Teresita;;;gol.;1891_02_10;Carabatas;;
;;N/A: ;;;Sastre;par.;;;;;-Mariel, gol. Altagracia, par. Sastre: con 550 sacos;;Altagracia;;;gol.;1891_02_10;;;
;;;;;Portella;pat.;;;;;Arroyos. gol. Amable Resita, pat. Portella: con;;Amable Resita;;;gol.;1891_02_10;Arroyos;;
;;;;;Rodríguez;pat.;;;;;-Cabañas, gol. Dos Amigos, pat. Rodríguez: con;;Dos Amigos;;;gol.;1891_02_10;Cabañas;;
;;N/A: ;;;Alemany;pat.;;;;;-Baracoa. gol. Aguila, pat. Alemany: con 2,900;;Aguila;;;gol.;1891_02_10;Baracoa;;
Día 10:;null;N/A: ;;;Mayans;pat.;;;null;;Dia 10: De Playas de San Juan, gol. 2 Gertrudis, pat. Mayans: con 1,000 sacos carbón.;;2 Gertrudis;;;gol.;1891_02_11;Playas de San Juan;;
;;N/A: ;;;Cabaleiro;pat.;;;;;Sagua, gol. Rosita, pat. Cabaleiro: con 600 sacos;;Rosita;;;gol.;1891_02_11;Sagua;;
;;;;;Marantez;pat.;;;;;Mariel, gol. Joven Gertrudis, pat. Marantes: con;;Joven Gertrudis;;;gol.;1891_02_11;;;
;;N/A: ;;;Bosch;pat.;;;;;-Dominica, gol. Dominica, pat. Bosch: con 330;;Dominica;;;gol.;1891_02_11;Dominica;;
;;N/A: ;;;Segura;pat.;;;;;-Jibacoa, gol. 1a de Vinaroz, pat. Segura: con 80;;1a de Vinaroz;;;gol.;1891_02_11;Jibacoa;;
;;;;;Menaya;pat.;;;;;-Sierra Morena, gol. Habanera, pat. Menaya: con;;Habanera;;;gol.;1891_02_11;Sierra Morena;;
;;N/A: ;;;Valdés;pat.;;;;;-Granadillo, gol. Natividad, pat. Valdés: con 900;;Natividad;;;gol.;1891_02_11;Granadillo;;
;;;;;Mir;pat.;;;;;-San Cayetano, gol. María del Carmen, pat. Mir:;;María del Carmen;;;gol.;1891_02_11;San Cayetano;;
;;N/A: ;;;Lloret;pat.;;;;;-Bajas, gol. Angelita. pat. Lloret: con 140 sacos;;Angelita;;;gol.;1891_02_11;Bajas;;
Día 11:;;N/A: ;;;Suao;pat.;;;;;Día 11: De Gibara, gol. Moralidad, pat. Suao: con 75 tercios;;Moralidad;;;gol.;1891_02_12;Gibara;;
;;N/A: ;;;Cardelux;cap.;;;;;-Sagua, vapor. Adela, cap. Cardelux: con 2 tercios;;Adela;;;vapor.;1891_02_12;Sagua;;
;;N/A: ;;;Aguiar;pat.;;;;;-Santa María, gol. Júcaro, pat. Aguiar: con 700;;Júcaro;;;gol.;1891_02_12;Santa María;;
;;N/A: ;;;Fuster;pat.;;;;;-Bajas, gol. Carmita, pat. Fuster: con 800 sacos;;Carmita;;;gol.;1891_02_12;;;
;;N/A: ;;;Enseñat;pat.;;;;;carbón. -Morrillo, gol. Agustina, pat. Enseñat: 350 sacos;;Agustina;;;gol.;1891_02_12;Morrillo;;
;;N/A: ;;;Colomar;pat.;;;;;-Baracoa, gol Gaspar, pat. Colomar: con 40 bocoyes miel.;;Gaspar;;;gol;1891_02_12;Baracoa;;
;;N/A: ;;;García;pat.;;;;;-Bahía-Honda, gol. Rosario, pat. García: con 400;;Rosario;;;gol.;1891_02_12;Bahía-Honda;;
;;;;;Grandal;pat.;;;;;-Dominica, gol. María Magdalena, pat. Grandal:;;María Magdalena;;;gol.;1891_02_12;Dominica;;
;;N/A:  | N/A: ;;;Prata;pat.;;;;;con 400 sacos azúcar. -Dimas, gol. Dos Amigos, pat. Prata: con 800 sacoa carbón.;;Dos Amigos;;;gol.;1891_02_12;;;
Día 12:;;N/A: ;;;Enseñat;pat.;;;;;Día 12: De Sierra Morena, gol. Sofía, pat. Enseñat: con 800;;Sofía;;;gol.;1891_02_13;Sierra Morena;;
;;N/A: ;;;Cuevas;pat.;;;;;-Cárdenas, gol. Angelita, pat. Cuevas: con 800;;Angelita;;;gol.;1891_02_13;Cárdenas;;
;;N/A:  | N/A: ;;;Inclán;pat.;;;;;sacos azúcar y efectos. --Cabañas, gol. Caballo Marino, pat. Inclán: con;;Caballo Marino;;;gol.;1891_02_13;Cabañas;;
Día :;;;;;Joy;pat.;;;;;-Cárdenas, gol. Purísima Concepción, pat. Joy:;;Purísima Concepción;;;gol.;1891_02_13;Cárdenas;;
;;N/A: ;;;Colomar;pat.;;;;;-Canasí, gol. Sabás, pat. Colomar: con 487 sacos;;Sabás;;;gol.;1891_02_13;Canasí;;
;;N/A: ;;;Real;cap.;;;;;-Malas-Aguas, vapor Tritón, cap. Real: con 690;;Tritón;;;vapor;1891_02_13;Malas-Aguas;;
;;;;;Vilar;cap.;;;;;-Cuba, vapor San Juan, cap. Vilar: con efectos.;;San Juan;;;vapor;1891_02_13;Cuba;;
Día 14:;;N/A: ;;;Viñales;cap.;;;;;Dia 14: De Nuevitas, vapor Mertera, cap. Viñales: con 399;;Mertera;;;vapor;1891_02_15;Nuevitas;;
Día :;;;;;Bilbao;cap.;;;;;-Sagua. vapor Clara, cap. Bilbao: con efectos.;;Clara;;;vapor;1891_02_15;Sagua;;
;;N/A: ;;;Padrón;pat.;;;;;-Congojas, gol. Joven Jaime, pat. Padrón: con 950;;Joven Jaime;;;gol.;1891_02_15;Congojas;;
;;N/A: ;;;Juan;pat.;;;;;-Cabañar, gol. Rosita, pat. Juan: con 250 sacos;;Rosita;;;gol.;1891_02_15;Cabañar;;
;;N/A: ;;;Ruiz;pat.;;;;;-Arroyos, gol. Dos Hermanas, pat. Ruiz: con 80;;Dos Hermanas;;;gol.;1891_02_15;Arroyos;;
;;N/A: ;;;Amengual;pat.;;;;;-Dimas, gol. María, pat. Amengual: con 700 sacOS;;María;;;gol.;1891_02_15;Dimas;;
;;N/A: ;;;Felicó;pat.;;;;;-Dimas, gol. Especulación, pat. Felicó: con 280;;Especulación;;;gol.;1891_02_15;Dimas;;
;;N/A:  | N/A: ;;;Tortell;pat.;;;;;-Cabañas, gol. Victoria, pat. Tortell: con 800 Bacos azúcar y 45 tercerolas miel.;;Victoria;;;gol.;1891_02_15;Cabañas;;
;;;;;Riobo;pat.;;;;;Carahatas, gol. Tres Hermanas, pat. Riobo: con;;Tres Hermanas;;;gol.;1891_02_15;Carahatas;;
;;N/A: ;;;Ferrer;pat.;;;;;-Cabañas, gol. Joven Pepilla, pat. Ferrer: con 240;;Joven Pepilla;;;gol.;1891_02_15;Cabañas;;
;;N/A: ;;;Espino;pat.;;;;;-Morrillo, gol. Feliz, pat. Espino: con 300 sacos;;Feliz;;;gol.;1891_02_15;Morrillo;;
;;N/A:  | N/A: ;;;Bonet;pat.;;;;;Jaruco, gol. Joven Lola, pat. Bonet: con 240 sacos azúcar y 20 cuarterolas miel.;;Joven Lola;;;gol.;1891_02_18;Jaruco;;
;;;;;Alemany;pat.;;;;;Cárdenas, gol. Joven Pilar, pat. Alemany: con;;Joven Pilar;;;gol.;1891_02_18;Cárdenas;;
;;N/A:  | N/A: ;;;Torres;pat.;;;;;-Cárdenas, gol. Yumuri, pat. Torres: con 800 sacos azúcar y 40 pipas aguardiente.;;Yumuri;;;gol.;1891_02_18;Cárdenas;;
;;N/A: ;;;García;pat.;;;;;-Bahía-Honda, gol. Rosario, pat. García: con 400;;Rosario;;;gol.;1891_02_18;Bahía-Honda;;
Día 18:;;N/A: ;;;;cap.;;;;;"Día 18: The lady other no wore ba De Sagua, vap. Adela, cap. Bilbao: con 4 pipas sebo;";bilbao;Adela;;;vap.;1891_02_19;Sagua;;
;;N/A: ;;;Enseñat;pat.;;;;;Morrillo, gol. Agustina, pat. Enseñat: con 400;;Agustina;;;gol.;1891_02_19;;;
;;N/A: ;;;Sastre;pat.;;;;;Mariel, gol. Altagracia, pat. Sastre: con 550 sacos;;Altagracia;;;gol.;1891_02_19;;;
;;N/A:  | N/A: ;;;Tortell;pat.;;;;;-Cabañas, gol. Victoria, pat. Tortell: con 600 sacos azúcar y 40 bocoyes miel.;;Victoria;;;gol.;1891_02_19;Cabañas;;
;;;;;Inclán;pat.;;;;;-Cabañas, gol. Caballo Marino, pat. Inclán: con;;Caballo Marino;;;gol.;1891_02_19;Cabañas;;
Día 19:;;N/A: ;;;Mateu;pat.;;;;;Día 19: De Bajas, gol San Francisco, pat. Mateu: con 800;;San Francisco;;;gol.;1891_02_20;Bajas;;
;;N/A: ;;;Cabruja;pat.;;;;;sacos carbón. -Sagua la Chica, gol. 2a Rosa, pat. Cabruja: con;;2a Rosa;;;gol.;1891_02_20;Sagua la Chica;;
;;;;;Rodríguez;pat.;;;;;-Congojas, gol. Joven Victoria, pat. Rodríguez:;;Joven Victoria;;;gol.;1891_02_20;Congojas;;
;;N/A: ;;;Pujol;pat.;;;;;-Teja, gol. Isabel II, pat. Pujol: con 600 sacos de;;Isabel II;;;gol.;1891_02_20;Teja;;
;;;;;Pellicer;pat.;;;;;-Sierra Morena, gol. Pirineo, pat. Pellicer: con;;Pirineo;;;gol.;1891_02_20;Sierra Morena;;
;;N/A: ;;;Real;cap.;;;;;-Malas-Aguas, vapor Tritón, cap. Real: con 600;;Tritón;;;vapor;1891_02_20;Malas-Aguas;;
;;N/A: ;;;Juan;pat.;;;;;-Cabañas, gol. Rosita, pat. Juan: con 300 sacos;;Rosita;;;gol.;1891_02_24;Cabañas;;
;;N/A: ;;;Moll;pat.;;;;;-Mantua, gol. Lince, pat. Moll: con 700 sacos;;Lince;;;gol.;1891_02_24;Mantua;;
;;N/A: ;;;Ferrer;pat.;;;;;-Dimas, gol. Deseada, pat. Ferrer: con 400 sacos;;Deseada;;;gol.;1891_02_24;Dimas;;
;;N/A: ;;;Freixas;pat.;;;;;-Cabañas, gol. Josefa, pat. Freixas: con 640 sacos;;Josefa;;;gol.;1891_02_24;Cabañas;;
;;;;;Riobo;pat.;;;;;-Carahatas, gol. Tres Hermanas, pat. Riobo: con;;Tres Hermanas;;;gol.;1891_02_24;Carahatas;;
;;N/A: ;;;Sastre;pat.;;;;;-Mariel, gol Altagracia, pat. Sastre: con 500 sacos;;Altagracia;;;gol.;1891_02_24;;;
;;;;;Enseñat;pat.;;;;;-Cárdenas, gol. Juan Toralla, pat. Enseñat: con;;Juan Toralla;;;gol.;1891_02_24;Cárdenas;;
;;N/A: ;;;Tur;pat.;;;;;-Canasí, gol. Sabás, pat. Tur. con 503 sacos azúcar.;;Sabás;;;gol.;1891_02_24;Canasí;;
;;N/A: ;;;Pellicer;pat.;;;;;-Santa Cruz, gol. Centinela, pat. Pellicer: con 400;;Centinela;;;gol.;1891_02_24;Santa Cruz;;
;;N/A: ;;;Garriga;pat.;;;;;-Jibacoa, gol. 13 de Vinaroz, pat. Garriga: con 10;;13 de Vinaroz;;;gol.;1891_02_24;Jibacoa;;
;;;;;Suárez;pat.;;;;;-Santa Cruz, gol. San Antonio. pat. Suárez: con;;San Antonio;;;gol.;1891_02_24;Santa Cruz;;
;;N/A: ;;;Gil;pat.;;;;;-Banes, gol. 28 Isabel, pat. Gil: con 20 bocoyes;;28 Isabel;;;gol.;1891_02_24;Banes;;
Día 26:;;N/A: ;;;Bilbao;cap.;;;;;Dia 26: De Sagua, vapor Adela, cap. Bilbao: con 160 reses y;;Adela;;;vap.;1891_02_27;Sagua;;
;;N/A: ;;;Real;cap.;;;;;Malas-Aguas, vapor Tritón, cap. Real: con 610;;Tritón;;;vapor;1891_02_27;Malas-Aguas;;
;;;;;Rodríguez;pat.;;;;;-Cabañas, gol. Dos Amigos, pat. Rodríguez: con;;Dos Amigos;;;gol.;1891_02_27;Cabañas;;
;;N/A: ;;;Enseñat;pat.;;;;;-Morrillo, gol. Agustina, pat. Enseñat: con 400;;Agustina;;;gol.;1891_02_27;Morrillo;;
;;N/A: ;;;Enseñat;pat.;;;;;Sierra Morena, gol. Sofía, pat. Enseñat: con 1800;;Sofía;;;gol.;1891_02_27;;;
;;N/A: ;;;Padrón;pat.;;;;;-Arroyos, gol. Joven Jaime, pat. Padrón: con 1100;;Joven Jaime;;;gol.;1891_02_27;Arroyos;;
;;N/A:  | N/A: ;;;Ferrer;pat.;;;;;-Santa Lucía, gol. Carmita, pat. Ferrer: con 308 alb sacos azúcar y 50 cuarterolas miel. paragems;;Carmita;;;gol.;1891_02_27;Santa Lucía;;
;;N/A: ;;;Espino;pat.;;;;;-Morrillo, gol. Feliz, pat. Espino: con 200 sacos;;Feliz;;;gol.;1891_02_27;Morrillo;;
;;N/A: ;;;Mandilego;pat.;;;;;-Cárdenas, gol. Esmeralda. pat. Mandilego: con 97800 sacos azúcar y efectos.;;Esmeralda;;;gol.;1891_02_27;Cárdenas;;
;;;;;Joy;pat.;;;;;Cárdenas, gol. Purísima Concepción, pat. Joy:;;Purísima Concepción;;;gol.;1891_02_27;Cárdenas;;
;;N/A: ;;;Deulofeu;pat.;;;;;Cabañas, gol. Trafalgar, pat. Deulofeu: con 800 fre sacos azúcar. 2016 60 ob ciododa;;Trafalgar;;;gol.;1891_02_27;Cabañas;;
;;N/A: ;;;Tortell;pat.;;;;;-Cabañas, gol. Victoria, pat. Tortell: con 600 sаcos azúcar.;;Victoria;;;gol.;1891_02_27;Cabañas;;
;;N/A: ;;;Pereira;pat.;;;;;-Carahatas, gol. Teresita, pat. Pereira: con 1,000;;Teresita;;;gol.;1891_02_27;Carahatas;;
Día 27:;;N/A: ;;;Marín;pat.;;;;;Ms. 27: De Guanes, vapor Guaniguanico, pat. Marín: con 100;;Guaniguanico;;;vap.;1891_02_28;Guanes;;
;;;;;Inclán;pat.;;;;;-Cabañas, gol. Caballo Marino, pat. Inclán: con;;Caballo Marino;;;gol.;1891_02_28;Cabañas;;
;;;;;Marantes;pat.;;;;;-Mariel, gol. Joven Gertrudis, pat. Marantes: con;;Joven Gertrudis;;;gol.;1891_02_28;;;
;;N/A: ;;;Acuña;pat.;;;;;-Sagua, gol. María Andrea, pat. Acuña: con 800;;María Andrea;;;gol.;1891_02_28;Sagua;;
Día 28:;;N/A: ;;;Serra;pat.;;;;;"Dia 28: De Arroyos, gol. Amalia, pat. Serra; con 700 sacos";am.;Amalia;;;gol.;1891_03_01;Arroyos;;
;;N/A: ;;;Maciá;pat.;;;;;Bajas, gol, Gallego, pat. Maciá: con 600 sacos;;Gallego;;;gol;1891_03_01;Bajas;;
Día 2:;;;;;Cantere;pat.;;;;;Día 2: De Cárdenas, gol. Aguila de Oro, pat. Cantere: con;;Aguila de Oro;;;gol.;1891_03_03;Cárdenas;;
Día :;;N/A: ;;;Adivina;pat.;;;;;-Cárdenas. gol. Cifo, pat. Adivina: con 1,200 sacos;;Cifo;;;gol.;1891_03_03;Cárdenas;;
;;N/A: ;;;Pellicer;pat.;;;;;-Yaguajay, gol. Crisálida, pat. Pellicer: con 120;;Crisálida;;;gol.;1891_03_03;Yaguajay;;
;;;;;Pellicer;pat.;;;;;-Sierra Morena, gol. Pirineo, pat. Pellicer: con;;Pirineo;;;gol.;1891_03_03;Sierra Morena;;
;;;;;Juan;pat.;;;;;-Sierra Morena, gol. María Teresa, pat. Juan: con;;María Teresa;;;gol.;1891_03_03;Sierra Morena;;
;;N/A: ;;;Fonrodona;pat.;;;;;-Sierra Morena, gol. Tres Hermanas, pat. Fonrodona: con 400 sacos azúcar,;;Tres Hermanas;;;gol.;1891_03_03;Sierra Morena;;
;;;;;Menaya;pat.;;;;;-Sierra Morena, gol. Habanera, pat. Menaya: con;;Habanera;;;gol.;1891_03_03;Sierra Morena;;
;;N/A: ;;;Billet;pat.;;;;;Santa Cruz, gul. Centinela, pat. Billet: con 400;;Centinela;;;gul.;1891_03_03;Santa Cruz;;
;;N/A: ;;;Vidal;pat.;;;;;-Sagua, gol. Joven Luisa, pat. Vidal: con 1,000 sacos azúcar.;;Joven Luisa;;;gol.;1891_03_04;Sagua;;
;;;;;Riobo;pat.;;;;;-Carahatas, gol. Tres Hermanas, pat. Riobo: con;;Tres Hermanas;;;gol.;1891_03_04;Carahatas;;
;;;;;Macip;pat.;;;;;-Santa Cruz, gol. Joven Manuel, pat. Macip: con;;Joven Manuel;;;gol.;1891_03_04;Santa Cruz;;
;;N/A: ;;;Bonet;pat.;;;;;-Jaruco, gol. Joven Lola, pat. Bonet: con 200 sacos azúcar y efectos. - Jaruco, gol. Paquete de Jaruco, pat. Porcel: con;;Joven Lola;;;gol.;1891_03_04;Jaruco;;
;;N/A: ;;;Rigó;pat.;;;;;-Cabañas, gol. Condor, pat. Rigó: con 600 sacos;;Condor;;;gol.;1891_03_04;Cabañas;;
Día :;;N/A: ;;;Torres;pat.;;;;;-Cárdenas, gol. Yumurí, pat. Torres: con 1,200 sacos azúcar y efectos.;;Yumurí;;;gol.;1891_03_04;Cárdenas;;
Día 4:;;N/A: ;;;Juan;pat.;;;;;Día 4: De Cabañas, bdro. Rosita, pat. Juan: con 300 sacos;;Rosita;;;bdro.;1891_03_05;Cabañas;;
;;;;;Portella;pat.;;;;;-Arroyos, gol. Amable Rosita, pat. Portella: con;;Amable Rosita;;;gol.;1891_03_05;Arroyos;;
;;N/A: ;;;Colomar;pat.;;;;;-Baracoa, gol. Gaspar, pat. Colomar: con 40 bocoyea azúcar.;;Gaspar;;;gol.;1891_03_05;Baracoa;;
;;N/A: ;;;Alemany;pat.;;;;;Yaguajay, gol. Cuba, pat. Alemany: con 1,000;Cuba;;;;gol.;1891_03_05;Yaguajay;;
Día 5:;;N/A:  | N/A: ;;;Cardeluz;cap.;;;;;Dia 5: De Sagua, vapor Adela, cap. Cardeluz: con 1,200 sacos azúcar y efectos.;;Adela;;;vap.;1891_03_06;Sagua;;
;;N/A: ;;;Real;cap.;;;;;-Malas-Aguas, vapor Tritón, cap. Real: con 640;;Tritón;;;vapor;1891_03_06;Malas-Aguas;;
;;N/A: ;;;Mas;pat.;;;;;"-Baracoa, gol. Anita, pat. Mas: con 20,000 cocos;";;Anita;;;gol.;1891_03_06;Baracoa;;
;;N/A: ;;;Enseñat;pat.;;;;;-Morrillo, gol. Agustina, pat. Enseñat: con 1,300;;Agustina;;;gol.;1891_03_06;Morrillo;;
;;N/A: ;;;Juan;pat.;;;;;-Cabañas, gol. Rosita, pat. Juan: con 300 sacos;;Rosita;;;gol.;1891_03_06;Cabañas;;
;;;;;Rodríguez;pat.;;;;;-Congojas, gol. Joven Victoria, pat. Rodríguez:;;Joven Victoria;;;gol.;1891_03_06;Congojas;;
;;N/A: ;;;Sastre;pat.;;;;;Mariel, gol. Altagracia, pat. Sastre: con 300 sacos;;Altagracia;;;gol.;1891_03_06;;;
;;N/A:  | N/A:  | N/A: ;;;Linares;pat.;;;;;azúcar y 59 cuarterolas miel. - -Canasí, gol. Catalina, pat. Linares: con 46 bocoyes azúcar y 34 idem miel.;;Catalina;;;gol.;1891_03_06;Canasí;;
;;N/A: ;;;Freixas;pat.;;;;;-Cabañas, gol. Josefa, pat. Freixas: con 830 sacos;;Josefa;;;gol.;1891_03_06;Cabañas;;
;;N/A: ;;;Ferrer;pat.;;;;;-Cárdenas, gol. Isla de Cuba, pat. Ferrer: con 800;;Isla de Cuba;;;gol.;1891_03_06;Cárdenas;;
;;N/A: ;;;Carriga;pat.;;;;;-Jibacoa, gol. 1a de Vinaroz. pat. Carriga: con 30;;1a de Vinaroz;;;gol.;1891_03_06;Jibacoa;;
;;N/A: ;;;García;pat.;;;;;-Babía-Honda, gol Rosario, pat. García: con 400;;Rosario;;;gol;1891_03_06;Babía-Honda;;
;;;;;Ferrer;pat.;;;;;Bahía-Honda, gol. Mereedita, pat. Ferrer: con;;Mereedita;;;gol.;1891_03_06;Bahía-Honda;;
;;N/A: ;;;Ferrer;pat.;;;;;Sagua, gel. María Josefa, pat. Ferrer: con 400;;María Josefa;;;gel.;1891_03_06;Sagua;;
;;N/A: ;;;Toro;pat.;;;;;-Sagua, gol. Rita Fortuna, pat. Toro: con 1,000;;Rita Fortuna;;;gol.;1891_03_06;Sagua;;
;;N/A: ;;;Lazo;pat.;;;;;"-Nuevitas, goi. Emilia, pat. Lazo: con 354 cueros;";;Emilia;;;goi.;1891_03_07;Nuevitas;;
;;N/A: ;;;Moll;pat.;;;;;-Puerto-Padre, gol. Dolores, pat. Moll: con 580;;Dolores;;;gol.;1891_03_07;Padre;;
;;N/A: ;;;Bosch;pat.;;;;;-Dominica, gol. Dominica, pat. Bosch: ccn 330;;Dominica;;;gol.;1891_03_07;Dominica;;
;;;;;Mayans;pat.;;;;;-Punta San Juan, gol. Antonia, pat. Mayans: con;;Antonia;;;gol.;1891_03_07;Punta San Juan;;
;;N/A: ;;;Tortell;pat.;;;;;-Cabañas, gol. Victoria, pat. Tortell: con 600 sacos azúcar.;;Victoria;;;gol.;1891_03_07;Cabañas;;
Día 7:;;;;;Marantes;pat.;;;;;Dia 7: De Mariel, gol. Joven Gertrudis, pat. Marantes: con;;Joven Gertrudis;;;gol.;1891_03_08;Mariel;;
;;N/A:  | N/A: ;;;Rigó;pat.;;;;;825 sacos azúcar. -- -Cabañas, gol. Condor, pat. Rigó: con 600 sacos;;Condor;;;gol.;1891_03_08;Cabañas;;
;;N/A: ;;;Beneján;pat.;;;;;-Mantua, gol. Margarita, pat. Beneján: con 700;;Margarita;;;gol.;1891_03_08;Mantua;;
;;;;;Valent;pat.;;;;;-Cárdenas, gol. María del Carmen, pat. Valent:;;María del Carmen;;;gol.;1891_03_08;Cárdenas;;
;;N/A: ;;;Cervera;pat.;;;;;-Jaruco, gol. Joven Lela, pat. Cervera: con 217;;Joven Lela;;;gol.;1891_03_08;Jaruco;;
;;N/A: ;;;Tous;pat.;;;;;-Canasí, gol. Sabás, pat. Tous: con 525 sacos azúcar.;;Sabás;;;gol.;1891_03_08;Canasí;;
;;N/A: ;;;Espino;pat.;;;;;-Morrillo, gol. Feliy, pat. Espino: con 300 sacos;;Feliy;;;gol.;1891_03_08;Morrillo;;
;;N/A: ;;;Ferrer;pat.;;;;;-Morrillo, gol. Britania, pat. Ferrer: con 300 sacos;;Britania;;;gol.;1891_03_08;Morrillo;;
;;N/A: ;;;Bosch;pat.;;;;;-Dominica gta. Dominica, pat. Bosch: con 300 sacas azúcar.;;Dominica;;;gta.;1891_03_10;Dominica;;
;;N/A: ;;;Prats;pat.;;;;;-Dimas gta. Dos Amigos, pat. Prats: con 800 sacos carbón.;;Dos Amigos;;;gta.;1891_03_10;null;;
;;N/A:  | N/A: ;;;Enseñat;pat.;;;;;"-Morrillo gta. Agustina, pat. Enseñat; con 400 sacos azúcar y 40 cuarterolas de miel.";;Agustina;;;gta.;1891_03_10;Morrillo;;
;;N/A: ;;;Ruiz;pat.;;;;;-Arroyos gta. Dos Hermanas, pat. Ruiz: con 700;;Dos Hermanas;;;gta.;1891_03_10;Arroyos;;
;;N/A: ;;;Cabaleiro;pat.;;;;;-Sagua gta. Rosita, pat. Cabaleiro: con 500 sacos;;Rosita;;;gta.;1891_03_10;Sagua;;
;;N/A:  | N/A:  | N/A: ;;;Sastre;pat.;;;;;29 pipas aguardiente, 99 bocoyes idem y efectos. - Mariel gta. Altagracia, pat. Sastre: con 500 sacos;;Mariel;;;gta.;1891_03_10;;;
;;N/A:  | N/A: ;;;Valent;pat.;;;;;azúcar y efectos. - -Cárdenas gta. Juan Toralla, pat. Valent: con 500;;Juan Toralla;;;gta.;1891_03_10;Cárdenas;;
;;N/A: ;;;Pereira;pat.;;;;;-Carahatas gta. Teresita, pat. Pereira: con 1,100;;Teresita;;;gta.;1891_03_10;Carahatas;;
;;N/A:  | N/A:  | N/A: ;;;Cuevas;pat.;;;;;-Cárdenas gta. Angelita, pat. Cuevas: con 415 sacos, 800 cajitas azúcar y efectos.;;Angelita;;;gta.;1891_03_10;Cárdenas;;
Día :;;N/A:  | N/A: ;;;Baréeló;pat.;;;;;-Bahía Honda gta. Salve Virgen María, pat. Baréeló: con 41 cuarterolas miel y 18 boceyes azúcar.;;Salve Virgen María;;;gta.;1891_03_10;Bahía Honda;;
;;N/A: ;;;Tortell;pat.;;;;;Cabañas gta. Victoria, pat. Tortell: con 600 sacos;;Victoria;;;gta.;1891_03_10;Cabañas;;
;;N/A: ;;;Padrón;pat.;;;;;-Arroyos gta. Joven Jaime, pat. Padrón: con 80;;Joven Jaime;;;gta.;1891_03_10;Arroyos;;
;;N/A: ;;;Bilbao;pat.;;;;;sacos carbón. - -Sagua gta. Clara, pat. Bilbao: con efectos.;;Clara;;;gta.;1891_03_10;Sagua;;
;;N/A: ;;;Masip;pat.;;;;;con 170 sacos azúcar. - -Santa Cruz gta. Joven Manuel, pat. Masip: con;;Joven Manuel;;;gta.;1891_03_10;Santa Cruz;;
Día 10:;;;;;Enseñat;pat.;;;;;Dia 10: De Sierra Morena, gol. Unión, pat. Enseñat: con;;Unión;;;gol.;1891_03_11;Sierra Morena;;
;;N/A: ;;;Freixas;pat.;;;;;-Cabañas, gol. Josefa, pat. Freixas: con 800 saCOB;;Josefa;;;gol.;1891_03_11;Cabañas;;
;;;;;Porcel;pat.;;;;;-Jaruco, gol. Papuete da Jaruco, pat. Porcel: con;;Papuete;;;gol.;1891_03_11;Jaruco;;
;;N/A: ;;;Cervera;pat;;;;;-Jaruco, gol. Joven Lola, pat Cervera: con 44;;Joven Lola;;;gol.;1891_03_12;Jaruco;;
;;;;;Alemany;pat.;;;;;-Sierra Morena, gol. Matilde, pat. Alemany: con;;Matilde;;;gol.;1891_03_12;Sierra Morena;;
;;;;;Cabruja;pat.;;;;;Sagus la Chica, gol. 2a Rosa, pat. Cabruja: con;;2a Rosa;;;gol.;1891_03_12;;;
Día :;;;;;Colón;pat.;;;;;Margajitas, gol. Paquete de Sagua, pat. Colón:;;Paquete;;;gol.;1891_03_12;Sagua;;
Día 13:;;N/A:  | N/A: ;;;Cardeluz;cap.;;;;;Día 13: De Sagua, vapor Adela, cap. Cardeluz: con 1,800 cos azúcar y efectos.;;Adela;;;vap.;1891_03_14;Sagua;;
;;N/A: ;;;Real;cap.;;;;;Malas -Aguas, vepor Tritón, cap. Real: con 600;;Tritón;;;vepor;1891_03_14;Malas -Aguas;;
;;N/A:  | N/A: ;;;Espino;pat.;;;;;"-Morri lo, gol. Feliz, pat. Espino: con 200 sacos azúcar y 20 cuarterolas miel. -Carahatas, gol. Tres Hermanas, pat. Riobo: con 1,200 sacos azúcar y 21 pipas aguardiente. -Mariel, gol. Altagracia, pat, Sastre: con $20 sacos azúcar y 28 bocoyes idem. -Juan López, gol. Tres Hermanas, pat. Frasquet: con 25 cuarterolas miel; 8 quintales bronce y lalón viejo y efectos. -Bajas, gol. San Francisco, pat. Mateu: con 1,000 sacos carhón. -Canasi, gol. Sabás, pat. Colomar: con 500 sacos azúcar. Sierra Morena. gol. Pirineo, pat. Pellicer: con 1,200 sacos azúcar y 48 hocoyes miel. -Santa Cruz, gol. Centinela, pat. Bilber: con 315";;Feliz;;;gol.;1891_03_14;;;
;;N/A: ;;;Enseñat;pat.;;;;;-Sierra Morena, gol. Sofía, pat. Enseñat: con 800;;Sofía;;;gol.;1891_03_14;Sierra Morena;;
;;N/A: ;;;Ferrer;pat.;;;;;-Santa Lucía, gol. Carmita, pat. Ferrer: con 200;;Carmita;;;gol.;1891_03_14;Santa Lucía;;
Día 01:;;N/A:  | N/A:  | N/A: ;;;Esterella;pat.;;;;;"-Gibara, gol. Habana, pat. Esterella: con 297 tercios tabaco; 50 quintales cebollas; 7 fardos suela";;Habana;;;gol.;1891_03_14;Gibara;;
;;N/A: ;;;Moll;pat.;;;;;-Arroyos, gol. Lince, pat. Moll: con 700 sacos de;;Lince;;;gol.;1891_03_14;Arroyos;;
;;;;;Alemany;pat.;;;;;-Sierra Morena, gol. Matilde, pat. Alemany: con;;Matilde;;;gol.;1891_03_14;Sierra Morena;;
Día 01:;;N/A: ;;;Ripoll;pat.;;;;;Yaguajay, gol. Sofía, pat. Ripoll: con 126 piezas;;Sofía;;;gol.;1891_03_14;Yaguajay;;
;;;;;Folgar;pat.;;;;;Sagua la Chica, gol. J. Leocadia, pat. Folgar:;;J. Leocadia;;;gol.;1891_03_14;Sagua la Chica;;
;;N/A: ;;;Colomar;pat.;;;;;-Baracoa, gol. Gaspar, pat. Colomar: con 40 bocoyes miel.;;Gaspar;;;gol.;1891_03_14;Baracoa;;
;;N/A: ;;;Bosch;pat.;;;;;Dominica, gol. Dominica, pat. Bosch: con 880;;Dominica;;;gol.;1891_03_14;Dominica;;
Día 14:;;N/A: ;;;Rigó;pat.;;;;;Dia 14: De Cabañas, gol. Condor, pat. Rigó: con 600 sacos;;Condor;;;gol.;1891_03_15;Cabañas;;
;;N/A: ;;;Ferrer;pat.;;;;;-Dimas, gol. Deseada, pat. Ferrer: con 400 sacos;;Deseada;;;gol.;1891_03_15;Dimas;;
;;;;;Suárez;pat.;;;;;-Bahía-Honda, gol. Rosa María, pat. Suárez: con;;Rosa María;;;gol.;1891_03_15;Bahía-Honda;;
Día 14:;;N/A: ;;;Adivina;pat.;;;;;Dia 14: De Cárdenas, gol. Clío, pat. Adivina: con 1,300 sacos;;Clío;;;gol.;1891_03_17;Cárdenas;;
;;;;;Alemany;pat.;;;;;Cárdenas, gol. Joven Pilar, pat. Alemany: con;;Joven Pilar;;;gol.;1891_03_17;Cárdenas;;
;;N/A:  | N/A:  | N/A: ;;;Vilar;cap.;;;;;"Nuevitas, vapor Mortera, cap. Vilar: con 500 reBes; 1,242 sacos azúcar y 157 bocoyes miel.";;Mortera;;;vapor;1891_03_18;Nuevitas;;
;;N/A: ;;;Mari;cap.;;;;;-Guanes, vapor Guaniguanico, cap. Mari: con 186;;Guaniguanico;;;vapor;1891_03_18;Guanes;;
;;;;;Marantez;pat.;;;;;-Mariel, gol. Joven Gertrudis, pat. Marantes: con;;Joven Gertrudis;;;gol.;1891_03_18;Mariel;;
;;N/A: ;;;Cervera;pat.;;;;;Jaruco, gol. Joven Lola, pat. Cervera: con 350;;Joven Lola;;;gol.;1891_03_18;Jaruco;;
;;;;;Mandilego;pat.;;;;;-Cárdenas, gol. Esmeralda, pat. Mandilego: con;;Esmeralda;;;gol.;1891_03_18;Cárdenas;;
;;;;;Inclán;pat.;;;;;-Cabañas, gol. Caballo Marino, pat. Inclán: con;;Caballo Marino;;;gol.;1891_03_18;Cabañas;;
;;N/A: ;;;Deulofeu;pat.;;;;;Mariel, gol. Trafalgar, pat. Deulofeu: con 800 ваcos azúcar.;;Trafalgar;;;gol.;1891_03_18;;;
Día :;;;;;Joy;pat.;;;;;-Cárdenas, gol. Purísima Concepción, pat. Joy:;;Purísima Concepción;;;gol.;1891_03_18;Cárdenas;;
;;;;;Porcel;pat.;;;;;Jaruco, gol. Paquete de Jaruco, pat. Porcel: con;;Paquete de Jaruco;;;gol.;1891_03_18;Jaruco;;
;;;;;Macip;pat.;;;;;-Santa Cruz, gol. Joven Manuel, pat. Macip: con;;Joven Manuel;;;gol.;1891_03_18;Santa Cruz;;
;;N/A: ;;;Garriga;pat.;;;;;-Jibacoa, gol. 1a de Vinaroz, pat. Garriga: con 20;;1a de Vinaroz;;;gol.;1891_03_18;Jibacoa;;
Día 18:;null;N/A: ;;;Juan;pat.;;;null;;18: De Cabañas, gol. Rosita, pat. Juan: con 250 sacos;;Rosita;;;gol.;1891_03_19;Cabañas;;
Día 20:;null;N/A: ;;;Real;cap.;;;null;;191 20: De Malas-Aguas, vapor Tritón, cap. Real: con 600;;Tritón;;;vap.;1891_03_21;Malas-Aguas;;
;;N/A: ;;;Cardeluz;cap.;;;;;-Sasua, vaoor Adela, cap. Cardeluz: con 2,100 sacos azúcar y efectos.;;Adela;;;vapor;1891_03_21;Sasua;;
;;N/A: ;;;Lladó;pat.;;;;;-Bajas, gol. Carmita, pat. Lladó: con 800 sacos;;Carmita;;;gol.;1891_03_21;Bajas;;
;;N/A: ;;;Gil;pat.;;;;;-Banes, gol. Dos Isabeles, pat. Gil: con 400 sacos;;Dos Isabeles;;;gol.;1891_03_21;Banes;;
;;;;;Rodríguez;pat.;;;;;Cabañas, gol. Dos Amigos, pat. Rodríguez: con;;Dos Amigos;;;gol.;1891_03_21;Cabañas;;
;;N/A: ;;;Alemany;pat.;;;;;-Jaruco, gol. Golondrina, pat. Alemany: con 300;;Golondrina;;;gol.;1891_03_21;Jaruco;;
;;;;;Alemany;pat.;;;;;-Canasí, gol. Amado Antonio, pat. Alemany: en;;Amado Antonio;;;gol.;1891_03_21;Canasí;;
;;N/A: ;;;Bujosa;pat.;;;;;-Morón, gol. Engracia, pat. Bujosa: con 200 palos;;Engracia;;;gol.;1891_03_21;Morón;;
;;;;;Suárez;pat.;;;;;-Santa Cruz, gol. San Antonio, pat. Suárez: con;;San Antonio;;;gol.;1891_03_21;Santa Cruz;;
Día XX:;;;;;Mayans;pat.;;;;;-Playas de San Juan, gol. Candita, pat. Mayans:;;Candita;;;gol.;1891_03_21;Playas de San Juan;;
;;N/A: ;;;Cervera;pat.;;;;;-Jaruco, gol. Joven Lola, pat. Cervera: con 200;;Joven Lola;;;gol.;1891_03_21;Jaruco;;
;;;;;Valent;pat.;;;;;-Cárdenas, gol. María del Carmen, pat. Valent:;;María del Carmen;;;gol.;1891_03_21;Cárdenas;;
;;N/A: ;;;Tous;pat.;;;;;-Canasí, gol. Sabás, pat. Tous: con 502 sacos azúcar.;;Sabás;;;gol.;1891_03_21;Canasí;;
;;N/A: ;;;Ferrer;pat.;;;;;-Cárdenas, gol. Isla de Cuba, pat. Ferrer: con 400;;Isla de Cuba;;;gol.;1891_03_21;Cárdenas;;
;;N/A: ;;;Valent;pat.;;;;;-Cárdenas, gol. Juan Toralla, pat. Valent: con 700;;Juan Toralla;;;gol.;1891_03_21;Cárdenas;;
;;N/A: ;;;Sastre;pat.;;;;;-Mariel, gol. Altagracia, pat. Sastre: con 510 sacos azúcnr.;;Altagracia;;;gol.;1891_03_21;;;
;;;;;Valdés;pat.;;;;;-Arroyos, gol. Correo de Canasí, pat. Valdés: con;;Correo de Canasí;;;gol.;1891_03_21;Arroyos;;
Día 21:;null;N/A:  | N/A:  | N/A: ;;;Cardeluz;cap.;;;null;;"Dis 21: De Sagua, vapor Adela, cap. Cardeluz: con 2,027 Bacos azúcar; 100 reses y efectos.";;Adela;;;vap.;1891_03_22;Sagua;;
;;N/A: ;;;Bosch;pat.;;;;;-Dominica, gol. Dominica, pat. Bosch: con 330;;Dominica;;;gol.;1891_03_22;Dominica;;
;;N/A: ;;;Enseñat;pat.;;;;;-Morrillo, gol. Agustina, pat. Enseñat: con 300;;Agustina;;;gol.;1891_03_22;Morrillo;;
;;N/A: ;;;Maciá;pat.;;;;;-Bajas, gol. Gallego, pat. Maciá: con 600 sacos;;Gallego;;;gol.;1891_03_22;Bajas;;
;;N/A: ;;;Lorenzo;pat.;;;;;-Bajas, gol. Catalina, pat. Lorenzo: con 1,200 sacos carbón.;;Catalina;;;gol.;1891_03_22;Bajas;;
;;N/A: ;;;Pereira;pat.;;;;;-Carahatas, gol. Teresita, pat. Pereira: con 180;;Teresita;;;gol.;1891_03_22;Carahatas;;
;;N/A: ;;;Tortell;pat.;;;;;-Cabañas, gol. Victoria, pat. Tortell: con 240 saCOB azúcar.;;Victoria;;;gol.;1891_03_22;Cabañas;;
;;;;;Macip;pat.;;;;;-Santa Cruz, gol. Joven Manuel, pat. Macip: con;;Joven Manuel;;;gol.;1891_03_22;Santa Cruz;;
;;N/A: ;;;Vilar;cap.;;;;;-Nuevitas, vapor Mortera, cap. Vilar: con 1,246;;Mortera;;;vapor;1891_03_24;Nuevitas;;
;;N/A: ;;;Serra;pat.;;;;;-Arroyos, gol. Amalia, pat. Serra: con 300 sacos;;Amalia;;;gol.;1891_03_24;Arroyos;;
;;;;;Amengual;pat.;;;;;-Dimes, gol. María Mazoni, pat. Amengual: con;;María Mazoni;;;gol.;1891_03_24;Dimes;;
;;N/A: ;;;Pujol;pat.;;;;;-Teja, gol. Isabel II, pat Pujol: con 600 sacOS;;Isabel II;;;gol.;1891_03_24;Teja;;
;;N/A:  | N/A:  | N/A: ;;;Cuevas;pat.;;;;;-Cárdenas, gol. Angelita, pat. Cuevas: con 700 sacos y 600 cajitas azúcar y 40 pipas aguardiente.;;Angelita;;;gol.;1891_03_24;Cárdenas;;
;;N/A:  | N/A: ;;;Tortell;pat.;;;;;-Cabañar, gol. Victoria, pat. Tortell: con 600 sacos azúcar y 16 boooyes iniel.;;Victoria;;;gol.;1891_03_24;Cabañar;;
;;N/A: ;;;Freixas;pat.;;;;;-Cabañas, gol. Josefa, pat. Freixas: con 700 sacos;;Josefa;;;gol.;1891_03_24;Cabañas;;
;;N/A: ;;;Clar;pat.;;;;;-Morrillo, gol. Britania, pat. Clar: con 240 sacus;;Britania;;;gol.;1891_03_24;Morrillo;;
;;N/A: ;;;Espino;pat.;;;;;-Morrillo, gol. Feliz, pat. Espino: con 215 sacOB;;Feliz;;;gol.;1891_03_24;Morrillo;;
;;;;;Ferrer;pat.;;;;;-Bahía-Honda, gol. Mercedita, pat. Ferrer: con;;Mercedita;;;gol.;1891_03_24;Bahía-Honda;;
;;N/A: ;;;Baldó;pat.;;;;;-San Cayetano, gol. Natalia, pat. Baldó: con 300;;Natalia;;;gol.;1891_03_24;San Cayetano;;
;;N/A: ;;;Pérez;pat.;;;;;-Matanzas, gol. Amalia, pat. Pérez: con 25 pipas;;Amalia;;;gol.;1891_03_24;Matanzas;;
;;N/A: ;;;Pérez;pat.;;;;;Matanzas, gol. María, pat. Pérez: con 40 cascos;;María;;;gol.;1891_03_24;Matanzas;;
Día 24:;;N/A: ;;;Rigó;pat.;;;;;Dia 24: De Cabañas, gol. Condor, pat. Rigó: con 400 sacos;;Condor;;;gol.;1891_03_25;Cabañas;;
;;N/A: ;;;Juan;pat.;;;;;-Cabañas, gol. Rosita, pat. Juan: con 250 sacos;;Rosita;;;gol.;1891_03_25;Cabañas;;
;;N/A: ;;;Colomar;pat.;;;;;-Baracoa, gol. Gaspar, pat. Colomar: con 40 bocoyes miel.;;Gaspar;;;gol.;1891_03_25;Baracoa;;
Día 28:;;N/A: ;;;Cardelaz;cap.;;;;;Día 28: De Sagua vapor Adela, cap. Cardelaz: con 200 saco;;Adela;;;vapor;1891_03_29;Sagua;;
Día :;;N/A: ;;;Bilbao;cap.;;;;;-Sagua vapor Clera, cap. Bilbao: con 2000 saco;;Clera;;;vapor;1891_03_29;Sagua;;
;;N/A:  | N/A: ;;;Enseñat;pat.;;;;;-Merrillo gta. Agustina, pat. Enseñat: con 200 sacos azúcar y 20 cuarterolas miel.;;Agustina;;;gta.;1891_03_29;;;
;;N/A: ;;;Acuña;pat.;;;;;-Sagus gta. María Andrea, pat. Acuña: con 800;;María Andrea;;;gta.;1891_03_29;Sagus;;
;;N/A: ;;;Padrón;pat.;;;;;-Arroyos gta. Joven Jaime, pat. Padrón: con 1000;;Joven Jaime;;;gta.;1891_03_29;Arroyos;;
;;N/A: ;;;Enseñiat;pat.;;;;;-Sierra Morena gta. Sofía. pat. Enseñiat: con 785;;Sofía;;;gta.;1891_03_29;Sierra Morena;;
;;N/A: ;;;Torres;pat.;;;;;-Cárdenas gta. Yamari, pat. Torres: con 1350 aa;;Yamari;;;gta.;1891_03_29;Cárdenas;;
;;N/A: ;;;Adivina;pat.;;;;;-Cárdenas gta. Clio, pat. Adivina: con 1050 sacos;;Clio;;;gta.;1891_03_29;Cárdenas;;
;;N/A: ;;;Pellicer;pat.;;;;;-Yaguajay gta, Crisálida, pat. Pellicer: con 180;;Crisálida;;;gta;1891_03_29;Yaguajay;;
;;N/A: ;;;Cervera;pat.;;;;;Jaruco gta. Joven Lola, pat. Cervera: con 186;;Joven Lola;;;gta.;1891_03_29;Jaruco;;
;;N/A:  | N/A: ;;;Sastre;pat.;;;;;-Mariel gta. Altragracia, pat. Sastre: con 200 sacos y 22 bocoyes azúcar.;;Altragracia;;;gta.;1891_03_29;;;
;;N/A: ;;;Colomar;pat.;;;;;-Baracoa gta. Gaspar, pat. Colomar: con 40 bocoyes miel.;;Gaspar;;;gta.;1891_03_29;Baracoa;;
;;N/A: ;;;Tortell;pat.;;;;;-Cabañas gta. Victoria, pat. Tortell: con 600 sacos;;Victoria;;;gta.;1891_03_29;Cabañas;;
;;N/A: ;;;Freixas;pat.;;;;;-Cabañas gta Josefa, pat. Freixas: con 840 sacos;;Josefa;;;gta;1891_03_29;Cabañas;;
;;N/A: ;;;García;pat.;;;;;-Puerto Escondido gta. Joven Pepilla, pat. García, con 220 sacos azúcar.;;Joven Pepilla;;;gta.;1891_03_29;Puerto Escondido;;
;;N/A: ;;;Villet;pat.;;;;;-Santa Cruz gta. Centinela, pat. Villet: con 315;;Centinela;;;gta.;1891_03_29;Santa Cruz;;
;;N/A: ;;;Cabaleiro;pat.;;;;;-Sagua, gol. Rosita, pat. Cabaleiro: con 500 sacos;;Rosita;;;gol.;1891_04_01;Sagua;;
;;N/A: ;;;Pujol;pat.;;;;;Playas de San Juan, gol. Joven Felipe, pat. Pujol: con 1,000 sacos carbón.;;Joven Felipe;;;gol.;1891_04_01;Playas de San Juan;;
;;N/A: ;;;Lazo;pat.;;;;;-Nuevitas, gol. Emilia, pat. Lazo: con 200 caballos;;Emilia;;;gol.;1891_04_01;Nuevitas;;
Día 10:;;;;;Rodríguez;pat.;;;;;Día 10: De Cabañas, gol. Dos Amigos, pat. Rodríguez: con;;Dos Amigos;;;gol.;1891_04_02;Cabañas;;
;;N/A: ;;;Gil;pat.;;;;;-Banes, gol. Dos Isabeles, pat. Gil: con 300 sacos;;Dos Isabeles;;;gol.;1891_04_02;Banes;;
;;N/A: ;;;Clar;pat.;;;;;-Morrillo, gol. Britania, pat. Clar: con 200 sacos;;Britania;;;gol.;1891_04_02;Morrillo;;
;;N/A:  | N/A: ;;;Grandal;pat.;;;;;azúcar y 20 cuarterelas miel. -Yaguajay, gol. María Magdalena, pat. Grandal:;;María Magdalena;;;gol.;1891_04_02;Yaguajay;;
;;;;;García;pat.;;;;;-San Cayetano, gol. Rosario, pat. García: con;;Rosario;;;gol.;1891_04_02;San Cayetano;;
Día 2:;;N/A: ;;;Moll;pat.;;;;;Día 2: De Mantua, gol. Lince, pat. Moll: con 700 sacos;;Lince;;;gol.;1891_04_03;Mantua;;
;;N/A: ;;;Beneján;pat.;;;;;-Dimas, gol. Margarita, pat. Beneján: con 500 sacos carbón.;;Margarita;;;gol.;1891_04_03;Dimas;;
;;;;;Rodríguez;pat.;;;;;-Cabañas, gol. Dos Amigos, pat. Rodríguez: con;;Dos Amigos;;;gol.;1891_04_03;Cabañas;;
;;N/A: ;;;Rigó;pat.;;;;;-Cabañas, gol. Condor, pat. Rigó: con 550 sacos;;Condor;;;gol.;1891_04_03;Cabañas;;
;;N/A: ;;;Cuevas;pat.;;;;;-Cárdenas, gol. Angelita, pat. Cuevas: con 800;;Angelita;;;gol.;1891_04_03;Cárdenas;;
;;N/A: ;;;Cervera;pat.;;;;;-Jaruco, gol. Joven Lola, pat. Cervera: con 156;;Joven Lola;;;gol.;1891_04_03;Jaruco;;
;;N/A: ;;;Bosch;pat.;;;;;-Yaguajay, gol. Numancia, pat. Bosch: con 400;;Numancia;;;gol.;1891_04_03;Yaguajay;;
;;;;;Alemany;pat.;;;;;-Sierra Morena, gol. Matilde, pat. Alemany: con;;Matilde;;;gol.;1891_04_03;Sierra Morena;;
;;N/A: ;;;Real;cap.;;;;;-Malas-Aguas, vapor Tritón, cap. Real: con 300;;Tritón;;;vapor;1891_04_03;Malas-Aguas;;
;;N/A: ;;;Felicó;pat.;;;;;-Guanes, gel. Especulación, pat. Felicó: con 400;;Especulación;;;gel.;1891_04_03;Guanes;;
Día 3:;null;N/A:  | N/A: ;;;Enseñat;pat.;;;null;;Dis 3: De Morrillo, gol. Agustina, pat. Enseñat: con 300 вacos azúcar y 30 cuarterolas miel.;;Agustina;;;gol.;1891_04_04;Morrillo;;
;;N/A: ;;;Adivina;pat.;;;;;-Cárdenas, gol. Clío, pat. Adivina: con 800 sacos;;Clío;;;gol.;1891_04_04;Cárdenas;;
;;N/A: ;;;Sastre;pat.;;;;;Mariel, gol. Altagracia, pat. Sastre: con 530 sacos azúcar.;;Altagracia;;;gol.;1891_04_04;;;
;;;;;Suárez;pat.;;;;;-Bahía-Honda, gol. Rosa María, pat. Suárez: con;;Rosa María;;;gol.;1891_04_04;Bahía-Honda;;
;;;;;Joy;pat.;;;;;-Cárdenas, gol. Purísima Concepción, pat. Joy:;;Purísima Concepción;;;gol.;1891_04_04;Cárdenas;;
;;N/A: ;;;Aleman;pat.;;;;;-Cárdenas, gol. Joven Pilar, pat. Aleman: con 800;;Joven Pilar;;;gol.;1891_04_04;Cárdenas;;
;;;;;Macip;pat.;;;;;-Santa Cruz, gol. Joven Manuel, pat. Macip: con;;Joven Manuel;;;gol.;1891_04_04;Santa Cruz;;
;;N/A: ;;;Torres;pat.;;;;;-Manzanillo, gol. Amistad, pat. Torres: con 1,000;;Amistad;;;gol.;1891_04_04;Manzanillo;;
Día 4:;;N/A:  | N/A:  | N/A: ;;;Cardeluz;cap.;;;;;"Dia 4: De Sagua, vapor Clara, cap. Cardeluz: con 1,300 sacos azúcar; 14 baltos cera y efectos.";;Clara;;;vapor;1891_04_05;Sagua;;
;;;;;Marante;pat.;;;;;-Mariel, gol. Joven Gertrudis, pat. Marantes: con;;Joven Gertrudis;;;gol.;1891_04_05;Mariel;;
;;N/A: ;;;Tous;pat.;;;;;-Canasí, gol. Sabás, pat. Tous: con 500 sacos azúcar.;;Sabás;;;gol.;1891_04_05;Canasí;;
;;N/A:  | N/A: ;;;Tortell;pat.;;;;;-Cabañas, gol. Victoria, pat. Tortell: con 600 sacos azúcar y 40 bocoyes miel.;;Victoria;;;gol.;1891_04_05;Cabañas;;
;;N/A: ;;;Mayans;pat.;;;;;-Caibarién, gol. Aguila, pat. Mayans: con 1,250;;Aguila;;;gol.;1891_04_05;Caibarién;;
;;N/A: ;;;García;pat.;;;;;-Pnerto-Escondido, gol. Joven Pepilla, pat. García: con 210 sacos azúcar.;;Joven Pepilla;;;gol.;1891_04_05;Escondido;;
;;;;;Marantes;pat.;;;;;6. De Mariel, gol. Joven Gertrudis, pat. Marantes: con;;Joven Gertrudis;;;gol.;1891_04_07;Mariel;;
Día :;;N/A: ;;;Saao;pat.;;;;;-Gibara, gol. Moralidad, pat. Saao: con 169 tercios;;Moralidad;;;gol.;1891_04_07;Gibara;;
Día 13:;;N/A: ;;;Garriga;pat.;;;;;-Jibacoa, gol. 13 de Vinaroz, pat. Garriga: con 110;;Jibacoa;;;gol.;1891_04_07;Vinaroz;;
;;;;;Alemany;pat.;;;;;-Carahatas, gol. Tres Hermanas pat. Alemany:;;Tres Hermanas;;;gol.;1891_04_07;Carahatas;;
;;;;;Menaya;pat.;;;;;Sierra Morena, gol. Habanera, pat. Menaya: con;;Habanera;;;gol.;1891_04_08;;;
;;;;;Inclán;pat.;;;;;-Cabañas, gol. Caballo Marino, pat. Inclán: con;;Caballo Marino;;;gol.;1891_04_08;Cabañas;;
;;N/A: ;;;Visquerra;pat.;;;;;-Cárdenas, gol. Yumuri, pat. Visquerra: con 1,350;;Yumuri;;;gol.;1891_04_09;Cárdenas;;
;;;;;Pellicer;pat.;;;;;-Sierra Morena, gol. Pirineo, pat. Pellicer: con;;Pirineo;;;gol.;1891_04_09;Sierra Morena;;
;;;;;Juan;pat.;;;;;-Sierra Morena, gol. María Teresa, pat. Juan: con;;María Teresa;;;gol.;1891_04_09;Sierra Morena;;
;;N/A: ;;;Enseñat;pt.;;;;;-Sierra Morena, gol. Unión, pt. Enseñat: con 1200;;Unión;;;gol.;1891_04_09;Sierra Morena;;
;;N/A: ;;;Esteban;pat.;;;;;-Teja, gol. Vicenta, pat. Esteban: con 400 sacos;;Vicenta;;;gol.;1891_04_09;Teja;;
;;;;;Suárez;pat.;;;;;-Santa Cruz, gol. San Antonio, pat. Suárez: con;;San Antonio;;;gol.;1891_04_09;Santa Cruz;;
;;;;;Mandilego;pat.;;;;;-Cárdenas, gol. Esmeralda, pat. Mandilego: con;;Esmeralda;;;gol.;1891_04_09;Cárdenas;;
;;;;;Valent;pat.;;;;;-Cárdenas, gol. Juan Toralla, pat. Valent: con;;Juan Toralla;;;gol.;1891_04_09;Cárdenas;;
Día 9:;;N/A: ;;;Valent;pat.;;;;;Día 9: De Cárdenas, gol. Juan Toralla, pat Valent: con 140;;Juan Toralla;;;gol.;1891_04_10;Cárdenas;;
;;N/A: ;;;Valent;pat.;;;;;pipas aguardiente. -Cárdenas, gol. María del Carmen, pat. Valent:;;María del Carmen;;;gol.;1891_04_10;Cárdenas;;
;;;;;Cantero;pat.;;;;;-Cárdenas, gol. Aguila de Oro, pat. Cantero: con;;Aguila de Oro;;;gol.;1891_04_10;Cárdenas;;
;;N/A: ;;;Vilar;cap.;;;;;-Nuevitas, vapor Mortera, cap. Vilar: con 500 re808.;;Mortera;;;vapor;1891_04_10;Nuevitas;;
;;N/A:  | N/A: ;;;Alvarez;pat.;;;;;-Sagua, vapor Adela, pat. Alvarez: con 1,380 sacos azúcar y efectos.;;Adela;;;vapor;1891_04_10;Sagua;;
;;;;;Mandilego;pat.;;;;;-Cárdenas, gol. Esmeralda, pat. Mandilego: con;;Esmeralda;;;gol.;1891_04_10;Cárdenas;;
;;N/A:  | N/A:  | N/A: ;;;Pereira;pat.;;;;;700 barriles y 400 cajas azúcar y 30 pipas aguardiente. -Carahatas, gol. Teresita, pat. Pereira: con 1,100;;Teresita;;;gol.;1891_04_10;Carahatas;;
;;N/A: ;;;Gil;pat.;;;;;-Banes, gol. Dos Isabeles, pat. Gil: con 400 sacos;;Dos Isabeles;;;gol.;1891_04_10;Banes;;
;;N/A: ;;;Colomar;pat.;;;;;-Baracoa, gol. Gaspar, pat. Colomar: con 40 bocoyes miel.;;Gaspar;;;gol.;1891_04_10;Baracoa;;
;;N/A: ;;;Juan;pat.;;;;;-Cabañas, bdro. Rosita, pat. Juan: con 250 sacos;;Rosita;;;bdro.;1891_04_10;Cabañas;;
;;N/A: ;;;Rigó;pat.;;;;;-Cabañas, gol. Condor, pat. Rigó: con 785 sacos;;Condor;;;gol.;1891_04_10;Cabañas;;
;;N/A: ;;;Alemany;pat.;;;;;-Cárdenas, gol. María, pat. Alemany: con 100 pipas aguardiente.;;María;;;gol.;1891_04_10;Cárdenas;;
;;N/A: ;;;Covas;pat.;;;;;-Ortigosa, gol. Doloritas, pat. Covas: con 450 sacos azúcar.;;Doloritas;;;gol.;1891_04_10;Ortigosa;;
;;;;;Porcel;pat.;;;;;Jaruco, gol. Poquete de Jaruco, pat. Porcel: con;;Poquete;;;gol.;1891_04_10;Jaruco;;
;;N/A: ;;;Deulofeu;pat.;;;;;-Mariel, gol. Trafalgar, pat. Deulofeu: con 600 sacos Bicar.;;Trafalgar;;;gol.;1891_04_10;;;
;;N/A: ;;;Real;cap.;;;;;-Malas Aguas, vapor Tritón, cap. Real: con 600;;Tritón;;;vap.;1891_04_10;Malas Aguas;;
Día 10:;;N/A: ;;;Ginesta;cap.;;;;;Día 10 De Nuevitas, vapor San Juan, cap. Ginesta: con 1120;;San Juan;;;vapor;1891_04_11;Nuevitas;;
;;N/A: ;;;Borrell;pat.;;;;;Bacos azúcar y efectos | -Teja, gol. Castilla, pat. Borrell: con 1,600 sacos;;Castilla;;;gol.;1891_04_11;Teja;;
;;N/A: ;;;Alemany;pat.;;;;;-Granadillo, gol. Cuba, pat. Alemany: con 1,000 | sacos carbón.;;Cuba;;;gol.;1891_04_11;Granadillo;;
;;N/A: ;;;Sastre;pat.;;;;;Mariel, gol. Altagracia, pat Sastre: con 530 sacos;;Altagracia;;;gol.;1891_04_11;;;
;;N/A: ;;;Freixas;pat.;;;;;-Cabañas, goi. Josefa, pat. Freixas: con 600 sacos;;Josefa;;;goi.;1891_04_11;Cabañas;;
;;N/A: ;;;Fonrodona;pat.;;;;;-Sierra Morena, gol. Tres Hermanas, pat. Fonrodona: con 800 sacos carbón.;;Tres Hermanas;;;gol.;1891_04_11;Sierra Morena;;
;;N/A: ;;;Baldo;pat.;;;;;Granadillo, gol. Na'alia, pat. Baldo: con 600 varas maderas.;;Na'alia;;;gol.;1891_04_11;Granadillo;;
Día 11:;;N/A:  | N/A: ;;;Cardeluz;cap.;;;;;Día 11: De Sagua, vapor Clara, cap. Cardeluz: con 1,500 sacos azúcar y efectos;;Clara;;;vapor;1891_04_12;Sagua;;
Día 13:;;N/A: ;;;Lloret;pat.;;;;;Día 13: De Bajas, gol. Angelita, pat. Lloret: con 70 saccs;;Angelita;;;gol.;1891_04_14;Bajas;;
;;N/A: ;;;Mateu;pat.;;;;;-Bajas, gol. San Francisco, pat. Mateu: con 1,000;;San Francisco;;;gol.;1891_04_14;Bajas;;
;;N/A: ;;;Padrón;pat.;;;;;-Arroyos, gol. Joven Jaime, pat. Padrón: con 800;;Joven Jaime;;;gol.;1891_04_14;Arroyos;;
;;N/A: ;;;Ruiz;pat.;;;;;sacos carbón. - -Arroyos, gol. Dos Hermanas, pat. Ruiz: con 700;;Dos Hermanas;;;gol.;1891_04_14;Arroyos;;
;;;;;Marantes;pat.;;;;;Mariel, gol. Joven Gertrudis, pat. Marantes: con;;Joven Gertrudis;;;gol.;1891_04_14;;;
;;N/A: ;;;Enseñat;pat.;;;;;-Morrillo, gol. Agustina, pat. Enseñat: con 400 sacos azúcar;;Agustina;;;gol.;1891_04_14;Morrillo;;
;;N/A: ;;;Bosch;pat.;;;;;-Dominica, gol. Dominica, pat. Bosch: con 330;;Dominica;;;gol.;1891_04_14;Dominica;;
;;N/A: ;;;Ferrer;pat.;;;;;-Cárdenas, gol. Isla de Cuba, pat. Ferrer: con 700;;Isla de Cuba;;;gol.;1891_04_14;Cárdenas;;
;;N/A: ;;;Cuevas;pat.;;;;;-Cárdenas. gol. Angelita, pat. Cuevas: con 190 pipas aguardiente.;;Angelita;;;gol.;1891_04_14;Cárdenas;;
;;N/A: ;;;Tortell;pat.;;;;;-Cabañas, gol. Victoria, pat. Tortell: con 850 sacos azúcar.;;Victoria;;;gol.;1891_04_14;Cabañas;;
;;N/A: ;;;Cervera;pat.;;;;;Jaruco, gol. Joven Lola, pat. Cervera: con 343;;Joven Lola;;;gol.;1891_04_14;Jaruco;;
;;;;;Maeip;pat.;;;;;Santa Cruz, gol. Joven Manuel, pat. Maeip: con;;Joven Manuel;;;gol.;1891_04_14;Santa Cruz;;
;;N/A: ;;;García;pat.;;;;;Santa Cruz, gol. Centinela, pat. García: con 250;;Centinela;;;gol.;1891_04_14;Santa Cruz;;
;;;;;Menaya;pat.;;;;;-Sierra Morena, gol. Habar era, pat. Menaya: con;;Habar;;;gol.;1891_04_15;Sierra Morena;;
;;;;;Alemany;pat.;;;;;-Carahatas, gol. Tres Hermanas, pat. Alemany:;;Tres Hermanas;;;gol.;1891_04_15;Carahatas;;
;;;;;Alemany;pat.;;;;;-Cárdenas, gol. Joven Pilar, pat. Alemany: con;;Joven Pilar;;;gol.;1891_04_15;Cárdenas;;
;;N/A: ;;;Adivina;pat.;;;;;-Cárdenas, gol. Clío, pat. Adivina: con 800 sacos;;Clío;;;gol.;1891_04_15;Cárdenas;;
;;N/A: ;;;Clar;pat.;;;;;-Morrillo, gol. Britania, pat. Clar: con 300 sacos;;Britania;;;gol.;1891_04_15;Morrillo;;
;;;;;Ferrer;pat.;;;;;-Bahía-Honda, gol. Mercedita, pat. Ferrer: con;;Mercedita;;;gol.;1891_04_15;Bahía-Honda;;
Día 15:;;N/A: ;;;Rigó;pat.;;;;;Día 15: De Cabañas, gol. Condor, pat. Rigó: con 702 sacos;;Condor;;;gol.;1891_04_16;Cabañas;;
;;;;;Rodríguez;pat.;;;;;-Cabañas, gol. Dos Amigos, pat. Rodríguez: con;;Dos Amigos;;;gol.;1891_04_16;Cabañas;;
;;;;;Ronríguez;pat.;;;;;-Congojas, gol. Joven Victoria, pat. Ronríguez:;;Joven Victoria;;;gol.;1891_04_16;Congojas;;
;;N/A: ;;;Freixas;pat.;;;;;-Cabañas, gol. Josefa, pat. Freixas: con 810 sacos;;Josefa;;;gol.;1891_04_16;Cabañas;;
;;N/A: ;;;Valent;pat.;;;;;-Cárdenas, gol Jaan Toralla, pat. Valent: con 200;;Jaan;;;gol;1891_04_16;Cárdenas;;
;;N/A: ;;;Sastre;pat.;;;;;Mariel, gol. Altagracia, pat. Sastre: con 530 sacos azúcar.;;Altagracia;;;gol.;1891_04_16;;;
;;;;;Valent;pat.;;;;;-Cárdenas, gol. María del Carmen, pat. Valent:;;María del Carmen;;;gol.;1891_04_16;Cárdenas;;
;;N/A: ;;;Gil;pat.;;;;;-Banes, gol. Dos Isabeles, pat. Gil: con 400 sacos;;Dos Isabeles;;;gol.;1891_04_16;Banes;;
;;N/A: ;;;Espino;pat.;;;;;-Morrillo, gol. Feliz, pat. Espino: con 200 sacos;;Feliz;;;gol.;1891_04_16;Morrillo;;
;;N/A:  | N/A: ;;;Juan;pat.;;;;;tercios tabaco y efectos. -Cabañas, bdro. Rosita, pat. Juan: con 250 sacos;;Rosita;;;bdro.;1891_04_18;Cabañas;;
;;N/A: ;;;Pereira;pat.;;;;;-Carahatas, gol. Teresita, pat. Pereira: con 1,150;;Teresita;;;gol.;1891_04_18;Carahatas;;
;;N/A: ;;;Tortell;pat.;;;;;-Cabañas, gol. Victoria, pat. Tortell: con 800 sacos azúcar.;;Victoria;;;gol.;1891_04_18;Cabañas;;
;;;;;Mandilego;pat.;;;;;-Cárdenas, gol. Esmeralda, pat. Mandilego: con;;Esmeralda;;;gol.;1891_04_18;Cárdenas;;
;;N/A: ;;;Garriga;pat.;;;;;-Jibacoa, gol. 13 de Vinaroz, pat. Garriga: con 20;;13 de Vinaroz;;;gol.;1891_04_18;Jibacoa;;
;;N/A: ;;;Maciá;pat.;;;;;-Bajas, gol Gallego, pat. Maciá: con 600 sacos;;Gallego;;;gol;1891_04_18;Bajas;;
Día 27:;;;;;Marantes;pat.;;;;;Día 27: De Mariel, gol. Joven Gertrudis, pat. Marantes: con;;Joven Gertrudis;;;gol.;1891_04_23;Mariel;;
;;N/A: ;;;Espino;pat.;;;;;-Morri.lo, gol. Feliz, pat. Espino: con 200 sacos;;Feliz;;;gol.;1891_04_23;Morri.lo;;
;;;;;Alemany;pat.;;;;;-Carahatas, gol. Tres Hermanas, pat. Alemany:;;Tres Hermanas;;;gol.;1891_04_23;Carahatas;;
;;;;;Inclán;pat.;;;;;Cabañas, gol. Caballo Marino, pat. Inclán: con;;Caballo Marino;;;gol.;1891_04_23;Cabañas;;
;;N/A: ;;;Gil;pat.;;;;;-Banes, gol. Dos Isabeles, pat. Gil: con 400 sacos;;Dos Isabeles;;;gol.;1891_04_23;Banes;;
;;N/A: ;;;Padilla;pat.;;;;;-Banes, gol. Josefa, pat. Padilla: con 40 bocoyes;;Josefa;;;gol.;1891_04_23;Banes;;
;;;;;Porcel;pat.;;;;;Jaruco, gol. Paquete de Jaruco, pat. Porcel: con;;Paquete de Jaruco;;;gol.;1891_04_23;Jaruco;;
;;;;;Rodríguez;pat.;;;;;-Cabañas, gol. Des Amigos, pat. Rodríguez: con;;Des Amigos;;;gol.;1891_04_23;Cabañas;;
Día 23:;;N/A:  | N/A: ;;;Cardeiuz;cap.;;;;;Día 23: * and abat De Sagua, vapor Adela, cap. Cardeiuz: con 1,200 sasacos azúcar y efectos.;;Adela;;;vapor;1891_04_24;Sagua;;
;;N/A: ;;;Bosch;pat.;;;;;-Dominica, gol. Tominica, pat. Bosch: con 330;;Tominica;;;gol.;1891_04_24;Dominica;;
;;N/A: ;;;Macip;pat.;;;;;BACOB azúcar. --Santa Cruz gol. Joven Manuel, pat. Macip: con;;Joven Manuel;;;gol.;1891_04_24;Santa Cruz;;
Día :;;N/A: ;;;Adivina;pat.;;;;;-Cárdenas. gol. Clio, pat. Adivina: con 900 sacos;;Clio;;;gol.;1891_04_24;Cárdenas;;
;;N/A: ;;;Real;cap.;;;;;-Malas-Aguas, vapor Tritón, cap. Real: con 640;;Tritón;;;vapor;1891_04_24;Malas-Aguas;;
Día 25:;;N/A: ;;;Acuña;pat.;;;;;Día 25: De Sagua, gol. María Andrea, pat. Acuña: con 800;;María Andrea;;;gol.;1891_04_26;Sagua;;
;;N/A: ;;;Tortell;pat.;;;;;-Cabañas, gol. Victoria, pat. Tortell: con 440 Bacos;;Victoria;;;gol.;1891_04_26;Cabañas;;
;;N/A: ;;;Sastre;pat.;;;;;-Mariel, gol. Altagracia, pat Sastre: con 530 sasoa;;Altagracia;;;gol.;1891_04_26;;;
;;;;;Valent;pat.;;;;;-Cárdenas, gol. María del Carmen, pat. Valent:;;María del Carmen;;;gol.;1891_04_26;Cárdenas;;
;;;;;Alemany;pat.;;;;;-Cárdenas, gol. Joven Pilar, pat. Alemany: con;;Joven Pilar;;;gol.;1891_04_26;Cárdenas;;
;;N/A: ;;;García;pat.;;;;;-Puerto Escondido, gol. Joven Pepilla, pat. García: con 100 sacos azúcar.;;Joven Pepilla;;;gol.;1891_04_26;Puerto Escondido;;
;;N/A:  | N/A: ;;;Coll;pa.;;;;;-Jaruco, gol. Golondrina, pa. Coll: con 160 faneges y 190 sacos maiz.;;Golondrina;;;gol.;1891_04_26;Jaruco;;
;;N/A: ;;;Pujol;pat.;;;;;-Cárdenas, gol. María, pat. Pujol: con 400 sacos;;María;;;gol.;1891_04_26;Cárdenas;;
Día 27:;;;;;Rodríguez;pat.;;;;;Día 27: De Cabañas, gol. Dos Amigos, pat. Rodríguez: con;;Dos Amigos;;;gol.;1891_04_28;Cabañas;;
;;N/A: ;;;Bosch;pat.;;;;;-Dominica, gol. Dominica, pat. Bosch: con 300 sacos azúcar.;;Dominica;;;gol.;1891_04_28;Dominica;;
;;N/A: ;;;Valent;pat.;;;;;-Cárdenas, gol. Juan Toralla, pat Valent: con 709;;Juan Toralla;;;gol.;1891_04_28;Cárdenas;;
;;N/A: ;;;Pereira;pat.;;;;;-Carahatas. gol Teresita, pat. Pereira: con 1,150;;Teresita;;;gol;1891_04_28;Carahatas;;
;;;;;Ferrer;pat.;;;;;-Bahía-Honda, gol. Mercedita, pat. Ferrer: con;;Mercedita;;;gol.;1891_04_28;Bahía-Honda;;
;;;;;Portella;pat.;;;;;-Arroyos, gol. Amable Rosita, pat. Portella: con;;Amable Rosita;;;gol.;1891_04_28;Arroyos;;
;;N/A: ;;;Amengual;pat.;;;;;-Ceja, gol. Maria, pat. Amengual: con 700 sacos;;Maria;;;gol.;1891_04_28;Ceja;;
Día 29:;;;;;Ferrer;pat.;;;;;Dia 29: Para Santa Lucía, gol. Carmita, pat. Ferrer: con eafectos. 09110s 10de7 olgo lo ne;;Carmita;;;gol.;1891_04_30;Santa Lucía;;
Día 29:;;N/A:  | N/A: ;;;Cueyas;pat.;;;;;Día 29: 106b be De Cárdenas, gol. Angelita, pat. Cueyas: con 700;;Angelita;;;gol.;1891_04_30;Cárdenas;;
;;N/A: ;;;Covas;pat.;;;;;-Ortigosa, gol. Deloritas, pat. Covas: con 600 Bacos azúcar.;;Deloritas;;;gol.;1891_04_30;Ortigosa;;
;;N/A: ;;;Beneján;pat.;;;;;-Mantua, gol. Margarita, pat. Beneján: con 700;;Margarita;;;gol.;1891_04_30;Mantua;;
;;N/A:  | N/A:  | N/A: ;;;Esterellas;pat.;;;;;sacos carbón: -Gibara, gol. Habana, pat Esterellas: con 204 tercios tabaco: 4014 pipas aguardiente y 70 cajas petróleo.;;Habana;;;gol.;1891_04_30;Gibara;;
Día 30:;;;;;Alemany;pat.;;;;;Día 30: De Sierra Morena, gol. Matilde, pat. Alemany: con;;Matilde;;;gol.;1891_05_01;Sierra Morena;;
Día 01:;;N/A:  | N/A: ;;;Juan;pat.;;;;;400 sacos azúcar y 30 bocoyes miel. -Sierra Morena, gol. María Teresa, pat. Juan: cen;;María Teresa;;;gol.;1891_05_01;Sierra Morena;;
;;N/A: ;;;Esteban;cap.;;;;;-Teja, gol. Vicenta, cap Esteban: con 400 sacOS;;Vicenta;;;gol.;1891_05_01;Teja;;
;;;;;Suárez;pat.;;;;;-Santa Cruz, gol. San Antonio, pat. Suárez: con;;San Antonio;;;gol.;1891_05_01;Santa Cruz;;
Día :;;N/A: ;;;Bajosa;pat.;;;;;-Sagua gl. Engracia, pat. Bajosa: con 1,600 sacos carbóa;;Engracia;;;gl.;1891_05_01;Sagua;;
;;;;;Macip;pat.;;;;;-Santa Cruz, gol. Joven Manuel, pat. Macip: con;;Joven Manuel;;;gol.;1891_05_01;Santa Cruz;;
;;;;;Pellicer;pat.;;;;;-Sierra Morena, gol. Perineo, pat. Pellicer: con;;Perineo;;;gol.;1891_05_01;Sierra Morena;;
;;;;;Mandilego;pat.;;;;;-Cárdenas, gol. Esmeralda, pat. Mandilego: con;;Esmeralda;;;gol.;1891_05_01;Cárdenas;;
;;N/A: ;;;Ripoll;pat.;;;;;-Caibarién, gol. Sofía, pat. Ripoll: con 104 bocayes miel,;;Sofía;;;gol.;1891_05_01;Caibarién;;
;;N/A:  | N/A:  | N/A: ;;;Cardeluz;cap.;;;;;"-Sagna, vapor Adela, cap. Cardeluz: con 12,00 sacos azúcar; 80 pipas aguardiente y efectos.";;Adela;;;vapor;1891_05_02;Sagna;;
;;N/A: ;;;Real;cap.;;;;;-Malas-Aguas, vapor Tritón, cap. Real: con 700;;Tritón;;;vapor;1891_05_02;Malas-Aguas;;
;;;;;Cantero;pat.;;;;;-Cárdenas, gol. Aguila de Oro, pat. Cantero: con;;Aguila de Oro;;;gol.;1891_05_02;Cárdenas;;
;;N/A: ;;;Enseñat;pat.;;;;;Sierra Morena, gol. Soffa, pat. Enseñat: con 800;;Soffa;;;gol.;1891_05_02;;;
;;N/A: ;;;Adivina;pat.;;;;;-Cárdenas, gol. Clfo, pat. Adivina: con 900 sacos;;Clfo;;;gol.;1891_05_02;Cárdenas;;
Día 01:;;;;;Ioy;pat.;;;;;-Cárdenas, gol. Purisima Concepción, pat. Ioy:;;Purisima Concepción;;;gol.;1891_05_02;Cárdenas;;
;;N/A: ;;;Alemany;pat.;;;;;con 1,900 sacos azúcar. -Carahatas, gol! Tres Hermanas, pat. Alemany:;;Tres Hermanas;;;gol.;1891_05_02;Carahatas;;
;;;;;Durán;pat.;;;;;-Playas de San Juan, gol. Doa Boffas, pat. Durán:;;Doa Boffas;;;gol.;1891_05_02;Playas de San Juan;;
;;;;;Porcel;pat.;;;;;Jarue, gol. Paqueto de Jaruco, pat. Porcel: con;;Paqueto;;;gol.;1891_05_02;Jaruco;;
;;N/A: ;;;Garofa;pat.;;;;;-Puerto-Escondido, gol. Joyen Pepilla, pat. Garofa: con 250 sacos azúcar.;;Joyen;;;gol.;1891_05_02;Escondido;;
;;;;;Villalonga;pat.;;;;;-Sierra Morena, gol. Enriqueta, pat. Villalonga:;;Enriqueta;;;gol.;1891_05_02;Sierra Morena;;
;;N/A: ;;;Colomar;pat.;;;;;-Baracoa, gol. Gaspar, pat. Colomar: con 40 bocoyes azúcar.;;Gaspar;;;gol.;1891_05_02;Baracoa;;
Día 5:;;N/A: ;;;Sastre;pat.;;;;;Día 5: De Mariel, gol. Altagracia, pat. Sastre: con 430 sacos;;Altagracia;;;gol.;1891_05_06;Mariel;;
;;;;;Menaya;pat.;;;;;-Sierra Morena, gol. Habanera, pat. Menaya: con;;Habanera;;;gol.;1891_05_06;Sierra Morena;;
Día 8:;;N/A: ;;;;cap.;;;;;Día 8: De Segna, vapor Adela, cap. Bilbao: con 696 ances;bilbao;Adela;;;vapor;1891_05_09;Segna;;
;;N/A: ;;;Real;cap.;;;;;-Malas-Aguas, vapor Tritón, cap. Real: con 600;;Tritón;;;vapor;1891_05_09;Malas-Aguas;;
;;N/A: ;;;Vilar;cap.;;;;;-Sagua, vapor Clara, cap. Vilar: con 1,116 sacos;;Clara;;;vapor;1891_05_09;Sagua;;
;;N/A: ;;;Maciá;pat.;;;;;-San Cayetano, gol. Gallego, pat. Maciá: con 600;;Gallego;;;gol.;1891_05_09;San Cayetano;;
;;;;;Valent;pat.;;;;;Bacos curbón. -Cárdenas, gol. María del Carmen, pat. Valent:;;María del Carmen;;;gol.;1891_05_09;Cárdenas;;
;;N/A: ;;;Pujol;pat.;;;;;Jaruco, gol, Desempeño, pat. Pujol: con 92 sacos;;Desempeño;;;gol;1891_05_09;Jaruco;;
;;N/A: ;;;Cabres;pat.;;;;;-Sierra Morena, gol. Emilia, pat. Cabres: con 490;;Emilia;;;gol.;1891_05_09;Sierra Morena;;
Día 9:;;;;;Ferrer;pat.;;;;;Día 9: De Bahía-Honda, gol. Mercedita, pat. Ferrer: con;;Mercedita;;;gol.;1891_05_10;Bahía-Honda;;
;;N/A: ;;;Pereira;pat.;;;;;-Carahatas, gta. Teresita, pat. Pereira: con 170;;Teresita;;;gta.;1891_05_12;Carahatas;;
;;N/A:  | N/A: ;;;Torteil;pat.;;;;;-Cabañas, gta. Victoria, pat. Torteil: con 600 cos azúcar y 40 bacoyes miel.;;Victoria;;;gta.;1891_05_12;Cabañas;;
;;N/A:  | N/A: ;;;Freixas;pat.;;;;;-Carahatas, gta Josefa, pat. Freixas: con 600 sacos azúcar y 40 bocoyes miel.;;Josefa;;;gta;1891_05_12;Carahatas;;
;;N/A: ;;;Colomar;pat.;;;;;Baracoa, gta. Gaspar, pat. Colomar: con 40 boyes miel.;;Gaspar;;;gta.;1891_05_12;Baracoa;;
;;N/A: ;;;Deulofeu;pat.;;;;;Mariel, gta. Trafalgar, pat. Deulofeu: con 800;;Trafalgar;;;gta.;1891_05_12;;;
;;N/A: ;;;Valent;pat.;;;;;-Cárdenas, gol. Juan Toralla, pat. Valent: con 700;;Juan Toralla;;;gol.;1891_05_12;Cárdenas;;
;;N/A: ;;;Felicó;pat.;;;;;-Guanes, gol. Especulación, pat. Felicó: con 400;;Especulación;;;gol.;1891_05_13;Guanes;;
;;;;;Marantes;pat.;;;;;-Mariel, gol. Joven Gertrudis, pat. Marantes: con;;Joven Gertrudis;;;gol.;1891_05_13;;;
;;N/A: ;;;Ferrer;pat.;;;;;-Santa Lucia, gol. Carmita, pat. Ferrer: con 200;;Carmita;;;gol.;1891_05_13;Santa Lucia;;
;;N/A: ;;;Moll;pat.;;;;;Mantua, gol. Lince, pat. Moll: con 700 sacos carbón.;;Lince;;;gol.;1891_05_13;Mantua;;
;;N/A: ;;;Ecseñat;pat;;;;;-Morrillo. gol. Agustína, pat Ecseñat: con 400;;Agustína;;;gol.;1891_05_13;Morrillo;;
;;N/A:  | N/A:  | N/A: ;;;Ferrer;pat.;;;;;"-Sagua, gol. María Josefa, pat. Ferrer: con 2,500 1014 pies madera; 270 atravesafios y efectos.";;María Josefa;;;gol.;1891_05_13;Sagua;;
;;N/A: ;;;Espino;pat.;;;;;Morrillo. gol. Feliz, pat. Espino: con 150 sacos;;Feliz;;;gol.;1891_05_13;;;
;;N/A: ;;;Alemany;pat.;;;;;-Yaguajay, gol. Cuba, pat. Alemany: con 600 yaras maderes.;Cuba;;;;gol.;1891_05_13;Yaguajay;;
Día 13:;;N/A: ;;;Besch;pat.;;;;;Día 13: De Dominica, gol. Dominica, pat. Besch: con 330;;Dominica;;;gol.;1891_05_14;Dominica;;
;;N/A: ;;;Colomar;pat.;;;;;-Baracoa, gol. Gaspar, pat. Colomar: con 40 bocoyes miel.;;Gaspar;;;gol.;1891_05_14;Baracoa;;
;;N/A: ;;;Gil;pat.;;;;;-Banes, gol. Dos Isabeles, pat. Gil: con 400 sacos;;Dos Isabeles;;;gol.;1891_05_14;Banes;;
;;;;;Alemany;pat.;;;;;-Sagua, gol. María del Carmen, pat. Alemany:;;María del Carmen;;;gol.;1891_05_14;Sagua;;
Día 14:;;N/A: ;;;Cardeluz;cap.;;;;;Día 14: De Sagua, vapor Adela, cap. Cardeluz: con 375 Bacos;;Adela;;;vapor;1891_05_15;Sagua;;
;;N/A: ;;;Real;cap.;;;;;-Malas-Aguas, vapor Tritón, cap. Real: con 81;;Tritón;;;vapor;1891_05_15;Malas-Aguas;;
;;N/A: ;;;Rigó;pat.;;;;;-Cabañas, gol. Condor, pat. Rigó: con 400 sacos;;Condor;;;gol.;1891_05_15;Cabañas;;
;;N/A: ;;;Sastre;pat.;;;;;-Mariel, gol. Altagracia, pat. Sastre: con 250 sacos;;Altagracia;;;gol.;1891_05_15;;;
;;N/A: ;;;Covas;pat.;;;;;-Ortigosa, gol. Doloritas, pat. Covas: con 440 sacos azúcar.;;Doloritas;;;gol.;1891_05_15;Ortigosa;;
;;;;;Alemany;pat.;;;;;-Carahatas, gol. Tres Hermanas, pat. Alemany:;;Tres Hermanas;;;gol.;1891_05_15;Carahatas;;
Día 15:;;N/A: ;;;Bilbao;cap.;;;;;Día 15: De Sagua vapor Clara, cap. Bilbao: con 1,062 saeos;;Clara;;;vapor;1891_05_16;Sagua;;
;;N/A: ;;;Enseñat;pat.;;;;;-Sierra Morena gta. Sofia, pat. Enseñat: con 800;;Sofia;;;gta.;1891_05_16;Sierra Morena;;
Día :;;N/A: ;;;Adivina;pat.;;;;;-Cárdenas gta. Clio, pat. Adivina: con 1,000 sacos;;Clio;;;gta.;1891_05_16;Cárdenas;;
;;N/A: ;;;Serra;pat.;;;;;-Arroyos gta. Amalia, pat. Serra: con 700 sacos;;Amalia;;;gta.;1891_05_16;Arroyos;;
;;N/A: ;;;Freisas;pat.;;;;;-Cabañas gta. Josefa, pat. Freisas: con 400 sacos;;Josefa;;;gta.;1891_05_16;Cabañas;;
Día 19:;;;;;Pellicer;pat.;;;;;Día 19: De Sierra Morena, gol. Pirineo, pat. Pellicer: con;;Pirineo;;;gol.;1891_05_20;Sierra Morena;;
;;;;;Menaya;pat.;;;;;-Sierra Morena, gol. Habanera, pat. Menaya: con;;Habanera;;;gol.;1891_05_20;Sierra Morena;;
Día 21:;;;;;Cardeluz;cap.;;;;;Día 21: De Sagua, vapor Adela, cap. Cardeluz: con efectos.;;Adela;;;vapor;1891_05_22;Sagua;;
;;N/A: ;;;Real;cap.;;;;;-Malas-Aguas, vapor Tritón, cap. Real: con 600;;Tritón;;;vapor;1891_05_22;Malas-Aguas;;
Día 01:;;;;;Joy;pat.;;;;;-Cárdenas, gol. Purísima Concepción, pat. Joy:;;Purísima Concepción;;;gol.;1891_05_22;Cárdenas;;
Día 25:;;;;;Viñales;cap.;;;;;Día 25: De Nuevitas, vapor Morters, cap. Viñales: con 600;;Morters;;;vap.;1891_05_26;Nuevitas;;
Día 26:;;N/A: ;;;Padrón;pat.;;;;;Día 26 De Arroyos, gol. Juven Jaime, pat. Padrón: con 400;;Juven;;;gol.;1891_05_27;Arroyos;;
;;N/A:  | N/A: ;;;Pujol;pat.;;;;;-Jaruco, gol. Joven Lola, pat. Pujol: con 300 sacos azúcar y 40 cuarterolas miel. -Banes, gol. Dos Isabeles, pat. Gil: con 400 sacos arúcar. -Santa Cruz, gol. Joven Mannel, pat. Masip: con 300 sacos azúcar.;;Joven Lola;;;gol.;1891_05_27;Jaruco;;
;;N/A: ;;;Marcos;pat.;;;;;-Cárdenas, gol María. pat. Marcos: con 100 pipas;;María;;;gol.;1891_05_27;Cárdenas;;
;;;;;Rodríguez;pat.;;;;;-Cabañas, gol. Dos Amigos, pat. Rodríguez: con;;Dos Amigos;;;gol.;1891_05_27;Cabañas;;
Día 29:;;N/A:  | N/A: ;;;Larragan;cap.;;;;;Día 29: De Sagua, vapor Adela, cap. Larragan: con 200 plpas aguardiente y efectos.;;Adela;;;vapor;1891_05_30;Sagua;;
;;N/A: ;;;Rigo;pat.;;;;;Cabañas, gta. Condor, pat. Rigo: con 600 aacos;;Condor;;;gta.;1891_05_30;Cabañas;;
;;N/A: ;;;;pat.ch;;;;;-Dominica, gta. Dominica, pat.ch: con 330;;Dominica;;;gta.;1891_05_30;Dominica;;
;;N/A: ;;;Ruiz;pat.;;;;;-Arroyos, gta. Dos Hermanas, pat. Ruiz: con 800;;Dos Hermanas;;;gta.;1891_05_30;Arroyos;;
;;N/A: ;;;Moll;pat.;;;;;-Arroyos, gta. Lince, pat. Moll: con 700 sacos;;Lince;;;gta.;1891_05_30;Arroyos;;
;;N/A: ;;;Mateu;pat.;;;;;-Bajas, gta. San Francisco, pat. Mateu: con 1000;;San Francisco;;;gta.;1891_05_30;gta.;;
;;N/A: ;;;Espino;pat.;;;;;-Morrillo, gta. Félix, pat. Espino: con 200 sacos;esp.;Félix;;;gta.;1891_05_30;Morrillo;;
;;N/A: ;;;Gil;pat.;;;;;-Banes, gta: Dos Isabeles, pat. Gil: con 400 sacos;;Dos Isabeles;;;gta;1891_05_30;Banes;;
;;N/A: ;;;Cuevas;pat.;;;;;-Cárdenas, gta. Angelita, pat. Cuevas: con 650;;Angelita;;;gta.;1891_05_30;Cárdenas;;
;;N/A: ;;;Real;cap.;;;;;-Malas-Aguas, vapor Tritón, cap. Real: con 400;;Tritón;;;vapor;1891_05_30;Malas-Aguas;;
;;N/A: ;;;Pereira;pat.;;;;;-Carahatas, gol. Teresita, pat. Pereira: con 1,150;;Teresita;;;gol.;1891_05_30;Carahatas;;
;;N/A: ;;;Colomar;pat.;;;;;-Baracoa, gol. Gaspar, pat. Colomar: con 40 bocoyes miel.;;Gaspar;;;gol.;1891_05_30;Baracoa;;
;;;;;Alemán;pat.;;;;;Granadillo, gol. Ignacia Alemán, pat. Mir: con;;Ignacia;;;gol.;1891_05_30;Granadillo;;
;;;;;Sánchez;pat.;;;;;Manzanillo, gol. María Teresa, pat. Sánchez: con;;María Teresa;;;gol.;1891_05_30;Manzanillo;;
Día 19:;;N/A: ;;;Juan;pat.;;;;;Día 19: De Guanes, vapor Guadiana, pat. Juan: con 400 sacos azúcar.;;Guadiana;;;vap.;1891_06_02;Guanes;;
;;N/A: ;;;Bosch;pat.;;;;;-Dominica, gol. Dominica, pat. Bosch: con 830;;Dominica;;;gol.;1891_06_02;Dominica;;
;;N/A: ;;;Piñeiro;pat.;;;;;-Bajas, gol. Carmita, pat. Piñeiro: con 800 sucos;;Carmita;;;gol.;1891_06_02;Bajas;;
;;N/A: ;;;Beneján;pat.;;;;;-Mantua, gol. Margarita, pat. Beneján: con 700;;Margarita;;;gol.;1891_06_02;Mantua;;
;;;;;Prats;pat.;;;;;-Playas de San Juan, gol. Dos Amigos, pat. Prats;;Dos Amigos;;;gol.;1891_06_02;Playas de San Juan;;
;;N/A: ;;;Freixas;pat.;;;;;-Cabañias, gol. Josefa, pat. Freixas: con 600 sacos;;Josefa;;;gol.;1891_06_02;Cabañias;;
Día 2:;;N/A: ;;;Pereira;pat.;;;;;Día 2: De Carahatas, gol. Teresita, pat. Pereira: con 1,150;;Teresita;;;gol.;1891_06_03;Carahatas;;
;;;;;Valent;pat.;;;;;-Cárdenas, gol. María del Carmen, pat. Valent:;;María del Carmen;;;gol.;1891_06_03;Cárdenas;;
;;;;;Marantes;pat.;;;;;-Mariel, gol. Joven Gertrudis, pat. Marantes: con;;Joven Gertrudis;;;gol.;1891_06_03;;;
;;N/A: ;;;Beneján;pat.;;;;;-Mantua, gol. Margarita, pat. Beneján: con 700;;Margarita;;;gol.;1891_06_03;Mantua;;
;;N/A: ;;;Cabaleiro;pat.;;;;;-Congojas, gol. Rosita, pat. Cabaleiro: con 500;;Rosita;;;gol.;1891_06_03;Congojas;;
;;N/A: ;;;Morales;pat.;;;;;-Tiburón, gol. América, pat. Morales: con 1,200;;América;;;gol.;1891_06_03;;;
;;N/A: ;;;Castillo;pat.;;;;;-Puerto-Padre, gol. Blanca, pat. Castillo: con 400;;Blanca;;;gol.;1891_06_03;Padre;;
Día 3:;;N/A: ;;;Real;cap.;;;;;Día 3: De Malas-Aguas, vapor Tritón, cap. Real: con 400;;Tritón;;;vapor;1891_06_04;Malas-Aguas;;
;;N/A:  | N/A: ;;;Villalonga;pat.;;;;;700 sacos carbón. | Mariel, gol. Isabelita, pat. Villalonga: con 70 postea de telégrafos.;;Isabelita;;;gol.;1891_06_04;Mariel;;
;;N/A: ;;;Mayans;pat.;;;;;-Playas de San Jaan, gol. 2a Gertrudis, pat. Mayans: con 800 sacos carbón.;;2a Gertrudis;;;gol.;1891_06_04;Playas de San Jaan;;
Día 5:;;N/A: ;;;Juan;pat.;;;;;Día-5: Da Cabañas, bdro. Rosita, pat. Juan: con 250 sacos;;Rosita;;;bdro.;1891_06_06;Cabañas;;
;;N/A: ;;;Rodríguez;pat.;;;;;-Congojas, gol. Joven Victoria, pat. Rodríguez: IL con 1,050 sacos carbón.;;Joven Victoria;;;gol.;1891_06_06;Congojas;;
;;N/A: ;;;Mateu;pat.;;;;;-San Cayetano, gol. Gallego, pat. Mateu: con 600;;Gallego;;;gol.;1891_06_06;San Cayetano;;
;;N/A: ;;;García;pat.;;;;;Cabañas, gol. Rosario, pat García: con 70 bocoyes miel.;;Rosario;;;gol.;1891_06_06;Cabañas;;
;;N/A:  | N/A: ;;;Mayans;pat;;;;;-Baracoa, gol. Agaila, pat Mayans: con 1,700 cajas petróleo y efectos.;;Agaila;;;gol.;1891_06_06;Baracoa;;
;;N/A: ;;;Sastre;pat.;;;;;Mariel, gol. Altagracia, pat. Sastre: con 100 sacos;;Altagracia;;;gol.;1891_06_06;;;
;;;;;Valent;pat.;;;;;-Cárdenas, gol. Juan Toralla, pat. Valent: con;;Juan Toralla;;;gol.;1891_06_06;Cárdenas;;
;;N/A: ;;;Coll;pat.;;;;;Jaruco, gol. Joven Lola, pat. Coll: con 200 sacos;;Joven Lola;;;gol.;1891_06_06;Jaruco;;
;;N/A: ;;;Tons;pat.;;;;;-Canasí, gol. Sabás, pat. Tons: con 40 bocoyes de;;Sabás;;;gol.;1891_06_06;Canasí;;
;;N/A: ;;;Pujol;pat.;;;;;-Santa Cruz, gol. Desempeño, pat. Pujol: con 200;;Desempeño;;;gol.;1891_06_06;Santa Cruz;;
;;N/A: ;;;Esteban;pat.;;;;;-Teja, gol Vicenta, pat. Esteban: con 400 sacos;;Vicenta;;;gol.;1891_06_06;Teja;;
;;;;;Macip;pat.;;;;;-Santa Cruz, gol. Joven Manuel, pat. Macip: con;;Joven Manuel;;;gol.;1891_06_06;Santa Cruz;;
;;N/A: ;;;Torres;pat.;;;;;-Baracoa, gol. Elva, pat. Torres: con 50,000 cocos;;Elva;;;gol.;1891_06_09;Baracoa;;
;;N/A:  | N/A:  | N/A: ;;;Verga;pat.;;;;;"-Baracoa, gol. Petróleo, pat. Verga: con 2,000 cajas petrólea; 25,000 cocos y efectos.";;Petróleo;;;gol.;1891_06_09;Baracoa;;
;;;;;Marantes;pat.;;;;;Mariel, gol. Joven Gertrudis, pat. Marantes: con;;Joven Gertrudis;;;gol.;1891_06_09;;;
;;N/A: ;;;Bosch;pat.;;;;;-Dominica, gol. Dominica, pat. Bosch: con 330 sacos azúcar.;;Dominica;;;gol.;1891_06_09;Dominica;;
Día :;;;;;González;pat.;;;;;-Sagua la Chica, gol. María Fella, pat. González:;;María Fella;;;gol.;1891_06_09;Sagua la Chica;;
;;N/A:  | N/A:  | N/A: ;;;Cuevas;pat.;;;;;-Cárdenas, gol. Angelita, pat. Cuevas: con 600 barriles 200 sacos azúcar y efectos.;;Angelita;;;gol.;1891_06_09;Cárdenas;;
;;N/A: ;;;Pajol;pat.;;;;;Jaruco, gol. Joven Lola, pat. Pajol: con 300 saCOB;;Joven Lola;;;gol.;1891_06_09;Jaruco;;
;;;;;Mandilego;pat.;;;;;-Cárdenas, gol. Esmeralda, pat. Mandilego: con;;Esmeralda;;;gol.;1891_06_09;Cárdenas;;
;;;;;Valent;pat.;;;;;Cárdenas, gol. Maria del Carmen, pat. Valent:;;Maria del Carmen;;;gol.;1891_06_09;Cárdenas;;
;;N/A:  | N/A: ;;;Marcos;pat.;;;;;-Cárdenas, gol. Marfa, pat. Marcos: 40 pipas aguardiente y efectos.;;Marfa;;;gol.;1891_06_09;Cárdenas;;
;;N/A: ;;;Espino;pat.;;;;;Morrillo, gol. Félix, pat. Espino: 300 sacos de;;Félix;;;gol.;1891_06_09;;;
;;N/A: ;;;Clar;pat.;;;;;-Morrilla, gta. Britania, pat. Clar: con 330 sacos;;Britania;;;gta.;1891_06_09;Morrilla;;
;;N/A: ;;;Adivina;pat.;;;;;-Cárdenas, gta. Clio, pat. Adivina: con 1000 sacos;;Clio;;;gta.;1891_06_09;Cárdenas;;
;;N/A:  | N/A: ;;;Juan;pat.;;;;;250 sacos, 40 fanegas maíz y efectos. - -Sierra Morena, gol. María Teresa, pat. Juan: con;;María Teresa;;;gol.;1891_06_09;Sierra Morena;;
;;;;;Rodríguez;pat.;;;;;-Cabañas, gol. Dos Amigos, pat. Rodríguez: con;;Dos Amigos;;;gol.;1891_06_10;Cabañas;;
;;N/A: ;;;Enseñat;pat.;;;;;-Morrillo, gol. Agustina, pat. Enseñat: con 600 saCOR azúcar.;;Agustina;;;gol.;1891_06_10;Morrillo;;
;;N/A: ;;;Clar;pat.;;;;;-Morrillo, gol. Britania, pat. Clar: con 300 sacos;;Britania;;;gol.;1891_06_10;Morrillo;;
;;N/A: ;;;Pellicer;pat.;;;;;-Yaguajay, gol, Crisálida, pat. Pellicer: con 32 bocores miel.;;Crisálida;;;gol;1891_06_10;Yaguajay;;
;;N/A: ;;;Tocs;pat.;;;;;-Canaal, gol Sabás, pat. Tocs: con 500 sacos azúcar.;;Sabás;;;gol;1891_06_10;Canaal;;
Día 10:;;N/A: ;;;Padrón;pat.;;;;;"Día 10 CATHOO-ATB De Arroyos, gol. Joven Jaime, pat. Padrón; con 1100";;Joven Jaime;;;gol.;1891_06_11;Arroyos;;
;;N/A: ;;;Alemán;pat.;;;;;-Cárdenas, gol. Evelina, pat. Alemán: con 100 pipas aguardiente.;;Evelina;;;gol.;1891_06_11;Cárdenas;;
Día 11:;;N/A: ;;;Real;cap.;;;;;Día 11: De Malas-Aguas, vapor Tritón, cap. Real: con 550;;Tritón;;;vapor;1891_06_12;Malas-Aguas;;
;;N/A: ;;;Rigó;pat.;;;;;-Cabañas, gol. Condor, pat. Rigó: con 780 sacos;;Condor;;;gol.;1891_06_12;Cabañas;;
;;;;;Macip;pat.;;;;;-Santa Cruz, gol. Joven Manuel, pat. Macip: con;;Joven Manuel;;;gol.;1891_06_12;Santa Cruz;;
;;N/A: ;;;Doenlofon;pat.;;;;;-Cabañas, gol Trafalgar, pat. Doenlofon: con 550;;Trafalgar;;;gol.;1891_06_12;Cabañas;;
;;N/A: ;;;García;pat.;;;;;-Cabañas, gol. Rosario, pat. García: con 70 bocoyes miel.;;Rosario;;;gol.;1891_06_12;Cabañas;;
;;N/A: ;;;Pastor;pat.;;;;;-Canaaf, gol. Amado Antonio, pat. Pastor: con 130;;Amado Antonio;;;gol.;1891_06_12;Canaaf;;
;;N/A: ;;;Serra;pat.;;;;;-Arroyos, gol. Amalia, pat. Serra: con 400 zaco;;Amalia;;;gol.;1891_06_12;Arroyos;;
Día 12:;;;;;Cantero;pat.;;;;;Día 12:20 2 De Cárdenas, gol. Aguila de Oro, pat. Cantero: con;;Aguila de Oro;;;gol.;1891_06_13;Cárdenas;;
;;N/A: ;;;Bosch;pat.;;;;;-Dominica, gol. Dominica, pat. Bosch: con 330 sacos azúcar.;;Dominica;;;gol.;1891_06_13;Dominica;;
;;;;;Ferrer;pat.;;;;;-Bahía Honda, gol. Mercedita, pat. Ferrer: con;;Mercedita;;;gol.;1891_06_13;Bahía Honda;;
;;N/A: ;;;Covas;pat.;;;;;-Ortigoan, gol. Dolorita, pat. Covas: con 550 sacos;;Dolorita;;;gol.;1891_06_13;Ortigoan;;
Día :;;N/A: ;;;Tous;pat.;;;;;Canaaf, gol. Sabas, pat. Tous: con 500 sacos azúcar;;Sabas;;;gol.;1891_06_13;;;
;;N/A: ;;;Freixas;pat.;;;;;-Cabañas, gol. Josefa, pat. Freixas: con 600 sacos;;Josefa;;;gol.;1891_06_13;Cabañas;;
;;N/A:  | N/A: ;;;Castillo;pat.;;;;;-Manzanillo, gol. Rosita, pat. Castillo: con 800 paquetes tablillas y efectos;;Rosita;;;gol.;1891_06_13;Manzanillo;;
Día 12:;;;;;Viñales;cap.;;;;;Día 12: De Nuevitas, vapor Mortera, cap. Viñales: con 550;;Mortera;;;vap.;1891_06_14;Nuevitas;;
;;N/A: ;;;Gil;pat.;;;;;-Banes, gta. Doa Isabeles, pat. Gil: con 400 sacos;;Doa;;;gta.;1891_06_14;Isabeles;;
;;N/A: ;;;Bilbao;cap.;;;;;-Sagua, vapor Clara, cap. Bilbao: con 550 sacos;;Clara;;;vap.;1891_06_14;Sagua;;
;;N/A: ;;;Clar;pat.;;;;;-Morrillo, gol. Britania, pat. Clar: con 200 saccs;;Britania;;;gol.;1891_06_14;Morrillo;;
Día 16:;;N/A:  | N/A:  | N/A: ;;;Eaterellas;pat.;;;;;Día 16: De Gibara, gta. Habana, pat. Eaterellas: con 101 tercios tabaco, 350 atravesaños, 200 sacos carbón y;;Habana;;;gta.;1891_06_17;Gibara;;
;;N/A: ;;;Esprius;pat.;;;;;-Guanes, gta. Especulación, pat. Esprius: con 400;;Especulación;;;gta.;1891_06_17;Guanes;;
;;N/A: ;;;Alemany;pat.;;;;;-Dimas, gta. Mercedita, pat. Alemany: con 800;;Mercedita;;;gta.;1891_06_17;Dimas;;
Día :;;;;;Jerez;pat.;;;;;-Gibara, gol. Paquete de Barlay, pat. Jerez: con;;Paquete de Barlay;;;gol.;1891_06_17;Gibara;;
;;N/A: ;;;Torres;pat.;;;;;-Cárdenas, gol. Cárdenas, pat. Torres: con 325;;Cárdenas;;;gol.;1891_06_17;Cárdenas;;
Día :;;N/A: ;;;Vinales;cap.;;;;;-Nuevitas, vapor Mortera, cap. Vinales: con 550;;Mortera;;;vapor;1891_06_17;Nuevitas;;
Día 17:;;;;;Marantea;pat.;;;;;Día 17 De Mariel, gol. Joven Gertradis, pat. Marantea: con;;Joven Gertradis;;;gol.;1891_06_18;Mariel;;
;;N/A: ;;;Pujol;pat.;;;;;-Jaruco, gol. Joven Lola, pat. Pujol: con 385 an;;Joven Lola;;;gol.;1891_06_18;Jaruco;;
;;N/A: ;;;Toralla;pat.;;;;;-Cárdenas, gol Jaan Toralla, pat. Valent: con 150;;Jaan;;;gol;1891_06_18;Cárdenas;;
Día 18:;;;;;Valent;pat.;;;;;"Día 18: De Cárdenas, gol. María del Carmen, pat. Valent;";;María del Carmen;;;gol.;1891_06_19;Cárdenas;;
;;N/A: ;;;Pereira;pat.;;;;;-Carahatas, gol. Teresita, pat. Pereira: con 638;;Teresita;;;gol.;1891_06_19;Carahatas;;
;;N/A: ;;;Cabres;pat.;;;;;-Sierra Morena, gol. Emilla, pat. Cabres: con 500;;Emilla;;;gol.;1891_06_19;Sierra Morena;;
;;N/A:  | N/A: ;;;Deulofeu;pat.;;;;;-Mariel, gol Trafalgar, pat. Deulofeu: con 600 aacos ezúcar y 40 bocoyes miel.;;Trafalgar;;;gol.;1891_06_19;;;
;;;;;Macip;pat.;;;;;-Santa Cruz, gol. Joren Manuel, pat. Macip: con;;Joren;;;gol.;1891_06_19;Santa Cruz;;
Día 19:;;N/A: ;;;Real;cap.;;;;;Día 19: De Malas-Aguas, vapor Tritón, cap. Real: con 100;;Tritón;;;vap.;1891_06_20;Malas-Aguas;;
;;N/A: ;;;Ruiz;pat.;;;;;-Arroyos, gol. Dos Hermanas, pat. Ruiz: con 800;;Dos Hermanas;;;gol.;1891_06_20;Arroyos;;
;;;;;Portella;pat.;;;;;-Arroyos, gol. Amable Rosita, pat. Portella: con;;Amable Rosita;;;gol.;1891_06_20;Arroyos;;
;;N/A: ;;;Mateu;pat.;;;;;-Bajas, gol. San Francisco, pat. Mateu: con 1,000;;San Francisco;;;gol.;1891_06_20;Bajas;;
;;N/A: ;;;Tous;pat.;;;;;Canasi, gol. Sabás, pat. Tous: con 500 sacos azúcar,;;Sabás;;;gol.;1891_06_20;Canasi;;
;;;;;Juan;pat.;;;;;-Sierra Morens, gol. María Teresa, pat. Juan: con;;María Teresa;;;gol.;1891_06_20;Sierra Morens;;
;;N/A: ;;;Pujol;pat.;;;;;-Mantua, gol. Nuevo Hilario, pat. Pujol: con 500;;Nuevo Hilario;;;gol.;1891_06_20;Mantua;;
;;N/A: ;;;Valdo;pat.;;;;;-Granadillo, gol. Natividad, pat. Valdo: con 800;;Natividad;;;gol.;1891_06_20;Granadillo;;
Día :;;;;;Cabruja;pat.;;;;;-Playas de San Juan, gol. 28 Rosa, pat. Cabruja:;;28 Rosa;;;gol.;1891_06_23;Playas de San Juan;;
;;N/A:  | N/A:  | N/A: ;;;Cuevas;pat.;;;;;-Cárdenas, gol. Angelita, pat. Cuevas: con 48 barriles, 600 cajitas y 200 sacos azúcar y efectos.;;Angelita;;;gol.;1891_06_23;Cárdenas;;
;;;;;Lagardete;pat.;;;;;-Sagua la Chica, gol. Teresita, pat. Lagardete: con;;Teresita;;;gol.;1891_06_23;Sagua la Chica;;
;;;;;Porcel;pat.;;;;;Jaruco, gol. Paquete de Jaruco, pat. Porcel: con;;Paquete de Jaruco;;;gol.;1891_06_23;Jaruco;;
;;;;;Alemany;pat.;;;;;-Sierra Morena, gol. Matilde, pat. Alemany: con;;Matilde;;;gol.;1891_06_23;Sierra Morena;;
;;N/A: ;;;Esteban;pat.;;;;;-Tejs, gol. Vicenta, pat. Esteban: con 300 sacos;;Vicenta;;;gol.;1891_06_23;Tejs;;
;;N/A: ;;;Ferrer;pat.;;;;;-Berracos, gol. María Josefa, pat. Ferrer: con 200;;María Josefa;;;gol.;1891_06_23;Berracos;;
;;N/A: ;;;García;pat.;;;;;Canasí, gol. Amado Antonio, pat. García: con 22;;Amado Antonio;;;gol.;1891_06_23;Canasí;;
;;N/A:  | N/A: ;;;Espino;pat.;;;;;-Morrillo, gol. Feliz, pat. Espino: con 227 sacos azúcar y 10 cuarterolas miel.;;Feliz;;;gol.;1891_06_23;Morrillo;;
Día 28:;;N/A: ;;;Viñolas;cap.;;;;;Día 28: De Nuevitas, vap. Mortera, cap. Viñolas: con 550;;Mortera;;;vap.;1891_06_24;Nuevitas;;
;;N/A: ;;;Enseñiat;pat.;;;;;-Sierra Morena, gta. Soffa, pat. Enseñiat: con 800;;Soffa;;;gta.;1891_06_24;Sierra Morena;;
;;N/A: ;;;Colomar;pat.;;;;;Baracoa, gta. Gaspar, pat. Colomar: con 40 bocoyes miel.;;Gaspar;;;gta.;1891_06_24;Baracoa;;
;;N/A: ;;;Moll;pat.;;;;;-Arroyos, gta. Lince, pat. Moll: con 700 sacos;;Lince;;;gta.;1891_06_24;Arroyos;;
Día 24:;;N/A: ;;;Cabaleiro;pat.;;;;;Día 24: De Congojas, gol. Rosita, pat Cabaleiro: con 500 sacos carbón.;;Rosita;;;gol.;1891_06_25;Congojas;;
;;N/A:  | N/A: ;;;Pujol;pat.;;;;;-Jaruco, gol. Joven Lola, pat. Pujol: con 260 sacos azúcar y 8 pipas aguardiente.;;Joven Lola;;;gol.;1891_06_25;Jaruco;;
Día 25:;;N/A: ;;;Real;cap.;;;;;Día 25: De Malas-Aguas, vapor Tritón, cap. Real: con 700;;Tritón;;;vapor;1891_06_26;Malas-Aguas;;
;;;;;Villalonga;pat.;;;;;-San Cayetano, gol. Isabelita, pat. Villalonga: con;;Isabelita;;;gol.;1891_06_26;San Cayetano;;
;;N/A: ;;;Tous;pat.;;;;;-Canasi, gol. Sabás, pat. Tous: con 500 sacos azúcar.;;Sabás;;;gol.;1891_06_26;Canasi;;
;;N/A: ;;;Gil;pat.;;;;;-Banes, gol. Dos Isabeles, pat. Gil: con 400 sacos;;Dos Isabeles;;;gol.;1891_06_26;Banes;;
;;N/A:  | N/A: ;;;Deulofeu;pat.;;;;;-Mariel, gol. Trafalgar, pat. Deulofeu: con 400 aacos azúcar y 30 bocoyes miel.;;Trafalgar;;;gol.;1891_06_26;Mariel;;
;;N/A: ;;;Padrón;pat.;;;;;-Arroyos, gol. Joven Jaime, pat. Padrón: con 1000;;Joven Jaime;;;gol.;1891_06_26;Arroyos;;
Día 28:;;N/A: ;;;Aguiar;pat.;;;;;Día 28: De Santa María, gol. Júcaro, pat. Aguiar: con 900;;Júcaro;;;gol.;1891_06_27;Santa María;;
;;N/A: ;;;Vidal;pat.;;;;;-Sagua, gol. Joven Luisa, pat. Vidal: con 1,000;;Joven Luisa;;;gol.;1891_06_27;Sagua;;
;;;;;Zaragoza;pat.;;;;;-Cárdenas, gol. Isla de Cuba, pat. Zaragoza: con;;Isla de Cuba;;;gol.;1891_06_27;Cárdenas;;
Día 27:;;N/A: ;;;;cap.;;;;;Día 27: De Sagus, vapor Clara, cap. Bilbao: con 112 pipas;Bilbao;Clara;;;vapor;1891_06_28;Sagus;;
;;;;;Inclán;pat.;;;;;-Cabañas, gol. Caballo Marino, pat. Inclán: co;;Caballo Marino;;;gol.;1891_06_28;Cabañas;;
;;;;;Pereira;pat.;;;;;-Carabatas, gol. Teresita, pat. Pereira: entre.;;Teresita;;;gol.;1891_06_28;Carabatas;;
;;;;;Cantero;pat.;;;;;-Cárdenas, gol. Aguila de Oro, pat. Cantero: con;;Aguila de Oro;;;gol.;1891_07_01;Cárdenas;;
;;N/A: ;;;Enseñat;pat.;;;;;-Morrillo, gol Agustina, pat. Enseñat: con 300;;Agustina;;;gol;1891_07_01;Morrillo;;
;;N/A: ;;;Maciá;pat.;;;;;-San Cayetano, gol. Gallego, pat. Maciá: con 600;;Gallego;;;gol.;1891_07_01;San Cayetano;;
;;;;;Alemany;pat.;;;;;Cárdenas, gol. Joven Pilar, pat. Alemany: con;;Joven Pilar;;;gol.;1891_07_01;Cárdenas;;
;;;;;Masip;pat.;;;;;-Santa Cruz, gol. Joven Manuel, pat. Masip: con;;Joven Manuel;;;gol.;1891_07_01;Santa Cruz;;
;;N/A: ;;;García;pat.;;;;;-Puerto-Escoddido, gol. Joven Pepilla, pat. García: con 50 bocoyes miel.;;Joven Pepilla;;;gol.;1891_07_01;Escoddido;;
;;N/A: ;;;Ripoll;pat.;;;;;-Yaguajay, gol. Soffa, pat. Ripoll: con 120 bocoyes;;Soffa;;;gol.;1891_07_01;Yaguajay;;
;;;;;Juan;pat.;;;;;-Sierra Morena, gol. María Teresa, pat. Juan: con;;María Teresa;;;gol.;1891_07_01;Sierra Morena;;
Día :;;;;;Villalonga;pat.;;;;;-Sierra-Morena, gol. Enriqueta, pat. Villalonga:;;Enriqueta;;;gol.;1891_07_01;Sierra-Morena;;
Día 1º:;;N/A: ;;;Rigó;pat.;;;;;Día 1º: De Cabañas, gol. Condor, pat. Rigó: con 318 sacos;;Condor;;;gol.;1891_07_02;Cabañas;;
;;;;;Rodríguez;pat.;;;;;-Cabañas, gol. Dos Amigos, pat. Rodríguez: con;;Dos Amigos;;;gol.;1891_07_02;Cabañas;;
Día 2:;;N/A: ;;;Enseñat;pat.;;;;;Día 2: De Sierra Morena, gol. Sofía, pat. Enseñat: con 800;;Sofía;;;gol.;1891_07_03;Sierra Morena;;
;;;;;Marantes;pat.;;;;;Mariel, gol. Joven Gertrudis, pat. Marantes: con;;Joven Gertrudis;;;gol.;1891_07_03;;;
;;;;;Real;cap.;;;;;-Malas-Aguas, vapor Tritón, cap. Real: con efectos.;;Tritón;;;vapor;1891_07_03;Malas-Aguas;;
Día 3:;;N/A: ;;;Juan;pat.;;;;;Día 3: De Cabañas, bdro. Rosita, pat. Juan: con 250 sacos;;Rosita;;;bdro.;1891_07_04;Cabañas;;
;;N/A:  | N/A: ;;;Deulofeu;pat.;;;;;-Mariel, gol. Trafalgar, pat. Deulofeu: con 881 8acos azúcar y 81 cuarterolas miel. dis;;Trafalgar;;;gol.;1891_07_04;Mariel;;
;;;;;Vera;pat.;;;;;-Caibarién, gol. Pensativo, pat. Vera: en lastre.;;Pensativo;;;gol.;1891_07_04;Caibarién;;
;;N/A: ;;;Pujol;pat.;;;;;Teja. gol. Isabel II, pat. Pujol: con 600 Bacos;;Isabel II;;;gol.;1891_07_04;;;
Día 4:;;N/A: ;;;;cap.;;;;;Día 4: De Sagua, vapor Clara, cap. Bilbao: con 202 #scOS;bilbao;Clara;;;vap.;1891_07_05;Sagua;;
;;N/A:  | N/A:  | N/A: ;;;Pojol;pat.;;;;;"Jaruco gol. Joven Lola, pat. Pojol: con 130 sacos azúcar; 150 sacos maiz y 20 pipas aguardiente";;Joven Lola;;;gol.;1891_07_05;Jaruco;;
;;;;;Ferrer;pat.;;;;;Bahia Honda, gol. Mercedita, pat. Ferrer: con;;Mercedita;;;gol.;1891_07_05;Bahia Honda;;
Día :;;N/A:  | N/A:  | N/A: ;;;Suau;pat.;;;;;200 tercios tabaco y efectos. --Gibara, gol. Moralidad, pat. Suau: con 170 tercios;;Moralidad;;;gol.;1891_07_07;Gibara;;
;;;;;Grandal;pat.;;;;;-Bajas, gol. María Magdalena, pat. Grandal: con;;María Magdalena;;;gol.;1891_07_07;Bajas;;
;;N/A: ;;;Beneján;pat.;;;;;-Mantua, gol. Margarita, pat. Beneján: con 600;;Margarita;;;gol.;1891_07_07;Mantua;;
;;N/A: ;;;Serra;pat.;;;;;-Arroyos, gol. Amalia, pat. Serra: con 800 sacos;;Amalia;;;gol.;1891_07_07;Arroyos;;
;;N/A: ;;;Juan;pat.;;;;;-Cabañas, bdro. Rosita, pat. Juan: con 250 sacos;;Rosita;;;bdro.;1891_07_09;Cabañas;;
;;;;;Rodríguez;pat.;;;;;-Cabañas, gol. Dos Amigos, pat. Rodríguez: con;;Dos Amigos;;;gol.;1891_07_09;Cabañas;;
;;;;;Suárez;pat.;;;;;-Santa Cruz, gol. San Antonio, pat. Suárez: con;;San Antonio;;;gol.;1891_07_09;Santa Cruz;;
;;;;;García;pat.;;;;;-Canasí, gol. Amado Antonio, pat. García: con;;Amado Antonio;;;gol.;1891_07_09;Canasí;;
;;N/A:  | N/A: ;;;Forgal;pat.;;;;;-Sagua la Chica, gol. Joven Leocadia, pat. Forgal: ccn 30,000 tejas y efectos.;;Joven Leocadia;;;gol.;1891_07_09;Sagua la Chica;;
;;N/A: ;;;Lazo;pat.;;;;;Nuevitas, gol. Emilia, pat. Lazo: con 20 caballos;;Emilia;;;gol.;1891_07_09;Nuevitas;;
;;;;;Pereira;pat.;;;;;-Carahatas, gol. Teresita, pat. Pereira: en lastre.;;Teresita;;;gol.;1891_07_09;Carahatas;;
;;N/A:  | N/A: ;;;Pellicer;pat.;;;;;Yaguajay, gol. Crisálida, pat. Pellicer: con 98 bocoyes miel y efectos.;;Crisálida;;;gol.;1891_07_09;Yaguajay;;
;;;;;Frasquet;pat.;;;;;-Juan López, gol. Tres Hermanas, pat. Frasquet:;;Tres Hermanas;;;gol.;1891_07_10;;;
;;N/A: ;;;Gil;pat.;;;;;Banes, gol. Dos Isabeles, pat. Gil: con 400 Bacos;;Dos Isabeles;;;gol.;1891_07_10;Banes;;
Día 10:;;N/A: ;;;Cuevas;pat.;;;;;Día 10: De Cárdenas, gol. Angelita. pat. Cuevas: 6n lastre.;;Angelita;;;gol.;1891_07_11;Cárdenas;;
;;;;;Rodríguez;pat.;;;;;-Congojas, gol. Joven Victoria, pat. Rodríguez:;;Joven Victoria;;;gol.;1891_07_11;Congojas;;
;;;;;Amengual;pat.;;;;;-Dimas, gol. María Mazoni, pat. Amengual: con;;María Mazoni;;;gol.;1891_07_11;;;
;;N/A:  | N/A:  | N/A: ;;;Torres;pat.;;;;;"-Cárdenas, gol. Cárdenas, pat. Torres: con 100 piras aguardiente; 10 bocoyes alcohol y efectos.";;Cárdenas;;;gol.;1891_07_11;Cárdenas;;
;;;;;Ferrer;pat.;;;;;Matanzas, gol. Dos Hermanas, pat. Ferrer: con;;Dos Hermanas;;;gol.;1891_07_11;Matanzas;;
Día 11:;;N/A: ;;;;cap.;;;;;Día 11: De Sagua, vapor Clara, cap. Bilbao: con 379 tercios;bilbao;Clara;;;vapor;1891_07_12;Sagua;;
;;N/A: ;;;Ruiz;pat.;;;;;Arroyos, gol. Dos Hermanas, pat. Ruiz: con 700;;Dos Hermanas;;;gol.;1891_07_12;Arroyos;;
;;N/A:  | N/A: ;;;Linares;pat.;;;;;Canasí. gol. Catalina, pat. Linares: con 25 bocoyes y 160 sacos azúcar y 165 sacos maiz.;;Catalina;;;gol.;1891_07_12;Canasí;;
;;;;;Macip;pat.;;;;;-Santa Cruz, gol. Joven Manuel, pat. Macip: con;;Joven Manuel;;;gol.;1891_07_12;Santa Cruz;;
Día 13:;;N/A:  | N/A:  | N/A: ;;;Yerus;cap.;;;;;"Día: 13: De Mantu a, vapor Guadiana, cap. Yerus: con 207 tercios ta baco; 79 sacos azúcar y efectos";;Guadiana;;;vapor;1891_07_14;Mantu;;
;;N/A: ;;;Ferrer;pat.;;;;;-San Cayetano, gol. Carmita, pat. Ferrer: con 500;;Carmita;;;gol.;1891_07_14;San Cayetano;;
;;N/A: ;;;Rigó;pat.;;;;;-Cabaña 8, gta. Condor, pat. Rigó: con 20 sacos;;Condor;;;gta.;1891_07_14;Cabaña 8;;
;;N/A: ;;;Mas;pat.;;;;;-Baracoa, gta. Anita, pat. Mas: con 40,000 cocos,;;Anita;;;gta.;1891_07_14;Baracoa;;
;;N/A: ;;;Aguiar;pat.;;;;;-Santa María, gta. Júcaro, pat. Aguiar: con 350;;Santa María;;;gta.;1891_07_14;Júcaro;;
Día 14:;;N/A: ;;;Mateu;pat.;;;;;Día 14: De Bajas, gol. San Francisco, pat Mateu: con 1,00;;San Francisco;;;gol.;1891_07_15;Bajas;;
;;;;;Portella;pat.;;;;;-Arroyos, gol. Amable Rosita, pat. Portella: ce;;Amable Rosita;;;gol.;1891_07_15;Arroyos;;
;;N/A: ;;;Riera;pat.;;;;;-Sagua, gol. Rita Fortuna, pat. Riera: con 800 s;;Rita Fortuna;;;gol.;1891_07_15;Sagua;;
;;N/A: ;;;Acuña;pat.;;;;;-Congojas, gol. María Andrea, pat. Acuña: cen 8);;María Andrea;;;gol.;1891_07_15;Congojas;;
;;N/A:  | N/A:  | N/A: ;;;Serra;pat.;;;;;"-Baracoa, gol. Petróleo, pat. Serra: cen 10,000 ccos; 141 sacos cacao; 150 barriles aceite de coo";;Petróleo;;;gol.;1891_07_15;Baracoa;;
;;;;;Suárez;pat.;;;;;-Santa Cruz, gol. San Antonio, pat. Suárez: cn;;San Antonio;;;gol.;1891_07_15;Santa Cruz;;
Día 15:;;N/A: ;;;Cabruja;pat.;;;;;Día 15: De Sauto, gol. 28 Rosa, pat Cabruja: con 1,000 sacos;;28 Rosa;;;gol.;1891_07_16;Sauto;;
;;N/A: ;;;Maciá;pat.;;;;;carbón. -San Cayetano, gol. Gallego, pat. Maciá: con 600;;Gallego;;;gol.;1891_07_16;San Cayetano;;
;;N/A: ;;;Visquerra;pat.;;;;;-Cárdenas, gol. Yumuri, pat. Visquerra: con 260;;Yumuri;;;gol.;1891_07_16;Cárdenas;;
;;;;;Pereira;pat.;;;;;Carahatas, gol. Teresita, pat. Pereira: en lastre.;;Teresita;;;gol.;1891_07_16;Carahatas;;
;;N/A: ;;;Sastre;pat.;;;;;-Mariel, gol. Altagracia, pat. Sastre: en lastro. a;;Altagracia;;;gol.;1891_07_16;;;
Día 16:;;;;;Ventura;cap.;;;;;Día 16: De Nuevitas, vapor Mortera, cap. Ventura: con 600;;Mortera;;;vapor;1891_07_17;Nuevitas;;
;;N/A:  | N/A: ;;;Fonrodona;pat.;;;;;-Sierra Morena, gol. Tres Hermanas, pat. Fonrodona: con 500 sacos carbón y 3 cuerdas leña.;;Tres Hermanas;;;gol.;1891_07_17;Sierra Morena;;
;;N/A: ;;;Esteban;pat.;;;;;-Teja, gol. Vicenta, pat. Esteban: con 600 sacos;;Vicenta;;;gol.;1891_07_17;Teja;;
;;N/A: ;;;Enseñat;pat.;;;;;-Sierra Morena, gol. Sofía, pat. Enseñat: con 600;;Sofía;;;gol.;1891_07_17;Sierra Morena;;
;;N/A: ;;;Moll;pat.;;;;;Mantua, gta. Lince, pat. Moll: con 700 sacos carbon.;;Lince;;;gta.;1891_07_18;Mantua;;
;;N/A: ;;;Covas;pat.;;;;;-Ortigosa, gta. Doloritas, pat. Covas: con 92 cuarterolas de miel.;;Doloritas;;;gta.;1891_07_18;Ortigosa;;
Día 18:;;N/A: ;;;null;cap.;;;;;Día 18: De Sagua, vapor Clara, cap. Bilbao: con 719 tercios;bilbao;Clara;;;vap.;1891_07_19;Sagua;;
;;N/A: ;;;García;pat.;;;;;-Canasí, gol. Amado Antonio, pat. García: con 20;;Amado Antonio;;;gol.;1891_07_19;Canasí;;
;;;;;Valent;pat.;;;;;-Cárdenas, gol. Joan Toralla, pat. Valent: con;;Joan Toralla;;;gol.;1891_07_19;Cárdenas;;
;;N/A:  | N/A:  | N/A: ;;;Pajol;pat.;;;;;"-Jaruco, gol. Joven Lola, pat. Pajol: con 170 fanegas maiz; 65 sacos azúcar; 10 pipas aguardiente";;Joven Lola;;;gol.;1891_07_21;Jaruco;;
;;;;;Suárez;pat.;;;;;-Santa Cruz, gol. San Antonio, pat. Suárez: con;;San Antonio;;;gol.;1891_07_21;Santa Cruz;;
;;;;;Torres;pat.;;;;;-Cárdenas, gol. Cárdenas, pat. Torres: en lastre.;;Cárdenas;;;gol.;1891_07_21;Cárdenas;;
;;N/A: ;;;Padrón;pat.;;;;;-Arroyos, gol. Joven Jaime, pat. Padrón: con 1000;;Joven Jaime;;;gol.;1891_07_22;Arroyos;;
;;N/A: ;;;Deulofeu;pat.;;;;;-Mariel, gol. Trafalgar, pat. Deulofeu: con 600 sacos azúcar.;;Trafalgar;;;gol.;1891_07_22;;;
;;;;;Inclán;pat.;;;;;-Cabañas, gol. Caballo Marino, pat. Inclán: con;;Caballo Marino;;;gol.;1891_07_22;Cabañas;;
;;N/A: ;;;Viñolas;cap.;;;;;-Nuevitas, vapor Mortera, cap. Viñolas: con 600;;Mortera;;;vapor;1891_07_22;Nuevitas;;
Día 22:;;;;;Rodríguez;pat.;;;;;Día 22: De Cabañas, gol. Dos Amigos, pat. Rodríguez: con;;Dos Amigos;;;gol.;1891_07_23;Cabañas;;
;;;;;Pereira;pat.;;;;;-Carahatas, gol. Teresita, pat. Pereira: en lastre.;;Teresita;;;gol.;1891_07_23;Carahatas;;
Día 23:;;N/A:  | N/A: ;;;Bernaza;pat.;;;;;Día 23: De Puerto Padre, gta Tres Hermanas, pat. Bernaza: con 911 atravesaños y efectos.;;Tres Hermanas;;;gta;1891_07_24;Puerto Padre;;
;;N/A: ;;;Real;cap.;;;;;-Malas Aguas, vapor Tritón, cap. Real: con 800;;Tritón;;;vapor;1891_07_24;Malas Aguas;;
;;;;;Escandell;pat.;;;;;-Santa Cruz, gol. Joven Manuel, pat. Escandell:;;Joven Manuel;;;gol.;1891_07_24;Santa Cruz;;
Día 24:;;N/A: ;;;Espino;pat.;;;;;Día 24: De Morrillo, gla. Félix, pat. Espino: con 50 tercerolas de miel.;esp.;Félix;;;gla.;1891_07_25;Morrillo;;
;;N/A: ;;;García;pat.;;;;;-Jibacoa, gta. Vinaroz, pat. García: con 100 fanegas de maiz.;;Vinaroz;;;gta.;1891_07_25;Jibacoa;;
;;N/A: ;;;Juan;pat.;;;;;-Cabañas, bdro. Rosita, pat. Juan: con 61 tercios;;Rosita;;;bdro.;1891_07_28;Cabañas;;
;;N/A: ;;;Cabaleiro;pat.;;;;;-Congojas, gol. Rosita, pat. Cabaleiro: con 500 sacos carbón.;;Rosita;;;gol.;1891_07_28;Congojas;;
;;N/A: ;;;Bujosa;pat.;;;;;Sagua, gol. Engracia, pat. Bujosa: con 1,000 sacos carbón.;;Engracia;;;gol.;1891_07_28;Sagua;;
;;N/A: ;;;Durán;pat.;;;;;-Sagua, gol. Dos Sofías, pat. Durán: con 1,000 sacos carbón.;;Dos Sofías;;;gol.;1891_07_28;Sagua;;
;;;;;Escandell;pat.;;;;;-Santa Cruz, gol. Joven Manuel, pat. Escandell:;;Joven Manuel;;;gol.;1891_07_28;Santa Cruz;;
;;N/A:  | N/A: ;;;Ferrer;pat.;;;;;"-Cárdenas, gol. Purísima Concepción, pat. Ferrer: con 200 sacos azúcar; 30 pipas aguardiente y";;Purísima Concepción;;;gol.;1891_07_28;Cárdenas;;
Día 28:;;N/A:  | N/A: ;;;Yerus;cap.;;;;;Día 28: De Guanes, vapor Guadiana, cap. Yerus: con 864 tercios tabaco y efectos.;;Guadiana;;;vap.;1891_07_29;Guanes;;
;;N/A: ;;;Enseñat;pat.;;;;;Dimas, gta. Agustina, pat. Enseñat: con 800 sacos carbón.;;Agustina;;;gta.;1891_07_29;;;
;;N/A: ;;;Colomar;pat.;;;;;-Cabañas, gta. Gaspar, pat. Colomar: con 40 bocoyes de miel.;;Gaspar;;;gta.;1891_07_29;Cabañas;;
;;N/A: ;;;Real;cap.;;;;;Malas-Aguas, vapor Tritón, cap. Real: con 1,002;;Tritón;;;vapor;1891_07_31;Malas-Aguas;;
;;N/A:  | N/A:  | N/A: ;;;R gó;pat.;;;;;"-Cabañas, gol. Cuba, pat. R gó: con 120 tercerolas miet; 7 pipas aguardiente y efectos.";;Cuba;;;gol.;1891_07_31;Cabañas;;
;;N/A:  | N/A: ;;;Cuevas;pat.;;;;;-Cárdenas, gol. Angelita, pat. Cuevas: con 200 sacos azúcar y efectos.;;Angelita;;;gol.;1891_07_31;Cárdenas;;
;;;;;Suárez;pat.;;;;;-Santa Cruz, gol. San Antonio, pat. Suárez: con;;San Antonio;;;gol.;1891_07_31;Santa Cruz;;
Día 10:;10-08-2023;N/A: ;;;;cap.;;;;;Día 10 de agosto: De 8. gua, vapor Clara, cap. Bilbao: con 478 tercios;;Clara;;;vapor;1891_08_02;Bilbao;;
;;;;;Marantes;pat.;;;;;ariel, gol. María Magdalena, pat. Marantes: en;;María Magdalena;;;gol.;1891_08_02;;;
;;N/A:  | N/A: ;;;Pereira;pat.;;;;;rahatas, gol. Toresita, pat. Pereira: con 60 ter8 tabaco y efectos.;;Toresita;;;gol.;1891_08_02;;;
;;N/A:  | N/A:  | N/A: ;;;Zaragoza;pat.;;;;;"Erdenas, gol. Isla de Cuba, pat. Zaragoza: con 30 pipas aguardiente; 100 sacos azúcar y efectos.";;Isla de Cuba;;;gol.;1891_08_02;;;
;;N/A:  | N/A: ;;;Cabres;pat.;;;;;erra Merena, gol. Emilia, pat. Cabres: con 100 e cos azúcar y efectos.;;Emilia;;;gol.;1891_08_02;Merena;;
;;N/A: ;;;Villalonga;pat.;;;;;gua, gol. Enriqueta, pat. Villalonga: con 1,000;;Enriqueta;;;gol.;1891_08_02;;;
;;N/A: ;;;Aguiar;pat.;;;;;-Santa María, gol. Júcaro, pat. Aguiar: con 800;;Júcaro;;;gol.;1891_08_02;Santa María;;
;;N/A: ;;;Ventura;cap.;;;;;-Cuba, vapor Julia, cap. Ventura: con 19 sacos;;Julia;;;vapor;1891_08_05;Cuba;;
;;N/A: ;;;Padrón;pat.;;;;;-Tejas, gta. Joven Jaime, pat. Padrón: con 1000;;Joven Jaime;;;gta.;1891_08_05;Tejas;;
;;N/A: ;;;Enseñiat;pat.;;;;;Sierra Morena, gta Sofía, pat. Enseñiat: con 13;;Sofía;;;gta;1891_08_05;;;
;;N/A: ;;;Esterellas;pat.;;;;;-Gibara, gia. Habana, pat. Esterellas: con 80;;Habana;;;gia.;1891_08_05;Gibara;;
;;N/A: ;;;Serra;pat.;;;;;-Arroyos, gta. Amalia, pat. Serra: con 700 sacos;am.;Amalia;;;gta.;1891_08_05;Arroyos;;
;;N/A: ;;;Sastre;pat.;;;;;-Mariel, gta. Altagracia, pat. Sastre: con bocoуea;;Altagracia;;;gta.;1891_08_05;Mariel;;
;;;;;Escandell;pat.;;;;;-Santa Cruz, gol. Joven Manuel, pat. Escandell:;;Joven Manuel;;;gol.;1891_08_05;Santa Cruz;;
;;N/A: ;;;Gomila;pat.;;;;;-Mariel, gol. Trafalgar, pat. Gomila: con 102 bocoyes miel.;;Trafalgar;;;gol.;1891_08_05;;;
;;N/A: ;;;Espino;pat.;;;;;-Morrillo, gol. Feliz, pat. Espino: con 6,000 pies;;Feliz;;;gol.;1891_08_05;Morrillo;;
;;;;;Covas;pat.;;;;;-Ortigosa, gol. Doloritas, pat. Covas: en lastre.;;Doloritas;;;gol.;1891_08_05;Ortigosa;;
;;N/A: ;;;Clar;pat.;;;;;-Morrillo, gol. Britania, pat. Clar: con 700 sacos;;Britania;;;gol.;1891_08_05;Morrillo;;
Día 5:;null;N/A:  | N/A:  | N/A: ;;;Mayans;pat.;;;null;;"Dia 5: impo De Baracoa, gol. Aguila, pat. Mayans: con 2,000 cajas petroleo; 200 cajas jabón y efectos.";;Aguila;;;gol.;1891_08_06;Baracoa;;
;;;;;Suárez;pat.;;;;;Santa Cruz, gol. San Antonio, pat. Suárez: con;;San Antonio;;;gol.;1891_08_06;Santa Cruz;;
Día 7:;;N/A: ;;;Real;cap.;;;;;Día 7: De Malas-Aguas, vapor Tritón, cap. Real: con 1,062;;Tritón;;;vapor;1891_08_08;Malas-Aguas;;
;;N/A: ;;;Juan;pat.;;;;;-Cabaña, bdro. Rosita, pat. Juan: con 39 cuarterolas miel.;;Rosita;;;bdro.;1891_08_08;Cabaña;;
;;;;;Rodríguez;pat.;;;;;-Cabañas, gol. Dos Amigos, pat. Rodríguez: con;;Dos Amigos;;;gol.;1891_08_08;Cabañas;;
;;;;;Porcel;pat.;;;;;Jaruco, gol. Paquete de Jaruco, pat. Porcel: con;;Paquete de Jaruco;;;gol.;1891_08_08;Jaruco;;
Día 8:;;N/A: ;;;Ruiz;pat.;;;;;Día 8. De Arroyos, gel. Dos Hermanaa, pat. Ruiz: con 769;;Dos Hermanaa;;;gel.;1891_08_09;Arroyos;;
Día :;;N/A: ;;;;cap.;;;;;-Sagua, vapor Clara, cap. Bilbao: con 760 tercios;bilbao;Clara;;;vapor;1891_08_09;Sagua;;
;;N/A: ;;;Pujol;pat.;;;;;-Jaruco, goi. Joven Lola, pat. Pujol: con 24 cuarterolas miel.;;Joven Lola;;;goi.;1891_08_09;Jaruco;;
;;N/A: ;;;Yerus;cap.;;;;;-Guanes, vap. Guadiana, cap. Yerus: con 715 tercios tabaco.;;Guadiana;;;vap.;1891_08_12;Guanes;;
;;;;;Cantero;pat.;;;;;-Cárdenas, gol. Aguila de Oro, pat. Cantero: con;;Aguila de Oro;;;gol.;1891_08_12;Cárdenas;;
;;N/A: ;;;Gassol;pat.;;;;;-Jibacoa, gol. 1a de Vinaroz, pat. Gassol: con 100;;1a de Vinaroz;;;gol.;1891_08_12;Jibacoa;;
;;;;;González;pat.;;;;;-Congojas, gol. Joven Victoria, pat. González:;;Joven Victoria;;;gol.;1891_08_12;Congojas;;
;;;;;Ferrer;pat.;;;;;-Matanzas, gol. Dos Hermanas, pat. Ferrer: con;;Dos Hermanas;;;gol.;1891_08_12;Matanzas;;
Día 12:;;N/A: ;;;Torres;pat.;;;;;"Día 12; De Baracoa, gol. Elva, pat. Torres: con 50,000 cocos;";;Elva;;;gol.;1891_08_13;Baracoa;;
;;;;;Frasquet;pat.;;;;;-Juan López, gol. Trea Hermanas, pat. Frasquet:;;Trea Hermanas;;;gol.;1891_08_13;;;
;;N/A:  | N/A:  | N/A: ;;;Rigó;pat.;;;;;"-Cabañas, gol. Condor, pat. Rigó: con 31 sacos &zúcar; 20 pipas aguardiente y 30 quintales hierro";;Condor;;;gol.;1891_08_13;Cabañas;;
;;;;;Enseñat;pat.;;;;;-Cárdenas, gol. Juan Toralla. pat. Enseñat: con;;Juan Toralla;;;gol.;1891_08_13;Cárdenas;;
;;;;;Grandal;pat.;;;;;-Bajas, gol. Joven Gertrudis, pat. Grandal: con;;Joven Gertrudis;;;gol.;1891_08_13;;;
;;N/A: ;;;Real;cap.;;;;;. 13 De Malas-Aguas, vapor Tritón, cap. Real: con 825;;Tritón;;;vapor;1891_08_14;Malas-Aguas;;
;;N/A: ;;;Moll;pat.;;;;;-Arroyos, gol. Lince, pat. Moll: con 500 sacos de;;Lince;;;gol.;1891_08_15;Arroyos;;
;;N/A: ;;;Lazo;pat.;;;;;-Nuevitas, gol. Emilia, pat. Lazo: con 60 toros y;;Emilia;;;gol.;1891_08_15;Nuevitas;;
Día 17:;;N/A: ;;;Bilbao;cap.;;;;;Día 17: De Sagua, vapor Clara, cap. Bilbao: con 1033 tercios;;Clara;;;vap.;1891_08_18;Sagua;;
;;N/A: ;;;Juan;pat.;;;;;-Cabañas, bdro. Rosita, pat. Juan: con 250 sacos;;Rosita;;;bdro.;1891_08_18;Cabañas;;
;;N/A: ;;;Felicó;pat.;;;;;Guanes, gol. Especulación, pat. Felicó: con 352;;Especulación;;;gol.;1891_08_18;Guanes;;
;;N/A:  | N/A: ;;;Torres;pat.;;;;;Cárdenas, gol. Cárdenas, pat. Torres: con 500 pipas aguardiente y 100 barriles azúcar.;;Cárdenas;;;gol.;1891_08_18;Cárdenas;;
;;N/A: ;;;Beneján;pat.;;;;;Mantua, gol. Maagarita, pat. Beneján: con 700;;Maagarita;;;gol.;1891_08_18;Mantua;;
Día :;;;;;Calafell;pat.;;;;;-Matanzas, gol. María Josefa, pat. Calafell: con;;María Josefa;;;gol.;1891_08_18;Matanzas;;
;;;;;Inclán;pat.;;;;;Cabañas, gol. Caballo Marino, pat. Inclán: con;;Caballo Marino;;;gol.;1891_08_18;Cabañas;;
;;N/A: ;;;Pujol;pat.;;;;;Mantna, gol. Nuevo Hilario, pat. Pujol: con 550;;Nuevo Hilario;;;gol.;1891_08_18;Mantna;;
;;N/A: ;;;Sastre;pat.;;;;;Mariel, gol. Altagracia, pat. Sastre: con 38 bocoyos miel.;;Altagracia;;;gol.;1891_08_18;;;
;;;;;Suárez;pat.;;;;;Santa Cruz, gol. San Antonio, pat. Suárez: con;;San Antonio;;;gol.;1891_08_18;Santa Cruz;;
;;;;;Adivina;pat.;;;;;-Playas úe San Juan, gol. Clío, pat. Adivina: con;;Clío;;;gol.;1891_08_18;San Juan;;
;;;;;Suáree;pat.;;;;;-Caibarién, gol. Bella Catalina, pat. Suáree: con;;Bella Catalina;;;gol.;1891_08_18;Caibarién;;
;;;;;Mandilego;pat.;;;;;Cárdenas, gol. Esmeralda, pat. Mandilego: con;;Esmeralda;;;gol.;1891_08_20;Cárdenas;;
;;;;;Pellicer;pat.;;;;;-Sierra Morena, gol. Pirineo, pat. Pellicer: cen;;Pirineo;;;gol.;1891_08_20;Sierra Morena;;
;;;;;Cabres;pat.;;;;;-Sierra Morena, gol. Emilia, pat. Cabres: con efectos.;;Emilia;;;gol.;1891_08_20;Sierra Morena;;
Día 21:;;N/A: ;;;Real;cap.;;;;;Día 21: De Malas-Aguas, vapor Tritón, cap. Real: con 1,000;;Tritón;;;vapor;1891_08_22;Malas-Aguas;;
;;N/A: ;;;Piñeiro;pat.;;;;;-Bajas, gol. Carmita, pat. Piñeiro: con 800 sacos;;Carmita;;;gol.;1891_08_22;Bajas;;
;;;;;Portella;pat.;;;;;-Arroyos, gol. Amable Rosita, pat. Portella: con;;Amable Rosita;;;gol.;1891_08_22;Arroyos;;
;;;;;Escandell;pat.;;;;;Santa Cruz, gol. Joven Manuel, pat. Escandell:;;Joven Manuel;;;gol.;1891_08_22;Santa Cruz;;
;;N/A: ;;;Linares;pat.;;;;;-Canasí, gol. Josefina, pat. Linares: con 250 sacos;;Josefina;;;gol.;1891_08_22;Canasí;;
;;;;;Pujol;pat.;;;;;-Santa Cruz, gol. Centinela, pat. Pujol: en lastre.;;Centinela;;;gol.;1891_08_22;Santa Cruz;;
Día 22:;;N/A: ;;;Cardelnz;cap.;;;;;Día 22: De Sagua, vapor Clara, cap. Cardelnz: con 1,908;;Clara;;;vap.;1891_08_23;Sagua;;
;;N/A: ;;;Pereira;pat.;;;;;-Carahatas, gol. Teresita, pat. Pereira: con 67 tercios tabaco.;;Teresita;;;gol.;1891_08_23;Carahatas;;
;;N/A: ;;;Padrón;pat.;;;;;-Teja, gol Joven Victoria, pat. Padrón: con 600;;Joven Victoria;;;gol;1891_08_23;Teja;;
Día :;;N/A: ;;;Yerue;cap.;;;;;Diaton mary De Guane, vapor Guadiana, cap. Yerue: con 1,100;;Guadiana;;;vapor;1891_08_25;Guane;;
;;N/A: ;;;Rigó;pat.;;;;;-Cabañas, gol. Condor, pat. Rigó: con 10 pipas de;;Condor;;;gol.;1891_08_25;Cabañas;;
Día :;;;;;Marautes;pat.;;;;;-Marie gol. María Magdalena, pat. Marautes:;;María Magdalena;;;gol.;1891_08_25;;;
;;N/A: ;;;Enseñat;pat.;;;;;-Bajas, gol. Agustina, pat. Enseñat: con 800 sacos;;Agustina;;;gol.;1891_08_25;Bajas;;
;;N/A: ;;;Aguiar;pat.;;;;;-Congojas, gol. Júcaro, pat. Aguiar: con 600 saeoc;;Júcaro;;;gol.;1891_08_25;Congojas;;
;;;;;Amengual;pat.;;;;;"Dimas, gol. María Mazoni, pat. Amengual; con";;María Mazoni;;;gol.;1891_08_25;;;
;;N/A: ;;;Vidal;pat.;;;;;-Congojas, gol. Joven Luisa, pat. Vidal: con 1,000;;Joven Luisa;;;gol.;1891_08_25;Congojas;;
;;N/A:  | N/A: ;;;Gil;pat.;;;;;Banes, gol. Josefa, pat. Gil: con 42 piezas de cedro y efectos.;;Josefa;;;gol.;1891_08_25;Banes;;
Día 28:;;N/A: ;;;Covas;pat.;;;;;Dia 28 De Cabañas, gol. Dolorits, pat. Covas: con 120 sacos.;;Dolorits;;;gol.;1891_08_27;Cabañas;;
;;N/A: ;;;Cuevas;pat.;;;;;-Cárdenas, gol. Angelita, pat. Cuevas: con 300;;Angelita;;;gol.;1891_08_27;Cárdenas;;
;;N/A: ;;;Doulofeu;pat.;;;;;Mariel, gol. Trafalgar, pat. Doulofeu: con 112 bocoyes miel;;Trafalgar;;;gol.;1891_08_27;;;
;;N/A: ;;;Moll;pat.;;;;;-Puerto-Padre, gol. Dolores, pat. Moll: con 780;;Dolores;;;gol.;1891_08_27;Puerto-Padre;;
Día 27:;;N/A: ;;;Real;cap.;;;;;Día 27: De Malas-Aguas, vapor Tritón, cap. Real: con 988;;Tritón;;;vapor;1891_08_28;Malas-Aguas;;
;;N/A: ;;;Yeras;cap.;;;;;-Guanes, vapor Guadiana, cap. Yeras: con 1,100;;Guadiana;;;vap.;1891_08_28;Guanes;;
Día 28:;;N/A: ;;;Suau;pat.;;;;;Día 28: De Gibara, gol. Moralidad, pat. Suau: con 756 sacos;;Moralidad;;;gol.;1891_08_29;Gibara;;
;;N/A: ;;;Juan;pat.;;;;;-Cabañas, bdro. Rosita, pat. Juan: con 100 sacos;;Rosita;;;bdro.;1891_08_29;Cabañas;;
;;;;;Zaragoza;pat.;;;;;-Cárd bas, gol. Isla de Cubs, pat. Zaragoza: con;;Isla de Cubs;;;gol.;1891_08_29;Cárd;;
;;;;;Pereira;pat.;;;;;-Carabatas, gol. Teresita, pat. Pereira: en lastre.;;Teresita;;;gol.;1891_08_29;;;
Día 29:;;N/A: ;;;Viñolas;cap.;;;;;"Día 29: De Cuba, vap. Mortera, cap. Viñolas: con 500 reses;";;Mortera;;;vap.;1891_08_30;Cuba;;
;;N/A: ;;;Cabaleiro;pat.;;;;;-Congojas, gol. Rosita, pat. Cabaleiro: con 500 sacos carbón.;;Rosita;;;gol.;1891_08_30;Congojas;;
Día 01:;;;;;Prats;pat.;;;;;-Playas de San Juan, gol. Dos Amigos, pat. Prats:;;Dos Amigos;;;gol.;1891_08_30;Playas de San Juan;;
;;N/A:  | N/A:  | N/A: ;;;Enseñiat;pat.;;;;;"Sierra Morena, gol. Sofia, pat. Enseñiat: con 7 estuches azúcar; 3 tercerolas miel de abejas y efectos.";;Sofia;;;gol.;1891_08_30;;;
;;;;;;pat.;;;;;-Congojas. gol. Joven Jaime, pat. Padrón: con;;Joven Jaime;;;gol.;1891_09_01;Padrón;;
Día 01:;;;;;Darán;pat.;;;;;Playas Coloradas, gol. Dos Sofias, pat. Darán:;;Dos Sofias;;;gol.;1891_09_01;Playas Coloradas;;
;;N/A: ;;;Temjuan;pat.;;;;;-Sagua, gol. Castilla, pat. Temjuan: con 1,300 Bcos carbón.;;Castilla;;;gol.;1891_09_01;Sagua;;
;;N/A: ;;;Palan;pat.;;;;;-Yaguajay, gol. Jovan Miguel, pat. Palan: con 500;;Jovan Miguel;;;gol.;1891_09_01;Yaguajay;;
Día 4:;;N/A: ;;;Real;cap.;;;;;Dia 4 De Malas-Aguas, vapor Tritón, cap. Real: con 870;;Tritón;;;vapor;1891_09_05;Malas-Aguas;;
;;N/A: ;;;Ventura;cap.;;;;;-Cuba, vapor Jalia, cap. Ventura: con 475 reses y;;Jalia;;;vapor;1891_09_05;Cuba;;
;;;;;Calafell;pat.;;;;;-Matanzas, gol. María Josefa, pat. Calafell: con;;María Josefa;;;gol.;1891_09_05;Matanzas;;
;;N/A: ;;;Sampar;pat.;;;;;-Puerto-Escondido, gol. Joven Popilla, pat. Sampar: con 10.000 tajss.;;Joven Popilla;;;gol.;1891_09_05;Escondido;;
;;N/A: ;;;Villalunga;pat.;;;;;Uveros, gol. Enriqueta, pat Villalunga: con 800;;Enriqueta;;;gol.;1891_09_05;Uveros;;
;;N/A: ;;;Mall;pat.;;;;;Mantaa, gia Lince, pat. Mall: con 600 sacos carbón.;;Lince;;;gia;1891_09_06;Mantaa;;
;;N/A: ;;;Clar;pat.;;;;;-Morrillo, gta. Britania, pat. Clar: con 800 sacos;Britania;;;;gta.;1891_09_06;Morrillo;;
;;N/A: ;;;Pnjol;pat.;;;;;-Teja, gta. Isabel II, pat. Pnjol: con 600 sacos;;Isabel II;;;gta.;1891_09_06;Teja;;
Día 7:;;;;;Yerus;cap.;;;;;Día 7: De Guanes, vapor Guadiana, cap. Yerus: con 800;;Guadiana;;;vapor;1891_09_08;Guanes;;
;;N/A: ;;;Pérez;pat.;;;;;-Matanzas, gol. Amalia, pat. Pérez: con 90 cascos;;Amalia;;;gol.;1891_09_08;Matanzas;;
Día 10:;null;N/A:  | N/A:  | N/A:  | N/A: ;;;Ventura;cap.;;;null;;"Dia 10 AQ De Cuba, vapor San Juan. cap. Ventura: con 198 reBes; 71 sacos maiz; 98 tercios tabaco y efectos.";;San Juan;;;vap.;1891_09_11;Cuba;;
;;N/A: ;;;Real;cap.;;;;;Malas Aguas, vapor Tritón, cap. Real: con 1,073;;Tritón;;;vap.;1891_09_11;Malas Aguas;;
;;N/A: ;;;Ruiz;pat.;;;;;-Arroyos, gol. Dos Hermanas, pat. Ruiz: con 700;;Dos Hermanas;;;gol.;1891_09_11;Arroyos;;
;;N/A: ;;;Pujol;pat.;;;;;-Mantua, gol. Nuevo Hilario, pat. Pujol: con 550;;Nuevo Hilario;;;gol.;1891_09_11;Mantua;;
;;;;;Valent;pat.;;;;;Cárdenas, gol. María del Carmen, pat. Valent:;;María del Carmen;;;gol.;1891_09_11;Cárdenas;;
;;;;;Macip;pat.;;;;;-Santa Cruz, gol. Joven Manuel, pat. Macip: con;;Joven Manuel;;;gol.;1891_09_11;Santa Cruz;;
;;N/A: ;;;Espino;pat.;;;;;-Morrillo, gol. Feliz, pat. Espino: con 100 caballos;;Feliz;;;gol.;1891_09_11;Morrillo;;
Día 11:;;N/A: ;;;Cardeluz;cap.;;;;;Día 11: De Sagua, vapor Clara, cap. Cardeluz: con 20 pipas;;Clara;;;vapor;1891_09_12;Sagua;;
;;N/A:  | N/A: ;;;Rigó;pat.;;;;;-Cabañas, gol. Condor, pat. Rigó: con 29 pipas aguardiente y efectos.;;Condor;;;gol.;1891_09_12;Cabañas;;
;;;;;Inclán;pat.;;;;;-Uabañas, gol. Caballo Marino, pat. Inclán: con;;Caballo Marino;;;gol.;1891_09_12;Uabañas;;
;;N/A: ;;;Sastre;pat.;;;;;Mariel, gol. Altagracia, pat. Sastre. con 4 bultos;;Altagracia;;;gol.;1891_09_12;;;
;;N/A: ;;;Pérez;pat.;;;;;-Matanzas, gol. María, pat. Pérez: con 25 pipas y;;María;;;gol.;1891_09_12;Matanzas;;
;;N/A: ;;;Alemany;pet.;;;;;-Matanzas, gol. Matilde, pet. Alemany: con 85;;Matilde;;;gol.;1891_09_12;Matanzas;;
;;N/A: ;;;Alemany;pat.;;;;;-San Cayetano, gol. María del Carmen, pat. Alemany: con 700 sacos carbón.;;María del Carmen;;;gol.;1891_09_12;San Cayetano;;
;;;;;Villalonga;pat.;;;;;-San Cayetano, gol. Isabelita, pat. Villalonga: con;;Isabelita;;;gol.;1891_09_12;San Cayetano;;
Día 12:;;;;;Juan;pat.;;;;;Día 12: De Cabañas, bdro. Rosita, pat. Juan: con efectos.;;Rosita;;;bdro.;1891_09_13;Cabañas;;
;;N/A: ;;;Enseñat;pat.;;;;;-Sierra Morena, gol. Sofia, pat. Enseñat: con 81;;Sofia;;;gol.;1891_09_15;Sierra Morena;;
;;N/A: ;;;Gil;pat.;;;;;-Banes, gol. Josefa, pat. Gil: con 8,000 ladrillos.;;Josefa;;;gol.;1891_09_15;Banes;;
;;N/A: ;;;Alemany;pat.;;;;;-Tiburón, gol. Engracia, pat. Alemany: con 1,000;;Engracia;;;gol.;1891_09_15;;;
;;N/A: ;;;Pereira;pat.;;;;;-Carahatas, gol. Teresisa, pat. Pereira: con 36;;Teresisa;;;gol.;1891_09_15;Carahatas;;
;;N/A: ;;;Aguiar;pat.;;;;;-Santa María, gel. Júcaro, pat. Aguiar: con 950;;Júcaro;;;gel.;1891_09_16;;;
;;N/A: ;;;Mateu;pat.;;;;;-Bajas, gol San Francisco, pat. Mateu: con 1000;;San Francisco;;;gol.;1891_09_16;Bajas;;
;;;;;Padrón;pat.;;;;;"-Playas Coloradas, gol. 2 Rosa, pat. Padrón; con";;2 Rosa;;;gol.;1891_09_16;Playas Coloradas;;
;;N/A: ;;;Cabres;pat.;;;;;-Manati, gol. Unión, pat. Cabres: con 100 toras;;Unión;;;gol.;1891_09_16;Manati;;
;;;;;Simó;pat.;;;;;Granadillo, gol. Joven Felipe, pat. Simó: con;;Joven Felipe;;;gol.;1891_09_16;Granadillo;;
;;;;;Mandilego;pat.;;;;;-Cárdenas, gol. Esmeralda, pat. Mandilego: con;;Esmeralda;;;gol.;1891_09_16;Cárdenas;;
;;;;;Macip;pat.;;;;;-Santa Cruz, gol. Joven Manuel, pat. Macip: con;;Joven Manuel;;;gol.;1891_09_16;Santa Cruz;;
Día :;;;;;Mazo;pat.;;;;;-Jaruco, gol. 1a de Vinaroz, pat. Mazo: en lastre.;;1a;;;gol.;1891_09_16;Vinaroz;;
Día 16:;;;;;Suárez;pat.;;;;;Dia 16: De Punta Alegre, gol. Bella Catalina, pat. Suárez:;;Bella Catalina;;;gol.;1891_09_17;Punta Alegre;;
;;N/A: ;;;Mas;pat.;;;;;"-Baracoa, gol. Anita, pat. Mas: con 80,000 cocos;";;Anita;;;gol.;1891_09_17;Baracoa;;
;;;;;Fearer;pat.;;;;;-Matanzas, gol. Dos Hermanas, pat. Fearer: con;;Dos Hermanas;;;gol.;1891_09_17;Matanzas;;
;;N/A: ;;;Castillo;pat.;;;;;-Manzanillo, gol. Rosita pat Castillo: con 713;;Rosita;;;gol.;1891_09_17;Manzanillo;;
Día :;;;;;Orbay;pat.;;;;;-Mulata, gol. Paquete de Nuevitas, pat. Orbay:;;Paquete;;;gol.;1891_09_17;Nuevitas;;
;;N/A: ;;;Visquerra;pat.;;;;;-Cárdenas, gol. Yamuri, pat. Visquerra: con 150;;Yamuri;;;gol.;1891_09_17;Cárdenas;;
;;N/A: ;;;Juan;pat.;;;;;Uveros, gol. María Teresa, pat. Juan: con 1,300;;María Teresa;;;gol.;1891_09_17;Uveros;;
Día 18:;;N/A: ;;;Real;cap.;;;;;Día 18: Da Malas-Aguas, vapor Tritón, cap. Real: con 700;;Tritón;;;vapor;1891_09_19;Malas-Aguas;;
Día :;;;;;Mateu;pat.;;;;;-Punta Larga, gol. San Francisco, pat. Mateu:;;San Francisco;;;gol.;1891_09_19;Punta Larga;;
;;;;;Acuña;pat.;;;;;Congojas, gol. María Andrea, pat. Acuña: con;;María Andrea;;;gol.;1891_09_19;Congojas;;
Día 19:;;N/A:  | N/A:  | N/A: ;;;Vilar;cap.;;;;;"Día 19: De Nuevitas, vapor Mortera, cap. Vilar: con 496 reses; 30 cascos ron y efectos";;Mortera;;;vapor;1891_09_20;Nuevitas;;
;;;;;Marantez;pat.;;;;;Banes, gol. María Magdalena, pat. Marantes: con;;María Magdalena;;;gol.;1891_09_20;Banes;;
;;;;;Alemany;pat.;;;;;-Cárdenas, gol. Joven Pilar, pat. Alemany: con;;Joven Pilar;;;gol.;1891_09_20;Cárdenas;;
;;;;;Zaragoza;pat.;;;;;-Cárdenas, gol. Isla de Cuba, pat. Zaragoza: con;;Isla de Cuba;;;gol.;1891_09_20;Cárdenas;;
;;N/A:  | N/A:  | N/A: ;;;Esterellas;pat.;;;;;"-Gibara, gol. Hahana, pat. Esterellas: con 560 atravesaños; 1,158 sacos maiz; 27 pipotes alcohol;";;Hahana;;;gol.;1891_09_22;Gibara;;
;;;;;Portella;pat.;;;;;-Arroyos, gol. Amable Rosita, pat. Portella: con;;Amable Rosita;;;gol.;1891_09_22;Arroyos;;
;;N/A: ;;;Pérez;pat.;;;;;-Matanzas, gol. Amalis, pat. Pérez: con 3 bocoyes;;Amalis;;;gol.;1891_09_22;Matanzas;;
;;N/A: ;;;Felicó;pas.;;;;;-Guanes, gol. Especulación, pas. Felicó: con 350;;Especulación;;;gol.;1891_09_22;Guanes;;
Día 23:;;;;;Calafell;pat.;;;;;Día 23. De Matanzas, gol. María Josefa, pat. Calafell: con;;María Josefa;;;gol.;1891_09_24;Matanzas;;
;;N/A:  | N/A: ;;;Lazo;pat.;;;;;"135 bocoyas y 2012 idem aguardiente. -Nuevitas, gol. Emilia, pat. Lazo, con 50 toros;";;Emilia;;;gol.;1891_09_24;Nuevitas;;
;;;;;Gil;pat.;;;;;-Banes. gol. Josefa, pat. Gil: en lastre.;;Josefa;;;gol.;1891_09_24;Banes;;
;;;;;Cantero;pat.;;;;;-Cárdenas, gol. Agui a de Oro, pat. Cantero: con;;Agui a de Oro;;;gol.;1891_09_24;Cárdenas;;
Día 21:;null;N/A: ;;;Po eira;pat.;;;null;;Dis 21: De Carabatas, gol Teresita, pat. Po eira: con 71 tercios tabaco.;;Teresita;;;gol;1891_09_25;Carabatas;;
Día 01:;;N/A: ;;;Pér;pat.;;;;;-Matanzas, gol. Maifa, pat. Pér z: con 34 pipas y;;Maifa;;;gol.;1891_09_25;Matanzas;;
;;N/A: ;;;Prate;pat.;;;;;Arroyos, gol. Dos Amigos, pat. Prate: con 950;;Dos Amigos;;;gol.;1891_09_29;Arroyos;;
;;N/A:  | N/A: ;;;Lloret;pat.;;;;;-Bajas, gol. Angelita, pat. Lloret: con 250 quintales cáscara de mangle y efectos.;;Angelita;;;gol.;1891_09_29;Bajas;;
;;N/A: ;;;Enseñat;pat.;;;;;-Sierra Morena, gol. Sofía, pat. Enseñat: con 80;;Sofía;;;gol.;1891_09_29;Sierra Morena;;
;;N/A: ;;;Juan;pat.;;;;;-Cabañas, bdro. Rosita, pat. Juan: con 55 sacos;;Rosita;;;bdro.;1891_09_29;Cabañas;;
;;N/A: ;;;Valent;pat.;;;;;-Cárdenas, gol. Juan Toralla, pat. Valent: con 25;;Juan Toralla;;;gol.;1891_09_29;Cárdenas;;
;;;;;Ferrer;pat.;;;;;Matanzas, gol. Dos Hermanas, pat. Ferrer: con;;Dos Hermanas;;;gol.;1891_09_29;Matanzas;;
;;;;;Mir;pat.;;;;;-Granadillo, gol. Ignacio Alemán, pat. Mir: con;;Ignacio Alemán;;;gol.;1891_09_30;Granadillo;;
;;;;;Macip;pat.;;;;;-Santa Cruz, gol. Joven Manuel, pat. Macip: con;;Joven Manuel;;;gol.;1891_09_30;Santa Cruz;;
;;;;;Alemany;pat.;;;;;-Yaguajay, gol. Joven Miguel, pat. Alemany: con;;Joven Miguel;;;gol.;1891_09_30;Yaguajay;;
;;N/A: ;;;Visquerra;pat.;;;;;-Cárdenas, gel. Yumuri, pat. Visquerra: con 250;;Yumuri;;;gel.;1891_09_30;Cárdenas;;
;;;;;Vera;pat.;;;;;-Caibarién, gol. Cárdenas, pat. Vera: con efectos.;;Cárdenas;;;gol.;1891_09_30;Caibarién;;
Día 30:;;N/A: ;;;Pujol;pat.;;;;;Día 30: De Jibacoa, gol. Inés, pat. Pujol: con 200 sacos de;;Inés;;;gol.;1891_10_01;Jibacoa;;
;;N/A:  | N/A:  | N/A:  | N/A: ;;;Mayans;pat.;;;;;"-Baracoa, gol. Aguila, pat. Mayans: con 800 cajas jabdn; 11,000 cocos; 200 barriles aceite  de coco y efectos. -Sagua, gol. Antonia, pat. Bosch: con 1,000 sacos carbón. -Congojas, gol. Dos Soffas, pat. Durán: con 1,200 sacos carbón.";;Aguila;;;gol.;1891_10_01;Baracoa;;
;;N/A: ;;;Vera;pat.;;;;;-Caibarién, gol. Cárdenas, pat. Vera: con 400 tor08.;;Cárdenas;;;gol.;1891_10_01;Caibarién;;
;;N/A: ;;;Sastre;pat.;;;;;"Mariel. gol. Altagracia, pat, Sastre; con 12 pipes";;Altagracia;;;gol.;1891_10_01;;;
Día 19:;;;;;Real;cap.;;;;;Día 19 de octubre: De Malas-Aguas, vapor Tritón, cap. Real: con 817;;Tritón;;;vap.;1891_10_02;Malas-Aguas;;
;;;;;Valent;pat.;;;;;-Cárdenas, gol. María del Carmen, pat. Valent:;;María del Carmen;;;gol.;1891_10_02;Cárdenas;;
;;N/A: ;;;Mandilego;pat.;;;;;-Cárdenas. gol. Esmeralda, pat. Mandilego: con 50;;Esmeralda;;;gol.;1891_10_02;Cárdenas;;
;;N/A: ;;;Pérez;pat.;;;;;-Matanzas, gol. Amalia, pat. Pérez: con 35 cascoB;;Amalia;;;gol.;1891_10_02;Matanzas;;
Día 2:;;N/A: ;;;Moll;pat.;;;;;Día 2De Mantua, gol. Lince, pat. Moll: con 700 sacor carbón.;;Lince;;;gol.;1891_10_03;Mantua;;
;;N/A: ;;;Enseñat;pat.;;;;;Rajas, gol. Agustina, pat Enseñat: con 800 sacos;;Agustina;;;gol.;1891_10_03;Rajas;;
;;;;;Grandal;pat.;;;;;-Bajas, gol. Joven Gertrudis, pat. Grandal: con;;Joven Gertrudis;;;gol.;1891_10_03;;;
;;;;;Padrón;pat.;;;;;-Santa María, gol. Joven Jaime, pat. Padrón: con;;Joven Jaime;;;gol.;1891_10_03;;;
;;;;;Lagardet;pat.;;;;;-Sagua la Chica, gol. Teresita, pat. Lagardet:;;Teresita;;;gol.;1891_10_03;Sagua la Chica;;
Día 3:;;N/A:  | N/A:  | N/A: ;;;Cardeluz;cap.;;;;;"Día 3: De Sagua, vapor Clara, cap. Cardeluz: con 852 tercios tabacos; 84 pipas aguardiente y efectos.";;Clara;;;vapor;1891_10_04;Sagua;;
;;N/A: ;;;Moll;pat.;;;;;-Arroyos, gol. Lince, pat. Moll: con 600 sacos carbón.;;Lince;;;gol.;1891_10_04;Arroyos;;
;;N/A: ;;;Enseñat;pat.;;;;;-Dimas, gol. Agustina, pat. Enseñat: con 800 sacos;;Agustina;;;gol.;1891_10_04;Dimas;;
;;;;;Marantes;pat.;;;;;-Mariel, gol. María Magdalena, pat. Marantes:;;María Magdalena;;;gol.;1891_10_04;;;
;;N/A: ;;;Alemany;pat.;;;;;-Granadillo, gol. Cuba, pat. Alemany: con 1,000;;Cuba;;;gol.;1891_10_04;Granadillo;;
;;;;;Ferrer;pat.;;;;;-Cárdenas, gol. Purísima Concepción, pat. Ferrer:;;Purísima Concepción;;;gol.;1891_10_04;Cárdenas;;
;;;;;Linares;pat.;;;;;-Canasf, gol. Josefina, pat. Linares: en lastre.;;Josefina;;;gol.;1891_10_04;Canasf;;
;;N/A:  | N/A: ;;;Planas;pat.;;;;;-Malata, gol. Dolores, pat. Planas: con 300 caballos leña y 300 varas maderas.;;Dolores;;;gol.;1891_10_04;Malata;;
;;N/A: ;;;Serra;pat.;;;;;-Arroyos, gol. Amalia, pat. Serra: con 700 sacos;;Amalia;;;gol.;1891_10_04;Arroyos;;
;;;;;Jofre;pat.;;;;;-Playas de San Juan, gol. Candita, pat. Jofre: con;;Candita;;;gol.;1891_10_04;Playas de San Juan;;
;;N/A:  | N/A:  | N/A:  | N/A: ;;;Ventura;cap.;;;;;"-Cuba, vapor Julis, cap. Ventura: con 1,330 tercios tabaco; 450 resеs; 880 sacos maiz y efectos.";;Julis;;;vapor;1891_10_06;Cuba;;
;;N/A: ;;;Pujol;pat.;;;;;-Santa Craz, gol. Inés, pat. Pujol: con 200 sacos;;Inés;;;gol.;1891_10_06;Santa Craz;;
;;;;;Calafell;pat.;;;;;-Matanzas, gol. María Josefa, pat. Calafell: con;;María Josefa;;;gol.;1891_10_06;Matanzas;;
;;;;;Gil;pat.;;;;;-Banes, gol. Josefa, pat. Gil: en lastre.;;Josefa;;;gol.;1891_10_06;Banes;;
;;N/A:  | N/A: ;;;Cuevas;pat.;;;;;-Cárdenas, gol Angelita, pat. Cuevas: con 70 pipas y 10012 idem aguardiente.;;Angelita;;;gol;1891_10_06;Cárdenas;;
Día 6:;;N/A: ;;;Visquerra;cap.;;;;;Día 6: De Cárdenas, gol. Yumuri, cap. Visquerra: con 250;;Yumuri;;;gol.;1891_10_07;Cárdenas;;
;;N/A: ;;;Vera;pat.;;;;;-Caibarión, gol. Cárdenas, pat. Vera: con 100 reTT 888.;;Cárdenas;;;gol.;1891_10_07;Caibarión;;
;;;;;Inclán;pat.;;;;;-Cabañas, gol. Caballo Marino, pat. Inclán: con;;Caballo Marino;;;gol.;1891_10_07;Cabañas;;
;;;;;Samper;pat.;;;;;-Jaimanitas, gol. Joven Pepilla, pat. Samper: con;;Joven Pepilla;;;gol.;1891_10_07;Jaimanitas;;
Día 8:;;;;;Yerus;cap.;;;;;Día 8: De Guanes, vapor Guadiana, cap. Yerus: con efectos;;Guadiana;;;vap.;1891_10_09;Guanes;;
;;;;;Beneján;pat.;;;;;-Santa Maria, gol. Margarita, pat. Beneján: con;;Margarita;;;gol.;1891_10_09;;;
;;N/A: ;;;Cabaleiro;pat.;;;;;-Cengojas, gol. Rosita, pat. Cabaleiro: con 500 sacos carbón.;;Rosita;;;gol.;1891_10_09;Cengojas;;
;;N/A: ;;;Clar;pat.;;;;;-Morrillo, gol. Britania, pat. Clar: con 700 sacos;;Britania;;;gol.;1891_10_09;Morrillo;;
;;;;;Adivina;pat.;;;;;Playas de San Juan, gol. Clio, pat. Adivina: con;;Clio;;;gol.;1891_10_09;Playas de San Juan;;
;;N/A: ;;;Alemany;pat.;;;;;-Dimas, gol. Mercedita, pat. Alemany: con 1,000;;Mercedita;;;gol.;1891_10_09;Dimas;;
;;N/A:  | N/A:  | N/A: ;;;Cardeluz;cap.;;;;;"-Sagua, vapor Clara, cap. Cardeluz: con 247 terclos tabaco; 67 pipas aguardiente y efectos.";;Clara;;;vapor;1891_10_11;Sagua;;
;;N/A: ;;;Piñeiro;pat.;;;;;-Bajas, gol. Carmits, pat. Piñeiro: con 800 sacos;;Carmits;;;gol.;1891_10_11;Bajas;;
;;N/A: ;;;Ruiz;pat.;;;;;-Arroyos, gol. Dos Hermanas, pat. Ruiz: con 650;;Dos Hermanas;;;gol.;1891_10_11;Arroyos;;
;;;;;Zaragoza;pat.;;;;;-Cárdenas, gol. Iala de Cuba, pat. Zaragoza: con;;Iala de Cuba;;;gol.;1891_10_11;Cárdenas;;
;;;;;Barceló;pat.;;;;;-Manimán, gol. Salve Virgen María, pat. Barceló:;;Salve Virgen María;;;gol.;1891_10_11;Manimán;;
;;N/A: ;;;García;pat.;;;;;-San Cayetauo, gol. Rosario, pat. García: con 600;;Rosario;;;gol.;1891_10_11;San Cayetauo;;
;;;;;Alemany;pat.;;;;;-Berracos, gol. María Josefa, pat. Alemany: con;;María Josefa;;;gol.;1891_10_11;;;
Día 13:;;N/A:  | N/A: ;;;Vilar;cap.;;;;;Día 13: De Nuevitas, vapor Mortera, cap. Vilar: con 600 reaes y efectos.;;Mortera;;;vapor;1891_10_14;Nuevitas;;
;;N/A: ;;;Real;cap.;;;;;-Malas-Aguas, vapor Tritón, cap. Real: con 400;;Tritón;;;vapor;1891_10_15;Malas-Aguas;;
Día 15:;;;;;Cantero;pat.;;;;;Dia 15: De Cárdenas, gol. Agulla de Oro, pat. Cantero: con;;Agulla de Oro;;;gol.;1891_10_16;Cárdenas;;
;;N/A: ;;;Visquerra;pat.;;;;;-Cárdenas, gol. Yumuri, pat. Visquerra: con 250;;Yumuri;;;gol.;1891_10_16;Cárdenas;;
Día :;;N/A: ;;;Vera;pat.;;;;;-Cárdenas, gol. Cárdenas, pat. Vera: con 300 pipas aguardiente.;;Cárdenas;;;gol.;1891_10_16;Cárdenas;;
Día 17:;;N/A:  | N/A:  | N/A: ;;;Cardelur;cap.;;;;;"Día 17: De Sagua, vapor Clara, cap. Cardelur: con 304 tercios tabaco; 118 pipas aguardiente y efectos.";;Clara;;;vapor;1891_10_18;Sagua;;
;;;;;Rigó;pat.;;;;;-Cabañas, gol. Condor, pat. Rigó: en lastre.;;Condor;;;gol.;1891_10_18;Cabañas;;
;;;;;Porcel;pat.;;;;;-Jaruco, gol. Paquete de Jaruco, pat. Porcel: con;;Paquete de Jaruco;;;gol.;1891_10_18;Jaruco;;
;;N/A:  | N/A:  | N/A:  | N/A: ;;;Suau;pat.;;;;;"-Gibara, gol. Moralidad, pat. Suau: con 4.000 plátanos; 35 recimos idem; 567 sacos maiz; 70 tercios";;Moralidad;;;gol.;1891_10_20;Gibara;;
;;;;;Rigó;pat.;;;;;-Cabañas, gol. Condor, pat. Rigó: en lastre;;Condor;;;gol.;1891_10_20;Cabañas;;
;;;;;Valent;pat.;;;;;-Cárdenas, gol. María del Carmen, pat. Valent:;;María del Carmen;;;gol.;1891_10_20;Cárdenas;;
;;N/A: ;;;Cabres;pat.;;;;;-Sierra Morena, gol. Emilia, pat. Cabres: con 40;;Emilia;;;gol.;1891_10_20;Sierra Morena;;
;;;;;Enseñat;pat.;;;;;-Sierra Morena, gol. Sofía, pat. Enseñat: en lastre;;Sofía;;;gol.;1891_10_20;Sierra Morena;;
Día 21:;;N/A:  | N/A: ;;;Ramírez;pat.;;;;;Día 21: De Sagua, gol. Natividad, pat. Ramírez: con 800 atravesafios y efectos.;;Natividad;;;gol.;1891_10_22;Sagua;;
;;N/A: ;;;Real;cap.;;;;;TO De Malas-Aguas, vapor Tritón, cap. Real: con 580;;Tritón;;;vapor;1891_10_23;Malas-Aguas;;
;;N/A: ;;;Visquerra;pat.;;;;;-Cárdenas, gol. Yumuri, pat. Visquerra: con 50;;Yumuri;;;gol.;1891_10_23;Cárdenas;;
Día 23:;;;;;Suárez;pat.;;;;;Dia 23: De Punta Alegre, gol. Bella Catalina, pat. Suárez:;;Bella Catalina;;;gol.;1891_10_24;Punta Alegre;;
;;N/A: ;;;Sastre;pat.;;;;;-Mariel, gol. Altagracia, pat. Sastre: con 190 sacos;;Altagracia;;;gol.;1891_10_24;;;
;;;;;Pereira;pat.;;;;;-Carahatas, gol. Teresita, pat. Pereira: en lastre.;;Teresita;;;gol.;1891_10_24;Carahatas;;
;;;;;Suárez;pat.;;;;;-Santa Cruz, gol. San Antonio, pat. Suárez: con;;San Antonio;;;gol.;1891_10_24;Santa Cruz;;
Día 21:;;N/A:  | N/A:  | N/A: ;;;Torres;pat.;;;;;"Día 21: to & all other De Baracoa, gol. Elva, pat Torres: con 40,000 cocos; B Bacos idem; 5 sacos cacao y efectos.";;Elva;;;gol.;1891_10_25;Baracoa;;
;;;;;Ferrer;pat.;;;;;-Cárdenas, gol. Parísima Concepción, pat. Ferrer:;;Parísima Concepción;;;gol.;1891_10_25;Cárdenas;;
;;;;;Calafell;pat.;;;;;-Matanzas, gol. María Josefa, pat. Calafell: con;;María Josefa;;;gol.;1891_10_25;Matanzas;;
;;;;;Inclán;pat.;;;;;-Cabañas, gol. Caballo Marino, pat. Inclán: con;;Caballo Marino;;;gol.;1891_10_25;Cabañas;;
Día :;;N/A: ;;;Yerus;cap.;;;;;-Guane, vapor Guadiana, cap. Yerus: con 450 tercios tabaco.;;Guadiana;;;vapor;1891_10_28;Guane;;
;;N/A: ;;;Rigó;pat.;;;;;-Cabañas, gol. Condor, pat. Rigó: con 13 tereles;;Condor;;;gol.;1891_10_28;Cabañas;;
;;;;;Acuña;pat.;;;;;-Corgojas, gol. María Andrea, pat. Acuña: con;;María Andrea;;;gol.;1891_10_28;Corgojas;;
;;N/A: ;;;Lazo;pat.;;;;;"-Nuevitas, gol. Emilia, pat. Lazo: con 60 toros;";;Emilia;;;gol.;1891_10_28;Nuevitas;;
;;N/A:  | N/A: ;;;Cuevas;pat.;;;;;Cárdenas, gol. Angelita, pat. Cuevas: con 30 pipas aguardiente y efectos.;;Angelita;;;gol.;1891_10_28;Cárdenas;;
;;;;;Alemany;pat.;;;;;-Jibacoa, gol. 1 de Vinaroz, pat. Alemany: en;;1;;;gol.;1891_10_28;Vinaroz;;
;;;;;Gil;pat.;;;;;-Banes, gol. Josefa, pat. Gil: en lastre.;;Josefa;;;gol.;1891_10_28;Banes;;
Día 28:;;N/A: ;;;Alemany;pat.;;;;;Dia 28: De Cárdenas, gol. Joven Pilar, pat. Alemany: con 50;;Joven Pilar;;;gol.;1891_10_29;Cárdenas;;
;;;;;Visquerra;pat.;;;;;-Cárdenas, gol. Yumuri, pat. Visquerra: en lastre.;;Yumuri;;;gol.;1891_10_29;Cárdenas;;
Día 31:;;N/A: ;;;Real;cap.;;;;;Día 31: De Malas Aguas, vapor Tritón, cap. Real: con 900;;Tritón;;;vapor;1891_11_01;Malas Aguas;;
;;N/A:  | N/A: ;;;Cardeluz;cap.;;;;;Sagua, vapor Clara, cap. Cardeluz: con 150 tercios tabaco y efectos.;;Clara;;;vap.;1891_11_01;Sagua;;
;;;;;Juan;pat.;;;;;-Sierra Morena, gol. María Teresa, pat. Juan: con;;María Teresa;;;gol.;1891_11_01;Sierra Morena;;
;;;;;Cantero;pat.;;;;;-Cárdenas, gol. Aguila de Oro, pat. Cantero: con;;Aguila de Oro;;;gol.;1891_11_04;Cárdenas;;
;;;;;Porcel;pat.;;;;;-Jaruco, gol. Paquete de Jaruco, pat. Porcel: con;;Paquete de Jaruco;;;gol.;1891_11_04;Jaruco;;
Día 6:;;N/A:  | N/A: ;;;Ginesta;cap.;;;;;Día 6: De Cuba, vapor Mauuela, cap. Ginesta: con 250 reses y efectos.;;Mauuela;;;vap.;1891_11_07;Cuba;;
;;N/A: ;;;Real;cap.;;;;;-Malas-Aguas, vapor Tritón, cap. Real: con 769;;Tritón;;;vapor;1891_11_07;Malas-Aguas;;
;;N/A:  | N/A:  | N/A: ;;;Moll;pat.;;;;;"-Nuevitas, gol. Dolores, pat. Moll: con 400 atravesaños; 6,000 tiras majagua; 300 varas maderas y";;Dolores;;;gol.;1891_11_07;Nuevitas;;
;;;;;Valent;pat.;;;;;-Cárdenas, gol. María del Carmen, pat. Valent:;;María del Carmen;;;gol.;1891_11_07;Cárdenas;;
;;N/A: ;;;Valent;pat.;;;;;-Cárdenas, gol. Juan Toralla, pat Valent: con 300;;Juan Toralla;;;gol.;1891_11_07;Cárdenas;;
;;;;;Inclán;pat.;;;;;-Cabañas, gol. Caballo Marino, pat. Inclán: con;;Caballo Marino;;;gol.;1891_11_07;Cabañas;;
;;N/A: ;;;Araroa;cap.;;;;;-Sagua, vapor Clara, cap. Araroa: con 200 tercios;;Clara;;;vapor;1891_11_08;Sagua;;
;;N/A:  | N/A:  | N/A: ;;;Lloret;pat.;;;;;"-Bajas, gol Angelita, pat. Lloret: con 125 quintales ráscara de mangle; 40 tercios tabaco y efectos.";;Angelita;;;gol;1891_11_08;Bajas;;
;;;;;Pellicer;pat.;;;;;-Bahía-Honda, gol. Crisálida, pat. Pellicer: con;;Crisálida;;;gol.;1891_11_08;Bahía-Honda;;
;;;;;Gil;pat.;;;;;-Bates, gol. Josefs, pat. Gil: en lastre.;;Josefs;;;gol.;1891_11_08;;;
;;N/A:  | N/A: ;;;Sastre;pat.;;;;;-Mariel, gol Aitagracia, pat. Sastre: con 90 caballos leña y 18 bocoyes miel.;;Aitagracia;;;gol;1891_11_08;Mariel;;
;;;;;Portella;pat.;;;;;-Arroyes, gol. Amable Rosita, pat. Portella: con;;Amable Rosita;;;gol.;1891_11_10;Arroyes;;
;;N/A: ;;;Román;pat.;;;;;-Arroyos, gol. Lince, pat. Román: con 650 sacos;;Lince;;;gol.;1891_11_10;Arroyos;;
;;;;;Amengual;pat.;;;;;-Dimas, gol. María Mazoni, pat. Amengual: con;;María Mazoni;;;gol.;1891_11_10;Dimas;;
;;N/A: ;;;Alemany;pat.;;;;;-Dimas, gol. Mercedita, pat. Alemany: con 800;;Mercedita;;;gol.;1891_11_10;Dimas;;
;;N/A: ;;;Prats;pat.;;;;;- -Uveros, gol. Dos Amigos, pat. Prats: con 800 saco: carbón.;;Dos Amigos;;;gol.;1891_11_10;Uveros;;
;;N/A: ;;;Falicó;pat.;;;;;-Guanes, gol. Especulación, pat. Falicó: con 170;;Especulación;;;gol.;1891_11_10;Guanes;;
;;N/A: ;;;Rigó;pat.;;;;;-Cabañas, gol. Condor, pat. Rigó: con 9 tercios;;Condor;;;gol.;1891_11_10;Cabañas;;
;;N/A: ;;;Padrón;pat.;;;;;-Arroyos, gol. Joven Jaime, pat. Padrón: con 1000;;Joven Jaime;;;gol.;1891_11_10;Arroyos;;
;;;;;Suárez;pat.;;;;;-Santa Cruz, gol. San Antonio, pat. Suárez: con;;San Antonio;;;gol.;1891_11_10;Santa Cruz;;
;;;;;Grandal;pat.;;;;;-Mariel, gol. Dominica, pat. Grandal: en lastre.;;Dominica;;;gol.;1891_11_10;;;
;;N/A: ;;;García;pat.;;;;;-San Cayetano, gol. Rosario, pat. García: con 250;;Rosario;;;gol.;1891_11_10;San Cayetano;;
;;N/A: ;;;Pujol;pat.;;;;;-San Cayetano, gol. María del Carmen, pat. Pujol: con 800 sacos carbón.;;María del Carmen;;;gol.;1891_11_10;San Cayetano;;
Día 10:;;N/A: ;;;Yeros;cap.;;;;;Día 10: De Guanes, vapor Guadiana, cap. Yeros: con 200;;Guadiana;;;vap.;1891_11_11;Guanes;;
;;N/A: ;;;Serra;pat.;;;;;-Arroyos, gol. Amalia, pat. Serra: con 700 sacos;;Amalia;;;gol.;1891_11_11;Arroyos;;
;;;;;Bosch;pat.;;;;;-Punta San Juan, gol. Antonia, pat. Bosch: con;;Antonia;;;gol.;1891_11_11;Punta San Juan;;
Día :;;;;;Orbay;pat.;;;;;-Mulata, gol. Paquete de Nnevitas, pat. Orbay:;;Paquete;;;gol.;1891_11_11;Nnevitas;;
;;;;;Colón;pat.;;;;;"-Berracos, gol. Paquete de Sagua, pat. Colón; con";;Paquete;;;gol.;1891_11_11;Sagua;;
;;;;;Ferrer;pat.;;;;;-Cárdenas, gol. Purisima Concepción, pat. Ferrer:;;Purisima Concepción;;;gol.;1891_11_11;Cárdenas;;
Día 11:;;N/A: ;;;Real;cap.;;;;;Día 11: De Malas-Aguas, vapor Tritón, cap. Real: con 886;;Tritón;;;vapor;1891_11_12;Malas-Aguas;;
;;N/A: ;;;Pujol;pat.;;;;;Mantua, gol. Nuevo Hilario, pat. Pujol: con 600;;Nuevo Hilario;;;gol.;1891_11_12;Mantua;;
;;N/A: ;;;Esteban;pat.;;;;;-Mantua, gol. Vicente, pat. Esteban: con 800 sacos carbón.;;Vicente;;;gol.;1891_11_12;Mantua;;
;;N/A: ;;;Juan;pat.;;;;;Uvares, gol. Castilla, pat. Juan: con 1,000 sacos;;Castilla;;;gol.;1891_11_12;Uvares;;
;;N/A:  | N/A: ;;;Cuevas;pat.;;;;;-Cárdenas, gol. Angelits, pat. Cuevas: con 20 pipas alcohol y ef etos.;;Angelits;;;gol.;1891_11_12;Cárdenas;;
;;;;;Valdés;pat.;;;;;Arroyos, gol. Correo de Canasí, pat. Valdés: con;;Correo de Canasí;;;gol.;1891_11_12;Arroyos;;
Día 12:;;N/A: ;;;Averoa;cap.;;;;;Día 12: De Nuevitas, vapor Clara, cap. Averoa: con 350 re688.;;Clara;;;vapor;1891_11_13;Nuevitas;;
;;N/A: ;;;Real;cap.;;;;;-Malas-Aguas, vapor Tritón, cap. Real: con 24;;Tritón;;;vapor;1891_11_13;Malas-Aguas;;
Día 01:;;;;;Mateu;pat.;;;;;-San Cayetano, gol. San Francisco, pat. Mateu:;;San Francisco;;;gol.;1891_11_13;San Cayetano;;
;;;;;Covas;pat.;;;;;-Ortigosa, gol. Doloritas, pat. Covas: en lastre.;;Doloritas;;;gol.;1891_11_15;Ortigosa;;
;;;;;Zaragoza;pat.;;;;;-Cárdenas, gol. Isla de Cuba, pat. Zaragoza: con;;Isla de Cuba;;;gol.;1891_11_15;Cárdenas;;
;;;;;Suá;pat.;;;;;-Playas de San Juan, gol. Joven Felipe, pat. Suá;;Joven Felipe;;;gol.;1891_11_15;Playas de San Juan;;
Día 17:;;N/A: ;;;Cardeluz;cap.;;;;;Dia 17: De Nuevitas. vapor Clara, cap. Cardeluz: con 3,000;;Clara;;;vapor;1891_11_18;Nuevitas;;
;;N/A: ;;;Mas;pat.;;;;;"-Baracoa, gol. Anita, pat. Mas: con 80,000 cocos;";;Anita;;;gol.;1891_11_18;Baracoa;;
;;;;;Cantero;pat.;;;;;Cárdenas, gol. Aguila de Oro, pat. Cantero: con;;Aguila de Oro;;;gol.;1891_11_18;Cárdenas;;
;;;;;Inclán;pat.;;;;;-Cabañas, gol. Caballo Marino, pat. Inclán: con;;Caballo Marino;;;gol.;1891_11_18;Cabañas;;
;;;;;Macip;pat.;;;;;-Santa Cruz, gol. Joven Manuel, pat. Macip: con;;Joven Manuel;;;gol.;1891_11_18;Santa Cruz;;
Día 01:;;;;;Villalonga;pat.;;;;;Sierra Morena, gol. Enriqueta, pat. Villalonga:;;Enriqueta;;;gol.;1891_11_18;;;
;;;;;Suárez;pat.;;;;;-Santa Cruz, gol. San Antonio, pat. Suárez: con;;San Antonio;;;gol.;1891_11_18;Santa Cruz;;
;;;;;Garriga;pat.;;;;;-Canaaf, gol. Amado Antonio, pat. Garriga: en.;;Amado Antonio;;;gol.;1891_11_18;Canaaf;;
;;N/A: ;;;Vidal;pat.;;;;;Uveros, gol. Joven Luisa, pat. Vidal: con 1,000;;Joven Luisa;;;gol.;1891_11_18;Uveros;;
;;;;;Calafell;pat.;;;;;-Matanzas, gol. María Josefa, pat. Calafell: con;;María Josefa;;;gol.;1891_11_18;Matanzas;;
;;;;;Rigó;pat.;;;;;-Cabañas, gol. Condor, pat. Rigó: en lastre.;;Condor;;;gol.;1891_11_20;Cabañas;;
;;N/A: ;;;Cabaleiro;pat.;;;;;-Congojas, gol. Rosita, pat. Cabaleiro: con 500 sacos carbón.;;Rosita;;;gol.;1891_11_20;Congojas;;
;;N/A: ;;;Pérez;pat.;;;;;Matanzas, gol. María, pat. Pérez: con 258 cascos,;;María;;;gol.;1891_11_20;Matanzas;;
;;;;;Valent;pat.;;;;;-Cárdenas, gol. María del Carmen, pat. Valent:;;María del Carmen;;;gol.;1891_11_20;Cárdenas;;
Día 21:;;;;;Macip;pat.;;;;;Dia 21: De Santa Cruz, gol. Joven Manuel, pat. Macip: con;;Joven Manuel;;;gol.;1891_11_22;Santa Cruz;;
;;N/A: ;;;Ruiz;pat.;;;;;Arroyos, gol. Dos Hermanas, pat. Ruiz: con 800 ten sacos cación.;;Dos Hermanas;;;gol.;1891_11_24;Arroyos;;
;;N/A:  | N/A: ;;;Cardeluz;cap.;;;;;-Sagua, vapor Adela, cap. Cardeluz: con 1300 tercios tabaco y efectos.;;Adela;;;vapor;1891_11_24;Sagua;;
;;N/A: ;;;Enseñat;pat.;;;;;-Bajas, go Agustina, pat. Enseñat: con 800 sacos;;Agustina;;;go;1891_11_24;;;
;;N/A: ;;;Sastre;pat.;;;;;-Mariel, gl. Altagracia, pat. Sastre: con 100 caballos leña.;;Altagracia;;;gl.;1891_11_24;;;
;;;;;Tortell;pat.;;;;;-Cabañas gol. Victoria, pat. Tortell: en lastre.;;Victoria;;;gol.;1891_11_24;Cabañas;;
;;;;;Beneján;pat.;;;;;-Santa María, gol. Margarita, pat. Beneján: con;;Margarita;;;gol.;1891_11_25;;;
;;;;;;pat.;;;;;-Santa María, gol. Joven Jaime, pat. Padrón: con;;Joven Jaime;;;gol.;1891_11_25;Padrón;;
;;N/A: ;;;Torres;pat.;;;;;-Manzanillo, gol. Amistad, pat. Torres: con 869;;Amistad;;;gol.;1891_11_25;Manzanillo;;
;;;;;Inclán;pat.;;;;;-Cabañas, gol. Caballo Marino, pat. Inclán: en;;Caballo Marino;;;gol.;1891_11_25;Cabañas;;
;;N/A: ;;;Ferrer;pat.;;;;;-Sagua, gol. María Josefa, pat. Ferrer: con 5,000;;María Josefa;;;gol.;1891_11_25;Sagua;;
;;N/A:  | N/A: ;;;Clar;pat.;;;;;-Morrillo, gol. Britania, pat. Clar: con 100 caballos leña y 200 varas maderas.;;Britania;;;gol.;1891_11_25;Morrillo;;
Día 26:;;N/A: ;;;Real;cap.;;;;;Dia 26 De Malas Aguar, vapor Tritón, cap. Real: con 200;;Tritón;;;vapor;1891_11_27;Malas Aguar;;
;;;;;Portella;pat.;;;;;Arroycs, gol. Amable Rosita, pat. Portella: con;;Amable Rosita;;;gol.;1891_11_27;;;
;;;;;Enseñat;pat.;;;;;Sierra Morena, gol. Sofia. pat. Enseñat: con una;;Sofia;;;gol.;1891_11_27;;;
;;N/A: ;;;Pujol;pat.;;;;;Jaruco, gol. Joven Lola, pat Pujol: con 200 sacos maiz.;;Joven Lola;;;gol.;1891_11_27;Jaruco;;
Día 28:;null;N/A:  | N/A:  | N/A: ;;;Cardeluz;cap.;;;null;;"Dis. 28: De Sagua, vapor Clara, cap. Cardeluz: con 195 tercios tabaco; 167 pipas aguardiente y efectos.";;Clara;;;vap.;1891_11_29;Sagua;;
;;N/A: ;;;Piñeiro;pat.;;;;;-Bajas, gol. Carmita, pat. Piñeiro: con 800 sacos;;Carmita;;;gol.;1891_11_29;;;
;;N/A: ;;;Lloret;pat.;;;;;-Bajas, gol. Angelita, pat. Lloret: con 300 sacos;;Angelita;;;gol.;1891_11_29;Bajas;;
;;N/A: ;;;Nadal;pat.;;;;;-Gibara, gol. 2ª Cantinera, pat. Nadal: con 800;;2ª Cantinera;;;gol.;1891_11_29;Gibara;;
;;N/A: ;;;Caevas;pat;;;;;-Cárdenas, gol. Angelita, pat Caevas: con 400;;Angelita;;;gol.;1891_11_29;Cárdenas;;
;;;;;Valent;pat.;;;;;-Cárdenas, gol. María del Carmen, pat. Valent:;;María del Carmen;;;gol.;1891_11_29;Cárdenas;;
;;N/A: ;;;Planas;pat.;;;;;-Malata, gol. Dolores, pat. Planas: con 50 caballos;;Dolores;;;gol.;1891_11_29;Malata;;
Día :;;N/A: ;;;Adivina;pat.;;;;;-Morrillo. gol. Clío, pat. Adivina: con 40 bocoyes;;Clío;;;gol.;1891_11_29;Morrillo;;
;;;;;Grandal;pat.;;;;;-Dominica. gol. Dominica, pat. Grandal: en lastre;;Dominica;;;gol.;1891_11_29;Dominica;;
Día 03:;;N/A: ;;;Real;cap.;;;;;Dis 3: De Malas-Aguas, vapor Tritón, cap. Real: con 1,000;;Tritón;;;vapor;1891_12_04;Malas-Aguas;;
;;;;;Cardeluz;cap.;;;;;-Sagua, vapor Adela, cap. Cardeluz: con efectos.;;Adela;;;vapor;1891_12_04;Sagua;;
;;N/A: ;;;Sastre;pat.;;;;;Mariel, gol. Altagracia, pat. Sastre: con 120 tercios tabaco.;;Altagracia;;;gol.;1891_12_04;;;
;;;;;Macip;pat.;;;;;-Santa Cruz, gol. Joven Manuel, pat. Macip: con;;Joven Manuel;;;gol.;1891_12_04;Santa Cruz;;
;;N/A: ;;;Pérez;pat.;;;;;-Matanzas, gol. María, pat. Pérez: con 171 cascos;;María;;;gol.;1891_12_06;Matanzas;;
;;;;;Inclán;pat.;;;;;-Cabañas, gol. Caballo Marino, pat. Inclán: en;;Caballo Marino;;;gol.;1891_12_06;Cabañas;;
;;;;;Gil;pat.;;;;;-B nes, gol. Dos Isabeles, pat. Gil: en lastre.;;Dos Isabeles;;;gol.;1891_12_06;B nes;;
;;N/A: ;;;Suérez;pat.;;;;;Morón, gol. Bella 'atalina, pat. Suérez: con 150;;Bella 'atalina;;;gol.;1891_12_06;Morón;;
;;N/A: ;;;Cardsluz;cap.;;;;;"Dfs 7. De Sagua, vapor Clara, cap. Cardsluz; con 36 pipas";;Clara;;;vap.;1891_12_08;Sagua;;
;;;;;Rigó;pat.;;;;;Cabañas, gol. Condor, pat. Rigó: en lastre.;;Condor;;;gol.;1891_12_08;Cabañas;;
;;N/A: ;;;Enseñat;pat.;;;;;Sierra Morena, gol. Soffa, pat. Enseñat: con 628;;Soffa;;;gol.;1891_12_08;;;
;;N/A:  | N/A: ;;;Bernaza;pat.;;;;;-Puerto del Padre, gol. Tres Hermanas, pat Bernaza: con 165 atravesaños y 79 sacos maiz.;;Tres Hermanas;;;gol.;1891_12_08;Padre;;
;;N/A: ;;;Alemany;pat.;;;;;-Granadillo, gol. Cuba, pat. Alemany: con 1,000;;Cuba;;;gol.;1891_12_08;Granadillo;;
;;;;;Morales;pat.;;;;;-Playas de San Juan, gol. América, pat. Morales;;América;;;gol.;1891_12_08;Playas de San Juan;;
;;N/A: ;;;Cardeluz;cap.;;;;;-Sagua, vapor Adela, cap. Cardeluz: con 36 tercios tabaco;;Adela;;;vapor;1891_12_11;Sagua;;
;;N/A: ;;;Pujol;pat.;;;;;-Teja, gel. Isabel II, pat. Pujol: con 650 sacos;;Isabel II;;;gel.;1891_12_11;Teja;;
;;N/A: ;;;Castillo;pat.;;;;;-Manzanillo, gol. Roeita, pat. Castillo: con 650;;Roeita;;;gol.;1891_12_11;Manzanillo;;
Día 16:;;N/A: ;;;Barce;pat.;;;;;-Jaimanitas, gol. Salve Virgen María, pat. Barce16: con 80 cantos.;;Salve Virgen María;;;gol.;1891_12_11;Jaimanitas;;
;;;;;Pereira;pat.;;;;;-Carahatas, gol. Teresita, pat. Pereira: en lastre.;;Teresita;;;gol.;1891_12_11;Carahatas;;
Día 12:;;N/A: ;;;Real;cap.;;;;;Dia 12: De Malas Aguas, vapor Triton, cap. Real: con 1000;;Triton;;;vapor;1891_12_13;Malas Aguas;;
Día 14:;;;;;Alemany;pat.;;;;;Día 14 De Cárdenas, gol. Joven Pilar, pat. Alemany: con;;Joven Pilar;;;gol.;1891_12_15;Cárdenas;;
;;N/A:  | N/A:  | N/A:  | N/A: ;;;Cueu;pat.;;;;;-Cárcenas gol. Angelita pat Cueu s: con 300 cajitas y 200 barriles azú ar y efectos.;;Angelita;;;gol.;1891_12_15;Cárcenas;;
;;N/A: ;;;Maciá;pat.;;;;;-San Cayetano, gol. Gallego, pat. Maciá: con 800;;Gallego;;;gol.;1891_12_15;San Cayetano;;
;;;;;Villalonga;pat.;;;;;-San Cayetano, gol. Carmits, pat. Villalonga: con;;Carmits;;;gol.;1891_12_16;San Cayetano;;
;;N/A: ;;;Alemany;pat.;;;;;-Dimas, gol. Mercedita, pat Alemany: con 1,000;;Mercedita;;;gol.;1891_12_16;Dimas;;
;;N/A: ;;;Sastre;pat.;;;;;-Mar al, gol. Altagracia, pat. Sastre: en lastre;;Altagracia;;;gol.;1891_12_16;;;
Día 16:;;N/A: ;;;Lloret;pat.;;;;;Día 16: De Bajas, gol. Angelita, pat. Lloret: con 200 sacos;;Angelita;;;gol.;1891_12_17;Bajas;;
;;N/A: ;;;Esprius;pat.;;;;;Guanes, gol. Especulación, pat. Esprius: con 350;;Especulación;;;gol.;1891_12_17;Guanes;;
;;N/A: ;;;Ruiz;pat.;;;;;-Arroyos, gol. Dos Hermanas, pat. Ruiz: con 800;;Dos Hermanas;;;gol.;1891_12_17;Arroyos;;
;;N/A: ;;;Román;pat.;;;;;-Mantua, gol. Lince, pat. Román: con 600 sac08;;Lince;;;gol.;1891_12_17;Mantua;;
;;;;;Padrón;pat.;;;;;-Santa Marís, gol. Joven Jaims, pat. Padrón: con;;Joven Jaims;;;gol.;1891_12_17;Santa Marís;;
;;N/A: ;;;Mateu;pat.;;;;;-Bajas, gol. San Francisco, pat. Mateu: con 1,000;;San Francisco;;;gol.;1891_12_17;Bajas;;
;;N/A: ;;;Terradas;pat.;;;;;Uveros, gol. Conchita, pat. Terradas: con 800 saCOB carbón,;;Conchita;;;gol.;1891_12_17;Uveros;;
;;;;;Grandal;pat.;;;;;-Dominica, gol. Dominica, pat. Grandal: en lastro;;Dominica;;;gol.;1891_12_17;Dominica;;
;;;;;Rigó;pat.;;;;;-Cabañas, gol. Condor, pat. Rigó: en lastre.;;Condor;;;gol.;1891_12_17;Cabañas;;
;;N/A: ;;;Real;cap.;;;;;-Malas-guas, vapor Tritón, cap. Real: con 90;;Tritón;;;vapor;1891_12_18;Malas-guas;;
;;;;;Portella;pat.;;;;;-Arroyos, gol. Amale Rosita, pat. Portella: con;;Amale Rosita;;;gol.;1891_12_18;Arroyos;;
;;N/A: ;;;Gil;pat.;;;;;-Banes, gol Dos Isabeles, pat. Gil con 40 tercios;;Dos Isabeles;;;gol.;1891_12_18;Banes;;
;;;;;Porel;pat.;;;;;Jaruco, gol. Paquete de Jaruco, pat. Porel: con;;Paquete de Jaruco;;;gol.;1891_12_18;Jaruco;;
;;;;;Garofa;pat.;;;;;Jibacoa, gol. 13 de Vinaroz, pat Garofa: con efectos;;13;;;gol.;1891_12_18;Vinaroz;;
Día 19:;null;N/A: ;;;Averoa;cap.;;;null;;Dia 19 De Sagua, vapor Clara, cap. Averoa: con 160 tercios;;Clara;;;vap.;1891_12_20;Sagua;;
;;N/A:  | N/A:  | N/A:  | N/A: ;;;Cantero;pat.;;;;;"Cárdenas, gol. Aguila de Oro, pat. Cantero: con 06.0 cajitas y 150 barriles azúcar; 40 pipas aguardiente y efectos.";;Aguila de Oro;;;gol.;1891_12_20;Cárdenas;;
;;;;;Barrera;pat.;;;;;-Santa Cruz, gol. Joven Manuel, pat. Barrera:;;Joven Manuel;;;gol.;1891_12_20;Santa Cruz;;
;;N/A: ;;;Lagardete;pat.;;;;;Cárdenas, gol Rosita, pat. Lagardete: con 30,000;;Rosita;;;gol.;1891_12_20;Cárdenas;;
;;;;;Inclán;pat.;;;;;-Cabañas, gol. Caballo Marino, pat. Inclán: en;;Caballo Marino;;;gol.;1891_12_20;Cabañas;;
;;N/A:  | N/A: ;;;Pianas;pat.;;;;;-Mulata, gol. Dolores, pat. Pianas: con 100 atravesaños y 60 camas carreta.;;Dolores;;;gol.;1891_12_20;;;
Día 01:;;;;;Calafell;pat.;;;;;Matanzas, gol. María Josefa, pat. Calafell: con S0;;María Josefa;;;gol.;1891_12_22;Matanzas;;
Día 21:;;N/A:  | N/A:  | N/A: ;;;Cardoluz;cap.;;;;;"Día 21: De Sagua, vapor Adela, cap. Cardoluz: con 34 tercios tabaco; 34 pipas aguardiente y efectos.";;Adela;;;vapor;1891_12_25;Sagua;;
Día :;;N/A: ;;;Suao;pat.;;;;;-Gibara, gol. Moralidad, pat. Suao: con 165 tercios;;Moralidad;;;gol.;1891_12_25;Gibara;;
;;N/A: ;;;Enseñat;pat.;;;;;-Sierra Morena, gol. Sofía, pat Enseñat: con 140;;Sofía;;;gol.;1891_12_25;Sierra Morena;;
;;N/A:  | N/A: ;;;Espino;pat.;;;;;-Morrillo, gol. Agustina, pat. Espino: con 500 eortes camas y 400 caballos leña.;;Agustina;;;gol.;1891_12_25;Morrillo;;
;;;;;Valent;pat.;;;;;-Cárdenas, gol. Jnan Toralla. pat. Valent: cen;;Jnan Toralla;;;gol.;1891_12_25;Cárdenas;;
;;N/A:  | N/A: ;;;Vera;pat.;;;;;-Cárdenas, goi Cárdenas, pat. Vera: con 200 pipas aguardiente. 11 Congojas, gol. Rosita, pat. Cabaleiro: con 500 Bacos carbón.;;Cárdenas;;;goi;1891_12_25;Cárdenas;;
;;;;;Rodríguez;pat.;;;;;-Yaguajay, gol. Natividad, pat. Rodríguez: con;;Natividad;;;gol.;1891_12_25;Yaguajay;;
Día 26:;;N/A:  | N/A: ;;;Cardeluz;cap.;;;;;Día 26: De Sagua, vapor Adela, cap. Cardeluz: con 340 tercios tabaco y efectos.;;Adela;;;vapor;1891_12_27;Sagua;;
;;N/A: ;;;Ginesta;cap.;;;;;-Nuevitas, vapor San Jaan, cap. Ginesta: con 850;;San Jaan;;;vapor;1891_12_27;Nuevitas;;
;;N/A: ;;;Vidal;pat.;;;;;-Congojas, gol. Joven Luisa, pat. Vidal: con 1000;;Joven Luisa;;;gol.;1891_12_27;Congojas;;
;;;;;Ferrer;pat.;;;;;Bahía-Honda, gol. Mercedita, pat. Ferrer: con;;Mercedita;;;gol.;1891_12_27;Bahía-Honda;;
;;;;;Alemany;pat.;;;;;-Cárdenas, gol. Joven Pilar. pat. Alemany: con;;Joven Pilar;;;gol.;1891_12_27;Cárdenas;;
;;N/A: ;;;Padrón;pat.;;;;;-Sauto, gol. 22 Rosa, pat. Padrón: con 1,000 sacos;;22 Rosa;;;gol.;1891_12_27;Sauto;;
;;N/A: ;;;Llerus;cap.;;;;;-Gnanes, vapor Guadiana, cap. Llerus: con 155;;Guadiana;;;vapor;1891_12_30;;;
;;N/A: ;;;Pereira;pat.;;;;;-Carahatas, gol. Teresita, pat. Pereira: con 31 pilpas aguardiente.;;Teresita;;;gol.;1891_12_30;Carahatas;;
;;N/A: ;;;Piera;pat.;;;;;Dominica, gol. Dominica, pat. Piera: con 2,500;;Dominica;;;gol.;1891_12_30;Dominica;;
;;;;;Valent;pat.;;;;;-Cárdenas, gol. María del Carmon, pat. Valent:;;María del Carmon;;;gol.;1891_12_30;Cárdenas;;
