arrival_date;arrival_date_calc;cargo_list;master_name;master_role;publication_day;raw_text;ship_flag;ship_name;ship_type;source_file;travel_departure_port
Día :;;N/A:  | N/A:  | N/A:  | N/A:  | N/A: ;Vaca;cap.;;"De Cuba; vapor Cosme de Herrera, cap. Vaca: con 250 reyes; 100 carneros; 1.363 sacos azúcar; 301 sacos maíz y efectos.";;Cosme de Herrera;vapor;1892_01_01;Cuba
;;;Rodríguez;pat.;;Cabañas, gol. Dos Amigos, pat. Rodríguez: en lastre.;;Dos Amigos;gol.;1892_01_01;Cabañas
;;N/A:  | N/A: ;Juan;pat.;;Cabañas, húmo. Rosita, pat. Juan: con 50 piezas de máquina y un mobiliario usado.;;Rosita;húmo.;1892_01_01;Cabañas
;;;Tous;pat.;;Canari, gol. Sabás, pat. Tous: en lastre.;;Sabás;gol.;1892_01_01;
;;;Barceló;pat.;;Banes, gol. Salve Virgen María, pat. Barceló: en lastre.;;Salve Virgen María;gol.;1892_01_01;Banes
Día :;;N/A: ;Vera;pat.;;Cárdenas, gol. Cárdenas, pat. Vera: con 500 piñas aguardiente.;;Cárdenas;gol.;1892_01_01;Cárdenas
;;N/A:  | N/A: ;Barrera;pat.;;Santa Cruz, gol. Joven Manuel, pat. Barrera: con 140 fanegas maíz y 40 sacos frijoles.;;Joven Manuel;gol.;1892_01_01;Santa Cruz
;;N/A: ;Palau;pat.;;Yaguarjay, gol. Joven Miguel, pat. Palau: con dos cajones.;;Joven Miguel;gol.;1892_01_01;
;;N/A: ;Padrón;pat.;;Uveros, gol. Joven Victoria, pat. Padrón: con 1.260 sacos carbón.;;Joven Victoria;gol.;1892_01_01;Uveros
;;N/A: ;Larragán;cap.;;De Sagra: vapor Adela, cap. Larragán: con 128 pi-;;Adela;vapor;1892_01_03;Sagra
;;;Gomila;pat.;;Marie, gol. Trafalgar, pat. Gomila: en las re.;;Trafalgar;gol.;1892_01_03;
;;N/A: ;Torres;pat.;;Salto, gol. Castilla, pat. Torres: con 1,200 sacos;;Castilla;gol.;1892_01_03;Salto
;;;Suárez;pat.;;Punta-Algre, gol. Bella Catalina, pat. Suárez:;;Bella Catalina;gol.;1892_01_03;Punta-Algre
;;N/A: ;Lazo;pat.;;Nuevitas, gol. Emilia, pat. Lazo: con 105 toros,;;Emilia;gol.;1892_01_03;Nuevitas
;;N/A:  | N/A: ;Urrutibeacona;cap.;;De Caibarén, vapor Alava, cap. Urrutibeacona: con 199 tercios tabaco y efectos.;;Alava;vap.;1892_01_06;Caibarén
Día :;;N/A: ;Beneján;pat.;;Santa Marta, gol. Margarita, pat. Beneján: con 600 sacos carbón.;;Margarita;gol.;1892_01_06;Santa Marta
Día null:;;;;pat.;;Cabanas, gol. Condor, pat. Río: en lastre.;;Condor;gol.;1892_01_06;Cabanas
Día :;;N/A:  | N/A: ;Calafell;pat.;;Matanzas, gol. María Josefa, pat. Calafell: con 200 cascos aguardiente y efectos.;;María Josefa;gol.;1892_01_06;Matanzas
;;N/A:  | N/A: ;Valent;pat.;;Cárdenas, gol. Juan Toralla, pat. Valent: con 100 pipas aguardiente y efectos.;;Juan Toralla;gol.;1892_01_06;Cárdenas
;;N/A:  | N/A:  | N/A: ;Vilar;pat.;;"Cuba, vapor Manuela, pat. Vilar: con 368 reses; 101 sacos azúcar y efectos.";;Manuela;vapor;1892_01_06;Cuba
Día XX:;;;Vi Ialonga;patrón;;De Cabanías, gta. Carmita, patrón Vi Ialonga: en las;;Carmita;gta.;1892_01_08;Cabanías
;;;Real;cap.;;De Malas-Aguas, vapor Tritón, cap. Real: en lastre.;;Tritón;vapor;1892_01_10;Malas-Aguas
;;N/A:  | N/A: ;Laguran;cap.;;—Sagua, vapor Adela, cap. Laguran: con 108 pipas aguadiente y efectos.;;Adela;vapor;1892_01_10;Sagua
;;N/A:  | N/A:  | N/A: ;Ginesta;cap.;;"—Cuba, vapor San Juan, cap. Ginesta: con 1,283 sacos azúcar; 80 sacos café y 199 reses.";;San Juan;vapor;1892_01_10;Cuba
;;;Riobo;pat.;;—Carañatas, gol. Teresita, pat. Riobo: con efectos.;;Teresita;gol.;1892_01_10;Carañatas
Día :;;N/A:  | N/A: ;Vera;pat.;;—Caibaritán, gol. Cárdenas, pat. Vera: con 101 reses y efectos.;;Cárdenas;gol.;1892_01_10;Caibaritán
Día null:;;N/A:  | N/A: ;Urrutibe;cap.;;De Caibarién, vapor Alava, cap. Urrutibe: con 183 tercios tabaco y efectos.;;Alava;vapor;1892_01_12;Caibarién
;;N/A: ;Juan;pat.;;Cabañas, brdo. Rosita, pat. Juan: con 240 sacos azúcar.;;Rosita;brdo.;1892_01_12;Cabañas
;;N/A:  | N/A: ;Espriu;pat.;;Guanes, gol. Especulación, pat. Espriu: con 800 tercios tabaco y 8,000 pies madera.;;Especulación;gol.;1892_01_12;Guanes
;;N/A: ;Ruiz;pat.;;Arroyos, gol. Dos Hermanas, pat. Ruiz: con 700 sacos azúcar.;;Dos Hermanas;gol.;1892_01_12;Arroyos
;;N/A:  | N/A: ;Barrera;pat.;;Santa Cruz, gol. Joven Manuel, pat. Barrera: con 180 sacos y 40 fanegas maíz.;;Joven Manuel;gol.;1892_01_12;Santa Cruz
;;;Deníofen;pat.;;Mariel, gol. Trafa gar, pat. Deníofen: en lastre.;;Trafa gar;gol.;1892_01_12;
;;N/A:  | N/A:  | N/A: ;Pérez;pat.;;Matanzas, goleta María, pat. Pérez: con 200 bocas, 204 idem aguante, y efectos.;;María;goleta;1892_01_12;Matanzas
;;;Piera;pat.;;— Cabanas, gol. Dominicos, pat. Piera: en lastre.;;Dominicos;gol.;1892_01_14;Cabanas
;;;Rodríguez;pat.;;— Cabanas, gol. Dos Amigos, pat. Rodríguez: en lastre.;;Dos Amigos;gol.;1892_01_14;Cabanas
;;;Merantes;pat.;;— Matanzas, gol. María Magdalena, pat. Merantes: en lastre.;;María Magdalena;gol.;1892_01_14;Matanzas
;;;Gil;pat.;;— Banes, gol. Dos Isabellas, pat. Gil: en lastre.;;Dos Isabellas;gol.;1892_01_14;Banes
;;N/A: ;Pujol;pat.;;— Teja, gol. Isabel II, pat. Pujol: con 600 sacos carbón.;;Isabel II;gol.;1892_01_14;Teja
;;N/A: ;Alemany;pat.;;— Granadillo, gol. Cuba, pat. Alemany: con 1,200 sacos carbón.;;Cuba;gol.;1892_01_14;Granadillo
;;N/A: ;Serra;pat.;;— Arroyos, gol. Amalia, pat. Serra: con 500 sacos carbón.;;Amalia;gol.;1892_01_14;Arroyos
;;N/A: ;Inclán;pat.;;— Cabanas, gol. Caballo Marino, pat. Inclán: con 400 sacos azúcar.;;Caballo Marino;gol.;1892_01_14;Cabanas
;;N/A: ;Sastre;pat.;;— Marbel, gol. Altagracia, pat. Sastre: con 450 sacos azúcar.;;Altagracia;gol.;1892_01_14;Marbel
;;N/A: ;Felsagar;pat.;;— Sagara la Chica, gol. Joven Leocadias, pat. Felsagar: con 600 varas maderas.;;Joven Leocadias;gol.;1892_01_14;
;;;;;;De Malas-Agnas, vapor Tritón, cep Real: con efectos.;;Tritón;vap.;1892_01_15;Malas-Agnas
;;N/A:  | N/A: ;Enseñat;pat.;;—Sierra Morena, gol. Sofia, pat. Enseñat: con 102 sacas azúcar y efectos.;;Sofia;gol.;1892_01_15;Sierra Morena
Día 01:;;N/A:  | N/A: ;Zaragoza;pat.;;—Bajas, gol. Angoitza, pat. Zaragoza: con 490 sacas carbón y 260 quintales cáscara de mangue.;;Angoitza;gol.;1892_01_15;Bajas
;;N/A: ;Marantez;pat.;;—Matanzas, gol. María Magdalena, pat. Marantes: con 1 lastre.;;María Magdalena;gol.;1892_01_15;Matanzas
;;N/A: ;Pollicer;pat.;;—Sagun, gol. Pirinas, pat. Pollicer: con 2.500 sacas carbón.;;Pirinas;gol.;1892_01_15;Sagun
;;N/A:  | N/A: ;Fórror;pat.;;—Matanzas, gol. Dos Hormonas, pat. Fórror: con 98 cañas aguardiente y efectos.;;Dos Hormonas;gol.;1892_01_15;Matanzas
;;N/A:  | N/A: ;Valent;pat.;;—Cárdenas, gol. María del Carmen, pat. Valent: con 200 sacas azúcar y efectos.;;María del Carmen;gol.;1892_01_15;Cárdenas
;;N/A:  | N/A:  | N/A: ;Larragán;cap.;;"De Sagna; vap. Adela, cap. Larragán, con 800 sacos azúcar, 105 pipas aguardiente y efectos.";;Adela;vap.;1892_01_17;Sagna
;;N/A: ;Amongual;pat.;;— 700 sacos, gol. María Mazoni, pat. Amongual, con — 700 sacos carbón.;;María Mazoni;gol.;1892_01_17;
;;N/A: ;Vera;pat.;;— Caibarlén, gol. árdenas, pat. Vera, 400 reses.;;árdenas;gol.;1892_01_17;Caibarlén
;;;Villalon;patrón;;De San Cayetano, goleta Isabelita, patrón Villalon-;;Isabelita;goleta;1892_01_20;San Cayetano
;;N/A: ;Cuevas;pat.;;—Cárdenas, gta. Angelita, pat. Cuevas: con 280;;Angelita;gta.;1892_01_20;Cárdenas
;;N/A: ;Alosmany;pat.;;—Dimas, gta. Mercedita, pat. Alosmany: con 1000;;Mercedita;gta.;1892_01_20;
;;N/A: ;Padrón;pat.;;—Santo, gta. Segunda Rosa, pat. Padrón: con 1000;;Segunda Rosa;gta.;1892_01_20;Santo
;;N/A: ;Cabrera;pat.;;—Congojas, gta. Rosita, pat. Cabrera: con 500 sa-;;Rosita;gta.;1892_01_20;Congojas
;;N/A: ;Freixas;pat.;;—Cabañas, gta. Josefa, pat. Freixas: con 450 sacos;;Josefa;gta.;1892_01_20;Cabañas
;;N/A: ;Vaca;cap.;;—Nuevitas, vapor Julia, cap. Vaca: con 1914 sacos;;Julia;vapor;1892_01_20;Nuevitas
;;N/A:  | N/A: ;Marín;cap.;;- Mantua, vapor Guaniguanico, cap. Marín: con 176 tercios tabaco y efectos.;;Guaniguanico;vapor;1892_01_22;Mantua
;;N/A: ;Cardeluz;cap.;;- Segua, vapor Clara, cap. Cardeluz: con 880 sacos azúcar, y efectos.;;Clara;vapor;1892_01_22;Segua
;;N/A: ;Real;cap.;;- Malasaguas, vapor Tritón, cap. Real: con 380 sacos azúcar, y efectos.;;Tritón;vapor;1892_01_22;Malasaguas
;;N/A: ;Juan;pat.;;- Cabalas, balandro Rosita, pat. Juan: con 240 sacos azúcar.;;Rosita;balandro;1892_01_22;Cabalas
;;N/A:  | N/A:  | N/A: ;Mas;pat.;;- Baracoa, gta. Anita, pat. Mas: con 50,000 cocos, 400 quintas cáscara y 35 paños madera.;;Anita;gta.;1892_01_22;Baracoa
;;N/A: ;Padrón;pat.;;- Santa Marta, gta. Joven Jaime, pat. Padrón: con 1000 sacos carbón.;;Joven Jaime;gta.;1892_01_22;Santa Marta
;;N/A:  | N/A: ;Calafell;pat.;;- Matanzas, gta. María Josef, pat. Calafell: con 75 cascos aguardiente y efectos.;;María Josef;gta.;1892_01_22;Matanzas
;;N/A:  | N/A:  | N/A: ;Mandíley;pat.;;- Cádiz, gta. Clío, pat. Mandíley: con 600 sacos azúcar, 40 pipas aguardiente y efectos.;;Clío;gta.;1892_01_22;Cádiz
;;N/A:  | N/A:  | N/A: ;Larrayan;c.p.;;De Sagua, vapor Adela, c.p. Larrayan: con 550 sacos azúcar, 35 pipas aguardiente y efectos;;Adela;vapor;1892_01_24;Sagua
;;N/A: ;Sastre;pat.;;Maríel, gta. Altagraicia: pat. Sastre: con 510 sacos azúcar.;;Altagraicia;gta.;1892_01_24;
;;N/A:  | N/A: ;Pérez;pat.;;Matanzas, gta. Amalia, pat. Pérez: con 35 cascos aguardiente y efectos.;;Amalia;gta.;1892_01_24;Matanzas
;;N/A: ;Padrón;pat.;;Santa Marta, gta. Joven Jaime, pat. Padrón: con 100 sacos carbón.;;Joven Jaime;gta.;1892_01_24;Santa Marta
;;N/A: ;Cantero;pat.;;Córdoba, gta. Aguilá de Oro, pat. Cantero: con 800 sacos azúcar.;;Aguilá de Oro;gta.;1892_01_24;Córdoba
;;N/A:  | N/A:  | N/A: ;Juan Toralla;pat.;;Córdoba, Juan Toralla, pat. Valení: con 410 sacos azúcar, 75 pipas aguardiente y efectos.;;Valení;;1892_01_24;Córdoba
Día null:;;N/A:  | N/A: ;Urrutibea;cap.;;De Caibarién, vapor Alava, cap. Urrutibea: con 76 pipas aguacílente y efectos.;;Alava;vapor;1892_01_27;Caibarién
;;N/A:  | N/A: ;Yoros;cap.;;Guanes, vapor Guadiana, cap. Yoros: con 100 tercios tabacos y efectos.;;Guadiana;vapor;1892_01_27;Guanes
;;N/A:  | N/A: ;Inclán;pat.;;Cabañas, gol. Caballo Marino, pat. Inclán: con 840 sacos azúcar y efectos.;;Caballo Marino;gol.;1892_01_27;Cabañas
;;;Porsa;pat.;;Carahatás, gol. Terecita, pat. Porsa: en lastre.;;Terecita;gol.;1892_01_27;Carahatás
;;N/A:  | N/A: ;Barrera;pat.;;Santa Cruz, gol. Joven Manuel, pat. Barrera: con 100 fanegas maíz y efectos.;;Joven Manuel;gol.;1892_01_27;Santa Cruz
;;N/A:  | N/A: ;Pujol;pat.;;Jaruco, gol. Inés, pat. Pujol: con 120 fanegas de maíz y efectos.;;Inés;gol.;1892_01_27;Jaruco
;;N/A:  | N/A:  | N/A:  | N/A: ;Vaca;cap.;;"Nuevas, vapor Julla, cap. Vaca: con 1.319 sacos azúcar; 138 hocoyas mijo; 600 reses y efectos.";;Julla;vapor;1892_01_27;Nuevas
;;N/A:  | N/A:  | N/A: ;Gardeluz;cap.;;"De Sagua, vapor Clara, cap. Gardeluz: con 620 sacos azúcar; 37 pipas aguacienté y efectos";;Clara;vapor;1892_01_29;Sagua
;;N/A:  | N/A: ;Enseñat;pat.;;—Sierra Morena, gol. Sofia, pat. Enseñat: con 3 cuarterones miel y efectos.;;Sofia;gol.;1892_01_29;Sierra Morena
;;N/A:  | N/A: ;Villalonga;pat.;;—Cabanas, gol. Carmela, pat. Villalonga: con 57 sacos azúcar y 10 cuarterones miel.;;Carmela;gol.;1892_01_29;Cabanas
;;N/A: ;Sastre;pat.;;—Máriol, gol. Altagracia, pat. Sastre: con 530 sacos azúcar.;;Altagracia;gol.;1892_01_29;
;;N/A:  | N/A: ;Alemany;pat.;;—Cárdenas, gol. Joven Pilar, pat. Alemany: con 900 sacos azúcar y efectos.;;Joven Pilar;gol.;1892_01_29;Cárdenas
;;N/A:  | N/A: ;Real;cap.;;—Málas-Aguas, vapor Tríton, cap. Real: con 460 sacos azúcar y efectos.;;Tríton;vap.;1892_01_29;Málas-Aguas
;;N/A: ;Vaca;cap.;;De Nu vitala, vapor San Juan, cap. Vaca: con 200 re-;;San Juan;vapor;1892_01_31;Nu
;;N/A: ;Larrégan;cap.;;Sagua, vap. Adela, cap. Larrégan: con 373 sacos;;Adela;vap.;1892_01_31;Sagua
;;N/A: ;Tortell;pat.;;Cahañes gol Victoria pat. Tortell: con 600 sa-;;Victoria;gol.;1892_01_31;Cahañes
;;;Riobo;pat.;;Carahates, gol. Tres Hermanas, pat. Riobo: con;;Tres Hermanas;gol.;1892_01_31;Carahates
;;N/A: ;Juan;pat.;;De Cabañas, brdo. Rosita, pat. Juan, con 240 sacos azúcar.;;Rosita;brdo.;1892_02_04;Cabañas
;;N/A: ;Rodríguez;pat.;;Cabañas, gol. Dos Amigos, pat. Rodríguez, con 130 sacos azúcar.;;Dos Amigos;gol.;1892_02_04;Cabañas
;;N/A: ;Rigo;pat.;;Cabañas, gol. Condor, pat. Rigo, con 200 sacos azúcar.;;Condor;gol.;1892_02_04;Cabañas
;;N/A: ;Acuña;pat.;;Corgoja, gol. María Andrés, pat. Acuña, con 50 sacos carbón.;;María Andrés;gol.;1892_02_04;Corgoja
;;N/A: ;Prats;pat.;;Arroyos, gol. Dos Amigos, pat. Prats, con 80 sacos carbón.;;Dos Amigos;gol.;1892_02_04;Arroyos
;;N/A: ;Ruiz;put.;;Arroyos, gol. Dos Hermanas, put. Ruiz, con 700 sacos azúcar.;;Dos Hermanas;gol.;1892_02_04;Arroyos
;;N/A: ;Saure;pat.;;Maríel, gol. Altagracia, pat. Saure, con 530 sacos carbón.;;Altagracia;gol.;1892_02_04;
;;N/A:  | N/A: ;Urritibescoa;cap.;;Caibarén, vap. Alava, cap. Urritibescoa, con 38 pipas aguardiente y efectos.;;Alava;vap.;1892_02_04;Caibarén
;;N/A: ;Espíru;pat.;;Para Guanes, gol. Especulación, pat. Espíru: con 350 tercios tabaco.;;Especulación;gol.;1892_02_07;Guanes
;;N/A: ;Macías;pat.;;"— San Cayetano; gol. Gallego, pat. Macías: con 600 sacos carbón.";;Gallego;gol.;1892_02_07;San Cayetano
;;N/A: ;Inclán;pat.;;— Cabañas, gta. Caballo Marino, pat. Inclán: con 800 sacos azúcar.;;Caballo Marino;gta.;1892_02_07;Cabañas
;;N/A:  | N/A: ;Mandileyo;pat.;;— Cárdenas, gta. Clio, pat. Mandileyo: con 400 a-zúcar y 80 pipas aguardiente.;;Clio;gta.;1892_02_07;Cárdenas
;;N/A:  | N/A:  | N/A: ;Cantaro;pat.;;"—Cárdenas, gol. Aruila de Oro, pat. Cantaro: con 860 sacos azúcar; 50 p'pas aguardiente y efectos.";;Aruila de Oro;gol.;1892_02_09;Cárdenas
;;N/A: ;Sastre;pat.;;—Mariel, gol. Altegracia, pat. Sastre: con 530 sacos azúcar.;;Altegracia;gol.;1892_02_09;
;;N/A: ;Juan;pat.;;—Cabañas, bdró. Rosita, pat. Juan: con 240 sacos azúcar.;;Rosita;bdró.;1892_02_09;Cabañas
;;N/A: ;Ferrer;pat.;;—Rahá-Honda, gol. Mercedita, pat. Ferrer: con 400 sacos azúcar.;;Mercedita;gol.;1892_02_09;Rahá-Honda
;;N/A: ;Tortell;pat.;;—Cabañas, gol. Victoria, pat. Tortell: con 800 sacos azúcar.;;Victoria;gol.;1892_02_09;Cabañas
;;N/A:  | N/A: ;Planas;pat.;;—Mulata, gol. Dolores, pat. Planas: con 600 varas maderas y efectos.;;Dolores;gol.;1892_02_09;
;;N/A:  | N/A: ;Urrutibesca;cap.;;De Caibarién, vapor Alava, cap. Urrutibesca: con 122 pipas aguardiente y efectos.;;Alava;vapor;1892_02_10;Caibarién
;;N/A:  | N/A:  | N/A: ;Castillo;pat.;;"Manzanillo, gol. Blanca, pat. Castillo: con 100 caballos leña; 514 atravesados y efectos.";;Blanca;gol.;1892_02_10;Manzanillo
Día 01:;;N/A: ;Vera;pat.;;Nuevitas, gol. Cárdenas, pat. Vera: con 400 reses.;;Cárdenas;gol.;1892_02_10;Nuevitas
;;N/A: ;Barceló;pat.;;Banes, gol. Salve Virgen María, pat. Barceló: con 40 bocones miel.;;Salve Virgen María;gol.;1892_02_10;Banes
;;N/A:  | N/A:  | N/A: ;Bernazar;pat.;;"Nuevitas, gol. Pensativo, pat. Bernazar: con 100 caballos leña; 830 caballos leña y efectos.";;Pensativo;gol.;1892_02_10;Nuevitas
;;N/A:  | N/A: ;Pellicer;pat.;;Santa Cruz, gol. Centinela, pat. Pellicer: con 200 sacos azúcar y 30 sacos miel.;;Centinela;gol.;1892_02_10;Santa Cruz
;;N/A:  | N/A: ;Planas;pat.;;Mulata, gol. Dolores, pat. Planas: con 500 caballos leña y 200 varas maderas.;;Dolores;gol.;1892_02_10;
;;N/A: ;Ferrer;pat.;;Cárdenas, gol. Purísima Concepción, pat. Ferrer: con 1.800 sacos azúcar.;;Purísima Concepción;gol.;1892_02_10;Cárdenas
;;N/A: ;Simón;pat.;;Granadillo, gol. Joven Felipe, pat. Simón: con 2.000 sacos carbón.;;Joven Felipe;gol.;1892_02_10;Granadillo
;;N/A:  | N/A: ;Alemán;pat.;;Puerta Alegre, gol. Natividad, pat. Alemán: con 635 atravesados y efectos.;;Natividad;gol.;1892_02_10;Puerta Alegre
Día 01:;;N/A:  | N/A:  | N/A: ;Zaragoza;pat.;;"Bájas, gol. Angelita, pat. Zaragoza: con 30 tercios tabaco; 450 sacos carbón y efectos.";;Angelita;gol.;1892_02_10;Bájas
;;N/A: ;Amengual;pat.;;Dímas, gol. María Mazoni, pat. Amengual: con 600 sacos carbón.;;María Mazoni;gol.;1892_02_10;
;;N/A: ;Deulofen;pat.;;Maríel, gol. Trafalgar, pat. Deulofen: con 800 sacos azúcar.;;Trafalgar;gol.;1892_02_10;
;;N/A:  | N/A:  | N/A: ;Vacs;cap.;;"De Nuevitas, vapor Julio, cap. Vacs: con 1,650 sacos azúcar; 135 bocotes miel y 850 reyes.";;Julio;vapor;1892_02_11;Nuevitas
;;N/A:  | N/A:  | N/A: ;Alvarez;cap.;;"Cuba, vapor Cosmo de Herrería, cap. Alvarez: con 2,546 sacos azúcar; 46 cacos ron; 170 reyes y efectos.";;Cosmo;vapor;1892_02_11;Cuba
;;N/A:  | N/A:  | N/A: ;Larragán;cap.;;"Sagua, vapor Adela, cap. Larragán: con 990 sacos azúcar; 6 pacas tabaco y efectos.";;Adela;vapor;1892_02_11;Sagua
;;N/A:  | N/A: ;Real;cap.;;Malas-Aguas, vapor Tritón, cap. Real: con 600 sacos azúcar y efectos.;;Tritón;vapor;1892_02_11;Malas-Aguas
;;N/A:  | N/A:  | N/A: ;Bernaza;pat.;;"Puerto-Padre, gol. Tres Hermanas, pat. Bernaza: con 900 atravesos; 63 bocoyes miel y efectos.";;Tres Hermanas;gol.;1892_02_11;Puerto-Padre
;;N/A:  | N/A: ;Eusebia;pat.;;Sierra Morena, gol. Sofía, pat. Eusebia: con 780 sacos azúcar y efectos.;;Sofía;gol.;1892_02_11;
;;N/A:  | N/A: ;Poreira;pat.;;Carahatás, gol. Teresita, pat. Poreira: con 52 bocoyes miel y efectos.;;Teresita;gol.;1892_02_11;Carahatás
;;N/A: ;Inclán;pat.;;Cabañas, gol. Caballo Marino, pat. Inclán: con 800 sacos azúcar.;;Caballo Marino;gol.;1892_02_11;Cabañas
;;N/A:  | N/A: ;Villa'onga;pat.;;— Caibarién, gol. Carmita, pat. Villa'onga: con 332 sacos azúcar y 20 quarterolas miel.;;Carmita;gol.;1892_02_13;Caibarién
;;N/A: ;Tortell;pat.;;— Caibarién, gol. Victoria, pat. Tortell: con 80 sacos azúcar.;;Victoria;gol.;1892_02_13;Caibarién
;;N/A:  | N/A: ;Freixas;pat.;;— Caibarién, gol. Josefita, pat. Freixas: con 600 sacos azúcar y 40 quarterolas miel.;;Josefita;gol.;1892_02_13;Caibarién
;;N/A: ;Barceló;patrón;;— Bahía Honda, gol. Salve Virgen María, patrón Barceló: con 60 quarterolas miel.;;Salve Virgen María;gol.;1892_02_13;Bahía Honda
;;N/A:  | N/A: ;Barrera;pat.;;— Santa Cruz, gol. Joven Mannel, pat. Barrera: 200 sacos azúcar y 20 fanegas maíz.;;Joven Mannel;gol.;1892_02_13;Santa Cruz
Día :;;N/A:  | N/A:  | N/A: ;Mayans;pat.;;"— Baracoa, gol. Aguila, pat. Mayans: con 35.000 cocos; 207 barriles aceite de coco y efectos.";;Aguila;gol.;1892_02_13;Baracoa
;;N/A:  | N/A:  | N/A: ;Carduluz;cap.;;"De Sagua, vapor Adela, cap. Carduluz: con 420 sacos azúcar; 100 pipas aguardiente y efectos.";;Adela;vap.;1892_02_14;Sagua
;;N/A:  | N/A: ;Urrutibesasco;cap.;;De Caibarién, vapor Alava, cap. Urrutibesasco: con 4 cuarteras de miel y efectos.;;Alava;vap.;1892_02_16;Caibarién
Día :;;N/A:  | N/A:  | N/A:  | N/A: ;Ventura;cap.;;"Cuba, vapor Remón de Herrera, cap. Ventura: con 140 cascos ron; 380 reses; 339 sacos maíz y efectos.";;Remón de Herrera;vapor;1892_02_16;Cuba
;;N/A: ;Menaya;pat.;;Sierra Morena, gol, Habanera, pat. Menaya: con 75 bocotes miel.;;Habanera;gol;1892_02_16;
;;N/A:  | N/A: ;Porcel;pat.;;Jaraco, gol, Paquete de Jaruco, pat. Porcel: con 40 quintas de cebolla y 50 sacos fríjoles.;;Paquete de Jaruco;gol;1892_02_16;Jaruco
Día null:;;N/A:  | N/A:  | N/A:  | N/A: ;Suao;pat.;;"Gibar, gol, Moralidad, pat. Suao: con 157 sacos azúcar; 306 sacos maíz; 36 pipototes alcohólico; 70,000 plátanos y efectos.";;Moralidad;gol;1892_02_16;Gibar
;;N/A:  | N/A: ;Tortell;pat.;;Cabanas, gol, Victoria, pat. Tortell: con 600 sacos azúcar y 40 bocotes miel.;;Victoria;gol;1892_02_16;Cabanas
;;N/A:  | N/A: ;Sastre;pat.;;Maríel, gol, Altagracia, pat. Sastre: con 100 sacos azúcar y 44 bocotes miel.;;Altagracia;gol;1892_02_16;
;;N/A:  | N/A: ;Alemany;pat.;;Cárdenes, gol, Joven Pilar, pat. Alemany: con 700 sacos azúcar y efectos.;;Joven Pilar;gol;1892_02_16;Cárdenes
;;N/A:  | N/A:  | N/A: ;Valent;pat.;;"Cárdenes, gol, María del Carmen, pat. Valent: con 400 sacos azúcar; 100 pipas aguardiente y efectos.";;María del Carmen;gol;1892_02_16;Cárdenes
;;N/A: ;Juan;patrón;;De Cabañas, balandro Rosita, patrón Juan: con 240 sacos azúcar.;;Rosita;balandro;1892_02_17;Cabañas
;;N/A: ;Cabaleiro;pat.;;—Congoyas, gta. Rosita, pat. Cabaleiro: con 500 sacos carbón.;;Rosita;gta.;1892_02_17;Congoyas
;;N/A: ;Torres;pat.;;—Puerto Escondido, gta. Joven Pepilla, pat. Torres: con 250 sacos azúcar.;;Joven Pepilla;gta.;1892_02_17;Puerto Escondido
;;N/A: ;Incán;pat.;;—Cabañas, gta. Caballo Marino, pat. Incán: con 800 sacos azúcar.;;Caballo Marino;gta.;1892_02_17;Cabañas
;;N/A: ;Tinjuán;pat.;;—Teja, gta. Castilla, pat. Tinjuán: con 1000 sacos carbón.;;Castilla;gta.;1892_02_17;Teja
;;N/A: ;Alemañy;pat.;;—Granadillo, gta. Caba, pat. Alemañy: con 1000 sacos carbón.;;Caba;gta.;1892_02_17;Granadillo
;;N/A: ;Barceló;pat.;;—Banes, gta. Salve Virgen María, pat. Barceló: con 40 bocoyes miel.;;Salve Virgen María;gta.;1892_02_17;Banes
;;N/A: ;Pifreyra;pat.;;De Bajas, gol. Carmita, pat. Pifreyra, con 860 sacos carbón.;;Carmita;gol.;1892_02_18;Bajas
;;N/A: ;Marantez;pat.;;—Dominica, gol. Mª Magdalena, pat. Marantes, con 310 sacos azúcar.;;Mª Magdalena;gol.;1892_02_18;Dominica
;;N/A: ;Juan;pat.;;—S. Morena, gol. Mª Teresa, pat. Juan, 600 sacos azúcar.;;Mª Teresa;gol.;1892_02_18;S. Morena
;;N/A:  | N/A: ;Real;cap.;;De Malas Aguas, vapor Tritón, cap. Real: con 1400 sacos azúcar y 100 tercios tabaco.;;Tritón;vap.;1892_02_20;Malas Aguas
;;N/A:  | N/A: ;Marín;cap.;;Manta, vapor Guaniganican, cap. Marín: con 106 tercios tabaco y efectos.;;Guaniganican;vapor;1892_02_20;Manta
;;N/A:  | N/A: ;Ginesta;cap.;;Cuba, vapor San Juan, cap. Ginesta: con 2100 sacos azúcar y 203 tercios tabaco.;;San Juan;vapor;1892_02_20;Cuba
;;N/A: ;Vidal;pat.;;Congojas, gta. Joven Luisa, pat. Vidal: con 1000 sacos carbón.;;Joven Luisa;gta.;1892_02_20;Congojas
;;N/A: ;García;pat.;;Barracas, gta. Rosario, pat. García: con 400 varas maderas.;;Rosario;gta.;1892_02_20;Barracas
;;N/A:  | N/A:  | N/A: ;Hernández;pat.;;Morón, gta. América, pat. Hernández: con 150 paños cedro y efectos.;;América;gta.;1892_02_20;Morón
;;N/A: ;Fonrodona;pat.;;Sierra Morena, gta. Tres Hermanas, pat. Fonrodona: con 800 sacos carbón.;;Tres Hermanas;gta.;1892_02_20;Sierra Morena
;;N/A: ;Pujol;pat.;;Teja, gta. Isabel II, pat. Pujol: con 600 sacos carbón.;;Isabel II;gta.;1892_02_20;Teja
;;N/A: ;Jafres;pat.;;Sierra Morena, gta. Emilia, pat. Jafres: con 400 sacos azúcar.;;Emilia;gta.;1892_02_20;
;;N/A:  | N/A: ;Tortell;pat.;;De Cabaña, gta. Victoria, pat. Tortell: con 600 sacos azúcar y 40 hocoyes miel.;;Victoria;gta.;1892_02_21;Cabaña
;;N/A: ;Padilla;pat.;;—Banes, gta. Josefa, pat. Padilla: con 300 sacos azúcar.;;Josefa;gta.;1892_02_21;Banes
;;N/A:  | N/A:  | N/A: ;Larragán;cap.;;De Sagua, vapor Adela, cap. Larragán: con 800 sacos azúcar, 86 pipas aguardent y efectos.;;Adela;vapor;1892_02_23;Sagua
;;N/A: ;Rigo;pat.;;—Cabañas, gol. Condor, pat. Rigo: con 500 sacos azúcar.;;Condor;gol.;1892_02_23;Cabañas
;;N/A: ;Juan;pat.;;—Cabañas, bidro. Rosita, pat. Juan: con 240 sacos azúcar.;;Rosita;bidro.;1892_02_23;Cabañas
;;N/A: ;Villalonga;pat.;;—Cabañas, gta. Carmita, pat. Villalonga: con 60 cuarterolas miel.;;Carmita;gta.;1892_02_23;Cabañas
;;N/A: ;Mateo;pat.;;—Amigos, gta. San Francisco, pat. Mateo: con 900 sacos carbón.;;San Francisco;gta.;1892_02_23;
;;N/A: ;Padrón;pat.;;—Santa María, gta. Joven Jaime, pat. Padrón: con 956 sacos carbón.;;Joven Jaime;gta.;1892_02_23;
;;N/A: ;Padrón;pat.;;—Punta de San Juan, gta. J. Victoria, pat. Padrón: con 1000 sacos carbón.;;J. Victoria;gta.;1892_02_23;Punta de San Juan
Día :;;N/A:  | N/A:  | N/A: ;Zaragoza;pat.;;—Cárdenas, gta. Isla de Cuba, pat. Zaragoza: con 600 sacos azúcar, 50 pipas aguardent y efectos.;Isla de Cuba;;gta.;1892_02_23;Cárdenas
;;N/A: ;Sastre;pat.;;—Maríel, gta. Altgracia, pat. Sastre: con 530 sacos azúcar.;;Altgracia;gta.;1892_02_23;
Día :;;N/A: ;Piera;pat.;;—Dominica, gta. Dominica, pat. Piera: con 380 sacos azúcar.;;Dominica;gta.;1892_02_23;Dominica
;;N/A:  | N/A: ;Freixas;pat.;;—Cabañas, gta. Josefa, pat. Freixas: con 600 sacos y 20 pipas aguardent.;;Josefa;gta.;1892_02_23;Cabañas
;;N/A: ;Colomip;pat.;;—Barnoos, gta. Gaspar, pat. Colomip: con 40 boqueros miel.;;Gaspar;gta.;1892_02_23;
;;N/A: ;Alemafiy;pat.;;—Laguna del Medio, gta. Almansa: pat. Alemafiy: con 2300 sacos carbón.;;Almansa;gta.;1892_02_23;Laguna del Medio
;;N/A: ;Folgar;pat.;;—Sagua la Chica, gta. J. Lecadia, pat. Folgar: con 50 000 tejas.;;J. Lecadia;gta.;1892_02_23;Sagua la Chica
;;N/A: ;Padilla;pat.;;—Bunco, gta. Josefa, pat. Padilla: con 500 sacos azúcar.;;Josefa;gta.;1892_02_23;
Día :;;;Urrutibea;cap.;;De Caibarién, vapor Alava, cap. Urrutibea: con efectos.;;Alava;vapor;1892_02_24;Caibarién
;;N/A:  | N/A:  | N/A: ;Vaca;cap.;;"Navegat, vapor Julia, cap. Vaca: con 550 rosas; 1,533 sacos azúcar y efectos.";;Julia;vap.;1892_02_24;
;;N/A: ;Portella;pat.;;Arreyos, gol. Amable Rosita, pat. Portella: con 700 sacos carbón.;;Amable Rosita;gol.;1892_02_24;
;;N/A:  | N/A: ;Tortell;pat.;;Cabañas, gol. Victoria, pat. Tortell: con 600 sacos azúcar y 40 boqueros miel.;;Victoria;gol.;1892_02_24;Cabañas
;;N/A: ;Garriga;pat.;;Canaat, gol. Amado Antonio, pat. Garriga: con 1 cun terolos miel.;;Amado Antonio;gol.;1892_02_24;
Día :;;N/A: ;León;pat.;;Marie, gol. Joven Magdalena, pat. León: con 800 sacos azúcar.;;Joven Magdalena;gol.;1892_02_24;
;;N/A: ;Ferrer;pat.;;Babia-Honda, gol. Mercedita, pat. Ferrer: con 800 sacos azúcar.;;Mercedita;gol.;1892_02_24;Babia-Honda
Día :;;N/A:  | N/A:  | N/A: ;Lezo;pat.;;Nuevitas, gol. Emilia, pat. Lezo: con 50 toros, 40 esbaldones leña y efectos.;;Emilia;gol.;1892_02_24;Nuevitas
;;N/A: ;Ferrer;pat.;;Cárdenas, gol. Purísima Concepción, pat. Ferrer: con 1,600 sacos azúcar.;;Purísima Concepción;gol.;1892_02_24;Cárdenas
;;N/A: ;Deulofen;pat.;;Marie, gol. Trafalgar, pat. Deulofen: con 800 sacos azúcar.;;Trafalgar;gol.;1892_02_24;
;;N/A:  | N/A: ;Larragán;cap.;;De Puerto-Padre, vapor Clara, cap. Larragán: con 155 bocoyes mle, 1,400 sacos azúcar, y efectos.;;Clara;vap.;1892_02_25;Puerto-Padre
;;N/A:  | N/A:  | N/A: ;Cantero;pat.;;—Cádiz, gol. Agnilla de Oro, pat. Cantero: con 600 sacos azúcar, 26 pipas aguardiente y efectos.;;Agnilla de Oro;gol.;1892_02_25;Cádiz
;;N/A: ;Alemany;pat.;;—Bahía-Honda, gol. María Josefa, pat. Alemany: con 500 sacos azúcar.;;María Josefa;gol.;1892_02_25;Bahía-Honda
;;N/A:  | N/A: ;Real;cap.;;De Malas-Aguas, vapor Tritón, cap. Real: con 1,500 sacos azúcar y 50 cuarterolas miel.;;Tritón;vapor;1892_02_27;Malas-Aguas
;;N/A: ;Gil;pat.;;Banes, gol. Dos Isabeles, pat. Gil: con 500 sacos azúcar.;;Dos Isabeles;gol.;1892_02_27;Banes
;;N/A: ;Pérez;pat.;;Matanzas, gol. Amalía, pat. Pérez: con 175 pipas aguariente.;;Amalía;gol.;1892_02_27;Matanzas
;;N/A: ;Acuña;pat.;;Congojos, gol. María Andrea, pat. Acuña: con 800 sacos carbón.;;María Andrea;gol.;1892_02_27;
;;N/A:  | N/A:  | N/A: ;Sastre;pat.;;Maríel, gol. Altaracía, pat. Sastre: con 41 bocotes y 150 sacos azúcar y efectos.;;Altaracía;gol.;1892_02_27;
;;N/A: ;Inclán;pat.;;Cabañas, gol. Caballo Marino, pat. Inclán: con 700 sacos azúcar.;;Caballo Marino;gol.;1892_02_27;Cabañas
;;N/A: ;Vera;pat.;;Nuevitas, gol. Cárdenas, pat. Vera: con 400 reseces.;;Cárdenas;gol.;1892_02_27;Nuevitas
;;N/A:  | N/A: ;Cardeluz;cap.;;De Sagra, vapor Adela, cap. Cardeluz: con 860 sacos azúcar y efectos.;;Adela;vapor;1892_02_28;Sagra
;;N/A: ;Rigó;pat.;;—Cabañas, gta. Condor, pat. Rigó: con 642 sacos azúcar.;;Condor;gta.;1892_02_28;Cabañas
;;N/A:  | N/A: ;Torres;pat.;;—Baracoa, gta. Elva, pat. Torres: con 49,500 cocos y 8 sacos cacao.;;Elva;gta.;1892_02_28;Baracoa
;;N/A:  | N/A: ;Freixas;pat.;;—Cabañas, gta. Josefa, pat. Freixas: con 600 sacos azúcar y 40 boecos miel.;;Josefa;gta.;1892_02_28;Cabañas
;;N/A: ;Marín;cap.;;De Manta, vapor Guaniguano cap. Marín: con 130;;Guaniguano;vap.;1892_03_01;Manta
;;N/A: ;Juan;pat.;;—Cabañas, hbro. Rosita, pat. Juan: con 240 sacos;;Rosita;hbro.;1892_03_01;Cabañas
;;N/A: ;Espino;pat.;;—Morriillo, gta. Agustina, pat. Espino: con 530 sa-;esp.;Agustina;gta.;1892_03_01;
;;N/A: ;Mandey;pat.;;—Cárdenas gta. Clio, pat. Mandey: con 440 sa-;;Clio;gta.;1892_03_01;Cárdenas
;;N/A: ;Jofre;pat.;;—Cabañas, gol. Candita, pat. Jofre: con 600 sacos;;Candita;gol.;1892_03_01;Cabañas
;;N/A: ;Tortell;pat.;;—Cabañas, gol. Victoria, pat. Tortell: con 600 sa-;;Victoria;gol.;1892_03_01;Cabañas
;;N/A: ;Saestre;pat.;;—Maríel, gol. Altagracia, pat. Saestre: con 550 sacos;;Altagracia;gol.;1892_03_01;
;;;Inclán;pat.;;—Cabañas, gol. Caballo Marino, pat. Inclán: con;;Caballo Marino;gol.;1892_03_01;Cabañas
Día XX:;;N/A:  | N/A:  | N/A:  | N/A: ;Vaca;cap.;;De Nuevos, vapor Julia, cap. Vaca: con 2.303 sacos azúcar, 140 bocoyes miel, 400 reses y efectos.;;Julia;vapor;1892_03_02;Nuevos
;;N/A:  | N/A: ;Urrutibea;cap.;;Caibarién, vapor Alavo, cap. Urrutibea: con 72 pipas aguardiente y efectos.;;Alavo;vapor;1892_03_02;Caibarién
;;N/A: ;Ruiz;pat.;;Arroyos, gta. Dos Hermanas, pat. Ruiz: con 700 sacos carbón.;;Arroyos;gta.;1892_03_02;Dos Hermanas
;;N/A: ;Marantes;pat.;;Maríel, gta. María Magdalena, pat. Marantes: con 450 sacos azúcar.;;María Magdalena;gta.;1892_03_02;
;;N/A: ;Rodríguez;pat.;;Caibarién, gta. Dos Amigos, pat. Rodríguez: con 400 sacos azúcar.;;Dos Amigos;gta.;1892_03_02;Caibarién
;;N/A: ;Padilla;pat.;;Banes, gta. Josefa, pat. Padilla: con 300 sacos azúcar.;;Josefa;gta.;1892_03_02;Banes
;;N/A:  | N/A: ;Clar;pat.;;Morrillo, gta. Britania, pat. Clar: con 400 sacos azúcar y efectos.;Britania;;gta.;1892_03_02;Morrillo
;;N/A:  | N/A: ;Valent;pat.;;Cárdenas, gta. María del Carmen, pat. Valent: con 700 sacos azúcar y 80 pipas aguardiente.;;María del Carmen;gta.;1892_03_02;Cárdenas
;;;Viñolas;cop.;;De Sagua, vapor Cosme de Herrera, cop. Viñolas:;;Cosme de Herrera;vap.;1892_03_03;Sagua
;;N/A: ;herr.;pat.;;Arrows, gol. Amalia, pat. herr. con 809 sacos carbón.;;Amalia;gol.;1892_03_03;
;;N/A:  | N/A:  | N/A: ;Freixas;pat.;;"Cabañas, gol. Josefa, pat. Freixas: con 600 sacos azúcar; 40 bocotes miel y 20 pagas aguardiente.";;Josefa;gol.;1892_03_03;Cabañas
;;N/A: ;Pagés;pat.;;Jaruco, gol. Joven Lola, pat. Pagés: con 450 sacos azúcar.;;Joven Lola;gol.;1892_03_03;Jaruco
;;N/A: ;Fellicer;pat.;;Santa Cruz, gol. Centinela, pat. Fellicer: con 309 sacos azúcar.;;Centinela;gol.;1892_03_03;Santa Cruz
;;N/A:  | N/A: ;Villa;pat.;;Morrillo, gol. Feliz, pat. Villa: con 200 sacos de azúcar y 20 cuarterolías miel.;;Feliz;gol.;1892_03_03;
;;N/A: ;Barrera;pat.;;Santa Cruz, gol. Joven Manuel, pat. Barrera: con 360 sacos azúcar.;;Joven Manuel;gol.;1892_03_03;Santa Cruz
;;N/A: ;Real;cap.;;De Malas Aguas, vapor Tritón, cap. Real: con 1,200 sacos azúcar.;;Tritón;vapor;1892_03_04;Malas Aguas
;;N/A: ;Rigó;pat.;;Cabañas, gol. Condor, pat. Rigó: con 725 sacos azúcar.;;Condor;gol.;1892_03_04;Cabañas
;;N/A: ;Riobo;pat.;;Carahatas, gol. Tres Hermanas, pat. Riobo: con 170 boceyes miel.;;Tres Hermanas;gol.;1892_03_04;Carahatas
;;N/A:  | N/A: ;Eusebio;pat.;;De Sierra Morena, gta. Sofía, pat. Eusebio: con 790 sacos azúcar, gta. y efectos.;;Sofía;gta.;1892_03_05;Sierra Morena
;;N/A:  | N/A: ;Sastre;pat.;;Maríel, gta. Alta gracia, pat. Sastre: con 56 bocoyes y 330 sacos azúcar.;;Maríel;gta.;1892_03_05;Alta gracia
;;N/A: ;Pellicer;pat.;;Sierra Morena, gta. Pirlueo, pat. Pellicer: con 20) sacos azúcar.;;Pirlueo;gta.;1892_03_05;
;;N/A: ;Juan;pat.;;Sierra Morena, gta. María Teresa, pat. Juan: con 600 sacos carbón.;;María Teresa;gta.;1892_03_05;
;;N/A:  | N/A:  | N/A: ;Cardeluz;cap.;;Da Sagna, vapor Adela, cap. Cardeluz: con 700 sacos azúcar, 104 pipas acuariante y efectos.;;Adela;vapor;1892_03_06;Sagna
;;N/A: ;Juan;pat.;;Cabs.ñas, balan. tro Rosita, pat. Juan: con 240 sacos azúcar.;;Rosita;balan.;1892_03_06;
;;N/A: ;Gil;pat.;;Banes, gol. 2 Isabeles, pat. Gil: con 550 sacos azúcar.;;2 Isabeles;gol.;1892_03_06;Banes
;;N/A: ;Colomar;pat.;;Gabañas, gol. Gaspar, pat. Colomar: con 40 boyes miel.;;Gaspar;gol.;1892_03_06;Gabañas
;;N/A:  | N/A: ;Fortell;pat.;;Cabañas, gta. Victoria, pat. Fortell: con 600 sacos azúcar y 40 boyes miel.;;Victoria;gta.;1892_03_06;Cabañas
;;N/A: ;Menaya;pat.;;Sierra Morena, gta. Habana, pat. Menaya: con 500 sacos azúcar.;;Sierra Morena;gta.;1892_03_06;Habana
Día :;;N/A:  | N/A:  | N/A: ;Jerez;pat.;;Mayarí, gta. Paquete de Bariay, pat. Jerez: con 600 atravesaños, 400 palos rollísos y efectos.;;Paquete de Bariay;gta.;1892_03_06;Mayarí
;;N/A: ;Deulofeo;pat.;;Marí, gta. Traflagar, pat. Deulofeo: con 800 sacos azúcar.;;Traflagar;gta.;1892_03_06;Marí
;;N/A:  | N/A: ;Maest:;cap.;;De Malas Aguas vapor Guaniquanico, cap. Maest: con 330 tercios tabaco y efectos.;;Guaniquanico;vapor;1892_03_08;Malas Aguas
;;N/A:  | N/A: ;Ventura;cap.;;Cuba vapor Manuela, cap. Ventura: con 1,010 sacos maíz, 131 sacos y efectos.;;Manuela;vapor;1892_03_08;Cuba
;;N/A: ;Regó;pat.;;Cabañas gol. Condor, pat. Regó: con 740 sacos azúcar.;;Condor;gol.;1892_03_08;Cabañas
;;N/A: ;Villalonga;pat.;;Cabañas gol. Carmila, pat. Villalonga: con 400 sacos azúcar.;;Carmila;gol.;1892_03_08;Cabañas
;;N/A: ;Espino;pat.;;Morriillo gol. Agutina, pat. Espino: con 400 sacos azúcar.;;Agutina;gol.;1892_03_08;
;;N/A:  | N/A:  | N/A:  | N/A: ;Esterellas;pat.;;Gilbar gol. Expreso de Gibara, pat. Esterellas: con 23 pipotas alcohol, 301 sacos maíz, 127 tercios tabaco, 50,000 plátanos y efectos.;;Expreso;gol.;1892_03_08;Gibara
;;N/A: ;Macea;pat.;;San Cayetano gol. Gallego, pat. Macea: con 700 sacos carbón.;;Gallego;gol.;1892_03_08;San Cayetano
;;N/A: ;Rodríguez;pat.;;Playas de San Juan gol. 2ª Rosa, pat. Rodríguez: con 1,000 sacos carbón.;;2ª Rosa;gol.;1892_03_08;Playas de San Juan
;;N/A: ;Barceló;pat.;;Maríel gol. Salva Virgen María, pat. Barceló: con 300 sacos azúcar.;;Salva Virgen María;gol.;1892_03_08;
;;N/A:  | N/A: ;Fortoll;pat.;;Cabañas gol. Victoria pat. Fortoll: con 600 sacos azúcar, 40 bocoves miel.;;Victoria;gol.;1892_03_08;Cabañas
;;N/A: ;Pereira;pat.;;Carahatás gol. Teresita, pat. Pereira: con 180 bocoves miel.;;Teresita;gol.;1892_03_08;
;;N/A:  | N/A: ;Sastre;pat.;;Maríel gol. Altaraciós, pat. Sastre: con 320 sacos azúcar y 50 cuarteros miel.;;Altaraciós;gol.;1892_03_08;
Día :;;N/A:  | N/A:  | N/A: ;Zaragoza;pat.;;Cárdenas gol. Isla de Cuba, pat. Zaragoza: con 300 sacos azúcar, 170 pipas aguardiente y efectos.;;Isla de Cuba;gol.;1892_03_08;Cárdenas
Día null:;;N/A:  | N/A: ;Cayuso;pat.;;Matanzas gol. Dos Hermanas, pat. Cayuso: con 90 barriles cerveza y efectos.;;Dos Hermanas;gol.;1892_03_08;Matanzas
;;N/A: ;Alemany;pat.;;Bahía-Honda, gol. María Josefa, pat. Alemany: con 500 sacos azúcar.;;María Josefa;gol.;1892_03_08;Bahía-Honda
;;N/A: ;Suárez;pat.;;Punta Larga gol. Joven Blanca, pat. Suárez: con 1,000 sacos carbón.;;Joven Blanca;gol.;1892_03_08;Punta Larga
;;N/A: ;Vidal;pat.;;Congojas gol. Joven Luisa, pat. Vidal: con 1,000 sacos carbón.;;Joven Luisa;gol.;1892_03_08;
;;N/A:  | N/A: ;Clar;pat.;;Morriillo gol. Britania, pat. Clar: con 500 sacos azúcar y 20 cuarteros miel.;;Britania;gol.;1892_03_08;Morriillo
;;N/A: ;Palmer;pat.;;Maríel gol. Joven Gertrudis, pat. Palmer: 8,110 sacos azúcar.;;Joven Gertrudis;gol.;1892_03_08;
;;N/A: ;Inclán;cap.;;Cabañas gol. Caballo Marino, cap. Inclán: con 800 sacos azúcar.;;Caballo Marino;gol.;1892_03_08;Cabañas
;;N/A: ;Illnás;pat.;;Canafeí gol. Josefina, pat. Illnás: con 350 sacos azúcar.;;Josefina;gol.;1892_03_08;
;;N/A: ;Deulofu;pat.;;Cabañas gol. Trafeglar, pat. Deulofu: con 800 sacos carbón.;;Trafeglar;gol.;1892_03_08;Cabañas
;;N/A: ;Ensenat;pat.;;Ortigosa gol. Doloritas, pat. Ensenat: con 500 sacos azúcar.;;Doloritas;gol.;1892_03_08;
;;N/A: ;Mir;pat.;;Granadillo gol. Joven Felipe, pat. Mir: con 2,000 sacos carbón.;;Joven Felipe;gol.;1892_03_08;Granadillo
Día 01:;;N/A: ;Tur;pat.;;Puerto de San Juan gol. José Riera, pat. Tur: con 800 sacos carbón.;;José Riera;gol.;1892_03_08;San Juan
;;N/A: ;Mayan;pat.;;Puerto de San Juan gol. Rita Fortuna, pat. Mayan: con 1,000 sacos carbón.;;Rita Fortuna;gol.;1892_03_08;San Juan
;;N/A: ;Torres;pat.;;De Gienfuegos, gol. Amistad, pat. Torres, can. 300;;Amistad;gol.;1892_03_10;Gienfuegos
;;N/A: ;Mall;pat.;;—Nuevitas, gol. Dolores, pat. Mall, con 450 atra-;;Dolores;gol.;1892_03_10;Nuevitas
;;;Alemán;pat.;;Granadillo, gol. Ignacia Alemán, pat. Mir, con;;Ignacia;gol.;1892_03_10;Granadillo
;;N/A: ;Cabaleiro;pat.;;—Congojas, gol. Rosita, pat. Cabaleiro, con 500;;Rosita;gol.;1892_03_10;Congojas
;;N/A: ;Pajés;pat.;;Jarro, gol. Joven Lola, pat. Pajés, con 389 sa-;;Joven Lola;gol.;1892_03_10;
;;;Barreas;pat.;;—Santa Cruz, gol. Joven Manuel, pat. Barreas,;;Joven Manuel;gol.;1892_03_10;Santa Cruz
;;;Ferrer;pat.;;Bahía Honda, gol. Mercedita, pat. Ferrer, con;;Mercedita;gol.;1892_03_10;Bahía Honda
;;N/A: ;Espriú;pat.;;—Guanes, gol. Espriú, pat. Espriú, con 400;;Espriú;gol.;1892_03_10;Guanes
;;N/A: ;Zaragoza;pat.;;—Bajas, gol. Angelita, pat. Zaragoza, con 150 qts.;;Angelita;gol.;1892_03_10;Bajas
;;N/A:  | N/A: ;Real;cap.;;De Males Agua, vapor Tríton, cap. Real: con 1,300 sacos azúcar y efectos.;;Tríton;vapor;1892_03_11;Males
;;N/A:  | N/A:  | N/A: ;Ginesta;cap.;;Nuestras, vapor Sao Juan, cap. Ginesta: con 1,500 sacos azúcar, 200 reales y efectos.;;Sao Juan;vap.;1892_03_11;
;;N/A:  | N/A:  | N/A: ;Cardeluz;cap.;;Saua, vapor Clara, cap. Cardeluz: con 100 pipas aguardiente, 1,090 sacos azúcar y efectos.;;Clara;vapor;1892_03_11;Saua
;;N/A: ;Calzada;pat.;;Manzanillo, gta. Margarita, pat. Calzada: con 800 varas maderas.;;Margarita;gta.;1892_03_11;Manzanillo
Día Vaca:;;N/A:  | N/A: ;Vaca;pat.;;De Nuevitas gol Julia, pat. Vaca: con 360 reses, 2.600 sacos azúcar y efectos.;;Julia;gol.;1892_03_12;Nuevitas
;;N/A: ;Juan;pat.;;—Cabañas bdr. Rosita, pat. Juan: con 240 sacos azúcar.;;Rosita;bdr.;1892_03_12;Cabañas
;;N/A: ;Marantes;pat.;;—Maríel gol. María Magdalena, pat. Marantes: con 450 sacos azúcar.;;María Magdalena;gol.;1892_03_12;
;;N/A:  | N/A: ;Fortell;pat.;;—Cabañas gol. Victoria, pat. Fortell: con 600 sacos azúcar y 49 bocotes miel.;;Victoria;gol.;1892_03_12;Cabañas
;;N/A:  | N/A: ;Frois;pat.;;—Cabañas gol. Josefa, pat. Frois: con 600 sacos azúcar, 40 bocotes miel.;;Josefa;gol.;1892_03_12;Cabañas
;;N/A:  | N/A:  | N/A: ;Sastre;pat.;;—Maríel gol. Altagracia, pat. Sastre: con 28 bocotes y 200 sacos azúcar y 86 tercios tabaco.;;Altagracia;gol.;1892_03_12;
;;N/A: ;Porzel;pat.;;—Jaruco gol. Paqueta de Jaruco, pat. Porzel: con 200 quintales de cebollas.;;Paqueta;gol.;1892_03_12;Jaruco
;;N/A:  | N/A: ;González;pat.;;—Morriillo gol. Feliz, pat. González: con 300 sacos azúcar y 20 cuartales miel.;;Feliz;gol.;1892_03_12;Morriillo
Día Blg5:;;N/A: ;Blg5;pat.;;De Cabanas, gta. Condor, pat. Blg5: con 725 sacos azúcar.;;Condor;gta.;1892_03_15;Cabanas
;;N/A:  | N/A: ;Tortell;pat.;;Cabañas, gte. Victoria, pat. Tortell: con 600 sacos azúcar y 40 booyes miel.;;Victoria;gte.;1892_03_15;Cabañas
;;N/A: ;Colomar;pat.;;Cabañas, gte. Gaspar, pat. Colomar: con 40 cuarteros miel.;;Gaspar;gte.;1892_03_15;
;;N/A: ;Torres;pat.;;Canaaf, gta. Sabas, pat. Torres: con 400 sacos azúcar.;;Sabas;gta.;1892_03_15;
;;N/A:  | N/A: ;Valent;pat.;;Gardénas, gta. Juan Torralba, pat. Valent: con 800 sacos azúcar y efectos.;;Juan Torralba;gta.;1892_03_15;Gardénas
;;N/A: ;Cabres;pat.;;Sierra Morena, gta. Emilia, pat. Cabres: con 500 sacos azúcar.;;Emilia;gta.;1892_03_15;
;;N/A: ;Paimer;pat.;;Maríel, gta. Joven Gertrúdis, pat. Paimer: con 300 sacos azúcar.;;Joven Gertrúdis;gta.;1892_03_15;
;;N/A: ;Pajés;pat.;;Jarro, gta. Joven Lola, pat. Pajés: con 389 sacos azúcar.;;Joven Lola;gta.;1892_03_15;
;;N/A: ;Bellicer;pat.;;Santa Cruz, gta. Centinela, pat. Bellicer: con 300 sacos azúcar.;;Centinela;gta.;1892_03_15;Santa Cruz
;;N/A: ;Pellicer;pat.;;Sierra Morena, gta. Pirineo, pat. Pellicer: con 1200 sacos azúcar.;;Pirineo;gta.;1892_03_15;
;;N/A: ;Pujol;pat.;;Jarne, gta. Inés, pat. Pujol: con 20 fanegas maíz.;;Inés;gta.;1892_03_15;
;;N/A: ;Vega;pat.;;Nuevitas, gta. Cárdenes, pat. Vega: con 400 rebois.;;Cárdenes;gta.;1892_03_15;Nuevitas
;;N/A: ;Gil;pat.;;De Banes, gol. Dos Isabeles, pat. Gil: con 500 sacos azúcar.;;Dos Isabeles;gol.;1892_03_16;Banes
;;N/A: ;Villalonga;pat.;;Banes, gol. Isabelita, pat. Villalonga: con 50 bcoyes miel.;;Isabelita;gol.;1892_03_16;Banes
;;N/A: ;Menaya;pat.;;Sierra Morena, gol. Habanera, pat. Menaya: con 75 bocoyes miel.;;Habanera;gol.;1892_03_16;
;;N/A: ;Tinjuán;pat.;;Salto, gol. Castilla, pat. Tinjuán: con 800 sacos carbón.;;Castilla;gol.;1892_03_16;Salto
;;N/A:  | N/A: ;Pérez;pat.;;Matanzas, gol. María, pat. Pérez: con 47 bocoyes aguardiente y efectos.;;María;gol.;1892_03_16;Matanzas
;;N/A: ;Juan;pat.;;Sierra Morena, gol. María Teresa, pat. Juan: con 130 bocoyes miel.;;María Teresa;gol.;1892_03_16;
;;N/A: ;Torres;pat.;;Puerto-Escondido, gol. Joven Pepilla, pat. Torres: con 250 sacos azúcar.;;Joven Pepilla;gol.;1892_03_16;Escondido
;;N/A:  | N/A: ;Enseñat;pat.;;Sierra Morena, gol. Sofía, pat. Enseñat: con 800 sacos azúcar y efectos.;;Sofía;gol.;1892_03_16;
;;N/A: ;Piera;pat.;;De Dominica, gol. Dominica, pat. Piera: con 330 sa-;;Dominica;gol.;1892_03_17;Dominica
;;N/A: ;Sastre;pat.;;Maríel, gol. Altagracia, pat. Sastre: con 350 sa-;;Altagracia;gol.;1892_03_17;
;;;Barreras;pat.;;Santa Cruz, gol. joven Manuel, pat. Barreras:;;joven Manuel;gol.;1892_03_17;Santa Cruz
;;N/A:  | N/A:  | N/A: ;Marín;cap.;;"De Manta: vapor Guaniguano, cap. Marín: con 418 tercios tabaco; 87 sacos cáscara de mangle y efectos.";;Guaniguano;vapor;1892_03_18;Manta
;;N/A:  | N/A:  | N/A: ;Real;cap.;;"Malas-Aguas: vapor Tritón, cap. Real: con 2.500 sacos azúcar; 50 tercerales miel y 20 tercios tabaco.";;Tritón;vapor;1892_03_18;Malas-Aguas
;;N/A: ;Gii;pat.;;Banes, gol. Dos Isabeles, pat. Gii: con 500 sacos azúcar.;;Dos Isabeles;gol.;1892_03_18;Banes
Día :;;N/A: ;León;pat.;;Maríel, gol. Joven Magdalena, pat. León: con 820 sacos azúcar.;;Joven Magdalena;gol.;1892_03_18;
;;N/A: ;Riobo;pat.;;Carabatas, gol. Tres Hermanas, pat. Riobo: con 170 bocoyes miel.;;Tres Hermanas;gol.;1892_03_18;
;;N/A:  | N/A:  | N/A: ;Larragán;cap.;;De Sagra vap. Clara, cap. Larragán: 770 s. azúcar, 200 pipas aguardiente y efectos.;;Clara;vap.;1892_03_19;Sagra
;;N/A: ;Espino;pat.;;Morillo gol. Agustina, pat. Espino: 400 s. azúcar.;;Agustina;gol.;1892_03_19;Morillo
Día :;;N/A:  | N/A: ;Villalonga;pat.;;Cabañas gol. Carmita, pat. Villalonga: 406 sacos azúcar, 8 cuartelos miel.;;Carmita;gol.;1892_03_19;Cabañas
;;N/A:  | N/A:  | N/A: ;Frasquet;pat.;;Juan López, gol. Tres Hermanas, pat. Frasquet: 190 s. lana, 25 arrobas cera y efectos.;;Tres Hermanas;gol.;1892_03_19;
Día 01:;;N/A: ;Alemañy;pat.;;Bahía Honda, gol. María Josefa, pat. Alemañy: 500 s. azúcar.;;María Josefa;gol.;1892_03_19;Bahía Honda
Día :;;N/A: ;Martín;pat.;;Arroyos, gol. San Francisco, pat. Martín: 900 sacos carbón.;;San Francisco;gol.;1892_03_19;Arroyos
;;N/A: ;Portela;pat.;;Arroyos, gol. Amable Rosita, pat. Portela: 800 s. carbón.;;Amable Rosita;gol.;1892_03_19;Arroyos
;;N/A:  | N/A: ;Freixas;pat.;;Cabañas gol. Josefa, pat. Freixas: 600 s. azúcar, 40 bocoyos miel.;;Josefa;gol.;1892_03_19;Cabañas
;;N/A: ;Bosch;pat.;;Maríel, gol. Altagarcía, pat. Bosch: 800 s. carbón.;;Altagarcía;gol.;1892_03_19;
;;N/A: ;Bosch;pat.;;Punta San Juan, gol. Antonia, pat. Bosch: 800 s. carbón.;;Antonia;gol.;1892_03_19;Punta San Juan
Día 01:;;N/A: ;Vera;pat.;;Nuevitas, gol. Cárdenas, pat. Vera: 400 reses.;;Cárdenas;gol.;1892_03_19;Nuevitas
;;N/A:  | N/A: ;Planas;pat.;;Múntea gol. Dolores, pat. Planas: 309 varas madera, 100 caballos leña.;;Dolores;gol.;1892_03_19;Múntea
;;;Berna;pat.;;De Puerto Pérez, gta. Tres Hermanas, pat. Berna-;;Tres Hermanas;gta.;1892_03_22;Puerto Pérez
;;N/A: ;Tortell;pat.;;—Cabañas, gta. Victoria, pat. Tortell: con 600 sa-;;Victoria;gta.;1892_03_22;Cabañas
;;N/A: ;Bellice;pat.;;—Santa Cruz, gta. Centinela, pat. Bellice: con 270;;Centinela;gta.;1892_03_22;Santa Cruz
;;N/A: ;Deulofen;pat.;;—Cabañas, gta. Trafalgar, pat. Deulofen: con 750;;Trafalgar;gta.;1892_03_22;Cabañas
Día XX:;;N/A: ;Rlgó;pat.;;De Cabanas, gta. Condor, pat. Rlgó: con 725 sacos azúcar.;;Condor;gta.;1892_03_23;Cabanas
;;N/A:  | N/A: ;González;pat.;;— Morrillo, gta. Feliz, pat. González: con 200 sacos azúcar y 20 cuarterolas miel.;;Feliz;gta.;1892_03_23;Morrillo
;;N/A: ;Pereira;pat.;;— Carahatas, gta. Terasita, pat. Pereira: con 180 hocoyos miel.;;Terasita;gta.;1892_03_23;Carahatas
;;N/A: ;Almamy;pat.;;— Dimas, gta. Mercedita, pat. Almamy: con 800 sacos carbón.;;Mercedita;gta.;1892_03_23;
;;N/A: ;Inclán;pat.;;— Cabanas, gta. Caballo Marino, pat. Inclán: con 800 sacos carbón.;;Caballo Marino;gta.;1892_03_23;Cabanas
Día 01:;;N/A:  | N/A: ;Real;pat.;;De Malas Aguas gol. Trilón, pat. Real: 1500 s. azúcar y efectos.;;Trilón;gol.;1892_03_25;Malas Aguas
;;N/A: ;Marantes;pat.;;Dominica gol. María Magdalena, pat. Marantes: 480 s. azúcar.;;María Magdalena;gol.;1892_03_25;Dominica
;;N/A: ;Vadilla;pat.;;Banes gol. Josefa, pat. Vadilla: 300 sacos azúcar.;;Josefa;gol.;1892_03_25;Banes
;;N/A: ;Acuña;pat.;;Congojas gol. María Andrea, pat. Acuña, 800 s. carbón.;;María Andrea;gol.;1892_03_25;Congojas
;;N/A: ;Gil;pat.;;Banes gol. Dos Isabeles, pat. Gil: 500 sacos azúcar.;;Dos Isabeles;gol.;1892_03_25;Banes
;;N/A:  | N/A: ;Vizquerra;pat.;;Cárdenas gol. Yumuri, pat. Vizquerra: 30 pipas agruantes y efectos.;;Yumuri;gol.;1892_03_25;Cárdenas
;;N/A: ;Colomar;pat.;;Cabañas gol. Gaspar, pat. Colomar: 40 bocoyes miel.;;Gaspar;gol.;1892_03_25;Cabañas
Día 25:;;N/A:  | N/A: ;Cayuca;pat.;;Matanzas gol. María, pat. Cayuca: 25 bocoyes agruantes y efectos.;;María;gol.;1892_03_25;Matanzas
;;N/A:  | N/A: ;Freixas;pat.;;Cabañas gol. Josefa, pat. Freixas: 600 s. azúcar, 40 bocoyes miel.;;Josefa;gol.;1892_03_25;Cabañas
;;N/A: ;Barcalo;pat.;;Bahía Honda gol. Salve Virgen María, pat. Barcalo: 900 s. azúcar.;;Salve Virgen María;gol.;1892_03_25;Bahía Honda
Día XX:;;N/A: ;León;pat.;;Maríel gol. Joven Gertrudia, pat. León: 800 s. carbón.;;Joven Gertrudia;gol.;1892_03_25;
;;N/A:  | N/A:  | N/A: ;Cuevas;pat.;;Cárdenas gol. Angelita, pat. Cuevas: 500 sacos azúcar, 100 pipas agruantes y efectos.;;Angelita;gol.;1892_03_25;Cárdenas
;;N/A: ;Alemañy;pat.;;Sierra Morena gol. Matilde, pat. Alemañy: 700 s. azúcar.;;Matilde;gol.;1892_03_25;
Día 01:;;N/A: ;Piza;pat.;;Yagualay gol. Natividad, pat. Piza: 70 bocoyes de miel.;;Natividad;gol.;1892_03_25;
;;N/A: ;Morendo;pat.;;De Dimas, goleta María Mazoni, pat. Morendo: con 600 sacas carbón.;;María Mazoni;goleta;1892_03_27;Dimas
;;N/A: ;Román;pat.;;Mautus, got. Lince, pat. Román: con 700 sacas carbón.;;Lince;got.;1892_03_27;Mautus
;;N/A: ;Fone;pat.;;Canast, got. Sabas, pat. Fone: con 400 sacas azúcar.;;Sabas;got.;1892_03_27;
;;N/A: ;Alemany;pat.;;Cárdenas, got. Joven Pilar, pat. Alemany: con 1.000 sacas azúcar.;;Joven Pilar;got.;1892_03_27;Cárdenas
;;N/A: ;Sastre;pat.;;Maríel, gte. Altegracia, pat. Sastre: con 580 sacas azúcar.;;Maríel;gte.;1892_03_27;
;;N/A: ;Josefa;pat.;;Bilis Honda, gta. Murí: Josefa, pat. Alemany: con 500 sacas azúcar.;;Bilis Honda;gta.;1892_03_27;
;;N/A:  | N/A: ;Cardeluz;pat.;;Sagun, gta. Adela, pat. Cardeluz: con 36 pipas aguardiente y efectos.;;Adela;gta.;1892_03_27;Sagun
;;N/A: ;Ferrer;pat.;;Babá Honda, gta. Mercedita, pat. Ferrer: con 400 sacas azúcar.;;Mercedita;gta.;1892_03_27;Babá Honda
;;N/A: ;Terrades;pat.;;Plays de San Juan, gta. Candita, pat. Terrades: con 1.000 sacas carbón.;;Candita;gta.;1892_03_27;San Juan
;;N/A:  | N/A: ;Rigó;pat.;;De Cabañas, gta. Conder, pat. Rigó: con 600 sacos azúcar y 40 bocayos miel.;;Conder;gta.;1892_03_29;Cabañas
;;N/A: ;Armengó;pat.;;Dimas, goleta María Mazoni, pat. Armengó: con 600 sacos carbón.;;María Mazoni;goleta;1892_03_29;
;;N/A: ;Román;pat.;;Marina, goleta Lince, pat. Román: con 700 sacos carbón.;;Lince;goleta;1892_03_29;
;;N/A: ;Raiz;pat.;;Arroyos, goleta Dos Hermanas, pat. Raiz: con 800 sacos carbón.;;Dos Hermanas;goleta;1892_03_29;Arroyos
;;N/A: ;Mesta;pat.;;San Cayetano, goleta Gallego, pat. Mesta: con 700 sacos carbón.;;Gallego;goleta;1892_03_29;San Cayetano
;;N/A: ;Colomar;pat.;;Cabañas, goleta Gaspar, pat. Colomar: con 40 bocayos miel.;;Gaspar;goleta;1892_03_29;Cabañas
;;N/A:  | N/A: ;Fríxas;pat.;;Cabañas, goleta Josef, pat. Fríxas: con 600 sacos azúcar y 40 bocayos miel.;;Josef;goleta;1892_03_29;Cabañas
;;N/A:  | N/A: ;Marín;cap.;;Mantua, vapor Guanaguano, cap. Marín: con 225 sacos de tabaco y efectos.;;Guanaguano;vapor;1892_03_29;Mantua
Día :;;N/A:  | N/A:  | N/A:  | N/A: ;Lazo;pat.;;Nuevitas, goleta Emilio, pat. Lazo: con 96 reses, 200 caballos leña y efectos.;;Emilio;goleta;1892_03_29;Nuevitas
;;N/A: ;González;pat.;;Morrillo, goleta Feliz, pat. González: con 400 sacos azúcar.;;Feliz;goleta;1892_03_29;
Día :;;N/A:  | N/A:  | N/A:  | N/A:  | N/A:  | N/A: ;Vaca;cap.;;"De Cuba; vapor Julia, cap. Vaca: con 500 sacos azúcar, 102 bocoyes mól, 30,000 plátanos, 1,267 sacos maíz, 680 reas y efectos.";;Julia;vapor;1892_03_30;Cuba
;;N/A:  | N/A: ;Mas;pat.;;Baracoa, gta. Anita, pat. Mas: con 60,000 cocoa y efectos.;;Anita;gta.;1892_03_30;Baracoa
;;N/A: ;Rodríguez;pat.;;Cabañas, gta. Dos Amigos, pat. Rodríguez: con 400 sacos azúcar.;;Dos Amigos;gta.;1892_03_30;Cabañas
;;N/A:  | N/A: ;García;cap.;;De Bahía Honda, vapor Pedro Murias, cap. García: con 67 tercios tabaco y efectos.;;Pedro Murias;vap.;1892_03_31;Bahía Honda
;;N/A:  | N/A:  | N/A: ;Cantero;pat.;;Cádiz, gta. Agulla de Oro, pat. Cantero: con 900 sacos azúcar, 20 pipas aguardiente y efectos.;;Agulla de Oro;gta.;1892_03_31;Cádiz
;;N/A: ;Gil;pat.;;Banes, gta. Dos Isabeles, pat. Gil: con 500 sacos azúcar.;;Dos Isabeles;gta.;1892_03_31;Banes
;;N/A: ;Padrón;pat.;;Playas de San Juan, Segunda Rosa, pat. Padrón: con 1000 sacos carbón.;;Segunda Rosa;;1892_03_31;Playas de San Juan
;;N/A: ;Padilla;pat.;;Banes, gta. Josefa, pat. Padilla: con 300 sacos azúcar.;;Josefa;gta.;1892_03_31;Banes
;;N/A:  | N/A: ;Fons;pat.;;Caucaí, gta. Sabas, pat. Fons: con 100 sacos y 15 bocoyes azúcar.;;Sabas;gta.;1892_03_31;Caucaí
;;N/A:  | N/A: ;Saatre;pat.;;Marlés, gta. Allagracia, pat. Saatre: con 16 bocoyes azúcar y 100 cuartellas miel.;;Allagracia;gta.;1892_03_31;Marlés
;;N/A:  | N/A: ;Juan;pat.;;Sierra Morena, gta. María Teresa, pat. Juan: con 80 bocoyes miel y efectos.;;María Teresa;gta.;1892_03_31;
;;N/A: ;Pagé;pat.;;Jaruco, gta. Joven Lolis, pat. Pagé: con 352 sacos azúcar y efectos.;;Joven Lolis;gta.;1892_03_31;Jaruco
;;N/A:  | N/A:  | N/A: ;Cabre;pat.;;Puerto Alegre, gta. Unión, pat. Cabre: con 300 strawaños, 100 arados y efectos.;;Unión;gta.;1892_03_31;Puerto Alegre
;;N/A:  | N/A:  | N/A: ;Larragán;cap.;;Sagua, vapor Clara, cap. Larragán: con 800 sacos azúcar, 100 pipas aguardiente y efectos.;;Clara;vapor;1892_03_31;Sagua
;;N/A:  | N/A:  | N/A: ;Larragán;cap.;;De Sagra, vapor Clara, cap. Larragán: con 800 sacos azúcar, 100 pipas aguardiente y efectos.;;Clara;vapor;1892_04_01;Sagra
;;N/A:  | N/A: ;Real;cap.;;Malas Águas, vapor Trifón, cap. Real: con 1,500 sacos azúcar y efectos.;;Trifón;vap.;1892_04_01;
;;N/A: ;Visquerra;pat.;;Cárdenas, gta. Yumurú, pat. Visquerra: con 50 pipas aguardiente.;;Yumurú;gta.;1892_04_01;Cárdenas
;;N/A:  | N/A: ;Tortell;pat.;;Cabañas, gta. Victoria, pat. Tortell: con 600 sacos azúcar y 40 boeys mil.;;Victoria;gta.;1892_04_01;Cabañas
;;N/A:  | N/A: ;Freixas;pat.;;Cabañas, gta. Jorefa, pat. Freixas: con 600 sacos azúcar y 40 boeys mil.;;Jorefa;gta.;1892_04_01;Cabañas
;;N/A: ;Palmer;pat.;;María, gta. Joven Gertrudis, pat. Palmer: con 800 sacos azúcar.;;Joven Gertrudis;gta.;1892_04_01;
;;N/A: ;Vidal;pat.;;Congojas, gta. Joven Luisa, pat. Vidal: con 1000 sacos carbón.;;Joven Luisa;gta.;1892_04_01;Congojas
Día XX:;;N/A:  | N/A:  | N/A: ;Vaca;cap.;;De Cuba: vapor Julia, cap. Vaca: con 3,006 sacos de azúcar, 190 reses y efectos.;;Julia;vapor;1892_04_06;Cuba
;;N/A: ;Prats;pat.;;Arroyos, gol. Dos Amigos, pat. Prats: con 800 sacos carbón.;;Dos Amigos;gol.;1892_04_06;Arroyos
;;N/A: ;Portella;pat.;;Arroyos, gol. Amable Rosita, pat. Portella: con 700 sacos azúcar.;;Amable Rosita;gol.;1892_04_06;Arroyos
;;N/A: ;Beneján;pat.;;Santa María, gol. Margarita, pat. Beneján: con 400 sacos carbón.;;Margarita;gol.;1892_04_06;
;;N/A:  | N/A: ;González;pat.;;Morillo, gol. Feliz, pat. González: con 200 sacos azúcar y 20 cuarteros miel.;;Feliz;gol.;1892_04_06;Morillo
;;N/A:  | N/A:  | N/A: ;Mandilgo;pat.;;Cárdenas, gol. Clío, pat. Mandilgo: con 380 sacos azúcar, 110 pipas aguardiente y efectos.;;Clío;gol.;1892_04_06;Cárdenas
;;N/A: ;Marantes;pat.;;Maríel, gol. María Magdalena, pat. Marantes: con 480 sacos azúcar.;;María Magdalena;gol.;1892_04_06;
;;N/A: ;González;pat.;;De Congojos, gta. Joven Victoria, pat. González: con 800 sacos carbón.;;Joven Victoria;gta.;1892_04_07;Congojos
;;N/A: ;Mateu;pat.;;Arroyos, gta. San Francisco, pat. Mateu: con 900 sacos carbón.;;San Francisco;gta.;1892_04_07;Arroyos
;;N/A:  | N/A: ;Pagés;pat.;;Jarneu, gta. Joven Lola, pat. Pagés: con 354 sacos azúcar y 81 sacos maíz.;;Joven Lola;gta.;1892_04_07;Jarneu
;;N/A:  | N/A: ;Bellicer;pat.;;Santa Cruz, gta. María, Centinela, pat. Bellicer: con 120 sacos azúcar y 10 fanegas maíz.;;María;gta.;1892_04_07;Santa Cruz
;;N/A:  | N/A:  | N/A: ;Ferrer;pat.;;Matanzas, gta. María, pat. Ferrer: con 100 pipas aguardiente, 7 casos alcohol y efectos.;;María;gta.;1892_04_07;Matanzas
;;N/A: ;Cárce;pat.;;Cabañas, gol. Rosario, pat. Cárce: con 80 bocoyes miel.;;Rosario;gol.;1892_04_07;Cabañas
;;N/A:  | N/A: ;Sastre;pat.;;Maríel, gol. Altaracía, pat. Sastre: con 100 sacos y 50 bocoyes azúcar y efectos.;;Altaracía;gol.;1892_04_07;
;;N/A:  | N/A:  | N/A: ;Larragán;cap.;;De Sagna, vapor Clara, cap. Larragán: con 800 sacos azúcar, 100 pipas aguardiente, 74 tercios tabaco y efectos.;;Clara;vapor;1892_04_08;Sagna
;;N/A: ;Real;cap.;;Malas Aguas, vapor Tríton, cap. Real: con 1,500 sacos azúcar y efectos.;;Tríton;vap.;1892_04_08;Malas Aguas
;;N/A: ;Viñolas;cap.;;Nueva, vapor Mortera, cap. Viñolas: con 991 sacos azúcar.;;Mortera;vapor;1892_04_08;Nueva
;;N/A:  | N/A: ;Marín;cap.;;Mantua, vapor Gnanignanico, cap. Marín: con 130 tercios tabaco y efectos.;;Gnanignanico;vapor;1892_04_08;Mantua
;;N/A:  | N/A: ;Clar;pat.;;Morrillo, gta Britania, pat. Clar: con 400 sacos y 40 boceyes miel.;;Britania;gta;1892_04_08;Morrillo
;;N/A: ;Barceló;pat.;;Marí, Salve Virgen María, pat. Barceló: con 50 boceyes de miel.;;Salve Virgen María;;1892_04_08;Marí
;;N/A: ;Pereira;pat.;;Carahatás, gta. Teresita, pat. Pereira: con 180 boceyes de miel.;;Teresita;gta.;1892_04_08;Carahatás
;;N/A:  | N/A: ;Fons;pat.;;Canasí, gta. Sabas, pat. Fons: con 400 sacos azúcar y 40 boceyes miel.;;Sabas;gta.;1892_04_08;Canasí
;;N/A:  | N/A: ;Cuevas;pat.;;Cárdenas, gta. Ángelita, pat. Cuevas: con 200 pipas aguardiente y efectos.;;Ángelita;gta.;1892_04_08;Cárdenas
Día XX:;;N/A:  | N/A:  | N/A: ;Cayuso;pat.;;De Matanzas, gta. Dos Hermanas, pat. Cayuso: con 109 bocoyes aguardiente, 23 bocoyes alcohol y efectos.;;Dos Hermanas;gta.;1892_04_10;Matanzas
;;N/A: ;Esprius;pat.;;Guanes, gta. Especulación, pat. Esprius: con 400 sacos carbón.;;Especulación;gta.;1892_04_10;Guanes
;;N/A:  | N/A: ;Ferrer;pat.;;Bahía Honda, gta. Mercedita, pat. Ferrer: con 300 sacos y 20 bocoyes miel.;;Mercedita;gta.;1892_04_10;Bahía Honda
;;N/A:  | N/A: ;Pellicer;pat.;;Bahía Honda, gol. Crisálida, pat. Pellicer: con 847 bocoyes miel y efectos.;;Crisálida;gol.;1892_04_10;Bahía Honda
;;N/A:  | N/A: ;Cabres;pat.;;Sierra Morena, gol. Emilia, pat. Cabres: con 500 sacos azúcar y efectos.;;Emilia;gol.;1892_04_10;
;;;García;cap.;;De Bahía-Honda, vp. Pedro Murias, cap. García: en lastre.;;Pedro Murias;vp.;1892_04_13;Bahía-Honda
;;N/A:  | N/A: ;Ensenat;pat.;;De Sierra Morena, gol. Sofia, pat. Ensenat: con 800 sacos azúcar y efectos.;;Sofia;gol.;1892_04_14;Sierra Morena
;;N/A:  | N/A: ;Rigó;pat.;;—Cabañas, gta. Conder, pat. Rigó: con 500 sacos azúcar y 40 quinuelas miel.;;Conder;gta.;1892_04_14;Cabañas
;;N/A: ;Folgar;pat.;;—Sagua la Chica, gta. Joven Leocadia, pat. Folgar: con 600 varas maderas.;;Joven Leocadia;gta.;1892_04_14;Sagua la Chica
;;N/A:  | N/A: ;Real;cap.;;—Malas Águas, vap. Trifón, cap. Real: con 1500 sacos azúcar y efectos.;;Trifón;vap.;1892_04_14;Malas Águas
;;N/A: ;Deulofeo;pat.;;—Cabañas, gta. Trafalgar, pat. Deulofeo: con 800 sacos azúcar.;;Trafalgar;gta.;1892_04_14;Cabañas
;;N/A: ;Porcell;pat.;;—Jaruco, gta. Paquete de Jaruco, pat. Porcell: con 200 quintales cebollas.;;Paquete de Jaruco;gta.;1892_04_14;Jaruco
;;N/A:  | N/A: ;Espino;pat.;;—Morrillo, gta. Agustina, pat. Espino: con 200 sacos azúcar y 20 cuartas miel.;esp.;Agustina;gta.;1892_04_14;Morrillo
Día null:;;N/A:  | N/A:  | N/A: ;Viñolas;cap.;;De Puerto Padre, vap. Mortera, cap. Viñolas: con 3.317 sacos azúcar, 88 bocacos miel y 450 reses.;;Mortera;vap.;1892_04_19;Puerto Padre
;;N/A:  | N/A: ;Marín;cap.;;Mantua, vapor Guaniquiano, cap. Marín: con 342 tercios tabaco y efectos.;;Guaniquiano;vapor;1892_04_19;Mantua
;;N/A: ;Juan;pat.;;Cabana, gta. Rosita, pat. Juan: con 240 sacos azúcar.;;Rosita;gta.;1892_04_19;Cabana
;;N/A:  | N/A:  | N/A: ;Cantero;pat.;;Cárdenas, gta. Agulla de Oro, pat. Cantero: con 400 sacos azúcar, 180 pipas agrandiente y efectos.;;Agulla de Oro;gta.;1892_04_19;Cárdenas
Día 01:;;N/A: ;García;pat.;;Bahía Honda, gta. Rosario, pat. García: con 500 sacos azúcar.;;Rosario;gta.;1892_04_19;Bahía Honda
;;N/A: ;Clar;pat.;;Morrillo, gta. Britania, pat. Clar: con 400 sacos azúcar.;;Britania;gta.;1892_04_19;
;;N/A:  | N/A: ;Pérez;pat.;;Matanza, gta. Amalia, pat. Pérez: con 37 bocacos agrandiente y efectos.;;Amalia;gta.;1892_04_19;Matanza
;;N/A: ;Sastre;pat.;;Maríel, gta. Altagracia, pat. Sastre: con 530 sacos azúcar.;;Altagracia;gta.;1892_04_19;
Día :;;N/A:  | N/A:  | N/A:  | N/A: ;Ginesia;cap.;;De Cuba, vapor San Juan, cap. Ginesia: con 1.677 sacos azúcar, 175 cascos ron, 200 reses y efectos.;;San Juan;vap.;1892_04_20;Cuba
;;N/A: ;Freixas;pat.;;Cabañas, gta. Josefa, pat. Freixas: con 800 sacos azúcar.;;Josefa;gta.;1892_04_20;Cabañas
;;N/A: ;Fortell;pat.;;Cabañas, gta. Victoria, pat. Fortell: con 800 sacos azúcar.;;Victoria;gta.;1892_04_20;Cabañas
;;N/A: ;Macía;pat.;;San Cayetano, gta. Gallego, pat. Macía: con 600 sacos carbón.;;Gallego;gta.;1892_04_20;San Cayetano
;;N/A: ;Jofre;pat.;;Playas de San Juan, gta. Candida, pat. Jofre: con 1000 sacos carbón.;;Candida;gta.;1892_04_20;Playas de San Juan
;;N/A:  | N/A: ;Porcel;pat.;;Jaruco, gta. Paquete de Jaruco, pat. Porcel: con 150 sacos azúcar y 50 sacos maíz.;;Paquete;gta.;1892_04_20;Jaruco
;;N/A:  | N/A: ;Sastre;pat.;;Maríel, gta. Altagracia, pat. Sastre: con 50 bocotes azúcar y 40 cucharones miel.;;Altagracia;gta.;1892_04_20;
;;N/A: ;Vera;pat.;;Nuevendas, gta. Cárdenas, pat. Vera: con 400 reses.;;Cárdenas;gta.;1892_04_20;Nuevendas
Día null:;;N/A: ;Real;cap.;;De Malas Aguas, vapor Triton, cap. Real: con 200 sacos azúcar.;;Triton;vapor;1892_04_22;Malas Aguas
;;N/A: ;Padrón;pat.;;Congojas, gta. Segunda Rosa, pat. Padrón: con 800 sacos carbón.;;Segunda Rosa;gta.;1892_04_22;Congojas
;;N/A: ;Padrón;pat.;;Congojas, gta. Joven Victoria, pat. Padrón: con 800 sacos carbón.;;Joven Victoria;gta.;1892_04_22;Congojas
;;N/A: ;Mateu;pat.;;Congojas, gta. San Francisco, pat. Mateu: con 800 sacos carbón.;;San Francisco;gta.;1892_04_22;Congojas
;;N/A:  | N/A: ;Santana;pat.;;Santa María, gta. Joven Jaime, pat. Santana: con 100 caballos leña y 500 sacos carbón.;;Joven Jaime;gta.;1892_04_22;
;;N/A: ;Acuña;pat.;;Congojas, gta. María Andrea, pat. Acuña: con 800 sacos carbón.;;María Andrea;gta.;1892_04_22;Congojas
;;N/A:  | N/A: ;Gonzalez;pat.;;Morrillo, gta. Feliz, pat. Gonzalez: con 200 sacos azúcar y 20 cuarterolas miel.;;Feliz;gta.;1892_04_22;Morrillo
;;N/A: ;Deulofeu;pat.;;Cabañas, gta. Trafalgar, pat. Deulofeu: con 700 sacos azúcar.;;Trafalgar;gta.;1892_04_22;Cabañas
;;N/A:  | N/A:  | N/A: ;Valent;pat.;;Cárdenas, gta. Juan Toralla, pat. Valent: con 225 pipas, 50/2 y 100/4 pipas aguardiente.;;Juan Toralla;gta.;1892_04_22;Cárdenas
;;N/A: ;Alemany;pat.;;Dímas, gta. Mercedita, pat. Alemany: con 800 sacos carbón.;;Mercedita;gta.;1892_04_22;
;;N/A: ;Sastre;pat.;;Maríel, gta. Altgracia, pat. Sastre: con 530 sacos azúcar.;;Altgracia;gta.;1892_04_22;
Día :;;;Cantero;pat.;;Para Cárdenas, gta. Águila de Oro, pat. Cantero: con efectos.;;Águila de Oro;gta.;1892_04_26;Cárdenas
;;;Snuo;pat.;;Gíbara, gta. Moralidad, pat. Snuo: con efectos.;;Moralidad;gta.;1892_04_26;Gíbara
;;;Villalonga;pat.;;Cabañas, gta. Carmita, pat. Villalonga: con id.;;Carmita;gta.;1892_04_26;Cabañas
;;;Sastre;pat.;;Marie, gta. Altgracia, pat. Sastre: con id.;;Altgracia;gta.;1892_04_26;
;;;Colomer;pat.;;Cabañas, gta. Gaspar, pat. Colomer: con id.;;Gaspar;gta.;1892_04_26;
;;;Ferrer;pat.;;Bahía Honda, gta. Mercedita, pat. Ferrer: con id.;;Mercedita;gta.;1892_04_26;Bahía Honda
;;;Alemaiy;pat.;;Bahía Honda, gta. María Josefa, pat. Alemaiy: con efectos.;;María Josefa;gta.;1892_04_26;Bahía Honda
;;;Torres;pat.;;Puerto Escandido, gta. Joven Pepilla: pat. Torres: con efectos.;;Joven Pepilla;gta.;1892_04_26;Escandido
;;;Barrera;pat.;;Santa Cruz, gta. Joven Manuel, pat. Barrera: con efectos.;;Joven Manuel;gta.;1892_04_26;Santa Cruz
;;N/A:  | N/A: ;Espriás;pat.;;De Morillo, gol. Agustina, pat. Espriás: con 250 sacos azúcar y 50 cuarterolas miel.;;Agustina;gol.;1892_04_27;Morillo
;;N/A: ;Fustes;pat.;;Bajos, gol. Carmita, pat. Fustes: con 800 sacos azúcar.;;Carmita;gol.;1892_04_27;Bajos
;;N/A: ;Freixas;pat.;;Cabañas, gol. Joséfa, pat. Freixas: con 800 sacos azúcar.;;Joséfa;gol.;1892_04_27;Cabañas
;;N/A: ;Tortell;pat.;;Cabañas, gol. Victoria, pat. Tortell: con 800 sacos azúcar.;;Victoria;gol.;1892_04_27;Cabañas
;;N/A: ;Colomar;pat.;;Cabañas, gol. Gaspar, pat. Colomar: con 40 bocoyes miel.;;Gaspar;gol.;1892_04_27;Cabañas
;;N/A: ;Tous;pat.;;Canast, gol. Sabás, pat. Tous: con 500 sacos azúcar.;;Sabás;gol.;1892_04_27;
;;N/A: ;Padilla;pat.;;Banes, gol. Josefa, pat. Padilla: con 300 sacos de azúcar.;;Josefa;gol.;1892_04_27;Banes
;;N/A: ;Gil;pat.;;Banes, gol. Dos Isabeles, pat. Gil: con 550 sacos azúcar.;;Dos Isabeles;gol.;1892_04_27;Banes
;;N/A: ;Suárez;pat.;;Yaguajay, gol. Joven Blanca, pat. Suárez: con 100 bocoyes miel.;;Joven Blanca;gol.;1892_04_27;Yaguajay
;;N/A: ;Palmer;pat.;;Maríel, gol. Joven Gertrúdis, pat. Palmer: con 820 sacos azúcar.;;Joven Gertrúdis;gol.;1892_04_27;
;;N/A: ;Vera;pat.;;Nuevas, gol. Cárdenas, pat. Vera: con 400 reses.;;Cárdenas;gol.;1892_04_27;Nuevas
Día null:;;N/A:  | N/A: ;Larragán;cap.;;De Sagua, vapor Clara, cap. Larragán: con 800 sacos azúcar y efectos.;;Clara;vapor;1892_04_29;Sagua
;;N/A:  | N/A:  | N/A:  | N/A: ;Ginesta;cap.;;Mantua, vapor Guaniguano, cap. Ginesta: con 2.624 sacos azúcar, 109 bocoyes, mil, 30 reses y efectos.;;Guaniguano;vapor;1892_04_29;Mantua
;;N/A:  | N/A: ;Real;cap.;;Malas Aguas, vapor Triton, cap. Real: con 300 sacos azúcar y efectos.;;Triton;vap.;1892_04_29;Malas Aguas
;;N/A:  | N/A: ;Calafell;pat.;;Matanzas, gta. María Josefa, pat. Calafell: con 175 cascos aguardiente y efectos.;;María Josefa;gta.;1892_04_29;Matanzas
;;N/A:  | N/A: ;Pérez;pat.;;Matanzas, gta. Amalia, pat. Pérez: con 43 cascos y efectos.;;Amalia;gta.;1892_04_29;Matanzas
;;N/A: ;Mayans;pat.;;Punta de San Juan, gta. Rita Fortuna, pat. Mayans: con 800 sacos carbón.;;Rita Fortuna;gta.;1892_04_29;Punta de San Juan
;;N/A: ;Enseñat;pat.;;Sierra Morena, gta. Sofía, pat. Enseñat: con 802 sacos azúcar y efectos.;;Sofía;gta.;1892_04_29;
;;N/A: ;Rigó;pat.;;Cabanías, gta. Condor, pat. Rigó: con 725 sacos azúcar.;;Condor;gta.;1892_04_29;Cabanías
;;N/A: ;Rig;pat.;;"De Cabañas, gta. Condor, pat. Rig; con 725 sacos azúcar.";;Condor;gta.;1892_05_03;Cabañas
;;N/A: ;Juan;pat.;;Cabañas, balandro Rosita, pat. Juan: con 240 sacos azúcar.;;Rosita;balandro;1892_05_03;Cabañas
;;N/A:  | N/A: ;Torres;pat.;;Baracoa, gta. Elva, pat. Torres: con 70,000 cocos y efectos.;;Elva;gta.;1892_05_03;Baracoa
;;N/A:  | N/A:  | N/A:  | N/A:  | N/A: ;Estrellas;pat.;;Gibara, gta. Expreso de Gibara, pat. Estrellas: con 40 tercio tabaco, 38 pipetas alcohol, 800 quintales fame, 75,000 plátanos y efectos.;;Expreso de Gibara;gta.;1892_05_03;Gibara
;;N/A: ;Inclán;pat.;;Cabañas, gta. Caballo Marino, pat. Inclán: con 750 sacos azúcar.;;Caballo Marino;gta.;1892_05_03;Cabañas
;;N/A:  | N/A: ;Enseñat;pat.;;Ortigosa, gta. Doloritas, pat. Enseñat: con 100 sacos azúcar y 40 bocoyes miel.;;Doloritas;gta.;1892_05_03;Ortigosa
;;N/A: ;Juan;pat.;;Sierra Morena, gta. María Teresa, pat. Juan: con 700 sacos azúcar.;;María Teresa;gta.;1892_05_03;
;;N/A: ;Tortell;pat.;;Cabañas, gta. Victoria, pat. Tortell: con 800 sacos azúcar.;;Victoria;gta.;1892_05_03;Cabañas
;;N/A: ;Fons;pat.;;Canasí, gta. Sabas, pat. Fons: con 500 sacos azúcar.;;Sabas;gta.;1892_05_03;Canasí
;;N/A: ;Sastre;pat.;;Maril, gta. Altagracia, pat. Sastre: con 530 sacos azúcar.;;Altagracia;gta.;1892_05_03;
;;N/A:  | N/A: ;González;pat.;;Morriillo, gol. Feliz, pat. González: con 170 sacos azúcar y 3 bocoyes miel.;;Feliz;gol.;1892_05_03;
;;N/A:  | N/A: ;Clar;pat.;;De Morriillo, gta. Britania, pat. Clar: con 300 sacos azúcar y 624 tendidos majaguas.;;Britania;gta.;1892_05_04;Morriillo
;;N/A: ;Palmer;pat.;;Maríel, gta. Joven Gerrúdis, pat. Palmer: con 820 sacos azúcar.;;Joven Gerrúdis;gta.;1892_05_04;
;;N/A: ;Gil;pat.;;Banes, gta. Dos Isabeles, pat. Gil: con 550 sacos azúcar.;;Dos Isabeles;gta.;1892_05_04;Banes
;;N/A: ;Padilla;pat.;;Banes, gta. Josefa, pat. Padilla: con 300 sacos azúcar.;;Josefa;gta.;1892_05_04;Banes
;;N/A:  | N/A: ;Barrera;pat.;;Santa Cruz, gta. Joven Manuel pat. Barrera: con 190 sacos azúcar y 20 bocoyes miel.;;Joven Manuel;gta.;1892_05_04;Santa Cruz
;;N/A: ;Pellicer;pat.;;Bahía Honda, gta. Crisálida, pat. Pellicer: con 150 bocoyes miel.;;Crisálida;gta.;1892_05_04;Bahía Honda
;;N/A:  | N/A:  | N/A: ;Sastre;pat.;;Maríel, gta. Altacracia, pat. Sastre: con 50 bocoyes y 100 sacos azúcar.;;Altacracia;gta.;1892_05_04;
;;N/A:  | N/A:  | N/A: ;Castillo;pat.;;"De Manzanillo, gta. Rosita, pat. Castillo; con 1,000 piezas maderas, 560 tablas cedro y efectos.";;Rosita;gta.;1892_05_05;Manzanillo
;;N/A:  | N/A:  | N/A: ;Prieto;pat.;;"—Manzanillo, gta. María Teresa, pat. Prieto; con 113 piezas maderas, 870 tablas cedro y 1,617 atra-veses.";;María Teresa;gta.;1892_05_05;Manzanillo
;;N/A:  | N/A:  | N/A:  | N/A: ;Cantero;pat.;;"—Cárdenas, gta. Aguilá de Oro, pat. Cantero; con 360 sacos azúcar, 100 pipas, 40 ½ pipas aguardien-tes y efectos.";;Aguilá de Oro;gta.;1892_05_05;Cárdenas
;;N/A:  | N/A: ;Santa Ana;pat.;;"—Santa María, gta. Joven Jaime, pat. Santa Ana; con 500 sacos carbón y 100 caballos leña.";;Joven Jaime;gta.;1892_05_05;
;;N/A: ;Deulofeo;pat.;;"—Cábalas, gta. Tralfagar, pat. Deulofeo; con 900 sacos azúcar.";;Tralfagar;gta.;1892_05_05;
;;N/A: ;Espino;pat.;;"—Morrillo, gta. Agustina, pat. Espino; con 530 sacos azúcar.";esp.;Agustina;gta.;1892_05_05;Morrillo
;;N/A:  | N/A: ;Freiras;pat.;;"—Cábalas, gta. Josefina, pat. Freiras; con 500 sacos azúcar y 50 cuarterolas miel.";;Josefina;gta.;1892_05_05;Cábalas
;;N/A:  | N/A: ;Cayusa;pat.;;"—Matanzas, gta. 2 Hermanas, pat. Cayusa; con 187 bocoyes aguardiente y efectos.";;2 Hermanas;gta.;1892_05_05;Matanzas
;;N/A:  | N/A: ;Real;cap.;;De Malos Aguas vapor Tritón, cap. Real: con 300 sacos azúcar y efectos.;;Tritón;vapor;1892_05_06;Malos Aguas
;;N/A:  | N/A:  | N/A:  | N/A: ;Ginesta;cap.;;—Nuevitas vapor Mortera, cap. Ginesta: con 3.295 sacos azúcar, 139 bocoyos miel, 50 reses y efectos.;;Mortera;vapor;1892_05_06;Nuevitas
;;N/A:  | N/A:  | N/A:  | N/A:  | N/A: ;Vilar;cap.;;—Cuba vapor Manuela, cap. Vilar: con 50.000 plátanos, 287 s. azúcar, 540 s. matiz, 150 reses y efectos.;;Manuela;vapor;1892_05_06;Cuba
;;N/A: ;Ruiz;pat.;;—Arroyos gol. Dos Hermanas, pat. Ruiz: con 700 s. carbón.;;Dos Hermanas;gol.;1892_05_06;Arroyos
;;N/A: ;Prats;pat.;;—Arroyos gol. Dos Amigos, pat. Prats: con 800 s. carbón.;;Dos Amigos;gol.;1892_05_06;Arroyos
;;N/A:  | N/A: ;Villalonga;pat.;;—Cabañas gol. Carmita, pat. Villalonga: con 200 s. azúcar y 40 cuarterolas miel.;;Carmita;gol.;1892_05_06;Cabañas
;;N/A: ;Colomar;pat.;;—Cabañas gol. Gaspar, pat. Colomar: con 40 boc. miel.;;Gaspar;gol.;1892_05_06;Cabañas
;;N/A: ;Vera;patrón;;—Nuevitas gol. Cárdenas, patrón Vera: con 413 reses.;;Cárdenas;gol.;1892_05_06;Nuevitas
Día :;;N/A:  | N/A:  | N/A:  | N/A: ;Gines;cap.;;De día: San Juan, cap. Gines: 2.053 sacos azúcar, 330 idem maíz, 200 reses y efectos.;;;;1892_05_10;San Juan
;;N/A:  | N/A: ;Espino;pat.;;De Morrillo, gol. Agustina, pat. Espino, con 100 bocoyes miel y 10 sacos azúcar.;;Agustina;gol.;1892_05_12;Morrillo
;;N/A:  | N/A: ;Freixas;pat.;;Cabañas, gol. Josefa, pat. Freixas, con 600 sacos azúcar y 40 bocoyes miel.;;Josefa;gol.;1892_05_12;Cabañas
;;N/A:  | N/A: ;Pellicer;pat.;;B. Honda, gol. Crisálida, pat. Pellicer, con 150 sacos de azúcar y 130 bocoyes miel.;;Crisálida;gol.;1892_05_12;Honda
;;N/A:  | N/A:  | N/A: ;Coll;pat.;;Nuevitas, gol. Pensativo, pat. Coll, con 782 atravesaños, 400 cubalos leña y efectos.;;Pensativo;gol.;1892_05_12;Nuevitas
;;N/A:  | N/A: ;Pajés;pat.;;Jaruco, gol. Joven Lola, pat. Pajés, con 343 sacos azúcar y 10 bocoyes aguardiente.;;Joven Lola;gol.;1892_05_12;Jaruco
;;N/A: ;Palmer;pat.;;Maríel, gol. Joven Gertrúdis, pat. Palmer, con 800 sacos azúcar.;;Joven Gertrúdis;gol.;1892_05_12;
;;N/A: ;Macía;pat.;;San Ceytano, gol. Gallego, pat. Macía, con 600 sacos de azúcar.;;Gallego;gol.;1892_05_12;San Ceytano
;;N/A: ;Padilla;pot.;;Banes, gol. Josefa, pot. Padilla, con 300 sacos de azúcar.;;Josefa;gol.;1892_05_12;Banes
;;N/A: ;Gil;pat.;;Banes, gol. 2 Isabelitas, pat. Gil, con 500 sacos de azúcar.;;2 Isabelitas;gol.;1892_05_12;Banes
;;N/A: ;Coloma;pat.;;Cabañas, gol. Gaspar, pat. Coloma, con 40 bocoyes miel.;;Gaspar;gol.;1892_05_12;Cabañas
;;N/A: ;Juan;pat.;;De Cabañas, balandro Rorita, pat. Juan: con 240 sacos azúcar.;;Rorita;balandro;1892_05_13;Cabañas
;;N/A: ;Morondo;pat.;;Dimas, gta. María Mazoni, pat. Morondo: con 600 sacos azúcar.;;María Mazoni;gta.;1892_05_13;
Día :;;N/A: ;Tous;pat.;;Canasí, gta. Sabas, pat. Tous: con 500 sacos azúcar.;;Sabas;gta.;1892_05_13;Canasí
;;N/A: ;Sastre;pat.;;Mariel, gta. Altagracia, pat. Sastre: con 530 sacos azúcar.;;Altagracia;gta.;1892_05_13;
;;N/A:  | N/A: ;Mandiliego;pat.;;Cárdenas, gta. Clío, pat. Mandiliego: con 400 sacos azúcar y efectos.;;Clío;gta.;1892_05_13;Cárdenas
;;N/A:  | N/A: ;Porcell;pat.;;Jaruco, gta. Paquete de Jaruco, pat. Porcell: con 100 quintales cebollas y efectos.;;Paquete de Jaruco;gta.;1892_05_13;Jaruco
;;N/A:  | N/A: ;Real;cap.;;Malas Águas, vapor Triton, cap. Real: con 300 sacos azúcar y efectos.;;Triton;vap.;1892_05_13;Malas Águas
;;N/A: ;Felicó;pat.;;Guanes, gta. Especulación, pat. Felicó: con 400 sacos azúcar.;;Especulación;gta.;1892_05_13;Guanes
;;N/A: ;Esteban;pat.;;Manta, gta. Vicenta, pat. Esteban: con 800 sacos carbón.;;Vicenta;gta.;1892_05_13;Manta
;;N/A: ;Pujol;pat.;;Manta, gta. Nuevo Hilario, pat. Pujol: con 1500 sacos carbón.;;Nuevo Hilario;gta.;1892_05_13;Manta
;;N/A: ;Alemañy;pat.;;Sierra Morena, gta. Matilde, pat. Alemañy: con 600 sacos azúcar.;;Matilde;gta.;1892_05_13;
;;N/A: ;Tortell;pat.;;Cabañas, gta. Victoria, pat. Tortell: con 800 sacos azúcar.;;Victoria;gta.;1892_05_13;Cabañas
;;N/A:  | N/A:  | N/A:  | N/A: ;Vilar;cap.;;De Nuevitas, vap. Mortera, cap. Vilar: con 2.811 sacos azúcar, 100 bocoyes miel, 390 reses y efectos.;;Mortera;vap.;1892_05_14;Nuevitas
;;N/A:  | N/A:  | N/A: ;Cardeluz;cap.;;Sagua, vap. Adela, cap. Cardeluz: con 800 sacos azúcar, 100 pipas aguardiente y efectos.;;Adela;vap.;1892_05_14;Sagua
;;N/A: ;Mateu;pat.;;Bajas, gol. San Francisco, pat. Mateu: con 1.000 sacos carbón.;;San Francisco;gol.;1892_05_14;Bajas
;;N/A:  | N/A: ;Enseñat;pat.;;S. Morena, gol. Sofía, pat. Enseñat: con 600 sacos azúcar y efectos.;;Sofía;gol.;1892_05_14;
;;N/A: ;Espino;pat.;;Morrillo, gol. Feliz, pat. Espino: con 20 bocoyes miel.;;Feliz;gol.;1892_05_14;Morrillo
;;N/A: ;Yiniñan;pat.;;Congojas, gol. Castilla, pat. Yiniñan, con 1.000 sacos carbón.;;Castilla;gol.;1892_05_14;Congojas
;;N/A:  | N/A: ;Pajes;pat.;;Jaruco, gol. Joven Lola, pat. Pajes: con 300 sacos azúcar, 40 qts. cebollas.;;Joven Lola;gol.;1892_05_14;Jaruco
;;N/A: ;Torres;pat.;;Puerto Escondido, gol. Joven Pepilla, pat. Torres: con 200 sacos azúcar.;;Joven Pepilla;gol.;1892_05_14;Puerto Escondido
;;N/A: ;Ferrer;pat.;;Cárdenas, gol. Purísima Concepción, pat. Ferrer: con 2.000 sacos azúcar.;;Purísima Concepción;gol.;1892_05_14;Cárdenas
;;N/A: ;Colomar;pat.;;Cabanas, gol. Gaspar, pat. Colomar: con 40 bocoyes miel.;;Gaspar;gol.;1892_05_14;Cabanas
;;N/A: ;Ferrades;pat.;;Playas San Juan, gol. Conchita, pat. Ferrades: con 800 sacos carbón.;;Conchita;gol.;1892_05_14;San Juan
;;N/A:  | N/A:  | N/A:  | N/A: ;Ventura;cap.;;De Cuba, vap. Ramón Herrera, cap. Ventura: con 70,000 plátanos, 277 sacos azúcar, 200 reses y efectos.;;Ramón Herrera;vap.;1892_05_15;Cuba
;;N/A: ;Rigo;pat.;;Cabañas, gol. Condor, pat. Rigo: con 725 sacos azúcar.;;Condor;gol.;1892_05_15;Cabañas
;;N/A:  | N/A:  | N/A: ;Cuenas;pat.;;"Cárdenas, gol. Angelita, pat. Cuenas; con 500 sacos azúcar, 100 pipas aguardiente y efectos.";;Angelita;gol.;1892_05_15;Cárdenas
;;N/A:  | N/A:  | N/A:  | N/A: ;Mull;pat.;;Nuevitas, gol. Dolores, pat. Mull: con 600 atravesaños, 300 bocas, usados y efectos.;;Dolores;gol.;1892_05_15;Nuevitas
Día Mayor:;;N/A: ;Mayor;pat.;;Santa Cruz, gol. Amado Antonio, pat. Mayor: con 80 fanegas maíz.;;Amado Antonio;gol.;1892_05_15;Santa Cruz
;;N/A: ;Deulofeo;pat.;;Cabañas, gol. Trafalgar, pat. Deulofeo: con 750 sacos azúcar.;;Trafalgar;gol.;1892_05_15;Cabañas
;;N/A: ;Barrera;pat.;;Santa Cruz, gol. Joven Manuel, pat. Barrera: con 300 sacos azúcar.;;Joven Manuel;gol.;1892_05_15;Santa Cruz
;;N/A: ;Ensenat;pat.;;Ortigosa, gol. Dolorita, pat. Ensenat: con 70 boyes miel.;;Dolorita;gol.;1892_05_15;
;;N/A: ;Clar;pat.;;De Morillo, gol. Britania, pat. Clar, con 340 sacos azúcar.;;Britania;gol.;1892_05_17;Morillo
;;N/A:  | N/A: ;Ferrer;pat.;;—Matanzas, gol. María, pat. Ferrer, con 50 pipas aguardiente y efectos.;;María;gol.;1892_05_17;Matanzas
;;N/A: ;Jofré;pat.;;—Playas San Juan, gol. Candita, pat. Jofré, con 800 sacos carbón.;;Candita;gol.;1892_05_17;Playas San Juan
;;N/A: ;Vera;pat.;;—Nueveldas, gol. Cárdenas, pat. Vera, con 400 reses.;;Cárdenas;gol.;1892_05_17;Nueveldas
;;N/A:  | N/A: ;Mari;cap.;;De Mántua vapor Guaniguano, cap. Mari: con 236 tercios tabaco y efectos.;;Guaniguano;vapor;1892_05_19;Mántua
;;N/A:  | N/A: ;Garcea;cap.;;Sagua vapor Pedro Murias, cap. Garcea: con 100 pipas aguardiente y efectos.;;Pedro Murias;vapor;1892_05_19;Sagua
;;N/A: ;Juan;pat.;;Cabañas balandro Rosifa, pat. Juan: con 240 s. azúcar.;;Rosifa;balandro;1892_05_19;Cabañas
;;N/A: ;Palmer;pat.;;Maríel gol. Joven Gertrudis, pat. Palmer: con 800 s. azúcar.;;Joven Gertrudis;gol.;1892_05_19;
;;N/A:  | N/A: ;Villalonga;pat.;;Cabañas gol. Carmita, pat. Villalonga: con 207 s. azúcar y 50 cuarterolas miel.;;Carmita;gol.;1892_05_19;Cabañas
;;N/A: ;González;pat.;;Morrillo gol. Feliz, pat. González: con 300 s. azúcar.;;Feliz;gol.;1892_05_19;
;;N/A: ;Sastre;pat.;;Maríel gol. Altagraea, pat. Sastre: con 115 cuarterolas miel.;;Altagraea;gol.;1892_05_19;
;;N/A: ;Fortell;pat.;;Cabañas gol. Victoria, pat. Fortell: 800 s. azúcar.;;Victoria;gol.;1892_05_19;Cabañas
;;N/A:  | N/A: ;Pellicer;pat.;;Bahía-Honda gol. Crisálida, pat. Pellicer: 300 s. azúcar y 90 boc. miel.;;Crisálida;gol.;1892_05_19;Bahía-Honda
;;N/A:  | N/A: ;Ferrer;pat.;;Babía-Honda gol. Mercedita, pat. Ferrer: con 250 s. azúcar y 20 boc. miel.;;Mercedita;gol.;1892_05_19;Babía-Honda
;;N/A: ;Barrera;pat.;;Santa Cruz gol Joven Manuel, pat. Barrera: con 320 s. azúcar.;;Joven Manuel;gol;1892_05_19;Santa Cruz
;;N/A: ;Alemañy;pat.;;Punta Alegre gol. Natividad, pat. Alemañy: con 315 palos madera.;;Natividad;gol.;1892_05_19;Punta Alegre
;;N/A: ;Villalonga;pat.;;Sierra-Morena gol. Enriqueta, pat. Villalonga: con 1000 s. azúcar.;;Enriqueta;gol.;1892_05_19;Sierra-Morena
;;N/A:  | N/A:  | N/A:  | N/A: ;Alvarez;cap.;;"De Cuba: vap. Cosme de Herrera, cap. Alvarez; con 2,002 sacos azúcar, 18,000 plátanos, 150 reses y efectos.";;Cosme de Herrera;vap.;1892_05_21;Cuba
;;N/A: ;Larragán;cap.;;"Sagua: vap. Clara, cap. Larragán; con 800 sacos azúcar.";;Clara;vap.;1892_05_21;Sagua
;;N/A:  | N/A: ;Rigó;pat.;;"Cabañas, gol. Condor, pat. Rigó; con 700 sacos azúcar y 16 boecos miel.";;Condor;gol.;1892_05_21;Cabañas
;;N/A: ;Espinosa;pat.;;"Morillo, gol. Agustina, pat. Espinosa; con 550 sacos azúcar.";;Agustina;gol.;1892_05_21;Morillo
;;N/A: ;Freixas;pat.;;Cabañas, gol. Josefa, pat. Freixas, con 800 sacos azúcar.;;Josefa;gol.;1892_05_21;Cabañas
;;N/A: ;Tons;pat.;;"Canasí, gol. Sabas, pat. Tons; con 500 sacos azúcar.";;Sabas;gol.;1892_05_21;Canasí
;;N/A: ;Colomar;pat.;;"Cabañas, gol. Gaspar, pat. Colomar; 40 boecoyes miel.";;Gaspar;gol.;1892_05_21;Cabañas
;;N/A: ;Visquerra;pat.;;"Cárdenes, gol. Yumurí, pat. Visquerra; con 300 pipas aguardiente.";;Yumurí;gol.;1892_05_21;Cárdenes
;;N/A:  | N/A: ;Real;cap.;;De Mala Aguas, vapor Tritón, cap. Real, con 500 sacas azúcar y efectos.;;Tritón;vap.;1892_05_22;Mala Aguas
;;N/A: ;Rodríguez;pat.;;Cabañas, gol. 2 Amigos, pat. Rodríguez: con 400 sacas azúcar.;;2 Amigos;gol.;1892_05_22;Cabañas
Día 01:;;N/A:  | N/A: ;Santana;pat.;;Santa María, gol. Joven Jaime, pat. Santana: con 400 sacas carbón, 100 caballos leña.;;Joven Jaime;gol.;1892_05_22;
;;N/A: ;Pereira;pat.;;Carahatas, gol. Teresita, pat. Pereira: con 180 bocoyes miel.;;Teresita;gol.;1892_05_22;Carahatas
;;N/A: ;Ensenat;pat.;;Ortigosa, gol. Doloritas, pat. Ensenat: con 60 hojas miel.;;Doloritas;gol.;1892_05_22;
;;N/A:  | N/A: ;Calafell;pat.;;Matanzas, gol. Mª Josefa, pat. Calafell, con 150 pipas aguardiente y efectos.;;Mª Josefa;gol.;1892_05_22;Matanzas
;;N/A: ;Inclán;pat.;;Cabañas, gol. Caballo Marino, pat. Inclán: con 850 sacas azúcar.;;Caballo Marino;gol.;1892_05_22;Cabañas
;;N/A: ;Alemán;pat.;;Granadillo, gol. Ignacia Alemán, pat. Mir: con 70 bocoyes miel.;;Ignacia;gol.;1892_05_22;Granadillo
;;N/A: ;Acuña;pat.;;Congojas, gol. Mª Andrea, pat. Acuña: con 800 sacas carbón.;;Mª Andrea;gol.;1892_05_22;Congojas
Día null:;;N/A: ;Marantes;pat.;;Del Maríel gol. Mª Magdalena, pat. Marantes: 53 bocotes miel.;;Mª Magdalena;gol.;1892_05_24;Maríel
Día null:;;N/A: ;Benéjan;p.;;De Santa María gol. Margarita, p. Benéjan: 700 sacos carbón.;;Margarita;gol.;1892_05_24;Santa María
;;N/A: ;Ruiz;pat.;;De Arroyos gol. Dos Hermanas, pat. Ruiz: 800 sacos carbón.;;Dos Hermanas;gol.;1892_05_24;Arroyos
;;N/A: ;Portella;pat.;;De Id. gol. Amable Rosita, pat. Portella: 800 sacos carbón.;;Amable Rosita;gol.;1892_05_24;Id.
Día 01:;;N/A: ;Estéban;pat.;;De Mantua gol. Vicenta, pat. Estéban: 800 sacos carbón.;;Vicenta;gol.;1892_05_24;Mantua
;;N/A: ;Alemany;pat.;;De Dímas gol. Mercedita, pat. Alemany: 1,000 sacos carbón.;;Mercedita;gol.;1892_05_24;Dímas
;;N/A: ;Palmer;pat.;;Del Maríel gol. Joven Gertrudis, pat. Palmer: 820 s. azúcar.;;Joven Gertrudis;gol.;1892_05_24;Maríel
Día 01:;;N/A: ;Villalonga;pat.;;De Banes gol. Isabelita, pat. Villalonga: 50 bocotes miel.;;Isabelita;gol.;1892_05_24;Banes
Día null:;;N/A:  | N/A: ;Zaragoza;pat.;;De Cárdenas gol. Isla de Cuba, pat. Zaragoza: 260 s. azúcar y efectos.;;Isla de Cuba;gol.;1892_05_24;Cárdenas
;;N/A:  | N/A:  | N/A: ;Viñolas;cap.;;"De Nuevitas, vapor Mortera, cap. Viñolas; con 410 reses, 3.200 sacos azúcar y 170 bocoyes miel.";;Mortera;vapor;1892_05_25;Nuevitas
;;N/A:  | N/A: ;García;cap.;;"Sagua, vapor Pedro Murias, cap. García; con 100 pipas aguardiente y efectos.";;Pedro Murias;vap.;1892_05_25;Sagua
;;N/A:  | N/A: ;Zaragoza;pat.;;"Bajas, gol. Angelita, pat. Zaragoza; con 310 sacos carbón y 300 quintales cáscara de mangla.";;Angelita;gol.;1892_05_25;Bajas
;;N/A:  | N/A:  | N/A: ;Cayuso;pat.;;"Matanzas, gol. Tres Hermanas, pat. Cayuso; con 80 bocoyes, 10 pipas y 21/4 idem aguardiente.";;Tres Hermanas;gol.;1892_05_25;Matanzas
;;N/A: ;Colomar;pat.;;"Cabañas, gol. Gaspar, pat. Colomar; con 40 bocoyes miel.";;Gaspar;gol.;1892_05_25;Cabañas
;;N/A: ;Orbay;pat.;;"Margajitas, gol. Paquete de Nuevitas, pat. Orbay; con 400 varas maderas.";;Paquete;gol.;1892_05_25;Nuevitas
;;N/A: ;Inclán;pat.;;"Cabañas, gol. Caballo Marino, pat. Inclán; con 750 sacos azúcar.";;Caballo Marino;gol.;1892_05_25;Cabañas
;;N/A: ;Pagés;pat.;;"Jaraco, gol. Joven Lola, pat. Pagés; con 250 sacos azúcar.";;Joven Lola;gol.;1892_05_25;Jaraco
;;N/A:  | N/A: ;Freixas;pat.;;"Calafatas, gol. Josefina, pat. Freixas; con 600 sacos azúcar y 40 bocoyes miel.";;Josefina;gol.;1892_05_25;Calafatas
;;N/A:  | N/A: ;Tous;pat.;;"Cansá, gol. Sabás, pat. Tous; con 400 sacos azúcar y 40 quarterales miel.";;Sabás;gol.;1892_05_25;
;;N/A:  | N/A: ;Real;cap.;;De Malas Aguas, vapor Tritón, cap. Real: con 500 sacos azúcar y efectos.;;Tritón;vap.;1892_05_28;Malas Aguas
;;N/A:  | N/A: ;Marín;cap.;;Mantua, vapor Guanaguánico, cap. Marín: con 210 tercios tabaco y efectos.;;Guanaguánico;vapor;1892_05_28;Mantua
;;N/A:  | N/A:  | N/A: ;Pereda;cap.;;"Sagna, vapor Adela, cap. Pereda; con 1.014 sacos azúcar, 200 pipas aguardiente y efectos.";;Adela;vapor;1892_05_28;
;;N/A:  | N/A: ;Espino;pat.;;Morrillo, gta. Agustina, pat. Espino: con 800 quarterolas miel y 34 sacos azúcar.;;Agustina;gta.;1892_05_28;Morrillo
;;N/A: ;Gil;pat.;;"Bunes, gta. Dos Isabelas, pat. Gil; con 500 sacos azúcar.";;Dos Isabelas;gta.;1892_05_28;
;;N/A: ;Palmer;pat.;;Mariel, gta. Joven Gestrúdis, pat. Palmer: con 820 sacos azúcar.;;Joven Gestrúdis;gta.;1892_05_28;
;;N/A:  | N/A: ;González;pat.;;Morrillo, gta. Feliz, pat. González: con 200 sacos azúcar y 20 quarterolas miel.;;Feliz;gta.;1892_05_28;Morrillo
;;N/A: ;Barrera;pat.;;"Santa Cruz, gta. Joven Manuel, pat. Barrera; con 300 sacos azúcar.";;Joven Manuel;gta.;1892_05_28;Santa Cruz
;;N/A: ;Alemañy;pat.;;Sierra Morena, gta. Matilde, pat. Alemañy: con 500 sacos azúcar.;;Matilde;gta.;1892_05_28;
;;N/A:  | N/A: ;Freixas;pat.;;Cabañas, gta. Josefa, pat. Freixas: con 600 sacos azúcar y 40 bocoyes miel.;;Josefa;gta.;1892_05_28;Cabañas
;;N/A:  | N/A: ;Sastre;pat.;;Mariel, gta. Altgarcía, pat. Sastre: con 100 quarterolas miel y 30 bocoyes azúcar.;;Altgarcía;gta.;1892_05_28;
;;N/A:  | N/A: ;Pellicer;pat.;;Baila Honda, gta. Crisalida, pat. Pellicer: con 472 sacos azúcar y 80 quarterolas miel.;;Crisalida;gta.;1892_05_28;Baila Honda
;;N/A:  | N/A: ;Pérez;pat.;;Matanzas, gta. María, pat. Pérez: con 119 bocoyes aguardiente y efectos.;;María;gta.;1892_05_28;Matanzas
;;N/A:  | N/A:  | N/A: ;Enseñat;pat.;;Cárdenas, gta. María del Carmen, pat. Enseñat: con 250 sacos azúcar, 130 pipas aguardiente y efectos.;;María del Carmen;gta.;1892_05_28;Cárdenas
;;N/A:  | N/A: ;Ferrer;pat.;;Matanzas, goleta Amalia, pat. Ferrer: con 250 bocoyes aguardiente y efectos.;;Amalia;goleta;1892_05_28;Matanzas
;;N/A: ;Padrón;pat.;;Congojas, gta. Joven Victoria, pat. Padrón: con 800 sacos carbón.;;Joven Victoria;gta.;1892_05_28;
;;N/A: ;Padrón;pat.;;Congojas, gta. Segunda Rosa, pat. Padrón: con 1000 sacos carbón.;;Segunda Rosa;gta.;1892_05_28;Congojas
;;N/A:  | N/A:  | N/A: ;Ginesta;pat.;;De Cuba gol. San Juan, pat. Ginesta: 4,650 s. azúcar, 200 reses y efectos.;;San Juan;gol.;1892_05_31;Cuba
;;N/A: ;Rigó;pat.;;Cabañas, gol. Condor, pat. Rigó: 725 sacos azúcar.;;Condor;gol.;1892_05_31;Cabañas
;;N/A:  | N/A: ;Cantero;pat.;;Cárdenas gol. Aguilá de Oro, pat. Cantero: 700 s. sal, 250 s. azúcar y efectos.;;Aguilá de Oro;gol.;1892_05_31;Cárdenas
;;N/A: ;Prats;pat.;;Dimas gol. Dos Amigos, pat. Prats: 800 sacos carbón.;;Dos Amigos;gol.;1892_05_31;
;;N/A:  | N/A: ;Tortell;pat.;;Cabañas gol. Victoria, pat. Tortell: 600 s. azúcar, 40 bocoyes miel.;;Victoria;gol.;1892_05_31;Cabañas
;;N/A: ;Ferrer;pat.;;B. Honda gol. Mercedita, pat. Ferrer: 500 sacos azúcar.;;Mercedita;gol.;1892_05_31;
;;N/A: ;Menaya;pat.;;Sierra Morena, gol. Habana, pat. Menaya: 75 bocoyes miel.;;Habana;gol.;1892_05_31;
;;N/A: ;Juan;pat.;;Idem gol. María Teresa, pat. Juan: 125 bocoyes miel.;;María Teresa;gol.;1892_05_31;
;;N/A: ;Barrera;pat.;;Santa Cruz, gol. Joven Manuel, pat. Barrera: 50 bocoyes miel.;;Joven Manuel;gol.;1892_05_31;Santa Cruz
;;N/A:  | N/A: ;Pajés;pat.;;Jarabe gol. Joven Lola, pat. Pajés: 370 s. azúcar, 12 bocoyes aguardiente.;;Joven Lola;gol.;1892_05_31;
;;N/A:  | N/A: ;Juan;pat.;;De Cabanados, balandro Rosita, pat. Juan: con 200 sacos azúcar y 18 cuarterolas miel.;;Rosita;balandro;1892_06_01;Cabanados
Día 01:;;N/A: ;Enseñat;pat.;;—Ortigosas, gta. Doloritas, pat. Enseñat: con 450 sacos azúcar.;;Doloritas;gta.;1892_06_01;Ortigosas
;;N/A:  | N/A: ;Freiras;pat.;;—Cabanñas, gta. Josefa, pat. Freiras: con 600 sacos azúcar y 40 boecos de efectos.;;Josefa;gta.;1892_06_01;Cabanñas
;;N/A:  | N/A: ;Pujol;pat.;;—Jaruco, gta. Inés, pat. Pujol: con 200 sacos azúcar y efectos.;;Inés;gta.;1892_06_01;Jaruco
;;N/A: ;Macía;pat.;;—San Cayetano, gta. Gallego, pat. Macía: con 600 sacos carbón.;;Gallego;gta.;1892_06_01;San Cayetano
;;N/A:  | N/A: ;García;pat.;;—Sagua, vap. Pedro Murias, pat. García: con 1,200 sacos azúcar y efectos.;;Pedro Murias;vap.;1892_06_01;Sagua
Día 01:;;N/A:  | N/A: ;Real;cap.;;De Malas Aguas, yap. Triton, cap. Real: con 300 sacos azúcar y efectos.;;Triton;yap.;1892_06_03;Malas Aguas
;;N/A:  | N/A:  | N/A: ;Pereda;cap.;;Sagua, yap. Adela, cap. Pereda, con 1.028 sacos azúcar, 100 pipas aguardiente y efectos.;;Adela;yap.;1892_06_03;Sagua
;;N/A: ;Lladró;pat.;;Bajas, gta. Carmita, pat. Lladró: con 800 sacos carbón.;;Carmita;gta.;1892_06_03;Bajas
;;N/A: ;Ber naza;pat.;;Puerte del Padre, gta. Tres Hermanas, pat. Ber naza: con 203 bocotes miel.;;Tres Hermanas;gta.;1892_06_03;Padre
;;N/A:  | N/A: ;Cauyso;pat.;;Matanzas, gta. Dos hermanas, pat. Cauyso: con 800 sacos azúcar y 35 bocotes aguardiente.;;Dos hermanas;gta.;1892_06_03;Matanzas
;;N/A:  | N/A: ;Pérez;pat.;;Matanzas, gta. Amalia, pat. Pérez: con 1.080 sacos azúcar y 30 bocotes aguardiente.;;Amalia;gta.;1892_06_03;Matanzas
;;N/A: ;González;pat.;;Morrillo, gta. Feliz, pat. González: con 300 sacos azúcar.;;Feliz;gta.;1892_06_03;Morrillo
;;N/A: ;Bellicer;pat.;;Santa Cruz, gta. Centinela, pat. Bellicer: con 60 fanegas maíz.;;Centinela;gta.;1892_06_03;Santa Cruz
;;N/A: ;Barrera;pat.;;Santa Cruz, gta. Joven Manuel, pat. Barrera: con 322 sacos azúcar.;;Joven Manuel;gta.;1892_06_03;Santa Cruz
;;N/A: ;Fe rier;pat.;;Cárdenas, gta. Purísima Concepción, pat. Fe rier: con 2.000 sacos azúcar.;;Purísima Concepción;gta.;1892_06_03;Cárdenas
;;N/A:  | N/A:  | N/A: ;Valent;pat.;;Cárdenas, gta. Juan Torralba, pat. Valent: con 400 sacos, 180 pipas aguardiente y efectos.;;Juan Torralba;gta.;1892_06_03;Cárdenas
;;N/A: ;Suanes;pat.;;Morrillo, gta. Rosa María, pat. Suanes: con 400 sacos azúcar.;;Rosa María;gta.;1892_06_03;
Día null:;;N/A: ;Mayor;pat.;;Santa Cruz, gta. Amado Antonio, pat. Mayor: con 30 fanegas maíz.;;Amado Antonio;gta.;1892_06_03;Santa Cruz
;;N/A:  | N/A:  | N/A: ;Vilar;cap.;;De Nuevitas vapor Mortera, cap. Vilar: con 4534 sacos azúcar, 300 reses y efectos.;;Mortera;vapor;1892_06_04;Nuevitas
;;N/A: ;Rigó;pat.;;Cabañas goleta Condor, pat. Rigó, con 725 sacos azúcar.;;Condor;goleta;1892_06_04;Cabañas
Día :;;N/A:  | N/A: ;Santana;pat.;;Santa María goleta Joven Jaime, pat. Santana: con 500 sacos carbon, 100 caballos leña.;;Joven Jaime;goleta;1892_06_04;
;;N/A: ;Materó;pat.;;Bajas goleta San Francisco, pat. Materó: con 800 sacos carbon.;;San Francisco;goleta;1892_06_04;
;;N/A: ;Gil;pat.;;Banes goleta Dos Isabeles, pat. Gil: con 500 sacos azúcar.;;Dos Isabeles;goleta;1892_06_04;Banes
;;N/A: ;Villalonga;pat.;;Banes goleta Isabelita, pat. Villalonga: con 50 hoces de azúcar.;;Isabelita;goleta;1892_06_04;Banes
;;N/A: ;Alemañy;pat.;;Bahía Honda goleta María Josefa, pat. Alemañy: con 500 sacos azúcar.;;María Josefa;goleta;1892_06_04;Bahía Honda
;;N/A: ;Deulofeu;pat.;;Maríel goleta Trafalgar, pat. Deulofeu: con 750 sacos azúcar.;;Trafalgar;goleta;1892_06_04;
;;N/A:  | N/A:  | N/A:  | N/A:  | N/A: ;Vilar;cap.;;"De Caba, vapor Manuela, cap. Vilar: con 700 sacos azúcar; 15,000 plátanos; 50 sacos cacao; 150 reses y efectos.";;Manuela;vapor;1892_06_05;Caba
;;N/A: ;Piera;pat.;;Dominica, gol. Dominica, pat. Piera: con 300 sacos azúcar.;;Dominica;gol.;1892_06_05;Dominica
;;N/A: ;Maranes;pat.;;Marí, gol. María Magdalena, pat. Maranes: con 800 bocoyes miel.;;María Magdalena;gol.;1892_06_05;
;;N/A:  | N/A: ;Tortell;pat.;;Cabañas, gol. Victoria, pat. Tortell: con 600 sacos azúcar y 20 bocoyes miel.;;Victoria;gol.;1892_06_05;Cabañas
;;N/A: ;Ferrer;pat.;;Tiburón, gol. Antonia, pat. Ferrer: con 1,000 sacos carbón.;;Antonia;gol.;1892_06_05;
;;N/A:  | N/A: ;Larragán;cap.;;Sagua, vapor Clara, cap. Larragán: con 800 sacos azúcar y efectos.;;Clara;vapor;1892_06_05;Sagua
;;N/A:  | N/A: ;Juan;pat.;;De Cabañas, brdo. Rosita, pat. Juan: con 200 sacos azúcar, 18 cuarterolas miel.;;Rosita;brdo.;1892_06_07;Cabañas
;;N/A: ;Fons;pat.;;Canasí, gol. Sabas, pat. Fons: con 500 sacos azúcar.;;Sabas;gol.;1892_06_07;Canasí
;;N/A:  | N/A: ;Josefa;pat.;;Cabañas, Josefa, pat. Freixas: con 600 sacos azúcar, 40 boceyes miel.;;Freixas;;1892_06_07;
;;N/A:  | N/A:  | N/A: ;Mandilgo;pat.;;Cárdenas, gol. Clío, pat. Mandilgo: con 50 sacos azúcar, 63 pipas aguardent, efectos.;;Clío;gol.;1892_06_07;Cárdenas
;;N/A: ;Colomer;pat.;;Cabañas, gol. Gaspar, pat. Colomer: con 40 boceyes miel.;;Gaspar;gol.;1892_06_07;Cabañas
;;N/A:  | N/A:  | N/A:  | N/A: ;Prieto;pat.;;Manzanillo, gol. Blanea, pat. Prieto: 115 atravesanos, 604 tablas, 195 tablones edro, efectos.;;Blanea;gol.;1892_06_07;Manzanillo
;;N/A: ;Rijobo;pat.;;Corahatas, gol. 3 Hermanas, pat. Rijobo: con 180 boceyes miel.;;3 Hermanas;gol.;1892_06_07;Corahatas
;;N/A: ;Forrodona;pat.;;S. Morena, gol. 3 Hermanas, pat. Forrodona: con 800 sacos carbón.;;3 Hermanas;gol.;1892_06_07;
;;N/A:  | N/A: ;Pellicer;pat.;;B. Honda, gol. Crisálida, pat. Pellicer: con 400 sacos azúcar, 60 boceyes miel.;;Crisálida;gol.;1892_06_07;Honda
;;N/A:  | N/A:  | N/A: ;García;cap.;;De Sagua, vapor Pedro Murias, cap. García: con 800 sacos azúcar, 100 pipas aguardiente y efectos.;;Pedro Murias;vapor;1892_06_08;Sagua
;;N/A: ;Hernández;pat.;;Congojas, gta. América, pat. Hernández: con 800 sacos carbón.;;América;gta.;1892_06_08;Congojas
;;N/A: ;Enseñat;pat.;;Ortigosa, gta. Dolorita, pat. Enseñat: con 75 bo-coyes miel.;;Dolorita;gta.;1892_06_08;
;;N/A: ;Torre;pat.;;Puerto Escondido, gta. Juan Pepilla, pat. To- rres: con 260 sacos azúcar.;;Juan Pepilla;gta.;1892_06_08;Puerto Escondido
;;N/A: ;Samper;cap.;;Puerto Escondido, gol. Victoria, cap. Samper: con 400 sacos azúcar.;;Victoria;gol.;1892_06_08;Puerto Escondido
;;N/A: ;Deulofeu;pat.;;Marí, gol. Trafalgar, pat. Deulofeu: con 750 sacos azúcar.;;Trafalgar;gol.;1892_06_08;
;;N/A:  | N/A:  | N/A: ;Pagés;pat.;;Jaruco, gol. Joven Lola, pat. Pagés: con 233 sacos azúcar: 179 sacos maíz y 6 boceyes de aguardiente.;;Joven Lola;gol.;1892_06_08;Jaruco
;;N/A:  | N/A:  | N/A: ;Alemán;pat.;;Sierra Morena, gol. Matilde, pat. Alemán: con 600 sacos azúcar, 30 barriles idem, 6 pipas aguar- diente.;;Matilde;gol.;1892_06_08;
Día 01:;;N/A:  | N/A: ;Calafell;pat.;;Matanzas, gol. María Josefa, pat. Calafell: con 800 sacos azúcar y 50 boceyes aguardiente.;;María Josefa;gol.;1892_06_08;Matanzas
;;N/A:  | N/A:  | N/A: ;Breda;cap.;;"De Sagu: vapor Adela, cap. Breda: con 800 sacos azúcar; 100 pipas aguardiente y efectos.";;Adela;vapor;1892_06_10;Sagu
;;N/A:  | N/A: ;Mari;cap.;;Mantua, vapor Guanaguano, cap. Mari: con 130 tercios tabaco y efectos.;;Guanaguano;vapor;1892_06_10;Mantua
;;N/A:  | N/A:  | N/A: ;Real;cap.;;"Malas-Aguas, vapor Tritón, cap. Real: con 150 sacos azúcar; 120 tercios tabaco y efectos.";;Tritón;vapor;1892_06_10;Malas-Aguas
;;N/A:  | N/A:  | N/A: ;Suárez;pat.;;"Punta-Allegre, gol. Bella Catalana, pat. Suárez: con 1,300 atravesos; 200 labrados y efectos.";;Bella Catalana;gol.;1892_06_10;Punta-Allegre
;;N/A:  | N/A:  | N/A:  | N/A: ;Lazo;pat.;;"Nuevitas, gol. Emilia, pat. Lazo, con 500 caballos leña; 20 piezas madera; 100 arabes y efectos.";;Emilia;gol.;1892_06_10;Nuevitas
;;N/A: ;Ferrer;pat.;;Bahía-Honda, gol. Mercedita, pat. Ferrer: con 500 sacos azúcar.;;Mercedita;gol.;1892_06_10;Bahía-Honda
Día :;;N/A: ;Vera;pat.;;Punta Larga, gol. Joven Blanca, pat. Vera: con 1,000 sacos carbón.;;Joven Blanca;gol.;1892_06_10;Punta Larga
;;N/A: ;Padilla;pat.;;Banes, gol. Josefa, pat. Padilla: con 300 sacos azúcar.;;Josefa;gol.;1892_06_10;Banes
;;N/A:  | N/A: ;Barrera;pat.;;Santa Cruz, gol. Joven Manuel, pat. Barrera: con 200 sacos azúcar y 89 fanegas maíz.;;Joven Manuel;gol.;1892_06_10;Santa Cruz
;;N/A: ;Ferrer;pat.;;Cárdenas, gol. Purísima Concepción, pat. Ferrer: con 2,000 sacos azúcar.;;Purísima Concepción;gol.;1892_06_10;Cárdenas
;;N/A: ;Inclán;pat.;;Cabanas, gol. Caballo Marino, pat. Inclán: con 150 sacos azúcar.;;Caballo Marino;gol.;1892_06_10;Cabanas
;;N/A:  | N/A:  | N/A: ;Guevas;pat.;;"Cárdenas, gol. Angelita, pat. Guevas: con 200 sacos azúcar; 80 pipas aguardiente y efectos.";;Angelita;gol.;1892_06_10;Cárdenas
;;;Ventura;cap.;;De Matanzas, vapor Julia, cap. Ventura: en lastre.;;Julia;vap.;1892_06_18;Matanzas
;;N/A:  | N/A: ;Real;cap.;;—Malas Aguas, vapor Triton, cap. Real: con 250 tercios tabaco y 100 sacos azúcar.;;Triton;vapor;1892_06_18;Malas Aguas
;;N/A: ;Rigó;pat.;;—Cabañas, gta. Condor, pat. Rigó: con 725 sacos azúcar.;;Condor;gta.;1892_06_18;Cabañas
;;N/A:  | N/A: ;Juan;pat.;;—Cabañas, eta. Rosita, pat. Juan: con 200 sacos azúcar y 18 cuarterolas miel.;;Rosita;eta.;1892_06_18;Cabañas
;;N/A: ;Padrón;pat.;;—Congojas, gta. Joven Victoria, pat. Padrón: con sacos carbón.;;Joven Victoria;gta.;1892_06_18;Congojas
;;N/A: ;Deulofeu;pat.;;—Cabañas, gta. Trafalgar, pat. Deulofeu: con 750 sacos azúcar.;;Trafalgar;gta.;1892_06_18;Cabañas
;;N/A: ;Colomar;pat.;;—Cabañas, gta. Gaspar, pat. Colomar: con 40 bocones miel.;;Gaspar;gta.;1892_06_18;Cabañas
;;N/A: ;Freixas;pat.;;—Cabañas, gta. Josefa, pat. Freixas: con 600 sacos azúcar.;;Josefa;gta.;1892_06_18;Cabañas
;;N/A: ;Palau;pat.;;—Yagunajay, gta. Joven Miguel, pat. Palau: con 100 bocones miel.;;Joven Miguel;gta.;1892_06_18;
;;N/A: ;Visquerra;pat.;;—Yagunajay, gta. Natividad, pat. Visquerra: con 72 bocones miel.;;Natividad;gta.;1892_06_18;
;;N/A:  | N/A: ;Pérez;pat.;;—Matanzas, gta. Amalia, pat. Pérez: con 30 pipas aguardiente y efectos.;;Amalia;gta.;1892_06_18;Matanzas
;;N/A: ;Porcel;pat.;;—Jaruco, gta. Puente de Jaruco, pat. Porcel: con 40 bocones miel.;;Puente de Jaruco;gta.;1892_06_18;Jaruco
Día XX:;;N/A:  | N/A:  | N/A: ;Larragán;cap.;;"De Sagra, vorp Clara, cap. Larragán: con 600 sacos azúcar; 100 pipas aguardiente y efectos.";;Clara;vorp;1892_06_19;Sagra
;;N/A:  | N/A:  | N/A: ;Ginesta;cap.;;"Cuba, vapor San Juan, cap. Ginesta: con 100 sacos azúcar; 200 reses y efectos.";;San Juan;vapor;1892_06_19;Cuba
;;N/A:  | N/A:  | N/A: ;Cantero;pat.;;"Cárdenas, gol. Agulla de Oro, pat. Cantero: con 500 sacos sal; 70 pipas aguardiente y 20 cascos alcohole.";;Agulla de Oro;gol.;1892_06_19;Cárdenas
;;N/A: ;Marante;pat.;;Dominica, gol. María Magdalena, pat. Marantes: con 50 bocoyes miel.;;María Magdalena;gol.;1892_06_19;Dominica
;;N/A: ;Enseñat;pat.;;Granadilla, gol. Cuba, pat. Enseñat: con 1,200 sacos carbón.;;Cuba;gol.;1892_06_19;Granadilla
;;N/A: ;Inclán;pat.;;Cabañas, gol. Caballo Marino, pat. Inclán: con 750 sacos azúcar.;;Caballo Marino;gol.;1892_06_19;Cabañas
Día 01:;;N/A: ;Mayor;pat.;;Jibaco, gol. Amado Antonio, pat. Mayor: con 100 fanegas maíz.;;Amado Antonio;gol.;1892_06_19;Jibaco
;;N/A:  | N/A: ;Barrera;pat.;;Santa Cruz, gol. Joven Manuel, pat. Barrera: con 100 sacos azúcar y 100 fanegas maíz.;;Joven Manuel;gol.;1892_06_19;Santa Cruz
;;N/A: ;Padilla;pat.;;Buenos Aires, gol. Josefa, pat. Padilla: con 200 sacos de azúcar.;;Josefa;gol.;1892_06_19;Buenos Aires
Día 01:;;N/A: ;Vera;pat.;;Nuevitas, gol. Cárdenas, pat. Vera: con 400 reses.;;Cárdenas;gol.;1892_06_19;Nuevitas
Día null:;;N/A:  | N/A:  | N/A: ;Urrutibea;cap.;;De Caibarí, vapor Alava, cap. Urrutibea: con 2.286 sacos azúcar, 54 tercios tabaco y efectos.;;Alava;vapor;1892_06_21;Caibarí
;;N/A:  | N/A: ;Martín;cap.;;Man tua, vapor Guaniguano, cap. Martín: con 180 tercios tabaco y efectos.;;Guaniguano;vapor;1892_06_21;tua
;;N/A: ;Ruiz;pat.;;Arroyos, gta. Dos Hermanas, pat. Ruiz: con 100 palos maderas.;;Dos Hermanas;gta.;1892_06_21;Arroyos
;;N/A: ;Portella;pat.;;Arroyos, gta. Amable Rosita, pat. Portella: con 800 sacos azúcar.;;Amable Rosita;gta.;1892_06_21;Arroyos
;;N/A: ;Gil;pat.;;Banes, gta. Dos Isabeles, pat. Gil: con 500 sacos azúcar.;;Dos Isabeles;gta.;1892_06_21;Banes
;;N/A: ;Sastre;pat.;;Marie l, gta. Altagracia, pat. Sastre: con 560 sacos azúcar.;;Altagracia;gta.;1892_06_21;
;;N/A: ;Pereira;pat.;;Carahatas, gta. Teresita, pat. Pereira: con 180 bococos miel.;;Teresita;gta.;1892_06_21;Carahatas
;;N/A: ;Mandilégo;pat.;;Cárdenas, gta. Clio, pat. Mandilégo: con 225 pipas aguardiente.;;Clio;gta.;1892_06_21;Cárdenas
;;N/A: ;Juan Torralba;pat.;;Cárdenas, Juan Torralba, pat. Valente: con 223 pipas aguardiente.;;Valente;;1892_06_21;Cárdenas
;;N/A:  | N/A: ;Alema;pat.;;Sierra Morena, gta. Matilde, pat. Alema: con 600 sacos azúcar y efectos.;;Matilde;gta.;1892_06_21;
Día XX:;;N/A: ;Aeuña;pat.;;De Congojas, gol. María Andrea, pat. Aeuña: con 800 sacos azúcar.;;María Andrea;gol.;1892_06_23;Congojas
Día 01:;;N/A:  | N/A: ;Juan;pat.;;Sierra Morena, gol. María Teresa, pat. Juan: con 500 sacos y 20 bocoyes azúcar.;;María Teresa;gol.;1892_06_23;Sierra Morena
;;N/A: ;Enseñat;pat.;;Ortigosa, gol. Dolorita, pat. Enseñat: con 70 boyes miel.;;Dolorita;gol.;1892_06_23;Ortigosa
;;N/A:  | N/A:  | N/A: ;Cuevas;pat.;;Cárdenas, gol. Angelita, pat. Cuevas: con 210 píes aguardiente, 400 sacos sal y efectos.;;Angelita;gol.;1892_06_23;Cárdenas
;;N/A:  | N/A: ;García;pat.;;San Cayetano, gol. Rosario, pat. García: con 400 sacros carbón y 40 palos madera.;;Rosario;gol.;1892_06_23;San Cayetano
;;N/A:  | N/A: ;Ferrer;pat.;;Matanzas, ga. María, pat. Ferrer: con 136 bocoyes aguardiente y efectos.;;María;ga.;1892_06_23;Matanzas
;;N/A:  | N/A:  | N/A: ;Alemany;pat.;;Berrazos, gta. María Josefa, pat. Alemany: con 600 píes maderas, 80 quintales cáscara y efectos.;;María Josefa;gta.;1892_06_23;Berrazos
;;N/A: ;Villalonga;pat.;;Sierra Morena, gta. Enriqueta, pat. Villalonga: con 800 sacos carbón.;;Enriqueta;gta.;1892_06_23;
;;N/A:  | N/A: ;Alemany;pat.;;Manzanillo, gta. Prensita, pat. Alemany: con 800 varas maderas y efectos.;;Prensita;gta.;1892_06_23;Manzanillo
;;N/A:  | N/A:  | N/A: ;Pereda;cap.;;"De Sagra; vapor Adela, cap. Pereda: con 336 sacos azúcar, 200 pipas aguardiente y efectos.";;Adela;vapor;1892_06_25;Sagra
;;N/A:  | N/A:  | N/A: ;García;cap.;;Caibarién, vap. Pedro Murias, cap. García: con 1200 sacos azúcar, 38 tereos tabaco y efectos.;;Pedro Murias;vap.;1892_06_25;Caibarién
;;N/A:  | N/A:  | N/A: ;Vínola;cap.;;Nuevitas, vap. Mortera, cap. Vínola: con 1302 sacos azúcar, 13000 plátanos y efectos.;;Mortera;vap.;1892_06_25;Nuevitas
;;N/A:  | N/A:  | N/A: ;Real;cap.;;Malas Aguas, vap. Triton, cap. Real: con 200 sacos azúcar, 200 tereos tabaco y efectos.;;Triton;vap.;1892_06_25;Malas Aguas
Día 01:;;N/A:  | N/A: ;Rígó;pat.;;Cabañas gta. Condor, pat. Rígó: con 530 sacos azúcar y efectos.;;Condor;gta.;1892_06_25;Cabañas
;;N/A:  | N/A: ;Marantes;pat.;;Dominica, gta. María Magdalena, pat. Marantes: con 300 sacos azúcar y efectos.;;María Magdalena;gta.;1892_06_25;Dominica
;;N/A: ;Serra;pat.;;Arroyos, gta. Amalia, pat. Serra: con 800 sacos carbón.;;Amalia;gta.;1892_06_25;Arroyos
;;N/A:  | N/A:  | N/A: ;Sabas;pat.;;Canast, gta. Sabas, pat. Fons: con 50 sacos, 10 bocoyes azúcar y 10 idem miel.;;Canast;gta.;1892_06_25;Fons
;;N/A: ;Colomar;pat.;;Cabañas, gta. Gaspar, pat. Colomar: con 40 bocoyes miel.;;Gaspar;gta.;1892_06_25;Cabañas
;;N/A:  | N/A: ;Tortell;pat.;;Cabañas, gta. Victoria, pat. Tortell: con 600 sacos azúcar y 40 bocoyes miel.;;Victoria;gta.;1892_06_25;Cabañas
;;N/A: ;Padilla;pat.;;Banes, gta. Josefa, pat. Padilla: con 300 sacos azúcar.;;Josefa;gta.;1892_06_25;
;;N/A: ;Vidal;pat.;;Congojas, gta. Joven Luisa, pat. Vidal: con 1000 sacos carbón.;;Joven Luisa;gta.;1892_06_25;Congojas
;;N/A: ;González;pat.;;Morrillo, gol. Feliz, pat. González: con 250 caballos de lana.;;Feliz;gol.;1892_06_25;Morrillo
Día 01:;;N/A:  | N/A:  | N/A: ;Calafell;pat.;;Matanzas, gol. Mª Josefa, pat. Calafell: 160 con sacos azúcar, 24 pipas y 40 id. aguardiente.;;Mª Josefa;gol.;1892_06_25;Matanzas
;;N/A: ;Riobo;pat.;;Carahatás, gol. 3 Hermanas, pat. Riobo: con 161 bocoyes miel.;;3 Hermanas;gol.;1892_06_25;
;;N/A:  | N/A: ;Alemany;pat.;;Cárdenas, gol. Joven Pilar, pat. Alemany: con 200 pipas aguardiente y efectos.;;Joven Pilar;gol.;1892_06_25;Cárdenas
Día null:;;N/A:  | N/A: ;Urrutibeasco;cap.;;De Caibarién, vapor Alava, cap. Urrutibeasco: con 1775 sacos azúcar y efectos.;;Alava;vapor;1892_06_28;Caibarién
;;N/A:  | N/A: ;Marín;cap.;;Mantua, vap. Guaniguano, cap. Marín: con 200 tercios tabaco y efectos.;;Guaniguano;vap.;1892_06_28;Mantua
Día :;;N/A:  | N/A: ;Ensenat;pat.;;Sierra Morena, gta. Sofía, pat. Ensenat: con 102 garrañas vacías y efectos.;;Sofía;gta.;1892_06_28;
;;N/A: ;Cabaleiro;pat.;;Congojas, gta. Rosita, pat. Cabaleiro: con 500 sacos carbón.;;Rosita;gta.;1892_06_28;Congojas
;;N/A: ;Gil;pat.;;Banes, gta. Dos Isabelas, pat. Gil: con 500 sacos azúcar.;;Dos Isabelas;gta.;1892_06_28;Banes
;;N/A:  | N/A:  | N/A: ;Clar;pat.;;Morrillo, gta. Britania, pat. Clar: con 235 caballos leña, 100 tendidos majagua y efectos.;;Britania;gta.;1892_06_28;Morrillo
;;N/A: ;Padilla;pat.;;Banes, gta. Josefa, pat. Padilla: con 300 sacos azúcar.;;Josefa;gta.;1892_06_28;Banes
;;N/A:  | N/A: ;Cayuso;pat.;;Matanzas, gtu. Dos Hermanas, pat. Cayuso: con 80 bocoyos aguardiente y efectos.;;Dos Hermanas;gtu.;1892_06_28;Matanzas
;;N/A: ;Inclán;pat.;;Cabanías, gta. Caballo Marino, pat. Inclán: con 750 sacos azúcar.;;Caballo Marino;gta.;1892_06_28;Cabanías
;;N/A: ;Menaya;pat.;;S. Morena, gol. Habanera, pat. Menaya: con 75 bocoyos azúcar.;;Habanera;gol.;1892_06_28;
;;N/A: ;Sampaol;pat.;;Matanzas, gol. Sofía, pat. Sampaol: con un mobiliario usado.;;Sofía;gol.;1892_06_28;Matanzas
;;N/A: ;Macía;pat.;;De San Cayetano, gta. gallego, pat. Macía: con 600 sacos carbón.;gallego;;gta.;1892_06_29;San Cayetano
;;N/A:  | N/A: ;Barrera;pat.;;—Santa Cruz, gta. Joven Manuel, pat. Barrera: con 240 sacos azúcar y 20 fanegas maíz.;;Joven Manuel;gta.;1892_06_29;Santa Cruz
;;N/A:  | N/A: ;Bellicer;pat.;;Santa Cruz, gta. Centinela, pat. Bellicer: con 260 sacos azúcar y 40 fanegas maíz.;;Centinela;gta.;1892_06_29;Santa Cruz
;;N/A: ;;pat.;;—Santa Cruz, gta. Amado Antonio, pat. Alemán: con fanegas maíz.;Alemán;Amado Antonio;gta.;1892_06_29;Santa Cruz
;;N/A:  | N/A: ;Poreda;cap.;;De Sagua, vapor Adela, cap. Poreda: con 139 pipas agrandiente y efectos.;;Adela;vapor;1892_07_01;Sagua
;;N/A:  | N/A:  | N/A: ;Real;cap.;;"Malas-Aguas, vapor Tritón, cap. Real: con 200 sacos azúcar; 200 tercios tabaco y efectos.";;Tritón;vapor;1892_07_01;Malas-Aguas
;;N/A:  | N/A: ;Cantero;pat.;;Cárdenas, gol. Agulla de Oro, pat. Cantero: con 44 cuarteronas miel de abejas y efectos.;;Agulla de Oro;gol.;1892_07_01;Cárdenas
;;N/A: ;Juan;pat.;;Cabanas, brdo. Rosita, pat. Juan: con 240 sacos azúcar.;;Rosita;brdo.;1892_07_01;Cabanas
;;N/A: ;Lladó;pat.;;Bajas, gol. Carmita, pat. Lladó: con 500 sacos carbón.;;Carmita;gol.;1892_07_01;Bajas
;;N/A: ;Jofre;pat.;;Punta San Juan, gol. Candita, pat. Jofre: con 800 sacos carbón.;;Candita;gol.;1892_07_01;Punta San Juan
;;N/A:  | N/A:  | N/A:  | N/A:  | N/A:  | N/A: ;Alvarez;cap.;;"Cuba, vapor San Juan, cap. Alvarez: con 2,624 sacos azúcar; 112 casas ron; 170 sacos cacao; 27 mil plátanos; 160 reses y efectos.";;San Juan;vapor;1892_07_01;Cuba
;;N/A: ;Porel;pat.;;De Jaruco, gta., paquete de Jaruco, pat. Porel: con 20 bocotes azúcar.;;paquete;gta.;1892_07_02;Jaruco
;;N/A:  | N/A:  | N/A: ;Pagés;pat.;;Jaruco, gta., Joven Lola, pat. Pagés: con 208 sacos azúcar, 111 sacos maíz y 13 pipas aguardiente.;;Joven Lola;gta.;1892_07_02;Jaruco
;;N/A: ;Mir;pat.;;Granadillo, gta., Ignacia Alemán, pat. Mir: con 70 estacas maderas.;;Ignacia Alemán;gta.;1892_07_02;Granadillo
;;N/A: ;Colomar;pat.;;Granadillo, gta., Joven Felipe, pat. Colomar: con 100 estacas maderas.;;Joven Felipe;gta.;1892_07_02;Granadillo
;;N/A:  | N/A:  | N/A: ;Larragán;cap.;;De Sagua, vapor Clara, cap. Larragán: con 222 sacos de azúcar, 103 tercios tabaco y efectos.;;Clara;vap.;1892_07_03;Sagua
;;N/A: ;Vilar;cap.;;Nuevas, vap. Mortera, cap. Vilar: con 630 reses.;;Mortera;vap.;1892_07_03;Nuevas
;;N/A:  | N/A: ;Valent;pat.;;Cárdenas, gta. María del Carmen, pat. Valent: con 30 pipas aguardiente y efectos.;;María del Carmen;gta.;1892_07_03;Cárdenas
;;N/A:  | N/A: ;Ferrer;pat.;;Matanzas, gta. María, pat. Ferrer: con 203 sacos de azúcar y efectos.;;María;gta.;1892_07_03;Matanzas
;;N/A:  | N/A: ;Rigó;pat.;;"De Cabanas, gta. Condor, pat. Rigó; con 130 sacos azúcar y 20 bocoyes miel.";;Condor;gta.;1892_07_05;Cabanas
;;N/A: ;Sastre;pat.;;"Mariel, gta. Altagraicia, pat. Sastre; con 40 bo-";;Altagraicia;gta.;1892_07_05;
;;N/A: ;Mandillego;pat.;;"Cárdenas, gta. Clio, pat. Mandillego; con 350 sa-";;Clio;gta.;1892_07_05;Cárdenas
;;N/A: ;Riobo;pat.;;De Carahata, gta. Tres Hermanas, pat. Riobo: con 180 bocoyes miel.;;Tres Hermanas;gta.;1892_07_07;Carahata
;;N/A: ;Ferrer;pat.;;— Balía Honda, gta. Mercedita, pat. Ferrer: con 400 sacos azúcar.;;Mercedita;gta.;1892_07_07;Balía Honda
;;N/A:  | N/A:  | N/A: ;Perea;cap.;;De Sagna, vap. Adela, cap. Perea: con 200 tercios tabaco, 55 reses y efectos.;;Adela;vap.;1892_07_08;Sagna
;;N/A:  | N/A:  | N/A: ;Real;cap.;;Malas Aguas, vap. Tritón, cap. Real: con 100 sacos azúcar, 30 pipas aguardiente y 800 tercios tabaco.;;Tritón;vap.;1892_07_08;Malas Aguas
;;N/A:  | N/A: ;Torres;pat.;;Baracoa, gta. Elva, pat. Torres: con 25,000 cocos y 5 sacos cacao.;;Elva;gta.;1892_07_08;Baracoa
;;N/A:  | N/A: ;Inclán;pat.;;Cabañas, gta. Caballo Marino, pat. Inclán: con 700 sacos azúcar, 34 tercios tabaco.;;Caballo Marino;gta.;1892_07_08;Cabañas
;;N/A: ;Ferrer;pat.;;Yaguanjay, gta. Purísima Concepción, pat. Ferrer: con 350 palos cedro.;;Purísima Concepción;gta.;1892_07_08;
;;N/A: ;Suárez;pat.;;Morrillo, gta. Rosa María, pat. Suárez: con 360 sacos azúcar.;;Rosa María;gta.;1892_07_08;
;;N/A: ;Linares;pat.;;Granadilla, gta. Josefina, pat. Linares: con 600 yaras maderas.;;Josefina;gta.;1892_07_08;Granadilla
;;N/A:  | N/A:  | N/A: ;García;cap.;;De Caibarién, vapor Pedro Murias, cap. García: con 1200 sacos azúcar, 95 tercios tabaco y efectos.;;Pedro Murias;vapor;1892_07_09;Caibarién
;;N/A:  | N/A: ;Marin;cap.;;Mantua, vapor Guananguico, cap. Marin: con 680 tercios tabaco y efectos.;;Guananguico;vapor;1892_07_09;Mantua
Día :;;N/A:  | N/A: ;Yeras;cap.;;Guines, vapor Praviano, cap. Yeras: con 32 tercios tabaco y efectos.;;Praviano;vapor;1892_07_09;Guines
;;N/A: ;Juan;pat.;;Cabañas, balandro Rosita, pat. Juan: con 240 sacos azúcar.;;Rosita;balandro;1892_07_09;Cabañas
;;N/A: ;Barrera;pat.;;Santa Cruz, gta. Josè Manuel, pat. Barrera: con 180 fanegas maíz.;;Josè Manuel;gta.;1892_07_09;Santa Cruz
Día null:;;N/A: ;Larragán;cap.;;De Nuevitas, vapor Clara, cap. Larragán: con 350 reses.;;Clara;vapor;1892_07_10;Nuevitas
;;N/A: ;Portella;pat.;;Arroyos, gol. Amable Rosita, pat. Portella: con 700 sacos carbón.;;Amable Rosita;gol.;1892_07_10;Arroyos
;;N/A: ;Padrón;pat.;;Congojas, gol. América, pat. Padrón: con 800 sacos carbón.;;América;gol.;1892_07_10;Congojas
;;N/A: ;Mayans;pat.;;Playas de San Juan, gol. 2ª Gertrúdis, pat. Mayans: con 1.000 sacos carbón.;;2ª Gertrúdis;gol.;1892_07_10;Playas de San Juan
;;N/A:  | N/A:  | N/A: ;Alemany;pat.;;"Cárdenas, gol. Joven Pilar, pat. Alemany: con 300 barriles azúcar; 500 sacos sal y efectos.";;Joven Pilar;gol.;1892_07_10;Cárdenas
;;N/A: ;Zaragoza;pat.;;Córdones, gol. Isla de Cuba, pat. Zaragoza: con 1.300 sacos sal.;;Isla de Cuba;gol.;1892_07_10;Córdones
;;N/A:  | N/A: ;Cayuso;pat.;;Matanzas, gol. Dos Hermanos, pat. Cayuso: con 40 sacos aguardiente y efectos.;;Dos Hermanos;gol.;1892_07_10;Matanzas
;;N/A:  | N/A: ;Mari;pat.;;De Manta, gta. Guaniquanico, pat. Mari: con 200 tercios tabaco y efectos.;;Guaniquanico;gta.;1892_07_12;Manta
;;N/A:  | N/A:  | N/A:  | N/A: ;Ginesta;pat.;;Cuba, gol. San Juan, pat. Ginesta: con 2.200 sacos azúcar, 200 reyes, 50 tercios tabaco y efectos.;;San Juan;gol.;1892_07_12;Cuba
;;N/A:  | N/A: ;Espino;pat.;;Morrillo, gol. Agustina, pat. Espino: con 340 sacos azúcar y efectos.;;Agustina;gol.;1892_07_12;Morrillo
;;N/A: ;Román;pat.;;Arroyos, gol. Luice, pat. Román: con 600 sacos carbón.;;Luice;gol.;1892_07_12;Arroyos
;;N/A: ;Mateu;pat.;;Bajas, gol. San Francisco, pat. Mateu: con 1.000 sacos carbón.;;San Francisco;gol.;1892_07_12;Bajas
;;N/A:  | N/A: ;null;pat.;;Santa María, gol. Joven Jaime, pat. Padrón: con 500 sacos carbón y 100 caballos leña.;;Joven Jaime;gol.;1892_07_12;Padrón
;;N/A: ;Bellicer;pat.;;Santa Cruz, gol. Centinela, pat. Bellicer: con 150 fanegas maíz.;;Centinela;gol.;1892_07_12;Santa Cruz
;;N/A:  | N/A: ;Juan;pat.;;Sierro Moreno, gol. M³ Teresa, pat. Juan: con 21 boceyes miel y efectos.;;M³ Teresa;gol.;1892_07_12;Sierro
;;N/A: ;Puyol;pat.;;Manta, gol. Nuevo Hilario, pat. Puyol: con 500 sacos carbón.;;Nuevo Hilario;gol.;1892_07_12;Manta
;;N/A:  | N/A:  | N/A: ;Riobo;pat.;;Carahata, gol. 3 Hermanos, pat. Riobo: con 630 sacos azúcar, 64 boceyes miel y 9 pipas agrariente.;;3 Hermanos;gol.;1892_07_12;Carahata
;;N/A: ;Estebaeo;pat.;;Teja, gol. Vicenta, pat. Estebaeo: con 600 sacos carbón.;;Vicenta;gol.;1892_07_12;Teja
Día 01:;;N/A:  | N/A:  | N/A: ;Zaragoza;pat.;;"De Bajas, gol. Angelita, pat. Zaragoza: con 300 sacos carbón; 200 sacos cáscara de mangle y 20 lóes cueros.";;Angelita;gol.;1892_07_13;Bajas
;;N/A: ;Suárez;pat.;;Playas Coloradas, gol. Joven Blanca, pat. Suárez: con 1.700 sacos carbón.;;Joven Blanca;gol.;1892_07_13;Playas Coloradas
;;N/A:  | N/A: ;Ferrer;pat.;;Matanzas, gol. María, pat. Ferrer: con 136 sacos aguardiente y efectos.;;María;gol.;1892_07_13;Matanzas
;;N/A: ;Pellicer;pat.;;Sierra Morena, gol. Pirineo, pat. Pellicer: con 2.800 sacos carbón.;;Pirineo;gol.;1892_07_13;
;;N/A: ;Barrera;pat.;;Santa Cruz, gol. Joven Manuel, pat. Barrera: con 150 fanegas maíz.;;Joven Manuel;gol.;1892_07_13;Santa Cruz
;;N/A: ;Bosch;pat.;;Playas de San Juan, gol. Antonia, pat. Bosch: con 800 sacos carbón.;;Antonia;gol.;1892_07_13;Playas de San Juan
;;N/A: ;Ferrer;pat.;;Dimas, gol. Isabel II, pat. Ferrer: con 600 sacos carbón.;;Isabel II;gol.;1892_07_13;
;;N/A:  | N/A:  | N/A: ;Real;cap.;;— Mala Aguas, vapor Tritón, cap. Real: con 610 tercios tabaco, 30 pipas aguardiente y efectos.;;Tritón;vap.;1892_07_14;Mala Aguas
;;N/A:  | N/A: ;Marantes;pat.;;— Dominica, gta. María Magdalena, pat. Marantes: con 200 sacos azúcar y 20 hocoyos miel.;;María Magdalena;gta.;1892_07_14;Dominica
;;N/A:  | N/A:  | N/A: ;Cantero;pat.;;— Cárdenas, gta. Agulla de Oro, pat. Cantero: con 350 barriles azúcar, 520 sacos sal y efectos.;;Agulla de Oro;gta.;1892_07_14;Cárdenas
;;N/A:  | N/A: ;Porcel;pat.;;— Jaruco, gta. Paquete de Jaruco, pat. Porcel: con 20 sacos y 10 hocoyos miel.;;Paquete de Jaruco;gta.;1892_07_14;Jaruco
;;N/A:  | N/A: ;Pagés;pat.;;— Jaruco, gta. Joven Lola, pat. Pagés: con 250 sacos azúcar y 9 pipas aguardiente.;;Joven Lola;gta.;1892_07_14;Jaruco
;;N/A:  | N/A:  | N/A: ;Vilar;cap.;;"De Cuba, vapor Julia, cap. Vilar: con 28,000 plátanos; 440 reses y efectos.";;Julia;vapor;1892_07_15;Cuba
;;N/A:  | N/A: ;Perea;cap.;;Sagua, vapor Adela, cap. Perea: con 43 pipas aguardiente y efectos.;;Adela;vapor;1892_07_15;Sagua
Día 01:;;N/A:  | N/A: ;Yerus;cap.;;Guanes, vapor Provinciano, cap. Yerus: con 235 tercios tabaco y efectos.;;Provinciano;vapor;1892_07_15;Guanes
;;N/A:  | N/A: ;García;cap.;;Caibarién, vapor Pedro Murias, cap. García: con 188 tercias tabaco y 900 sacos azúcar.;;Pedro Murias;vapor;1892_07_15;Caibarién
;;N/A: ;Vínolas;cap.;;Nuevitas, vapor Mortera, cap. Vínolas: con 620 reses.;;Mortera;vap.;1892_07_15;Nuevitas
;;N/A: ;Sastre;pat.;;Maríel, gol. Altagracia, pat. Sastre: con 25 cuarteros miel.;;Altagracia;gol.;1892_07_15;
;;N/A:  | N/A: ;Valent;pat.;;Cárdenas, gol. Juan Toralla, pat. Valent: con 200 barriles azúcar y 180 pipas aguardiente.;;Juan Toralla;gol.;1892_07_15;Cárdenas
Día XX:;;N/A:  | N/A:  | N/A:  | N/A:  | N/A: ;Suao;pat.;;De Gibara, gta. Moralidad, pat. Suao: con 407 sacos, 53 boeçoes azúcar, 22 cascos alcohol, 30,000 plátanos y efectos.;;Moralidad;gta.;1892_07_16;Gibara
Día :;;N/A: ;Beneján;pat.;;Santa María, gta. Margarita, pat. Beneján: con 700 sacos carbón.;;Santa María;gta.;1892_07_16;Margarita
;;N/A:  | N/A: ;Alemañy;pat.;;Berracos, gta. María Josefa, pat. Alemañy: con 200 piezas maderas, 200 varas idem a efectos.;;María Josefa;gta.;1892_07_16;Berracos
Día null:;;N/A:  | N/A: ;Larragán;cap.;;De Nuevitas, vapor Clara, cap. Larragán: con 138 tercios tabaco y efectos.;;Clara;vapor;1892_07_17;Nuevitas
;;N/A:  | N/A: ;Rigó;pat.;;— Cabañas, gta. Condor, pat. Rigó: con 200 sacos azúcar y 50 bocoyes miel.;;Condor;gta.;1892_07_17;Cabañas
;;N/A: ;Juan;pat.;;— Cabañas, balandro Rosita, pat. Juan: con 200 sacos azúcar.;;Rosita;balandro;1892_07_17;Cabañas
;;N/A: ;Tur;pat.;;— Playas de San Juan, gta. José Riera, pat. Tur: con 500 sacos carbón.;;José Riera;gta.;1892_07_17;Playas de San Juan
;;N/A:  | N/A:  | N/A: ;Mandilgo;pat.;;— Cárdenas, gta. Clio, pat. Mandilgo: con 500 sacos sal, 400 barriles y 300 cajitas azúcar.;;Clio;gta.;1892_07_17;Cárdenas
;;N/A: ;Alemañ;pat.;;— Sagua, gta. Cuba, pat. Alemañ: con 1000 sacos carbón.;Cuba;;gta.;1892_07_17;Sagua
Día 01:;;N/A: ;Mayor;pat.;;— Santa Cruz, gta. Amado Antonio, pat. Mayor: con 800 fanegas maíz.;;Amado Antonio;gta.;1892_07_17;Santa Cruz
Día :;;N/A:  | N/A: ;Cayuso;pat.;;— Matanzas, gta. Dos Hermanas, pat. Cayuso: con 41 bocoyes aguardiente y efectos.;;Dos Hermanas;gta.;1892_07_17;Matanzas
;;N/A: ;Serra;pat.;;— Arroyos, gta. Amalia, pat. Serra: con 500 sacos carbón.;am.;Amalia;gta.;1892_07_17;Arroyos
Día XX:;;N/A:  | N/A: ;Urrutibea;cap.;;De Caibarién, vapor Alava, cap. Urrutibea: con 1.200 sacos azúcar y 1.067 tercios tabaco.;;Alava;vapor;1892_07_19;Caibarién
;;;Enseñat;pat.;;Sierra Morena, gol. Sofía, pat. Enseñat: en las-;;Sofía;gol.;1892_07_19;
;;N/A: ;Padrón;pat.;;Congojas, gol. Joven Victoria, pat. Padrón: con 800 sacos carbón.;;Joven Victoria;gol.;1892_07_19;Congojas
;;N/A: ;Maciá;pat.;;San Cayetano, gol. Gallego, pat. Maciá: con 600 sacos carbón.;;Gallego;gol.;1892_07_19;San Cayetano
;;N/A: ;Planas;pat.;;Dimas, gol. Dolores, pat. Planas: con 500 sacos carbón.;;Dolores;gol.;1892_07_19;
;;N/A:  | N/A: ;Inclán;pat.;;Cabañas, gol. Caballo Marino, pat. Inclán: con 500 sacos azúcar y 500 pipas aguardiente.;;Caballo Marino;gol.;1892_07_19;Cabañas
;;N/A:  | N/A: ;Calzada;pat.;;Manzanillo, gol. Margarita, pat. Calzada: con 700 atravesaños y efectos.;;Margarita;gol.;1892_07_19;Manzanillo
Día 01:;;N/A:  | N/A: ;Caleras;pat.;;Cárdenas, gol. Angelita, pat. Caleras: con 680 barriles azúcar y efectos.;;Angelita;gol.;1892_07_19;Cárdenas
;;N/A: ;Menaya;cap.;;Sierra Morena, gol. Habanera, cap. Menaya: con 400 sacos azúcar.;;Habanera;gol.;1892_07_19;
;;N/A:  | N/A:  | N/A: ;Perea;cap.;;De Sagua, vap. Adela, cap. Perea: con 419 sacos tabaco, 16 pipas aguardiente y efectos.;;Adela;vap.;1892_07_21;Sagua
;;N/A:  | N/A:  | N/A: ;Vifolas;cap.;;Cuba, vapor Cosme de Herrera, cap. Vifolas: con 1700 sacos azúcar, 504 tercios tabaco y efectos.;;Cosme de Herrera;vapor;1892_07_21;Cuba
;;N/A:  | N/A: ;Espino;pat.;;Morillo, gta. Agustina, pat. Espino: con 350 sacos y 25 cuarterones miel.;;Agustina;gta.;1892_07_21;Morillo
;;N/A:  | N/A:  | N/A: ;Suárez;pat.;;Punta Alegre, gta. Bella Catalina, pat. Suárez: con 500 paquetes tabillas, 121 palos cedro y 100 atraveses.;;Bella Catalina;gta.;1892_07_21;Punta Alegre
;;N/A:  | N/A: ;Alemany;pat.;;Sierra Morena, gta. Matilde, pat. Alemany: con 350 sacos azúcar y efectos.;;Matilde;gta.;1892_07_21;
;;N/A: ;Pijuan;pat.;;Teja, gta. Castilla, pat. Pijuan: con 1200 sacos carbón.;;Castilla;gta.;1892_07_21;Teja
;;N/A:  | N/A: ;Alemany;pat.;;Cárdenas, gta. Joven Pilar, pat. Alemany: con 350 barriles azúcar y efectos.;;Joven Pilar;gta.;1892_07_21;Cárdenas
Día null:;;N/A:  | N/A: ;Viñolas;cap.;;De Nuevitas, vap. Mortera, cap. Viñolas: con 050 rees y efectos.;;Mortera;vap.;1892_07_23;Nuevitas
;;N/A:  | N/A: ;García;cap.;;—Caibarién, Pedro Murias, cap. García: con 300 tercios tabaco y 900 sacos azúcar.;;Pedro Murias;;1892_07_23;Caibarién
;;N/A:  | N/A: ;Marín;cap.;;—Mantua, vapor Guaniquinico, cap. Marín: con 750 tercios tabaco y efectos.;;Guaniquinico;vapor;1892_07_23;Mantua
;;N/A:  | N/A: ;Real;cap.;;—Malas Águas, vapor Tritón, cap. Real: con 200 tercios tabaco y 200 sacos azúcar.;;Tritón;vapor;1892_07_23;Malas Águas
;;N/A: ;Ruiz;pat.;;—Arroyos, gta. Dos Hermanas, pat. Ruiz: con 700 sacos carbón.;;Dos Hermanas;gta.;1892_07_23;Arroyos
;;N/A: ;Marantes;pat.;;—Mariel, gta. María Magdalena, pat. Marantes: con 30 pipas aguardiente.;;María Magdalena;gta.;1892_07_23;
;;N/A:  | N/A:  | N/A: ;;pat.;;—Cárdenas, Isla de Cuba, pat. Zaragoza: con 600 barriles, 500 cajitas azúcar y efectos.;;Zaragoza;;1892_07_23;Cárdenas
;;;Larragán;cap.;;De Sagua, vapor Clara, cap. Larragán: con efectos.;;Clara;vap.;1892_07_24;Sagua
;;N/A:  | N/A: ;Ferrer;pat.;;—Matanzas, gol. María, pat. Ferrer: con 55 bocoyes aguardiente y efectos.;;María;gol.;1892_07_24;Matanzas
;;N/A:  | N/A: ;Barceló;patrón;;—Bahía Honda, gol. Salve Virgen María, patrón Barceló: con 10 tercercera miel y efectos.;;Salve Virgen María;gol.;1892_07_24;Bahía Honda
;;N/A:  | N/A: ;Juan;pat.;;—Sierra Morcha, gol. María Teresa, pat. Juan: con 82 sacos azúcar y efectos.;;María Teresa;gol.;1892_07_24;
;;N/A: ;Deulofea;pat.;;—Maríel, gol. Trafalgar, pat. Deulofea: con 700 sacos azúcar.;;Trafalgar;gol.;1892_07_24;
;;N/A:  | N/A:  | N/A: ;Pereda;cap.;;De Sagra: vapor Adela, cap. Pereda: con 386 tercios tabaco, 27 pipas aguadiente y efectos.;;Adela;vapor;1892_07_28;Sagra
;;N/A:  | N/A:  | N/A: ;Rigo;pat.;;— Cabanas, gta. Conder, pat. Rigo: con 300 sacos azúcar, 20 pipas aguardiente y efectos.;;Conder;gta.;1892_07_28;Cabanas
;;N/A: ;Prats;pat.;;— Dimas, gta. Dos amigos, pat. Prats: con 800 sacos carbón.;;Dos amigos;gta.;1892_07_28;
;;N/A: ;González;pat.;;— Morrillo, gta. Feliz, pat. González: con 50 tercios miel.;;Feliz;gta.;1892_07_28;Morrillo
;;N/A:  | N/A:  | N/A: ;Valent;pat.;;— Cárdenas, gta. Juan Toralla, pat. Valent: con 530 sacos sal, 200 barriles azúcar y efectos.;;Juan Toralla;gta.;1892_07_28;Cárdenas
;;N/A:  | N/A: ;Real;cap.;;De Malas Aguas vapor Tritán, capitán Real: 800 tercios tabaco y efectos.;;Tritán;vapor;1892_07_29;Malas Aguas
;;N/A: ;Portilla;pat.;;— Arroyos gol. Amable Rosita, pat. Portilla: 800 s. carbón.;;Amable Rosita;gol.;1892_07_29;Arroyos
;;N/A:  | N/A: ;Porcel;pat.;;— Jaruco gol. Paquete de Jaruco, pat. Porcel: 50 s. azúcar y 50 s. maíz.;;Paquete de Jaruco;gol.;1892_07_29;Jaruco
Día :;;N/A:  | N/A:  | N/A: ;Lazo;pat.;;— Nueveña gol. Emilia, pat. Lazo: 800 caballos leña, 33 c. quesos y efectos.;;Emilia;gol.;1892_07_29;Nueveña
;;N/A: ;Vilar;cap.;;Cuba, vap. San Juan, cap. Vilar: con 450 reses;;San Juan;vap.;1892_07_31;Cuba
;;N/A: ;;;;De 4000 plátanos y efectos.;;;;1892_07_31;
;;N/A: ;Acuña;pat.;;— Congojas, gta. María, pat. Acuña: con 800 sacos carbón.;;María;gta.;1892_07_31;Congojas
;;N/A: ;Mayans;pat.;;— Sagua, gla. Rita Fortuna, pat. Mayans: con 1000 sacos carbón.;;Rita Fortuna;gla.;1892_07_31;Sagua
;;N/A:  | N/A: ;Mandilego;pat.;;— Cárdenas, gta. Clío, pat. Mandilego: con 1000 barriles azúcar y 800 sacos sal.;;Clío;gta.;1892_07_31;Cárdenas
;;N/A: ;Menaya;pat.;;— Punta San Juan, gta. Almanza, pat. Menaya: con 1000 sacos carbón.;;Almanza;gta.;1892_07_31;Punta San Juan
;;N/A: ;Jofre;pat.;;— Punta San Juan, gta. Candita, pat. Jofre: con 1000 sacos carbón.;;Candita;gta.;1892_07_31;Punta San Juan
;;N/A:  | N/A: ;Vifolas;cap.;;"De Nueva: vap. Mortera, cap. Vifolas; con 1475 sacos azúcar y efectos.";;Mortera;vap.;1892_08_02;Nueva
;;N/A:  | N/A: ;Larragán;cap.;;"Sagua, vap. Clara, cap. Larragán; con 930 tercios tabaco y efectos.";;Clara;vap.;1892_08_02;Sagua
;;N/A:  | N/A: ;Marin;cap.;;"Guanes, vapor Guaniquanico, cap. Marin; con 250 tercios tabaco y efectos.";;Guaniquanico;vapor;1892_08_02;Guanes
;;N/A:  | N/A: ;Zaragoza;pat.;;"Bajas, gta. Angelita, pat. Zaragoza; con 400 sacos carbón y 200 quintales cascara mangle.";;Angelita;gta.;1892_08_02;Bajas
;;N/A: ;Llado;pat.;;"Bajas, gta. Carmela, pat. Llado; con 800 sacos carbón.";;Carmela;gta.;1892_08_02;
;;N/A:  | N/A:  | N/A: ;Bernaza;pat.;;"Puerto Padre, gta. Tres Hermanas, pat. Bernaza; con 800 bocoyes miel, 15 pipas aguardiente y efectos.";;Tres Hermanas;gta.;1892_08_02;Puerto Padre
;;N/A: ;Alemany;pat.;;"Puerto Alegre, gta. Natividad, pat. Alemany; con 700 sacos carbón.";;Natividad;gta.;1892_08_02;Puerto Alegre
;;;Sastre;pat.;;"Maríel, gta. Altgracia, pat. Sastre; con efectos.";;Altgracia;gta.;1892_08_02;
;;N/A:  | N/A: ;Marín;cap.;;De Mantua, vapor Guaniquanico, cap. Marín: con 1.013 tercios tabaco y efectos.;;Guaniquanico;vap.;1892_08_03;Mantua
;;N/A:  | N/A: ;Urrutibea;cap.;;Calabiar, vapor Alava, cap. Urrutibea: con 930 sacos azúcar y 100 pipas aguardiente.;;Alava;vapor;1892_08_03;Calabiar
;;N/A: ;Marantes;pat.;;"Marí, gol. María Magdalena, pat. Marantes; con 40 bocoyes miel.";;María Magdalena;gol.;1892_08_03;
;;N/A:  | N/A: ;Cuevas;pat.;;Cárdenas, gol. Angelita, pat. Cuevas: con 500 barriles y 500 cajitas azúcar y efectos.;;Angelita;gol.;1892_08_03;Cárdenas
;;N/A: ;Mateu;pat.;;Bajas, gol. San Francisco, pat. Mateu: con 800 sacos carbón.;;San Francisco;gol.;1892_08_03;
;;N/A: ;Barrera;pat.;;Santa Cruz, gol. Joven Manuel, pat. Barrera: con 150 sacos aguas maj.;;Joven Manuel;gol.;1892_08_03;Santa Cruz
Día null:;;N/A: ;Mayor;pat.;;Jibacoa, gol. Amado Antonio, pat. Mayor: con 150 sacos azúcar.;;Amado Antonio;gol.;1892_08_03;Jibacoa
Día :;;N/A:  | N/A: ;Zaragoza;pat.;;Cárdenas, gol. Isla de Cuba, pat. Zaragoza: con 171 pipas aguardiente y efectos.;;Isla de Cuba;gol.;1892_08_03;Cárdenas
Día :;;N/A: ;Padrón;pat.;;Playas de San Juan, gol. 2ª Rosa, pat. Padrón: con 1.000 sacos carbón.;;2ª Rosa;gol.;1892_08_03;San Juan
;;N/A: ;Mir;pat.;;Granadillo, gol. Ignacia Alemany, pat. Mir: con 500 estacas.;;Ignacia Alemany;gol.;1892_08_03;Granadillo
;;N/A: ;Sanpol;pat.;;Puerto-Escondido, gol. Joven Pepilla, pat. Sanpol: con 50 cuartelaras miel.;;Joven Pepilla;gol.;1892_08_03;Puerto-Escondido
;;;Marí;pat.;;Marí, gol. Trafalgar, pat. Deulofen: en lastre.;;Trafalgar;gol.;1892_08_03;Deulofen
;;N/A:  | N/A:  | N/A: ;Real;cap.;;De Malas Aguas, vap. Tritón, cap. Real: con 1130 tercios tabaco, 40 pipas aguardiente y efectos.;;Tritón;vap.;1892_08_05;Malas Aguas
;;N/A:  | N/A: ;Pereda;cap.;;Sagua, vapor Adela, cap. Pereda: con 385 tercios tabaco y efectos.;;Adela;vapor;1892_08_05;Sagua
;;N/A:  | N/A: ;García;cap.;;De Caibarién, vapor Pedro Murias, cap. García: con 350 tercios tabaco y efectos.;;Pedro Murias;vapor;1892_08_06;Caibarién
;;N/A:  | N/A: ;Alvarez;cap.;;Cuba, vapor Ramón de Herrera, cap. Alvarez: con 350 reses y efectos.;;Ramón de Herrera;vapor;1892_08_06;Cuba
;;N/A: ;Cabaleiro;pat.;;Congo, gol. Rosita, pat. Cabaleiro: con 500 sa- carbón.;;Rosita;gol.;1892_08_06;Congo
;;;Enseñat;pat.;;Sierra Morena, gol. Sofía, pat. Enseñat: en lastre;;Sofía;gol.;1892_08_06;
;;N/A:  | N/A: ;Larragan;cap.;;"De Sagua, vapor Clara, cap. Larragan; con 348 tercios tabaco y efectos.";;Clara;vap.;1892_08_07;Sagua
;;N/A:  | N/A: ;Cantero;pat.;;—Cárdenas, gol. Aguilá de Oro, pat. Cantero: con 200 pipas aguadas y efectos.;;Aguilá de Oro;gol.;1892_08_07;Cárdenas
;;N/A: ;Vidal;pat.;;—Congona, gel. Joven Luisa, pat. Vidal: con 1,000 sacos carbón.;;Joven Luisa;gel.;1892_08_07;Congona
;;N/A: ;Ferrer;pat.;;—Dimas, gol. Isabel 2ª, pat. Ferrer, con 500 sacos carbón.;;Isabel 2ª;gol.;1892_08_07;
;;N/A: ;Oera;pat.;;—Nuevitas, gol. Cárdenas, pat. Oera: con 400 rees carbón.;;Cárdenas;gol.;1892_08_07;Nuevitas
;;N/A: ;Mayans;pat.;;—Puerto San Juan, gol. 2ª Gertrudis, pat. Mayans: con 1,000 sacos carbón.;;2ª Gertrudis;gol.;1892_08_07;San Juan
;;N/A: ;Esteban;pat.;;—Teja, gol. Vicenta, pat. Esteban: con 800 sacos carbón.;;Vicenta;gol.;1892_08_07;Teja
;;N/A: ;Bosch;pat.;;—Sagua, gol. Antonia, pat. Bosch: con 1,000 sacos carbón.;;Antonia;gol.;1892_08_07;Sagua
Día null:;;N/A:  | N/A: ;Veras;cap.;;De Guanes: vap. Praviano, cap. Veras: con 1000 tercios tabaco y efectos.;;Praviano;vap.;1892_08_09;Guanes
;;N/A:  | N/A:  | N/A: ;Valent;pat.;;Cárdenas: gta. Juan Toralla, pat. Valent: con 700 sacos azúcar, 50 pipas aguardiente y efectos.;;Juan Toralla;gta.;1892_08_09;Cárdenas
;;N/A: ;González;pat.;;Morillo: gta. Feliz, pat. González, con 600 cuarteros miel.;;Feliz;gta.;1892_08_09;Morillo
;;N/A: ;null;pat.;;Santa María, gta. Joven Jaime, pat. Padrón: con 800 sacos carbón.;;Joven Jaime;gta.;1892_08_09;Padrón
;;N/A: ;Padrón;pat.;;Congojas, gta. Joven Victoria, pat. Padrón: con 800 sacos carbón.;;Joven Victoria;gta.;1892_08_09;Congojas
;;N/A:  | N/A: ;Pereda;cap.;;De Sagua, vapor Adela, cap. Pereda: con 430 tercios tabaco y efectos.;;Adela;vap.;1892_08_12;Sagua
;;N/A:  | N/A: ;Vínolas;cap.;;Nuevella, vapor Cosme de Herrera, cap. Vínolas: con 350 reses y efectos.;;Cosme de Herrera;vapor;1892_08_12;Nuevella
;;N/A:  | N/A:  | N/A: ;Mas;pat.;;Baracoa, gta. Anita, pat. Mas: con 40,000 cocos, 200 sacos cáscara mangle y efectos.;;Anita;gta.;1892_08_12;Baracoa
;;N/A: ;Riera;pat.;;Punta de San Juan, gta. José Riera, pat. Riera: con 800 sacos carbón.;;José Riera;gta.;1892_08_12;Punta de San Juan
;;N/A: ;Mir;pat.;;Granadillo, gta. Joven Felipe, pat. Mir: con 1200 sacos carbón.;;Joven Felipe;gta.;1892_08_12;Granadillo
Día :;;N/A:  | N/A:  | N/A: ;Colón;pat.;;Barracos, gta. Paquete de Sagua, pat. Colón: con 1800 tendidos majagua, 400 varas maderas y efectos.;;Paquete;gta.;1892_08_12;Sagua
;;N/A:  | N/A: ;García;cap.;;De Caibarién, vapor Pedro Murias, cap. García: con 342 tercios tabaco y efectos.;;Pedro Murias;vap.;1892_08_13;Caibarién
;;N/A:  | N/A:  | N/A: ;Víneolas;cap.;;Nuevitas, vapor Mortera, cap. Víneolas: con 1800 sacos azúcar, 150 bocoyes miel y 40 reses.;;Mortera;vapor;1892_08_13;Nuevitas
;;N/A: ;Vera;pat.;;Nuevitas, lanchón Cárdenas, pat. Vera: con 400 reses.;;Cárdenas;lanchón;1892_08_13;Nuevitas
;;N/A:  | N/A: ;Rigó;pat.;;Cabanas, gta. Condor, pat. Rigó: con 200 sacos azúcar y 25 pipas aguardiente.;;Condor;gta.;1892_08_13;Cabanas
Día null:;;N/A:  | N/A: ;Larragán;cap.;;De Sagua, vapor Clara, cap. Larragán: con 227 tercios tabaco y efectos.;;Clara;vapor;1892_08_14;Sagua
;;N/A: ;Juan;pat.;;—Cabañas, bdro. Rosita, pat. Juan: con 30 cuartos miel.;;Rosita;bdro.;1892_08_14;Cabañas
;;N/A:  | N/A: ;Mari;cap.;;De Mantua, vap. Guaniguancito, cap. Mari: con 1.500 tercios tabaco y efectos.;;Guaniguancito;vap.;1892_08_17;Mantua
Día :;;N/A:  | N/A: ;Urrutibea;cap.;;Cabarién, vapor Alava, cap. Urrutibea: con 1.930 tercios tabaco y efectos.;;Alava;vapor;1892_08_17;Cabarién
;;N/A: ;Bontempa;pat.;;San Cayetano, gol. Gallego, pat. Bontempa: con 600 sacos carbón.;;Gallego;gol.;1892_08_17;San Cayetano
;;N/A:  | N/A: ;Padrón;pat.;;Santa María, gol. América, pat. Padrón: con 900 sacos carbón y 100 caballos leña.;;América;gol.;1892_08_17;
;;N/A: ;Clar;pat.;;Morrillo, gol. Britania, pat. Clar: con 450 caballos leña.;;Britania;gol.;1892_08_17;Morrillo
;;;;pat.;;Puerto-Escondido, gol. Joven Pepilla, pat. Líneas: en lastre.;;Joven Pepilla;gol.;1892_08_17;Puerto-Escondido
;;N/A:  | N/A: ;Alemany;pat.;;Sierra Morena, gol. Matilde, pat. Alemany: con 600 pies madera y efectos.;;Matilde;gol.;1892_08_17;
;;N/A:  | N/A: ;Enseñat;pat.;;Cádiz, gol. María del Carmen, pat. Enseñat: con 800 barriles y 100 cajitas azúcar.;;María del Carmen;gol.;1892_08_17;Cádiz
;;N/A:  | N/A: ;Mandlago;pat.;;Cádiz, gol. Clío, pat. Mandlago: con 170 pies aguardiente y efectos.;;Clío;gol.;1892_08_17;Cádiz
;;;Migildo;pat.;;Cabarién, gol. Ignacia Aleman, pat. Migildo: en lastre.;;Ignacia Aleman;gol.;1892_08_17;Cabarién
;;N/A:  | N/A:  | N/A: ;Alemany;pat.;;"Berracos, gol. María Josefa, pat. Alemany: con 40 cortes cama; 3.000 pies madera y efectos.";;María Josefa;gol.;1892_08_17;
;;N/A: ;Pujol;pat.;;Mantua, gol. Nuevo Hilario, pat. Pujol: con 550 sacos carbón.;;Nuevo Hilario;gol.;1892_08_17;Mantua
;;N/A: ;Serra;pat.;;Arroyos, gol. Amalia, pat. Serra: con 800 sacos carbón.;;Amalia;gol.;1892_08_17;Arroyos
;;N/A:  | N/A: ;Real;cap.;;De Malas Aguas, vapor Triton, cap. Real: con 650 tercios tabaco y efectos.;;Triton;vap.;1892_08_19;Malas Aguas
;;N/A:  | N/A: ;Viñolas;cap.;;Nuevitas, vapor Mortera, cap. Viñolas: con 350 reses y efectos.;;Mortera;vapor;1892_08_19;Nuevitas
;;N/A: ;Ruiz;pat.;;Arroyos, gta. Dos Hermanas, pat. Ruiz: con 800 sacos carbón.;;Dos Hermanas;gta.;1892_08_19;Arroyos
;;N/A: ;Toro;pat.;;Dimas, gta. Deseada, pat. Toro: con 300 sacos carbón.;;Deseada;gta.;1892_08_19;
;;N/A: ;Enseñat;pat.;;Dimas, gta. Dolorita, pat. Enseñat: con 600 sacos carbón.;;Dolorita;gta.;1892_08_19;
;;N/A:  | N/A: ;Pagés;pat.;;Jaruco, gta. Joven Lola, pat. Pagés: con 80 fanegas y 50 sacos maíz.;;Joven Lola;gta.;1892_08_19;Jaruco
;;N/A: ;Barrera;pat.;;Santa Cruz, gta. Joven Manuel, pat. Barrera: con 150 fanegas maíz.;;Joven Manuel;gta.;1892_08_19;Santa Cruz
;;;Pujol;pat.;;Jaruco, gta. Inés, pat. Pujol: con efectos.;;Inés;gta.;1892_08_19;Jaruco
;;N/A: ;Alemán;pat.;;Sagun, gta. Cuba, pat. Alemán: con 800 sacos carbón.;;Sagun;gta.;1892_08_19;Cuba
;;N/A:  | N/A: ;Pereda;pat.;;De Sagna, gol. Adela, pat. Pereda: con 400 tercios tabacos y efectos.;;Adela;gol.;1892_08_20;Sagna
;;N/A:  | N/A: ;García;cap.;;Caibarién, vap. Pedro Murias, cap. García: con 656 tercios tabaco y efectos.;;Pedro Murias;vap.;1892_08_20;Caibarién
;;N/A:  | N/A: ;Orbay;pat.;;Multa, gol. Pte. de Nuevas, pat. Orbay, con 30 caballos leña y 400 varas madera.;;Pte.;gol.;1892_08_20;Nuevas
;;N/A: ;Perera;pat.;;Carahatas, gol. Teresita, pat. Perera: lastre.;;Teresita;gol.;1892_08_20;Carahatas
;;N/A: ;Visquerra;pat.;;Cárdenas, gol. Yumuri, pat. Visquerra: con 213 pipas aguardiente.;;Yumuri;gol.;1892_08_20;Cárdenas
;;N/A:  | N/A:  | N/A: ;;;;Cárdenas, gol. Jóven Pilar, Alemañy: con 500 bars, 600 cajitas azúcar y efectos.;Alemañy;Jóven Pilar;gol.;1892_08_20;Cárdenas
Día :;;N/A:  | N/A:  | N/A:  | N/A: ;Ginesa;cap.;;De Cuba, vapor San Juan, cap. Ginesa: con 131 tercios tabaco, 1042 sacos azúcar, 200 reses y efectos.;;San Juan;vapor;1892_08_21;Cuba
Día 01:;;N/A:  | N/A: ;Yerus;cap.;;—Guanes, vap. Provinciano, cap. Yerus: con 350 tercios tabaco y efectos.;;Provinciano;vap.;1892_08_21;Guanes
;;N/A: ;Portella;pat.;;—Arroyos, gta. Amable Rosita, pat. Portella: con 800 sacos carbón.;;Amable Rosita;gta.;1892_08_21;Arroyos
;;N/A: ;Villalonga;pat.;;—Sierra Morena, gta. Enriquea, pat. Villalonga: con 800 sacos carbón.;;Enriquea;gta.;1892_08_21;Sierra Morena
;;N/A: ;Vera;pat.;;—Nuevitas, gta. Cárdenas, pat. Vera: con 400 reses.;;Cárdenas;gta.;1892_08_21;Nuevitas
;;N/A: ;Viñolas;cap.;;De Nuevitas, vapor Mortera, cap. Viñolas: con 550;;Mortera;vap.;1892_08_24;Nuevitas
;;;Cayuso;pat.;;— Matanzas, gol. Dos Hermanas, pat. Cayuso: con;;Dos Hermanas;gol.;1892_08_24;Matanzas
;;;Porcel;pat.;;— Jaraco, gol. Pequeño de Jaraco, pat. Porcel: con;;Pequeño de Jaraco;gol.;1892_08_24;Jaraco
;;N/A: ;González;pat.;;— Morriño, gta. Feliz, pat. González: con 30 cuar-;;Feliz;gta.;1892_08_24;Morriño
;;N/A:  | N/A: ;Real;cap.;;"De Mala Aguas, vapor Tritón, cap. Real; con 650 tercio tabacos y efectos.";;Tritón;vap.;1892_08_25;Mala Aguas
;;N/A:  | N/A:  | N/A: ;Zaragoza;pat.;;"Cárdena, gta. Isla de Cuba, pat. Zaragoza; con 800 barriles, 300 sacos azúcar y efectos.";Cuba;Isla de Cuba;gta.;1892_08_25;Cárdena
;;N/A:  | N/A: ;Visquerra;pat.;;"Cárdena, gta. Yumurí, pat. Visquerra; en lastre: Morriillo, gta. Agustina, pat. Espino; con 350 caballos leña y efectos.";;Yumurí;gta.;1892_08_25;Cárdena
;;N/A: ;Santos;pat.;;"Maríel, gta. Dominica, pat. Santos; con 30 bocoyes miel.";Dominica;Maríel;gta.;1892_08_25;
;;N/A: ;Prats;pat.;;"Arroyos, gta. Dos Amigos, pat. Prats; con 800 sacos carbón.";;Dos Amigos;gta.;1892_08_25;Arroyos
;;N/A:  | N/A: ;Enseñat;pat.;;"Sierra Morena, gta. Sofia, pat. Enseñat; con 800 sacos azúcar y efectos.";;Sofia;gta.;1892_08_25;
;;N/A: ;Acuña;pat.;;"Congojas, gta. María Andrea, pat. Acuña; con 800 sacos carbón.";;María Andrea;gta.;1892_08_25;Congojas
;;N/A:  | N/A: ;Pereda;cap.;;De Sagua, vapor Adela, cap. Pereda: con 624 tercios tabaco y efectos.;;Adela;vap.;1892_08_26;Sagua
;;N/A: ;Bosch;pat.;;Punta Larga, gta. Joven Magdalena, pat. Bosch: con 1600 sacos carbón.;;Joven Magdalena;gta.;1892_08_26;Punta Larga
;;N/A: ;Barrera;pat.;;Santa Cruz, gta. Joven Manuel, pat. Barrera: con 150 fanegas maíz.;;Joven Manuel;gta.;1892_08_26;Santa Cruz
;;N/A: ;Alemany;pat.;;Berracos, gta. Rosario, pat. Alemany: con 600 varas maderas.;;Rosario;gta.;1892_08_26;Berracos
;;N/A:  | N/A: ;Marin;cap.;;De Mantua, vapor Guaniguano: cap. Marin: con 451 tercios tabaco y efectos.;;Guaniguano;vap.;1892_08_27;Mantua
;;N/A:  | N/A: ;García;cap.;;Caibarién, vapor Pedro Murias, cap. García: con 958 tercios tabaco y efectos.;;Pedro Murias;vap.;1892_08_27;Caibarién
;;N/A:  | N/A:  | N/A: ;Rigó;pat.;;Cabañas, gta. Condor, pat. Rigó: con 40 pipas azúcar, 49 tercios tabaco y 27 sacos azúcar.;;Condor;gta.;1892_08_27;Cabañas
;;N/A: ;Marantes;pat.;;Maríel, gta. María Magdalena, pat. Marantes: con 30 becocos miel.;;María Magdalena;gta.;1892_08_27;
Día 01:;;N/A:  | N/A: ;Zaragoza;pat.;;Bajas, gta. Angelita, pat. Zaragoza: con 300 sacos carbón y 159 quintales cáscara mangle.;;Angelita;gta.;1892_08_27;Bajas
;;N/A: ;Santana;pat.;;Punta San Juan, gol. 2ª Rosa, pat. Santana: con 1.000 sacos carbón.;;2ª Rosa;gol.;1892_08_27;Punta San Juan
;;N/A: ;Vera;pat.;;Nuevitas, gol. Cárdenas, pat. Vera: con 400 reses.;;Cárdenas;gol.;1892_08_27;Nuevitas
Día Mayor:;;N/A: ;Mayor;pat.;;Gibara, gol. Amado Antonio, pat. Mayor: con 50 sacos maíz.;;Amado Antonio;gol.;1892_08_27;Gibara
;;N/A: ;Colomar;pat.;;De Jaimanitas, gta. Gaspar, pat. Colomar: con 80 cantos.;;Gaspar;gta.;1892_08_28;Jaimanitas
Día null:;;N/A:  | N/A:  | N/A: ;Urrutibea;cap.;;De Caibarién, vap. Alava, cap. Urrutibea: con 3,687 tercios tabaco, 90 pipas aguardiente y efectos.;;Alava;vap.;1892_08_31;Caibarién
;;N/A:  | N/A:  | N/A: ;Viñolas;cap.;;Cuba, vap. Cosme de Herrera, cap. Viñolas: con 1,600 sacos azúcar, 129 reses y efectos.;;Cosme de Herrera;vap.;1892_08_31;Cuba
;;N/A: ;Benéján;pat.;;Santa María, gol. Margarita, pat. Benéján: con 750 sacos carbón.;;Margarita;gol.;1892_08_31;
;;N/A: ;Padrón;pat.;;Congojas, gol. Joven Victoria, pat. Padrón: con 1,000 sacos carbón.;;Joven Victoria;gol.;1892_08_31;Congojas
;;N/A: ;Ferrer;pat.;;Arroyos, gol. Isabel II, pat. Ferrer: con 600 sacos carbón.;;Isabel II;gol.;1892_08_31;Arroyos
;;N/A: ;Planas;pat.;;Mulata, gol. Dolores, pat. Planas: con 500 sacos carbón.;;Dolores;gol.;1892_08_31;
;;N/A:  | N/A: ;Cantero;pat.;;Cárdenas, gol. Aguilá de Oro, pat. Cantero: con 600 barriles y 600 cajitas azúcar.;;Aguilá de Oro;gol.;1892_08_31;Cárdenas
;;N/A:  | N/A: ;Suárez;pat.;;Bahía Honda, gta. Rosa María, pat. Suárez: con 20 bococos miel y efectos.;;Rosa María;gta.;1892_08_31;Bahía Honda
;;N/A: ;González;pat.;;Morrillo, gta. Feliz, pat. González: con 400 caballos leña.;;Feliz;gta.;1892_08_31;
;;N/A:  | N/A: ;Marín;cap.;;De Manaña, vapor Guaniguaniaco, cap. Marín: con 800 tercios tabaco y efectos,;;Guaniguaniaco;vap.;1892_09_01;Mañaña
;;N/A:  | N/A: ;Real;cap.;;—Malas Aguas, vapor Trítón, cap. Real: con 1080 tercios tabaco y efectos,;;Trítón;vapor;1892_09_01;Malas Aguas
;;N/A:  | N/A: ;Valent;pat.;;—Cárdenas, gta. Juan Toralla, pat. Valent: con 800 barriles azúcar y efectos,;;Juan Toralla;gta.;1892_09_01;Cárdenas
;;N/A: ;Barrera;pat.;;—Santa Cruz, gta. Joven Manuel, pat. Barrera: con 250 sacos maíz,;;Joven Manuel;gta.;1892_09_01;Santa Cruz
;;;Visquerra;pat.;;—Cárdenas, gta. Yumurí, pat. Visquerra: con e-efectos.;;Yumurí;gta.;1892_09_01;Cárdenas
;;N/A: ;Santana;pat.;;—Santa María, gta. Joven Jaime, pat. Santana: con 1000 sacos carbón.;;Joven Jaime;gta.;1892_09_01;
;;N/A:  | N/A: ;Pereda;cap.;;De Sagna, vapor Adela, cap. Pereda: con 387 tercios tabaco y efectos.;;Adela;vapor;1892_09_02;Sagna
Día :;;N/A:  | N/A: ;Yerus;cap.;;—Guanes, vapor Praviano, cap. Yerus: con 382 tercios tabaco y efectos.;;Praviano;vapor;1892_09_02;Guanes
;;N/A: ;Viñolas;cap.;;—Nuevitas, vapor Mortera, cap. Viñolas: con 580 reses.;;Mortera;vap.;1892_09_02;Nuevitas
;;N/A: ;Román;pat.;;—Arroyos, gta. Lince, pat. Román: con 600 sacos carbón.;;Lince;gta.;1892_09_02;Arroyos
;;N/A:  | N/A: ;Mandilgo;pat.;;—Cárdenas, gta. Clio, pat. Mandilgo: con 200 piñas y 304 idem aguante.;;Clio;gta.;1892_09_02;Cárdenas
;;N/A: ;Vera;pat.;;—Nuevitas, gta. Cárdenas, pat. Vera: con 400 reses.;;Cárdenas;gta.;1892_09_02;Nuevitas
;;N/A:  | N/A:  | N/A:  | N/A:  | N/A:  | N/A:  | N/A: ;Suaó;pat.;;—Gibara, gta. Moralidad, pat. Suaó: con 14.000 plátanos, 118 sacos y 13 bocoyes azúcar, 343 sacos maíz, 40 pipotes alcohol, 10 pipas ron y efectos.;;Moralidad;gta.;1892_09_02;Gibara
;;N/A:  | N/A: ;Inclán;pat.;;—Cabañas, gta. Caballo Marino, pat. Inclán: con 200 tercios tabaco y efectos.;;Caballo Marino;gta.;1892_09_02;Cabañas
;;N/A:  | N/A:  | N/A: ;Alemany;pat.;;—Berrano, gta. María Josefa, pat. Alemany: con 4.500 piés maderas, 100 caballos leña y efectos.;;María Josefa;gta.;1892_09_02;
;;N/A:  | N/A: ;García;cap.;;De Caibarién, vapor Pedro Murias, cap. García: con 958 tercios tabaco y efectos.;;Pedro Murias;vapor;1892_09_04;Caibarién
;;N/A:  | N/A: ;Larragán;pat.;;Sagua, vap. Clara, pat. Larragán: con 343 tercios tabaco y efectos.;;Clara;vap.;1892_09_04;Sagua
;;N/A:  | N/A: ;Clar;pat.;;Morrillo, gta. Britania, pat. Clar: con 350 caballos leña y 1000 tendidos majagua.;brit.;Britania;gta.;1892_09_04;
;;N/A: ;Santos;pat.;;Dominica, gta. Dominica, pat. Santos: con 30 bococes miel.;;Dominica;gta.;1892_09_04;Dominica
;;;Perce;pat.;;Jaruco, gta. Paquete de Joruco, pat. Perce: con efectos.;;Paquete de Joruco;gta.;1892_09_04;Jaruco
Día Mayor:;;N/A: ;Mayor;pat.;;Gibara, gta. Amado Antonio, pat. Mayor: con 30 sacos maíz.;;Amado Antonio;gta.;1892_09_04;Gibara
;;N/A:  | N/A: ;Padrón;pat.;;Congojas, gta. América, pat. Padrón: con 600 sacos carbón y 100 caballos leña.;;América;gta.;1892_09_04;Congojas
;;N/A: ;Rodríguez;pat.;;De Guana, gta. Especulación, pat. Rodríguez: con 400 sacos carbón.;;Especulación;gta.;1892_09_06;Guana
;;N/A: ;Portella;pat.;;Arroyos, gta. Amable Rosita, pat. Portella: con 800 sacos carbón.;;Amable Rosita;gta.;1892_09_06;Arroyos
;;N/A:  | N/A:  | N/A: ;Ensciat;pat.;;Cárdenas, gta. María del Carmen, pat. Ensciat: con 100 pipas aguardiente, 300 barriles azúcar y efectos.;;María del Carmen;gta.;1892_09_06;Cárdenas
;;N/A: ;Jofre;pat.;;Sagua, gta. Candita, pat. Jofre: con 1000 sacos carbón.;;Candita;gta.;1892_09_06;Sagua
;;N/A: ;Ferrer;pat.;;Cárdenas, gta. Purísima Concepción, pat. Ferrer: con 800 barriles azúcar.;;Purísima Concepción;gta.;1892_09_06;Cárdenas
;;N/A:  | N/A:  | N/A: ;Barrera;pat.;;Santa Cruz, gta. Joven Manuel, pat. Barrera: con 20 fanegas, 40 sacos maíz y efectos.;;Joven Manuel;gta.;1892_09_06;Santa Cruz
;;N/A: ;Sastre;pat.;;Maríel, gta. Altagracia, pat. Sastre: con 60 bulos muebles.;;Altagracia;gta.;1892_09_06;
;;N/A:  | N/A:  | N/A: ;Pellicer;pat.;;Granadilla, gta. Ignacia Alemán, pat. Pellicer: con 1000 atavillos, 300 sacos maíz y 300 sacos maíz.;;Ignacia Alemán;gta.;1892_09_06;Granadilla
Día :;;N/A:  | N/A: ;Urrutibea;cap.;;De Calibarié, vapor Alava, cap. Urrutibea: con 2.297 tercios tabaco y efectos.;;Alava;vapor;1892_09_07;Calibarié
;;N/A:  | N/A: ;Vilar;cap.;;Cuba, vapor Mortera, cap. Vilar: con 800 sacos azúcar y efectos.;;Mortera;vapor;1892_09_07;Cuba
;;N/A: ;Vidal;pat.;;Congojas, gol. María Luisa, pat. Vidal: con 1.000 sacos carbón.;;María Luisa;gol.;1892_09_07;Congojas
;;N/A: ;Vera;pat.;;Punta San Juan, gol. Blanca, pat. Vera: con 1.500 sacos carbón.;;Blanca;gol.;1892_09_07;Punta San Juan
;;N/A: ;Cabaleiro;pat.;;Congojas, gol. Rosita, pat. Cabaleiro: con 500 sacos carbón.;;Rosita;gol.;1892_09_07;Congojas
;;;Villalonga;pat.;;Cabañas, gol. Carmita, pat. Villalonga: en lastre.;;Carmita;gol.;1892_09_07;Cabañas
;;N/A:  | N/A: ;Real;cap.;;De Malas Agas, vapor Triton, cap. Real: con 860 tercios tabaco y efectos.;;Triton;vap.;1892_09_08;Malas Agas
;;N/A:  | N/A: ;Rigó;pat.;;Cabañas, gta. Conder, pat. Rigó: con 400 aguardiente y 10 bocas miel.;;Conder;gta.;1892_09_08;Cabañas
;;N/A: ;Marantes;pat.;;Morrillo, gta. María Magdalena, pat. Marantes: con 30 bocas miel.;;María Magdalena;gta.;1892_09_08;
;;;Vishuerra;pat.;;Cárdenas, gta. Yumuri, pat. Vishuerra: con efectos.;;Yumuri;gta.;1892_09_08;Cárdenas
;;N/A:  | N/A: ;García;cap.;;De Caibarién, vapor Pedro Murias, cap. García: con 950 tercios tabaco y efectos.;;Pedro Murias;vap.;1892_09_10;Caibarién
;;N/A:  | N/A: ;Marín;cap.;;Mantua, vapor Guanahanico, cap. Marín: con 1200 tercios tabaco y efectos.;;Guanahanico;vap.;1892_09_10;Mantua
;;N/A:  | N/A:  | N/A: ;Pereda;cap.;;Sagua, vapor Adela, cap. Pereda: con 689 tercios tabaco, 50 pipas aguardiente y efectos.;;Adela;vapor;1892_09_10;Sagua
;;N/A:  | N/A:  | N/A:  | N/A: ;Ginesta;cap.;;Cuba, vapor San Juan, cap. Ginesta: con 1,200 sacos azúcar, 268 tercios tabaco, 200 reses y efectos.;;San Juan;vapor;1892_09_10;Cuba
;;N/A: ;Torres;pat.;;Baracoa, gta. Elva, pat. Torres: con 75,000 cocos.;;Elva;gta.;1892_09_10;Baracoa
;;N/A:  | N/A:  | N/A:  | N/A: ;Cueva;pat.;;Cárdenas, gta. Angeltita, pat. Cueva: con 700 barriles, 600 cañas azúcar y efectos.;;Angeltita;gta.;1892_09_10;Cárdenas
;;N/A:  | N/A: ;Alemany;pat.;;Cárdenas, gta. Joven Pilar, pat. Alemany: con 280 barriles azúcar y efectos.;;Joven Pilar;gta.;1892_09_10;Cárdenas
;;N/A:  | N/A: ;Urrutibea;cap.;;De Caibarién, vapor Alava, cap. Urrutibea: con 2.300 tercios tabaco y efectos.;;Alava;vapor;1892_09_14;Caibarién
;;N/A:  | N/A: ;Ferrer;pat.;;Matanzas, gol. María, pat. Ferrer: con 50 pipas aQuadrante y efectos.;;María;gol.;1892_09_14;Matanzas
;;N/A: ;Ruiz;pat.;;Arroyos, gol. Dos Hermanas, pat. Ruiz: con 700 sacos carbón.;;Dos Hermanas;gol.;1892_09_14;Arroyos
;;N/A: ;Inclán;pat.;;Cabañas, gol. Caballo Marino, pat. Inclán: con 8 pipas aguardiente.;;Caballo Marino;gol.;1892_09_14;Cabañas
;;N/A: ;Percira;pat.;;Carahatás, gol. Teresita, pat. Percira: con 1.200 sacos azúcar.;;Teresita;gol.;1892_09_14;Carahatás
;;N/A: ;Mayans;pat.;;Punta San Juan, gol. 2ª Gertrúdis, pat. Mayans: con 1.000 sacos azúcar.;;2ª Gertrúdis;gol.;1892_09_14;Punta San Juan
;;N/A: ;González;pat.;;Morriño, gol. Feliz, pat. González: con 350 cabañas leña.;;Feliz;gol.;1892_09_14;Morriño
;;N/A: ;Maríel;pat.;;Maríel, gol. Trafalgar, pat. Deuloten: con 40 buques miel.;;Trafalgar;gol.;1892_09_14;Deuloten
;;;Pagés;pat.;;Jaruco, gol. Joven Lola, pat. Pagés: con efectos.;;Joven Lola;gol.;1892_09_14;Jaruco
Día 01:;;N/A:  | N/A: ;Real;cap.;;De Malas Aguas vapor Tritón, cap. Real: 1,900 tercios tabaco y efectos.;;Tritón;vapor;1892_09_15;Malas Aguas
Día XX:;;N/A:  | N/A: ;Yerus;cap.;;De Guanes, vapor Praviano, cap. Yerus: con 1.200 tercios tabaco y efectos.;;Praviano;vap.;1892_09_16;Guanes
;;N/A:  | N/A: ;Perea;cap.;;Sagua, vapor Adela, cap. Perea: con 800 tercios tabaco y efectos.;;Adela;vapor;1892_09_16;Sagua
;;N/A: ;Alemany;pat.;;Punta-Larga, gol. Natividad, pat. Alemany: con 1.000 sacos carbón.;;Natividad;gol.;1892_09_16;Punta-Larga
Día :;;N/A:  | N/A: ;Calafell;pat.;;Matanzas, gol. María Josefa, pat. Calafell: con 18 pipas aguardiente y efectos.;;María Josefa;gol.;1892_09_16;Matanzas
;;N/A:  | N/A: ;García;cap.;;De Caibaré vapor Pedro Murias, capitán García: con 1390 tercios tabaco y efectos.;;Pedro Murias;vapor;1892_09_18;Caibaré
;;N/A:  | N/A: ;Zaragoza;pat.;;"De Bajas, goleta Angelita, pat. Zaragoza; con 400 sacos carbón, 100 sacos cocaña mangla.";;Angelita;goleta;1892_09_20;Bajas
;;N/A: ;Serra;pt.;;"—Arroyos; gol. Amalia, pt. Serra; con 500 sacos carbón.";;Amalia;gol.;1892_09_20;Arroyos
;;N/A: ;Planas;pt.;;"—Mulata, gol. Dolores, pt. Planas; con 378 tercios tabaco.";;Dolores;gol.;1892_09_20;
;;;Rigo;pt.;;"—Cabañas, gol. Condor, pt. Rigo; con lastre.";;Condor;gol.;1892_09_20;Cabañas
;;N/A:  | N/A: ;Cuevas;pt.;;"—Cárdenas, gol. Angelita, pt. Cuevas; con 600 barriles; 100 s, azúcar y efectos.";;Angelita;gol.;1892_09_20;Cárdenas
;;N/A:  | N/A: ;Cabres;pt.;;"—Puerto-Padre, gol. Unión, pt. Cabres; con 600 p. p. edro y efectos.";;Unión;gol.;1892_09_20;Puerto-Padre
;;N/A: ;;pt.;;"—Cárdenas, gol. Celio, pt. Málaga; con 800 sacos azúcar.";;Celio;gol.;1892_09_20;Cárdenas
;;N/A: ;Murante;pt.;;"—Maríel, gol. María Magdalena, pt. Murante; con 20 pipas aguardiente.";;María Magdalena;gol.;1892_09_20;
;;N/A: ;Enseñap;pt.;;"—Cárdenas, gol. María del Carmen, pt. Enseñap; con 364 piezas madera.";;María del Carmen;gol.;1892_09_20;Cárdenas
;;N/A:  | N/A: ;Marín;cap.;;"De Manca; vapor Gunniquianio, cap. Marín; con 1378 tercios tabaco y efectos.";;Gunniquianio;vapor;1892_09_21;Manca
;;N/A:  | N/A: ;Urrutibarrea;cap.;;"— Cabarién, vapor Alava, cap. Urrutibarrea; con 2.500 tercios tabaco y efectos.";;Alava;vap.;1892_09_21;Cabarién
;;N/A: ;Pellicer;pat.;;"— San Cayetano, gta. Crisálida, pat. Pellicer; con 600 varas maderas.";;Crisálida;gta.;1892_09_21;San Cayetano
;;N/A: ;Aeuña;pat.;;"De Congoa, gta. María Andrea, pat. Aeuña; con 800 sacos carbón.";;María Andrea;gta.;1892_09_22;Congoa
;;N/A: ;Llado;pat.;;"Bajas, gta. Carmila, pat. Llado; con 800 sacos carbón.";;Carmila;gta.;1892_09_22;Bajas
;;N/A:  | N/A:  | N/A:  | N/A: ;Alemany;pat.;;"— Berracos, gta. María Josefa, pat. Alemany; con 550 yayas, 50 caballos leña y efectos.";;María Josefa;gta.;1892_09_22;Berracos
;;N/A:  | N/A: ;García;cap.;;De Cabárión vapor Pedro Músas, cap. García: 1500 terceros tabaco y efectos.;;Pedro Músas;vapor;1892_09_24;Cabárión
;;N/A: ;Alemán;pat.;;Laguna del Medio gol. Almanza, pat. Alemán: 2000 s. carbón.;;Almanza;gol.;1892_09_24;Laguna del Medio
;;N/A:  | N/A: ;Clar;pat.;;Morillo gol. Britania, pat. Clar: 12,000 pies madera y 100 caballos leña.;;Britania;gol.;1892_09_24;Morillo
;;N/A: ;Tur;pat.;;Punta de San Juan gol. José Riera, pat. Tur: 1000 s. carbón.;;José Riera;gol.;1892_09_24;Punta de San Juan
Día 01:;;N/A: ;Mayans;pat.;;Idem gol. Segunda Gertrudis, pat. Mayans: 1000 s. carbón.;;Segunda Gertrudis;gol.;1892_09_24;
;;N/A: ;Pereira;pat.;;Carahatas gol. Teresita, pat. Pereira: 1120 s. azúcar.;;Teresita;gol.;1892_09_24;Carahatas
Día XX:;;N/A:  | N/A: ;Yerns;cap.;;De Guanes, vapor Praviano, cap. Yerns: con 1,100 tercios tabaco y efectos.;;Praviano;vap.;1892_09_27;Guanes
;;N/A:  | N/A: ;Larragán;cap.;;Sagua, vapor Clara, cap. Larragán: con 320 tercios tabacos y efectos.;;Clara;vapor;1892_09_27;Sagua
Día :;;N/A:  | N/A: ;Zaragoza;pat.;;Cárdenas, gol. Isla de Cuba, pat. Zaragoza: con 650 barriles azúcar y efectos.;;Isla de Cuba;gol.;1892_09_27;Cárdenas
;;N/A:  | N/A: ;Mayans;pat.;;Baracoa, gol. Aguila, pat. Mayans: con 1,500 cañas petróleo y efectos.;;Aguila;gol.;1892_09_27;Baracoa
;;N/A:  | N/A: ;Barrera;pat.;;Santa Cruz, gol. Joven Manuel, pat. Barrera: con 150 y 40 fanegas maíz.;;Joven Manuel;gol.;1892_09_27;Santa Cruz
;;N/A: ;Suárez;pat.;;Bahía-Hondura, gol. Rosa María, pat. Suárez: con 40 bocoyes miel.;;Rosa María;gol.;1892_09_27;Hondura
;;;Inclán;pat.;;Cabañas, gol. Caballo Marino, pat. Inclán: con efectos.;;Caballo Marino;gol.;1892_09_27;Cabañas
;;N/A:  | N/A: ;Urrutibea;cap.;;De Caibarién vapor Alava, cap. Urrutibea: con 2.500 tercios tabaco y efectos.;;Alava;vapor;1892_09_29;Caibarién
;;N/A:  | N/A: ;Real;cap.;;Maias-Aguas, vapor Tritón, cap. Real: con 936 tercios tabaco y efectos.;;Tritón;vapor;1892_09_29;Maias-Aguas
;;N/A:  | N/A: ;Castillo;pat.;;Manzanillo, gol. Rosita, pat. Castillo: con 600 atravesafos y efectos.;;Rosita;gol.;1892_09_29;Manzanillo
;;N/A: ;Prats;pat.;;Arroyos, gol. Dos Amigos, pat. Prats: con 800 sacos carbón.;;Dos Amigos;gol.;1892_09_29;Arroyos
;;;Juan;pat.;;Cabañas, gol. Rosita, pat. Juan: en lastre.;;Rosita;gol.;1892_09_29;Cabañas
;;;Santos;pat.;;Maríel, gol. Dominicana, pat. Santos: en lastre.;Dominicana;Maríel;gol.;1892_09_29;
;;N/A:  | N/A: ;Padrón;pat.;;De Santa María, gta. Joven Jaime, pat. Padrón: con 50 caballos leña y 700 sacos carbón.;;Joven Jaime;gta.;1892_09_30;Santa María
;;N/A:  | N/A: ;Pereda;cap.;;—Sagua, vapor Adela, cap. Pereda: con 900 tercios tabaco y efectos.;;Adela;vap.;1892_09_30;Sagua
Día null:;;N/A:  | N/A:  | N/A: ;Ginesta;cap.;;"De Cuba, vapor San Juan, cap. Ginesta: con 85 tercios tabaco; 195 reses y efectos.";;San Juan;vapor;1892_10_01;Cuba
Día :;;N/A: ;Vera;pat.;;—Nuevitas, gol. Cárdenas, pat. Vera: con 400 reses.;;Cárdenas;gol.;1892_10_01;Nuevitas
;;N/A: ;Valent;pat.;;—Cárdenas, gol. Juan Torral, pat. Valent: con 900 barriles azúcar.;;Juan Torral;gol.;1892_10_01;Cárdenas
;;N/A:  | N/A:  | N/A: ;Padrón;pat.;;Santa María, gol. América, pat. Padrón: con 50 caballos leña y 700 sacos carbón.;;América;gol.;1892_10_01;
;;N/A:  | N/A: ;García;cap.;;De Sagua, vapor Clara, cap. García: con 200 tercios tabaco y efectos.;;Clara;vap.;1892_10_02;Sagua
;;;Alemany;pat.;;Matanzas, gol. Joven Miguel, pat. Alemany: en lastre.;;Joven Miguel;gol.;1892_10_02;Matanzas
;;N/A: ;Ferrer;pat.;;Arroyos, gol. Isabel II, pat. Ferrer: con 600 sacos carbón.;;Isabel II;gol.;1892_10_02;Arroyos
;;;Urrutibascoa;cap.;;De Caibarién, vapor Alava, cap. Urrutibascoa: con;;Alava;vap.;1892_10_04;Caibarién
;;;Cantero;pat.;;Cárdenas, gol. Aguila de Oro, pat. Cantero: con;;Aguila de Oro;gol.;1892_10_04;Cárdenas
Día XX:;;N/A: ;Mandiliego;pat.;;Cárdenas, gol. Cillo, pat. Mandiliego: con 750 ba-;;Cillo;gol.;1892_10_04;Cárdenas
;;N/A: ;González;pat.;;Morriño, gol. Feliz, pat. González: con 400 ca-;;Feliz;gol.;1892_10_04;Morriño
;;N/A: ;Vidal;pat.;;Congojas, gol. Joven Luisa, pat. Vidal: con 1,000;;Joven Luisa;gol.;1892_10_04;Congojas
;;N/A: ;Viñolas;cap.;;Nuevitas, vapor Mortera, cap. Viñolas: con 376;;Mortera;vapor;1892_10_04;Nuevitas
;;N/A: ;Román;pat.;;De Arroyos, gol. Lince, pat. Román: con 500 sacos carbón.;;Lince;gol.;1892_10_05;Arroyos
;;;Rígó;pat.;;— Cabañas, gol. Condor, pat. Rígó: en lastre.;;Condor;gol.;1892_10_05;Cabañas
;;N/A: ;Alemany;pat.;;— San Cayetano, gol. Rorario, pat. Alemany: con 400 varas maderas.;;Rorario;gol.;1892_10_05;San Cayetano
;;N/A: ;García;pat.;;De Sagua, gta. Paca, pat. García: con 300 bocoyes miel.;;Paca;gta.;1892_10_06;Sagua
;;N/A: ;Cuevas;pat.;;—Cárdenas, gta. Angelita, pat. Cuevas: con 150 pipas agrandiente.;;Angelita;gta.;1892_10_06;Cárdenas
;;N/A:  | N/A: ;Real;cap.;;De Málas Aguas, vapor Tritón, cap. Real: con 950 tercios tabaco y efectos.;;Tritón;vapor;1892_10_07;Málas Aguas
;;N/A:  | N/A:  | N/A:  | N/A: ;Marantes;pat.;;Maril, gol. María Magdalena, pat. Marantes: con 6 pías, vapor aguardiente, 7 saes azúcar y 1 nobiliaria.;;María Magdalena;gol.;1892_10_07;Maril
;;N/A:  | N/A:  | N/A: ;Pereda;cap.;;"Sagua, vapor Adela, cap. Pereda: con 24 toros; 3.207 tercios tabaco y efectos.";;Adela;vapor;1892_10_07;Sagua
;;N/A:  | N/A: ;García;cap.;;De Caibarién, vapor Pedro Murias, cap. García: con 1,200 cercios tabaco y efectos.;;Pedro Murias;vapor;1892_10_08;Caibarién
;;N/A: ;Pereira;pat.;;— Carahatás, gol. Teresita, pat. Pereira: con 1,011 sacos azúcar.;;Teresita;gol.;1892_10_08;Carahatás
;;N/A:  | N/A: ;Garcia;cap.;;De Saguio, vapor Clara, cap. Garcia: con 200 tercios tabaco y efectos.;;Clara;vap.;1892_10_11;Saguio
Día :;;N/A:  | N/A: ;Urrutibea;cap.;;Caibarién, vapor Alava, cap. Urrutibea: con 440 tercios tabaco y efectos.;;Alava;vapor;1892_10_11;Caibarién
;;N/A:  | N/A: ;Enseñan;pat.;;Sierra Morena, gta. Soffa, pat. Enseñan: con 791 sacos, 16 estuches azúcar y efectos.;;Soffa;gta.;1892_10_11;
;;N/A:  | N/A:  | N/A: ;Vinolas;cap.;;Cuba, vapor Ramón Herrera, cap. Vinolas: con 38 tercios tabaco, 200 reales y efectos.;;Ramón Herrera;vap.;1892_10_11;Cuba
;;;Villalba;pat.;;Marí, gta. Isabelina, pat. Villalba: con efectos.;;Isabelina;gta.;1892_10_11;Marí
;;N/A: ;Ruiz;pat.;;Arroyos, gta. Dos Hermanas, pat. Ruiz: con 800 sacos carbón.;;Dos Hermanas;gta.;1892_10_11;Arroyos
Día :;;N/A: ;Padrón;pat.;;Arroyos, gta. Joven Jaime, pat. Padrón: con 800 sacos carbón.;;Joven Jaime;gta.;1892_10_11;Arroyos
;;N/A:  | N/A: ;Más;pat.;;Congojas, gta. Anita, pat. Más: con 30,000 cocos y 1,300 quintales cáscara mangle.;;Anita;gta.;1892_10_16;Congojas
;;N/A: ;Padrón;pat.;;Congojas, gta. Joven Victoria, pat. Padrón: con 800 sacos carbón.;;Joven Victoria;gta.;1892_10_16;Congojas
;;N/A: ;Mandiliejo;pat.;;Cárdenas, gra. Clio, pat. Mandiliejo: con 800 barriles azúcar.;;Clio;gra.;1892_10_16;Cárdenas
;;N/A:  | N/A:  | N/A:  | N/A:  | N/A:  | N/A: ;Valent;pat.;;Cárdenas, gta. Juan Toralla, pat. Valent: con 600 barriles, 300 sacos azúcar, 25 pipas aguardiente y efectos.;;Juan Toralla;gta.;1892_10_16;Cárdenas
;;N/A: ;Vera;pat.;;Nuevitas, gta. Cárdenas, pat. Vera: con 400 tos.;;Cárdenas;gta.;1892_10_16;Nuevitas
;;N/A:  | N/A: ;Garefa;cap.;;Sagua, vap. Clara, cap. Garefa: con 600 tercios tabaco y efectos.;;Clara;vap.;1892_10_16;Sagua
;;N/A: ;Bosch;pat.;;Sagunto, gta. Antonia, pat. Bosch: con 1000 sacos carbón.;;Antonia;gta.;1892_10_18;Sagunto
;;N/A: ;Cantero;pat.;;Para Cárdenas gol. Aguila de Oro, pat. Cantero: 600;;Aguila de Oro;gol.;1892_10_19;Cárdenas
;;N/A: ;Boutempo;pat.;;De San Cayetano, gta. Gallego, pat. Boutempo: con 600 sacos carbon.;;Gallego;gta.;1892_10_21;San Cayetano
Día :;;N/A: ;Gimesta;cap.;;— Cuba, vapor San Juan, cap. Gimesta: con 250 re-;;San Juan;vapor;1892_10_21;Cuba
;;N/A:  | N/A: ;Pereda;cap.;;— Sagua, vapor Adela, cap. Pereda: con 2000 tercios tabaco y efectos.;;Adela;vapor;1892_10_21;Sagua
Día 01:;;N/A:  | N/A: ;Yerua;cap.;;— Guanes, vapor Praviano, cap. Yerua: con 800 tercios tabaco y efectos.;;Praviano;vapor;1892_10_21;Guanes
;;N/A: ;Beneján;pat.;;— Santa Maria, gta. Margarita, pat. Beneján: con 600 sacos carbon.;;Santa Maria;gta.;1892_10_21;Margarita
;;N/A: ;Real;cap.;;Para Mulas Agunas, vap. Tritón, cap. Real: con 950;;Tritón;vap.;1892_10_22;Mulas Agunas
Día 01:;;;Calafell;pat.;;Matanzas, gol. María Josefa, pat. Calafell: con;;María Josefa;gol.;1892_10_22;Matanzas
;;;Suárez;pat.;;Punta Alegre, gol. Bella Catalina, pat. Suárez:;;Bella Catalina;gol.;1892_10_22;Punta Alegre
Día null:;;N/A:  | N/A: ;Larragán;cap.;;De Sagua, vapor Clara, cap. Larragán: con 611 tercios tabacos y efectos.;;Clara;vap.;1892_10_25;Sagua
;;N/A:  | N/A:  | N/A: ;Víñolas;cap.;;"Nuevitas, vapor Moresa, cap. Víñolas: con 44 tercios tabaco; 360 reses y efectos.";;Moresa;vapor;1892_10_25;Nuevitas
;;N/A:  | N/A: ;Clar;pat.;;Momillo, gol. Britania, pat. Clar: con 400 caballos leña y 200 tendidos majagua.;;Britania;gol.;1892_10_25;Momillo
Día 01:;;N/A:  | N/A:  | N/A: ;Zaragoza;pat.;;Bajas, gol. Angelita, pat. Zaragoza: con 120 sacos carbon, 70 tercios tabaco y efectos.;;Angelita;gol.;1892_10_25;
;;;Santos;pat.;;Maríel, gol. Dominica, pat. Santos: en lastre.;;Dominica;gol.;1892_10_25;
;;;Marantes;pat.;;Maríel, gol. María Magdalena, pat. Marantes: en lastre.;;María Magdalena;gol.;1892_10_25;
;;N/A:  | N/A: ;Calzada;pat.;;Manzahill, gol. Margarita, pat. Calzada: con 3.000 pies madera cedro y efectos.;;Margarita;gol.;1892_10_25;Manzahill
;;N/A: ;Vives;pat.;;Arroyos, gol. Francisca Géner, pat. Vives: con 60 toneladas palo campeiro.;;Francisca Géner;gol.;1892_10_25;Arroyos
Día :;;N/A:  | N/A:  | N/A: ;Bernaza;pat.;;"Puerto-Padre, gol. Tres Hermanas, pat. Bernaza: con 50 bocoyes miel; 100 sacos azúcar y efectos.";;Tres Hermanas;gol.;1892_10_25;Puerto-Padre
Día XX:;;;Urrutibea;cap.;;De Cufaríen, vapor Alava, cap. Urrutibea: con;;Alava;vapor;1892_10_26;Cufaríen
;;N/A: ;Planas;pat.;;Dimas, gta. Dolores, pat. Planas: con 400 sacos;;Dolores;gta.;1892_10_26;
;;;Bosch;pat.;;Maríel, gol. Joven Gertrudis, pat. Bosch: en lastre.;;Joven Gertrudis;gol.;1892_10_26;
;;N/A:  | N/A: ;Marin;cap.;;De Manta, vapor Guaniquanico, cap. Marin: con 588 tercios tabaco y efectos.;;Guaniquanico;vap.;1892_10_27;Manta
;;N/A: ;Serra;pat.;;—Arroyos, gta. Amalia, pat. Serra: con 800 sacos carbón.;am.;Amalia;gta.;1892_10_27;Arroyos
;;N/A: ;Planas;pat.;;—Mulata, gta. Dolores, pat. Planas: con 300 tercios tabaco.;;Dolores;gta.;1892_10_27;
;;N/A:  | N/A: ;García;cap.;;De Caibarién, vapor Pedro Murias, cap. García: con 1035 tercios tabaco y efectos.;;Pedro Murias;vapor;1892_10_29;Caibarién
;;N/A:  | N/A: ;Real;cap.;;—Barba Honda, vapor Trifont, cap. Real: con 960 tercios tabaco y efectos.;;Trifont;vapor;1892_10_29;Barba Honda
;;N/A:  | N/A:  | N/A: ;Viñolas;cap.;;De Cuba: vap. esp. Cosme de Herrera, cap. Viñolas. con 200 reales, 35 tercios tabaco y efectos;esp.;Cosme de Herrera;vap.;1892_11_01;Cuba
;;N/A:  | N/A: ;Cantero;pat.;;Cárdenas, gol. Agulla de Oro, pat. Cantero: con barriles de azúcar y efectos.;;Agulla de Oro;gol.;1892_11_01;Cárdenas
;;N/A:  | N/A: ;Valent;pat.;;Cárdenas, gol. María del Carmen, pat. Valent: con 600 barriles azúcar y 100 pipas aguardiente.;;María del Carmen;gol.;1892_11_01;Cárdenas
;;N/A: ;Pajol;pat.;;Jaruco, gol. Inés, pat. Pajol: con 40 fanegas maíz.;;Inés;gol.;1892_11_01;Jaruco
;;N/A:  | N/A: ;Real;cap.;;De Malas Aguas, vapor Triton, cap. Real: con 880 tercios tabaco y efectos.;;Triton;vapor;1892_11_04;Malas Aguas
;;N/A:  | N/A: ;Valent;pat.;;Cárdenas, gta. Juan Toralla, pat. Valent: con 800 barriles a vapor y efectos.;;Juan Toralla;gta.;1892_11_04;Cárdenas
;;N/A:  | N/A: ;Garcia;cap.;;De Caibarién, vapor Pedro Murias, cap. Garcia: con 1.400 terceros tabaco y efectos.;;Pedro Murias;vap.;1892_11_05;Caibarién
;;N/A: ;Barrera;pat.;;—Santa Cruz, gta. Joven Manuel, pat. Barrera: con 151 fanegas maíz.;;Joven Manuel;gta.;1892_11_05;Santa Cruz
;;N/A: ;Pellicer;pat.;;—San Cayetano, gta. Crisólida, pat. Pellicer: con 600 varas maderas.;;Crisólida;gta.;1892_11_05;San Cayetano
;;N/A: ;Maciá;pat.;;De Bajas, gol. San Francisco, pat. Maciá: con 1.000 sacos carbón.;;San Francisco;gol.;1892_11_06;Bajas
;;N/A: ;Ferrer;pat.;;Dimas, gol. Isabel II, pat. Ferrer: con 600 sacos carbón.;;Isabel II;gol.;1892_11_06;
;;N/A:  | N/A: ;Inclín;pat.;;Cabañas, gol. Caballo Marino, pat. Inclín: con 120 tercios tabaco y efectos.;;Caballo Marino;gol.;1892_11_06;Cabañas
;;N/A: ;Vera;pat.;;Nueva, gol. Cárdenas, pat. Vera: con 400 reses.;;Cárdenas;gol.;1892_11_06;Nueva
;;N/A:  | N/A: ;Román;pat.;;De Arroyos, gta. Lince, pat. Román: con 500 sacos azúcar, 100 sacos cáscara mangle.;;Lince;gta.;1892_11_08;Arroyos
;;N/A: ;Prats;pat.;;—Arroyos, gta. Dos Amigos, pat. Prats: con 1,100 sacos carbón.;;Dos Amigos;gta.;1892_11_08;Arroyos
;;N/A:  | N/A: ;Padrón;pat.;;—Congojas, gta. América, pat. Padrón: con 800 sacos carbón y 100 caballos leña.;;América;gta.;1892_11_08;Congojas
;;N/A: ;Alemany;pat.;;—Rosario, gta. Natividad, pat. Alemany: con 700 sacos carbón.;;Natividad;gta.;1892_11_08;Rosario
;;N/A:  | N/A: ;Blemany;pat.;;—Berracos, gta. María Josefa, pat. Blemany: con 500 estacas y 5,000 pies maderas.;;María Josefa;gta.;1892_11_08;Berracos
Día :;;N/A: ;Suarz;pat.;;—Puerto Alegre, gta. Joven Blanca, pat. Suarz: con 1500 sacos carbón.;;Joven Blanca;gta.;1892_11_08;Puerto Alegre
;;N/A: ;Alemany;pat.;;—Dimas, gta. Dolortá, pat. Alemany: con 700 sacos carbón.;;Dolortá;gta.;1892_11_08;
;;N/A:  | N/A: ;Marín;cap.;;De Manta, vapor Guanignanica, cap. Marín: con 450 tercios tabaco y efectos.;;Guanignanica;vap.;1892_11_09;Manta
;;N/A:  | N/A: ;Urrutibes;cap.;;Caibarien, vapor Alava, cap. Urrutibes: con tercios tabaco y efectos.;;Alava;vapor;1892_11_09;Caibarien
;;N/A: ;Cavaleiro;pat.;;Congojas, gta. Rosita, pat. Cavaleiro: con 500 sacos carbón.;;Rosita;gta.;1892_11_09;Congojas
;;N/A: ;Pereira;pat.;;Carahelas, gol. Teresita, pat. Pereira: con 262 sacos azúcar y efectos.;;Teresita;gol.;1892_11_09;
;;N/A:  | N/A: ;Larragán;cap.;;Sagua, vap. Clara, cap. Larragán: con 1,159 sacos tabaco y efectos.;;Clara;vap.;1892_11_09;Sagua
;;N/A: ;Vera;pat.;;Nuevitas, gol. Cárdenas, pat. Vera: con 400 re- ses.;;Cárdenas;gol.;1892_11_09;Nuevitas
;;N/A: ;Portilla;pat.;;Arroyos, goi. Amable Rosita, pat. Portilla: con 890 sacos carbón.;;Amable Rosita;goi.;1892_11_09;Arroyos
;;N/A: ;Rodríguez;pat.;;De Dímas, gta. Especulación, pat. Rodríguez: con 400 sacos carbón.;;Especulación;gta.;1892_11_10;Dímas
;;N/A: ;Ginesa;cap.;;—Cuba, vapor San Juan, cap. Ginesa: con 200 re—;;San Juan;vapor;1892_11_10;Cuba
;;N/A:  | N/A: ;Pereda;cap.;;De Sagua, vapor Adela, cap. Pereda: con 888 tercios tabaco, y efectos.;;Adela;vap.;1892_11_11;Sagua
;;N/A:  | N/A: ;Real;cap.;;Malas Águas, vapor Triton, cap. Real: con 810 tercios tabaco, y efectos.;;Triton;vapor;1892_11_11;Malas Águas
;;N/A: ;Sastre;pat.;;Maríel, gta. Altgracia, pat. Sastre: con unos muebles.;;Altgracia;gta.;1892_11_11;
;;N/A:  | N/A: ;García;cap.;;De Caibarién, vapor Pedro Murias, cap. García: con 149 tercios tabaco y efectos.;;Pedro Murias;vapor;1892_11_13;Caibarién
Día null:;;N/A:  | N/A: ;Vifolas;cap.;;De Gibara, vapor Mortera, cap. Vifolas: con 669 rees y efectos.;;Mortera;vap.;1892_11_15;Gibara
;;N/A:  | N/A: ;Vilar;cap.;;Cuba, vapor Clara, cap. Vilar: con 50 bultos cera y efectos.;;Clara;vapor;1892_11_15;Cuba
;;N/A:  | N/A: ;Enseñan;pat.;;Sierra Morena, gta. Sofia, pat. Enseñan: con 334 sacos azúcar y efectos.;;Sofia;gta.;1892_11_15;
;;N/A:  | N/A:  | N/A:  | N/A: ;Estrellas;pat.;;Gibara, gta. Expreso de Gibara, pat. Estrellas: con 295 tercios tabaco, 120 lts serones, 1014 ron y efectos.;;Expreso de Gibara;gta.;1892_11_15;Gibara
;;N/A: ;Valent;pat.;;Cádiz, gta. María del Carmen, pat. Valent: con 500 barriles azúcar.;;María del Carmen;gta.;1892_11_15;Cádiz
;;N/A:  | N/A: ;Marin;cap.;;Para Mantua, vap. Guaniquanico, cap. Marin: con 374 tercios tabaco y efectos.;;Guaniquanico;vap.;1892_11_16;Mantua
;;N/A:  | N/A: ;Urrutibea;cap.;;Caibarién, cap. Alava, cap. Urrutibea: con 2.900 tercios tabaco y efectos.;;;;1892_11_16;Caibarién
;;N/A:  | N/A: ;Real;cap.;;De Mulas: Agua vapor Tritón, capitán Real: 600 tercios tabacos y efectos.;;Tritón;vapor;1892_11_18;Mulas
;;N/A:  | N/A: ;García;cap.;;De Caibarién, yap. Pedro Murías, cap. García: con 1,279 tercios tabaco y efectos.;;Pedro Murías;yap.;1892_11_20;Caibarién
;;N/A:  | N/A: ;Larragan;cap.;;Sagua, vap. Clara, cap. Larragan: con 680 tercios tabaco y efectos.;;Clara;vap.;1892_11_20;Sagua
;;N/A: ;Ruiz;pat.;;Arroyos, gol. 2 Hermanas, pat. Ruiz: con 800 sacos carbón.;;2 Hermanas;gol.;1892_11_20;Arroyos
;;N/A: ;Serra;pat.;;Arroyos, gol. Amalia, pat. Serra: 800 sacos carbón.;;Amalia;gol.;1892_11_20;Arroyos
;;N/A:  | N/A: ;Fustes;pat.;;Bajas, gol. Carmencita, pat. Fustes: con 300 sacos carbón, 344 tercios tabaco.;;Carmencita;gol.;1892_11_20;Bajas
Día 01:;;N/A:  | N/A: ;Zaragoza;pat.;;Bajas, gol. Angelita, pat. Zaragoza: con 400 sacos carbón, 200 sacos cáscara.;;Angelita;gol.;1892_11_20;Bajas
;;;Morante;pat.;;Maríel, gol. María Magdalena, pat. Morante: en lastre.;;María Magdalena;gol.;1892_11_20;
;;N/A: ;Santana;pat.;;Santa María, gol. Joven Jaime, pat. Santana: con 1,000 sacos carbón.;;Joven Jaime;gol.;1892_11_20;
;;N/A: ;Mateu;pat.;;Banta, gol. Esmeralda, pat. Mateu, con 2,000 sacos carbón.;;Esmeralda;gol.;1892_11_20;
;;N/A:  | N/A: ;Rodríguez;pat.;;Pluyas de San Juan, gol. 2ª Rosa, pat. Rodríguez: con 700 sacos carbón, 500 caballos leña.;;2ª Rosa;gol.;1892_11_20;San Juan
;;N/A: ;Planas;pat.;;Dímas, gol. Dolores, pat. Planas: con 400 sacos carbón.;;Dolores;gol.;1892_11_20;Dímas
;;N/A: ;Torres;pat.;;Manzanillo, gol. Amistad, pat. Torres: con 809 varas madera.;;Amistad;gol.;1892_11_20;Manzanillo
;;N/A:  | N/A: ;Freixas;pat.;;Cabañas, gol. Josefa, pat. Freixas: con 85 tercios tabaco, 10 pipas aguardiente.;;Josefa;gol.;1892_11_20;Cabañas
;;;Inclán;pat.;;Cabañas, gol. Caballo Marino, pat. Inclán: en lastre.;;Caballo Marino;gol.;1892_11_20;Cabañas
;;N/A: ;Pijuan;pat.;;Teja, gol. Castilla, pat. Pijuan: con 1,900 sacos carbón.;;Castilla;gol.;1892_11_20;Teja
;;;Sastre;pat.;;Maríel, gol. Altagracia, pat. Sastre: en lastre.;;Altagracia;gol.;1892_11_20;
Día XX:;;N/A:  | N/A: ;Sufré;pat.;;De Bahía Honda, gol. Rosa María, pat. Sufré: con 700 bocoyes miel, 16 sacos lana.;;Rosa María;gol.;1892_11_29;Bahía Honda
;;N/A: ;Juan;pat.;;— S. Morena, gol. María Teresa, pat. Juan: lastre.;;María Teresa;gol.;1892_11_29;S.
;;N/A: ;Guirart;pat.;;Jaimanitas, gol. Ntra. Sra. de Regla, pat. Guirart: con 80 cantos.;;Ntra. Sra. de Regla;gol.;1892_11_29;Jaimanitas
;;N/A: ;Vidal;pat.;;Congojas, gol. Joven Luisa, pat. Vidal: con 1,000 sacos carbón.;;Joven Luisa;gol.;1892_11_29;Congojas
;;N/A: ;Gil;pat.;;Banes, gol. 2 Isabelas, pat. Gil: con 300 tercios tabaco.;;2 Isabelas;gol.;1892_11_29;Banes
;;N/A: ;Alemany;pat.;;Pta. Alegre, gol. J. Magdalena, pat. Alemany: con 200 sacos carbón.;;J. Magdalena;gol.;1892_11_29;Pta. Alegre
;;N/A: ;Forronda;pat.;;— S. Morena, gol. 3 Hermanas, pat. Forronda: con 800 sacos carbón.;;3 Hermanas;gol.;1892_11_29;S. Morena
;;N/A:  | N/A: ;Urrutibea;cap.;;De Caibarién, vapor Alava, cap. Urrutibea: con 2980 tercios tabaco y efectos.;;Alava;vap.;1892_12_01;Caibarién
Día 01:;;N/A:  | N/A: ;Yerus;cap.;;Guanes, vapor Praviano, cap. Yerus: con 600 tercios tabaco y efectos.;;Praviano;vapor;1892_12_01;Guanes
;;N/A:  | N/A: ;Real;cap.;;Malas Águas, vapor Tritón, cap. Real: con 500 tercios tabaco y efectos.;;Tritón;vap.;1892_12_01;
;;N/A:  | N/A: ;Pereda;cap.;;Sagara, vapor Adela, cap. Pereda, con 4 fardos carna y efectos.;;Adela;vapor;1892_12_01;
;;N/A: ;Bontempo;pat.;;San Cayetano, gta. Gallego, pat. Bontempo: con 600 sacos carbón.;;Gallego;gta.;1892_12_01;San Cayetano
;;N/A: ;Portella;pat.;;Arroyos, gta. Amable Rosita, pat. Portella, con 800 sacos carbón.;;Amable Rosita;gta.;1892_12_01;
;;N/A: ;Prats;pat.;;Dimas, gta. Dos Amigos, pat. Prats: con 800 sacos carbón.;;Dos Amigos;gta.;1892_12_01;
;;N/A: ;Alemany;pat.;;Berracón, gta. María Josefa, pat. Alemany: con 600 varas madera.;;María Josefa;gta.;1892_12_01;
;;N/A: ;Ferrer;pat.;;Dimas, gta. Isabel II, pat. Ferrer: con 600 sacos carbón.;;Isabel II;gta.;1892_12_01;
;;;Pujol;pat.;;Jaruco, gta. Inés, pat. Pujol: con efectos.;;Inés;gta.;1892_12_01;Jaruco
;;N/A: ;Barrera;pat.;;Santa Cruz, gta. Joven Manuel, pat. Barrera: con 150 fanegas maíz.;;Joven Manuel;gta.;1892_12_01;Santa Cruz
;;N/A: ;Vera;pat.;;Nuevitas, gta. Cárdenas, pat. Vera: con 400 rees.;;Cárdenas;gta.;1892_12_01;Nuevitas
;;N/A:  | N/A: ;Garcia;cap.;;De Caibarán, vapor Pedro Murias, cap. Garcia: con 800 tercios tabaco y efectos.;;Pedro Murias;vap.;1892_12_03;Caibarán
;;N/A:  | N/A: ;Pereira;pat.;;Carahalas, gol. Teresita, pat. Pereira: con 24 pi- pas aguardiente y efectos.;;Teresita;gol.;1892_12_03;Carahalas
;;N/A:  | N/A: ;Cuevas;pat.;;Cárdenas, gol. Angelita, pat. Cuevas: con 100 barriles azúcar y efectos.;;Angelita;gol.;1892_12_03;Cárdenas
;;N/A:  | N/A: ;Viallonga;pat.;;San Cayetano, gol. Carmiña, pat. Viallonga: con 50 pail y 200 quintales cáscara de mangle.;;Carmiña;gol.;1892_12_03;San Cayetano
;;N/A: ;Clar;pat.;;Morrillo, gol. Britania, pat. Clar: con 360 caba- llos leña.;;Britania;gol.;1892_12_03;Morrillo
;;N/A:  | N/A: ;Larragan;cap.;;De Sagua, vap. Clara, cap. Larragan: con 400 tercios tabaco y efectos.;;Clara;vap.;1892_12_04;Sagua
;;N/A:  | N/A: ;Enseñat;pat.;;— S. Morena, gol. Sofia, pat. Enseñat: con 98 sacos azúcar y efectos.;;Sofia;gol.;1892_12_04;S.
;;N/A:  | N/A: ;Torres;pat.;;— Baracoa, gol. Elva, pat. Torres: con 70,000 cocos y efectos.;;Elva;gol.;1892_12_04;Baracoa
;;N/A: ;;pat.;;— Cárdenas, gol. J. Pilar, pat. Alemania: con 25 pipas aguardiente.;Alemania;J. Pilar;gol.;1892_12_04;Cárdenas
;;N/A:  | N/A: ;Enseñat;pat.;;— Cárdenas, gol. Mª del Carmen, pat. Enseñat: con 600 barriles y 200 sacos azúcar.;;Mª del Carmen;gol.;1892_12_04;Cárdenas
;;N/A: ;Cabaleiro;pat.;;— Congona, gol. Rosita, pat. Cabaleiro: con 500 sacos carbón.;;Rosita;gol.;1892_12_04;Congona
Día null:;;N/A:  | N/A: ;Urrutibea;cap.;;De Caibarién, vapor Alava, cap. Urrutibea: con 1.100 tercios tabaco y efectos.;;Alava;vapor;1892_12_06;Caibarién
;;N/A:  | N/A: ;Marín;cap.;;Mantua, vapor Guanaguanico, cap. Marín: con 500 tercios tabaco y efectos.;;Guanaguanico;vapor;1892_12_06;Mantua
Día 01:;;N/A: ;Vera;pat.;;Nuevitas, gol. Cádenas, pat. Vera: con 400 reses.;;Cádenas;gol.;1892_12_06;Nuevitas
;;N/A: ;Mandígué;pat.;;Cárdenas, gol. Clio, pat. Mandígué, pat. Colón: con 50 piés guardante.;;Clio;gol.;1892_12_06;Cárdenas
Día 01:;;N/A: ;Colón;pat.;;Berracos, gol. Paquete de Sagua, pat. Colón: con 400 varas maderas.;;Paquete;gol.;1892_12_06;Sagua
;;N/A: ;Alemány;pat.;;Dimas, gol. Doloritas, pat. Alemány: con 600 sacas carbón.;;Doloritas;gol.;1892_12_06;
;;N/A:  | N/A: ;Padrón;pat.;;Congojas, gol. Joven Victoria, pat. Padrón: con 300 sacos earbón y 250 caballos leña.;;Joven Victoria;gol.;1892_12_06;Congojas
;;N/A:  | N/A: ;Real;cap.;;De Malas Aguas, vap. Tritón, cap. Real: con 700 tercios tabacos y efectos.;;Tritón;vap.;1892_12_08;Malas Aguas
;;N/A: ;Macia;pat.;;—Bujas, gol. San Francisco, pat. Macia: con 800 sacos carbón.;;San Francisco;gol.;1892_12_08;Bujas
;;N/A: ;Alemán;pat.;;—Sagua, gol. Cnba, pat. Alemán: con 1,000 sacos carbón.;;Cnba;gol.;1892_12_08;Sagua
;;N/A: ;Unamú;pat.;;—Sagua, gol. Rosita, pat. Unamú: con 50 estacas madera.;;Rosita;gol.;1892_12_08;Sagua
;;N/A:  | N/A:  | N/A: ;Moyans;pat.;;"—Baracoa; gol. Agüila, pat. Moyans: con 800 qtls. cáscara de manglé, 200 cajas jabón y efectos.";;Agüila;gol.;1892_12_08;Baracoa
;;N/A: ;Velga;pat.;;—Gibara, gol. 2ª Cantinera, pat. Velga: con 320 paños cedro.;;2ª Cantinera;gol.;1892_12_08;Gibara
;;;Alemán;pat.;;—S. Morena, gol. Matilde, pat. Alemán: con efectos.;;Matilde;gol.;1892_12_08;S. Morena
;;N/A: ;Sastre;pat.;;"—Marieí; gol. Altagracia, pat. Sastre: Lastre.";;Altagracia;gol.;1892_12_08;
;;N/A:  | N/A: ;García;cap.;;De Cataríbien, vapor Pedro Marías, cap. García: con 700 tercios tabacos y efectos.;;Pedro Marías;vap.;1892_12_10;Cataríbien
Día 01:;;N/A:  | N/A: ;Yerus;cap.;;Guanes, uap. Praviano, cap. Yerus: con 300 tercios tabaco y efectos.;;Praviano;uap.;1892_12_10;Guanes
;;N/A: ;Román;pat.;;Manaña, gta. Lince, pat. Román: con 700 sacos carbón.;;Lince;gta.;1892_12_10;Manaña
;;N/A: ;Beneján;pat.;;Mantua, gla. Margarita, pat. Beneján: con 700 sacos carbón.;;Margarita;gla.;1892_12_10;Mantua
Día 01:;;N/A:  | N/A: ;Zaragaza;pat.;;Bajas, gta. Anggelita, pat. Zaragaza: con 450 sacos carbón y 50 sacos cáscara mangle.;;Anggelita;gta.;1892_12_10;Bajas
;;N/A:  | N/A: ;Bosch;pat.;;Bajas, gta. Joren Gertrudis, pat. Bosch: con 700 tercios tabaco y efectos.;;Joren Gertrudis;gta.;1892_12_10;
;;N/A:  | N/A: ;Cantor;pat.;;Cárdenas, gla. Águila de Oro, pat. Cantor: con 100 pipas aguardiente y efectos.;;Águila de Oro;gla.;1892_12_10;Cárdenas
;;N/A:  | N/A: ;Larragín;cap.;;De Sagua, vapor Clara, cap. Larragín: con 250 tercios tabaco y efectos.;;Clara;vap.;1892_12_11;Sagua
;;N/A: ;Maranes;pat.;;Maríel, gol. María Magdalena, pat. Maranes: con 30 pipas aguardiente.;;María Magdalena;gol.;1892_12_11;
;;N/A: ;Ruiz;pat.;;Arroyos, gol. Tres Hermanas, pat. Ruiz: con 800 sacos carbón.;;Tres Hermanas;gol.;1892_12_11;Arroyos
;;N/A:  | N/A: ;Urrutibea;cap.;;De Caibaríes, vapor Alva, cap. Urrutibea: con 980 tercios tabaco y efectos.;;Alva;vap.;1892_12_13;Caibaríes
Día 01:;;N/A: ;Calafell;pat.;;Matanzas, gol. María Josefa, pat. Calafell: con 30 pipas aguardiente.;;María Josefa;gol.;1892_12_13;Matanzas
;;N/A: ;Pellicer;pat.;;Yaguará, gol. Crisálida, pat. Pellicer: con 90 paños madres.;;Crisálida;gol.;1892_12_13;Yaguará
;;;Pereira;pat.;;Carnatas, gol. Teresas, pat. Pereira: en lastre.;;Teresas;gol.;1892_12_13;
;;N/A:  | N/A: ;Valen;pat.;;Cárdenas, gta. Juan Toral, pat. Valen: con 100 barriles azúcar y 50 pipas aguardiente.;;Juan Toral;gta.;1892_12_13;Cárdenas
;;N/A:  | N/A: ;González;pat.;;Morríes, gol. Feliz, pat. González: con 200 cortes cama y 150 caballos leña.;;Feliz;gol.;1892_12_13;Morríes
;;N/A: ;Barrera;pat.;;Santa Cruz, gol. Joven Manuel, pat. Barrera: con 80 fanegas maíz.;;Joven Manuel;gol.;1892_12_13;Santa Cruz
;;N/A:  | N/A: ;Viñolas;cap.;;De Nuevas, vapor Mortera, cap. Viñolas: con 562 reses y efectos.;;Mortera;vap.;1892_12_15;Nuevas
;;N/A:  | N/A: ;Marín;cap.;;Mantua, vapor Guaniquanico, cap. Marín: con 500 tercios tabaco y efectos.;;Guaniquanico;vapor;1892_12_15;Mantua
;;N/A:  | N/A: ;Enseñat;pat.;;Sierra Morena, gta. Sofía, pat. Enseñat: con 151 sacos azúcar y efectos.;;Sofía;gta.;1892_12_15;
;;N/A:  | N/A: ;Freixas;pat.;;Cabanas, gta. Josefa, pat. Freixas: con 102 tercios tabacos y efectos.;;Josefa;gta.;1892_12_15;Cabanas
;;N/A: ;Zaragoza;pat.;;Cárdenas, gta. Isla de Cuba, pat. Zaragoza: con 100 pipas aguardiente.;Cuba;Isla de Cuba;gta.;1892_12_15;Cárdenas
;;N/A: ;Suárez;pat.;;Bahía Honda, gta. Rosa María, pat. Suárez: con 50 hocoyes miel.;;Rosa María;gta.;1892_12_15;Bahía Honda
Día 01:;;;Febrero;pat.;;Cárdenas, gta. Purísima Concepción, pat. Febrero: con efectos.;;Purísima Concepción;gta.;1892_12_15;Cárdenas
;;N/A:  | N/A: ;Real;cap.;;De Malaes Aguas, vapor Tritón, cap. Real: con 494 tercios tabaco y efectos.;;Tritón;vap.;1892_12_17;Malaes Aguas
;;N/A:  | N/A: ;García;cap.;;Caibarién, vapor Pedro Murias, cap. García: con 583 tercios tabaco y efectos.;;Pedro Murias;vapor;1892_12_17;Caibarién
;;N/A:  | N/A: ;Mas;pat.;;Baracoa, gol. Anita, pat. Mas: con 300,000 cocos y efectos.;;Anita;gol.;1892_12_17;Baracoa
;;N/A: ;Santana;pat.;;Santa María, gol. Joven Jaime, pat. Santana: con 1,000 sacos carbón.;;Joven Jaime;gol.;1892_12_17;
;;N/A:  | N/A:  | N/A: ;Cuevas;pat.;;"Cárdenas, gol. Angelita, pat. Cuevas: con 50 tercios tabaco; 50 pipas aguardiente y efectos.";;Angelita;gol.;1892_12_17;Cárdenas
;;N/A:  | N/A: ;Pérez;pat.;;Matanzas, gol. Amalia, pat. Pérez: con 80 pipas aguardiente y efectos.;;Amalia;gol.;1892_12_17;Matanzas
;;N/A:  | N/A: ;Espine;pat.;;Morriillo, gol. Joven Marcelino, pat. Espine: con 90 palos madera y 50 caballos leña.;;Joven Marcelino;gol.;1892_12_17;Morriillo
;;N/A: ;Alemán;pat.;;Dimas, gol. Mercedita, pat. Alemán: con 1,000 sacos carbón.;;Mercedita;gol.;1892_12_17;
;;N/A: ;Guinart;pat.;;Jaimanitas, gol. Ntra. Sra. de Regla, pat. Guinart: con 62 cantos.;;Ntra. Sra. de Regla;gol.;1892_12_17;Jaimanitas
;;N/A:  | N/A: ;Larragán;cap.;;De Sagua, vapor Clara, cap. Larragán: con 200 tercios tabaco y efectos.;;Clara;vap.;1892_12_18;Sagua
;;N/A: ;Marantes;pat.;;Maríel, gol. María Magdalena, pat. Marantes: en lastre.;;María Magdalena;gol.;1892_12_18;
;;N/A: ;Serra;pát.;;Arroyos, gol. Amalia, pát. Serra: con 800 sacos carbón.;;Amalia;gol.;1892_12_18;Arroyos
;;N/A: ;Clar;pat.;;Morrillo, gol. Britannia, pat. Clar: con 400 caballos de leña.;;Britannia;gol.;1892_12_18;Morrillo
;;N/A: ;Tur;pat.;;Playas de San Juan, gol. José Riera, pat. Tur: con 1.000 sacos carbón.;;José Riera;gol.;1892_12_18;Playas de San Juan
Día :;;N/A:  | N/A: ;Orbay;pat.;;Berracos, gol. Paquete de Nuevitas, pat. Orbay: con 150 enbalsos leña y efectos.;;Berracos;gol.;1892_12_18;Nuevitas
Día :;;N/A:  | N/A:  | N/A: ;Ginesia;cap.;;De Cuba, vapor San Juan, cap. Ginesia: con 68 pipas aguardiente: 100 sacos azúcar y efectos.;;San Juan;vapor;1892_12_20;Cuba
;;N/A: ;Larragán;cap.;;Sagun, vapor Clara, cap. Larragán: con 80 pipas aguardiente.;;Clara;vapor;1892_12_20;
;;N/A: ;Villalonga;pat.;;Banes, gol. Isabelita, pat. Villalonga: con 100 fanegas maiz.;;Isabelita;gol.;1892_12_20;Banes
Día null:;;N/A:  | N/A: ;Urrutibea;cap.;;De Cabarién, vapor Alaya, cap. Urrutibea: con 612 tercios tabaco y efectos.;;Alaya;vap.;1892_12_21;Cabarién
Día :;;N/A:  | N/A: ;Yeras;cap.;;— Gavas, vapor Praviane, cap. Yeras: con 720 tercios tabaco y efectos.;;Praviane;vap.;1892_12_21;Gavas
;;N/A: ;Vera;pat.;;— Nuevas, gol. Cárdenas, pat. Vera: con 40 reses.;;Cárdenas;gol.;1892_12_21;Nuevas
;;N/A: ;Ferrer;pat.;;— Matanzas, gol. María, pat. Ferrer: con 30 pipas aguardiente.;;María;gol.;1892_12_21;Matanzas
;;N/A:  | N/A: ;;pat.;;— Granadillo, gol. Sabás, pat. Tons: con 400 atravesas y 40 estacas.;;Sabás;gol.;1892_12_21;Granadillo
;;N/A: ;Alemany;pat.;;— Berracos, gol. María Josefa, pat. Alemany: con 30.000 pies maderas.;;María Josefa;gol.;1892_12_21;
;;N/A: ;Suárez;pat.;;— Bahía-Honda, gol. Rosa María, pat. Suárez: con 50 bocoyos miel.;;Rosa María;gol.;1892_12_21;Bahía-Honda
;;N/A: ;Real;cap.;;De Mala Aguas, vap. Tritón, cap. Real: con 250;;Tritón;vap.;1892_12_23;Mala Aguas
;;;Valent;pat.;;—Cárdenas, gol. Mª del Carmen, pat. Valent: con;;Mª del Carmen;gol.;1892_12_23;Cárdenas
;;N/A:  | N/A: ;Larragan;cap.;;De Sfgu, vapor Clara, capitán Larragan: con 500 tercios tabaco y efectos.;;Clara;vapor;1892_12_25;Sfgu
Día :;;N/A:  | N/A: ;García;cap.;;— Caibarién, vapor Pedro Murias, cap. García: con 625 tercios tabaco y efectos.;;Pedro Murias;vapor;1892_12_25;Caibarién
;;N/A:  | N/A: ;Vinolas;cap.;;— Nuevitas, vapor Mortera, cap. Vinolas: con 600 reses y efectos.;;Mortera;vapor;1892_12_25;Nuevitas
;;N/A: ;Marte;pat.;;— Playas de San Juan, gta. Esmeralda, pat. Marte: con 1500 sacos carbón.;;Esmeralda;gta.;1892_12_25;Playas de San Juan
;;N/A: ;Mandilgo;pat.;;— Cárdenas, gta. Clío, pat. Mandilgo: con 180 piás guardagente.;;Clío;gta.;1892_12_25;Cárdenas
Día XX:;;N/A:  | N/A: ;Urrutibea;cap.;;De Caibarién, vapor Alava, cap. Urrutibea: con 900 tercios tabaco y efectos.;;Alava;vapor;1892_12_28;Caibarién
;;N/A:  | N/A: ;Marín;cap.;;—Mantua, vapor Guanaguano, cap. Marín: con 360 tercios tabaco y efectos.;;Guanaguano;vapor;1892_12_28;Mantua
;;N/A: ;Cabaleiro;pat.;;De Congoa, gol. Rosita, pat. Cabaleiro: con 500 sacos carbón.;;Rosita;gol.;1892_12_29;Congoa
;;N/A: ;Rodríguez;pat.;;— Dimas, gol. Golondrina, pat. Rodríguez: con 600 sacos carbón.;;Golondrina;gol.;1892_12_29;
;;N/A: ;Prats;pat.;;— Dimas, gta. Dos Amigos, pat. Prats: con 800 sacos carbón.;;Dos Amigos;gta.;1892_12_29;
;;N/A:  | N/A: ;Castillo;pat.;;— Manzanillo, gta. Blanca, pat. Castillo: con 600 varas maderas y 260 postes telégrafo.;;Blanca;gta.;1892_12_29;Manzanillo
;;N/A: ;Espru;pat.;;— Morrillo, gol. Joven Marcelino, pat. Espru, con 400 caballos leña.;;Joven Marcelino;gol.;1892_12_29;Morrillo
