arrival_date;arrival_date_calc;cargo_list;crew_number;forced_arrival;master_name;master_role;parsed_text;passenger_account;publication_day;quarantine;raw_text;ship_flag;ship_name;ship_tons_capacity;ship_tons_unit;ship_type;source_file;travel_departure_port;travel_duration_unit;travel_duration_value
;;N/A: ;;;Sansón;cap.;;;;;-Segua, vapor Adela, cap. Sansón: con 28 tercios;;Adela;;;vapor;1894_01_03;;;
Día XX:;;N/A: ;;;Tió;pat.;;;;;-Cong jas, gol. Rosita, pat. Tió: con 800 sacos;;Rosita;;;gol.;1894_01_03;;;
;;N/A: ;;;Docal;pat.;;;;;-Bajas, gol. Carmita, pat. Docal: con 800 sacos;;Carmita;;;gol.;1894_01_03;;;
;;N/A:  | N/A:  | N/A: ;;;Mandilego;pat.;;;;;"-Cárdenas, gol. Clio, pat. Mandilego: con 280 barriles azúcar; 30 pipas aguardiente y efectos.";;Clio;;;gol.;1894_01_03;Cárdenas;;
Día :;;;;;Suárez;pat.;;;;;-Punta-Alegre, gol. Bella Catalina, pat. Suárez:;;Bella Catalina;;;gol.;1894_01_03;Punta-Alegre;;
Día :;;;;;Visquerra;pat.;;;;;-Jnimanitas, gol. Joven Pepilla, pat. Visquerra:;;Joven Pepilla;;;gol.;1894_01_03;Jnimanitas;;
;;;;;Enseñat;pat.;;;;;-Sierra Morena, gol. Emilia, pat. Enseñat: con;;Emilia;;;gol.;1894_01_03;Sierra Morena;;
;;N/A: ;;;Viñolas;cap.;;;;;-Nuevitas, vapor Mortera, cap. Viñolas: con 460;;Mortera;;;vapor;1894_01_05;Nuevitas;;
;;N/A: ;;;Estéban;pat.;;;;;-Tejas, gol. Vicenta, pat. Estéban: con 800 sacos;;Vicenta;;;gol.;1894_01_05;Tejas;;
;;;;;Barrera;pat.;;;;;-Santa Cruz, gol. Joven Manuel, pat. Barrera:;;Joven Manuel;;;gol.;1894_01_05;Santa Cruz;;
;;N/A: ;;;Berna-PuertoPadre;pat.;;;;;20 maiz. TIII con con -fanegas gol. Tres Hermanas, pat. Berna-PuertoPadre,;;Tres Hermanas;;;gol.;1894_01_05;;;
;;N/A:  | N/A: ;;;Cayuso;pat.;;;;;-Matanzas, gol. María, pat. Cayuso: con 40 bocoyes aguardiente y efectos.;;María;;;gol.;1894_01_05;Matanzas;;
Día 5:;;N/A: ;;;Enseñat;pat.;;;;;Día 5: De Sierra Morena, gol. Sofía, pat. Enseñat: con 50;;Sofía;;;gol.;1894_01_06;Sierra Morena;;
;;N/A: ;;;Ferrer;pat.;;;;;-Arroyos, gol. Isabel II, pat. Ferrer: con 600 sacos carbón.;;Isabel II;;;gol.;1894_01_06;Arroyos;;
;;;;;Fead;pat.;;;;;-Carahatas, gol. Tres Hermanas, pat. Fead: con;;Tres Hermanas;;;gol.;1894_01_06;Carahatas;;
;;N/A: ;;;Cuevas;pat.;;;;;-Cárdenas, gol. Angelita, pat. Cuevas: con 700;;Angelita;;;gol.;1894_01_06;Cárdenas;;
;;N/A: ;;;Sastre;pat.;;;;;-Mariel, gol. Altagracia, pat. Sastre: en lastre.;;Altagracia;;;gol.;1894_01_06;;;
Día 8:;;N/A: ;;;Real;cap.;;;;;Día 8: De Malas Aguas, vap. Tritón, cap. Real: con 900;;Tritón;;;vap.;1894_01_09;Malas Aguas;;
;;N/A: ;;;Ansuategui;cap.;;;;;-Caibarié, vap. Alava, cap. Ansuategui: con 893;;Alava;;;vap.;1894_01_09;Caibarié;;
;;N/A: ;;;Sanson;cap.;;;;;-Sagua, vap. Adela, cap. Sanson: con 150 pipas;;Adela;;;vap.;1894_01_09;Sagua;;
;;N/A: ;;;Román;pat.;;;;;-Mantua, gol. Lince, pat. Román: con 600 sacos;;Lince;;;gol.;1894_01_09;Mantua;;
Día 01:;;N/A:  | N/A: ;;;Mas;pat.;;;;;-Baracoa, gol. Anita, pat. Mas: 50,090 cocos, 30;;Anita;;;gol.;1894_01_09;Baracoa;;
;;N/A: ;;;More;pat.;;;;;-Nuevitas. lanchón Tinima, pat. More: con 404;;Tinima;;;lanchón;1894_01_09;Nuevitas;;
;;N/A: ;;;Pijaan;pat.;;;;;-Teja, gol. Castilla, pat Pijaan: con 1,000 sacos;;Castilla;;;gol.;1894_01_09;Teja;;
;;N/A: ;;;Pellicer;pat.;;;;;-Granadillo, gta. Pirigeo, pat. Pellicer: con 1800;;Pirigeo;;;gta.;1894_01_09;Granadillo;;
;;N/A: ;;;Jofre;pat.;;;;;-Sagua, gta. Candita, pat. Jofre: con 1000 sacos;;Candita;;;gta.;1894_01_09;Sagua;;
;;N/A: ;;;Orbay;pat.;;;;;-Muiata, Paque de Nuevitss, pat. Orbay: con 110;;Nuevitss;;;Paq.;1894_01_09;Muiata;;
;;N/A: ;;;González;pat.;;;;;-Morrillo, gta. Feliz, pat. González: con 30 bocoyes miel.;;Feliz;;;gta.;1894_01_09;Morrillo;;
;;;;;;;;;;;-Mariel, gol. Dominica, pat. Bosch: en lastre. Jaruco, gol. Paquete de Jaruco, pat. Pastor: con 80 fanegas maiz y efectos. -Nuevitas, vapor Cosme de Herrera, cap, Viñolas con 150 reses y efectes. -Puerto-Padre, gol. Paquete de Sagua, pat. Colón: con 500 atravesaños y 126 palos cedro.;;;;;;1894_01_10;;;
Día 9:;;;;;Esterellas;pat.;;;;;Día 9: De Gibara, gol. Paquete de Gibara, pat. Esterellas:;;Paquete de Gibara;;;gol.;1894_01_10;Gibara;;
;;;;;Marantes;pat.;;;;;Mariel, gol. María Magdalena, pat. Marantes: en;;María Magdalena;;;gol.;1894_01_10;;;
;;;;;Porcel;pat.;;;;;-Santa Cruz, gol. Amado Antonio, pat. Porcel;;Amado Antonio;;;gol.;1894_01_10;Santa Cruz;;
Día 11:;;N/A:  | N/A: ;;;Zaragoza;pat.;;;;;Día 11: De Bajas, gol. Angelita, pat. Zaragoza: con 300 sacos carbón y 200 quintales cáscara de mangle.;;Angelita;;;gol.;1894_01_12;Bajas;;
;;;;;Deulofeu;pat.;;;;;-Cabañas, gol. Trafalgar, pat. Deulofeu: en lastre;;Trafalgar;;;gol.;1894_01_12;Cabañas;;
;;N/A: ;;;Planas;pat.;;;;;-Mulata, gol. Dolores, pat. Planas: con 400 sacos;;Dolores;;;gol.;1894_01_12;;;
;;N/A: ;;;Suárez;pat.;;;;;-Punta Alegre, gol. Unica de Coyanca, pat. Suárez: con 900 atravesaños.;;Unica de Coyanca;;;gol.;1894_01_12;Punta Alegre;;
;;N/A: ;;;Vera;pat.;;;;;-Cárdenas, lanchón Cárdenas, pat. Vera: con 800;;Cárdenas;;;lanchón;1894_01_12;Cárdenas;;
;;;;;Inclán;pat.;;;;;-Cabañas, gol. Caballo Marino, pat. Inclán: en;;Caballo Marino;;;gol.;1894_01_12;Cabañas;;
;;N/A: ;;;Mayans;pat.;;;;;-Baracoa, gol. Unión, pat, Mayans: con 3,000 cajas de petróleo.;;Unión;;;gol.;1894_01_12;Baracoa;;
;;;;;Fead;pat.;;;;;-Carahatas, gol. Tres Hermanas, pat. Fead: con;;Tres Hermanas;;;gol.;1894_01_17;Carahatas;;
;;;;;Espino;pat.;;;;;Morrillo, gol. Joven Marceliuo, pat. Espino: con;esp.;Joven Marceliuo;;;gol.;1894_01_17;;;
;;N/A: ;;;Jofre;pat.;;;;;-Sagua, gol. Candíta, pat. Jofre: con 1.000 sacos;;Candíta;;;gol.;1894_01_17;Sagua;;
;;;;;Cabaleiro;pat.;;;;;Congojas, gol. María Andrea, pat. Cabaleiro:;;María Andrea;;;gol.;1894_01_17;Congojas;;
;;N/A: ;;;Real;cap.;;;;;-Malaa-Aguas, vapor Tritón, cap. Real: con 1440;;Tritón;;;vap.;1894_01_19;Malaa-Aguas;;
;;;;;Padrón;pat.;;;;;-Congojas, gol. Joved Victoria, pat. Padrón: con;;Joved Victoria;;;gol.;1894_01_19;Congojas;;
;;;;;Gil;pat.;;;;;-Banes, gol. Josefa, pat. Gil: en lastre.;;Josefa;;;gol.;1894_01_19;Banes;;
;;N/A: ;;;Pujol;pat.;;;;;Jaruco, gol. Inés, pat. Pujol: con 250 caballos;;Inés;;;gol.;1894_01_19;Jaruco;;
Día 01:;;N/A:  | N/A: ;;;Cayuso;pat.;;;;;-Matanzas, gol. Amalia, pat. Cayuso: con 30 pipas aguardiente y efectos.;;Amalia;;;gol.;1894_01_19;Matanzas;;
Día 20:;;N/A: ;;;Vaca;cap.;;;;;"Día 20: De Nuevitas, vapor Julia, cap. Vaca: con 300 reses;";;Julia;;;vap.;1894_01_21;Nuevitas;;
;;N/A: ;;;Sansón;cap.;;;;;-Sagua, vapor Clara, cap. Sansón: con 430 tercios;;Clara;;;vapor;1894_01_21;Sagua;;
;;N/A:  | N/A: ;;;Mas;pat.;;;;;-Nuevitas, lanchón Tínima, pat. Mas: con 475 reses y efectos.;;Tínima;;;lanchón;1894_01_21;Nuevitas;;
;;N/A:  | N/A: ;;;Sastre;pat.;;;;;"-Mariel, gol. Altagracia, pat. Sastre: con 218 sacos azúcar; y 20 bocoyes miel";;Altagracia;;;gol.;1894_01_21;;;
;;;;;Cantero;pat.;;;;;-Cárdenas, gol. Aguila de Oro, pat. Cantero: con;;Aguila de Oro;;;gol.;1894_01_21;Cárdenas;;
;;N/A: ;;;Vidal;pat.;;;;;-Congojas, gol. Joven Luisa, pat. Vidal: con 800;;Joven Luisa;;;gol.;1894_01_21;Congojas;;
;;N/A: ;;;Rigó;pat.;;;;;-Cabañas, gol. Condor, pat. Rigó: con 68) sacos;;Condor;;;gol.;1894_01_23;Cabañas;;
;;N/A: ;;;Serra;pat.;;;;;Arroyos, gol. Amalia, pat. Serra: con 800 sacos;;Amalia;;;gol.;1894_01_23;Arroyos;;
;;N/A: ;;;Mandilego;pat.;;;;;-Cárdenas, gol. Clío, pat. Mandilego: con 500;;Clío;;;gol.;1894_01_23;Cárdenas;;
;;N/A: ;;;Inclán;pat.;;;;;abañas, gol. Joven Pilar, pat. Inclán: con 20;;Joven Pilar;;;gol.;1894_01_23;;;
;;;;;Gil;pat.;;;;;-Banes, gol. Josefa, pat. Gil: en lastre.;;Josefa;;;gol.;1894_01_23;Banes;;
;;N/A: ;;;González;pat.;;;;;-Bahía-Honda, gol. Feliz, pat. González: con 341;;Feliz;;;gol.;1894_01_23;Bahía-Honda;;
;;N/A: ;;;Real;cap.;;;;;-M. las Aguas, vapor Tritón, cap. Real: con 300;;Tritón;;;vapor;1894_01_25;las Aguas;;
;;N/A: ;;;Marantes;pat.;;;;;-Dominica, gta. María Magdalena, pat. Marantes: con 400 sacos azúcar.;;María Magdalena;;;gta.;1894_01_25;Dominica;;
;;N/A: ;;;Padrón;pat.;;;;;Uveros, gta. América, pat. Padrón: con 1000 sacos carbón.;;América;;;gta.;1894_01_25;Uveros;;
Día XX:;;;;;Tuy;pat.;;;;;Margajitas, gol. Paquete de Nuevitas, pat. Tuy:;;Paquete;;;gol.;1894_01_25;Nuevitas;;
;;N/A: ;;;Torres;pat.;;;;;-B. Honda, gol. Mercedita, pat. Torres: con 340;;Mercedita;;;gol.;1894_01_25;Honda;;
;;N/A: ;;;Bosch;pat.;;;;;-Dominiea, gol. Dominica, pat. Bosch: con 333;;Dominica;;;gol.;1894_01_25;Dominiea;;
;;N/A: ;;;Alemañy;pat.;;;;;-Dimas, gol. Mercedita, pat. Alemañy: con 1,000;;Mercedita;;;gol.;1894_01_25;Dimas;;
;;N/A: ;;;Lee;pat.;;;;;-Congojas, gol. Rosits, pat. Lee: con 500 sacos;;Rosits;;;gol.;1894_01_25;Congojas;;
;;N/A: ;;;Mayans;pat.;;;;;-Playas de San Juan, gol. 2 Gertrudis, pat. Mayans: con 1,000 sacos carbón.;;2 Gertrudis;;;gol.;1894_01_25;Playas de San Juan;;
;;;;;Alemán;pat.;;;;;Granadillo, gol. Ignacia Alemán, pat. Mir: con;;Ignacia;;;gol.;1894_01_25;Granadillo;;
Día 31:;;N/A: ;;;Real;cap.;;;;;Día 31: De Malas-Aguas, vapor Tritóu, cap. Real: con 612;;Tritóu;;;vapor;1894_02_01;Malas-Aguas;;
Día :;;N/A:  | N/A:  | N/A: ;;;Suao;pat.;;;;;"-Gibara, gol. Moralidad, pat. Suao: con 214 tercios tabaco; 800 atravesaños; 300 sacos catbón;";;Moralidad;;;gol.;1894_02_01;Gibara;;
;;;;;Santana;pat.;;;;;-Santa María, gol. Joven Jaime. pat. Santana:;;Joven Jaime;;;gol.;1894_02_01;;;
;;N/A: ;;;Alemany;pat.;;;;;-Carahatas, gol. Teresita, pat. Alemany: con 1000;;Teresita;;;gol.;1894_02_01;Carahatas;;
;;;;;Ber;pat.;;;;;Me 5: Para Puerto-Padre, gol. Trs Hermanas, pat. Ber;;Trs Hermanas;;;gol.;1894_02_06;Puerto-Padre;;
;;;;;Tió;pat.;;;;;Congojas, gol. Rosita. pat. Tió: con efectos.;;Rosita;;;gol.;1894_02_06;Congojas;;
Día 6:;;;;;Marantes;pat.;;;;;Día 6: Para Mariel, gol. María Magdalena, pat. Marantes:;;María Magdalena;;;gol.;1894_02_07;Mariel;;
Día 01:;;;;;Zaragoza;pat.;;;;;Bajas, gol. Angelita, pat. Zaragoza: con efectos.;;Angelita;;;gol.;1894_02_07;Bajas;;
Día :;;;;;Esterellas;pat.;;;;;-Gibara, gol. Expreso de Gibara, pat. Esterellas:;;Expreso de Gibara;;;gol.;1894_02_07;Gibara;;
;;;;;Ferrer;pat.;;;;;-Dimas, gol. Isabel II. pat. Ferrer: con efectos.;;Isabel II;;;gol.;1894_02_07;Dimas;;
;;;;;Alemany;pat.;;;;;-Sierra Morena, gol. Matilde, pat. Alemany: con;;Matilde;;;gol.;1894_02_07;Sierra Morena;;
Día 07:;;;;;Beneján;pat.;;;;;Dis 7: Para Guanes, gol. Margarita, pat Beneján: con efectos;;Margarita;;;gol.;1894_02_08;Guanes;;
;;;;;Cabruja;pat.;;;;;- Congojas, gol 2 Rosa, pat. Cabruja: con efectos;;Rosa;;;gol;1894_02_08;Congojas;;
Día 9:;;;;;Sastre;pat.;;;;;Día 9: Para Mariel, gol. Altagracia, pat. Sastre: con efectos;;Altagracia;;;gol.;1894_02_10;Mariel;;
;;;;;Vives;pat.;;;;;-Dimas, gol. Hermosa Guanera, pat. Vives: con;;Hermosa Guanera;;;gol.;1894_02_10;Dimas;;
;;;;;Valent;pat.;;;;;-Cárdenas, gol. María del Carmen, pat. Valent:;;María del Carmen;;;gol.;1894_02_10;Cárdenas;;
;;;;;Blanco;pat.;;;;;-Bahía-Honda, gol. Joven Magdalena, pat. Blanco: con efectos.;;Joven Magdalena;;;gol.;1894_02_10;Bahía-Honda;;
;;;;;Marantes;pat.;;;;;-Mariel, gol. María Magdalena, pat. Marantes:;;María Magdalena;;;gol.;1894_02_10;;;
Día 12:;null;;;;Marantes;pat.;;;null;;Ma 12: Para Mariel, gol. María Magdalena, pat. Marantes:;;María Magdalena;;;gol.;1894_02_13;Mariel;;
;;;;;Padrón;pat.;;;;;-Santa María, gol. América, pat. Padrón: con efectos.;;América;;;gol.;1894_02_13;Santa María;;
;;;;;Gil;pat.;;;;;-Banes, gol. Josefa, pat. Gil: con efectos.;;Josefa;;;gol.;1894_02_13;Banes;;
;;;;;Gil;pat.;;;;;-Banes, gol. Dos Isabeles, pat. Gil: con efectos.;;Dos Isabeles;;;gol.;1894_02_13;Banes;;
;;;;;Espino;pat.;;;;;-Morrillo, gol. Joven Marcelino, pat. Espino: con;esp.;Joven Marcelino;;;gol.;1894_02_13;Morrillo;;
Día 01:;;;;;Suárez;pat.;;;;;Cabañas, gol. Unica de Coyanca, pat. Suárez:;;Unica;;;gol.;1894_02_13;Coyanca;;
;;;;;Bosch;pat.;;;;;-Dominica, gol. Dominica, pat. Bosch: con efectos.;;Dominica;;;gol.;1894_02_13;Dominica;;
;;;;;Sastre;pat.;;;;;-Mariel, gol. Altagracia, pat. Sastre: con efectos.;;Altagracia;;;gol.;1894_02_13;;;
Día 13:;;;;;Mateu;pat.;;;;;Día 13: Para Margagitas, gol. Esmeralda, pat. Mateu: con;;Esmeralda;;;gol.;1894_02_14;Margagitas;;
;;;;;Zaragoza;pat.;;;;;-Cárdenas, gol. Isla de Cuba, pat. Zaragoza: con;;Isla de Cuba;;;gol.;1894_02_14;Cárdenas;;
Día :;;;;;Calafell;pat.;;;;;-Matanzas, gol. Maria Josefa, pat. Calafell: con;;Maria Josefa;;;gol.;1894_02_14;Matanzas;;
;;;;;Mas;pat.;;;;;-Nuevitas, lanchón Tínima, pat. Mas: con efectos.;;Tínima;;;lanchón;1894_02_14;Nuevitas;;
;;;;;Tortell;pat.;;;;;-Cabañas, gol. Victoria, pat. Tortell: con efectos.;;Victoria;;;gol.;1894_02_14;Cabañas;;
;;;;;Deulofeu;pat.;;;;;-Mariel, gol. Joven Miguel, pat. Deulofeu: con;;Joven Miguel;;;gol.;1894_02_14;;;
;;;;;Ferrer;pat.;;;;;-Cárdenas, gol. Purísima Concepción, pat. Ferrer: eon efectos.;;Purísima Concepción;;;gol.;1894_02_14;Cárdenas;;
;;;;;Alemany;pat.;;;;;-Puerto Escondido, gol. Victoria, pat. Alemany:;;Victoria;;;gol.;1894_02_14;Puerto Escondido;;
;;;;;Padrón;pat.;;;;;-Congojos, gol. Joven Luisa, pat. Padrón: con;;Joven Luisa;;;gol.;1894_02_14;Congojos;;
;;;;;Enseñat;pat.;;;;;-Sierra Morena, gol. Emilia, pat. Enseñat: con;;Emilia;;;gol.;1894_02_18;Sierra Morena;;
;;;;;Gil;pat.;;;;;Banes, gol. Josefa, pat. Gil: con efectos. Congejas, gol. Maria Andrea, pat. Cabaleiro: con efectos. Nuevitas, gol. Emilia, pat. Vázquez: con efectos;;Josefa;;;gol.;1894_02_18;Banes;;
;;;;;Visquerra;pat.;;;;;-Cárdenas, gol. Yumuri, pat. Visquerra: con efectos.;;Yumuri;;;gol.;1894_02_18;Cárdenas;;
;;;;;Riera;pat.;;;;;-Cárdenas, gol. Emma, pat. Riera: efectos.;;Emma;;;gol.;1894_02_18;Cárdenas;;
;;;;;Fead;pat.;;;;;-Carahatas, gol. Tres Hermanas, pat. Fead: con;;Tres Hermanas;;;gol.;1894_02_18;Carahatas;;
;;;;;Barrera;pat.;;;;;-Sauta Cruz, gol. Joven Manuel, pat. Barrera:;;Joven Manuel;;;gol.;1894_02_18;Sauta Cruz;;
;;;;;Pastor;pat.;;;;;Jaruco, gol. Amado Antonio, pat. Pastor: con;;Amado Antonio;;;gol.;1894_02_18;Jaruco;;
Día 19:;null;;;;Portella;pat.;;;null;;Dis 19: Para Arroyos, gol. Amable Rosita, pat. Portella: con;;Amable Rosita;;;gol.;1894_02_20;Arroyos;;
;;;;;Espino;pat.;;;;;Morrillo, gol. Joven Marcelino, pat. Espino: con;esp.;Joven Marcelino;;;gol.;1894_02_20;Morrillo;;
;;;;;Sánchez;pat.;;;;;-Banes, paquete Garnacha, pat. Sánchez: con efectos.;;Garnacha;;;paquete;1894_02_20;Banes;;
;;;;;Gil;pat.;;;;;Banes, gol. Dos Isabeles, pat. Gil: con efectos.;;Dos Isabeles;;;gol.;1894_02_20;Banes;;
;;;;;Alemany;pat.;;;;;-Berracos, gol. María del Carmen, pat. Alemany:;;María del Carmen;;;gol.;1894_02_20;Berracos;;
;;;;;Tortell;pat.;;;;;-Cabañas, gol, Victoria, pat. Tortell: con efectos.;;Victoria;;;gol;1894_02_20;Cabañas;;
;;;;;Tortell;pat.;;;;;Cabañas, gol. J. Pilar, pat. Tortell: cou efectos.;;J. Pilar;;;gol.;1894_02_20;Cabañas;;
Día 20:;;;;;Palmer;pat.;;;;;Dia 20: Para Mariel, gol. Joven Gertrúdis, pat. Palmer: con;;Joven Gertrúdis;;;gol.;1894_02_21;Mariel;;
;;;;;Pellicer;pat.;;;;;--Cárdenas, gol. Crisálida, pat. Pellicer: con eefectos.;;Crisálida;;;gol.;1894_02_21;Cárdenas;;
;;;;;Pujol;pat.;;;;;-Cabañas, gol. Nuevo Hilario, pat. Pujol: con;;Nuevo Hilario;;;gol.;1894_02_21;Cabañas;;
;;;;;Sastre;pat.;;;;;Mariel, gol. Altagracia, pat. Sastre: con efectos.;;Altagracia;;;gol.;1894_02_21;;;
;;;;;Bosch;pat.;;;;;-Dominica, gta. Daminica, pat. Bosch: con idem.;;Daminica;;;gta.;1894_02_21;Dominica;;
;;;;;Freixas;pat.;;;;;-Cabañas, gta. Josefa, pat. Freixas: con idem.;;Josefa;;;gta.;1894_02_21;Cabañas;;
;;;;;Mir;pat.;;;;;-Granadille, gol. Ignacia Alemán, pat. Mir: con;;Ignacia;;;gol.;1894_02_21;Granadille;;
Día 21:;;N/A:  | N/A: ;;;Juan;pat.;;;;;Día 21: Para Cabañas, gol. Elva, pat. Juan: con efectos. --Mantua, gol. Lince, pat. Román: con efectos.;;Elva;;;gol.;1894_02_22;Cabañas;;
Día 22:;;N/A: ;;;Serra;pat.;;;;;Día 22: Para Gabañas, gol. Amalia, pat. Serra: con efectos.;;Amalia;;;gol.;1894_02_23;Gabañas;;
;;;;;Tortell;pat.;;;;;"-Cabañas, gol. Vistoria, pat. Tortell ; con efectos .";;Vistoria;;;gol.;1894_02_23;Cabañas;;
;;;;;Orbay;pat.;;;;;-Morrillo, gol. Paquete de Nuevitas,  pat. Orbay .;;Paquete;;;gol.;1894_02_23;Nuevitas;;
;;;;;González;pat.;;;;;-Morrillo, gol. Feliz, pat. González: con efectos.;;Feliz;;;gol.;1894_02_23;Morrillo;;
;;;;;Gil;pat.;;;;;-Banes, gol. Dos Isabeles, pat. Gil : con efectos .;;Dos Isabeles;;;gol.;1894_02_23;Banes;;
;;;;;Freixas;pat.;;;;;-Cárdenas, gol. Joven Pilar, pat . Freixas con  efectos.;;Joven Pilar;;;gol.;1894_02_23;Cárdenas;;
Día 24:;null;N/A: ;;;Ansuategui;cap.;;;null;;Dis 24: De Sagua, vapor Adela, cap. Ansuategui: con 1,600;;Adela;;;vapor;1894_02_25;Sagua;;
;;N/A: ;;;Rigó;pat.;;;;;-Cabañas, gol. Condor, pat Rigó: con 789 sacos;;Condor;;;gol.;1894_02_25;Cabañas;;
;;N/A:  | N/A: ;;;Marante;pat.;;;;;-Dominica, gol. María Magdalena, pat. Marantes: con 200 sacos azúcar y 40 bocoyes miel.;;María Magdalena;;;gol.;1894_02_25;Dominica;;
;;N/A: ;;;Dauza;pat.;;;;;-Baracoa, gol. Fortuna, pat. Dauza: oon 90 palos;;Fortuna;;;gol.;1894_02_25;Baracoa;;
Día :;;N/A: ;;;Tió;pat.;;;;;"madera; 50,000 cocos y efectos. --Congojas, gol. Rosita, pat. Tió: con 500 sacos";;Rosita;;;gol.;1894_02_25;Congojas;;
;;N/A: ;;;Cabruja;pat.;;;;;-Punta Juan, gol. 2ª Rosa, pat. Cabruja: con 1000;;2ª Rosa;;;gol.;1894_02_25;Punta Juan;;
;;;;;Valent;pat.;;;;;-Cárdenas, gol. María del Carmen, pat. Valent:;;María del Carmen;;;gol.;1894_02_25;Cárdenas;;
;;N/A: ;;;Ferrer;pat.;;;;;-Cárdenas, gol. Purísima Concepción, pat. Ferrer con 2,0000 sacos azúcar.;;Purísima Concepción;;;gol.;1894_02_25;Cárdenas;;
;;;;;Gomila;pat.;;;;;-Caibarién, gol. Joven Miguel, pat. Gomila: con;;Joven Miguel;;;gol.;1894_02_25;Caibarién;;
;;N/A: ;;;Ruiz;pat;;;;;026: De B. Honda, gol. Mercedita, pat, Ruiz: con 500 sacos azúcar.;;Mercedita;;;gol.;1894_02_27;B. Honda;;
;;;;;Palmer;pat.;;;;;-Mariel, gol. Jóven Gertrúdis, pat. Palmer: con;;Jóven Gertrúdis;;;gol.;1894_02_27;;;
;;N/A: ;;;Benejan;pat.;;;;;-Guanes, gol. Margarita, pat. Benejan: con 500;;Margarita;;;gol.;1894_02_27;Guanes;;
;;N/A: ;;;Prats;pat.;;;;;-Dimas, gol. Dos Amigos, pat. Prats: con 800 sacos carbón.;;Dos Amigos;;;gol.;1894_02_27;Dimas;;
;;;;;Vives;pat.;;;;;Dimas, gol. Hermosa Gucnesa, pat. Vives: con;;Hermosa Gucnesa;;;gol.;1894_02_27;;;
Día :;;N/A:  | N/A: ;;;Zaragoza;pat.;;;;;-Bajas, gol. Angelita, pat. Zaragoza: con 400 sacos carbón y efectos.;;Angelita;;;gol.;1894_02_27;;;
;;N/A: ;;;González;pat.;;;;;-Morrillo, gol. Feliz, pat. González: con 300 sacos azúcar.;;Feliz;;;gol.;1894_02_27;Morrillo;;
;;N/A: ;;;Bontempo;pat.;;;;;-Bajas, gol. Gallego, pat. Bontempo: 800 sacos;;Gallego;;;gol.;1894_02_27;;;
Día 27:;;N/A:  | N/A:  | N/A:  | N/A: ;;;Viñolas;cap.;;;;;Día 27: De Gibara, vap. Mortera, cap. Viñolas: con 5700 sacos azúcar, 300 reses, 190 bocoyes miel y efectos. - -Caibarien, vap. Alava, cap. Ansuátegui: con 200;;Mortera;;;vap.;1894_02_28;Gibara;;
;;N/A: ;;;Sastre;pat.;;;;;-Canasi, gta. Josefina, pat. Sastre: con 440 sacos;;Josefina;;;gta.;1894_02_28;Canasi;;
;;N/A: ;;;Sastre;pat.;;;;;Mariel, gta. Altagracia, pat. Sastre: con 530 sacos azúcar.;;Altagracia;;;gta.;1894_02_28;;;
;;N/A: ;;;Tortell;pat.;;;;;"-Cabañas, gta. Victoria, pat. Tortell; con 800 83cos azúcar.";;Victoria;;;gta.;1894_02_28;Cabañas;;
;;N/A: ;;;Blanco;pat.;;;;;-Bahía Honda, gta. Jeven Magdalena, pat. Blanco: con 800 sacos azúcar.;;Jeven Magdalena;;;gta.;1894_02_28;Bahía Honda;;
;;N/A: ;;;Bosch;pat.;;;;;-Dominica, hta. Dominica, pat. Bosch: con 330;;Dominica;;;hta.;1894_02_28;Dominica;;
;;N/A:  | N/A: ;;;Sánchez;pat.;;;;;-Cabañas, gta. Josefa, pat. Sánchez: con 400 sacos azúcar y 46 bocoyes miel.;;Josefa;;;gta.;1894_02_28;Cabañas;;
;;;;;Freixas;pat.;;;;;-Cabañas, gta. Joven Pilar, pat. Freixas: con SCO;;Joven Pilar;;;gta.;1894_02_28;Cabañas;;
Día 19:;;N/A: ;;;Real;cap.;;;;;Dia 19: De Malas-Aguas, vapor Tritón, cap. Real: con 771;;Tritón;;;vapor;1894_03_02;Malas-Aguas;;
;;N/A:  | N/A:  | N/A: ;;;Larragán;cap.;;;;;-Sagua, vapor Clara, cap. Larragán: con 888 sacos azúcar: 50 reses y efectos. - -Mantua, vapor Guaniguanico, eap. Marín: con;;Clara;;;vapor;1894_03_02;Sagua;;
;;N/A: ;;;Juan;pat.;;;;;-Cabañas, gol. Elva, pat. Juan: con 423 sacos;;Elva;;;gol.;1894_03_02;Cabañas;;
Día 01:;;;;;Suárez;pat.;;;;;-Cabañas, gol. Unica de Coyanca, pat. Suárez:;;Unica;;;gol.;1894_03_02;Cabañas;;
;;N/A: ;;;Sastre;pat.;;;;;-Mariel, gol. Altagracia, pat. Sastre: con 530 sacos azúcar.;;Altagracia;;;gol.;1894_03_02;Mariel;;
;;;;;Zaragoza;pat.;;;;;-Cárdenas, gol. Isla de Cuba, pat. Zaragoza: con;;Isla de Cuba;;;gol.;1894_03_02;Cárdenas;;
;;;;;Barrera;pat.;;;;;-Santa Cruz, gol. Joven Manuel, pat. Barrera:;;Joven Manuel;;;gol.;1894_03_02;Santa Cruz;;
;;N/A: ;;;González;pat.;;;;;-Morrillo, gol. Feliz, pat. González: con 300 sacos;;Feliz;;;gol.;1894_03_02;Morrillo;;
;;N/A: ;;;Gil;pat.;;;;;-Banes, gol. Dos Isabeles, pat. Gil: con 500 sacos;;Dos Isabeles;;;gol.;1894_03_02;Banes;;
;;N/A: ;;;Alemany;pat.;;;;;-San Cayetano, gol. María del Carmen, pat. Alemany: con 400 varas maderas.;;María del Carmen;;;gol.;1894_03_02;San Cayetano;;
;;;;;Marante;pat.;;;;;-Dominica, gol. María Magdalena, pat. Marantes:;;María Magdalena;;;gol.;1894_03_03;Dominica;;
;;;;;Padrón;pat.;;;;;-Congojas, gol. Joven Luisa, pat. Padrón: con;;Joven Luisa;;;gol.;1894_03_03;Congojas;;
;;N/A: ;;;Mas;pat.;;;;;-Nuevitas, lanchón Tímima, pat. Mas: con 450;;Tímima;;;lanchón;1894_03_03;Nuevitas;;
;;;;;Espino;pat.;;;;;-Morrillo, gol. Joven Marcelino, pat. Espino: coh;esp.;Joven Marcelino;;;gol.;1894_03_03;Morrillo;;
;;N/A: ;;;Inclán;pat.;;;;;500 sacos azúcar. -Cabañas, gol. Caballo Marino, pat. Inclán: con;;Caballo Marino;;;gol.;1894_03_03;Cabañas;;
;;;;;Barrera;pat.;;;;;-Santa Cruz, gol. Joven Manuel, pat. Barrera:;;Joven Manuel;;;gol.;1894_03_03;Santa Cruz;;
Día 8:;;N/A: ;;;Sansón;cap.;;;;;"Día 8: De Sagua, vapor Adela, cap. Sansón; con 574 sRCOS";;Adela;;;vap.;1894_03_06;Sagua;;
;;;;;Pastor;pat.;;;;;-Jaruco, gol. Amado Antonio, pat. Pastor: con;;Amado Antonio;;;gol.;1894_03_06;Jaruco;;
Día :;;;;;Estarellas;pat.;;;;;-Gibara, gol. Expreso de Gibara, pat. Estarellas:;;Expreso de Gibara;;;gol.;1894_03_06;Gibara;;
;;N/A: ;;;Pellicer;pat;;;;;-Cárdenas, gol. Crisá ida, pat Pellicer: con 800;;Crisá;;;gol.;1894_03_06;Cárdenas;;
;;;;;Cantero;pat.;;;;;Cárdenas. gol. Aguila de Oro, pat. Cantero: con;;Aguila de Oro;;;gol.;1894_03_06;Cárdenas;;
;;N/A: ;;;Sastre;pat.;;;;;Mariel, gol. Altagracia, pat. Sastre: con 530 sacos azúcar. - -Dimas, gol. Hermosa Guanera, pat. Viols: con;;Altagracia;;;gol.;1894_03_06;;;
;;;;;Enseñat;pat.;;;;;-Sierra Morena, gol. Sofía, pat. Enseñat: en lastre.;;Sofía;;;gol.;1894_03_06;Sierra Morena;;
;;;;;Mir;pat.;;;;;-Granadillo, gol. Ignacia Alemán. pat. Mir: con;;Ignacia;;;gol.;1894_03_06;Granadillo;;
Día :;;;;;Orbay;pat.;;;;;-Morrillo, gol. Paquete de Nuevitas, pat. Orbay:;;Paquete;;;gol.;1894_03_06;Nuevitas;;
;;N/A: ;;;Gil;pat.;;;;;-Banes, gol. Dos Isabeles, pat. Gil: con 550 sacos;;Dos Isabeles;;;gol.;1894_03_06;Banes;;
Día 7:;;N/A: ;;;Real;cap.;;;;;Dis 7: De Malas-Aguas, vapor Tritón, cap. Real: con 620;;Tritón;;;vapor;1894_03_08;Malas-Aguas;;
;;N/A: ;;;Rigó;pat.;;;;;Cabañas, gol. Condor, pat. Rigó: con 789 sacos;;Condor;;;gol.;1894_03_08;Cabañas;;
;;N/A: ;;;Bosch;pat.;;;;;-Dominica, gol. Dominica, pat. Bosch: con 330;;Dominica;;;gol.;1894_03_08;Dominica;;
;;N/A: ;;;Gil;pat.;;;;;-Banes, gol. Josefa, pat. Gil: con 300 sacos azúcar. -Babía-Honda, gol. Joven Magdalena, pat. Blanco: con 800 sacos azúcar. -Morrillo, gol. Feliz, pat. González: con 300 sacos azúcar. Cabañas, gol. Victoria, pat. Tortell: con 800 sacos azúcar. -Ortigosa. gol. Doloritas, pat. Colomar: con 440 sacos azúcar. -Jaruco, gol. Paquete de Garnacha, pat. Alemany: con 40 bocoyes miel. -Playas de San Juan, gol. Pirineo, pat. Pellicer: con 2,000 sacos carbón. -Morrillo, gol. Joven Marcelino, pat, Espino: con 400 sacos azúcar y efectos. -Cabañias, gol. Caballo Marino, pat. Inclán: con 800 sacos azúcar. -Cárdenas, gol. Purísima Concepcion, pat. Ferrer con 2,000 sacos azúear.;;Josefa;;;gol.;1894_03_08;;;
Día 08:;;N/A: ;;;Sausón;cap.;;;;;Do 8: De Sagua, vapor C'ara, cap. Sausón: con 1,090 sacos;;C'ara;;;vapor;1894_03_09;Sagua;;
;;N/A: ;;;Viñolas;cap.;;;;;-Ginara, vapor Mortera, cap. Viñolas: con 5,540;;Mortera;;;vapor;1894_03_09;;;
Día :;;;;;Marantes;pat.;;;;;-Dominica. gol. María Magdalena, pat. Marantes:;;María Magdalena;;;gol.;1894_03_09;Dominica;;
;;;;;Palmer;pat.;;;;;-Mariel, gol. Joven Gertrúdis, pat. Palmer: con;;Joven Gertrúdis;;;gol.;1894_03_09;;;
;;N/A: ;;;Freixas;pat.;;;;;Cabañas, ol. Joven Pilar, pat. Freixas: con 800;;Joven Pilar;;;ol.;1894_03_09;;;
;;N/A: ;;;Piera;pat.;;;;;-Cárdenas gol. Emma, pat. Piera: con 1,050 sacos azúcar.;;Emma;;;gol.;1894_03_09;Cárdenas;;
;;N/A:  | N/A:  | N/A: ;;;Mandilego;pat.;;;;;-Cárdenas, gol. Clío, pat. Mandilego: cou 400 barriles y 150 cajitas azúcar y 70 pipas aguardiente.;;Clío;;;gol.;1894_03_09;Cárdenas;;
;;N/A: ;;;Sastre;pat.;;;;;-Mariel, gol. Altagracia, pat. Sastre: con 530 sacos azúcar,;;Altagracia;;;gol.;1894_03_09;;;
Día 9:;;N/A: ;;;Santamarina;cap.;;;;;Día 9: De Calbarién. Fernando, cap. Santamarina: con 100;;Fernando;;;;1894_03_10;Calbarién;;
;;N/A:  | N/A:  | N/A: ;;;Ventura;cap.;;;;;"uevitas, vapor Cosme de Herrera: cap. Ventura: con 2,600 sacos azúcar; 200 reses y efectos.";;Cosme de Herrera;;;vapor;1894_03_10;uevitas;;
;;;;;Ruiz;pat.;;;;;-Bahía Honda, gol. Mercedita, pat. Ruiz: con;;Mercedita;;;gol.;1894_03_10;Bahía Honda;;
;;N/A: ;;;María Andrea;pat.;;;;;-Congojas, María Andrea, pat. Cabaleiro: con 800;;Cabaleiro;;;;1894_03_10;;;
;;;;;Portella;pat.;;;;;Arroyos, gol. Amable Rosita, pat. Portella: con;;Amable Rosita;;;gol.;1894_03_10;Arroyos;;
;;;;;Mateu;pat.;;;;;-Margagitas, gol. Esmeralda, pat. Mateu: con;;Esmeralda;;;gol.;1894_03_10;Margagitas;;
;;N/A: ;;;Gil;pat.;;;;;-Banes, gol. Dos Isabeles, pat. Gil: con con 550;;Dos Isabeles;;;gol.;1894_03_10;Banes;;
Día :;;;;;Suárez;pat.;;;;;-Cabañas, gol. Unica de Coyanca, pat. Suárez:;;Unica de Coyanca;;;gol.;1894_03_10;Cabañas;;
Día 01:;;;;;Orbay;pat.;;;;;-Morrillo, gol. Paquete de Nuevitas, pat. Orbay:;;Paquete;;;gol.;1894_03_10;Nuevitas;;
;;N/A: ;;;Sánchez;pat.;;;;;-Cabañas, gol. Josefa, pat. Sánchez: con 400 sacos;;Josefa;;;gol.;1894_03_10;Cabañas;;
;;;;;Menaya;pat.;;;;;-Granadillo, gol. Almanza, pat. Menaya: con;;Almanza;;;gol.;1894_03_10;Granadillo;;
;;;;;Inclán;cap.;;;;;Cabañas, gol. Caballo Marino, cap. Inclán: con;;Caballo Marino;;;gol.;1894_03_10;Cabañas;;
Día 10:;;N/A: ;;;Juan;pat.;;;;;Día 10: De Cabañas, gol. Elva, pat. Juan: con 750 sacos de;;Elva;;;gol.;1894_03_11;Cabañas;;
;;N/A: ;;;Moll;pat.;;;;;-Mantua, gol. Lince, pat. Moll: con 600 sacos de;;Lince;;;gol.;1894_03_11;Mantua;;
;;N/A: ;;;González;pat.;;;;;-Morrillo, gol. Feliz, pat. González: con 300 sacos azúcar.;;Feliz;;;gol.;1894_03_11;Morrillo;;
;;;;;Pastor;pat.;;;;;Jaruco, gol. Amado Antonio, pat. Pastor: con;;Amado Antonio;;;gol.;1894_03_11;Jaruco;;
;;;;;Porcel;pat.;;;;;Jaruco, gol. Paquete de Jaruco, pat. Porcel:;;Paquete de Jaruco;;;gol.;1894_03_11;Jaruco;;
;;N/A: ;;;Visqoerra;pat.;;;;;-Puerto-Escondido. gol. Joven Pepilla, pat. Visqoerra: con 400 sacos azúcar.;;Joven Pepilla;;;gol.;1894_03_11;Escondido;;
Día 12:;;N/A: ;;;Mas;pat.;;;;;I la 12: De Baracoa, gol. Anita, pat. Mas: con 2.700 cajas;;Anita;;;gol.;1894_03_13;Baracoa;;
;;;;;Marantez;pat.;;;;;-Dominica, gol. María Magdalena, pat. Marantes:;;María Magdalena;;;gol.;1894_03_13;Dominica;;
;;N/A: ;;;Román;pat.;;;;;-Mantua, gol. Lince, pat. Román: con 600 sacos;;Lince;;;gol.;1894_03_13;Mantua;;
;;N/A: ;;;Serra;pat.;;;;;-Arroyos, gol. Amalia, pat. Serra: con 800 sacos;;Amalia;;;gol.;1894_03_13;Arroyos;;
;;N/A: ;;;Enseñat;pat.;;;;;-Ortigosa, gol. Dolorita, pat. Enseñat: con 410;;Dolorita;;;gol.;1894_03_13;Ortigosa;;
;;N/A: ;;;Freixas;pat.;;;;;-Cabañas. gol. Joven Pilar, pat. Freixas: con 800;;Joven Pilar;;;gol.;1894_03_13;Cabañas;;
;;;;;Espino;pat.;;;;;-Morrillo, gol. Joven Marcelino, pat. Espino: con;esp.;Joven Marcelino;;;gol.;1894_03_13;Morrillo;;
;;N/A:  | N/A: ;;;Bernaza;pat.;;;;;-Puerto- Padre, gol. Tres Hermanas, pat. Bernaza: con 200 bocoyes miel y 46 sacos maiz.;;Tres Hermanas;;;gol.;1894_03_13;Padre;;
;;;;;Barrera;pat.;;;;;-Santa Cruz, gol. Joven Miguel, pat. Barrera:;;Joven Miguel;;;gol.;1894_03_13;Santa Cruz;;
;;N/A: ;;;Sastre;pat.;;;;;-Mariel, gol. Altagracia, pat. Sastre: con 530 sacos azúcar.;;Altagracia;;;gol.;1894_03_13;;;
;;;;;Gardana;pat.;;;;;-Guanes, gol. Especulación, pat. Gardana: con;;Especulación;;;gol.;1894_03_14;Guanes;;
;;;;;Inclán;pat.;;;;;-Cabañas, gol. Caballo Marino, pat. Inclán: con;;Caballo Marino;;;gol.;1894_03_14;Cabañas;;
;;;;;Pastor;cap.;;;;;-Jaruco, gol. Amado Antonio, cap. Pastor: con;;Amado Antonio;;;gol.;1894_03_14;Jaruco;;
;;N/A:  | N/A: ;;;Alemany;pat.;;;;;-Bahía-Honda, gol. María del Carmen, pat. Alemany: con 250 sacos azúcar y 40 bocoyes miel.;;María del Carmen;;;gol.;1894_03_14;Bahía-Honda;;
;;N/A: ;;;González;pat.;;;;;-Morrillo, gol. Feliz, pat. González: con 300 sacos;;Feliz;;;gol.;1894_03_14;Morrillo;;
;;N/A: ;;;Enseñat;pat.;;;;;-Manatí, gol. Mallorca, pat. Enseñat: con 226 bocoyes miel.;;Mallorca;;;gol.;1894_03_14;Manatí;;
;;N/A: ;;;Ferrer;pat.;;;;;-Cárdenas, gol. Purísima Concepción, pat. Ferrer: con 3,000 sacos azúcar.;;Purísima Concepción;;;gol.;1894_03_14;Cárdenas;;
Día 01:;;N/A:  | N/A:  | N/A: ;;;Vaca;cap.;;;;;"1.35: De Nuevitas, vapor Julia, cap. Vaca: con 3,700 sacos azúcar; 300 reses y efectos.";;Julia;;;vapor;1894_03_16;Nuevitas;;
;;N/A:  | N/A: ;;;Larragan;cap.;;;;;-Sagua, vapor Ciara, cap. Larragan: con 1200 sacos azúcar y efectos.;;Ciara;;;vapor;1894_03_16;Sagua;;
;;N/A: ;;;Real;cap.;;;;;"-Malas-Aguas, vapor Tritén, cap. Real; con 600";;Tritén;;;vapor;1894_03_16;Malas-Aguas;;
;;N/A: ;;;Juan;pat.;;;;;-Cabañas, gol. Elva, pat. Juan: con 702 sacos;;Elva;;;gol.;1894_03_16;Cabañas;;
Día 01:;;;;;Villalonga;pat.;;;;;-San Cayetano, gol. Carmita, pat. Villalonga:;;Carmita;;;gol.;1894_03_16;San Cayetano;;
;;;;;Pastor;pat.;;;;;- Jaruco, gol. Amado Antonio, pat. Pastor: con;;Amado Antonio;;;gol.;1894_03_16;Jaruco;;
;;N/A:  | N/A: ;;;López;pat.;;;;;152 sacos azúcar. - - Cabañas, gel. Josefa, pat. López: con 500 sacos;;Josefa;;;gel.;1894_03_16;Cabañas;;
;;N/A:  | N/A: ;;;Mas;pat.;;;;;-Nuevitas, 1.uchón Tínima, pat. Mas: con 413 reses y efectos,;;Tínima;;;uchón;1894_03_16;Nuevitas;;
;;N/A: ;;;Deulofeu;pat.;;;;;-Cabañas. gol. Trafalgar, pat Deulofeu: con 800;;Trafalgar;;;gol.;1894_03_16;Cabañas;;
;;;;;Alemany;pat.;;;;;-Sierra Morena, gol. Matilde, pat. Alemany: con;;Matilde;;;gol.;1894_03_16;Sierra Morena;;
;;N/A: ;;;Freixas;pa.;;;;;-Cabañas, gol. Joven Piiar, pa. Freixas: con 1000;;Joven Piiar;;;gol.;1894_03_16;Cabañas;;
;;;;;Ginés;pat.;;;;;Juan López, gol. Tr.s Hermanas, pat. Ginés:;;Tr.s Hermanas;;;gol.;1894_03_16;;;
;;N/A: ;;;Sastre;pat.;;;;;-Mariel, goi. Altagracia, pat. Sastre: con 530 sacos azúcar.;;Altagracia;;;goi.;1894_03_16;;;
;;;;;Padrón;pat.;;;;;-Santa María, gol. América, pat. Padrón: con;;América;;;gol.;1894_03_17;;;
;;N/A: ;;;Tortell;pat.;;;;;-Cabañas, gol. Victoria, pat. Tortell: con 800 sacos azúcar.;;Victoria;;;gol.;1894_03_17;Cabañas;;
;;;;;Barrera;pat.;;;;;-Santa Cruz, gol. Joven Manuel, pat. Barrera:;;Joven Manuel;;;gol.;1894_03_17;Santa Cruz;;
;;N/A: ;;;Gil;pat.;;;;;-Banes, gol. Dos Isabeles, pat. Gil: con 550 sacos;;Dos Isabeles;;;gol.;1894_03_17;Banes;;
Día 01:;;;;;Suárez;pat.;;;;;-Cabañas, gol. Unica de Coyanca, pat. Suárez:;;Unica;;;gol.;1894_03_17;Cabañas;;
;;N/A: ;;;Jofre;pat.;;;;;-Sagua, gol. Candita, pat. Jofre: con 1,000 sacos;;Candita;;;gol.;1894_03_17;Sagua;;
Día 01:;;;;;Blanco;pat.;;;;;-Bahía-Honda, gol. J. Magdelena, pat. Blanco:;;J. Magdelena;;;gol.;1894_03_17;Bahía-Honda;;
;;N/A: ;;;Garrido;pat.;;;;;-Mariel, gol. Joven Miguel, pat. Garrido: con 700;;Joven Miguel;;;gol.;1894_03_17;;;
;;N/A: ;;;Piera;pal.;;;;;-Cárdenas, gol. Emma, pal. Piera: con 1,000 sacos azúcar.;;Emma;;;gol.;1894_03_17;Cárdenas;;
;;N/A: ;;;Vera;pat.;;;;;-Nuevitas, lanchón Cárdenas, pat. Vera: con 400;;Cárdenas;;;lanchón;1894_03_17;Nuevitas;;
;;N/A: ;;;Palmer;pat.;;;;;-Mariel, gol. J. Gertrúdis, pat. Palmer: con 600;;J. Gertrúdis;;;gol.;1894_03_21;;;
;;N/A: ;;;Rigó;pat.;;;;;-Cabañas, gol. Condor, pat. Rigó: con 702 sacos;;Condor;;;gol.;1894_03_21;Cabañas;;
;;N/A: ;;;Tió;pat.;;;;;-Congojas, gol. Rosita, pat. Tió: cen 500 sacos;;Rosita;;;gol.;1894_03_21;Congojas;;
Día 01:;;;;;Santana;pat.;;;;;-Santa María, gol. Joven Jaime, pat. Santana:;;Joven Jaime;;;gol.;1894_03_21;;;
;;;;;Cantero;pat.;;;;;-Cárdenas, gol. Aguila de Oro, pat. Cantero: con;;Aguila de Oro;;;gol.;1894_03_21;Cárdenas;;
;;N/A:  | N/A:  | N/A: ;;;Tous;pat.;;;;;500 barriles azúcar y efectos. - Canasí, gol. Sabás, pat. Tous: con 600 sacos de;;Sabás;;;gol.;1894_03_21;Canasí;;
;;N/A: ;;;Tortell;pat.;;;;;-Cabañas. gol. Victoria, pat. Tortell: con 800 sacos azúcar. - Cabañas, gol Joven Pilar, pat. Freixas: con;;Victoria;;;gol.;1894_03_21;Cabañas;;
;;;;;Pastor;pat.;;;;;-Jaruco, gol. Amado Antonio, pat. Pastor: con;;Amado Antonio;;;gol.;1894_03_21;Jaruco;;
Día 01:;;;;;Alemany;pat.;;;;;-Berrocos, gol. María del Carmen, pat. Alemany:;;María del Carmen;;;gol.;1894_03_21;Berrocos;;
;;;;;Inclán;pat.;;;;;Cabañas, gol. Caballo Marino, pat. Inclán: con;;Caballo Marino;;;gol.;1894_03_21;Cabañas;;
;;N/A: ;;;Sastre;pat.;;;;;-Mariel, gol. Altagracia, pat. Sastre: con 530 sacos azúcar.;;Altagracia;;;gol.;1894_03_21;;;
Día 21:;;N/A: ;;;Real;cap.;;;;;Día 21: De Malas-Aguas, vapor Tritón, cap. Real: con 1045;;Tritón;;;vapor;1894_03_22;Malas-Aguas;;
Día :;;N/A:  | N/A:  | N/A: ;;;Suao;pat.;;;;;88 cos azúcar y 42 tercios tabaco. -Gibara, gol. Moralidad, pat. Suao: con 400 sacos.;;Moralidad;;;gol.;1894_03_22;Gibara;;
;;N/A: ;;;Juan;pat.;;;;;-Cabañas, gol. Elva, pat. Juan: con 700 sacos de;;Elva;;;gol.;1894_03_22;Cabañas;;
;;N/A:  | N/A: ;;;Zaragoza;pat.;;;;;-Bajas, gol. Angelita. pat. Zaragoza: con 205 sacos carbón y 175 varas madera.;;Angelita;;;gol.;1894_03_22;Bajas;;
;;N/A: ;;;Gil;pat.;;;;;-Banes, gol. Dos Isabeles, pat. Gil: con 550 sacos;;Dos Isabeles;;;gol.;1894_03_22;Banes;;
;;N/A: ;;;González;pat.;;;;;-Morrillo, gol. Feliz, pat. González: con 300 sacos azúcar.;;Feliz;;;gol.;1894_03_22;Morrillo;;
;;;;;Barrera;pat.;;;;;-Santa Cruz, gol. Joven Manuel, pat. Barrera:;;Joven Manuel;;;gol.;1894_03_22;Santa Cruz;;
;;N/A: ;;;Sastre;pat.;;;;;-Mariel, gol. Altagracia, pat. Sastre: con 530 BaCOB azúcar.;;Altagracia;;;gol.;1894_03_22;;;
Día 24:;;N/A: ;;;Sansón;cap.;;;;;Día 24: De Sagua, vapor Clara, cap. Sansón: con 660 sacos;;Clara;;;vap.;1894_03_27;Sagua;;
;;;;;Marantez;pat.;;;;;-Dominica, gol. Maria Magdalena, pat. Marantes;;Maria Magdalena;;;gol.;1894_03_27;Dominica;;
;;;;;Palmer;pat.;;;;;-Mariel, gol. Joven Gertrúdis, pat. Palmer: con;;Joven Gertrúdis;;;gol.;1894_03_27;;;
;;N/A: ;;;Alemany;pat.;;;;;-Carahatas, gol. Teresita, pat. Alemany: con 170;;Teresita;;;gol.;1894_03_27;Carahatas;;
;;N/A:  | N/A:  | N/A: ;;;Mandilego;pat.;;;;;"-Cárdenas, gol. Clfo, pat. Mandilego: con 400 barriles azúcar; 20 pipas aguardiente y efectos.";;Clfo;;;gol.;1894_03_27;Cárdenas;;
;;N/A: ;;;Freixas;pat.;;;;;-Cabañas, gol. Joven Pilar, pat. Freixas: con 800;;Joven Pilar;;;gol.;1894_03_27;Cabañas;;
;;N/A: ;;;Sastre;pat.;;;;;Mariel. gol. Altagracia, pat. Sastre: con 530 sacos azúcar.;;Altagracia;;;gol.;1894_03_27;;;
;;N/A: ;;;Villalonga;pat.;;;;;-Tortuga, gol Isabelita, pat. Villalonga: con 400;;Isabelita;;;gol.;1894_03_27;Tortuga;;
;;N/A: ;;;Moll;pat.;;;;;-Puerto-Padre, gol Dolores, pat. Moll: con 800;;Dolores;;;gol;1894_03_27;Padre;;
;;N/A: ;;;Gil;pat.;;;;;Banes, gol. Dos Isabeles, pat. Gil: con 550 sacos;;Dos Isabeles;;;gol.;1894_03_27;Banes;;
;;;;;Suárez;pat.;;;;;-Cabañas, gol. Unica de Coyanca, pat. Suárez:;;Unica de Coyanca;;;gol.;1894_03_27;Cabañas;;
;;N/A: ;;;Gil;pat.;;;;;-Banes, gol. Josefa, pat. Gil: con 300 sacos azúcar.;;Josefa;;;gol.;1894_03_27;Banes;;
;;;;;Alemany;pat.;;;;;-San Cayetano, gol. Rosario, pat. Alemany: con;;Rosario;;;gol.;1894_03_27;San Cayetano;;
;;N/A: ;;;López;pat.;;;;;-Cabañas, gol. Josefa, pat. López: con 400 sacos;;Josefa;;;gol.;1894_03_27;Cabañas;;
Día 01:;;N/A:  | N/A: ;;;Paz;pat.;;;;;azúcar y 50 bocoyes miel. - Banes, gol. Paquete Garnacha, pat. Paz: con 40;;Paquete Garnacha;;;gol.;1894_03_27;Banes;;
;;N/A: ;;;Bujosa;pat.;;;;;-Punta-Alegre, gol. Engracia, pat. Bujosa: cen;;Engracia;;;gol.;1894_03_27;Punta Alegre;;
Día 26:;;N/A: ;;;Rigó;pat.;;;;;"Día 26; De Cabañas, goj. Condor, pat. Rigó: con 531 sacos";;Condor;;;goj.;1894_03_27;Cabañas;;
;;N/A: ;;;Juan;pat.;;;;;-Cabañas, gol. Elva, pat. Juan: con 700 sacos de;;Elva;;;gol.;1894_03_27;Cabañas;;
;;N/A: ;;;Sastre;pat.;;;;;-Mariel. gol. Altagracia, pat. Sastre: con 530 saeos azúcar.;;Altagracia;;;gol.;1894_03_27;;;
Día 01:;;;;;Tur;pat.;;;;;-Playas de San Juan, gol. José Riera, pat. Tur:;;José Riera;;;gol.;1894_03_29;Playas de San Juan;;
;;;;;Barrera;pat.;;;;;-Santa Cruz, gol. Jouen Manuel, pat. Barrera:;;Jouen;;;gol.;1894_03_29;Santa Cruz;;
;;;;;Alemany;pat.;;;;;-Granadilllo, gol. Joven Felipe, pat. Alemany:;;Joven Felipe;;;gol.;1894_03_29;Granadilllo;;
;;N/A: ;;;Pijaán;pat.;;;;;-Teja. gol. Castilla, pat. Pijaán: con 1,000 sacos;;Castilla;;;gol.;1894_03_29;Teja;;
Día 30:;null;N/A: ;;;Real;cap.;;;null;;Dis 30: De Malas-Aguas, vapor Tritón, cap. Real: con 400;;Tritón;;;vap.;1894_03_31;Malas-Aguas;;
;;;;;Padrón;pat.;;;;;-Congojas, gol. Joven Luisa, pat. Padrón: con;;Joven Luisa;;;gol.;1894_03_31;Congojas;;
;;N/A: ;;;Cuevas;pat.;;;;;-Cárdenas. gol. Angelita, pat. Cuevas: con 400;;Angelita;;;gol.;1894_03_31;Cárdenas;;
Día 02:;null;N/A:  | N/A:  | N/A: ;;;Larragán;cap.;;;null;;"Din 2: De Segua, vapor Clara, cap. Larragán: con 600 sacos azúcar; 79 pipas aguardiente y efectos.";;Clara;;;vap.;1894_04_03;Segua;;
;;;;;Marantez;pat.;;;;;-Dominica, gol. María Magdalena, pat. Marantes:;;María Magdalena;;;gol.;1894_04_03;Dominica;;
;;N/A: ;;;Gomila;pat.;;;;;-Mariel, gol. Joven Miguel, pat. Gomila: con 600;;Joven Miguel;;;gol.;1894_04_03;;;
;;N/A: ;;;Deulofeu;pat.;;;;;-Mariel, gol. Trafalgar, pat. Deulofeu: con 700;;Trafalgar;;;gol.;1894_04_03;;;
;;N/A: ;;;Porcell;pat.;;;;;Bacos azúcar. -Jaruco, gol. Paquete de Jaruco, pat. Porcell:;;Paquete de Jaruco;;;gol.;1894_04_03;Jaruco;;
;;N/A:  | N/A: ;;;Inclán;pat.;;;;;con 200 quintales cebollas y efectos. - -Cabañas, gol. Caballo Marino, pat. Inclán: con;;Caballo Marino;;;gol.;1894_04_03;Cabañas;;
;;N/A: ;;;López;pat.;;;;;-Cabañas, gol. Josefa, pat. López: con 500 sacos;;Josefa;;;gol.;1894_04_03;Cabañas;;
;;N/A:  | N/A: ;;;Blanco;pat.;;;;;-Bahia-Honda, gol. Joven Magdalena, pat. Blanco: con 700 sacos azúcar y 25 cuarterolas miel. - -Banes, gol. Dos Isabeles, pat. Gil: con 550 sacos;;Joven Magdalena;;;gol.;1894_04_03;Bahia-Honda;;
;;N/A: ;;;Faz;pat.;;;;;-Banes, gol. Paquete Garnacha, pat. Faz: con 40;;Paquete Garnacha;;;gol.;1894_04_03;Banes;;
;;N/A: ;;;Gil;pat.;;;;;-Banes, gol. Josefa, pat. Gil: con 300 sacos azúcar. -Mariel, gol. Altagracia, pat. Sastre: con 510 sacos azúcar.;;Josefa;;;gol.;1894_04_03;Banes;;
;;;;;Valent;pat.;;;;;-Cárdenas, gol. María del Carmen, pat. Valent:;;María del Carmen;;;gol.;1894_04_04;Cárdenas;;
;;;;;Cantero;pat.;;;;;-Cárdenas. gol. Aguila de Oro, pat. Cantero: con;;Aguila de Oro;;;gol.;1894_04_04;Cárdenas;;
;;;;;Fead;pat.;;;;;-Carahatas, gol. Tres Hermanas, pat. Fead: con;;Tres Hermanas;;;gol.;1894_04_04;Carahatas;;
;;N/A: ;;;Ruiz;pat.;;;;;-Babía-Honda, gol. Mercedita, pat. Ruiz: con 460;;Mercedita;;;gol.;1894_04_04;Babía-Honda;;
;;;;;Padrón;pat.;;;;;-Santa María, gol. América, pat. Padrón: con;;América;;;gol.;1894_04_04;Santa María;;
;;;;;Simó;pat.;;;;;-Playas de San Juan, gol. Aguila, pat. Simó: con;;Aguila;;;gol.;1894_04_04;Playas de San Juan;;
;;N/A: ;;;Jefre;pat.;;;;;-Sierra Morena. gol. Emilia, pat. Jefre: con 475;;Emilia;;;gol.;1894_04_04;Sierra Morena;;
;;;;;Barceló;pat.;;;;;-Baner, gol. Salve Virgen María, pat. Barceló:;;Salve Virgen María;;;gol.;1894_04_04;;;
;;N/A: ;;;Freixas;pat.;;;;;-Cabañas, gol. Joven Pilar, pat. Freixas: con 800;;Joven Pilar;;;gol.;1894_04_04;Cabañas;;
;;N/A: ;;;Tous;pat.;;;;;-Carasí, gol. Sabás, pat. Tous: con 500 sacos de;;Sabás;;;gol.;1894_04_04;Carasí;;
;;N/A: ;;;Tortell;pat.;;;;;-Cabañas, gol. Victoria, pat. Tortell: con 800 82cos azúcar;;Victoria;;;gol.;1894_04_04;Cabañas;;
;;;;;Juan;pat.;;;;;-Sierra Morena, gol. María Teresa, pat. Juan:;;María Teresa;;;gol.;1894_04_04;Sierra Morena;;
;;N/A:  | N/A:  | N/A: ;;;Cayuso;pat.;;;;;Matar zas, gol. Amalin, pat. Cayuso: con 68 bocoyes. 18 pipas y 252 idem aguardiente y efectos;;Amalin;;;gol.;1894_04_04;Matar;;
;;;;;Suárez;pat.;;;;;-Cabañas, gol. Unica de Coyanca, pat. Suárez:;;Unica;;;gol.;1894_04_04;Cabañas;;
;;N/A: ;;;;;;;;;-Mulata, gol. Dolores, put. Planas: con 300 sacoa;;Dolores;;;gol.;1894_04_04;Planas;;
;;N/A: ;;;Alemany;pat.;;;;;-Carahatas. gol. Teresita, pat. Alemany: con 180;;Teresita;;;gol.;1894_04_04;Carahatas;;
Día 16:;;N/A:  | N/A:  | N/A: ;;;Larragán;cap.;;;;;"Día 16: De Sagua, vapor Clara, cap. Larragán: con 881 sacos azúcar; 156 tercios tubaco y efectos.";;Clara;;;vapor;1894_04_17;Sagua;;
;;N/A: ;;;Rigó;pat.;;;;;-Cabañas, gol. Condor, pat. Rigó: con 770 sacos;;Condor;;;gol.;1894_04_17;Cabañas;;
;;N/A: ;;;Zaragoza;pat.;;;;;-Bajas, gol. Angelita, pat. Zaragoza: con 600 sacos carbón.;;Angelita;;;gol.;1894_04_17;Bajas;;
;;;;;Inclán;pat.;;;;;Cb ñas, gol. Caballo Marino, pat. Inclán: con;;Caballo Marino;;;gol.;1894_04_17;Cb ñas;;
;;N/A:  | N/A: ;;;Cuevas;pat.;;;;;-Cárdenas, gol. Angelita, pat. Cuevas: con 80 pipas aguardiente y efectos.;;Angelita;;;gol.;1894_04_17;Cárdenas;;
;;;;;Valent;pat.;;;;;Cárdenas. gol. Juan Toralla, pat. Valent: con;;Juan Toralla;;;gol.;1894_04_17;Cárdenas;;
;;;;;Fead;pat.;;;;;Carahatas, gol. Tres Hermanas, pat. Fead: con;;Tres Hermanas;;;gol.;1894_04_17;Carahatas;;
;;N/A:  | N/A: ;;;Mas;pat.;;;;;-Nuevit s, lunchón Tínima, pat. Mas: con 400 reBes y efectos.;;Tínima;;;lunchón;1894_04_17;;;
;;N/A: ;;;Bosch;pat.;;;;;-Dominica, gol. Demitica, pat. Bosch: con 320;;Demitica;;;gol.;1894_04_17;Dominica;;
Día 17:;;N/A: ;;;Viñolas;cap.;;;;;Día 17: De Gibara, vapor Mortera, cap. Viñolas: con 8,762;;Mortera;;;vap.;1894_04_18;Gibara;;
;;N/A: ;;;Juan;pat.;;;;;-Cabañas, gol. Elya, pat. Juan: con 700 sacos de;;Elya;;;gol.;1894_04_18;Cabañas;;
;;N/A: ;;;Colomar;pat.;;;;;-Ortigosa, gol. Dolorita, pat. Colomar: con 440;;Dolorita;;;gol.;1894_04_18;Ortigosa;;
;;N/A: ;;;Mateu;pat.;;;;;Congojas gol. Esmeralda, pat. Mateu: con 1,000;;Esmeralda;;;gol.;1894_04_18;;;
;;;;;Padrón;pat.;;;;;-Congojas, gol. Joven Victoria, pat. Padrón: con;;Joven Victoria;;;gol.;1894_04_18;Congojas;;
;;;;;Pellicer;pat.;;;;;-Sierra Morena. gol. Pirineo, pat. Pellicer: con;;Pirineo;;;gol.;1894_04_18;Sierra Morena;;
;;;;;Juan;pat.;;;;;-Sierra Morena, gol. María Josefa, pat. Juan:;;María Josefa;;;gol.;1894_04_18;Sierra Morena;;
;;N/A: ;;;Sansón;cap.;;;;;-Sagua, vapor Adela, cap. Sansón: con 962 sacOS;;Adela;;;vapor;1894_04_19;Sagua;;
;;N/A: ;;;Tió;pat.;;;;;-Corgojas, gol. Roeita, pat. Tió: con 500 sacos de;;Roeita;;;gol.;1894_04_19;Corgojas;;
;;N/A: ;;;Blan00;;;;;;-Bahía-Honda, gol. Joven Magdalena, pas. Blan00: con 800 sacos azúcar.;;Joven Magdalena;;;gol.;1894_04_19;Bahía-Honda;;
;;;;;Porcel;pat.;;;;;-Jaruco, gol. Amado Autonio, pat. Porcel: con;;Amado Autonio;;;gol.;1894_04_19;Jaruco;;
;;N/A: ;;;Tortell;pat.;;;;;-Cabañas, gol. Victoria, pat. Tortell: eon 80 sacos azúcar.;;Victoria;;;gol.;1894_04_19;Cabañas;;
;;N/A: ;;;Sastre;pat.;;;;;-Mariel, gol. Aitagracia, pat. Sastre. con 530 sacos azúcar.;;Aitagracia;;;gol.;1894_04_19;;;
Día 20:;;N/A:  | N/A:  | N/A: ;;;Viño138;cap.;;;;;"Día 20: De Nuevitas, vapor Cosme de Herrera, cap. Viño138: con 160 reses; 115 sacos azúcar y efectos.";;Cosme de Herrera;;;vapor;1894_04_21;Nuevitas;;
;;N/A: ;;;Real;cap.;;;;;-Malas-Aguas, vapor Tritón, cap. Real: con 450;;Tritón;;;vapor;1894_04_21;Malas-Aguas;;
;;N/A:  | N/A: ;;;Bernaza;pat.;;;;;-Puerto-Padre, gol. Tres Hermauas, pat. Bernaza: con 46 bocoyes miel y 400 varas maderas.;;Tres Hermauas;;;gol.;1894_04_21;Padre;;
;;N/A: ;;;Deulofeu;pat.;;;;;-Mariel, gol. Trafalgar, pat. Deulofeu: con 570;;Trafalgar;;;gol.;1894_04_21;;;
Día :;;;;;Suárez;pat.;;;;;-Cabañas, gol. Unica de Coyanca, pat. Suárez:;;Unica de Coyanca;;;gol.;1894_04_21;Cabañas;;
;;;;;Pellicer;pat.;;;;;Bahíu-Honda, gol. Crisálida, pat. Pellicer: con;;Crisálida;;;gol.;1894_04_21;Bahíu-Honda;;
;;N/A: ;;;Sastre;pat.;;;;;Mariel, gol. Altagracia, pat. Sastre: con 530 sacoa azúcar.;;Altagracia;;;gol.;1894_04_21;;;
;;N/A: ;;;Guinart;pat.;;;;;-Baves, gol. Josefa, pat. Guinart: con 300 sacos;;Josefa;;;gol.;1894_04_21;;;
;;N/A: ;;;Sansón;cap.;;;;;-Sagua, vapor Clara cap. Sansón: con 716 sacos;;Clara;;;vapor;1894_04_24;Sagua;;
;;N/A: ;;;Juan;pat.;;;;;-Cabañas, gol. Elva, pat. Juan: con 600 sacos de;;Elva;;;gol.;1894_04_24;Cabañas;;
;;;;;Palomar;pat.;;;;;Mariel, gol. Joven Gertrúdis, pat. Palomar: con;;Joven Gertrúdis;;;gol.;1894_04_24;;;
;;;;;Ruiz;pat.;;;;;Bahía-Handa, gol. Mercedita, pat. Ruiz: con;;Mercedita;;;gol.;1894_04_24;Bahía-Handa;;
;;;;;Bontempo;pat.;;;;;-San Cayetano, gol. Gallego, pat. Bontempo:;;Gallego;;;gol.;1894_04_24;San Cayetano;;
;;;;;Santana;pat.;;;;;"-Santa María, gol. Joven Jaime, pat. Santana;";;Joven Jaime;;;gol.;1894_04_24;;;
;;N/A: ;;;González;pat.;;;;;Mor illo, gol. Feliz, pat. González: con 321 sacos azúcar.;;Feliz;;;gol.;1894_04_24;illo;;
;;N/A: ;;;López;pat.;;;;;-Cabañas, gol. Josefa, pat López: con 800 sacos;;Josefa;;;gol.;1894_04_24;Cabañas;;
;;N/A: ;;;Colomar;pat.;;;;;-Ortigosa, gol. Dolorita, pat Colomar: con 440;;Dolorita;;;gol.;1894_04_24;Ortigosa;;
;;;;;Barrera;pat.;;;;;Santa Cruz, gol. Joven Manuel, pat. Barrera:;;Joven Manuel;;;gol.;1894_04_24;Santa Cruz;;
;;N/A: ;;;Freixas;pat.;;;;;Cabañas, gol. Joven Pilar, pat. Freixas: con 800;;Joven Pilar;;;gol.;1894_04_24;Cabañas;;
;;N/A: ;;;Sastre;pat.;;;;;-Mariol, gol. Altagracia, pat. Sastre: con 530 sacos azúcar..;;Altagracia;;;gol.;1894_04_24;;;
;;N/A: ;;;Padrón;pat.;;;;;-Congojas, gol. Joven Luisa, pat. Padrón: con $1,000 Bacos azúcar,;;Joven Luisa;;;gol.;1894_04_28;Congojas;;
;;N/A: ;;;López;pat.;;;;;Caba9as, gol. Josefa, pat. López, con 800 sacos;;Josefa;;;gol.;1894_04_28;Caba9as;;
;;;;;Pastor;pat.;;;;;Jaruco, gol. Amado Antonio, pat. Pastor: con;;Amado Antonio;;;gol.;1894_04_28;Jaruco;;
;;N/A: ;;;Viñolas;cap.;;;;;-Gibara, vapor Mortera, cap. Viñolas: con 287;;Mortera;;;vapor;1894_04_28;Gibara;;
Día 2:;;N/A: ;;;Rigó;pat.;;;;;Día 2: De Cabañas, gta. Condor, pat. Rigó: con 725 sacos;;Condor;;;gta.;1894_05_03;Cabañas;;
;;N/A:  | N/A: ;;;Mir;pat.;;;;;azúcar. 109 -Granadillo, gta. Ignacia, pat. Mir: con 500 polines y efectos.;;Ignacia;;;gta.;1894_05_03;Granadillo;;
;;N/A: ;;;Mayans;pat.;;;;;-Playas de San Juan, gta. Gertrúdis, pat. Mayans: con 1000 sacos carbón.;;Gertrúdis;;;gta.;1894_05_03;Playas de San Juan;;
;;N/A: ;;;Gil;pat.;;;;;Banes, gta. Dos Isabeles, pat. Gil: con 550 sacos;;Dos Isabeles;;;gta.;1894_05_03;Banes;;
;;N/A: ;;;López;pat.;;;;;-Cabañas, gta. Josefa, pat. López: con 30 bocoyes miel.;;Josefa;;;gta.;1894_05_03;Cabañas;;
Día 5:;;N/A: ;;;Freixes;pat.;;;;;Día 5: De Cabañas, gta. Joven Pilar, pat. Freixes: con 1000;;Joven Pilar;;;gta.;1894_05_08;Cabañas;;
Día null:;;N/A: ;;;Larragán;cap.;;;;;De Sagua, vapor Clara cap. Larragán: con 450 cajas azúcar.;;Clara;;;vapor;1894_05_08;Sagua;;
;;N/A:  | N/A:  | N/A: ;;;Viñales;cap.;;;;;De Gibara, vapor Mortera cap. Viñales, con 300 Tеass, 370 sacos azúcar y 200 bocoyes miel;;Mortera;;;vap.;1894_05_08;Gibara;;
;;N/A:  | N/A: ;;;Marin;cap.;;;;;De Mantua vapor Guanigu nico, cap, Marin, con 200 tercios tabaco y efectos.;;Guanigu nico;;;vapor;1894_05_08;Mantua;;
;;N/A:  | N/A:  | N/A: ;;;Larragan;cap.;;;;;De Caibarien, vapor Alavi, cap. Larragan, con 1226 tercios tabaco, 20 bonoyes miel y efectos.;;Alavi;;;vap.;1894_05_08;Caibarien;;
;;N/A: ;;;Ruiz;pat.;;;;;ite Bahía Honds, gel. More edita, pat. Ruiz, con 483 cajas azúcar.;;More edita;;;gel.;1894_05_08;Bahía;;
;;N/A: ;;;Jnan;pat.;;;;;De Cabañas, gol. Elva, pat. Jnan, con 725 sacos azúcar;;Elva;;;gol.;1894_05_08;Cabañas;;
;;N/A: ;;;Palmer;pat.;;;;;Del Mariel, gol. Joven Genirudiz, pat. Palmer, con 800 cajas azúcar.;;Joven Genirudiz;;;gol.;1894_05_08;Mariel;;
;;N/A: ;;;Pellicer;pat.;;;;;De Yaguajay, gol. Crisalida, pat. Pellicer, con 900 cacos azúcar.;;Crisalida;;;gol.;1894_05_08;Yaguajay;;
;;N/A: ;;;Sastre;pat.;;;;;De Canasí, gol. Josefina, pat. Sastre, con 450 cajas azúcar.;;Josefina;;;gol.;1894_05_08;Canasí;;
;;N/A:  | N/A:  | N/A: ;;;Valent;pat.;;;;;De Cárdenas, gol. Juan Toralla, pat. Valent, con 450 harriles azúcar, 60 pipas aguardiente y efectos.;;Juan Toralla;;;gol.;1894_05_08;Cárdenas;;
;;N/A: ;;;Barrera;pat.;;;;;De Santa Cruz, gol. Joven Mannel, pat. Barrera, con 180 fanegas maiz.;;Joven Mannel;;;gol.;1894_05_08;Santa Cruz;;
;;N/A: ;;;Blanco;patr.;;;;;Da Bahía Honda, gol. Joven Magdalena, patront Blanco, con 800 caja azúcar,;;Joven Magdalena;;;gol.;1894_05_08;Bahía Honda;;
;;N/A: ;;;Orhay;pat.;;;;;Del Morrillo, gol. Paquete de Nuevitas, pat. Orhay, con 400 cajas azúcar.;;Paquete de Nuevitas;;;gol.;1894_05_08;Morrillo;;
;;N/A: ;;;Gil;pat.;;;;;De Banes, gol. 2 Isabela, pat. Gil, con 550 cajas azúcar.;;2 Isabela;;;gol.;1894_05_08;Banes;;
;;N/A: ;;;Guinart;pat.;;;;;De Banes, gol. Josefa, pat. Guinart, con 300 cajas azdear.;;Josefa;;;gol.;1894_05_08;Banes;;
;;N/A: ;;;Ferrer;pat.;;;;;De Banes, gol. Paquete Garnacha, pat. Ferrer, con 40 bocoy es miel.;;Paquete Garnacha;;;gol.;1894_05_08;Banes;;
;;N/A: ;;;Lopez;pat.;;;;;De Cabañas, gol. Josefa, pat. Lopez, con 800 cajas zúcar.;;Josefa;;;gol.;1894_05_08;Cabañas;;
;;N/A: ;;;Pastor;pat.;;;;;De Jaruco, gol. Amado Antonio, pat. Pastor, con 180 cajas azúcar.;;Amado Antonio;;;gol.;1894_05_08;Jaruco;;
;;N/A:  | N/A: ;;;Mas;pai.;;;;;De Nuevitas, gol. Tinima, pai. Mas, con 460 res.es y efecros.;;Tinima;;;gol.;1894_05_08;Nuevitas;;
;;N/A:  | N/A: ;;;Saste;pat.;;;;;Del Mariel, gol. Altagracia, pat. Saste, con 300 sacos azúcar, 40 bocoy es miel.;;Altagracia;;;gol.;1894_05_08;Mariel;;
;;;;;Portela;pat.;;;;;-Arroyos, gol. Amable Rosita, pat. Portela: con;;Amable Rosita;;;gol.;1894_05_09;Arroyos;;
Día 01:;;;;;Santana;pat.;;;;;-Santa María, gol. Joven Jaime, pat. Santana:;;Joven Jaime;;;gol.;1894_05_09;;;
;;;;;Santana;pat.;;;;;-Santa María, gol. Trinidad, pat. Santana: con;;Trinidad;;;gol.;1894_05_09;;;
;;N/A: ;;;Ferrer;pat.;;;;;-Dimas, gol. Isabel II, pat. Ferrer: con 600 sacos;;Isabel II;;;gol.;1894_05_09;Dimas;;
;;N/A: ;;;Alemany;pat.;;;;;-Dimas, gol. Mercedita, pat. Alemany: con 1,000;;Mercedita;;;gol.;1894_05_09;Dimas;;
;;N/A: ;;;Riera;pat.;;;;;-Sagna, gol. Rita Fortuda, pat. Riera: con 1,000;;Rita Fortuda;;;gol.;1894_05_09;Sagna;;
Día :;;;;;Suárez;pat.;;;;;-Cabañas, gol. Unica de Coyanca, pat. Suárez:;;Unica de Coyanca;;;gol.;1894_05_09;Cabañas;;
;;N/A: ;;;Tons;pat.;;;;;-Canasí, gol. Sabás, pat. Tons: con 400 sacos azúBOY;;Sabás;;;gol.;1894_05_09;Canasí;;
;;;;;Alemany;pat.;;;;;-Berracos, gol. María del Carmen, pat. Alemany:;;María del Carmen;;;gol.;1894_05_10;Berracos;;
;;;;;Freixas;pat.;;;;;-Cabafias, gol. Joven Pilar, pat. Freixas: con;;Joven Pilar;;;gol.;1894_05_10;Cabafias;;
;;;;;Espine;pat.;;;;;-Morrillo, gol. Joven Marcelino, pat. Espine: con;esp.;Joven Marcelino;;;gol.;1894_05_10;Morrillo;;
;;N/A: ;;;González;pat.;;;;;- Morrillo, gol. Feliz, pat. González: con 300 sacos azúcar.;;Feliz;;;gol.;1894_05_10;Morrillo;;
;;N/A: ;;;Sastre;pat.;;;;;-Mariei, gol. Altagracia, pat. Sastre: con 530 sacos azúcar.;;Altagracia;;;gol.;1894_05_10;;;
;;N/A: ;;;Real;cap.;;;;;-Malas-Aguas, vapor Tritón, cap. Real: con 115;;Tritón;;;vapor;1894_05_11;Malas-Aguas;;
;;N/A: ;;;Colomar;pat.;;;;;-Ortigosa, gol. Doloritas, pat. Colomar: con 440;;Doloritas;;;gol.;1894_05_11;Ortigosa;;
;;N/A: ;;;Deulofeu;pat.;;;;;-Mariel, gol. Trafalgar, pat. Deulofeu: con 900;;Trafalgar;;;gol.;1894_05_11;;;
Día 12:;;N/A: ;;;Rigó;pat.;;;;;Día 12: De Cabañas, gol. Condor, pat. Rigó: con 725 sacos;;Condor;;;gol.;1894_05_13;Cabañas;;
;;N/A: ;;;Padrón;pat.;;;;;-Congojas, gol. América, pat. Padrón: con 800;;América;;;gol.;1894_05_13;Congojas;;
Día :;;;;;Orbay;pat.;;;;;-Morrillo, gol. Paquete de Nuevitas, pat. Orbay:;;Paquete;;;gol.;1894_05_13;Nuevitas;;
;;N/A: ;;;López;pat.;;;;;-Cabañas, gol. Josefa, pat. López: con 800 sacos;;Josefa;;;gol.;1894_05_13;Cabañas;;
;;N/A: ;;;Tertell;pat.;;;;;-Cabañas, gol. Vicsoria, pat. Tertell: con 800 sacos azúcar.;;Vicsoria;;;gol.;1894_05_13;Cabañas;;
;;N/A: ;;;Bosch;pat.;;;;;-Dominica, gol. Dominica, pat. Bosch: con 330;;Dominica;;;gol.;1894_05_13;Dominica;;
;;;;;Pastor;pat.;;;;;-Jaruco, gol. Amado Antonio, pat. Pastor: con;;Amado Antonio;;;gol.;1894_05_13;Jaruco;;
;;;;;Cantero;pat.;;;;;-Cárdenas, gol. Agnila de Oru, pat. Cantero: con;;Agnila de Oru;;;gol.;1894_05_13;Cárdenas;;
;;N/A: ;;;Jérez;pat.;;;;;-Cayo Romano, gol. Fautilus, pat. Jérez. con 500;;Fautilus;;;gol.;1894_05_13;Cayo Romano;;
Día :;;N/A:  | N/A: ;;;Villalonga;pat.;;;;;con 460 reses y efectos. - Sierra Moreun, gol. Enriqueta, pat. Villalonga:;;Enriqueta;;;gol.;1894_05_13;Sierra Moreun;;
;;;;;Barceló;pat.;;;;;-Banes, gol. Salve Virgen María, pat. Barceló:;;Salve Virgen María;;;gol.;1894_05_13;Banes;;
;;N/A: ;;;Sastre;pat.;;;;;-Mariel, gol. Altagracia, pat. Sastre: con 530 sacos azúcar.;;Altagracia;;;gol.;1894_05_13;;;
Día 14:;;N/A: ;;;Enseñat;pat.;;;;;Día 14: De Sierra Morena, gol. Sofía, pat. Enseñat: con 800;;Sofía;;;gol.;1894_05_15;Sierra Morena;;
;;N/A: ;;;Pellicer;pat.;;;;;-Gongojas, gol. Crisálida, pat. Pellicer: con 900;;Crisálida;;;gol.;1894_05_15;Gongojas;;
;;N/A: ;;;Denlofeu;pat.;;;;;-Cabañas, gol. Trafalgar, pat. Denlofeu: con 800;;Trafalgar;;;gol.;1894_05_15;Cabañas;;
;;;;;Freixas;pat.;;;;;-Cabañas, gol. Joven Pilar, pat. Freixas: con;;Joven Pilar;;;gol.;1894_05_15;Cabañas;;
;;N/A: ;;;Mateu;pat.;;;;;1,000 sacos azúcar. -Margajitas, gol. Esmeralda, pat. Mateu: con 1200;;Esmeralda;;;gol.;1894_05_15;Margajitas;;
;;N/A: ;;;Bosch;pat.;;;;;-Sagua, gol. Antonia, pat. Bosch: con 800 sacos;;Antonia;;;gol.;1894_05_15;Sagua;;
;;N/A: ;;;Sampol;pat.;;;;;Blanco: con 800 sacos azúcar. --Santa Cruz, gol. Sofía, pat. Sampol: con 600 sacos azúcar.;;Sofía;;;gol.;1894_05_15;Santa Cruz;;
;;;;;Alemán;pat.;;;;;-Granadillo, gol. Ignacia Alemán, pat. Mir: con;;Ignacia;;;gol.;1894_05_15;Granadillo;;
;;N/A: ;;;Sastre;pat.;;;;;-Mariel, gol. Altagracia, pat. Sastre: con 530 sacos azúcar.;;Altagracia;;;gol.;1894_05_16;;;
;;N/A: ;;;Larragán;cap.;;;;;-Sagua, vapor Clara, cap. Larragán: con 2,487;;Clara;;;vapor;1894_05_17;Sagua;;
;;N/A: ;;;Tortell;pat.;;;;;"Cabañas, gol. Victoria; pat. Tortell: con 800 saCOS AZÚCHT.";;Victoria;;;gol.;1894_05_17;Cabañas;;
;;N/A: ;;;Saatre;pat.;;;;;Cauasí, gol. Josefina, pat. Saatre: con 500 sacos;;Josefina;;;gol.;1894_05_17;Cauasí;;
;;N/A: ;;;Colomar;pat.;;;;;-Ortigosa, gol. Dolorita, pat. Colomar: con 440;;Dolorita;;;gol.;1894_05_17;Ortigosa;;
;;N/A: ;;;González;pat.;;;;;Morrillo, gol. Feliz, pat. González: con 300 sacos azúcar.;;Feliz;;;gol.;1894_05_17;;;
;;N/A: ;;;Gomila;pat.;;;;;Mariel, gol. Joven Miguel, pat. Gomila: con 700;;Joven Miguel;;;gol.;1894_05_17;;;
;;N/A: ;;;Enseñat;pat.;;;;;-Baracoa, gol. Gaspar, pat. Enseñat: con 40 bocoyes miel.;;Gaspar;;;gol.;1894_05_17;Baracoa;;
Día 17:;;N/A:  | N/A:  | N/A: ;;;Sansón;cap.;;;;;"Día 17: De Sagua, vapor Adela, cap. Sansón: con 1,078 sacos azúcar; 33 tercios tabaco y efectos.";;Adela;;;vap.;1894_05_18;Sagua;;
;;N/A: ;;;Suao;pat.;;;;;-Gibara, gol. Moralidad, pat. Suao: con 50,000;;Moralidad;;;gol.;1894_05_18;Gibara;;
;;;;;Suárez;pat.;;;;;-Cabañas, gol. Unica de Coyanca, pat. Suárez:;;Unica de Coyanca;;;gol.;1894_05_18;Cabañas;;
;;N/A: ;;;Gil;pat.;;;;;-Banes, gol. Dos Isabeles, pat. Gil: con 550 8acos azúcar.;;Dos Isabeles;;;gol.;1894_05_18;Banes;;
;;;;;Paz;pat.;;;;;Banes, gol. Paquete de Garnacha, pat. Paz: con;;Paquete de Garnacha;;;gol.;1894_05_18;Banes;;
;;;;;Vives;pat.;;;;;-Dimas, gol. Hermosa Guanera, pat. Vives: con;;Hermosa Guanera;;;gol.;1894_05_18;Dimas;;
;;N/A: ;;;Visquerra;pat.;;;;;-Puerto-Escondido, gol. Joven Pepilla, pat. Visquerra: con 250 sacos azúcar.;;Joven Pepilla;;;gol.;1894_05_18;Escondido;;
;;N/A: ;;;Guinart;pat.;;;;;-Banes, gal. Josefa, pat. Guinart: con 300 sacos;;Josefa;;;gal.;1894_05_18;Banes;;
;;;;;Blanco;pat.;;;;;Mariel, gol. Joven Magdaleua, pat. Blanco: con;;Joven Magdaleua;;;gol.;1894_05_23;;;
;;;;;Palmer;pat.;;;;;-Mariel, gol. Joven Gertrúdis, pat. Palmer: con;;Joven Gertrúdis;;;gol.;1894_05_23;;;
;;N/A: ;;;Román;pat.;;;;;-Arroyos, gol. Lince, pat. Román: con 600 sacos;;Lince;;;gol.;1894_05_23;Arroyos;;
;;N/A:  | N/A: ;;;Ferrer;pat.;;;;;-Kío de la Palma, gol. Joven Herminia, pat. Ferrer: con 125 caballos leña y 200 sacos catbón.;;Joven Herminia;;;gol.;1894_05_23;la Palma;;
;;N/A: ;;;Rigó;pat.;;;;;-Cabañas, gol. Condor, pat. Rigó: con 540 sacos;;Condor;;;gol.;1894_05_23;Cabañas;;
Día 01:;;;;;Santana;pat.;;;;;-Santa María, gol. Joven Jaime, pat. Santana:;;Joven Jaime;;;gol.;1894_05_23;;;
;;N/A: ;;;Macia;pat.;;;;;-Bajas, gol. San Francisco, pat. Macia: con 1,000;;San Francisco;;;gol.;1894_05_23;Bajas;;
;;N/A: ;;;Pereira;pat.;;;;;-Carahatas, gol. Teresita, pat. Pereira: con 180;;Teresita;;;gol.;1894_05_23;Carahatas;;
;;N/A: ;;;Tous;pat.;;;;;-Canasí, gol. Sabás, pat. Tous: con 500 sacos de;;Sabás;;;gol.;1894_05_23;Canasí;;
;;N/A: ;;;Sastre;pat.;;;;;-Canasí, gol. Josefina, pat. Sastre: con 400 sacos;;Josefina;;;gol.;1894_05_23;Canasí;;
;;N/A: ;;;Mas;pat.;;;;;-Baracoa, gol. Anita, pat. Mas: con 15 toneladas;;Anita;;;gol.;1894_05_23;Baracoa;;
;;N/A: ;;;Villalonga;pat.;;;;;-Cabañas. gol. Carmita, pat. Villalonga: con 465;;Carmita;;;gol.;1894_05_23;Cabañas;;
;;N/A: ;;;FeIrer;pat.;;;;;-Cardenas, gol. Purisima Concepción, pat. FeIrer: con 2,000 sacos azúcar.;;Purisima Concepción;;;gol.;1894_05_23;Cardenas;;
;;;;;Inclán;pat.;;;;;Cabañas, gol. Caballo Marino, pat. Inclán: con;;Caballo Marino;;;gol.;1894_05_23;Cabañas;;
;;N/A: ;;;Deulofeu;pat.;;;;;-Cabañas, gol. Trafalgar, pat. Deulofeu: con 800;;Trafalgar;;;gol.;1894_05_23;Cabañas;;
Día 23:;;N/A: ;;;Real;cap.;;;;;Día 23: De Malas-Aguas, vapor Tritón, cap. Real: con 460;;Tritón;;;vapor;1894_05_24;Malas-Aguas;;
;;;;;Bantempa;pat.;;;;;- San Cayetano, gol. Gallego, pat. Bantempa: con;;Gallego;;;gol.;1894_05_24;San Cayetano;;
;;;;;Valent;pat.;;;;;- Cárdenas, gol. María del Carmen, pat. Valent:;;María del Carmen;;;gol.;1894_05_24;Cárdenas;;
;;N/A: ;;;Visquerra;pat.;;;;;-Puerto-Escondido, gol. Joven Popilla. pat. Visquerra: con 300 sacos azúcar.;;Joven Popilla;;;gol.;1894_05_24;Escondido;;
;;N/A: ;;;Genzález;pat.;;;;;-Morrillo, gol. Feliz, pat. Genzález: con 300 sacos azúcar.;;Feliz;;;gol.;1894_05_24;Morrillo;;
;;;;;Paz;pat.;;;;;Banes, gol. Paquete de Garnacha, pat. Paz: con;;Paquete de Garnacha;;;gol.;1894_05_24;Banes;;
;;N/A: ;;;Bosch;pat.;;;;;-Dominica, gol. Dominica, pat. Bosch: con 330;;Dominica;;;gol.;1894_05_24;Dominica;;
;;N/A: ;;;López;pat.;;;;;-Cabañas, gol. Josefa, pat. López: con 800 sacos;;Josefa;;;gol.;1894_05_24;Cabañas;;
Día 25:;;N/A: ;;;Sanson;cap.;;;;;Día 25: De Sagua, vapor Adela, cap. Sanson: con 800 sacos;;Adela;;;vap.;1894_05_26;Sagua;;
;;N/A: ;;;Ruiz;pat.;;;;;-Bahía Honda, gta. Mercedita, pat. Ruiz: con 400;;Mercedita;;;gta.;1894_05_26;Bahía Honda;;
;;N/A: ;;;Castillo;pat.;;;;;-Cienfuegos, gta. Rosita, pat. Castillo: con 18,000;;Rosita;;;gta.;1894_05_26;Cienfuegos;;
;;N/A: ;;;Sastre;pat.;;;;;-Canasí, gta. Josefina, pat. Sastre: con 450 sacos;;Josefina;;;gta.;1894_05_26;Canasí;;
;;N/A: ;;;Inclán;pat.;;;;;-Cabañas, gta. Caballo Marino, pat. Inclán: con TIT 800 sacos azúcar.;;Caballo Marino;;;gta.;1894_05_26;Cabañas;;
;;N/A: ;;;González;pat.;;;;;121a 26: Da Morrillo, gta. Feliz, pat. González, con 300 sacos;;Feliz;;;gta.;1894_05_27;Morrillo;;
;;N/A: ;;;Enseñat;pat.;;;;;-Sierra Morena, gol. Soffa, pat. Enseñat, con 450;;Soffa;;;gol.;1894_05_27;Sierra Morena;;
;;N/A: ;;;Mayaus;pat.;;;;;-Granadillo, gol. Aguila, pat. Mayaus, con 1,500;;Aguila;;;gol.;1894_05_27;Granadillo;;
;;;;;Padrón;pat.;;;;;-Congojas, gol. Joven Victoria, pat. Padrón,;;Joven Victoria;;;gol.;1894_05_27;Congojas;;
;;N/A: ;;;Larragan;cap.;;;;;-Sagua, vap. Clara, cap. Larragan, con 638 sacos;;Clara;;;vap.;1894_05_27;Sagua;;
;;N/A: ;;;Cuevas;pal.;;;;;"-Cárdenas gol. Angelita, pal. Cuevas; con barri1s y cajitas azúcar.";;Angelita;;;gol.;1894_05_29;Cárdenas;;
;;N/A: ;;;Tead;pat.;;;;;-Carahatas gol. 3 Hermanas, pat. Tead: 1075 sacos azúcar.;;3 Hermanas;;;gol.;1894_05_29;Carahatas;;
;;N/A: ;;;Ferrer;pat.;;;;;-Dimas gol. Isabel II, pat. Ferrer: 600 sacos earbón.;;Isabel II;;;gol.;1894_05_29;Dimas;;
;;N/A: ;;;Barrera;pat.;;;;;-Sta. Cruz gol. Joven Manuel, pat. Barrera: 100;;Joven Manuel;;;gol.;1894_05_29;Sta. Cruz;;
;;N/A:  | N/A: ;;;López;pat.;;;;;-Cabañas gol. Josefa, pat. López: 500 sacos azúcar, 30 bocoyes miel.;;Josefa;;;gol.;1894_05_29;Cabañas;;
;;N/A: ;;;Bosch;pat.;;;;;-Dominica gol. Dominica, pat. Bosch: 330 sacos;;Dominica;;;gol.;1894_05_29;Dominica;;
;;N/A:  | N/A: ;;;Bujosa;pat.;;;;;-Pto. Alegre gol. Engracia, pat. Bujosa: 68 cabailos leña, 400 varas maderas.;;Engracia;;;gol.;1894_05_29;Pto. Alegre;;
Día 01:;;N/A:  | N/A: ;;;Zaragoza;pat.;;;;;-Bajas, gol. Ang lita, pat. Zaragoza: con 642 sacos azúcar y 30 quintales cáscara de mangle.;;Ang lita;;;gol.;1894_05_30;Bajas;;
;;N/A: ;;;Guinart;pat.;;;;;-Banes, gol. Josefa, pat. Guinart: con 300 sacos;;Josefa;;;gol.;1894_05_30;Banes;;
;;N/A: ;;;Freixas;pat.;;;;;-Cabañas, gol. Joven Pilar, pat. Freixas: con 800;;Joven Pilar;;;gol.;1894_05_30;Cabañas;;
Día :;;;;;Cabruja;pat.;;;;;-Playas de San Juan, gol. 23 Rosa, pat. Cabruja:;;23 Rosa;;;gol.;1894_05_30;Playas de San Juan;;
Día 80:;;N/A: ;;;Real;cap.;;;;;Día 80: De Malas-Agues, vapor Tritón, cap. Real: con 250;;Tritón;;;vapor;1894_05_31;Malas-Agues;;
;;N/A: ;;;Abaroa;cap.;;;;;-Sagua, vapor Adela, cap. Abaroa: con 323 sacos;;Adela;;;vapor;1894_05_31;Sagua;;
;;N/A: ;;;González;pat.;;;;;-Morrillo, aol. Feliz, pat. González: con 280 sacos;;Feliz;;;aol.;1894_05_31;Morrillo;;
Día 01:;;;;;Suárez;pat.;;;;;-Cabañas, gol. Unica de Coyanca, pat. Suárez:;;Unica;;;gol.;1894_05_31;Cabañas;;
Día :;;;;;Orbay;pat.;;;;;-Morrillo. gol. Papuete de Nuevitas, pat. Orbay:;;Papuete;;;gol.;1894_05_31;Nuevitas;;
Día 19:;;N/A:  | N/A:  | N/A: ;;;Moll;put.;;;;;"Día 19: De Nuevitas, gol. Dolores, put. Moll: con 80 bocoyes azúcar; 1.500 los majajua y 80 palos cedro.";;Dolores;;;gol.;1894_06_02;Nuevitas;;
;;N/A: ;;;Castell;pst.;;;;;-Gibara, gol. G bara, pst. Castell: con 142 sacos;;G bara;;;gol.;1894_06_02;Gibara;;
;;N/A: ;;;Juan;pat.;;;;;-Cabañas, gol. Elva, pat. Juan: con 700 sacos de;;Elva;;;gol.;1894_06_02;Cabañas;;
;;;;;Villalonga;pat.;;;;;-Bahía-Honda, gol. Carmita, pat. Villalonga: con;;Carmita;;;gol.;1894_06_02;Bahía-Honda;;
;;N/A:  | N/A: ;;;Alemany;pat.;;;;;40 ascos azúcar. --Dimas, gol. Mercedita, pat Alemany: con 1,000 Facas carbón.;;Mercedita;;;gol.;1894_06_02;;;
;;N/A: ;;;Pereira;pat.;;;;;-Carahatas, gol. Te esita, pat. Pereira: con 180;;Te esita;;;gol.;1894_06_02;Carahatas;;
;;N/A: ;;;Padrón;pat.;;;;;-Santa María, gol América, pat. Padrón: con 642;;América;;;gol.;1894_06_02;;;
;;N/A: ;;;Sastre;pat.;;;;;Mariel. gol. Altagracia, pat. Sastre: con 530 sacos azúcar.;;Altagracia;;;gol.;1894_06_02;;;
Día 4:;;N/A:  | N/A: ;;;Viñolas;cap.;;;;;Día 4: De Nuevitas, vapor Cosme de Herrera, cap. Viñolas: con 160 reses y efectos;;Cosme de Herrera;;;vapor;1894_06_05;Nuevitas;;
;;;;;Cabaleiro;pat.;;;;;-Congojas, gol. María Andrea, pat. Cabaleiro:;;María Andrea;;;gol.;1894_06_05;Congojas;;
;;;;;Portella;pat.;;;;;-Arroyos, gol. Amahle Rosita, pat. Portella: cou;;Amahle Rosita;;;gol.;1894_06_05;Arroyos;;
Día :;;N/A: ;;;Pijuán;pat.;;;;;Teja, gol. Castilla, pat. Pijuán: con 1,000 sacos;;Castilla;;;gol.;1894_06_05;Teja;;
;;;;;Padrón;pat.;;;;;-Coug jas, gol. Joven Luisa, pat. Padrón: con;;Joven Luisa;;;gol.;1894_06_05;;;
Día 01:;;;;;Tur;pat.;;;;;-Playas de San Juan, gol. José Riera, pat. Tur:;;José Riera;;;gol.;1894_06_05;Playas de San Juan;;
;;;;;Palmer;pat.;;;;;-Mariel, gol. Joven Gertrudis, pat. Palmer: con;;Joven Gertrudis;;;gol.;1894_06_05;;;
;;N/A:  | N/A: ;;;Mas;pat.;;;;;-Nuevitas. lanchón Tínima, pat. Mas: con 417 reHes y efectos.;;Tínima;;;lanchón;1894_06_05;Nuevitas;;
;;N/A: ;;;Alemany;pat.;;;;;-Berracos, go!. Rosario, pat. Alemany: con 500;;Rosario;;;go!;1894_06_05;;;
;;;;;Inclán;pat.;;;;;-Cabañas, gol. Caballo Marino, pat. Inclán: con;;Caballo Marino;;;gol.;1894_06_05;Cabañas;;
;;;;;Porcel;pat.;;;;;-Jaruco, gol. Paquete de Jaruco, pat. Porcel: con;;Paquete de Jaruco;;;gol.;1894_06_05;Jaruco;;
Día 6:;;N/A: ;;;Real;cap.;;;;;Día 6: De Malas-Aguas, vapor Tritón, cap. Real: con 82;;Tritón;;;vap.;1894_06_07;Malas-Aguas;;
;;;;;Pastor;pat.;;;;;Jaruco, gol. Amado Antonio, pat. Pastor: ccn;;Amado Antonio;;;gol.;1894_06_07;Jaruco;;
;;N/A: ;;;Guinart;pat.;;;;;-Banes, gol. Josefa, pat. Guinart: con 300 sacos;;Josefa;;;gol.;1894_06_07;Banes;;
;;N/A: ;;;Bontempo;pat.;;;;;Bajas, gol. Gallego, pat. Bontempo: con 500 sacos carbón.;;Gallego;;;gol.;1894_06_07;Bajas;;
;;;;;Mateu;pat.;;;;;Margajitas, gol. Esmeralda, pat. Mateu: con;;Esmeralda;;;gol.;1894_06_07;;;
;;N/A: ;;;Sansón;cap.;;;;;-Sagua, vepor Adela. cap. Sansón: con 320 sacos;;Adela;;;vepor;1894_06_07;Sagua;;
Día 7:;;N/A: ;;;Viñolas;cap.;;;;;Día 7: De Nuevitas, vapor Mortera, cap. Viñolas: con 1711;;Mortera;;;vapor;1894_06_08;Nuevitas;;
;;N/A:  | N/A: ;;;Mayans;pat.;;;;;-Baracos, gol. Unión, pat. Mayans: con 2,000 cajas petróloo y efectos.;;Unión;;;gol.;1894_06_08;Baracos;;
;;;;;Barrera;pat.;;;;;-Santa Cruz, gol. Joven Manuel, pat. Barrera:;;Joven Manuel;;;gol.;1894_06_10;Santa Cruz;;
;;N/A:  | N/A: ;;;Piera;pat.;;;;;-Cárdenas. gol. Emra, pat. Piera: con 200 bocoyes aguardiente y efectos.;;Emra;;;gol.;1894_06_10;Cárdenas;;
;;N/A: ;;;Sastre;pat.;;;;;-Canasi, gel, Josefina, pat. Sastre: con 450 sacos;;Josefina;;;gel;1894_06_10;Canasi;;
;;N/A: ;;;Freixas;pat.;;;;;-Cabañias, gol. Joven Pilar, pat. Freixas: con 900;;Joven Pilar;;;gol.;1894_06_10;Cabañias;;
;;N/A: ;;;Sansón;cap.;;;;;-Sagua, vapor Adela, cap. Sansón: con 130 sacos;;Adela;;;vapor;1894_06_10;Sagua;;
;;N/A: ;;;González;pat.;;;;;-Morrillo, gol, Feliz, pat. González: con 384 sacos;;Feliz;;;gol;1894_06_10;Morrillo;;
;;;;;Mir;pat.;;;;;-Granadillo, gol. 1guacia Alemán, pat. Mir: con;;1guacia;;;gol.;1894_06_10;Granadillo;;
;;N/A: ;;;;;;;;;-Bahía- Honda, gol. Joven Magdalena, pt. Blanco: con 820 sacos azúcar.;pt.;Joven Magdalena;;;gol.;1894_06_10;Honda;;
;;N/A:  | N/A: ;;;Sastre;pat.;;;;;-Mariel, gol. Altagracia, pat. Sastre: con 250 sacos azúcar y 30 cuarterolas miel.;;Altagracia;;;gol.;1894_06_10;;;
;;N/A: ;;;Deulofeu;pat.;;;;;-Cabañas, gol. Trafalgar, pat. Deulofeu: con 800;;Trafalgar;;;gol.;1894_06_10;Cabañas;;
;;N/A: ;;;Serra;pat.;;;;;Congojas, gol. Amalia, pat. Serra: con 800 sacos;;Amalia;;;gol.;1894_06_12;Congojas;;
;;N/A: ;;;Román;pat.;;;;;-Arroyos, gol. Lince, pat. Román: con 600 sacos;;Lince;;;gol.;1894_06_12;Arroyos;;
;;N/A: ;;;Gil;pat.;;;;;-Banes, gol. Dos Isabeles, pat. Gil: con 90 bocoyes miel.;;Dos Isabeles;;;gol.;1894_06_12;Banes;;
;;N/A: ;;;Guinart;pat.;;;;;-Banes, gol. Josefa, pat. Guinart: con 40 becoyes;;Josefa;;;gol.;1894_06_12;Banes;;
;;;;;Pastor;pat.;;;;;Jaruco, gol. Amado Antonio, pat. Pastor: con;;Amado Antonio;;;gol.;1894_06_12;Jaruco;;
;;N/A:  | N/A: ;;;Mas;pat.;;;;;-Nuevitas, lanchón Tínima, pat. Mas: con 415 reses y efectos.;;Tínima;;;lanchón;1894_06_12;Nuevitas;;
;;;;;Berbal;pat.;;;;;-Pverto-Escondido, gol. Centinela, pat. Berbal:;;Centinela;;;gol.;1894_06_12;Escondido;;
Día 12:;;N/A:  | N/A: ;;;Vázquez;pat.;;;;;Día 12: De Nuevitas, gol. Emilla, pat. Vázquez: con 200 trozos cedro y efectos.;;Emilla;;;gol.;1894_06_13;Nuevitas;;
;;N/A: ;;;Pereira;pat.;;;;;-Carahatas, gol. Teresita, pat. Pereira: con 180;;Teresita;;;gol.;1894_06_13;Carahatas;;
;;N/A: ;;;Ruiz;pat.;;;;;-Bahía-Honda, gol. Mercedita, pat. Ruiz: con 500;;Mercedita;;;gol.;1894_06_13;Bahía-Honda;;
;;;;;Padrón;pat.;;;;;-Congojas, gol. Joven Victoria, pat. Padrón: con;;Joven Victoria;;;gol.;1894_06_13;Congojas;;
Día 13:;;N/A: ;;;Sansón;cap.;;;;;Día 13: ZI ob tank De Sagua, vapor Clara, cap. Sansón: con 261 sacos;;Clara;;;vapor;1894_06_14;Sagua;;
;;N/A: ;;;Real;cap.;;;;;Malas Aguas, vapar Tritóa, cap. Real: con 311;;Tritóa;;;vapar;1894_06_14;Malas Aguas;;
;;N/A: ;;;Rigó;pat.;;;;;-Cabañas, gol. Condor, pat Rigó: con 796 sacos;;Condor;;;gol.;1894_06_14;Cabañas;;
;;N/A:  | N/A: ;;;Bernaza;pat.;;;;;Puerto Padre, gol. Tres Hermanas, pat. Bernaza: con 80 bodoy es miel y 600 ya as inaderss.;;Tres Hermanas;;;gol.;1894_06_14;Puerto Padre;;
;;;;;Vis;pat.;;;;;Puerte-Escondido, gol. Joven Pepillo, pat. Vis;;Joven Pepillo;;;gol.;1894_06_14;Escondido;;
;;N/A: ;;;Cuevas;pat.;;;;;-Cárdenas, gta. Angelita, pat. Cuevas: con 400;;Angelita;;;gta.;1894_06_16;Cárdenas;;
;;N/A:  | N/A: ;;;Sastre;pat.;;;;;-Mariel, gta. Altagracia, pat. Sastre: con 250 sacos azúcar y 30 cuarterolas miel.;;Altagracia;;;gta.;1894_06_16;Mariel;;
;;N/A: ;;;Deulofeu;pat.;;;;;-Cabañas, gta. Trafalgar, pat. Deulofeu: con 620;;Trafalgar;;;gta.;1894_06_16;Cabañas;;
;;N/A: ;;;Viñolas;cap.;;;;;-Nuevitas, vapor Mortera, cap. Viñolas: con 1500;;Mortera;;;vapor;1894_06_19;Nuevitas;;
;;N/A: ;;;Cabruja;pat.;;;;;-Punta San Juan, gta. Segunda Rosa, pat. Cabruja: con 1000 sacos carbón.;;Segunda Rosa;;;gta.;1894_06_19;Punta San Juan;;
;;N/A: ;;;Mas;pat.;;;;;-Nuevitas, gta. Tínima, pat. Mas: con 400 reses,;;Tínima;;;gta.;1894_06_19;Nuevitas;;
;;N/A: ;;;Mayana;pat.;;;;;- Granadillo, gta. Aguila, pat. Mayana: con 500;;Aguila;;;gta.;1894_06_19;Granadillo;;
;;N/A: ;;;Gomila;pat.;;;;;-Mariel, gta. Joven Miguel, pat. Gomila: con 620;;Joven Miguel;;;gta.;1894_06_19;;;
Día 30:;;N/A: ;;;Mateu;pat.;;;;;Día 30: De Bajas, gol. Esmeralda, pat. Mateu: con 1,500 sacos carbón.;;Esmeralda;;;gol.;1894_07_01;Bajas;;
;;N/A: ;;;María Andrea;pat.;;;;;-Congojas, María Andrea, pat. Cabaleiro: con 800;;Cabaleiro;;;;1894_07_01;;;
Día 2:;;N/A: ;;;Ansuategui;pat.;;;;;Día 2: De Caibarién, vapor Alava, pat. Ansuategui: con efectos.;;Alava;;;vapor;1894_07_03;Caibarién;;
;;;;;Bernaza;pat.;;;;;-Arroyos, gol. Dos Hermanas, pat. Bernaza: con;;Dos Hermanas;;;gol.;1894_07_03;Arroyos;;
;;;;;Porteia;pat.;;;;;-Arroyos, gol. Amable Rosita, pat. Porteia: con;;Amable Rosita;;;gol.;1894_07_03;Arroyos;;
;;N/A: ;;;Román;pat.;;;;;-Mantua, gol. Lince, pat. Román: con 600 sacos;;Lince;;;gol.;1894_07_03;Mantua;;
;;N/A: ;;;González;pat.;;;;;-Morrillo, gol. Feliz, pat. González: con 320 sacos;;Feliz;;;gol.;1894_07_03;Morrillo;;
;;;;;Vives;pat.;;;;;-Dimas, gol. Hermosa Guanera, pat. Vives: con;;Hermosa Guanera;;;gol.;1894_07_03;Dimas;;
;;N/A:  | N/A: ;;;Sastre;pat.;;;;;-Mariel, gta. Altagracia, pat. Sastre: con 150 sacos azúcar y 40 bocoyes miel.;;Altagracia;;;gta.;1894_07_03;;;
Día :;;;;;Larragán;cap.;;;;;Dia & De Sagus, Vapor Clara, cap. Larragán: con efectos.;;Clara;;;Vapor;1894_07_05;Sagus;;
;;N/A:  | N/A: ;;;Ventura;cap.;;;;;-Caba, vapor Manuela, cap. Ventura: con 150 reses y efectos.;;Manuela;;;vapor;1894_07_05;Caba;;
;;N/A: ;;;Juan;pat.;;;;;-Cabañas, gol. Elva, pat. Juan: con 500 sacos de;;Elva;;;gol.;1894_07_05;Cabañas;;
;;;;;Maciá;pat.;;;;;-Congojas. gol. San Francisco, pat. Maciá: con;;San Francisco;;;gol.;1894_07_05;Congojas;;
;;;;;Cantero;pat.;;;;;-Cárdenas, gol. Aguila de Oro, pat. Cantero: con;;Aguila de Oro;;;gol.;1894_07_05;Cárdenas;;
;;;;;Bajosà;pat.;;;;;Punta logrp, gol. Engracia, pat. Bajosà: con;;Engracia;;;gol.;1894_07_05;Punta;;
;;N/A: ;;;Bosch;pat.;;;;;-Gagua, gol. Antonia, pat. Bosch: con 1,000 sacos;;Antonia;;;gol.;1894_07_05;;;
;;N/A: ;;;Fonrodona;pat.;;;;;-Sierra Morena, gol. Tres Hermanas, pat. Fonrodona: con 1,000 sacos carbón.;;Tres Hermanas;;;gol.;1894_07_05;Sierra Morena;;
;;;;;Pastor;pat.;;;;;Jaruco, gol. Amado Antonio, pat. Pastor: con;;Amado Antonio;;;gol.;1894_07_05;Jaruco;;
;;N/A:  | N/A: ;;;Pereira;pat.;;;;;17 Bacos azúcar y 60 sacos mais.. -Carahatas, gol. Teresita, pat. Pereira: con 100;;Teresita;;;gol.;1894_07_05;Carahatas;;
Día 5:;;N/A: ;;;Sansón;cap.;;;;;Día 5: De Sagua, vapor Adela, cap. Sansón: con efect 8.;;Adela;;;vapor;1894_07_06;Sagua;;
;;N/A: ;;;Real;cap.;;;;;Malas Agus, vapor Tritón, cap. Real: con 350;;Tritón;;;vapor;1894_07_06;;;
;;N/A: ;;;Suao;pat.;;;;;-Gibara, gol. Moralidad. pat. Suao: con 529 saCOB;;Moralidad;;;gol.;1894_07_06;Gibara;;
;;;;;Beneján;pat.;;;;;-Santa María, gol. Margarita, pat. Beneján: con;;Margarita;;;gol.;1894_07_06;;;
;;;;;Alemany;pat.;;;;;-Sierra Morena, gol. Matilde, pat. Alemany: con;;Matilde;;;gol.;1894_07_06;Sierra Morena;;
;;;;;Jerez;pat.;;;;;-Cayo-Romano, gol. Nautilus, pat. Jerez: con;;Nautilus;;;gol.;1894_07_06;Cayo-Romano;;
;;N/A:  | N/A: ;;;Vaca;cap.;;;;;-Cuba, vapor Julia, cap. Vaca: con 2, 85 sacos;;Julia;;;vapor;1894_07_10;Cuba;;
;;N/A:  | N/A: ;;;Mas;pat.;;;;;Nuevitas, lanchón Tínima, pat. Mas: con 400 reses y efectos.;;Tínima;;;lanchón;1894_07_10;Nuevitas;;
;;;;;Inclán;pat.;;;;;-Cabañas, gol. Caballo Marino, pat. Inclán: con;;Caballo Marino;;;gol.;1894_07_10;Cabañas;;
;;;;;Freixas;pat.;;;;;-Cabañas, gol. Joyen Pilar, pat. Freixas: con e;;Joyen Pilar;;;gol.;1894_07_10;Cabañas;;
Día 11:;;N/A: ;;;Real;cap.;;;;;Día 11: De Malas-Aguas, vapor Tritón, cap. Real: con 350;;Tritón;;;vapor;1894_07_12;Malas-Aguas;;
;;N/A: ;;;Pijuán;pat.;;;;;-Teja, gol. Castilla, pat. Pijuán: con 400 sacos de;;Castilla;;;gol.;1894_07_12;Teja;;
;;;;;Espino;pat.;;;;;-Morrillo, gol. Joven Marcelino, pat. Espino: con;esp.;Joven Marcelino;;;gol.;1894_07_12;Morrillo;;
Día :;;;;;Suárez;pat.;;;;;-Cabañas, gol. Unica de Coyanca, pat. Suárez:;;Unica de Coyanca;;;gol.;1894_07_12;Cabañas;;
Día XX:;;;;;Orbay;pat.;;;;;-Mulata, gol. Paquete de Nuevitas, pat. Orbay:;;Paquete;;;gol.;1894_07_12;Nuevitas;;
Día 13:;;N/A: ;;;Sanson;cap.;;;;;Día 13: De Sagu, vapor Adela, cap. Sanson: con 150 pipas;;Adela;;;vapor;1894_07_14;Sagu;;
;;;;;Valent;pat.;;;;;-Cárdenas, gol. María del Carmeu, pat. Valent:;;María del Carmeu;;;gol.;1894_07_14;Cárdenas;;
;;;;;Zaragoza;pat.;;;;;-Cárdenas, gol. Isla de Cuba, pat. Zaragoza: con;;Isla de Cuba;;;gol.;1894_07_14;Cárdenas;;
;;N/A: ;;;Planas;pat.;;;;;-Mulata, gol. Dolores, pat. Planas: con 200 sacos;;Dolores;;;gol.;1894_07_14;;;
Día 14:;;N/A:  | N/A:  | N/A: ;;;Ventura;cap.;;;;;"Día 14: De Nuevitas, vapor Ramón de Herrera, cap. Ventura: con 300 reses; 20,000 plátanos y efectos.";;Ramón de Herrera;;;vap.;1894_07_15;Nuevitas;;
;;N/A:  | N/A: ;;;Sastre;pat.;;;;;-Mariel, gol. Altagracia pat. Sastre: con 150 saccs azúcar y 19 cuarterolas miel.;;Altagracia;;;gol.;1894_07_15;Mariel;;
Día :;;N/A: ;;;Visquerra;pat.;;;;;-Puerto Escodido, gta. Joven Pepilla, pat. Visquerra: con 40 cuarterolas miel.;;Joven Pepilla;;;gta.;1894_07_17;Escodido;;
Día 17:;;;;;Viñolas;cap.;;;;;Día 17: De Nuevitas, vapor Mortera, cap. Viñolas: con 579;;Mortera;;;vap.;1894_07_18;Nuevitas;;
;;N/A: ;;;Padrón;pat.;;;;;-Santa María, gol. América, pat. Padrón: con 800;;América;;;gol.;1894_07_18;;;
;;;;;Alemany;pat.;;;;;-San Cayetano, gol. Rosario, pat. Alemany: con;;Rosario;;;gol.;1894_07_18;San Cayetano;;
;;N/A:  | N/A: ;;;Vázquez;pat.;;;;;-Nuevitas, gol. Emilia, pat. Vázquez: con 200 palos cedro y efectos.;;Emilia;;;gol.;1894_07_18;Nuevitas;;
;;N/A: ;;;Ferrer;pat.;;;;;-Punta-Alegre, gol. Paquete de Sagga, pat. Ferrer: con 400 varas maderas.;;Paquete de Sagga;;;gol.;1894_07_18;Punta Alegre;;
Día 19:;;N/A: ;;;Real;cap.;;;;;Día 19: De Malas-Aguas, vapor Tritón, cap. Real: con 450;;Tritón;;;vapor;1894_07_20;Malas-Aguas;;
;;N/A:  | N/A:  | N/A: ;;;Sansón;cap.;;;;;"-Sagua. vapor Adela, cap. Sansón: con 140 tercies tabaco; 30 pipas aguardiente y efectos.";;Adela;;;vapor;1894_07_20;Sagua;;
;;N/A: ;;;Plera;cap.;;;;;Nuevitas, vapor San Juan, cap. Plera: con 1,499;;San Juan;;;vapor;1894_07_20;Nuevitas;;
;;N/A:  | N/A:  | N/A: ;;;Rigo;pat.;;;;;"sacos azúcar; 200 reses y 22 tercios tabaco. --Cabañas, gol. Condor, pat. Rigo: con 350 sacos";;Condor;;;gol.;1894_07_20;Cabañas;;
;;;;;Cabruja;pat.;;;;;-Punta San Juan, gol. 2ª Rosa, pat. Cabruja: con;;2ª Rosa;;;gol.;1894_07_20;Punta San Juan;;
;;;;;Maciá;pat.;;;;;Punta San Juan, gol. San Francisco, pat. Maciá;;San Francisco;;;gol.;1894_07_20;Punta San Juan;;
;;N/A: ;;;Tie;pat.;;;;;-Congojas, gol. Rosita, pat. Tie: con 500 secos de;;Rosita;;;gol.;1894_07_20;Congojas;;
;;N/A: ;;;Enseñat;pat.;;;;;-Sierra Morena, gol. Sofía, pat. Enseñat: con 278;;Sofía;;;gol.;1894_07_20;Sierra Morena;;
;;N/A: ;;;Gi';pat.;;;;;-Banes, gol. Josefa, pat. Gi': con 20 cuarterolas;;Josefa;;;gol.;1894_07_20;Banes;;
;;N/A: ;;;Palmer;pat.;;;;;-Punta Alegre, gol. Joven Gertrudis, pat. Palmer: con f0 palos cedro.;;Joven Gertrudis;;;gol.;1894_07_20;Punta Alegre;;
;;N/A: ;;;Ferrer;pat.;;;;;-Dimas, gol. Isabel II, pat. Ferrer: con 6.0 sacos;;Isabel II;;;gol.;1894_07_20;Dimas;;
Día 20:;;N/A: ;;;Mas;cap.;;;;;Día 20: De Baracoa, gol. Anita, cap. Mas: con 25,000 cocos,;;Anita;;;gol.;1894_07_21;Baracoa;;
;;N/A: ;;;Zaragoza;pat.;;;;;-Bajas, gol. Angelita, pat. Zaragoza: con 650 Bаcos caroon.;;Angelita;;;gol.;1894_07_21;Bajas;;
;;N/A: ;;;Juan;pat.;;;;;-Cabañas, bdro. Rosita, pat. Juan: con 240 sacos;;Rosita;;;bdro.;1894_07_21;Cabañas;;
;;N/A:  | N/A: ;;;Mas;pat.;;;;;-Nnevitas, lanchón Tínima, pat. Mas: con 400 reses y efectos.;;Tínima;;;lanchón;1894_07_21;Nnevitas;;
Día 21:;;N/A:  | N/A: ;;;Mateu;pat.;;;;;Día 21: De Bajas, gol. Esmeralda, pat. Mateu: con 800 sacos carbón y 200 caballos leña.;;Esmeralda;;;gol.;1894_07_22;Bajas;;
;;;;;Barrera;pat.;;;;;-Santa María, gol. Joven Manuel pat. Barrera:;;Joven Manuel;;;gol.;1894_07_22;;;
;;N/A:  | N/A: ;;;Mandilego;pat.;;;;;-Cárdenas, gol. Clio, pat. Mandilego: con 500 barriles azúcar y 35 pipas aguardiedte.;;Clio;;;gol.;1894_07_22;Cárdenas;;
;;N/A: ;;;Riera;pat.;;;;;-Sagua, gol. Kita Fortuna, pat. Riera: con 1,000;;Kita Fortuna;;;gol.;1894_07_22;Sagua;;
;;N/A:  | N/A:  | N/A: ;;;Román;pat.;;;;;903 tercios tabaco y efectos. -Arroyos, gol. Lince, pat. Román: con 600 sacos;;Lince;;;gol.;1894_07_24;Arroyos;;
;;;;;Vives;pat.;;;;;-Dimas, gol. Hermosa Guanera, pat. Vives: con;;Hermosa Guanera;;;gol.;1894_07_24;Dimas;;
;;N/A: ;;;Menaya;pat.;;;;;-Bajas, gol. Almanza, pat. Menaya. con 1,000 sacos carbón.;;Almanza;;;gol.;1894_07_24;;;
;;;;;Pereira;pat.;;;;;-Carahatas, gol. Teresita, pat. Pereira: en lastre.;;Teresita;;;gol.;1894_07_24;Carahatas;;
Día 24:;;;;;Santana;pat.;;;;;Dia 24: De Santa María, gol. Joven Jaime, pat. Santana:;;Joven Jaime;;;gol.;1894_07_25;Santa María;;
;;;;;Marantes;pat.;;;;;Mariel, gol. María Magdalena, pat. Marantes:;;María Magdalena;;;gol.;1894_07_25;;;
;;;;;Larragán;cap.;;;;;-S gua, vaper Clara, cap. Larragán: con efez es.;;Clara;;;vaper;1894_07_25;;;
Día 26:;;N/A: ;;;Real;cap.;;;;;Día 26: De Malas-Aguas, vapor Tritón, cap. Real: con 665;;Tritón;;;vapor;1894_07_27;Malas-Aguas;;
;;N/A: ;;;Sansón;cap.;;;;;-Sagua, vapor Adela, cap. Sansón: con 206 tercios;;Adela;;;vapor;1894_07_27;Sagua;;
;;N/A:  | N/A:  | N/A:  | N/A: ;;;Castell;pat.;;;;;"Gibara, gol. Gibara, pat. Castell: con 75,000 plátanos; 343 sacos y 16 boooyes azúcar; 371 sacos";;Gibara;;;gol.;1894_07_27;Gibara;;
;;;;;Santana;pat.;;;;;-Santa María, gol. Trinidad, pat. Santana: con;;Trinidad;;;gol.;1894_07_27;;;
;;;;;Cantero;pat.;;;;;-Cárdenas, gol. Aguila de Oro, pat. Cantero: con;;Aguila de Oro;;;gol.;1894_07_27;Cárdenas;;
;;N/A:  | N/A: ;;;Cayuso;pat.;;;;;-Matanzas, gol. Amalia, pat. Cayuso: con 800 sacos azúcar y 80 bocoyes miel.;;Amalia;;;gol.;1894_07_27;Matanzas;;
;;;;;Sastre;pat.;;;;;Mariel, gol. Altagracia, pat. Sastre: en lastre.;;Altagracia;;;gol.;1894_07_27;;;
Día 27:;;N/A: ;;;Viñolas;cap.;;;;;"Dia 27: De Nuevitas; vapor Mortera, cap. Viñolas: con 360";;Mortera;;;vapor;1894_07_28;Nuevitas;;
;;N/A: ;;;Moll;pal.;;;;;-Puerto-Padre, gol. Dolores, pal. Moll: con 50000;;Dolores;;;gol.;1894_07_28;Padre;;
Día 28:;;N/A: ;;;Cardona;pat.;;;;;Día 28: De Dimas, gol. Especulación, pat. Cardona: con 300;;Especulación;;;gol.;1894_07_29;Dimas;;
;;N/A: ;;;Larragán;cap.;;;;;Srgu, vapor Clara, cap. Larragán: con 136 tercioa tabaco y efecto.;;Clara;;;vapor;1894_07_29;;;
Día 30:;;N/A: ;;;Vaca;cap.;;;;;"Día 30: slotted De Cuba, vapor Julia, cap. Vaca: con 700 reses;";;Julia;;;vapor;1894_07_31;Cuba;;
;;N/A: ;;;Colomar;pat.;;;;;-Ortigosa, gol. Dolorita, pat. Colomar: con 58;;Dolorita;;;gol.;1894_07_31;Ortigosa;;
;;;;;Gil;pat.;;;;;-Banes, gol. Josefa, pat. Gil: en lastre.;;Josefa;;;gol.;1894_07_31;Banes;;
;;N/A: ;;;Ferrer;pat.;;;;;-San Cayetano, gol. Gallego, pat. Ferrer: con 250;;Gallego;;;gol.;1894_07_31;San Cayetano;;
Día 10:;;N/A: ;;;Real;cap.;;;;;Día 10: De Malac-Aguas, vapor Tritón, cap. Real: con 500;;Tritón;;;vap.;1894_08_02;Malac-Aguas;;
;;;;;Portella;pat.;;;;;-Arroyos, gol. Amable Rosita, pat. Portella: con;;Amable Rosita;;;gol.;1894_08_02;Arroyos;;
;;N/A: ;;;Juan;pat.;;;;;Cabañas, hdro. Rosita, pat. Juan: con 3,000 tojas .;;Rosita;;;hdro.;1894_08_02;Cabañas;;
;;N/A: ;;;Pereira;pat.;;;;;Carahatas, gol. Teresita, pat. Pereira: con 800;;Teresita;;;gol.;1894_08_02;Carahatas;;
;;;;;Espino;pat.;;;;;Merrillo, gol. Joven Marcelino, pat. Espino: en;esp.;Joven Marcelino;;;gol.;1894_08_02;;;
;;;;;Gomila;pat.;;;;;-Cabañas, gol. Joven Miguel, pat. Gomila: con;;Joven Miguel;;;gol.;1894_08_02;Cabañas;;
Día 2:;;N/A: ;;;Sansón;cap.;;;;;Día 2: 4 De Sagua, vapor Adela, cap. Sansón: con 75 tercios;;Adela;;;vapor;1894_08_03;Sagua;;
Día :;;N/A: ;;;Jerez;pat.;;;;;Cayo Romano, gol. Nautilus, pat. Jerez: con 750;;Nautilus;;;gol.;1894_08_03;Cayo Romano;;
Día 01:;;;;;Cabaleiro;pat.;;;;;-Congojas, gol. María Andrea, pat. Cabaleiro:;;María Andrea;;;gol.;1894_08_03;Congojas;;
;;N/A:  | N/A:  | N/A: ;;;Mas;pat.;;;;;-Nuevitas. lanchón Tinima, pat. Mas: con 400 reses, 20 caballos y efectos.;;Tinima;;;lanchón;1894_08_03;Nuevitas;;
Día 4:;;N/A:  | N/A: ;;;Ventura;cap.;;;;;Día 4: De Cuba, vapor Manuela, cap. Ventura: con 140 reses y efectos.;;Manuela;;;vapor;1894_08_05;Cuba;;
;;N/A:  | N/A: ;;;Larragán;cap.;;;;;-Sagua, vapor Clara, cap. Larragán: con 240 tercios tabaco y efectos.;;Clara;;;vapor;1894_08_05;Sagua;;
;;;;;Calzada;pat.;;;;;-Manzanillo, gol. Margarita, pat. Calzada: con;;Margarita;;;gol.;1894_08_05;Manzanillo;;
Día :;;;;;Orbay;pat.;;;;;-Mulata, gol. Paquete de Nuevttas, pat. Orbay:;;Paquete;;;gol.;1894_08_05;Nuevttas;;
;;N/A: ;;;Viñolas;cap.;;;;;-Nuevitas, vapor Mortera, cap. Viñolas: con 200;;Mortera;;;vapor;1894_08_08;Nuevitas;;
;;N/A:  | N/A: ;;;Bernaza;pat.;;;;;"-Puerto-Padre, gol. Tres Hermanas, pat. Bernaza: con 103 bocoyes miel; 450 paquetes tablillas;";;Tres Hermanas;;;gol.;1894_08_08;Padre;;
;;;;;Alemany;pat.;;;;;-Berracos, gol. María del Carmen, pat. Alemany:;;María del Carmen;;;gol.;1894_08_08;;;
;;;;;Alemán;pat.;;;;;-Granadille, gol. Ignacia Alemán, pat. Mir: con;;Ignacia;;;gol.;1894_08_08;Granadille;;
;;;;;Villalonga;pat.;;;;;-San Cayetano. gol. Carmita, pat. Villalonga: con;;Carmita;;;gol.;1894_08_08;San Cayetano;;
;;;;;Padrón;pat.;;;;;-Congojae, gol. Joven Victoria, pat. Padrón: con;;Joven Victoria;;;gol.;1894_08_08;Congojae;;
Día :;;;;;Vilialonga;pat.;;;;;-Sierra Morena, gol. Enriqueta, pat. Vilialonga:;;Enriqueta;;;gol.;1894_08_08;Sierra Morena;;
;;N/A: ;;;Bujosa;pat.;;;;;-Caibarién, gol. Engracia, pat. Bujosa: con 50000;;Engracia;;;gol.;1894_08_08;Caibarién;;
;;;;;Maciá;pat.;;;;;Margagitas, gol. San Francisco, pat. Maciá: con;;San Francisco;;;gol.;1894_08_08;;;
;;;;;Sastre;pat.;;;;;-Mariel, gol. Altagracia, pat. Sastre: en lastre.;;Altagracia;;;gol.;1894_08_08;;;
Día 8:;;;;;Real;cap.;;;;;Día 8: De Malas-Aguas, vapor Tritón, cap. Real: con 60;;Tritón;;;vapor;1894_08_09;Malas-Aguas;;
;;N/A: ;;;Alemany;pat.;;;;;-Cárdenas, gol. Ja'ia, pat. Alemany: con 4 0 ba;;Ja'ia;;;gol.;1894_08_09;Cárdenas;;
;;N/A: ;;;Wiere;pat.;;;;;"-Cárdenas, gol. Emma, pat. Wiere; gon 100 pipas";;Emma;;;gol.;1894_08_09;Cárdenas;;
;;;;;Padrón;pat.;;;;;-Sierra Morena, gol. América, pat. Padrón: con;;América;;;gol.;1894_08_09;Sierra Morena;;
;;N/A: ;;;Sansón;cap.;;;;;-Sagua, vapor Adela, cap. Sansón: con 98 tercios;;Adela;;;vapor;1894_08_09;Sagua;;
;;N/A: ;;;Palmer;pat.;;;;;Fanta Alegre, gol Joven Gertrudis, pat. Palmer: con 160 palos cedro.;;Joven Gertrudis;;;gol;1894_08_09;Fanta Alegre;;
;;N/A:  | N/A: ;;;Mayans;pat.;;;;;-Granadillo, gol Aguile, pat. Mayans: con 48 trozos cedro y 80 arabos.;;Aguile;;;gol.;1894_08_09;Granadillo;;
Día 10:;;N/A: ;;;Ginesta;cap.;;;;;Día 10: De Nuevitas, vapor San Juan, cap. Ginesta: con 534;;San Juan;;;vap.;1894_08_11;Nuevitas;;
;;N/A:  | N/A: ;;;Larragán;cap.;;;;;-Sagua, vapor Clara, cap. Larragán: con 85 tercios tabaco y efectos.;;Clara;;;vapor;1894_08_11;Sagua;;
;;N/A: ;;;Prats;pat.;;;;;-Arroyos, gol Dos Amigos, pat. Prats: con 800;;Dos Amigos;;;gol.;1894_08_11;Arroyos;;
;;N/A:  | N/A:  | N/A: ;;;Toicido;pat.;;;;;-Matanzas, gol. María, pat. Toicido: con 290 bocayes, 15012 idem y 2614 idem aguardiente.;;María;;;gol.;1894_08_11;Matanzas;;
Día 13:;;N/A:  | N/A:  | N/A: ;;;Zaragoza;pat.;;;;;"Día 13: De Bajas, gol. Angelita, pat. Zaragoza: con 830 sacos carbón; 40 caballos lefia y efectos.";;Angelita;;;gol.;1894_08_14;Bajas;;
;;N/A: ;;;Barrera;pat.;;;;;-Guanes, gol. Margarita, pat. Barrera: con 80 88cos maiz.;;Margarita;;;gol.;1894_08_14;Guanes;;
;;;;;Zaragoza;pat.;;;;;-Punta Hicaco, gol. Reglana, pat. Zaragoza: con;;Reglana;;;gol.;1894_08_14;Punta Hicaco;;
;;;;;Valent;pat.;;;;;-Cárdenas, gol. María del Carmen, pat. Valent:;;María del Carmen;;;gol.;1894_08_14;Cárdenas;;
;;N/A: ;;;Colomar;pat.;;;;;-Ortigosa, gol. Dolaritas, pat. Colomar: con 90;;Dolaritas;;;gol.;1894_08_14;Ortigosa;;
;;;;;Mortells;pat.;;;;;-San Cayetano, gol. Gallego, pat. Mortells: con;;Gallego;;;gol.;1894_08_14;San Cayetano;;
Día 14:;;N/A: ;;;Ansnategui;cap.;;;;;Día 14: De Calbarién, vapor Alava, cap. Ansnategui: con 64;;Alava;;;vapor;1894_08_15;Calbarién;;
;;N/A: ;;;Serra;pat.;;;;;-Congojas, gol. Amalia, pat. Serra: con 800 sacos;;Amalia;;;gol.;1894_08_15;Congojas;;
;;N/A:  | N/A:  | N/A:  | N/A:  | N/A:  | N/A:  | N/A: ;;;;;;;;;"-Dimas, gol. Isabel II, pat. Ferrer: con 600 sacom carbón. -Yagusjay, dol. Mallorca, pat. Enseñat: con 100 bocoyes miel. Sierra Morena, gol. Matilde, pat. Alemany: con 243 sacos azúcar. -Mulata, gol. Dolores, pat. Planas: con 250 vara= maderas. -Sierra Morena, gol. Tres Hermanas, pat. Fonrodona: con 800 sacos carbón. -Nuevitas, lanchón Tínime. pat. Mas: con 445 reees; 21 lios cueros y efectos. Emoryels";;;;;;1894_08_15;;;
Día 17:;;N/A: ;;;Real;cap.;;;;;Día 17: De Malas-Agnas, vaper Tritón, cap. Real: con 1,100;;Tritón;;;vaper;1894_08_18;Malas-Agnas;;
;;N/A:  | N/A: ;;;Román;pat.;;;;;Arroyos, gol. Lince, pat. Román: con 700 sacos. 1 carbón.;;Lince;;;gol.;1894_08_18;Arroyos;;
;;;;;Marantes;pat.;;;;;-Mariel, gol. María Magdalena, pat. Marantes: en;;María Magdalena;;;gol.;1894_08_18;;;
;;N/A: ;;;Pijuán;pat.;;;;;-Teja, gol. Castilla, pat. Pijuán: con 1,000 sacos;;Castilla;;;gol.;1894_08_18;Teja;;
;;;;;Gomila;pat.;;;;;Mariel, gol. Joven Miguel, pat. Gomila: con;;Joven Miguel;;;gol.;1894_08_18;;;
;;N/A: ;;;Pereira;pat.;;;;;-Carshatas, gol. Teresita, pat Pereira: con 100;;Teresita;;;gol.;1894_08_18;Carshatas;;
;;N/A: ;;;Valent;pat.;;;;;-Cárdenas. gol. Jaan Toraya, pat. Valent: con 40;;Jaan Toraya;;;gol.;1894_08_18;Cárdenas;;
Día 18:;;N/A:  | N/A: ;;;Larragán;cap.;;;;;Día 18: De Sagua, vapor Clara, cap. Larragán: con 320 tercios tabaco y efectos.;;Clara;;;vapor;1894_08_19;Sagua;;
;;;;;Gil;pat.;;;;;-Banes, gol. Josefa, pat. Gil: en lastre.;;Josefa;;;gol.;1894_08_19;Banes;;
;;;;;Rigó;pat.;;;;;-Cabañas, gol. Concor. pat. Rigó: con efectos.;;Concor;;;gol.;1894_08_19;Cabañas;;
;;;;;Espino;pat.;;;;;-Morrillo, gol. Joven Marcelino, pat. Espino: con;;Joven Marcelino;;;gol.;1894_08_19;Morrillo;;
Día 20:;;N/A: ;;;Vaca;cap.;;;;;Día 20: De Nuevitas, vap. Julia, cap. Vaca: con 500 reses,;;Julia;;;vap.;1894_08_21;Nuevitas;;
;;N/A:  | N/A: ;;;Rigó;pat.;;;;;-Cabañas, gta. Condor, pat. Rigó: con 33 bocoyes miel y efectos.;;Condor;;;gta.;1894_08_21;Cabañas;;
Día 01:;;N/A: ;;;Calatayud;pat.;;;;;-Manzanillo, gta. Segunda Cantinera, pat. Calatayud: con 800 piés maderas.;;Segunda Cantinera;;;gta.;1894_08_21;Manzanillo;;
Día 21:;;N/A: ;;;Ausuategui;cap.;;;;;Dia 21: De Caibarién, vapor Ajava, cap. Ausuategui: con 96;;Ajava;;;vapor;1894_08_22;Caibarién;;
;;;;;Pagée;pat.;;;;;Jaruco, gol. Amado Antonio, pat. Pagée: en lastre.;;Amado Antonio;;;gol.;1894_08_22;Jaruco;;
Día 22:;;N/A: ;;;Real;cap.;;;;;Día 22: De Malas-Aguas, vapor Tritón, cap. Real: con 800;;Tritón;;;vapor;1894_08_23;Malas-Aguas;;
;;N/A: ;;;Juan;pat.;;;;;-Cabañas, bdro. Rosita, pat. Juan: con 79 tercios;;Rosita;;;bdro.;1894_08_23;Cabañas;;
;;;;;Ferrer;pat.;;;;;-San Cayetano, gol. San Francisco, pat. Ferrer:;;San Francisco;;;gol.;1894_08_23;San Cayetano;;
;;;;;Santana;pat.;;;;;-Santa María, gol. Joven Jaime, pat. Santana:;;Joven Jaime;;;gol.;1894_08_23;Santa María;;
;;N/A: ;;;Jofre;pat.;;;;;-Dimas, gol. Mercedita. pat. Jofre: con 1,000 sacos carbón.;;Mercedita;;;gol.;1894_08_23;Dimas;;
Día 23:;;N/A: ;;;Sansón;cap.;;;;;Día 23: De Sagua, vapor Adela, cap. Sansón: con 412 tercios;;Adela;;;vap.;1894_08_24;Sagua;;
;;;;;Vives;pat.;;;;;Dimas, gol. Hermosa Guanera, pat. Vives: con;;Hermosa Guanera;;;gol.;1894_08_24;;;
;;;;;Barrera;pat.;;;;;-Santa Cruz, gol. Joven Mauuel, pat. Barrera:;;Joven Mauuel;;;gol.;1894_08_24;Santa Cruz;;
;;N/A:  | N/A: ;;;Laragán;cap.;;;;;-Sagua, vapor Clara, cap. Laragán: con 160 tercios tabaco y efectos,;;Clara;;;vapor;1894_08_26;Sagua;;
;;;;;Portella;pat.;;;;;Arroyos, gol. Amable Rosita, pat. Portella: con;;Amable Rosita;;;gol.;1894_08_26;Arroyos;;
;;N/A: ;;;;;;;;;-Cor gojas, gol. América, put. Padrón: con 800;;América;;;gol.;1894_08_26;Padrón;;
;;N/A:  | N/A: ;;;Mateu;pat.;;;;;-Bajas, gol. Esmeralda. pat. Mateu: con 800 saсов сагьба 400 caballos leño.;;Esmeralda;;;gol.;1894_08_26;Bajas;;
;;;;;Cabrnja;pat.;;;;;-Punta San Juan, gol. 2 Rosa, pat. Cabrnja: con;;2 Rosa;;;gol.;1894_08_26;Punta San Juan;;
;;N/A: ;;;Tió;pat.;;;;;Con gojas, gol. Rosita, pat. Tió: con 800 sacos;;Rosita;;;gol.;1894_08_26;;;
;;N/A: ;;;Alemany;pat.;;;;;carbón. - Granadillo, gol, Aguila, pat. Alemany: con 800;;Aguila;;;gol;1894_08_26;Granadillo;;
;;N/A: ;;;Jofre;pat.;;;;;-Sagua, gol. Candita, pat. Jofre: con 1,000 saces;;Candita;;;gol.;1894_08_26;Sagua;;
Día 01:;;;;;Tur;pat.;;;;;-Playas de San Juan, gol. José Riera, pat. Tur:;;José Riera;;;gol.;1894_08_26;Playas de San Juan;;
;;N/A:  | N/A: ;;;Mas;pat.;;;;;-Nuevitas, lanchón Tínima, pat. Mas: con 400 reBes y efectos.;;Tínima;;;lanchón;1894_08_26;Nuevitas;;
Día 27:;;N/A: ;;;Mari;pat.;;;;;Día 27: POL De Baracoa, gol. Esperanza, pat. Mari: con 10,000;;Esperanza;;;gol.;1894_08_28;Baracoa;;
;;;;;Marantes;pat.;;;;;-Mariel. gol. María Magdalena, pat. Marantes:;;María Magdalena;;;gol.;1894_08_28;;;
;;N/A: ;;;Alemany;pat.;;;;;Cárdenas, gol. Julia, pat. Alemany: con pipas;;Julia;;;gol.;1894_08_28;Cárdenas;;
Día :;;;;;Alemany;pat.;;;;;-Banes, gol. María del Carmen, pat. Alemany:;;María del Carmen;;;gol.;1894_08_28;Banes;;
;;N/A: ;;;Real;cap.;;;;;-Malas-Aguas, vapor Tritón, cap. Real: con 677;;Tritón;;;vapor;1894_08_30;Malas-Aguas;;
;;N/A: ;;;Ginesta;cap.;;;;;-Nuevitas, vapor San Jaan, cap. Ginesta: con 200;;San Jaan;;;vapor;1894_08_30;Nuevitas;;
;;N/A: ;;;Cuevas;pat.;;;;;-Cirenas, gol. Angelita, pat. Cuevas: can 400;;Angelita;;;gol.;1894_08_30;Cirenas;;
;;N/A: ;;;Pereira;pat.;;;;;-Carahatas, gol Teresita, pat. Pereira: con 462;;Teresita;;;gol;1894_08_30;Carahatas;;
;;N/A: ;;;Inclán;pat.;;;;;-Cabañas. gol. Rosi:a, pat. Inclán: con 42 tercios;;Rosi:a;;;gol.;1894_08_30;Cabañas;;
;;N/A: ;;;Sansón;cap.;;;;;-Sagua, vapor Adla, cap. Sansón: con 115 tercios;;Adla;;;vapor;1894_08_30;Sagua;;
Día 31:;;N/A: ;;;Suao;pat.;;;;;Día 31: De Gibara, gol. Moralidad, pat. Suao: con 708 sacos;;Moralidad;;;gol.;1894_09_01;Gibara;;
;;;;;Cardona;pat.;;;;;Guanes, gol. Especulación, pat. Cardona: con;;Especulación;;;gol.;1894_09_01;Guanes;;
;;N/A: ;;;Vázquez;pat.;;;;;-Nuevitas, gol. Emilia, pat. Vázquez: con 50,000;;Emilia;;;gol.;1894_09_01;Nuevitas;;
;;N/A: ;;;Ferrer;pat.;;;;;-San Cayetano, gol. Gallego, pat. Ferrer: con 240;;Gallego;;;gol.;1894_09_01;San Cayetano;;
;;;;;Bontempo;pat.;;;;;-San Cayetano, gol. Joven Lola, pat. Bontempo:;;Joven Lola;;;gol.;1894_09_01;San Cayetano;;
;;N/A: ;;;Mandilego;pat.;;;;;-Cárdenas, gol. Unión, pat. Mandilego: con 30;;Unión;;;gol.;1894_09_01;Cárdenas;;
Día 19:;;N/A: ;;;Larragán;cap.;;;;;Día 19: Da Segua, varor Clara, cap. Larragán: con 400 ter;;Clara;;;varor;1894_09_02;Segua;;
Día 5:;;N/A: ;;;Real;cap.;;;;;Día 5: зор касе De Malas-Aguas, vapor Tritón, cap. Real: con 850;;Tritón;;;vapor;1894_09_06;Malas-Aguas;;
;;N/A: ;;;Ventura;cap.;;;;;-Nuevitas, vapor Manue'a, cap. Ventura: con 400;;Manue'a;;;vapor;1894_09_06;Nuevitas;;
;;N/A: ;;;Román;pat.;;;;;-Arroyos, gol. Lince, pat. Román: con 25 tercios;;Lince;;;gol.;1894_09_06;Arroyos;;
;;;;;Bernaza;pat.;;;;;-Arroxos, gol. Dos Hermanas, pat. Bernaza: con;;Dos Hermanas;;;gol.;1894_09_06;Arroxos;;
;;N/A: ;;;Grandal;pat.;;;;;-Bajar, gol. Carmita, pat. Grandal: con 800 saсоB;;Carmita;;;gol.;1894_09_06;;;
;;;;;Cabaleiro;pat.;;;;;Congojas, gol. María Andrea, pat. Cabaleiro:;;María Andrea;;;gol.;1894_09_06;Congojas;;
;;;;;Espino;pat.;;;;;-Morrillo, gol. Joven Marcelino, pat. Espino: con;;Joven Marcelino;;;gol.;1894_09_06;Morrillo;;
;;;;;Sastre;pat.;;;;;Mariel, gol. Altagracia, pat. Sastre: en lastre.;;Altagracia;;;gol.;1894_09_06;;;
;;N/A: ;;;Sanson;cap.;;;;;Sagua, vapor Adela, cap. Sanson: con 707 tercios;;Adela;;;vapor;1894_09_08;Sagua;;
;;N/A: ;;;Ruiz;pat.;;;;;-Babía Honda, gol. Mercedita, pat. Ruiz: con 100;;Mercedita;;;gol.;1894_09_08;Babía Honda;;
Día 10:;;N/A: ;;;Vaca;cap.;;;;;"Día 10: De Nuevitas, vapor Julia, cap. Vaca: con 400 reses;";;Julia;;;vapor;1894_09_11;Nuevitas;;
;;N/A: ;;;Serra;pat.;;;;;-Cargojas, gol. Amalia, pat. Serra: con 800 sacos;;Amalia;;;gol.;1894_09_11;Cargojas;;
;;;;;Padrón;pat.;;;;;-Congojas, gol. Joven Victoria, pat. Padrón: con;;Joven Victoria;;;gol.;1894_09_11;Congojas;;
;;N/A: ;;;Santana;pat.;;;;;-Congojas, gol. Trinidad, pat. Santana: con 800;;Trinidad;;;gol.;1894_09_11;Congojas;;
;;N/A: ;;;Cabre;pat.;;;;;Sierra Morena, gol. Emilia, pat. Cabre: con 19;;Emilia;;;gol.;1894_09_11;;;
;;;;;Cantero;pat.;;;;;-Cárdenas, gol. Aguila de Oro, pat. Cantero: con;;Aguila de Oro;;;gol.;1894_09_11;Cárdenas;;
;;N/A: ;;;Alemany;pat.;;;;;-Teja, gol. Paulita, pat Alemany: con 25,000 tejas.;;Paulita;;;gol.;1894_09_11;Teja;;
;;N/A: ;;;Rivoro;pat.;;;;;-Manzonillo, gol Micaela, pat. Rivoro: con 80000;;Micaela;;;gol;1894_09_11;Manzonillo;;
;;N/A: ;;;Suria;pat.;;;;;Congojas, gol. Amalia, pat. Suria: con 800 sacos;;Amalia;;;gol.;1894_09_13;Congojas;;
;;N/A: ;;;Ferrer;pat.;;;;;-Dimas, gol. Isabel II, pat. Ferrer: con 600 sacos carbon.;;Isabel II;;;gol.;1894_09_13;Dimas;;
Día 14:;;N/A: ;;;Real;cap.;;;;;Día 14: De Malas-Aguas, vapor Tritón, cap. Real: con 810;;Tritón;;;vapor;1894_09_15;Malas-Aguas;;
;;N/A: ;;;Sansón;cap.;;;;;-Sagua, vapor Adela, cap. Sansón: con 375 tercios;;Adela;;;vapor;1894_09_15;Sagua;;
Día :;;N/A:  | N/A: ;;;Zaragoza;pat.;;;;;Bajcs, gol. Angelita, pat. Zaragoza: con 200 sacos carbón y efectos.;;Angelita;;;gol.;1894_09_15;;;
;;N/A: ;;;Mandilego;pat.;;;;;-Cárdeuas, gol. Unión, pat. Mandilego: con 100;;Unión;;;gol.;1894_09_15;Cárdeuas;;
Día 15:;;N/A:  | N/A: ;;;Larregán;cap.;;;;;"Día 15: De Sagus, vapor Clara, cap. Larregán; con 410 tercios tabaco y efectos.";;Clara;;;vap.;1894_09_16;Sagus;;
;;;;;Alemán;pat.;;;;;-Granadillo, gol. Ignacia Alemán, pat. Mir. con;;Ignacia;;;gol.;1894_09_16;Granadillo;;
;;;;;Rigó;pat.;;;;;-Cabañas, gol. Condor, pat. Rigó: en lastre.;;Condor;;;gol.;1894_09_18;Cabañas;;
;;;;;Tous;pat.;;;;;-Canasí, gol. Sabás, pat. Tous: en lastre.;;Sabás;;;gol.;1894_09_18;Canasí;;
;;N/A: ;;;Freixas;pat.;;;;;-Cabañas gol. Joven Pilar, pat. Freixas: con 200;;Joven Pilar;;;gol.;1894_09_18;Cabañas;;
;;N/A: ;;;Cuevas;pat.;;;;;"-Cár eras, gol Angel ta, pat. Cuevas; con 300";;Angel ta;;;gol;1894_09_18;Cár eras;;
;;N/A:  | N/A: ;;;Mas;pat.;;;;;-Nuevitas, lanchón Tí ima, pat. Mas: con 409 reses y efectos;;Tí ima;;;lanchón;1894_09_18;Nuevitas;;
;;N/A: ;;;Beneján;pat.;;;;;-Guanes, gol. Margarita, pat. Beneján: con 300;;Margarita;;;gol.;1894_09_19;Guanes;;
;;N/A:  | N/A: ;;;Juan;pat.;;;;;Cabañas, bdro. Rosita, pat. Juan: con 20 cuarterolas miel y 120 tercios tabaco.;;Rosita;;;bdro.;1894_09_19;Cabañas;;
Día :;;N/A:  | N/A:  | N/A: ;;;Danzas;pat.;;;;;"-Baracoa, gol. Fortuna, pat. Danzas: con 450 sacos cáseara de mangle; 50,000 cocos y 50 trozos";;Fortuna;;;gol.;1894_09_19;Baracoa;;
Día 19:;;N/A: ;;;Real;pat.;;;;;Día 19: De Malas-Aguas, vapor Tritón, pat. Real: con 700;;Tritón;;;vapor;1894_09_20;Malas-Aguas;;
;;N/A: ;;;Ginesta;cap.;;;;;-Nuevitas, vapor San Juan, cap. Ginesta: con 81;;San Juan;;;vapor;1894_09_20;Nuevitas;;
;;;;;Santana;pat.;;;;;"Santa María, gol. Joven Jaime, pat. Santana;";;Joven Jaime;;;gol.;1894_09_20;;;
;;N/A: ;;;Ferrer;pat.;;;;;Dimas, gol. Mercedita, pat. Ferrer: con 1,000;;Mercedita;;;gol.;1894_09_20;;;
Día 21:;;N/A:  | N/A: ;;;Abaroa;cap.;;;;;Día 21: De Sagua, vapor Adela, cap. Abaroa: con 430 tercios tabaco y efectos.;;Adela;;;vapor;1894_09_22;Sagua;;
;;;;;Valent;pat.;;;;;-Cárdenas, gol. María del Carmen, pat. Valent:;;María del Carmen;;;gol.;1894_09_22;Cárdenas;;
Día 22:;;N/A:  | N/A: ;;;Larragán;cap.;;;;;Día 22. De Sagua, vs por Clara, cap. Larragán: con 91 tercies tabaco y efectos.;;Clara;;;vs;1894_09_23;Sagua;;
Día 26:;;N/A: ;;;Padrón;pat.;;;;;Día 26: De Congojas, gol. América, pat. Padrón: con 800;;América;;;gol.;1894_09_27;Congojas;;
;;N/A: ;;;Tie;pat.;;;;;-Congojas, gol. Rosita, pat. Tie: con 800 sacos;;Rosita;;;gol.;1894_09_27;Congojas;;
;;N/A:  | N/A: ;;;Maa;pat.;;;;;-Nuevitas, lanchón Tínima, pat. Maa: con 400 reFes y efectos.;;Tínima;;;lanchón;1894_09_27;Nuevitas;;
;;N/A: ;;;Juan;pat;;;;;-Mayari, gol. María Teresa, pat Juan: con 638;;María Teresa;;;gol.;1894_09_27;Mayari;;
;;;;;Juan;pat.;;;;;-Cabañas, gol. Rosita, pat. Juan: en lastre.;;Rosita;;;gol.;1894_09_27;Cabañas;;
;;;;;Bajess;pat.;;;;;-Punta Alegre, gol. Engracia, pat. Bajess: con;;Engracia;;;gol.;1894_09_27;Punta Alegre;;
Día 29:;;N/A: ;;;Abaroa;cap.;;;;;Día 29: De Sagua, vapor Adela, cap. Abaroa: con 425 tercios;;Adela;;;vapor;1894_09_30;Sagua;;
;;N/A: ;;;Real;cap.;;;;;-Malas-Aguas, vapor Tritón, cap. Real: con 640;;Tritón;;;vapor;1894_09_30;Malas-Aguas;;
;;;;;Marantes;pat.;;;;;-Mariel, gol. María Magdalena, pat. Marantes:;;María Magdalena;;;gol.;1894_09_30;;;
;;;;;Jofra;pat.;;;;;-Sierra Morena, gol. Emilia, pat. Jofra: con una;;Emilia;;;gol.;1894_09_30;Sierra Morena;;
Día 19:;;N/A: ;;;Mas;pat.;;;;;Día 19: De Baracoa, gol. Anite, pat. Mas: con 60,000 cocos;;Anite;;;gol.;1894_10_02;Baracoa;;
;;N/A: ;;;Juan;pat.;;;;;Cabañas, gol. Rosita, pat. Juan: con 8,000 tejas;;Rosita;;;gol.;1894_10_02;Cabañas;;
;;N/A: ;;;Román;pat.;;;;;-Arroyos, gol. Lince, pat. Román: con 700 sacos;;Lince;;;gol.;1894_10_02;Arroyos;;
;;;;;Portella;pat.;;;;;-Arroyos, gol. Amable Resita, pat. Portella: con;;Amable Resita;;;gol.;1894_10_02;Arroyos;;
;;;;;Riera;pat.;;;;;Carakatas, gol. Teresita, pat. Riera: en lastre.;;Teresita;;;gol.;1894_10_02;;;
;;N/A:  | N/A:  | N/A:  | N/A: ;;;F'errer;pat.;;;;;-Cárdenas, gol. Purísima Concepción, pat. F'errer: con 400 barriles, 400 cajitas y 50 pipas aguardiente y efectos.;;Purísima Concepción;;;gol.;1894_10_02;Cárdenas;;
Día 6:;;;;;Abaros;cap.;;;;;"Día 6: ab hoss goof of althoal of 10 De Sagua, vapor Adela, cap. Abaros; con efectos.";;Adela;;;vapor;1894_10_07;Sagua;;
;;;;;Cantero;pat.;;;;;-Cárdenas, gol. Aguila de Oro, pat. Cantero: con;;Aguila de Oro;;;gol.;1894_10_07;Cárdenas;;
;;;;;Espinc;pat.;;;;;-Morrillo, gol. Joven Marcelino, pat. Espinc: con;;Joven Marcelino;;;gol.;1894_10_07;Morrillo;;
;;N/A: ;;;Moll;pat.;;;;;"-Puerto-Padre, gol. Deleres, pat. Moll; con 20000 To pies madera,";;Deleres;;;gol.;1894_10_07;Padre;;
;;N/A:  | N/A: ;;;Perera;cap.;;;;;-Cuba, vapor San Juan, cap. Perera: con 200 reses y efectos.;;San Juan;;;vapor;1894_10_10;Cuba;;
;;N/A:  | N/A: ;;;Mas;pat.;;;;;-Nuevitas, lurchóu Tínima, pat. Mas: con 100 reses y efectos.;;Tínima;;;lurchóu;1894_10_10;Nuevitas;;
;;;;;Bontempo;pat.;;;;;-San Cayetano, gol. Joven Lola, pat. Bontempo:;;Joven Lola;;;gol.;1894_10_10;San Cayetano;;
;;;;;Meteu;pat.;;;;;Margagitas, gol. Esmeralda, pat. Meteu: con;;Esmeralda;;;gol.;1894_10_10;;;
;;;;;Blanco;pat.;;;;;Margagitas, gol. Joven Magdalena, pat. Blanco:;;Joven Magdalena;;;gol.;1894_10_10;;;
;;N/A: ;;;Pujol;pat.;;;;;-Mantua, gol Nuevo Hilario, pat. Pujol: con 550;;Nuevo Hilario;;;gol;1894_10_10;Mantua;;
;;;;;Inclán;pat.;;;;;-Cabañas. gol. Rosita. pat. Inclán: en lastre.;;Rosita;;;gol.;1894_10_10;Cabañas;;
;;;;;Sastre;pat.;;;;;-Masiel, gol. Altagracia, pat. Sastre: en lastre.;;Altagracia;;;gol.;1894_10_10;;;
;;N/A: ;;;Real;cap.;;;;;Malas-Aguas, vapor Tritón, cap. Real: con 950;;Tritón;;;vap.;1894_10_12;Malas-Aguas;;
;;;;;Esterellas;pat.;;;;;Gibara, gol. Exoreso de Gibara, pat. Esterellas:;;Exoreso;;;gol.;1894_10_12;Gibara;;
;;;;;Gil;pat.;;;;;Banes, gol. Josefa, pat. Gil: en lastre.;;Josefa;;;gol.;1894_10_12;Banes;;
;;N/A: ;;;Ros;pat.;;;;;Dimas, gol. Dos Amigos, pat Ros: con 800 sacos carbón;;Dos Amigos;;;gol.;1894_10_14;;;
;;N/A: ;;;Cueva;pat.;;;;;-Cárdenas gol. Angelita, pat. Cueva: cen 367;;Angelita;;;gol.;1894_10_14;Cárdenas;;
;;N/A: ;;;Ca;pat.;;;;;Matanzas, gol. María, pat. Ca, us: con 250 hocoyes aguardiente.;;María;;;gol.;1894_10_14;Matanzas;;
;;;;;Menaya;pat.;;;;;Piayas de San Juan, gol. Almanza, pat. Menaya:;;Almanza;;;gol.;1894_10_14;San Juan;;
Día 01:;;;;;Cardona;pat.;;;;;-Juan López, gol. Especulación, pat. Cardona:;;Especulación;;;gol.;1894_10_17;;;
;;N/A: ;;;Ferrer;pat.;;;;;-Dimas, gol. Isabel II, pat. Ferrer: con 600 sacos;;Isabel II;;;gol.;1894_10_17;Dimas;;
;;N/A: ;;;Juan;pat.;;;;;-Cabañas, bdro. Rosita, pat. Juan: con 93 tercios;;Rosita;;;bdro.;1894_10_17;Cabañas;;
;;N/A: ;;;Ros;pat.;;;;;-Dimas, gol. Dos Amigos, pat. Ros: con 800 sacos;;Dos Amigos;;;gol.;1894_10_17;Dimas;;
;;;;;Alemany;pat.;;;;;-Sierra Morena, gol. Matilde, pat. Alemany: con;;Matilde;;;gol.;1894_10_17;Sierra Morena;;
;;;;;Valent;pat.;;;;;-Cárdenas, gol. María del Carmen, pat. Valent:;;María del Carmen;;;gol.;1894_10_17;Cárdenas;;
;;;;;Ferrer;pat.;;;;;Punta Hicacos, gol. Reglana, pat. Ferrer: con;;Reglana;;;gol.;1894_10_17;Punta Hicacos;;
;;N/A: ;;;Pereira;pat.;;;;;-Carahatas, gol. Teresita, pat. Pereira: con 40;;Teresita;;;gol.;1894_10_17;Carahatas;;
Día 18:;;N/A: ;;;Real;cap.;;;;;Día 18: De Malas-Aguas, vafior Tritón, cap. Real: con 450;;Tritón;;;vafior;1894_10_19;Malas-Aguas;;
;;N/A:  | N/A: ;;;Bernaza;pat.;;;;;"-Puerto Padre, gol. Tres Hermanas, pat. Bernaza: cen 220 paquetes tablillas; 80 tablones cedro";;Tres Hermanas;;;gol.;1894_10_19;Puerto Padre;;
;;N/A: ;;;Castell;pat;;;;;Gibara, gol. Gibara, pat Castell: con 200 sacos;;Gibara;;;gol.;1894_10_19;Gibara;;
;;;;;Santana;pat.;;;;;-Santa María, gol. Trinidad, pat. Santana: con;;Trinidad;;;gol.;1894_10_20;Santa María;;
Día 22:;;;;;Cabaleiro;pat.;;;;;Día 22: De Congojas, gol. María Andrea, pat. Cabaleiro:;;María Andrea;;;gol.;1894_10_23;Congojas;;
;;;;;Ferrer;pat.;;;;;Congrjas, gol. San Francisco, pat. Ferrer: con;;San Francisco;;;gol.;1894_10_23;Congrjas;;
;;;;;Alemauy;pat.;;;;;Brracos, gol. Ma ia del Carmen, pat. Alemauy:;;Ma ia del Carmen;;;gol.;1894_10_23;;;
;;N/A:  | N/A: ;;;Inclán;pat.;;;;;-Cabañas, gol Rosita, pat. Inclán: con 107 tercios tabaco y efectos.;;Rosita;;;gol;1894_10_23;Cabañas;;
;;N/A: ;;;Mas;pat.;;;;;-Nuevitas, lanchón Tinima, pat. Mas: con 400;;Tinima;;;lanchón;1894_10_23;Nuevitas;;
;;N/A:  | N/A: ;;;Ferrer;pat.;;;;;Cárdenas, gol. Purísima Concepción, pat. Ferrer: con 132 barriles azúcar y efactos;;Purísima Concepción;;;gol.;1894_10_23;Cárdenas;;
;;;;;Tous;pat.;;;;;-Canasí, gol. Sabás, pat. Tous: en lastre.;;Sabás;;;gol.;1894_10_23;Canasí;;
;;N/A: ;;;Pojol;pat.;;;;;-Sagua, gol. Paulita, pat. Pojol: con 22,000 tejas.;;Paulita;;;gol.;1894_10_23;Sagua;;
;;;;;Enseñat;pat.;;;;;-S. Morena, gol. Emilia, pat. Enseñat: en lastre.;;Emilia;;;gol.;1894_10_23;S.;;
Día 23:;;N/A: ;;;García;cap.;;;;;Día 23: De Cuba, vapor Avilés, cap. García: con 210 tercios;;Avilés;;;vap.;1894_10_24;Cuba;;
;;N/A: ;;;Grandal;pet.;;;;;-Bajas, gol. Carmita, pet. Grandal: con 800 sacos;;Carmita;;;gol.;1894_10_24;Bajas;;
;;N/A: ;;;Ferrer;pat.;;;;;-Dimas, gol. Mercedita, pat. Ferrer: con 850 sacos carbón.;;Mercedita;;;gol.;1894_10_24;Dimas;;
Día 24:;;N/A: ;;;Abaroa;cap.;;;;;Día 24: De Sagua, vapor Adela, cap. Abaroa: con 64 tercios;;Adela;;;vap.;1894_10_25;Sagua;;
Día 01:;;;;;Padrón;pat.;;;;;-Santa María, gol. Joven Jaime, pat. Padrón:;;Joven Jaime;;;gol.;1894_10_25;;;
;;;;;González;pat.;;;;;-Morrillo, gol. Feliz, pat. González: en lastre.;;Feliz;;;gol.;1894_10_25;Morrillo;;
;;;;;Sastre;pat.;;;;;Mariel, gol. Altagracia, pat. Sastre: en iastre.;;Altagracia;;;gol.;1894_10_28;;;
;;N/A: ;;;Pereda;pat.;;;;;-Nuevitas, vapor San Juan, pat. Pereda: con 116;;San Juan;;;vapor;1894_10_30;Nuevitas;;
;;;;;Portella;pat.;;;;;-Arroyos, gol. Amable Rosita, pat. Portella: con;;Amable Rosita;;;gol.;1894_10_30;Arroyos;;
;;;;;Torres;pat.;;;;;Jaruco, gol. Amado Antonio, pat. Torres: con;;Amado Antonio;;;gol.;1894_10_30;Jaruco;;
;;N/A: ;;;Tur;pat.;;;;;-Guanes, gol. Farnesito, pat. Tur: con 300 tercios;;Farnesito;;;gol.;1894_10_30;Guanes;;
;;N/A: ;;;Riera;pat.;;;;;-Sagua, gol. Rita Fortuna, pat. Riera: con 1,000;;Rita Fortuna;;;gol.;1894_10_30;Sagua;;
;;N/A:  | N/A:  | N/A: ;;;Alemany;pat.;;;;;"-Cárdenas, gol. Julia, pat. Alemany: con 330 barriles y 140 cajitas azúcar; 16 pipas aguardiente";;Julia;;;gol.;1894_10_30;Cárdenas;;
;;N/A: ;;;Pereira;pat.;;;;;Cárdenas, gol. Teresita, pat. Pereira: son 100;;Teresita;;;gol.;1894_10_30;Cárdenas;;
;;N/A:  | N/A: ;;;Ferrer;pat.;;;;;-Matanzas, gol. María, pat. Ferrer: con 46 becoyes alcohol y efectos,;;María;;;gol.;1894_10_30;Matanzas;;
Día 31:;;N/A: ;;;Real;cap.;;;;;Día 31: De Malas-Aguas, vapor Tritón, cap. Real: con 360;;Tritón;;;vapor;1894_11_01;Malas-Aguas;;
;;;;;Marantes;pat.;;;;;-Mariel, gol. María Magdalena, pat. Marantes:;;María Magdalena;;;gol.;1894_11_01;;;
;;N/A: ;;;Vázquez;pat.;;;;;-Nuevitas, gol. Emilia, pat. Vázquez: con 60,000;;Emilia;;;gol.;1894_11_01;Nuevitas;;
Día 3:;;N/A: ;;;Abaroa;cap.;;;;;Día 3: De Sagua, vapor Adela, cap. Abaroa: con 1,713;;Adela;;;vapor;1894_11_04;Sagua;;
;;N/A: ;;;Román;pat.;;;;;-Arroyot, gol. Lince, pat. Román: con 500 sacos;;Lince;;;gol.;1894_11_04;Arroyot;;
;;N/A:  | N/A: ;;;Mas;pat.;;;;;-Nuevitas, lanchón Tíuimo, pat. Mas: con 400 reses y efectos.;;Tíuimo;;;lanchón;1894_11_04;Nuevitas;;
;;N/A: ;;;Mandilego;pat.;;;;;-Cárdenas, gol. Uuión, pat. Mandilego: con 200;;Uuión;;;gol.;1894_11_04;Cárdenas;;
;;;;;Barrera;pat.;;;;;-Santa Cruz, gol. Joven Manuel, pat. Barrera:;;Joven Manuel;;;gol.;1894_11_04;Santa Cruz;;
;;N/A:  | N/A: ;;;Inclán;pat.;;;;;-Cabañas, gol. Rosita, pat Inclán: con 370 tercios tabaco y efectos.;;Rosita;;;gol.;1894_11_04;Cabañas;;
;;N/A:  | N/A: ;;;Piera;pat.;;;;;-Cárdenas, gol. Enma, pat. Piera: con 325 barriles azúcar y efectos.;;Enma;;;gol.;1894_11_04;Cárdenas;;
;;;;;Prats;pat.;;;;;Arroyos, gol. Dos Hermanas, pat. Prats con;;Dos Hermanas;;;gol.;1894_11_06;Arroyos;;
Día 01:;;N/A:  | N/A:  | N/A:  | N/A: ;;;Suao;pat.;;;;;"-Gibara, gol. Moralidad, pat. Suao: con 22 bocoyes miel; 37,000 plátanos; 200 caballos leña; 95";;Moralidad;;;gol.;1894_11_06;Gibara;;
;;N/A: ;;;Villalonga;pat.;;;;;-Berracos, gol. Isabelíta, pat. Villalonga: con 250;;Isabelíta;;;gol.;1894_11_06;Berracos;;
Día 6:;;N/A: ;;;Parera;cap.;;;;;Día 6: De Nuevitas vapor San Juan, cap. Parera: con 20;;San Juan;;;vapor;1894_11_07;Nuevitas;;
;;N/A: ;;;Ferrer;pat.;;;;;Dimas gta. Isabel II, pat. Ferrer: con 500 saccs;;Isabel II;;;gta.;1894_11_07;;;
Día 8:;;N/A: ;;;Real;cap.;;;;;Día 8: De Malas Aguas, vapor Tritón, cap. Real: con 460;;Tritón;;;vap.;1894_11_09;Malas Aguas;;
;;N/A: ;;;Mayans;pat.;;;;;Yagusjay, gol. Aguila, pat. Mayans: cen 60,000;;Aguila;;;gol.;1894_11_09;;;
;;;;;Zaragoza;pat.;;;;;Cárdenas, gol. Iela de Cuba, pat. Zaragoza: con;;Iela de Cuba;;;gol.;1894_11_09;Cárdenas;;
;;N/A: ;;;Sanjurjo;cap.;;;;;-Nuevitas. vapor Avilés, cap. Sanjurjo: con 120;;Avilés;;;vapor;1894_11_10;Nuevitas;;
Día 12:;;N/A:  | N/A:  | N/A: ;;;Abaroa;cap.;;;;;"Día 12: De Sagua, vapor Adela, cap. Abaroa: con 1,200 tercios tabac; 40 bocoyes alchol; 708 sacos azdcar";;Adela;;;vap.;1894_11_13;Sagua;;
Día :;;;;;Orbay;pat.;;;;;Mulata, gol. Paquete de Nuevitas, pat. Orbay:;;Paquete;;;gol.;1894_11_13;Nuevitas;;
;;;;;González;pat.;;;;;-Morrillo, gol. Feliz, pat. González: en lastre.;;Feliz;;;gol.;1894_11_13;Morrillo;;
;;N/A:  | N/A: ;;;Cuevas;pat.;;;;;-Cárdenas, gol Angelita, pat. Cuevas, con 60 pipas aguardiente y efectos.;;Angelita;;;gol;1894_11_13;Cárdenas;;
;;N/A:  | N/A: ;;;Garcia;cap.;;;;;Nuevitas, vapor Ramón de Herrera, cap. Garcia: con 180 reses y efectos.;;Ramón de Herrera;;;vapor;1894_11_16;Nuevitas;;
;;;;;Marantes;pat.;;;;;Mariel, gol. María Magdalena, pat. Marantes:;;María Magdalena;;;gol.;1894_11_16;;;
;;;;;Valent;pat.;;;;;-Cárdenas, gol. Juan Toralla, pat. Valent: con;;Juan Toralla;;;gol.;1894_11_16;Cárdenas;;
;;N/A:  | N/A: ;;;Ferrer;pat.;;;;;-Cárdenas. gol. Parísima Concepción, pat. Ferrer: con 120 pipas aguardiente y efactos.;;Parísima Concepción;;;gol.;1894_11_16;Cárdenas;;
;;;;;Vives;pat.;;;;;-Dimas, gol. Hermosa Guanera, pat. Vives: con;;Hermosa Guanera;;;gol.;1894_11_16;Dimas;;
Día 19:;;N/A: ;;;Abaroa;cap.;;;;;Día 19. De Sagua, vapo: Adela, cap. Abaroa: con 600 tercios;;Adela;;;vapo;1894_11_20;Sagua;;
;;N/A: ;;;Perera;cap.;;;;;-Nuevites, vapor San Juan cap. Perera: con 250;;San Juan;;;vapor;1894_11_20;Nuevites;;
;;N/A: ;;;Rigó;pat.;;;;;-Cabañas, gol. Condor, pat. Rigó: con 11 tercios;;Condor;;;gol.;1894_11_20;Cabañas;;
;;N/A: ;;;Serra;pat.;;;;;tabaco --Co gojas, gol. Amalia, pat. Serra con 800 sacos;am.;Amalia;;;gol.;1894_11_20;Co gojas;;
;;N/A: ;;;Berbel;pat.;;;;;-Dimas, gol. Buenavantura, pat. Berbel: con 150;;Buenavantura;;;gol.;1894_11_20;Dimas;;
;;;;;Menays;pat.;;;;;-Punta Alegre, gol. Almanza, pat. Menays: con.;;Almanza;;;gol.;1894_11_20;Punta Alegre;;
;;;;;Valent;pat.;;;;;-Cárdenas, gol. Maria del Carmer, pat. Valent:;;Maria del Carmer;;;gol.;1894_11_22;Cárdenas;;
;;;;;Villalorga;pat.;;;;;San Cayetano, gol. Carmita, pat. Villalorga:;;Carmita;;;gol.;1894_11_22;San Cayetano;;
;;N/A: ;;;Persira;pat.;;;;;"Carahatts, gol. Teresita, pat. Persira; con 30";;Teresita;;;gol.;1894_11_22;;;
;;N/A: ;;;Serra;pat.;;;;;-Congojas, gol. /malia, pat. Serra: eon 800 sacos.;;malia;;;gol.;1894_11_22;Congojas;;
;;N/A: ;;;Enseñat;pat.;;;;;Sierra Morena gol Sofia, pat. Enseñat: con 28;;Sofia;;;gol.;1894_11_22;;;
Día 11:;null;N/A:  | N/A: ;;;Viñolas;cap.;;;null;;11 22: De Nuevitas, vapor Cosme de Herrera, cap. Viñolas: con 2,100 tercios tabaco y efectos.;;Cosme de Herrera;;;vap.;1894_11_23;Nuevitas;;
;;;;;Portella;pat.;;;;;Arroyos, gol. Amable Rosita, pat. Portella: con;;Amable Rosita;;;gol.;1894_11_23;Arroyos;;
;;N/A: ;;;Ros;pat.;;;;;-Dimas. gol. Dos Amigos, pat. Ros: con 800 sacos corbón.;;Dos Amigos;;;gol.;1894_11_23;;;
;;;;;Marantes;pat.;;;;;-Mariel, gol. María Magdalena, pat. Marantes:;;María Magdalena;;;gol.;1894_11_23;;;
;;N/A: ;;;Esteban;pat.;;;;;-Dimas, gol. Vicenta, pat. Esteban: con 700 sacos carbón.;;Vicenta;;;gol.;1894_11_23;Dimas;;
;;N/A: ;;;Planas;pat.;;;;;-Mulata, gol. Dolores, pat. Planas: con 600 sacos;;Dolores;;;gol.;1894_11_23;;;
;;;;;Calzada;pat.;;;;;Manzanillo, gol. Margarita, pat. Calzada: con;;Margarita;;;gol.;1894_11_23;Manzanillo;;
Día 24:;;;;;Padrón;pat.;;;;;Día 24 De Congojas, gol. Joven Victoria, pat. Padrón: con;;Joven Victoria;;;gol.;1894_11_25;Congojas;;
;;N/A: ;;;Ferrer;pat.;;;;;Dimas, gol. Mercedita, pat. Ferrer: con 1,000;;Mercedita;;;gol.;1894_11_25;;;
;;;;;Espino;pat.;;;;;-Morrillo, gol. Joven Marcelino, pat. Espino: cou;esp.;Joven Marcelino;;;gol.;1894_11_25;Morrillo;;
;;;;;Zaragoza;pat.;;;;;-Cárdenas, gol. Isla de Cuba, pat. Zaragoza: con;;Isla de Cuba;;;gol.;1894_11_28;Cárdenas;;
;;N/A: ;;;Mandilego;pat.;;;;;Cárdenas, gol. Unión, pat. Mandilego: con 190;;Unión;;;gol.;1894_11_28;Cárdenas;;
;;N/A: ;;;Mas;pat.;;;;;-Nuevitas, lanchón Tínima, pat. Mas: con 400 reses efectos.;;Tínima;;;lanchón;1894_11_28;Nuevitas;;
Día 29:;;N/A: ;;;Real;cap.;;;;;Dia 29n nebi mayath 02 night De Malas-Aguas, vapor Tritón, cap. Real: con 1,000;;Tritón;;;vapor;1894_11_30;Malas-Aguas;;
;;N/A: ;;;Cuevas;pat.;;;;;Cárdenas gol. Angelita, pat Cuevas: con 100;;Angelita;;;gol.;1894_11_30;Cárdenas;;
;;N/A: ;;;Juan;pat.;;;;;-Cabañas, gol. Rosita, pat. Juan: con 19 cuarterolas miel.;;Rosita;;;gol.;1894_11_30;Cabañas;;
;;;;;Sastre;pat.;;;;;Mariel, gol. Altagracia, pat. Sastre: en lastre.;;Altagracia;;;gol.;1894_11_30;;;
Día 19:;;N/A: ;;;Ssnjarjo;cap.;;;;;Día 19: De Cuba, vapor Avilés, cap. Ssnjarjo: con 120 reses;;Avilés;;;vap.;1894_12_02;Cuba;;
;;N/A: ;;;Pellicer;pat.;;;;;-Yaguajay, gol. Crisálida, pat. Pellicer: con 800;;Crisálida;;;gol.;1894_12_02;Yaguajay;;
;;N/A:  | N/A: ;;;García;cap.;;;;;-Cuba, vapor Manuela, cap. García: con 120 reses y efectos.;;Manuela;;;vapor;1894_12_05;Cuba;;
;;;;;Marantes;pat.;;;;;-Mariel, gol. María Magdalena, pat. Marantes:;;María Magdalena;;;gol.;1894_12_05;;;
;;N/A: ;;;Ferrer;pat.;;;;;-Arroyos, gel. Isabel II, pat. Ferrer: con 600 sacos carbón.;;Isabel II;;;gel.;1894_12_05;Arroyos;;
;;N/A: ;;;Pereira;pat.;;;;;Carahatas, gol. Teresita, pat. Pereira: con 40;;Teresita;;;gol.;1894_12_05;Carahatas;;
;;N/A: ;;;Freixas;pat.;;;;;-Cabañas, gol. Joven Pilar, pat. Freixas: con 62;;Joven Pilar;;;gol.;1894_12_05;Cabañas;;
Día 01:;;;;;Barrera;pat.;;;;;-Santa Cruz, gol. Joven Mannel, pat. Barrera:;;Joven Mannel;;;gol.;1894_12_05;Santa Cruz;;
;;;;;Tous;pat.;;;;;-Canasí, gol. Sabás, pat. Tous: en lastre.;;Sabás;;;gol.;1894_12_05;Canasí;;
;;;;;Valant;pat.;;;;;-Cárdenas, gol. Juan Toraya, pat. Valant: con;;Juan Toraya;;;gol.;1894_12_05;Cárdenas;;
null;null;N/A: ;;;Real;cap.;;;null;;5 De Malus-Aguas, vapor Tritón. cap. Real: con 344;;Tritón;;;vap.;1894_12_06;Malus-Aguas;;
;;N/A: ;;;Cardona;pat.;;;;;-Dimas, gol Especulación, pat. Cardona: con 400;;Especulación;;;gol;1894_12_06;Dimas;;
;;N/A: ;;;Prats;pat.;;;;;-Arroyos, gel. Dos Hermanas, pat. Prats: con 900;;Dos Hermanas;;;gel.;1894_12_06;Arroyos;;
;;;;;Santana;pat.;;;;;Santa arfa, gol. Joven Jaime, pat. Santana:;;Joven Jaime;;;gol.;1894_12_06;Santa arfa;;
;;N/A: ;;;Román;pat.;;;;;Arroyos, gol. Lince, pat. Román: con 212 tercios;;Lince;;;gol.;1894_12_08;Arroyos;;
;;N/A: ;;;Amengual;pat.;;;;;-Bajas, gal. Carmita, pat. Amengual: con 800 sacos carbón.;;Carmita;;;gal.;1894_12_08;;;
;;N/A: ;;;Tié;pat.;;;;;-Congojas, gol. Rosita, pat. Tié: con 500 sacos;;Rosita;;;gol.;1894_12_08;Congojas;;
;;N/A: ;;;Amengual;pat.;;;;;Arroyos, gol. Josefa, pat. Amengual: con 1,200;;Josefa;;;gol.;1894_12_08;Arroyos;;
;;N/A: ;;;Pastor;pat.;;;;;-Jaruco, gel. Amado Antonio, pat. Pastor: con 50;;Amado Antonio;;;gel.;1894_12_08;Jaruco;;
;;N/A: ;;;Pijuan;pat.;;;;;-Teja, gol. Castilla, pat. Pijuan: con 1,090 sacos;;Castilla;;;gol.;1894_12_08;Teja;;
;;N/A: ;;;Pujol;pat.;;;;;-Mantua, gol. Nuevo Hilario, pat Pujol: con 500;;Nuevo Hilario;;;gol.;1894_12_08;Mantua;;
Día 10:;;N/A: ;;;Mas;pat.;;;;;Día 10: De Baracoa, gol. Agita, pat. Mas: con 50,000 cocos;;Agita;;;gol.;1894_12_11;Baracoa;;
;;N/A: ;;;Alemany;pat.;;;;;-Cárdenas, gol. Julia, pat. Alemany: con 700 sal;;Julia;;;gol.;1894_12_11;Cárdenas;;
;;N/A: ;;;Ferrer;pat.;;;;;Cárdenas, gol. Parísima Concepción, pat. Ferrer: con 120 bocoyes aguardiente.;;Parísima Concepción;;;gol.;1894_12_11;Cárdenas;;
;;;;;Pereira;pat.;;;;;-Carabatas. gol. Teresita, pat. Pereira: en lastre.;;Teresita;;;gol.;1894_12_11;;;
;;N/A:  | N/A: ;;;Más;pat.;;;;;-Nuevitas, lanchón Tínima, pat. Más: con 440 reses y efectos.;;Tínima;;;lanchón;1894_12_11;Nuevitas;;
;;N/A:  | N/A: ;;;González;pat.;;;;;-Morriilo, gol. Feliz, pat. González: con 800 bastidores y 200 caballos leña.;;Feliz;;;gol.;1894_12_11;Morriilo;;
;;;;;Alemany;pat.;;;;;-Berracos, gol. María del Carmen, pat. Alemany:;;María del Carmen;;;gol.;1894_12_11;Berracos;;
;;N/A: ;;;Visquerrs;pat.;;;;;-Nuevitas, gol. Emilia, pat. Visquerrs: con 50000;;Emilia;;;gol.;1894_12_11;Nuevitas;;
;;N/A:  | N/A: ;;;Orbay;pat.;;;;;-Margajitas, gol. Paquete de Nuevitas, pat. Orbay: con 200 varas maderas y 300 sacos carbón.;;Paquete;;;gol.;1894_12_11;Nuevitas;;
;;N/A: ;;;Sastre;pat.;;;;;-Mariel, gol. Altagracia, pat. Sastre: con 60 tercios tabaco.;;Altagracia;;;gol.;1894_12_11;;;
;;;;;Mayol;pat.;;;;;-Matanzas, gol. Esperanza, pat. Mayol: en lastre.;;Esperanza;;;gol.;1894_12_11;Matanzas;;
;;N/A: ;;;Pereda;cap.;;;;;-Nuevitas, vapor San Juan, cap. Pereda: con 200;;San Juan;;;vapor;1894_12_12;Nuevitas;;
;;;;;Portella;pat.;;;;;"-Arroyos, gol. Amable Rosita, pat. Portella; con";;Amable Rosita;;;gol.;1894_12_12;Arroyos;;
Día 12:;;N/A:  | N/A: ;;;Real;cap.;;;;;Día 12: De Malas-Aguas, vapor Tritón, cap. Real: con 400 O tercios tabaco y efectos.;;Tritón;;;vapor;1894_12_13;Malas-Aguas;;
;;;;;Marantes;pat.;;;;;-Mariel, gol. María Magdalena, pat. Marantes:;;María Magdalena;;;gol.;1894_12_13;;;
;;N/A: ;;;Serra;pat.;;;;;en lastre. -Arroyos, gol. Amalia, pat. Serra: con 800 sacos;;Amalia;;;gol.;1894_12_13;Arroyos;;
Día :;;;;;Cabreja;pat.;;;;;-Playas de San Juan, gol. 2 Rosa, pat. Cabreja:;;2 Rosa;;;gol.;1894_12_13;Playas de San Juan;;
;;;;;Bontempo;pat.;;;;;-Dimas, gol. Joven Lola, pat. Bontempo: con;;Joven Lola;;;gol.;1894_12_13;Dimas;;
;;;;;Vives;pat.;;;;;-Dimas, gol. Hermosa Guanera, pat. Vives: con;;Hermosa Guanera;;;gol.;1894_12_13;Dimas;;
;;N/A: ;;;Freixas;pat.;;;;;-Cabañas, gol. Joven Pilar, pat. Freixas: con 30;;Joven Pilar;;;gol.;1894_12_13;Cabañas;;
Día 15:;null;N/A: ;;;Vaca;pat.;;;null;;Dis 15 De Nuevitas, vapor Julia, pat. Vaca: con 100 reses;;Julia;;;vapor;1894_12_16;Nuevitas;;
;;;;;Inclán;pat.;;;;;-Cab ñas, gol. Hosita, pat. Inclán: on lastre.;;Hosita;;;gol.;1894_12_16;Cab ñas;;
;;N/A: ;;;Mandilego;pat.;;;;;-Cárdenas, gol. Unión, pat Mandilego: con 250;;Unión;;;gol.;1894_12_16;Cárdenas;;
;;;;;Porcel;pat.;;;;;-Jaruco, gol. Paquete de Jaruco, pat. Porcel: con;;Paquete de Jaruco;;;gol.;1894_12_16;Jaruco;;
;;N/A:  | N/A: ;;;Abaroa;cap.;;;;;-Sagua, vapor Adela, cap. Abaroa: con 1,888 torcios tabaco y efestos.;;Adela;;;vapor;1894_12_18;Sagua;;
;;N/A: ;;;Mas;pat.;;;;;-Nuevitas, lanchón Tínima, pat. Mas: con 450;;Tínima;;;lanchón;1894_12_18;Nuevitas;;
;;;;;Valent;pat.;;;;;-Cárdenas, gol. María del Carmen, pat. Valent:;;María del Carmen;;;gol.;1894_12_19;Cárdenas;;
Día 21:;;N/A: ;;;Garefa;cap.;;;;;Dia 21: De Nuevitás, vapor Avilés, cap. Garefa: con 1,021;;Avilés;;;vapor;1894_12_22;Nuevitás;;
;;N/A:  | N/A:  | N/A: ;;;Real;cap.;;;;;"tercios tabaco; 150 reses y efectos. --Malas-Aguas, vapor Tritón, cap. Real: con 6:0";;Tritón;;;vapor;1894_12_22;Malas-Aguas;;
;;;;;Rigó;pat.;;;;;-Cabañas, gol. Condor, pat. Rigó: en lastre.;;Condor;;;gol.;1894_12_22;Cabañas;;
;;N/A: ;;;Castells;pat.;;;;;-Gibara, gol. Gibara, pat. Castells: con 400 sacos;;Gibara;;;gol.;1894_12_22;Gibara;;
;;;;;Pereira;pat.;;;;;-Carahatas gol. Teresita. pat. Pereira: en lastre.;;Teresita;;;gol.;1894_12_22;Carahatas;;
;;N/A:  | N/A: ;;;Zaragoza;pat.;;;;;-Bajas, gel. Angelita, pat. Zaragoza: con 400 sacos carbón y 120 sacos cáscara.;;Angelita;;;gel.;1894_12_22;Bajas;;
;;N/A: ;;;Padrón;pat.;;;;;-Arroyos, gol. Joven Jaime, pat. Padrón: con 800;;Joven Jaime;;;gol.;1894_12_22;Arroyos;;
;;;;;Padrón;pat.;;;;;-Co gojas, gol. Joven Victoria, pat. Padrón: con;;Joven Victoria;;;gol.;1894_12_25;;;
;;;;;Espino;pat.;;;;;-Marrillo, gol. Joven Marcelino, pat. Espino: con;esp.;Joven Marcelino;;;gol.;1894_12_25;Marrillo;;
;;;;;Inclán;pat.;;;;;-Cabañas, gol. Rosita. pat. Inclán: en lastre.;;Rosita;;;gol.;1894_12_25;Cabañas;;
;;N/A: ;;;Gil;pat.;;;;;-Banes, gol. Josefa, pat. Gil: con 25 toneladas de;;Josefa;;;gol.;1894_12_25;Banes;;
;;N/A: ;;;Toro;pat.;;;;;-San Cayetano, gol. Deseada, pat. Toro: con 500;;Deseada;;;gol.;1894_12_25;San Cayetano;;
Día 26:;;N/A: ;;;Real;cap.;;;;;Día 26 De Malas Aguas, vapor Tritón, cap. Real: con 340;;Tritón;;;vapor;1894_12_27;Malas Aguas;;
;;;;;Marantes;pat.;;;;;-Mariel, gol. María Mag lalena, pat. Marantes: en;;María Mag;;;gol.;1894_12_27;Mariel;;
;;;;;Zaragoza;pat.;;;;;Cárdenas. gol. Isla de Cnba. pat. Zaragoza: con;;Isla de Cnba;;;gol.;1894_12_27;Cárdenas;;
;;N/A:  | N/A: ;;;Barrera;pat.;;;;;60 bocoyes sguardiente y efectos. -Santa Cruz, gol. Joven Manuel, pat. Barrera:;;Joven Manuel;;;gol.;1894_12_27;Santa Cruz;;
;;;;;Enseñat;pat.;;;;;Sierra Morena, gol. Emilia, pat. Enseñat: con;;Emilia;;;gol.;1894_12_27;;;
;;;;;Tous;pat.;;;;;-Canasí, gol. Sabás, pat. Tous: en lastre.;;Sabás;;;gol.;1894_12_27;Canasí;;
;;N/A: ;;;Ferrer;pat.;;;;;-Arroyos, gta. Isabel II, pat. Ferrer: con 50) 83cos carbón.;;Isabel II;;;gta.;1894_12_29;Arroyos;;
;;N/A: ;;;Alejo;pat.;;;;;-San Cayetano, gts. Gallego, pat. Alejo. con 800;;Gallego;;;gts.;1894_12_29;San Cayetano;;
;;N/A: ;;;Mateu;pat.;;;;;-B.jas. gia Esmeralda, pat. Mateu: con 500 sa;;Esmeralda;;;b.;1894_12_29;;;
;;N/A: ;;;Esteban;pat.;;;;;-Tejar, gla. Vicenta, pat. Esteban: con 800 anco;;Vicenta;;;gla.;1894_12_29;Tejar;;
;;N/A: ;;;Terrades;pat.;;;;;-Sagua, gta. Candita, pat. Terrades: con 1000 sacos carbón.;;Candita;;;gta.;1894_12_29;Sagua;;
;;N/A: ;;;Bosch;pat.;;;;;Sagna, gta. Antonia, pat. Bosch: con 1000 sacos;;Antonia;;;gta.;1894_12_29;;;
;;N/A: ;;;Palmer;pat.;;;;;-Punta Alegre, gol. Joven Gertrudis, pat. Palmer: con 800 varas maderas.;;Joven Gertrudis;;;gol.;1894_12_29;Punta Alegre;;
;;N/A:  | N/A: ;;;Planas;pat.;;;;;-Mulata, gol. Dolores, pat. Planas: con 90 fanegas maiz y 100 caballos leñ 1.;;Dolores;;;gol.;1894_12_29;;;
;;N/A: ;;;González;pat.;;;;;Morrillo, gol. Feliz, pat. González: con 300 caballos leña.;;Feliz;;;gol.;1894_12_29;;;
;;N/A: ;;;Fourodona;pat.;;;;;Sierra Morena, gol. Tres Hermanas, pat. Fourodona: con 800 SECOs carbón.;;Tres Hermanas;;;gol.;1894_12_29;;;
