arrival_date;arrival_date_calc;cargo_list;master_name;master_role;publication_day;raw_text;ship_flag;ship_name;ship_type;source_file;travel_departure_port
Día 7:;;N/A: ;Capp.;cp.;;De Kings Port en 7 dias goleta inglesa St.Maurice. cp. Capp. trp. 7. tns. 300. con papas á orden.;inglesa;St.Maurice;goleta;1903_01_01;Kings Port
Día 4:;;N/A:  | N/A: ;Downs;cap.;;De New York en 3½ dias vap. am. Morro Castle cap. Downs trp. 73 tns 6004 con carga general y 73 pasajeros á Zaldo & Comp.;am.;Morro Castle;vap.;1903_01_01;New York
Día 53:;;N/A: ;Más;cap.;;De Concordia (R. A.) en 53 dias basca española Sebastian. cap. Más. trp. 14. tons. 653 con tasajo á Barraqué & Comp.;española;Sebastian;basca;1903_01_01;Concordia (R. A.)
Día 3:;;N/A:  | N/A: ;Oliver;cap.;;De Veracruz en 3 dias vap. esp. Manuel Calvo. cap. Oliver, trp. 123, tns. 5600 con carga nearal y 16 pasajeros á M. Calvo.;esp.;Manuel Calvo;vap.;1903_01_01;Veracruz
Día 7:;;;;;;De Cayo Hueso en 7 horas, vapor americano;americano;;vapor;1903_01_04;Cayo Hueso
Día 2:;;N/A: ;Roberts;cap.;;De Cayo Hueso en 2 días, goleta americana Doctor Lykes, capitán Roberts, tripulantes 5, toneladas 89, con madera a la orden;americana;Doctor Lykes;goleta;1903_01_04;Cayo Hueso
Día 9:;;;;;;De Cárdenas en 9 horas, vapor italiano Glu-;italiano;Glu-;vapor;1903_01_04;Cárdenas
Día 5:;;N/A: ;Pettersen;cap.;;De Tampico en 5 días, vapor noruego Ellida, capitán Pettersen, tripulantes 20, toneladas 1124, con ganado á L. V. Placé.;noruego;Ellida;vapor;1903_01_06;Tampico
Día 3:;;N/A:  | N/A: ;Pedersen;cap.;;De Mobila en 3 días, vapor noruego Uiv, capitán Pedersen, tripulantes 21, toneladas 1405, con carga general y 1 pasajero á L. V. Placé.;noruego;Uiv;vapor;1903_01_06;Mobila
Día 7:;;N/A:  | N/A:  | N/A: ;Dillon;cap.;;De Cayo Hueso en 7 horas, vapor americano Martinique, capitán Dillon, tripulantes 43, toneladas 996, en lastre á G. Lawton Childs y cp.;americano;Martinique;vapor;1903_01_06;Cayo Hueso
Día 4:;;N/A:  | N/A: ;Hopper;cap.;;De New Orleans en 4 días, vapor americano Excelsior, capitán Hopper, tripulantes 49, toneladas 3542, con carga general y pasajeros á Galbán y cp.;americano;Excelsior;vapor;1903_01_06;New Orleans
Día 36:;;N/A:  | N/A: ;Bilbao;cap.;;De Barcelona y escalas en 36 días, vapor español Martin Saenz, capitán Bilbao, tripulantes 54, toneladas 3465, con carga general y 29 pasajeros á Marcos, Herma- nes y cp.;español;Martin Saenz;vapor;1903_01_06;Barcelona
Día 7:;;;;;;De Cayo Hueso en 7 horas, vapor americano;americano;;vapor;1903_01_07;Cayo Hueso
Día 7:;;;;;;De Filadelfia en 7 días, vapor noruego Otta,;noruego;Otta;vapor;1903_01_07;Filadelfia
Día 8½:;;;;;;De New York en 8½ días, vapor americano;americano;;vapor;1903_01_08;New York
Día 28:;;;;;;De Newport Nens en 28 días, vapor inglés;inglés;;vapor;1903_01_08;Newport
Día :;;;;;;De Veracruz y escalas en 3½ días, vapor ame-;;;vapor;1903_01_08;Veracruz
Día 7:;;;;;;De Cayo Hueso en 7 horas, vapor americano;americano;;vapor;1903_01_09;Cayo Hueso
;;;;;;De Pasacagoula golata americana M. A. Achor;americana;M. A. Achor;golata;1903_01_09;Pasacagoula
Día 21:;;;;;;De Liverpool y escalas, en 21 días, vap. espa.;espa.;;vap.;1903_01_10;Liverpool
;;;Browne;cap.;;Comino, cap. Browne, trip. 32, tons. 2757,;;;;1903_01_10;Comino
Día 7½:;;;;;;De Filadelfia, en 7½ días, vap. ing. King Fre-;ing.;King Fre-;vap.;1903_01_10;Filadelfia
;;;Davies;cap.;;derick, cap. Davies, trip. 26, tons. 2576, con;;;derick;1903_01_10;
Día 6:;;;;;;De Santiago de Cuba, en 6 días, vap. yatch in-;;yatch in-;vap.;1903_01_10;Santiago de Cuba
Día 7:;;N/A:  | N/A: ;Allen;cap.;;De Cayo Hueso, en 7 horas, vap. am. Olivette, cap. Allen, trip 58, tons. 1604, con carga general y 39 pasajeros á G. Lawton Childs y Comp;am.;Olivette;vap.;1903_01_11;Cayo Hueso
Día 16:;;N/A:  | N/A: ;Briege;cap.;;— Bremen y escalias, en 16 días, vap. almán Mainz cap Briege, trip 54, tons. 3204, con carga general y 107 pasajeros á S. y Tillmann.;almán;Mainz;vap.;1903_01_11;Bremen
Día 3½:;;N/A:  | N/A: ;Niller;cap.;;— Tampico, en 3½ días, vap. am. Matanzas, cap. Niller, trip 42, ton. 3094, con carga general y 3 pasajeros á Zaldo y Cp.;am.;Matanzas;vap.;1903_01_11;Tampico
Día 5:;;;;cap.;;De Tampico en 5 días vapor nórruego Nord;;Nord;vapor;1903_01_13;Tampico
Día 23:;;;;;;De New Port New en 23 días vapor holandés;holandés;;vapor;1903_01_13;New Port New
Día 41:;;;;;;De Londres y escalas en 41 días vapor inglés;ing.;;vapor;1903_01_13;Londres
Día 4:;;;;;;De New York en 4 días vapor americano Mon-;americano;Mon-;vapor;1903_01_13;New York
Día 2:;;;;;;De New Orleans en 2 días vapor americano;americano;;vapor;1903_01_13;New Orleans
Día 4:;;;;;;De Veracruz y escalas en 4 días vapor ameri-;;ameri-;vapor;1903_01_13;Veracruz
Día 3:;;;;;;De Mobila, en 3 días, vap. italiano Giuseppe;italiano;Giuseppe;vap.;1903_01_14;Mobila
Día 7:;;;;;;De Cayo Hueso en 7 horas, vapor americano;americano;;vapor;1903_01_14;Cayo Hueso
Día 39:;;N/A: ;Thomson;cp.;;De Liverpool en-días vp. inglés Miguel Larrinaga, cp. Thomson, tp. 39, tds. 4088 con carga general á Marcos, Hnos. y C:;inglés;Miguel Larrinaga;vp.;1903_01_15;Liverpool
Día 8 ½:;;N/A:  | N/A: ;Downs;cp.;;De New York en 8 ½ días, vp. americano, Morro Castle, cp. Downs, tp. 128, tds. 6004 con carga general, y 122 pasajeros á Zaldo y C:;americano;Morro Castle;vp.;1903_01_15;New York
Día 71:;;N/A: ;Olsen;cp.;;De Liverpool en 71 días barca noruega Lily, cp. Olsen, tp. 13, tds. 456, con carbón á la orden.;noruega;Lily;barca;1903_01_15;Liverpool
Día 7:;;N/A:  | N/A:  | N/A: ;Horvat;cp.;;De Filadelfia en 7 días, vp. inglés Veineira, cp. Horvat, tp. 24, tds. 2710, con carbón á Luis V. Clace.;ing.;Veineira;vp.;1903_01_15;Filadelfia
Día 2:;;N/A: ;Gould;cp.;;De Port Tampa en 2 días, gta. inglés Shathco- na, cp. Gould, tp. 7, tds. 283 con madera á A. J. Mendoza.;inglés;Shathco- na;gta.;1903_01_15;Port Tampa
Día 76:;;N/A:  | N/A: ;Garziano;cap.;;De Marsella, en 76 días, bca. italiana Inocen'a, cap. Garziano, trip. 11. ton. 769, con tejas & Dussaard Gohier.;italiana;Inocen'a;bca.;1903_01_16;Marsella
Día 7:;;N/A:  | N/A: ;Turner;cap.;;De Cayo Hueso, en 7 horas, vapor americano Mascotte, capitán Turner, tripulantes 42, toneladas 884, con carga general y 21 pasajeros & G. Lawton Childs, C:;americano;Mascotte;vapor;1903_01_16;Cayo Hueso
Día 2:;;N/A:  | N/A: ;Villeaumouras;cap.;;—Veracruz, en 2% días, vap. franc. La Normandie, cap. Villeaumouras, trip. 193, toneladas 6485, con carga y 36 pasajeros & Bridat, Montros y Cp.;franc.;La Normandie;vap.;1903_01_16;Veracruz
Día 5:;;N/A:  | N/A: ;Hansen;cp.;;De New York en 5 dias vp. cubano Olinda, cp. Hansen, tp. 51, 2376 con carga general y 41 pasajeros á Luis V. Placé.;cubano;Olinda;vp.;1903_01_17;New York
Día 5:;;N/A:  | N/A: ;Bottone;cp.;;De Matanzas en 5 horas vp. italiano Giuseppe Corvaja, cp. Bottone, tp. 22, td. 1700 en lastre á Luis V. Placé.;italiano;Giuseppe Corvaja;vp.;1903_01_17;Matanzas
Día 5:;;N/A: ;Doughty;cp.;;De Brunswiek en 5 dias gta. americano Horace G. Morce, cp. Doughty, tp. 7, td. 415, con madera la orden.;americano;Horace G. Morce;gta.;1903_01_17;Brunswiek
Día 28:;;N/A:  | N/A: ;Roberto;cp.;;De Montevideo y escalas en 28 dias vp. ingles Arabistan, cp. Roberto tp. 35, td. 4030 con tasas y 3 pasajeros á J. Balcells y C?;ingles;Arabistan;vp.;1903_01_17;Montevideo
Día 7:;;;;;;De Cayo. Hueso en 7 horas, vapor americano;americano;;vapor;1903_01_18;Cayo Hueso
Día 2:;;;;;;De Inagua en 2 días vapor cubano Lanenburg;cubano;Lanenburg;vapor;1903_01_20;Inagua
Día 7:;;;;;;De Pasacoula, en 7 días, gol. ing. Sirocco, ca-;ing.;Sirocco;gol.;1903_01_20;Pasacoula
Día 2½:;;;;;;De Veracruz en 2½ días vapor español Ciudad;español;Ciudad;vapor;1903_01_20;Veracruz
Día 3½:;;;;;;De New York en 3½ días vapor americano;americano;;vapor;1903_01_20;New York
Día 59:;;;;;;De Montevideo en 59 días bergantín español;español;;berg.;1903_01_20;Montevideo
Día 3:;;N/A:  | N/A: ;Twiene;cp.;;De Tampico en 3 días vp. americano Séneca, cp. Twiene, tp. 32 vds. 2729 con carga general 1 pasajero, á Zaldo y C.;americano;Séneca;vp.;1903_01_21;Tampico
Día 2½:;;N/A:  | N/A: ;Pederson;cap.;;De Mobila con 2½ días vp. noruego Uiv, capitán Pederson, tp. 21, tds. 1405 con carga general 6 pasajeros, á Luis V. Placé.;noruego;Uiv;vp.;1903_01_21;Mobila
Día 7:;;N/A:  | N/A:  | N/A: ;Allen;cap.;;De Cayo Hueso en 7 horas, vapor americano Olivette, capitán Allen, tripulantes 55, toneladas 1.604 con carga general, correspondencia y 71 pasajeros á G. Lawton Childs y cp.;americano;Olivette;vapor;1903_01_21;Cayo Hueso
Día 28½:;;N/A: ;Petersen;cp.;;De Hamburgo en 28½ días vp. alemán Hans, cp. Petersen, tp. 19, tds. 1518, con carga general, á E. Heilbut.;alemán;Hans;vp.;1903_01_21;Hamburgo
Día 3:;;N/A:  | N/A: ;Hopner;cp.;;De New Orleans en 3 días vp. americano Excelsior, cp. Hopner, tp. 49, tds. 8642, con carga general y 24 pasajeros, á Galbán y Comp.;americano;Excelsior;vp.;1903_01_21;New Orleans
Día 86:;;N/A: ;Sampedra;cp.;;De Rosario de Santa Fé y escalas en 86 días, bg. español Prudente, cp. Sampedra, tripulantes 3, tds. 203 con tasajo á Quesada y Pérez.;español;Prudente;bg.;1903_01_21;Rosario de Santa Fé
Día 1:;;N/A: ;Voigt;cp.;;De Calbarién en un día vp. alemán Heideberg, cp. Voigt, 58, tds. 3372 con carga de tránsito á Schwab y Tillman.;alemán;Heideberg;vp.;1903_01_21;Calbarién
Día 81:;;N/A:  | N/A: ;Stevens;cap.;;De New York, en 81/2 días, vap. México, capitán Stevens, trip. 98, ton. 5667, con carga general y 84 pasajeros á Zaldo y Cp.;;México;vap.;1903_01_22;New York
Día 31:;;N/A:  | N/A: ;Knigth;ep.;;De Veracruz y Progreso, en 31/2 días, vap. america Vigilancia, ep. Knigth, trip. 74, con carga general y 44 pasajeros á Zaldo y Cp.;;america Vigilancia;vap.;1903_01_22;Veracruz y Progreso
Día 22:;;N/A: ;Look;cap.;;De Filadelfia, en 22 días, gol. am. Frank W. Benedict, cap. Look, trip. 8, ton. 534, con petróleo á la West India Oil & Co.;am.;Frank W. Benedict;gol.;1903_01_22;Filadelfia
Día 4:;;N/A: ;Jameson;op.;;De Tampico, en 4 días, vap. cubano Cubana, op. Jameson, trip. 36, ton. 2081, con ganado á Luis V. Placé.;cubano;Cubana;vap.;1903_01_22;Tampico
Día 24:;;N/A: ;Thomas;cap.;;De Barry (Inglaterra) en 24 días, vap. inglés Memnon, cap. Thomas, trip. 40, ton. 3178, con carbón, á Barrios.;inglés;Memnon;vap.;1903_01_22;Barry (Inglaterra)
Día 7:;;;;;;De Cayo Hueso en 7 horas, vapor americano,;americano;;vapor;1903_01_23;Cayo Hueso
Día 4:;;N/A: ;Christoffersen;cap.;;De Tampico, en 4 días, vap. ngo. Albis, capitán Christoffersen, trip. 19, ton. 1431, con ganado a L. V. Placé.;;ngo. Albis;vap.;1903_01_23;Tampico
Día 7:;;;;;;De Filadelfia, en 7 días, vap. ing. Camper-;ing.;Camper-;vap.;1903_01_23;Filadelfia
Día 6:;;N/A:  | N/A: ;Tonney;cap.;;De Filadelfia, en 6 días, vap. ing. Kennet, cap. Tonney, trip. 21, ton. 1707, cen carbón a L. V. Placé.;ing.;Kennet;vap.;1903_01_23;Filadelfia
Día 5:;;;capitan;cap.;;De Tamga, en 5 dias gol. ing. Blanche, capitan;ing.;Blanche;gol.;1903_01_24;Tamga
Día 7:;;;;;;De Cayo Hueso en 7 horas, vapor americano;americano;;vapor;1903_01_25;Cayo Hueso
Día 26:;;;;;;De Rotterdam, en 26 días, vap. hol. Louise, ca-;hol.;Louise;vap.;1903_01_25;Rotterdam
Día 6:;;;Box;cp.;;De Pascagoula, en 6 días, gol. Omega, cp. Box-;;Omega;gol.;1903_01_27;Pascagoula
Día 21:;;;;;;De Liverpool, en 21 días, vap. esp. Riojano, ca-;esp.;Riojano;vap.;1903_01_27;Liverpool
Día 7:;;;;cap.;;De Cartagena, en 7 días, vap. ngo. Folsjo, cap.;;ngo. Folsjo;vap.;1903_01_27;Cartagena
Día 7:;;;Corrien;cap.;;De Baltimore, en 7 días vap. ing. Cape. Corrien-;ing.;Cape;vap.;1903_01_27;Baltimore
Día 4:;;;;;;De New York, en 4 días, vap. am. Esperanza,;am.;Esperanza;vap.;1903_01_27;New York
Día :;;;;;;De Veracruz y escalas, en 3½ días, vap. ameri-;;ameri-;vap.;1903_01_27;Veracruz
Día 2½:;;;;cap.;;De Mobile, en 2½ días, vap. ital. Giuseppe Cor-;ital.;Giuseppe Cor-;vap.;1903_01_27;Mobile
Día 2:;;;;;;De Nueva Orleans, en 2 días, vap. vm. Chalme-;;vm. Chalme-;vap.;1903_01_27;Nueva Orleans
Día 30:;;;;;;De Barcelona y escadas, en 30 días, vap. espa-;espa-;;vap.;1903_01_28;Barcelona
Día 10:;;;;;;De New York, en 10 días, vap. am. Neptuno,;am.;Neptuno;vap.;1903_01_28;New York
Día 7:;;;;;;De Cayo Hueso en 7 horas, vapor americano;americano;;vapor;1903_01_28;Cayo Hueso
Día 2:;;;;;;De Santiago de Cuba, en 2 días, vap. alemán;alemán;;vap.;1903_01_28;Santiago de Cuba
Día 35:;;;;;;De Hamburgo y escadas, en 35 días, vap. alemán;alemán;;vap.;1903_01_28;Hamburgo
Día 3:;;;;cap.;;De Tampico, en 3 días, vap. am. Niágara, capi-;am.;Niágara;vap.;1903_01_28;Tampico
Día 4:;;N/A:  | N/A: ;Dows;cap.;;De New York, en 3½ dias, vap. am. Morro Castle, cap. Dows, trip. 126, ton. 6004, con carga general y 116 pasajeros á Zaldo y Cp.;am.;Morro Castle;vap.;1903_01_29;New York
Día 6:;;N/A:  | N/A: ;Hathway;cap.;;De New York, en 5½ dias, vap. am. Santiago, cap. Hathway, trip. 55, ton. 2358, con carga general y 57 pasajeros á Zaldo y Cp.;am.;Santiago;vap.;1903_01_29;New York
Día 5½:;;N/A: ;;;;De Tampico, en 5½ dias, vap. ngo. Nord, toneladas 1160, trip. 20, con ganado á Silveira y Comp.;;ngo. Nord;vap.;1903_01_29;Tampico
Día 9:;;N/A:  | N/A:  | N/A:  | N/A: ;Mathiensen;cap.;;De New Orleans, en 9 dias, vap. ngo. Ole Bull, cap. Mathiensen, trip. 20, ton. 1640, con carga bonó & Bridat, Montros y Cp.;;ngo. Ole Bull;vap.;1903_01_29;New Orleans
Día 25:;;N/A: ;Torelhe;cap.;;De Canning, en 25 dias, gol. ing. Mincola, capi- cán Torelhe, trip. 7, ton. 813, con papas á M. López.;ing.;Mincola;gol.;1903_01_29;Canning
Día 5:;;N/A: ;Paller;cap.;;De Culebra, en 5 dias, vap. am. M.-recellus, cap. Paller, trip. 32, ton. 1227, con carbón al Consul americano.;am.;M.-recellus;vap.;1903_01_29;Culebra
Día 18:;;N/A: ;Hansen;cap.;;De Caibarién, en 18 dias, vapor cubano Olinda, cap. Hansen, trip. 53, ton. 2376, con carga de tránsito á L. V. Placé.;cubano;Olinda;vapor;1903_01_29;Caibarién
;;N/A: ;Farell;cap.;;De Londres y escalas, vap. ing. Cayo Bonito, cap. Farell, trip. 32, ton. 3427, con carga general á Dussaq y Cp.;ing.;Cayo Bonito;vap.;1903_01_29;Londres
Día 39:;;N/A: ;Naveranzanoa;cap.;;De Amberes y escalas, en 39 dias, vap. esp. On- tón, cap. Naveranzanoa, con carga general á Barandá y Cp.;esp.;On- tón;vap.;1903_01_29;Amberes
Día 5:;;;;;;De New York, en 4½ días, vap. am. Curityba,;am.;Curityba;vap.;1903_01_30;New York
Día 7:;;;;;;De Cayo Hueso en 7 horas, vapor americano;americano;;vapor;1903_01_30;Cayo Hueso
Día 7:;;;;;;De Cayo Hueso en 7 horas, vapor americano;americano;;vapor;1903_01_31;Cayo Hueso
Día 7:;;;;;;De Cayo Hueso, en 7 horas, vapor americano;americano;;vapor;1903_02_01;Cayo Hueso
Día 6½:;;;;;;De New York, en 6½ días, vap. Ing. Verben,;;Ing. Verben;vap.;1903_02_01;New York
Día 21:;;;;;;De Liverpool, en 21 días, vap. esp. Vivina, ca-;esp.;Vivina;vap.;1903_02_01;Liverpool
;;N/A:  | N/A:  | N/A:  | N/A: ;Wettsij;cap.;;De Nueva York y Santiago de Cuba, vapor alemán Kainerm Marla Theresia capitán Wettsij, tripulantes 274, toneladas 8278 con 813 pasajeros á Schwab y Fillmann.;alemán;Kainerm Marla Theresia;vapor;1903_02_01;Nueva York y Santiago de Cuba
Día 7:;;N/A: ;Diome;cap.;;De Mobila, en 7 días, gol. ing. Florence R. Hwson, cap. Diome, trip. 7, ton. 317, con ma-dera á M. Bayon.;ing.;Florence R. Hwson;gol.;1903_02_03;Mobila
Día 9:;;N/A: ;Dimton;cap.;;De Pascagoula, en 9 días, gal. am. Daisy Farlin, cap. Dimton, trip. S, ton. 458, con ma-dera á la orden.;am.;Daisy Farlin;gal.;1903_02_03;Pascagoula
;;N/A: ;Pederson;cap.;;De Mobila, vap. ngo. Uly, cap. Pederson, tri-pulantes 21, ton. 1405, con carga general á L. V. Placé.;;ngo. Uly;vap.;1903_02_03;Mobila
Día 7:;;N/A: ;Dilón;cap.;;De Cayo Hueso en 7 horas, vapor americano Martinique, capitán Dilón, tripulantes 43, toneladas 996, con carga á G. Lawton Childs y Cp.;americano;Martinique;vapor;1903_02_03;Cayo Hueso
Día 3½:;;N/A:  | N/A: ;Robertson;cap.;;De Veracruz y escalas, en 3½ días, vap. ameri-cano Havana, cap. Robertson, trip. 92, to-neladas 5867, con carga general y pasajeros á Zaldo y Cp.;americano;Havana;vap.;1903_02_03;Veracruz
Día 4:;;N/A:  | N/A: ;Knigt;cap.;;De New York, en 4 días, vap. am. Vigilancia, cap. Knigt, trip. 75, ton. 4115, con carga general y 33 pasajeros á Zaldo y Cp.;am.;Vigilancia;vap.;1903_02_04;New York
Día 7:;;N/A:  | N/A:  | N/A: ;Allen;cap.;;De Cayo Hueso en 7 horas, vapor americano Olivette, capitán Allen, tripulantes 55, toneladas 1.604 con carga general, correspondencia y 71 pasajeros á G. Lawton Childs y cp.;americano;Olivette;vapor;1903_02_04;Cayo Hueso
Día 4:;;N/A:  | N/A: ;Chistoffess;cap.;;De Tampico, en 4 días, ngo Albi, capitán Chistoffess, trip. 19, ton. 1431, con gaudio y L. V. Placé.;;Albi;ngo;1903_02_04;Tampico
Día 19:;;N/A:  | N/A:  | N/A: ;Camps;cap.;;De Bilbao, Santander y Coruña, en 19 días, vapor esp. Cataluña, cap. Camps, trip. 109, toneladas 3784, con carga general, correspondencia y 264 pasajeros á M. Calvo.;esp.;Cataluña;vapor;1903_02_04;Bilbao, Santander y Coruña
Día 3½:;;;;;;De New York, en 3½ días, vap. am? México,;am?;México;vap.;1903_02_05;New York
Día 10:;;;;;;De Filadelfia en 10 días, gol. ing. Henry A. Le-;ing.;Henry A. Le-;gol.;1903_02_05;Filadelfia
Día 8:;;;;;;De Nueva Yor en 8 dias vpr. ings. Russian;ings.;Russian;vpr.;1903_02_06;Nueva Yor
Día 7:;;;;;;De Tampa y Cayo Hueso en 7 horas vapor ame-;;ame-;vapor;1903_02_06;Tampa y Cayo Hueso
Día 3:;;;;;;De Nueva Orleans en 3 dias vapor americano;americano;;vapor;1903_02_06;Nueva Orleans
Día 4:;;;;;;De Tampico en 4 dias vapor cubano Cubana,;cubano;Cubana;vapor;1903_02_06;Tampico
Día 35:;;;;;;De Barcelona y escalas en 35 dias, vapor espa-;;espa-;vapor;1903_02_06;Barcelona
Día 5:;;N/A:  | N/A: ;Jovine;cap.;;De New York, en 5 días, vap. am. Séneca, cap. Jovine, trp. 57, ton. 2729, con carga general y 54 pasajeros & Zaldo y Cp.;am.;Séneca;vap.;1903_02_07;New York
Día 7:;;N/A:  | N/A:  | N/A: ;Dillón;cap.;;De Cayo Hueso en 7 horas, vapor americano Martinique, capitán Dillón, triplicantes 43, toneladas 996, con carga a G. Lawton Childs y Cp.;americano;Martinique;vapor;1903_02_07;Cayo Hueso
Día 7:;;N/A:  | N/A: ;Bodden;cap.;;De Mobila, en 7 días gol. ing. G. E. Bentley, cap. Bodden, trip. 8, ton. 280, con madera & M. C. Bayon.;ing.;G. E. Bentley;gol.;1903_02_07;Mobila
Día 7:;;N/A:  | N/A: ;Salveson;cap.;;De P. agoula en 7 días, gol. am. Griffin, capitán Salveson, trip. 7, ton. 867, con madera & la orden.;am.;Griffin;gol.;1903_02_07;P. agoula
Día 7:;;;;;;De Cayo Hueso en 7 horas, vapor americano;americano;;vapor;1903_02_08;Cayo Hueso
Día 3½:;;;;;;De Tampico, en 3½ días, vap. am. Matanzas,;am.;Matanzas;vap.;1903_02_08;Tampico
;;N/A:  | N/A: ;Benson;cap.;;De Pasacgoula, gol. am. Elisa A. Bayler, capitán Benson, trip. 8, ton. 286, con madera y R. P. Santa María.;am.;Elisa A. Bayler;gol.;1903_02_08;Pasacgoula
Día 8:;;;;;;De Pasacgoula, en 8 días, gol. ing. Helen E.;ing.;Helen E.;gol.;1903_02_08;Pasacgoula
Día 8:;;N/A:  | N/A: ;Sawyer;cap.;;De Pasacagoula en 8 dias gta. americana Nokomis cap. Sawyer, trp. 6, tnd.s 245, con ma-;americana;Nokomis;gta.;1903_02_10;Pasacagoula
Día 25:;;N/A:  | N/A: ;Maass;cap.;;De Bremen y eecalas en 25 dias vap. alemán Coblenz cap. Maass, trp. 55, tnd.s 3169, con;alemán;Coblenz;vap.;1903_02_10;Bremen
Día 7½:;;;;;;De filadelfia en 7½ dias vapor inglés King;ing.;King;vapor;1903_02_10;Filadelfia
Día 4:;;;;;;De Pasacagoula, en 4 días, gol. ing. F. W. Pic-;ing.;F. W. Pic-;gol.;1903_02_11;Pasacagoula
Día 7:;;;;;;De Cayo Hueso en 7 horas, vapor americano;americano;;vapor;1903_02_11;Cayo Hueso
Día 4:;;;;;;De New York, en 4 días, vap. am. Monterey,;am.;Monterey;vap.;1903_02_11;New York
Día 4:;;;;;;De Tampico, en 4 días, vap. am. Santiago, Ha-;am.;Santiago;vap.;1903_02_11;Tampico
Día 20:;;;;;;De Caibarién, en 20 horas, vap. alem. Mainz,;alem.;Mainz;vap.;1903_02_12;Caibarién
Día 5:;;;;;;De Matanzas, en 5 horas, vap. cubano Curity-;cubano;Curity;vap.;1903_02_12;Matanzas
;;;Hoppe;cap.;;ba, cap. Hoppe, trip. 56, tons. 2363, con;;;ba;1903_02_12;
Día 3½:;;;;;;De New York, en 3½ dias, vap. amer. Morro;amer.;Morro;vap.;1903_02_12;New York
;;;Downs;cap.;;Castle, cap. Downs, trip 127, tons. 6.001,;;Castle;;1903_02_12;
Día 5:;;N/A:  | N/A:  | N/A: ;Bottone;cap.;;De Matanzas, en 5 horas, vap. italiano Giuseppe Corvaja, cap. Bottone, trip. 22, ton. 1700, en lastre á L. V. Placé.;italiano;Giuseppe Corvaja;vap.;1903_02_13;Matanzas
Día 5:;;N/A:  | N/A: ;Turner;cap.;;De Cayo Hueso, en 5 horas, vap. amer. Mascotte, cap. Turner, trip. 44, tons. 884, con carga general y 35 pasajeros á Lawton Childs y Comp.;amer.;Mascotte;vap.;1903_02_13;Cayo Hueso
Día 4:;;N/A:  | N/A: ;Rogers;cep.;;De Veracruz en 4 días, vap. amer. Esperanza, cep. Rogers, trip. 93, tons. 4702, con carga general y 73 pasajeros á Zaldo y Cp.;amer.;Esperanza;vap.;1903_02_13;Veracruz
Día 0:;;N/A: ;Jsbister;cap.;;De Sagua en 18 horas, vap. ing. Cape Corriens, cap. Jsbister, trip. 16, tons. 2508, con carga de tránsito á L. V. Placé.;ing.;Cape Corriens;vap.;1903_02_13;Sagua
Día 8:;;N/A: ;Pettersen;cp.;;De Tampico en 8 días vapor noruego, Volund, cp. Pettersen, tp. 18, tond. 1087 con ganado, á E. Heibut.;noruego;Volund;vapor;1903_02_14;Tampico
Día 8:;;N/A:  | N/A: ;Yáez;cp.;;De Pto. Rico en 8 días, vp. cubano María Herrera, cp. Yáez, tp. 58, tond. 1925, con carga general, y 5 pasajeros, a sobrinos de Herrera.;cubano;María Herrera;vp.;1903_02_14;Pto. Rico
Día 5:;;N/A:  | N/A: ;Hansen;cap.;;De N. York en 5 días, vp. cubano Olinda, capitán Hansen, tp. 52, tond. 2376, con carga general y 34 pasajeros, á L. V. Placé.;cubano;Olinda;vp.;1903_02_14;N. York
Día 7:;;N/A: ;Dillón;cp.;;De C. Hueso en 7 horas vp. americano Martínque, cp. Dillón, tp. 52, tond. 990, con carga general, á G. Lawton Childs y C.;americano;Martínque;vp.;1903_02_14;C. Hueso
Día 21:;;;;;;De Liverpool con 21 días vp. inglés Luyanó,;inglés;Luyanó;vp.;1903_02_15;Liverpool
Día 6:;;;;;;De Baltimore en 6 días vp. inglés Royal Ex-;ing.;Royal Ex-;vp.;1903_02_15;Baltimore
Día 7:;;;;cap.;;De C. Hueso en 7 horas vp. am? Olivette, capi-;am?;Olivette;vp.;1903_02_17;C. Hueso
Día 28:;;;;;;De Buenos Aires en 28 dias vp. inglés British;inglés;British;vp.;1903_02_17;Buenos Aires
Día 2:;;;;;;De Pór Williams en 2 dias gta. inglesa Zeta,;inglesa;Zeta;gta.;1903_02_17;Pór Williams
Día 25:;;;;cap.;;De Swansea en 25 dias vp. inglés Sidrr, capitán;ing.;Sidrr;vp.;1903_02_17;Swansea
Día 4:;;;;cap.;;De New York en 4 dias vp. am? Havana, capi-;am?;Havana;vp.;1903_02_17;New York
Día :;;;;;;De Veracruz y escalas en 3½ dias, vp. ameri-;;ameri-;vp.;1903_02_17;Veracruz
Día 2½:;;;capitan;cap.;;De Mobila en 2½ dias vp. noruego ULV capitan;noruego;ULV;vp.;1903_02_17;Mobila
;;;;;;De Miami y Cayo Hueso, vap. am. Martinique,;am.;Martinique;vap.;1903_02_17;Miami y Cayo Hueso
Día 3:;;;;;;De Veracruz, en 3 dias, vap. francés France,;francés;France;vap.;1903_02_17;Veracruz
Día 7:;;;;;;De Cryo Hueso, en 7 horas, vav. am. Mascotte,;am.;Mascotte;vav.;1903_02_18;Cryo Hueso
Día 3½:;;;;cap.;;De Tampico, en 3½ días, vap am. Séneca, capi-;am.;Séneca;vap;1903_02_18;Tampico
Día 5:;;;;cap.;;De Cartagena, en 5 días, vap ing. Mira, capi-;ing.;Mira;vap.;1903_02_18;Cartagena
Día 2½:;;;;;;De Nueva Orleans, en 2½ días, vap. am. Louis-;am.;Louis-;vap.;1903_02_18;Nueva Orleans
Día 4½:;;;;cap.;;De Veracruz, en 4½ dias, vap. nog. Albis, capi-;;nog. Albis;vap.;1903_02_19;Veracruz
Día 3½:;;;;;;De New YorP, en 3½ dias, vap. am. México,;am.;México;vap.;1903_02_19;New YorP
Día 7:;;;;cap.;;De C. Hueso en 7 horas vp. am? Olivette, capi-;am?;Olivette;vp.;1903_02_20;C. Hueso
Día 6:;;;;cap.;;De Tampico en 6 días vp. noruego Nord, capi-;noruego;Nord;vp.;1903_02_20;Tampico
Día 29:;;;;;;De Génova, Barcelona y escalas, en 29 días, va-;;;va-;1903_02_20;Génova
Día 29:;;;;;;De Methis Scotland, en 29 días, vap. hol. Heel-;hol.;Heel-;vap.;1903_02_21;Methis
Día 28:;;;;;;De New Port, en 28 días, vap. ing. Rosewood,;ing.;Rosewood;vap.;1903_02_21;New Port
Día 27:;;;;;;De la Filadelfia, en 27 días, vap. ing. Russian;ing.;Russian;vap.;1903_02_21;Filadelfia
Día 3:;;;;;;De Veracruz, en 3 días vap. esp. Cataluña, ca-;esp.;Cataluña;vap.;1903_02_21;Veracruz
Día 7:;;;;;;De Cayo Hueso, en 7 horas, vap. amr. Martini-;amr.;Martini-;vap.;1903_02_22;Cayo Hueso
Día 7:;;;;;;De Cayo Hueso, en 7 horas, vap. amer. Mas-;amer.;Mas-;vap.;1903_02_22;Cayo Hueso
Día 26:;;;;cap.;;De Cardiff, en 26 días, vap. ing. Otbara, capi-;ing.;Otbara;vap.;1903_02_22;Cardiff
Día 5:;;;;;;De Tampico, en 5 y medio días, vap. ngo. Ber-;;ngo. Ber-;vap.;1903_02_22;Tampico
Día 36:;;;;cap.;;De Amberes, en 36 días, vap. esp. Oleta, capi-;esp.;Oleta;vap.;1903_02_22;Amberes
Día 5:;;N/A:  | N/A: ;J. Mieson;cap.;;De Tampico en 5 dias vapor cubano Cnbana, capitan J. Mieson, toneladas 2081 con ga- ga a L. V. Place.;cubano;Cnbana;vapor;1903_02_24;Tampico
Día 35:;;N/A:  | N/A: ;Fretwrst;cap.;;De Hamburgo en 35 dias vapor alemán Mar- garetha, capitan Fretwrst, toneladas 2115 en lastre a R. Truffin y C?;alemán;Margaritha;vapor;1903_02_24;Hamburgo
;;N/A: ;Roberts;pat.;;De Port Tampa goleta inglesa Blanche patron Roberts, toneladas 165 con madera a J. Plá y C?;inglesa;Blanche;goleta;1903_02_24;Port Tampa
Día 18:;;N/A:  | N/A: ;Luzarraga;cap.;;De Glasgow y escaladas en 18 dias vapor Madrileño, capitan Luzarraga. 1. 2990, con carga general y 210 pasaj- Astorqui.;;Madrileño;vapor;1903_02_24;Glasgow
Día 25:;;N/A: ;Stephen;cap.;;De New port en 25 dias vapor inglés Norte oce capitan Stephen, toneladas 1510 con car- bon a la orden.;inglés;Norte oce;vapor;1903_02_24;New port
Día 28:;;N/A: ;Echevarría;op.;;De Liverpool en 28 dias vp. español Franciscas, op. Echevarría, tnds. 2674 con carga gene- ral a J. Burcellas & C?;español;Franciscas;vp.;1903_02_24;Liverpool
Día 43:;;N/A: ;Denton;op.;;De Londres y escaladas en 43 dias vap. español Cayo Largo, op. Denton, tnds. 3430, con car- gral. a Dussay Hn?;español;Cayo Largo;vap.;1903_02_24;Londres
Día 4:;;N/A: ;Eden;cpt.;;De Mobila en 4 dias gta. am: M. A. Achon, cpt. Eden, tnds. 308 con madera a J. Acosta.;am;M. A. Achon;gta.;1903_02_24;Mobila
Día 2 ½:;;N/A: ;tnds.;cap.;;De Mobila en 2 ½ dias vp. italiano Giuseppe Corvaja, tnds. 1700 con carga a L. V. Place.;italiano;Giuseppe Corvaja;vp.;1903_02_24;Mobila
Día 4:;;N/A: ;Pinney;pat.;;De Mobila en 3 ½ dias goleta americana Clara A Jimenez patron Pinney, toneladas 480 con madera a la orden.;americana;Clara A Jimenez;goleta;1903_02_24;Mobila
Día 2:;;N/A:  | N/A: ;Birney;cap.;;De New Orleans en 2 dias vapor americano Chalmette capitan Birney toneladas 3285 con carga general y pasajeros a Galban y C?;americano;Chalmette;vapor;1903_02_24;New Orleans
Día 6:;;;;cp.;;De Pascagoula en 6 días gta. amª Oscar G., cp.;amª;Oscar G.;gta.;1903_02_25;Pascagoula
Día 6:;;;;cap.;;De Pascagoula en 6 días gta. amª Olga, capitán;amª;Olga;gta.;1903_02_25;Pascagoula
Día 7:;;;;cp.;;De C. Hueso en 7 horas vp. amª Olivette, cp.;amª;Olivette;vp.;1903_02_25;C. Hueso
Día 8:;;;Wagle;cp.;;De Filadelfia en 8 días vp. ngo. Frí, cp. Wagle.;ngo.;Frí;vp.;1903_02_25;Filadelfia
Día 28:;;;;cap.;;De Hantspor en 28 días bg. inglés Persia, capi-;inglés;Persia;bg.;1903_02_26;Hantspor
Día 5:;;;;;;De Panzola en 5 días bg. am. B. Frank Nea-;am.;B. Frank Nea;bg.;1903_02_26;Panzola
Día 5:;;;;vp.;;De Mobila en 5 días bg. inglés Glenafon, vp.;inglés;Glenafon;bg.;1903_02_26;Mobila
Día 5:;;;;cp.;;De Matanzas en 5 horas vp. cubano Olinda cp.;cubano;Olinda;vp.;1903_02_26;Matanzas
Día 7:;;;capitan;cap.;;De C. Hueso en 7 horas vp. am? Miami, capitan;am?;Miami;vp.;1903_02_26;C. Hueso
Día 3½:;;;;;;De N. York en 3½ días vp. am? Morro Castle,;am?;Morro Castle;vp.;1903_02_26;N. York
Día 7:;;;;cap.;;De Norfolk en 7 días vp. inglés Fhornly, cap.;ing.;Fhornly;vp.;1903_02_26;Norfolk
Día 4:;;;;;;De Veracruz en 4 días vap. amr. Monterey,;amr.;Monterey;vap.;1903_02_26;Veracruz
Día 19:;;;;;;De Filadelfia en 19 dias gta. am: Madalena;am;Madalena;gta.;1903_02_27;Filadelfia
Día 31:;;;;;;De Glonstor en 31 dias bca. am: Fluorine,;am;Fluorine;bca.;1903_02_27;Glonstor
Día 4½:;;;;;;De New York en 4½ dias vp. Cubano Curityba,;Cubano;Curityba;vp.;1903_02_27;New York
Día 7:;;;;cap.;;De C. H. en 7 horas vp. am: Mascotte, capitán;am;Mascotte;vp.;1903_02_27;C. H.
Día 5:;;N/A: ;Reotegui;cap.;;De New York, en 5 días, vap. esp. Niceto, capitán Reotegui, ton. 2703, con carga general á Marín y Cp.;esp.;Niceto;vap.;1903_02_28;New York
Día 26:;;N/A: ;Aanes;cap.;;De Blyth, en 26 días, vap. ing. Teruffeld, capitán Aanes, ton. 3142, con carbón á la orden.;ing.;Teruffeld;vap.;1903_02_28;Blyth
Día 5:;;N/A:  | N/A: ;Sanberman;cap.;;De New York y Sanagó de Cuba, en 5 días, vap. alemán Prinzessin Victoria Louise, cap. Sanberman, ton. 4419, con 204 pasajeros á E. Heilbut.;alemán;Prinzessin Victoria Louise;vap.;1903_02_28;New York y Sanagó de Cuba
Día 7:;;N/A: ;Linchansen;cap.;;De Filadelfia en 7 días vp. ngo. Otta, capitán Linchansen, tnd.s. 3240 con carbón á L V Placé.;ngo.;Otta;vp.;1903_03_01;Filadelfia
Día 7:;;N/A:  | N/A:  | N/A: ;Allen;cp.;;De C. Hueso en 7 horas vp. am? Oivette, cp. Allen, tnd.s. 1604 con carga, correspondencia y 5 pasajeros á G. Lawton Childs y Comp.;am?;Oivette;vp.;1903_03_01;C. Hueso
Día 2:;null;N/A: ;Gorts;op.;01-01-1869;De Nuevitas en 2 días vp. alemán Andes, op. Gorts. 1869 en lastre á E. Heilbut.;alemán;Andes;vp.;1903_03_01;Nuevitas
Día 20:;;N/A: ;Bengoa;cp.;;De Liverpool en 20 días vp. esp. Telesfora, cp. Bengoa, tnd.s. 4145 con carga general á Ma- rimón, Varela y Comp.;esp.;Telesfora;vp.;1903_03_01;Liverpool
Día 19:;;N/A: ;Tompson;cp.;;De New York en 19 días gta. am? Fred A. Small, cp. Tompson, tnd.s. 619 con petróleo á L. V. Plaeé.;am?;Fred A. Small;gta.;1903_03_01;New York
Día 4:;;N/A:  | N/A:  | N/A: ;Busgess;tnd.s.;;De New York en 4 días vp. am? Bonny Doon ep. Busgess, tnd.s. 570 con carbón á Barrio y Coello.;am?;Bonny Doon;vp.;1903_03_01;New York
Día 7:;;N/A:  | N/A: ;Whiete;cap.;;De Miami y Cayo Hueso, en 7 horas, vapor americano Miami, cap. Whiete, ton. 1741, con car7a y pasajeros á G. Lawton Childs y Cp.;americano;Miami;vapor;1903_03_01;Miami y Cayo Hueso
Día 3:;;N/A:  | N/A: ;Lavin;cp.;;De Veracruz en 2½ días vp. español Montserrat, cp. Lavin, tnd.s. 4075 con carga general y 76 pasajeros á M. Calvo.;español;Montserrat;vp.;1903_03_03;Veracruz
Día 24:;;N/A:  | N/A: ;Miller;cp.;;De Cardiff, en 24 días vp. inglés John Sander-son, cp. Miller, tds. 3274 con carbón & L. V. Placé.;ing.;John Sander-son;vp.;1903_03_03;Cardiff
Día 27:;;N/A: ;Berg;cp.;;De New port (Mon) en 27 días, vp. alemán Gamma, cp. Berg, tnd.s. 1617 con carbon a Marmón Varela y Cº.;alemán;Gamma;vp.;1903_03_03;New port (Mon)
Día 30:;;N/A: ;Muetzell;ép.;;De Hamburgo y escalas en 30 días vp. alemán Valesia, ép. Muetzell, tnd.s. 2294 con carga general a E. Heilbut.;alemán;Valesia;vp.;1903_03_03;Hamburgo
;;N/A:  | N/A: ;Birney;cap.;;De New Orleans, vap. am. Chalmette, capitán Birney, ton. 3205, con carga general y 69 pasajeros & Galban Cp.;am.;Chalmette;vap.;1903_03_03;New Orleans
Día 4½:;;;;;;De New York, en 4½ días, vp. ama. Vigilancia;ama.;Vigilancia;vp.;1903_03_04;New York
Día 7:;;;;;;De Cayo Hueso, en 7 horas, vap. am. Martini-;am.;Martini-;vap.;1903_03_04;Cayo Hueso
Día 7:;;;;;;De Ca Hueso, en 7 horas, vap. am. Olivette,;am.;Olivette;vap.;1903_03_04;Ca Hueso
Día 2:;;;Peder;cp.;;De Mobila, en 2 días, vap. ng. Ulv, cp. Peder-;ng.;Ulv;vap.;1903_03_04;Mobila
;;;Smith;cp.;;De Pascagoula, gol. am. Millville, cp. Smith,;am.;Millville;gol.;1903_03_04;Pascagoula
Día 26:;;N/A:  | N/A: ;Smith;cap.;;Montevideo, en 26 días, vap. ing. Casilda, cap. Smith, ton. 3979, con tasajo y ajos á J. Ballcells y Cp.;ing.;Casilda;vap.;1903_03_06;Montevideo
Día 3:;;N/A: ;Ramsey;cap.;;"Nueva Orleans en tres días vap. ing. Sanda, cap. Ramsey; tond. 2191 con carbón á la orden.";ing.;Sanda;vap.;1903_03_08;Nueva Orleans
Día 1:;;N/A:  | N/A: ;Dijon;cap.;;"Miami en un día vap. am. Martinique, cap. Dijon; tond. 996 con carga general y 59 pasajeros á G. Lawton Chils y C.";am.;Martinique;vap.;1903_03_08;Miami
Día 6:;;N/A:  | N/A: ;Davinson;cap.;;"Filadelfia en 6 días vap. ing. Russian Prince cap. Davinson; tond. 2102 en lastre á R. Truffin y C.";ing.;Russian Prince;vap.;1903_03_08;Filadelfia
Día 4:;;;;;;De Santiago de Cuba, en 4 dias, vp. am. de re-;am.;de re-;vp.;1903_03_17;Santiago de Cuba
Día 7:;;;;cap.;;De Filadelfia, en 7 dias, vap. alm. Margaretha,;;Margaretha;vap.;1903_03_17;Filadelfia
Día 34:;;;;;;De Génova, de esc. en 34 dias, vap. esp. Pío IX,;esp.;Pío IX;vap.;1903_03_17;Génova
Día 2:;;;;;;De New Orleans, en 2 dias, vp. am. Chalmette,;am.;Chalmette;vp.;1903_03_17;New Orleans
Día 1½:;;;;;;De Miami, en 1½ dias, vp. am. Martinique, ca-;am.;Martinique;vp.;1903_03_17;Miami
Día 3:;;;;cp.;;De Veracruz, en 3 dias, vp. am. Vigilancia, cp.;am.;Vigilancia;vp.;1903_03_17;Veracruz
;;;Goicoe-;cp.;;De Liverpool y vvp. Gáditan, cp. Goicoe-;;Gáditan;vvp.;1903_03_17;Liverpool
Día 2:;;;;cap.;;De N. Orleans, en 2 dias, vp. esp. Catalina, cap;esp.;Catalina;vp.;1903_03_17;N. Orleans
Día 2:;;;;;;De Veracruz, en 2 dias, vp. franc. La Norman-;franc.;La Norman;vp.;1903_03_17;Veracruz
Día 4860:;;N/A:  | N/A:  | N/A: ;Umbert;cp.;;De Génova y escalas vía New York vap. esp. León X111 cp. Umbert tnd. 4860 con carga genal. correspondiente y 79 pasajeros con M. Calvo.;esp.;León X111;vap.;1903_03_19;Génova
Día 3½:;;N/A:  | N/A: ;Stevens;cp.;;De New York en 3½ días vap. am. Mexico cp. Stevens tond. 5667 con carga general y 75 pasajeros a Zaldo y Cp.;am.;Mexico;vap.;1903_03_19;New York
Día 3:;;N/A: ;Pedersen;cp.;;De Mobila en 3 días vap. ngo. Ulv cp. Pedersen tnd. 1405 con carga gral. a L. V. Placé.;ngo;Ulv;vap.;1903_03_19;Mobila
Día 2:;;N/A: ;Cws tnds.;cp.;;De Cienfuegos en 2 días vp. am. yacht Tuscarora cp. Cws tnds. 541 en lastre al capitán.;am.;Tuscarora;yacht;1903_03_19;Cienfuegos
Día 7:;;;;;;De Cayo Hueso en 7 horas vp. am? Mascotte,;am?;Mascotte;vp.;1903_03_20;Cayo Hueso
Día 4:;;;;;;De Veracruz en 4 dias vp. esp. Ciudad de Cadiz;esp.;Ciudad de Cadiz;vp.;1903_03_20;Veracruz
Día 3:;;;;;;De Dinhston (Jamaica) en 3 dias vap. yacht;;yacht;vap.;1903_03_20;Dinhston (Jamaica)
Día 18:;;N/A:  | N/A:  | N/A:  | N/A:  | N/A: ;Dillon;cap.;;De Miami en 18 horas, vp. am? Martinique capitán Dillon, tnds. 906 con carga general y 46 pasajeros & G. Lawton, Childs y Cp!;am?;Martinique;vp.;1903_03_22;Miami
;;;;;;De Kingston (Farmacia) gta. Gacht americana Muriel.;americana;Muriel;gta.;1903_03_22;Kingston
Día 15:;;N/A:  | N/A: ;Landers;cp.;;De Perth Amboy en 15 dias, gta. americana Republic, cp. Landers, tnds. 921 con carbon & V. V. Placé.;americana;Republic;gta.;1903_03_22;Perth Amboy
Día 6:;;N/A: ;Befentzen;cp.;;De Cartagena en 5½ dias. vap. ngo. Folsjo, cp. Befentzen, tons. 1647, con ganado a Carlos L. Delmas.;ngo;Folsjo;vap.;1903_03_22;Cartagena
Día 6½:;;N/A: ;True;cap.;;De N. York en 6½ días vp. inglés Nile, capitán True, tnd.s. 1995 con carga general á Bridat Montijos y Cº;inglés;Nile;vp.;1903_03_24;N. York
Día 12:;;N/A:  | N/A: ;Morphin;cap.;;De C. Hueso en 12 horas vp. am? Arbutos, capitán Morphin, tnd.s. 400 en lastre al Consul americano.;am?;Arbutos;vp.;1903_03_24;C. Hueso
Día 4:;;N/A:  | N/A:  | N/A:  | N/A: ;Johnson;cap.;;De Veracruz en 4 días vap. am? Monterey, capitán Johnson, tnd.s. 4702 con carga general y 91 pasajeros Zaldo y C?;am?;Monterey;vap.;1903_03_24;Veracruz
Día 86:;;N/A: ;Pla;tnd.;;De Rosario y escalas en 86 días bg. espl. Ernesto, Pla, tnd.s. 216 con tasas a la orden.;;espl. Ernesto;bg.;1903_03_24;Rosario
Día 3½:;;N/A:  | N/A: ;Rogers;cp.;;De N. York en 3½ días vp. am? Esperanza, cp. Rogers, tnd.s. 4702 con carga gral. y 70 pasajeros a Zaldo y C?;am?;Esperanza;vp.;1903_03_24;N. York
Día 4:;;N/A: ;Birney;cp.;;De N. Orleans en 4 días vp. am? Chalmette, cp. Birney, tnd.s. 3802 con carga general a Galban y Comp.;am?;Chalmette;vp.;1903_03_24;N. Orleans
;;;;;;De Cienfuegos gta. am? Yacht, Sea Fox.;am;Sea Fox;Yacht;1903_03_24;Cienfuegos
Día 23:;;N/A: ;Arnold;cp.;;De Liverpool y escalas en 23 días vp. inglés Teodora de Larrinaga, cp. Arnold, tnd.s. 3998 con carga gral. a Marimon Arvela y Comp.;inglés;Teodora de Larrinaga;vp.;1903_03_24;Liverpool
Día 2½:;;N/A:  | N/A: ;Bottone;cp.;;De Mobila en 2½ días vp. italiano Giuseppe Corrìa, cp. Bottone tnd.s 1700 con carga gral y 5 pasajeros a L. V. Placé.;italiano;Giuseppe Corrìa;vp.;1903_03_24;Mobila
Día 3½:;;N/A:  | N/A: ;Downs;cap.;;Nueva York en 3½ dias vapor americano Morro Castle, cap. Downs, tons. 6004, con carga general y 68 pasajeros, á Zaldo y C:;americano;Morro Castle;vapor;1903_03_26;Nueva York
Día 5:;;N/A:  | N/A: ;Henriksen;cap.;;Tampico en 5 dias, vap. noruego Bergen, capitán Henriksen, tons. 1378, con ganado, á L. V. Placé.;noruego;Bergen;vap.;1903_03_26;Tampico
Día 7:;;;;;;De Cayo Hueso, en 7 horas, vapor americano;americano;;vapor;1903_03_27;Cayo Hueso
Día 5:;;N/A:  | N/A:  | N/A: ;Tocker;cap.;;De Pascaugola, en 5 días, berg. ing. Rescue, capitan Tocker, ton. 354, con madera á Ignacio Pla y Cp.;ing.;Rescue;berg.;1903_03_27;Pascaugola
Día 7:;;;;;;De Wilmington en 7 días vapor inglés Russian;inglés;Russian;vapor;1903_03_27;Wilmington
;;N/A: ;Davidson;cap.;;Prince, cap. Davidson, tons. 2.716, con pe-;;Prince;;1903_03_27;
Día 6:;;N/A:  | N/A:  | N/A: ;Kelly;cp.;;De Pascageula, en 6 días, gol. am. Asa T. Stowell, cp. Kelly, ton. 419, con madera á Ignacio Pla y Cp.;am.;Asa T. Stowell;gol.;1903_03_27;Pascageula
Día 9:;;;;;;De Filadelfia en 9 días vap. ing. Miramar, ca-;ing.;Miramar;vap.;1903_03_27;Filadelfia
Día 5:;;N/A: ;Sawyer;cap.;;Pascagoula, en 5 días, gol. am. Nokomes, cap. Sawyer, ton. 295, con madera á Ignacio Pla y Comp.;am.;Nokomes;gol.;1903_03_27;Pascagoula
Día 5:;;N/A: ;Saverthon;cap.;;Pascagoula, en 5 días, gol. am. Griffin, cap. Saverthon, ton. 567, con madera á la orden.;am.;Griffin;gol.;1903_03_27;Pascagoula
Día 5:;;;;;;De Pasacagoula en 5 días gol ing. Lady of A-;ing.;Lady of A-;gol.;1903_03_28;Pasacagoula
;;N/A: ;Steele;cap.;;yon, cap. Steele, tons. 287, con madera, á;;;;1903_03_28;
Día 5:;;;;cap.;;De Gulfport en 5 días gol ing. Symara, capi-;ing.;Symara;gol;1903_03_28;Gulfport
Día 5:;;;;cap.;;De Pasacagoula en 5 días gol. am. Laguna, cap.;am.;Laguna;gol.;1903_03_28;Pasacagoula
Día 5½:;;;;;;De Veracruz en 5½ días vap. norg. Valent, ca-;norg.;Valent;vap.;1903_03_28;Veracruz
Día 5½:;;;;;;De Nueva York en 5½ días vap. cubano Curi-;cubano;Curi;vap.;1903_03_28;Nueva York
;;N/A: ;Happe;cap.;;tyba, cap. Happe, tons. 2368, con carga de;;tyba;;1903_03_28;
Día 8:;;;;;;De Cayo Hueso en 8 horas, vapor americano;americano;;vapor;1903_03_29;Cayo Hueso
Día 7:;;;;;;De Cayo Hueso en 7 horas, vapor americano;americano;;vapor;1903_03_29;Cayo Hueso
Día 22:;;;;;;De Filadelfia, en 22 dias, gol. am. Rob Roy.;am.;Rob Roy;gol.;1903_03_29;Filadelfia
Día 4:;;N/A:  | N/A: ;Umberto;cp.;;De Veracruz en 3½ dias v.p. esp. León XIII, cp. Umberto, tnd.s. 4860 con carga general y 81 pasajeros á M. Calvo.;esp.;León XIII;v.p.;1903_03_31;Veracruz
Día 6:;;N/A:  | N/A: ;Fretonit;cp.;;De Filadelfia en 6 dias vp. alemán Margaretha, cp. Fretonit, tnd.s. 2115 en lastre á R. Fruf y Comp.;alemán;Margaretha;vp.;1903_03_31;Filadelfia
Día 3:;null;N/A:  | N/A:  | N/A: ;Gortz;cap.;01-01-1869;De Trujillo en 3 dias vp. alemán Andrés, capitán Gortz. tnd.s. 1869, con ganado y un pasajero y F. Negra.;alemán;Andrés;vp.;1903_03_31;Trujillo
Día 3½:;;N/A:  | N/A: ;Robertson;cp.;;De Veracruz en 3½ dias vp. americano Havana, cp. Robertson, con carga general y pasajeros, á Zaldo y Comp.;americano;Havana;vp.;1903_03_31;Veracruz
Día 2:;;N/A: ;Birney;cp.;;De Nueva Orleans en 2 dias vp. am. Chalmete, cp. Birney, ton. 3205, con carga general á Galban y Cp.;am.;Chalmete;vp.;1903_03_31;Nueva Orleans
Día 2½:;;N/A:  | N/A: ;Pedersen;cp.;;De Móbil, en 2½ dias, vp. ngo. Ulv, cp. Pedersen, ton. 1405, con carga general y 2 pasajeros, á L. V. Placé.;;ngo. Ulv;vp.;1903_03_31;Móbil
Día 4:;;N/A: ;Knight;cp.;;De Nueva Orleans en 4 dias, vp. am. Vigilancia, cp. Knight, ton. 4115, con carga general á Zaldo y Cp.;am.;Vigilancia;vp.;1903_03_31;Nueva Orleans
Día 8:;;N/A:  | N/A:  | N/A: ;Allen;cap.;;De Tampa y C. Hueso en 8 horas vapor americano Olivette, capitán Allen, tnds. 1604 con carga, correspondencia y 32 pasajeros á G. Lawton, Childs y C.;americano;Olivette;vapor;1903_04_01;Tampa y C. Hueso
Día 3:;;N/A:  | N/A:  | N/A: ;Hathaway;cp.;;De Tampa en 3 días vapor americano Santiago, cp. Hathaway, tnds. 2358 con ganado y 3 pasajeros á Zaldo y Comp.;americano;Santiago;vapor;1903_04_01;Tampa
;;N/A:  | N/A: ;Dilon;cp.;;De Miami vp. námer. Martínique, cp. Dilon, tnds. 996 con carga y pasajeros á G. Lawton y Comp.;;námer. Martínique;vp.;1903_04_01;Miami
Día 23:;;N/A:  | N/A: ;Egurola;cap.;;De Liverpool y escalas, en 23 días, vp. español Santanderino, Egurola, ton. 3082, con carga general y 72 pasajeros á H. Astorqui.;español;Santanderino;vp.;1903_04_01;Liverpool
Día 23:;;;;;;De Génova y escalas, en 23 días, vp. esp. Mon-;esp.;Mon-;vp.;1903_04_02;Génova
Día 34:;;;;;;De Londres y escalas, en 34 días, vp. ing. Me-;ing.;Me-;vp.;1903_04_02;Londres
Día 7:;;;Ja-;cp.;;De Filadelfia, en 7 días, vp. ngo. Atlas, cp. Ja-;;ngo. Atlas;vp.;1903_04_02;Filadelfia
Día 16:;;;;;;De Bilbao, Santander y Coruña, en 16 días, va-;;;va-;1903_04_02;Bilbao, Santander y Coruña
Día 3½:;;;;;;"De New York, en 3½ días; vap. am. México,";am.;México;vap.;1903_04_02;New York
Día 5:;;;;cap.;;De Tampa, en 5 días, gol. ing. Blanche, capi-;ing.;Blanche;gol.;1903_04_02;Tampa
Día 5:;;;;;;De Gulf Port, en 5 días, gol. ing. Doris M. Pic-;ing.;Doris M. Pic;gol.;1903_04_02;Gulf Port
Día 4:;;N/A:  | N/A: ;Berny;cp.;;De Mobila en 4 dias, gta. inglesa Margaret M. Riley, cp. Berny, tnds. 267 con madera á A. J. Mendoza.;inglesa;Margaret M. Riley;gta.;1903_04_03;Mobila
Día 43:;;N/A:  | N/A: ;Giberan;cp.;;De Génoa y escalas, en 43 dias, vp. esp. Conde Wifredo, cp. Giberan, tnds. 2763 con carga gral. y 22 pasajeros, á Marcos, Hermanos y O.;esp.;Conde Wifredo;vp.;1903_04_03;Génoa
Día 7:;;N/A:  | N/A: ;Turner y G. Lawton;cp.;;De C. Hueso en 7 horas, vp. am? Mascotte, cp. Turner y G. Lawton, 884, con carga gral. y 18 pasajeros.;am?;Mascotte;vp.;1903_04_03;C. Hueso
Día 4:;;N/A: ;Jamieson;cp.;;De Tampico en 4 dias, vp. cubano Cubana, cp. Jamieson, tnds. 2081, con ganado á La Placé.;cubano;Cubana;vp.;1903_04_03;Tampico
;;;;cap.;;De S. de Cuba vp. de recreo am? May, en lasestre al capitán.;am?;May;vp.;1903_04_03;S. de Cuba
Día 6:;;;;cap.;;De Cartagena, en 6 días, vp. ngo. Albis, capi-;;ngo. Albis;vp.;1903_04_04;Cartagena
Día 19:;;;;cap.;;"De Liverpool, en 19¼ días; vp. Leonora, capi-";;Leonora;vp.;1903_04_04;Liverpool
Día 2:;;;;cap.;;De Gíbara, en 2 días, vp. alem. Stolberg, capi-;alem.;Stolberg;vp.;1903_04_04;Gíbara
Día 6:;;;;;;De Mobila, en 6 días, gol. inh. Saint Maurice,;;Saint Maurice;gol.;1903_04_04;Mobila
Día 7:;;N/A:  | N/A:  | N/A: ;Allen;cp.;;De Cayo Hueso, en 7 horas, vp. am. Olivette, cp. Allen, ton. 1604, con carga, correspondencia y pasajeros, a G. Lawton Childs y Comp.;am.;Olivette;vp.;1903_04_05;Cayo Hueso
Día 0:;;N/A:  | N/A: ;Dillon;cp.;;De Miami, en 18 horas, vp. am. Martinique, cp. Dillon, ton. 996, con carga y pasajeros a G. Lawton, Childs y Cp.;am.;Martinique;vp.;1903_04_05;Miami
Día 7½:;;N/A: ;Donnevíg;cp.;;De la Pladella, en 7½ días, vp. ngo. Orange, cp. Donnevíg, ton. 1574, con carbón a Luis V. Placé.;ngo.;Orange;vp.;1903_04_05;la Pladella
Día 3½:;;N/A:  | N/A: ;Cobson;cp.;;De N. York en 3½ das vp. amer. Monterey, cp. Cobson, tonds. 4702 con carga gral. y pasajeros á Zalda y Comp.;amer.;Monterey;vp.;1903_04_07;N. York
Día 16:;;N/A:  | N/A: ;Bargilliat;cp.;;De S. Nazaire y escs. en 16 días vp. francés France, cp. Bargilliat, tnds. 4560, con carga gral., 179 pasajeros á Bridat Montros y Comp.;francés;France;vp.;1903_04_07;S. Nazaire
Día 2½:;;N/A:  | N/A: ;Bottone;cp.;;De Mobila en 2½ días vp. italiano Giuseppe Corvaja, cp. Bottone, tnds. 1700, con carga gral. y 6 pasajeros á L. V. Placé.;italiano;Giuseppe Corvaja;vp.;1903_04_07;Mobila
Día 8:;;N/A:  | N/A: ;Bodeau;cp.;;De Mobila en 8 días, gol. am. M. A. A. Chon, cp. Bodeau, ton. 309, con madera á J. Pla.;am.;M. A. A. Chon;gol.;1903_04_07;Mobila
Día 2½:;;N/A:  | N/A: ;Birney;cp.;;De New Orleans, en 2½ días, vp. am. Chalmette, cp. Birney, ton. 3205, con carga general y 14 pasajeros á Galban y Cp.;am.;Chalmette;vp.;1903_04_07;New Orleans
Día 12:;;N/A:  | N/A:  | N/A:  | N/A: ;Tilake;cp.;;De Filadelfia, en 12 días, gol. am. Nimbus, cp. Tilake, ton. 584 con petróleo á The West India, Oil y Cp.;am.;Nimbus;gol.;1903_04_07;Filadelfia
;;;Allen;cp.;;De Cuyo Hueso, vp. am. Olivette, cp. Allen,;am.;Olivette;vp.;1903_04_08;Cuyo Hueso
Día 1:;;;;cap.;;De Miami, en 1 día, vp. ami. Martinique, capi-;;ami. Martinique;vp.;1903_04_08;Miami
Día 4:;;;;;;De Veracruz y escalas, en 4 días, vp. am. Espe-;am.;Espe-;vp.;1903_04_08;Veracruz
Día 3:;;;Go-;cp.;;De Trujillo, en 3 días, vp. alm. Andes, cp. Go-;;alm. Andes;vp.;1903_04_08;Trujillo
Día 39:;;;;;;De Barcelona y escls. en 39 dias, vp. español;español;;vp.;1903_04_09;Barcelona
Día 3½:;;;;;;De N. York en 3½ dias, vap. americano Mo-;americano;Mo-;vap.;1903_04_09;N. York
Día 11:;;;;;;De Matanzas en 11 horas vp. cubano Curity-;cubano;Curity;vp.;1903_04_09;Matanzas
Día 4:;;;;cap.;;De Tampico en 4 dias, vp. ngo. Bergen, capi-;;ngo. Bergen;vp.;1903_04_09;Tampico
Día 3:;;;;;;De Tampica, vp. en 3 dias, vp. am. Matanzas;am.;Matanzas;vp.;1903_04_09;Tampica
Día 9:;;N/A: ;Harrock;cp.;;De Cartagena, en 9 días, vp. ing. Yucatan' cp. Harrock, ton. 2316, con carga general á J. Rodríguez y Cp.;ing.;Yucatan;vp.;1903_04_14;Cartagena
Día 4:;;;;cap.;;De Tampico, en 4 días, vp. am. Séneca, capi-;am.;Séneca;vp.;1903_04_14;Tampico
Día 18:;;N/A: ;Mc Clean;cp.;;De Weymouth, en 18 días, gol. am. Joseph Hay cp. Mc Clean, ton. 188, con madera á la or.;am.;Joseph Hay;gol.;1903_04_14;Weymouth
;;N/A: ;Pedersen;cp.;;De Mobile, vp. ngo. Uly, cp. Pedersen, tn. 1405;;Uly;vp.;1903_04_14;Mobile
Día 3½:;;;;;;De New York, en 3½ días, vp. am. Havana,;am.;Havana;vp.;1903_04_14;New York
Día 2½:;;;;;;De N. Orleans, en 2½ días, vp. americano Chal-;americano;Chal-;vp.;1903_04_14;N. Orleans
Día 4:;;;;;;De Veracruz y Progreso en 4 días vp. ameri-;ameri-;;vp.;1903_04_14;Veracruz y Progreso
Día 9:;;;;;;De Pasacagoula en 9 días gta. inglesa Melrose,;inglesa;Melrose;gta.;1903_04_14;Pasacagoula
Día 30:;;;;;;De Amberes y escalas en 30 días vp. español;español;;vp.;1903_04_15;Amberes
Día 7:;;;;;;De C. Hueso en 7 horas vp. americano Oll-;americano;Oll-;vp.;1903_04_15;C. Hueso
Día 1:;;;;;;De Miami en 1 día vp. americano Martínique;americano;Martínique;vp.;1903_04_15;Miami
Día 7:;;;;;;De C. Hueso en 7 horas vp. americano Mia-;americano;Mia;vp.;1903_04_15;C. Hueso
Día 3½:;;;;cp.;;De New York, en 3½ dias, vp. am. México, cp.;am.;México;vp.;1903_04_16;New York
Día 7:;;;;;;De Cayo Hues, en 7 horas. vp. am. Mascotte,;am.;Mascotte;vp.;1903_04_17;Cayo Hues
Día 1½:;;;;;;De Cayo Hues, en 1½ días, gol. am. Doctor;am.;Doctor;gol.;1903_04_17;Cayo Hues
Día 3:;;;;cap.;;De Veracruz, en 3 días, vp. franc. France, cap.;franc.;France;vp.;1903_04_17;Veracruz
Día 7:;;;;;;De Gulfport, en 7 días, bea. cubana Alabama,;cubana;Alabama;bea.;1903_04_17;Gulfport
Día 4:;;;;;;De Tampico, en 4 días, vap. cubano Cubana,;cubano;Cubana;vap.;1903_04_17;Tampico
Día 7:;;;;;;De Cayo Hueso, en 7 horas, vp. am. Olivette,;am.;Olivette;vp.;1903_04_19;Cayo Hueso
;;;;;;De Dienfuegos, vp. am. yacht Columbia.;am.;Columbia;yacht;1903_04_19;Dienfuegos
;;N/A: ;Hold;cp.;;De Hamburgo y esc. vp. alm. Sarnia, cp. Hold, ton. 3026, con carga general á E. Heilbut.;;Sarnia;vp.;1903_04_21;Hamburgo
Día 3:;;N/A:  | N/A:  | N/A: ;Dekker;cp.;;De Newport, en 2½ días, vp. holandés Gamma, cp. Dekker, ton. 2111, con carbón á L. Manéne y Cp.;holandés;Gamma;vp.;1903_04_21;Newport
Día 18:;;N/A:  | N/A:  | N/A: ;Dillon;cp.;;De Miami, escalas, en 18 horas, vp. am. Martínique, cp. Dillon, ton. 996, con carga, correspondencia y 10 pasajeros á G. Lawton, Childs y Cp.;am.;Martínique;vp.;1903_04_21;Miami
Día 2½:;;N/A:  | N/A: ;Fernandez;cp.;;De Veracruz, en 2½ días, vp. esp. Alfonso XII, cp. Fernandez, ton. 6893, con carga general y 163 pasajeros á M. Calvo.;esp.;Alfonso XII;vp.;1903_04_21;Veracruz
Día 2:;;N/A: ;Birney;cp.;;De New Orleans, en 2 días, vp. am. Chalmette, cp. Birney, ton. 3205, con carga general á Galban y Cp.;am.;Chalmette;vp.;1903_04_21;New Orleans
;;;;;;De Trujillo, vp. ing. de guerra Alerta.;ing.;Alerta;vp.;1903_04_21;Trujillo
Día 18:;;N/A: ;Gilkey;cp.;;De Filadelfia, en 18 días, gol. am. James W. Paul, cp. Gilkey, ton. 1808, con carbón á la orden.;am.;James W. Paul;gol.;1903_04_21;Filadelfia
Día 4:;;N/A:  | N/A: ;Rogers;cp.;;De New York, en 4 días, vp. am. Esperanza, cp. Rogers, ton. 4702, con carga general y 13 pasajeros á Zaldo y Cp.;am.;Esperanza;vp.;1903_04_21;New York
Día 3:;;N/A:  | N/A: ;Bottone;cp.;;De Nóbila, en 3 días, vp. italiano Giuseppe Corvaja, cp. Bottone, ton. 1700, con carga general y 8 pasajeros á L. Placé.;italiano;Giuseppe Corvaja;vp.;1903_04_21;Nóbila
Día 4:;;N/A: ;plánt O'Reef;ca.;;De Tampico, en 3½ días, vp. am. Niágara, ca. plánt O'Reef, ton. 2265, con carga general á Zaldo y Cp.;am.;Niágara;vp.;1903_04_21;Tampico
Día 30:;;;;;;De Buenos Aires y esc. en 30 dias, vp. inglés;ing.;;vp.;1903_04_22;Buenos Aires
Día 7:;;;;;;De Cayo Hueso, en 7 horas, vp. am. Mascotte,;am.;Mascotte;vp.;1903_04_22;Cayo Hueso
Día 4:;;;;ca-;;De Veracruz, en 4 días, vp. am. Monterey, ca-;am.;Monterey;vp.;1903_04_22;Veracruz
Día 25:;;;;;;De Liverpool y escalas, en 25 días, vp. Domín-;;Domín-;vp.;1903_04_22;Liverpool
Día 16:;;;;ca-;;De Liverpool, en 16 días, vp. esp. Gracia, ca-;esp.;Gracia;vp.;1903_04_22;Liverpool
Día 10:;;N/A: ;Chistofferson;cap.;;De Cartagena, en 10 días, vp. ngo. Albis, cap. Chistofferson, ton 1431, con ganado á L. V. Place.;;ngo. Albis;vp.;1903_04_23;Cartagena
Día 3:;;N/A:  | N/A: ;Downs;cp.;;De New York, en 3 días, vap. am. Morro Castle, cp. Downs, ton 6004, con carga general y 59 pasajeros á Zaldo y Cp.;am.;Morro Castle;vap.;1903_04_23;New York
;;N/A: ;Hansen;cp.;;De Nueveles, vp. cubano Olíndito, cp. Hansen, ton 2376, con carga de tránsito á V. Place.;cubano;Olíndito;vp.;1903_04_23;Nueveles
Día 6½:;;N/A: ;Jacobsen;cp.;;De Filadelfia, en 6½ días, vp. ngo. Navigator, cp. Jacobsen, ton 1273, con carbón á L. V. Place.;;Navigator;vp.;1903_04_23;Filadelfia
Día 7:;;N/A:  | N/A: ;Allen;cp.;;De Cayo Hueso, en 7 horas, vp. am. Olivette, cp. Allen, ton. 1603, con carga general y 38 pasajeros a Zaldo y Cp.;am.;Olivette;vp.;1903_04_24;Cayo Hueso
;;N/A: ;Rottoné;cp.;;De Cárdenas, vp. italiano Giuseppe Corvaja, cp. Rottoné, ton. 1700, en lastre a Luis V. Placé.;italiano;Giuseppe Corvaja;vp.;1903_04_24;Cárdenas
Día 4:;;N/A: ;Mc Kay;cap.;;De Tampico, en 4 días, vp. ing. Genesee, capitán Mc Kay, ton. 2530, en lastre, a R. Truñán y Cp.;ing.;Genesee;vp.;1903_04_24;Tampico
;;;Hoppe;cp.;;De New York, vp. cub. Curityba, cp. Hoppe,;cub.;Curityba;vp.;1903_04_25;New York
Día 26:;;;;;;De Génova y escalas, en 26 días, vp. esp. Bue-;esp.;Bue-;vp.;1903_04_25;Génova
Día 4:;;;;cp.;;De Móvilla, en 4 días, berg. Ing. Gleanafton, cp.;Ing.;Gleanafton;berg.;1903_04_25;Móvilla
Día 6:;;;;cap.;;De Pascagoula, en 6 dias, bca. ing. Mable, cap.;ing.;Mable;bca.;1903_04_26;Pascagoula
Día 8:;;;;;;De Londres y escalas, en 8 dias, vp. ing. Puri-;ing.;Puri;vp.;1903_04_26;Londres
Día 7:;;;;;;De Filadelfia, en 7 dias, vp. ing. Myrtydene,;ing.;Myrtydene;vp.;1903_04_26;Filadelfia
Día 7:;;;;;;De Cayo Hneso, en 7 horas, vp. am. Mascotte,;am.;Mascotte;vp.;1903_04_26;Cayo Hneso
Día 6:;;;;;;De Filadelfia en 6 dias vp. Ingles Russian Prin-;Ingles;Russian Prin;vp.;1903_04_26;Filadelfia
Día 2½:;;N/A: ;Subifo;cp.;;De N. Orleans en 2½ días vp. español PIO IX, cp. Subifo, tnd.s. 3895 con carga general á Marcos Hnos. y C:;español;PIO IX;vp.;1903_04_28;N. Orleans
Día 20:;;N/A: ;Anderson;cp.;;De New York en 20 días gta. am: Brokline, cp. Anderson, tnd.s. 541 con carbón á la or- den.;am;Brokline;gta.;1903_04_28;New York
Día 3½:;;N/A:  | N/A: ;Hathaway;cp.;;De Tampico eu 3½ días vp. amern? Santiago, cp. Hathaway, tnd.s. 2355 con carga general y 4 pasajeros á Zaldo y C:;amern?;Santiago;vp.;1903_04_28;Tampico
Día 2½:;;N/A:  | N/A: ;Pedersen;cp.;;De Mobila en 2½ vp. ngo. Ulv, cp. Pedersen, tnd.s. 1405 con carga gral. y 3 pasajeros á L. V. Placé.;;ngo. Ulv;vp.;1903_04_28;Mobila
Día 5½:;;N/A: ;Berentzen;cap.;;De Cartagena en 5½ días vp. ngo. Falsjo, capi- tan Berentzen, tnd.s. 1647 con ganado á Fernando Vélez.;ngo.;Falsjo;vp.;1903_04_28;Cartagena
Día 2:;;N/A:  | N/A: ;Burney;cp.;;De Nueva Orleans, en 2 días, vp. am. Chalmette, cp. Burney, ton. 3205, con carga gene- ral y 8 pasajeros á Galban y Cp.;am.;Chalmette;vp.;1903_04_28;Nueva Orleans
Día 4:;;N/A:  | N/A: ;Knight;cp.;;De Nueva York, en 4 días, vp. am. Vigilancia, cp. Knight, ton. 3115, con carga geCeral y 17 pasajeros á Zaldo.y Cp.;am.;Vigilancia;vp.;1903_04_28;Nueva York
Día 18:;;N/A:  | N/A:  | N/A: ;Dillon;cp.;;De Miami y Cayo Hueso en 18 horas, vp. americano Martinique, cp. Dillon, ton. 998, con carga, correspondencia y 6 pasajeros á G' Lawton Chids y Cp.;americano;Martinique;vp.;1903_04_28;Miami y Cayo Hueso
Día 5½:;;N/A: ;Uribarri;cp.;;De New York, en 5½ días, vp. esp. Ramón de Larrinaga, cp. Uribarri, ton. 2875, con carga general a Marimón, Varela y Cp.;esp.;Ramón de Larrinaga;vp.;1903_04_29;New York
Día 5:;;N/A: ;Enger;cp.;;De Tampico, en 5 días, vp. Nord, cp. Enger, ton. 1160, con ganado a Silveira y Cp.;;Nord;vp.;1903_04_29;Tampico
Día 7:;;N/A:  | N/A: ;Turner;cp.;;De Cayo Hueso, en 7 horas, vp. am. Mascotte, cp. Turner, ton. 884, con carga general y 48 pasajeros a G. Lawton, Childs y Cp.;am.;Mascotte;vp.;1903_04_29;Cayo Hueso
;;;Stevens;cp.;;De Nueva York, vp. am. México, cp. Stevens,;am.;México;vp.;1903_04_30;Nueva York
Día 7:;;;;cap.;;De Filadelfia, en 7 días, vap. ngo. Uriken, cap.;;ngo. Uriken;vap.;1903_05_01;Filadelfia
Día :;;;;;;De Barcelona y escalas, en 66 días, boa. espa-;espa-;;boa.;1903_05_01;Barcelona
Día 7:;;N/A: ;Erickson;cp.;;De Norfolk, en 7 dias, vp. francés Normannia, cp. Erickson, ton. 2598, con carbón á Bri-;francés;Normannia;vp.;1903_05_02;Norfolk
Día 7:;;N/A: ;White;cp.;;De Cayo Hueso, en 7 horas, vap. am. Miami, cp. White, ton. 1741, con carga general y;am.;Miami;vap.;1903_05_02;Cayo Hueso
Día 5:;;;;cap.;;De Tampico, en 5 dias, vap. cub. Cubana, capi-;cub.;Cubana;vap.;1903_05_02;Tampico
Día 22½:;;;;;;De Génova y escalas, en 22½ dias, vp. español;español;;vp.;1903_05_02;Génova
Día 77:;;N/A: ;Grandes;cap.;;De Liverpool, en 77 días, beca esp. Daniel, capitán Grandes, ton. 351, con carbón á Barrios y Coello;esp.;Daniel;beca;1903_05_03;Liverpool
Día 7:;;N/A:  | N/A:  | N/A: ;G. Lawton Childs;cap.;;De Cayo Hueso, en 7 horas, vp. am. Mascotte Turner, ton. 834, con carga general, correspondencia y 17 pasajeros á G. Lawton Childs y Cp.;am.;Mascotte Turner;vp.;1903_05_03;Cayo Hueso
Día 12:;;N/A:  | N/A:  | N/A: ;Deschamps;cp.;;De Bilbao, Santander y Coruña en 12 días, vaj. esp. Alfonso XIII, cp. Deschamps, tonelada 512, con carga, correspondencia y 18 pasajeros á M. Calvo.;esp.;Alfonso XIII;vaj.;1903_05_03;Bilbao, Santander y Coruña
Día 14:;;N/A:  | N/A: ;Witt;cp.;;De Hamburgo y escalas, en 14 días, vp. alemán Prinz Adalbert, cp. Witt, ton. 6029, con carga general y 100 pasajeros á E. Hellbut.;alemán;Prinz Adalbert;vp.;1903_05_03;Hamburgo
Día 21:;;N/A: ;;;;De Amapolis, en 21 días, gol. am. Georgia, ton. 550, con madera á la orden.;am.;Georgia;gol.;1903_05_03;Amapolis
Día 3:;;N/A:  | N/A: ;Samaranch;cp.;;De Nueva Orleans, en 3 días, vp. esp. Miguel Gallart, cp. Samaranch, ton. 3260, con carga de tránsito y 6 pasajeros á C. Blanch y Comp.;esp.;Miguel Gallart;vp.;1903_05_05;Nueva Orleans
Día 3½:;;N/A:  | N/A: ;Johnson;cp.;;De New York, en 3½ días, vp. am. Monterey, cp. Johnson, ton. 4702, con carga y 17 pasajeros á Zaldo y Cp.;am.;Monterey;vp.;1903_05_05;New York
Día 18:;;N/A:  | N/A: ;Dillon;cp.;;De Miami y Cayo Hueso, en 18 boras, vp. americano Miami, cp. Dillon, ton. 1741, con correspondencia y 5 pasajeros á G. Lawton, Childs y Cp.;americano;Miami;vp.;1903_05_05;Miami y Cayo Hueso
Día 13:;;N/A:  | N/A: ;Villeumores;cp.;;De Saint Nazaire, Santander y Coruña, en 13 días, vp. franc. La Normandie, cp. Villeumores, ton. 6845, con carga general y 169 pasajeros á Bridat, Montros y Cp.;franc.;La Normandie;vp.;1903_05_05;Saint Nazaire, Santander y Coruña
Día 3:;;N/A:  | N/A: ;Aldamis;cp.;;De Vera cruz, en 3 días, vp. esp. Buenos Aires, cp. Aldamis, ton. 5300, con carga general y pasajeros á M. Calvo.;esp.;Buenos Aires;vp.;1903_05_05;Vera cruz
Día 3:;;N/A: ;Bottone;cp.;;De Mobila, en 2½ días, vp. italiano Giuseppe Corvaja, cp. Bottone, ton. 1700, con carga general á L. V. Placé.;italiano;Giuseppe Corvaja;vp.;1903_05_05;Mobila
Día 3:;;N/A: ;Hopner;cp.;;De Nueva Orleans, en 3 días, vp. am. Louisiana, cp. Hopner, ton. 2849, con carga general á Galban y Cp.;am.;Louisiana;vp.;1903_05_05;Nueva Orleans
Día 2½:;;N/A:  | N/A:  | N/A: ;Urban;cp.;;De Manzanillo, en 2½ días, vp. alemán Roland cp. Urban, ton. 3062, con carga de tránsito á S. y Tillman.;alemán;Roland;vp.;1903_05_05;Manzanillo
Día 3½:;;;;;;De Tampico, en 3½ dias, vp. am. Matanzas,;am.;Matanzas;vp.;1903_05_06;Tampico
Día 8:;;;;;;De Cayo Hueso, en 8 horas, vp. am. Mascotte,;am.;Mascotte;vp.;1903_05_06;Cayo Hueso
Día 6:;;;;cap.;;De Norfolk, en 6 dias, vp. ing. Carisbrook, ca-;ing.;Carisbrook;vp.;1903_05_06;Norfolk
Día 2½:;;;;;;De Nueva Orleans, en 2½ dias, vp. esp. Conde;esp.;Conde;vp.;1903_05_06;Nueva Orleans
Día 4:;;;;;;De Veracruz y escalas, en 4 dias, vp. am. Espe-;am.;Espe-;vp.;1903_05_06;Veracruz
Día 3½:;;;;;;De Nueva York, en 3½ días, vp. am. Morro;am.;Morro;vp.;1903_05_07;Nueva York
;;;Stoppe;cp.;;De Nuevas, vp. cub. Curityba, cp. Stoppe,;cub.;Curityba;vp.;1903_05_07;Nuevas
Día 4:;;;;cap.;;De Tampico, en 4 días, vp. alm. Andes, capitán;;alm. Andes;vp.;1903_05_07;Tampico
Día 6:;;;;;;De Matanzas, en 6 horas, vp. ital. Gluseppe;ital.;Gluseppe;vp.;1903_05_08;Matanzas
Día 7:;;;;;;De Cayo Hueso, en 7 horas, vp. am. Olivette,;am.;Olivette;vp.;1903_05_08;Cayo Hueso
Día 5:;;;;ca-;;De Nueva York, en 5 días, vp. cub. Olinda, ca-;cub.;Olinda;vp.;1903_05_08;Nueva York
Día 7½:;;;;;;De Mobila, en 7½ dias, gol. am. Clara A. Phi-;am.;Clara A. Phi-;gol.;1903_05_09;Mobila
Día 48:;;;;;;De Génova y escalas, en 48 dias, vp. esp. Mar-;esp.;Mar-;vp.;1903_05_09;Génova
Día 1½:;;;;cap.;;De Miami, en 1½ dia, vp. am. Miami, capitán;am.;Miami;vp.;1903_05_09;Miami
Día 12:;;;;;;De Cárdenas, en 12 horas, vp. ing. Dorisbrook,;ing.;Dorisbrook;vp.;1903_05_10;Cárdenas
Día 7:;;;;;;De Cayo Hueso, en 7 horas, vp. am. Mascotte,;am.;Mascotte;vp.;1903_05_10;Cayo Hueso
Día 3:;;;;;;De Grifl Port, en 3 dias, vp. ngo. Normandie,;;ngo. Normandie;vp.;1903_05_12;Grifl Port
Día 52:;;;;;;De Bremen y esc. en 52 dias, vp. alm. Mainz,;;Mainz;vp.;1903_05_12;Bremen
Día 3½:;;;;;;De New York, en 3½ dias, vp. am. Havana,;am.;Havana;vp.;1903_05_12;New York
Día 70:;;;;;;De Barcelona, en 70 dias, bea. esp. Galofre, ca-;esp.;Galofre;bea.;1903_05_12;Barcelona
Día 7:;;;;;;De Cayo Hueso: en 7 horas, vp. am. Miami,;am.;Miami;vp.;1903_05_12;Cayo Hueso
Día 2:;;N/A:  | N/A: ;Hopner;cap.;;De Nueva York en 2 días vap. amr. Louisiana, cap. Hopner, tons. 2.819 con carga general y 73 pasajeros.;amr.;Louisiana;vap.;1903_05_13;Nueva York
Día 4:;;N/A:  | N/A:  | N/A: ;Kught;cap.;;De Veracruz y Progreso en 4 días vap. amer. Vigilancia, cap. Kught, tons. 4.115, con carga general y 68 pasajeros, á Zaldo y Cp.;amer.;Vigilancia;vap.;1903_05_13;Veracruz y Progreso
Día 4:;;N/A:  | N/A:  | N/A:  | N/A: ;Irvine;cap.;;De Tampico en 4 días vap. amr. Séneca, capitán Irvine, tons. 2.229, con ganado, á Zaldo y Cp.;amr.;Séneca;vap.;1903_05_13;Tampico
Día 5:;;N/A: ;Christophessen;cap.;;De Tampico en 4½ días vap. norg. Albis, cap. Christophessen, tons. 1.431, con ganado, á Luis V. Placé.;norg.;Albis;vap.;1903_05_13;Tampico
Día 2:;;N/A:  | N/A: ;Griffin;cap.;;De Cayo Hueso en 2 días gol. amr. Doctor Lykes, cap. Griffin, tons. 89, con ganado á Lykes y Hno.;amr.;Doctor Lykes;gol.;1903_05_13;Cayo Hueso
Día 7:;;N/A:  | N/A: ;Allen;cap.;;De Cayo Hueso en 7 horas vap. amer. Olivette, cap. Allen, tons. 1.604, con carga, correspondiendo y pasajeros, á G. Lawton, Childs y Cp.;amer.;Olivette;vap.;1903_05_13;Cayo Hueso
;;;Boxter;cp.;;De Pasacoula, gol. am. Omega, cp. Boxter,;am.;Omega;gol.;1903_05_14;Pasacoula
Día 8:;;;;;;De Pto. Rico y escalas, en 8 días, vp. cub. Ma-;cub.;;vp.;1903_05_14;Pto. Rico
Día 2½:;;;Pe-;cp.;;De Mobile, en 2½ días, vp. ngo. Ulv, cp. Pe-;;ngo. Ulv;vp.;1903_05_14;Mobile
Día 4:;;;;;;De New York, en 3½ días, vp. am. México, ca-;am.;México;vp.;1903_05_14;New York
Día 8:;;;;;;De Filadelfia, en 7½ días, vp. inglés Russian;inglés;Russian;vp.;1903_05_14;Filadelfia
Día 4½:;;;;;;De Tlacotalpan, en 4½ dias, vp. ngo. Hydra,;ngo.;Hydra;vp.;1903_05_15;Tlacotalpan
Día 6:;;;;;;De F'ladelffa, en 6 dias, vp. alm. Margaretha,;;alm. Margaretha;vp.;1903_05_15;F'ladelffa
Día 7:;;;;;;De Cayo Aueso, en 7 horas, vp. am. Martini-;am.;Martini-;vp.;1903_05_15;Cayo Aueso
Día 6½:;;;;;;De F'ladelffa, en 6½ dias, vp. ing. Vortigorn,;ing.;Vortigorn;vp.;1903_05_15;F'ladelffa
Día 43:;;;;;;De Liverpool y escalas, en 43 días, vp. español;español;;vp.;1903_05_16;Liverpool
Día 2½:;;;;;;De Veracruz, en 2½ días, vp. francés La Nor-;francés;La Nor-;vp.;1903_05_16;Veracruz
Día 8½:;;;;cp.;;De Filadelfia, en 8½ días, vp. ing. Vimeira, cp.;ing.;Vimeira;vp.;1903_05_16;Filadelfia
Día 7:;;;;;;De Cayo Hueso, en 7 horas, vp. am. Miami,;am.;Miami;vp.;1903_05_16;Cayo Hueso
;;;;cap.;;De Matanzas, vp. yacht am. Santanella, capi-;am.;Santanella;vp.;1903_05_16;Matanzas
Día 1:;;N/A: ;Hansen;cap.;;De Cayo Hueso, en 1 día, vp. am. Reanoke, capitan Hansen, ton. 546, con ganado á Lykes y Hno.;am.;Reanoke;vp.;1903_05_17;Cayo Hueso
Día 3½:;;N/A:  | N/A:  | N/A: ;O'Keefe;cp.;;De Tampico, en 3½ días, vp. am. Niágara, cp. O'Keefe, ton. 2265, con carga general y 18 pasajeros y Zaldo y Cp.;am.;Niágara;vp.;1903_05_19;Tampico
Día 26:;;N/A:  | N/A: ;Oliver;cp.;;De Génova y esc., en 26 días, vp. esp. Manuel Calvo, cp. Oliver, ton. 6000, con carga general y 131 pasajeros a M. Calvo.;esp.;Manuel Calvo;vp.;1903_05_19;Génova
Día 7:;;N/A:  | N/A:  | N/A: ;White;cp.;;De Cayo Hueso, en 7 horas, vp. am. Miami, cp. White, ton. 1741, en lastre y 172 pasajeros y G. Lawton Childs y Cp.;am.;Miami;vp.;1903_05_19;Cayo Hueso
Día 2:;;N/A:  | N/A: ;Hopner;cp.;;De Nueva Orleans, en 2 días, vp. am. Louisiana, cp. Hopner, ton. 2349, con carga general y pasajeros á Galban y Cp.;am.;Louisiana;vp.;1903_05_20;Nueva Orleans
Día 2½:;;;;;;De Veracruz, en 2½ días, vp. ep. Alfonso XIII;;Alfonso XIII;vp.;1903_05_20;Veracruz
Día 3½:;;N/A:  | N/A:  | N/A: ;Jhonson;cp.;;De Veracruz y Progreso, en 3½ días, vp. americano Monterrey, cp. Jhonson, ton. 4702, con carga, correspondencia y pasajeros á Saldo y Cp.;americano;Monterrey;vp.;1903_05_20;Veracruz y Progreso
Día 7:;;N/A:  | N/A:  | N/A: ;Dillon;cp.;;De Cayo Hueso, en 7 horas, vp. am. Martini-que, cp. Dillon, ton. 996, con carga, correspondencia y 231 pasajeros á G. Lawton y Cp.;am.;Martini-que;vp.;1903_05_20;Cayo Hueso
Día ½:;;N/A:  | N/A: ;Gortz;cap.;;De Matanzas, en ½ día, vp. alm. Andres, capitán Gortz, ton. 1859, en lást. á F. Heilbut.;;alm. Andres;vp.;1903_05_20;Matanzas
Día 4½:;;N/A:  | N/A: ;Peterson;cp.;;De Veracruz, en 4½ días, vp. ngo. Volund, cp. Peterson, ton. 1087, con ganado á I. Pla y Comp.;;ngo. Volund;vp.;1903_05_20;Veracruz
Día 3½:;;N/A:  | N/A: ;Downs;cp.;;De New York en 3½ días vp. am: Morro Castle, cp. Downs, tnds. 600, con carga gral. y 45 pasajeros á Zaldo C:;am;Morro Castle;vp.;1903_05_21;New York
Día 22:;;N/A: ;Farrell;cp.;;De Londres y esc. en 22 días vp. inglés Cayo Bonito, cp. Farrell, tnds. 3427, con carga gral. a Dursaó, a C.;ing.;Cayo Bonito;vp.;1903_05_21;Londres
Día 5½:;;N/A: ;Dodder;cp.;;De Mobila en 5½ días gta. am: M. A. Achon, cp. Dodder, nds. 808, con madera á L. Diago.;am;M. A. Achon;gta.;1903_05_21;Mobila
Día 5:;;N/A:  | N/A:  | N/A:  | N/A: ;Janseron;cp.;;De Tampico en 5 días vp. cubano Cuba, cp. Janseron, tods. 208 con ganado á L. P. Placé, de Cayo Hunso en 7 horas vp. am? Mascotte, cp. Alle, tnds. 884, con carga, correspondencia y 19 pasajeros, á G. Lawton, Childs y C:;cubano;Cuba;vp.;1903_05_21;Tampico
Día 5:;;N/A: ;Hope;cp.;;De New York en 4½ días vp. cubuno Curi- tyba, cp. Hope, tnds. 2363, con carga gral. á L. V. Placé.;cubuno;Curi- tyba;vp.;1903_05_21;New York
Día 5:;;N/A: ;pol. arrárga;ep.;;De Nueva York, en 4½ días, vpi. esp. Saturnino, ep. pol. arrárga, ton. 2388, con carga general a Marimón, Varela y Cp.;esp.;Saturnino;vpi.;1903_05_23;Nueva York
Día 43:;;;;;;De Liverpool, en 43, días, bea. nga. Mercur,;nga.;Mercur;bea.;1903_05_24;Liverpool
;;;;;;De Cádenas, vp. italiano Giuseppe Corvaja,;italiano;Giuseppe Corvaja;vp.;1903_05_24;Cádenas
Día 7:;;;;;;De Cayo Hueso, en 7 horas, vp. am. Martini-;am.;Martini;vp.;1903_05_24;Cayo Hueso
Día 3:;;;;;;De New Orleans, en 3 días, vp. am. Aransas,;am.;Aransas;vp.;1903_05_24;New Orleans
Día 4:;;;;;;De Tampico en 4 días vap. alm. Prinz Adal-;;Prinz Adal;vap.;1903_05_24;Tampico
;;N/A: ;Will;cap.;;bert, cap. Will, tons. 6.029, con carga y 92;;;;1903_05_24;
Día 35:;;;;;;De Arrecifes de Lanzarote, en 35 días, bergan-;;;bergan;1903_05_26;Arrecifes de Lanzarote
Día 18:;;N/A: ;Henson;cp.;;De Liverpool, en 17½ días, vp. ing. María de Larrinaga, cp. Henson, ton. 4058, carga general á Marlin, Varela y Cp.;ing.;María de Larrinaga;vp.;1903_05_26;Liverpool
Día 32:;;N/A: ;Wagner;cp.;;De Hamburgo y escalas, en 32 días, vp. alemán Canadía, cp. Wagner, ton. 2404, con carga general á E. Heibut.;alemán;Canadía;vp.;1903_05_26;Hamburgo
Día 2:;;N/A:  | N/A:  | N/A: ;Hopner;cp.;;De Nueva Orleans, en 2 días, vp. am. Louisiana, cp. Hopner, ton. 2549, con carga general á Galban y Cp.;am.;Louisiana;vp.;1903_05_26;Nueva Orleans
Día 2:;;N/A: ;Petterson;cap.;;De Nuevitas, en 1½ días, vp. ngo. Ellida, capitán Petterson, ton. 2124, en lastre á L. V. Placé.;;Ellida;vp.;1903_05_26;Nuevitas
Día 7:;;N/A:  | N/A: ;White;cap.;;De Cayo Hueso, en 7 horas, vp. am. Miami, capitán White, ton. 1741, con carga general y 10 pasajeros á G. Lawton, Childs y Cp.;am.;Miami;vp.;1903_05_26;Cayo Hueso
Día 3½:;;N/A:  | N/A:  | N/A: ;Hoffhay;cap.;;De Tampico, en 3½ días, vp. am. Santiago, capitán Hoffhay, ton. 2358, con ganado á Zaldo y Cp.;am.;Santiago;vp.;1903_05_26;Tampico
Día 4:;;N/A:  | N/A: ;Dominguez;cp.;;De Progreso, en 4 días, vp. mexicano Edwin Bailey, cp. Dominguez, ton. 286, en lastre á Zaldo y Cp.;mexicano;Edwin Bailey;vp.;1903_05_26;Progreso
Día 5:;;N/A: ;Kunden;cp.;;De Tlacotalpan, en 4½ días, vp. ngo. Hydra, cp. Kunden, ton. 1333, con ganado á la orden.;;ngo. Hydra;vp.;1903_05_26;Tlacotalpan
Día 4:;;N/A:  | N/A: ;Kinght;cp.;;De Nueva York, en 4 días, vp. am. Vigilancia, cp. Kinght, ton. 4116, con carga y pasajeros á Zaldo y Cp.;am.;Vigilancia;vp.;1903_05_27;Nueva York
Día 3:;;N/A:  | N/A: ;Pedersen;cp.;;De Mobils, en 2½ días, vp. ngo. Uly, cp. Pedersen, ton. 1405, con carga general y 6 pasajeros á L. V. Placé.;;ngo. Uly;vp.;1903_05_27;Mobils
Día 7:;;N/A:  | N/A: ;Allen;cp.;;De Cayo Hueso, en 7 días, vp. am. Mascotte, cp. Allen, ton. 884, con carga y 28 pasajeros á G. Lawton Childs y Cp.;am.;Mascotte;vp.;1903_05_27;Cayo Hueso
Día 5½:;;N/A: ;Fretwnest;cp.;;De Filadelfia, en 5½ días, vp. alemán Margherita, cp. Fretwnest, ton. 2115, en lastre á R. Trufin y Cp.;alemán;Margherita;vp.;1903_05_27;Filadelfia
Día 86:;;N/A: ;Panorás;op.;;De Montevideo, en 86 días, berg. esp. Alfredo, op. Panorás, ton. 323, con carga gral, á Romagosa y Cp.;esp.;Alfredo;berg.;1903_05_27;Montevideo
Día 17:;;N/A: ;Ruiz;cap.;;De Liverpool, en 17 días, vp. esp. Vivina, capitán Ruiz, 2987, con carga general á J. Balcells y Cp.;esp.;Vivina;vp.;1903_05_27;Liverpool
Día 3½:;;N/A:  | N/A: ;Robertson;cp.;;De Veracruz y escalas, en 3½ días, vp. am. Havana, cp. Robertson, ton. 867, con carga general y 95 pasajeros á Zaldo y Cp.;am.;Havana;vp.;1903_05_27;Veracruz
Día 2:;;N/A: ;Soler;cap.;;De Cayo Hueso en 2 días, gol. cub.: Carmen, capitan Soler, ton. 17, en lastre al Capitán.;cub.;Carmen;gol.;1903_05_28;Cayo Hueso
Día 3:;;N/A:  | N/A: ;Stevens;cp.;;De Nueva York, en 3¼ días, vp. am. México, cp. Stevens, ton. 5667, con carga general y 34 pasajeros á Zaldo y Cp.;am.;México;vp.;1903_05_28;Nueva York
Día 16:;;N/A: ;Torrey;cap.;;De Filadelfia, en 16 días, vp. Ing. Kennet, cap. Torrey, ton. 1707, con carbón á L. V. Pireé.;Ing.;Kennet;vp.;1903_05_28;Filadelfia
Día 7:;;N/A:  | N/A: ;Cheisteesen;cap.;;De Mobile, en 7 días, vp. am. Higgins, capitán Cheisteesen, ton. 119, en lastre á la Compañía Española y Americana de Gas.;am.;Higgins;vp.;1903_05_28;Mobile
Día 11:;;N/A:  | N/A: ;Johansen;cp.;;De Sabine Pass, en 11 días, lanchón am. Gusher, cp. Johansen, ton. 481, con petróleo á la Compañía Española y Americana de Gas.;am.;Gusher;lanchón;1903_05_28;Sabine Pass
Día 60:;;;;;;De Barcelona y escalas, en 60 días, bca. espa-;espa-;;bca.;1903_05_29;Barcelona
Día 6½:;;;;;;De Filadelfia, en 6½ dias, vapor ing. Russian;ing.;Russian;vapor;1903_05_30;Filadelfia
Día 7:;;;;cap.;;De Cayo Hueso, en 7 horas, vp. am. Miami, ca-;am.;Miami;vp.;1903_05_30;Cayo Hueso
Día 3:;;;Manuel Calvo;cap.;;De Veracruz, en 3 días, vp. esp. Manuel Calvo,;esp.;;vp.;1903_05_31;Veracruz
Día 27:;;;;;;De Montevideo y escalas, en 27 días, vp. inglés;ing.;;vp.;1903_05_31;Montevideo
Día 7:;;;;;;De Cayo Hueso, en 7 horas, vp. am. Mascotte,;am.;Mascotte;vp.;1903_05_31;Cayo Hueso
Día 3:;;;;;;De Tampico, en 3 días, vp. ing. Costa Rica,;ing.;Costa Rica;vp.;1903_05_31;Tampico
Día 52:;;;;;;De Liverpool, en 52 días, bca. nga. Arizona,;nga.;Arizona;bca.;1903_06_02;Liverpool
Día 3½:;;;;;;De Nueva York, en 3½ días, vp. am. Monterey;am.;Monterey;vp.;1903_06_02;Nueva York
Día 2½:;;;;;;De Manzanillo, en 2½ dias, vp. alm. Mainz,;;alm. Mainz;vp.;1903_06_02;Manzanillo
Día 7:;;;;op.;;De Cayo Huesos, en 7 horas, vp. am. Miami, op.;am.;Miami;vp.;1903_06_02;Cayo Huesos
Día 16:;;;;;;De Bilbao y escala, en 16 días, vp. esp. Alfon-;esp.;Alfon-;vp.;1903_06_02;Bilbao
Día 2:;;;;;;De Nueva Orleans, en 2 días, vp. esp. Juan;esp.;Juan;vp.;1903_06_02;Nueva Orleans
Día 2½:;;;;;;De Mobila, en 2½ días, vp. Italiano Gluseppe;;Italiano Gluseppe;vp.;1903_06_02;Mobila
Día 24:;;;;;;De Génova y escalas, en 24 días, vp. esp. León;esp.;León;vp.;1903_06_03;Génova
Día 12:;;;;;;De Saint Nazaire y esc. en 12 días, vp. francés;francés;;vp.;1903_06_03;Saint Nazaire
;;;Ro-;cp.;;De Veracruz y esc. vp. am. Esperanza, cp. Ro-;am.;Esperanza;esc.;1903_06_03;Veracruz
Día 10:;;;;cap.;;De Pasacagoula, en 10 días, gol. am. Olga, capi-;am.;Olga;gol.;1903_06_04;Pasacagoula
Día 4:;;;;;;De Nueva York, en 3½ días, vp. am. Morro;am.;Morro;vp.;1903_06_04;Nueva York
Día 64:;;N/A: ;González;cap.;;De Montevideo y escalas, en 64 días. bca. uruguaya María, cap. González, tons. 859, con carga general, á Galbán y comp.;uruguaya;María;bca.;1903_06_05;Montevideo
Día 4:;;N/A: ;Hoppe;cp.;;De Matanzas, en 4 horas, vp. cub. Curityba, cp. Hoppe, ton. 2363, con carga de tránsito á L. V. Placé.;cub.;Curityba;vp.;1903_06_05;Matanzas
Día :;;;;;;De Tampico, en 41½ días, vap. noruego Ber-;noruego;Ber-;vap.;1903_06_05;Tampico
Día 5:;;N/A:  | N/A: ;Wieben;cp.;;De New York, en 4½ días, vp. cub. Olinda, cp. Wieben, ton. 2376, con carga general y 10 pasajeros á L. V. Placé.;cub.;Olinda;vp.;1903_06_05;New York
;;;White;cap.;;cap. White, tons. 1741, en lastre y 9 pasa-;;;;1903_06_05;
Día 6:;;N/A: ;Bottoné;cp.;;De Matanzas, en 6 horas, vp. italiano Giuseppe Corvaja, cp. Bottoné, ton. 1700, en lastre á L. V. Placé.;italiano;Giuseppe Corvaja;vp.;1903_06_05;Matanzas
Día 7:;;N/A: ;Dillon;cp.;;De Cayo Hueso, en 7 horas, vp. am. Martini-que, cp. Dillon, ton. 996, con carga general á G. Lawton Childs y Cp.;am.;Martini-que;vp.;1903_06_05;Cayo Hueso
Día 4:;;N/A:  | N/A:  | N/A: ;Hundsen;cp.;;De Tlacotalpan, en 4 días, vp. ngo. Hydra, cp. Hundsen, ton. 1332, con ganado á Ignacio Pla y Cp.;;ngo. Hydra;vp.;1903_06_05;Tlacotalpan
Día 13:;;N/A:  | N/A:  | N/A: ;Ricker;cp.;;De Pasacagoula, en 13 días, gol. ing. Sirocco, cp. Ricker, ton. 335, con madera á Ignacio Pla y Cp.;ing.;Sirocco;gol.;1903_06_05;Pasacagoula
Día 4½:;;;;;;De Cartagena, en 4½ días, vp. ing. Bernard;ing.;Bernard;vp.;1903_06_06;Cartagena
Día 8:;;N/A:  | N/A: ;Allen;cp.;;De Cayo Hueso en 8 horas vp. americano Mascotte, cp. Allen, tnd.s. 884, con carga general y 20 pasajeros, a G. Lawton, Childs y Comp.;americano;Mascotte;vp.;1903_06_06;Cayo Hueso
Día 5:;;N/A: ;Pettersen;cap.;;De Tampico en 4½ dias vap. ngo. Ellida, cap. Pettersen, tnd.s. 1124, con ganado a L. V. Placé.;;Ellida;vap.;1903_06_06;Tampico
Día 15:;;N/A: ;Sulsven;cp.;;De Pasacagoula en 15 dias gta. am: Griffin, cp. Sulsven, tnd.s. 367, con madera a la orden.;am;Griffin;gta.;1903_06_06;Pasacagoula
Día 15:;;N/A:  | N/A:  | N/A: ;Mass;cp.;;De Bremen y Amberes y Coruña en 15 dias vp. alem. Collenz, cp. Mass, tnd.s. 3193, con carga gral. & Schwab y Filliman.;alem.;Collenz;vp.;1903_06_06;Bremen y Amberes y Coruña
Día 2½:;;N/A: ;Olsen;cap.;;De New Orleans en 2½ días vap. am. Aransas, cap. Olsen, tons. 1156, con carga general, a Galban y C.;am.;Aransas;vap.;1903_06_08;New Orleans
Día 25:;;N/A: ;;;;De Amberes y escalas en 25 días vap. esp. On- ton. 2809, con carga general, a Baran- diarán y C.;esp.;On- ton. 2809;vap.;1903_06_08;Amberes
Día 2:;;N/A:  | N/A: ;Gostos;cp.;;De Cienfuegos, en 2 días, vp. alemán Andes, cp. Gostos, ton. 1869, en lastre a E. Heilbut.;alemán;Andes;vp.;1903_06_08;Cienfuegos
Día 5½:;;N/A:  | N/A: ;Fretsonrst;cp.;;De Filadelfia, en 5½ días, vp. alm. Marghare- tha, cp. Fretsonrst, ton. 2115, en lastre a R. Trufin y Cp.;;alm. Marghare- tha;vp.;1903_06_08;Filadelfia
Día 3½:;;N/A: ;Irvine;cap.;;De Tampa, en 3½ días, vp. am. Séneca, cap. Irvine, ton. 2729, con carga general a Zal- y y Cp.;am.;Séneca;vp.;1903_06_08;Tampa
;;N/A: ;Pedersen;cp.;;De Mobile, vp. ngo. Ulv, cp. Pedersen, tonela- das 1405, con carga general a L. V. Placé.;;ngo. Ulv;vp.;1903_06_08;Mobile
Día 4:;;N/A:  | N/A: ;Robertson;ep.;;De Nueva York, en 3½ días, vp. am. Havana, ep. Robertson, ton. 5667, con carga general y 39 pasajeros a Zalido y Cp.;am.;Havana;vp.;1903_06_08;Nueva York
Día 7:;;N/A:  | N/A: ;White;cp.;;De Cayo Hueso, en 7 horas, vp. am. Miami, cp. White, ton. 1741, con carga gral y 4 pa- sajeros G. Lawton Chils y Cp.;am.;Miami;vp.;1903_06_08;Cayo Hueso
Día 2:;;N/A: ;Hopper;cp.;;De Nueva Orleans, en 2 días, vp. am. Louisia- na, cp. Hopper, ton. 2844, con carga gene- ral a Galban y Cp.;am.;Louisiana;vp.;1903_06_08;Nueva Orleans
Día 7:;;;;;;De Cayo Hueso en 7 horas vp. amer. Mascot-;amer.;Mascot;vp.;1903_06_09;Cayo Hueso
Día 6½:;;;;cp.;;De Norfolk en 6½ dias vp. ngo. Hugin, cp.;ngo.;Hugin;vp.;1903_06_09;Norfolk
Día 4:;;;;;;De Veracruz y Progreso en 4 dias vp. ameri-;ameri-;;vp.;1903_06_09;Veracruz y Progreso
Día 3½:;;;;;;De N. York en 3½ días v.p. americano Mó-;americano;Mó-;v.p.;1903_06_10;N. York
Día 8:;;;;;;De Filadelfia, en 8 dias, vp. ing. Camperdown,;ing.;Camperdown;vp.;1903_06_11;Filadelfia
Día 7:;;;;;;De Cayo Hueso en 7 horas vap. amr. Martini-;amr.;Martini;vap.;1903_06_11;Cayo Hueso
Día 15:;;;;;;De Amapolis, en 15 dias, gol. ing. Ida M. Shaf-;ing.;Ida M. Shaf-;gol.;1903_06_11;Amapolis
;;N/A: ;Dillon;cap.;;que, cap. Dillon, tons. 996, con carga, co-;;;;1903_06_11;
Día 1:;;;Pe-;cap.;;De Matanzas en 1 día vop. norg. Ulv, cap. Pe-;norg.;Ulv;vop.;1903_06_11;Matanzas
Día 10:;;;;;;De Mobila, en 10 días, gol. ing. G. E. Bentley,;ing.;G. E. Bentley;gol.;1903_06_12;Mobila
Día 24:;;;;;;De Liverpool y escalas, en 24 días vap. inglés;inglés;;vap.;1903_06_12;Liverpool
;;N/A: ;Knight;cap.;;Lugano, cap. Knight, tons. 3.798, con carga;;Lugano;;1903_06_12;
Día 1:;;;;;;De Cayo Hueso en un día gol. amr. Doctor Ly-;amr.;Doctor Ly-;gol.;1903_06_12;Cayo Hueso
Día 7:;;;;;;De Cayo Hueso en 7 horas vap. amr. Miami,;amr.;Miami;vap.;1903_06_12;Cayo Hueso
;;N/A: ;White;cap.;;cap. White, tons. 1741, en lastres, con 4 pa-;;;;1903_06_12;lastres
Día 20:;;N/A:  | N/A: ;Echevarría;cp.;;De Liverpool en 20 dias vp. español Francisca cp. Echevarría, tnds. 2674, con carga general y J. Balcells y Comp.;español;Francisca;vp.;1903_06_13;Liverpool
Día 7:;;N/A:  | N/A: ;Allen;cp.;;De C. Hueso en 7 horas vp. americano Mascotte cp. Allen, tnds. 884 con carga general y 18 pasajeros, a G. Lawton, Childs y Comp.;americano;Mascotte;vp.;1903_06_13;C. Hueso
Día 28:;;N/A: ;Byrns;cp.;;De Amapolo en 28 dias vp. inglés Peerless, cp. Byrns, tnds. 278 con madera a la orden.;inglés;Peerless;vp.;1903_06_13;Amapolo
Día 16:;;N/A: ;Cates;cp.;;"De Cartagena, en 16 días; gol. am. F. E. Thomson, cp. Cates, ton. 653, en lastre al capitán.";am.;F. E. Thomson;gol.;1903_06_15;Cartagena
Día 2:;;N/A: ;Bilbao;cp.;;De la Punta Rasa, en 2 días, vp. cub. Humberto Rodríguez, cp. Bilbao, ton. 338, en lastre, trayendo a remolque los lanchones Tinima y San Fernando con ganado á R. Benítez.;cub.;Humberto Rodríguez;vp.;1903_06_15;Punta Rasa
Día 51:;;N/A:  | N/A: ;Jaureguizar;cp.;;De Génova y escalas, en 51 días, vp. esp. Catalina, cp. Jaureguizar, ton. 4995, con carga general y 35 pasajeros á Marcos y Cp.;esp.;Catalina;vp.;1903_06_15;Génova
Día 2:;;N/A:  | N/A: ;Perdigeon;cp.;;De Veracruz en 2 días, vp. francés La Navarre cp. Perdigeon, ton. 6959, con carga general y 97 pasajeros á Bridat Montros y Cp.;francés;La Navarre;vp.;1903_06_15;Veracruz
Día 4:;;N/A: ;Henrickssen;cap.;;De Tampico, en 4 días, vp. ngo. Bergen, capitán Henrickssen, ton. 1378, con ganado á L. V. Placé.;;Bergen;vp.;1903_06_15;Tampico
Día 9:;;N/A: ;O'Keefe;cp.;;De Tampico, en 8½ días, vp. am. Niagara, cp. O'Keefe, ton. 2265, con carga general á Zaldo y Cp.;am.;Niagara;vp.;1903_06_15;Tampico
Día 4:;;N/A:  | N/A: ;Rogers;cp.;;De Nueva York, en 4 días, vp. am. Esperanza, cp. Rogers, ton. 4702, con carga general y 58 pasajeros á Zaldo y Cp.;am.;Esperanza;vp.;1903_06_15;Nueva York
Día 7:;;N/A:  | N/A: ;White;cp.;;De Cayo Hueso, en 7 horas, vp. am. Miami, cp. White, ton. 1741, con carga general y 5 pasajeros á G. Lawton Childs y Cp.;am.;Miami;vp.;1903_06_15;Cayo Hueso
Día 3:;;N/A: ;;cap.;;De Mobila, en 2½ días, vp. italiano Giuseppe Corvaja, ton. 1700, con carga á L. V. Placé.;italiano;Giuseppe Corvaja;vp.;1903_06_15;Mobila
Día 20:;;N/A: ;Bescon;cp.;;De Pasacagola, en 20 días, gol. am. Elsie A. Bayles, ton. cp. Bescon, ton. 296, con madera á L. V. Placé.;am.;Elsie A. Bayles;gol.;1903_06_15;Pasacagola
Día 14:;;N/A: ;Scott;cp.;;De Mobila, en 14 días, gol. ing. Bartholdi, cp. Scott, ton. 337, con madera á J. Mendoza.;ing.;Bartholdi;gol.;1903_06_15;Mobila
Día 2:;;N/A: ;Hapner;cp.;;De Nueva Orleans, en 2 días, vp. am. Louisiana, cp. Hapner, ton. 2849, con carga general á Galban y Cp.;am.;Louisiana;vp.;1903_06_16;Nueva Orleans
Día 3:;;N/A:  | N/A:  | N/A: ;Muirhead;cap.;;De Narsan en 3 días vp. amer. Colonia, cap. Muirhead, tnds. 200, lastre á Zaldo y Comp.;amer.;Colonia;vp.;1903_06_16;Narsan
Día 5:;;N/A: ;Pettersen;cp.;;De Vera cruz, en 4½ días, vp. ngo. Volund, cp. Pettersen, ton. 1087, con ganado a L. V. Place.;;ngo. Volund;vp.;1903_06_16;Vera cruz
Día 3:;;N/A:  | N/A: ;Muirhead;cap.;;De Narsan en 3 días vp. amer. Atlanta, cap. Muirhead, tnds. 188, en lastre á Zaldo y Comp.;amer.;Atlanta;vp.;1903_06_16;Narsan
Día 7:;;N/A:  | N/A: ;Allen;cp.;;De C. Hueso en 7 horas vp. amer. Mascotte, cp. Allen, tnds. 884, carga gral. y 38 pasajeros & L. Lawton, Childs & Comp.;amer.;Mascotte;vp.;1903_06_16;C. Hueso
Día 30:;;N/A: ;Dash;cp.;;De Amberes y escalas en 30 días vp. inglés Corby Castle, cp. Dash, tnds. 3607, carga general á Dusaq y Gobiers.;inglés;Corby Castle;vp.;1903_06_16;Amberes
Día 3 y medio:;;N/A: ;Soure;cp.;;De C. Hueso en 3 y medio días gta. americana A. F. Menell, cp. Soure, tnds. 91 con madeja á la orden.;americana;A. F. Menell;gta.;1903_06_16;C. Hueso
Día 4:;;N/A:  | N/A: ;Johnson;cp.;;De Veracruz y escalas en 4 días vp. americano Monterrey, cp. Johnson, inds. 4702 con carga gral., 107 pasajeros á Zaldo y Comp.;americano;Monterrey;vp.;1903_06_16;Veracruz
Día 26:;;N/A:  | N/A:  | N/A: ;Grau;cap.;;De Génoves y escalas, en 26 días, vap. español Montevideo, cap. Grau, tons. 5297, con carga general, 97 pasajeros, á M. Calvo.;español;Montevideo;vap.;1903_06_17;Génoves
Día 4:;;N/A:  | N/A: ;Dows;cap.;;De New York, en 3½ días, vap. amr. Morro Castle, cap. Dows, tons. 6004, con carga general y 79 pasajeros, á Zaldo y Cp.;amr.;Morro Castle;vap.;1903_06_17;New York
Día 17:;;;;;;De Liverpool, en 17 dias, vp. esp. Anselma de;esp.;Anselma de;vp.;1903_06_18;Liverpool
;;;Alberts;cp.;;De Pascagoula, bea. nga. Mable, cp. Alberts,;nga.;Mable;bea.;1903_06_18;Pascagoula
Día 8:;;;;;;De Móbilá, en 8 dias, berg. ing. Gleanafton ton.;ing.;Gleanafton ton;berg.;1903_06_18;Móbilá
Día 1½:;;;;;;De Nuevitas, en 1½ días, vp. cub. Olinda, ca-;cub.;Olinda;vp.;1903_06_18;Nuevitas
Día 5:;;;;;;De New York, en 4½ días, vp. cub. Curityba,;cub.;Curityba;vp.;1903_06_18;New York
Día 7:;;;;;;De Cayo Hueso, en 7 horas, vp. am. Martini-;am.;Martini;vp.;1903_06_18;Cayo Hueso
Día 18:;;;;;;De Cayo Cayo Hueso, en 18 dias, gol. am. Wa-;am.;Wa-;gol.;1903_06_19;Cayo Cayo Hueso
Día 9:;;;;;;De Cárdenas, en 9 horas, vp. italiano Giuseppe;italiano;Giuseppe;vp.;1903_06_19;Cárdenas
Día 10:;;;;;;De Guli Port, en 10 dias, berg. berg. ing. Per-;ing.;Per-;berg.;1903_06_19;Guli Port
Día 7:;;;;cp.;;De Cayo Hueso, en 7 horas, vp. am. Miami, cp.;am.;Miami;vp.;1903_06_19;Cayo Hueso
Día 4½:;;;;cap.;;De Tampico, en 4½ dies, vp. ngo. Ellida, cap.;;ngo. Ellida;vp.;1903_06_19;Tampico
Día 9:;;;;;;De Mobila, en 9 dias, bca. am. John R. Stam-;am.;John R. Stam;bca.;1903_06_20;Mobila
Día 2:;;;;;;De New Orleans, en 2 dias, vp. esp. Martin;esp.;Martin;vp.;1903_06_20;New Orleans
Día 8:;;;;cap.;;De Veracruz, en 8 dias, vp. esp. Alfonso XII,;esp.;Alfonso XII;vp.;1903_06_20;Veracruz
Día 7:;;;;;;De Cayo Hueso, en 7 horas, vp. am. Mascotte,;am.;Mascotte;vp.;1903_06_20;Cayo Hueso
Día 9:;;;;;;De Jacksonville, en 9 dias, gol. am. Hayford,;am.;Hayford;gol.;1903_06_20;Jacksonville
Día 7:;;;;cap.;;De Filadelfia en 7 dias vap. ing. Frieda, capi-;ing.;Frieda;vap.;1903_06_21;Filadelfia
Día 27:;;;;;;De Hamburgo y escalas con 27 dias vp. alemán;alemán;;vp.;1903_06_22;Hamburgo
Día 6:;;;;cap.;;De N. York en 6 dias vp. esp. Ramón de Larrinaga,;esp.;Ramón de Larrinaga;vp.;1903_06_22;N. York
;;;;;;De Buenos Aires y eses. vp. ing. Casilda,;ing.;Casilda;vp.;1903_06_22;Buenos Aires
Día 3½:;;;;;;De Tampico en 3½ dias vp. am. City of Washington,;am.;City of Washington;vp.;1903_06_22;Tampico
Día 7:;;;;;;De C. Hueso en 7 horas vp. am. Miami,;am.;Miami;vp.;1903_06_22;C. Hueso
Día 55:;;;;;;De Gerona en 55 dias vp. Austriaco Jenny,;Austriaco;Jenny;vp.;1903_06_22;Gerona
Día 2½:;;;;cap.;;De Mobila en 2½ dias, vp. ngo. Ulv, capitán;ngo.;Ulv;vp.;1903_06_22;Mobila
Día 37:;;;;;;De Liverpool y eses. en 37 dias, vp. ing. Actor,;ing.;Actor;vp.;1903_06_22;Liverpool
Día 7:;;;;;;De Cayo Hueso, en 7 horas, vp. am. Mascotte,;am.;Mascotte;vp.;1903_06_23;Cayo Hueso
Día 2:;;N/A:  | N/A: ;Hopner;cp.;;De Nueva Orleans, en 2 dias, vp. am. Louisiana, cp. Hopner, ton. 2849, con carga general y 14 pasajeros á Galban y Cp.;am.;Louisiana;vp.;1903_06_23;Nueva Orleans
;;;;cp.;;De Veracruz y Progreso, -vp. am. Havana, cp.;am.;Havana;vp.;1903_06_24;Veracruz y Progreso
Día 3½:;;N/A:  | N/A: ;Stevens;cp.;;De New York, en 3½ días, vp. am. México, cp. Stevens, ton. 5667, con carga general y 67 pasajeros á Zaldo y Cp.;am.;México;vp.;1903_06_24;New York
Día 4½:;;N/A: ;Chisthoffesen;cap.;;De Tampico, en 4½ días, vp. ngo. Albis, capitán Chisthoffesen, ton. 1431, con ganado á L. V. Placé.;;ngo. Albis;vp.;1903_06_24;Tampico
Día 7½:;;N/A: ;Tnowert;cp.;;De Boston, en 7½ días, vp. alm. Margaretha, cp. Tnowert, ton. 2115, en lastre á R. Tru-;;alm. Margaretha;vp.;1903_06_24;Boston
Día 7:;;;;;;De Cayo Hueso en 7 horas vapor americano;americano;;vapor;1903_06_25;Cayo Hueso
Día 1½:;;;;;;De Cayo Hueso, en 1½ días, gol. am. Doctor;am.;Doctor;gol.;1903_06_26;Cayo Hueso
Día 2½:;;N/A: ;Parkin;ep.;;De Tampico, en 2½ dias vp. Ing. California, ep. Parkin, tnd. 6222 con carga general á L. Placé.;Ing.;California;vp.;1903_06_26;Tampico
Día 7:;;N/A:  | N/A: ;White;cp.;;De C. Hueso, en 7 horas vp. americano Mia- mi, cp. White, tnd. 1741, con correspondencia y 9 pasajeros á L. Lawton, Childs y Comp.;americano;Mia-mi;vp.;1903_06_26;C. Hueso
Día 7:;;;;;;De Cayo Hueso, en 7 horas, vp. am. Mascotte,;am.;Mascotte;vp.;1903_06_27;Cayo Hueso
Día 8:;;;;;;De Mobila, en 8 días, gol. am. Clara A. Phin-;am.;Clara A. Phin;gol.;1903_06_27;Mobila
Día 6:;;;;cap.;;De Norfolk, en 6 días, vp. ngo. Ole Bull, capi-;;Ole Bull;vp.;1903_06_27;Norfolk
Día 9:;;N/A:  | N/A:  | N/A:  | N/A: ;Gill;cp.;;De Gulf-port, en 9 días, gol. am. Emma L. Cothingam, cp. Gill, ton. 522, con madera á Planol, Cagigas y Cp.;am.;Emma L. Cothingam;gol.;1903_06_29;Gulf-port
Día 9:;;N/A: ;Duxchar;cp.;;De Gulf-port, en 9 días, gol. ing. Harry W. Lewis, cp. Duxchar, ton. 304, con madera á la orden.;ing.;Harry W. Lewis;gol.;1903_06_29;Gulf-port
Día 7:;;N/A: ;Boddén;cp.;;De Pascagoula, en 7 días, gol. am. Break of Day, cp. Boddén, ton. 127, con madera á R. P. Santa Maria.;am.;Break of Day;gol.;1903_06_29;Pascagoula
Día 3½:;;N/A:  | N/A: ;Rogers;cp.;;De New York, en 3½ días, vp. am. Monterey, cp. Rogers, ton. 4702, con carga general y 25 pasajeros á Zaldo y Cp.;am.;Monterey;vp.;1903_06_29;New York
Día 7:;;N/A:  | N/A:  | N/A: ;White;cp.;;De Miami y Cayo Hueso, en 7 horas, vp. americano Miami, cp. White, ton. 1741, con carga, correspondencia y 4 pasajeros á G. Lawton Childs y Cp.;americano;Miami;vp.;1903_06_29;Miami y Cayo Hueso
Día 3:;;N/A:  | N/A: ;Grau;cp.;;De Veracruz, en 3 días, vp. esp. Montevideo, cp. Grau, ton. 5297, con carga general y pasajeros á M. Calvo.;esp.;Montevideo;vp.;1903_06_29;Veracruz
Día 3:;;N/A:  | N/A: ;Botone;cp.;;De Mobila, en 3 días, vp. italiano Giuseppe Corvaja, cp. Botone, ton. 1700, con carga general y pasajeros á L. V. Place.;italiano;Giuseppe Corvaja;vp.;1903_06_29;Mobila
Día 2:;;;;;;De New Orleans, en 2 dias, vp. am. Louisiana,;am.;Louisiana;vp.;1903_06_30;New Orleans
Día 7:;;;;;;De Cayo Hueso, en 7 horas, vap. amer. Martí-;amer.;Martí;vap.;1903_06_30;Cayo Hueso
Día 4:;;;;;;De Progreso y Veracruz, en 4 días, vp. ameri-;;ameri-;vp.;1903_06_30;Progreso y Veracruz
Día 8½:;;;;;;De Tampico en 8½ días vp. amer. Matanzas,;amer.;Matanzas;vp.;1903_06_30;Tampico
;;N/A: ;Miller;cap.;;cap. Miller, tons. 3094, con carga general a;;;;1903_06_30;
Día 6:;;;;;;De Filadelfia en 6 días vp. ing. Russian, en las-;ing.;Russian;vp.;1903_06_30;Filadelfia
Día 2:;;;;;;De Cayo Hueso en 2 días gol. cubana Carmen,;cubana;Carmen;gol.;1903_06_30;Cayo Hueso
Día 8½:;;;;;;De Nueva York, en 8½ días, vp. am. Morro;am.;Morro;vp.;1903_07_01;Nueva York
;;;;;;De Veracruz, vp. alm. Prinz August Wilhelm,;;Prinz August Wilhelm;vp.;1903_07_01;Veracruz
Día 1:;;;;;;De Cayo Hoeso, en 1 día, gol. ing. Royalist,;ing.;Royalist;gol.;1903_07_02;Cayo Hoeso
Día 40:;;;;;;De Nuevias, en 40 horas, vp. cub. Curityba,;cub.;Curityba;vp.;1903_07_02;Nuevias
Día 16:;;;;;;De Bilbao y en 16 días, vp. esp. Alfonso;esp.;Alfonso;vp.;1903_07_02;Bilbao
;;;Hapford;cap.;;De Panzaola, gol. am. Blanche, cap. Hapford;am.;Blanche;gol.;1903_07_02;Panzaola
Día 7:;;;;;;De Cayo Hueso, en 7 horas, vp. am. Mascotte,;am.;Mascotte;vp.;1903_07_02;Cayo Hueso
Día 37:;;N/A: ;Ferrer;cp.;;De Arrecifes de Lanzarote, en 37 días, bergantín esp. Joven Antonio, cp. Ferrer, tn. 237, con cebollas á H. Astorqui.;esp.;Joven Antonio;bergantín;1903_07_03;Arrecifes de Lanzarote
Día 22:;;N/A:  | N/A:  | N/A: ;Aldamis;cp.;;De Génova, Barcelona y escalias, en 22 días, vp. esp. Buenos Aires, cp. Aldamis, ton. 5800, con carga, correspondencia y 269 pasajeros a M. Calvo.;esp.;Buenos Aires;vp.;1903_07_03;Génova
Día 5:;;N/A: ;Jombes;cap.;;De Tampico, en 5 días, vp. ngo. Nord, capitán Jombes, ton. 1160, con ganado a Silveira y Cmp.;;ngo. Nord;vp.;1903_07_03;Tampico
Día 5:;;N/A:  | N/A: ;Hansan;cp.;;De Nueva York, en 5 días, vp. cub. Olinda, cp. Hansan, ton. 2396, con carga y 27 pasajeros á L. V. Placé.;cub.;Olinda;vp.;1903_07_03;Nueva York
Día 29:;;N/A:  | N/A: ;Subiño;cp.;;De Barcelona y esc., en 29 días, vp. esp. Pío IX cp. Subiño, ton. 3895, con carga general y 73 pasajeros a Marcos, Hno. y Cp.;esp.;Pío IX;vp.;1903_07_03;Barcelona
Día 17:;;N/A: ;Erickson;cp.;;De Baltimore, en 17 días, berg. am. Francés, cp. Erickson, ton. 677, con carbón a la orden.;am.;Francés;berg.;1903_07_03;Baltimore
Día 5:;;N/A: ;Kindsen;cap.;;De Filadelfia, en 5 días, vp. ngo. Hydra, capitán Kindsen, ton. 1383, con ganado a Ignacio Pla y Cp.;;Hydra;vp.;1903_07_03;Filadelfia
Día 7:;;N/A:  | N/A: ;White;cap.;;De Miami y Cayo Hueso, en 7 horas, vp. americano. Miami, cap. White, ton. 1741, con correspondencia y pasajeros a G. Lawton y Cp.;americano;Miami;vp.;1903_07_03;Miami y Cayo Hueso
Día 1:;;N/A:  | N/A: ;34;ton.;;De Cayo Hueso, en 1 día, gol. am. Champion, ton. 34, en lastre a Lykes y Hno.;am.;Champion;gol.;1903_07_04;Cayo Hueso
Día 13:;;;;;;De Saint Nazaire y escalas en 13 días vapor;;;vapor;1903_07_04;Saint Nazaire
Día 9:;;;;;;De Cartagena en 9 días vap. ing. Barbadian,;ing.;Barbadian;vap.;1903_07_04;Cartagena
Día 0:;;N/A: ;Bottoné;cp.;;De Caibarien, en 18 horas, vp. italiano Giuseppe Corvaja, cp. Bottoné, ton. 1700, en lastre a L. V. Placé.;italiano;Giuseppe Corvaja;vp.;1903_07_04;Caibarien
Día 7:;;;;;;De Cayo Hueso, en 7 horas, vapor americano;americano;;vapor;1903_07_04;Cayo Hueso
;;N/A: ;Dillon;cap.;;Martinique, cap. Dillon, tons. 996, con car-;;;;1903_07_04;Martinique
Día 4:;;N/A:  | N/A:  | N/A: ;Robertson;cp.;;De New York, en 3½ días, vp. am. Havana, cp. Robertson, ton. 5667, con carga general y 60 pasajeros y Zaldo y Cp.;am.;Havana;vp.;1903_07_05;New York
Día 4:;;N/A:  | N/A: ;Irvine;cap.;;De Tampico, en 3½ días, vp. am. Séneca, capitán Irvine, ton. 2729, con carga general y 5 pasajeros, Zaldo y Cp.;am.;Séneca;vp.;1903_07_05;Tampico
Día 1:;;N/A:  | N/A: ;123;ton.;;De Cayo Hueso, en 1 día, gol. am. Louisa Hastings, ton. 123, con ganado & Lykes y Hno.;am.;Louisa Hastings;gol.;1903_07_05;Cayo Hueso
Día 3:;;N/A:  | N/A: ;Pedersen;cp.;;De Mobila, en 2½ días, vp. ngo. Uto, cp. Pedersen, ton. 1405, con carga general y 4 pasajeros & L. V. Placé.;;ngo. Uto;vp.;1903_07_05;Mobila
Día 17:;;N/A:  | N/A: ;Norbury;cp.;;De Fijadelffa, en 17 días, gol. am. Rob Roy, cp. Norbury, ton. 755, con petróleo & Luis V. Placé.;am.;Rob Roy;gol.;1903_07_05;Fijadelffa
Día 3½:;;N/A:  | N/A: ;Robertson;cp.;;De New York, en 3½ días, vp. am. Havana, cp. Robertson, ton. 5667, con carga general y 60 pasajeros a Zaldo y Cp.;am.;Havana;vp.;1903_07_06;New York
Día 4:;;N/A:  | N/A: ;Irvine;cap.;;De Tampico, en 3½ días, vp. am. Séneca, capitán Irvine, ton. 2729, con carga general y 5 pasajeros a Zaldo y Cp.;am.;Séneca;vp.;1903_07_06;Tampico
Día 1:;;N/A:  | N/A: ;123;ton.;;De Cayo Hueso, en 1 día, gol. am. Louisa Hastings, ton. 123, con ganado & Lyles y Hno.;am.;Louisa Hastings;gol.;1903_07_06;Cayo Hueso
Día 2½:;;N/A:  | N/A: ;ton. 1405;cap.;;De Mobila, en 2½ días, vp. ngo. cp. Petersen, ton. 1405, con carga general y 4 pasajeros a L. V. Placé.;;ngo. cp. Petersen;vp.;1903_07_06;Mobila
Día 2:;;N/A:  | N/A: ;Hopper;cp.;;De Nueva Orleáns, en 2 días, vp. am. Louisiana, cp. Hopper, ton. 2319, con carga general y 6 pasajeros a Galban y Cp.;am.;Louisiana;vp.;1903_07_07;Nueva Orleáns
Día 1:;;N/A: ;;cap.;;De Nuevitas, en 23 horas, vp. alem. Coblenz, ton. 3169, con carga de tránsito á L. y Tillmann.;alem.;Coblenz;vp.;1903_07_07;Nuevitas
Día 7:;;N/A:  | N/A: ;White;cp.;;De Cayo Hueso, en 7 horas, vp. am. Miami, cp. White, ton. 1741, con carga general y 7 pasajeros á G. Lawton Childs y Cp.;am.;Miami;vp.;1903_07_07;Cayo Hueso
Día 4:;;N/A:  | N/A: ;Knight;cp.;;De Veracruz y escalas, en 4 días, vp. am. Vigilancia, cp. Knight, ton. 410, con carga general y 82 pasajeros á Zaido & Cp.;am.;Vigilancia;vp.;1903_07_07;Veracruz
Día 7:;;N/A:  | N/A:  | N/A:  | N/A: ;Allen;cp.;;De Cayo Hueso, en 7 horas, s vp. am. Mascotte, cp. Allen, ton. 884, con carga general y 17 pasajeros & G. Lawton Childs y Cp.;am.;Mascotte;vp.;1903_07_07;Cayo Hueso
Día 6:;;N/A:  | N/A:  | N/A: ;Tretwurtel;cp.;;De New York, en 6 días, vp. alm. Margaretha, cp. Tretwurtel, ton. 2115, en lastre á Región Tráfico y Cp.;;alm. Margaretha;vp.;1903_07_07;New York
Día 9:;;N/A:  | N/A: ;Stevens;cp.;;De New York, en 8½ días, vp. am. México, cp. Stevens, ton. 5667, con carga general y pasajeros á Zaldo & Cp.;am.;México;vp.;1903_07_07;New York
Día 15:;;;;;;De Bremen y escalas en 15 días vap. alem. Ro-;alem.;Ro-;vap.;1903_07_08;Bremen
Día :;;;;;;De Cartagena, en 9½ días, vp. ing. Floridian,;ing.;Floridian;vp.;1903_07_09;Cartagena
Día 22:;;;;;;De Liverpool y escalas en 22 días vap. ing. Cau-;ing.;Cau-;vap.;1903_07_09;Liverpool
Día 17:;;;Ara-;cp.;;De Liverpool en 17 días vap. esp. Ida, cp. Ara-;esp.;Ida;vap.;1903_07_09;Liverpool
Día 28:;;;;;;De Liverpool y escalas en 28 día vap. esp. Ga-;esp.;Ga-;vap.;1903_07_09;Liverpool
Día 5:;;;;cap.;;De Tampico en 5 días vp. norg. Bergen, capi-;norg.;Bergen;vp.;1903_07_09;Tampico
Día 1:;;;capi-;cap.;;De Cayo Hueso en 1 día vp. amr. Roake, capi-;amr.;Roake;vp.;1903_07_09;Cayo Hueso
Día 7:;;;;;;De Cayo Hueso en 7 horas vp. amer. Martini-;amer.;Martini;vp.;1903_07_09;Cayo Hueso
Día 7:;;N/A:  | N/A: ;White;cap.;;"De Miami y Cayo Hueso en 7 días: vap. americano Miami, cap. White, tons. 1741, con carga y 4 pasajeros, á G. Lawton, Childs y Comp;";americano;Miami;vap.;1903_07_10;Miami y Cayo Hueso
Día 5:;;;itan;cap.;;De Tampico, en 5 dias vp. ngo. Albis, capitan;;ngo. Albis;vp.;1903_07_11;Tampico
Día 7:;;;;;;De C. Hueso, en 7 horas vp. amer. Mascotte,;amer.;Mascotte;vp.;1903_07_11;C. Hueso
Día 3½:;;;;;;De Tampico en 3½ dias vapor amer. Nifagara,;amer.;Nifagara;vapor;1903_07_12;Tampico
Día 2:;;N/A:  | N/A: ;Griff;cp.;;De Cayo Hueso, en 2 días, vap. am. Doctor Lykes, cp. Griff, ton. 89, con ganado á Lykes y Hno.;am.;Doctor Lykes;vap.;1903_07_12;Cayo Hueso
Día 4:;;;;;;De Nueva York en 3½ dias vp. am. Esperanza,;am.;Esperanza;vp.;1903_07_12;Nueva York
Día 7:;;;;;;De Cayo Hueso en 7 horas, vap. amr. Miami,;amr.;Miami;vap.;1903_07_12;Cayo Hueso
Día 3½:;;;;;;De Tampico en 3½ dias vapor amer. Nifagara,;amer.;Nifagara;vapor;1903_07_13;Tampico
Día 4:;;;;;;De Nueva York en 3½ dias vp. am. Esperanza,;am.;Esperanza;vp.;1903_07_13;Nueva York
Día 7:;;;;;;De Cayo Hueso en 7 horas, vap. amr. Miami,;amr.;Miami;vap.;1903_07_13;Cayo Hueso
Día 2:;;N/A:  | N/A:  | N/A: ;Hoppner;cp.;;De Nueva Orleans, en 2 dias, vp. am. Louisiana, cp. Hoppner, ton. 2849, con carga general y 41 pasajeros, ton. Galban, y Cp.;am.;Louisiana;vp.;1903_07_14;Nueva Orleans
Día 7:;;N/A:  | N/A: ;Allen;cp.;;De Tampa y C. Hueso, en 7 horas vp. americano Mascotte, cp. Allen, tnd.s. 884 con carga, correspondiente, y 30 pasajeros, á G. Lawton, Childs y Comp.;americano;Mascotte;vp.;1903_07_14;Tampa y C. Hueso
Día 2:;;N/A:  | N/A: ;Sperling;cap.;;De Mobile, en 2 dias, vp. am. Lanembuy, cap. Sperling, ton. 2156, con carga general y 5 pasajeros, a L. V. Placé.;am.;Lanembuy;vp.;1903_07_14;Mobile
Día 1:;;N/A:  | N/A: ;Hausen;cp.;;De Cayo Hueso, en 1 día, vp. americano Roanoke, cp. Hausen, tnd.s. 546, con ganado á Lykes y Hno.;americano;Roanoke;vp.;1903_07_14;Cayo Hueso
Día 4:;;N/A:  | N/A: ;Thouson;cp.;;De Veracruz y Progreso, en 4 días vp. americano Monterey, cp. Thouson, tnd.s. 4.702, con carga general y 32 pasajeros, á Zaldo y Comp.;americano;Monterey;vp.;1903_07_14;Veracruz y Progreso
Día 2:;;;;;;De Veracruz, en 2 dias, vp. francés La Nor-;francés;La Nor-;vp.;1903_07_15;Veracruz
Día 18:;;;;;;De Hamburgo y esc. en 18 dias, vp. alm. Prinz;;Prinz;vp.;1903_07_15;Hamburgo
Día 7:;;;;;;De Matanzas, en 7 horas, vp. cub. Olinda, ca-;cub.;Olinda;vp.;1903_07_16;Matanzas
Día 7:;;;;;;De Cayo Hueso, en 7 horas, vp. am. Martini-;am.;Martini;vp.;1903_07_16;Cayo Hueso
Día 28:;;;;;;De Buenos Aires y escalas en 28 días vp. inglés;inglés;;vp.;1903_07_17;Buenos Aires
;;N/A: ;Cantell;cap.;;Etona, cap. Cantell, tons. 2494 con carga-;;Etona;;1903_07_17;
Día 3:;;;;cap.;;De Cartagena en 3 días, vp. norg. Fri, capitán;norg.;Fri;vp.;1903_07_17;Cartagena
;;;;;;De Génova, Barcelona, Cádiz y Nueva York,;;;;1903_07_17;Génova, Barcelona, Cádiz y Nueva York
;;N/A: ;Garriga;cap.;;cap. Garriga, tons. 4087, con carga general,;;;;1903_07_17;
Día 5:;;;;;;De Nueva York en 5 días, vap. cubano Curio-;cubano;Curio;vap.;1903_07_17;Nueva York
Día 7:;;;;;;De Miami y C. Hueso en 7 horas vap. am. Mia-;am.;Mia-;vap.;1903_07_17;Miami y C. Hueso
;;;White;cap.;;mi, cap. White, tons. 1741, con corresponden-;;;;1903_07_17;
Día 11½:;;;;;;De Moblla, en 11½ dias, gol. am. M. A. Achon;am.;M. A. Achon;gol.;1903_07_18;Moblla
Día 5½:;;N/A: ;Luzaríaga;cp.;;De Nueva York, en 5½ días, vp. esp. Saturnina, cp. Luzaríaga, ton. 2666, con carga general a M. Marimón, Varela y Cp.;esp.;Saturnina;vp.;1903_07_18;Nueva York
Día 1:;;;;cap.;;De Caibarien, en 1 dia, vp. ngo. Hydra, capitán;;ngo. Hydra;vp.;1903_07_18;Caibarien
Día 7:;;N/A:  | N/A: ;Alten;cp.;;De Cayo Hueso, en 7 horas, vp. am. Mascotte, cp. Alten, ton. 520, con carga general y un pasajero a G. Lawton Childs y Cp.;am.;Mascotte;vp.;1903_07_18;Cayo Hueso
Día 5:;;N/A:  | N/A: ;Griffiths;cp.;;De Cartagena, en 5 días, vp. ing. Barbadian, cp. Griffiths, ton. 4601, con carga general y 1 pasajero a D. Martínez y Cp.;ing.;Barbadian;vp.;1903_07_18;Cartagena
Día 1:;;N/A:  | N/A: ;Hansen;cp.;;De Cayo Hueso, en 1 día, vp. am. Roanoke, cp. Hansen, ton. 546, con ganado a Lykes y Hno.;am.;Roanoke;vp.;1903_07_18;Cayo Hueso
Día 1:;;N/A: ;Sena;op.;;De Cayo Hueso, en 1 día, gol. ing. Royalist, op. Sena, ton. 110, con ganado a Lykes y Hno.;ing.;Royalist;gol.;1903_07_18;Cayo Hueso
Día 7:;;;;;;De Mobila en 7 días gta. amr. Freddie Henken,;amr.;Freddie Henken;gta.;1903_07_19;Mobila
;;N/A: ;Bryant;cap.;;cap. Bryant, trip. 7, tons. 509, con maderas;;;;1903_07_19;
Día 3:;;;;;;De Tampico en 3 días vap. amer. City of Wash-;amer.;City of Wash;vap.;1903_07_19;Tampico
Día 4½:;;;;cap.;;De Tampico en 4½ días vap. norg. Nord, capi-;norg.;Nord;vap.;1903_07_19;Tampico
;;;J. Di-;cap.;;De Newport vap. ing. Laurelwoild, cap. J. Di-;ing.;Laurelwoild;vap.;1903_07_19;Newport
Día 7:;;;;;;De Miami y Cayo Hueso, en 7 horas, vp. ame-;;;vp.;1903_07_19;Miami y Cayo Hueso
Día 7:;;N/A: ;Bryant;cap.;;De Mobila en 7 días gta. amr. Freddie Henken, cap. Bryant, trip. 7, tons. 509, con maderas a Planíol y Cajiga.;amr.;Freddie Henken;gta.;1903_07_20;Mobila
Día 3:;;N/A:  | N/A: ;M. Calvo;cap.;;Veracruz en 3 días vap. esp. Alfonso XIII, tripulación 126, tons. 5124, con carga general y 105 pasajeros, & M. Calvo.;esp.;Alfonso XIII;vap.;1903_07_20;Veracruz
Día 3:;;N/A:  | N/A: ;Jones;cap.;;De Tampico en 3 días vap. amer. City of Washington, cap. Jones, trip. 57, tns. 2,683, con carga general y 1 pasajero, & Zaldo y Cª.;amer.;City of Washington;vap.;1903_07_20;Tampico
Día 4½:;;N/A:  | N/A: ;Jacobsen;cap.;;De Tampico en 4½ días vap. norg. Nord, capitán Jacobsen, trip. 18, con ganado & Silveira y Cª.;norg.;Nord;vap.;1903_07_20;Tampico
Día 23:;;N/A:  | N/A: ;J. Dixon;cap.;;De Newport vap. ing. Laurelwoild, cap. J. Dixon, trip. 23, tons. 2485, con carbon, á Marcos y Hno.;ing.;Laurelwoild;vap.;1903_07_20;Newport
Día 7:;;N/A:  | N/A: ;White;cp.;;De Miami y Cayo Hueso, en 7 horas, vp. americano Miami, cp. White, ton. 1741, con la correspondencia y pasajeros, á G. Lawton Childs y Cp.;americano;Miami;vp.;1903_07_20;Miami y Cayo Hueso
Día 30:;;N/A:  | N/A: ;Mas;cp.;;De Barcelona y escalas, en 30 días, vp. esp. Miguel Gallart, cp. Mas, ton. 3260, con carga general y 73 pasajeros á C. Blanch y Cp.;esp.;Miguel Gallart;vp.;1903_07_21;Barcelona
Día 4:;;;;cap.;;De Tampico, en 4 días, vp. ngo. Bergen, capi-;;ngo. Bergen;vp.;1903_07_21;Tampico
Día 7:;;;;;;De Cayo Hueso, en 7 horas, vp. am. Mascotte,;am.;Mascotte;vp.;1903_07_21;Cayo Hueso
Día 4:;;N/A:  | N/A: ;Kinhth;cp.;;De Nueva York, ee 4 días, vp. am. Vigilancia, cp. Kinhth, ton. 4115, con carga general y 28 pasajeros á Zaldo y Cp.;am.;Vigilancia;vp.;1903_07_21;Nueva York
Día 3:;;;;;;De Mobila, en 2½ días, vp. cub. Lanenburg,;cub.;Lanenburg;vp.;1903_07_21;Mobila
Día 27:;;;;;;De Hamburg, en 27 días, vp. alm. Marcom-;;alm. Marcom;vp.;1903_07_21;Hamburg
Día 3½:;;;;cp.;;De Veracruz, en 3½ días, vp. am. Havaua, cp.;am.;Havaua;vp.;1903_07_21;Veracruz
Día 5:;;;;cap.;;De Tampa, en 5 días, berg. ing. Peerles, capi-;ing.;Peerles;berg.;1903_07_22;Tampa
Día 1:;;N/A:  | N/A: ;Hansen;op.;;De Cayo Hueso, en 1 dia, vp. am. Roanoke, op. Hansen, ton. 546, con ganado á Lykes y Hnos.;am.;Roanoke;vp.;1903_07_22;Cayo Hueso
Día 4:;;N/A:  | N/A: ;Stevens;cp.;;De Nueva York, en 3½ dias, vp. am. México, cp. Stevens, ton. 5667, con carga general y 6 pasajeros á Zaldo y Cp.;am.;México;vp.;1903_07_22;Nueva York
Día 22:;;N/A: ;Berry;cp.;;De Amapolís, en 22 dias, gol. ing. Margaret May Riley, cp. Berry, ton. 267, con madera á la orden.;ing.;Margaret May Riley;gol.;1903_07_22;Amapolís
Día 22:;;;;;;De Glasgow y Liverpool, en 22 días, vp. inglés;inglés;;vp.;1903_07_23;Glasgow y Liverpool
Día 8:;;;;;;De Cartagena, en 8 días, vp. ing. Dictator, ca-;ing.;Dictator;vp.;1903_07_23;Cartagena
Día 7:;;;;;;De Cayo Hueso, en 7 horas, vp. am. Martini-;am.;Martini;vp.;1903_07_23;Cayo Hueso
Día 7:;;;;;;De Cayo Hueso, en 7 horas, vap. amer. Miami,;amer.;Miami;vap.;1903_07_24;Cayo Hueso
Día 7:;;N/A:  | N/A:  | N/A:  | N/A: ;Allen;cp.;;De Cayo Hueso en 7 horas.vp. americano Mascotte, cp. Allen, ton. 884, con carga general y 20 pasajeros, 4 G. Lawton, Childs y Comp.;americano;Mascotte;vp.;1903_07_25;Cayo Hueso
;;N/A: ;Vázquez;cp.;;berg. esp. Juznita, cp. Vázquez, tons. 98,;esp.;Juznita;berg.;1903_07_27;
Día 4:;;;;;;De Nueva York en 4 días, vp. amr. Monterey,;amr.;Monterey;vp.;1903_07_27;Nueva York
;;N/A: ;Smith;cap.;;cap. Smith, tons. 4,702, con carga general;;;;1903_07_27;
Día 4:;;;;cap.;;De Tampico en 4 días vap. am. Santiago, capi-;am.;Santiago;vap.;1903_07_27;Tampico
Día 7:;;;;;;De Filadelfia en 7 días vp. alem. Margaretta,;alem.;Margaretta;vp.;1903_07_27;Filadelfia
Día 1:;;;;;;De Cayo Hueso en 1 día, vp. amr. Roomoke,;amr.;Roomoke;vp.;1903_07_27;Cayo Hueso
Día 1:;;;;;;De Cayo Hueso en 1 día gol. amr. Royalist, ca-;amr.;Royalist;gol.;1903_07_27;Cayo Hueso
Día 7:;;;;;;De Miami y C. Hueso en 7 horas vp. am. Mia-;am.;Mia-;vp.;1903_07_27;Miami y C. Hueso
Día 2:;;;;;;De Nueva Orleans en 2 días vap. amr. Louisia-;amr.;Louisia;vap.;1903_07_27;Nueva Orleans
Día 2½:;;N/A: ;Jaureguizar;cp.;;De Nueva Orleans, en 2½ días, vp. esp. Catalina, cp. Jaureguizar, con carga de tráusito á Marcos, Hno. y Cp.;esp.;Catalina;vp.;1903_07_28;Nueva Orleans
Día 2½:;;;;;;De Mobila, en 2½ días, vp. cub. Lanemburg,;cub.;Lanemburg;vp.;1903_07_28;Mobila
Día 7:;;;;;;De Cayo Hueso, en 7 horas, vp. am. Mascotte,;am.;Mascotte;vp.;1903_07_28;Cayo Hueso
Día 12:;;N/A:  | N/A: ;Gunderson;cap.;;De Pascagoula, en 12 días, gol. am. Olga, capitán Gunderson, ton. 308, con madera á R. P. Santa María.;am.;Olga;gol.;1903_07_28;Pascagoula
Día 3½:;;;;;;De Veracruz, en 3½ días, vp. am. Esperanza,;am.;Esperanza;vp.;1903_07_28;Veracruz
Día 19:;;N/A: ;O'Hara;cp.;;De Brunswick, en 19 días, gol. Ing. Brooklyd, cp. O'Hara, ton. 278, con madera á R. P. Santa María.;Ing.;Brooklyd;gol.;1903_07_28;Brunswick
Día 3½:;;N/A:  | N/A: ;Downs;cp.;;"De N. York, en 3½ días vp. amer. Morro Castle, cp. Downs, tnds. 6004 con carga general y 42 pasajeros;";amer.;Morro Castle;vp.;1903_07_29;N. York
Día 2:;;N/A:  | N/A:  | N/A: ;Garriga;cp.;;De Veracruz, en 2 días vp. español Montserrat, cp. Garriga, tnds. 4075 con carga general y 21 pasajeros y 4 M. Calvo.;español;Montserrat;vp.;1903_07_29;Veracruz
Día 2:;;N/A:  | N/A: ;Nelson;cp.;;De N. Orleans, en 2 días vp. americano Aransas, cp. Nelson, tnds. 1156, con carga general y 2 pasajeros, a Galbán y Comp.;americano;Aransas;vp.;1903_07_29;N. Orleans
Día 9:;;N/A: ;Ross;cap.;;De Filadelfia en 9 días berg. ing. Falcón, capitán Ross, tons. 2.110, con carbón, a la orden.;ing.;Falcón;berg.;1903_07_30;Filadelfia
Día 4½:;;N/A:  | N/A:  | N/A: ;Jacobos;cap.;;De Tampico en 4½ días vap. norg. Nord, capitán Jacobos, tons. 1.161, con ganado, & Silveira y C.;norg.;Nord;vap.;1903_07_30;Tampico
Día 7:;;N/A:  | N/A: ;Dillon;cp.;;De Cayo Hueso, en 7 horas, vp. amr. Martínez, cp. Dillon, ton. 986, con carga general y 10 pasajeros a G. Lawton Childs y Cp.;amr.;Martínez;vp.;1903_07_30;Cayo Hueso
Día 5:;;;;ca-;;De Tueva York, en 5 dias, vp. cub. Olinda, ca-;cub.;Olinda;vp.;1903_07_31;Tueva York
Día 2:;;N/A: ;Tompson;cap.;;De Cayo Hueso, en 2 días vap. amer. Juanita, cap. Tompson, tons. 482, con ganado, á Lykes y Hno.;amer.;Juanita;vap.;1903_07_31;Cayo Hueso
Día 2:;;N/A: ;Griffin;cap.;;De Cayo Hueso en 2 días gol. amr. Doctor Lykes, cap. Griffin, tons. 89, con ganado, á Lykes y Hno.;amr.;Doctor Lykes;gol.;1903_07_31;Cayo Hueso
Día 7:;;N/A:  | N/A: ;White;cp.;;De Miami y Cayo Hueso, en 7 horas, vp. amr. Miami, cp. White, ton. 1741, con la correspondencia y 15 pasajeros, á G. Lawton Childs y Cp.;amr.;Miami;vp.;1903_07_31;Miami y Cayo Hueso
Día 4½:;;;;ca-;;De Tampico, en 4½ días, vp. ngo. Bergen, ca-;ngo.;Bergen;vp.;1903_08_01;Tampico
Día 7:;;;;;;De Cayo Hueso, en 7 horas, vp. am. Mascotte,;am.;Mascotte;vp.;1903_08_01;Cayo Hueso
Día 1:;;;;;;De Sabine Pass, en 1 día, vp. am. Roanoke,;am.;Roanoke;vp.;1903_08_01;Sabine Pass
Día 9:;;;;;;De Sabine Pass, en 9 días, vp. am. Hogguis,;am.;Hogguis;vp.;1903_08_01;Sabine Pass
Día 9:;;;;;;De Sabine Pass, en 9 días, lanchón am. Gucher;am.;Gucher;lanchón;1903_08_01;Sabine Pass
Día 23:;;;;;;De Génova y esc, en 23 días, vp. esp. Manuel;esp.;Manuel;vp.;1903_08_02;Génova
Día 12:;;N/A:  | N/A: ;Smith;cp.;;De Matanzas, en 12 horas, vp. cub. Paloma, cp. Smith, ton. 2196, en lastre á L. V. Placé.;cub.;Paloma;vp.;1903_08_03;Matanzas
Día 16:;;N/A:  | N/A: ;Quevedo;cp.;;De Bilbao y escalas, en 16 días, vp. esc. Ciudad de Cádiz, cp. Quevedo, con carga general y 136 pasajeros á M. Calvo.;esc.;Ciudad de Cádiz;vp.;1903_08_03;Bilbao
Día 5:;;N/A: ;Dagle;cp.;;De Cartagena, en 5 días, vp. ngo. Fri, cp. Dagle, ton. 1370, con ganado á L. V. Placé.;;ngo. Fri;vp.;1903_08_03;Cartagena
Día 12:;;N/A:  | N/A: ;Perdigeon;cp.;;De Saint Nazaire y escalas, en 12 días, vapor francés La Navarre, cp. Perdigeon, toneladas 6950, con carga general y 171 pasajeros á Briant Montros y Cp.;francés;La Navarre;vapor;1903_08_03;Saint Nazaire
Día 4:;;;;;;De Nueva York, en 4 días, vp. am. Orizaba,;am.;Orizaba;vp.;1903_08_04;Nueva York
;;;Sal-;cp.;;De Londres y escalas, vp. esp. Oleta, cp. Sal-;esp.;Oleta;vp.;1903_08_04;Londres
;;;;cap.;;De Pnerto Rico y escalas, vp. cub. Julia, capi-;cub.;Julia;vp.;1903_08_04;Pnerto Rico
Día 2:;;N/A:  | N/A: ;Hopner;cp.;;De N. Orleans, en 2 dias vp. americano Loisiana, cp. Hopner, tnds. 2849, con carga general y 31 pasajeros, á Galban y Comp.;americano;Loisiana;vp.;1903_08_05;N. Orleans
Día 6:;;N/A: ;Hunt;cap.;;De Baltimore, en 6 días vp. ing. Menantie, capitán Hunt, ton. 1934, en lastre, á Brida, Montrós Comp.;ing.;Menantie;vp.;1903_08_05;Baltimore
Día 3:;;N/A:  | N/A: ;Will;cp.;;De Veracruz, en 3 dias, vp. alem. Prinz Adalbert, cp. Will, ton. 6030, con carga de tránsito y 10 pasajeros á E. Heilbut.;alem.;Prinz Adalbert;vp.;1903_08_05;Veracruz
Día 3½:;;N/A:  | N/A: ;Knight;cp.;;De Veracruz y escalas en 3½ días, vp. americano Vigilancia, cp. Knight, tnd. 4115 con carga general y 81 pasajeros. Zeido y C.;americano;Vigilancia;vp.;1903_08_05;Veracruz
Día 6½:;;N/A: ;Webber;cp.;;De Filadelfia, en 6½ dias, vp. ing. Straits of Dover, cp. Webber, ton. 2331, con carbón á L. V. Placé.;ing.;Straits of Dover;vp.;1903_08_05;Filadelfia
Día 7:;;N/A:  | N/A: ;Allen;cp.;;De Tampa y Cayo Hueso, en 7 horas, vp. americano Mascotte, cp. Allen, ton. 884, con carga general y 32 pasajeros, á G. Lawton Childs y Cp.;americano;Mascotte;vp.;1903_08_05;Tampa y Cayo Hueso
Día 3½:;;N/A:  | N/A: ;Miller;cp.;;De Tampico, en 3½ días vp. americano Matanzas, cp. Miller, tnd. 3094, con carga general y pasajeros. Zaldo y Comp.;americano;Matanzas;vp.;1903_08_05;Tampico
Día 25:;;N/A:  | N/A: ;Egurola;cp.;;De Liverpool y escalas, en 25 dias, vp. esp. Santanderino, cp. Egurola, ton. 3082, con carga general y 60 pasajeros á H. Astorqui.;esp.;Santanderino;vp.;1903_08_05;Liverpool
Día 0:;;N/A: ;Frangsen;cp.;;De Cádiz, en 19 horas, vp. ngo. Nedenes, cp. Frangsen, ton. 1533, en lastre á Luis V. Placé.;;Nedenes;vp.;1903_08_05;Cádiz
Día 15:;;N/A: ;Davies;cp.;;De Filadelfia, en 15 días gta. americano Bend-lenten Sister, cp. Davies, tnd. 999 con pe- tróleo crudo á West India, Oil R. Comp.;americano;Bend-lenten Sister;gta.;1903_08_05;Filadelfia
Día 5:;;N/A:  | N/A: ;Robertson;cap.;;De Nueva Yor, en 5 dias, vp. am. Havana, capitán Robertson, ton. 5687, con carga general y 45 pasajeros á Zaldo y Cp.;am.;Havana;vp.;1903_08_05;Nueva Yor
Día 13:;;;;;;De Pasacoula, en 13 días, gol. am. Asa F.;am.;Asa F.;gol.;1903_08_06;Pasacoula
Día 6:;;N/A: ;Sevendelten;cap.;;De Filadelfia, en 6 días, vp. ngo. Horda, capitán Sevendelten, ton. 2830, con carbón á L. V. Place.;;Horda;vp.;1903_08_06;Filadelfia
Día 33:;;N/A:  | N/A: ;Giberman;ep.;;De Barcelona y esc. en 33 días vp. esp. 'Conde Wifredo, ep. Giberman, ton. 3773, con carga general y 49 pasajeros, Marcos y Hno.;esp.;Conde Wifredo;vp.;1903_08_06;Barcelona
Día 7:;;N/A:  | N/A:  | N/A: ;Dillon;ep.;;De Cayo Hueso, en 7 horas, vp. am. Martínez, ep. Dillon, ton. 996, con carga, correspondencia y 11 pasajeros á G. Lawton Childs y Cp.;am.;Martínez;vp.;1903_08_06;Cayo Hueso
Día 5:;;;;cap.;;De Mobila, en 5 dias vp. noruego Hiso, capitán;noruego;Hiso;vp.;1903_08_07;Mobila
Día 12:;;;;;;De Cartagena en 12 días vap. ing. Yucatán, ca-;ing.;Yucatán;vap.;1903_08_07;Cartagena
Día 7:;;;;;;De Cayo Hueso, en 7 horas vp. americano;americano;;vp.;1903_08_07;Cayo Hueso
Día 9:;;;;;;De Mobile en 9 días berg. ing. Glenafton, ca-;ing.;Glenafton;berg.;1903_08_07;Mobile
Día 3:;;;;;;De Southe Harbor en 3 días gt. am. Lavi-;am.;Lavi-;gt.;1903_08_07;Southe Harbor
Día 7:;;;;;;De Tampa y Cayo Hueso, en 7 horas, vap. am.;am.;;vap.;1903_08_08;Tampa y Cayo Hueso
Día 7:;;;;;;De Tampu y Cayo Hueso, en 7 horas, vap. am.;am.;;vap.;1903_08_09;Tampu y Cayo Hueso
Día 4:;;;;;;De Nueva York en 4 dias vapor amer. City of;amer.;City of;vapor;1903_08_11;Nueva York
Día 18:;;N/A: ;Luzarraga;cap.;;De Liverpool en 18 días vap. esp. Gracia, capitán Luzarraga, tons. 2975, con carga general á J. Balcells y Cp.;esp.;Gracia;vap.;1903_08_11;Liverpool
Día 7:;;;;;;De Cayo Hueso, en 7 horas, vp. am. Mascotte,;am.;Mascotte;vp.;1903_08_11;Cayo Hueso
;;N/A: ;Randerman;cp.;;De Caibarion, vp. alm. Roland, cp. Randerman, ton. 3602, con carga de tránsito á Schawb y Tillman.;;alm. Roland;vp.;1903_08_11;Caibarion
Día 2:;;;;;;De N. Orleans en 2 dias vp. am. Louisiana, ca-;am.;Louisiana;vp.;1903_08_11;N. Orleans
Día 10:;;;;;;De Pasacagoula en 10 dias gta. amer. Break of;amer.;Break of;gta.;1903_08_11;Pasacagoula
Día 3:;;N/A:  | N/A: ;Thompson;cp.;;De Cayo Hueso, en 2½ días, vp. am. Fanita, cp. Thompson, ton. 452, con ganado á Lykes y Hno.;am.;Fanita;vp.;1903_08_11;Cayo Hueso
;;N/A: ;Bodden;cap.;;Day cap. Bodden, tons. 127, con madera,;;;;1903_08_11;
Día 10:;;N/A: ;Sara;cp.;;De Cayo Hueso, en 10 horas, gol. am. Doctor Lykes, cp. Sara, ton. 89, con ganado á Lykes y Hno.;am.;Doctor Lykes;gol.;1903_08_11;Cayo Hueso
Día 6½:;;;;;;De Filadelfia en 6½ dias vp. amer. Marianne,;amer.;Marianne;vp.;1903_08_11;Filadelfia
Día 7:;;N/A:  | N/A:  | N/A: ;White;cap.;;De Miami y Cayo Hueso, en 7 horas, vp. am. Miami, White, ton. 1741, con 11 pasajeros é G. Lawton Childs y Cp.;am.;Miami;vp.;1903_08_11;Miami y Cayo Hueso
;;N/A: ;Heneglexh;cap.;;cap. Heneglexh, tons. 5,435, con carga ge-;;;;1903_08_11;
Día 8:;;;;;;De N. York en 8 dias vap. alem. Margaretha,;alem.;Margaretha;vap.;1903_08_11;N. York
Día 1:;;N/A:  | N/A: ;55;ton.;;De Cayo Hueso, en 1 día, gol. am. Lily White, ton. 55, con ganado á Lykes y Hno.;am.;Lily White;gol.;1903_08_11;Cayo Hueso
;;;;;;De Veracruz y escalas en 3½ dias vap. ameri-;;ameri-;vap.;1903_08_11;Veracruz
Día 1:;;N/A:  | N/A: ;Carey;cap.;;De Cayo Hueso, en 1 día, gol. am. Wave, capitán Carey, ton. 67, con ganado á Lykes y Hno.;am.;Wave;gol.;1903_08_11;Cayo Hueso
Día 6:;;N/A: ;Placé;cap.;;De Filadelfia, en 6 días, vp. ngo. Frey, con carbón á L. V. Placé.;;ngo. Frey;vp.;1903_08_11;Filadelfia
Día 13:;;N/A: ;Alberts;cap.;;De Pasacoula, en 13 días bea. ing. Maule, capitán Alberts, tnds. 363 con madera á Ig-;ing.;Maule;bea.;1903_08_12;Pasacoula
Día 24:;;;;;;De Bremen y escalas, en 24 días vap. alemán;alemán;;vap.;1903_08_12;Bremen
Día 3½:;;;;;;De N. York, en 3½ días vp. americano Morro;americano;Morro;vp.;1903_08_12;N. York
Día 6:;;N/A:  | N/A: ;Hansen;cp.;;De Matanzas, en 6 horas vapor enbano Olinda, cp. Hansen, tonos 2,378, con carga de tránsito y 17 pasajeros, á L. V. Placé.;;Olinda;vapor;1903_08_13;Matanzas
Día 12:;;;;;;De Hamburgo y escalas, en 12 días, vp. alemán;alemán;;vp.;1903_08_14;Hamburgo
;;N/A: ;Jacobsen;cap.;;cap. Jacobsen, tons. 1.047, con ganado á;;;;1903_08_14;
Día 4:;;;;cap.;;De Galveston, en 4 días, vp. ngo. Nord, capi-;;ngo. Nord;vp.;1903_08_14;Galveston
Día 38:;;;;;;De Génova y escalas en 38 días, vap. esp. Mí-;esp.;Mí-;vap.;1903_08_14;Génova
Día 6½:;;;;;;De Norfolk, en 6½ días, vp. ing. Ettrickdale,;ing.;Ettrickdale;vp.;1903_08_14;Norfolk
Día 4½:;;;;;;De New York, en 4½ días, vp. cubano Curity-;cubano;Curity;vp.;1903_08_14;New York
;;N/A: ;Hoppe;cap.;;ba, cap. Hoppe, tons. 2363, con carga gene-;;;;1903_08_14;
Día 7:;;;;;;De Venecia y escalas en 7 días vap. austríaco;austríaco;;vap.;1903_08_14;Venecia
Día 14:;;;;;;De Panzacola en 14 días gta. amer. Blanche,;amer.;Blanche;gta.;1903_08_14;Panzacola
;;N/A: ;Holford;cap.;;cap. Holford, tons. 40, con madera, á A. J.;;;;1903_08_14;
Día 2:;;;;;;De Veracruz, en 2 días vp. francés la Navarre,;francés;la Navarre;vp.;1903_08_15;Veracruz
;;N/A:  | N/A:  | N/A:  | N/A: ;White;cp.;;De Cayo Hueso, vp. am. Miami, cp. White, ton. 1741, con lastre y pasejeros a G. Lawton Childs y Cp.;am.;Miami;vp.;1903_08_15;Cayo Hueso
Día 7:;;;;;;De Port Tampa, en 7 días gta. inglesa Esme-;inglesa;Esme;gta.;1903_08_15;Port Tampa
Día 5:;;;;cap.;;De Tampico, en 5 dias, vp. alm. Andes, capi-;;alm. Andes;vp.;1903_08_16;Tampico
Día 23:;;N/A: ;Bernaza;cp.;;De Progreso, en 23 días, gol. cub. Tres Hermanas, cp. Bernaza, ton. 110, en lastre á Cárpana.;cub.;Tres Hermanas;gol.;1903_08_17;Progreso
Día 7:;;N/A:  | N/A:  | N/A: ;Allen;cap.;;De Tampa y Cayo Hueso, en 7 horas, vp. am. Mascotte, cap. Allen, ton. 884, con carga general, correspondencia y 37 pasajeros á G. Lawton, Childs y Cp.;am.;Mascotte;vp.;1903_08_17;Tampa y Cayo Hueso
Día 26:;;N/A:  | N/A:  | N/A: ;Umbert;cap.;;De Génova: Barcelona, Cadiz y esc. en 26 días, vp. esp. León XIII, cap. Umbert, ton. 4688, con carga general, correspondencia y 54 pasajeros á M. Calvo.;esp.;León XIII;vp.;1903_08_17;Génova
Día 7:;;N/A:  | N/A: ;White;ap.;;De Miami y Cayo Hueso, en 7 horas, vp. americano Miami, ap. White, ton. 1741, con carga y 6 pasajeros á G. Lawton Childs y Compañía.;americano;Miami;vp.;1903_08_17;Miami y Cayo Hueso
Día 4:;;;;;;De N. York, en 4 días vp. americano Vigilan;americano;Vigilan;vp.;1903_08_18;N. York
Día 2½:;;;;;;De N. Orleans, en 2½ días vp. amer. Louisiana,;amer.;Louisiana;vp.;1903_08_18;N. Orleans
Día 8:;;;capitan;cap.;;De l'Adelfa, en 8 días vp. ngo Urd, capitan;ngo;Urd;vp.;1903_08_18;
Día 5:;;;;;;De Veracruz y Progreso, en 5 días vp. america;;america;vp.;1903_08_18;Veracruz y Progreso
Día 8:;;;;;;De Tampa y Cayo Hueso, en 8 horas vp. ameri;ameri;;vp.;1903_08_18;Tampa y Cayo Hueso
Día 3:;;;;cap.;;De Mobila, en 3 dias, vp. ngo. Nedenes, capi-;;Nedenes;vp.;1903_08_19;Mobila
Día 3½:;;;;;;De Nueva York, en 3½ días, vp. am. Havana,;am.;Havana;vp.;1903_08_19;Nueva York
Día 5½:;;N/A:  | N/A: ;Biligers;cap.;;De Tampico, en 5½ días, vp. ngo. Jason, capitán Biligers, ton. 1753, con carga general y 24 pasajeros á Zaldo y Cp.;;Jason;vp.;1903_08_19;Tampico
Día 7:;;N/A: ;Harroks;cap.;;De Cartagena, en 7 días, vp. ing. Yucatan, capitán Harroks, ton. 2516, con ganado á D. Martínez.;ing.;Yucatan;vp.;1903_08_19;Cartagena
Día 2½:;;;;;;De Veracruz, en 2½ días, vp. esp. Ciudad de;esp.;Ciudad de;vp.;1903_08_20;Veracruz
Día 1:;;N/A:  | N/A:  | N/A: ;Carey;cap.;;De C. Hueso, en 1 día gta. amer. Wave, capitán Carey, tnd.s. 67 con ganado á Lykes y Hmno.;amer.;Wave;gta.;1903_08_20;C. Hueso
Día 1:;;N/A:  | N/A:  | N/A: ;Johnson;cp.;;De C. Hueso, en 1 día gta. amer. Lily White, cp. Johnson, tnd.s. 55 con ganado á Lykes y Hmno.;amer.;Lily White;gta.;1903_08_20;C. Hueso
Día 3:;;N/A: ;Tomas;cp.;;De Port Tampa en 3 días lanchón am. Hindoo, cp. Tomas, tnd.s. 622, con madera, á I. Plá.;am.;Hindoo;lanchón;1903_08_20;Port Tampa
Día 5:;;N/A:  | N/A: ;Wagle;cap.;;De Cartagena, en 5 días vp. ngo. Frí, capitán Wagle, tnd.s. 1370 con ganado á Martinez y Comp.;;ngo. Frí;vp.;1903_08_20;Cartagena
Día 7:;;N/A:  | N/A: ;Allele;cp.;;De C. Hueso, en 7 horas vp. am. Mascotte, cp. Allele, tnd.s. 884 con carga y 28 pasajeros á G. L. Childs y Comp.;am.;Mascotte;vp.;1903_08_20;C. Hueso
Día 6:;;;;;;De Cartagena, en 6 días vp. inglés Traveller,;ing.;Traveller;vp.;1903_08_21;Cartagena
Día 27:;;N/A: ;Hoff;op.;;De Hamburgo y escalas, en 27 dias, vapor alemán Constantia, op. Hoff, ton. 2996, con carga general a E. Heilff.;alemán;Constantia;vapor;1903_08_21;Hamburgo
Día 24:;;;;;;De Montevideo y escalas, en 24 días vp. inglés;inglés;;vp.;1903_08_21;Montevideo
Día 7:;;;;;;De C. Hueso, en 7 horas vp. amer. Miami, ca-;amer.;Miami;vp.;1903_08_21;C. Hueso
Día 2:;;;;cap.;;De Mobila, en 2 dias, vp. cub. Mobile, capitán;cub.;Mobile;vp.;1903_08_22;Mobila
Día 21:;;;;cap.;;De Liverpool en 21 dias vap. ing. Domingo de;ing.;Domingo de;vap.;1903_08_22;Liverpool
Día 1:;;;;;;De Cayo Hueso en 1 dia, vap. amr. Roanoke,;amr.;Roanoke;vap.;1903_08_22;Cayo Hueso
Día 6½:;;;;;;De Mobila en 6½ dias got. amr. Clara A Phin-;amr.;Clara A Phin;got.;1903_08_22;Mobila
Día 7:;;;;;;De Tampa y Cayo Hueso, en 7 horas, vp. am.;am.;;vp.;1903_08_22;Tampa y Cayo Hueso
Día 5:;;;;cap.;;De Mobila, en 5 días, gol. ing. Boniform, capi-;ing.;Boniform;gol.;1903_08_23;Mobila
Día 3:;;;Gorz;cp.;;De Trujillo, en 3 días, vp. am. Andes, cp. Gorz;am.;Andes;vp.;1903_08_24;Trujillo
Día 28:;;;;;;De Hamburgo, en 28 días, vp. alm. Holstein,;;alm. Holstein;vp.;1903_08_24;Hamburgo
Día 3½:;;;;cap.;;De Tampico, en 3½ días, vp. ing. Capella, ca-;ing.;Capella;vp.;1903_08_24;Tampico
Día 5:;;;;cap.;;De Cartagena, en 5 días, vp. ing. Cuban, cap.;ing.;Cuban;vp.;1903_08_24;Cartagena
;;;;;;De Rosario, (R. A.) berg. esp. María Teresa,;esp.;María Teresa;berg.;1903_08_24;Rosario
Día 7:;;;;cap.;;De Gulfort, en 7 días, berg. ing. Persia, capi-;ing.;Persia;berg.;1903_08_24;Gulfort
Día 3½:;;;;cp.;;De Tampico, an 3½ días, vp. am. Santiago, cp.;am.;Santiago;vp.;1903_08_24;Tampico
Día 4:;;;;;;De Nueva York, en 4 días, vp. am. Monterey,;am.;Monterey;vp.;1903_08_24;Nueva York
Día 4:;;;;;;De Veracruz y escalas en 4 días, vp. am. City;am.;City;vp.;1903_08_24;Veracruz
Día 7:;;;;;;De Miami y Cayo Hueso, en 7 horas, vp. ame-;;;vp.;1903_08_24;Miami y Cayo Hueso
Día 7:;;;;;;De Cayo Hueso, en 7 horas, vp. amer. Miami,;amer.;Miami;vp.;1903_08_25;Cayo Hueso
Día 2:;;N/A:  | N/A: ;Hopner;cp.;;De Nueva Orleans, en 2 días, vp. am. Louisiana, cp. Hopner, ton. 2548, con carga general y 8 pasajeros á Galban y Cp.;am.;Louisiana;vp.;1903_08_26;Nueva Orleans
Día 4:;;N/A:  | N/A: ;Stevens;cp.;;De Nueva York, en 3½ días, vp. am. México, cp. Stevens, ton. 5667, con carga general y 69 pasajeros á Zaldo y Cp.;am.;México;vp.;1903_08_26;Nueva York
Día 1:;;N/A:  | N/A:  | N/A: ;Hansen;cp.;;De Cayo Hueso, en 1 día, vp. am. Roanoke, cp. Hansen, ton. 546, con ganado á Lykes y Hna.;am.;Roanoke;vp.;1903_08_26;Cayo Hueso
Día 6:;;N/A: ;Ramsdale;cp.;;De Nueva York, en 6 días, vp. ing. Westgate, cp. Ramsdale, ton. 2773, en lastre á Bridat Montros y Cp.;ing.;Westgate;vp.;1903_08_26;Nueva York
Día 1:;;;;;;De Filadelfia en 1 día vap. ing. Camperdown,;ing.;Camperdown;vap.;1903_08_27;Filadelfia
Día 10:;;;;;;De Matanzas en 10 horas vap. cub. Curityba,;cub.;Curityba;vap.;1903_08_27;Matanzas
Día 1:;;;;;;De Cayo Hueso y Tampa, en 1 día, vp. ame-;;;vp.;1903_08_27;Cayo Hueso y Tampa
Día 5:;;;;;;De Nueva York, en 5 dias, vp. cub. Olinda,;cub.;Olinda;vp.;1903_08_28;Nueva York
Día 7:;;N/A:  | N/A: ;White;cap.;;De Cayo Hueso, en 7 horas, vap. amer. Miamí, cap. White, tons. 1,741, en lastre y 8 pasajeros.;amer.;Miamí;vap.;1903_08_28;Cayo Hueso
Día 6½:;;;;;;De Boston, en 6½ dias, vp. alm. Margaretha,;;alm. Margaretha;vp.;1903_08_28;Boston
Día 2½:;;;;;;De Veracruz, en 2½ días vp. esp. León XIII,;esp.;León XIII;vp.;1903_08_29;Veracruz
;;;;;;De Tampa y Cayo Hueso, vp. am. Maseotte,;am.;Maseotte;vp.;1903_08_29;Tampa y Cayo Hueso
Día 13:;;N/A:  | N/A: ;Griffin;cap.;;De Cayo Hueso, en 13 horas, vap. amer. Doctor Lykes, cap. Griffin, tons. 89 con ganado & Lykes y Hno.;amer.;Doctor Lykes;vap.;1903_08_31;Cayo Hueso
Día 12:;;N/A:  | N/A: ;Thomson;cap.;;De C. Hueso en 12 horas vp. amer. Fanita, capitán Thomson, tons. 434, con ganado, & Lykes y Hno.;amer.;Fanita;vp.;1903_08_31;C. Hueso
Día 2:;;N/A:  | N/A: ;Hansen;cap.;;De Miami en 2 días vap. amr. Roanoke, capitán Hansen, tons. 554, con ganado & Lykes y Hno.;amr.;Roanoke;vap.;1903_08_31;Miami
Día 3:;null;N/A:  | N/A: ;Gotz;cp.;01-01-1869;De Trujillo en 3 días vp. alm. Andes, cp. Gotz, tons. 1869, con ganado & E. Heilbut.;;alm. Andes;vp.;1903_08_31;Trujillo
Día 2:;;;;;;De N. Orleans en 2 dias vap. amer. Excelsior,;amer.;Excelsior;vap.;1903_09_01;N. Orleans
Día 3:;;N/A:  | N/A: ;Rusch;cp.;;De Veracruz, en 2½ días vap. alm. Prinz August Wilhelm, cp. Rusch, tnd.s, 4733, con carga de tránsito y 47 pasajeros, á E. Heil-;;alm. Prinz August Wilhelm;vap.;1903_09_01;Veracruz
Día 31:;;;;;;De Greenock y Liverpool en 31 días vap. españa;españa;;vap.;1903_09_01;Greenock y Liverpool
;;;;;;De Nueva York, en el vp. am. Esperanza, ca-;am.;Esperanza;vp.;1903_09_01;Nueva York
;;N/A: ;Ormaechea;cap.;;fól Ernesto, cap. Ormaechea, tons. 2602,;;;;1903_09_01;
;;;;;;De Miami y Cayo Hueso, en el vp. amr. Mar-;amr.;Mar-;vp.;1903_09_01;Miami y Cayo Hueso
;;;;;;De Cayo Hueso y Tampa, en la vp. amr. Mas-;amr.;Mas-;vp.;1903_09_01;Cayo Hueso y Tampa
Día 4:;;;;;;De Veracruz y escalas, en 4 dias vap. amr. Vi-;amr.;Vi-;vap.;1903_09_01;Veracruz
Día 25:;;;;;;De Londres y escalas en 25 días vp. esp. Onta-;esp.;Onta;vp.;1903_09_02;Londres
;;N/A: ;Mashitive;cap.;;neda, cap. Mashitive, tons. 3156, con carga;;neda;;1903_09_02;
Día 3½:;;;;;;De Nueva York en 3½ días vap. am. Havana,;am.;Havana;vap.;1903_09_02;Nueva York
;;N/A: ;Robertson;cap.;;cap. Robertson, tons. 6667, con carga gene-;;;;1903_09_02;
Día 24:;;;;;;De Génova y escalas, en 24 días vap. esp. Mon-;esp.;Mon-;vap.;1903_09_02;Génova
Día 3½:;;;;;;De Tampico en 3½ días vap. amer. Matanzas,;amer.;Matanzas;vap.;1903_09_02;Tampico
Día 2½:;;;;;;De Cienfuegos, en 2½ días, vap. alm. Holstein,;;alm. Holstein;vap.;1903_09_03;Cienfuegos
;;;;cap.;;cap. Colibzan, tons. 1322, en lastre, á E.;;Colibzan;;1903_09_03;
;;;;;;De Gran Canarias gta. esp. San Antonio Posi-;esp.;San Antonio Posi-;gta.;1903_09_03;Gran Canarias
;;N/A: ;Alemany;cap.;;ble, cap. Alemany, tons. 158, carga gene-;;;;1903_09_03;
;;N/A: ;Ventura;cap.;;cap. Ventura, tons. 1813, carga general y;;;tons.;1903_09_03;
Día 18:;;;;;;De Bilbao y escalas en 18 días, vap. esp. Al-;esp.;Al-;vap.;1903_09_03;Bilbao
;;N/A: ;Deschamps;cap.;;fonso XIII, cap. Deschamps, tons. 4.817,;;;;1903_09_03;
Día 31:;;;;;;De Santa Cruz de las Palmas en 31 días, barca;;;barca;1903_09_03;Santa Cruz de las Palmas
;;N/A: ;Sosvilla;cap.;;esp. Triunfo, cap. Sosvilla, tons. 236, con;esp.;Triunfo;;1903_09_03;
Día 42:;;;;;;De Génova y escalas en 42 días vap. aust. An-;aust.;An-;vap.;1903_09_03;Génova
;;N/A: ;Gelpí;cap.;;cap. Gelpí, tons. 684, con tasajo, á J. Bal-;;;;1903_09_04;
Día 2:;;;;cap.;;De Mobila, en 2 días, vp. enb. Mobila, capitán;enb.;Mobila;vp.;1903_09_05;Mobila
Día 7:;;;tnds;;;De Tampico, en 7 dias bg. inglés Byrne, tnds.;inglés;Byrne;bg.;1903_09_05;Tampico
Día 7:;;;;;;De C. Hueso, en 7 horas, vp. amer. Mascotte,;amer.;Mascotte;vp.;1903_09_05;C. Hueso
Día 85:;;;;;;De Barcelona y esc. en 85 dias, vp. esp. Juan;esp.;Juan;vp.;1903_09_06;Barcelona
;;;;;;De Saint Nazaire y ess. vp. franc. Lafayette,;franc.;Lafayette;vp.;1903_09_06;Saint Nazaire
Día 29:;;;;;;De Amapolis en 29 dias gta. amr. Florence R.;amr.;Florence R.;gta.;1903_09_07;Amapolis
;;N/A: ;Oeonne;cap.;;Howson, cap. Oeonne, tons. 317, con madera a la orden.;;Howson;;1903_09_07;
Día 8 1/2:;;;;cap.;;De Mobile en 8 1/2 dias gta. amr. M. A Achorn,;amr.;M. A Achorn;gta.;1903_09_07;Mobile
;;N/A: ;Bordon;cap.;;cap. Bordon, tons. 309 con madera a Ig-;;;;1903_09_07;
Día 11:;;;;;;De Golfport en 11 dias gta. am. M. L. Coshin-;am.;M. L. Coshin;gta.;1903_09_07;Golfport
;;N/A: ;Gill;cap.;;gham, cap. Gill, tons. 522, con madera a Planiol y Cagigas.;;gham;;1903_09_07;
Día 13:;;;;;;De Pascagoula en 13 dias gta. amer. Lejok,;amer.;Lejok;gta.;1903_09_07;Pascagoula
Día 3:;;;;cap.;;De Trujillo en 3 dias vapor alem. Andes, ca-;alem.;Andes;vapor;1903_09_07;Trujillo
Día 4:;;;;;;De Nueva York, en 4 días, vp. am. Orizaba,;am.;Orizaba;vp.;1903_09_08;Nueva York
Día 2:;;;;;;De Nueva Orleans, en 2 dias, vp. am. Excel-;am.;Excel;vp.;1903_09_08;Nueva Orleans
Día 7:;;;;;;De Tampa y Cayo Hueso, en 7 horas, vp. am.;am.;;vp.;1903_09_08;Tampa y Cayo Hueso
Día 6:;;;;cap.;;De Filadelfia, en 6 dias. vp. ing. Tresco, capi-;ing.;Tresco;vp.;1903_09_09;Filadelfia
Día 3½:;;;;;;De New York, en 3½ días vap. am. Morro Cas-;am.;Morro Cas-;vap.;1903_09_09;New York
Día 1:;;;;;;De Filadelfia, en 1 día, vp. inglés Carisbrook,;ing.;Carisbrook;vp.;1903_09_09;Filadelfia
;;N/A: ;Downs;cap.;;tle, cap. Downs, tons. 7.004, con carga ge-;;;;1903_09_09;
Día 2:;;;;;;De Veracruz y Progreso, en 2 días, vp. ame-;;ame-;vp.;1903_09_09;Veracruz y Progreso
Día 26:;;;;;;De Bremen y escalas, en 26 días, vapor alemán;alemán;;vapor;1903_09_10;Bremen
;;N/A: ;Zacharia;cap.;;Cob lens, cap. Zacharia, tons. 3.169, con;;Cob lens;;1903_09_10;
Día 4½:;;;;;;De New York, en 4½ días vap. cubano Curity-;cubano;Curity;vap.;1903_09_10;New York
;;N/A: ;Hoppe;cap.;;ge, cap. Hoppe, tons. 1.475, con carga ge-;;;;1903_09_10;
Día 36:;;;;;;De Nuevitas en 36 horas vap. alem. Mainz, ca-;alem.;Mainz;vap.;1903_09_10;Nuevitas
Día 13:;;;;;;De Matanzas en 13 horas vap. cub. Olinda, ca-;cub.;Olinda;vap.;1903_09_10;Matanzas
Día 7:;;;;;;De Cayo Hueso, en 7 horas, vp. amr. Martini-;amr.;Martini;vp.;1903_09_10;Cayo Hueso
Día 10:;;;;;;De Pasacagoula en 10 dias gta. amr. Oscar G.;amr.;Oscar G.;gta.;1903_09_11;Pasacagoula
Día 3:;;;Peder-;ep.;;De Mobila, en 3 días, vp. ngo. Hiso, ep. Peder-;;ngo. Hiso;vp.;1903_09_11;Mobila
;;N/A: ;Green;cap.;;cap. Green, tons. 230, con madera, á I. Plá;;;;1903_09_11;
Día 5:;;;;cap.;;De Tampa, en 5 días, gol. am. A. F. Stowell,;am.;A. F. Stowell;gol.;1903_09_11;Tampa
Día 5:;;;;;;De N York, en 5 días, vp. ing. Straits of Dover;ing.;Straits of Dover;vp.;1903_09_11;N York
Día 1:;;;;ep.;;De Matanzas, en 1½ días, vp. ngo. Bergen, ep.;ngo.;Bergen;vp.;1903_09_11;Matanzas
Día 29:;;;;;;De Cayo Hueso, en 29 horas, gol. am. Addie F;am.;Addie F;gol.;1903_09_12;Cayo Hueso
Día 5:;;;;;;De Cartagena, en 5 días, vp. inglés Jamarean,;inglés;Jamarean;vp.;1903_09_12;Cartagena
Día 2½:;;;;capi-;;De Mobila, en 2½ días, vp. cub. Mobila, capi-;cub.;Mobila;vp.;1903_09_12;Mobila
Día 4:;;;Lo-;cp.;;De Galveston en 4 días, vp. ngo. Uto, cp. Lo-;;ngo. Uto;vp.;1903_09_12;Galveston
Día 9:;;;;;;De Cádiz, en 9 horas, vp. danes Patria, ca-;danes;Patria;vp.;1903_09_12;Cádiz
Día 25:;;;;;;De Buenos Aires y escalas, en 25 días, vp. in-;;;vp.;1903_09_12;Buenos Aires
Día 7:;;N/A:  | N/A:  | N/A:  | N/A: ;Bordón;cap.;;De Mombila, en 7 días, gol. am. Línerla, capitán Bordón, ton. 77, con madera á Graupera, López Valle y Cp.;am.;Línerla;gol.;1903_09_14;Mombila
Día 74:;;N/A: ;Doodon;cp.;;De New Port News, en 74 días, gol. am. J. W. Brook, cp. Doodon, ton. 840, con carbón á la West Indian Oil R. & Co.;am.;J. W. Brook;gol.;1903_09_14;New Port News
Día 19:;;N/A: ;Burgers;cp.;;De Filadelfia, en 19 días, gol. am. Boony Doon cp. Burgers, ton. 570, con petróleo á la West Indian Oil R. & Co.;am.;Boony Doon;gol.;1903_09_14;Filadelfia
Día 3:;;N/A: ;Hotz;cap.;;De Trujillo, en 3 días, vp. alm. Andes, capitán Hotz, ton. 1197, con ganado á E. Heilbut.;;alm. Andes;vp.;1903_09_14;Trujillo
Día 5:;;N/A: ;L. V. Placé;;;De Veracruz, en 5 días, ngo. Voland, toneladas 1087, con ganado á L. V. Placé.;;Voland;ngo;1903_09_14;Veracruz
Día 4:;;N/A:  | N/A:  | N/A: ;Kenedan;cap.;;De Tampico, en 4 días, vp. ngo. Hydra, capitán Kenedan, ton. 1382, con ganado á Silveira y Cp.;;ngo. Hydra;vp.;1903_09_14;Tampico
Día 8:;;N/A: ;Jahamelson;cap.;;De Rockpor, en 8 días, vp. ngo. Datie, capitán Jahamelson, ton. 1098, con losas á la Havanás, Eléctrica R. & Co.;;Datie;vp.;1903_09_14;Rockpor
Día 6:;;;;;;De Newport News, en 6 días, vp. ngo. Duncan,;;Duncan;vp.;1903_09_15;Newport News
Día 4:;;N/A:  | N/A: ;Knight;cp.;;De Nueva York, en 4 días, vp. am. Vigilancia, cp. Knight, ton. 4115, con carga general y 56 pasajeros á Zaldo y Cp.;am.;Vigilancia;vp.;1903_09_15;Nueva York
Día 3:;;;;;;De Veracruz, en 2½ días, vp. francés Lafayette,;francés;Lafayette;vp.;1903_09_15;Veracruz
Día 29:;;N/A:  | N/A: ;Bilbao;cap.;;De Barcelona y escala, en 29 días, vp, español Martin Saenz, cap. Bilbao, ton. 3465, con carga general y 65 pasajeros á Marcos Hno y Comp.;español;Martin Saenz;vp;1903_09_15;Barcelona
Día 7:;;;;;;De C. Hueso, en 7 horas vp. amer. Mascotte,;amer.;Mascotte;vp.;1903_09_15;C. Hueso
Día 4:;;;;;;De Veracruz, en 4 días, vp. amer. Esperanza,;amer.;Esperanza;vp.;1903_09_15;Veracruz
Día 5:;;;;cap.;;De Barranquilla, en 5 días, vp. ngo. Frí. capi-;;ngo. Frí.;vp.;1903_09_16;Barranquilla
Día 12:;;N/A:  | N/A: ;;;;De Brunswick, en 12 días, gol. ing. Brooklyn, con madera & R. Santa María.;ing.;Brooklyn;gol.;1903_09_16;Brunswick
Día 4:;;N/A:  | N/A:  | N/A: ;ton. 1783;cap.;;De Tampico, en 4 días, vp. ngo. Jason, ton. 1783, con ganado & Zaldo y Cp.;;Jason;vp.;1903_09_16;Tampico
Día 2:;;N/A:  | N/A: ;Hansen;cap.;;De Miami, en 2 días, vp. am. Roanoke, capitán Hansen, ton. 546, con ganado & Lykes y Hno.;am.;Roanoke;vp.;1903_09_16;Miami
Día 4:;;N/A:  | N/A:  | N/A: ;Stevens;cp.;;De New York, en 3½ días, vp. am. Mexico, cp. Stevens, ton. 5677, con carga general y 71 pasajeros & Zaldo y Cp.;am.;Mexico;vp.;1903_09_16;New York
;;N/A: ;Kaisen;cp.;;De Galveston, vp. ngo. Mercator, cp. Kaisen, ton. 1083, vp. ganado á Silveira y Cp.;;Mercator;vp.;1903_09_17;Galveston
Día 2:;;N/A:  | N/A: ;Hopner;cp.;;De Nueva Orleáns, en 2 dias, vp. am. Louisiana, cp. Hopner, ton. 2549, con carga general y 7 pasajeros á Galban y Cp.;am.;Louisiana;vp.;1903_09_17;Nueva Orleáns
Día 7:;;N/A:  | N/A:  | N/A: ;G. Lawton Childs;cap.;;De Cayo Hueso, en 7 horas, vp. am. Martini- que, ton. 996, con carga, correspondencia y pasajeros á G. Lawton Childs y Cp.;am.;Martini-;vp.;1903_09_17;Cayo Hueso
Día 21:;;;;;;De Amapsis, en 21 días, berg. ing. Hornet,;ing.;Hornet;berg.;1903_09_18;Amapsis
Día 5:;;;;;;De Pto. Cabello, en 5 días vp. cubano Cubana,;cubano;Cubana;vp.;1903_09_18;Pto. Cabello
Día 2:;;;capitan;cap.;;De Mobilla, en 2 dias, vp. cub. Mobilla, capitan;cub.;Mobilla;vp.;1903_09_19;Mobilla
Día 2:;;;;cap.;;De Trujillo, en 2 dias vp. alem Holstein, capi-;alem;Holstein;vp.;1903_09_19;Trujillo
Día 3:;;;;;;De Veracruz, en 3 dias vp. español Alfonso;español;Alfonso;vp.;1903_09_19;Veracruz
Día 7:;;N/A:  | N/A:  | N/A: ;Alleu;cp.;;De Tampa y C. Hueso en 7 horas vp. americano Mascotte, cp. Alleu, tons. 884 con carga, correspondencia y 72 pasajeros & G. Lawton, Childs y Comp.;americano;Mascotte;vp.;1903_09_20;Tampa y C. Hueso
Día 1:;;N/A:  | N/A: ;Guffin;cp.;;De Cavo Hueso, en 1 día gta. amer. Doctor Lykes, cp. Guffin, tons. 83, con ganado & Lykes, cp. Hno.;amer.;Doctor Lykes;gta.;1903_09_20;Cavo Hueso
Día 22:;;;;;;De Hamburgo, en 22 días, vp. alm. Prinz Adal-;;Prinz Adal;vp.;1903_09_21;Hamburgo
;;;Witt;cap.;;t, cap. Witt, tons. 6.030, con carga de;;;;1903_09_21;
Día 4:;;;;;;De Mobila en 4 días gt. amr. Vilá y Hermano,;amr.;Vilá y Hermano;gt.;1903_09_21;Mobila
Día 30:;;;;;;De Glasgow y escalas en 30 días, vap. esp. Río-;esp.;Río;vap.;1903_09_21;Glasgow
Día 27:;;;;;;De Hamburgo y escalas en 27 días, vp. alemán;alemán;;vp.;1903_09_21;Hamburgo
;;N/A: ;Hanor;cap.;;Galicia, cap. Hanor, tons. 2.860, con carga;;;;1903_09_21;Galicia
Día 3:;;;;cap.;;De Trujillo en 3 días vp. norg. Bergen, capitán;norg.;Bergen;vp.;1903_09_21;Trujillo
Día 3¼:;;;;;;De Nueva York, en 3¼ das, vp. am. Monterey;am.;Monterey;vp.;1903_09_22;Nueva York
Día 2:;;;;;;De Nueva Orleans, en 2 días, vp. am. Excel;am.;Excel;vp.;1903_09_22;Nueva Orleans
Día 7:;;;;;;De Mobila, en 7¼ das, berg. ing. Glenaf ton,;ing.;Glenaf ton;berg.;1903_09_22;Mobila
Día 19:;;;;cáp.;;De Liverpool, en 19 días, vp. am. Vivia, cáp-;am.;Vivia;vp.;1903_09_22;Liverpool
Día 2:;;;;;;De Nueva Orleans, en 2 das, vp. esp. Conde;esp.;Conde;vp.;1903_09_22;Nueva Orleans
Día 7:;;;;;;De Cayo Hueso, en 7 horas, vp. am. Mascotte,;am.;Mascotte;vp.;1903_09_22;Cayo Hueso
Día 2½:;;;;;;De Tampico, en 2½ días, vp. am. City of Was-;am.;City of Was-;vp.;1903_09_22;Tampico
Día 5:;;N/A: ;Santa Maria;cp.;;De Panzacola, en 5 dias, gol. am. Davy Crockett, cp. Santa Maria, ton. 85, con maderas, a R. P. Santa Maria.;am.;Davy Crockett;gol.;1903_09_23;Panzacola
Día 35:;;N/A: ;Wisc.;cp.;;De Londres y Amberes, en 35 dias, vap. ingles George Pyman, cp. Wisc., ton. 3358, con carga general a Dussaq y Cp.;ingles;George Pyman;vap.;1903_09_23;Londres y Amberes
Día 3½:;;N/A:  | N/A: ;Downs;cp.;;De Nueva York, en 3½ dias, vap. am. Morro Castle, cp. Downs, ton. 7004, con carga y 99 pasajeros a Zaldo y Cp.;am.;Morro Castle;vap.;1903_09_23;Nueva York
Día 7:;;N/A: ;Suendsen;cap.;;De Baltimore, en 7 horas, vp. ngo. Horda, capitán Suendsen, ton. 2830, con carbón a L. Placé.;;Horda;vp.;1903_09_23;Baltimore
Día 6:;;;;;;De Baracoa y escalas en 6 días, vp. cub. Curi-;cub.;Curi;vp.;1903_09_24;Baracoa
Día 4:;;;;;;De Veracruz y escalas, en 4 días, vp. am. Ori;am.;Ori;vp.;1903_09_24;Veracruz
Día 7:;;;;;;De Cayo Hueso, en 7 horas, vp. am. Martini-;am.;Martini;vp.;1903_09_24;Cayo Hueso
Día 27:;;;;;;De Laguna de Término, en 27 días, vp. inglés;inglés;;vp.;1903_09_24;Laguna de Término
Día 4½:;;;So-;cp.;;De Tampico, en 4½ días, vp. ngo. Uto, cp. So-;;ngo. Uto;vp.;1903_09_25;Tampico
Día 7:;;;;cpitan;;De Filadelfia, en 7 días, vp. ngo. Frey, cpitan;;ngo. Frey;vp.;1903_09_25;Filadelfia
Día 26:;;;;cap.;;De Hamburgo, en 26 días, vp. alm. Hans Wag-;;alm. Hans Wag;vp.;1903_09_25;Hamburgo
Día 2:;;;;cap.;;De Mobilla, en 2 días, vp. cub. Mobila, capitán;cub.;Mobila;vp.;1903_09_26;Mobilla
Día 7:;;;;;;De Tampa y Cayo Hueso, en 7 horas, vp. a.m.;;a.m.;vp.;1903_09_26;Tampa y Cayo Hueso
Día 9:;;;;;;De Halifax en 9 días vap. norg. Veritas, tone-;norg.;Veritas;vap.;1903_09_28;Halifax
Día 7:;;;;;;De Cárdenas en 7 horas vap. ing. Tresco, tone-;ing.;Tresco;vap.;1903_09_28;Cárdenas
Día 3½:;;;;capi-;;De Galveston en 3½ días vp. norg. Nord, capi-;norg.;Nord;vp.;1903_09_28;Galveston
Día 3½:;;;;;;De Tampico en 3½ días vp. italiano Giuseppe;italiano;Giuseppe;vp.;1903_09_28;Tampico
Día :;;;;;;De Tampico, en 3½ días, vp. amr. Séneca, con;amr.;Séneca;vp.;1903_09_28;Tampico
Día 7:;;;;;;De Filadelfia en 7 días vap. alem. Margaretta,;alem.;Margaretta;vap.;1903_09_28;Filadelfia
Día 4:;;;;;;De Nueva York, en 4 dias, vp. am. Esperanza,;am.;Esperanza;vp.;1903_09_29;Nueva York
Día 7:;;;;;;De Tampa y Cayo Hueso, en 7 horas, vp. am.;am.;;vp.;1903_09_29;Tampa y Cayo Hueso
Día 2:;;;;;;De Nueva Orleans, en 2 dias, vp. am. Louisiana,;am.;Louisiana;vp.;1903_09_29;Nueva Orleans
Día 4:;;;;;;De Veracruz y Progreso, en 4 dias, vp. ameri-;;ameri-;vp.;1903_09_29;Veracruz y Progreso
Día 3:;;;;;;De Veracruz, en 3 dias, vp. esp. Buenos Aires,;esp.;Buenos Aires;vp.;1903_09_30;Veracruz
Día 15:;;;;;;De Caibarien, en 15 horas, vapor noruego Vo-;noruego;Vo-;vapor;1903_09_30;Caibarien
Día 3½:;;;;;;De N. York, en 3½ dias vp. americano México,;americano;México;vp.;1903_09_30;N. York
;;;;;;De Galveston, con 3½ dias vp. ngo. Mescator,;ngo.;Mescator;vp.;1903_09_30;Galveston
Día 1:;;;;cap.;;De Matanzas, en 1 dia, vp. alm. Andes, capitán;;alm. Andes;vp.;1903_10_01;Matanzas
Día 7:;;;;;;De Cayo Hueso, en 7 horas, vp. am. Martíñ-;am.;Martiñ-;vp.;1903_10_01;Cayo Hueso
Día 5:;;;;cp.;;De Nueva York, en 5 dias, vp. cub. Olinda, cp.;cub.;Olinda;vp.;1903_10_02;Nueva York
Día 16:;;;;;;De Bilbao, Santander y Coruña, en 16 días,;;;;1903_10_02;Bilbao, Santander y Coruña
Día 9:;;N/A: ;Bilbao;cp.;;De Cádiz, en 9 horas, vp. esp. Martín Sáenz cp. Bilbao, ton. 3446, con carga de tránsito á Marcos, Hno. y Cp.;esp.;Martín Sáenz;vp.;1903_10_03;Cádiz
Día 3:;;N/A:  | N/A: ;Perling;cap.;;"De Málaga, en 2½ días, vp. cub. Mobila, capitán Perling; ton. 2153, con carga general y ganado á L. V. Placé.";cub.;Mobila;vp.;1903_10_03;Málaga
Día 7:;;N/A:  | N/A:  | N/A: ;Allen;cp.;;De Cayo Hueso, en 7 horas, vp. am. Mascotte, cp. Allen, ton. 884, con carga general, correspondencia y pasajeros á G. Lawton, Childs y Cp.;am.;Mascotte;vp.;1903_10_03;Cayo Hueso
Día 18:;;;;;;De Filadelfia en 18 días, gta. amer. Madalena;amer.;Madalena;gta.;1903_10_04;Filadelfia
Día 2:;;N/A: ;Zachoronce;cp.;;De Caibarién, en 1½ días, vp. alemán Coblenz, cp. Zachoronce, ton. 3169, con carga de tránsito á Schwab y Tillman.;alemán;Coblenz;vp.;1903_10_05;Caibarién
Día 3½:;;N/A:  | N/A: ;Robertson;cp.;;De Nueva York, en 3½ días, vp. am. Havana, cp. Robertson, ton. 5687, con carga general y 66 pasajeros á Zaldo y Cp.;am.;Havana;vp.;1903_10_05;Nueva York
Día 4:;;N/A:  | N/A: ;O'Keefe;cap.;;De Tampico en 3½ días, vp. am. Niágara, capitán O'Keefe, ton. 2265, con carga y ganado á Zaldo y Cp.;am.;Niágara;vp.;1903_10_05;Tampico
Día 2:;;N/A:  | N/A: ;Hopner;cp.;;De Nueva Orleans, en 2 días, vp. am. Louisiana, cp. Hopner, ton. 2842, con carga general y pasajeros á Ga.ban y Cp.;am.;Louisiana;vp.;1903_10_06;Nueva Orleans
Día 6½:;;N/A:  | N/A: ;2571;tod.;;De Filadelfia, en 6½ días, vp. ing. Myrtledene Inle, tod. 2571, con carbón á Luis V. Plac.;ing.;Myrtledene Inle;vp.;1903_10_06;Filadelfia
Día 7:;;N/A:  | N/A:  | N/A: ;Alleu;op.;;De Tampa y C. Hueso, en 7 horas vp. americano Mascotte, op. Alleu, tnd.s 834, con carga, correspondencia y 51 pasajeros, á G. Lawton, Childs y Comp.;americano;Mascotte;vp.;1903_10_07;Tampa y C. Hueso
Día 3½:;;N/A:  | N/A: ;4702;tnd.s;;De Veracruz y Progreso en 3½ días, vapor americano Monterrey, tnd.s 4702, con carga y pasajeros, á Zaldo y Comp.;americano;Monterrey;vapor;1903_10_07;Veracruz y Progreso
Día 15:;;;;;;De Bremen y escalas en 15 días vap. alem. Ro-;alem.;Ro-;vap.;1903_10_08;Bremen
Día 3½:;;;;;;De N. York, en 3½ dias v.p. americano Morro;americano;Morro;v.p.;1903_10_08;N. York
Día 15:;;N/A:  | N/A: ;Randerman;cap.;;De Bremen y escalas en 15 días vap. alem. Roland, cap. Randerman, tons 3603, con carga á S. y Tillman.;alem.;Roland;vap.;1903_10_08;Bremen
Día 56:;;;;;;De Trieste y escalas, en 56 dias up. austríaco;austríaco;;up.;1903_10_10;Trieste
Día 7:;;;;cap.;;De Paseagoula, en 7 dias gta. amer. Olga, cap.;amer.;Olga;gta.;1903_10_10;Paseagoula
Día 7:;;;;;;De C. Hueso, en 7 dias vap. americano Mas-;americano;Mas-;vap.;1903_10_10;C. Hueso
Día 26:;;;;;;De Brémen y escalas en 26 dias vap. alemán;alemán;;vap.;1903_10_11;Brémen
Día 4:;;;;cap.;;De Mobila, en 4 dias, gol. am. M. A. Aohon,;am.;M. A. Aohon;gol.;1903_10_13;Mobila
Día 4:;;;;cap.;;De Mobila, en 4 días, gol. am. M. A. Aohon,;am.;M. A. Aohon;gol.;1903_10_13;Mobila
Día 7:;;;;;;De Cayo Hueso, en 7 horas, vp. am. Olivette,;am.;Olivette;vp.;1903_10_13;Cayo Hueso
Día :;;;;;;De Veracruz y escalas, en 3½ dias, vp. am. Es-;am.;;vp.;1903_10_13;Veracruz
Día :;;;;;;De Veracruz y escalas, en 8½ días, vp. am. Es-;am.;;vp.;1903_10_13;Veracruz
Día 4:;;N/A: ;Stevens;cp.;;De Nueva York, en 3½ días, vp. am. México, cp. Stevens, ton. 5667, con carga general á Zaldo y Cp.;am.;México;vp.;1903_10_14;Nueva York
Día 4:;;N/A: ;Stevens;cp.;;De Nueva York, en 3½ dias, vp. am. México, cp. Stevens, ton. 5667, con carga general á Zaldo y Cp.;am.;México;vp.;1903_10_14;Nueva York
Día 4:;;N/A: ;Jacobsen;cap.;;De Galveston, en 4 días, vp. ngo. Nord, capitán Jacobsen, ton. 1160, con ganado á Ig-;;ngo. Nord;vp.;1903_10_14;Galveston
Día 4:;;;;cap.;;De Galveston. en 4 dias, vp. ngo. Nord, capi-;ngo.;Nord;vp.;1903_10_14;Galveston
Día 7:;;;;;;De Filadelfia, en 7 dias, vp. ing. Thornley, to-;ing.;Thornley;vp.;1903_10_14;Filadelfia
Día 7:;;N/A: ;;;;De Filadelfia, en 7 días, vp. ing. Thornley, toneladas 2847, con carbón mineral á Luis V.;ing.;Thornley;vp.;1903_10_14;Filadelfia
Día 4:;;;;;;De Tampa: en 4 dias, gol. am. Daisy Farlin,;am.;Daisy Farlin;gol.;1903_10_15;Tampa
Día 4:;;;;;;De Tampa, en 4 dias, gol. am. Daisy Farlin,;am.;Daisy Farlin;gol.;1903_10_15;Tampa
Día 2:;;N/A: ;Perdigeon;cp.;;De Veracruz: en 2 dias, vp. francés La Navarra, cp. Perdigeon, ton. 6959, con carga general á Bridat, Montros y Cp.;francés;La Navarra;vp.;1903_10_15;Veracruz
Día 2:;;N/A: ;Perdigeon;cp.;;De Veracruz, en 2 dias, vp. francés La Navarre, cp. Perdigeon, ton. 6959, con carga general á Bridat, Montros y Cp.;francés;La Navarre;vp.;1903_10_15;Veracruz
Día 7:;;N/A:  | N/A: ;Dillón;cp.;;De Cayo Hueso: en 7 horas, vp. am. Martini- que, cp. Dillón, ton. 903, con carga general y 22 pasajeros á G. Lawton, Childs y Cp.;am.;Martini- que;vp.;1903_10_15;Cayo Hueso
Día 7:;;N/A:  | N/A: ;Dillón;cp.;;De Cayo Hueso, en 7 horas, vp. am. Martíñique, cp. Dillón, ton. 999, con carga general y 22 pasajeros á G. Lawton, Childs y Cp.;am.;Martiñique;vp.;1903_10_15;Cayo Hueso
Día 19:;;N/A:  | N/A: ;Riesch;cp.;;De Hamburg y escala: en 19 dias, vp. aleman Prinz August Wilhelm, cp. Riesch, ton. 4733, con carga y 772 pasajeros á Enrique Heilbut.;aleman;Prinz August Wilhelm;vp.;1903_10_15;Hamburg
Día 19:;;N/A:  | N/A: ;Riesch;ep.;;De Hamburgo y escala, en 19 dias, vp. aleman Prinz August Wilhelm, ep. Riesch, ton. 4733, con carga y 772 pasajeros á Enríque Helbut.;aleman;Prinz August Wilhelm;vp.;1903_10_15;Hamburgo
Día 7:;;N/A: ;Joharmesson;cp.;;De Halifax en 7 días, vp. ngo. Katie, cp. Joharmesson, ton. 1099, con carga general á L. V. Placé.;;Katie;vp.;1903_10_16;Halifax
;;N/A:  | N/A: ;Hansen;cp.;;De Cayo Hueso, vp. am. Roanoke, cp. Hansen ton. 546, con ganado á Lykes y Hno.;am.;Roanoke;vp.;1903_10_16;Cayo Hueso
Día 23:;;N/A: ;Knight;cap.;;De Liverpool, en 23 días, vp. ing. Lugano, capitán Knight, ton. 8788, con carga general á H. Astorqui.;ing.;Lugano;vp.;1903_10_16;Liverpool
Día 2½:;;;;cap.;;De Mobila, en 2½ días, vp. cub. Mobila, capi-;cub.;Mobila;vp.;1903_10_18;Mobila
Día 6½:;;;;capi-;;De Guanta, en 6½ días, vp. ngo. Albis, capi-;;ngo. Albis;vp.;1903_10_18;Guanta
Día 7:;;;;;;De Cayo Hueso, en 7 horas, vp. am. Olivette,;am.;Olivette;vp.;1903_10_18;Cayo Hueso
;;;;;;De Barcelona y escalas, via New York, vapor;;;vapor;1903_10_20;Barcelona
Día 4:;;;;;;De Nueva York, en 4 dias, vp. am. Monterey,;am.;Monterey;vp.;1903_10_20;Nueva York
Día 42:;;N/A:  | N/A: ;Jaureguizar;cp.;;De Génova y escalas, en 42 días, vp. esp. Catalina, cp. Jaureguizar, ton. 4795, con carga y 36 pasajeros á Marcos y Hno.;esp.;Catalina;vp.;1903_10_20;Génova
Día 4:;;;;;;De Veracruz, en 4 dias, vp. esp. Alfonso XII,;esp.;Alfonso XII;vp.;1903_10_20;Veracruz
Día 7:;;N/A:  | N/A: ;Turner;cp.;;De Cayo Hueso, en 7 horas, vp. am. Olivette, cp. Turner, ton. 1678, con carga general y 62 pasajeros á G. Lawton, Childs y Cp.;am.;Olivette;vp.;1903_10_20;Cayo Hueso
Día 2:;;;;;;De Nueva Orleans, en 2 dias, vp. am. Louisia,;am.;Louisia;vp.;1903_10_20;Nueva Orleans
Día 35:;;N/A: ;Farrell;cp.;;De Londres y Amberes, en 35 días vp. inglés Cayo Bonito, cp. Farrell, tnd.s. 3427 con gral. á Dursay y Gehler.;inglés;Cayo Bonito;vp.;1903_10_21;Londres y Amberes
Día 20:;;N/A: ;Lunnisag;cp.;;De Havre, en 20 días vp. alem. Cheruskia, cp. Lunnisag, tnd.s. 3254, con carga general á E. Heilbut.;alem.;Cheruskia;vp.;1903_10_21;Havre
Día 5:;;N/A: ;Byrnes;cp.;;De Mobila, en 5 días bergantín inglés Peerles, cp. Byrnes, tnd.s. 317, con madera á A. J. Mendosa.;inglés;Peerles;bergantín;1903_10_21;Mobila
Día 4:;;;;;;De Nueva York, en 3½ dias, vp. am. Morro;am.;Morro;vp.;1903_10_22;Nueva York
Día 7:;;;;;;De Veracruz, en 7 dias, vp. am. Ha-;am.;;vp.;1903_10_22;Veracruz
Día 7:;;N/A:  | N/A:  | N/A:  | N/A:  | N/A:  | N/A: ;Dillón;cp.;;De Miami y Cayo Hueso, en 7 horas, vap. americano Martínique, cp. Dillón, toneladas 996, con correspondencia y 9 pasajeros & G. Lawton, Childs y Ca.;americano;Martínique;vap.;1903_10_22;Miami y Cayo Hueso
Día 5:;;;;;;De Pasacoula, en 5 dias, gol. am. Oscar G.;am.;Oscar G.;gol.;1903_10_22;Pasacoula
Día 14:;;N/A: ;Happe;cp.;;De Nuevitas, en 14 horas, vapor cubano Curytiba, cp. Happe, tnd. 2362 con carga de tránsito, á L. V. Placé.;cubano;Curytiba;vapor;1903_10_22;Nuevitas
Día 14:;;;;;;De Filadelfia, en 14 dias, bea. am. Mary A. La,;am.;Mary A. La;bea.;1903_10_22;Filadelfia
Día 16:;;;;;;De Sagua, en 16 horas, vp. ngo. Myr. Myrtle-;ngo.;Myr. Myrtle;vp.;1903_10_22;Sagua
Día 7:;;;;cp.;;De Nueva York, en 7 dias, vp. cub. Olinda, cp.;cub.;Olinda;vp.;1903_10_23;Nueva York
Día 7:;;;;cap.;;De Tampico, en 7 dias, vp. ngo. Jason, capitán;;Jason;vp.;1903_10_23;Tampico
Día 7:;;;;;;De Cayo Hueso en 7 horas vp. americano Oli-;americano;Oli-;vp.;1903_10_24;Cayo Hueso
Día 17:;;N/A: ;Felleria;cap.;;De Liverpool y escalas, en 17 dias, vapor español Madrileño, cap. Felleria, tnd.s. 2990,;español;Madrileño;vapor;1903_10_24;Liverpool
Día 4:;;;itan;cap.;;De Galveston, en 4 días, vp. ngo. Nord, capitan;;ngo. Nord;vp.;1903_10_24;Galveston
Día 2:;;;;ca-;;De Mobila, en 2 dias, vap. cubano Mobila, ca-;cubano;Mobila;vap.;1903_10_24;Mobila
Día 30:;;;;;;De Yarmouth, en 30 dias, bg. inglés Empress;ing.;Empress;bg.;1903_10_24;Yarmouth
Día 7:;;;;;;De Filadelfia en 7 días vap. danés Garraira,;danés;Garraira;vap.;1903_10_26;Filadelfia
Día 35:;;;;;;De Falmouth (N. B.) en 35 días berg. portu-;;;berg.;1903_10_26;Falmouth (N. B.)
Día 7:;;;;cap.;;De Mobila en 7 días gol. am. Clara A. Phinney,;am.;Clara A. Phinney;gol.;1903_10_26;Mobila
Día 3½:;;;;;;De Nueva York, en 3½ días, vp. am. Espe-;am.;Espe-;vp.;1903_10_26;Nueva York
Día 7:;;;;;;De Mobila y Panzacole en 7 días vap. noruego;noruego;;vap.;1903_10_26;Mobila y Panzacole
Día 22:;;;Ara;cap.;;De Liverpool, en 22 dias, vp. esp. Ida,cp. Ara-;esp.;Ida;vp.;1903_10_27;Liverpool
Día 7:;;;;;;De Cayo Hueso en 7 horas vap. amr. Olivette;amr.;Olivette;vap.;1903_10_27;Cayo Hueso
Día 2:;;;;;;De Nueva Orleans, en 2 dias, vp. am. Louisiana;am.;Louisiana;vp.;1903_10_27;Nueva Orleans
Día 7:;;;;;;De Port Tampa en 7 días lanchón am. Hindoo,;am.;Hindoo;lanchón;1903_10_27;Port Tampa
Día 2:;;;;;;De Nuevitas en 2 días vapor cubano Cubana,;cubano;Cubana;vapor;1903_10_27;Nuevitas
Día 4:;;;capi;cap.;;De Tampico, en 4 días, vp. am. Séneca, capi;am.;Séneca;vp.;1903_10_27;Tampico
Día 2:;;;;;;De Cayo Hueso, en 2 días, gol. am. Mount;am.;Mount;gol.;1903_10_27;Cayo Hueso
Día 3½:;;;;;;De Nueva York, en 3½ días, vp. amr. México,;amr.;México;vp.;1903_10_28;Nueva York
Día 3:;;;;;;De Mobila, en 3 días, gol. am. Vila y Herma-;am.;Vila y Herma;gol.;1903_10_28;Mobila
Día 4½:;;;;;;De Tampico, en 4½ días, vp. ngo. Mercator,;ngo.;Mercator;vp.;1903_10_29;Tampico
Día 6:;;;;;;De Veracruz y Progreso, en 6 días, vp. ameri-;;ameri-;vp.;1903_10_29;Veracruz y Progreso
Día 35:;;;;;;De Hamburgo y escalas, en 35 días, vp. ale-;;;vp.;1903_10_29;Hamburgo
Día :;;;;;;De Barcelona y escalas, en 29½ dias, vp. espa-;espa-;;vp.;1903_10_30;Barcelona
Día 7:;;;;;;De Cayo Hueso, en 7 horas, vp. am. Martini-;am.;Martini;vp.;1903_10_30;Cayo Hueso
Día 1:;;;;;;De Matanzas, en 1 día, berg. am. Hittie G. Di-;am.;Hittie G.;berg.;1903_10_30;Matanzas
Día 3:;;;;;;De Veracruz, en 3 días, vp. esp. Manuel;esp.;Manuel;vp.;1903_10_30;Veracruz
Día 5:;;N/A: ;Lorenzen;cp.;;De Tampico en 5 dias vap. norg. Uto, cp. Lorenzen, tons. 1373, con ganado, a Carlos Reina.;norg.;Uto;vap.;1903_10_31;Tampico
Día 8:;;;;cp.;;De Halifax en 8 dias, vp ing. Atheniana, cp.;ing.;Atheniana;vp;1903_11_01;Halifax
Día 2½:;;;;cp.;;De Mobila en 2½ dias, vp cub. Mobila, cp.;cub.;Mobila;vp;1903_11_01;Mobila
;;;Furner;cp.;;De C. Hueso, vp amer. Olivette, cp. Furner,;amer.;Olivette;vp;1903_11_01;C. Hueso
Día 6:;;;Sprendsen;cp.;;De Norfolk, en 6 vp, ngo. Horda, cp. Sprendsen;;Horda;vp;1903_11_01;Norfolk
Día 8:;;;;;;De Veracruz, en 8 dias, vp. alm. Prinz Wilhelm;;alm. Prinz Wilhelm;vp.;1903_11_01;Veracruz
Día 3½:;;;;;;De Galveston, en 3½ días, vp. ngo. Nord, ca-;;ngo. Nord;vp.;1903_11_04;Galveston
Día 1½:;;;;;;De Nuevitas, en 1½ días, vp. cub. Olinda, ca-;cub.;Olinda;vp.;1903_11_04;Nuevitas
Día 3½:;;;;;;De Nueva York, en 3½ días, vp. am. Morro;am.;Morro;vp.;1903_11_04;Nueva York
Día 20:;;;;;;De Liverpool, en 20 días, vp. ing. Teodoro de;ing.;Teodoro de;vp.;1903_11_04;Liverpool
Día 14:;;N/A:  | N/A: ;Brown;cap.;;De Amapolis en 14 días, gol. ing. Adonis, capitán Brown, ton. 368, con papas y madera á la orden.;ing.;Adonis;gol.;1903_11_05;Amapolis
Día 3:;;;;cap.;;De Tampico, en 3 días, vp. am. Niágara, capi-;am.;Niágara;vp.;1903_11_06;Tampico
Día 12:;;;;;;De Wesynonth (N. E.) en 12 dias, gol. inglesa;inglesa;;gol.;1903_11_06;Wesynonth (N. E.)
Día 15:;;;;;;De Sainzare y escalas, en 15 días, vapor;;;vapor;1903_11_06;Sainzare
Día 63:;;;;;;De Barcelona y escalas, en 63 dias, corbeta;;;corbeta;1903_11_06;Barcelona
Día 4½:;;;;cap.;;De Tampico, en 4½ días, vp. ngo. Uly, capi-;;ngo. Uly;vp.;1903_11_06;Tampico
Día 5:;;;;;;De Nueva York, en 4½ días, vp. cub. Curityba;cub.;Curityba;vp.;1903_11_06;Nueva York
Día 2:;;;;cap.;;De Mobila, en 2 dias, vp. cub. Mobila, capitán;cub.;Mobila;vp.;1903_11_08;Mobila
Día 7:;;;;;;De Tampa y Cayo Hueso, en 7 horas, vp. am.;am.;;vp.;1903_11_08;Tampa y Cayo Hueso
Día 4:;;;;ca-;;De Tampico, en 4 dias, vp. ngo. Mercator, ca-;;Mercator;vp.;1903_11_08;Tampico
Día 75:;;;;;;De Liverpool, en 75 dias, beca. italiana Inocen-;italiana;Inocen-;beca;1903_11_08;Liverpool
Día 16:;;;;cap.;;De Halifax, en 16 dias, vp. ngo. Veritas, capi-;;ngo. Veritas;vp.;1903_11_08;Halifax
Día 5:;;;;;;De Cartagena, en 5 días, vp. ing. Yucatan, to-;ing.;Yucatan;vp.;1903_11_08;Cartagena
Día 6:;;;;cap.;;De Guanta, en 6 dias, vp. cubano Palomo, Pa-;cubano;Palomo;vp.;1903_11_09;Guanta
Día 3:;;;;cap.;;De Tampico, en 3 dias, vp. am. Saratoga, capi-;am.;Saratoga;vp.;1903_11_09;Tampico
Día 3½:;;;;;;De Veracruz, en 3½ dias, vp. am. Esperanza,;am.;Esperanza;vp.;1903_11_09;Veracruz
Día 4:;;;;;;De Nueva York, en 4 días, vp. am. Vigilancia,;am.;Vigilancia;vp.;1903_11_10;Nueva York
Día 2:;;;;;;De Nueva Orleans, en 2 días, vp. am. Louisiana;am.;Louisiana;vp.;1903_11_10;Nueva Orleans
Día 25:;;;;;;De Bremen y esc., en 25 días, vp. alm. Main z.;;alm. Main z.;vp.;1903_11_10;Bremen
Día 12:;;;;;;De Cayo Hueso, en 12 horas, gol. am. Mount,;am.;Mount;gol.;1903_11_10;Cayo Hueso
Día 7:;;;;;;De Tampa y Cayo Hueso, en 7 días, vap. am.;am.;;vap.;1903_11_10;Tampa y Cayo Hueso
Día 1:;;;;;;De Caibaríes, en 1 día, vp. alm. Helvetia, to-;;alm. Helvetia;vp.;1903_11_10;Caibaríes
Día 8:;;;;;;De Mobila, en 8 días, gol. am. Emma J. Cou-;am.;Emma J. Cou-;gol.;1903_11_10;Mobila
Día 5:;;;;;;De Pto. Cabello, en 5 días vp. cubano Cubana,;cubano;Cubana;vp.;1903_11_11;Pto. Cabello
Día 8:;;;;;;De Gulfport, en 8 dias bca. uruguaya Marfa,;uruguaya;Marfa;bca.;1903_11_11;Gulfport
Día 16:;;;;;;De Calibarién, en 16 horas, vp. aim. Roland,;aim.;Roland;vp.;1903_11_11;Calibarién
Día 3½:;;;;;;De N. York, en 3½ días vp. americano México;americano;México;vp.;1903_11_11;N. York
Día 2:;;;;;;De Progreso, en 2 días vp. comp. ngo. Bergen, ca-;;Bergen;vp.;1903_11_11;Progreso
Día 7:;;;;;;De Brunswick, en 7 días bg. americado Bonny;americano;Bonny;bg.;1903_11_11;Brunswick
Día 6:;;;;;;De New York, en 6 dias vap. cubano Santiago;cubano;Santiago;vap.;1903_11_13;New York
Día 7:;;;;;;De Miami y Cayo Hueso en 7 horas vp. ameri-;ameri-;;vp.;1903_11_13;Miami y Cayo Hueso
Día 18:;;;;;;De Hamburgo y escalas en 18 dias vap. alemán;alemán;;vap.;1903_11_14;Hamburgo
Día 31:;;;;cap.;;De Rosario en 31 días vap. esp. Barotse, capi-;esp.;Barotse;vap.;1903_11_15;Rosario
Día 7:;;;;;;De Cayo Hueso en 7 horas vap. americano Oli-;americano;Oli-;vap.;1903_11_15;Cayo Hueso
Día 2:;;;;;;De Mobila en 2 días vap. cubano Mobila,;cubano;Mobila;vap.;1903_11_15;Mobila
Día 4:;;;;;;De Mobila en 4 días, lanchón cubano Número;cubano;Número;lanchón;1903_11_15;Mobila
Día 2½:;;;;;;De Nueva Orleans en 2½ días vapor de guerra;;de guerra;vapor;1903_11_16;Nueva Orleans
Día 2½:;;;;;;De Veracruz en 2½ días vap. franc. La Nor-;franc.;La Nor-;vap.;1903_11_16;Veracruz
Día —:;;;;cap.;;De Trieste en — días vap. aust. Jenney, capi-;aust.;Jenney;vap.;1903_11_16;Trieste
Día 4:;;;capitán;cap.;;De Tampico en 4 días vp. nog. Jason, capitán;;Jason;vp.;1903_11_16;Tampico
;;;;;;De Veracruz y escalas en 3½ días vap. ameri-;;ameri-;vap.;1903_11_16;Veracruz
Día 7:;null;N/A:  | N/A: ;Turner;cp.;01-01-1878;De Tampa y Cayo Hueso en 7 horas vap. americano Olivette, cp. Turner, tons. 1878, con carga correspondencia y 50 pasajeros, á Lawton Childs y Cp.;americano;Olivette;vap.;1903_11_17;Tampa y Cayo Hueso
Día 7:;;N/A:  | N/A:  | N/A: ;Turner;cp.;;De Tampa y Cayo Hueso en 7 horas vap. americano Olivette, cp. Turner, tons. 1878, con carga, correspondencia y 50 pasajeros, 4;americano;Olivette;vap.;1903_11_17;Tampa y Cayo Hueso
Día 18:;;N/A: ;Deving;cp.;;De Mobila y escalas en 18 días vap. nog. Iris, cp. Deving, tons. 1383, con carga general, á L. V. Placé.;nog.;Iris;vap.;1903_11_17;Mobila
Día 18:;;;;;;De Mobila y escalas en 18 días vap. nog. Iris,;nog.;Iris;vap.;1903_11_17;Mobila
Día 1:;;;;;;De Nuevitas, en 27 horas, vp. am. Curityba,;am.;Curityba;vp.;1903_11_18;Nuevitas
Día 4:;;;;;;De Nueva York, en 3½ días, vp. am. Morro;am.;Morro;vp.;1903_11_18;Nueva York
Día 6:;;;;cap.;;"De Norfolk; en 6 dias, vp. ing. Carisbrok, ca-";ing.;Carisbrok;vp.;1903_11_19;Norfolk
Día 2½:;;;;;;De Veracruz, en 2½ días, vp. esp. Alfonso XIII;esp.;Alfonso XIII;vp.;1903_11_19;Veracruz
Día 93:;;;;;;De Maricella y Baracoa, en 93 dias, bc. italiana;italiana;;bc.;1903_11_19;Maricella y Baracoa
Día 7:;;;;;;De Miami y Cayo Hueso, en 7 horas, vp. ame-;;;vp.;1903_11_19;Miami y Cayo Hueso
Día 18:;;;;cap.;;De Liverpool, en 18 días, vp. esp. Gracia, capi-;esp.;Gracia;vp.;1903_11_19;Liverpool
Día 14:;;;;;;De Cayo Hueso, en 14 horas, gol. Clara L.;;Clara L.;gol.;1903_11_19;Cayo Hueso
Día 5½:;;;capi-;cap.;;De Cartagena, en 5½ días, vp. ngo. Frí, capi-;;ngo. Frí;vp.;1903_11_19;Cartagena
Día 2½:;;;;ca-;;De Hamburgo, en 2½ días, vp. alm. Erna, ca-;;Erna;vp.;1903_11_19;Hamburgo
Día 5½:;;;;;;De Guanta en 5½ dias, vp. ital. Giuseppe Cor-;ital.;Giuseppe Cor-;vp.;1903_11_20;Guanta
Día 9:;;N/A:  | N/A: ;Petersen;cap.;;De Saine Pass, en 9 días, vp. am. Higgins, capitán Petersen, ton. 119, en lastre, trayendo 4 remolque el lanchón Gushem, con petróleo a S. A. L. & Power Co.;am.;Higgins;vp.;1903_11_20;Saine Pass
Día 6:;;;;;;De Nueva York en 6 dias vap. cubano Olinda,;cubano;Olinda;vap.;1903_11_20;Nueva York
;;N/A: ;Crisloffien;cap.;;cap. Crisloffien, tons. 431, con ganado á Car-;;;;1903_11_20;
Día 23:;;N/A: ;Hacksha;cp.;;De Cardiff, en 23 días, vp. holandés Dordrecht, cp. cp. Hacksha, ton. 2151, con carbón a Dirube y Varela.;holandés;Dordrecht;vp.;1903_11_20;Cardiff
Día 9:;;;;;;De Norfolk, en 9 días, gol. amer. J. C. Stran-;amer.;J. C. Stran-;gol.;1903_11_21;Norfolk
Día 7:;;N/A:  | N/A:  | N/A: ;Turner;cp.;;De Cayo Hueso, en 7 horas, vap. americano Olivette, cp. Turner, tnd.s. 1678, con carga, correspondientes y pasajeros.;americano;Olivette;vap.;1903_11_21;Cayo Hueso
Día 6½:;;;;;;De Filadelfia en 6½ días, vp. norg. Nordkap,;norg.;Nordkap;vp.;1903_11_21;Filadelfia
Día 6:;;;;;;De Norfolk en 6 días vap. ing. Tresco, tonelada-;ing.;Tresco;vap.;1903_11_21;Norfolk
Día 5:;;N/A:  | N/A: ;Arans;cap.;;De Cienfuegos, en 5 días, vap. español Ida, cap. Arans, tond.s. 3127, con carga de transito, & J. Balcells & Com.;español;Ida;vap.;1903_11_21;Cienfuegos
Día 28:;;N/A: ;Campstz;cap.;;De Hamburgo y escalas, en 28 días, vapor alemae Westphalia, cap. Campstz, toneladas 3095, con carga general á E. Heilbut.;alemae;Westphalia;vapor;1903_11_23;Hamburgo
Día 28:;;N/A: ;Campstz;cap.;;De Hamburgo y escalas, en 28 días, vapor alemán Westphalia, cap. Campstz, toneladas 3095, con carga general á E. Heibbut.;alemán;Westphalia;vapor;1903_11_23;Hamburgo
Día 3:;;N/A:  | N/A: ;;;;De Pasacoula, en 3 días gta. amer. Otis, toneladas 292, con madera á I. Plá y Comp.;amer.;Otis;gta.;1903_11_23;Pasacoula
Día 3:;;N/A:  | N/A: ;;;;De Pascagoula, en 3 días gta. amer. Otis, toneladas 292, con madera á I. Plá y Comp.;amer.;Otis;gta.;1903_11_23;Pascagoula
Día 2:;;N/A: ;Anderson;cap.;;De Theymonth, en 2 días gta. ing. In D. S., capitán Anderson, tnd.s. 202, con madera á la orden.;ing.;In D. S.;gta.;1903_11_23;Theymonth
Día 2:;;N/A: ;Anderson;cap.;;De Weymouth, en 2 días gta. ing. In D. S., capitán Anderson, tnd. 202, con madera á la orden.;ing.;In D. S.;gta.;1903_11_23;Weymouth
Día 25:;;N/A:  | N/A: ;Colsan;cp.;;De Tampico y escalas, en 25 días, vp. alemán Holstein, cp. Colsan. tnd.s. 1321 en lastre á E. Heilbut.;alemán;Holstein;vp.;1903_11_23;Tampico
Día 25:;;N/A:  | N/A: ;Colsan;cp.;;De Tampico y escalas, en 25 días, vp. alemán Holste, cp. Colsan. tnd. 1321 en lastre á E. Heibbut.;alemán;Holste;vp.;1903_11_23;Tampico
Día 4:;;N/A:  | N/A: ;Johnson;cap.;;De Mobila, en 3½ días, vp. ngo. Dobgforg, cap. Johnson, tond.s. 635, con carga y ganancia, á L. V. Placé.;;ngo. Dobgforg;vp.;1903_11_23;Mobila
Día 3:;;N/A:  | N/A: ;Johnsons;cap.;;De Mobila, en 3¼ días, vp. ngo. Dogbfor, cap. Johnsons, tonds. 685, con carga y ganado, á L. V. Placé.;;ngo. Dogbfor;vp.;1903_11_23;Mobila
Día 8:;null;N/A: ;Gortey;cap.;null;De Pto. Cabello, en 8 días vp. alemán Andes, cap. Gortey, tonds. 1869, con ganado á E. Heibbut.;alemán;Andes;vp.;1903_11_23;Pto. Cabello
Día 38:;;N/A: ;Decoustre;cp.;;De Londres y escalas, con 38 días, vapor inglés Montgomery, cp. Decoustre, tnd. 3471, con carga á Dussag y Gohier.;inglés;Montgomery;vapor;1903_11_23;Londres
Día 8:;null;N/A:  | N/A: ;Gortey;cap.;null;De Pto. Cabello, en 8 días vp. alemán Andes, cap. Gortey, tond.s. 1809, con ganado á E. Heilbut.;alemán;Andes;vp.;1903_11_23;Pto. Cabello
Día 4:;;N/A:  | N/A: ;Rogers;cp.;;De N. York, en 4 días vap. amer. Esperanza, cp. Rogers, tnd. 4702, con carga y 120 pasajeros, á Zaldo y Comp.;amer.;Esperanza;vap.;1903_11_23;N. York
Día 38:;;N/A: ;Decoustre;cp.;;De Londres y escalas, con 38 días, vapor inglés Montgomery, cp. Decoustre, tnd.s. 3471, con carga á Dussag y Gohier.;inglés;Montgomery;vapor;1903_11_23;Londres
Día 3½:;;N/A: ;Irrine;cap.;;De Tampico en 3½ días, vp. amer. Seneca, cap. Irrine, tnd. 2729, con ganado á Zaldo y Comp.;amer.;Seneca;vp.;1903_11_23;Tampico
Día 5:;;N/A: ;Gunderson;cap.;;De Panzacola, en 5 días, gta. amer. Olga, capitán Gunderson, tonds. 308, con madera á R. Pérez Santa Marina.;amer.;Olga;gta.;1903_11_23;Panzacola
Día 4:;;N/A:  | N/A: ;Rogers;cp.;;De N. York, en 4 días vap. amer. Esperanza, cp. Rogers, tnd.s. 4702, con carga y 120 pasajeros, á Zaldo y Comp.;amer.;Esperanza;vap.;1903_11_23;N. York
Día 4:;;N/A:  | N/A: ;Irriñe;cap.;;De Tampico en 3½ días, vp. amer. Seneca, cap. Irriñe, tnd.s. 2729, con ganado á Zaldo y Comp.;amer.;Seneca;vp.;1903_11_23;Tampico
Día 5:;;N/A:  | N/A: ;Gunderson;cap.;;De Panzacola, en 5 días, gta. amer. Olga, capitán Gunderson, tond.s. 308, con madera á R. Pérez Senta. Marina.;amer.;Olga;gta.;1903_11_23;Panzacola
Día 10:;;N/A: ;Curry;cap.;;De Tampico, en 10 días gta. amr. Lady Shea, capitán Curry, tns. 151, con madera, á A. Mendoza y Cp.;amr.;Lady Shea;gta.;1903_11_24;Tampico
Día 7:;;N/A:  | N/A: ;Fúiner;cap.;;De Cayo Hueso, en 7 horas, vap. amer. Olivete, cap. Fúiner, tnd.s. 1678, con carga y 52 pasajeros, a G. Lawton, Childs y Comp.;amer.;Olivete;vap.;1903_11_24;Cayo Hueso
Día 9:;;N/A:  | N/A:  | N/A: ;Albert;cap.;;De Pasacoula, en 9 días, bca. ing. Mable, capitán Albert, tons. 403, con madera á I. Pá y Cp.;ing.;Mable;bca.;1903_11_24;Pasacoula
Día 5½:;;N/A:  | N/A: ;Smith;cap.;;De Guanta, en 5½ días vp. cub. Paloma, capitán Smith, tnd.s. 2169, con ganado a L. V. Placc.;cub.;Paloma;vp.;1903_11_24;Guanta
Día 6:;;N/A:  | N/A: ;Jameson;cap.;;De Pto. Cabello, en 6 días, vap. cub. Cubana, cap. Jameson, tnd.s. 2031, con ganado a L. V. Placc.;cub.;Cubana;vap.;1903_11_24;Pto. Cabello
Día 1:;;N/A: ;Sweeling;cap.;;De Cayo Hueso, en 1 día gol. amr. Mount Vernon, cap. Sweeling, tons. 49, con pesado salado á Bengooche Hno.;amr.;Mount Vernon;gol.;1903_11_24;Cayo Hueso
Día 4½:;;N/A: ;Dean;cap.;;Do Cartagena, en 4½ días, vap. inglés Electrician, cap. Dean, tnd.s. 2924, con ganado a J. G. Rodríguez.;inglés;Electrician;vap.;1903_11_24;Cartagena
Día 2½:;;N/A:  | N/A: ;Hoper;cp.;;De Nueva Orleans, en 2½ días vapor americano Louisiana, cp. Hoper, tons. 2848, con carga y pasajeros, á Galbán y Comp.;americano;Louisiana;vapor;1903_11_24;Nueva Orleans
Día 4:;;;;;;De Veracruz y escalas, en 4 días, vp. amr. Vi-;amr.;Vi-;vp.;1903_11_25;Veracruz
Día 30:;;N/A:  | N/A: ;Goicochea;cap.;;De Liverpool, en 30 días vap. español Gaditano, cap. Goicochea, tnd.s. 2554, con carga general y 213 pasajeros a H. Astorgui.;español;Gaditano;vap.;1903_11_25;Liverpool
Día 3½:;;N/A:  | N/A: ;Stevens;cap.;;De N. York, en 3½ días vap. amer. México, cap. Stevens, tnd.s. 5667, con carga y 59 pasajeros a Zaldo y Comp.;amer.;México;vap.;1903_11_25;N. York
Día 11:;;;;;;De Manzanillo, en 11 días: bea. noruega Her-;noruega;Her-;bea.;1903_11_26;Manzanillo
Día 6½:;;N/A: ;Mareussen;cap.;;De Filadelfia en 6½ días, vapor norg. Frey, cap. Mareussen, tons. 3015, con carbón, á Luis V. Placé.;norg.;Frey;vapor;1903_11_26;Filadelfia
Día 17:;;;;;;De Pasajes y escalas, en 17 días, vap. esp. On-;esp.;On-;vap.;1903_11_27;Pasajes
;;N/A: ;Tribis;cap.;;ton, cap. Tribis, tons. 2810, con carga y 23;;;;1903_11_27;
Día 31:;;;;;;De Barcelona y escalas en 31 días, vap. espa-;espa-;;vap.;1903_11_27;Barcelona
Día 7:;;N/A:  | N/A:  | N/A: ;Turner;ep.;;De Tampa y Cayo Hueso, en 7 horas vap. americano Olivette, ep. Turner, tons. 1677, con carga general, la correspondencia y 50 pasajeros, á G. Lawton, Childs y Cp.;americano;Olivette;vap.;1903_11_28;Tampa y Cayo Hueso
Día 5:;;;;capi-;;De Tampico, en 5 días, vp. ngo. Bergen, capi-;;ngo. Bergen;vp.;1903_12_01;Tampico
Día 3:;;;Lar-;cp.;;De Mobila, en 3 días, vp. ngo. Hujn, cp. Lar-;;ngo. Hujn;vp.;1903_12_01;Mobila
Día 3:;;;;;;De Veracruz, en 3 días, vp. esp. Cataluña, ca-;esp.;Cataluña;vp.;1903_12_01;Veracruz
Día 2:;;;;;;De Cayo Hueso, en 2 días, gol. am. Mount;am.;Mount;gol.;1903_12_01;Cayo Hueso
Día 9:;;;;;;De Nueva York, en 8½ dfas, vp. am. Havana,;am.;Havana;vp.;1903_12_01;Nueva York
Día 7:;;;;;;De Tampa y C. Hueso, en 7 horas, vp. am. Oll-;am.;Oll-;vp.;1903_12_01;Tampa y C. Hueso
Día 8½:;;;itan;cap.;;De Galveston, en 8½ días, vp. ng. Uly, capitan;ng.;Uly;vp.;1903_12_01;Galveston
Día 2½:;;;;;;De Veracruz, en 2½ días, vp. alm. Prinz Joa-;;alm. Prinz Joa-;vp.;1903_12_01;Veracruz
Día 2:;;;;;;De Nordenseu, 2 días, vap. amer. Louisiana,;amer.;Louisiana;vap.;1903_12_01;Nordenseu
Día 5:;;;;;;De Veracruz y escalas, en 5 días, vp. am. Ori-;am.;Ori-;vp.;1903_12_01;Veracruz
Día 1:;;;;;;De C. Hueso, en 1 día, gta. amer. A. F. Merrill;amer.;A. F. Merrill;gta.;1903_12_01;C. Hueso
Día 10:;;;;;;De Bilbao y esc, en 10 días, vp. esp. Alfonso;esp.;Alfonso;vp.;1903_12_01;Bilbao
Día 3:;;;;;;De Tampico, en 3 días, vap. amer. Niágara,;amer.;Niágara;vap.;1903_12_01;Tampico
Día 2¼:;;;;;;De Santiago de Cuba, en 2¼ vp. am. cub. Yu-;am.;cub. Yu-;vp.;1903_12_02;Santiago de Cuba
Día 9:;;;;;;De Halifax, (N. E.) en 9 días, vp. ngo. Trari-;;Trari;vp.;1903_12_03;Halifax
Día 28:;;;;;;De Génova y escalas en 28 días vp. esp. Buenos;esp.;Buenos;vp.;1903_12_03;Génova
Día 4:;;;;;;De Nueva York, en 3½ días, vp. am. Morro;am.;Morro;vp.;1903_12_03;Nueva York
;;;Whi-;cp.;;De Miami y C. Hueso, vp. am. Miami, cp. Whi-;am.;Miami;vp.;1903_12_03;Miami y C. Hueso
Día 6:;;;;;;De Caragiana, en 6 días, vp. ing. Jamaican,;ing.;Jamaican;vp.;1903_12_03;Caragiana
Día 6½:;;;;;;De Norfolk, en 6½ días vp. inglés Camperdarn;inglés;Camperdarn;vp.;1903_12_03;Norfolk
Día 8:;;;;cap.;;De Matanzas, en 8 horas vp. cub. Olinda, capi-;cub.;Olinda;vp.;1903_12_03;Matanzas
Día 4½:;;;;;;De New York en 4½ días vap. cub. Curityba,;cub.;Curityba;vap.;1903_12_03;New York
Día 12:;;N/A:  | N/A: ;Perdigeon;cap.;;De Saint Nazaire, Santander y Coruña, en 12 dias vap. franc. La Navarre, cap. Perdigeon, tons. 6950, con carga general y 623 pasajeros, á Bridat, Mont' Ros y Cp.;franc.;La Navarre;vap.;1903_12_04;Saint Nazaire, Santander y Coruña
Día 9:;;N/A: ;Marshall;cap.;;De Filadelfia en 9 dias vap. ing. Cape Conino, cap. Marshall, tons. 2.599, con carbón, á Luis V. Placé.;ing.;Cape Conino;vap.;1903_12_04;Filadelfia
Día 1:;;N/A: ;Riegen;cap.;;De Caibarién en 1 día vap. alem. Mainz, capitán Riegen, tons. 3204, con carga de tránsito, á Schwab y Tillmann;alem.;Mainz;vap.;1903_12_04;Caibarién
;;;;cap.;;De Tampa y C. Hueso, vp. am. Olivette, capi-;am.;Olivette;vp.;1903_12_05;Tampa y C. Hueso
Día 20:;;;;;;De Liverpool, en 20 días, vp. ing. Domingo de;ing.;Domingo de;vp.;1903_12_05;Liverpool
Día 7:;;N/A:  | N/A: ;Evan;cp.;;De Filadelfia, en 7 dias, vp. ing. Atheniana, cp. Evan, ton. 2300, con carbón y maquinaria á Dirube y Varela.;ing.;Atheniana;vp.;1903_12_08;Filadelfia
Día 1:;;N/A: ;Sovietañan;cp.;;De Cayo Hueso, en 1 dia, gol. am. Mount Vernon, cp. Sovietañan, ton. 48, con pesca- a J. R. Bengoea.;am.;Mount Vernon;gol.;1903_12_08;Cayo Hueso
Día 2½:;;N/A:  | N/A: ;L. V. Placé;cap.;;De Mobila, en 2½ dias, vp. ngo. Malm, capitán L. V. Placé, ton. 1433, con carga y ganado á Salvesen.;;ngo. Malm;vp.;1903_12_08;Mobila
Día 5:;;N/A:  | N/A: ;Knight;cp.;;De Nueva York, en 4½ dias, vp. am. Vigilancia, cp. Knight, ton. 4115, con carga general y 94 pasajeros a Zaido y Cp.;am.;Vigilancia;vp.;1903_12_08;Nueva York
Día 4:;;N/A:  | N/A: ;Rogers;cp.;;De Veracruz y escalas, en 4 dias, vp. am. Esperanza, cp. Rogers, ton. 4702, con carga y 78 salvajeros á Zaldo y Cp.;am.;Esperanza;vp.;1903_12_08;Veracruz
Día 30:;;N/A:  | N/A: ;Mas;cp.;;De Barcelona, en 30 dias, vp. esp. Miguel Gailat, cp. Mas, ton. 3254, con carga general y 285 pasajeros a C. Blanch y Cp.;esp.;Miguel Gailat;vp.;1903_12_08;Barcelona
Día 11:;;N/A: ;Utne;cap.;;De Halifax, en 11 dias, vp. ngo. Veritas, capitán Utne, ton. 1090, con carga á G. Eawton Childs y Cp.;;Veritas;vp.;1903_12_08;Halifax
Día 7:;;N/A:  | N/A:  | N/A: ;Turner;cp.;;De Tampa y Cayo Hueso, en 7 horas, vp. am. Olivette, cp. Turner, ton. 1878, con carga general, correspondencia y 67 pasajeros a G. Lawton Chilfs y Cp.;am.;Olivette;vp.;1903_12_08;Tampa y Cayo Hueso
Día 7:;;N/A: ;Dillon;cp.;;De Cayo Hueso, en 7 horas, vp. am. Martínez, cp. Dillon, ton. 996, á G. Lawton Childs y Cp.;am.;Martínez;vp.;1903_12_08;Cayo Hueso
Día 2:;;N/A:  | N/A: ;Hppner;ton.;;De Nueva Orleans, en 2 dias, vp. am. Louisiana, Hppner, ton. 3849, con carga general y 80 pasajeros a Galbán y Cp.;am.;Louisiana;vp.;1903_12_08;Nueva Orleans
Día 11:;;N/A: ;H. W. Lewis;ep.;;De Brunswick, en 11 dias, gol. ing. H. W. Lewis, ep. Dukestar, ton. 304, con madera á C. Reyda.;ing.;Dukestar;gol.;1903_12_08;Brunswick
;;N/A:  | N/A: ;Zachariae;cp.;;De Bremen y esc. vp. alm. Coblenz, cp. Zachariae, ton. 3169, con carga general y 533 pasajeros a Schwab y Tillmann.;;Coblenz;esc.;1903_12_08;Bremen
Día 7:;;N/A: ;Hausen;cap.;;De Filadelfia, en 7 dias, vp. ngo. Falco, capitán Hausen, ton. 2159, con carbón a Barrios y Coello.;;ngo. Falco;vp.;1903_12_08;Filadelfia
Día 3½:;;;;cap.;;De Guanta, en 3½ dias, vp. cub. Paloma, capi-;cub.;Paloma;vp.;1903_12_10;Guanta
Día 7:;;;;;;De Miami y Cayo Hueso, en 7 horas, vp. am.;am.;;vp.;1903_12_10;Miami y Cayo Hueso
Día 7:;;;;;;De Matanzas, en 7 horas vp. italiano Giuseppe;italiano;Giuseppe;vp.;1903_12_10;Matanzas
Día 7:;;;;;;De Tampa y Cayo Hueso, en 7 horas, vapor;;;vapor;1903_12_12;Tampa y Cayo Hueso
Día 8:;;;De-;cp.;;De Mobile, en 8 días, vap. norg. Iris, cp. De-;norg.;Iris;vap.;1903_12_12;Mobile
;;;Montgomery;cp.;;De Halifax, (N. E.) crucero inglés Caribbe, cp. Montgomery, ton. 4360, al Consul.;inglés;Caribbe;crucero;1903_12_13;Halifax
Día 2½:;;;;;;De Port-au-Prince (Haiti) en 2½ días crucero;;;crucero;1903_12_14;Port-au-Prince (Haiti)
;;N/A: ;Lacoste;cap.;;de guerra holandés de Ruyter, cap. Lacoste, tons. 5.000, al Cónsul.;holandés;Ruyter;guerra;1903_12_14;
Día 3:;;;;cap.;;De Mobila, en 3 días, vap. norg. Transit, cap.;norg.;Transit;vap.;1903_12_14;Mobila
Día 6:;;;;;;De Norfolk (Virginia) en 6 días vap. ing. Rus-;ing.;Rus-;vap.;1903_12_14;Norfolk (Virginia)
;;N/A: ;Nichols;cap.;;tington, cap. Nichols, tons. 2185, con;;;;1903_12_14;
Día 3½:;;;;;;De New York en 3½ días vap. amer. Mont-;amer.;Mont-;vap.;1903_12_14;New York
;;N/A: ;Smith;cap.;;erey, cap. Smith, tons. 4702, con carga y 45;;;;1903_12_14;
Día 4:;;;;;;De Veracruz y escalas en 4 días vap. america-;;america-;vap.;1903_12_14;Veracruz
;;N/A: ;Rdenon;cap.;;no Havana, cap. Rdenon, tons. 5887, con;;;;1903_12_14;
Día 22:;;;;;;De Bridgwater, en 22 días, gta. inglesa E. M.;inglesa;E. M.;gta.;1903_12_15;Bridgwater
Día 2:;;;;;;De Nueva Orleans, en 2 dias, vp. am. Louisiana;am.;Louisiana;vp.;1903_12_15;Nueva Orleans
Día 24:;;;;;;De Meteghan en 24 días, gta. inglesa Albert;inglesa;Albert;gta.;1903_12_15;Meteghan
Día 7:;;;;;;De Tampa y Cayo Hueso en 7 horas, vp. ame-;;;vp.;1903_12_15;Tampa y Cayo Hueso
Día 2:;;;;;;De Veracruz en 2 días, v.p. francés La Nava-;francés;La Nava;v.p.;1903_12_15;Veracruz
;;N/A: ;Turner;cap.;;ricano Olivette, cap. Turner, tons. 1678,;;Olivette;;1903_12_15;
Día 1:;;;;;;De Cayo Hueso, en 1 día, gol. am. Mount Ver-;am.;Mount Ver-;gol.;1903_12_15;Cayo Hueso
Día 3:;;;;;;De Cartagena, en 3 dias, vp. ting. Barbadian,;Barbadian;;vp.;1903_12_15;Cartagena
Día 20:;;;;;;De Filadelfia, en 20 días, gol. amr. Heury Lip-;amr.;Heury Lip-;gol.;1903_12_15;Filadelfia
Día 16:;;;;;;"De Caibarién, en 16 horas, vp. cub. Curí; yba,";cub.;Curí;vp.;1903_12_17;Caibarién
Día 25:;;;;;;De Génova y escalas, en 25 días, vp. esp. Mont-;esp.;Mont-;vp.;1903_12_17;Génova
Día 3:;;;;;;De Tampa, en 3 días, gol. am. Elsie A. Bayles;am.;Elsie A. Bayles;gol.;1903_12_17;Tampa
Día 5:;;;;;;"De Nueva York, en 4½ dias, vp. am. Olinda;";am.;Olinda;vp.;1903_12_19;Nueva York
Día 13:;;;;;;De Nueva York y escalas, en 13 dias, vp. cuba-;;cuba-;vp.;1903_12_19;Nueva York
Día 5:;;N/A: ;Peterson;cp.;;De Coatzacoalcos, en 4½ días, vp. ngo. Ellida, cp. Peterson, ton. 1124, con ganado á Luis V. Placé.;;Ellida;vp.;1903_12_19;Coatzacoalcos
Día 29:;;N/A:  | N/A: ;Pérez;cp.;;De Barcelona y escalas, en 29 días, vp. español Martín Saenz, cp. Pérez, ton. 2154, con carga y 169 sajeros y Marcos y Hno.;español;Martín Saenz;vp.;1903_12_19;Barcelona
Día 12:;;N/A: ;Vail;cap.;;De Baltimore en 12 días gol. amr. James Percé, cap. Vail, tons. 1660, con carbón, á la orden.;amr.;James Percé;gol.;1903_12_19;Baltimore
Día 21:;;N/A: ;Delap;cap.;;De Port Williams en 21 días, gol. amr. Omega, cap. Delap, tons. 231, con papas, á la orden.;amr.;Omega;gol.;1903_12_19;Port Williams
Día 2:;;;;cap.;;De Mobila, en 2 días, vp. cubano Mobila, capi-;cubano;Mobila;vp.;1903_12_20;Mobila
Día 2½:;;;;;;De Veracruz, en 2½ días, vap. esp. Alfonso;esp.;Alfonso;vap.;1903_12_20;Veracruz
Día 4½:;;;;;;De Vera Cortés, en 4½ días vp. ngo. Folsjo,;ngo.;Folsjo;vp.;1903_12_20;Vera Cortés
;;;;cap.;;De Cayo Hueso, gol. am. Doctor Lykes, capi-;am.;Doctor Lykes;gol.;1903_12_20;Cayo Hueso
Día 1:;;;;cp.;;De Cárdenas, en 17 horas, vp. ngo. Vídar, cp.;;ngo. Vídar;vp.;1903_12_20;Cárdenas
Día 7:;;;;;;De Tampa y Cayo Hueso, en 7 horas, vp. am.;am.;;vp.;1903_12_20;Tampa y Cayo Hueso
Día 19:;;;;;;De Filadelfia en 19 días gol. amr. Viatar, ca-;amr.;Viatar;gol.;1903_12_20;Filadelfia
Día 6½:;;;;;;De Cartagena, en 6½ días, vapor ngo. Bergen,;;ngo. Bergen;vapor;1903_12_20;Cartagena
Día 18:;;N/A: ;Gould;cp.;;De Montport, en 18 dias, gol. ing. Strathcena, cp. Gould, ton. 283, con madera à la orden.;ing.;Strathcena;gol.;1903_12_21;Montport
Día 3½:;;N/A:  | N/A: ;Rogers;cp.;;De Nueva York, en 3½ días, vp. am. Esperanza, cp. Rogers, ton. 4702, con carga y pasajeros á Saldo y Cp.;am.;Esperanza;vp.;1903_12_21;Nueva York
Día 7:;;N/A: ;Stawall;cp.;;De Filadelfia, en 7 dias, vp. ing. Pandiasia, cp. Stawall, ton. 3325, con carbón à Luis V. Piacé.;ing.;Pandiasia;vp.;1903_12_21;Filadelfia
;;N/A:  | N/A: ;White;cp.;;De Miami, vp. am. Miami, cp. White, ton. 1741 con carga y pasajeros á G. Lawton, Childs y Comp.;am.;Miami;vp.;1903_12_21;Miami
Día 1:;;N/A:  | N/A: ;Sweeting;cp.;;De Cayo Hueso, en 1 dia. gol. am. Mount Vernon, cp. Sweeting, ton. 49, & J. R. Bengochea.;am.;Mount Vernon;gol.;1903_12_21;Cayo Hueso
Día 10:;;N/A: ;Bagger;cap.;;De Cádiz, en 10 horas, vp. danés Nardy, capitán Bagger, ton. 3815, con azúcar de tránsito á L. V. Plaés.;danés;Nardy;vp.;1903_12_21;Cádiz
Día 24:;;N/A: ;Schininghammer;cp.;;De Hamburgo y escalas, en 24 dias, vp. alemán Schnaumburg, cp. Schininghammer, toneladas 3389, con carga à E. Heilbuq.;alemán;Schnaumburg;vp.;1903_12_21;Hamburgo
Día 4:;;N/A:  | N/A: ;Knight;cp.;;De Veracruz á escala, en 4 días, vp. am. Vigilancia, cp. Knight, ton. 4115, con carga y pasajeros á Zaldo y Cp.;am.;Vigilancia;vp.;1903_12_21;Veracruz
Día 16:;;N/A: ;L. V. Plaés;cap.;;De Filadelfia, en 16 días, gol. am. James Jordan, con petróleo á L. V. Plaés.;am.;James Jordan;gol.;1903_12_21;Filadelfia
Día 3:;;;;;;De Tampa, en 3 dias, gol. am. Hewy Crosby,;am.;Hewy Crosby;gol.;1903_12_22;Tampa
Día 3:;;N/A:  | N/A: ;Dambrewski;cp.;;De Kingston (Jamaica) en 3 días fragata alemana de guerra de la Sms Stein, cp. Dambrewski, ton. 1905, al Consul.;alemana;Sms Stein;fragata;1903_12_22;Kingston (Jamaica)
Día 2:;;N/A:  | N/A:  | N/A:  | N/A: ;Hopner;cp.;;De Nueva Orleans, en 2 días, vp. jam. Louisiana, cp. Hopner, ton. 2849, con carga y 48 pasajeros & Galban y Cp.;jam.;Louisiana;vp.;1903_12_22;Nueva Orleans
;;N/A:  | N/A: ;Caullell;cap.;;De Buenos Aires y escalas, vp. ing. Etona, capitán Caullell, ton. 2573, con carga general y 3 pasajeros & J. Balcells y Cp.;ing.;Etona;vp.;1903_12_22;Buenos Aires
Día 7:;;N/A:  | N/A: ;Turner;cp.;;De Tampa y Cayo Hueso, en 7 días, vp. americano Olivette, cp. Turner, ton. 1678, con carga y 397 pasajeros & G. Lawton, Childs y Comp.;americano;Olivette;vp.;1903_12_22;Tampa y Cayo Hueso
Día 4:;;N/A:  | N/A: ;Stevens;cp.;;De Nueva York, en 3½ días, vp. am. México, cp. Stevens, ton. 5667, con carga y 109 pasajeros á Zaldo y Cp.;am.;México;vp.;1903_12_24;Nueva York
;;N/A: ;Zacovich;cap.;;De Trieste y escalas, vp. austríaco Lucía, capitán Zacovich, ton. 2265, con carga general á A. Ibern y Hno.;austríaco;Lucía;vp.;1903_12_24;Trieste
Día 17:;;N/A: ;Longmire;cp.;;De St John, N. B. en 17 días, gol. am. Georgia, cp. Longmire, ton. 350, con pepas á la or.;am.;Georgia;gol.;1903_12_24;St John, N. B.
Día 15:;;N/A: ;Le-cain;cp.;;De Canning, en 15 días, gol. ing. Zeta, cp. Le-cain, ton. 312, con papas á M. Lopez.;ing.;Zeta;gol.;1903_12_24;Canning
Día 3:;;N/A:  | N/A: ;Lawe ton.;cp.;;De Tampa, en 3 días, gol. am. A. J. Merrill, cp. Lawe ton. 91 con madera á J. Mendoza.;am.;A. J. Merrill;gol.;1903_12_24;Tampa
Día 5:;;;;;;De Tampico en 4½ dias, vap. norg. Opland,;norg.;Opland;vap.;1903_12_25;Tampico
Día 3:;;;;;;De Mobila en 3 dias gol. ing. Margaret May;ing.;Margaret May;gol.;1903_12_25;Mobila
;;N/A: ;Berry;cap.;;Riley, cap. Berry, tons. 267, con madera, á;;;;1903_12_25;
Día 1:;;;Han-;cp.;;De Cárdenas, en 1 día, vp. ngo. Alf, cp. Han-;;ngo. Alf;vp.;1903_12_26;Cárdenas
Día 19:;;;;;;De Miami, en 19 horas, vp. am. Martínique,;am.;Martínique;vp.;1903_12_26;Miami
Día 5:;;;;;;De Pascagoula, en 5 días, gol. am. Kate Febru-;am.;Kate Febru;gol.;1903_12_26;Pascagoula
Día 1:;;;;;;De Cárdenas, on 1 día, vp. ing. Atheimana,;ing.;Atheimana;vp.;1903_12_26;Cárdenas
Día 6½:;;;Ja-;cp.;;De Guanta, en 6½ días, vp. ngo. Nord, cp. Ja-;;ngo. Nord;vp.;1903_12_26;Guanta
Día 6:;;;;cap.;;De Guanta, en 6 días, vp. cub. Paloma, capi-;cub.;Paloma;vp.;1903_12_26;Guanta
Día 2:;;;;cap.;;De Mobila, en 2 días, vp. cub. Mobila, capitán;cub.;Mobila;vp.;1903_12_26;Mobila
Día 3:;;;;;;De Manzanillo, en 3 días, vp. cub. Manzanillo,;cub.;Manzanillo;vp.;1903_12_26;Manzanillo
Día 5:;;;;cp.;;De Cartagena, en 5 días, vp. ing. Semator, cp.;ing.;Semator;vp.;1903_12_26;Cartagena
Día 1:;;;;cap.;;De Tampico en 1 días vap. amr. Niágara, cap.;amr.;Niágara;vap.;1903_12_28;Tampico
Día 1½:;;;;;;De Nuevita, en 1½ días, vap. cubano Olinda,;cubano;Olinda;vap.;1903_12_28;Nuevita
Día 8½:;;;;;;De Filadelfia, en 8½ días, vp. ing. Aberfeldy,;ing.;Aberfeldy;vp.;1903_12_28;Filadelfia
;;N/A: ;;;;De Jenkins, ton. 2288, con carbón, á L.;;;ton.;1903_12_28;Jenkins
Día 70:;;;;;;De Barcelona y escalas en 70 días, bca. uru-;uru-;;bca.;1903_12_28;Barcelona
Día 32:;;;;;;De Liverpool y escalas en 32 días, esp. San-;esp.;San-;;1903_12_28;Liverpool
;;N/A: ;Egurola;cap.;;tanderno, cap. Egurola, tons. 3052, con;;tanderno;;1903_12_28;
Día 7:;;;;cap.;;De Guanta, en 7 días, vp. nrog. Ulv, capitán;;nrog. Ulv;vp.;1903_12_28;Guanta
Día 37:;;;;;;De Amberes, en 37 días y escalas en 37 días, vap. esp. Ota-;esp.;Ota;vap.;1903_12_28;Amberes
Día 1:;;;;;;De Cayo Hueso, en 1 día, gol. am. Mount Ver-;am.;Mount Ver-;gol.;1903_12_28;Cayo Hueso
;;N/A: ;Sweeting;cap.;;mon, cap. Sweeting, tons. 49, con ganado,;;;;1903_12_28;
Día 5½:;;;;;;De Tampico en 5½ día, vap. norg. Velund,;norg.;Velund;vap.;1903_12_28;Tampico
Día 1½:;;;;;;De Miami en 1½ día, vapor amr. Martinique,;amr.;Martinique;vapor;1903_12_28;Miami
Día 20:;;;;;;De Kingsport (N. E.), en 20 días goi. ing. Be-;ing.;Be-;goi;1903_12_28;Kingsport (N. E.)
Día 4:;;;;;;De Nueva York, en 4 días, vp. am. Havana,;am.;Havana;vp.;1903_12_29;Nueva York
Día 2:;;;;;;De Tampa, en 2 días, gol. ing. Lady Shea, ca-;ing.;Lady Shea;gol.;1903_12_29;Tampa
Día 3½:;;;;;;De New York en 3½ dias vasp. am. Morro Cas-;am.;Morro Cas-;vasp.;1903_12_30;New York
;;N/A: ;Downs;cap.;;tle, cap. Downs, tons. 0064, con carga y pa-;;;;1903_12_30;
Día 2:;;;;;;De Veracruz en 2 dias vap. esp. Montserrat,;esp.;Montserrat;vap.;1903_12_30;Veracruz
;;N/A:  | N/A: ;Lavín;cap.;;cap. Lavín, tons. 4068, con carga y pasaje-;;;;1903_12_30;
Día 6:;;;;;;De Veracruz y escalas en 6 dias vp. amr. Mon-;amr.;Mon-;vp.;1903_12_30;Veracruz
;;N/A: ;Smith;cap.;;terrey, cap. Smith, tons. 4,702, con carga y;;terrey;;1903_12_30;
Día 3½:;;;;ca-;;De Galveston, en 3½ dfas, vp. nrog. Uto, ca-;;nrog.;vp.;1903_12_30;Galveston
Día 1½:;;;;;;De Cárdenas, en 1½ dias vap. norg. Dagny,;norg.;Dagny;vap.;1903_12_30;Cárdenas
;;N/A: ;Abrahamsen;cap.;;cap. Abrahamsen, tons. 1401, con azúcar á;;;;1903_12_30;
Día 1:;;;;cap.;;De Caibarién, en 1 dia, vp. alm. Coblenz, capi-;;alm. Coblenz;vp.;1903_12_30;Caibarién
